country_code,country_name,indicator_code,indicator_name,year,value,unit,decimal
AFE,Africa Eastern and Southern,EG.IMP.CONS.ZS,"Energy imports, net (% of energy use)",2023,22.5559165278294,,0
AFE,Africa Eastern and Southern,EG.IMP.CONS.ZS,"Energy imports, net (% of energy use)",2022,-15.1947949493802,,0
AFE,Africa Eastern and Southern,EG.IMP.CONS.ZS,"Energy imports, net (% of energy use)",2021,-15.6231822077422,,0
AFE,Africa Eastern and Southern,EG.IMP.CONS.ZS,"Energy imports, net (% of energy use)",2020,-21.1770497566242,,0
AFE,Africa Eastern and Southern,EG.IMP.CONS.ZS,"Energy imports, net (% of energy use)",2019,-20.2538516134308,,0
AFE,Africa Eastern and Southern,EG.IMP.CONS.ZS,"Energy imports, net (% of energy use)",2018,-24.1880344780285,,0
AFE,Africa Eastern and Southern,EG.IMP.CONS.ZS,"Energy imports, net (% of energy use)",2017,-26.2180905463239,,0
AFE,Africa Eastern and Southern,EG.IMP.CONS.ZS,"Energy imports, net (% of energy use)",2016,-26.5308116082362,,0
AFE,Africa Eastern and Southern,EG.IMP.CONS.ZS,"Energy imports, net (% of energy use)",2015,-29.0932128746545,,0
AFE,Africa Eastern and Southern,EG.IMP.CONS.ZS,"Energy imports, net (% of energy use)",2014,-26.7678529638023,,0
AFE,Africa Eastern and Southern,EG.IMP.CONS.ZS,"Energy imports, net (% of energy use)",2013,-30.9381740811701,,0
AFE,Africa Eastern and Southern,EG.IMP.CONS.ZS,"Energy imports, net (% of energy use)",2012,-30.6939357165572,,0
AFE,Africa Eastern and Southern,EG.IMP.CONS.ZS,"Energy imports, net (% of energy use)",2011,-34.4587420521863,,0
AFE,Africa Eastern and Southern,EG.IMP.CONS.ZS,"Energy imports, net (% of energy use)",2010,-47.6306550618306,,0
AFE,Africa Eastern and Southern,EG.IMP.CONS.ZS,"Energy imports, net (% of energy use)",2009,-41.8729717003225,,0
AFE,Africa Eastern and Southern,EG.IMP.CONS.ZS,"Energy imports, net (% of energy use)",2008,-48.5908188685954,,0
AFE,Africa Eastern and Southern,EG.IMP.CONS.ZS,"Energy imports, net (% of energy use)",2007,-51.481341557416,,0
AFE,Africa Eastern and Southern,EG.IMP.CONS.ZS,"Energy imports, net (% of energy use)",2006,-48.6127651528268,,0
AFE,Africa Eastern and Southern,EG.IMP.CONS.ZS,"Energy imports, net (% of energy use)",2005,-46.0776653717923,,0
AFE,Africa Eastern and Southern,EG.IMP.CONS.ZS,"Energy imports, net (% of energy use)",2004,-37.8772386107313,,0
AFE,Africa Eastern and Southern,EG.IMP.CONS.ZS,"Energy imports, net (% of energy use)",2003,-38.5168322687859,,0
AFE,Africa Eastern and Southern,EG.IMP.CONS.ZS,"Energy imports, net (% of energy use)",2002,-43.3554638687428,,0
AFE,Africa Eastern and Southern,EG.IMP.CONS.ZS,"Energy imports, net (% of energy use)",2001,-36.6439410966545,,0
AFE,Africa Eastern and Southern,EG.IMP.CONS.ZS,"Energy imports, net (% of energy use)",2000,-36.0068077390275,,0
AFE,Africa Eastern and Southern,EG.IMP.CONS.ZS,"Energy imports, net (% of energy use)",1999,-27.8192433585404,,0
AFE,Africa Eastern and Southern,EG.IMP.CONS.ZS,"Energy imports, net (% of energy use)",1998,-26.1180943626659,,0
AFE,Africa Eastern and Southern,EG.IMP.CONS.ZS,"Energy imports, net (% of energy use)",1997,-25.0619245204167,,0
AFE,Africa Eastern and Southern,EG.IMP.CONS.ZS,"Energy imports, net (% of energy use)",1996,-23.1678196045448,,0
AFE,Africa Eastern and Southern,EG.IMP.CONS.ZS,"Energy imports, net (% of energy use)",1995,-23.3590710344726,,0
AFE,Africa Eastern and Southern,EG.IMP.CONS.ZS,"Energy imports, net (% of energy use)",1994,-22.6927482563634,,0
AFE,Africa Eastern and Southern,EG.IMP.CONS.ZS,"Energy imports, net (% of energy use)",1993,-22.3625644483541,,0
AFE,Africa Eastern and Southern,EG.IMP.CONS.ZS,"Energy imports, net (% of energy use)",1992,-23.7829271009906,,0
AFE,Africa Eastern and Southern,EG.IMP.CONS.ZS,"Energy imports, net (% of energy use)",1991,-21.2001988816138,,0
AFE,Africa Eastern and Southern,EG.IMP.CONS.ZS,"Energy imports, net (% of energy use)",1990,-21.4407693636742,,0
AFW,Africa Western and Central,EG.IMP.CONS.ZS,"Energy imports, net (% of energy use)",2022,-60.8465886513954,,0
AFW,Africa Western and Central,EG.IMP.CONS.ZS,"Energy imports, net (% of energy use)",2021,-71.2969748944733,,0
AFW,Africa Western and Central,EG.IMP.CONS.ZS,"Energy imports, net (% of energy use)",2020,-93.7072976717298,,0
AFW,Africa Western and Central,EG.IMP.CONS.ZS,"Energy imports, net (% of energy use)",2019,-114.97798412685,,0
AFW,Africa Western and Central,EG.IMP.CONS.ZS,"Energy imports, net (% of energy use)",2018,-128.012127197655,,0
AFW,Africa Western and Central,EG.IMP.CONS.ZS,"Energy imports, net (% of energy use)",2017,-122.080649437011,,0
AFW,Africa Western and Central,EG.IMP.CONS.ZS,"Energy imports, net (% of energy use)",2016,-114.575324375496,,0
AFW,Africa Western and Central,EG.IMP.CONS.ZS,"Energy imports, net (% of energy use)",2015,-144.428389776344,,0
AFW,Africa Western and Central,EG.IMP.CONS.ZS,"Energy imports, net (% of energy use)",2014,-135.52155747166,,0
AFW,Africa Western and Central,EG.IMP.CONS.ZS,"Energy imports, net (% of energy use)",2013,-136.885091141494,,0
AFW,Africa Western and Central,EG.IMP.CONS.ZS,"Energy imports, net (% of energy use)",2012,-161.080126658059,,0
AFW,Africa Western and Central,EG.IMP.CONS.ZS,"Energy imports, net (% of energy use)",2011,-160.360116638306,,0
AFW,Africa Western and Central,EG.IMP.CONS.ZS,"Energy imports, net (% of energy use)",2010,-174.229230520199,,0
AFW,Africa Western and Central,EG.IMP.CONS.ZS,"Energy imports, net (% of energy use)",2009,-190.499830357127,,0
AFW,Africa Western and Central,EG.IMP.CONS.ZS,"Energy imports, net (% of energy use)",2008,-190.53180139221,,0
AFW,Africa Western and Central,EG.IMP.CONS.ZS,"Energy imports, net (% of energy use)",2007,-210.330197327463,,0
AFW,Africa Western and Central,EG.IMP.CONS.ZS,"Energy imports, net (% of energy use)",2006,-216.803408888279,,0
AFW,Africa Western and Central,EG.IMP.CONS.ZS,"Energy imports, net (% of energy use)",2005,-214.805959763554,,0
AFW,Africa Western and Central,EG.IMP.CONS.ZS,"Energy imports, net (% of energy use)",2004,-232.209498707588,,0
AFW,Africa Western and Central,EG.IMP.CONS.ZS,"Energy imports, net (% of energy use)",2003,-213.322416230615,,0
AFW,Africa Western and Central,EG.IMP.CONS.ZS,"Energy imports, net (% of energy use)",2002,-194.638178890744,,0
AFW,Africa Western and Central,EG.IMP.CONS.ZS,"Energy imports, net (% of energy use)",2001,-226.293824804376,,0
AFW,Africa Western and Central,EG.IMP.CONS.ZS,"Energy imports, net (% of energy use)",2000,-226.602650202688,,0
AFW,Africa Western and Central,EG.IMP.CONS.ZS,"Energy imports, net (% of energy use)",1999,-217.230091254068,,0
AFW,Africa Western and Central,EG.IMP.CONS.ZS,"Energy imports, net (% of energy use)",1998,-226.824558718708,,0
AFW,Africa Western and Central,EG.IMP.CONS.ZS,"Energy imports, net (% of energy use)",1997,-246.177963275427,,0
AFW,Africa Western and Central,EG.IMP.CONS.ZS,"Energy imports, net (% of energy use)",1996,-237.123343039322,,0
AFW,Africa Western and Central,EG.IMP.CONS.ZS,"Energy imports, net (% of energy use)",1995,-231.159581180119,,0
AFW,Africa Western and Central,EG.IMP.CONS.ZS,"Energy imports, net (% of energy use)",1994,-229.26109809653,,0
AFW,Africa Western and Central,EG.IMP.CONS.ZS,"Energy imports, net (% of energy use)",1993,-211.304170000572,,0
AFW,Africa Western and Central,EG.IMP.CONS.ZS,"Energy imports, net (% of energy use)",1992,-208.788659466961,,0
AFW,Africa Western and Central,EG.IMP.CONS.ZS,"Energy imports, net (% of energy use)",1991,-213.492318197012,,0
AFW,Africa Western and Central,EG.IMP.CONS.ZS,"Energy imports, net (% of energy use)",1990,-214.692301242534,,0
ARB,Arab World,EG.IMP.CONS.ZS,"Energy imports, net (% of energy use)",2022,-150.383121563667,,0
ARB,Arab World,EG.IMP.CONS.ZS,"Energy imports, net (% of energy use)",2021,-145.156494225722,,0
ARB,Arab World,EG.IMP.CONS.ZS,"Energy imports, net (% of energy use)",2020,-149.302631545499,,0
ARB,Arab World,EG.IMP.CONS.ZS,"Energy imports, net (% of energy use)",2019,-158.313720421706,,0
ARB,Arab World,EG.IMP.CONS.ZS,"Energy imports, net (% of energy use)",2018,-161.58000274827,,0
ARB,Arab World,EG.IMP.CONS.ZS,"Energy imports, net (% of energy use)",2017,-155.761471186741,,0
ARB,Arab World,EG.IMP.CONS.ZS,"Energy imports, net (% of energy use)",2016,-166.709839520834,,0
ARB,Arab World,EG.IMP.CONS.ZS,"Energy imports, net (% of energy use)",2015,-158.688222538078,,0
ARB,Arab World,EG.IMP.CONS.ZS,"Energy imports, net (% of energy use)",2014,-157.46363693439,,0
ARB,Arab World,EG.IMP.CONS.ZS,"Energy imports, net (% of energy use)",2013,-174.149075179052,,0
ARB,Arab World,EG.IMP.CONS.ZS,"Energy imports, net (% of energy use)",2012,-184.982223811802,,0
ARB,Arab World,EG.IMP.CONS.ZS,"Energy imports, net (% of energy use)",2011,-181.507226366315,,0
ARB,Arab World,EG.IMP.CONS.ZS,"Energy imports, net (% of energy use)",2010,-177.255132368831,,0
ARB,Arab World,EG.IMP.CONS.ZS,"Energy imports, net (% of energy use)",2009,-180.178448496933,,0
ARB,Arab World,EG.IMP.CONS.ZS,"Energy imports, net (% of energy use)",2008,-196.292845743707,,0
ARB,Arab World,EG.IMP.CONS.ZS,"Energy imports, net (% of energy use)",2007,-202.636453892051,,0
ARB,Arab World,EG.IMP.CONS.ZS,"Energy imports, net (% of energy use)",2006,-216.736345655801,,0
ARB,Arab World,EG.IMP.CONS.ZS,"Energy imports, net (% of energy use)",2005,-231.852307982609,,0
ARB,Arab World,EG.IMP.CONS.ZS,"Energy imports, net (% of energy use)",2004,-255.748959103389,,0
ARB,Arab World,EG.IMP.CONS.ZS,"Energy imports, net (% of energy use)",2003,-236.281721695946,,0
ARB,Arab World,EG.IMP.CONS.ZS,"Energy imports, net (% of energy use)",2002,-228.636925491539,,0
ARB,Arab World,EG.IMP.CONS.ZS,"Energy imports, net (% of energy use)",2001,-255.840690660292,,0
ARB,Arab World,EG.IMP.CONS.ZS,"Energy imports, net (% of energy use)",2000,-287.096316360872,,0
ARB,Arab World,EG.IMP.CONS.ZS,"Energy imports, net (% of energy use)",1999,-281.038666012535,,0
ARB,Arab World,EG.IMP.CONS.ZS,"Energy imports, net (% of energy use)",1998,-301.089499846638,,0
ARB,Arab World,EG.IMP.CONS.ZS,"Energy imports, net (% of energy use)",1997,-286.647021114227,,0
ARB,Arab World,EG.IMP.CONS.ZS,"Energy imports, net (% of energy use)",1996,-281.267872236233,,0
ARB,Arab World,EG.IMP.CONS.ZS,"Energy imports, net (% of energy use)",1995,-294.534344338625,,0
ARB,Arab World,EG.IMP.CONS.ZS,"Energy imports, net (% of energy use)",1994,-295.837547246484,,0
ARB,Arab World,EG.IMP.CONS.ZS,"Energy imports, net (% of energy use)",1993,-309.187370733093,,0
ARB,Arab World,EG.IMP.CONS.ZS,"Energy imports, net (% of energy use)",1992,-315.661807893729,,0
ARB,Arab World,EG.IMP.CONS.ZS,"Energy imports, net (% of energy use)",1991,-325.337129553647,,0
ARB,Arab World,EG.IMP.CONS.ZS,"Energy imports, net (% of energy use)",1990,-348.333756113557,,0
CSS,Caribbean small states,EG.IMP.CONS.ZS,"Energy imports, net (% of energy use)",2022,-69.2483346659952,,0
CSS,Caribbean small states,EG.IMP.CONS.ZS,"Energy imports, net (% of energy use)",2021,-61.466503886901,,0
CSS,Caribbean small states,EG.IMP.CONS.ZS,"Energy imports, net (% of energy use)",2020,-90.8839636209943,,0
CSS,Caribbean small states,EG.IMP.CONS.ZS,"Energy imports, net (% of energy use)",2019,-93.399232680041,,0
CSS,Caribbean small states,EG.IMP.CONS.ZS,"Energy imports, net (% of energy use)",2018,-93.4541464870694,,0
CSS,Caribbean small states,EG.IMP.CONS.ZS,"Energy imports, net (% of energy use)",2017,-83.8014303539696,,0
CSS,Caribbean small states,EG.IMP.CONS.ZS,"Energy imports, net (% of energy use)",2016,-81.9826726459832,,0
CSS,Caribbean small states,EG.IMP.CONS.ZS,"Energy imports, net (% of energy use)",2015,-86.5766431692115,,0
CSS,Caribbean small states,EG.IMP.CONS.ZS,"Energy imports, net (% of energy use)",2014,-93.896188321908,,0
CSS,Caribbean small states,EG.IMP.CONS.ZS,"Energy imports, net (% of energy use)",2013,-97.7034001178409,,0
CSS,Caribbean small states,EG.IMP.CONS.ZS,"Energy imports, net (% of energy use)",2012,-99.6663193793443,,0
CSS,Caribbean small states,EG.IMP.CONS.ZS,"Energy imports, net (% of energy use)",2011,-97.4193578251322,,0
CSS,Caribbean small states,EG.IMP.CONS.ZS,"Energy imports, net (% of energy use)",2010,-108.642469303531,,0
CSS,Caribbean small states,EG.IMP.CONS.ZS,"Energy imports, net (% of energy use)",2009,-116.56534312532,,0
CSS,Caribbean small states,EG.IMP.CONS.ZS,"Energy imports, net (% of energy use)",2008,-113.681701750189,,0
CSS,Caribbean small states,EG.IMP.CONS.ZS,"Energy imports, net (% of energy use)",2007,-108.321858268901,,0
CSS,Caribbean small states,EG.IMP.CONS.ZS,"Energy imports, net (% of energy use)",2006,-116.99377113457,,0
CSS,Caribbean small states,EG.IMP.CONS.ZS,"Energy imports, net (% of energy use)",2005,-105.939260452733,,0
CSS,Caribbean small states,EG.IMP.CONS.ZS,"Energy imports, net (% of energy use)",2004,-121.734171132509,,0
CSS,Caribbean small states,EG.IMP.CONS.ZS,"Energy imports, net (% of energy use)",2003,-114.02456397159,,0
CSS,Caribbean small states,EG.IMP.CONS.ZS,"Energy imports, net (% of energy use)",2002,-84.6970830216907,,0
CSS,Caribbean small states,EG.IMP.CONS.ZS,"Energy imports, net (% of energy use)",2001,-70.7196272739509,,0
CSS,Caribbean small states,EG.IMP.CONS.ZS,"Energy imports, net (% of energy use)",2000,-81.4851589923018,,0
CSS,Caribbean small states,EG.IMP.CONS.ZS,"Energy imports, net (% of energy use)",1999,-68.8660816639163,,0
CSS,Caribbean small states,EG.IMP.CONS.ZS,"Energy imports, net (% of energy use)",1998,-69.0743446397378,,0
CSS,Caribbean small states,EG.IMP.CONS.ZS,"Energy imports, net (% of energy use)",1997,-65.7598298343654,,0
CSS,Caribbean small states,EG.IMP.CONS.ZS,"Energy imports, net (% of energy use)",1996,-69.8075330117429,,0
CSS,Caribbean small states,EG.IMP.CONS.ZS,"Energy imports, net (% of energy use)",1995,-103.840565246896,,0
CSS,Caribbean small states,EG.IMP.CONS.ZS,"Energy imports, net (% of energy use)",1994,-99.4955936920222,,0
CSS,Caribbean small states,EG.IMP.CONS.ZS,"Energy imports, net (% of energy use)",1993,-90.7420325751282,,0
CSS,Caribbean small states,EG.IMP.CONS.ZS,"Energy imports, net (% of energy use)",1992,-86.9061785899411,,0
CSS,Caribbean small states,EG.IMP.CONS.ZS,"Energy imports, net (% of energy use)",1991,-99.2564115940401,,0
CSS,Caribbean small states,EG.IMP.CONS.ZS,"Energy imports, net (% of energy use)",1990,-106.644518272425,,0
CEB,Central Europe and the Baltics,EG.IMP.CONS.ZS,"Energy imports, net (% of energy use)",2023,49.344686669506,,0
CEB,Central Europe and the Baltics,EG.IMP.CONS.ZS,"Energy imports, net (% of energy use)",2022,47.3797462333105,,0
CEB,Central Europe and the Baltics,EG.IMP.CONS.ZS,"Energy imports, net (% of energy use)",2021,42.4171554960147,,0
CEB,Central Europe and the Baltics,EG.IMP.CONS.ZS,"Energy imports, net (% of energy use)",2020,43.4001361701545,,0
CEB,Central Europe and the Baltics,EG.IMP.CONS.ZS,"Energy imports, net (% of energy use)",2019,47.4016514093791,,0
CEB,Central Europe and the Baltics,EG.IMP.CONS.ZS,"Energy imports, net (% of energy use)",2018,43.208542082853,,0
CEB,Central Europe and the Baltics,EG.IMP.CONS.ZS,"Energy imports, net (% of energy use)",2017,41.8613787618602,,0
CEB,Central Europe and the Baltics,EG.IMP.CONS.ZS,"Energy imports, net (% of energy use)",2016,37.0938614451492,,0
CEB,Central Europe and the Baltics,EG.IMP.CONS.ZS,"Energy imports, net (% of energy use)",2015,35.8774552566282,,0
CEB,Central Europe and the Baltics,EG.IMP.CONS.ZS,"Energy imports, net (% of energy use)",2014,35.3256694647444,,0
CEB,Central Europe and the Baltics,EG.IMP.CONS.ZS,"Energy imports, net (% of energy use)",2013,33.663686370798,,0
CEB,Central Europe and the Baltics,EG.IMP.CONS.ZS,"Energy imports, net (% of energy use)",2012,36.0553872725412,,0
CEB,Central Europe and the Baltics,EG.IMP.CONS.ZS,"Energy imports, net (% of energy use)",2011,37.4714239319946,,0
CEB,Central Europe and the Baltics,EG.IMP.CONS.ZS,"Energy imports, net (% of energy use)",2010,36.6709281438851,,0
CEB,Central Europe and the Baltics,EG.IMP.CONS.ZS,"Energy imports, net (% of energy use)",2009,37.4023647518829,,0
CEB,Central Europe and the Baltics,EG.IMP.CONS.ZS,"Energy imports, net (% of energy use)",2008,39.7203824086138,,0
CEB,Central Europe and the Baltics,EG.IMP.CONS.ZS,"Energy imports, net (% of energy use)",2007,37.8892068548224,,0
CEB,Central Europe and the Baltics,EG.IMP.CONS.ZS,"Energy imports, net (% of energy use)",2006,35.7122677854354,,0
CEB,Central Europe and the Baltics,EG.IMP.CONS.ZS,"Energy imports, net (% of energy use)",2005,35.1449181945539,,0
CEB,Central Europe and the Baltics,EG.IMP.CONS.ZS,"Energy imports, net (% of energy use)",2004,33.637182748297,,0
CEB,Central Europe and the Baltics,EG.IMP.CONS.ZS,"Energy imports, net (% of energy use)",2003,32.0908626581407,,0
CEB,Central Europe and the Baltics,EG.IMP.CONS.ZS,"Energy imports, net (% of energy use)",2002,31.0255453663748,,0
CEB,Central Europe and the Baltics,EG.IMP.CONS.ZS,"Energy imports, net (% of energy use)",2001,30.092502677567,,0
CEB,Central Europe and the Baltics,EG.IMP.CONS.ZS,"Energy imports, net (% of energy use)",2000,29.6833256091016,,0
CEB,Central Europe and the Baltics,EG.IMP.CONS.ZS,"Energy imports, net (% of energy use)",1999,29.5550732268524,,0
CEB,Central Europe and the Baltics,EG.IMP.CONS.ZS,"Energy imports, net (% of energy use)",1998,30.491497195217,,0
CEB,Central Europe and the Baltics,EG.IMP.CONS.ZS,"Energy imports, net (% of energy use)",1997,29.7390665761043,,0
CEB,Central Europe and the Baltics,EG.IMP.CONS.ZS,"Energy imports, net (% of energy use)",1996,29.7601153779281,,0
CEB,Central Europe and the Baltics,EG.IMP.CONS.ZS,"Energy imports, net (% of energy use)",1995,27.0601362424702,,0
CEB,Central Europe and the Baltics,EG.IMP.CONS.ZS,"Energy imports, net (% of energy use)",1994,25.8536947669036,,0
CEB,Central Europe and the Baltics,EG.IMP.CONS.ZS,"Energy imports, net (% of energy use)",1993,26.4113633508773,,0
CEB,Central Europe and the Baltics,EG.IMP.CONS.ZS,"Energy imports, net (% of energy use)",1992,27.1451640920519,,0
CEB,Central Europe and the Baltics,EG.IMP.CONS.ZS,"Energy imports, net (% of energy use)",1991,29.1207755097853,,0
CEB,Central Europe and the Baltics,EG.IMP.CONS.ZS,"Energy imports, net (% of energy use)",1990,31.8388012240578,,0
EAR,Early-demographic dividend,EG.IMP.CONS.ZS,"Energy imports, net (% of energy use)",2023,39.0180347947208,,0
EAR,Early-demographic dividend,EG.IMP.CONS.ZS,"Energy imports, net (% of energy use)",2022,-10.0871218081376,,0
EAR,Early-demographic dividend,EG.IMP.CONS.ZS,"Energy imports, net (% of energy use)",2021,-9.29202206486512,,0
EAR,Early-demographic dividend,EG.IMP.CONS.ZS,"Energy imports, net (% of energy use)",2020,-9.95578619178098,,0
EAR,Early-demographic dividend,EG.IMP.CONS.ZS,"Energy imports, net (% of energy use)",2019,-12.5630681287589,,0
EAR,Early-demographic dividend,EG.IMP.CONS.ZS,"Energy imports, net (% of energy use)",2018,-16.3866092567356,,0
EAR,Early-demographic dividend,EG.IMP.CONS.ZS,"Energy imports, net (% of energy use)",2017,-16.2914348658522,,0
EAR,Early-demographic dividend,EG.IMP.CONS.ZS,"Energy imports, net (% of energy use)",2016,-19.4488998663318,,0
EAR,Early-demographic dividend,EG.IMP.CONS.ZS,"Energy imports, net (% of energy use)",2015,-18.1610160715549,,0
EAR,Early-demographic dividend,EG.IMP.CONS.ZS,"Energy imports, net (% of energy use)",2014,-20.565007533999,,0
EAR,Early-demographic dividend,EG.IMP.CONS.ZS,"Energy imports, net (% of energy use)",2013,-26.7779363387388,,0
EAR,Early-demographic dividend,EG.IMP.CONS.ZS,"Energy imports, net (% of energy use)",2012,-28.8379001606371,,0
EAR,Early-demographic dividend,EG.IMP.CONS.ZS,"Energy imports, net (% of energy use)",2011,-31.614264420346,,0
EAR,Early-demographic dividend,EG.IMP.CONS.ZS,"Energy imports, net (% of energy use)",2010,-32.2473025645224,,0
EAR,Early-demographic dividend,EG.IMP.CONS.ZS,"Energy imports, net (% of energy use)",2009,-33.8282641794955,,0
EAR,Early-demographic dividend,EG.IMP.CONS.ZS,"Energy imports, net (% of energy use)",2008,-41.3011491628028,,0
EAR,Early-demographic dividend,EG.IMP.CONS.ZS,"Energy imports, net (% of energy use)",2007,-44.9288650879906,,0
EAR,Early-demographic dividend,EG.IMP.CONS.ZS,"Energy imports, net (% of energy use)",2006,-50.2242309984408,,0
EAR,Early-demographic dividend,EG.IMP.CONS.ZS,"Energy imports, net (% of energy use)",2005,-54.256756452191,,0
EAR,Early-demographic dividend,EG.IMP.CONS.ZS,"Energy imports, net (% of energy use)",2004,-54.5748691911838,,0
EAR,Early-demographic dividend,EG.IMP.CONS.ZS,"Energy imports, net (% of energy use)",2003,-54.3259447126264,,0
EAR,Early-demographic dividend,EG.IMP.CONS.ZS,"Energy imports, net (% of energy use)",2002,-50.7286249370277,,0
EAR,Early-demographic dividend,EG.IMP.CONS.ZS,"Energy imports, net (% of energy use)",2001,-55.7547201268017,,0
EAR,Early-demographic dividend,EG.IMP.CONS.ZS,"Energy imports, net (% of energy use)",2000,-56.980577384294,,0
EAR,Early-demographic dividend,EG.IMP.CONS.ZS,"Energy imports, net (% of energy use)",1999,-56.288506459304,,0
EAR,Early-demographic dividend,EG.IMP.CONS.ZS,"Energy imports, net (% of energy use)",1998,-63.146939104978,,0
EAR,Early-demographic dividend,EG.IMP.CONS.ZS,"Energy imports, net (% of energy use)",1997,-54.6413585777849,,0
EAR,Early-demographic dividend,EG.IMP.CONS.ZS,"Energy imports, net (% of energy use)",1996,-67.2966201775002,,0
EAR,Early-demographic dividend,EG.IMP.CONS.ZS,"Energy imports, net (% of energy use)",1995,-60.2928935331244,,0
EAR,Early-demographic dividend,EG.IMP.CONS.ZS,"Energy imports, net (% of energy use)",1994,-61.9752734597469,,0
EAR,Early-demographic dividend,EG.IMP.CONS.ZS,"Energy imports, net (% of energy use)",1993,-66.4413782436892,,0
EAR,Early-demographic dividend,EG.IMP.CONS.ZS,"Energy imports, net (% of energy use)",1992,-68.6724342151695,,0
EAR,Early-demographic dividend,EG.IMP.CONS.ZS,"Energy imports, net (% of energy use)",1991,-71.7848970219673,,0
EAR,Early-demographic dividend,EG.IMP.CONS.ZS,"Energy imports, net (% of energy use)",1990,-71.4049869800007,,0
EAS,East Asia & Pacific,EG.IMP.CONS.ZS,"Energy imports, net (% of energy use)",2023,35.6050942957149,,0
EAS,East Asia & Pacific,EG.IMP.CONS.ZS,"Energy imports, net (% of energy use)",2022,21.8426032042718,,0
EAS,East Asia & Pacific,EG.IMP.CONS.ZS,"Energy imports, net (% of energy use)",2021,22.9194146325257,,0
EAS,East Asia & Pacific,EG.IMP.CONS.ZS,"Energy imports, net (% of energy use)",2020,23.4992067376468,,0
EAS,East Asia & Pacific,EG.IMP.CONS.ZS,"Energy imports, net (% of energy use)",2019,23.2302811668086,,0
EAS,East Asia & Pacific,EG.IMP.CONS.ZS,"Energy imports, net (% of energy use)",2018,23.8900369945579,,0
EAS,East Asia & Pacific,EG.IMP.CONS.ZS,"Energy imports, net (% of energy use)",2017,23.6429693494511,,0
EAS,East Asia & Pacific,EG.IMP.CONS.ZS,"Energy imports, net (% of energy use)",2016,22.5168674582339,,0
EAS,East Asia & Pacific,EG.IMP.CONS.ZS,"Energy imports, net (% of energy use)",2015,21.1657362140924,,0
EAS,East Asia & Pacific,EG.IMP.CONS.ZS,"Energy imports, net (% of energy use)",2014,21.2631537002743,,0
EAS,East Asia & Pacific,EG.IMP.CONS.ZS,"Energy imports, net (% of energy use)",2013,21.5549761171564,,0
EAS,East Asia & Pacific,EG.IMP.CONS.ZS,"Energy imports, net (% of energy use)",2012,21.5972309474383,,0
EAS,East Asia & Pacific,EG.IMP.CONS.ZS,"Energy imports, net (% of energy use)",2011,20.4543668844159,,0
EAS,East Asia & Pacific,EG.IMP.CONS.ZS,"Energy imports, net (% of energy use)",2010,20.3964525693855,,0
EAS,East Asia & Pacific,EG.IMP.CONS.ZS,"Energy imports, net (% of energy use)",2009,19.7043925016765,,0
EAS,East Asia & Pacific,EG.IMP.CONS.ZS,"Energy imports, net (% of energy use)",2008,19.3647900702491,,0
EAS,East Asia & Pacific,EG.IMP.CONS.ZS,"Energy imports, net (% of energy use)",2007,19.3557572210589,,0
EAS,East Asia & Pacific,EG.IMP.CONS.ZS,"Energy imports, net (% of energy use)",2006,19.0926998712274,,0
EAS,East Asia & Pacific,EG.IMP.CONS.ZS,"Energy imports, net (% of energy use)",2005,19.5987788387808,,0
EAS,East Asia & Pacific,EG.IMP.CONS.ZS,"Energy imports, net (% of energy use)",2004,22.1453266282303,,0
EAS,East Asia & Pacific,EG.IMP.CONS.ZS,"Energy imports, net (% of energy use)",2003,21.0792348622113,,0
EAS,East Asia & Pacific,EG.IMP.CONS.ZS,"Energy imports, net (% of energy use)",2002,21.0978769905221,,0
EAS,East Asia & Pacific,EG.IMP.CONS.ZS,"Energy imports, net (% of energy use)",2001,20.9377696632068,,0
EAS,East Asia & Pacific,EG.IMP.CONS.ZS,"Energy imports, net (% of energy use)",2000,23.0125381791102,,0
EAS,East Asia & Pacific,EG.IMP.CONS.ZS,"Energy imports, net (% of energy use)",1999,21.7654321696902,,0
EAS,East Asia & Pacific,EG.IMP.CONS.ZS,"Energy imports, net (% of energy use)",1998,20.7368812239453,,0
EAS,East Asia & Pacific,EG.IMP.CONS.ZS,"Energy imports, net (% of energy use)",1997,22.9271579461657,,0
EAS,East Asia & Pacific,EG.IMP.CONS.ZS,"Energy imports, net (% of energy use)",1996,21.9276953949726,,0
EAS,East Asia & Pacific,EG.IMP.CONS.ZS,"Energy imports, net (% of energy use)",1995,21.5865001799841,,0
EAS,East Asia & Pacific,EG.IMP.CONS.ZS,"Energy imports, net (% of energy use)",1994,22.0729511117961,,0
EAS,East Asia & Pacific,EG.IMP.CONS.ZS,"Energy imports, net (% of energy use)",1993,21.8098862146451,,0
EAS,East Asia & Pacific,EG.IMP.CONS.ZS,"Energy imports, net (% of energy use)",1992,20.4118832168687,,0
EAS,East Asia & Pacific,EG.IMP.CONS.ZS,"Energy imports, net (% of energy use)",1991,18.7923400002007,,0
EAS,East Asia & Pacific,EG.IMP.CONS.ZS,"Energy imports, net (% of energy use)",1990,19.5176629948671,,0
EAP,East Asia & Pacific (excluding high income),EG.IMP.CONS.ZS,"Energy imports, net (% of energy use)",2022,15.3161983708774,,0
EAP,East Asia & Pacific (excluding high income),EG.IMP.CONS.ZS,"Energy imports, net (% of energy use)",2021,16.4054917823789,,0
EAP,East Asia & Pacific (excluding high income),EG.IMP.CONS.ZS,"Energy imports, net (% of energy use)",2020,17.6023737478222,,0
EAP,East Asia & Pacific (excluding high income),EG.IMP.CONS.ZS,"Energy imports, net (% of energy use)",2019,15.7317650797725,,0
EAP,East Asia & Pacific (excluding high income),EG.IMP.CONS.ZS,"Energy imports, net (% of energy use)",2018,14.981196487193,,0
EAP,East Asia & Pacific (excluding high income),EG.IMP.CONS.ZS,"Energy imports, net (% of energy use)",2017,13.6695904549506,,0
EAP,East Asia & Pacific (excluding high income),EG.IMP.CONS.ZS,"Energy imports, net (% of energy use)",2016,11.98401699528,,0
EAP,East Asia & Pacific (excluding high income),EG.IMP.CONS.ZS,"Energy imports, net (% of energy use)",2015,10.0795065966284,,0
EAP,East Asia & Pacific (excluding high income),EG.IMP.CONS.ZS,"Energy imports, net (% of energy use)",2014,9.87202268898519,,0
EAP,East Asia & Pacific (excluding high income),EG.IMP.CONS.ZS,"Energy imports, net (% of energy use)",2013,8.9999834440882,,0
EAP,East Asia & Pacific (excluding high income),EG.IMP.CONS.ZS,"Energy imports, net (% of energy use)",2012,8.24416537313382,,0
EAP,East Asia & Pacific (excluding high income),EG.IMP.CONS.ZS,"Energy imports, net (% of energy use)",2011,6.63577600676838,,0
EAP,East Asia & Pacific (excluding high income),EG.IMP.CONS.ZS,"Energy imports, net (% of energy use)",2010,6.61595919642293,,0
EAP,East Asia & Pacific (excluding high income),EG.IMP.CONS.ZS,"Energy imports, net (% of energy use)",2009,5.21198563288207,,0
EAP,East Asia & Pacific (excluding high income),EG.IMP.CONS.ZS,"Energy imports, net (% of energy use)",2008,2.856610635626,,0
EAP,East Asia & Pacific (excluding high income),EG.IMP.CONS.ZS,"Energy imports, net (% of energy use)",2007,1.84668970487624,,0
EAP,East Asia & Pacific (excluding high income),EG.IMP.CONS.ZS,"Energy imports, net (% of energy use)",2006,0.641115313051121,,0
EAP,East Asia & Pacific (excluding high income),EG.IMP.CONS.ZS,"Energy imports, net (% of energy use)",2005,0.487454217443131,,0
EAP,East Asia & Pacific (excluding high income),EG.IMP.CONS.ZS,"Energy imports, net (% of energy use)",2004,1.25324299135302,,0
EAP,East Asia & Pacific (excluding high income),EG.IMP.CONS.ZS,"Energy imports, net (% of energy use)",2003,-1.62257460911403,,0
EAP,East Asia & Pacific (excluding high income),EG.IMP.CONS.ZS,"Energy imports, net (% of energy use)",2002,-2.92458714892392,,0
EAP,East Asia & Pacific (excluding high income),EG.IMP.CONS.ZS,"Energy imports, net (% of energy use)",2001,-4.0379808273876,,0
EAP,East Asia & Pacific (excluding high income),EG.IMP.CONS.ZS,"Energy imports, net (% of energy use)",2000,-2.44264390932925,,0
EAP,East Asia & Pacific (excluding high income),EG.IMP.CONS.ZS,"Energy imports, net (% of energy use)",1999,-4.62864599262175,,0
EAP,East Asia & Pacific (excluding high income),EG.IMP.CONS.ZS,"Energy imports, net (% of energy use)",1998,-5.28334877035241,,0
EAP,East Asia & Pacific (excluding high income),EG.IMP.CONS.ZS,"Energy imports, net (% of energy use)",1997,-4.04165633565623,,0
EAP,East Asia & Pacific (excluding high income),EG.IMP.CONS.ZS,"Energy imports, net (% of energy use)",1996,-5.64073937206144,,0
EAP,East Asia & Pacific (excluding high income),EG.IMP.CONS.ZS,"Energy imports, net (% of energy use)",1995,-5.68962404427055,,0
EAP,East Asia & Pacific (excluding high income),EG.IMP.CONS.ZS,"Energy imports, net (% of energy use)",1994,-6.78964053703567,,0
EAP,East Asia & Pacific (excluding high income),EG.IMP.CONS.ZS,"Energy imports, net (% of energy use)",1993,-5.32652872695448,,0
EAP,East Asia & Pacific (excluding high income),EG.IMP.CONS.ZS,"Energy imports, net (% of energy use)",1992,-8.05936711982297,,0
EAP,East Asia & Pacific (excluding high income),EG.IMP.CONS.ZS,"Energy imports, net (% of energy use)",1991,-9.28869532168247,,0
EAP,East Asia & Pacific (excluding high income),EG.IMP.CONS.ZS,"Energy imports, net (% of energy use)",1990,-8.62682792605094,,0
TEA,East Asia & Pacific (IDA & IBRD countries),EG.IMP.CONS.ZS,"Energy imports, net (% of energy use)",2022,15.3553202664948,,0
TEA,East Asia & Pacific (IDA & IBRD countries),EG.IMP.CONS.ZS,"Energy imports, net (% of energy use)",2021,16.4473531475043,,0
TEA,East Asia & Pacific (IDA & IBRD countries),EG.IMP.CONS.ZS,"Energy imports, net (% of energy use)",2020,17.6574827021366,,0
TEA,East Asia & Pacific (IDA & IBRD countries),EG.IMP.CONS.ZS,"Energy imports, net (% of energy use)",2019,15.7816222057484,,0
TEA,East Asia & Pacific (IDA & IBRD countries),EG.IMP.CONS.ZS,"Energy imports, net (% of energy use)",2018,15.025537573315,,0
TEA,East Asia & Pacific (IDA & IBRD countries),EG.IMP.CONS.ZS,"Energy imports, net (% of energy use)",2017,13.7487139877456,,0
TEA,East Asia & Pacific (IDA & IBRD countries),EG.IMP.CONS.ZS,"Energy imports, net (% of energy use)",2016,12.3706851722953,,0
TEA,East Asia & Pacific (IDA & IBRD countries),EG.IMP.CONS.ZS,"Energy imports, net (% of energy use)",2015,10.4170171886756,,0
TEA,East Asia & Pacific (IDA & IBRD countries),EG.IMP.CONS.ZS,"Energy imports, net (% of energy use)",2014,10.1576074114335,,0
TEA,East Asia & Pacific (IDA & IBRD countries),EG.IMP.CONS.ZS,"Energy imports, net (% of energy use)",2013,9.30826488259526,,0
TEA,East Asia & Pacific (IDA & IBRD countries),EG.IMP.CONS.ZS,"Energy imports, net (% of energy use)",2012,8.459386302624,,0
TEA,East Asia & Pacific (IDA & IBRD countries),EG.IMP.CONS.ZS,"Energy imports, net (% of energy use)",2011,6.85588368988167,,0
TEA,East Asia & Pacific (IDA & IBRD countries),EG.IMP.CONS.ZS,"Energy imports, net (% of energy use)",2010,6.72112966093878,,0
TEA,East Asia & Pacific (IDA & IBRD countries),EG.IMP.CONS.ZS,"Energy imports, net (% of energy use)",2009,5.28221955689388,,0
TEA,East Asia & Pacific (IDA & IBRD countries),EG.IMP.CONS.ZS,"Energy imports, net (% of energy use)",2008,2.90429120696965,,0
TEA,East Asia & Pacific (IDA & IBRD countries),EG.IMP.CONS.ZS,"Energy imports, net (% of energy use)",2007,1.91534397014715,,0
TEA,East Asia & Pacific (IDA & IBRD countries),EG.IMP.CONS.ZS,"Energy imports, net (% of energy use)",2006,0.677096526069077,,0
TEA,East Asia & Pacific (IDA & IBRD countries),EG.IMP.CONS.ZS,"Energy imports, net (% of energy use)",2005,0.524354002693351,,0
TEA,East Asia & Pacific (IDA & IBRD countries),EG.IMP.CONS.ZS,"Energy imports, net (% of energy use)",2004,1.25349470181684,,0
TEA,East Asia & Pacific (IDA & IBRD countries),EG.IMP.CONS.ZS,"Energy imports, net (% of energy use)",2003,-1.68326181538125,,0
TEA,East Asia & Pacific (IDA & IBRD countries),EG.IMP.CONS.ZS,"Energy imports, net (% of energy use)",2002,-3.02398019460623,,0
TEA,East Asia & Pacific (IDA & IBRD countries),EG.IMP.CONS.ZS,"Energy imports, net (% of energy use)",2001,-4.17149599025249,,0
TEA,East Asia & Pacific (IDA & IBRD countries),EG.IMP.CONS.ZS,"Energy imports, net (% of energy use)",2000,-2.54133113772683,,0
TEA,East Asia & Pacific (IDA & IBRD countries),EG.IMP.CONS.ZS,"Energy imports, net (% of energy use)",1999,-4.7439653235484,,0
TEA,East Asia & Pacific (IDA & IBRD countries),EG.IMP.CONS.ZS,"Energy imports, net (% of energy use)",1998,-5.44858996778299,,0
TEA,East Asia & Pacific (IDA & IBRD countries),EG.IMP.CONS.ZS,"Energy imports, net (% of energy use)",1997,-4.17273379775762,,0
TEA,East Asia & Pacific (IDA & IBRD countries),EG.IMP.CONS.ZS,"Energy imports, net (% of energy use)",1996,-5.82930872795514,,0
TEA,East Asia & Pacific (IDA & IBRD countries),EG.IMP.CONS.ZS,"Energy imports, net (% of energy use)",1995,-5.93207225750474,,0
TEA,East Asia & Pacific (IDA & IBRD countries),EG.IMP.CONS.ZS,"Energy imports, net (% of energy use)",1994,-7.08402187325496,,0
TEA,East Asia & Pacific (IDA & IBRD countries),EG.IMP.CONS.ZS,"Energy imports, net (% of energy use)",1993,-5.69670931832489,,0
TEA,East Asia & Pacific (IDA & IBRD countries),EG.IMP.CONS.ZS,"Energy imports, net (% of energy use)",1992,-8.55402038844238,,0
TEA,East Asia & Pacific (IDA & IBRD countries),EG.IMP.CONS.ZS,"Energy imports, net (% of energy use)",1991,-9.90252427401299,,0
TEA,East Asia & Pacific (IDA & IBRD countries),EG.IMP.CONS.ZS,"Energy imports, net (% of energy use)",1990,-9.29075473137392,,0
EMU,Euro area,EG.IMP.CONS.ZS,"Energy imports, net (% of energy use)",2023,67.7712523649989,,0
EMU,Euro area,EG.IMP.CONS.ZS,"Energy imports, net (% of energy use)",2022,73.3434214315139,,0
EMU,Euro area,EG.IMP.CONS.ZS,"Energy imports, net (% of energy use)",2021,64.0980308790792,,0
EMU,Euro area,EG.IMP.CONS.ZS,"Energy imports, net (% of energy use)",2020,65.5742121122632,,0
EMU,Euro area,EG.IMP.CONS.ZS,"Energy imports, net (% of energy use)",2019,70.0697134668706,,0
EMU,Euro area,EG.IMP.CONS.ZS,"Energy imports, net (% of energy use)",2018,67.7494293108445,,0
EMU,Euro area,EG.IMP.CONS.ZS,"Energy imports, net (% of energy use)",2017,67.1878230904653,,0
EMU,Euro area,EG.IMP.CONS.ZS,"Energy imports, net (% of energy use)",2016,65.7911679941864,,0
EMU,Euro area,EG.IMP.CONS.ZS,"Energy imports, net (% of energy use)",2015,65.7228103138815,,0
EMU,Euro area,EG.IMP.CONS.ZS,"Energy imports, net (% of energy use)",2014,63.6696403363486,,0
EMU,Euro area,EG.IMP.CONS.ZS,"Energy imports, net (% of energy use)",2013,63.249572673127,,0
EMU,Euro area,EG.IMP.CONS.ZS,"Energy imports, net (% of energy use)",2012,64.539055710081,,0
EMU,Euro area,EG.IMP.CONS.ZS,"Energy imports, net (% of energy use)",2011,66.1134380091925,,0
EMU,Euro area,EG.IMP.CONS.ZS,"Energy imports, net (% of energy use)",2010,65.1826412176681,,0
EMU,Euro area,EG.IMP.CONS.ZS,"Energy imports, net (% of energy use)",2009,66.8833492722789,,0
EMU,Euro area,EG.IMP.CONS.ZS,"Energy imports, net (% of energy use)",2008,68.2129348201618,,0
EMU,Euro area,EG.IMP.CONS.ZS,"Energy imports, net (% of energy use)",2007,67.3188617894287,,0
EMU,Euro area,EG.IMP.CONS.ZS,"Energy imports, net (% of energy use)",2006,68.9171796493508,,0
EMU,Euro area,EG.IMP.CONS.ZS,"Energy imports, net (% of energy use)",2005,68.3469583588154,,0
EMU,Euro area,EG.IMP.CONS.ZS,"Energy imports, net (% of energy use)",2004,67.3235844154449,,0
EMU,Euro area,EG.IMP.CONS.ZS,"Energy imports, net (% of energy use)",2003,67.0916188143037,,0
EMU,Euro area,EG.IMP.CONS.ZS,"Energy imports, net (% of energy use)",2002,66.9059598836847,,0
EMU,Euro area,EG.IMP.CONS.ZS,"Energy imports, net (% of energy use)",2001,66.1683066170169,,0
EMU,Euro area,EG.IMP.CONS.ZS,"Energy imports, net (% of energy use)",2000,67.1355045030986,,0
EMU,Euro area,EG.IMP.CONS.ZS,"Energy imports, net (% of energy use)",1999,65.4998264274667,,0
EMU,Euro area,EG.IMP.CONS.ZS,"Energy imports, net (% of energy use)",1998,65.593919846116,,0
EMU,Euro area,EG.IMP.CONS.ZS,"Energy imports, net (% of energy use)",1997,63.5363069606863,,0
EMU,Euro area,EG.IMP.CONS.ZS,"Energy imports, net (% of energy use)",1996,62.3128040609318,,0
EMU,Euro area,EG.IMP.CONS.ZS,"Energy imports, net (% of energy use)",1995,61.9954952812599,,0
EMU,Euro area,EG.IMP.CONS.ZS,"Energy imports, net (% of energy use)",1994,61.3646717566264,,0
EMU,Euro area,EG.IMP.CONS.ZS,"Energy imports, net (% of energy use)",1993,60.0208102163552,,0
EMU,Euro area,EG.IMP.CONS.ZS,"Energy imports, net (% of energy use)",1992,61.83502652424,,0
EMU,Euro area,EG.IMP.CONS.ZS,"Energy imports, net (% of energy use)",1991,60.0914956533651,,0
EMU,Euro area,EG.IMP.CONS.ZS,"Energy imports, net (% of energy use)",1990,59.4024431156633,,0
ECS,Europe & Central Asia,EG.IMP.CONS.ZS,"Energy imports, net (% of energy use)",2023,48.9684500613507,,0
ECS,Europe & Central Asia,EG.IMP.CONS.ZS,"Energy imports, net (% of energy use)",2022,5.10649396655894,,0
ECS,Europe & Central Asia,EG.IMP.CONS.ZS,"Energy imports, net (% of energy use)",2021,1.56558840287813,,0
ECS,Europe & Central Asia,EG.IMP.CONS.ZS,"Energy imports, net (% of energy use)",2020,-0.34226049283566,,0
ECS,Europe & Central Asia,EG.IMP.CONS.ZS,"Energy imports, net (% of energy use)",2019,2.17156888631973,,0
ECS,Europe & Central Asia,EG.IMP.CONS.ZS,"Energy imports, net (% of energy use)",2018,1.83090083295468,,0
ECS,Europe & Central Asia,EG.IMP.CONS.ZS,"Energy imports, net (% of energy use)",2017,3.18686431358612,,0
ECS,Europe & Central Asia,EG.IMP.CONS.ZS,"Energy imports, net (% of energy use)",2016,2.73087126947851,,0
ECS,Europe & Central Asia,EG.IMP.CONS.ZS,"Energy imports, net (% of energy use)",2015,2.94017284206333,,0
ECS,Europe & Central Asia,EG.IMP.CONS.ZS,"Energy imports, net (% of energy use)",2014,3.60123447721926,,0
ECS,Europe & Central Asia,EG.IMP.CONS.ZS,"Energy imports, net (% of energy use)",2013,4.2225495776448,,0
ECS,Europe & Central Asia,EG.IMP.CONS.ZS,"Energy imports, net (% of energy use)",2012,6.02919861098763,,0
ECS,Europe & Central Asia,EG.IMP.CONS.ZS,"Energy imports, net (% of energy use)",2011,7.25947033255549,,0
ECS,Europe & Central Asia,EG.IMP.CONS.ZS,"Energy imports, net (% of energy use)",2010,6.92382576281379,,0
ECS,Europe & Central Asia,EG.IMP.CONS.ZS,"Energy imports, net (% of energy use)",2009,7.45697976868288,,0
ECS,Europe & Central Asia,EG.IMP.CONS.ZS,"Energy imports, net (% of energy use)",2008,10.2435088724383,,0
ECS,Europe & Central Asia,EG.IMP.CONS.ZS,"Energy imports, net (% of energy use)",2007,9.24425415819459,,0
ECS,Europe & Central Asia,EG.IMP.CONS.ZS,"Energy imports, net (% of energy use)",2006,11.092514816176,,0
ECS,Europe & Central Asia,EG.IMP.CONS.ZS,"Energy imports, net (% of energy use)",2005,9.84325485214776,,0
ECS,Europe & Central Asia,EG.IMP.CONS.ZS,"Energy imports, net (% of energy use)",2004,9.57563256380089,,0
ECS,Europe & Central Asia,EG.IMP.CONS.ZS,"Energy imports, net (% of energy use)",2003,10.481548323641,,0
ECS,Europe & Central Asia,EG.IMP.CONS.ZS,"Energy imports, net (% of energy use)",2002,10.5828984788221,,0
ECS,Europe & Central Asia,EG.IMP.CONS.ZS,"Energy imports, net (% of energy use)",2001,12.2659693223569,,0
ECS,Europe & Central Asia,EG.IMP.CONS.ZS,"Energy imports, net (% of energy use)",2000,12.4074952958125,,0
ECS,Europe & Central Asia,EG.IMP.CONS.ZS,"Energy imports, net (% of energy use)",1999,12.7469846521483,,0
ECS,Europe & Central Asia,EG.IMP.CONS.ZS,"Energy imports, net (% of energy use)",1998,14.7327653518074,,0
ECS,Europe & Central Asia,EG.IMP.CONS.ZS,"Energy imports, net (% of energy use)",1997,13.7781148441873,,0
ECS,Europe & Central Asia,EG.IMP.CONS.ZS,"Energy imports, net (% of energy use)",1996,13.685957703677,,0
ECS,Europe & Central Asia,EG.IMP.CONS.ZS,"Energy imports, net (% of energy use)",1995,14.258980441367,,0
ECS,Europe & Central Asia,EG.IMP.CONS.ZS,"Energy imports, net (% of energy use)",1994,13.4709715135146,,0
ECS,Europe & Central Asia,EG.IMP.CONS.ZS,"Energy imports, net (% of energy use)",1993,14.9317132552309,,0
ECS,Europe & Central Asia,EG.IMP.CONS.ZS,"Energy imports, net (% of energy use)",1992,15.9924239219877,,0
ECS,Europe & Central Asia,EG.IMP.CONS.ZS,"Energy imports, net (% of energy use)",1991,15.6255774199961,,0
ECS,Europe & Central Asia,EG.IMP.CONS.ZS,"Energy imports, net (% of energy use)",1990,13.6826754843211,,0
ECA,Europe & Central Asia (excluding high income),EG.IMP.CONS.ZS,"Energy imports, net (% of energy use)",2023,71.7026862222401,,0
ECA,Europe & Central Asia (excluding high income),EG.IMP.CONS.ZS,"Energy imports, net (% of energy use)",2022,-0.361956029710986,,0
ECA,Europe & Central Asia (excluding high income),EG.IMP.CONS.ZS,"Energy imports, net (% of energy use)",2021,2.34448632404543,,0
ECA,Europe & Central Asia (excluding high income),EG.IMP.CONS.ZS,"Energy imports, net (% of energy use)",2020,-2.48722653230962,,0
ECA,Europe & Central Asia (excluding high income),EG.IMP.CONS.ZS,"Energy imports, net (% of energy use)",2019,-4.06844143600457,,0
ECA,Europe & Central Asia (excluding high income),EG.IMP.CONS.ZS,"Energy imports, net (% of energy use)",2018,-4.64462259794558,,0
ECA,Europe & Central Asia (excluding high income),EG.IMP.CONS.ZS,"Energy imports, net (% of energy use)",2017,-1.78433883267707,,0
ECA,Europe & Central Asia (excluding high income),EG.IMP.CONS.ZS,"Energy imports, net (% of energy use)",2016,-3.87513181849456,,0
ECA,Europe & Central Asia (excluding high income),EG.IMP.CONS.ZS,"Energy imports, net (% of energy use)",2015,-6.08961563465994,,0
ECA,Europe & Central Asia (excluding high income),EG.IMP.CONS.ZS,"Energy imports, net (% of energy use)",2014,-8.7125691203629,,0
ECA,Europe & Central Asia (excluding high income),EG.IMP.CONS.ZS,"Energy imports, net (% of energy use)",2013,-6.69989642705677,,0
ECA,Europe & Central Asia (excluding high income),EG.IMP.CONS.ZS,"Energy imports, net (% of energy use)",2012,-2.57586309423863,,0
ECA,Europe & Central Asia (excluding high income),EG.IMP.CONS.ZS,"Energy imports, net (% of energy use)",2011,-1.1790677199595,,0
ECA,Europe & Central Asia (excluding high income),EG.IMP.CONS.ZS,"Energy imports, net (% of energy use)",2010,-2.80582066790013,,0
ECA,Europe & Central Asia (excluding high income),EG.IMP.CONS.ZS,"Energy imports, net (% of energy use)",2009,-4.29524361866056,,0
ECA,Europe & Central Asia (excluding high income),EG.IMP.CONS.ZS,"Energy imports, net (% of energy use)",2008,0.0701577088244556,,0
ECA,Europe & Central Asia (excluding high income),EG.IMP.CONS.ZS,"Energy imports, net (% of energy use)",2007,3.15460547898573,,0
ECA,Europe & Central Asia (excluding high income),EG.IMP.CONS.ZS,"Energy imports, net (% of energy use)",2006,6.49363551386811,,0
ECA,Europe & Central Asia (excluding high income),EG.IMP.CONS.ZS,"Energy imports, net (% of energy use)",2005,7.44001987217745,,0
ECA,Europe & Central Asia (excluding high income),EG.IMP.CONS.ZS,"Energy imports, net (% of energy use)",2004,11.0087614928715,,0
ECA,Europe & Central Asia (excluding high income),EG.IMP.CONS.ZS,"Energy imports, net (% of energy use)",2003,12.08039046566,,0
ECA,Europe & Central Asia (excluding high income),EG.IMP.CONS.ZS,"Energy imports, net (% of energy use)",2002,11.6021824265356,,0
ECA,Europe & Central Asia (excluding high income),EG.IMP.CONS.ZS,"Energy imports, net (% of energy use)",2001,11.7437747451507,,0
ECA,Europe & Central Asia (excluding high income),EG.IMP.CONS.ZS,"Energy imports, net (% of energy use)",2000,14.4150965435922,,0
ECA,Europe & Central Asia (excluding high income),EG.IMP.CONS.ZS,"Energy imports, net (% of energy use)",1999,21.4026128370845,,0
ECA,Europe & Central Asia (excluding high income),EG.IMP.CONS.ZS,"Energy imports, net (% of energy use)",1998,26.6545615272507,,0
ECA,Europe & Central Asia (excluding high income),EG.IMP.CONS.ZS,"Energy imports, net (% of energy use)",1997,28.186739193777,,0
ECA,Europe & Central Asia (excluding high income),EG.IMP.CONS.ZS,"Energy imports, net (% of energy use)",1996,27.7135817120416,,0
ECA,Europe & Central Asia (excluding high income),EG.IMP.CONS.ZS,"Energy imports, net (% of energy use)",1995,29.1776713272453,,0
ECA,Europe & Central Asia (excluding high income),EG.IMP.CONS.ZS,"Energy imports, net (% of energy use)",1994,26.1534879427733,,0
ECA,Europe & Central Asia (excluding high income),EG.IMP.CONS.ZS,"Energy imports, net (% of energy use)",1993,24.2787828589585,,0
ECA,Europe & Central Asia (excluding high income),EG.IMP.CONS.ZS,"Energy imports, net (% of energy use)",1992,30.6305264379214,,0
ECA,Europe & Central Asia (excluding high income),EG.IMP.CONS.ZS,"Energy imports, net (% of energy use)",1991,30.06780211589,,0
ECA,Europe & Central Asia (excluding high income),EG.IMP.CONS.ZS,"Energy imports, net (% of energy use)",1990,30.2288108668924,,0
TEC,Europe & Central Asia (IDA & IBRD countries),EG.IMP.CONS.ZS,"Energy imports, net (% of energy use)",2023,62.9871500229445,,0
TEC,Europe & Central Asia (IDA & IBRD countries),EG.IMP.CONS.ZS,"Energy imports, net (% of energy use)",2022,-37.2638259592617,,0
TEC,Europe & Central Asia (IDA & IBRD countries),EG.IMP.CONS.ZS,"Energy imports, net (% of energy use)",2021,-39.1472409719639,,0
TEC,Europe & Central Asia (IDA & IBRD countries),EG.IMP.CONS.ZS,"Energy imports, net (% of energy use)",2020,-44.9765793154276,,0
TEC,Europe & Central Asia (IDA & IBRD countries),EG.IMP.CONS.ZS,"Energy imports, net (% of energy use)",2019,-49.6549571431871,,0
TEC,Europe & Central Asia (IDA & IBRD countries),EG.IMP.CONS.ZS,"Energy imports, net (% of energy use)",2018,-47.0175789284488,,0
TEC,Europe & Central Asia (IDA & IBRD countries),EG.IMP.CONS.ZS,"Energy imports, net (% of energy use)",2017,-45.810872977468,,0
TEC,Europe & Central Asia (IDA & IBRD countries),EG.IMP.CONS.ZS,"Energy imports, net (% of energy use)",2016,-46.7735923895656,,0
TEC,Europe & Central Asia (IDA & IBRD countries),EG.IMP.CONS.ZS,"Energy imports, net (% of energy use)",2015,-47.5917505471095,,0
TEC,Europe & Central Asia (IDA & IBRD countries),EG.IMP.CONS.ZS,"Energy imports, net (% of energy use)",2014,-45.1903779313562,,0
TEC,Europe & Central Asia (IDA & IBRD countries),EG.IMP.CONS.ZS,"Energy imports, net (% of energy use)",2013,-45.3500895094517,,0
TEC,Europe & Central Asia (IDA & IBRD countries),EG.IMP.CONS.ZS,"Energy imports, net (% of energy use)",2012,-40.1765021129453,,0
TEC,Europe & Central Asia (IDA & IBRD countries),EG.IMP.CONS.ZS,"Energy imports, net (% of energy use)",2011,-38.9783245237662,,0
TEC,Europe & Central Asia (IDA & IBRD countries),EG.IMP.CONS.ZS,"Energy imports, net (% of energy use)",2010,-40.8627112170078,,0
TEC,Europe & Central Asia (IDA & IBRD countries),EG.IMP.CONS.ZS,"Energy imports, net (% of energy use)",2009,-41.472904787966,,0
TEC,Europe & Central Asia (IDA & IBRD countries),EG.IMP.CONS.ZS,"Energy imports, net (% of energy use)",2008,-36.4975883446952,,0
TEC,Europe & Central Asia (IDA & IBRD countries),EG.IMP.CONS.ZS,"Energy imports, net (% of energy use)",2007,-37.5492078397333,,0
TEC,Europe & Central Asia (IDA & IBRD countries),EG.IMP.CONS.ZS,"Energy imports, net (% of energy use)",2006,-36.4088371801921,,0
TEC,Europe & Central Asia (IDA & IBRD countries),EG.IMP.CONS.ZS,"Energy imports, net (% of energy use)",2005,-37.8840920383389,,0
TEC,Europe & Central Asia (IDA & IBRD countries),EG.IMP.CONS.ZS,"Energy imports, net (% of energy use)",2004,-35.040526226467,,0
TEC,Europe & Central Asia (IDA & IBRD countries),EG.IMP.CONS.ZS,"Energy imports, net (% of energy use)",2003,-30.9707297317184,,0
TEC,Europe & Central Asia (IDA & IBRD countries),EG.IMP.CONS.ZS,"Energy imports, net (% of energy use)",2002,-28.862103163163,,0
TEC,Europe & Central Asia (IDA & IBRD countries),EG.IMP.CONS.ZS,"Energy imports, net (% of energy use)",2001,-25.66911964364,,0
TEC,Europe & Central Asia (IDA & IBRD countries),EG.IMP.CONS.ZS,"Energy imports, net (% of energy use)",2000,-23.1499748464323,,0
TEC,Europe & Central Asia (IDA & IBRD countries),EG.IMP.CONS.ZS,"Energy imports, net (% of energy use)",1999,-21.5520839680509,,0
TEC,Europe & Central Asia (IDA & IBRD countries),EG.IMP.CONS.ZS,"Energy imports, net (% of energy use)",1998,-18.905439442105,,0
TEC,Europe & Central Asia (IDA & IBRD countries),EG.IMP.CONS.ZS,"Energy imports, net (% of energy use)",1997,-16.9633212813263,,0
TEC,Europe & Central Asia (IDA & IBRD countries),EG.IMP.CONS.ZS,"Energy imports, net (% of energy use)",1996,-15.8381810798712,,0
TEC,Europe & Central Asia (IDA & IBRD countries),EG.IMP.CONS.ZS,"Energy imports, net (% of energy use)",1995,-13.805424573799,,0
TEC,Europe & Central Asia (IDA & IBRD countries),EG.IMP.CONS.ZS,"Energy imports, net (% of energy use)",1994,-14.6933556921169,,0
TEC,Europe & Central Asia (IDA & IBRD countries),EG.IMP.CONS.ZS,"Energy imports, net (% of energy use)",1993,-10.7446530667848,,0
TEC,Europe & Central Asia (IDA & IBRD countries),EG.IMP.CONS.ZS,"Energy imports, net (% of energy use)",1992,-9.68957789134366,,0
TEC,Europe & Central Asia (IDA & IBRD countries),EG.IMP.CONS.ZS,"Energy imports, net (% of energy use)",1991,-8.85936944603415,,0
TEC,Europe & Central Asia (IDA & IBRD countries),EG.IMP.CONS.ZS,"Energy imports, net (% of energy use)",1990,-11.6488994910705,,0
EUU,European Union,EG.IMP.CONS.ZS,"Energy imports, net (% of energy use)",2023,63.5009793275786,,0
EUU,European Union,EG.IMP.CONS.ZS,"Energy imports, net (% of energy use)",2022,66.7064442783755,,0
EUU,European Union,EG.IMP.CONS.ZS,"Energy imports, net (% of energy use)",2021,58.4332411459692,,0
EUU,European Union,EG.IMP.CONS.ZS,"Energy imports, net (% of energy use)",2020,60.2798656472279,,0
EUU,European Union,EG.IMP.CONS.ZS,"Energy imports, net (% of energy use)",2019,64.4102866850491,,0
EUU,European Union,EG.IMP.CONS.ZS,"Energy imports, net (% of energy use)",2018,61.6033639192415,,0
EUU,European Union,EG.IMP.CONS.ZS,"Energy imports, net (% of energy use)",2017,60.8380651340897,,0
EUU,European Union,EG.IMP.CONS.ZS,"Energy imports, net (% of energy use)",2016,59.2808190974564,,0
EUU,European Union,EG.IMP.CONS.ZS,"Energy imports, net (% of energy use)",2015,58.980565928754,,0
EUU,European Union,EG.IMP.CONS.ZS,"Energy imports, net (% of energy use)",2014,57.2602522979162,,0
EUU,European Union,EG.IMP.CONS.ZS,"Energy imports, net (% of energy use)",2013,56.6043070941764,,0
EUU,European Union,EG.IMP.CONS.ZS,"Energy imports, net (% of energy use)",2012,57.6546597206848,,0
EUU,European Union,EG.IMP.CONS.ZS,"Energy imports, net (% of energy use)",2011,59.2823564208889,,0
EUU,European Union,EG.IMP.CONS.ZS,"Energy imports, net (% of energy use)",2010,58.4659689814772,,0
EUU,European Union,EG.IMP.CONS.ZS,"Energy imports, net (% of energy use)",2009,60.0327302530945,,0
EUU,European Union,EG.IMP.CONS.ZS,"Energy imports, net (% of energy use)",2008,61.3645838649932,,0
EUU,European Union,EG.IMP.CONS.ZS,"Energy imports, net (% of energy use)",2007,60.163624388212,,0
EUU,European Union,EG.IMP.CONS.ZS,"Energy imports, net (% of energy use)",2006,61.0268397297845,,0
EUU,European Union,EG.IMP.CONS.ZS,"Energy imports, net (% of energy use)",2005,60.4311865784831,,0
EUU,European Union,EG.IMP.CONS.ZS,"Energy imports, net (% of energy use)",2004,59.3551372108367,,0
EUU,European Union,EG.IMP.CONS.ZS,"Energy imports, net (% of energy use)",2003,59.2811348634475,,0
EUU,European Union,EG.IMP.CONS.ZS,"Energy imports, net (% of energy use)",2002,58.6265785058629,,0
EUU,European Union,EG.IMP.CONS.ZS,"Energy imports, net (% of energy use)",2001,58.0866952712175,,0
EUU,European Union,EG.IMP.CONS.ZS,"Energy imports, net (% of energy use)",2000,58.6781555697998,,0
EUU,European Union,EG.IMP.CONS.ZS,"Energy imports, net (% of energy use)",1999,57.2594259274778,,0
EUU,European Union,EG.IMP.CONS.ZS,"Energy imports, net (% of energy use)",1998,57.6175309932824,,0
EUU,European Union,EG.IMP.CONS.ZS,"Energy imports, net (% of energy use)",1997,55.6165112660954,,0
EUU,European Union,EG.IMP.CONS.ZS,"Energy imports, net (% of energy use)",1996,54.6475549366584,,0
EUU,European Union,EG.IMP.CONS.ZS,"Energy imports, net (% of energy use)",1995,53.9809118230084,,0
EUU,European Union,EG.IMP.CONS.ZS,"Energy imports, net (% of energy use)",1994,53.2378835844591,,0
EUU,European Union,EG.IMP.CONS.ZS,"Energy imports, net (% of energy use)",1993,52.1106894253259,,0
EUU,European Union,EG.IMP.CONS.ZS,"Energy imports, net (% of energy use)",1992,53.6113932344256,,0
EUU,European Union,EG.IMP.CONS.ZS,"Energy imports, net (% of energy use)",1991,52.1803145725769,,0
EUU,European Union,EG.IMP.CONS.ZS,"Energy imports, net (% of energy use)",1990,51.7499285844558,,0
FCS,Fragile and conflict affected situations,EG.IMP.CONS.ZS,"Energy imports, net (% of energy use)",2022,-68.9963989304612,,0
FCS,Fragile and conflict affected situations,EG.IMP.CONS.ZS,"Energy imports, net (% of energy use)",2021,-64.4747005933138,,0
FCS,Fragile and conflict affected situations,EG.IMP.CONS.ZS,"Energy imports, net (% of energy use)",2020,-65.2813616708281,,0
FCS,Fragile and conflict affected situations,EG.IMP.CONS.ZS,"Energy imports, net (% of energy use)",2019,-84.7963650536163,,0
FCS,Fragile and conflict affected situations,EG.IMP.CONS.ZS,"Energy imports, net (% of energy use)",2018,-91.9641577446026,,0
FCS,Fragile and conflict affected situations,EG.IMP.CONS.ZS,"Energy imports, net (% of energy use)",2017,-90.8781389570573,,0
FCS,Fragile and conflict affected situations,EG.IMP.CONS.ZS,"Energy imports, net (% of energy use)",2016,-92.4010313322211,,0
FCS,Fragile and conflict affected situations,EG.IMP.CONS.ZS,"Energy imports, net (% of energy use)",2015,-90.6558557765365,,0
FCS,Fragile and conflict affected situations,EG.IMP.CONS.ZS,"Energy imports, net (% of energy use)",2014,-82.7417666860863,,0
FCS,Fragile and conflict affected situations,EG.IMP.CONS.ZS,"Energy imports, net (% of energy use)",2013,-81.7371815062382,,0
FCS,Fragile and conflict affected situations,EG.IMP.CONS.ZS,"Energy imports, net (% of energy use)",2012,-95.7493106345295,,0
FCS,Fragile and conflict affected situations,EG.IMP.CONS.ZS,"Energy imports, net (% of energy use)",2011,-85.2683164821314,,0
FCS,Fragile and conflict affected situations,EG.IMP.CONS.ZS,"Energy imports, net (% of energy use)",2010,-106.833434762543,,0
FCS,Fragile and conflict affected situations,EG.IMP.CONS.ZS,"Energy imports, net (% of energy use)",2009,-119.766143160397,,0
FCS,Fragile and conflict affected situations,EG.IMP.CONS.ZS,"Energy imports, net (% of energy use)",2008,-114.677055447768,,0
FCS,Fragile and conflict affected situations,EG.IMP.CONS.ZS,"Energy imports, net (% of energy use)",2007,-115.929715756366,,0
FCS,Fragile and conflict affected situations,EG.IMP.CONS.ZS,"Energy imports, net (% of energy use)",2006,-115.275173351994,,0
FCS,Fragile and conflict affected situations,EG.IMP.CONS.ZS,"Energy imports, net (% of energy use)",2005,-113.430134696156,,0
FCS,Fragile and conflict affected situations,EG.IMP.CONS.ZS,"Energy imports, net (% of energy use)",2004,-114.522049848496,,0
FCS,Fragile and conflict affected situations,EG.IMP.CONS.ZS,"Energy imports, net (% of energy use)",2003,-97.0406424363269,,0
FCS,Fragile and conflict affected situations,EG.IMP.CONS.ZS,"Energy imports, net (% of energy use)",2002,-105.483752360809,,0
FCS,Fragile and conflict affected situations,EG.IMP.CONS.ZS,"Energy imports, net (% of energy use)",2001,-126.100929295958,,0
FCS,Fragile and conflict affected situations,EG.IMP.CONS.ZS,"Energy imports, net (% of energy use)",2000,-124.75408414792,,0
FCS,Fragile and conflict affected situations,EG.IMP.CONS.ZS,"Energy imports, net (% of energy use)",1999,-117.731780410781,,0
FCS,Fragile and conflict affected situations,EG.IMP.CONS.ZS,"Energy imports, net (% of energy use)",1998,-122.064256194651,,0
FCS,Fragile and conflict affected situations,EG.IMP.CONS.ZS,"Energy imports, net (% of energy use)",1997,-59.2493262627139,,0
FCS,Fragile and conflict affected situations,EG.IMP.CONS.ZS,"Energy imports, net (% of energy use)",1996,-82.2936446872884,,0
FCS,Fragile and conflict affected situations,EG.IMP.CONS.ZS,"Energy imports, net (% of energy use)",1995,-37.4428128530204,,0
FCS,Fragile and conflict affected situations,EG.IMP.CONS.ZS,"Energy imports, net (% of energy use)",1994,-38.5330833723296,,0
FCS,Fragile and conflict affected situations,EG.IMP.CONS.ZS,"Energy imports, net (% of energy use)",1993,-28.5295046614406,,0
FCS,Fragile and conflict affected situations,EG.IMP.CONS.ZS,"Energy imports, net (% of energy use)",1992,-20.9980652703985,,0
FCS,Fragile and conflict affected situations,EG.IMP.CONS.ZS,"Energy imports, net (% of energy use)",1991,-13.5898756475413,,0
FCS,Fragile and conflict affected situations,EG.IMP.CONS.ZS,"Energy imports, net (% of energy use)",1990,-56.8153339572192,,0
HPC,Heavily indebted poor countries (HIPC),EG.IMP.CONS.ZS,"Energy imports, net (% of energy use)",2022,-4.15913469215311,,0
HPC,Heavily indebted poor countries (HIPC),EG.IMP.CONS.ZS,"Energy imports, net (% of energy use)",2021,-4.2411204099287,,0
HPC,Heavily indebted poor countries (HIPC),EG.IMP.CONS.ZS,"Energy imports, net (% of energy use)",2020,-6.77660353383721,,0
HPC,Heavily indebted poor countries (HIPC),EG.IMP.CONS.ZS,"Energy imports, net (% of energy use)",2019,-7.99067271863099,,0
HPC,Heavily indebted poor countries (HIPC),EG.IMP.CONS.ZS,"Energy imports, net (% of energy use)",2018,-10.7546452604566,,0
HPC,Heavily indebted poor countries (HIPC),EG.IMP.CONS.ZS,"Energy imports, net (% of energy use)",2017,-10.7433241727267,,0
HPC,Heavily indebted poor countries (HIPC),EG.IMP.CONS.ZS,"Energy imports, net (% of energy use)",2016,-5.81756853634953,,0
HPC,Heavily indebted poor countries (HIPC),EG.IMP.CONS.ZS,"Energy imports, net (% of energy use)",2015,-7.25949320940248,,0
HPC,Heavily indebted poor countries (HIPC),EG.IMP.CONS.ZS,"Energy imports, net (% of energy use)",2014,-8.2461558479917,,0
HPC,Heavily indebted poor countries (HIPC),EG.IMP.CONS.ZS,"Energy imports, net (% of energy use)",2013,-10.623641090915,,0
HPC,Heavily indebted poor countries (HIPC),EG.IMP.CONS.ZS,"Energy imports, net (% of energy use)",2012,-10.8042000018236,,0
HPC,Heavily indebted poor countries (HIPC),EG.IMP.CONS.ZS,"Energy imports, net (% of energy use)",2011,-24.3857049467436,,0
HPC,Heavily indebted poor countries (HIPC),EG.IMP.CONS.ZS,"Energy imports, net (% of energy use)",2005,-33.2505305354523,,0
HPC,Heavily indebted poor countries (HIPC),EG.IMP.CONS.ZS,"Energy imports, net (% of energy use)",2004,-30.7056486473656,,0
HPC,Heavily indebted poor countries (HIPC),EG.IMP.CONS.ZS,"Energy imports, net (% of energy use)",1999,-9.96963146101209,,0
HPC,Heavily indebted poor countries (HIPC),EG.IMP.CONS.ZS,"Energy imports, net (% of energy use)",1997,-7.60634435729963,,0
HPC,Heavily indebted poor countries (HIPC),EG.IMP.CONS.ZS,"Energy imports, net (% of energy use)",1996,-6.64979404841325,,0
HPC,Heavily indebted poor countries (HIPC),EG.IMP.CONS.ZS,"Energy imports, net (% of energy use)",1995,-6.37665969036018,,0
HPC,Heavily indebted poor countries (HIPC),EG.IMP.CONS.ZS,"Energy imports, net (% of energy use)",1994,-7.62593570180863,,0
HPC,Heavily indebted poor countries (HIPC),EG.IMP.CONS.ZS,"Energy imports, net (% of energy use)",1993,-9.15335720691408,,0
HPC,Heavily indebted poor countries (HIPC),EG.IMP.CONS.ZS,"Energy imports, net (% of energy use)",1992,-9.10705714613747,,0
HPC,Heavily indebted poor countries (HIPC),EG.IMP.CONS.ZS,"Energy imports, net (% of energy use)",1991,-9.34513969110884,,0
HPC,Heavily indebted poor countries (HIPC),EG.IMP.CONS.ZS,"Energy imports, net (% of energy use)",1990,-9.76201275412132,,0
,High income,EG.IMP.CONS.ZS,"Energy imports, net (% of energy use)",2023,11.0913651405998,,0
,High income,EG.IMP.CONS.ZS,"Energy imports, net (% of energy use)",2022,-10.205321763985,,0
,High income,EG.IMP.CONS.ZS,"Energy imports, net (% of energy use)",2021,-9.27090800220065,,0
,High income,EG.IMP.CONS.ZS,"Energy imports, net (% of energy use)",2020,-10.8341929146486,,0
,High income,EG.IMP.CONS.ZS,"Energy imports, net (% of energy use)",2019,-7.6493171298515,,0
,High income,EG.IMP.CONS.ZS,"Energy imports, net (% of energy use)",2018,-5.54228281905344,,0
,High income,EG.IMP.CONS.ZS,"Energy imports, net (% of energy use)",2017,-2.76090528288209,,0
,High income,EG.IMP.CONS.ZS,"Energy imports, net (% of energy use)",2016,-2.20197810021268,,0
,High income,EG.IMP.CONS.ZS,"Energy imports, net (% of energy use)",2015,-1.31726342329138,,0
,High income,EG.IMP.CONS.ZS,"Energy imports, net (% of energy use)",2014,-0.262770371559647,,0
,High income,EG.IMP.CONS.ZS,"Energy imports, net (% of energy use)",2013,1.06831627529206,,0
,High income,EG.IMP.CONS.ZS,"Energy imports, net (% of energy use)",2012,3.19872239401114,,0
,High income,EG.IMP.CONS.ZS,"Energy imports, net (% of energy use)",2011,5.47481716243575,,0
,High income,EG.IMP.CONS.ZS,"Energy imports, net (% of energy use)",2010,8.22137848965688,,0
,High income,EG.IMP.CONS.ZS,"Energy imports, net (% of energy use)",2009,9.29392121584166,,0
,High income,EG.IMP.CONS.ZS,"Energy imports, net (% of energy use)",2008,12.255729810804,,0
,High income,EG.IMP.CONS.ZS,"Energy imports, net (% of energy use)",2007,13.236062801233,,0
,High income,EG.IMP.CONS.ZS,"Energy imports, net (% of energy use)",2006,13.7503250970944,,0
,High income,EG.IMP.CONS.ZS,"Energy imports, net (% of energy use)",2005,13.0511706036663,,0
,High income,EG.IMP.CONS.ZS,"Energy imports, net (% of energy use)",2004,11.533893084329,,0
,High income,EG.IMP.CONS.ZS,"Energy imports, net (% of energy use)",2003,12.6296715773684,,0
,High income,EG.IMP.CONS.ZS,"Energy imports, net (% of energy use)",2002,12.6257239782452,,0
,High income,EG.IMP.CONS.ZS,"Energy imports, net (% of energy use)",2001,12.6313060398626,,0
,High income,EG.IMP.CONS.ZS,"Energy imports, net (% of energy use)",2000,11.7459452306043,,0
,High income,EG.IMP.CONS.ZS,"Energy imports, net (% of energy use)",1999,11.8277346188908,,0
,High income,EG.IMP.CONS.ZS,"Energy imports, net (% of energy use)",1998,10.7453899518689,,0
,High income,EG.IMP.CONS.ZS,"Energy imports, net (% of energy use)",1997,10.5599025231784,,0
,High income,EG.IMP.CONS.ZS,"Energy imports, net (% of energy use)",1996,9.95167923565965,,0
,High income,EG.IMP.CONS.ZS,"Energy imports, net (% of energy use)",1995,9.23871374966644,,0
,High income,EG.IMP.CONS.ZS,"Energy imports, net (% of energy use)",1994,9.56474945796184,,0
,High income,EG.IMP.CONS.ZS,"Energy imports, net (% of energy use)",1993,9.63722182720254,,0
,High income,EG.IMP.CONS.ZS,"Energy imports, net (% of energy use)",1992,8.63533349404208,,0
,High income,EG.IMP.CONS.ZS,"Energy imports, net (% of energy use)",1991,8.56332258050474,,0
,High income,EG.IMP.CONS.ZS,"Energy imports, net (% of energy use)",1990,9.33407305260475,,0
IBD,IBRD only,EG.IMP.CONS.ZS,"Energy imports, net (% of energy use)",2023,14.1331902513468,,0
IBD,IBRD only,EG.IMP.CONS.ZS,"Energy imports, net (% of energy use)",2022,0.427737501712742,,0
IBD,IBRD only,EG.IMP.CONS.ZS,"Energy imports, net (% of energy use)",2021,0.0684197083226988,,0
IBD,IBRD only,EG.IMP.CONS.ZS,"Energy imports, net (% of energy use)",2020,-0.477509400090179,,0
IBD,IBRD only,EG.IMP.CONS.ZS,"Energy imports, net (% of energy use)",2019,-2.6837488256785,,0
IBD,IBRD only,EG.IMP.CONS.ZS,"Energy imports, net (% of energy use)",2018,-4.55714556288803,,0
IBD,IBRD only,EG.IMP.CONS.ZS,"Energy imports, net (% of energy use)",2017,-6.07244957975834,,0
IBD,IBRD only,EG.IMP.CONS.ZS,"Energy imports, net (% of energy use)",2016,-7.22795247877636,,0
IBD,IBRD only,EG.IMP.CONS.ZS,"Energy imports, net (% of energy use)",2015,-7.09849918217209,,0
IBD,IBRD only,EG.IMP.CONS.ZS,"Energy imports, net (% of energy use)",2014,-6.91589750411062,,0
IBD,IBRD only,EG.IMP.CONS.ZS,"Energy imports, net (% of energy use)",2013,-8.90143588176385,,0
IBD,IBRD only,EG.IMP.CONS.ZS,"Energy imports, net (% of energy use)",2012,-10.1734545975595,,0
IBD,IBRD only,EG.IMP.CONS.ZS,"Energy imports, net (% of energy use)",2011,-11.7994153582216,,0
IBD,IBRD only,EG.IMP.CONS.ZS,"Energy imports, net (% of energy use)",2010,-14.0789277032908,,0
IBD,IBRD only,EG.IMP.CONS.ZS,"Energy imports, net (% of energy use)",2009,-15.9564427270699,,0
IBD,IBRD only,EG.IMP.CONS.ZS,"Energy imports, net (% of energy use)",2008,-18.1903344313969,,0
IBD,IBRD only,EG.IMP.CONS.ZS,"Energy imports, net (% of energy use)",2007,-19.9603259100032,,0
IBD,IBRD only,EG.IMP.CONS.ZS,"Energy imports, net (% of energy use)",2006,-21.7033314085825,,0
IBD,IBRD only,EG.IMP.CONS.ZS,"Energy imports, net (% of energy use)",2005,-23.1189527298161,,0
IBD,IBRD only,EG.IMP.CONS.ZS,"Energy imports, net (% of energy use)",2004,-22.9014113413554,,0
IBD,IBRD only,EG.IMP.CONS.ZS,"Energy imports, net (% of energy use)",2003,-23.3622084620937,,0
IBD,IBRD only,EG.IMP.CONS.ZS,"Energy imports, net (% of energy use)",2002,-24.3453548531673,,0
IBD,IBRD only,EG.IMP.CONS.ZS,"Energy imports, net (% of energy use)",2001,-24.9013059857239,,0
IBD,IBRD only,EG.IMP.CONS.ZS,"Energy imports, net (% of energy use)",2000,-24.1893695439614,,0
IBD,IBRD only,EG.IMP.CONS.ZS,"Energy imports, net (% of energy use)",1999,-24.3020374024154,,0
IBD,IBRD only,EG.IMP.CONS.ZS,"Energy imports, net (% of energy use)",1998,-24.5054944929056,,0
IBD,IBRD only,EG.IMP.CONS.ZS,"Energy imports, net (% of energy use)",1997,-18.0401907935954,,0
IBD,IBRD only,EG.IMP.CONS.ZS,"Energy imports, net (% of energy use)",1996,-21.8056535491523,,0
IBD,IBRD only,EG.IMP.CONS.ZS,"Energy imports, net (% of energy use)",1995,-17.3991713074534,,0
IBD,IBRD only,EG.IMP.CONS.ZS,"Energy imports, net (% of energy use)",1994,-18.3520205897263,,0
IBD,IBRD only,EG.IMP.CONS.ZS,"Energy imports, net (% of energy use)",1993,-16.9841696267854,,0
IBD,IBRD only,EG.IMP.CONS.ZS,"Energy imports, net (% of energy use)",1992,-17.6958884167432,,0
IBD,IBRD only,EG.IMP.CONS.ZS,"Energy imports, net (% of energy use)",1991,-17.7603963638951,,0
IBD,IBRD only,EG.IMP.CONS.ZS,"Energy imports, net (% of energy use)",1990,-23.5671126758754,,0
IBT,IDA & IBRD total,EG.IMP.CONS.ZS,"Energy imports, net (% of energy use)",2023,14.4266344980945,,0
IBT,IDA & IBRD total,EG.IMP.CONS.ZS,"Energy imports, net (% of energy use)",2022,0.708871797709605,,0
IBT,IDA & IBRD total,EG.IMP.CONS.ZS,"Energy imports, net (% of energy use)",2021,0.291502813291417,,0
IBT,IDA & IBRD total,EG.IMP.CONS.ZS,"Energy imports, net (% of energy use)",2020,-0.559245151216436,,0
IBT,IDA & IBRD total,EG.IMP.CONS.ZS,"Energy imports, net (% of energy use)",2019,-3.28908826749218,,0
IBT,IDA & IBRD total,EG.IMP.CONS.ZS,"Energy imports, net (% of energy use)",2018,-5.03954893460146,,0
IBT,IDA & IBRD total,EG.IMP.CONS.ZS,"Energy imports, net (% of energy use)",2017,-6.36925368788776,,0
IBT,IDA & IBRD total,EG.IMP.CONS.ZS,"Energy imports, net (% of energy use)",2016,-7.26949373563121,,0
IBT,IDA & IBRD total,EG.IMP.CONS.ZS,"Energy imports, net (% of energy use)",2015,-7.61809890775599,,0
IBT,IDA & IBRD total,EG.IMP.CONS.ZS,"Energy imports, net (% of energy use)",2014,-7.55724247219049,,0
IBT,IDA & IBRD total,EG.IMP.CONS.ZS,"Energy imports, net (% of energy use)",2013,-9.57291296568238,,0
IBT,IDA & IBRD total,EG.IMP.CONS.ZS,"Energy imports, net (% of energy use)",2012,-11.1883129220778,,0
IBT,IDA & IBRD total,EG.IMP.CONS.ZS,"Energy imports, net (% of energy use)",2011,-12.9358496543547,,0
IBT,IDA & IBRD total,EG.IMP.CONS.ZS,"Energy imports, net (% of energy use)",2010,-15.4723756566554,,0
IBT,IDA & IBRD total,EG.IMP.CONS.ZS,"Energy imports, net (% of energy use)",2009,-17.2329458196081,,0
IBT,IDA & IBRD total,EG.IMP.CONS.ZS,"Energy imports, net (% of energy use)",2008,-19.2080797813114,,0
IBT,IDA & IBRD total,EG.IMP.CONS.ZS,"Energy imports, net (% of energy use)",2007,-21.1596117292117,,0
IBT,IDA & IBRD total,EG.IMP.CONS.ZS,"Energy imports, net (% of energy use)",2006,-22.8793387350499,,0
IBT,IDA & IBRD total,EG.IMP.CONS.ZS,"Energy imports, net (% of energy use)",2005,-24.4435395705407,,0
IBT,IDA & IBRD total,EG.IMP.CONS.ZS,"Energy imports, net (% of energy use)",2004,-24.4406718759528,,0
IBT,IDA & IBRD total,EG.IMP.CONS.ZS,"Energy imports, net (% of energy use)",2003,-24.7064293597205,,0
IBT,IDA & IBRD total,EG.IMP.CONS.ZS,"Energy imports, net (% of energy use)",2002,-25.4320798968919,,0
IBT,IDA & IBRD total,EG.IMP.CONS.ZS,"Energy imports, net (% of energy use)",2001,-26.295652923543,,0
IBT,IDA & IBRD total,EG.IMP.CONS.ZS,"Energy imports, net (% of energy use)",2000,-25.5151269848493,,0
IBT,IDA & IBRD total,EG.IMP.CONS.ZS,"Energy imports, net (% of energy use)",1999,-25.3273057257352,,0
IBT,IDA & IBRD total,EG.IMP.CONS.ZS,"Energy imports, net (% of energy use)",1998,-25.5854226259925,,0
IBT,IDA & IBRD total,EG.IMP.CONS.ZS,"Energy imports, net (% of energy use)",1997,-19.8286801717852,,0
IBT,IDA & IBRD total,EG.IMP.CONS.ZS,"Energy imports, net (% of energy use)",1996,-23.099337908482,,0
IBT,IDA & IBRD total,EG.IMP.CONS.ZS,"Energy imports, net (% of energy use)",1995,-18.9119162861732,,0
IBT,IDA & IBRD total,EG.IMP.CONS.ZS,"Energy imports, net (% of energy use)",1994,-19.5945917107876,,0
IBT,IDA & IBRD total,EG.IMP.CONS.ZS,"Energy imports, net (% of energy use)",1993,-17.9831091778274,,0
IBT,IDA & IBRD total,EG.IMP.CONS.ZS,"Energy imports, net (% of energy use)",1992,-18.5284034708246,,0
IBT,IDA & IBRD total,EG.IMP.CONS.ZS,"Energy imports, net (% of energy use)",1991,-18.4119333820999,,0
IBT,IDA & IBRD total,EG.IMP.CONS.ZS,"Energy imports, net (% of energy use)",1990,-23.6258636301951,,0
IDB,IDA blend,EG.IMP.CONS.ZS,"Energy imports, net (% of energy use)",2023,22.5559165278294,,0
IDB,IDA blend,EG.IMP.CONS.ZS,"Energy imports, net (% of energy use)",2022,-2.91389978903689,,0
IDB,IDA blend,EG.IMP.CONS.ZS,"Energy imports, net (% of energy use)",2021,-6.90674312421847,,0
IDB,IDA blend,EG.IMP.CONS.ZS,"Energy imports, net (% of energy use)",2020,-16.169371664358,,0
IDB,IDA blend,EG.IMP.CONS.ZS,"Energy imports, net (% of energy use)",2019,-32.0063336520497,,0
IDB,IDA blend,EG.IMP.CONS.ZS,"Energy imports, net (% of energy use)",2018,-33.455053569679,,0
IDB,IDA blend,EG.IMP.CONS.ZS,"Energy imports, net (% of energy use)",2017,-26.5780490052229,,0
IDB,IDA blend,EG.IMP.CONS.ZS,"Energy imports, net (% of energy use)",2016,-27.5752436942292,,0
IDB,IDA blend,EG.IMP.CONS.ZS,"Energy imports, net (% of energy use)",2015,-40.4102360961965,,0
IDB,IDA blend,EG.IMP.CONS.ZS,"Energy imports, net (% of energy use)",2014,-39.3880994474472,,0
IDB,IDA blend,EG.IMP.CONS.ZS,"Energy imports, net (% of energy use)",2013,-41.8261394648424,,0
IDB,IDA blend,EG.IMP.CONS.ZS,"Energy imports, net (% of energy use)",2012,-52.3816819276733,,0
IDB,IDA blend,EG.IMP.CONS.ZS,"Energy imports, net (% of energy use)",2011,-47.0076021649463,,0
IDB,IDA blend,EG.IMP.CONS.ZS,"Energy imports, net (% of energy use)",2010,-55.3636406918104,,0
IDB,IDA blend,EG.IMP.CONS.ZS,"Energy imports, net (% of energy use)",2009,-56.524292104262,,0
IDB,IDA blend,EG.IMP.CONS.ZS,"Energy imports, net (% of energy use)",2008,-54.954273251589,,0
IDB,IDA blend,EG.IMP.CONS.ZS,"Energy imports, net (% of energy use)",2007,-60.0434315730057,,0
IDB,IDA blend,EG.IMP.CONS.ZS,"Energy imports, net (% of energy use)",2006,-63.080553114277,,0
IDB,IDA blend,EG.IMP.CONS.ZS,"Energy imports, net (% of energy use)",2005,-64.5133424354944,,0
IDB,IDA blend,EG.IMP.CONS.ZS,"Energy imports, net (% of energy use)",2004,-66.294411088274,,0
IDB,IDA blend,EG.IMP.CONS.ZS,"Energy imports, net (% of energy use)",2003,-61.1198466158092,,0
IDB,IDA blend,EG.IMP.CONS.ZS,"Energy imports, net (% of energy use)",2002,-51.8741844842657,,0
IDB,IDA blend,EG.IMP.CONS.ZS,"Energy imports, net (% of energy use)",2001,-62.2624034390962,,0
IDB,IDA blend,EG.IMP.CONS.ZS,"Energy imports, net (% of energy use)",2000,-60.5824281343084,,0
IDB,IDA blend,EG.IMP.CONS.ZS,"Energy imports, net (% of energy use)",1999,-55.1992487837691,,0
IDB,IDA blend,EG.IMP.CONS.ZS,"Energy imports, net (% of energy use)",1998,-57.5495690143361,,0
IDB,IDA blend,EG.IMP.CONS.ZS,"Energy imports, net (% of energy use)",1997,-66.0169307953311,,0
IDB,IDA blend,EG.IMP.CONS.ZS,"Energy imports, net (% of energy use)",1996,-61.9034788857296,,0
IDB,IDA blend,EG.IMP.CONS.ZS,"Energy imports, net (% of energy use)",1995,-58.0400386051833,,0
IDB,IDA blend,EG.IMP.CONS.ZS,"Energy imports, net (% of energy use)",1994,-53.5185198846353,,0
IDB,IDA blend,EG.IMP.CONS.ZS,"Energy imports, net (% of energy use)",1993,-50.5654081102061,,0
IDB,IDA blend,EG.IMP.CONS.ZS,"Energy imports, net (% of energy use)",1992,-51.6782546170392,,0
IDB,IDA blend,EG.IMP.CONS.ZS,"Energy imports, net (% of energy use)",1991,-48.2458396991045,,0
IDB,IDA blend,EG.IMP.CONS.ZS,"Energy imports, net (% of energy use)",1990,-47.9317043743288,,0
IDX,IDA only,EG.IMP.CONS.ZS,"Energy imports, net (% of energy use)",2022,10.450911466883,,0
IDX,IDA only,EG.IMP.CONS.ZS,"Energy imports, net (% of energy use)",2021,11.506307185693,,0
IDX,IDA only,EG.IMP.CONS.ZS,"Energy imports, net (% of energy use)",2020,10.3848130088099,,0
IDX,IDA only,EG.IMP.CONS.ZS,"Energy imports, net (% of energy use)",2019,6.41834378043187,,0
IDX,IDA only,EG.IMP.CONS.ZS,"Energy imports, net (% of energy use)",2018,7.11714052604902,,0
IDX,IDA only,EG.IMP.CONS.ZS,"Energy imports, net (% of energy use)",2017,3.90873237124872,,0
IDX,IDA only,EG.IMP.CONS.ZS,"Energy imports, net (% of energy use)",2016,9.54251088077982,,0
IDX,IDA only,EG.IMP.CONS.ZS,"Energy imports, net (% of energy use)",2015,8.12064564282965,,0
IDX,IDA only,EG.IMP.CONS.ZS,"Energy imports, net (% of energy use)",2014,4.74771425937331,,0
IDX,IDA only,EG.IMP.CONS.ZS,"Energy imports, net (% of energy use)",2013,2.56332527571064,,0
IDX,IDA only,EG.IMP.CONS.ZS,"Energy imports, net (% of energy use)",2012,0.962089678721856,,0
IDX,IDA only,EG.IMP.CONS.ZS,"Energy imports, net (% of energy use)",2011,-9.0729054507131,,0
IDX,IDA only,EG.IMP.CONS.ZS,"Energy imports, net (% of energy use)",2010,-12.9707246274633,,0
IDX,IDA only,EG.IMP.CONS.ZS,"Energy imports, net (% of energy use)",2009,-12.1886603920755,,0
IDX,IDA only,EG.IMP.CONS.ZS,"Energy imports, net (% of energy use)",2008,-8.94958963774767,,0
IDX,IDA only,EG.IMP.CONS.ZS,"Energy imports, net (% of energy use)",2007,-11.8261082266591,,0
IDX,IDA only,EG.IMP.CONS.ZS,"Energy imports, net (% of energy use)",2006,-10.3673345196957,,0
IDX,IDA only,EG.IMP.CONS.ZS,"Energy imports, net (% of energy use)",2005,-15.0940894671067,,0
IDX,IDA only,EG.IMP.CONS.ZS,"Energy imports, net (% of energy use)",2004,-17.8171575333572,,0
IDX,IDA only,EG.IMP.CONS.ZS,"Energy imports, net (% of energy use)",2003,-17.9321381335459,,0
IDX,IDA only,EG.IMP.CONS.ZS,"Energy imports, net (% of energy use)",2002,-22.1174554719611,,0
IDX,IDA only,EG.IMP.CONS.ZS,"Energy imports, net (% of energy use)",2001,-19.246266928149,,0
IDX,IDA only,EG.IMP.CONS.ZS,"Energy imports, net (% of energy use)",2000,-17.7753041011836,,0
IDX,IDA only,EG.IMP.CONS.ZS,"Energy imports, net (% of energy use)",1999,-15.23084982301,,0
IDX,IDA only,EG.IMP.CONS.ZS,"Energy imports, net (% of energy use)",1997,-12.3138328328844,,0
IDX,IDA only,EG.IMP.CONS.ZS,"Energy imports, net (% of energy use)",1996,-12.6884184327528,,0
IDX,IDA only,EG.IMP.CONS.ZS,"Energy imports, net (% of energy use)",1995,-14.5119702221571,,0
IDX,IDA only,EG.IMP.CONS.ZS,"Energy imports, net (% of energy use)",1994,-12.3139347977652,,0
IDX,IDA only,EG.IMP.CONS.ZS,"Energy imports, net (% of energy use)",1993,-6.08996092593229,,0
IDX,IDA only,EG.IMP.CONS.ZS,"Energy imports, net (% of energy use)",1992,-2.67398582835211,,0
IDX,IDA only,EG.IMP.CONS.ZS,"Energy imports, net (% of energy use)",1991,-2.4401255116373,,0
IDX,IDA only,EG.IMP.CONS.ZS,"Energy imports, net (% of energy use)",1990,1.06056657701524,,0
IDA,IDA total,EG.IMP.CONS.ZS,"Energy imports, net (% of energy use)",2023,22.5559165278294,,0
IDA,IDA total,EG.IMP.CONS.ZS,"Energy imports, net (% of energy use)",2022,4.29288090673386,,0
IDA,IDA total,EG.IMP.CONS.ZS,"Energy imports, net (% of energy use)",2021,3.09858709816855,,0
IDA,IDA total,EG.IMP.CONS.ZS,"Energy imports, net (% of energy use)",2020,-1.56692551496771,,0
IDA,IDA total,EG.IMP.CONS.ZS,"Energy imports, net (% of energy use)",2019,-11.3125254955131,,0
IDA,IDA total,EG.IMP.CONS.ZS,"Energy imports, net (% of energy use)",2018,-11.3411949862697,,0
IDA,IDA total,EG.IMP.CONS.ZS,"Energy imports, net (% of energy use)",2017,-10.1953966624921,,0
IDA,IDA total,EG.IMP.CONS.ZS,"Energy imports, net (% of energy use)",2016,-7.80376319014404,,0
IDA,IDA total,EG.IMP.CONS.ZS,"Energy imports, net (% of energy use)",2015,-14.47969775933,,0
IDA,IDA total,EG.IMP.CONS.ZS,"Energy imports, net (% of energy use)",2014,-16.0982369756777,,0
IDA,IDA total,EG.IMP.CONS.ZS,"Energy imports, net (% of energy use)",2013,-18.5969665064558,,0
IDA,IDA total,EG.IMP.CONS.ZS,"Energy imports, net (% of energy use)",2012,-25.1383992598872,,0
IDA,IDA total,EG.IMP.CONS.ZS,"Energy imports, net (% of energy use)",2011,-28.5112907971134,,0
IDA,IDA total,EG.IMP.CONS.ZS,"Energy imports, net (% of energy use)",2010,-35.8086821226512,,0
IDA,IDA total,EG.IMP.CONS.ZS,"Energy imports, net (% of energy use)",2009,-35.8858501969716,,0
IDA,IDA total,EG.IMP.CONS.ZS,"Energy imports, net (% of energy use)",2008,-33.4658329934261,,0
IDA,IDA total,EG.IMP.CONS.ZS,"Energy imports, net (% of energy use)",2007,-37.7206122263385,,0
IDA,IDA total,EG.IMP.CONS.ZS,"Energy imports, net (% of energy use)",2006,-38.6651426191731,,0
IDA,IDA total,EG.IMP.CONS.ZS,"Energy imports, net (% of energy use)",2005,-41.5665563285677,,0
IDA,IDA total,EG.IMP.CONS.ZS,"Energy imports, net (% of energy use)",2004,-43.9315376156043,,0
IDA,IDA total,EG.IMP.CONS.ZS,"Energy imports, net (% of energy use)",2003,-41.2595069566553,,0
IDA,IDA total,EG.IMP.CONS.ZS,"Energy imports, net (% of energy use)",2002,-38.2817808056458,,0
IDA,IDA total,EG.IMP.CONS.ZS,"Energy imports, net (% of energy use)",2001,-42.6510594361961,,0
IDA,IDA total,EG.IMP.CONS.ZS,"Energy imports, net (% of energy use)",2000,-41.2009854856919,,0
IDA,IDA total,EG.IMP.CONS.ZS,"Energy imports, net (% of energy use)",1999,-37.6137632105108,,0
IDA,IDA total,EG.IMP.CONS.ZS,"Energy imports, net (% of energy use)",1998,-39.3284481951491,,0
IDA,IDA total,EG.IMP.CONS.ZS,"Energy imports, net (% of energy use)",1997,-41.0355982164716,,0
IDA,IDA total,EG.IMP.CONS.ZS,"Energy imports, net (% of energy use)",1996,-39.0725525888879,,0
IDA,IDA total,EG.IMP.CONS.ZS,"Energy imports, net (% of energy use)",1995,-37.7322208670238,,0
IDA,IDA total,EG.IMP.CONS.ZS,"Energy imports, net (% of energy use)",1994,-33.8899590112563,,0
IDA,IDA total,EG.IMP.CONS.ZS,"Energy imports, net (% of energy use)",1993,-29.7411991248043,,0
IDA,IDA total,EG.IMP.CONS.ZS,"Energy imports, net (% of energy use)",1992,-28.4587923215925,,0
IDA,IDA total,EG.IMP.CONS.ZS,"Energy imports, net (% of energy use)",1991,-26.4064889476234,,0
IDA,IDA total,EG.IMP.CONS.ZS,"Energy imports, net (% of energy use)",1990,-24.3736378057729,,0
LTE,Late-demographic dividend,EG.IMP.CONS.ZS,"Energy imports, net (% of energy use)",2023,0.374008033625475,,0
LTE,Late-demographic dividend,EG.IMP.CONS.ZS,"Energy imports, net (% of energy use)",2022,-4.65173206125185,,0
LTE,Late-demographic dividend,EG.IMP.CONS.ZS,"Energy imports, net (% of energy use)",2021,-4.83515219429133,,0
LTE,Late-demographic dividend,EG.IMP.CONS.ZS,"Energy imports, net (% of energy use)",2020,-6.00715593285943,,0
LTE,Late-demographic dividend,EG.IMP.CONS.ZS,"Energy imports, net (% of energy use)",2019,-8.38651482741174,,0
LTE,Late-demographic dividend,EG.IMP.CONS.ZS,"Energy imports, net (% of energy use)",2018,-9.5003058789664,,0
LTE,Late-demographic dividend,EG.IMP.CONS.ZS,"Energy imports, net (% of energy use)",2017,-11.3000121826276,,0
LTE,Late-demographic dividend,EG.IMP.CONS.ZS,"Energy imports, net (% of energy use)",2016,-12.7241848930202,,0
LTE,Late-demographic dividend,EG.IMP.CONS.ZS,"Energy imports, net (% of energy use)",2015,-13.5280224522418,,0
LTE,Late-demographic dividend,EG.IMP.CONS.ZS,"Energy imports, net (% of energy use)",2014,-12.4411435895836,,0
LTE,Late-demographic dividend,EG.IMP.CONS.ZS,"Energy imports, net (% of energy use)",2013,-13.4278927371013,,0
LTE,Late-demographic dividend,EG.IMP.CONS.ZS,"Energy imports, net (% of energy use)",2012,-14.5640817677448,,0
LTE,Late-demographic dividend,EG.IMP.CONS.ZS,"Energy imports, net (% of energy use)",2011,-15.5391237362025,,0
LTE,Late-demographic dividend,EG.IMP.CONS.ZS,"Energy imports, net (% of energy use)",2010,-16.4341494658658,,0
LTE,Late-demographic dividend,EG.IMP.CONS.ZS,"Energy imports, net (% of energy use)",2009,-17.8101158866583,,0
LTE,Late-demographic dividend,EG.IMP.CONS.ZS,"Energy imports, net (% of energy use)",2008,-16.7977784580114,,0
LTE,Late-demographic dividend,EG.IMP.CONS.ZS,"Energy imports, net (% of energy use)",2007,-17.853961033738,,0
LTE,Late-demographic dividend,EG.IMP.CONS.ZS,"Energy imports, net (% of energy use)",2006,-19.511363179238,,0
LTE,Late-demographic dividend,EG.IMP.CONS.ZS,"Energy imports, net (% of energy use)",2005,-21.1755043181552,,0
LTE,Late-demographic dividend,EG.IMP.CONS.ZS,"Energy imports, net (% of energy use)",2004,-24.1036599682989,,0
LTE,Late-demographic dividend,EG.IMP.CONS.ZS,"Energy imports, net (% of energy use)",2003,-23.6411772954156,,0
LTE,Late-demographic dividend,EG.IMP.CONS.ZS,"Energy imports, net (% of energy use)",2002,-24.9800297834,,0
LTE,Late-demographic dividend,EG.IMP.CONS.ZS,"Energy imports, net (% of energy use)",2001,-25.4024558827811,,0
LTE,Late-demographic dividend,EG.IMP.CONS.ZS,"Energy imports, net (% of energy use)",2000,-24.621952336191,,0
LTE,Late-demographic dividend,EG.IMP.CONS.ZS,"Energy imports, net (% of energy use)",1999,-24.183734741417,,0
LTE,Late-demographic dividend,EG.IMP.CONS.ZS,"Energy imports, net (% of energy use)",1998,-24.1621465581949,,0
LTE,Late-demographic dividend,EG.IMP.CONS.ZS,"Energy imports, net (% of energy use)",1997,-22.2208852983617,,0
LTE,Late-demographic dividend,EG.IMP.CONS.ZS,"Energy imports, net (% of energy use)",1996,-21.862373121641,,0
LTE,Late-demographic dividend,EG.IMP.CONS.ZS,"Energy imports, net (% of energy use)",1995,-21.735134970223,,0
LTE,Late-demographic dividend,EG.IMP.CONS.ZS,"Energy imports, net (% of energy use)",1994,-22.3676052725004,,0
LTE,Late-demographic dividend,EG.IMP.CONS.ZS,"Energy imports, net (% of energy use)",1993,-19.0409471703363,,0
LTE,Late-demographic dividend,EG.IMP.CONS.ZS,"Energy imports, net (% of energy use)",1992,-20.3353814998656,,0
LTE,Late-demographic dividend,EG.IMP.CONS.ZS,"Energy imports, net (% of energy use)",1991,-18.6931337435135,,0
LTE,Late-demographic dividend,EG.IMP.CONS.ZS,"Energy imports, net (% of energy use)",1990,-21.0476792001371,,0
LCN,Latin America & Caribbean,EG.IMP.CONS.ZS,"Energy imports, net (% of energy use)",2023,-7.46454581724272,,0
LCN,Latin America & Caribbean,EG.IMP.CONS.ZS,"Energy imports, net (% of energy use)",2022,-4.46477811302432,,0
LCN,Latin America & Caribbean,EG.IMP.CONS.ZS,"Energy imports, net (% of energy use)",2021,-3.34109490857232,,0
LCN,Latin America & Caribbean,EG.IMP.CONS.ZS,"Energy imports, net (% of energy use)",2020,-12.1691468945926,,0
LCN,Latin America & Caribbean,EG.IMP.CONS.ZS,"Energy imports, net (% of energy use)",2019,-8.05751465295325,,0
LCN,Latin America & Caribbean,EG.IMP.CONS.ZS,"Energy imports, net (% of energy use)",2018,-12.0108988481204,,0
LCN,Latin America & Caribbean,EG.IMP.CONS.ZS,"Energy imports, net (% of energy use)",2017,-16.031813105246,,0
LCN,Latin America & Caribbean,EG.IMP.CONS.ZS,"Energy imports, net (% of energy use)",2016,-17.1592556557252,,0
LCN,Latin America & Caribbean,EG.IMP.CONS.ZS,"Energy imports, net (% of energy use)",2015,-18.0204287938607,,0
LCN,Latin America & Caribbean,EG.IMP.CONS.ZS,"Energy imports, net (% of energy use)",2014,-20.1404244556971,,0
LCN,Latin America & Caribbean,EG.IMP.CONS.ZS,"Energy imports, net (% of energy use)",2013,-18.9530361604898,,0
LCN,Latin America & Caribbean,EG.IMP.CONS.ZS,"Energy imports, net (% of energy use)",2012,-23.3592807513194,,0
LCN,Latin America & Caribbean,EG.IMP.CONS.ZS,"Energy imports, net (% of energy use)",2011,-27.3154918814979,,0
LCN,Latin America & Caribbean,EG.IMP.CONS.ZS,"Energy imports, net (% of energy use)",2010,-27.5100002021197,,0
LCN,Latin America & Caribbean,EG.IMP.CONS.ZS,"Energy imports, net (% of energy use)",2009,-31.9421357685661,,0
LCN,Latin America & Caribbean,EG.IMP.CONS.ZS,"Energy imports, net (% of energy use)",2008,-31.9572405729007,,0
LCN,Latin America & Caribbean,EG.IMP.CONS.ZS,"Energy imports, net (% of energy use)",2007,-34.6422959118463,,0
LCN,Latin America & Caribbean,EG.IMP.CONS.ZS,"Energy imports, net (% of energy use)",2006,-40.2576364705322,,0
LCN,Latin America & Caribbean,EG.IMP.CONS.ZS,"Energy imports, net (% of energy use)",2005,-43.4165165081917,,0
LCN,Latin America & Caribbean,EG.IMP.CONS.ZS,"Energy imports, net (% of energy use)",2004,-43.1695687138658,,0
LCN,Latin America & Caribbean,EG.IMP.CONS.ZS,"Energy imports, net (% of energy use)",2003,-41.4874375298148,,0
LCN,Latin America & Caribbean,EG.IMP.CONS.ZS,"Energy imports, net (% of energy use)",2002,-40.0887456786267,,0
LCN,Latin America & Caribbean,EG.IMP.CONS.ZS,"Energy imports, net (% of energy use)",2001,-44.0834273823865,,0
LCN,Latin America & Caribbean,EG.IMP.CONS.ZS,"Energy imports, net (% of energy use)",2000,-41.0495695348697,,0
LCN,Latin America & Caribbean,EG.IMP.CONS.ZS,"Energy imports, net (% of energy use)",1999,-38.8289025380235,,0
LCN,Latin America & Caribbean,EG.IMP.CONS.ZS,"Energy imports, net (% of energy use)",1998,-43.1972036893249,,0
LCN,Latin America & Caribbean,EG.IMP.CONS.ZS,"Energy imports, net (% of energy use)",1997,-13.372619529809,,0
LCN,Latin America & Caribbean,EG.IMP.CONS.ZS,"Energy imports, net (% of energy use)",1996,-43.0294084355654,,0
LCN,Latin America & Caribbean,EG.IMP.CONS.ZS,"Energy imports, net (% of energy use)",1995,-12.5394732632361,,0
LCN,Latin America & Caribbean,EG.IMP.CONS.ZS,"Energy imports, net (% of energy use)",1994,-10.9146671166874,,0
LCN,Latin America & Caribbean,EG.IMP.CONS.ZS,"Energy imports, net (% of energy use)",1993,-12.4201659591868,,0
LCN,Latin America & Caribbean,EG.IMP.CONS.ZS,"Energy imports, net (% of energy use)",1992,-12.4543443905878,,0
LCN,Latin America & Caribbean,EG.IMP.CONS.ZS,"Energy imports, net (% of energy use)",1991,-13.7247232320984,,0
LCN,Latin America & Caribbean,EG.IMP.CONS.ZS,"Energy imports, net (% of energy use)",1990,-35.9545139514489,,0
LAC,Latin America & Caribbean (excluding high income),EG.IMP.CONS.ZS,"Energy imports, net (% of energy use)",2023,-13.1626086435936,,0
LAC,Latin America & Caribbean (excluding high income),EG.IMP.CONS.ZS,"Energy imports, net (% of energy use)",2022,-4.97585163804628,,0
LAC,Latin America & Caribbean (excluding high income),EG.IMP.CONS.ZS,"Energy imports, net (% of energy use)",2021,-4.00123803639572,,0
LAC,Latin America & Caribbean (excluding high income),EG.IMP.CONS.ZS,"Energy imports, net (% of energy use)",2020,-13.0389506984387,,0
LAC,Latin America & Caribbean (excluding high income),EG.IMP.CONS.ZS,"Energy imports, net (% of energy use)",2019,-6.54838623832671,,0
LAC,Latin America & Caribbean (excluding high income),EG.IMP.CONS.ZS,"Energy imports, net (% of energy use)",2018,-7.35238459873308,,0
LAC,Latin America & Caribbean (excluding high income),EG.IMP.CONS.ZS,"Energy imports, net (% of energy use)",2017,-9.61528578154876,,0
LAC,Latin America & Caribbean (excluding high income),EG.IMP.CONS.ZS,"Energy imports, net (% of energy use)",2016,-8.71660097555617,,0
LAC,Latin America & Caribbean (excluding high income),EG.IMP.CONS.ZS,"Energy imports, net (% of energy use)",2015,-7.90017799139965,,0
LAC,Latin America & Caribbean (excluding high income),EG.IMP.CONS.ZS,"Energy imports, net (% of energy use)",2014,-9.16494250333792,,0
LAC,Latin America & Caribbean (excluding high income),EG.IMP.CONS.ZS,"Energy imports, net (% of energy use)",2013,-8.74294687105659,,0
LAC,Latin America & Caribbean (excluding high income),EG.IMP.CONS.ZS,"Energy imports, net (% of energy use)",2012,-12.3239981767827,,0
LAC,Latin America & Caribbean (excluding high income),EG.IMP.CONS.ZS,"Energy imports, net (% of energy use)",2011,-15.4295800907555,,0
LAC,Latin America & Caribbean (excluding high income),EG.IMP.CONS.ZS,"Energy imports, net (% of energy use)",2010,-16.0469695077821,,0
LAC,Latin America & Caribbean (excluding high income),EG.IMP.CONS.ZS,"Energy imports, net (% of energy use)",2009,-17.5274500986776,,0
LAC,Latin America & Caribbean (excluding high income),EG.IMP.CONS.ZS,"Energy imports, net (% of energy use)",2008,-15.7825549449322,,0
LAC,Latin America & Caribbean (excluding high income),EG.IMP.CONS.ZS,"Energy imports, net (% of energy use)",2007,-19.2136645811926,,0
LAC,Latin America & Caribbean (excluding high income),EG.IMP.CONS.ZS,"Energy imports, net (% of energy use)",2006,-23.7899925024579,,0
LAC,Latin America & Caribbean (excluding high income),EG.IMP.CONS.ZS,"Energy imports, net (% of energy use)",2005,-25.4779847319621,,0
LAC,Latin America & Caribbean (excluding high income),EG.IMP.CONS.ZS,"Energy imports, net (% of energy use)",2004,-26.0797064034584,,0
LAC,Latin America & Caribbean (excluding high income),EG.IMP.CONS.ZS,"Energy imports, net (% of energy use)",2003,-27.3503926091633,,0
LAC,Latin America & Caribbean (excluding high income),EG.IMP.CONS.ZS,"Energy imports, net (% of energy use)",2002,-24.68485814253,,0
LAC,Latin America & Caribbean (excluding high income),EG.IMP.CONS.ZS,"Energy imports, net (% of energy use)",2001,-23.1501112375591,,0
LAC,Latin America & Caribbean (excluding high income),EG.IMP.CONS.ZS,"Energy imports, net (% of energy use)",2000,-21.3326968685935,,0
LAC,Latin America & Caribbean (excluding high income),EG.IMP.CONS.ZS,"Energy imports, net (% of energy use)",1999,-20.4239590994846,,0
LAC,Latin America & Caribbean (excluding high income),EG.IMP.CONS.ZS,"Energy imports, net (% of energy use)",1998,-19.8251273763114,,0
LAC,Latin America & Caribbean (excluding high income),EG.IMP.CONS.ZS,"Energy imports, net (% of energy use)",1997,-19.3611558476146,,0
LAC,Latin America & Caribbean (excluding high income),EG.IMP.CONS.ZS,"Energy imports, net (% of energy use)",1996,-18.6652180196952,,0
LAC,Latin America & Caribbean (excluding high income),EG.IMP.CONS.ZS,"Energy imports, net (% of energy use)",1995,-17.085123117638,,0
LAC,Latin America & Caribbean (excluding high income),EG.IMP.CONS.ZS,"Energy imports, net (% of energy use)",1994,-15.0140109042518,,0
LAC,Latin America & Caribbean (excluding high income),EG.IMP.CONS.ZS,"Energy imports, net (% of energy use)",1993,-16.359808232087,,0
LAC,Latin America & Caribbean (excluding high income),EG.IMP.CONS.ZS,"Energy imports, net (% of energy use)",1992,-16.5465923195116,,0
LAC,Latin America & Caribbean (excluding high income),EG.IMP.CONS.ZS,"Energy imports, net (% of energy use)",1991,-17.2785179837888,,0
LAC,Latin America & Caribbean (excluding high income),EG.IMP.CONS.ZS,"Energy imports, net (% of energy use)",1990,-17.075342817377,,0
TLA,Latin America & the Caribbean (IDA & IBRD countries),EG.IMP.CONS.ZS,"Energy imports, net (% of energy use)",2023,-7.46454581724272,,0
TLA,Latin America & the Caribbean (IDA & IBRD countries),EG.IMP.CONS.ZS,"Energy imports, net (% of energy use)",2022,-5.20067767646188,,0
TLA,Latin America & the Caribbean (IDA & IBRD countries),EG.IMP.CONS.ZS,"Energy imports, net (% of energy use)",2021,-4.0281683842155,,0
TLA,Latin America & the Caribbean (IDA & IBRD countries),EG.IMP.CONS.ZS,"Energy imports, net (% of energy use)",2020,-12.9940256174231,,0
TLA,Latin America & the Caribbean (IDA & IBRD countries),EG.IMP.CONS.ZS,"Energy imports, net (% of energy use)",2019,-8.78078485440434,,0
TLA,Latin America & the Caribbean (IDA & IBRD countries),EG.IMP.CONS.ZS,"Energy imports, net (% of energy use)",2018,-13.2466214268275,,0
TLA,Latin America & the Caribbean (IDA & IBRD countries),EG.IMP.CONS.ZS,"Energy imports, net (% of energy use)",2017,-17.4384897185368,,0
TLA,Latin America & the Caribbean (IDA & IBRD countries),EG.IMP.CONS.ZS,"Energy imports, net (% of energy use)",2016,-18.719804030278,,0
TLA,Latin America & the Caribbean (IDA & IBRD countries),EG.IMP.CONS.ZS,"Energy imports, net (% of energy use)",2015,-19.5891029366139,,0
TLA,Latin America & the Caribbean (IDA & IBRD countries),EG.IMP.CONS.ZS,"Energy imports, net (% of energy use)",2014,-21.6913221533271,,0
TLA,Latin America & the Caribbean (IDA & IBRD countries),EG.IMP.CONS.ZS,"Energy imports, net (% of energy use)",2013,-20.4698311986683,,0
TLA,Latin America & the Caribbean (IDA & IBRD countries),EG.IMP.CONS.ZS,"Energy imports, net (% of energy use)",2012,-25.1037659925614,,0
TLA,Latin America & the Caribbean (IDA & IBRD countries),EG.IMP.CONS.ZS,"Energy imports, net (% of energy use)",2011,-29.1576082466585,,0
TLA,Latin America & the Caribbean (IDA & IBRD countries),EG.IMP.CONS.ZS,"Energy imports, net (% of energy use)",2010,-29.4588523089362,,0
TLA,Latin America & the Caribbean (IDA & IBRD countries),EG.IMP.CONS.ZS,"Energy imports, net (% of energy use)",2009,-33.9472945752961,,0
TLA,Latin America & the Caribbean (IDA & IBRD countries),EG.IMP.CONS.ZS,"Energy imports, net (% of energy use)",2008,-33.874073671605,,0
TLA,Latin America & the Caribbean (IDA & IBRD countries),EG.IMP.CONS.ZS,"Energy imports, net (% of energy use)",2007,-36.5552560705049,,0
TLA,Latin America & the Caribbean (IDA & IBRD countries),EG.IMP.CONS.ZS,"Energy imports, net (% of energy use)",2006,-42.3689901539835,,0
TLA,Latin America & the Caribbean (IDA & IBRD countries),EG.IMP.CONS.ZS,"Energy imports, net (% of energy use)",2005,-44.1673310981263,,0
TLA,Latin America & the Caribbean (IDA & IBRD countries),EG.IMP.CONS.ZS,"Energy imports, net (% of energy use)",2004,-43.9625754544008,,0
TLA,Latin America & the Caribbean (IDA & IBRD countries),EG.IMP.CONS.ZS,"Energy imports, net (% of energy use)",2003,-42.2809554729612,,0
TLA,Latin America & the Caribbean (IDA & IBRD countries),EG.IMP.CONS.ZS,"Energy imports, net (% of energy use)",2002,-40.9245701515935,,0
TLA,Latin America & the Caribbean (IDA & IBRD countries),EG.IMP.CONS.ZS,"Energy imports, net (% of energy use)",2001,-44.9742060604241,,0
TLA,Latin America & the Caribbean (IDA & IBRD countries),EG.IMP.CONS.ZS,"Energy imports, net (% of energy use)",2000,-41.9190197005408,,0
TLA,Latin America & the Caribbean (IDA & IBRD countries),EG.IMP.CONS.ZS,"Energy imports, net (% of energy use)",1999,-39.6673205826303,,0
TLA,Latin America & the Caribbean (IDA & IBRD countries),EG.IMP.CONS.ZS,"Energy imports, net (% of energy use)",1998,-44.2313150627816,,0
TLA,Latin America & the Caribbean (IDA & IBRD countries),EG.IMP.CONS.ZS,"Energy imports, net (% of energy use)",1997,-14.2941173511285,,0
TLA,Latin America & the Caribbean (IDA & IBRD countries),EG.IMP.CONS.ZS,"Energy imports, net (% of energy use)",1996,-43.7607517370008,,0
TLA,Latin America & the Caribbean (IDA & IBRD countries),EG.IMP.CONS.ZS,"Energy imports, net (% of energy use)",1995,-13.280855596488,,0
TLA,Latin America & the Caribbean (IDA & IBRD countries),EG.IMP.CONS.ZS,"Energy imports, net (% of energy use)",1994,-11.65642327484,,0
TLA,Latin America & the Caribbean (IDA & IBRD countries),EG.IMP.CONS.ZS,"Energy imports, net (% of energy use)",1993,-13.2052013429634,,0
TLA,Latin America & the Caribbean (IDA & IBRD countries),EG.IMP.CONS.ZS,"Energy imports, net (% of energy use)",1992,-13.4019692945961,,0
TLA,Latin America & the Caribbean (IDA & IBRD countries),EG.IMP.CONS.ZS,"Energy imports, net (% of energy use)",1991,-14.4942756137371,,0
TLA,Latin America & the Caribbean (IDA & IBRD countries),EG.IMP.CONS.ZS,"Energy imports, net (% of energy use)",1990,-36.7990462647759,,0
LDC,Least developed countries: UN classification,EG.IMP.CONS.ZS,"Energy imports, net (% of energy use)",2022,-10.583531312842,,0
LDC,Least developed countries: UN classification,EG.IMP.CONS.ZS,"Energy imports, net (% of energy use)",2021,-9.63546553581309,,0
LDC,Least developed countries: UN classification,EG.IMP.CONS.ZS,"Energy imports, net (% of energy use)",2020,-14.2436608217645,,0
LDC,Least developed countries: UN classification,EG.IMP.CONS.ZS,"Energy imports, net (% of energy use)",2019,-19.1527816344833,,0
LDC,Least developed countries: UN classification,EG.IMP.CONS.ZS,"Energy imports, net (% of energy use)",2018,-23.9270861674262,,0
LDC,Least developed countries: UN classification,EG.IMP.CONS.ZS,"Energy imports, net (% of energy use)",2017,-27.5502090022872,,0
LDC,Least developed countries: UN classification,EG.IMP.CONS.ZS,"Energy imports, net (% of energy use)",2016,-28.6724587379469,,0
LDC,Least developed countries: UN classification,EG.IMP.CONS.ZS,"Energy imports, net (% of energy use)",2015,-31.7738578044448,,0
LDC,Least developed countries: UN classification,EG.IMP.CONS.ZS,"Energy imports, net (% of energy use)",2014,-34.6096135307183,,0
LDC,Least developed countries: UN classification,EG.IMP.CONS.ZS,"Energy imports, net (% of energy use)",2013,-38.936901363996,,0
LDC,Least developed countries: UN classification,EG.IMP.CONS.ZS,"Energy imports, net (% of energy use)",2012,-39.8214536087586,,0
LDC,Least developed countries: UN classification,EG.IMP.CONS.ZS,"Energy imports, net (% of energy use)",2011,-55.7407347204769,,0
LDC,Least developed countries: UN classification,EG.IMP.CONS.ZS,"Energy imports, net (% of energy use)",2010,-76.2946832478439,,0
LDC,Least developed countries: UN classification,EG.IMP.CONS.ZS,"Energy imports, net (% of energy use)",2009,-75.6919427068004,,0
LDC,Least developed countries: UN classification,EG.IMP.CONS.ZS,"Energy imports, net (% of energy use)",2008,-83.1374980653181,,0
LDC,Least developed countries: UN classification,EG.IMP.CONS.ZS,"Energy imports, net (% of energy use)",2007,-83.347663249096,,0
LDC,Least developed countries: UN classification,EG.IMP.CONS.ZS,"Energy imports, net (% of energy use)",2006,-70.820883210207,,0
LDC,Least developed countries: UN classification,EG.IMP.CONS.ZS,"Energy imports, net (% of energy use)",2005,-67.4400885788203,,0
LDC,Least developed countries: UN classification,EG.IMP.CONS.ZS,"Energy imports, net (% of energy use)",2004,-57.5170057425353,,0
LDC,Least developed countries: UN classification,EG.IMP.CONS.ZS,"Energy imports, net (% of energy use)",2003,-49.5319898143712,,0
LDC,Least developed countries: UN classification,EG.IMP.CONS.ZS,"Energy imports, net (% of energy use)",2002,-51.4177902189089,,0
LDC,Least developed countries: UN classification,EG.IMP.CONS.ZS,"Energy imports, net (% of energy use)",2001,-44.4192701560405,,0
LDC,Least developed countries: UN classification,EG.IMP.CONS.ZS,"Energy imports, net (% of energy use)",2000,-48.992212687822,,0
LDC,Least developed countries: UN classification,EG.IMP.CONS.ZS,"Energy imports, net (% of energy use)",1997,-36.5122208483221,,0
LDC,Least developed countries: UN classification,EG.IMP.CONS.ZS,"Energy imports, net (% of energy use)",1996,-35.7694447096839,,0
LDC,Least developed countries: UN classification,EG.IMP.CONS.ZS,"Energy imports, net (% of energy use)",1995,-34.5136668638028,,0
LDC,Least developed countries: UN classification,EG.IMP.CONS.ZS,"Energy imports, net (% of energy use)",1994,-27.34440200189,,0
LDC,Least developed countries: UN classification,EG.IMP.CONS.ZS,"Energy imports, net (% of energy use)",1993,-22.1224784802593,,0
LDC,Least developed countries: UN classification,EG.IMP.CONS.ZS,"Energy imports, net (% of energy use)",1992,-22.4608683107887,,0
LDC,Least developed countries: UN classification,EG.IMP.CONS.ZS,"Energy imports, net (% of energy use)",1991,-22.8556355712935,,0
LDC,Least developed countries: UN classification,EG.IMP.CONS.ZS,"Energy imports, net (% of energy use)",1990,-21.1673874838736,,0
LMY,Low & middle income,EG.IMP.CONS.ZS,"Energy imports, net (% of energy use)",2023,6.88623475748934,,0
LMY,Low & middle income,EG.IMP.CONS.ZS,"Energy imports, net (% of energy use)",2022,7.56443523648244,,0
LMY,Low & middle income,EG.IMP.CONS.ZS,"Energy imports, net (% of energy use)",2021,7.97028059491049,,0
LMY,Low & middle income,EG.IMP.CONS.ZS,"Energy imports, net (% of energy use)",2020,7.59999682986474,,0
LMY,Low & middle income,EG.IMP.CONS.ZS,"Energy imports, net (% of energy use)",2019,5.52004462883611,,0
LMY,Low & middle income,EG.IMP.CONS.ZS,"Energy imports, net (% of energy use)",2018,3.87142506995311,,0
LMY,Low & middle income,EG.IMP.CONS.ZS,"Energy imports, net (% of energy use)",2017,2.54007128080178,,0
LMY,Low & middle income,EG.IMP.CONS.ZS,"Energy imports, net (% of energy use)",2016,1.74307786266529,,0
LMY,Low & middle income,EG.IMP.CONS.ZS,"Energy imports, net (% of energy use)",2015,1.45491351360884,,0
LMY,Low & middle income,EG.IMP.CONS.ZS,"Energy imports, net (% of energy use)",2014,1.22402463598113,,0
LMY,Low & middle income,EG.IMP.CONS.ZS,"Energy imports, net (% of energy use)",2013,-0.64848656400074,,0
LMY,Low & middle income,EG.IMP.CONS.ZS,"Energy imports, net (% of energy use)",2012,-2.69595865503019,,0
LMY,Low & middle income,EG.IMP.CONS.ZS,"Energy imports, net (% of energy use)",2011,-4.46548903437062,,0
LMY,Low & middle income,EG.IMP.CONS.ZS,"Energy imports, net (% of energy use)",2010,-6.79769441113088,,0
LMY,Low & middle income,EG.IMP.CONS.ZS,"Energy imports, net (% of energy use)",2009,-8.37144571655235,,0
LMY,Low & middle income,EG.IMP.CONS.ZS,"Energy imports, net (% of energy use)",2008,-10.5395801923813,,0
LMY,Low & middle income,EG.IMP.CONS.ZS,"Energy imports, net (% of energy use)",2007,-12.2291002274577,,0
LMY,Low & middle income,EG.IMP.CONS.ZS,"Energy imports, net (% of energy use)",2006,-13.6969711330225,,0
LMY,Low & middle income,EG.IMP.CONS.ZS,"Energy imports, net (% of energy use)",2005,-14.814793499116,,0
LMY,Low & middle income,EG.IMP.CONS.ZS,"Energy imports, net (% of energy use)",2004,-14.8962296621914,,0
LMY,Low & middle income,EG.IMP.CONS.ZS,"Energy imports, net (% of energy use)",2003,-16.3145199137285,,0
LMY,Low & middle income,EG.IMP.CONS.ZS,"Energy imports, net (% of energy use)",2002,-17.5221719218751,,0
LMY,Low & middle income,EG.IMP.CONS.ZS,"Energy imports, net (% of energy use)",2001,-18.7192882892274,,0
LMY,Low & middle income,EG.IMP.CONS.ZS,"Energy imports, net (% of energy use)",2000,-18.3329864816772,,0
LMY,Low & middle income,EG.IMP.CONS.ZS,"Energy imports, net (% of energy use)",1999,-18.1033644676264,,0
LMY,Low & middle income,EG.IMP.CONS.ZS,"Energy imports, net (% of energy use)",1998,-17.6178281557465,,0
LMY,Low & middle income,EG.IMP.CONS.ZS,"Energy imports, net (% of energy use)",1997,-15.962369819952,,0
LMY,Low & middle income,EG.IMP.CONS.ZS,"Energy imports, net (% of energy use)",1996,-15.5737193431234,,0
LMY,Low & middle income,EG.IMP.CONS.ZS,"Energy imports, net (% of energy use)",1995,-15.1779349529342,,0
LMY,Low & middle income,EG.IMP.CONS.ZS,"Energy imports, net (% of energy use)",1994,-15.7879679715112,,0
LMY,Low & middle income,EG.IMP.CONS.ZS,"Energy imports, net (% of energy use)",1993,-15.0544838704195,,0
LMY,Low & middle income,EG.IMP.CONS.ZS,"Energy imports, net (% of energy use)",1992,-14.5601289920887,,0
LMY,Low & middle income,EG.IMP.CONS.ZS,"Energy imports, net (% of energy use)",1991,-14.4079202404025,,0
LMY,Low & middle income,EG.IMP.CONS.ZS,"Energy imports, net (% of energy use)",1990,-16.4639847270077,,0
,Low income,EG.IMP.CONS.ZS,"Energy imports, net (% of energy use)",2022,-6.3691905962819,,0
,Low income,EG.IMP.CONS.ZS,"Energy imports, net (% of energy use)",2021,-4.37212233840013,,0
,Low income,EG.IMP.CONS.ZS,"Energy imports, net (% of energy use)",2020,-4.31587815673191,,0
,Low income,EG.IMP.CONS.ZS,"Energy imports, net (% of energy use)",2019,-6.39664647614199,,0
,Low income,EG.IMP.CONS.ZS,"Energy imports, net (% of energy use)",2018,-6.50568738269325,,0
,Low income,EG.IMP.CONS.ZS,"Energy imports, net (% of energy use)",2017,-7.6393183086939,,0
,Low income,EG.IMP.CONS.ZS,"Energy imports, net (% of energy use)",2016,-12.6178075164659,,0
,Low income,EG.IMP.CONS.ZS,"Energy imports, net (% of energy use)",2015,-12.443167318568,,0
,Low income,EG.IMP.CONS.ZS,"Energy imports, net (% of energy use)",2014,-17.1403969921852,,0
,Low income,EG.IMP.CONS.ZS,"Energy imports, net (% of energy use)",2013,-23.0722795122135,,0
,Low income,EG.IMP.CONS.ZS,"Energy imports, net (% of energy use)",2012,-18.5369690670469,,0
,Low income,EG.IMP.CONS.ZS,"Energy imports, net (% of energy use)",2011,-40.1535977323438,,0
,Low income,EG.IMP.CONS.ZS,"Energy imports, net (% of energy use)",2010,-38.1653483004505,,0
,Low income,EG.IMP.CONS.ZS,"Energy imports, net (% of energy use)",2009,-31.1240174937675,,0
,Low income,EG.IMP.CONS.ZS,"Energy imports, net (% of energy use)",2008,-30.801469804865,,0
,Low income,EG.IMP.CONS.ZS,"Energy imports, net (% of energy use)",2007,-36.0614848572232,,0
,Low income,EG.IMP.CONS.ZS,"Energy imports, net (% of energy use)",2006,-30.7774355204029,,0
,Low income,EG.IMP.CONS.ZS,"Energy imports, net (% of energy use)",2005,-36.9527768415534,,0
,Low income,EG.IMP.CONS.ZS,"Energy imports, net (% of energy use)",2004,-42.5349455007247,,0
,Low income,EG.IMP.CONS.ZS,"Energy imports, net (% of energy use)",2003,-43.8902698863637,,0
,Low income,EG.IMP.CONS.ZS,"Energy imports, net (% of energy use)",2002,-50.5011665689879,,0
,Low income,EG.IMP.CONS.ZS,"Energy imports, net (% of energy use)",2001,-45.3079521579654,,0
,Low income,EG.IMP.CONS.ZS,"Energy imports, net (% of energy use)",2000,-42.9358906978218,,0
,Low income,EG.IMP.CONS.ZS,"Energy imports, net (% of energy use)",1999,-37.1932449256323,,0
,Low income,EG.IMP.CONS.ZS,"Energy imports, net (% of energy use)",1998,-41.5980605440147,,0
,Low income,EG.IMP.CONS.ZS,"Energy imports, net (% of energy use)",1997,-40.6112630090745,,0
,Low income,EG.IMP.CONS.ZS,"Energy imports, net (% of energy use)",1996,-40.3175480180649,,0
,Low income,EG.IMP.CONS.ZS,"Energy imports, net (% of energy use)",1995,-40.2023345561356,,0
,Low income,EG.IMP.CONS.ZS,"Energy imports, net (% of energy use)",1994,-39.9933796236841,,0
,Low income,EG.IMP.CONS.ZS,"Energy imports, net (% of energy use)",1993,-26.2485932759799,,0
,Low income,EG.IMP.CONS.ZS,"Energy imports, net (% of energy use)",1992,-20.4809255548414,,0
,Low income,EG.IMP.CONS.ZS,"Energy imports, net (% of energy use)",1991,-20.9417262659525,,0
,Low income,EG.IMP.CONS.ZS,"Energy imports, net (% of energy use)",1990,-15.3308299805752,,0
,Lower middle income,EG.IMP.CONS.ZS,"Energy imports, net (% of energy use)",2023,22.5559165278294,,0
,Lower middle income,EG.IMP.CONS.ZS,"Energy imports, net (% of energy use)",2022,24.6274920033633,,0
,Lower middle income,EG.IMP.CONS.ZS,"Energy imports, net (% of energy use)",2021,22.4810820416078,,0
,Lower middle income,EG.IMP.CONS.ZS,"Energy imports, net (% of energy use)",2020,21.9773696110842,,0
,Lower middle income,EG.IMP.CONS.ZS,"Energy imports, net (% of energy use)",2019,20.1316726329461,,0
,Lower middle income,EG.IMP.CONS.ZS,"Energy imports, net (% of energy use)",2018,18.6895377607476,,0
,Lower middle income,EG.IMP.CONS.ZS,"Energy imports, net (% of energy use)",2017,18.1932438399008,,0
,Lower middle income,EG.IMP.CONS.ZS,"Energy imports, net (% of energy use)",2016,17.2342713846022,,0
,Lower middle income,EG.IMP.CONS.ZS,"Energy imports, net (% of energy use)",2015,14.0732516256252,,0
,Lower middle income,EG.IMP.CONS.ZS,"Energy imports, net (% of energy use)",2014,12.6825749650776,,0
,Lower middle income,EG.IMP.CONS.ZS,"Energy imports, net (% of energy use)",2013,9.41830617198388,,0
,Lower middle income,EG.IMP.CONS.ZS,"Energy imports, net (% of energy use)",2012,5.75604031820509,,0
,Lower middle income,EG.IMP.CONS.ZS,"Energy imports, net (% of energy use)",2011,4.76913344272025,,0
,Lower middle income,EG.IMP.CONS.ZS,"Energy imports, net (% of energy use)",2010,1.63208088827777,,0
,Lower middle income,EG.IMP.CONS.ZS,"Energy imports, net (% of energy use)",2009,-0.558579821753411,,0
,Lower middle income,EG.IMP.CONS.ZS,"Energy imports, net (% of energy use)",2008,-2.09773075238712,,0
,Lower middle income,EG.IMP.CONS.ZS,"Energy imports, net (% of energy use)",2007,-4.7696844263806,,0
,Lower middle income,EG.IMP.CONS.ZS,"Energy imports, net (% of energy use)",2006,-5.59217236839568,,0
,Lower middle income,EG.IMP.CONS.ZS,"Energy imports, net (% of energy use)",2005,-6.1587298637151,,0
,Lower middle income,EG.IMP.CONS.ZS,"Energy imports, net (% of energy use)",2004,-5.77075119001019,,0
,Lower middle income,EG.IMP.CONS.ZS,"Energy imports, net (% of energy use)",2003,-3.61265205850702,,0
,Lower middle income,EG.IMP.CONS.ZS,"Energy imports, net (% of energy use)",2002,-2.43913049136619,,0
,Lower middle income,EG.IMP.CONS.ZS,"Energy imports, net (% of energy use)",2001,-3.15946884001034,,0
,Lower middle income,EG.IMP.CONS.ZS,"Energy imports, net (% of energy use)",2000,-3.21709190904335,,0
,Lower middle income,EG.IMP.CONS.ZS,"Energy imports, net (% of energy use)",1999,-3.00156708045768,,0
,Lower middle income,EG.IMP.CONS.ZS,"Energy imports, net (% of energy use)",1998,-4.19876398110057,,0
,Lower middle income,EG.IMP.CONS.ZS,"Energy imports, net (% of energy use)",1997,-6.9725843671849,,0
,Lower middle income,EG.IMP.CONS.ZS,"Energy imports, net (% of energy use)",1996,-7.1957517265749,,0
,Lower middle income,EG.IMP.CONS.ZS,"Energy imports, net (% of energy use)",1995,-8.19627787275787,,0
,Lower middle income,EG.IMP.CONS.ZS,"Energy imports, net (% of energy use)",1994,-8.44137731383358,,0
,Lower middle income,EG.IMP.CONS.ZS,"Energy imports, net (% of energy use)",1993,-7.75174722475868,,0
,Lower middle income,EG.IMP.CONS.ZS,"Energy imports, net (% of energy use)",1992,-8.39485426227566,,0
,Lower middle income,EG.IMP.CONS.ZS,"Energy imports, net (% of energy use)",1991,-8.2315857165193,,0
,Lower middle income,EG.IMP.CONS.ZS,"Energy imports, net (% of energy use)",1990,-8.57232362431182,,0
MEA,"Middle East, North Africa, Afghanistan & Pakistan",EG.IMP.CONS.ZS,"Energy imports, net (% of energy use)",2023,14.0915866502433,,0
MEA,"Middle East, North Africa, Afghanistan & Pakistan",EG.IMP.CONS.ZS,"Energy imports, net (% of energy use)",2022,-102.390522004385,,0
MEA,"Middle East, North Africa, Afghanistan & Pakistan",EG.IMP.CONS.ZS,"Energy imports, net (% of energy use)",2021,-96.3342645183132,,0
MEA,"Middle East, North Africa, Afghanistan & Pakistan",EG.IMP.CONS.ZS,"Energy imports, net (% of energy use)",2020,-97.1748993905026,,0
MEA,"Middle East, North Africa, Afghanistan & Pakistan",EG.IMP.CONS.ZS,"Energy imports, net (% of energy use)",2019,-107.408643547968,,0
MEA,"Middle East, North Africa, Afghanistan & Pakistan",EG.IMP.CONS.ZS,"Energy imports, net (% of energy use)",2018,-115.802089558945,,0
MEA,"Middle East, North Africa, Afghanistan & Pakistan",EG.IMP.CONS.ZS,"Energy imports, net (% of energy use)",2017,-111.998680954427,,0
MEA,"Middle East, North Africa, Afghanistan & Pakistan",EG.IMP.CONS.ZS,"Energy imports, net (% of energy use)",2016,-120.727783865889,,0
MEA,"Middle East, North Africa, Afghanistan & Pakistan",EG.IMP.CONS.ZS,"Energy imports, net (% of energy use)",2015,-111.16710238538,,0
MEA,"Middle East, North Africa, Afghanistan & Pakistan",EG.IMP.CONS.ZS,"Energy imports, net (% of energy use)",2014,-108.441805369704,,0
MEA,"Middle East, North Africa, Afghanistan & Pakistan",EG.IMP.CONS.ZS,"Energy imports, net (% of energy use)",2013,-120.947557341745,,0
MEA,"Middle East, North Africa, Afghanistan & Pakistan",EG.IMP.CONS.ZS,"Energy imports, net (% of energy use)",2012,-127.399786545439,,0
MEA,"Middle East, North Africa, Afghanistan & Pakistan",EG.IMP.CONS.ZS,"Energy imports, net (% of energy use)",2011,-129.770394493306,,0
MEA,"Middle East, North Africa, Afghanistan & Pakistan",EG.IMP.CONS.ZS,"Energy imports, net (% of energy use)",2010,-125.652216092123,,0
MEA,"Middle East, North Africa, Afghanistan & Pakistan",EG.IMP.CONS.ZS,"Energy imports, net (% of energy use)",2009,-125.607635511072,,0
MEA,"Middle East, North Africa, Afghanistan & Pakistan",EG.IMP.CONS.ZS,"Energy imports, net (% of energy use)",2008,-133.268665088285,,0
MEA,"Middle East, North Africa, Afghanistan & Pakistan",EG.IMP.CONS.ZS,"Energy imports, net (% of energy use)",2007,-138.511173028901,,0
MEA,"Middle East, North Africa, Afghanistan & Pakistan",EG.IMP.CONS.ZS,"Energy imports, net (% of energy use)",2006,-149.307743707023,,0
MEA,"Middle East, North Africa, Afghanistan & Pakistan",EG.IMP.CONS.ZS,"Energy imports, net (% of energy use)",2005,-159.476730378628,,0
MEA,"Middle East, North Africa, Afghanistan & Pakistan",EG.IMP.CONS.ZS,"Energy imports, net (% of energy use)",2004,-177.541574190488,,0
MEA,"Middle East, North Africa, Afghanistan & Pakistan",EG.IMP.CONS.ZS,"Energy imports, net (% of energy use)",2003,-167.162509962593,,0
MEA,"Middle East, North Africa, Afghanistan & Pakistan",EG.IMP.CONS.ZS,"Energy imports, net (% of energy use)",2002,-161.759336192324,,0
MEA,"Middle East, North Africa, Afghanistan & Pakistan",EG.IMP.CONS.ZS,"Energy imports, net (% of energy use)",2001,-179.061284030762,,0
MEA,"Middle East, North Africa, Afghanistan & Pakistan",EG.IMP.CONS.ZS,"Energy imports, net (% of energy use)",2000,-201.842585936962,,0
MEA,"Middle East, North Africa, Afghanistan & Pakistan",EG.IMP.CONS.ZS,"Energy imports, net (% of energy use)",1999,-195.825482190516,,0
MEA,"Middle East, North Africa, Afghanistan & Pakistan",EG.IMP.CONS.ZS,"Energy imports, net (% of energy use)",1998,-208.466016481939,,0
MEA,"Middle East, North Africa, Afghanistan & Pakistan",EG.IMP.CONS.ZS,"Energy imports, net (% of energy use)",1997,-199.638482229508,,0
MEA,"Middle East, North Africa, Afghanistan & Pakistan",EG.IMP.CONS.ZS,"Energy imports, net (% of energy use)",1996,-202.498079190524,,0
MEA,"Middle East, North Africa, Afghanistan & Pakistan",EG.IMP.CONS.ZS,"Energy imports, net (% of energy use)",1995,-207.824038337001,,0
MEA,"Middle East, North Africa, Afghanistan & Pakistan",EG.IMP.CONS.ZS,"Energy imports, net (% of energy use)",1994,-211.12780346571,,0
MEA,"Middle East, North Africa, Afghanistan & Pakistan",EG.IMP.CONS.ZS,"Energy imports, net (% of energy use)",1993,-224.086851007775,,0
MEA,"Middle East, North Africa, Afghanistan & Pakistan",EG.IMP.CONS.ZS,"Energy imports, net (% of energy use)",1992,-230.284584209726,,0
MEA,"Middle East, North Africa, Afghanistan & Pakistan",EG.IMP.CONS.ZS,"Energy imports, net (% of energy use)",1991,-233.934623297503,,0
MEA,"Middle East, North Africa, Afghanistan & Pakistan",EG.IMP.CONS.ZS,"Energy imports, net (% of energy use)",1990,-249.972574558814,,0
MNA,"Middle East, North Africa, Afghanistan & Pakistan (excluding high income)",EG.IMP.CONS.ZS,"Energy imports, net (% of energy use)",2022,-41.6915263689353,,0
MNA,"Middle East, North Africa, Afghanistan & Pakistan (excluding high income)",EG.IMP.CONS.ZS,"Energy imports, net (% of energy use)",2021,-40.5785589582158,,0
MNA,"Middle East, North Africa, Afghanistan & Pakistan (excluding high income)",EG.IMP.CONS.ZS,"Energy imports, net (% of energy use)",2020,-35.2190948315909,,0
MNA,"Middle East, North Africa, Afghanistan & Pakistan (excluding high income)",EG.IMP.CONS.ZS,"Energy imports, net (% of energy use)",2019,-48.2024129228638,,0
MNA,"Middle East, North Africa, Afghanistan & Pakistan (excluding high income)",EG.IMP.CONS.ZS,"Energy imports, net (% of energy use)",2018,-57.0653505119287,,0
MNA,"Middle East, North Africa, Afghanistan & Pakistan (excluding high income)",EG.IMP.CONS.ZS,"Energy imports, net (% of energy use)",2017,-56.076959555224,,0
MNA,"Middle East, North Africa, Afghanistan & Pakistan (excluding high income)",EG.IMP.CONS.ZS,"Energy imports, net (% of energy use)",2016,-57.7443391729685,,0
MNA,"Middle East, North Africa, Afghanistan & Pakistan (excluding high income)",EG.IMP.CONS.ZS,"Energy imports, net (% of energy use)",2015,-43.9939638854579,,0
MNA,"Middle East, North Africa, Afghanistan & Pakistan (excluding high income)",EG.IMP.CONS.ZS,"Energy imports, net (% of energy use)",2014,-40.0107015274572,,0
MNA,"Middle East, North Africa, Afghanistan & Pakistan (excluding high income)",EG.IMP.CONS.ZS,"Energy imports, net (% of energy use)",2013,-48.9744721622024,,0
MNA,"Middle East, North Africa, Afghanistan & Pakistan (excluding high income)",EG.IMP.CONS.ZS,"Energy imports, net (% of energy use)",2012,-58.9983292375278,,0
MNA,"Middle East, North Africa, Afghanistan & Pakistan (excluding high income)",EG.IMP.CONS.ZS,"Energy imports, net (% of energy use)",2011,-63.0053691726221,,0
MNA,"Middle East, North Africa, Afghanistan & Pakistan (excluding high income)",EG.IMP.CONS.ZS,"Energy imports, net (% of energy use)",2010,-75.657577275668,,0
MNA,"Middle East, North Africa, Afghanistan & Pakistan (excluding high income)",EG.IMP.CONS.ZS,"Energy imports, net (% of energy use)",2009,-75.3981435359503,,0
MNA,"Middle East, North Africa, Afghanistan & Pakistan (excluding high income)",EG.IMP.CONS.ZS,"Energy imports, net (% of energy use)",2008,-81.9644815941507,,0
MNA,"Middle East, North Africa, Afghanistan & Pakistan (excluding high income)",EG.IMP.CONS.ZS,"Energy imports, net (% of energy use)",2007,-87.1694421484375,,0
MNA,"Middle East, North Africa, Afghanistan & Pakistan (excluding high income)",EG.IMP.CONS.ZS,"Energy imports, net (% of energy use)",2006,-89.6653894418949,,0
MNA,"Middle East, North Africa, Afghanistan & Pakistan (excluding high income)",EG.IMP.CONS.ZS,"Energy imports, net (% of energy use)",2005,-93.5892791247431,,0
MNA,"Middle East, North Africa, Afghanistan & Pakistan (excluding high income)",EG.IMP.CONS.ZS,"Energy imports, net (% of energy use)",2004,-102.039666839024,,0
MNA,"Middle East, North Africa, Afghanistan & Pakistan (excluding high income)",EG.IMP.CONS.ZS,"Energy imports, net (% of energy use)",2003,-101.583957831437,,0
MNA,"Middle East, North Africa, Afghanistan & Pakistan (excluding high income)",EG.IMP.CONS.ZS,"Energy imports, net (% of energy use)",2002,-107.69894334105,,0
MNA,"Middle East, North Africa, Afghanistan & Pakistan (excluding high income)",EG.IMP.CONS.ZS,"Energy imports, net (% of energy use)",2001,-109.635792391968,,0
MNA,"Middle East, North Africa, Afghanistan & Pakistan (excluding high income)",EG.IMP.CONS.ZS,"Energy imports, net (% of energy use)",2000,-124.311320248877,,0
MNA,"Middle East, North Africa, Afghanistan & Pakistan (excluding high income)",EG.IMP.CONS.ZS,"Energy imports, net (% of energy use)",1999,-122.034193671327,,0
MNA,"Middle East, North Africa, Afghanistan & Pakistan (excluding high income)",EG.IMP.CONS.ZS,"Energy imports, net (% of energy use)",1998,-121.967434302714,,0
MNA,"Middle East, North Africa, Afghanistan & Pakistan (excluding high income)",EG.IMP.CONS.ZS,"Energy imports, net (% of energy use)",1997,-107.521682612617,,0
MNA,"Middle East, North Africa, Afghanistan & Pakistan (excluding high income)",EG.IMP.CONS.ZS,"Energy imports, net (% of energy use)",1996,-106.71630756738,,0
MNA,"Middle East, North Africa, Afghanistan & Pakistan (excluding high income)",EG.IMP.CONS.ZS,"Energy imports, net (% of energy use)",1995,-109.265719623025,,0
MNA,"Middle East, North Africa, Afghanistan & Pakistan (excluding high income)",EG.IMP.CONS.ZS,"Energy imports, net (% of energy use)",1994,-110.437578980626,,0
MNA,"Middle East, North Africa, Afghanistan & Pakistan (excluding high income)",EG.IMP.CONS.ZS,"Energy imports, net (% of energy use)",1993,-115.827805300618,,0
MNA,"Middle East, North Africa, Afghanistan & Pakistan (excluding high income)",EG.IMP.CONS.ZS,"Energy imports, net (% of energy use)",1992,-121.279083334992,,0
MNA,"Middle East, North Africa, Afghanistan & Pakistan (excluding high income)",EG.IMP.CONS.ZS,"Energy imports, net (% of energy use)",1991,-126.855167509498,,0
MNA,"Middle East, North Africa, Afghanistan & Pakistan (excluding high income)",EG.IMP.CONS.ZS,"Energy imports, net (% of energy use)",1990,-164.418005668142,,0
TMN,"Middle East, North Africa, Afghanistan & Pakistan (IDA & IBRD)",EG.IMP.CONS.ZS,"Energy imports, net (% of energy use)",2022,-41.6915263689353,,0
TMN,"Middle East, North Africa, Afghanistan & Pakistan (IDA & IBRD)",EG.IMP.CONS.ZS,"Energy imports, net (% of energy use)",2021,-40.5785589582158,,0
TMN,"Middle East, North Africa, Afghanistan & Pakistan (IDA & IBRD)",EG.IMP.CONS.ZS,"Energy imports, net (% of energy use)",2020,-35.2190948315909,,0
TMN,"Middle East, North Africa, Afghanistan & Pakistan (IDA & IBRD)",EG.IMP.CONS.ZS,"Energy imports, net (% of energy use)",2019,-48.2024129228638,,0
TMN,"Middle East, North Africa, Afghanistan & Pakistan (IDA & IBRD)",EG.IMP.CONS.ZS,"Energy imports, net (% of energy use)",2018,-57.0653505119287,,0
TMN,"Middle East, North Africa, Afghanistan & Pakistan (IDA & IBRD)",EG.IMP.CONS.ZS,"Energy imports, net (% of energy use)",2017,-56.0769595552241,,0
TMN,"Middle East, North Africa, Afghanistan & Pakistan (IDA & IBRD)",EG.IMP.CONS.ZS,"Energy imports, net (% of energy use)",2016,-57.7443391729685,,0
TMN,"Middle East, North Africa, Afghanistan & Pakistan (IDA & IBRD)",EG.IMP.CONS.ZS,"Energy imports, net (% of energy use)",2015,-43.9939638854579,,0
TMN,"Middle East, North Africa, Afghanistan & Pakistan (IDA & IBRD)",EG.IMP.CONS.ZS,"Energy imports, net (% of energy use)",2014,-40.0107015274572,,0
TMN,"Middle East, North Africa, Afghanistan & Pakistan (IDA & IBRD)",EG.IMP.CONS.ZS,"Energy imports, net (% of energy use)",2013,-48.9744721622024,,0
TMN,"Middle East, North Africa, Afghanistan & Pakistan (IDA & IBRD)",EG.IMP.CONS.ZS,"Energy imports, net (% of energy use)",2012,-58.9983292375278,,0
TMN,"Middle East, North Africa, Afghanistan & Pakistan (IDA & IBRD)",EG.IMP.CONS.ZS,"Energy imports, net (% of energy use)",2011,-63.0053691726221,,0
TMN,"Middle East, North Africa, Afghanistan & Pakistan (IDA & IBRD)",EG.IMP.CONS.ZS,"Energy imports, net (% of energy use)",2010,-75.657577275668,,0
TMN,"Middle East, North Africa, Afghanistan & Pakistan (IDA & IBRD)",EG.IMP.CONS.ZS,"Energy imports, net (% of energy use)",2009,-75.3981435359503,,0
TMN,"Middle East, North Africa, Afghanistan & Pakistan (IDA & IBRD)",EG.IMP.CONS.ZS,"Energy imports, net (% of energy use)",2008,-81.9644815941507,,0
TMN,"Middle East, North Africa, Afghanistan & Pakistan (IDA & IBRD)",EG.IMP.CONS.ZS,"Energy imports, net (% of energy use)",2007,-87.1694421484375,,0
TMN,"Middle East, North Africa, Afghanistan & Pakistan (IDA & IBRD)",EG.IMP.CONS.ZS,"Energy imports, net (% of energy use)",2006,-89.6653894418949,,0
TMN,"Middle East, North Africa, Afghanistan & Pakistan (IDA & IBRD)",EG.IMP.CONS.ZS,"Energy imports, net (% of energy use)",2005,-93.5892791247431,,0
TMN,"Middle East, North Africa, Afghanistan & Pakistan (IDA & IBRD)",EG.IMP.CONS.ZS,"Energy imports, net (% of energy use)",2004,-102.039666839024,,0
TMN,"Middle East, North Africa, Afghanistan & Pakistan (IDA & IBRD)",EG.IMP.CONS.ZS,"Energy imports, net (% of energy use)",2003,-101.583957831437,,0
TMN,"Middle East, North Africa, Afghanistan & Pakistan (IDA & IBRD)",EG.IMP.CONS.ZS,"Energy imports, net (% of energy use)",2002,-107.69894334105,,0
TMN,"Middle East, North Africa, Afghanistan & Pakistan (IDA & IBRD)",EG.IMP.CONS.ZS,"Energy imports, net (% of energy use)",2001,-109.635792391968,,0
TMN,"Middle East, North Africa, Afghanistan & Pakistan (IDA & IBRD)",EG.IMP.CONS.ZS,"Energy imports, net (% of energy use)",2000,-124.311320248877,,0
TMN,"Middle East, North Africa, Afghanistan & Pakistan (IDA & IBRD)",EG.IMP.CONS.ZS,"Energy imports, net (% of energy use)",1999,-122.034193671327,,0
TMN,"Middle East, North Africa, Afghanistan & Pakistan (IDA & IBRD)",EG.IMP.CONS.ZS,"Energy imports, net (% of energy use)",1998,-121.967434302714,,0
TMN,"Middle East, North Africa, Afghanistan & Pakistan (IDA & IBRD)",EG.IMP.CONS.ZS,"Energy imports, net (% of energy use)",1997,-107.521682612617,,0
TMN,"Middle East, North Africa, Afghanistan & Pakistan (IDA & IBRD)",EG.IMP.CONS.ZS,"Energy imports, net (% of energy use)",1996,-106.71630756738,,0
TMN,"Middle East, North Africa, Afghanistan & Pakistan (IDA & IBRD)",EG.IMP.CONS.ZS,"Energy imports, net (% of energy use)",1995,-109.265719623025,,0
TMN,"Middle East, North Africa, Afghanistan & Pakistan (IDA & IBRD)",EG.IMP.CONS.ZS,"Energy imports, net (% of energy use)",1994,-110.437578980626,,0
TMN,"Middle East, North Africa, Afghanistan & Pakistan (IDA & IBRD)",EG.IMP.CONS.ZS,"Energy imports, net (% of energy use)",1993,-115.827805300618,,0
TMN,"Middle East, North Africa, Afghanistan & Pakistan (IDA & IBRD)",EG.IMP.CONS.ZS,"Energy imports, net (% of energy use)",1992,-121.279083334992,,0
TMN,"Middle East, North Africa, Afghanistan & Pakistan (IDA & IBRD)",EG.IMP.CONS.ZS,"Energy imports, net (% of energy use)",1991,-126.855167509498,,0
TMN,"Middle East, North Africa, Afghanistan & Pakistan (IDA & IBRD)",EG.IMP.CONS.ZS,"Energy imports, net (% of energy use)",1990,-164.418005668142,,0
MIC,Middle income,EG.IMP.CONS.ZS,"Energy imports, net (% of energy use)",2023,6.88623475748934,,0
MIC,Middle income,EG.IMP.CONS.ZS,"Energy imports, net (% of energy use)",2022,7.81025170246156,,0
MIC,Middle income,EG.IMP.CONS.ZS,"Energy imports, net (% of energy use)",2021,8.18851328767571,,0
MIC,Middle income,EG.IMP.CONS.ZS,"Energy imports, net (% of energy use)",2020,7.81848436580722,,0
MIC,Middle income,EG.IMP.CONS.ZS,"Energy imports, net (% of energy use)",2019,5.7309586631836,,0
MIC,Middle income,EG.IMP.CONS.ZS,"Energy imports, net (% of energy use)",2018,4.06069259971563,,0
MIC,Middle income,EG.IMP.CONS.ZS,"Energy imports, net (% of energy use)",2017,2.74339685192891,,0
MIC,Middle income,EG.IMP.CONS.ZS,"Energy imports, net (% of energy use)",2016,1.98243374696154,,0
MIC,Middle income,EG.IMP.CONS.ZS,"Energy imports, net (% of energy use)",2015,1.68738064438128,,0
MIC,Middle income,EG.IMP.CONS.ZS,"Energy imports, net (% of energy use)",2014,1.54748184259903,,0
MIC,Middle income,EG.IMP.CONS.ZS,"Energy imports, net (% of energy use)",2013,-0.259155866259195,,0
MIC,Middle income,EG.IMP.CONS.ZS,"Energy imports, net (% of energy use)",2012,-2.4093401087576,,0
MIC,Middle income,EG.IMP.CONS.ZS,"Energy imports, net (% of energy use)",2011,-3.80393543540845,,0
MIC,Middle income,EG.IMP.CONS.ZS,"Energy imports, net (% of energy use)",2010,-6.16134934351122,,0
MIC,Middle income,EG.IMP.CONS.ZS,"Energy imports, net (% of energy use)",2009,-7.87082211255657,,0
MIC,Middle income,EG.IMP.CONS.ZS,"Energy imports, net (% of energy use)",2008,-10.0868874096697,,0
MIC,Middle income,EG.IMP.CONS.ZS,"Energy imports, net (% of energy use)",2007,-11.7006245686514,,0
MIC,Middle income,EG.IMP.CONS.ZS,"Energy imports, net (% of energy use)",2006,-13.2840576059342,,0
MIC,Middle income,EG.IMP.CONS.ZS,"Energy imports, net (% of energy use)",2005,-14.2428575817643,,0
MIC,Middle income,EG.IMP.CONS.ZS,"Energy imports, net (% of energy use)",2004,-14.1770166047447,,0
MIC,Middle income,EG.IMP.CONS.ZS,"Energy imports, net (% of energy use)",2003,-15.5751401119716,,0
MIC,Middle income,EG.IMP.CONS.ZS,"Energy imports, net (% of energy use)",2002,-16.5920372073906,,0
MIC,Middle income,EG.IMP.CONS.ZS,"Energy imports, net (% of energy use)",2001,-17.9533678386667,,0
MIC,Middle income,EG.IMP.CONS.ZS,"Energy imports, net (% of energy use)",2000,-17.6345012122174,,0
MIC,Middle income,EG.IMP.CONS.ZS,"Energy imports, net (% of energy use)",1999,-17.5676495629432,,0
MIC,Middle income,EG.IMP.CONS.ZS,"Energy imports, net (% of energy use)",1998,-17.0544766748641,,0
MIC,Middle income,EG.IMP.CONS.ZS,"Energy imports, net (% of energy use)",1997,-15.3578102614033,,0
MIC,Middle income,EG.IMP.CONS.ZS,"Energy imports, net (% of energy use)",1996,-14.9701491493038,,0
MIC,Middle income,EG.IMP.CONS.ZS,"Energy imports, net (% of energy use)",1995,-14.5472868275306,,0
MIC,Middle income,EG.IMP.CONS.ZS,"Energy imports, net (% of energy use)",1994,-15.1701625059708,,0
MIC,Middle income,EG.IMP.CONS.ZS,"Energy imports, net (% of energy use)",1993,-14.7595209287633,,0
MIC,Middle income,EG.IMP.CONS.ZS,"Energy imports, net (% of energy use)",1992,-14.3962007786611,,0
MIC,Middle income,EG.IMP.CONS.ZS,"Energy imports, net (% of energy use)",1991,-14.218020620894,,0
MIC,Middle income,EG.IMP.CONS.ZS,"Energy imports, net (% of energy use)",1990,-16.4971503032949,,0
NAC,North America,EG.IMP.CONS.ZS,"Energy imports, net (% of energy use)",2023,-17.9194745978918,,0
NAC,North America,EG.IMP.CONS.ZS,"Energy imports, net (% of energy use)",2022,-16.2690727063568,,0
NAC,North America,EG.IMP.CONS.ZS,"Energy imports, net (% of energy use)",2021,-13.9275341776158,,0
NAC,North America,EG.IMP.CONS.ZS,"Energy imports, net (% of energy use)",2020,-13.2741621648181,,0
NAC,North America,EG.IMP.CONS.ZS,"Energy imports, net (% of energy use)",2019,-9.99201586404604,,0
NAC,North America,EG.IMP.CONS.ZS,"Energy imports, net (% of energy use)",2018,-5.85345294641979,,0
NAC,North America,EG.IMP.CONS.ZS,"Energy imports, net (% of energy use)",2017,-1.62980705527496,,0
NAC,North America,EG.IMP.CONS.ZS,"Energy imports, net (% of energy use)",2016,2.76021764744881,,0
NAC,North America,EG.IMP.CONS.ZS,"Energy imports, net (% of energy use)",2015,2.79117351190497,,0
NAC,North America,EG.IMP.CONS.ZS,"Energy imports, net (% of energy use)",2014,2.99447649678595,,0
NAC,North America,EG.IMP.CONS.ZS,"Energy imports, net (% of energy use)",2013,5.63703217195966,,0
NAC,North America,EG.IMP.CONS.ZS,"Energy imports, net (% of energy use)",2012,9.01579584563929,,0
NAC,North America,EG.IMP.CONS.ZS,"Energy imports, net (% of energy use)",2011,12.3599804103232,,0
NAC,North America,EG.IMP.CONS.ZS,"Energy imports, net (% of energy use)",2010,15.7530570869277,,0
NAC,North America,EG.IMP.CONS.ZS,"Energy imports, net (% of energy use)",2009,17.4920321016247,,0
NAC,North America,EG.IMP.CONS.ZS,"Energy imports, net (% of energy use)",2008,19.3823879145395,,0
NAC,North America,EG.IMP.CONS.ZS,"Energy imports, net (% of energy use)",2007,21.5911317333513,,0
NAC,North America,EG.IMP.CONS.ZS,"Energy imports, net (% of energy use)",2006,22.9966165350405,,0
NAC,North America,EG.IMP.CONS.ZS,"Energy imports, net (% of energy use)",2005,23.4443012128726,,0
NAC,North America,EG.IMP.CONS.ZS,"Energy imports, net (% of energy use)",2004,22.490488389971,,0
NAC,North America,EG.IMP.CONS.ZS,"Energy imports, net (% of energy use)",2003,21.0913562216825,,0
NAC,North America,EG.IMP.CONS.ZS,"Energy imports, net (% of energy use)",2002,19.6753595505492,,0
NAC,North America,EG.IMP.CONS.ZS,"Energy imports, net (% of energy use)",2001,20.8182606275412,,0
NAC,North America,EG.IMP.CONS.ZS,"Energy imports, net (% of energy use)",2000,18.9575363489031,,0
NAC,North America,EG.IMP.CONS.ZS,"Energy imports, net (% of energy use)",1999,18.2784837294721,,0
NAC,North America,EG.IMP.CONS.ZS,"Energy imports, net (% of energy use)",1998,17.3923911574036,,0
NAC,North America,EG.IMP.CONS.ZS,"Energy imports, net (% of energy use)",1997,16.15717292504,,0
NAC,North America,EG.IMP.CONS.ZS,"Energy imports, net (% of energy use)",1996,14.7030556782037,,0
NAC,North America,EG.IMP.CONS.ZS,"Energy imports, net (% of energy use)",1995,13.635083090212,,0
NAC,North America,EG.IMP.CONS.ZS,"Energy imports, net (% of energy use)",1994,15.0707077194196,,0
NAC,North America,EG.IMP.CONS.ZS,"Energy imports, net (% of energy use)",1993,14.5644151831422,,0
NAC,North America,EG.IMP.CONS.ZS,"Energy imports, net (% of energy use)",1992,12.4950590076914,,0
NAC,North America,EG.IMP.CONS.ZS,"Energy imports, net (% of energy use)",1991,11.4826721245158,,0
NAC,North America,EG.IMP.CONS.ZS,"Energy imports, net (% of energy use)",1990,13.2914402887897,,0
OED,OECD members,EG.IMP.CONS.ZS,"Energy imports, net (% of energy use)",2023,11.9370365903025,,0
OED,OECD members,EG.IMP.CONS.ZS,"Energy imports, net (% of energy use)",2022,14.1868542961018,,0
OED,OECD members,EG.IMP.CONS.ZS,"Energy imports, net (% of energy use)",2021,14.3723674291458,,0
OED,OECD members,EG.IMP.CONS.ZS,"Energy imports, net (% of energy use)",2020,13.606584758678,,0
OED,OECD members,EG.IMP.CONS.ZS,"Energy imports, net (% of energy use)",2019,17.9247777120241,,0
OED,OECD members,EG.IMP.CONS.ZS,"Energy imports, net (% of energy use)",2018,19.8880524023006,,0
OED,OECD members,EG.IMP.CONS.ZS,"Energy imports, net (% of energy use)",2017,21.8546848614741,,0
OED,OECD members,EG.IMP.CONS.ZS,"Energy imports, net (% of energy use)",2016,23.3974881565918,,0
OED,OECD members,EG.IMP.CONS.ZS,"Energy imports, net (% of energy use)",2015,23.2570417577837,,0
OED,OECD members,EG.IMP.CONS.ZS,"Energy imports, net (% of energy use)",2014,23.0730847374593,,0
OED,OECD members,EG.IMP.CONS.ZS,"Energy imports, net (% of energy use)",2013,25.4395093728128,,0
OED,OECD members,EG.IMP.CONS.ZS,"Energy imports, net (% of energy use)",2012,27.4815039281165,,0
OED,OECD members,EG.IMP.CONS.ZS,"Energy imports, net (% of energy use)",2011,28.8328883829613,,0
OED,OECD members,EG.IMP.CONS.ZS,"Energy imports, net (% of energy use)",2010,29.3888714160435,,0
OED,OECD members,EG.IMP.CONS.ZS,"Energy imports, net (% of energy use)",2009,29.9962608670652,,0
OED,OECD members,EG.IMP.CONS.ZS,"Energy imports, net (% of energy use)",2008,31.9517795866917,,0
OED,OECD members,EG.IMP.CONS.ZS,"Energy imports, net (% of energy use)",2007,32.3910663559079,,0
OED,OECD members,EG.IMP.CONS.ZS,"Energy imports, net (% of energy use)",2006,33.1832574850985,,0
OED,OECD members,EG.IMP.CONS.ZS,"Energy imports, net (% of energy use)",2005,32.5208550168192,,0
OED,OECD members,EG.IMP.CONS.ZS,"Energy imports, net (% of energy use)",2004,31.4593013886383,,0
OED,OECD members,EG.IMP.CONS.ZS,"Energy imports, net (% of energy use)",2003,30.4103595852894,,0
OED,OECD members,EG.IMP.CONS.ZS,"Energy imports, net (% of energy use)",2002,29.0872345543554,,0
OED,OECD members,EG.IMP.CONS.ZS,"Energy imports, net (% of energy use)",2001,29.5283407014751,,0
OED,OECD members,EG.IMP.CONS.ZS,"Energy imports, net (% of energy use)",2000,28.6993847793353,,0
OED,OECD members,EG.IMP.CONS.ZS,"Energy imports, net (% of energy use)",1999,27.9882841878484,,0
OED,OECD members,EG.IMP.CONS.ZS,"Energy imports, net (% of energy use)",1998,27.7514204689159,,0
OED,OECD members,EG.IMP.CONS.ZS,"Energy imports, net (% of energy use)",1997,27.2063375394323,,0
OED,OECD members,EG.IMP.CONS.ZS,"Energy imports, net (% of energy use)",1996,26.6420293724311,,0
OED,OECD members,EG.IMP.CONS.ZS,"Energy imports, net (% of energy use)",1995,26.2091925550397,,0
OED,OECD members,EG.IMP.CONS.ZS,"Energy imports, net (% of energy use)",1994,27.0381032798665,,0
OED,OECD members,EG.IMP.CONS.ZS,"Energy imports, net (% of energy use)",1993,26.8372340104239,,0
OED,OECD members,EG.IMP.CONS.ZS,"Energy imports, net (% of energy use)",1992,26.7550532897773,,0
OED,OECD members,EG.IMP.CONS.ZS,"Energy imports, net (% of energy use)",1991,26.0267592456217,,0
OED,OECD members,EG.IMP.CONS.ZS,"Energy imports, net (% of energy use)",1990,27.2572763646477,,0
OSS,Other small states,EG.IMP.CONS.ZS,"Energy imports, net (% of energy use)",2016,-41.8408273473623,,0
OSS,Other small states,EG.IMP.CONS.ZS,"Energy imports, net (% of energy use)",2009,-65.5178293677094,,0
OSS,Other small states,EG.IMP.CONS.ZS,"Energy imports, net (% of energy use)",1996,-113.002786549366,,0
OSS,Other small states,EG.IMP.CONS.ZS,"Energy imports, net (% of energy use)",1991,-88.0328737749421,,0
PST,Post-demographic dividend,EG.IMP.CONS.ZS,"Energy imports, net (% of energy use)",2023,9.35382147276583,,0
PST,Post-demographic dividend,EG.IMP.CONS.ZS,"Energy imports, net (% of energy use)",2022,15.0123048906474,,0
PST,Post-demographic dividend,EG.IMP.CONS.ZS,"Energy imports, net (% of energy use)",2021,15.4719131267544,,0
PST,Post-demographic dividend,EG.IMP.CONS.ZS,"Energy imports, net (% of energy use)",2020,15.3790003889628,,0
PST,Post-demographic dividend,EG.IMP.CONS.ZS,"Energy imports, net (% of energy use)",2019,19.6529938916251,,0
PST,Post-demographic dividend,EG.IMP.CONS.ZS,"Energy imports, net (% of energy use)",2018,22.0243581733412,,0
PST,Post-demographic dividend,EG.IMP.CONS.ZS,"Energy imports, net (% of energy use)",2017,24.6832343322198,,0
PST,Post-demographic dividend,EG.IMP.CONS.ZS,"Energy imports, net (% of energy use)",2016,26.3619739874279,,0
PST,Post-demographic dividend,EG.IMP.CONS.ZS,"Energy imports, net (% of energy use)",2015,26.3932982434568,,0
PST,Post-demographic dividend,EG.IMP.CONS.ZS,"Energy imports, net (% of energy use)",2014,26.618752344417,,0
PST,Post-demographic dividend,EG.IMP.CONS.ZS,"Energy imports, net (% of energy use)",2013,29.1592072949121,,0
PST,Post-demographic dividend,EG.IMP.CONS.ZS,"Energy imports, net (% of energy use)",2012,31.3661872563382,,0
PST,Post-demographic dividend,EG.IMP.CONS.ZS,"Energy imports, net (% of energy use)",2011,33.0404431785979,,0
PST,Post-demographic dividend,EG.IMP.CONS.ZS,"Energy imports, net (% of energy use)",2010,33.3473386198109,,0
PST,Post-demographic dividend,EG.IMP.CONS.ZS,"Energy imports, net (% of energy use)",2009,34.0704870168303,,0
PST,Post-demographic dividend,EG.IMP.CONS.ZS,"Energy imports, net (% of energy use)",2008,35.957181553061,,0
PST,Post-demographic dividend,EG.IMP.CONS.ZS,"Energy imports, net (% of energy use)",2007,36.4083649604139,,0
PST,Post-demographic dividend,EG.IMP.CONS.ZS,"Energy imports, net (% of energy use)",2006,37.6010187590969,,0
PST,Post-demographic dividend,EG.IMP.CONS.ZS,"Energy imports, net (% of energy use)",2005,36.8861414225767,,0
PST,Post-demographic dividend,EG.IMP.CONS.ZS,"Energy imports, net (% of energy use)",2004,36.1554466067865,,0
PST,Post-demographic dividend,EG.IMP.CONS.ZS,"Energy imports, net (% of energy use)",2003,34.9106490596355,,0
PST,Post-demographic dividend,EG.IMP.CONS.ZS,"Energy imports, net (% of energy use)",2002,33.2219930321439,,0
PST,Post-demographic dividend,EG.IMP.CONS.ZS,"Energy imports, net (% of energy use)",2001,33.767259574414,,0
PST,Post-demographic dividend,EG.IMP.CONS.ZS,"Energy imports, net (% of energy use)",2000,32.7376465200228,,0
PST,Post-demographic dividend,EG.IMP.CONS.ZS,"Energy imports, net (% of energy use)",1999,32.3196156034496,,0
PST,Post-demographic dividend,EG.IMP.CONS.ZS,"Energy imports, net (% of energy use)",1998,32.176138502573,,0
PST,Post-demographic dividend,EG.IMP.CONS.ZS,"Energy imports, net (% of energy use)",1997,31.8050674639443,,0
PST,Post-demographic dividend,EG.IMP.CONS.ZS,"Energy imports, net (% of energy use)",1996,31.1919864732543,,0
PST,Post-demographic dividend,EG.IMP.CONS.ZS,"Energy imports, net (% of energy use)",1995,30.7462901584775,,0
PST,Post-demographic dividend,EG.IMP.CONS.ZS,"Energy imports, net (% of energy use)",1994,31.5170282173847,,0
PST,Post-demographic dividend,EG.IMP.CONS.ZS,"Energy imports, net (% of energy use)",1993,31.6335470052126,,0
PST,Post-demographic dividend,EG.IMP.CONS.ZS,"Energy imports, net (% of energy use)",1992,31.8110895095798,,0
PST,Post-demographic dividend,EG.IMP.CONS.ZS,"Energy imports, net (% of energy use)",1991,31.6313479240152,,0
PST,Post-demographic dividend,EG.IMP.CONS.ZS,"Energy imports, net (% of energy use)",1990,32.4491533874028,,0
PRE,Pre-demographic dividend,EG.IMP.CONS.ZS,"Energy imports, net (% of energy use)",2023,22.5559165278294,,0
PRE,Pre-demographic dividend,EG.IMP.CONS.ZS,"Energy imports, net (% of energy use)",2022,-80.4031899854352,,0
PRE,Pre-demographic dividend,EG.IMP.CONS.ZS,"Energy imports, net (% of energy use)",2021,-82.7879827981973,,0
PRE,Pre-demographic dividend,EG.IMP.CONS.ZS,"Energy imports, net (% of energy use)",2020,-100.047912300813,,0
PRE,Pre-demographic dividend,EG.IMP.CONS.ZS,"Energy imports, net (% of energy use)",2019,-119.080845165467,,0
PRE,Pre-demographic dividend,EG.IMP.CONS.ZS,"Energy imports, net (% of energy use)",2018,-127.93842674225,,0
PRE,Pre-demographic dividend,EG.IMP.CONS.ZS,"Energy imports, net (% of energy use)",2017,-128.344920738793,,0
PRE,Pre-demographic dividend,EG.IMP.CONS.ZS,"Energy imports, net (% of energy use)",2016,-133.013315322269,,0
PRE,Pre-demographic dividend,EG.IMP.CONS.ZS,"Energy imports, net (% of energy use)",2015,-133.614556365088,,0
PRE,Pre-demographic dividend,EG.IMP.CONS.ZS,"Energy imports, net (% of energy use)",2014,-122.728209961237,,0
PRE,Pre-demographic dividend,EG.IMP.CONS.ZS,"Energy imports, net (% of energy use)",2013,-121.812003516598,,0
PRE,Pre-demographic dividend,EG.IMP.CONS.ZS,"Energy imports, net (% of energy use)",2012,-135.348986030471,,0
PRE,Pre-demographic dividend,EG.IMP.CONS.ZS,"Energy imports, net (% of energy use)",2011,-151.531820657046,,0
PRE,Pre-demographic dividend,EG.IMP.CONS.ZS,"Energy imports, net (% of energy use)",2010,-164.409912974682,,0
PRE,Pre-demographic dividend,EG.IMP.CONS.ZS,"Energy imports, net (% of energy use)",2009,-175.609595687137,,0
PRE,Pre-demographic dividend,EG.IMP.CONS.ZS,"Energy imports, net (% of energy use)",2008,-182.660060491673,,0
PRE,Pre-demographic dividend,EG.IMP.CONS.ZS,"Energy imports, net (% of energy use)",2007,-186.561341646537,,0
PRE,Pre-demographic dividend,EG.IMP.CONS.ZS,"Energy imports, net (% of energy use)",2006,-175.047155803396,,0
PRE,Pre-demographic dividend,EG.IMP.CONS.ZS,"Energy imports, net (% of energy use)",2005,-163.403464364203,,0
PRE,Pre-demographic dividend,EG.IMP.CONS.ZS,"Energy imports, net (% of energy use)",2004,-165.836600286398,,0
PRE,Pre-demographic dividend,EG.IMP.CONS.ZS,"Energy imports, net (% of energy use)",2003,-143.254212555078,,0
PRE,Pre-demographic dividend,EG.IMP.CONS.ZS,"Energy imports, net (% of energy use)",2002,-152.792570690238,,0
PRE,Pre-demographic dividend,EG.IMP.CONS.ZS,"Energy imports, net (% of energy use)",2001,-169.559412202085,,0
PRE,Pre-demographic dividend,EG.IMP.CONS.ZS,"Energy imports, net (% of energy use)",2000,-177.777813291496,,0
PRE,Pre-demographic dividend,EG.IMP.CONS.ZS,"Energy imports, net (% of energy use)",1999,-160.070106558251,,0
PRE,Pre-demographic dividend,EG.IMP.CONS.ZS,"Energy imports, net (% of energy use)",1998,-153.797266422916,,0
PRE,Pre-demographic dividend,EG.IMP.CONS.ZS,"Energy imports, net (% of energy use)",1997,-122.792421752517,,0
PRE,Pre-demographic dividend,EG.IMP.CONS.ZS,"Energy imports, net (% of energy use)",1996,-100.772718445454,,0
PRE,Pre-demographic dividend,EG.IMP.CONS.ZS,"Energy imports, net (% of energy use)",1995,-92.7077295564791,,0
PRE,Pre-demographic dividend,EG.IMP.CONS.ZS,"Energy imports, net (% of energy use)",1994,-90.1334521207997,,0
PRE,Pre-demographic dividend,EG.IMP.CONS.ZS,"Energy imports, net (% of energy use)",1993,-89.058391184874,,0
PRE,Pre-demographic dividend,EG.IMP.CONS.ZS,"Energy imports, net (% of energy use)",1992,-95.1925118166409,,0
PRE,Pre-demographic dividend,EG.IMP.CONS.ZS,"Energy imports, net (% of energy use)",1991,-99.1212041229985,,0
PRE,Pre-demographic dividend,EG.IMP.CONS.ZS,"Energy imports, net (% of energy use)",1990,-167.929665566824,,0
SST,Small states,EG.IMP.CONS.ZS,"Energy imports, net (% of energy use)",2022,-39.8719609702365,,0
SST,Small states,EG.IMP.CONS.ZS,"Energy imports, net (% of energy use)",2021,-45.0860926522432,,0
SST,Small states,EG.IMP.CONS.ZS,"Energy imports, net (% of energy use)",2020,-74.9420718124997,,0
SST,Small states,EG.IMP.CONS.ZS,"Energy imports, net (% of energy use)",2019,-78.955261878495,,0
SST,Small states,EG.IMP.CONS.ZS,"Energy imports, net (% of energy use)",2018,-83.8898028276471,,0
SST,Small states,EG.IMP.CONS.ZS,"Energy imports, net (% of energy use)",2017,-75.8744939045784,,0
SST,Small states,EG.IMP.CONS.ZS,"Energy imports, net (% of energy use)",2016,-64.2290376848315,,0
SST,Small states,EG.IMP.CONS.ZS,"Energy imports, net (% of energy use)",2015,-75.9151563948482,,0
SST,Small states,EG.IMP.CONS.ZS,"Energy imports, net (% of energy use)",2014,-87.5922051300047,,0
SST,Small states,EG.IMP.CONS.ZS,"Energy imports, net (% of energy use)",2013,-93.7563750461094,,0
SST,Small states,EG.IMP.CONS.ZS,"Energy imports, net (% of energy use)",2012,-94.5701735698095,,0
SST,Small states,EG.IMP.CONS.ZS,"Energy imports, net (% of energy use)",2011,-92.7168532687876,,0
SST,Small states,EG.IMP.CONS.ZS,"Energy imports, net (% of energy use)",2010,-104.201485846599,,0
SST,Small states,EG.IMP.CONS.ZS,"Energy imports, net (% of energy use)",2009,-93.2945932664742,,0
SST,Small states,EG.IMP.CONS.ZS,"Energy imports, net (% of energy use)",2008,-121.080005554906,,0
SST,Small states,EG.IMP.CONS.ZS,"Energy imports, net (% of energy use)",2007,-116.216807864895,,0
SST,Small states,EG.IMP.CONS.ZS,"Energy imports, net (% of energy use)",2006,-131.618786296597,,0
SST,Small states,EG.IMP.CONS.ZS,"Energy imports, net (% of energy use)",2005,-130.31209402919,,0
SST,Small states,EG.IMP.CONS.ZS,"Energy imports, net (% of energy use)",2004,-148.035356408531,,0
SST,Small states,EG.IMP.CONS.ZS,"Energy imports, net (% of energy use)",2003,-146.200624368647,,0
SST,Small states,EG.IMP.CONS.ZS,"Energy imports, net (% of energy use)",2002,-133.0383641141,,0
SST,Small states,EG.IMP.CONS.ZS,"Energy imports, net (% of energy use)",2001,-120.169247714373,,0
SST,Small states,EG.IMP.CONS.ZS,"Energy imports, net (% of energy use)",2000,-129.520432152405,,0
SST,Small states,EG.IMP.CONS.ZS,"Energy imports, net (% of energy use)",1999,-116.497194474772,,0
SST,Small states,EG.IMP.CONS.ZS,"Energy imports, net (% of energy use)",1998,-108.052139252948,,0
SST,Small states,EG.IMP.CONS.ZS,"Energy imports, net (% of energy use)",1997,-108.10099924664,,0
SST,Small states,EG.IMP.CONS.ZS,"Energy imports, net (% of energy use)",1996,-94.7390252143313,,0
SST,Small states,EG.IMP.CONS.ZS,"Energy imports, net (% of energy use)",1995,-145.263315730694,,0
SST,Small states,EG.IMP.CONS.ZS,"Energy imports, net (% of energy use)",1994,-139.343243330452,,0
SST,Small states,EG.IMP.CONS.ZS,"Energy imports, net (% of energy use)",1993,-137.108339045652,,0
SST,Small states,EG.IMP.CONS.ZS,"Energy imports, net (% of energy use)",1992,-123.427504063727,,0
SST,Small states,EG.IMP.CONS.ZS,"Energy imports, net (% of energy use)",1991,-91.7850597935601,,0
SST,Small states,EG.IMP.CONS.ZS,"Energy imports, net (% of energy use)",1990,-85.2825362897787,,0
SAS,South Asia,EG.IMP.CONS.ZS,"Energy imports, net (% of energy use)",2022,36.2788033409984,,0
SAS,South Asia,EG.IMP.CONS.ZS,"Energy imports, net (% of energy use)",2021,35.1761859496198,,0
SAS,South Asia,EG.IMP.CONS.ZS,"Energy imports, net (% of energy use)",2020,37.7152716313465,,0
SAS,South Asia,EG.IMP.CONS.ZS,"Energy imports, net (% of energy use)",2019,38.6902929867699,,0
SAS,South Asia,EG.IMP.CONS.ZS,"Energy imports, net (% of energy use)",2018,37.3614159274451,,0
SAS,South Asia,EG.IMP.CONS.ZS,"Energy imports, net (% of energy use)",2017,36.7163341462788,,0
SAS,South Asia,EG.IMP.CONS.ZS,"Energy imports, net (% of energy use)",2016,36.8378180564131,,0
SAS,South Asia,EG.IMP.CONS.ZS,"Energy imports, net (% of energy use)",2015,36.5808123940269,,0
SAS,South Asia,EG.IMP.CONS.ZS,"Energy imports, net (% of energy use)",2014,35.8772742340932,,0
SAS,South Asia,EG.IMP.CONS.ZS,"Energy imports, net (% of energy use)",2013,33.3542319525336,,0
SAS,South Asia,EG.IMP.CONS.ZS,"Energy imports, net (% of energy use)",2012,32.077427612512,,0
SAS,South Asia,EG.IMP.CONS.ZS,"Energy imports, net (% of energy use)",2011,30.623215330044,,0
SAS,South Asia,EG.IMP.CONS.ZS,"Energy imports, net (% of energy use)",2010,29.4870265763507,,0
SAS,South Asia,EG.IMP.CONS.ZS,"Energy imports, net (% of energy use)",2009,28.4605307184211,,0
SAS,South Asia,EG.IMP.CONS.ZS,"Energy imports, net (% of energy use)",2008,27.8917263205821,,0
SAS,South Asia,EG.IMP.CONS.ZS,"Energy imports, net (% of energy use)",2007,26.6108079359428,,0
SAS,South Asia,EG.IMP.CONS.ZS,"Energy imports, net (% of energy use)",2006,25.6732825321848,,0
SAS,South Asia,EG.IMP.CONS.ZS,"Energy imports, net (% of energy use)",2005,24.5962932531408,,0
SAS,South Asia,EG.IMP.CONS.ZS,"Energy imports, net (% of energy use)",2004,23.002299552614,,0
SAS,South Asia,EG.IMP.CONS.ZS,"Energy imports, net (% of energy use)",2003,22.4030810609078,,0
SAS,South Asia,EG.IMP.CONS.ZS,"Energy imports, net (% of energy use)",2002,22.3306435551715,,0
SAS,South Asia,EG.IMP.CONS.ZS,"Energy imports, net (% of energy use)",2001,21.8233271709822,,0
SAS,South Asia,EG.IMP.CONS.ZS,"Energy imports, net (% of energy use)",2000,21.9874103258422,,0
SAS,South Asia,EG.IMP.CONS.ZS,"Energy imports, net (% of energy use)",1999,21.5577889787456,,0
SAS,South Asia,EG.IMP.CONS.ZS,"Energy imports, net (% of energy use)",1998,19.5942418736819,,0
SAS,South Asia,EG.IMP.CONS.ZS,"Energy imports, net (% of energy use)",1997,18.2277835972977,,0
SAS,South Asia,EG.IMP.CONS.ZS,"Energy imports, net (% of energy use)",1996,17.2567222835609,,0
SAS,South Asia,EG.IMP.CONS.ZS,"Energy imports, net (% of energy use)",1995,15.6767723065917,,0
SAS,South Asia,EG.IMP.CONS.ZS,"Energy imports, net (% of energy use)",1994,14.3405648928162,,0
SAS,South Asia,EG.IMP.CONS.ZS,"Energy imports, net (% of energy use)",1993,14.5401250756932,,0
SAS,South Asia,EG.IMP.CONS.ZS,"Energy imports, net (% of energy use)",1992,14.0298481886536,,0
SAS,South Asia,EG.IMP.CONS.ZS,"Energy imports, net (% of energy use)",1991,12.3018437576576,,0
SAS,South Asia,EG.IMP.CONS.ZS,"Energy imports, net (% of energy use)",1990,11.7685338771583,,0
TSA,South Asia (IDA & IBRD),EG.IMP.CONS.ZS,"Energy imports, net (% of energy use)",2022,36.2788033409984,,0
TSA,South Asia (IDA & IBRD),EG.IMP.CONS.ZS,"Energy imports, net (% of energy use)",2021,35.1761859496198,,0
TSA,South Asia (IDA & IBRD),EG.IMP.CONS.ZS,"Energy imports, net (% of energy use)",2020,37.7152716313465,,0
TSA,South Asia (IDA & IBRD),EG.IMP.CONS.ZS,"Energy imports, net (% of energy use)",2019,38.6902929867699,,0
TSA,South Asia (IDA & IBRD),EG.IMP.CONS.ZS,"Energy imports, net (% of energy use)",2018,37.3614159274451,,0
TSA,South Asia (IDA & IBRD),EG.IMP.CONS.ZS,"Energy imports, net (% of energy use)",2017,36.7163341462788,,0
TSA,South Asia (IDA & IBRD),EG.IMP.CONS.ZS,"Energy imports, net (% of energy use)",2016,36.8378180564131,,0
TSA,South Asia (IDA & IBRD),EG.IMP.CONS.ZS,"Energy imports, net (% of energy use)",2015,36.5808123940269,,0
TSA,South Asia (IDA & IBRD),EG.IMP.CONS.ZS,"Energy imports, net (% of energy use)",2014,35.8772742340932,,0
TSA,South Asia (IDA & IBRD),EG.IMP.CONS.ZS,"Energy imports, net (% of energy use)",2013,33.3542319525336,,0
TSA,South Asia (IDA & IBRD),EG.IMP.CONS.ZS,"Energy imports, net (% of energy use)",2012,32.077427612512,,0
TSA,South Asia (IDA & IBRD),EG.IMP.CONS.ZS,"Energy imports, net (% of energy use)",2011,30.623215330044,,0
TSA,South Asia (IDA & IBRD),EG.IMP.CONS.ZS,"Energy imports, net (% of energy use)",2010,29.4870265763507,,0
TSA,South Asia (IDA & IBRD),EG.IMP.CONS.ZS,"Energy imports, net (% of energy use)",2009,28.4605307184211,,0
TSA,South Asia (IDA & IBRD),EG.IMP.CONS.ZS,"Energy imports, net (% of energy use)",2008,27.8917263205821,,0
TSA,South Asia (IDA & IBRD),EG.IMP.CONS.ZS,"Energy imports, net (% of energy use)",2007,26.6108079359428,,0
TSA,South Asia (IDA & IBRD),EG.IMP.CONS.ZS,"Energy imports, net (% of energy use)",2006,25.6732825321848,,0
TSA,South Asia (IDA & IBRD),EG.IMP.CONS.ZS,"Energy imports, net (% of energy use)",2005,24.5962932531408,,0
TSA,South Asia (IDA & IBRD),EG.IMP.CONS.ZS,"Energy imports, net (% of energy use)",2004,23.002299552614,,0
TSA,South Asia (IDA & IBRD),EG.IMP.CONS.ZS,"Energy imports, net (% of energy use)",2003,22.4030810609078,,0
TSA,South Asia (IDA & IBRD),EG.IMP.CONS.ZS,"Energy imports, net (% of energy use)",2002,22.3306435551715,,0
TSA,South Asia (IDA & IBRD),EG.IMP.CONS.ZS,"Energy imports, net (% of energy use)",2001,21.8233271709822,,0
TSA,South Asia (IDA & IBRD),EG.IMP.CONS.ZS,"Energy imports, net (% of energy use)",2000,21.9874103258422,,0
TSA,South Asia (IDA & IBRD),EG.IMP.CONS.ZS,"Energy imports, net (% of energy use)",1999,21.5577889787456,,0
TSA,South Asia (IDA & IBRD),EG.IMP.CONS.ZS,"Energy imports, net (% of energy use)",1998,19.5942418736819,,0
TSA,South Asia (IDA & IBRD),EG.IMP.CONS.ZS,"Energy imports, net (% of energy use)",1997,18.2277835972977,,0
TSA,South Asia (IDA & IBRD),EG.IMP.CONS.ZS,"Energy imports, net (% of energy use)",1996,17.2567222835609,,0
TSA,South Asia (IDA & IBRD),EG.IMP.CONS.ZS,"Energy imports, net (% of energy use)",1995,15.6767723065917,,0
TSA,South Asia (IDA & IBRD),EG.IMP.CONS.ZS,"Energy imports, net (% of energy use)",1994,14.3405648928162,,0
TSA,South Asia (IDA & IBRD),EG.IMP.CONS.ZS,"Energy imports, net (% of energy use)",1993,14.5401250756932,,0
TSA,South Asia (IDA & IBRD),EG.IMP.CONS.ZS,"Energy imports, net (% of energy use)",1992,14.0298481886536,,0
TSA,South Asia (IDA & IBRD),EG.IMP.CONS.ZS,"Energy imports, net (% of energy use)",1991,12.3018437576576,,0
TSA,South Asia (IDA & IBRD),EG.IMP.CONS.ZS,"Energy imports, net (% of energy use)",1990,11.7685338771583,,0
SSF,Sub-Saharan Africa,EG.IMP.CONS.ZS,"Energy imports, net (% of energy use)",2023,22.5559165278294,,0
SSF,Sub-Saharan Africa,EG.IMP.CONS.ZS,"Energy imports, net (% of energy use)",2022,-27.7630743737426,,0
SSF,Sub-Saharan Africa,EG.IMP.CONS.ZS,"Energy imports, net (% of energy use)",2021,-30.827306200542,,0
SSF,Sub-Saharan Africa,EG.IMP.CONS.ZS,"Energy imports, net (% of energy use)",2020,-40.6845577486988,,0
SSF,Sub-Saharan Africa,EG.IMP.CONS.ZS,"Energy imports, net (% of energy use)",2019,-45.2681699987549,,0
SSF,Sub-Saharan Africa,EG.IMP.CONS.ZS,"Energy imports, net (% of energy use)",2018,-50.3796210142719,,0
SSF,Sub-Saharan Africa,EG.IMP.CONS.ZS,"Energy imports, net (% of energy use)",2017,-50.1255042176457,,0
SSF,Sub-Saharan Africa,EG.IMP.CONS.ZS,"Energy imports, net (% of energy use)",2016,-48.3115887045613,,0
SSF,Sub-Saharan Africa,EG.IMP.CONS.ZS,"Energy imports, net (% of energy use)",2015,-57.1076586789894,,0
SSF,Sub-Saharan Africa,EG.IMP.CONS.ZS,"Energy imports, net (% of energy use)",2014,-53.9849593120114,,0
SSF,Sub-Saharan Africa,EG.IMP.CONS.ZS,"Energy imports, net (% of energy use)",2013,-58.6888995195208,,0
SSF,Sub-Saharan Africa,EG.IMP.CONS.ZS,"Energy imports, net (% of energy use)",2012,-64.3910402021384,,0
SSF,Sub-Saharan Africa,EG.IMP.CONS.ZS,"Energy imports, net (% of energy use)",2011,-68.1527400228476,,0
SSF,Sub-Saharan Africa,EG.IMP.CONS.ZS,"Energy imports, net (% of energy use)",2010,-84.628600273392,,0
SSF,Sub-Saharan Africa,EG.IMP.CONS.ZS,"Energy imports, net (% of energy use)",2009,-79.7959173711712,,0
SSF,Sub-Saharan Africa,EG.IMP.CONS.ZS,"Energy imports, net (% of energy use)",2008,-86.1300172530423,,0
SSF,Sub-Saharan Africa,EG.IMP.CONS.ZS,"Energy imports, net (% of energy use)",2007,-93.932938113832,,0
SSF,Sub-Saharan Africa,EG.IMP.CONS.ZS,"Energy imports, net (% of energy use)",2006,-94.523563202222,,0
SSF,Sub-Saharan Africa,EG.IMP.CONS.ZS,"Energy imports, net (% of energy use)",2005,-92.6259751288582,,0
SSF,Sub-Saharan Africa,EG.IMP.CONS.ZS,"Energy imports, net (% of energy use)",2004,-88.7202704935839,,0
SSF,Sub-Saharan Africa,EG.IMP.CONS.ZS,"Energy imports, net (% of energy use)",2003,-83.6427674178124,,0
SSF,Sub-Saharan Africa,EG.IMP.CONS.ZS,"Energy imports, net (% of energy use)",2002,-83.1809143108011,,0
SSF,Sub-Saharan Africa,EG.IMP.CONS.ZS,"Energy imports, net (% of energy use)",2001,-84.8289274074346,,0
SSF,Sub-Saharan Africa,EG.IMP.CONS.ZS,"Energy imports, net (% of energy use)",2000,-82.8740029284937,,0
SSF,Sub-Saharan Africa,EG.IMP.CONS.ZS,"Energy imports, net (% of energy use)",1999,-70.1309403565588,,0
SSF,Sub-Saharan Africa,EG.IMP.CONS.ZS,"Energy imports, net (% of energy use)",1998,-71.8344748267956,,0
SSF,Sub-Saharan Africa,EG.IMP.CONS.ZS,"Energy imports, net (% of energy use)",1997,-71.1047417508413,,0
SSF,Sub-Saharan Africa,EG.IMP.CONS.ZS,"Energy imports, net (% of energy use)",1996,-66.9137618118788,,0
SSF,Sub-Saharan Africa,EG.IMP.CONS.ZS,"Energy imports, net (% of energy use)",1995,-64.6428244210482,,0
SSF,Sub-Saharan Africa,EG.IMP.CONS.ZS,"Energy imports, net (% of energy use)",1994,-64.8257602799154,,0
SSF,Sub-Saharan Africa,EG.IMP.CONS.ZS,"Energy imports, net (% of energy use)",1993,-63.749894369338,,0
SSF,Sub-Saharan Africa,EG.IMP.CONS.ZS,"Energy imports, net (% of energy use)",1992,-65.153024546276,,0
SSF,Sub-Saharan Africa,EG.IMP.CONS.ZS,"Energy imports, net (% of energy use)",1991,-62.2268211029092,,0
SSF,Sub-Saharan Africa,EG.IMP.CONS.ZS,"Energy imports, net (% of energy use)",1990,-62.0558149477675,,0
SSA,Sub-Saharan Africa (excluding high income),EG.IMP.CONS.ZS,"Energy imports, net (% of energy use)",2023,22.5559165278294,,0
SSA,Sub-Saharan Africa (excluding high income),EG.IMP.CONS.ZS,"Energy imports, net (% of energy use)",2022,-31.6972102718104,,0
SSA,Sub-Saharan Africa (excluding high income),EG.IMP.CONS.ZS,"Energy imports, net (% of energy use)",2021,-35.026191852369,,0
SSA,Sub-Saharan Africa (excluding high income),EG.IMP.CONS.ZS,"Energy imports, net (% of energy use)",2020,-45.906770907476,,0
SSA,Sub-Saharan Africa (excluding high income),EG.IMP.CONS.ZS,"Energy imports, net (% of energy use)",2019,-51.1132203957276,,0
SSA,Sub-Saharan Africa (excluding high income),EG.IMP.CONS.ZS,"Energy imports, net (% of energy use)",2018,-56.7694804573262,,0
SSA,Sub-Saharan Africa (excluding high income),EG.IMP.CONS.ZS,"Energy imports, net (% of energy use)",2017,-56.0964887715015,,0
SSA,Sub-Saharan Africa (excluding high income),EG.IMP.CONS.ZS,"Energy imports, net (% of energy use)",2016,-54.1515696563567,,0
SSA,Sub-Saharan Africa (excluding high income),EG.IMP.CONS.ZS,"Energy imports, net (% of energy use)",2015,-63.6839477332785,,0
SSA,Sub-Saharan Africa (excluding high income),EG.IMP.CONS.ZS,"Energy imports, net (% of energy use)",2014,-60.0304768073127,,0
SSA,Sub-Saharan Africa (excluding high income),EG.IMP.CONS.ZS,"Energy imports, net (% of energy use)",2013,-65.0895711794328,,0
SSA,Sub-Saharan Africa (excluding high income),EG.IMP.CONS.ZS,"Energy imports, net (% of energy use)",2012,-71.1452629690891,,0
SSA,Sub-Saharan Africa (excluding high income),EG.IMP.CONS.ZS,"Energy imports, net (% of energy use)",2011,-75.496761188699,,0
SSA,Sub-Saharan Africa (excluding high income),EG.IMP.CONS.ZS,"Energy imports, net (% of energy use)",2010,-84.6286002733921,,0
SSA,Sub-Saharan Africa (excluding high income),EG.IMP.CONS.ZS,"Energy imports, net (% of energy use)",2009,-79.7959173711712,,0
SSA,Sub-Saharan Africa (excluding high income),EG.IMP.CONS.ZS,"Energy imports, net (% of energy use)",2008,-86.1300172530422,,0
SSA,Sub-Saharan Africa (excluding high income),EG.IMP.CONS.ZS,"Energy imports, net (% of energy use)",2007,-93.932938113832,,0
SSA,Sub-Saharan Africa (excluding high income),EG.IMP.CONS.ZS,"Energy imports, net (% of energy use)",2006,-94.523563202222,,0
SSA,Sub-Saharan Africa (excluding high income),EG.IMP.CONS.ZS,"Energy imports, net (% of energy use)",2005,-92.6259751288582,,0
SSA,Sub-Saharan Africa (excluding high income),EG.IMP.CONS.ZS,"Energy imports, net (% of energy use)",2004,-88.7202704935839,,0
SSA,Sub-Saharan Africa (excluding high income),EG.IMP.CONS.ZS,"Energy imports, net (% of energy use)",2003,-83.6427674178123,,0
SSA,Sub-Saharan Africa (excluding high income),EG.IMP.CONS.ZS,"Energy imports, net (% of energy use)",2002,-83.180914310801,,0
SSA,Sub-Saharan Africa (excluding high income),EG.IMP.CONS.ZS,"Energy imports, net (% of energy use)",2001,-84.8289274074346,,0
SSA,Sub-Saharan Africa (excluding high income),EG.IMP.CONS.ZS,"Energy imports, net (% of energy use)",2000,-82.8740029284937,,0
SSA,Sub-Saharan Africa (excluding high income),EG.IMP.CONS.ZS,"Energy imports, net (% of energy use)",1999,-70.1309403565588,,0
SSA,Sub-Saharan Africa (excluding high income),EG.IMP.CONS.ZS,"Energy imports, net (% of energy use)",1998,-71.8344748267955,,0
SSA,Sub-Saharan Africa (excluding high income),EG.IMP.CONS.ZS,"Energy imports, net (% of energy use)",1997,-77.7190477890669,,0
SSA,Sub-Saharan Africa (excluding high income),EG.IMP.CONS.ZS,"Energy imports, net (% of energy use)",1996,-73.2145986873191,,0
SSA,Sub-Saharan Africa (excluding high income),EG.IMP.CONS.ZS,"Energy imports, net (% of energy use)",1995,-70.7290697560497,,0
SSA,Sub-Saharan Africa (excluding high income),EG.IMP.CONS.ZS,"Energy imports, net (% of energy use)",1994,-70.9298977585669,,0
SSA,Sub-Saharan Africa (excluding high income),EG.IMP.CONS.ZS,"Energy imports, net (% of energy use)",1993,-69.6051640189056,,0
SSA,Sub-Saharan Africa (excluding high income),EG.IMP.CONS.ZS,"Energy imports, net (% of energy use)",1992,-71.0315753020719,,0
SSA,Sub-Saharan Africa (excluding high income),EG.IMP.CONS.ZS,"Energy imports, net (% of energy use)",1991,-67.9387241421162,,0
SSA,Sub-Saharan Africa (excluding high income),EG.IMP.CONS.ZS,"Energy imports, net (% of energy use)",1990,-67.7088990568066,,0
TSS,Sub-Saharan Africa (IDA & IBRD countries),EG.IMP.CONS.ZS,"Energy imports, net (% of energy use)",2023,22.5559165278294,,0
TSS,Sub-Saharan Africa (IDA & IBRD countries),EG.IMP.CONS.ZS,"Energy imports, net (% of energy use)",2022,-27.7630743737426,,0
TSS,Sub-Saharan Africa (IDA & IBRD countries),EG.IMP.CONS.ZS,"Energy imports, net (% of energy use)",2021,-30.827306200542,,0
TSS,Sub-Saharan Africa (IDA & IBRD countries),EG.IMP.CONS.ZS,"Energy imports, net (% of energy use)",2020,-40.6845577486988,,0
TSS,Sub-Saharan Africa (IDA & IBRD countries),EG.IMP.CONS.ZS,"Energy imports, net (% of energy use)",2019,-45.2681699987549,,0
TSS,Sub-Saharan Africa (IDA & IBRD countries),EG.IMP.CONS.ZS,"Energy imports, net (% of energy use)",2018,-50.3796210142719,,0
TSS,Sub-Saharan Africa (IDA & IBRD countries),EG.IMP.CONS.ZS,"Energy imports, net (% of energy use)",2017,-50.1255042176457,,0
TSS,Sub-Saharan Africa (IDA & IBRD countries),EG.IMP.CONS.ZS,"Energy imports, net (% of energy use)",2016,-48.3115887045612,,0
TSS,Sub-Saharan Africa (IDA & IBRD countries),EG.IMP.CONS.ZS,"Energy imports, net (% of energy use)",2015,-57.1076586789894,,0
TSS,Sub-Saharan Africa (IDA & IBRD countries),EG.IMP.CONS.ZS,"Energy imports, net (% of energy use)",2014,-53.9849593120114,,0
TSS,Sub-Saharan Africa (IDA & IBRD countries),EG.IMP.CONS.ZS,"Energy imports, net (% of energy use)",2013,-58.6888995195207,,0
TSS,Sub-Saharan Africa (IDA & IBRD countries),EG.IMP.CONS.ZS,"Energy imports, net (% of energy use)",2012,-64.3910402021384,,0
TSS,Sub-Saharan Africa (IDA & IBRD countries),EG.IMP.CONS.ZS,"Energy imports, net (% of energy use)",2011,-68.1527400228476,,0
TSS,Sub-Saharan Africa (IDA & IBRD countries),EG.IMP.CONS.ZS,"Energy imports, net (% of energy use)",2010,-84.628600273392,,0
TSS,Sub-Saharan Africa (IDA & IBRD countries),EG.IMP.CONS.ZS,"Energy imports, net (% of energy use)",2009,-79.7959173711712,,0
TSS,Sub-Saharan Africa (IDA & IBRD countries),EG.IMP.CONS.ZS,"Energy imports, net (% of energy use)",2008,-86.1300172530422,,0
TSS,Sub-Saharan Africa (IDA & IBRD countries),EG.IMP.CONS.ZS,"Energy imports, net (% of energy use)",2007,-93.932938113832,,0
TSS,Sub-Saharan Africa (IDA & IBRD countries),EG.IMP.CONS.ZS,"Energy imports, net (% of energy use)",2006,-94.523563202222,,0
TSS,Sub-Saharan Africa (IDA & IBRD countries),EG.IMP.CONS.ZS,"Energy imports, net (% of energy use)",2005,-92.6259751288582,,0
TSS,Sub-Saharan Africa (IDA & IBRD countries),EG.IMP.CONS.ZS,"Energy imports, net (% of energy use)",2004,-88.7202704935839,,0
TSS,Sub-Saharan Africa (IDA & IBRD countries),EG.IMP.CONS.ZS,"Energy imports, net (% of energy use)",2003,-83.6427674178124,,0
TSS,Sub-Saharan Africa (IDA & IBRD countries),EG.IMP.CONS.ZS,"Energy imports, net (% of energy use)",2002,-83.180914310801,,0
TSS,Sub-Saharan Africa (IDA & IBRD countries),EG.IMP.CONS.ZS,"Energy imports, net (% of energy use)",2001,-84.8289274074346,,0
TSS,Sub-Saharan Africa (IDA & IBRD countries),EG.IMP.CONS.ZS,"Energy imports, net (% of energy use)",2000,-82.8740029284937,,0
TSS,Sub-Saharan Africa (IDA & IBRD countries),EG.IMP.CONS.ZS,"Energy imports, net (% of energy use)",1999,-70.1309403565588,,0
TSS,Sub-Saharan Africa (IDA & IBRD countries),EG.IMP.CONS.ZS,"Energy imports, net (% of energy use)",1998,-71.8344748267956,,0
TSS,Sub-Saharan Africa (IDA & IBRD countries),EG.IMP.CONS.ZS,"Energy imports, net (% of energy use)",1997,-71.1047417508413,,0
TSS,Sub-Saharan Africa (IDA & IBRD countries),EG.IMP.CONS.ZS,"Energy imports, net (% of energy use)",1996,-66.9137618118789,,0
TSS,Sub-Saharan Africa (IDA & IBRD countries),EG.IMP.CONS.ZS,"Energy imports, net (% of energy use)",1995,-64.6428244210482,,0
TSS,Sub-Saharan Africa (IDA & IBRD countries),EG.IMP.CONS.ZS,"Energy imports, net (% of energy use)",1994,-64.8257602799154,,0
TSS,Sub-Saharan Africa (IDA & IBRD countries),EG.IMP.CONS.ZS,"Energy imports, net (% of energy use)",1993,-63.749894369338,,0
TSS,Sub-Saharan Africa (IDA & IBRD countries),EG.IMP.CONS.ZS,"Energy imports, net (% of energy use)",1992,-65.153024546276,,0
TSS,Sub-Saharan Africa (IDA & IBRD countries),EG.IMP.CONS.ZS,"Energy imports, net (% of energy use)",1991,-62.2268211029091,,0
TSS,Sub-Saharan Africa (IDA & IBRD countries),EG.IMP.CONS.ZS,"Energy imports, net (% of energy use)",1990,-62.0558149477675,,0
,Upper middle income,EG.IMP.CONS.ZS,"Energy imports, net (% of energy use)",2023,6.2055231926258,,0
,Upper middle income,EG.IMP.CONS.ZS,"Energy imports, net (% of energy use)",2022,2.63202618139174,,0
,Upper middle income,EG.IMP.CONS.ZS,"Energy imports, net (% of energy use)",2021,3.88366608167531,,0
,Upper middle income,EG.IMP.CONS.ZS,"Energy imports, net (% of energy use)",2020,3.58732326207722,,0
,Upper middle income,EG.IMP.CONS.ZS,"Energy imports, net (% of energy use)",2019,1.35063180512849,,0
,Upper middle income,EG.IMP.CONS.ZS,"Energy imports, net (% of energy use)",2018,-0.511524635779333,,0
,Upper middle income,EG.IMP.CONS.ZS,"Energy imports, net (% of energy use)",2017,-2.042248827855,,0
,Upper middle income,EG.IMP.CONS.ZS,"Energy imports, net (% of energy use)",2016,-2.7005110296919,,0
,Upper middle income,EG.IMP.CONS.ZS,"Energy imports, net (% of energy use)",2015,-2.00574242829076,,0
,Upper middle income,EG.IMP.CONS.ZS,"Energy imports, net (% of energy use)",2014,-1.68228046083104,,0
,Upper middle income,EG.IMP.CONS.ZS,"Energy imports, net (% of energy use)",2013,-2.98532159753843,,0
,Upper middle income,EG.IMP.CONS.ZS,"Energy imports, net (% of energy use)",2012,-4.69696891119213,,0
,Upper middle income,EG.IMP.CONS.ZS,"Energy imports, net (% of energy use)",2011,-6.17187485240262,,0
,Upper middle income,EG.IMP.CONS.ZS,"Energy imports, net (% of energy use)",2010,-8.34251106321986,,0
,Upper middle income,EG.IMP.CONS.ZS,"Energy imports, net (% of energy use)",2009,-9.94539648924291,,0
,Upper middle income,EG.IMP.CONS.ZS,"Energy imports, net (% of energy use)",2008,-12.340350436195,,0
,Upper middle income,EG.IMP.CONS.ZS,"Energy imports, net (% of energy use)",2007,-13.6324959187653,,0
,Upper middle income,EG.IMP.CONS.ZS,"Energy imports, net (% of energy use)",2006,-15.4467776486042,,0
,Upper middle income,EG.IMP.CONS.ZS,"Energy imports, net (% of energy use)",2005,-16.5710656393549,,0
,Upper middle income,EG.IMP.CONS.ZS,"Energy imports, net (% of energy use)",2004,-16.6364721054017,,0
,Upper middle income,EG.IMP.CONS.ZS,"Energy imports, net (% of energy use)",2003,-19.2509138815892,,0
,Upper middle income,EG.IMP.CONS.ZS,"Energy imports, net (% of energy use)",2002,-21.1922173730061,,0
,Upper middle income,EG.IMP.CONS.ZS,"Energy imports, net (% of energy use)",2001,-22.860047591849,,0
,Upper middle income,EG.IMP.CONS.ZS,"Energy imports, net (% of energy use)",2000,-22.4021605553595,,0
,Upper middle income,EG.IMP.CONS.ZS,"Energy imports, net (% of energy use)",1999,-22.3846278110506,,0
,Upper middle income,EG.IMP.CONS.ZS,"Energy imports, net (% of energy use)",1998,-21.1765698684577,,0
,Upper middle income,EG.IMP.CONS.ZS,"Energy imports, net (% of energy use)",1997,-17.9659390073456,,0
,Upper middle income,EG.IMP.CONS.ZS,"Energy imports, net (% of energy use)",1996,-17.3353904708016,,0
,Upper middle income,EG.IMP.CONS.ZS,"Energy imports, net (% of energy use)",1995,-16.4256732387718,,0
,Upper middle income,EG.IMP.CONS.ZS,"Energy imports, net (% of energy use)",1994,-17.2329040123507,,0
,Upper middle income,EG.IMP.CONS.ZS,"Energy imports, net (% of energy use)",1993,-16.8926092847575,,0
,Upper middle income,EG.IMP.CONS.ZS,"Energy imports, net (% of energy use)",1992,-16.2154405801622,,0
,Upper middle income,EG.IMP.CONS.ZS,"Energy imports, net (% of energy use)",1991,-15.9883484194644,,0
,Upper middle income,EG.IMP.CONS.ZS,"Energy imports, net (% of energy use)",1990,-18.7489140634859,,0
WLD,World,EG.IMP.CONS.ZS,"Energy imports, net (% of energy use)",2023,10.5323242446192,,0
WLD,World,EG.IMP.CONS.ZS,"Energy imports, net (% of energy use)",2022,-0.47338512399277,,0
WLD,World,EG.IMP.CONS.ZS,"Energy imports, net (% of energy use)",2021,0.0418476782959433,,0
WLD,World,EG.IMP.CONS.ZS,"Energy imports, net (% of energy use)",2020,-0.906318220095492,,0
WLD,World,EG.IMP.CONS.ZS,"Energy imports, net (% of energy use)",2019,-0.918594594475234,,0
WLD,World,EG.IMP.CONS.ZS,"Energy imports, net (% of energy use)",2018,-1.11708801104394,,0
WLD,World,EG.IMP.CONS.ZS,"Energy imports, net (% of energy use)",2017,-0.687797341343947,,0
WLD,World,EG.IMP.CONS.ZS,"Energy imports, net (% of energy use)",2016,-0.999339206030131,,0
WLD,World,EG.IMP.CONS.ZS,"Energy imports, net (% of energy use)",2015,-0.801942467000183,,0
WLD,World,EG.IMP.CONS.ZS,"Energy imports, net (% of energy use)",2014,-0.452917188597238,,0
WLD,World,EG.IMP.CONS.ZS,"Energy imports, net (% of energy use)",2013,-0.716090953668249,,0
WLD,World,EG.IMP.CONS.ZS,"Energy imports, net (% of energy use)",2012,-0.724439330658031,,0
WLD,World,EG.IMP.CONS.ZS,"Energy imports, net (% of energy use)",2011,-0.418581592308957,,0
WLD,World,EG.IMP.CONS.ZS,"Energy imports, net (% of energy use)",2010,0.126029510519986,,0
WLD,World,EG.IMP.CONS.ZS,"Energy imports, net (% of energy use)",2009,-0.0722279140664019,,0
WLD,World,EG.IMP.CONS.ZS,"Energy imports, net (% of energy use)",2008,0.75959272242074,,0
WLD,World,EG.IMP.CONS.ZS,"Energy imports, net (% of energy use)",2007,0.826690861935551,,0
WLD,World,EG.IMP.CONS.ZS,"Energy imports, net (% of energy use)",2006,0.694888470659831,,0
WLD,World,EG.IMP.CONS.ZS,"Energy imports, net (% of energy use)",2005,0.0560342622724468,,0
WLD,World,EG.IMP.CONS.ZS,"Energy imports, net (% of energy use)",2004,-0.443366835946094,,0
WLD,World,EG.IMP.CONS.ZS,"Energy imports, net (% of energy use)",2003,0.235204702291953,,0
WLD,World,EG.IMP.CONS.ZS,"Energy imports, net (% of energy use)",2002,0.06791952695199,,0
WLD,World,EG.IMP.CONS.ZS,"Energy imports, net (% of energy use)",2001,-0.454001425615343,,0
WLD,World,EG.IMP.CONS.ZS,"Energy imports, net (% of energy use)",2000,-0.67456959377492,,0
WLD,World,EG.IMP.CONS.ZS,"Energy imports, net (% of energy use)",1999,-0.506163904223905,,0
WLD,World,EG.IMP.CONS.ZS,"Energy imports, net (% of energy use)",1998,-1.24508600080508,,0
WLD,World,EG.IMP.CONS.ZS,"Energy imports, net (% of energy use)",1997,1.1596104117811,,0
WLD,World,EG.IMP.CONS.ZS,"Energy imports, net (% of energy use)",1996,-0.758019895355061,,0
WLD,World,EG.IMP.CONS.ZS,"Energy imports, net (% of energy use)",1995,0.695808147783218,,0
WLD,World,EG.IMP.CONS.ZS,"Energy imports, net (% of energy use)",1994,0.833076033788683,,0
WLD,World,EG.IMP.CONS.ZS,"Energy imports, net (% of energy use)",1993,1.21562688570329,,0
WLD,World,EG.IMP.CONS.ZS,"Energy imports, net (% of energy use)",1992,0.796467980856695,,0
WLD,World,EG.IMP.CONS.ZS,"Energy imports, net (% of energy use)",1991,0.862838750766827,,0
WLD,World,EG.IMP.CONS.ZS,"Energy imports, net (% of energy use)",1990,-0.536017510903929,,0
ALB,Albania,EG.IMP.CONS.ZS,"Energy imports, net (% of energy use)",2023,22.7015590200443,,0
ALB,Albania,EG.IMP.CONS.ZS,"Energy imports, net (% of energy use)",2022,32.276396797251,,0
ALB,Albania,EG.IMP.CONS.ZS,"Energy imports, net (% of energy use)",2021,24.1177519322935,,0
ALB,Albania,EG.IMP.CONS.ZS,"Energy imports, net (% of energy use)",2020,36.4699774665314,,0
ALB,Albania,EG.IMP.CONS.ZS,"Energy imports, net (% of energy use)",2019,32.2318027280548,,0
ALB,Albania,EG.IMP.CONS.ZS,"Energy imports, net (% of energy use)",2018,21.2694877505569,,0
ALB,Albania,EG.IMP.CONS.ZS,"Energy imports, net (% of energy use)",2017,38.8336005323813,,0
ALB,Albania,EG.IMP.CONS.ZS,"Energy imports, net (% of energy use)",2016,20.2723546315076,,0
ALB,Albania,EG.IMP.CONS.ZS,"Energy imports, net (% of energy use)",2015,12.696461784444,,0
ALB,Albania,EG.IMP.CONS.ZS,"Energy imports, net (% of energy use)",2014,28.9119530198608,,0
ALB,Albania,EG.IMP.CONS.ZS,"Energy imports, net (% of energy use)",2013,25.2004229154476,,0
ALB,Albania,EG.IMP.CONS.ZS,"Energy imports, net (% of energy use)",2012,15.7172869864158,,0
ALB,Albania,EG.IMP.CONS.ZS,"Energy imports, net (% of energy use)",2011,35.8947695672217,,0
ALB,Albania,EG.IMP.CONS.ZS,"Energy imports, net (% of energy use)",2010,28.9622144211035,,0
ALB,Albania,EG.IMP.CONS.ZS,"Energy imports, net (% of energy use)",2009,46.4105898436196,,0
ALB,Albania,EG.IMP.CONS.ZS,"Energy imports, net (% of energy use)",2008,50.0620058023779,,0
ALB,Albania,EG.IMP.CONS.ZS,"Energy imports, net (% of energy use)",2007,49.3498671390608,,0
ALB,Albania,EG.IMP.CONS.ZS,"Energy imports, net (% of energy use)",2006,41.2400076668958,,0
ALB,Albania,EG.IMP.CONS.ZS,"Energy imports, net (% of energy use)",2005,50.5736000967914,,0
ALB,Albania,EG.IMP.CONS.ZS,"Energy imports, net (% of energy use)",2004,48.3698345059957,,0
ALB,Albania,EG.IMP.CONS.ZS,"Energy imports, net (% of energy use)",2003,51.5567710161061,,0
ALB,Albania,EG.IMP.CONS.ZS,"Energy imports, net (% of energy use)",2002,54.0254111851842,,0
ALB,Albania,EG.IMP.CONS.ZS,"Energy imports, net (% of energy use)",2001,53.1827729721972,,0
ALB,Albania,EG.IMP.CONS.ZS,"Energy imports, net (% of energy use)",2000,46.5181540098418,,0
ALB,Albania,EG.IMP.CONS.ZS,"Energy imports, net (% of energy use)",1999,42.023755625982,,0
ALB,Albania,EG.IMP.CONS.ZS,"Energy imports, net (% of energy use)",1998,16.2859749226394,,0
ALB,Albania,EG.IMP.CONS.ZS,"Energy imports, net (% of energy use)",1997,8.69942595624635,,0
ALB,Albania,EG.IMP.CONS.ZS,"Energy imports, net (% of energy use)",1996,6.29282335314224,,0
ALB,Albania,EG.IMP.CONS.ZS,"Energy imports, net (% of energy use)",1995,6.63672296083366,,0
ALB,Albania,EG.IMP.CONS.ZS,"Energy imports, net (% of energy use)",1994,3.53467184072888,,0
ALB,Albania,EG.IMP.CONS.ZS,"Energy imports, net (% of energy use)",1993,0.168709729525998,,0
ALB,Albania,EG.IMP.CONS.ZS,"Energy imports, net (% of energy use)",1992,-3.3818124263581,,0
ALB,Albania,EG.IMP.CONS.ZS,"Energy imports, net (% of energy use)",1991,-3.48489877198802,,0
ALB,Albania,EG.IMP.CONS.ZS,"Energy imports, net (% of energy use)",1990,6.42060024481556,,0
DZA,Algeria,EG.IMP.CONS.ZS,"Energy imports, net (% of energy use)",2023,-129.337044067666,,0
DZA,Algeria,EG.IMP.CONS.ZS,"Energy imports, net (% of energy use)",2022,-127.243586824875,,0
DZA,Algeria,EG.IMP.CONS.ZS,"Energy imports, net (% of energy use)",2021,-137.103046514603,,0
DZA,Algeria,EG.IMP.CONS.ZS,"Energy imports, net (% of energy use)",2020,-124.741531780498,,0
DZA,Algeria,EG.IMP.CONS.ZS,"Energy imports, net (% of energy use)",2019,-133.352746490554,,0
DZA,Algeria,EG.IMP.CONS.ZS,"Energy imports, net (% of energy use)",2018,-152.180719220858,,0
DZA,Algeria,EG.IMP.CONS.ZS,"Energy imports, net (% of energy use)",2017,-169.879215032606,,0
DZA,Algeria,EG.IMP.CONS.ZS,"Energy imports, net (% of energy use)",2016,-178.809782796404,,0
DZA,Algeria,EG.IMP.CONS.ZS,"Energy imports, net (% of energy use)",2015,-158.925681939104,,0
DZA,Algeria,EG.IMP.CONS.ZS,"Energy imports, net (% of energy use)",2014,-171.459781288734,,0
DZA,Algeria,EG.IMP.CONS.ZS,"Energy imports, net (% of energy use)",2013,-186.271618244825,,0
DZA,Algeria,EG.IMP.CONS.ZS,"Energy imports, net (% of energy use)",2012,-209.628599983569,,0
DZA,Algeria,EG.IMP.CONS.ZS,"Energy imports, net (% of energy use)",2011,-243.485766347523,,0
DZA,Algeria,EG.IMP.CONS.ZS,"Energy imports, net (% of energy use)",2010,-268.12382605824,,0
DZA,Algeria,EG.IMP.CONS.ZS,"Energy imports, net (% of energy use)",2009,-274.142977643099,,0
DZA,Algeria,EG.IMP.CONS.ZS,"Energy imports, net (% of energy use)",2008,-331.682169221525,,0
DZA,Algeria,EG.IMP.CONS.ZS,"Energy imports, net (% of energy use)",2007,-346.120700552505,,0
DZA,Algeria,EG.IMP.CONS.ZS,"Energy imports, net (% of energy use)",2006,-373.289325966364,,0
DZA,Algeria,EG.IMP.CONS.ZS,"Energy imports, net (% of energy use)",2005,-412.442985945372,,0
DZA,Algeria,EG.IMP.CONS.ZS,"Energy imports, net (% of energy use)",2004,-405.295673912227,,0
DZA,Algeria,EG.IMP.CONS.ZS,"Energy imports, net (% of energy use)",2003,-401.857557008495,,0
DZA,Algeria,EG.IMP.CONS.ZS,"Energy imports, net (% of energy use)",2002,-391.557487590974,,0
DZA,Algeria,EG.IMP.CONS.ZS,"Energy imports, net (% of energy use)",2001,-406.355962129963,,0
DZA,Algeria,EG.IMP.CONS.ZS,"Energy imports, net (% of energy use)",2000,-425.828282077687,,0
DZA,Algeria,EG.IMP.CONS.ZS,"Energy imports, net (% of energy use)",1999,-411.866496411431,,0
DZA,Algeria,EG.IMP.CONS.ZS,"Energy imports, net (% of energy use)",1998,-407.938405105472,,0
DZA,Algeria,EG.IMP.CONS.ZS,"Energy imports, net (% of energy use)",1997,-403.689617824847,,0
DZA,Algeria,EG.IMP.CONS.ZS,"Energy imports, net (% of energy use)",1996,-377.433718344418,,0
DZA,Algeria,EG.IMP.CONS.ZS,"Energy imports, net (% of energy use)",1995,-338.138198480922,,0
DZA,Algeria,EG.IMP.CONS.ZS,"Energy imports, net (% of energy use)",1994,-330.51714409923,,0
DZA,Algeria,EG.IMP.CONS.ZS,"Energy imports, net (% of energy use)",1993,-331.869428382645,,0
DZA,Algeria,EG.IMP.CONS.ZS,"Energy imports, net (% of energy use)",1992,-331.517827317988,,0
DZA,Algeria,EG.IMP.CONS.ZS,"Energy imports, net (% of energy use)",1991,-334.604202263038,,0
DZA,Algeria,EG.IMP.CONS.ZS,"Energy imports, net (% of energy use)",1990,-348.578942099547,,0
AGO,Angola,EG.IMP.CONS.ZS,"Energy imports, net (% of energy use)",2022,-353.971819384273,,0
AGO,Angola,EG.IMP.CONS.ZS,"Energy imports, net (% of energy use)",2021,-373.796632306382,,0
AGO,Angola,EG.IMP.CONS.ZS,"Energy imports, net (% of energy use)",2020,-474.846560770552,,0
AGO,Angola,EG.IMP.CONS.ZS,"Energy imports, net (% of energy use)",2019,-488.932842686293,,0
AGO,Angola,EG.IMP.CONS.ZS,"Energy imports, net (% of energy use)",2018,-558.350771386648,,0
AGO,Angola,EG.IMP.CONS.ZS,"Energy imports, net (% of energy use)",2017,-564.384879106892,,0
AGO,Angola,EG.IMP.CONS.ZS,"Energy imports, net (% of energy use)",2016,-599.543341860681,,0
AGO,Angola,EG.IMP.CONS.ZS,"Energy imports, net (% of energy use)",2015,-568.890997777471,,0
AGO,Angola,EG.IMP.CONS.ZS,"Energy imports, net (% of energy use)",2014,-637.730286963911,,0
AGO,Angola,EG.IMP.CONS.ZS,"Energy imports, net (% of energy use)",2013,-608.406709679259,,0
AGO,Angola,EG.IMP.CONS.ZS,"Energy imports, net (% of energy use)",2012,-604.183229225818,,0
AGO,Angola,EG.IMP.CONS.ZS,"Energy imports, net (% of energy use)",2011,-646.021743098799,,0
AGO,Angola,EG.IMP.CONS.ZS,"Energy imports, net (% of energy use)",2010,-745.524556600854,,0
AGO,Angola,EG.IMP.CONS.ZS,"Energy imports, net (% of energy use)",2009,-775.821353502783,,0
AGO,Angola,EG.IMP.CONS.ZS,"Energy imports, net (% of energy use)",2008,-910.835918394143,,0
AGO,Angola,EG.IMP.CONS.ZS,"Energy imports, net (% of energy use)",2007,-905.051352241387,,0
AGO,Angola,EG.IMP.CONS.ZS,"Energy imports, net (% of energy use)",2006,-818.589834028409,,0
AGO,Angola,EG.IMP.CONS.ZS,"Energy imports, net (% of energy use)",2005,-812.883915448714,,0
AGO,Angola,EG.IMP.CONS.ZS,"Energy imports, net (% of energy use)",2004,-590.353277770867,,0
AGO,Angola,EG.IMP.CONS.ZS,"Energy imports, net (% of energy use)",2003,-520.181044616697,,0
AGO,Angola,EG.IMP.CONS.ZS,"Energy imports, net (% of energy use)",2002,-575.454279908967,,0
AGO,Angola,EG.IMP.CONS.ZS,"Energy imports, net (% of energy use)",2001,-487.014261851045,,0
AGO,Angola,EG.IMP.CONS.ZS,"Energy imports, net (% of energy use)",2000,-546.644969089562,,0
AGO,Angola,EG.IMP.CONS.ZS,"Energy imports, net (% of energy use)",1999,-522.047014726321,,0
AGO,Angola,EG.IMP.CONS.ZS,"Energy imports, net (% of energy use)",1998,-547.756096667216,,0
AGO,Angola,EG.IMP.CONS.ZS,"Energy imports, net (% of energy use)",1997,-515.620218291251,,0
AGO,Angola,EG.IMP.CONS.ZS,"Energy imports, net (% of energy use)",1996,-493.928830200954,,0
AGO,Angola,EG.IMP.CONS.ZS,"Energy imports, net (% of energy use)",1995,-461.618011541008,,0
AGO,Angola,EG.IMP.CONS.ZS,"Energy imports, net (% of energy use)",1994,-402.654159422304,,0
AGO,Angola,EG.IMP.CONS.ZS,"Energy imports, net (% of energy use)",1993,-378.007521659027,,0
AGO,Angola,EG.IMP.CONS.ZS,"Energy imports, net (% of energy use)",1992,-432.818869203901,,0
AGO,Angola,EG.IMP.CONS.ZS,"Energy imports, net (% of energy use)",1991,-392.000951418208,,0
AGO,Angola,EG.IMP.CONS.ZS,"Energy imports, net (% of energy use)",1990,-381.650057843355,,0
ARG,Argentina,EG.IMP.CONS.ZS,"Energy imports, net (% of energy use)",2023,0.41571453028353,,0
ARG,Argentina,EG.IMP.CONS.ZS,"Energy imports, net (% of energy use)",2022,1.95855821220972,,0
ARG,Argentina,EG.IMP.CONS.ZS,"Energy imports, net (% of energy use)",2021,5.96636808897159,,0
ARG,Argentina,EG.IMP.CONS.ZS,"Energy imports, net (% of energy use)",2020,1.22800616932178,,0
ARG,Argentina,EG.IMP.CONS.ZS,"Energy imports, net (% of energy use)",2019,2.49167707965442,,0
ARG,Argentina,EG.IMP.CONS.ZS,"Energy imports, net (% of energy use)",2018,8.60875532272658,,0
ARG,Argentina,EG.IMP.CONS.ZS,"Energy imports, net (% of energy use)",2017,13.2189146873857,,0
ARG,Argentina,EG.IMP.CONS.ZS,"Energy imports, net (% of energy use)",2016,11.9993689573056,,0
ARG,Argentina,EG.IMP.CONS.ZS,"Energy imports, net (% of energy use)",2015,13.5477809878759,,0
ARG,Argentina,EG.IMP.CONS.ZS,"Energy imports, net (% of energy use)",2014,14.0678103429199,,0
ARG,Argentina,EG.IMP.CONS.ZS,"Energy imports, net (% of energy use)",2013,13.9862181852131,,0
ARG,Argentina,EG.IMP.CONS.ZS,"Energy imports, net (% of energy use)",2012,8.11439908863806,,0
ARG,Argentina,EG.IMP.CONS.ZS,"Energy imports, net (% of energy use)",2011,7.23741684026606,,0
ARG,Argentina,EG.IMP.CONS.ZS,"Energy imports, net (% of energy use)",2010,-2.40216761508806,,0
ARG,Argentina,EG.IMP.CONS.ZS,"Energy imports, net (% of energy use)",2009,-7.65587146065983,,0
ARG,Argentina,EG.IMP.CONS.ZS,"Energy imports, net (% of energy use)",2008,-6.2618363216528,,0
ARG,Argentina,EG.IMP.CONS.ZS,"Energy imports, net (% of energy use)",2007,-8.75840895532529,,0
ARG,Argentina,EG.IMP.CONS.ZS,"Energy imports, net (% of energy use)",2006,-18.716216878307,,0
ARG,Argentina,EG.IMP.CONS.ZS,"Energy imports, net (% of energy use)",2005,-24.0369585420304,,0
ARG,Argentina,EG.IMP.CONS.ZS,"Energy imports, net (% of energy use)",2004,-28.0318418904938,,0
ARG,Argentina,EG.IMP.CONS.ZS,"Energy imports, net (% of energy use)",2003,-40.163476366035,,0
ARG,Argentina,EG.IMP.CONS.ZS,"Energy imports, net (% of energy use)",2002,-44.6310234240684,,0
ARG,Argentina,EG.IMP.CONS.ZS,"Energy imports, net (% of energy use)",2001,-44.4626056000365,,0
ARG,Argentina,EG.IMP.CONS.ZS,"Energy imports, net (% of energy use)",2000,-33.8428334748467,,0
ARG,Argentina,EG.IMP.CONS.ZS,"Energy imports, net (% of energy use)",1999,-30.4114820386741,,0
ARG,Argentina,EG.IMP.CONS.ZS,"Energy imports, net (% of energy use)",1998,-30.1989008874261,,0
ARG,Argentina,EG.IMP.CONS.ZS,"Energy imports, net (% of energy use)",1997,-31.2732882130168,,0
ARG,Argentina,EG.IMP.CONS.ZS,"Energy imports, net (% of energy use)",1996,-28.3069738731835,,0
ARG,Argentina,EG.IMP.CONS.ZS,"Energy imports, net (% of energy use)",1995,-23.3421763847599,,0
ARG,Argentina,EG.IMP.CONS.ZS,"Energy imports, net (% of energy use)",1994,-16.9971014910933,,0
ARG,Argentina,EG.IMP.CONS.ZS,"Energy imports, net (% of energy use)",1993,-10.7834828903575,,0
ARG,Argentina,EG.IMP.CONS.ZS,"Energy imports, net (% of energy use)",1992,-7.14233902775412,,0
ARG,Argentina,EG.IMP.CONS.ZS,"Energy imports, net (% of energy use)",1991,-3.85454669970489,,0
ARG,Argentina,EG.IMP.CONS.ZS,"Energy imports, net (% of energy use)",1990,-4.07125931233328,,0
ARM,Armenia,EG.IMP.CONS.ZS,"Energy imports, net (% of energy use)",2022,76.8721086405015,,0
ARM,Armenia,EG.IMP.CONS.ZS,"Energy imports, net (% of energy use)",2021,78.9045161126683,,0
ARM,Armenia,EG.IMP.CONS.ZS,"Energy imports, net (% of energy use)",2020,74.1472665445986,,0
ARM,Armenia,EG.IMP.CONS.ZS,"Energy imports, net (% of energy use)",2019,74.1707853018448,,0
ARM,Armenia,EG.IMP.CONS.ZS,"Energy imports, net (% of energy use)",2018,72.731773920089,,0
ARM,Armenia,EG.IMP.CONS.ZS,"Energy imports, net (% of energy use)",2017,68.960568280661,,0
ARM,Armenia,EG.IMP.CONS.ZS,"Energy imports, net (% of energy use)",2016,68.2448098805489,,0
ARM,Armenia,EG.IMP.CONS.ZS,"Energy imports, net (% of energy use)",2015,67.6293163476974,,0
ARM,Armenia,EG.IMP.CONS.ZS,"Energy imports, net (% of energy use)",2014,71.6592288400781,,0
ARM,Armenia,EG.IMP.CONS.ZS,"Energy imports, net (% of energy use)",2013,73.6822602294154,,0
ARM,Armenia,EG.IMP.CONS.ZS,"Energy imports, net (% of energy use)",2012,74.3403810595709,,0
ARM,Armenia,EG.IMP.CONS.ZS,"Energy imports, net (% of energy use)",2011,69.0180110458366,,0
ARM,Armenia,EG.IMP.CONS.ZS,"Energy imports, net (% of energy use)",2010,69.6401092559821,,0
ARM,Armenia,EG.IMP.CONS.ZS,"Energy imports, net (% of energy use)",2009,69.2562497712381,,0
ARM,Armenia,EG.IMP.CONS.ZS,"Energy imports, net (% of energy use)",2008,75.1401155903935,,0
ARM,Armenia,EG.IMP.CONS.ZS,"Energy imports, net (% of energy use)",2007,72.8092351995716,,0
ARM,Armenia,EG.IMP.CONS.ZS,"Energy imports, net (% of energy use)",2006,68.0247916141616,,0
ARM,Armenia,EG.IMP.CONS.ZS,"Energy imports, net (% of energy use)",2005,67.2370359807973,,0
ARM,Armenia,EG.IMP.CONS.ZS,"Energy imports, net (% of energy use)",2004,65.6861739120524,,0
ARM,Armenia,EG.IMP.CONS.ZS,"Energy imports, net (% of energy use)",2003,65.8698587202855,,0
ARM,Armenia,EG.IMP.CONS.ZS,"Energy imports, net (% of energy use)",2002,62.9847896646093,,0
ARM,Armenia,EG.IMP.CONS.ZS,"Energy imports, net (% of energy use)",2001,72.5653390486394,,0
ARM,Armenia,EG.IMP.CONS.ZS,"Energy imports, net (% of energy use)",2000,71.191142301674,,0
ARM,Armenia,EG.IMP.CONS.ZS,"Energy imports, net (% of energy use)",1999,65.3080630454606,,0
ARM,Armenia,EG.IMP.CONS.ZS,"Energy imports, net (% of energy use)",1998,71.6450052894058,,0
ARM,Armenia,EG.IMP.CONS.ZS,"Energy imports, net (% of energy use)",1997,71.485742871436,,0
ARM,Armenia,EG.IMP.CONS.ZS,"Energy imports, net (% of energy use)",1992,97.0396924055389,,0
ARM,Armenia,EG.IMP.CONS.ZS,"Energy imports, net (% of energy use)",1990,100.655901252316,,0
AUS,Australia,EG.IMP.CONS.ZS,"Energy imports, net (% of energy use)",2023,-214.471540281044,,0
AUS,Australia,EG.IMP.CONS.ZS,"Energy imports, net (% of energy use)",2022,-234.279345921201,,0
AUS,Australia,EG.IMP.CONS.ZS,"Energy imports, net (% of energy use)",2021,-232.104772123918,,0
AUS,Australia,EG.IMP.CONS.ZS,"Energy imports, net (% of energy use)",2020,-237.32858019566,,0
AUS,Australia,EG.IMP.CONS.ZS,"Energy imports, net (% of energy use)",2019,-230.540248121,,0
AUS,Australia,EG.IMP.CONS.ZS,"Energy imports, net (% of energy use)",2018,-221.13514781466,,0
AUS,Australia,EG.IMP.CONS.ZS,"Energy imports, net (% of energy use)",2017,-213.039219172204,,0
AUS,Australia,EG.IMP.CONS.ZS,"Energy imports, net (% of energy use)",2016,-206.230251314561,,0
AUS,Australia,EG.IMP.CONS.ZS,"Energy imports, net (% of energy use)",2015,-197.386842232292,,0
AUS,Australia,EG.IMP.CONS.ZS,"Energy imports, net (% of energy use)",2014,-185.555789490717,,0
AUS,Australia,EG.IMP.CONS.ZS,"Energy imports, net (% of energy use)",2013,-164.691774053304,,0
AUS,Australia,EG.IMP.CONS.ZS,"Energy imports, net (% of energy use)",2012,-149.195380388504,,0
AUS,Australia,EG.IMP.CONS.ZS,"Energy imports, net (% of energy use)",2011,-141.942926034157,,0
AUS,Australia,EG.IMP.CONS.ZS,"Energy imports, net (% of energy use)",2010,-146.708346775748,,0
AUS,Australia,EG.IMP.CONS.ZS,"Energy imports, net (% of energy use)",2009,-128.476617177707,,0
AUS,Australia,EG.IMP.CONS.ZS,"Energy imports, net (% of energy use)",2008,-123.534610231999,,0
AUS,Australia,EG.IMP.CONS.ZS,"Energy imports, net (% of energy use)",2007,-127.764290888944,,0
AUS,Australia,EG.IMP.CONS.ZS,"Energy imports, net (% of energy use)",2006,-123.806910241922,,0
AUS,Australia,EG.IMP.CONS.ZS,"Energy imports, net (% of energy use)",2005,-131.07466643319,,0
AUS,Australia,EG.IMP.CONS.ZS,"Energy imports, net (% of energy use)",2004,-125.872031210017,,0
AUS,Australia,EG.IMP.CONS.ZS,"Energy imports, net (% of energy use)",2003,-125.288697474724,,0
AUS,Australia,EG.IMP.CONS.ZS,"Energy imports, net (% of energy use)",2002,-130.62417241528,,0
AUS,Australia,EG.IMP.CONS.ZS,"Energy imports, net (% of energy use)",2001,-126.513619589279,,0
AUS,Australia,EG.IMP.CONS.ZS,"Energy imports, net (% of energy use)",2000,-117.602689924911,,0
AUS,Australia,EG.IMP.CONS.ZS,"Energy imports, net (% of energy use)",1999,-103.454366779273,,0
AUS,Australia,EG.IMP.CONS.ZS,"Energy imports, net (% of energy use)",1998,-107.390214825386,,0
AUS,Australia,EG.IMP.CONS.ZS,"Energy imports, net (% of energy use)",1997,-100.727503230138,,0
AUS,Australia,EG.IMP.CONS.ZS,"Energy imports, net (% of energy use)",1996,-91.0909229140998,,0
AUS,Australia,EG.IMP.CONS.ZS,"Energy imports, net (% of energy use)",1995,-96.4516273110149,,0
AUS,Australia,EG.IMP.CONS.ZS,"Energy imports, net (% of energy use)",1994,-91.3742846110136,,0
AUS,Australia,EG.IMP.CONS.ZS,"Energy imports, net (% of energy use)",1993,-92.3660251504525,,0
AUS,Australia,EG.IMP.CONS.ZS,"Energy imports, net (% of energy use)",1992,-95.9151831093466,,0
AUS,Australia,EG.IMP.CONS.ZS,"Energy imports, net (% of energy use)",1991,-93.6375844274199,,0
AUS,Australia,EG.IMP.CONS.ZS,"Energy imports, net (% of energy use)",1990,-74.9034161284875,,0
AUT,Austria,EG.IMP.CONS.ZS,"Energy imports, net (% of energy use)",2023,63.9661980292725,,0
AUT,Austria,EG.IMP.CONS.ZS,"Energy imports, net (% of energy use)",2022,76.8111846576124,,0
AUT,Austria,EG.IMP.CONS.ZS,"Energy imports, net (% of energy use)",2021,53.152930168409,,0
AUT,Austria,EG.IMP.CONS.ZS,"Energy imports, net (% of energy use)",2020,59.7668768093559,,0
AUT,Austria,EG.IMP.CONS.ZS,"Energy imports, net (% of energy use)",2019,74.4762818960772,,0
AUT,Austria,EG.IMP.CONS.ZS,"Energy imports, net (% of energy use)",2018,66.5257775487766,,0
AUT,Austria,EG.IMP.CONS.ZS,"Energy imports, net (% of energy use)",2017,65.9463812391604,,0
AUT,Austria,EG.IMP.CONS.ZS,"Energy imports, net (% of energy use)",2016,64.113786345696,,0
AUT,Austria,EG.IMP.CONS.ZS,"Energy imports, net (% of energy use)",2015,62.1474208451196,,0
AUT,Austria,EG.IMP.CONS.ZS,"Energy imports, net (% of energy use)",2014,67.4888818013271,,0
AUT,Austria,EG.IMP.CONS.ZS,"Energy imports, net (% of energy use)",2013,62.8835645832405,,0
AUT,Austria,EG.IMP.CONS.ZS,"Energy imports, net (% of energy use)",2012,65.5205864272438,,0
AUT,Austria,EG.IMP.CONS.ZS,"Energy imports, net (% of energy use)",2011,71.8927591559524,,0
AUT,Austria,EG.IMP.CONS.ZS,"Energy imports, net (% of energy use)",2010,64.3155771593729,,0
AUT,Austria,EG.IMP.CONS.ZS,"Energy imports, net (% of energy use)",2009,66.7103875594823,,0
AUT,Austria,EG.IMP.CONS.ZS,"Energy imports, net (% of energy use)",2008,70.4770761184034,,0
AUT,Austria,EG.IMP.CONS.ZS,"Energy imports, net (% of energy use)",2007,70.1725628388934,,0
AUT,Austria,EG.IMP.CONS.ZS,"Energy imports, net (% of energy use)",2006,73.7930481260843,,0
AUT,Austria,EG.IMP.CONS.ZS,"Energy imports, net (% of energy use)",2005,73.3959540550781,,0
AUT,Austria,EG.IMP.CONS.ZS,"Energy imports, net (% of energy use)",2004,72.736023673147,,0
AUT,Austria,EG.IMP.CONS.ZS,"Energy imports, net (% of energy use)",2003,72.0728608388597,,0
AUT,Austria,EG.IMP.CONS.ZS,"Energy imports, net (% of energy use)",2002,69.1809721709656,,0
AUT,Austria,EG.IMP.CONS.ZS,"Energy imports, net (% of energy use)",2001,66.2726634171934,,0
AUT,Austria,EG.IMP.CONS.ZS,"Energy imports, net (% of energy use)",2000,66.9003178334892,,0
AUT,Austria,EG.IMP.CONS.ZS,"Energy imports, net (% of energy use)",1999,66.6334725986714,,0
AUT,Austria,EG.IMP.CONS.ZS,"Energy imports, net (% of energy use)",1998,71.6652277858944,,0
AUT,Austria,EG.IMP.CONS.ZS,"Energy imports, net (% of energy use)",1997,68.7832916598429,,0
AUT,Austria,EG.IMP.CONS.ZS,"Energy imports, net (% of energy use)",1996,70.8557760884195,,0
AUT,Austria,EG.IMP.CONS.ZS,"Energy imports, net (% of energy use)",1995,67.688587663205,,0
AUT,Austria,EG.IMP.CONS.ZS,"Energy imports, net (% of energy use)",1994,66.4479639903503,,0
AUT,Austria,EG.IMP.CONS.ZS,"Energy imports, net (% of energy use)",1993,67.025530919915,,0
AUT,Austria,EG.IMP.CONS.ZS,"Energy imports, net (% of energy use)",1992,69.7960482231647,,0
AUT,Austria,EG.IMP.CONS.ZS,"Energy imports, net (% of energy use)",1991,67.8965365498239,,0
AUT,Austria,EG.IMP.CONS.ZS,"Energy imports, net (% of energy use)",1990,69.7924666687147,,0
AZE,Azerbaijan,EG.IMP.CONS.ZS,"Energy imports, net (% of energy use)",2023,-255.959109290849,,0
AZE,Azerbaijan,EG.IMP.CONS.ZS,"Energy imports, net (% of energy use)",2022,-263.127536733691,,0
AZE,Azerbaijan,EG.IMP.CONS.ZS,"Energy imports, net (% of energy use)",2021,-287.016525688087,,0
AZE,Azerbaijan,EG.IMP.CONS.ZS,"Energy imports, net (% of energy use)",2020,-274.460605575333,,0
AZE,Azerbaijan,EG.IMP.CONS.ZS,"Energy imports, net (% of energy use)",2019,-274.417456496816,,0
AZE,Azerbaijan,EG.IMP.CONS.ZS,"Energy imports, net (% of energy use)",2018,-286.420238991512,,0
AZE,Azerbaijan,EG.IMP.CONS.ZS,"Energy imports, net (% of energy use)",2017,-278.235862973283,,0
AZE,Azerbaijan,EG.IMP.CONS.ZS,"Energy imports, net (% of energy use)",2016,-307.157437510433,,0
AZE,Azerbaijan,EG.IMP.CONS.ZS,"Energy imports, net (% of energy use)",2015,-311.372702565001,,0
AZE,Azerbaijan,EG.IMP.CONS.ZS,"Energy imports, net (% of energy use)",2014,-312.699728361221,,0
AZE,Azerbaijan,EG.IMP.CONS.ZS,"Energy imports, net (% of energy use)",2013,-326.528065401554,,0
AZE,Azerbaijan,EG.IMP.CONS.ZS,"Energy imports, net (% of energy use)",2012,-326.999644782159,,0
AZE,Azerbaijan,EG.IMP.CONS.ZS,"Energy imports, net (% of energy use)",2011,-377.980203781313,,0
AZE,Azerbaijan,EG.IMP.CONS.ZS,"Energy imports, net (% of energy use)",2010,-457.069329810487,,0
AZE,Azerbaijan,EG.IMP.CONS.ZS,"Energy imports, net (% of energy use)",2009,-425.320752038097,,0
AZE,Azerbaijan,EG.IMP.CONS.ZS,"Energy imports, net (% of energy use)",2008,-326.673374876152,,0
AZE,Azerbaijan,EG.IMP.CONS.ZS,"Energy imports, net (% of energy use)",2007,-323.147547736931,,0
AZE,Azerbaijan,EG.IMP.CONS.ZS,"Energy imports, net (% of energy use)",2006,-182.88922536622,,0
AZE,Azerbaijan,EG.IMP.CONS.ZS,"Energy imports, net (% of energy use)",2005,-93.9516932270916,,0
AZE,Azerbaijan,EG.IMP.CONS.ZS,"Energy imports, net (% of energy use)",2004,-55.1787255183956,,0
AZE,Azerbaijan,EG.IMP.CONS.ZS,"Energy imports, net (% of energy use)",2003,-61.7063484269366,,0
AZE,Azerbaijan,EG.IMP.CONS.ZS,"Energy imports, net (% of energy use)",2002,-71.8885831391409,,0
AZE,Azerbaijan,EG.IMP.CONS.ZS,"Energy imports, net (% of energy use)",2001,-68.8580860014022,,0
AZE,Azerbaijan,EG.IMP.CONS.ZS,"Energy imports, net (% of energy use)",2000,-65.8626208552949,,0
AZE,Azerbaijan,EG.IMP.CONS.ZS,"Energy imports, net (% of energy use)",1999,-72.3234654010538,,0
AZE,Azerbaijan,EG.IMP.CONS.ZS,"Energy imports, net (% of energy use)",1998,-33.571435829176,,0
AZE,Azerbaijan,EG.IMP.CONS.ZS,"Energy imports, net (% of energy use)",1997,-23.1427239416,,0
AZE,Azerbaijan,EG.IMP.CONS.ZS,"Energy imports, net (% of energy use)",1996,-21.1340656660604,,0
AZE,Azerbaijan,EG.IMP.CONS.ZS,"Energy imports, net (% of energy use)",1995,-15.1619147733811,,0
AZE,Azerbaijan,EG.IMP.CONS.ZS,"Energy imports, net (% of energy use)",1994,1.88658537569498,,0
AZE,Azerbaijan,EG.IMP.CONS.ZS,"Energy imports, net (% of energy use)",1993,-1.72215288885763,,0
AZE,Azerbaijan,EG.IMP.CONS.ZS,"Energy imports, net (% of energy use)",1992,3.98429593576616,,0
AZE,Azerbaijan,EG.IMP.CONS.ZS,"Energy imports, net (% of energy use)",1991,16.2733064593325,,0
AZE,Azerbaijan,EG.IMP.CONS.ZS,"Energy imports, net (% of energy use)",1990,12.2305516683247,,0
BHR,Bahrain,EG.IMP.CONS.ZS,"Energy imports, net (% of energy use)",2022,-45.4751316679306,,0
BHR,Bahrain,EG.IMP.CONS.ZS,"Energy imports, net (% of energy use)",2021,-50.2263325786432,,0
BHR,Bahrain,EG.IMP.CONS.ZS,"Energy imports, net (% of energy use)",2020,-51.9013900994723,,0
BHR,Bahrain,EG.IMP.CONS.ZS,"Energy imports, net (% of energy use)",2019,-53.4306266212537,,0
BHR,Bahrain,EG.IMP.CONS.ZS,"Energy imports, net (% of energy use)",2018,-53.6005426856606,,0
BHR,Bahrain,EG.IMP.CONS.ZS,"Energy imports, net (% of energy use)",2017,-56.809980288761,,0
BHR,Bahrain,EG.IMP.CONS.ZS,"Energy imports, net (% of energy use)",2016,-57.2901895719304,,0
BHR,Bahrain,EG.IMP.CONS.ZS,"Energy imports, net (% of energy use)",2015,-57.3617376243512,,0
BHR,Bahrain,EG.IMP.CONS.ZS,"Energy imports, net (% of energy use)",2014,-65.7183801660502,,0
BHR,Bahrain,EG.IMP.CONS.ZS,"Energy imports, net (% of energy use)",2013,-54.383115780032,,0
BHR,Bahrain,EG.IMP.CONS.ZS,"Energy imports, net (% of energy use)",2012,-56.7750937265929,,0
BHR,Bahrain,EG.IMP.CONS.ZS,"Energy imports, net (% of energy use)",2011,-58.3146936157164,,0
BHR,Bahrain,EG.IMP.CONS.ZS,"Energy imports, net (% of energy use)",2010,-53.4070568018658,,0
BHR,Bahrain,EG.IMP.CONS.ZS,"Energy imports, net (% of energy use)",2009,-54.7283369953977,,0
BHR,Bahrain,EG.IMP.CONS.ZS,"Energy imports, net (% of energy use)",2008,-45.866587510058,,0
BHR,Bahrain,EG.IMP.CONS.ZS,"Energy imports, net (% of energy use)",2007,-53.5280275603182,,0
BHR,Bahrain,EG.IMP.CONS.ZS,"Energy imports, net (% of energy use)",2006,-60.1153040957645,,0
BHR,Bahrain,EG.IMP.CONS.ZS,"Energy imports, net (% of energy use)",2005,-60.6273168717627,,0
BHR,Bahrain,EG.IMP.CONS.ZS,"Energy imports, net (% of energy use)",2004,-80.5343609637639,,0
BHR,Bahrain,EG.IMP.CONS.ZS,"Energy imports, net (% of energy use)",2003,-88.2314317006482,,0
BHR,Bahrain,EG.IMP.CONS.ZS,"Energy imports, net (% of energy use)",2002,-94.1956079035712,,0
BHR,Bahrain,EG.IMP.CONS.ZS,"Energy imports, net (% of energy use)",2001,-97.3832095945173,,0
BHR,Bahrain,EG.IMP.CONS.ZS,"Energy imports, net (% of energy use)",2000,-97.8255856381815,,0
BHR,Bahrain,EG.IMP.CONS.ZS,"Energy imports, net (% of energy use)",1999,-106.179254660284,,0
BHR,Bahrain,EG.IMP.CONS.ZS,"Energy imports, net (% of energy use)",1998,-114.743773170785,,0
BHR,Bahrain,EG.IMP.CONS.ZS,"Energy imports, net (% of energy use)",1997,-118.842614359315,,0
BHR,Bahrain,EG.IMP.CONS.ZS,"Energy imports, net (% of energy use)",1996,-126.632476786871,,0
BHR,Bahrain,EG.IMP.CONS.ZS,"Energy imports, net (% of energy use)",1995,-129.200651924288,,0
BHR,Bahrain,EG.IMP.CONS.ZS,"Energy imports, net (% of energy use)",1994,-125.459807097334,,0
BHR,Bahrain,EG.IMP.CONS.ZS,"Energy imports, net (% of energy use)",1993,-143.381176516165,,0
BHR,Bahrain,EG.IMP.CONS.ZS,"Energy imports, net (% of energy use)",1992,-143.145759387071,,0
BHR,Bahrain,EG.IMP.CONS.ZS,"Energy imports, net (% of energy use)",1991,-156.123897191314,,0
BHR,Bahrain,EG.IMP.CONS.ZS,"Energy imports, net (% of energy use)",1990,-154.670041631388,,0
BGD,Bangladesh,EG.IMP.CONS.ZS,"Energy imports, net (% of energy use)",2022,44.3070258449266,,0
BGD,Bangladesh,EG.IMP.CONS.ZS,"Energy imports, net (% of energy use)",2021,39.5900689972266,,0
BGD,Bangladesh,EG.IMP.CONS.ZS,"Energy imports, net (% of energy use)",2020,34.4620400337636,,0
BGD,Bangladesh,EG.IMP.CONS.ZS,"Energy imports, net (% of energy use)",2019,30.2974940894337,,0
BGD,Bangladesh,EG.IMP.CONS.ZS,"Energy imports, net (% of energy use)",2018,24.5741159464946,,0
BGD,Bangladesh,EG.IMP.CONS.ZS,"Energy imports, net (% of energy use)",2017,23.889970217061,,0
BGD,Bangladesh,EG.IMP.CONS.ZS,"Energy imports, net (% of energy use)",2016,21.6719159236748,,0
BGD,Bangladesh,EG.IMP.CONS.ZS,"Energy imports, net (% of energy use)",2015,20.4002085391355,,0
BGD,Bangladesh,EG.IMP.CONS.ZS,"Energy imports, net (% of energy use)",2014,19.6289634401405,,0
BGD,Bangladesh,EG.IMP.CONS.ZS,"Energy imports, net (% of energy use)",2013,17.9640543283116,,0
BGD,Bangladesh,EG.IMP.CONS.ZS,"Energy imports, net (% of energy use)",2012,18.3559167186151,,0
BGD,Bangladesh,EG.IMP.CONS.ZS,"Energy imports, net (% of energy use)",2011,17.4646380499939,,0
BGD,Bangladesh,EG.IMP.CONS.ZS,"Energy imports, net (% of energy use)",2010,14.4544547917684,,0
BGD,Bangladesh,EG.IMP.CONS.ZS,"Energy imports, net (% of energy use)",2009,14.7404722275885,,0
BGD,Bangladesh,EG.IMP.CONS.ZS,"Energy imports, net (% of energy use)",2008,15.4943288262154,,0
BGD,Bangladesh,EG.IMP.CONS.ZS,"Energy imports, net (% of energy use)",2007,15.8299464466906,,0
BGD,Bangladesh,EG.IMP.CONS.ZS,"Energy imports, net (% of energy use)",2006,16.1103486776302,,0
BGD,Bangladesh,EG.IMP.CONS.ZS,"Energy imports, net (% of energy use)",2005,17.9095538204646,,0
BGD,Bangladesh,EG.IMP.CONS.ZS,"Energy imports, net (% of energy use)",2004,17.7920645309499,,0
BGD,Bangladesh,EG.IMP.CONS.ZS,"Energy imports, net (% of energy use)",2003,19.9285740363967,,0
BGD,Bangladesh,EG.IMP.CONS.ZS,"Energy imports, net (% of energy use)",2002,19.7062195987588,,0
BGD,Bangladesh,EG.IMP.CONS.ZS,"Energy imports, net (% of energy use)",2001,21.1038949568699,,0
BGD,Bangladesh,EG.IMP.CONS.ZS,"Energy imports, net (% of energy use)",2000,17.6509148650554,,0
BGD,Bangladesh,EG.IMP.CONS.ZS,"Energy imports, net (% of energy use)",1994,15.2850426526658,,0
BGD,Bangladesh,EG.IMP.CONS.ZS,"Energy imports, net (% of energy use)",1993,13.9538781603793,,0
BGD,Bangladesh,EG.IMP.CONS.ZS,"Energy imports, net (% of energy use)",1992,14.0982820989522,,0
BGD,Bangladesh,EG.IMP.CONS.ZS,"Energy imports, net (% of energy use)",1991,14.5675104082149,,0
BGD,Bangladesh,EG.IMP.CONS.ZS,"Energy imports, net (% of energy use)",1990,16.9252782610812,,0
BLR,Belarus,EG.IMP.CONS.ZS,"Energy imports, net (% of energy use)",2022,77.0799482437318,,0
BLR,Belarus,EG.IMP.CONS.ZS,"Energy imports, net (% of energy use)",2021,78.2899580680447,,0
BLR,Belarus,EG.IMP.CONS.ZS,"Energy imports, net (% of energy use)",2020,83.8412311442938,,0
BLR,Belarus,EG.IMP.CONS.ZS,"Energy imports, net (% of energy use)",2019,85.2555351812842,,0
BLR,Belarus,EG.IMP.CONS.ZS,"Energy imports, net (% of energy use)",2018,86.0281547043364,,0
BLR,Belarus,EG.IMP.CONS.ZS,"Energy imports, net (% of energy use)",2017,84.8940442128735,,0
BLR,Belarus,EG.IMP.CONS.ZS,"Energy imports, net (% of energy use)",2016,83.3138680271355,,0
BLR,Belarus,EG.IMP.CONS.ZS,"Energy imports, net (% of energy use)",2015,84.9599278749202,,0
BLR,Belarus,EG.IMP.CONS.ZS,"Energy imports, net (% of energy use)",2014,87.7673818176471,,0
BLR,Belarus,EG.IMP.CONS.ZS,"Energy imports, net (% of energy use)",2013,86.7268926963897,,0
BLR,Belarus,EG.IMP.CONS.ZS,"Energy imports, net (% of energy use)",2012,87.2466128662392,,0
BLR,Belarus,EG.IMP.CONS.ZS,"Energy imports, net (% of energy use)",2011,84.1461626488708,,0
BLR,Belarus,EG.IMP.CONS.ZS,"Energy imports, net (% of energy use)",2010,84.9797087734985,,0
BLR,Belarus,EG.IMP.CONS.ZS,"Energy imports, net (% of energy use)",2009,83.5341712844078,,0
BLR,Belarus,EG.IMP.CONS.ZS,"Energy imports, net (% of energy use)",2008,87.7508675306868,,0
BLR,Belarus,EG.IMP.CONS.ZS,"Energy imports, net (% of energy use)",2007,84.715589734745,,0
BLR,Belarus,EG.IMP.CONS.ZS,"Energy imports, net (% of energy use)",2006,86.2245205090045,,0
BLR,Belarus,EG.IMP.CONS.ZS,"Energy imports, net (% of energy use)",2005,85.39602242083,,0
BLR,Belarus,EG.IMP.CONS.ZS,"Energy imports, net (% of energy use)",2004,86.5940781966899,,0
BLR,Belarus,EG.IMP.CONS.ZS,"Energy imports, net (% of energy use)",2003,85.235837610483,,0
BLR,Belarus,EG.IMP.CONS.ZS,"Energy imports, net (% of energy use)",2002,84.3405505017411,,0
BLR,Belarus,EG.IMP.CONS.ZS,"Energy imports, net (% of energy use)",2001,84.9222121773456,,0
BLR,Belarus,EG.IMP.CONS.ZS,"Energy imports, net (% of energy use)",2000,85.4915862800884,,0
BLR,Belarus,EG.IMP.CONS.ZS,"Energy imports, net (% of energy use)",1999,84.2900584657155,,0
BLR,Belarus,EG.IMP.CONS.ZS,"Energy imports, net (% of energy use)",1998,86.1964772714197,,0
BLR,Belarus,EG.IMP.CONS.ZS,"Energy imports, net (% of energy use)",1997,88.3481257090332,,0
BLR,Belarus,EG.IMP.CONS.ZS,"Energy imports, net (% of energy use)",1996,83.3816783942125,,0
BLR,Belarus,EG.IMP.CONS.ZS,"Energy imports, net (% of energy use)",1995,87.147907346118,,0
BLR,Belarus,EG.IMP.CONS.ZS,"Energy imports, net (% of energy use)",1994,84.8079965328619,,0
BLR,Belarus,EG.IMP.CONS.ZS,"Energy imports, net (% of energy use)",1993,87.9219852136563,,0
BLR,Belarus,EG.IMP.CONS.ZS,"Energy imports, net (% of energy use)",1992,88.6883868480248,,0
BLR,Belarus,EG.IMP.CONS.ZS,"Energy imports, net (% of energy use)",1991,90.30089649411,,0
BLR,Belarus,EG.IMP.CONS.ZS,"Energy imports, net (% of energy use)",1990,92.7092618389896,,0
BEL,Belgium,EG.IMP.CONS.ZS,"Energy imports, net (% of energy use)",2023,89.1747801928026,,0
BEL,Belgium,EG.IMP.CONS.ZS,"Energy imports, net (% of energy use)",2022,86.7619440824458,,0
BEL,Belgium,EG.IMP.CONS.ZS,"Energy imports, net (% of energy use)",2021,81.4961562065682,,0
BEL,Belgium,EG.IMP.CONS.ZS,"Energy imports, net (% of energy use)",2020,89.0758098927031,,0
BEL,Belgium,EG.IMP.CONS.ZS,"Energy imports, net (% of energy use)",2019,90.9302260794468,,0
BEL,Belgium,EG.IMP.CONS.ZS,"Energy imports, net (% of energy use)",2018,99.6990006606646,,0
BEL,Belgium,EG.IMP.CONS.ZS,"Energy imports, net (% of energy use)",2017,86.9380442337664,,0
BEL,Belgium,EG.IMP.CONS.ZS,"Energy imports, net (% of energy use)",2016,86.2542281821502,,0
BEL,Belgium,EG.IMP.CONS.ZS,"Energy imports, net (% of energy use)",2015,95.2722551348913,,0
BEL,Belgium,EG.IMP.CONS.ZS,"Energy imports, net (% of energy use)",2014,89.7058610236848,,0
BEL,Belgium,EG.IMP.CONS.ZS,"Energy imports, net (% of energy use)",2013,87.3156036625872,,0
BEL,Belgium,EG.IMP.CONS.ZS,"Energy imports, net (% of energy use)",2012,86.3428028453572,,0
BEL,Belgium,EG.IMP.CONS.ZS,"Energy imports, net (% of energy use)",2011,86.7783531479186,,0
BEL,Belgium,EG.IMP.CONS.ZS,"Energy imports, net (% of energy use)",2010,89.3459840076381,,0
BEL,Belgium,EG.IMP.CONS.ZS,"Energy imports, net (% of energy use)",2009,86.6028394359531,,0
BEL,Belgium,EG.IMP.CONS.ZS,"Energy imports, net (% of energy use)",2008,95.9508772708718,,0
BEL,Belgium,EG.IMP.CONS.ZS,"Energy imports, net (% of energy use)",2007,91.1428349762183,,0
BEL,Belgium,EG.IMP.CONS.ZS,"Energy imports, net (% of energy use)",2006,92.466113707913,,0
BEL,Belgium,EG.IMP.CONS.ZS,"Energy imports, net (% of energy use)",2005,91.8732672616677,,0
BEL,Belgium,EG.IMP.CONS.ZS,"Energy imports, net (% of energy use)",2004,91.7686025297236,,0
BEL,Belgium,EG.IMP.CONS.ZS,"Energy imports, net (% of energy use)",2003,91.4404517841402,,0
BEL,Belgium,EG.IMP.CONS.ZS,"Energy imports, net (% of energy use)",2002,88.5769003632831,,0
BEL,Belgium,EG.IMP.CONS.ZS,"Energy imports, net (% of energy use)",2001,89.7609233715587,,0
BEL,Belgium,EG.IMP.CONS.ZS,"Energy imports, net (% of energy use)",2000,87.2199602723335,,0
BEL,Belgium,EG.IMP.CONS.ZS,"Energy imports, net (% of energy use)",1999,85.0699615954258,,0
BEL,Belgium,EG.IMP.CONS.ZS,"Energy imports, net (% of energy use)",1998,90.1731135660812,,0
BEL,Belgium,EG.IMP.CONS.ZS,"Energy imports, net (% of energy use)",1997,86.8878075746824,,0
BEL,Belgium,EG.IMP.CONS.ZS,"Energy imports, net (% of energy use)",1996,88.3228528387101,,0
BEL,Belgium,EG.IMP.CONS.ZS,"Energy imports, net (% of energy use)",1995,88.0869389213642,,0
BEL,Belgium,EG.IMP.CONS.ZS,"Energy imports, net (% of energy use)",1994,87.1208420163118,,0
BEL,Belgium,EG.IMP.CONS.ZS,"Energy imports, net (% of energy use)",1993,84.5365201682005,,0
BEL,Belgium,EG.IMP.CONS.ZS,"Energy imports, net (% of energy use)",1992,85.7616164169231,,0
BEL,Belgium,EG.IMP.CONS.ZS,"Energy imports, net (% of energy use)",1991,84.7649932112065,,0
BEL,Belgium,EG.IMP.CONS.ZS,"Energy imports, net (% of energy use)",1990,83.0367964439513,,0
BEN,Benin,EG.IMP.CONS.ZS,"Energy imports, net (% of energy use)",2022,40.9031703802238,,0
BEN,Benin,EG.IMP.CONS.ZS,"Energy imports, net (% of energy use)",2021,42.7567593162556,,0
BEN,Benin,EG.IMP.CONS.ZS,"Energy imports, net (% of energy use)",2020,46.6336217616136,,0
BEN,Benin,EG.IMP.CONS.ZS,"Energy imports, net (% of energy use)",2019,46.0416412011571,,0
BEN,Benin,EG.IMP.CONS.ZS,"Energy imports, net (% of energy use)",2010,49.3056672564474,,0
BEN,Benin,EG.IMP.CONS.ZS,"Energy imports, net (% of energy use)",2009,44.7166102966197,,0
BEN,Benin,EG.IMP.CONS.ZS,"Energy imports, net (% of energy use)",2008,42.2565178740584,,0
BEN,Benin,EG.IMP.CONS.ZS,"Energy imports, net (% of energy use)",2007,41.8017950914304,,0
BEN,Benin,EG.IMP.CONS.ZS,"Energy imports, net (% of energy use)",2006,39.1079006187038,,0
BEN,Benin,EG.IMP.CONS.ZS,"Energy imports, net (% of energy use)",2005,35.8470373520107,,0
BEN,Benin,EG.IMP.CONS.ZS,"Energy imports, net (% of energy use)",2004,35.0894184206743,,0
BEN,Benin,EG.IMP.CONS.ZS,"Energy imports, net (% of energy use)",2003,34.4706070799294,,0
BEN,Benin,EG.IMP.CONS.ZS,"Energy imports, net (% of energy use)",2002,31.9551055315645,,0
BEN,Benin,EG.IMP.CONS.ZS,"Energy imports, net (% of energy use)",2001,29.8724686268292,,0
BEN,Benin,EG.IMP.CONS.ZS,"Energy imports, net (% of energy use)",2000,28.0977102178966,,0
BEN,Benin,EG.IMP.CONS.ZS,"Energy imports, net (% of energy use)",1999,23.2831691818078,,0
BEN,Benin,EG.IMP.CONS.ZS,"Energy imports, net (% of energy use)",1998,16.9572434443926,,0
BEN,Benin,EG.IMP.CONS.ZS,"Energy imports, net (% of energy use)",1997,16.2605280337325,,0
BEN,Benin,EG.IMP.CONS.ZS,"Energy imports, net (% of energy use)",1996,11.5008383020774,,0
BEN,Benin,EG.IMP.CONS.ZS,"Energy imports, net (% of energy use)",1995,0.95287348891334,,0
BEN,Benin,EG.IMP.CONS.ZS,"Energy imports, net (% of energy use)",1994,-1.21029543893029,,0
BEN,Benin,EG.IMP.CONS.ZS,"Energy imports, net (% of energy use)",1993,-2.74050274050277,,0
BEN,Benin,EG.IMP.CONS.ZS,"Energy imports, net (% of energy use)",1992,-2.14444613322647,,0
BEN,Benin,EG.IMP.CONS.ZS,"Energy imports, net (% of energy use)",1991,-5.97904573127567,,0
BEN,Benin,EG.IMP.CONS.ZS,"Energy imports, net (% of energy use)",1990,-5.53702851885925,,0
BOL,Bolivia,EG.IMP.CONS.ZS,"Energy imports, net (% of energy use)",2022,-67.3339047798362,,0
BOL,Bolivia,EG.IMP.CONS.ZS,"Energy imports, net (% of energy use)",2021,-95.1670516797576,,0
BOL,Bolivia,EG.IMP.CONS.ZS,"Energy imports, net (% of energy use)",2020,-119.861218243224,,0
BOL,Bolivia,EG.IMP.CONS.ZS,"Energy imports, net (% of energy use)",2019,-90.7541646516507,,0
BOL,Bolivia,EG.IMP.CONS.ZS,"Energy imports, net (% of energy use)",2018,-114.956340623248,,0
BOL,Bolivia,EG.IMP.CONS.ZS,"Energy imports, net (% of energy use)",2017,-132.556085404388,,0
BOL,Bolivia,EG.IMP.CONS.ZS,"Energy imports, net (% of energy use)",2016,-149.600133837234,,0
BOL,Bolivia,EG.IMP.CONS.ZS,"Energy imports, net (% of energy use)",2015,-174.583824385328,,0
BOL,Bolivia,EG.IMP.CONS.ZS,"Energy imports, net (% of energy use)",2014,-179.200451039541,,0
BOL,Bolivia,EG.IMP.CONS.ZS,"Energy imports, net (% of energy use)",2013,-191.992250565064,,0
BOL,Bolivia,EG.IMP.CONS.ZS,"Energy imports, net (% of energy use)",2012,-160.638050669679,,0
BOL,Bolivia,EG.IMP.CONS.ZS,"Energy imports, net (% of energy use)",2011,-148.439247371952,,0
BOL,Bolivia,EG.IMP.CONS.ZS,"Energy imports, net (% of energy use)",2010,-148.351640109653,,0
BOL,Bolivia,EG.IMP.CONS.ZS,"Energy imports, net (% of energy use)",2009,-136.60464075814,,0
BOL,Bolivia,EG.IMP.CONS.ZS,"Energy imports, net (% of energy use)",2008,-183.610356705548,,0
BOL,Bolivia,EG.IMP.CONS.ZS,"Energy imports, net (% of energy use)",2007,-180.911409918285,,0
BOL,Bolivia,EG.IMP.CONS.ZS,"Energy imports, net (% of energy use)",2006,-171.323973996284,,0
BOL,Bolivia,EG.IMP.CONS.ZS,"Energy imports, net (% of energy use)",2005,-163.59352729856,,0
BOL,Bolivia,EG.IMP.CONS.ZS,"Energy imports, net (% of energy use)",2004,-145.621466124392,,0
BOL,Bolivia,EG.IMP.CONS.ZS,"Energy imports, net (% of energy use)",2003,-94.1611498477105,,0
BOL,Bolivia,EG.IMP.CONS.ZS,"Energy imports, net (% of energy use)",2002,-73.4901770555421,,0
BOL,Bolivia,EG.IMP.CONS.ZS,"Energy imports, net (% of energy use)",2001,-82.3824401382299,,0
BOL,Bolivia,EG.IMP.CONS.ZS,"Energy imports, net (% of energy use)",2000,-49.6505599539746,,0
BOL,Bolivia,EG.IMP.CONS.ZS,"Energy imports, net (% of energy use)",1999,-18.2911235878197,,0
BOL,Bolivia,EG.IMP.CONS.ZS,"Energy imports, net (% of energy use)",1998,-26.1888331565233,,0
BOL,Bolivia,EG.IMP.CONS.ZS,"Energy imports, net (% of energy use)",1997,-27.6787485772166,,0
BOL,Bolivia,EG.IMP.CONS.ZS,"Energy imports, net (% of energy use)",1996,-42.7020878938735,,0
BOL,Bolivia,EG.IMP.CONS.ZS,"Energy imports, net (% of energy use)",1995,-55.1674335378323,,0
BOL,Bolivia,EG.IMP.CONS.ZS,"Energy imports, net (% of energy use)",1994,-69.0059487886886,,0
BOL,Bolivia,EG.IMP.CONS.ZS,"Energy imports, net (% of energy use)",1993,-72.9509955884109,,0
BOL,Bolivia,EG.IMP.CONS.ZS,"Energy imports, net (% of energy use)",1992,-80.3894167270249,,0
BOL,Bolivia,EG.IMP.CONS.ZS,"Energy imports, net (% of energy use)",1991,-90.8181038761789,,0
BOL,Bolivia,EG.IMP.CONS.ZS,"Energy imports, net (% of energy use)",1990,-91.59073810917,,0
BIH,Bosnia and Herzegovina,EG.IMP.CONS.ZS,"Energy imports, net (% of energy use)",2023,24.9320415177106,,0
BIH,Bosnia and Herzegovina,EG.IMP.CONS.ZS,"Energy imports, net (% of energy use)",2022,26.3680612308532,,0
BIH,Bosnia and Herzegovina,EG.IMP.CONS.ZS,"Energy imports, net (% of energy use)",2021,27.1805859913968,,0
BIH,Bosnia and Herzegovina,EG.IMP.CONS.ZS,"Energy imports, net (% of energy use)",2020,25.3934465921472,,0
BIH,Bosnia and Herzegovina,EG.IMP.CONS.ZS,"Energy imports, net (% of energy use)",2019,27.3940966075843,,0
BIH,Bosnia and Herzegovina,EG.IMP.CONS.ZS,"Energy imports, net (% of energy use)",2018,24.2811144045711,,0
BIH,Bosnia and Herzegovina,EG.IMP.CONS.ZS,"Energy imports, net (% of energy use)",2017,34.076435377041,,0
BIH,Bosnia and Herzegovina,EG.IMP.CONS.ZS,"Energy imports, net (% of energy use)",2016,31.5599865655548,,0
BIH,Bosnia and Herzegovina,EG.IMP.CONS.ZS,"Energy imports, net (% of energy use)",2015,33.7088994867392,,0
BIH,Bosnia and Herzegovina,EG.IMP.CONS.ZS,"Energy imports, net (% of energy use)",2014,28.2127054550378,,0
BIH,Bosnia and Herzegovina,EG.IMP.CONS.ZS,"Energy imports, net (% of energy use)",2013,29.7224082866732,,0
BIH,Bosnia and Herzegovina,EG.IMP.CONS.ZS,"Energy imports, net (% of energy use)",2012,33.2945027300534,,0
BIH,Bosnia and Herzegovina,EG.IMP.CONS.ZS,"Energy imports, net (% of energy use)",2011,33.9948257189844,,0
BIH,Bosnia and Herzegovina,EG.IMP.CONS.ZS,"Energy imports, net (% of energy use)",2010,31.1960819719857,,0
BIH,Bosnia and Herzegovina,EG.IMP.CONS.ZS,"Energy imports, net (% of energy use)",2009,30.5773027958542,,0
BIH,Bosnia and Herzegovina,EG.IMP.CONS.ZS,"Energy imports, net (% of energy use)",2008,29.0363420018349,,0
BIH,Bosnia and Herzegovina,EG.IMP.CONS.ZS,"Energy imports, net (% of energy use)",2007,30.6474418437097,,0
BIH,Bosnia and Herzegovina,EG.IMP.CONS.ZS,"Energy imports, net (% of energy use)",2006,26.3576755818932,,0
BIH,Bosnia and Herzegovina,EG.IMP.CONS.ZS,"Energy imports, net (% of energy use)",2005,27.4686633651637,,0
BIH,Bosnia and Herzegovina,EG.IMP.CONS.ZS,"Energy imports, net (% of energy use)",2004,25.5479237749006,,0
BIH,Bosnia and Herzegovina,EG.IMP.CONS.ZS,"Energy imports, net (% of energy use)",2003,21.053003073114,,0
BIH,Bosnia and Herzegovina,EG.IMP.CONS.ZS,"Energy imports, net (% of energy use)",2002,24.6964440589766,,0
BIH,Bosnia and Herzegovina,EG.IMP.CONS.ZS,"Energy imports, net (% of energy use)",2001,27.5909719023492,,0
BIH,Bosnia and Herzegovina,EG.IMP.CONS.ZS,"Energy imports, net (% of energy use)",2000,29.0208771823771,,0
BIH,Bosnia and Herzegovina,EG.IMP.CONS.ZS,"Energy imports, net (% of energy use)",1999,22.353237954521,,0
BIH,Bosnia and Herzegovina,EG.IMP.CONS.ZS,"Energy imports, net (% of energy use)",1998,24.3004985485747,,0
BIH,Bosnia and Herzegovina,EG.IMP.CONS.ZS,"Energy imports, net (% of energy use)",1997,21.8457747165563,,0
BIH,Bosnia and Herzegovina,EG.IMP.CONS.ZS,"Energy imports, net (% of energy use)",1996,38.6779800191598,,0
BIH,Bosnia and Herzegovina,EG.IMP.CONS.ZS,"Energy imports, net (% of energy use)",1995,47.8755714696763,,0
BIH,Bosnia and Herzegovina,EG.IMP.CONS.ZS,"Energy imports, net (% of energy use)",1994,49.7495131734433,,0
BIH,Bosnia and Herzegovina,EG.IMP.CONS.ZS,"Energy imports, net (% of energy use)",1993,16.4354342937049,,0
BIH,Bosnia and Herzegovina,EG.IMP.CONS.ZS,"Energy imports, net (% of energy use)",1992,18.4979787296866,,0
BIH,Bosnia and Herzegovina,EG.IMP.CONS.ZS,"Energy imports, net (% of energy use)",1991,31.9002677072462,,0
BWA,Botswana,EG.IMP.CONS.ZS,"Energy imports, net (% of energy use)",2022,23.6817784648472,,0
BWA,Botswana,EG.IMP.CONS.ZS,"Energy imports, net (% of energy use)",2021,30.1816188180417,,0
BWA,Botswana,EG.IMP.CONS.ZS,"Energy imports, net (% of energy use)",2020,30.8595898129368,,0
BWA,Botswana,EG.IMP.CONS.ZS,"Energy imports, net (% of energy use)",2019,33.1862385245429,,0
BWA,Botswana,EG.IMP.CONS.ZS,"Energy imports, net (% of energy use)",2018,30.9490123313618,,0
BWA,Botswana,EG.IMP.CONS.ZS,"Energy imports, net (% of energy use)",2017,31.8986800092167,,0
BWA,Botswana,EG.IMP.CONS.ZS,"Energy imports, net (% of energy use)",2016,36.3459227467812,,0
BWA,Botswana,EG.IMP.CONS.ZS,"Energy imports, net (% of energy use)",2015,34.9296848455718,,0
BWA,Botswana,EG.IMP.CONS.ZS,"Energy imports, net (% of energy use)",2014,37.3359617938416,,0
BWA,Botswana,EG.IMP.CONS.ZS,"Energy imports, net (% of energy use)",2013,45.5211931491077,,0
BWA,Botswana,EG.IMP.CONS.ZS,"Energy imports, net (% of energy use)",2012,46.8546288849995,,0
BWA,Botswana,EG.IMP.CONS.ZS,"Energy imports, net (% of energy use)",2011,50.5195938014883,,0
BWA,Botswana,EG.IMP.CONS.ZS,"Energy imports, net (% of energy use)",2010,47.9274692159816,,0
BRA,Brazil,EG.IMP.CONS.ZS,"Energy imports, net (% of energy use)",2023,-13.6808969364254,,0
BRA,Brazil,EG.IMP.CONS.ZS,"Energy imports, net (% of energy use)",2022,-7.28721052757992,,0
BRA,Brazil,EG.IMP.CONS.ZS,"Energy imports, net (% of energy use)",2021,-3.84763107467013,,0
BRA,Brazil,EG.IMP.CONS.ZS,"Energy imports, net (% of energy use)",2020,-11.1677354621271,,0
BRA,Brazil,EG.IMP.CONS.ZS,"Energy imports, net (% of energy use)",2019,-4.05963612353002,,0
BRA,Brazil,EG.IMP.CONS.ZS,"Energy imports, net (% of energy use)",2018,-0.816754027000633,,0
BRA,Brazil,EG.IMP.CONS.ZS,"Energy imports, net (% of energy use)",2017,1.14058560979895,,0
BRA,Brazil,EG.IMP.CONS.ZS,"Energy imports, net (% of energy use)",2016,2.67300702990516,,0
BRA,Brazil,EG.IMP.CONS.ZS,"Energy imports, net (% of energy use)",2015,8.61387332542045,,0
BRA,Brazil,EG.IMP.CONS.ZS,"Energy imports, net (% of energy use)",2014,14.2246121049324,,0
BRA,Brazil,EG.IMP.CONS.ZS,"Energy imports, net (% of energy use)",2013,15.7799289306747,,0
BRA,Brazil,EG.IMP.CONS.ZS,"Energy imports, net (% of energy use)",2012,12.1359170291353,,0
BRA,Brazil,EG.IMP.CONS.ZS,"Energy imports, net (% of energy use)",2011,10.7016076437075,,0
BRA,Brazil,EG.IMP.CONS.ZS,"Energy imports, net (% of energy use)",2010,9.46056380844546,,0
BRA,Brazil,EG.IMP.CONS.ZS,"Energy imports, net (% of energy use)",2009,6.60229702686238,,0
BRA,Brazil,EG.IMP.CONS.ZS,"Energy imports, net (% of energy use)",2008,10.9734366775816,,0
BRA,Brazil,EG.IMP.CONS.ZS,"Energy imports, net (% of energy use)",2007,10.7554506884035,,0
BRA,Brazil,EG.IMP.CONS.ZS,"Energy imports, net (% of energy use)",2006,9.42487441775699,,0
BRA,Brazil,EG.IMP.CONS.ZS,"Energy imports, net (% of energy use)",2005,11.7093919059105,,0
BRA,Brazil,EG.IMP.CONS.ZS,"Energy imports, net (% of energy use)",2004,14.9871247447829,,0
BRA,Brazil,EG.IMP.CONS.ZS,"Energy imports, net (% of energy use)",2003,12.6504339560963,,0
BRA,Brazil,EG.IMP.CONS.ZS,"Energy imports, net (% of energy use)",2002,15.6930656209369,,0
BRA,Brazil,EG.IMP.CONS.ZS,"Energy imports, net (% of energy use)",2001,21.0669723351647,,0
BRA,Brazil,EG.IMP.CONS.ZS,"Energy imports, net (% of energy use)",2000,23.6412025308101,,0
BRA,Brazil,EG.IMP.CONS.ZS,"Energy imports, net (% of energy use)",1999,25.4829158569614,,0
BRA,Brazil,EG.IMP.CONS.ZS,"Energy imports, net (% of energy use)",1998,28.4426634602689,,0
BRA,Brazil,EG.IMP.CONS.ZS,"Energy imports, net (% of energy use)",1997,31.0600679181001,,0
BRA,Brazil,EG.IMP.CONS.ZS,"Energy imports, net (% of energy use)",1996,32.0205635989921,,0
BRA,Brazil,EG.IMP.CONS.ZS,"Energy imports, net (% of energy use)",1995,29.9188037694922,,0
BRA,Brazil,EG.IMP.CONS.ZS,"Energy imports, net (% of energy use)",1994,30.0231529263718,,0
BRA,Brazil,EG.IMP.CONS.ZS,"Energy imports, net (% of energy use)",1993,30.8519374385858,,0
BRA,Brazil,EG.IMP.CONS.ZS,"Energy imports, net (% of energy use)",1992,27.4892498770035,,0
BRA,Brazil,EG.IMP.CONS.ZS,"Energy imports, net (% of energy use)",1991,27.8263992580748,,0
BRA,Brazil,EG.IMP.CONS.ZS,"Energy imports, net (% of energy use)",1990,27.9223906713267,,0
BRN,Brunei Darussalam,EG.IMP.CONS.ZS,"Energy imports, net (% of energy use)",2022,-172.552632157863,,0
BRN,Brunei Darussalam,EG.IMP.CONS.ZS,"Energy imports, net (% of energy use)",2021,-228.680231494864,,0
BRN,Brunei Darussalam,EG.IMP.CONS.ZS,"Energy imports, net (% of energy use)",2020,-245.563817037269,,0
BRN,Brunei Darussalam,EG.IMP.CONS.ZS,"Energy imports, net (% of energy use)",2019,-266.996915982468,,0
BRN,Brunei Darussalam,EG.IMP.CONS.ZS,"Energy imports, net (% of energy use)",2018,-339.578885129588,,0
BRN,Brunei Darussalam,EG.IMP.CONS.ZS,"Energy imports, net (% of energy use)",2017,-332.169019646559,,0
BRN,Brunei Darussalam,EG.IMP.CONS.ZS,"Energy imports, net (% of energy use)",2016,-405.091784436103,,0
BRN,Brunei Darussalam,EG.IMP.CONS.ZS,"Energy imports, net (% of energy use)",2015,-486.235806939218,,0
BRN,Brunei Darussalam,EG.IMP.CONS.ZS,"Energy imports, net (% of energy use)",2014,-351.380751451301,,0
BRN,Brunei Darussalam,EG.IMP.CONS.ZS,"Energy imports, net (% of energy use)",2013,-453.069121964239,,0
BRN,Brunei Darussalam,EG.IMP.CONS.ZS,"Energy imports, net (% of energy use)",2012,-378.756554213713,,0
BRN,Brunei Darussalam,EG.IMP.CONS.ZS,"Energy imports, net (% of energy use)",2011,-376.268281253854,,0
BRN,Brunei Darussalam,EG.IMP.CONS.ZS,"Energy imports, net (% of energy use)",2010,-472.228035785347,,0
BRN,Brunei Darussalam,EG.IMP.CONS.ZS,"Energy imports, net (% of energy use)",2009,-511.891701000587,,0
BRN,Brunei Darussalam,EG.IMP.CONS.ZS,"Energy imports, net (% of energy use)",2008,-488.916674530529,,0
BRN,Brunei Darussalam,EG.IMP.CONS.ZS,"Energy imports, net (% of energy use)",2007,-539.097137952467,,0
BRN,Brunei Darussalam,EG.IMP.CONS.ZS,"Energy imports, net (% of energy use)",2006,-604.86444710482,,0
BRN,Brunei Darussalam,EG.IMP.CONS.ZS,"Energy imports, net (% of energy use)",2005,-839.545224534621,,0
BRN,Brunei Darussalam,EG.IMP.CONS.ZS,"Energy imports, net (% of energy use)",2004,-793.869891142742,,0
BRN,Brunei Darussalam,EG.IMP.CONS.ZS,"Energy imports, net (% of energy use)",2003,-739.143366476324,,0
BRN,Brunei Darussalam,EG.IMP.CONS.ZS,"Energy imports, net (% of energy use)",2002,-833.777561321168,,0
BRN,Brunei Darussalam,EG.IMP.CONS.ZS,"Energy imports, net (% of energy use)",2001,-790.409284617215,,0
BRN,Brunei Darussalam,EG.IMP.CONS.ZS,"Energy imports, net (% of energy use)",2000,-725.653941676014,,0
BRN,Brunei Darussalam,EG.IMP.CONS.ZS,"Energy imports, net (% of energy use)",1999,-674.546955541237,,0
BRN,Brunei Darussalam,EG.IMP.CONS.ZS,"Energy imports, net (% of energy use)",1998,-628.172990063234,,0
BRN,Brunei Darussalam,EG.IMP.CONS.ZS,"Energy imports, net (% of energy use)",1997,-635.275778886253,,0
BRN,Brunei Darussalam,EG.IMP.CONS.ZS,"Energy imports, net (% of energy use)",1996,-679.126331457766,,0
BRN,Brunei Darussalam,EG.IMP.CONS.ZS,"Energy imports, net (% of energy use)",1995,-703.385723849907,,0
BRN,Brunei Darussalam,EG.IMP.CONS.ZS,"Energy imports, net (% of energy use)",1994,-830.26394530106,,0
BRN,Brunei Darussalam,EG.IMP.CONS.ZS,"Energy imports, net (% of energy use)",1993,-746.855765709358,,0
BRN,Brunei Darussalam,EG.IMP.CONS.ZS,"Energy imports, net (% of energy use)",1992,-725.031842787609,,0
BRN,Brunei Darussalam,EG.IMP.CONS.ZS,"Energy imports, net (% of energy use)",1991,-737.475390992799,,0
BRN,Brunei Darussalam,EG.IMP.CONS.ZS,"Energy imports, net (% of energy use)",1990,-799.896295681753,,0
BGR,Bulgaria,EG.IMP.CONS.ZS,"Energy imports, net (% of energy use)",2023,40.9310458153299,,0
BGR,Bulgaria,EG.IMP.CONS.ZS,"Energy imports, net (% of energy use)",2022,37.9626610649135,,0
BGR,Bulgaria,EG.IMP.CONS.ZS,"Energy imports, net (% of energy use)",2021,36.8953488956958,,0
BGR,Bulgaria,EG.IMP.CONS.ZS,"Energy imports, net (% of energy use)",2020,38.9217451750975,,0
BGR,Bulgaria,EG.IMP.CONS.ZS,"Energy imports, net (% of energy use)",2019,39.3231832972508,,0
BGR,Bulgaria,EG.IMP.CONS.ZS,"Energy imports, net (% of energy use)",2018,37.3715030283055,,0
BGR,Bulgaria,EG.IMP.CONS.ZS,"Energy imports, net (% of energy use)",2017,40.266772200286,,0
BGR,Bulgaria,EG.IMP.CONS.ZS,"Energy imports, net (% of energy use)",2016,39.3293566300094,,0
BGR,Bulgaria,EG.IMP.CONS.ZS,"Energy imports, net (% of energy use)",2015,37.1318138028411,,0
BGR,Bulgaria,EG.IMP.CONS.ZS,"Energy imports, net (% of energy use)",2014,35.7151926776029,,0
BGR,Bulgaria,EG.IMP.CONS.ZS,"Energy imports, net (% of energy use)",2013,39.0539262867083,,0
BGR,Bulgaria,EG.IMP.CONS.ZS,"Energy imports, net (% of energy use)",2012,37.3540172307534,,0
BGR,Bulgaria,EG.IMP.CONS.ZS,"Energy imports, net (% of energy use)",2011,37.2374823379259,,0
BGR,Bulgaria,EG.IMP.CONS.ZS,"Energy imports, net (% of energy use)",2010,40.8526500117372,,0
BGR,Bulgaria,EG.IMP.CONS.ZS,"Energy imports, net (% of energy use)",2009,46.382604875906,,0
BGR,Bulgaria,EG.IMP.CONS.ZS,"Energy imports, net (% of energy use)",2008,53.0049788983809,,0
BGR,Bulgaria,EG.IMP.CONS.ZS,"Energy imports, net (% of energy use)",2007,51.98949515202,,0
BGR,Bulgaria,EG.IMP.CONS.ZS,"Energy imports, net (% of energy use)",2006,46.8648591333487,,0
BGR,Bulgaria,EG.IMP.CONS.ZS,"Energy imports, net (% of energy use)",2005,48.0800794747752,,0
BGR,Bulgaria,EG.IMP.CONS.ZS,"Energy imports, net (% of energy use)",2004,49.0600986271616,,0
BGR,Bulgaria,EG.IMP.CONS.ZS,"Energy imports, net (% of energy use)",2003,47.4286426431466,,0
BGR,Bulgaria,EG.IMP.CONS.ZS,"Energy imports, net (% of energy use)",2002,47.4211786188032,,0
BGR,Bulgaria,EG.IMP.CONS.ZS,"Energy imports, net (% of energy use)",2001,46.6754332560199,,0
BGR,Bulgaria,EG.IMP.CONS.ZS,"Energy imports, net (% of energy use)",2000,46.8649530070362,,0
BGR,Bulgaria,EG.IMP.CONS.ZS,"Energy imports, net (% of energy use)",1999,48.7127225497519,,0
BGR,Bulgaria,EG.IMP.CONS.ZS,"Energy imports, net (% of energy use)",1998,50.5319818162397,,0
BGR,Bulgaria,EG.IMP.CONS.ZS,"Energy imports, net (% of energy use)",1997,51.715600265138,,0
BGR,Bulgaria,EG.IMP.CONS.ZS,"Energy imports, net (% of energy use)",1996,57.4379795609262,,0
BGR,Bulgaria,EG.IMP.CONS.ZS,"Energy imports, net (% of energy use)",1995,58.7750712625212,,0
BGR,Bulgaria,EG.IMP.CONS.ZS,"Energy imports, net (% of energy use)",1994,56.8226701146043,,0
BGR,Bulgaria,EG.IMP.CONS.ZS,"Energy imports, net (% of energy use)",1993,60.3402271811458,,0
BGR,Bulgaria,EG.IMP.CONS.ZS,"Energy imports, net (% of energy use)",1992,58.0022563609057,,0
BGR,Bulgaria,EG.IMP.CONS.ZS,"Energy imports, net (% of energy use)",1991,64.527991107195,,0
BGR,Bulgaria,EG.IMP.CONS.ZS,"Energy imports, net (% of energy use)",1990,64.1334100978236,,0
KHM,Cambodia,EG.IMP.CONS.ZS,"Energy imports, net (% of energy use)",2021,58.9313079941395,,0
KHM,Cambodia,EG.IMP.CONS.ZS,"Energy imports, net (% of energy use)",2020,60.5868013956178,,0
CMR,Cameroon,EG.IMP.CONS.ZS,"Energy imports, net (% of energy use)",2022,-28.7126841321204,,0
CMR,Cameroon,EG.IMP.CONS.ZS,"Energy imports, net (% of energy use)",2021,-29.7631996165475,,0
CMR,Cameroon,EG.IMP.CONS.ZS,"Energy imports, net (% of energy use)",2020,-31.243404936876,,0
CMR,Cameroon,EG.IMP.CONS.ZS,"Energy imports, net (% of energy use)",2019,-31.9033841646908,,0
CMR,Cameroon,EG.IMP.CONS.ZS,"Energy imports, net (% of energy use)",2018,-24.0501452632405,,0
CMR,Cameroon,EG.IMP.CONS.ZS,"Energy imports, net (% of energy use)",2017,-20.5648342065935,,0
CMR,Cameroon,EG.IMP.CONS.ZS,"Energy imports, net (% of energy use)",2016,-27.9527989961132,,0
CMR,Cameroon,EG.IMP.CONS.ZS,"Energy imports, net (% of energy use)",2015,-27.9617879172123,,0
CMR,Cameroon,EG.IMP.CONS.ZS,"Energy imports, net (% of energy use)",2014,-19.6646287156523,,0
CMR,Cameroon,EG.IMP.CONS.ZS,"Energy imports, net (% of energy use)",2013,-18.262818816688,,0
CMR,Cameroon,EG.IMP.CONS.ZS,"Energy imports, net (% of energy use)",2012,-15.0749200676195,,0
CMR,Cameroon,EG.IMP.CONS.ZS,"Energy imports, net (% of energy use)",2011,-13.2588513698005,,0
CMR,Cameroon,EG.IMP.CONS.ZS,"Energy imports, net (% of energy use)",2010,-23.2008838302038,,0
CMR,Cameroon,EG.IMP.CONS.ZS,"Energy imports, net (% of energy use)",2009,-31.5524086136078,,0
CMR,Cameroon,EG.IMP.CONS.ZS,"Energy imports, net (% of energy use)",2008,-48.3089254975444,,0
CMR,Cameroon,EG.IMP.CONS.ZS,"Energy imports, net (% of energy use)",2007,-48.7532631199927,,0
CMR,Cameroon,EG.IMP.CONS.ZS,"Energy imports, net (% of energy use)",2006,-51.0246567982921,,0
CMR,Cameroon,EG.IMP.CONS.ZS,"Energy imports, net (% of energy use)",2005,-48.4537495838148,,0
CMR,Cameroon,EG.IMP.CONS.ZS,"Energy imports, net (% of energy use)",2004,-51.6929413622486,,0
CMR,Cameroon,EG.IMP.CONS.ZS,"Energy imports, net (% of energy use)",2003,-57.2679937912037,,0
CMR,Cameroon,EG.IMP.CONS.ZS,"Energy imports, net (% of energy use)",2002,-65.5343496603403,,0
CMR,Cameroon,EG.IMP.CONS.ZS,"Energy imports, net (% of energy use)",2001,-65.9930557104514,,0
CMR,Cameroon,EG.IMP.CONS.ZS,"Energy imports, net (% of energy use)",2000,-75.2311210404774,,0
CMR,Cameroon,EG.IMP.CONS.ZS,"Energy imports, net (% of energy use)",1999,-80.5056600518364,,0
CMR,Cameroon,EG.IMP.CONS.ZS,"Energy imports, net (% of energy use)",1998,-86.7050995329577,,0
CMR,Cameroon,EG.IMP.CONS.ZS,"Energy imports, net (% of energy use)",1997,-82.9128020874824,,0
CMR,Cameroon,EG.IMP.CONS.ZS,"Energy imports, net (% of energy use)",1996,-77.3300225163613,,0
CMR,Cameroon,EG.IMP.CONS.ZS,"Energy imports, net (% of energy use)",1995,-76.6078567516399,,0
CMR,Cameroon,EG.IMP.CONS.ZS,"Energy imports, net (% of energy use)",1994,-89.5974479587181,,0
CMR,Cameroon,EG.IMP.CONS.ZS,"Energy imports, net (% of energy use)",1993,-97.9882226348791,,0
CMR,Cameroon,EG.IMP.CONS.ZS,"Energy imports, net (% of energy use)",1992,-112.079988350299,,0
CMR,Cameroon,EG.IMP.CONS.ZS,"Energy imports, net (% of energy use)",1991,-114.058530516499,,0
CMR,Cameroon,EG.IMP.CONS.ZS,"Energy imports, net (% of energy use)",1990,-122.147319566374,,0
CAN,Canada,EG.IMP.CONS.ZS,"Energy imports, net (% of energy use)",2023,-89.626081306096,,0
CAN,Canada,EG.IMP.CONS.ZS,"Energy imports, net (% of energy use)",2022,-89.4880948333503,,0
CAN,Canada,EG.IMP.CONS.ZS,"Energy imports, net (% of energy use)",2021,-87.5821362876153,,0
CAN,Canada,EG.IMP.CONS.ZS,"Energy imports, net (% of energy use)",2020,-79.7039821719259,,0
CAN,Canada,EG.IMP.CONS.ZS,"Energy imports, net (% of energy use)",2019,-75.7691761628351,,0
CAN,Canada,EG.IMP.CONS.ZS,"Energy imports, net (% of energy use)",2018,-75.0034002036097,,0
CAN,Canada,EG.IMP.CONS.ZS,"Energy imports, net (% of energy use)",2017,-71.7314725772424,,0
CAN,Canada,EG.IMP.CONS.ZS,"Energy imports, net (% of energy use)",2016,-69.1173046088071,,0
CAN,Canada,EG.IMP.CONS.ZS,"Energy imports, net (% of energy use)",2015,-68.422155970413,,0
CAN,Canada,EG.IMP.CONS.ZS,"Energy imports, net (% of energy use)",2014,-66.6966752192918,,0
CAN,Canada,EG.IMP.CONS.ZS,"Energy imports, net (% of energy use)",2013,-65.7048130619212,,0
CAN,Canada,EG.IMP.CONS.ZS,"Energy imports, net (% of energy use)",2012,-59.7522549892993,,0
CAN,Canada,EG.IMP.CONS.ZS,"Energy imports, net (% of energy use)",2011,-56.2929960098296,,0
CAN,Canada,EG.IMP.CONS.ZS,"Energy imports, net (% of energy use)",2010,-55.1422384877185,,0
CAN,Canada,EG.IMP.CONS.ZS,"Energy imports, net (% of energy use)",2009,-52.9111703731263,,0
CAN,Canada,EG.IMP.CONS.ZS,"Energy imports, net (% of energy use)",2008,-52.7925580751696,,0
CAN,Canada,EG.IMP.CONS.ZS,"Energy imports, net (% of energy use)",2007,-54.5900488468931,,0
CAN,Canada,EG.IMP.CONS.ZS,"Energy imports, net (% of energy use)",2006,-50.4287607209759,,0
CAN,Canada,EG.IMP.CONS.ZS,"Energy imports, net (% of energy use)",2005,-47.9771008445754,,0
CAN,Canada,EG.IMP.CONS.ZS,"Energy imports, net (% of energy use)",2004,-50.3897944656745,,0
CAN,Canada,EG.IMP.CONS.ZS,"Energy imports, net (% of energy use)",2003,-49.269133846543,,0
CAN,Canada,EG.IMP.CONS.ZS,"Energy imports, net (% of energy use)",2002,-54.7624519827412,,0
CAN,Canada,EG.IMP.CONS.ZS,"Energy imports, net (% of energy use)",2001,-51.790604506391,,0
CAN,Canada,EG.IMP.CONS.ZS,"Energy imports, net (% of energy use)",2000,-50.5895192332625,,0
CAN,Canada,EG.IMP.CONS.ZS,"Energy imports, net (% of energy use)",1999,-49.8739360099553,,0
CAN,Canada,EG.IMP.CONS.ZS,"Energy imports, net (% of energy use)",1998,-52.1380682131267,,0
CAN,Canada,EG.IMP.CONS.ZS,"Energy imports, net (% of energy use)",1997,-50.4638633358926,,0
CAN,Canada,EG.IMP.CONS.ZS,"Energy imports, net (% of energy use)",1996,-50.4280648044801,,0
CAN,Canada,EG.IMP.CONS.ZS,"Energy imports, net (% of energy use)",1995,-51.0818153921126,,0
CAN,Canada,EG.IMP.CONS.ZS,"Energy imports, net (% of energy use)",1994,-46.1852028685979,,0
CAN,Canada,EG.IMP.CONS.ZS,"Energy imports, net (% of energy use)",1993,-42.0525825516017,,0
CAN,Canada,EG.IMP.CONS.ZS,"Energy imports, net (% of energy use)",1992,-38.8046296743508,,0
CAN,Canada,EG.IMP.CONS.ZS,"Energy imports, net (% of energy use)",1991,-36.1795825245223,,0
CAN,Canada,EG.IMP.CONS.ZS,"Energy imports, net (% of energy use)",1990,-28.0351089159291,,0
TCD,Chad,EG.IMP.CONS.ZS,"Energy imports, net (% of energy use)",2022,-177.762640714933,,0
TCD,Chad,EG.IMP.CONS.ZS,"Energy imports, net (% of energy use)",2021,-176.630579738888,,0
TCD,Chad,EG.IMP.CONS.ZS,"Energy imports, net (% of energy use)",2020,-203.009166139877,,0
TCD,Chad,EG.IMP.CONS.ZS,"Energy imports, net (% of energy use)",2019,-204.991540399293,,0
TCD,Chad,EG.IMP.CONS.ZS,"Energy imports, net (% of energy use)",2018,-171.727077004748,,0
TCD,Chad,EG.IMP.CONS.ZS,"Energy imports, net (% of energy use)",2017,-157.66185165781,,0
TCD,Chad,EG.IMP.CONS.ZS,"Energy imports, net (% of energy use)",2013,-132.264873619331,,0
TCD,Chad,EG.IMP.CONS.ZS,"Energy imports, net (% of energy use)",2012,-117.292747134953,,0
TCD,Chad,EG.IMP.CONS.ZS,"Energy imports, net (% of energy use)",2011,-183.961857558453,,0
TCD,Chad,EG.IMP.CONS.ZS,"Energy imports, net (% of energy use)",2010,-225.612876380023,,0
TCD,Chad,EG.IMP.CONS.ZS,"Energy imports, net (% of energy use)",2009,-217.458325864851,,0
TCD,Chad,EG.IMP.CONS.ZS,"Energy imports, net (% of energy use)",2008,-248.333253439432,,0
TCD,Chad,EG.IMP.CONS.ZS,"Energy imports, net (% of energy use)",2007,-290.731183642917,,0
TCD,Chad,EG.IMP.CONS.ZS,"Energy imports, net (% of energy use)",2006,-325.092118628876,,0
TCD,Chad,EG.IMP.CONS.ZS,"Energy imports, net (% of energy use)",2005,-370.79361224118,,0
TCD,Chad,EG.IMP.CONS.ZS,"Energy imports, net (% of energy use)",2004,-378.634524358961,,0
TCD,Chad,EG.IMP.CONS.ZS,"Energy imports, net (% of energy use)",2003,-72.1425619177821,,0
TCD,Chad,EG.IMP.CONS.ZS,"Energy imports, net (% of energy use)",2002,4.52008806923462,,0
TCD,Chad,EG.IMP.CONS.ZS,"Energy imports, net (% of energy use)",2001,3.73818181818182,,0
TCD,Chad,EG.IMP.CONS.ZS,"Energy imports, net (% of energy use)",2000,3.19434284320898,,0
CHL,Chile,EG.IMP.CONS.ZS,"Energy imports, net (% of energy use)",2023,62.2762043204213,,0
CHL,Chile,EG.IMP.CONS.ZS,"Energy imports, net (% of energy use)",2022,66.2732116154234,,0
CHL,Chile,EG.IMP.CONS.ZS,"Energy imports, net (% of energy use)",2021,68.8632430428331,,0
CHL,Chile,EG.IMP.CONS.ZS,"Energy imports, net (% of energy use)",2020,66.7182391849769,,0
CHL,Chile,EG.IMP.CONS.ZS,"Energy imports, net (% of energy use)",2019,69.2258871522885,,0
CHL,Chile,EG.IMP.CONS.ZS,"Energy imports, net (% of energy use)",2018,67.6635625998358,,0
CHL,Chile,EG.IMP.CONS.ZS,"Energy imports, net (% of energy use)",2017,68.361001924862,,0
CHL,Chile,EG.IMP.CONS.ZS,"Energy imports, net (% of energy use)",2016,69.1768970395068,,0
CHL,Chile,EG.IMP.CONS.ZS,"Energy imports, net (% of energy use)",2015,68.1847796488233,,0
CHL,Chile,EG.IMP.CONS.ZS,"Energy imports, net (% of energy use)",2014,67.2508288416277,,0
CHL,Chile,EG.IMP.CONS.ZS,"Energy imports, net (% of energy use)",2013,65.8715584951178,,0
CHL,Chile,EG.IMP.CONS.ZS,"Energy imports, net (% of energy use)",2012,67.1384298913492,,0
CHL,Chile,EG.IMP.CONS.ZS,"Energy imports, net (% of energy use)",2011,73.8311740907948,,0
CHL,Chile,EG.IMP.CONS.ZS,"Energy imports, net (% of energy use)",2010,72.2704435137372,,0
CHL,Chile,EG.IMP.CONS.ZS,"Energy imports, net (% of energy use)",2009,70.2435930726474,,0
CHL,Chile,EG.IMP.CONS.ZS,"Energy imports, net (% of energy use)",2008,72.7500942964616,,0
CHL,Chile,EG.IMP.CONS.ZS,"Energy imports, net (% of energy use)",2007,77.9117396112639,,0
CHL,Chile,EG.IMP.CONS.ZS,"Energy imports, net (% of energy use)",2006,72.9339608447136,,0
CHL,Chile,EG.IMP.CONS.ZS,"Energy imports, net (% of energy use)",2005,72.2462472171982,,0
CHL,Chile,EG.IMP.CONS.ZS,"Energy imports, net (% of energy use)",2004,75.2968199444253,,0
CHL,Chile,EG.IMP.CONS.ZS,"Energy imports, net (% of energy use)",2003,71.3337721552689,,0
CHL,Chile,EG.IMP.CONS.ZS,"Energy imports, net (% of energy use)",2002,69.0840375617552,,0
CHL,Chile,EG.IMP.CONS.ZS,"Energy imports, net (% of energy use)",2001,67.8365457140534,,0
CHL,Chile,EG.IMP.CONS.ZS,"Energy imports, net (% of energy use)",2000,70.4940449473389,,0
CHL,Chile,EG.IMP.CONS.ZS,"Energy imports, net (% of energy use)",1999,71.2816167306968,,0
CHL,Chile,EG.IMP.CONS.ZS,"Energy imports, net (% of energy use)",1998,69.5054811354041,,0
CHL,Chile,EG.IMP.CONS.ZS,"Energy imports, net (% of energy use)",1997,64.6438166469116,,0
CHL,Chile,EG.IMP.CONS.ZS,"Energy imports, net (% of energy use)",1996,64.1693715341741,,0
CHL,Chile,EG.IMP.CONS.ZS,"Energy imports, net (% of energy use)",1995,59.0852980470488,,0
CHL,Chile,EG.IMP.CONS.ZS,"Energy imports, net (% of energy use)",1994,58.3421366716523,,0
CHL,Chile,EG.IMP.CONS.ZS,"Energy imports, net (% of energy use)",1993,51.0892441558716,,0
CHL,Chile,EG.IMP.CONS.ZS,"Energy imports, net (% of energy use)",1992,49.5468729764232,,0
CHL,Chile,EG.IMP.CONS.ZS,"Energy imports, net (% of energy use)",1991,50.6463084641149,,0
CHL,Chile,EG.IMP.CONS.ZS,"Energy imports, net (% of energy use)",1990,50.145420201304,,0
CHN,China,EG.IMP.CONS.ZS,"Energy imports, net (% of energy use)",2023,23.9617588276826,,0
CHN,China,EG.IMP.CONS.ZS,"Energy imports, net (% of energy use)",2022,20.6245589248584,,0
CHN,China,EG.IMP.CONS.ZS,"Energy imports, net (% of energy use)",2021,21.638660726732,,0
CHN,China,EG.IMP.CONS.ZS,"Energy imports, net (% of energy use)",2020,22.9745721923886,,0
CHN,China,EG.IMP.CONS.ZS,"Energy imports, net (% of energy use)",2019,22.2209738878689,,0
CHN,China,EG.IMP.CONS.ZS,"Energy imports, net (% of energy use)",2018,21.668746469651,,0
CHN,China,EG.IMP.CONS.ZS,"Energy imports, net (% of energy use)",2017,20.4189899878205,,0
CHN,China,EG.IMP.CONS.ZS,"Energy imports, net (% of energy use)",2016,19.1930740055994,,0
CHN,China,EG.IMP.CONS.ZS,"Energy imports, net (% of energy use)",2015,16.7064227414127,,0
CHN,China,EG.IMP.CONS.ZS,"Energy imports, net (% of energy use)",2014,17.5411749363193,,0
CHN,China,EG.IMP.CONS.ZS,"Energy imports, net (% of energy use)",2013,17.3260320088109,,0
CHN,China,EG.IMP.CONS.ZS,"Energy imports, net (% of energy use)",2012,16.5519076203457,,0
CHN,China,EG.IMP.CONS.ZS,"Energy imports, net (% of energy use)",2011,14.7187375691953,,0
CHN,China,EG.IMP.CONS.ZS,"Energy imports, net (% of energy use)",2010,13.5822901864238,,0
CHN,China,EG.IMP.CONS.ZS,"Energy imports, net (% of energy use)",2009,12.0784803208113,,0
CHN,China,EG.IMP.CONS.ZS,"Energy imports, net (% of energy use)",2008,8.6324519295838,,0
CHN,China,EG.IMP.CONS.ZS,"Energy imports, net (% of energy use)",2007,7.94609861840451,,0
CHN,China,EG.IMP.CONS.ZS,"Energy imports, net (% of energy use)",2006,6.95939640874444,,0
CHN,China,EG.IMP.CONS.ZS,"Energy imports, net (% of energy use)",2005,5.60861584629628,,0
CHN,China,EG.IMP.CONS.ZS,"Energy imports, net (% of energy use)",2004,5.80570745907935,,0
CHN,China,EG.IMP.CONS.ZS,"Energy imports, net (% of energy use)",2003,2.81787719089625,,0
CHN,China,EG.IMP.CONS.ZS,"Energy imports, net (% of energy use)",2002,1.55077393655025,,0
CHN,China,EG.IMP.CONS.ZS,"Energy imports, net (% of energy use)",2001,0.0954125824372545,,0
CHN,China,EG.IMP.CONS.ZS,"Energy imports, net (% of energy use)",2000,2.45807505926914,,0
CHN,China,EG.IMP.CONS.ZS,"Energy imports, net (% of energy use)",1999,1.2667491963187,,0
CHN,China,EG.IMP.CONS.ZS,"Energy imports, net (% of energy use)",1998,0.305622763116886,,0
CHN,China,EG.IMP.CONS.ZS,"Energy imports, net (% of energy use)",1997,0.649738031011822,,0
CHN,China,EG.IMP.CONS.ZS,"Energy imports, net (% of energy use)",1996,-1.12646996020989,,0
CHN,China,EG.IMP.CONS.ZS,"Energy imports, net (% of energy use)",1995,-1.24567989587008,,0
CHN,China,EG.IMP.CONS.ZS,"Energy imports, net (% of energy use)",1994,-1.47072499046091,,0
CHN,China,EG.IMP.CONS.ZS,"Energy imports, net (% of energy use)",1993,-0.368768942248344,,0
CHN,China,EG.IMP.CONS.ZS,"Energy imports, net (% of energy use)",1992,-2.63382169910883,,0
CHN,China,EG.IMP.CONS.ZS,"Energy imports, net (% of energy use)",1991,-3.5844945560059,,0
CHN,China,EG.IMP.CONS.ZS,"Energy imports, net (% of energy use)",1990,-3.991341834913,,0
COL,Colombia,EG.IMP.CONS.ZS,"Energy imports, net (% of energy use)",2023,-141.971675507707,,0
COL,Colombia,EG.IMP.CONS.ZS,"Energy imports, net (% of energy use)",2022,-139.124198035696,,0
COL,Colombia,EG.IMP.CONS.ZS,"Energy imports, net (% of energy use)",2021,-145.26017037422,,0
COL,Colombia,EG.IMP.CONS.ZS,"Energy imports, net (% of energy use)",2020,-192.845620308305,,0
COL,Colombia,EG.IMP.CONS.ZS,"Energy imports, net (% of energy use)",2019,-181.414112402675,,0
COL,Colombia,EG.IMP.CONS.ZS,"Energy imports, net (% of energy use)",2018,-228.78509726312,,0
COL,Colombia,EG.IMP.CONS.ZS,"Energy imports, net (% of energy use)",2017,-250.107607124827,,0
COL,Colombia,EG.IMP.CONS.ZS,"Energy imports, net (% of energy use)",2016,-201.141101141046,,0
COL,Colombia,EG.IMP.CONS.ZS,"Energy imports, net (% of energy use)",2015,-212.769696143014,,0
COL,Colombia,EG.IMP.CONS.ZS,"Energy imports, net (% of energy use)",2014,-237.432787599545,,0
COL,Colombia,EG.IMP.CONS.ZS,"Energy imports, net (% of energy use)",2013,-223.803966779921,,0
COL,Colombia,EG.IMP.CONS.ZS,"Energy imports, net (% of energy use)",2012,-308.771574616249,,0
COL,Colombia,EG.IMP.CONS.ZS,"Energy imports, net (% of energy use)",2011,-284.184501762768,,0
COL,Colombia,EG.IMP.CONS.ZS,"Energy imports, net (% of energy use)",2010,-245.91526329492,,0
COL,Colombia,EG.IMP.CONS.ZS,"Energy imports, net (% of energy use)",2009,-216.447263669203,,0
COL,Colombia,EG.IMP.CONS.ZS,"Energy imports, net (% of energy use)",2008,-206.85479163314,,0
COL,Colombia,EG.IMP.CONS.ZS,"Energy imports, net (% of energy use)",2007,-202.67752129592,,0
COL,Colombia,EG.IMP.CONS.ZS,"Energy imports, net (% of energy use)",2006,-198.79932817786,,0
COL,Colombia,EG.IMP.CONS.ZS,"Energy imports, net (% of energy use)",2005,-189.661059210601,,0
COL,Colombia,EG.IMP.CONS.ZS,"Energy imports, net (% of energy use)",2004,-192.727636672991,,0
COL,Colombia,EG.IMP.CONS.ZS,"Energy imports, net (% of energy use)",2003,-181.333682204549,,0
COL,Colombia,EG.IMP.CONS.ZS,"Energy imports, net (% of energy use)",2002,-171.421185151526,,0
COL,Colombia,EG.IMP.CONS.ZS,"Energy imports, net (% of energy use)",2001,-176.859451117815,,0
COL,Colombia,EG.IMP.CONS.ZS,"Energy imports, net (% of energy use)",2000,-183.116628744126,,0
COL,Colombia,EG.IMP.CONS.ZS,"Energy imports, net (% of energy use)",1999,-195.403344275127,,0
COL,Colombia,EG.IMP.CONS.ZS,"Energy imports, net (% of energy use)",1998,-157.174385275194,,0
COL,Colombia,EG.IMP.CONS.ZS,"Energy imports, net (% of energy use)",1997,-139.273579739378,,0
COL,Colombia,EG.IMP.CONS.ZS,"Energy imports, net (% of energy use)",1996,-125.49443416578,,0
COL,Colombia,EG.IMP.CONS.ZS,"Energy imports, net (% of energy use)",1995,-106.735972028922,,0
COL,Colombia,EG.IMP.CONS.ZS,"Energy imports, net (% of energy use)",1994,-86.1050943537602,,0
COL,Colombia,EG.IMP.CONS.ZS,"Energy imports, net (% of energy use)",1993,-88.9231784741522,,0
COL,Colombia,EG.IMP.CONS.ZS,"Energy imports, net (% of energy use)",1992,-80.8628660916722,,0
COL,Colombia,EG.IMP.CONS.ZS,"Energy imports, net (% of energy use)",1991,-92.3299348557869,,0
COL,Colombia,EG.IMP.CONS.ZS,"Energy imports, net (% of energy use)",1990,-89.2748559441356,,0
COD,"Congo, Dem. Rep.",EG.IMP.CONS.ZS,"Energy imports, net (% of energy use)",2022,1.59626553466334,,0
COD,"Congo, Dem. Rep.",EG.IMP.CONS.ZS,"Energy imports, net (% of energy use)",2021,0.455952137864081,,0
COD,"Congo, Dem. Rep.",EG.IMP.CONS.ZS,"Energy imports, net (% of energy use)",2020,0.472145741894121,,0
COD,"Congo, Dem. Rep.",EG.IMP.CONS.ZS,"Energy imports, net (% of energy use)",2019,0.613652441820541,,0
COD,"Congo, Dem. Rep.",EG.IMP.CONS.ZS,"Energy imports, net (% of energy use)",2018,0.182444854735028,,0
COD,"Congo, Dem. Rep.",EG.IMP.CONS.ZS,"Energy imports, net (% of energy use)",2017,-0.327630695896901,,0
COD,"Congo, Dem. Rep.",EG.IMP.CONS.ZS,"Energy imports, net (% of energy use)",2016,-0.520957690415576,,0
COD,"Congo, Dem. Rep.",EG.IMP.CONS.ZS,"Energy imports, net (% of energy use)",2015,-0.0069052825411406,,0
COD,"Congo, Dem. Rep.",EG.IMP.CONS.ZS,"Energy imports, net (% of energy use)",2014,0.437925389923963,,0
COD,"Congo, Dem. Rep.",EG.IMP.CONS.ZS,"Energy imports, net (% of energy use)",2013,-0.363070173582441,,0
COD,"Congo, Dem. Rep.",EG.IMP.CONS.ZS,"Energy imports, net (% of energy use)",2012,-0.985375313146999,,0
COD,"Congo, Dem. Rep.",EG.IMP.CONS.ZS,"Energy imports, net (% of energy use)",2011,-1.47747184121823,,0
COD,"Congo, Dem. Rep.",EG.IMP.CONS.ZS,"Energy imports, net (% of energy use)",2010,-2.18327434649638,,0
COD,"Congo, Dem. Rep.",EG.IMP.CONS.ZS,"Energy imports, net (% of energy use)",2009,-3.47526600686076,,0
COD,"Congo, Dem. Rep.",EG.IMP.CONS.ZS,"Energy imports, net (% of energy use)",2008,-3.3948330004688,,0
COD,"Congo, Dem. Rep.",EG.IMP.CONS.ZS,"Energy imports, net (% of energy use)",2007,-3.69155941016026,,0
COD,"Congo, Dem. Rep.",EG.IMP.CONS.ZS,"Energy imports, net (% of energy use)",2006,-4.11279791730509,,0
COD,"Congo, Dem. Rep.",EG.IMP.CONS.ZS,"Energy imports, net (% of energy use)",2005,-4.96245599808593,,0
COD,"Congo, Dem. Rep.",EG.IMP.CONS.ZS,"Energy imports, net (% of energy use)",2004,-6.53248682162236,,0
COD,"Congo, Dem. Rep.",EG.IMP.CONS.ZS,"Energy imports, net (% of energy use)",2003,-6.3433719369981,,0
COD,"Congo, Dem. Rep.",EG.IMP.CONS.ZS,"Energy imports, net (% of energy use)",2002,-6.30889098314726,,0
COD,"Congo, Dem. Rep.",EG.IMP.CONS.ZS,"Energy imports, net (% of energy use)",2001,-7.02604904777018,,0
COD,"Congo, Dem. Rep.",EG.IMP.CONS.ZS,"Energy imports, net (% of energy use)",2000,-6.76279475502623,,0
COD,"Congo, Dem. Rep.",EG.IMP.CONS.ZS,"Energy imports, net (% of energy use)",1999,-5.87625778423427,,0
COD,"Congo, Dem. Rep.",EG.IMP.CONS.ZS,"Energy imports, net (% of energy use)",1998,-4.5945428153743,,0
COD,"Congo, Dem. Rep.",EG.IMP.CONS.ZS,"Energy imports, net (% of energy use)",1997,-5.06121626209469,,0
COD,"Congo, Dem. Rep.",EG.IMP.CONS.ZS,"Energy imports, net (% of energy use)",1996,-5.31987440734843,,0
COD,"Congo, Dem. Rep.",EG.IMP.CONS.ZS,"Energy imports, net (% of energy use)",1995,-5.35499666975506,,0
COD,"Congo, Dem. Rep.",EG.IMP.CONS.ZS,"Energy imports, net (% of energy use)",1994,-5.0919640987053,,0
COD,"Congo, Dem. Rep.",EG.IMP.CONS.ZS,"Energy imports, net (% of energy use)",1993,-1.74764197766347,,0
COD,"Congo, Dem. Rep.",EG.IMP.CONS.ZS,"Energy imports, net (% of energy use)",1992,-1.76554906133857,,0
COD,"Congo, Dem. Rep.",EG.IMP.CONS.ZS,"Energy imports, net (% of energy use)",1991,-1.66117456787628,,0
COD,"Congo, Dem. Rep.",EG.IMP.CONS.ZS,"Energy imports, net (% of energy use)",1990,-0.754581023339771,,0
COG,"Congo, Rep.",EG.IMP.CONS.ZS,"Energy imports, net (% of energy use)",2022,-347.419865428152,,0
COG,"Congo, Rep.",EG.IMP.CONS.ZS,"Energy imports, net (% of energy use)",2021,-391.393115043273,,0
COG,"Congo, Rep.",EG.IMP.CONS.ZS,"Energy imports, net (% of energy use)",2020,-452.508491367111,,0
COG,"Congo, Rep.",EG.IMP.CONS.ZS,"Energy imports, net (% of energy use)",2019,-511.229927007298,,0
COG,"Congo, Rep.",EG.IMP.CONS.ZS,"Energy imports, net (% of energy use)",2018,-548.500698175277,,0
COG,"Congo, Rep.",EG.IMP.CONS.ZS,"Energy imports, net (% of energy use)",2017,-463.76083273604,,0
COG,"Congo, Rep.",EG.IMP.CONS.ZS,"Energy imports, net (% of energy use)",2016,-395.355108891369,,0
COG,"Congo, Rep.",EG.IMP.CONS.ZS,"Energy imports, net (% of energy use)",2015,-420.174404302424,,0
COG,"Congo, Rep.",EG.IMP.CONS.ZS,"Energy imports, net (% of energy use)",2014,-459.95643834143,,0
COG,"Congo, Rep.",EG.IMP.CONS.ZS,"Energy imports, net (% of energy use)",2013,-453.849704415133,,0
COG,"Congo, Rep.",EG.IMP.CONS.ZS,"Energy imports, net (% of energy use)",2012,-537.706371501366,,0
COG,"Congo, Rep.",EG.IMP.CONS.ZS,"Energy imports, net (% of energy use)",2011,-632.162691406374,,0
COG,"Congo, Rep.",EG.IMP.CONS.ZS,"Energy imports, net (% of energy use)",2010,-934.279525763795,,0
COG,"Congo, Rep.",EG.IMP.CONS.ZS,"Energy imports, net (% of energy use)",2009,-922.442643817331,,0
COG,"Congo, Rep.",EG.IMP.CONS.ZS,"Energy imports, net (% of energy use)",2008,-875.817051352451,,0
COG,"Congo, Rep.",EG.IMP.CONS.ZS,"Energy imports, net (% of energy use)",2007,-892.291058082633,,0
COG,"Congo, Rep.",EG.IMP.CONS.ZS,"Energy imports, net (% of energy use)",2006,-998.366975875013,,0
COG,"Congo, Rep.",EG.IMP.CONS.ZS,"Energy imports, net (% of energy use)",2005,-1152.23128862692,,0
COG,"Congo, Rep.",EG.IMP.CONS.ZS,"Energy imports, net (% of energy use)",2004,-1135.59947049924,,0
COG,"Congo, Rep.",EG.IMP.CONS.ZS,"Energy imports, net (% of energy use)",2003,-1166.24756999671,,0
COG,"Congo, Rep.",EG.IMP.CONS.ZS,"Energy imports, net (% of energy use)",2002,-1524.66108512349,,0
COG,"Congo, Rep.",EG.IMP.CONS.ZS,"Energy imports, net (% of energy use)",2001,-1590.59903410625,,0
COG,"Congo, Rep.",EG.IMP.CONS.ZS,"Energy imports, net (% of energy use)",2000,-1931.32934775307,,0
COG,"Congo, Rep.",EG.IMP.CONS.ZS,"Energy imports, net (% of energy use)",1999,-1939.34524803742,,0
COG,"Congo, Rep.",EG.IMP.CONS.ZS,"Energy imports, net (% of energy use)",1998,-1777.65061825835,,0
COG,"Congo, Rep.",EG.IMP.CONS.ZS,"Energy imports, net (% of energy use)",1997,-1633.87643593035,,0
COG,"Congo, Rep.",EG.IMP.CONS.ZS,"Energy imports, net (% of energy use)",1996,-1364.98992062492,,0
COG,"Congo, Rep.",EG.IMP.CONS.ZS,"Energy imports, net (% of energy use)",1995,-1148.27698791962,,0
COG,"Congo, Rep.",EG.IMP.CONS.ZS,"Energy imports, net (% of energy use)",1994,-1251.64187197126,,0
COG,"Congo, Rep.",EG.IMP.CONS.ZS,"Energy imports, net (% of energy use)",1993,-1153.39763261727,,0
COG,"Congo, Rep.",EG.IMP.CONS.ZS,"Energy imports, net (% of energy use)",1992,-1056.06564126695,,0
COG,"Congo, Rep.",EG.IMP.CONS.ZS,"Energy imports, net (% of energy use)",1991,-944.828588030215,,0
COG,"Congo, Rep.",EG.IMP.CONS.ZS,"Energy imports, net (% of energy use)",1990,-1002.1234642803,,0
CRI,Costa Rica,EG.IMP.CONS.ZS,"Energy imports, net (% of energy use)",2023,60.4214772696159,,0
CRI,Costa Rica,EG.IMP.CONS.ZS,"Energy imports, net (% of energy use)",2022,53.0802332296344,,0
CRI,Costa Rica,EG.IMP.CONS.ZS,"Energy imports, net (% of energy use)",2021,53.3836972481409,,0
CRI,Costa Rica,EG.IMP.CONS.ZS,"Energy imports, net (% of energy use)",2020,46.8206156292026,,0
CRI,Costa Rica,EG.IMP.CONS.ZS,"Energy imports, net (% of energy use)",2019,57.9638106650688,,0
CRI,Costa Rica,EG.IMP.CONS.ZS,"Energy imports, net (% of energy use)",2018,58.3669186196827,,0
CRI,Costa Rica,EG.IMP.CONS.ZS,"Energy imports, net (% of energy use)",2017,60.5187406296853,,0
CRI,Costa Rica,EG.IMP.CONS.ZS,"Energy imports, net (% of energy use)",2016,56.1061929551092,,0
CRI,Costa Rica,EG.IMP.CONS.ZS,"Energy imports, net (% of energy use)",2015,50.8986034627929,,0
CRI,Costa Rica,EG.IMP.CONS.ZS,"Energy imports, net (% of energy use)",2014,52.250373139599,,0
CRI,Costa Rica,EG.IMP.CONS.ZS,"Energy imports, net (% of energy use)",2013,51.0414477078597,,0
CRI,Costa Rica,EG.IMP.CONS.ZS,"Energy imports, net (% of energy use)",2012,50.2921239753016,,0
CRI,Costa Rica,EG.IMP.CONS.ZS,"Energy imports, net (% of energy use)",2011,54.3483819791988,,0
CRI,Costa Rica,EG.IMP.CONS.ZS,"Energy imports, net (% of energy use)",2010,53.2435695538058,,0
CRI,Costa Rica,EG.IMP.CONS.ZS,"Energy imports, net (% of energy use)",2009,51.8884763483632,,0
CRI,Costa Rica,EG.IMP.CONS.ZS,"Energy imports, net (% of energy use)",2008,57.2668854983053,,0
CRI,Costa Rica,EG.IMP.CONS.ZS,"Energy imports, net (% of energy use)",2007,56.272567056396,,0
CRI,Costa Rica,EG.IMP.CONS.ZS,"Energy imports, net (% of energy use)",2006,54.4819722720156,,0
CRI,Costa Rica,EG.IMP.CONS.ZS,"Energy imports, net (% of energy use)",2005,54.9568327577702,,0
CRI,Costa Rica,EG.IMP.CONS.ZS,"Energy imports, net (% of energy use)",2004,52.0361711839526,,0
CRI,Costa Rica,EG.IMP.CONS.ZS,"Energy imports, net (% of energy use)",2003,62.669800889006,,0
CRI,Costa Rica,EG.IMP.CONS.ZS,"Energy imports, net (% of energy use)",2002,64.2444906705039,,0
CRI,Costa Rica,EG.IMP.CONS.ZS,"Energy imports, net (% of energy use)",2001,65.25215810995,,0
CRI,Costa Rica,EG.IMP.CONS.ZS,"Energy imports, net (% of energy use)",2000,61.4181343661949,,0
CRI,Costa Rica,EG.IMP.CONS.ZS,"Energy imports, net (% of energy use)",1999,71.2334865802912,,0
CRI,Costa Rica,EG.IMP.CONS.ZS,"Energy imports, net (% of energy use)",1998,72.5382734850913,,0
CRI,Costa Rica,EG.IMP.CONS.ZS,"Energy imports, net (% of energy use)",1997,64.9592572669497,,0
CRI,Costa Rica,EG.IMP.CONS.ZS,"Energy imports, net (% of energy use)",1996,66.807883959733,,0
CRI,Costa Rica,EG.IMP.CONS.ZS,"Energy imports, net (% of energy use)",1995,69.9791303643069,,0
CRI,Costa Rica,EG.IMP.CONS.ZS,"Energy imports, net (% of energy use)",1994,66.8854865554995,,0
CRI,Costa Rica,EG.IMP.CONS.ZS,"Energy imports, net (% of energy use)",1993,63.8561825218984,,0
CRI,Costa Rica,EG.IMP.CONS.ZS,"Energy imports, net (% of energy use)",1992,62.7204606158866,,0
CRI,Costa Rica,EG.IMP.CONS.ZS,"Energy imports, net (% of energy use)",1991,60.4469198765266,,0
CRI,Costa Rica,EG.IMP.CONS.ZS,"Energy imports, net (% of energy use)",1990,62.0013387834162,,0
CIV,Cote d'Ivoire,EG.IMP.CONS.ZS,"Energy imports, net (% of energy use)",2022,14.3786092266282,,0
CIV,Cote d'Ivoire,EG.IMP.CONS.ZS,"Energy imports, net (% of energy use)",2021,13.2300673339274,,0
CIV,Cote d'Ivoire,EG.IMP.CONS.ZS,"Energy imports, net (% of energy use)",2020,8.14378558490739,,0
CIV,Cote d'Ivoire,EG.IMP.CONS.ZS,"Energy imports, net (% of energy use)",2019,4.60104644318652,,0
CIV,Cote d'Ivoire,EG.IMP.CONS.ZS,"Energy imports, net (% of energy use)",2018,7.79211013980921,,0
CIV,Cote d'Ivoire,EG.IMP.CONS.ZS,"Energy imports, net (% of energy use)",2017,3.01472428938805,,0
CIV,Cote d'Ivoire,EG.IMP.CONS.ZS,"Energy imports, net (% of energy use)",2016,5.10007743388786,,0
CIV,Cote d'Ivoire,EG.IMP.CONS.ZS,"Energy imports, net (% of energy use)",2015,3.20789590418457,,0
CIV,Cote d'Ivoire,EG.IMP.CONS.ZS,"Energy imports, net (% of energy use)",2014,7.71742363370812,,0
CIV,Cote d'Ivoire,EG.IMP.CONS.ZS,"Energy imports, net (% of energy use)",2013,6.06606593180593,,0
CIV,Cote d'Ivoire,EG.IMP.CONS.ZS,"Energy imports, net (% of energy use)",2012,1.62962792464111,,0
CIV,Cote d'Ivoire,EG.IMP.CONS.ZS,"Energy imports, net (% of energy use)",2011,-6.36443400079664,,0
CIV,Cote d'Ivoire,EG.IMP.CONS.ZS,"Energy imports, net (% of energy use)",2010,-10.2835483342577,,0
CIV,Cote d'Ivoire,EG.IMP.CONS.ZS,"Energy imports, net (% of energy use)",2009,-15.8652585041117,,0
CIV,Cote d'Ivoire,EG.IMP.CONS.ZS,"Energy imports, net (% of energy use)",2008,-13.4841136850557,,0
CIV,Cote d'Ivoire,EG.IMP.CONS.ZS,"Energy imports, net (% of energy use)",2007,-12.8216856786979,,0
CIV,Cote d'Ivoire,EG.IMP.CONS.ZS,"Energy imports, net (% of energy use)",2006,-24.056513264863,,0
CIV,Cote d'Ivoire,EG.IMP.CONS.ZS,"Energy imports, net (% of energy use)",2005,-7.29262097885424,,0
CIV,Cote d'Ivoire,EG.IMP.CONS.ZS,"Energy imports, net (% of energy use)",2004,-1.7069851052902,,0
CIV,Cote d'Ivoire,EG.IMP.CONS.ZS,"Energy imports, net (% of energy use)",2003,-0.00796210040207579,,0
CIV,Cote d'Ivoire,EG.IMP.CONS.ZS,"Energy imports, net (% of energy use)",2002,9.24325470955743,,0
CIV,Cote d'Ivoire,EG.IMP.CONS.ZS,"Energy imports, net (% of energy use)",2001,11.5900954108444,,0
CIV,Cote d'Ivoire,EG.IMP.CONS.ZS,"Energy imports, net (% of energy use)",2000,14.6003397472646,,0
CIV,Cote d'Ivoire,EG.IMP.CONS.ZS,"Energy imports, net (% of energy use)",1999,17.0767442176686,,0
CIV,Cote d'Ivoire,EG.IMP.CONS.ZS,"Energy imports, net (% of energy use)",1998,11.3439332714576,,0
CIV,Cote d'Ivoire,EG.IMP.CONS.ZS,"Energy imports, net (% of energy use)",1997,11.0500654926502,,0
CIV,Cote d'Ivoire,EG.IMP.CONS.ZS,"Energy imports, net (% of energy use)",1996,14.080341231602,,0
CIV,Cote d'Ivoire,EG.IMP.CONS.ZS,"Energy imports, net (% of energy use)",1995,20.8924310173066,,0
CIV,Cote d'Ivoire,EG.IMP.CONS.ZS,"Energy imports, net (% of energy use)",1994,25.4206539351049,,0
CIV,Cote d'Ivoire,EG.IMP.CONS.ZS,"Energy imports, net (% of energy use)",1993,25.6344397299995,,0
CIV,Cote d'Ivoire,EG.IMP.CONS.ZS,"Energy imports, net (% of energy use)",1992,26.1868255142378,,0
CIV,Cote d'Ivoire,EG.IMP.CONS.ZS,"Energy imports, net (% of energy use)",1991,26.5907658114909,,0
CIV,Cote d'Ivoire,EG.IMP.CONS.ZS,"Energy imports, net (% of energy use)",1990,25.0790073923438,,0
HRV,Croatia,EG.IMP.CONS.ZS,"Energy imports, net (% of energy use)",2023,57.2910760073134,,0
HRV,Croatia,EG.IMP.CONS.ZS,"Energy imports, net (% of energy use)",2022,61.8955356886193,,0
HRV,Croatia,EG.IMP.CONS.ZS,"Energy imports, net (% of energy use)",2021,55.4306594938788,,0
HRV,Croatia,EG.IMP.CONS.ZS,"Energy imports, net (% of energy use)",2020,54.1708461132596,,0
HRV,Croatia,EG.IMP.CONS.ZS,"Energy imports, net (% of energy use)",2019,57.7962682102159,,0
HRV,Croatia,EG.IMP.CONS.ZS,"Energy imports, net (% of energy use)",2018,54.123044016661,,0
HRV,Croatia,EG.IMP.CONS.ZS,"Energy imports, net (% of energy use)",2017,54.2575633620537,,0
HRV,Croatia,EG.IMP.CONS.ZS,"Energy imports, net (% of energy use)",2016,49.3076562084777,,0
HRV,Croatia,EG.IMP.CONS.ZS,"Energy imports, net (% of energy use)",2015,49.6289245080827,,0
HRV,Croatia,EG.IMP.CONS.ZS,"Energy imports, net (% of energy use)",2014,45.0191091902704,,0
HRV,Croatia,EG.IMP.CONS.ZS,"Energy imports, net (% of energy use)",2013,48.2824389621799,,0
HRV,Croatia,EG.IMP.CONS.ZS,"Energy imports, net (% of energy use)",2012,50.6392896781353,,0
HRV,Croatia,EG.IMP.CONS.ZS,"Energy imports, net (% of energy use)",2011,50.4585766761611,,0
HRV,Croatia,EG.IMP.CONS.ZS,"Energy imports, net (% of energy use)",2010,47.3492062278039,,0
HRV,Croatia,EG.IMP.CONS.ZS,"Energy imports, net (% of energy use)",2009,46.6350239968122,,0
HRV,Croatia,EG.IMP.CONS.ZS,"Energy imports, net (% of energy use)",2008,55.5362390827435,,0
HRV,Croatia,EG.IMP.CONS.ZS,"Energy imports, net (% of energy use)",2007,52.4772984503389,,0
HRV,Croatia,EG.IMP.CONS.ZS,"Energy imports, net (% of energy use)",2006,49.7797139609822,,0
HRV,Croatia,EG.IMP.CONS.ZS,"Energy imports, net (% of energy use)",2005,53.2563583992156,,0
HRV,Croatia,EG.IMP.CONS.ZS,"Energy imports, net (% of energy use)",2004,52.4360059760957,,0
HRV,Croatia,EG.IMP.CONS.ZS,"Energy imports, net (% of energy use)",2003,51.1697384177598,,0
HRV,Croatia,EG.IMP.CONS.ZS,"Energy imports, net (% of energy use)",2002,54.9870799655465,,0
HRV,Croatia,EG.IMP.CONS.ZS,"Energy imports, net (% of energy use)",2001,47.1178698082587,,0
HRV,Croatia,EG.IMP.CONS.ZS,"Energy imports, net (% of energy use)",2000,48.8903905779736,,0
HRV,Croatia,EG.IMP.CONS.ZS,"Energy imports, net (% of energy use)",1999,49.5476617105964,,0
HRV,Croatia,EG.IMP.CONS.ZS,"Energy imports, net (% of energy use)",1998,46.6450480047581,,0
HRV,Croatia,EG.IMP.CONS.ZS,"Energy imports, net (% of energy use)",1997,43.8510409873646,,0
HRV,Croatia,EG.IMP.CONS.ZS,"Energy imports, net (% of energy use)",1996,41.468945656356,,0
HRV,Croatia,EG.IMP.CONS.ZS,"Energy imports, net (% of energy use)",1995,35.9859777665489,,0
HRV,Croatia,EG.IMP.CONS.ZS,"Energy imports, net (% of energy use)",1994,37.5988118154014,,0
HRV,Croatia,EG.IMP.CONS.ZS,"Energy imports, net (% of energy use)",1993,34.0336813934242,,0
HRV,Croatia,EG.IMP.CONS.ZS,"Energy imports, net (% of energy use)",1992,36.1359518571245,,0
HRV,Croatia,EG.IMP.CONS.ZS,"Energy imports, net (% of energy use)",1991,30.9033261758146,,0
HRV,Croatia,EG.IMP.CONS.ZS,"Energy imports, net (% of energy use)",1990,40.9558740121754,,0
CUB,Cuba,EG.IMP.CONS.ZS,"Energy imports, net (% of energy use)",2022,62.8133332274217,,0
CUB,Cuba,EG.IMP.CONS.ZS,"Energy imports, net (% of energy use)",2021,58.1384804373844,,0
CUB,Cuba,EG.IMP.CONS.ZS,"Energy imports, net (% of energy use)",2020,53.5937707140517,,0
CUB,Cuba,EG.IMP.CONS.ZS,"Energy imports, net (% of energy use)",2019,52.8136246185072,,0
CUB,Cuba,EG.IMP.CONS.ZS,"Energy imports, net (% of energy use)",2018,50.3939463536692,,0
CUB,Cuba,EG.IMP.CONS.ZS,"Energy imports, net (% of energy use)",2017,55.238831093573,,0
CUB,Cuba,EG.IMP.CONS.ZS,"Energy imports, net (% of energy use)",2016,58.75061809063,,0
CUB,Cuba,EG.IMP.CONS.ZS,"Energy imports, net (% of energy use)",2015,54.8396250733803,,0
CUB,Cuba,EG.IMP.CONS.ZS,"Energy imports, net (% of energy use)",2014,54.1860434275207,,0
CUB,Cuba,EG.IMP.CONS.ZS,"Energy imports, net (% of energy use)",2013,56.9958958850848,,0
CUB,Cuba,EG.IMP.CONS.ZS,"Energy imports, net (% of energy use)",2012,58.1701021022561,,0
CUB,Cuba,EG.IMP.CONS.ZS,"Energy imports, net (% of energy use)",2011,57.4103613439155,,0
CUB,Cuba,EG.IMP.CONS.ZS,"Energy imports, net (% of energy use)",2010,61.5043321841438,,0
CUB,Cuba,EG.IMP.CONS.ZS,"Energy imports, net (% of energy use)",2009,55.537393943701,,0
CUB,Cuba,EG.IMP.CONS.ZS,"Energy imports, net (% of energy use)",2008,51.2446140095779,,0
CUB,Cuba,EG.IMP.CONS.ZS,"Energy imports, net (% of energy use)",2007,47.9184720113528,,0
CUB,Cuba,EG.IMP.CONS.ZS,"Energy imports, net (% of energy use)",2006,49.7923691454491,,0
CUW,Curacao,EG.IMP.CONS.ZS,"Energy imports, net (% of energy use)",2018,236.119002525253,,0
CUW,Curacao,EG.IMP.CONS.ZS,"Energy imports, net (% of energy use)",2017,223.771251931993,,0
CUW,Curacao,EG.IMP.CONS.ZS,"Energy imports, net (% of energy use)",2016,204.731023121456,,0
CUW,Curacao,EG.IMP.CONS.ZS,"Energy imports, net (% of energy use)",2015,190.393313275816,,0
CUW,Curacao,EG.IMP.CONS.ZS,"Energy imports, net (% of energy use)",2014,192.121510471152,,0
CUW,Curacao,EG.IMP.CONS.ZS,"Energy imports, net (% of energy use)",2013,203.850448972148,,0
CUW,Curacao,EG.IMP.CONS.ZS,"Energy imports, net (% of energy use)",2012,199.02366481314,,0
CUW,Curacao,EG.IMP.CONS.ZS,"Energy imports, net (% of energy use)",2011,201.886313465784,,0
CUW,Curacao,EG.IMP.CONS.ZS,"Energy imports, net (% of energy use)",2010,210.138498160571,,0
CUW,Curacao,EG.IMP.CONS.ZS,"Energy imports, net (% of energy use)",2009,196.991875946657,,0
CUW,Curacao,EG.IMP.CONS.ZS,"Energy imports, net (% of energy use)",2008,201.400612699184,,0
CUW,Curacao,EG.IMP.CONS.ZS,"Energy imports, net (% of energy use)",2007,194.839518397186,,0
CUW,Curacao,EG.IMP.CONS.ZS,"Energy imports, net (% of energy use)",2006,204.846387878066,,0
CUW,Curacao,EG.IMP.CONS.ZS,"Energy imports, net (% of energy use)",2005,200.96229081269,,0
CUW,Curacao,EG.IMP.CONS.ZS,"Energy imports, net (% of energy use)",2004,195.847430185688,,0
CUW,Curacao,EG.IMP.CONS.ZS,"Energy imports, net (% of energy use)",2003,200.505844796018,,0
CUW,Curacao,EG.IMP.CONS.ZS,"Energy imports, net (% of energy use)",2002,195.5414511832,,0
CUW,Curacao,EG.IMP.CONS.ZS,"Energy imports, net (% of energy use)",2001,193.548245131476,,0
CUW,Curacao,EG.IMP.CONS.ZS,"Energy imports, net (% of energy use)",2000,197.303854875284,,0
CUW,Curacao,EG.IMP.CONS.ZS,"Energy imports, net (% of energy use)",1999,196.144704648723,,0
CUW,Curacao,EG.IMP.CONS.ZS,"Energy imports, net (% of energy use)",1998,169.186495402541,,0
CUW,Curacao,EG.IMP.CONS.ZS,"Energy imports, net (% of energy use)",1997,176.283198295104,,0
CUW,Curacao,EG.IMP.CONS.ZS,"Energy imports, net (% of energy use)",1996,237.606656045313,,0
CUW,Curacao,EG.IMP.CONS.ZS,"Energy imports, net (% of energy use)",1995,240.64476266628,,0
CUW,Curacao,EG.IMP.CONS.ZS,"Energy imports, net (% of energy use)",1994,241.352790014682,,0
CUW,Curacao,EG.IMP.CONS.ZS,"Energy imports, net (% of energy use)",1993,247.70628481699,,0
CUW,Curacao,EG.IMP.CONS.ZS,"Energy imports, net (% of energy use)",1992,247.420823060875,,0
CUW,Curacao,EG.IMP.CONS.ZS,"Energy imports, net (% of energy use)",1991,201.403774081136,,0
CUW,Curacao,EG.IMP.CONS.ZS,"Energy imports, net (% of energy use)",1990,215.075582633191,,0
CYP,Cyprus,EG.IMP.CONS.ZS,"Energy imports, net (% of energy use)",2022,117.037858353679,,0
CYP,Cyprus,EG.IMP.CONS.ZS,"Energy imports, net (% of energy use)",2021,108.443148307344,,0
CYP,Cyprus,EG.IMP.CONS.ZS,"Energy imports, net (% of energy use)",2016,120.81703321389,,0
CYP,Cyprus,EG.IMP.CONS.ZS,"Energy imports, net (% of energy use)",2015,120.800980792808,,0
CYP,Cyprus,EG.IMP.CONS.ZS,"Energy imports, net (% of energy use)",1996,116.39848288202,,0
CZE,Czechia,EG.IMP.CONS.ZS,"Energy imports, net (% of energy use)",2023,41.9751454505475,,0
CZE,Czechia,EG.IMP.CONS.ZS,"Energy imports, net (% of energy use)",2022,42.0233637396692,,0
CZE,Czechia,EG.IMP.CONS.ZS,"Energy imports, net (% of energy use)",2021,40.026140655108,,0
CZE,Czechia,EG.IMP.CONS.ZS,"Energy imports, net (% of energy use)",2020,38.7849705147801,,0
CZE,Czechia,EG.IMP.CONS.ZS,"Energy imports, net (% of energy use)",2019,41.0173002215024,,0
CZE,Czechia,EG.IMP.CONS.ZS,"Energy imports, net (% of energy use)",2018,37.0866596456497,,0
CZE,Czechia,EG.IMP.CONS.ZS,"Energy imports, net (% of energy use)",2017,37.2880141258682,,0
CZE,Czechia,EG.IMP.CONS.ZS,"Energy imports, net (% of energy use)",2016,32.8779327240992,,0
CZE,Czechia,EG.IMP.CONS.ZS,"Energy imports, net (% of energy use)",2015,32.1172947810533,,0
CZE,Czechia,EG.IMP.CONS.ZS,"Energy imports, net (% of energy use)",2014,30.2869253490595,,0
CZE,Czechia,EG.IMP.CONS.ZS,"Energy imports, net (% of energy use)",2013,27.7105784033429,,0
CZE,Czechia,EG.IMP.CONS.ZS,"Energy imports, net (% of energy use)",2012,25.4295760668279,,0
CZE,Czechia,EG.IMP.CONS.ZS,"Energy imports, net (% of energy use)",2011,28.8847208274286,,0
CZE,Czechia,EG.IMP.CONS.ZS,"Energy imports, net (% of energy use)",2010,25.5549110554583,,0
CZE,Czechia,EG.IMP.CONS.ZS,"Energy imports, net (% of energy use)",2009,27.0007812495618,,0
CZE,Czechia,EG.IMP.CONS.ZS,"Energy imports, net (% of energy use)",2008,27.9306353868618,,0
CZE,Czechia,EG.IMP.CONS.ZS,"Energy imports, net (% of energy use)",2007,25.13008634507,,0
CZE,Czechia,EG.IMP.CONS.ZS,"Energy imports, net (% of energy use)",2006,27.666133997312,,0
CZE,Czechia,EG.IMP.CONS.ZS,"Energy imports, net (% of energy use)",2005,28.103739589013,,0
CZE,Czechia,EG.IMP.CONS.ZS,"Energy imports, net (% of energy use)",2004,25.5575034038039,,0
CZE,Czechia,EG.IMP.CONS.ZS,"Energy imports, net (% of energy use)",2003,25.0623374140375,,0
CZE,Czechia,EG.IMP.CONS.ZS,"Energy imports, net (% of energy use)",2002,26.3359451048518,,0
CZE,Czechia,EG.IMP.CONS.ZS,"Energy imports, net (% of energy use)",2001,25.1360999125507,,0
CZE,Czechia,EG.IMP.CONS.ZS,"Energy imports, net (% of energy use)",2000,22.7798633013614,,0
CZE,Czechia,EG.IMP.CONS.ZS,"Energy imports, net (% of energy use)",1999,25.0817365090553,,0
CZE,Czechia,EG.IMP.CONS.ZS,"Energy imports, net (% of energy use)",1998,25.1143630942899,,0
CZE,Czechia,EG.IMP.CONS.ZS,"Energy imports, net (% of energy use)",1997,24.1063573249354,,0
CZE,Czechia,EG.IMP.CONS.ZS,"Energy imports, net (% of energy use)",1996,24.2265581741658,,0
CZE,Czechia,EG.IMP.CONS.ZS,"Energy imports, net (% of energy use)",1995,20.5512171400785,,0
CZE,Czechia,EG.IMP.CONS.ZS,"Energy imports, net (% of energy use)",1994,18.7539676604153,,0
CZE,Czechia,EG.IMP.CONS.ZS,"Energy imports, net (% of energy use)",1993,15.9163679354069,,0
CZE,Czechia,EG.IMP.CONS.ZS,"Energy imports, net (% of energy use)",1992,15.7925529895947,,0
CZE,Czechia,EG.IMP.CONS.ZS,"Energy imports, net (% of energy use)",1991,15.7107239822112,,0
CZE,Czechia,EG.IMP.CONS.ZS,"Energy imports, net (% of energy use)",1990,15.2864455070856,,0
DNK,Denmark,EG.IMP.CONS.ZS,"Energy imports, net (% of energy use)",2023,43.7871947382637,,0
DNK,Denmark,EG.IMP.CONS.ZS,"Energy imports, net (% of energy use)",2022,47.3957198205642,,0
DNK,Denmark,EG.IMP.CONS.ZS,"Energy imports, net (% of energy use)",2021,34.8307557544227,,0
DNK,Denmark,EG.IMP.CONS.ZS,"Energy imports, net (% of energy use)",2020,48.3343480908062,,0
DNK,Denmark,EG.IMP.CONS.ZS,"Energy imports, net (% of energy use)",2019,43.7676171746969,,0
DNK,Denmark,EG.IMP.CONS.ZS,"Energy imports, net (% of energy use)",2018,25.164626991502,,0
DNK,Denmark,EG.IMP.CONS.ZS,"Energy imports, net (% of energy use)",2017,12.4713219097749,,0
DNK,Denmark,EG.IMP.CONS.ZS,"Energy imports, net (% of energy use)",2016,14.9737425486097,,0
DNK,Denmark,EG.IMP.CONS.ZS,"Energy imports, net (% of energy use)",2015,14.4191495891963,,0
DNK,Denmark,EG.IMP.CONS.ZS,"Energy imports, net (% of energy use)",2014,13.4603915162663,,0
DNK,Denmark,EG.IMP.CONS.ZS,"Energy imports, net (% of energy use)",2013,13.3346426580765,,0
DNK,Denmark,EG.IMP.CONS.ZS,"Energy imports, net (% of energy use)",2012,-3.47302558398239,,0
DNK,Denmark,EG.IMP.CONS.ZS,"Energy imports, net (% of energy use)",2011,-6.93017735083453,,0
DNK,Denmark,EG.IMP.CONS.ZS,"Energy imports, net (% of energy use)",2010,-17.6326513531906,,0
DNK,Denmark,EG.IMP.CONS.ZS,"Energy imports, net (% of energy use)",2009,-20.2421472708549,,0
DNK,Denmark,EG.IMP.CONS.ZS,"Energy imports, net (% of energy use)",2008,-23.2651146163815,,0
DNK,Denmark,EG.IMP.CONS.ZS,"Energy imports, net (% of energy use)",2007,-26.7532599087598,,0
DNK,Denmark,EG.IMP.CONS.ZS,"Energy imports, net (% of energy use)",2006,-38.9578084863558,,0
DNK,Denmark,EG.IMP.CONS.ZS,"Energy imports, net (% of energy use)",2005,-55.2166109956661,,0
DNK,Denmark,EG.IMP.CONS.ZS,"Energy imports, net (% of energy use)",2004,-51.115235015469,,0
DNK,Denmark,EG.IMP.CONS.ZS,"Energy imports, net (% of energy use)",2003,-34.23857126224,,0
DNK,Denmark,EG.IMP.CONS.ZS,"Energy imports, net (% of energy use)",2002,-45.9649343225266,,0
DNK,Denmark,EG.IMP.CONS.ZS,"Energy imports, net (% of energy use)",2001,-31.5201059825194,,0
DNK,Denmark,EG.IMP.CONS.ZS,"Energy imports, net (% of energy use)",2000,-40.0504559356197,,0
DNK,Denmark,EG.IMP.CONS.ZS,"Energy imports, net (% of energy use)",1999,-18.7622033830766,,0
DNK,Denmark,EG.IMP.CONS.ZS,"Energy imports, net (% of energy use)",1998,6.17029375930037,,0
DNK,Denmark,EG.IMP.CONS.ZS,"Energy imports, net (% of energy use)",1997,17.4027779082108,,0
DNK,Denmark,EG.IMP.CONS.ZS,"Energy imports, net (% of energy use)",1996,24.2696174567383,,0
DNK,Denmark,EG.IMP.CONS.ZS,"Energy imports, net (% of energy use)",1995,37.4796573823078,,0
DNK,Denmark,EG.IMP.CONS.ZS,"Energy imports, net (% of energy use)",1994,30.2486649475859,,0
DNK,Denmark,EG.IMP.CONS.ZS,"Energy imports, net (% of energy use)",1993,30.1039813876219,,0
DNK,Denmark,EG.IMP.CONS.ZS,"Energy imports, net (% of energy use)",1992,40.1876319023491,,0
DNK,Denmark,EG.IMP.CONS.ZS,"Energy imports, net (% of energy use)",1991,42.751863172206,,0
DNK,Denmark,EG.IMP.CONS.ZS,"Energy imports, net (% of energy use)",1990,49.8187308683304,,0
DOM,Dominican Republic,EG.IMP.CONS.ZS,"Energy imports, net (% of energy use)",2022,94.4206892076641,,0
DOM,Dominican Republic,EG.IMP.CONS.ZS,"Energy imports, net (% of energy use)",2021,91.2873799725647,,0
DOM,Dominican Republic,EG.IMP.CONS.ZS,"Energy imports, net (% of energy use)",2020,89.586616403506,,0
DOM,Dominican Republic,EG.IMP.CONS.ZS,"Energy imports, net (% of energy use)",2019,93.9406539141648,,0
DOM,Dominican Republic,EG.IMP.CONS.ZS,"Energy imports, net (% of energy use)",2018,93.4202061685888,,0
DOM,Dominican Republic,EG.IMP.CONS.ZS,"Energy imports, net (% of energy use)",2017,93.0408093977049,,0
DOM,Dominican Republic,EG.IMP.CONS.ZS,"Energy imports, net (% of energy use)",2016,94.4244459368703,,0
DOM,Dominican Republic,EG.IMP.CONS.ZS,"Energy imports, net (% of energy use)",2015,95.3565824538657,,0
DOM,Dominican Republic,EG.IMP.CONS.ZS,"Energy imports, net (% of energy use)",2014,93.5653124204434,,0
DOM,Dominican Republic,EG.IMP.CONS.ZS,"Energy imports, net (% of energy use)",2013,93.032547561238,,0
DOM,Dominican Republic,EG.IMP.CONS.ZS,"Energy imports, net (% of energy use)",2012,93.2293243109603,,0
ECU,Ecuador,EG.IMP.CONS.ZS,"Energy imports, net (% of energy use)",2022,-69.401314941725,,0
ECU,Ecuador,EG.IMP.CONS.ZS,"Energy imports, net (% of energy use)",2021,-75.6051497173931,,0
ECU,Ecuador,EG.IMP.CONS.ZS,"Energy imports, net (% of energy use)",2020,-105.898216254064,,0
ECU,Ecuador,EG.IMP.CONS.ZS,"Energy imports, net (% of energy use)",2019,-95.7542318258904,,0
ECU,Ecuador,EG.IMP.CONS.ZS,"Energy imports, net (% of energy use)",2018,-98.7115274634102,,0
ECU,Ecuador,EG.IMP.CONS.ZS,"Energy imports, net (% of energy use)",2017,-104.550857908294,,0
ECU,Ecuador,EG.IMP.CONS.ZS,"Energy imports, net (% of energy use)",2016,-113.629604695548,,0
ECU,Ecuador,EG.IMP.CONS.ZS,"Energy imports, net (% of energy use)",2015,-101.688517111697,,0
ECU,Ecuador,EG.IMP.CONS.ZS,"Energy imports, net (% of energy use)",2014,-98.8186709972977,,0
ECU,Ecuador,EG.IMP.CONS.ZS,"Energy imports, net (% of energy use)",2013,-105.566540428106,,0
ECU,Ecuador,EG.IMP.CONS.ZS,"Energy imports, net (% of energy use)",2012,-108.890534209378,,0
ECU,Ecuador,EG.IMP.CONS.ZS,"Energy imports, net (% of energy use)",2011,-104.74999912581,,0
ECU,Ecuador,EG.IMP.CONS.ZS,"Energy imports, net (% of energy use)",2010,-106.152261533207,,0
ECU,Ecuador,EG.IMP.CONS.ZS,"Energy imports, net (% of energy use)",2009,-118.843782376383,,0
ECU,Ecuador,EG.IMP.CONS.ZS,"Energy imports, net (% of energy use)",2008,-150.583456139824,,0
ECU,Ecuador,EG.IMP.CONS.ZS,"Energy imports, net (% of energy use)",2007,-129.466711600817,,0
ECU,Ecuador,EG.IMP.CONS.ZS,"Energy imports, net (% of energy use)",2006,-153.094018523551,,0
ECU,Ecuador,EG.IMP.CONS.ZS,"Energy imports, net (% of energy use)",2005,-149.129257722832,,0
ECU,Ecuador,EG.IMP.CONS.ZS,"Energy imports, net (% of energy use)",2004,-168.170667953512,,0
ECU,Ecuador,EG.IMP.CONS.ZS,"Energy imports, net (% of energy use)",2003,-123.537760132831,,0
ECU,Ecuador,EG.IMP.CONS.ZS,"Energy imports, net (% of energy use)",2002,-131.047014680555,,0
ECU,Ecuador,EG.IMP.CONS.ZS,"Energy imports, net (% of energy use)",2001,-155.416309250394,,0
ECU,Ecuador,EG.IMP.CONS.ZS,"Energy imports, net (% of energy use)",2000,-169.134794741759,,0
ECU,Ecuador,EG.IMP.CONS.ZS,"Energy imports, net (% of energy use)",1999,-157.399936362709,,0
ECU,Ecuador,EG.IMP.CONS.ZS,"Energy imports, net (% of energy use)",1998,-137.872686366817,,0
ECU,Ecuador,EG.IMP.CONS.ZS,"Energy imports, net (% of energy use)",1997,-144.822791870988,,0
ECU,Ecuador,EG.IMP.CONS.ZS,"Energy imports, net (% of energy use)",1996,-160.391181842802,,0
ECU,Ecuador,EG.IMP.CONS.ZS,"Energy imports, net (% of energy use)",1995,-177.254038045474,,0
ECU,Ecuador,EG.IMP.CONS.ZS,"Energy imports, net (% of energy use)",1994,-200.153162213354,,0
ECU,Ecuador,EG.IMP.CONS.ZS,"Energy imports, net (% of energy use)",1993,-199.702939039744,,0
ECU,Ecuador,EG.IMP.CONS.ZS,"Energy imports, net (% of energy use)",1992,-178.575304569877,,0
ECU,Ecuador,EG.IMP.CONS.ZS,"Energy imports, net (% of energy use)",1991,-156.934542399897,,0
ECU,Ecuador,EG.IMP.CONS.ZS,"Energy imports, net (% of energy use)",1990,-159.275931026677,,0
EGY,"Egypt, Arab Rep.",EG.IMP.CONS.ZS,"Energy imports, net (% of energy use)",2023,20.2563785795628,,0
EGY,"Egypt, Arab Rep.",EG.IMP.CONS.ZS,"Energy imports, net (% of energy use)",2022,9.78510684497825,,0
EGY,"Egypt, Arab Rep.",EG.IMP.CONS.ZS,"Energy imports, net (% of energy use)",2021,1.63521037235887,,0
EGY,"Egypt, Arab Rep.",EG.IMP.CONS.ZS,"Energy imports, net (% of energy use)",2020,-0.0682943718058065,,0
EGY,"Egypt, Arab Rep.",EG.IMP.CONS.ZS,"Energy imports, net (% of energy use)",2019,-0.531033982389457,,0
EGY,"Egypt, Arab Rep.",EG.IMP.CONS.ZS,"Energy imports, net (% of energy use)",2018,4.99573458891528,,0
EGY,"Egypt, Arab Rep.",EG.IMP.CONS.ZS,"Energy imports, net (% of energy use)",2017,14.1299520398099,,0
EGY,"Egypt, Arab Rep.",EG.IMP.CONS.ZS,"Energy imports, net (% of energy use)",2016,19.0539897872735,,0
EGY,"Egypt, Arab Rep.",EG.IMP.CONS.ZS,"Energy imports, net (% of energy use)",2015,12.8611145617055,,0
EGY,"Egypt, Arab Rep.",EG.IMP.CONS.ZS,"Energy imports, net (% of energy use)",2014,8.09014484118877,,0
EGY,"Egypt, Arab Rep.",EG.IMP.CONS.ZS,"Energy imports, net (% of energy use)",2013,0.751073873510622,,0
EGY,"Egypt, Arab Rep.",EG.IMP.CONS.ZS,"Energy imports, net (% of energy use)",2012,-3.82393802190275,,0
EGY,"Egypt, Arab Rep.",EG.IMP.CONS.ZS,"Energy imports, net (% of energy use)",2011,-9.09167679579822,,0
EGY,"Egypt, Arab Rep.",EG.IMP.CONS.ZS,"Energy imports, net (% of energy use)",2010,-15.282542001041,,0
EGY,"Egypt, Arab Rep.",EG.IMP.CONS.ZS,"Energy imports, net (% of energy use)",2009,-16.9654067497651,,0
EGY,"Egypt, Arab Rep.",EG.IMP.CONS.ZS,"Energy imports, net (% of energy use)",2008,-21.0799337182716,,0
EGY,"Egypt, Arab Rep.",EG.IMP.CONS.ZS,"Energy imports, net (% of energy use)",2007,-19.3303597950051,,0
EGY,"Egypt, Arab Rep.",EG.IMP.CONS.ZS,"Energy imports, net (% of energy use)",2006,-20.9366266869949,,0
EGY,"Egypt, Arab Rep.",EG.IMP.CONS.ZS,"Energy imports, net (% of energy use)",2005,-22.4873418367752,,0
EGY,"Egypt, Arab Rep.",EG.IMP.CONS.ZS,"Energy imports, net (% of energy use)",2004,-11.4646376712171,,0
EGY,"Egypt, Arab Rep.",EG.IMP.CONS.ZS,"Energy imports, net (% of energy use)",2003,-19.3177818006608,,0
EGY,"Egypt, Arab Rep.",EG.IMP.CONS.ZS,"Energy imports, net (% of energy use)",2002,-19.2749309841277,,0
EGY,"Egypt, Arab Rep.",EG.IMP.CONS.ZS,"Energy imports, net (% of energy use)",2001,-17.8384305035007,,0
EGY,"Egypt, Arab Rep.",EG.IMP.CONS.ZS,"Energy imports, net (% of energy use)",2000,-23.171586326496,,0
EGY,"Egypt, Arab Rep.",EG.IMP.CONS.ZS,"Energy imports, net (% of energy use)",1999,-31.280713340345,,0
EGY,"Egypt, Arab Rep.",EG.IMP.CONS.ZS,"Energy imports, net (% of energy use)",1998,-30.310217935987,,0
EGY,"Egypt, Arab Rep.",EG.IMP.CONS.ZS,"Energy imports, net (% of energy use)",1997,-38.201695254306,,0
EGY,"Egypt, Arab Rep.",EG.IMP.CONS.ZS,"Energy imports, net (% of energy use)",1996,-46.3134773588471,,0
EGY,"Egypt, Arab Rep.",EG.IMP.CONS.ZS,"Energy imports, net (% of energy use)",1995,-60.0615737841787,,0
EGY,"Egypt, Arab Rep.",EG.IMP.CONS.ZS,"Energy imports, net (% of energy use)",1994,-67.7044712829963,,0
EGY,"Egypt, Arab Rep.",EG.IMP.CONS.ZS,"Energy imports, net (% of energy use)",1993,-65.8360859222382,,0
EGY,"Egypt, Arab Rep.",EG.IMP.CONS.ZS,"Energy imports, net (% of energy use)",1992,-66.2399409703826,,0
EGY,"Egypt, Arab Rep.",EG.IMP.CONS.ZS,"Energy imports, net (% of energy use)",1991,-61.8443719688536,,0
EGY,"Egypt, Arab Rep.",EG.IMP.CONS.ZS,"Energy imports, net (% of energy use)",1990,-61.7608877766573,,0
SLV,El Salvador,EG.IMP.CONS.ZS,"Energy imports, net (% of energy use)",2022,59.5054447583379,,0
SLV,El Salvador,EG.IMP.CONS.ZS,"Energy imports, net (% of energy use)",2021,56.9331140988565,,0
SLV,El Salvador,EG.IMP.CONS.ZS,"Energy imports, net (% of energy use)",2020,51.4791072174028,,0
SLV,El Salvador,EG.IMP.CONS.ZS,"Energy imports, net (% of energy use)",2019,61.3227949934178,,0
SLV,El Salvador,EG.IMP.CONS.ZS,"Energy imports, net (% of energy use)",2018,57.4519137737529,,0
SLV,El Salvador,EG.IMP.CONS.ZS,"Energy imports, net (% of energy use)",2017,54.9469270082557,,0
SLV,El Salvador,EG.IMP.CONS.ZS,"Energy imports, net (% of energy use)",2016,58.3762720417145,,0
SLV,El Salvador,EG.IMP.CONS.ZS,"Energy imports, net (% of energy use)",2015,58.3988681990275,,0
SLV,El Salvador,EG.IMP.CONS.ZS,"Energy imports, net (% of energy use)",2014,56.109940109749,,0
SLV,El Salvador,EG.IMP.CONS.ZS,"Energy imports, net (% of energy use)",2013,52.7178205566494,,0
SLV,El Salvador,EG.IMP.CONS.ZS,"Energy imports, net (% of energy use)",2012,49.5697792926002,,0
SLV,El Salvador,EG.IMP.CONS.ZS,"Energy imports, net (% of energy use)",2011,49.699279630301,,0
SLV,El Salvador,EG.IMP.CONS.ZS,"Energy imports, net (% of energy use)",2010,49.3751870486129,,0
SLV,El Salvador,EG.IMP.CONS.ZS,"Energy imports, net (% of energy use)",2009,50.9657352991719,,0
SLV,El Salvador,EG.IMP.CONS.ZS,"Energy imports, net (% of energy use)",2008,50.5744986885525,,0
SLV,El Salvador,EG.IMP.CONS.ZS,"Energy imports, net (% of energy use)",2007,56.2631967452319,,0
SLV,El Salvador,EG.IMP.CONS.ZS,"Energy imports, net (% of energy use)",2006,53.5021664079333,,0
SLV,El Salvador,EG.IMP.CONS.ZS,"Energy imports, net (% of energy use)",2005,54.2296669631386,,0
SLV,El Salvador,EG.IMP.CONS.ZS,"Energy imports, net (% of energy use)",2004,57.2777629894411,,0
SLV,El Salvador,EG.IMP.CONS.ZS,"Energy imports, net (% of energy use)",2003,57.517017247556,,0
SLV,El Salvador,EG.IMP.CONS.ZS,"Energy imports, net (% of energy use)",2002,55.9835880293992,,0
SLV,El Salvador,EG.IMP.CONS.ZS,"Energy imports, net (% of energy use)",2001,56.6540781241192,,0
SLV,El Salvador,EG.IMP.CONS.ZS,"Energy imports, net (% of energy use)",2000,59.8729545913672,,0
SLV,El Salvador,EG.IMP.CONS.ZS,"Energy imports, net (% of energy use)",1999,48.4629192253189,,0
SLV,El Salvador,EG.IMP.CONS.ZS,"Energy imports, net (% of energy use)",1998,51.4018569459055,,0
SLV,El Salvador,EG.IMP.CONS.ZS,"Energy imports, net (% of energy use)",1997,48.6986549856899,,0
SLV,El Salvador,EG.IMP.CONS.ZS,"Energy imports, net (% of energy use)",1996,45.5583661929916,,0
SLV,El Salvador,EG.IMP.CONS.ZS,"Energy imports, net (% of energy use)",1995,49.2768455541104,,0
SLV,El Salvador,EG.IMP.CONS.ZS,"Energy imports, net (% of energy use)",1994,44.1790661102036,,0
SLV,El Salvador,EG.IMP.CONS.ZS,"Energy imports, net (% of energy use)",1993,44.6056645926921,,0
SLV,El Salvador,EG.IMP.CONS.ZS,"Energy imports, net (% of energy use)",1992,39.7599399849964,,0
SLV,El Salvador,EG.IMP.CONS.ZS,"Energy imports, net (% of energy use)",1991,37.6331881571423,,0
SLV,El Salvador,EG.IMP.CONS.ZS,"Energy imports, net (% of energy use)",1990,32.0534772808621,,0
GNQ,Equatorial Guinea,EG.IMP.CONS.ZS,"Energy imports, net (% of energy use)",2022,-422.769233942919,,0
GNQ,Equatorial Guinea,EG.IMP.CONS.ZS,"Energy imports, net (% of energy use)",2021,-418.311358867559,,0
GNQ,Equatorial Guinea,EG.IMP.CONS.ZS,"Energy imports, net (% of energy use)",2020,-542.2320941083,,0
GNQ,Equatorial Guinea,EG.IMP.CONS.ZS,"Energy imports, net (% of energy use)",2019,-499.986527299061,,0
GNQ,Equatorial Guinea,EG.IMP.CONS.ZS,"Energy imports, net (% of energy use)",2018,-517.425219387917,,0
GNQ,Equatorial Guinea,EG.IMP.CONS.ZS,"Energy imports, net (% of energy use)",2017,-780.572064499325,,0
GNQ,Equatorial Guinea,EG.IMP.CONS.ZS,"Energy imports, net (% of energy use)",2016,-744.869926286317,,0
GNQ,Equatorial Guinea,EG.IMP.CONS.ZS,"Energy imports, net (% of energy use)",2015,-988.30267010984,,0
GNQ,Equatorial Guinea,EG.IMP.CONS.ZS,"Energy imports, net (% of energy use)",2014,-906.976583387111,,0
GNQ,Equatorial Guinea,EG.IMP.CONS.ZS,"Energy imports, net (% of energy use)",2013,-823.946272893869,,0
GNQ,Equatorial Guinea,EG.IMP.CONS.ZS,"Energy imports, net (% of energy use)",2012,-1080.40638793447,,0
GNQ,Equatorial Guinea,EG.IMP.CONS.ZS,"Energy imports, net (% of energy use)",2011,-1056.05014510807,,0
GNQ,Equatorial Guinea,EG.IMP.CONS.ZS,"Energy imports, net (% of energy use)",2010,-1169.22619843427,,0
GNQ,Equatorial Guinea,EG.IMP.CONS.ZS,"Energy imports, net (% of energy use)",2009,-1274.82459760627,,0
GNQ,Equatorial Guinea,EG.IMP.CONS.ZS,"Energy imports, net (% of energy use)",2008,-1423.65579585047,,0
GNQ,Equatorial Guinea,EG.IMP.CONS.ZS,"Energy imports, net (% of energy use)",2007,-1282.71017664034,,0
GNQ,Equatorial Guinea,EG.IMP.CONS.ZS,"Energy imports, net (% of energy use)",2006,-1313.0501725511,,0
GNQ,Equatorial Guinea,EG.IMP.CONS.ZS,"Energy imports, net (% of energy use)",2005,-1124.47455512623,,0
GNQ,Equatorial Guinea,EG.IMP.CONS.ZS,"Energy imports, net (% of energy use)",2004,-1182.99017071909,,0
GNQ,Equatorial Guinea,EG.IMP.CONS.ZS,"Energy imports, net (% of energy use)",2003,-2902.19268277532,,0
GNQ,Equatorial Guinea,EG.IMP.CONS.ZS,"Energy imports, net (% of energy use)",2002,-2747.50746764023,,0
GNQ,Equatorial Guinea,EG.IMP.CONS.ZS,"Energy imports, net (% of energy use)",2001,-3300.14726184997,,0
GNQ,Equatorial Guinea,EG.IMP.CONS.ZS,"Energy imports, net (% of energy use)",2000,-2382.88770053476,,0
GNQ,Equatorial Guinea,EG.IMP.CONS.ZS,"Energy imports, net (% of energy use)",1999,-2205.83213083213,,0
GNQ,Equatorial Guinea,EG.IMP.CONS.ZS,"Energy imports, net (% of energy use)",1998,-1983.86182005671,,0
GNQ,Equatorial Guinea,EG.IMP.CONS.ZS,"Energy imports, net (% of energy use)",1997,-1422.95470383276,,0
GNQ,Equatorial Guinea,EG.IMP.CONS.ZS,"Energy imports, net (% of energy use)",1996,-405.547675334909,,0
GNQ,Equatorial Guinea,EG.IMP.CONS.ZS,"Energy imports, net (% of energy use)",1995,-71.9789545145965,,0
GNQ,Equatorial Guinea,EG.IMP.CONS.ZS,"Energy imports, net (% of energy use)",1994,-37.5581195109352,,0
ERI,Eritrea,EG.IMP.CONS.ZS,"Energy imports, net (% of energy use)",2004,34.7897492045027,,0
ERI,Eritrea,EG.IMP.CONS.ZS,"Energy imports, net (% of energy use)",1997,33.0153415736006,,0
ERI,Eritrea,EG.IMP.CONS.ZS,"Energy imports, net (% of energy use)",1996,42.5398490411144,,0
ERI,Eritrea,EG.IMP.CONS.ZS,"Energy imports, net (% of energy use)",1995,40.6012877899322,,0
ERI,Eritrea,EG.IMP.CONS.ZS,"Energy imports, net (% of energy use)",1994,47.3971294271423,,0
ERI,Eritrea,EG.IMP.CONS.ZS,"Energy imports, net (% of energy use)",1993,40.0098527276498,,0
ERI,Eritrea,EG.IMP.CONS.ZS,"Energy imports, net (% of energy use)",1992,44.7886327136129,,0
EST,Estonia,EG.IMP.CONS.ZS,"Energy imports, net (% of energy use)",2023,3.77111519842947,,0
EST,Estonia,EG.IMP.CONS.ZS,"Energy imports, net (% of energy use)",2022,6.83363931718332,,0
EST,Estonia,EG.IMP.CONS.ZS,"Energy imports, net (% of energy use)",2021,1.6917913300277,,0
EST,Estonia,EG.IMP.CONS.ZS,"Energy imports, net (% of energy use)",2020,11.4816177843203,,0
EST,Estonia,EG.IMP.CONS.ZS,"Energy imports, net (% of energy use)",2019,5.11766701243268,,0
EST,Estonia,EG.IMP.CONS.ZS,"Energy imports, net (% of energy use)",2018,1.46471933243901,,0
EST,Estonia,EG.IMP.CONS.ZS,"Energy imports, net (% of energy use)",2017,4.81112411843652,,0
EST,Estonia,EG.IMP.CONS.ZS,"Energy imports, net (% of energy use)",2016,8.58616288380267,,0
EST,Estonia,EG.IMP.CONS.ZS,"Energy imports, net (% of energy use)",2015,12.008668176882,,0
EST,Estonia,EG.IMP.CONS.ZS,"Energy imports, net (% of energy use)",2014,12.4656597835761,,0
EST,Estonia,EG.IMP.CONS.ZS,"Energy imports, net (% of energy use)",2013,15.849617793539,,0
EST,Estonia,EG.IMP.CONS.ZS,"Energy imports, net (% of energy use)",2012,22.4672758258093,,0
EST,Estonia,EG.IMP.CONS.ZS,"Energy imports, net (% of energy use)",2011,14.3265507110903,,0
EST,Estonia,EG.IMP.CONS.ZS,"Energy imports, net (% of energy use)",2010,15.411623357119,,0
EST,Estonia,EG.IMP.CONS.ZS,"Energy imports, net (% of energy use)",2009,28.3322327077519,,0
EST,Estonia,EG.IMP.CONS.ZS,"Energy imports, net (% of energy use)",2008,28.8025596909053,,0
EST,Estonia,EG.IMP.CONS.ZS,"Energy imports, net (% of energy use)",2007,25.6676732569844,,0
EST,Estonia,EG.IMP.CONS.ZS,"Energy imports, net (% of energy use)",2006,31.5952074287509,,0
EST,Estonia,EG.IMP.CONS.ZS,"Energy imports, net (% of energy use)",2005,27.8264152931568,,0
EST,Estonia,EG.IMP.CONS.ZS,"Energy imports, net (% of energy use)",2004,31.0892801703109,,0
EST,Estonia,EG.IMP.CONS.ZS,"Energy imports, net (% of energy use)",2003,30.1426163374306,,0
EST,Estonia,EG.IMP.CONS.ZS,"Energy imports, net (% of energy use)",2002,32.8596857510734,,0
EST,Estonia,EG.IMP.CONS.ZS,"Energy imports, net (% of energy use)",2001,34.4333336529151,,0
EST,Estonia,EG.IMP.CONS.ZS,"Energy imports, net (% of energy use)",2000,34.7493103186454,,0
EST,Estonia,EG.IMP.CONS.ZS,"Energy imports, net (% of energy use)",1999,36.2165097404171,,0
EST,Estonia,EG.IMP.CONS.ZS,"Energy imports, net (% of energy use)",1998,38.4303475236948,,0
EST,Estonia,EG.IMP.CONS.ZS,"Energy imports, net (% of energy use)",1997,30.9603870729703,,0
EST,Estonia,EG.IMP.CONS.ZS,"Energy imports, net (% of energy use)",1996,30.902923073798,,0
EST,Estonia,EG.IMP.CONS.ZS,"Energy imports, net (% of energy use)",1995,33.6083699412152,,0
EST,Estonia,EG.IMP.CONS.ZS,"Energy imports, net (% of energy use)",1994,35.3760722491196,,0
EST,Estonia,EG.IMP.CONS.ZS,"Energy imports, net (% of energy use)",1993,37.6236406120979,,0
EST,Estonia,EG.IMP.CONS.ZS,"Energy imports, net (% of energy use)",1992,35.8478515944095,,0
EST,Estonia,EG.IMP.CONS.ZS,"Energy imports, net (% of energy use)",1991,40.1233525247211,,0
EST,Estonia,EG.IMP.CONS.ZS,"Energy imports, net (% of energy use)",1990,42.0446377148063,,0
SWZ,Eswatini,EG.IMP.CONS.ZS,"Energy imports, net (% of energy use)",2022,20.5529558411835,,0
SWZ,Eswatini,EG.IMP.CONS.ZS,"Energy imports, net (% of energy use)",2021,25.4380853277835,,0
SWZ,Eswatini,EG.IMP.CONS.ZS,"Energy imports, net (% of energy use)",2020,26.8803522378413,,0
SWZ,Eswatini,EG.IMP.CONS.ZS,"Energy imports, net (% of energy use)",2019,31.4787701317716,,0
SWZ,Eswatini,EG.IMP.CONS.ZS,"Energy imports, net (% of energy use)",2018,29.1089599372535,,0
SWZ,Eswatini,EG.IMP.CONS.ZS,"Energy imports, net (% of energy use)",2017,29.762890010759,,0
SWZ,Eswatini,EG.IMP.CONS.ZS,"Energy imports, net (% of energy use)",2016,25.7079210901282,,0
SWZ,Eswatini,EG.IMP.CONS.ZS,"Energy imports, net (% of energy use)",2015,23.2706789445299,,0
SWZ,Eswatini,EG.IMP.CONS.ZS,"Energy imports, net (% of energy use)",2014,22.699617386941,,0
SWZ,Eswatini,EG.IMP.CONS.ZS,"Energy imports, net (% of energy use)",2013,19.1163098288832,,0
SWZ,Eswatini,EG.IMP.CONS.ZS,"Energy imports, net (% of energy use)",2012,26.4779954753062,,0
SWZ,Eswatini,EG.IMP.CONS.ZS,"Energy imports, net (% of energy use)",2011,23.4195034553366,,0
SWZ,Eswatini,EG.IMP.CONS.ZS,"Energy imports, net (% of energy use)",2010,12.8511578893258,,0
SWZ,Eswatini,EG.IMP.CONS.ZS,"Energy imports, net (% of energy use)",2009,12.9679492747329,,0
SWZ,Eswatini,EG.IMP.CONS.ZS,"Energy imports, net (% of energy use)",2008,10.2769893315064,,0
SWZ,Eswatini,EG.IMP.CONS.ZS,"Energy imports, net (% of energy use)",2007,10.8294930875576,,0
SWZ,Eswatini,EG.IMP.CONS.ZS,"Energy imports, net (% of energy use)",2006,10.8874321217161,,0
SWZ,Eswatini,EG.IMP.CONS.ZS,"Energy imports, net (% of energy use)",2005,8.77401057109704,,0
SWZ,Eswatini,EG.IMP.CONS.ZS,"Energy imports, net (% of energy use)",2004,5.69756858665971,,0
SWZ,Eswatini,EG.IMP.CONS.ZS,"Energy imports, net (% of energy use)",2003,9.34605669379733,,0
SWZ,Eswatini,EG.IMP.CONS.ZS,"Energy imports, net (% of energy use)",2002,12.0626684466386,,0
SWZ,Eswatini,EG.IMP.CONS.ZS,"Energy imports, net (% of energy use)",2001,18.5885573778802,,0
SWZ,Eswatini,EG.IMP.CONS.ZS,"Energy imports, net (% of energy use)",2000,14.5786791837145,,0
SWZ,Eswatini,EG.IMP.CONS.ZS,"Energy imports, net (% of energy use)",1999,12.8220476965808,,0
SWZ,Eswatini,EG.IMP.CONS.ZS,"Energy imports, net (% of energy use)",1998,16.8351161932867,,0
SWZ,Eswatini,EG.IMP.CONS.ZS,"Energy imports, net (% of energy use)",1997,15.4410480349345,,0
ETH,Ethiopia,EG.IMP.CONS.ZS,"Energy imports, net (% of energy use)",2022,10.7924961213427,,0
ETH,Ethiopia,EG.IMP.CONS.ZS,"Energy imports, net (% of energy use)",2021,11.1448450149397,,0
ETH,Ethiopia,EG.IMP.CONS.ZS,"Energy imports, net (% of energy use)",2020,9.52569897811929,,0
ETH,Ethiopia,EG.IMP.CONS.ZS,"Energy imports, net (% of energy use)",2019,12.0449116177875,,0
ETH,Ethiopia,EG.IMP.CONS.ZS,"Energy imports, net (% of energy use)",2018,11.2365271440852,,0
ETH,Ethiopia,EG.IMP.CONS.ZS,"Energy imports, net (% of energy use)",2017,10.5205015940586,,0
ETH,Ethiopia,EG.IMP.CONS.ZS,"Energy imports, net (% of energy use)",2016,10.2168595130039,,0
ETH,Ethiopia,EG.IMP.CONS.ZS,"Energy imports, net (% of energy use)",2015,9.36081748178678,,0
ETH,Ethiopia,EG.IMP.CONS.ZS,"Energy imports, net (% of energy use)",2014,9.15951375750628,,0
ETH,Ethiopia,EG.IMP.CONS.ZS,"Energy imports, net (% of energy use)",2013,8.22809066332886,,0
ETH,Ethiopia,EG.IMP.CONS.ZS,"Energy imports, net (% of energy use)",2012,7.41700069330924,,0
ETH,Ethiopia,EG.IMP.CONS.ZS,"Energy imports, net (% of energy use)",2011,7.07678095017151,,0
ETH,Ethiopia,EG.IMP.CONS.ZS,"Energy imports, net (% of energy use)",1997,4.4880196633264,,0
ETH,Ethiopia,EG.IMP.CONS.ZS,"Energy imports, net (% of energy use)",1996,4.80417404455641,,0
ETH,Ethiopia,EG.IMP.CONS.ZS,"Energy imports, net (% of energy use)",1995,4.6167077928062,,0
ETH,Ethiopia,EG.IMP.CONS.ZS,"Energy imports, net (% of energy use)",1994,4.24623963849532,,0
ETH,Ethiopia,EG.IMP.CONS.ZS,"Energy imports, net (% of energy use)",1993,3.79041344280664,,0
ETH,Ethiopia,EG.IMP.CONS.ZS,"Energy imports, net (% of energy use)",1992,3.07591932207458,,0
ETH,Ethiopia,EG.IMP.CONS.ZS,"Energy imports, net (% of energy use)",1991,5.67987199698323,,0
ETH,Ethiopia,EG.IMP.CONS.ZS,"Energy imports, net (% of energy use)",1990,5.71278326190199,,0
FIN,Finland,EG.IMP.CONS.ZS,"Energy imports, net (% of energy use)",2023,30.2718534094324,,0
FIN,Finland,EG.IMP.CONS.ZS,"Energy imports, net (% of energy use)",2022,42.3818916396541,,0
FIN,Finland,EG.IMP.CONS.ZS,"Energy imports, net (% of energy use)",2021,38.6876476664123,,0
FIN,Finland,EG.IMP.CONS.ZS,"Energy imports, net (% of energy use)",2020,43.8668623466548,,0
FIN,Finland,EG.IMP.CONS.ZS,"Energy imports, net (% of energy use)",2019,44.4037103012629,,0
FIN,Finland,EG.IMP.CONS.ZS,"Energy imports, net (% of energy use)",2018,46.7658274035664,,0
FIN,Finland,EG.IMP.CONS.ZS,"Energy imports, net (% of energy use)",2017,45.2671537059778,,0
FIN,Finland,EG.IMP.CONS.ZS,"Energy imports, net (% of energy use)",2016,46.6827957867349,,0
FIN,Finland,EG.IMP.CONS.ZS,"Energy imports, net (% of energy use)",2015,48.5424894093918,,0
FIN,Finland,EG.IMP.CONS.ZS,"Energy imports, net (% of energy use)",2014,50.2608112384787,,0
FIN,Finland,EG.IMP.CONS.ZS,"Energy imports, net (% of energy use)",2013,50.0731859122483,,0
FIN,Finland,EG.IMP.CONS.ZS,"Energy imports, net (% of energy use)",2012,47.4849254651914,,0
FIN,Finland,EG.IMP.CONS.ZS,"Energy imports, net (% of energy use)",2011,54.5356936563487,,0
FIN,Finland,EG.IMP.CONS.ZS,"Energy imports, net (% of energy use)",2010,49.3260835317811,,0
FIN,Finland,EG.IMP.CONS.ZS,"Energy imports, net (% of energy use)",2009,55.4425831331919,,0
FIN,Finland,EG.IMP.CONS.ZS,"Energy imports, net (% of energy use)",2008,55.9319732578383,,0
FIN,Finland,EG.IMP.CONS.ZS,"Energy imports, net (% of energy use)",2007,54.6636571657423,,0
FIN,Finland,EG.IMP.CONS.ZS,"Energy imports, net (% of energy use)",2006,55.4622529827149,,0
FIN,Finland,EG.IMP.CONS.ZS,"Energy imports, net (% of energy use)",2005,55.8524210137407,,0
FIN,Finland,EG.IMP.CONS.ZS,"Energy imports, net (% of energy use)",2004,56.0538113718274,,0
FIN,Finland,EG.IMP.CONS.ZS,"Energy imports, net (% of energy use)",2003,60.6279756640965,,0
FIN,Finland,EG.IMP.CONS.ZS,"Energy imports, net (% of energy use)",2002,53.7323945105235,,0
FIN,Finland,EG.IMP.CONS.ZS,"Energy imports, net (% of energy use)",2001,56.7675584382917,,0
FIN,Finland,EG.IMP.CONS.ZS,"Energy imports, net (% of energy use)",2000,57.1165938693955,,0
FIN,Finland,EG.IMP.CONS.ZS,"Energy imports, net (% of energy use)",1999,51.9876030959884,,0
FIN,Finland,EG.IMP.CONS.ZS,"Energy imports, net (% of energy use)",1998,54.5638893166999,,0
FIN,Finland,EG.IMP.CONS.ZS,"Energy imports, net (% of energy use)",1997,57.2076127077852,,0
FIN,Finland,EG.IMP.CONS.ZS,"Energy imports, net (% of energy use)",1996,55.9436344608949,,0
FIN,Finland,EG.IMP.CONS.ZS,"Energy imports, net (% of energy use)",1995,54.4188028611612,,0
FIN,Finland,EG.IMP.CONS.ZS,"Energy imports, net (% of energy use)",1994,67.04859462875,,0
FIN,Finland,EG.IMP.CONS.ZS,"Energy imports, net (% of energy use)",1993,57.1940870195747,,0
FIN,Finland,EG.IMP.CONS.ZS,"Energy imports, net (% of energy use)",1992,57.5788014173471,,0
FIN,Finland,EG.IMP.CONS.ZS,"Energy imports, net (% of energy use)",1991,58.4032278535088,,0
FIN,Finland,EG.IMP.CONS.ZS,"Energy imports, net (% of energy use)",1990,62.8149271492303,,0
FRA,France,EG.IMP.CONS.ZS,"Energy imports, net (% of energy use)",2023,47.1279302986198,,0
FRA,France,EG.IMP.CONS.ZS,"Energy imports, net (% of energy use)",2022,54.3201739791286,,0
FRA,France,EG.IMP.CONS.ZS,"Energy imports, net (% of energy use)",2021,45.5715251781551,,0
FRA,France,EG.IMP.CONS.ZS,"Energy imports, net (% of energy use)",2020,45.7909611073638,,0
FRA,France,EG.IMP.CONS.ZS,"Energy imports, net (% of energy use)",2019,49.7065206256462,,0
FRA,France,EG.IMP.CONS.ZS,"Energy imports, net (% of energy use)",2018,48.740565044734,,0
FRA,France,EG.IMP.CONS.ZS,"Energy imports, net (% of energy use)",2017,50.6501252511912,,0
FRA,France,EG.IMP.CONS.ZS,"Energy imports, net (% of energy use)",2016,49.1470621392941,,0
FRA,France,EG.IMP.CONS.ZS,"Energy imports, net (% of energy use)",2015,47.5840193835437,,0
FRA,France,EG.IMP.CONS.ZS,"Energy imports, net (% of energy use)",2014,47.8595723488972,,0
FRA,France,EG.IMP.CONS.ZS,"Energy imports, net (% of energy use)",2013,49.7187350576705,,0
FRA,France,EG.IMP.CONS.ZS,"Energy imports, net (% of energy use)",2012,49.9192127548672,,0
FRA,France,EG.IMP.CONS.ZS,"Energy imports, net (% of energy use)",2011,50.7669129831527,,0
FRA,France,EG.IMP.CONS.ZS,"Energy imports, net (% of energy use)",2010,50.3709944013574,,0
FRA,France,EG.IMP.CONS.ZS,"Energy imports, net (% of energy use)",2009,52.4461795511117,,0
FRA,France,EG.IMP.CONS.ZS,"Energy imports, net (% of energy use)",2008,52.300519537814,,0
FRA,France,EG.IMP.CONS.ZS,"Energy imports, net (% of energy use)",2007,51.9702514233555,,0
FRA,France,EG.IMP.CONS.ZS,"Energy imports, net (% of energy use)",2006,52.9914446924844,,0
FRA,France,EG.IMP.CONS.ZS,"Energy imports, net (% of energy use)",2005,53.0679404506124,,0
FRA,France,EG.IMP.CONS.ZS,"Energy imports, net (% of energy use)",2004,52.240225617517,,0
FRA,France,EG.IMP.CONS.ZS,"Energy imports, net (% of energy use)",2003,51.9019306143333,,0
FRA,France,EG.IMP.CONS.ZS,"Energy imports, net (% of energy use)",2002,51.9902296112764,,0
FRA,France,EG.IMP.CONS.ZS,"Energy imports, net (% of energy use)",2001,51.6280590905334,,0
FRA,France,EG.IMP.CONS.ZS,"Energy imports, net (% of energy use)",2000,52.6597179220674,,0
FRA,France,EG.IMP.CONS.ZS,"Energy imports, net (% of energy use)",1999,52.6538670159806,,0
FRA,France,EG.IMP.CONS.ZS,"Energy imports, net (% of energy use)",1998,52.2430803684857,,0
FRA,France,EG.IMP.CONS.ZS,"Energy imports, net (% of energy use)",1997,49.8907573272174,,0
FRA,France,EG.IMP.CONS.ZS,"Energy imports, net (% of energy use)",1996,49.2438767530708,,0
FRA,France,EG.IMP.CONS.ZS,"Energy imports, net (% of energy use)",1995,48.6861081296941,,0
FRA,France,EG.IMP.CONS.ZS,"Energy imports, net (% of energy use)",1994,48.3991485609764,,0
FRA,France,EG.IMP.CONS.ZS,"Energy imports, net (% of energy use)",1993,48.6778027507218,,0
FRA,France,EG.IMP.CONS.ZS,"Energy imports, net (% of energy use)",1992,52.8888081320657,,0
FRA,France,EG.IMP.CONS.ZS,"Energy imports, net (% of energy use)",1991,53.2682062561467,,0
FRA,France,EG.IMP.CONS.ZS,"Energy imports, net (% of energy use)",1990,53.27272888371,,0
GAB,Gabon,EG.IMP.CONS.ZS,"Energy imports, net (% of energy use)",2022,-187.597030037125,,0
GAB,Gabon,EG.IMP.CONS.ZS,"Energy imports, net (% of energy use)",2021,-190.115103028448,,0
GAB,Gabon,EG.IMP.CONS.ZS,"Energy imports, net (% of energy use)",2020,-205.649071382236,,0
GAB,Gabon,EG.IMP.CONS.ZS,"Energy imports, net (% of energy use)",2019,-210.225102188945,,0
GAB,Gabon,EG.IMP.CONS.ZS,"Energy imports, net (% of energy use)",2018,-172.013529851764,,0
GAB,Gabon,EG.IMP.CONS.ZS,"Energy imports, net (% of energy use)",2017,-195.861340221315,,0
GAB,Gabon,EG.IMP.CONS.ZS,"Energy imports, net (% of energy use)",2016,-199.619905615985,,0
GAB,Gabon,EG.IMP.CONS.ZS,"Energy imports, net (% of energy use)",2015,-203.764020460123,,0
GAB,Gabon,EG.IMP.CONS.ZS,"Energy imports, net (% of energy use)",2014,-195.26630238146,,0
GAB,Gabon,EG.IMP.CONS.ZS,"Energy imports, net (% of energy use)",2013,-189.752645401349,,0
GAB,Gabon,EG.IMP.CONS.ZS,"Energy imports, net (% of energy use)",2012,-296.871093827504,,0
GAB,Gabon,EG.IMP.CONS.ZS,"Energy imports, net (% of energy use)",2011,-274.270801709442,,0
GAB,Gabon,EG.IMP.CONS.ZS,"Energy imports, net (% of energy use)",2010,-243.263320514085,,0
GAB,Gabon,EG.IMP.CONS.ZS,"Energy imports, net (% of energy use)",2009,-240.008745541617,,0
GAB,Gabon,EG.IMP.CONS.ZS,"Energy imports, net (% of energy use)",2008,-264.253764035878,,0
GAB,Gabon,EG.IMP.CONS.ZS,"Energy imports, net (% of energy use)",2007,-307.149789096444,,0
GAB,Gabon,EG.IMP.CONS.ZS,"Energy imports, net (% of energy use)",2006,-335.180287957016,,0
GAB,Gabon,EG.IMP.CONS.ZS,"Energy imports, net (% of energy use)",2005,-423.226902922245,,0
GAB,Gabon,EG.IMP.CONS.ZS,"Energy imports, net (% of energy use)",2004,-507.734547892123,,0
GAB,Gabon,EG.IMP.CONS.ZS,"Energy imports, net (% of energy use)",2003,-575.912050902194,,0
GAB,Gabon,EG.IMP.CONS.ZS,"Energy imports, net (% of energy use)",2002,-644.955829835225,,0
GAB,Gabon,EG.IMP.CONS.ZS,"Energy imports, net (% of energy use)",2001,-794.032131187219,,0
GAB,Gabon,EG.IMP.CONS.ZS,"Energy imports, net (% of energy use)",2000,-917.466709970773,,0
GAB,Gabon,EG.IMP.CONS.ZS,"Energy imports, net (% of energy use)",1999,-1059.81858818539,,0
GAB,Gabon,EG.IMP.CONS.ZS,"Energy imports, net (% of energy use)",1998,-1158.6378289108,,0
GAB,Gabon,EG.IMP.CONS.ZS,"Energy imports, net (% of energy use)",1997,-1309.47635135135,,0
GAB,Gabon,EG.IMP.CONS.ZS,"Energy imports, net (% of energy use)",1996,-1310.89792917115,,0
GAB,Gabon,EG.IMP.CONS.ZS,"Energy imports, net (% of energy use)",1995,-1355.37037037037,,0
GAB,Gabon,EG.IMP.CONS.ZS,"Energy imports, net (% of energy use)",1994,-1393.13846093765,,0
GAB,Gabon,EG.IMP.CONS.ZS,"Energy imports, net (% of energy use)",1993,-1088.74599740372,,0
GAB,Gabon,EG.IMP.CONS.ZS,"Energy imports, net (% of energy use)",1992,-1056.91969599853,,0
GAB,Gabon,EG.IMP.CONS.ZS,"Energy imports, net (% of energy use)",1991,-1149.0026036059,,0
GAB,Gabon,EG.IMP.CONS.ZS,"Energy imports, net (% of energy use)",1990,-1029.21829832825,,0
GEO,Georgia,EG.IMP.CONS.ZS,"Energy imports, net (% of energy use)",2023,79.9350466563312,,0
GEO,Georgia,EG.IMP.CONS.ZS,"Energy imports, net (% of energy use)",2022,79.5842068629208,,0
GEO,Georgia,EG.IMP.CONS.ZS,"Energy imports, net (% of energy use)",2021,78.1553025341781,,0
GEO,Georgia,EG.IMP.CONS.ZS,"Energy imports, net (% of energy use)",2020,80.6317366716613,,0
GEO,Georgia,EG.IMP.CONS.ZS,"Energy imports, net (% of energy use)",2019,80.7223894853654,,0
GEO,Georgia,EG.IMP.CONS.ZS,"Energy imports, net (% of energy use)",2018,77.3334383600085,,0
GEO,Georgia,EG.IMP.CONS.ZS,"Energy imports, net (% of energy use)",2017,74.4071642956491,,0
GEO,Georgia,EG.IMP.CONS.ZS,"Energy imports, net (% of energy use)",2016,73.0986401261331,,0
GEO,Georgia,EG.IMP.CONS.ZS,"Energy imports, net (% of energy use)",2015,73.8338314892229,,0
GEO,Georgia,EG.IMP.CONS.ZS,"Energy imports, net (% of energy use)",2014,71.0189832222526,,0
GEO,Georgia,EG.IMP.CONS.ZS,"Energy imports, net (% of energy use)",2013,67.832308372523,,0
GEO,Georgia,EG.IMP.CONS.ZS,"Energy imports, net (% of energy use)",2012,71.4211136890952,,0
GEO,Georgia,EG.IMP.CONS.ZS,"Energy imports, net (% of energy use)",2011,69.4961963735842,,0
GEO,Georgia,EG.IMP.CONS.ZS,"Energy imports, net (% of energy use)",2010,59.2294276928725,,0
GEO,Georgia,EG.IMP.CONS.ZS,"Energy imports, net (% of energy use)",2009,63.0552019442193,,0
GEO,Georgia,EG.IMP.CONS.ZS,"Energy imports, net (% of energy use)",2008,65.4014911848401,,0
GEO,Georgia,EG.IMP.CONS.ZS,"Energy imports, net (% of energy use)",2007,69.4903866771496,,0
GEO,Georgia,EG.IMP.CONS.ZS,"Energy imports, net (% of energy use)",2006,70.7513057452793,,0
GEO,Georgia,EG.IMP.CONS.ZS,"Energy imports, net (% of energy use)",2005,66.8146429232036,,0
GEO,Georgia,EG.IMP.CONS.ZS,"Energy imports, net (% of energy use)",2004,55.0861069357956,,0
GEO,Georgia,EG.IMP.CONS.ZS,"Energy imports, net (% of energy use)",2003,49.2787400462594,,0
GEO,Georgia,EG.IMP.CONS.ZS,"Energy imports, net (% of energy use)",2002,47.2417807318952,,0
GEO,Georgia,EG.IMP.CONS.ZS,"Energy imports, net (% of energy use)",2001,50.4213548393092,,0
GEO,Georgia,EG.IMP.CONS.ZS,"Energy imports, net (% of energy use)",2000,54.3200319632421,,0
GEO,Georgia,EG.IMP.CONS.ZS,"Energy imports, net (% of energy use)",1999,57.1668898273081,,0
GEO,Georgia,EG.IMP.CONS.ZS,"Energy imports, net (% of energy use)",1998,59.5769424189085,,0
GEO,Georgia,EG.IMP.CONS.ZS,"Energy imports, net (% of energy use)",1997,60.9808009414296,,0
GEO,Georgia,EG.IMP.CONS.ZS,"Energy imports, net (% of energy use)",1996,61.0363447427308,,0
GEO,Georgia,EG.IMP.CONS.ZS,"Energy imports, net (% of energy use)",1995,69.1843655642385,,0
GEO,Georgia,EG.IMP.CONS.ZS,"Energy imports, net (% of energy use)",1994,81.1027676245533,,0
GEO,Georgia,EG.IMP.CONS.ZS,"Energy imports, net (% of energy use)",1993,79.3633245813495,,0
GEO,Georgia,EG.IMP.CONS.ZS,"Energy imports, net (% of energy use)",1992,86.0862970062192,,0
GEO,Georgia,EG.IMP.CONS.ZS,"Energy imports, net (% of energy use)",1991,87.5424298497107,,0
GEO,Georgia,EG.IMP.CONS.ZS,"Energy imports, net (% of energy use)",1990,85.1140075171486,,0
DEU,Germany,EG.IMP.CONS.ZS,"Energy imports, net (% of energy use)",2023,70.4874265375658,,0
DEU,Germany,EG.IMP.CONS.ZS,"Energy imports, net (% of energy use)",2022,71.7534093856193,,0
DEU,Germany,EG.IMP.CONS.ZS,"Energy imports, net (% of energy use)",2021,65.4045618672755,,0
DEU,Germany,EG.IMP.CONS.ZS,"Energy imports, net (% of energy use)",2020,65.3856005738018,,0
DEU,Germany,EG.IMP.CONS.ZS,"Energy imports, net (% of energy use)",2019,69.9240006475155,,0
DEU,Germany,EG.IMP.CONS.ZS,"Energy imports, net (% of energy use)",2018,66.2019306623099,,0
DEU,Germany,EG.IMP.CONS.ZS,"Energy imports, net (% of energy use)",2017,66.6211966116221,,0
DEU,Germany,EG.IMP.CONS.ZS,"Energy imports, net (% of energy use)",2016,66.3064728203049,,0
DEU,Germany,EG.IMP.CONS.ZS,"Energy imports, net (% of energy use)",2015,64.435449668835,,0
DEU,Germany,EG.IMP.CONS.ZS,"Energy imports, net (% of energy use)",2014,64.0352360163442,,0
DEU,Germany,EG.IMP.CONS.ZS,"Energy imports, net (% of energy use)",2013,64.6341861183046,,0
DEU,Germany,EG.IMP.CONS.ZS,"Energy imports, net (% of energy use)",2012,63.4091868018455,,0
DEU,Germany,EG.IMP.CONS.ZS,"Energy imports, net (% of energy use)",2011,63.9626026669831,,0
DEU,Germany,EG.IMP.CONS.ZS,"Energy imports, net (% of energy use)",2010,62.0536486295109,,0
DEU,Germany,EG.IMP.CONS.ZS,"Energy imports, net (% of energy use)",2009,63.2780731769109,,0
DEU,Germany,EG.IMP.CONS.ZS,"Energy imports, net (% of energy use)",2008,62.8465530476543,,0
DEU,Germany,EG.IMP.CONS.ZS,"Energy imports, net (% of energy use)",2007,60.5578292354181,,0
DEU,Germany,EG.IMP.CONS.ZS,"Energy imports, net (% of energy use)",2006,62.8343075975222,,0
DEU,Germany,EG.IMP.CONS.ZS,"Energy imports, net (% of energy use)",2005,62.530571039464,,0
DEU,Germany,EG.IMP.CONS.ZS,"Energy imports, net (% of energy use)",2004,62.8650670376201,,0
DEU,Germany,EG.IMP.CONS.ZS,"Energy imports, net (% of energy use)",2003,62.269879079911,,0
DEU,Germany,EG.IMP.CONS.ZS,"Energy imports, net (% of energy use)",2002,61.7994878938763,,0
DEU,Germany,EG.IMP.CONS.ZS,"Energy imports, net (% of energy use)",2001,62.5050248519619,,0
DEU,Germany,EG.IMP.CONS.ZS,"Energy imports, net (% of energy use)",2000,61.1039580456091,,0
DEU,Germany,EG.IMP.CONS.ZS,"Energy imports, net (% of energy use)",1999,60.8209367337946,,0
DEU,Germany,EG.IMP.CONS.ZS,"Energy imports, net (% of energy use)",1998,62.4806138888732,,0
DEU,Germany,EG.IMP.CONS.ZS,"Energy imports, net (% of energy use)",1997,60.7580779877823,,0
DEU,Germany,EG.IMP.CONS.ZS,"Energy imports, net (% of energy use)",1996,60.0134994531294,,0
DEU,Germany,EG.IMP.CONS.ZS,"Energy imports, net (% of energy use)",1995,58.1139590349258,,0
DEU,Germany,EG.IMP.CONS.ZS,"Energy imports, net (% of energy use)",1994,58.0653582789523,,0
DEU,Germany,EG.IMP.CONS.ZS,"Energy imports, net (% of energy use)",1993,56.7153902549351,,0
DEU,Germany,EG.IMP.CONS.ZS,"Energy imports, net (% of energy use)",1992,55.6615682599745,,0
DEU,Germany,EG.IMP.CONS.ZS,"Energy imports, net (% of energy use)",1991,52.6352207719128,,0
DEU,Germany,EG.IMP.CONS.ZS,"Energy imports, net (% of energy use)",1990,47.6281861268553,,0
GHA,Ghana,EG.IMP.CONS.ZS,"Energy imports, net (% of energy use)",2022,-22.3656522253718,,0
GHA,Ghana,EG.IMP.CONS.ZS,"Energy imports, net (% of energy use)",2021,-25.7331290522235,,0
GHA,Ghana,EG.IMP.CONS.ZS,"Energy imports, net (% of energy use)",2020,-35.645638723023,,0
GHA,Ghana,EG.IMP.CONS.ZS,"Energy imports, net (% of energy use)",2019,-43.1680481770753,,0
GHA,Ghana,EG.IMP.CONS.ZS,"Energy imports, net (% of energy use)",2018,-33.6512710092446,,0
GHA,Ghana,EG.IMP.CONS.ZS,"Energy imports, net (% of energy use)",2017,-37.0331149423012,,0
GHA,Ghana,EG.IMP.CONS.ZS,"Energy imports, net (% of energy use)",2016,5.7147819614168,,0
GHA,Ghana,EG.IMP.CONS.ZS,"Energy imports, net (% of energy use)",2015,-6.41022724687796,,0
GHA,Ghana,EG.IMP.CONS.ZS,"Energy imports, net (% of energy use)",2014,-7.6917979776561,,0
GHA,Ghana,EG.IMP.CONS.ZS,"Energy imports, net (% of energy use)",2013,-6.85217569377266,,0
GHA,Ghana,EG.IMP.CONS.ZS,"Energy imports, net (% of energy use)",2012,7.75466134226041,,0
GHA,Ghana,EG.IMP.CONS.ZS,"Energy imports, net (% of energy use)",2011,7.61456684008141,,0
GHA,Ghana,EG.IMP.CONS.ZS,"Energy imports, net (% of energy use)",2010,49.2739443220103,,0
GHA,Ghana,EG.IMP.CONS.ZS,"Energy imports, net (% of energy use)",2009,47.8609316332505,,0
GHA,Ghana,EG.IMP.CONS.ZS,"Energy imports, net (% of energy use)",2008,47.4672851702316,,0
GHA,Ghana,EG.IMP.CONS.ZS,"Energy imports, net (% of energy use)",2007,48.117386913142,,0
GHA,Ghana,EG.IMP.CONS.ZS,"Energy imports, net (% of energy use)",2006,45.6424248362564,,0
GHA,Ghana,EG.IMP.CONS.ZS,"Energy imports, net (% of energy use)",2005,40.3222333713849,,0
GHA,Ghana,EG.IMP.CONS.ZS,"Energy imports, net (% of energy use)",2004,38.7387168883876,,0
GHA,Ghana,EG.IMP.CONS.ZS,"Energy imports, net (% of energy use)",2003,39.7283328281781,,0
GHA,Ghana,EG.IMP.CONS.ZS,"Energy imports, net (% of energy use)",2002,38.8619983309308,,0
GHA,Ghana,EG.IMP.CONS.ZS,"Energy imports, net (% of energy use)",2001,34.2099590428972,,0
GHA,Ghana,EG.IMP.CONS.ZS,"Energy imports, net (% of energy use)",2000,31.9734030100965,,0
GHA,Ghana,EG.IMP.CONS.ZS,"Energy imports, net (% of energy use)",1999,28.591495458091,,0
GHA,Ghana,EG.IMP.CONS.ZS,"Energy imports, net (% of energy use)",1998,28.0469569991442,,0
GHA,Ghana,EG.IMP.CONS.ZS,"Energy imports, net (% of energy use)",1997,21.7245768061446,,0
GHA,Ghana,EG.IMP.CONS.ZS,"Energy imports, net (% of energy use)",1996,20.0307841750769,,0
GHA,Ghana,EG.IMP.CONS.ZS,"Energy imports, net (% of energy use)",1995,17.8187494695043,,0
GHA,Ghana,EG.IMP.CONS.ZS,"Energy imports, net (% of energy use)",1994,18.5407645747792,,0
GHA,Ghana,EG.IMP.CONS.ZS,"Energy imports, net (% of energy use)",1993,15.2941507469826,,0
GHA,Ghana,EG.IMP.CONS.ZS,"Energy imports, net (% of energy use)",1992,16.2408928195409,,0
GHA,Ghana,EG.IMP.CONS.ZS,"Energy imports, net (% of energy use)",1991,16.2967809473959,,0
GHA,Ghana,EG.IMP.CONS.ZS,"Energy imports, net (% of energy use)",1990,18.250712019246,,0
GRC,Greece,EG.IMP.CONS.ZS,"Energy imports, net (% of energy use)",2023,89.2460562263153,,0
GRC,Greece,EG.IMP.CONS.ZS,"Energy imports, net (% of energy use)",2022,92.9081404835987,,0
GRC,Greece,EG.IMP.CONS.ZS,"Energy imports, net (% of energy use)",2021,84.5570729381142,,0
GRC,Greece,EG.IMP.CONS.ZS,"Energy imports, net (% of energy use)",2020,91.2123161318513,,0
GRC,Greece,EG.IMP.CONS.ZS,"Energy imports, net (% of energy use)",2019,87.4989989849166,,0
GRC,Greece,EG.IMP.CONS.ZS,"Energy imports, net (% of energy use)",2018,82.0229123086558,,0
GRC,Greece,EG.IMP.CONS.ZS,"Energy imports, net (% of energy use)",2017,81.8522814918663,,0
GRC,Greece,EG.IMP.CONS.ZS,"Energy imports, net (% of energy use)",2016,81.3830379677673,,0
GRC,Greece,EG.IMP.CONS.ZS,"Energy imports, net (% of energy use)",2015,79.0743652188211,,0
GRC,Greece,EG.IMP.CONS.ZS,"Energy imports, net (% of energy use)",2014,72.9934014680342,,0
GRC,Greece,EG.IMP.CONS.ZS,"Energy imports, net (% of energy use)",2013,69.1390083334951,,0
GRC,Greece,EG.IMP.CONS.ZS,"Energy imports, net (% of energy use)",2012,73.0863184506148,,0
GRC,Greece,EG.IMP.CONS.ZS,"Energy imports, net (% of energy use)",2011,73.1050157089062,,0
GRC,Greece,EG.IMP.CONS.ZS,"Energy imports, net (% of energy use)",2010,76.9932416098575,,0
GRC,Greece,EG.IMP.CONS.ZS,"Energy imports, net (% of energy use)",2009,75.2206016954779,,0
GRC,Greece,EG.IMP.CONS.ZS,"Energy imports, net (% of energy use)",2008,82.6111229159919,,0
GRC,Greece,EG.IMP.CONS.ZS,"Energy imports, net (% of energy use)",2007,80.6025864165749,,0
GRC,Greece,EG.IMP.CONS.ZS,"Energy imports, net (% of energy use)",2006,80.8432393562162,,0
GRC,Greece,EG.IMP.CONS.ZS,"Energy imports, net (% of energy use)",2005,76.3429277475754,,0
GRC,Greece,EG.IMP.CONS.ZS,"Energy imports, net (% of energy use)",2004,82.0243063745665,,0
GRC,Greece,EG.IMP.CONS.ZS,"Energy imports, net (% of energy use)",2003,76.4057944941676,,0
GRC,Greece,EG.IMP.CONS.ZS,"Energy imports, net (% of energy use)",2002,81.0854885329495,,0
GRC,Greece,EG.IMP.CONS.ZS,"Energy imports, net (% of energy use)",2001,78.8305966001695,,0
GRC,Greece,EG.IMP.CONS.ZS,"Energy imports, net (% of energy use)",2000,80.223883880255,,0
GRC,Greece,EG.IMP.CONS.ZS,"Energy imports, net (% of energy use)",1999,75.9457186126026,,0
GRC,Greece,EG.IMP.CONS.ZS,"Energy imports, net (% of energy use)",1998,81.4450775561887,,0
GRC,Greece,EG.IMP.CONS.ZS,"Energy imports, net (% of energy use)",1997,78.0139131969468,,0
GRC,Greece,EG.IMP.CONS.ZS,"Energy imports, net (% of energy use)",1996,79.2737537351208,,0
GRC,Greece,EG.IMP.CONS.ZS,"Energy imports, net (% of energy use)",1995,79.3540627527636,,0
GRC,Greece,EG.IMP.CONS.ZS,"Energy imports, net (% of energy use)",1994,69.399757110572,,0
GRC,Greece,EG.IMP.CONS.ZS,"Energy imports, net (% of energy use)",1993,78.0878482422706,,0
GRC,Greece,EG.IMP.CONS.ZS,"Energy imports, net (% of energy use)",1992,79.370736452081,,0
GRC,Greece,EG.IMP.CONS.ZS,"Energy imports, net (% of energy use)",1991,71.8564614342587,,0
GRC,Greece,EG.IMP.CONS.ZS,"Energy imports, net (% of energy use)",1990,71.4542248304243,,0
GTM,Guatemala,EG.IMP.CONS.ZS,"Energy imports, net (% of energy use)",2022,38.364016749015,,0
GTM,Guatemala,EG.IMP.CONS.ZS,"Energy imports, net (% of energy use)",2021,39.9219063198904,,0
GTM,Guatemala,EG.IMP.CONS.ZS,"Energy imports, net (% of energy use)",2020,34.7294006020372,,0
GTM,Guatemala,EG.IMP.CONS.ZS,"Energy imports, net (% of energy use)",2019,42.4375549346034,,0
GTM,Guatemala,EG.IMP.CONS.ZS,"Energy imports, net (% of energy use)",2018,35.695301965492,,0
GTM,Guatemala,EG.IMP.CONS.ZS,"Energy imports, net (% of energy use)",2017,35.5112619561864,,0
GTM,Guatemala,EG.IMP.CONS.ZS,"Energy imports, net (% of energy use)",2016,37.5216198222507,,0
GTM,Guatemala,EG.IMP.CONS.ZS,"Energy imports, net (% of energy use)",2015,39.1754535594274,,0
GTM,Guatemala,EG.IMP.CONS.ZS,"Energy imports, net (% of energy use)",2014,33.3916020541738,,0
GTM,Guatemala,EG.IMP.CONS.ZS,"Energy imports, net (% of energy use)",2013,31.635439421946,,0
GTM,Guatemala,EG.IMP.CONS.ZS,"Energy imports, net (% of energy use)",2012,30.4311357878281,,0
GTM,Guatemala,EG.IMP.CONS.ZS,"Energy imports, net (% of energy use)",2011,29.8869749988699,,0
GTM,Guatemala,EG.IMP.CONS.ZS,"Energy imports, net (% of energy use)",2010,29.0617474187329,,0
GTM,Guatemala,EG.IMP.CONS.ZS,"Energy imports, net (% of energy use)",2009,32.3197901793305,,0
GTM,Guatemala,EG.IMP.CONS.ZS,"Energy imports, net (% of energy use)",2008,28.6052292671239,,0
GTM,Guatemala,EG.IMP.CONS.ZS,"Energy imports, net (% of energy use)",2007,33.1901324992229,,0
GTM,Guatemala,EG.IMP.CONS.ZS,"Energy imports, net (% of energy use)",2006,29.0430846081798,,0
GTM,Guatemala,EG.IMP.CONS.ZS,"Energy imports, net (% of energy use)",2005,31.6683478967157,,0
GTM,Guatemala,EG.IMP.CONS.ZS,"Energy imports, net (% of energy use)",2004,20.0343603928127,,0
GTM,Guatemala,EG.IMP.CONS.ZS,"Energy imports, net (% of energy use)",2003,23.9563791488573,,0
GTM,Guatemala,EG.IMP.CONS.ZS,"Energy imports, net (% of energy use)",2002,24.5057906785299,,0
GTM,Guatemala,EG.IMP.CONS.ZS,"Energy imports, net (% of energy use)",2001,29.0420032310177,,0
GTM,Guatemala,EG.IMP.CONS.ZS,"Energy imports, net (% of energy use)",2000,26.8665325240579,,0
GTM,Guatemala,EG.IMP.CONS.ZS,"Energy imports, net (% of energy use)",1999,24.5022118118759,,0
GTM,Guatemala,EG.IMP.CONS.ZS,"Energy imports, net (% of energy use)",1998,27.3417303989629,,0
GTM,Guatemala,EG.IMP.CONS.ZS,"Energy imports, net (% of energy use)",1997,23.2008006171424,,0
GTM,Guatemala,EG.IMP.CONS.ZS,"Energy imports, net (% of energy use)",1996,26.8493915714429,,0
GTM,Guatemala,EG.IMP.CONS.ZS,"Energy imports, net (% of energy use)",1995,32.7008798443008,,0
GTM,Guatemala,EG.IMP.CONS.ZS,"Energy imports, net (% of energy use)",1994,33.7292409686045,,0
GTM,Guatemala,EG.IMP.CONS.ZS,"Energy imports, net (% of energy use)",1993,30.2480629467236,,0
GTM,Guatemala,EG.IMP.CONS.ZS,"Energy imports, net (% of energy use)",1992,30.3341183984672,,0
GTM,Guatemala,EG.IMP.CONS.ZS,"Energy imports, net (% of energy use)",1991,29.8645034953255,,0
GTM,Guatemala,EG.IMP.CONS.ZS,"Energy imports, net (% of energy use)",1990,26.3323732594147,,0
HND,Honduras,EG.IMP.CONS.ZS,"Energy imports, net (% of energy use)",2023,60.5670375858002,,0
HND,Honduras,EG.IMP.CONS.ZS,"Energy imports, net (% of energy use)",2022,55.5117185478317,,0
HND,Honduras,EG.IMP.CONS.ZS,"Energy imports, net (% of energy use)",2021,54.8134603402144,,0
HND,Honduras,EG.IMP.CONS.ZS,"Energy imports, net (% of energy use)",2020,52.2103757638799,,0
HND,Honduras,EG.IMP.CONS.ZS,"Energy imports, net (% of energy use)",2019,54.0481805721906,,0
HND,Honduras,EG.IMP.CONS.ZS,"Energy imports, net (% of energy use)",2018,51.6136292807922,,0
HND,Honduras,EG.IMP.CONS.ZS,"Energy imports, net (% of energy use)",2017,61.5530399566282,,0
HND,Honduras,EG.IMP.CONS.ZS,"Energy imports, net (% of energy use)",2016,46.3187405827768,,0
HND,Honduras,EG.IMP.CONS.ZS,"Energy imports, net (% of energy use)",2015,43.6751771436639,,0
HND,Honduras,EG.IMP.CONS.ZS,"Energy imports, net (% of energy use)",2014,51.9491680699397,,0
HND,Honduras,EG.IMP.CONS.ZS,"Energy imports, net (% of energy use)",2013,53.7773399014778,,0
HND,Honduras,EG.IMP.CONS.ZS,"Energy imports, net (% of energy use)",2012,51.6646414463211,,0
HND,Honduras,EG.IMP.CONS.ZS,"Energy imports, net (% of energy use)",2011,51.8315085774272,,0
HND,Honduras,EG.IMP.CONS.ZS,"Energy imports, net (% of energy use)",2010,48.8027481909099,,0
HND,Honduras,EG.IMP.CONS.ZS,"Energy imports, net (% of energy use)",2009,49.1021821817695,,0
HND,Honduras,EG.IMP.CONS.ZS,"Energy imports, net (% of energy use)",2008,51.7223825740799,,0
HND,Honduras,EG.IMP.CONS.ZS,"Energy imports, net (% of energy use)",2007,53.2840752211702,,0
HND,Honduras,EG.IMP.CONS.ZS,"Energy imports, net (% of energy use)",2006,53.2719949542453,,0
HND,Honduras,EG.IMP.CONS.ZS,"Energy imports, net (% of energy use)",2005,53.246040126716,,0
HND,Honduras,EG.IMP.CONS.ZS,"Energy imports, net (% of energy use)",2004,56.4280542607364,,0
HND,Honduras,EG.IMP.CONS.ZS,"Energy imports, net (% of energy use)",2003,55.4002788495834,,0
HND,Honduras,EG.IMP.CONS.ZS,"Energy imports, net (% of energy use)",2002,56.3144475122557,,0
HND,Honduras,EG.IMP.CONS.ZS,"Energy imports, net (% of energy use)",2001,53.7682175404935,,0
HND,Honduras,EG.IMP.CONS.ZS,"Energy imports, net (% of energy use)",2000,50.2948690399446,,0
HND,Honduras,EG.IMP.CONS.ZS,"Energy imports, net (% of energy use)",1999,49.6869420307108,,0
HND,Honduras,EG.IMP.CONS.ZS,"Energy imports, net (% of energy use)",1998,42.8977721598987,,0
HND,Honduras,EG.IMP.CONS.ZS,"Energy imports, net (% of energy use)",1997,39.7367487623952,,0
HND,Honduras,EG.IMP.CONS.ZS,"Energy imports, net (% of energy use)",1996,42.265965869847,,0
HND,Honduras,EG.IMP.CONS.ZS,"Energy imports, net (% of energy use)",1995,43.0115438284919,,0
HND,Honduras,EG.IMP.CONS.ZS,"Energy imports, net (% of energy use)",1994,39.277814742218,,0
HND,Honduras,EG.IMP.CONS.ZS,"Energy imports, net (% of energy use)",1993,33.909853738671,,0
HND,Honduras,EG.IMP.CONS.ZS,"Energy imports, net (% of energy use)",1992,33.2039112807059,,0
HND,Honduras,EG.IMP.CONS.ZS,"Energy imports, net (% of energy use)",1991,32.014406383381,,0
HND,Honduras,EG.IMP.CONS.ZS,"Energy imports, net (% of energy use)",1990,29.6272506473435,,0
HKG,"Hong Kong SAR, China",EG.IMP.CONS.ZS,"Energy imports, net (% of energy use)",2022,175.706507863695,,0
HKG,"Hong Kong SAR, China",EG.IMP.CONS.ZS,"Energy imports, net (% of energy use)",2021,181.84809194587,,0
HKG,"Hong Kong SAR, China",EG.IMP.CONS.ZS,"Energy imports, net (% of energy use)",2020,191.265441386389,,0
HKG,"Hong Kong SAR, China",EG.IMP.CONS.ZS,"Energy imports, net (% of energy use)",2019,220.536719141955,,0
HKG,"Hong Kong SAR, China",EG.IMP.CONS.ZS,"Energy imports, net (% of energy use)",2018,226.605754647412,,0
HKG,"Hong Kong SAR, China",EG.IMP.CONS.ZS,"Energy imports, net (% of energy use)",2017,230.018642326729,,0
HKG,"Hong Kong SAR, China",EG.IMP.CONS.ZS,"Energy imports, net (% of energy use)",2016,202.968093657828,,0
HKG,"Hong Kong SAR, China",EG.IMP.CONS.ZS,"Energy imports, net (% of energy use)",2015,203.741968587536,,0
HKG,"Hong Kong SAR, China",EG.IMP.CONS.ZS,"Energy imports, net (% of energy use)",2014,200.947864831665,,0
HKG,"Hong Kong SAR, China",EG.IMP.CONS.ZS,"Energy imports, net (% of energy use)",2013,209.129123576926,,0
HKG,"Hong Kong SAR, China",EG.IMP.CONS.ZS,"Energy imports, net (% of energy use)",2012,202.986835664786,,0
HKG,"Hong Kong SAR, China",EG.IMP.CONS.ZS,"Energy imports, net (% of energy use)",2011,207.103744535007,,0
HKG,"Hong Kong SAR, China",EG.IMP.CONS.ZS,"Energy imports, net (% of energy use)",2010,234.044423378603,,0
HKG,"Hong Kong SAR, China",EG.IMP.CONS.ZS,"Energy imports, net (% of energy use)",2009,209.037278690779,,0
HKG,"Hong Kong SAR, China",EG.IMP.CONS.ZS,"Energy imports, net (% of energy use)",2008,185.88489775875,,0
HKG,"Hong Kong SAR, China",EG.IMP.CONS.ZS,"Energy imports, net (% of energy use)",2007,193.806449434979,,0
HKG,"Hong Kong SAR, China",EG.IMP.CONS.ZS,"Energy imports, net (% of energy use)",2006,193.814434880198,,0
HKG,"Hong Kong SAR, China",EG.IMP.CONS.ZS,"Energy imports, net (% of energy use)",2005,182.173158594292,,0
HKG,"Hong Kong SAR, China",EG.IMP.CONS.ZS,"Energy imports, net (% of energy use)",2004,203.442168593254,,0
HKG,"Hong Kong SAR, China",EG.IMP.CONS.ZS,"Energy imports, net (% of energy use)",2003,162.64855687606,,0
HKG,"Hong Kong SAR, China",EG.IMP.CONS.ZS,"Energy imports, net (% of energy use)",2002,166.610028910889,,0
HKG,"Hong Kong SAR, China",EG.IMP.CONS.ZS,"Energy imports, net (% of energy use)",2001,149.578854058642,,0
HKG,"Hong Kong SAR, China",EG.IMP.CONS.ZS,"Energy imports, net (% of energy use)",2000,140.762477214713,,0
HKG,"Hong Kong SAR, China",EG.IMP.CONS.ZS,"Energy imports, net (% of energy use)",1999,141.495054174325,,0
HKG,"Hong Kong SAR, China",EG.IMP.CONS.ZS,"Energy imports, net (% of energy use)",1998,144.290769496675,,0
HKG,"Hong Kong SAR, China",EG.IMP.CONS.ZS,"Energy imports, net (% of energy use)",1997,150.523928338928,,0
HKG,"Hong Kong SAR, China",EG.IMP.CONS.ZS,"Energy imports, net (% of energy use)",1996,148.173894409069,,0
HKG,"Hong Kong SAR, China",EG.IMP.CONS.ZS,"Energy imports, net (% of energy use)",1995,144.105199187089,,0
HKG,"Hong Kong SAR, China",EG.IMP.CONS.ZS,"Energy imports, net (% of energy use)",1994,137.007269867454,,0
HKG,"Hong Kong SAR, China",EG.IMP.CONS.ZS,"Energy imports, net (% of energy use)",1993,138.018439852178,,0
HKG,"Hong Kong SAR, China",EG.IMP.CONS.ZS,"Energy imports, net (% of energy use)",1992,125.43467892295,,0
HKG,"Hong Kong SAR, China",EG.IMP.CONS.ZS,"Energy imports, net (% of energy use)",1991,121.39036520552,,0
HKG,"Hong Kong SAR, China",EG.IMP.CONS.ZS,"Energy imports, net (% of energy use)",1990,127.266128046295,,0
HUN,Hungary,EG.IMP.CONS.ZS,"Energy imports, net (% of energy use)",2023,62.5098125396588,,0
HUN,Hungary,EG.IMP.CONS.ZS,"Energy imports, net (% of energy use)",2022,64.4447152754582,,0
HUN,Hungary,EG.IMP.CONS.ZS,"Energy imports, net (% of energy use)",2021,53.9649094724242,,0
HUN,Hungary,EG.IMP.CONS.ZS,"Energy imports, net (% of energy use)",2020,56.406876556078,,0
HUN,Hungary,EG.IMP.CONS.ZS,"Energy imports, net (% of energy use)",2019,69.8126666218606,,0
HUN,Hungary,EG.IMP.CONS.ZS,"Energy imports, net (% of energy use)",2018,58.3633848116503,,0
HUN,Hungary,EG.IMP.CONS.ZS,"Energy imports, net (% of energy use)",2017,62.7320595622535,,0
HUN,Hungary,EG.IMP.CONS.ZS,"Energy imports, net (% of energy use)",2016,55.8033314415332,,0
HUN,Hungary,EG.IMP.CONS.ZS,"Energy imports, net (% of energy use)",2015,53.8368549697642,,0
HUN,Hungary,EG.IMP.CONS.ZS,"Energy imports, net (% of energy use)",2014,59.731732642703,,0
HUN,Hungary,EG.IMP.CONS.ZS,"Energy imports, net (% of energy use)",2013,50.0908153993331,,0
HUN,Hungary,EG.IMP.CONS.ZS,"Energy imports, net (% of energy use)",2012,50.1848614699194,,0
HUN,Hungary,EG.IMP.CONS.ZS,"Energy imports, net (% of energy use)",2011,50.4161946601092,,0
HUN,Hungary,EG.IMP.CONS.ZS,"Energy imports, net (% of energy use)",2010,57.0134955817981,,0
HUN,Hungary,EG.IMP.CONS.ZS,"Energy imports, net (% of energy use)",2009,58.1696669826863,,0
HUN,Hungary,EG.IMP.CONS.ZS,"Energy imports, net (% of energy use)",2008,63.2313465736573,,0
HUN,Hungary,EG.IMP.CONS.ZS,"Energy imports, net (% of energy use)",2007,60.7501538278145,,0
HUN,Hungary,EG.IMP.CONS.ZS,"Energy imports, net (% of energy use)",2006,62.3591601023714,,0
HUN,Hungary,EG.IMP.CONS.ZS,"Energy imports, net (% of energy use)",2005,62.8757698028675,,0
HUN,Hungary,EG.IMP.CONS.ZS,"Energy imports, net (% of energy use)",2004,61.5801011541762,,0
HUN,Hungary,EG.IMP.CONS.ZS,"Energy imports, net (% of energy use)",2003,62.5385257113722,,0
HUN,Hungary,EG.IMP.CONS.ZS,"Energy imports, net (% of energy use)",2002,57.3270695173496,,0
HUN,Hungary,EG.IMP.CONS.ZS,"Energy imports, net (% of energy use)",2001,53.8254634069883,,0
HUN,Hungary,EG.IMP.CONS.ZS,"Energy imports, net (% of energy use)",2000,55.4770550958581,,0
HUN,Hungary,EG.IMP.CONS.ZS,"Energy imports, net (% of energy use)",1999,53.8394030415508,,0
HUN,Hungary,EG.IMP.CONS.ZS,"Energy imports, net (% of energy use)",1998,55.0065309651419,,0
HUN,Hungary,EG.IMP.CONS.ZS,"Energy imports, net (% of energy use)",1997,51.6491054718565,,0
HUN,Hungary,EG.IMP.CONS.ZS,"Energy imports, net (% of energy use)",1996,51.5679517785964,,0
HUN,Hungary,EG.IMP.CONS.ZS,"Energy imports, net (% of energy use)",1995,48.0590129528463,,0
HUN,Hungary,EG.IMP.CONS.ZS,"Energy imports, net (% of energy use)",1994,47.0715835140999,,0
HUN,Hungary,EG.IMP.CONS.ZS,"Energy imports, net (% of energy use)",1993,47.6563770463317,,0
HUN,Hungary,EG.IMP.CONS.ZS,"Energy imports, net (% of energy use)",1992,44.443821351413,,0
HUN,Hungary,EG.IMP.CONS.ZS,"Energy imports, net (% of energy use)",1991,46.063416372153,,0
HUN,Hungary,EG.IMP.CONS.ZS,"Energy imports, net (% of energy use)",1990,49.1978551940681,,0
ISL,Iceland,EG.IMP.CONS.ZS,"Energy imports, net (% of energy use)",2009,20.4889143459192,,0
IND,India,EG.IMP.CONS.ZS,"Energy imports, net (% of energy use)",2023,36.0871843474496,,0
IND,India,EG.IMP.CONS.ZS,"Energy imports, net (% of energy use)",2022,36.529412379469,,0
IND,India,EG.IMP.CONS.ZS,"Energy imports, net (% of energy use)",2021,35.0355799640062,,0
IND,India,EG.IMP.CONS.ZS,"Energy imports, net (% of energy use)",2020,37.481252772155,,0
IND,India,EG.IMP.CONS.ZS,"Energy imports, net (% of energy use)",2019,39.2996982985914,,0
IND,India,EG.IMP.CONS.ZS,"Energy imports, net (% of energy use)",2018,37.5843467719926,,0
IND,India,EG.IMP.CONS.ZS,"Energy imports, net (% of energy use)",2017,37.4713105330607,,0
IND,India,EG.IMP.CONS.ZS,"Energy imports, net (% of energy use)",2016,37.3874186548518,,0
IND,India,EG.IMP.CONS.ZS,"Energy imports, net (% of energy use)",2015,37.2827822095164,,0
IND,India,EG.IMP.CONS.ZS,"Energy imports, net (% of energy use)",2014,36.5423025911346,,0
IND,India,EG.IMP.CONS.ZS,"Energy imports, net (% of energy use)",2013,34.024000893281,,0
IND,India,EG.IMP.CONS.ZS,"Energy imports, net (% of energy use)",2012,32.8228389038316,,0
IND,India,EG.IMP.CONS.ZS,"Energy imports, net (% of energy use)",2011,31.1609590704357,,0
IND,India,EG.IMP.CONS.ZS,"Energy imports, net (% of energy use)",2010,30.2219214810602,,0
IND,India,EG.IMP.CONS.ZS,"Energy imports, net (% of energy use)",2009,29.3426479119283,,0
IND,India,EG.IMP.CONS.ZS,"Energy imports, net (% of energy use)",2008,28.4555744181546,,0
IND,India,EG.IMP.CONS.ZS,"Energy imports, net (% of energy use)",2007,27.0601259049498,,0
IND,India,EG.IMP.CONS.ZS,"Energy imports, net (% of energy use)",2006,26.0473139148163,,0
IND,India,EG.IMP.CONS.ZS,"Energy imports, net (% of energy use)",2005,24.7403711279846,,0
IND,India,EG.IMP.CONS.ZS,"Energy imports, net (% of energy use)",2004,23.0511620657529,,0
IND,India,EG.IMP.CONS.ZS,"Energy imports, net (% of energy use)",2003,22.3528918245213,,0
IND,India,EG.IMP.CONS.ZS,"Energy imports, net (% of energy use)",2002,22.1969266729062,,0
IND,India,EG.IMP.CONS.ZS,"Energy imports, net (% of energy use)",2001,21.6071184549194,,0
IND,India,EG.IMP.CONS.ZS,"Energy imports, net (% of energy use)",2000,21.8848024647478,,0
IND,India,EG.IMP.CONS.ZS,"Energy imports, net (% of energy use)",1999,21.3260734857601,,0
IND,India,EG.IMP.CONS.ZS,"Energy imports, net (% of energy use)",1998,19.3430695615077,,0
IND,India,EG.IMP.CONS.ZS,"Energy imports, net (% of energy use)",1997,17.9400177739706,,0
IND,India,EG.IMP.CONS.ZS,"Energy imports, net (% of energy use)",1996,16.962490967005,,0
IND,India,EG.IMP.CONS.ZS,"Energy imports, net (% of energy use)",1995,15.3877869885612,,0
IND,India,EG.IMP.CONS.ZS,"Energy imports, net (% of energy use)",1994,14.0342931675683,,0
IND,India,EG.IMP.CONS.ZS,"Energy imports, net (% of energy use)",1993,14.3248846942246,,0
IND,India,EG.IMP.CONS.ZS,"Energy imports, net (% of energy use)",1992,13.8799860050521,,0
IND,India,EG.IMP.CONS.ZS,"Energy imports, net (% of energy use)",1991,12.0006673214793,,0
IND,India,EG.IMP.CONS.ZS,"Energy imports, net (% of energy use)",1990,11.3029434814426,,0
IDN,Indonesia,EG.IMP.CONS.ZS,"Energy imports, net (% of energy use)",2023,-89.548816280588,,0
IDN,Indonesia,EG.IMP.CONS.ZS,"Energy imports, net (% of energy use)",2022,-82.9192756077432,,0
IDN,Indonesia,EG.IMP.CONS.ZS,"Energy imports, net (% of energy use)",2021,-84.9370547688609,,0
IDN,Indonesia,EG.IMP.CONS.ZS,"Energy imports, net (% of energy use)",2020,-86.9479731245526,,0
IDN,Indonesia,EG.IMP.CONS.ZS,"Energy imports, net (% of energy use)",2019,-99.1816488656438,,0
IDN,Indonesia,EG.IMP.CONS.ZS,"Energy imports, net (% of energy use)",2018,-98.0132758893818,,0
IDN,Indonesia,EG.IMP.CONS.ZS,"Energy imports, net (% of energy use)",2017,-100.401414525223,,0
IDN,Indonesia,EG.IMP.CONS.ZS,"Energy imports, net (% of energy use)",2016,-106.48517951201,,0
IDN,Indonesia,EG.IMP.CONS.ZS,"Energy imports, net (% of energy use)",2015,-109.271486079706,,0
IDN,Indonesia,EG.IMP.CONS.ZS,"Energy imports, net (% of energy use)",2014,-122.689418915783,,0
IDN,Indonesia,EG.IMP.CONS.ZS,"Energy imports, net (% of energy use)",2013,-134.045158259873,,0
IDN,Indonesia,EG.IMP.CONS.ZS,"Energy imports, net (% of energy use)",2012,-130.298256846713,,0
IDN,Indonesia,EG.IMP.CONS.ZS,"Energy imports, net (% of energy use)",2011,-131.576603738043,,0
IDN,Indonesia,EG.IMP.CONS.ZS,"Energy imports, net (% of energy use)",2010,-103.509561901494,,0
IDN,Indonesia,EG.IMP.CONS.ZS,"Energy imports, net (% of energy use)",2009,-92.4269662627062,,0
IDN,Indonesia,EG.IMP.CONS.ZS,"Energy imports, net (% of energy use)",2008,-90.4267498347048,,0
IDN,Indonesia,EG.IMP.CONS.ZS,"Energy imports, net (% of energy use)",2007,-90.7961529492001,,0
IDN,Indonesia,EG.IMP.CONS.ZS,"Energy imports, net (% of energy use)",2006,-86.1235398993709,,0
IDN,Indonesia,EG.IMP.CONS.ZS,"Energy imports, net (% of energy use)",2005,-67.8765492820002,,0
IDN,Indonesia,EG.IMP.CONS.ZS,"Energy imports, net (% of energy use)",2004,-60.8384444911096,,0
IDN,Indonesia,EG.IMP.CONS.ZS,"Energy imports, net (% of energy use)",2003,-66.008075034348,,0
IDN,Indonesia,EG.IMP.CONS.ZS,"Energy imports, net (% of energy use)",2002,-61.2996884615853,,0
IDN,Indonesia,EG.IMP.CONS.ZS,"Energy imports, net (% of energy use)",2001,-63.3523233370869,,0
IDN,Indonesia,EG.IMP.CONS.ZS,"Energy imports, net (% of energy use)",2000,-64.2403633124196,,0
IDN,Indonesia,EG.IMP.CONS.ZS,"Energy imports, net (% of energy use)",1999,-74.4716098134558,,0
IDN,Indonesia,EG.IMP.CONS.ZS,"Energy imports, net (% of energy use)",1998,-76.466325871854,,0
IDN,Indonesia,EG.IMP.CONS.ZS,"Energy imports, net (% of energy use)",1997,-70.587392096563,,0
IDN,Indonesia,EG.IMP.CONS.ZS,"Energy imports, net (% of energy use)",1996,-73.687407874752,,0
IDN,Indonesia,EG.IMP.CONS.ZS,"Energy imports, net (% of energy use)",1995,-72.7770544145403,,0
IDN,Indonesia,EG.IMP.CONS.ZS,"Energy imports, net (% of energy use)",1994,-85.7263384861501,,0
IDN,Indonesia,EG.IMP.CONS.ZS,"Energy imports, net (% of energy use)",1993,-72.8341933878623,,0
IDN,Indonesia,EG.IMP.CONS.ZS,"Energy imports, net (% of energy use)",1992,-85.0621584620577,,0
IDN,Indonesia,EG.IMP.CONS.ZS,"Energy imports, net (% of energy use)",1991,-88.6265804495251,,0
IDN,Indonesia,EG.IMP.CONS.ZS,"Energy imports, net (% of energy use)",1990,-81.5396591697552,,0
IRN,"Iran, Islamic Rep.",EG.IMP.CONS.ZS,"Energy imports, net (% of energy use)",2022,-32.4944592767049,,0
IRN,"Iran, Islamic Rep.",EG.IMP.CONS.ZS,"Energy imports, net (% of energy use)",2021,-26.5193765008583,,0
IRN,"Iran, Islamic Rep.",EG.IMP.CONS.ZS,"Energy imports, net (% of energy use)",2020,-22.07737264429,,0
IRN,"Iran, Islamic Rep.",EG.IMP.CONS.ZS,"Energy imports, net (% of energy use)",2019,-27.2421274349486,,0
IRN,"Iran, Islamic Rep.",EG.IMP.CONS.ZS,"Energy imports, net (% of energy use)",2018,-49.7887589905094,,0
IRN,"Iran, Islamic Rep.",EG.IMP.CONS.ZS,"Energy imports, net (% of energy use)",2017,-53.5976964323682,,0
IRN,"Iran, Islamic Rep.",EG.IMP.CONS.ZS,"Energy imports, net (% of energy use)",2016,-55.215546874525,,0
IRN,"Iran, Islamic Rep.",EG.IMP.CONS.ZS,"Energy imports, net (% of energy use)",2015,-32.5650713047388,,0
IRN,"Iran, Islamic Rep.",EG.IMP.CONS.ZS,"Energy imports, net (% of energy use)",2014,-27.8338049577846,,0
IRN,"Iran, Islamic Rep.",EG.IMP.CONS.ZS,"Energy imports, net (% of energy use)",2013,-33.6417978564312,,0
IRN,"Iran, Islamic Rep.",EG.IMP.CONS.ZS,"Energy imports, net (% of energy use)",2012,-36.9850081152965,,0
IRN,"Iran, Islamic Rep.",EG.IMP.CONS.ZS,"Energy imports, net (% of energy use)",2011,-64.580688618876,,0
IRN,"Iran, Islamic Rep.",EG.IMP.CONS.ZS,"Energy imports, net (% of energy use)",2010,-64.1137053411789,,0
IRN,"Iran, Islamic Rep.",EG.IMP.CONS.ZS,"Energy imports, net (% of energy use)",2009,-60.4088381691115,,0
IRN,"Iran, Islamic Rep.",EG.IMP.CONS.ZS,"Energy imports, net (% of energy use)",2008,-64.0674463335666,,0
IRN,"Iran, Islamic Rep.",EG.IMP.CONS.ZS,"Energy imports, net (% of energy use)",2007,-74.3233060373261,,0
IRN,"Iran, Islamic Rep.",EG.IMP.CONS.ZS,"Energy imports, net (% of energy use)",2006,-76.9050977386177,,0
IRN,"Iran, Islamic Rep.",EG.IMP.CONS.ZS,"Energy imports, net (% of energy use)",2005,-80.2166905382203,,0
IRN,"Iran, Islamic Rep.",EG.IMP.CONS.ZS,"Energy imports, net (% of energy use)",2004,-87.4433833619349,,0
IRN,"Iran, Islamic Rep.",EG.IMP.CONS.ZS,"Energy imports, net (% of energy use)",2003,-95.8066005050267,,0
IRN,"Iran, Islamic Rep.",EG.IMP.CONS.ZS,"Energy imports, net (% of energy use)",2002,-84.6612008055191,,0
IRN,"Iran, Islamic Rep.",EG.IMP.CONS.ZS,"Energy imports, net (% of energy use)",2001,-87.1049629993087,,0
IRN,"Iran, Islamic Rep.",EG.IMP.CONS.ZS,"Energy imports, net (% of energy use)",2000,-105.871870057097,,0
IRN,"Iran, Islamic Rep.",EG.IMP.CONS.ZS,"Energy imports, net (% of energy use)",1999,-97.0135293318444,,0
IRN,"Iran, Islamic Rep.",EG.IMP.CONS.ZS,"Energy imports, net (% of energy use)",1998,-115.447658668316,,0
IRN,"Iran, Islamic Rep.",EG.IMP.CONS.ZS,"Energy imports, net (% of energy use)",1997,-116.434170145917,,0
IRN,"Iran, Islamic Rep.",EG.IMP.CONS.ZS,"Energy imports, net (% of energy use)",1996,-139.578546123583,,0
IRN,"Iran, Islamic Rep.",EG.IMP.CONS.ZS,"Energy imports, net (% of energy use)",1995,-133.575393799599,,0
IRN,"Iran, Islamic Rep.",EG.IMP.CONS.ZS,"Energy imports, net (% of energy use)",1994,-137.956156422881,,0
IRN,"Iran, Islamic Rep.",EG.IMP.CONS.ZS,"Energy imports, net (% of energy use)",1993,-160.309212481915,,0
IRN,"Iran, Islamic Rep.",EG.IMP.CONS.ZS,"Energy imports, net (% of energy use)",1992,-164.354835185794,,0
IRN,"Iran, Islamic Rep.",EG.IMP.CONS.ZS,"Energy imports, net (% of energy use)",1991,-159.501363604578,,0
IRN,"Iran, Islamic Rep.",EG.IMP.CONS.ZS,"Energy imports, net (% of energy use)",1990,-169.655110872847,,0
IRQ,Iraq,EG.IMP.CONS.ZS,"Energy imports, net (% of energy use)",2022,-274.87736059498,,0
IRQ,Iraq,EG.IMP.CONS.ZS,"Energy imports, net (% of energy use)",2021,-287.4205985904,,0
IRQ,Iraq,EG.IMP.CONS.ZS,"Energy imports, net (% of energy use)",2020,-340.435616490004,,0
IRQ,Iraq,EG.IMP.CONS.ZS,"Energy imports, net (% of energy use)",2019,-357.471644217881,,0
IRQ,Iraq,EG.IMP.CONS.ZS,"Energy imports, net (% of energy use)",2018,-362.545083013579,,0
IRQ,Iraq,EG.IMP.CONS.ZS,"Energy imports, net (% of energy use)",2017,-404.958840172483,,0
IRQ,Iraq,EG.IMP.CONS.ZS,"Energy imports, net (% of energy use)",2016,-451.101947041262,,0
IRQ,Iraq,EG.IMP.CONS.ZS,"Energy imports, net (% of energy use)",2015,-392.88619219625,,0
IRQ,Iraq,EG.IMP.CONS.ZS,"Energy imports, net (% of energy use)",2014,-307.676202167834,,0
IRQ,Iraq,EG.IMP.CONS.ZS,"Energy imports, net (% of energy use)",2013,-275.505030732489,,0
IRQ,Iraq,EG.IMP.CONS.ZS,"Energy imports, net (% of energy use)",2012,-290.002433165476,,0
IRQ,Iraq,EG.IMP.CONS.ZS,"Energy imports, net (% of energy use)",2011,-287.892861997924,,0
IRQ,Iraq,EG.IMP.CONS.ZS,"Energy imports, net (% of energy use)",2010,-274.591134586161,,0
IRQ,Iraq,EG.IMP.CONS.ZS,"Energy imports, net (% of energy use)",2009,-309.52116479381,,0
IRQ,Iraq,EG.IMP.CONS.ZS,"Energy imports, net (% of energy use)",2008,-319.452328712433,,0
IRQ,Iraq,EG.IMP.CONS.ZS,"Energy imports, net (% of energy use)",2007,-307.471358496956,,0
IRQ,Iraq,EG.IMP.CONS.ZS,"Energy imports, net (% of energy use)",2006,-286.213672542951,,0
IRQ,Iraq,EG.IMP.CONS.ZS,"Energy imports, net (% of energy use)",2005,-258.770671926746,,0
IRQ,Iraq,EG.IMP.CONS.ZS,"Energy imports, net (% of energy use)",2004,-282.713155555713,,0
IRQ,Iraq,EG.IMP.CONS.ZS,"Energy imports, net (% of energy use)",2003,-215.423664187301,,0
IRQ,Iraq,EG.IMP.CONS.ZS,"Energy imports, net (% of energy use)",2002,-302.205220635501,,0
IRQ,Iraq,EG.IMP.CONS.ZS,"Energy imports, net (% of energy use)",2001,-344.920693760464,,0
IRQ,Iraq,EG.IMP.CONS.ZS,"Energy imports, net (% of energy use)",2000,-403.308873311555,,0
IRQ,Iraq,EG.IMP.CONS.ZS,"Energy imports, net (% of energy use)",1999,-476.947326954593,,0
IRQ,Iraq,EG.IMP.CONS.ZS,"Energy imports, net (% of energy use)",1998,-283.880272800302,,0
IRQ,Iraq,EG.IMP.CONS.ZS,"Energy imports, net (% of energy use)",1997,-103.502634050467,,0
IRQ,Iraq,EG.IMP.CONS.ZS,"Energy imports, net (% of energy use)",1996,-24.9389010539333,,0
IRQ,Iraq,EG.IMP.CONS.ZS,"Energy imports, net (% of energy use)",1995,-19.7698825977523,,0
IRQ,Iraq,EG.IMP.CONS.ZS,"Energy imports, net (% of energy use)",1994,-17.6651502080799,,0
IRQ,Iraq,EG.IMP.CONS.ZS,"Energy imports, net (% of energy use)",1993,-17.3381719747106,,0
IRQ,Iraq,EG.IMP.CONS.ZS,"Energy imports, net (% of energy use)",1992,-20.1739901368649,,0
IRQ,Iraq,EG.IMP.CONS.ZS,"Energy imports, net (% of energy use)",1991,-20.1592683237158,,0
IRQ,Iraq,EG.IMP.CONS.ZS,"Energy imports, net (% of energy use)",1990,-448.234196424421,,0
IRL,Ireland,EG.IMP.CONS.ZS,"Energy imports, net (% of energy use)",2023,85.7663488731447,,0
IRL,Ireland,EG.IMP.CONS.ZS,"Energy imports, net (% of energy use)",2022,85.9815290922962,,0
IRL,Ireland,EG.IMP.CONS.ZS,"Energy imports, net (% of energy use)",2021,80.6437822686177,,0
IRL,Ireland,EG.IMP.CONS.ZS,"Energy imports, net (% of energy use)",2020,74.1910468170859,,0
IRL,Ireland,EG.IMP.CONS.ZS,"Energy imports, net (% of energy use)",2019,75.4138160503161,,0
IRL,Ireland,EG.IMP.CONS.ZS,"Energy imports, net (% of energy use)",2018,73.3281580389667,,0
IRL,Ireland,EG.IMP.CONS.ZS,"Energy imports, net (% of energy use)",2017,71.4047045896876,,0
IRL,Ireland,EG.IMP.CONS.ZS,"Energy imports, net (% of energy use)",2016,74.2255240987969,,0
IRL,Ireland,EG.IMP.CONS.ZS,"Energy imports, net (% of energy use)",2015,95.2315814260317,,0
IRL,Ireland,EG.IMP.CONS.ZS,"Energy imports, net (% of energy use)",2014,91.2791791106531,,0
IRL,Ireland,EG.IMP.CONS.ZS,"Energy imports, net (% of energy use)",2013,94.5990928142106,,0
IRL,Ireland,EG.IMP.CONS.ZS,"Energy imports, net (% of energy use)",2012,89.7222963903432,,0
IRL,Ireland,EG.IMP.CONS.ZS,"Energy imports, net (% of energy use)",2011,95.5243613808866,,0
IRL,Ireland,EG.IMP.CONS.ZS,"Energy imports, net (% of energy use)",2010,92.1237859436341,,0
IRL,Ireland,EG.IMP.CONS.ZS,"Energy imports, net (% of energy use)",2009,92.7390811597422,,0
IRL,Ireland,EG.IMP.CONS.ZS,"Energy imports, net (% of energy use)",2008,96.5195236634163,,0
IRL,Ireland,EG.IMP.CONS.ZS,"Energy imports, net (% of energy use)",2007,94.211873871778,,0
IRL,Ireland,EG.IMP.CONS.ZS,"Energy imports, net (% of energy use)",2006,96.3991282254109,,0
IRL,Ireland,EG.IMP.CONS.ZS,"Energy imports, net (% of energy use)",2005,94.9645108412312,,0
IRL,Ireland,EG.IMP.CONS.ZS,"Energy imports, net (% of energy use)",2004,95.6972616089343,,0
IRL,Ireland,EG.IMP.CONS.ZS,"Energy imports, net (% of energy use)",2003,95.1190324417588,,0
IRL,Ireland,EG.IMP.CONS.ZS,"Energy imports, net (% of energy use)",2002,94.3753409801325,,0
IRL,Ireland,EG.IMP.CONS.ZS,"Energy imports, net (% of energy use)",2001,94.8238092465837,,0
IRL,Ireland,EG.IMP.CONS.ZS,"Energy imports, net (% of energy use)",2000,89.2588125565635,,0
IRL,Ireland,EG.IMP.CONS.ZS,"Energy imports, net (% of energy use)",1999,88.829432158315,,0
IRL,Ireland,EG.IMP.CONS.ZS,"Energy imports, net (% of energy use)",1998,84.4139319963481,,0
IRL,Ireland,EG.IMP.CONS.ZS,"Energy imports, net (% of energy use)",1997,80.1508169751953,,0
IRL,Ireland,EG.IMP.CONS.ZS,"Energy imports, net (% of energy use)",1996,74.1417994402379,,0
IRL,Ireland,EG.IMP.CONS.ZS,"Energy imports, net (% of energy use)",1995,72.6033785071344,,0
IRL,Ireland,EG.IMP.CONS.ZS,"Energy imports, net (% of energy use)",1994,67.4205934629525,,0
IRL,Ireland,EG.IMP.CONS.ZS,"Energy imports, net (% of energy use)",1993,70.1528741333926,,0
IRL,Ireland,EG.IMP.CONS.ZS,"Energy imports, net (% of energy use)",1992,68.7177589621923,,0
IRL,Ireland,EG.IMP.CONS.ZS,"Energy imports, net (% of energy use)",1991,69.4878639210636,,0
IRL,Ireland,EG.IMP.CONS.ZS,"Energy imports, net (% of energy use)",1990,71.097701744958,,0
ISR,Israel,EG.IMP.CONS.ZS,"Energy imports, net (% of energy use)",2023,13.73424198863,,0
ISR,Israel,EG.IMP.CONS.ZS,"Energy imports, net (% of energy use)",2022,26.0915608340862,,0
ISR,Israel,EG.IMP.CONS.ZS,"Energy imports, net (% of energy use)",2021,28.729307237752,,0
ISR,Israel,EG.IMP.CONS.ZS,"Energy imports, net (% of energy use)",2020,43.340273574372,,0
ISR,Israel,EG.IMP.CONS.ZS,"Energy imports, net (% of energy use)",2019,70.734379347895,,0
ISR,Israel,EG.IMP.CONS.ZS,"Energy imports, net (% of energy use)",2018,68.0044014046484,,0
ISR,Israel,EG.IMP.CONS.ZS,"Energy imports, net (% of energy use)",2017,74.1220928819656,,0
ISR,Israel,EG.IMP.CONS.ZS,"Energy imports, net (% of energy use)",2016,68.5749437600896,,0
ISR,Israel,EG.IMP.CONS.ZS,"Energy imports, net (% of energy use)",2015,76.7988039122038,,0
ISR,Israel,EG.IMP.CONS.ZS,"Energy imports, net (% of energy use)",2014,76.5747635339105,,0
ISR,Israel,EG.IMP.CONS.ZS,"Energy imports, net (% of energy use)",2013,84.4585946143284,,0
ISR,Israel,EG.IMP.CONS.ZS,"Energy imports, net (% of energy use)",2012,95.5693067544626,,0
ISR,Israel,EG.IMP.CONS.ZS,"Energy imports, net (% of energy use)",2011,80.9526707855397,,0
ISR,Israel,EG.IMP.CONS.ZS,"Energy imports, net (% of energy use)",2010,88.2876289296525,,0
ISR,Israel,EG.IMP.CONS.ZS,"Energy imports, net (% of energy use)",2009,90.1621750007213,,0
ISR,Israel,EG.IMP.CONS.ZS,"Energy imports, net (% of energy use)",2008,85.2741499098135,,0
ISR,Israel,EG.IMP.CONS.ZS,"Energy imports, net (% of energy use)",2007,94.0520403445183,,0
ISR,Israel,EG.IMP.CONS.ZS,"Energy imports, net (% of energy use)",2006,92.4931643928288,,0
ISR,Israel,EG.IMP.CONS.ZS,"Energy imports, net (% of energy use)",2005,96.6341348469394,,0
ISR,Israel,EG.IMP.CONS.ZS,"Energy imports, net (% of energy use)",2004,98.4168432565454,,0
ISR,Israel,EG.IMP.CONS.ZS,"Energy imports, net (% of energy use)",2003,101.110075417337,,0
ISR,Israel,EG.IMP.CONS.ZS,"Energy imports, net (% of energy use)",2002,104.468712535306,,0
ISR,Israel,EG.IMP.CONS.ZS,"Energy imports, net (% of energy use)",2001,100.839935619908,,0
ISR,Israel,EG.IMP.CONS.ZS,"Energy imports, net (% of energy use)",2000,99.6368804731559,,0
ISR,Israel,EG.IMP.CONS.ZS,"Energy imports, net (% of energy use)",1999,99.6968790507527,,0
ISR,Israel,EG.IMP.CONS.ZS,"Energy imports, net (% of energy use)",1998,105.559282937892,,0
ISR,Israel,EG.IMP.CONS.ZS,"Energy imports, net (% of energy use)",1997,100.085796673248,,0
ISR,Israel,EG.IMP.CONS.ZS,"Energy imports, net (% of energy use)",1996,93.8905100304386,,0
ISR,Israel,EG.IMP.CONS.ZS,"Energy imports, net (% of energy use)",1995,102.255439889339,,0
ISR,Israel,EG.IMP.CONS.ZS,"Energy imports, net (% of energy use)",1994,91.8752786698804,,0
ISR,Israel,EG.IMP.CONS.ZS,"Energy imports, net (% of energy use)",1993,101.530344099103,,0
ISR,Israel,EG.IMP.CONS.ZS,"Energy imports, net (% of energy use)",1992,104.389585662855,,0
ISR,Israel,EG.IMP.CONS.ZS,"Energy imports, net (% of energy use)",1991,100.172528697688,,0
ISR,Israel,EG.IMP.CONS.ZS,"Energy imports, net (% of energy use)",1990,99.4552673460372,,0
ITA,Italy,EG.IMP.CONS.ZS,"Energy imports, net (% of energy use)",2023,79.59805806701,,0
ITA,Italy,EG.IMP.CONS.ZS,"Energy imports, net (% of energy use)",2022,83.6290340580981,,0
ITA,Italy,EG.IMP.CONS.ZS,"Energy imports, net (% of energy use)",2021,76.6329781818496,,0
ITA,Italy,EG.IMP.CONS.ZS,"Energy imports, net (% of energy use)",2020,76.8695186600949,,0
ITA,Italy,EG.IMP.CONS.ZS,"Energy imports, net (% of energy use)",2019,82.2279640302359,,0
ITA,Italy,EG.IMP.CONS.ZS,"Energy imports, net (% of energy use)",2018,80.9707217224841,,0
ITA,Italy,EG.IMP.CONS.ZS,"Energy imports, net (% of energy use)",2017,81.1780064494272,,0
ITA,Italy,EG.IMP.CONS.ZS,"Energy imports, net (% of energy use)",2016,80.4850506548451,,0
ITA,Italy,EG.IMP.CONS.ZS,"Energy imports, net (% of energy use)",2015,79.5879551148895,,0
ITA,Italy,EG.IMP.CONS.ZS,"Energy imports, net (% of energy use)",2014,78.3881613742621,,0
ITA,Italy,EG.IMP.CONS.ZS,"Energy imports, net (% of energy use)",2013,79.2945394918256,,0
ITA,Italy,EG.IMP.CONS.ZS,"Energy imports, net (% of energy use)",2012,81.8390323727707,,0
ITA,Italy,EG.IMP.CONS.ZS,"Energy imports, net (% of energy use)",2011,84.1225458006764,,0
ITA,Italy,EG.IMP.CONS.ZS,"Energy imports, net (% of energy use)",2010,85.4618786500618,,0
ITA,Italy,EG.IMP.CONS.ZS,"Energy imports, net (% of energy use)",2009,83.3030445890869,,0
ITA,Italy,EG.IMP.CONS.ZS,"Energy imports, net (% of energy use)",2008,85.491305751847,,0
ITA,Italy,EG.IMP.CONS.ZS,"Energy imports, net (% of energy use)",2007,85.6775303732499,,0
ITA,Italy,EG.IMP.CONS.ZS,"Energy imports, net (% of energy use)",2006,88.4757014724615,,0
ITA,Italy,EG.IMP.CONS.ZS,"Energy imports, net (% of energy use)",2005,85.7235768898601,,0
ITA,Italy,EG.IMP.CONS.ZS,"Energy imports, net (% of energy use)",2004,86.7924296664505,,0
ITA,Italy,EG.IMP.CONS.ZS,"Energy imports, net (% of energy use)",2003,85.3649353296641,,0
ITA,Italy,EG.IMP.CONS.ZS,"Energy imports, net (% of energy use)",2002,87.9148588781137,,0
ITA,Italy,EG.IMP.CONS.ZS,"Energy imports, net (% of energy use)",2001,85.4335353165297,,0
ITA,Italy,EG.IMP.CONS.ZS,"Energy imports, net (% of energy use)",2000,88.8679040891303,,0
ITA,Italy,EG.IMP.CONS.ZS,"Energy imports, net (% of energy use)",1999,85.0464120461185,,0
ITA,Italy,EG.IMP.CONS.ZS,"Energy imports, net (% of energy use)",1998,84.200323646416,,0
ITA,Italy,EG.IMP.CONS.ZS,"Energy imports, net (% of energy use)",1997,82.9194722222962,,0
ITA,Italy,EG.IMP.CONS.ZS,"Energy imports, net (% of energy use)",1996,84.1061705655149,,0
ITA,Italy,EG.IMP.CONS.ZS,"Energy imports, net (% of energy use)",1995,84.3318601044953,,0
ITA,Italy,EG.IMP.CONS.ZS,"Energy imports, net (% of energy use)",1994,83.1214168207048,,0
ITA,Italy,EG.IMP.CONS.ZS,"Energy imports, net (% of energy use)",1993,82.7717440707131,,0
ITA,Italy,EG.IMP.CONS.ZS,"Energy imports, net (% of energy use)",1992,86.4251191415696,,0
ITA,Italy,EG.IMP.CONS.ZS,"Energy imports, net (% of energy use)",1991,84.2643033136524,,0
ITA,Italy,EG.IMP.CONS.ZS,"Energy imports, net (% of energy use)",1990,86.8342484364381,,0
JAM,Jamaica,EG.IMP.CONS.ZS,"Energy imports, net (% of energy use)",2022,112.575323434922,,0
JAM,Jamaica,EG.IMP.CONS.ZS,"Energy imports, net (% of energy use)",2021,116.928370048263,,0
JAM,Jamaica,EG.IMP.CONS.ZS,"Energy imports, net (% of energy use)",2020,116.005643185217,,0
JAM,Jamaica,EG.IMP.CONS.ZS,"Energy imports, net (% of energy use)",2019,111.27757461366,,0
JAM,Jamaica,EG.IMP.CONS.ZS,"Energy imports, net (% of energy use)",2018,109.229935725367,,0
JAM,Jamaica,EG.IMP.CONS.ZS,"Energy imports, net (% of energy use)",2017,113.83416343848,,0
JAM,Jamaica,EG.IMP.CONS.ZS,"Energy imports, net (% of energy use)",2016,108.191210511983,,0
JAM,Jamaica,EG.IMP.CONS.ZS,"Energy imports, net (% of energy use)",2015,109.43720166783,,0
JAM,Jamaica,EG.IMP.CONS.ZS,"Energy imports, net (% of energy use)",2014,105.2724776289,,0
JAM,Jamaica,EG.IMP.CONS.ZS,"Energy imports, net (% of energy use)",2013,107.737156246829,,0
JAM,Jamaica,EG.IMP.CONS.ZS,"Energy imports, net (% of energy use)",2012,100.157043700802,,0
JAM,Jamaica,EG.IMP.CONS.ZS,"Energy imports, net (% of energy use)",2011,102.710219982956,,0
JAM,Jamaica,EG.IMP.CONS.ZS,"Energy imports, net (% of energy use)",2010,101.354464569431,,0
JAM,Jamaica,EG.IMP.CONS.ZS,"Energy imports, net (% of energy use)",2009,103.838077353586,,0
JAM,Jamaica,EG.IMP.CONS.ZS,"Energy imports, net (% of energy use)",2008,105.123624942318,,0
JAM,Jamaica,EG.IMP.CONS.ZS,"Energy imports, net (% of energy use)",2004,99.1713795428899,,0
JAM,Jamaica,EG.IMP.CONS.ZS,"Energy imports, net (% of energy use)",2003,101.82856835986,,0
JAM,Jamaica,EG.IMP.CONS.ZS,"Energy imports, net (% of energy use)",2002,97.5056228585843,,0
JAM,Jamaica,EG.IMP.CONS.ZS,"Energy imports, net (% of energy use)",2001,99.3945489288946,,0
JAM,Jamaica,EG.IMP.CONS.ZS,"Energy imports, net (% of energy use)",2000,103.328089733944,,0
JAM,Jamaica,EG.IMP.CONS.ZS,"Energy imports, net (% of energy use)",1999,94.3638451836559,,0
JAM,Jamaica,EG.IMP.CONS.ZS,"Energy imports, net (% of energy use)",1998,94.5222994351099,,0
JAM,Jamaica,EG.IMP.CONS.ZS,"Energy imports, net (% of energy use)",1997,95.6959506816691,,0
JAM,Jamaica,EG.IMP.CONS.ZS,"Energy imports, net (% of energy use)",1996,90.2767536005057,,0
JAM,Jamaica,EG.IMP.CONS.ZS,"Energy imports, net (% of energy use)",1995,94.3691709330476,,0
JAM,Jamaica,EG.IMP.CONS.ZS,"Energy imports, net (% of energy use)",1994,97.756163572546,,0
JAM,Jamaica,EG.IMP.CONS.ZS,"Energy imports, net (% of energy use)",1993,95.8003846054345,,0
JAM,Jamaica,EG.IMP.CONS.ZS,"Energy imports, net (% of energy use)",1992,93.9549755865701,,0
JAM,Jamaica,EG.IMP.CONS.ZS,"Energy imports, net (% of energy use)",1991,94.9461444531519,,0
JAM,Jamaica,EG.IMP.CONS.ZS,"Energy imports, net (% of energy use)",1990,95.9539683989404,,0
JPN,Japan,EG.IMP.CONS.ZS,"Energy imports, net (% of energy use)",2023,87.2798853157027,,0
JPN,Japan,EG.IMP.CONS.ZS,"Energy imports, net (% of energy use)",2022,89.9707516343257,,0
JPN,Japan,EG.IMP.CONS.ZS,"Energy imports, net (% of energy use)",2021,88.6817259385197,,0
JPN,Japan,EG.IMP.CONS.ZS,"Energy imports, net (% of energy use)",2020,89.5796033607393,,0
JPN,Japan,EG.IMP.CONS.ZS,"Energy imports, net (% of energy use)",2019,90.5590328120186,,0
JPN,Japan,EG.IMP.CONS.ZS,"Energy imports, net (% of energy use)",2018,91.4437393045403,,0
JPN,Japan,EG.IMP.CONS.ZS,"Energy imports, net (% of energy use)",2017,93.0886712405363,,0
JPN,Japan,EG.IMP.CONS.ZS,"Energy imports, net (% of energy use)",2016,93.813281550921,,0
JPN,Japan,EG.IMP.CONS.ZS,"Energy imports, net (% of energy use)",2015,94.8396264266997,,0
JPN,Japan,EG.IMP.CONS.ZS,"Energy imports, net (% of energy use)",2014,95.5684274026895,,0
JPN,Japan,EG.IMP.CONS.ZS,"Energy imports, net (% of energy use)",2013,95.6729767272549,,0
JPN,Japan,EG.IMP.CONS.ZS,"Energy imports, net (% of energy use)",2012,96.1222197111632,,0
JPN,Japan,EG.IMP.CONS.ZS,"Energy imports, net (% of energy use)",2011,90.8195974217069,,0
JPN,Japan,EG.IMP.CONS.ZS,"Energy imports, net (% of energy use)",2010,81.7425349206212,,0
JPN,Japan,EG.IMP.CONS.ZS,"Energy imports, net (% of energy use)",2009,80.6163392901148,,0
JPN,Japan,EG.IMP.CONS.ZS,"Energy imports, net (% of energy use)",2008,84.2147770328816,,0
JPN,Japan,EG.IMP.CONS.ZS,"Energy imports, net (% of energy use)",2007,84.3107714036557,,0
JPN,Japan,EG.IMP.CONS.ZS,"Energy imports, net (% of energy use)",2006,82.3651990491479,,0
JPN,Japan,EG.IMP.CONS.ZS,"Energy imports, net (% of energy use)",2005,83.4649315674778,,0
JPN,Japan,EG.IMP.CONS.ZS,"Energy imports, net (% of energy use)",2004,83.7746111126745,,0
JPN,Japan,EG.IMP.CONS.ZS,"Energy imports, net (% of energy use)",2003,85.4788968124398,,0
JPN,Japan,EG.IMP.CONS.ZS,"Energy imports, net (% of energy use)",2002,82.9888784175082,,0
JPN,Japan,EG.IMP.CONS.ZS,"Energy imports, net (% of energy use)",2001,81.201679168534,,0
JPN,Japan,EG.IMP.CONS.ZS,"Energy imports, net (% of energy use)",2000,82.8158357838335,,0
JPN,Japan,EG.IMP.CONS.ZS,"Energy imports, net (% of energy use)",1999,81.1103825264601,,0
JPN,Japan,EG.IMP.CONS.ZS,"Energy imports, net (% of energy use)",1998,80.3220799001163,,0
JPN,Japan,EG.IMP.CONS.ZS,"Energy imports, net (% of energy use)",1997,81.7835026938279,,0
JPN,Japan,EG.IMP.CONS.ZS,"Energy imports, net (% of energy use)",1996,82.5697290227514,,0
JPN,Japan,EG.IMP.CONS.ZS,"Energy imports, net (% of energy use)",1995,82.8587597686173,,0
JPN,Japan,EG.IMP.CONS.ZS,"Energy imports, net (% of energy use)",1994,84.7645247600049,,0
JPN,Japan,EG.IMP.CONS.ZS,"Energy imports, net (% of energy use)",1993,83.6736483913964,,0
JPN,Japan,EG.IMP.CONS.ZS,"Energy imports, net (% of energy use)",1992,85.0002389923131,,0
JPN,Japan,EG.IMP.CONS.ZS,"Energy imports, net (% of energy use)",1991,84.5572124982313,,0
JPN,Japan,EG.IMP.CONS.ZS,"Energy imports, net (% of energy use)",1990,86.1211436520895,,0
JOR,Jordan,EG.IMP.CONS.ZS,"Energy imports, net (% of energy use)",2022,96.3523279332296,,0
JOR,Jordan,EG.IMP.CONS.ZS,"Energy imports, net (% of energy use)",2021,92.3346741083648,,0
JOR,Jordan,EG.IMP.CONS.ZS,"Energy imports, net (% of energy use)",2020,93.2041068287967,,0
JOR,Jordan,EG.IMP.CONS.ZS,"Energy imports, net (% of energy use)",2019,98.8307447935051,,0
JOR,Jordan,EG.IMP.CONS.ZS,"Energy imports, net (% of energy use)",2018,96.9987865926365,,0
JOR,Jordan,EG.IMP.CONS.ZS,"Energy imports, net (% of energy use)",2017,98.8616582684381,,0
JOR,Jordan,EG.IMP.CONS.ZS,"Energy imports, net (% of energy use)",2016,101.256104382247,,0
JOR,Jordan,EG.IMP.CONS.ZS,"Energy imports, net (% of energy use)",2015,101.502649371657,,0
JOR,Jordan,EG.IMP.CONS.ZS,"Energy imports, net (% of energy use)",2014,102.393511379036,,0
JOR,Jordan,EG.IMP.CONS.ZS,"Energy imports, net (% of energy use)",2013,98.2216878046669,,0
JOR,Jordan,EG.IMP.CONS.ZS,"Energy imports, net (% of energy use)",2012,103.446250661863,,0
JOR,Jordan,EG.IMP.CONS.ZS,"Energy imports, net (% of energy use)",2011,97.087936606672,,0
JOR,Jordan,EG.IMP.CONS.ZS,"Energy imports, net (% of energy use)",2010,103.196812266721,,0
JOR,Jordan,EG.IMP.CONS.ZS,"Energy imports, net (% of energy use)",2009,100.587977211079,,0
JOR,Jordan,EG.IMP.CONS.ZS,"Energy imports, net (% of energy use)",2008,101.451488654332,,0
JOR,Jordan,EG.IMP.CONS.ZS,"Energy imports, net (% of energy use)",2007,101.675248338337,,0
JOR,Jordan,EG.IMP.CONS.ZS,"Energy imports, net (% of energy use)",2006,100.81335944633,,0
JOR,Jordan,EG.IMP.CONS.ZS,"Energy imports, net (% of energy use)",2005,104.687410566081,,0
JOR,Jordan,EG.IMP.CONS.ZS,"Energy imports, net (% of energy use)",2003,100.350883672829,,0
JOR,Jordan,EG.IMP.CONS.ZS,"Energy imports, net (% of energy use)",2001,101.035262385467,,0
JOR,Jordan,EG.IMP.CONS.ZS,"Energy imports, net (% of energy use)",2000,97.9874139742194,,0
JOR,Jordan,EG.IMP.CONS.ZS,"Energy imports, net (% of energy use)",1999,100.404939438943,,0
JOR,Jordan,EG.IMP.CONS.ZS,"Energy imports, net (% of energy use)",1998,102.390819907277,,0
JOR,Jordan,EG.IMP.CONS.ZS,"Energy imports, net (% of energy use)",1997,98.4987418884917,,0
JOR,Jordan,EG.IMP.CONS.ZS,"Energy imports, net (% of energy use)",1996,102.341665629414,,0
JOR,Jordan,EG.IMP.CONS.ZS,"Energy imports, net (% of energy use)",1993,101.983256167946,,0
JOR,Jordan,EG.IMP.CONS.ZS,"Energy imports, net (% of energy use)",1992,101.458198518556,,0
JOR,Jordan,EG.IMP.CONS.ZS,"Energy imports, net (% of energy use)",1991,93.0711028923931,,0
KAZ,Kazakhstan,EG.IMP.CONS.ZS,"Energy imports, net (% of energy use)",2023,-119.1426831733,,0
KAZ,Kazakhstan,EG.IMP.CONS.ZS,"Energy imports, net (% of energy use)",2022,-119.310636509706,,0
KAZ,Kazakhstan,EG.IMP.CONS.ZS,"Energy imports, net (% of energy use)",2021,-129.431378016145,,0
KAZ,Kazakhstan,EG.IMP.CONS.ZS,"Energy imports, net (% of energy use)",2020,-140.248408820944,,0
KAZ,Kazakhstan,EG.IMP.CONS.ZS,"Energy imports, net (% of energy use)",2019,-129.451098148241,,0
KAZ,Kazakhstan,EG.IMP.CONS.ZS,"Energy imports, net (% of energy use)",2018,-138.052784736523,,0
KAZ,Kazakhstan,EG.IMP.CONS.ZS,"Energy imports, net (% of energy use)",2017,-159.17985508135,,0
KAZ,Kazakhstan,EG.IMP.CONS.ZS,"Energy imports, net (% of energy use)",2016,-138.721448149402,,0
KAZ,Kazakhstan,EG.IMP.CONS.ZS,"Energy imports, net (% of energy use)",2015,-163.347093699784,,0
KAZ,Kazakhstan,EG.IMP.CONS.ZS,"Energy imports, net (% of energy use)",2014,-144.96914007643,,0
KAZ,Kazakhstan,EG.IMP.CONS.ZS,"Energy imports, net (% of energy use)",2013,-104.743994492383,,0
KAZ,Kazakhstan,EG.IMP.CONS.ZS,"Energy imports, net (% of energy use)",2012,-119.075537014168,,0
KAZ,Kazakhstan,EG.IMP.CONS.ZS,"Energy imports, net (% of energy use)",2011,-109.268193109514,,0
KAZ,Kazakhstan,EG.IMP.CONS.ZS,"Energy imports, net (% of energy use)",2010,-123.587021794579,,0
KAZ,Kazakhstan,EG.IMP.CONS.ZS,"Energy imports, net (% of energy use)",2009,-133.331514766138,,0
KAZ,Kazakhstan,EG.IMP.CONS.ZS,"Energy imports, net (% of energy use)",2008,-107.133124073149,,0
KAZ,Kazakhstan,EG.IMP.CONS.ZS,"Energy imports, net (% of energy use)",2007,-99.6423363599403,,0
KAZ,Kazakhstan,EG.IMP.CONS.ZS,"Energy imports, net (% of energy use)",2006,-109.966554445871,,0
KAZ,Kazakhstan,EG.IMP.CONS.ZS,"Energy imports, net (% of energy use)",2005,-134.005470542205,,0
KAZ,Kazakhstan,EG.IMP.CONS.ZS,"Energy imports, net (% of energy use)",2004,-126.097109438445,,0
KAZ,Kazakhstan,EG.IMP.CONS.ZS,"Energy imports, net (% of energy use)",2003,-135.233486190748,,0
KAZ,Kazakhstan,EG.IMP.CONS.ZS,"Energy imports, net (% of energy use)",2002,-129.154332856309,,0
KAZ,Kazakhstan,EG.IMP.CONS.ZS,"Energy imports, net (% of energy use)",2001,-134.332258503956,,0
KAZ,Kazakhstan,EG.IMP.CONS.ZS,"Energy imports, net (% of energy use)",2000,-120.092510158044,,0
KAZ,Kazakhstan,EG.IMP.CONS.ZS,"Energy imports, net (% of energy use)",1999,-86.4272644828767,,0
KAZ,Kazakhstan,EG.IMP.CONS.ZS,"Energy imports, net (% of energy use)",1998,-64.101419868444,,0
KAZ,Kazakhstan,EG.IMP.CONS.ZS,"Energy imports, net (% of energy use)",1997,-65.3778447281707,,0
KAZ,Kazakhstan,EG.IMP.CONS.ZS,"Energy imports, net (% of energy use)",1996,-39.9092634965941,,0
KAZ,Kazakhstan,EG.IMP.CONS.ZS,"Energy imports, net (% of energy use)",1995,-21.7072287636439,,0
KAZ,Kazakhstan,EG.IMP.CONS.ZS,"Energy imports, net (% of energy use)",1994,-21.8186777793845,,0
KAZ,Kazakhstan,EG.IMP.CONS.ZS,"Energy imports, net (% of energy use)",1993,-19.8006793483701,,0
KAZ,Kazakhstan,EG.IMP.CONS.ZS,"Energy imports, net (% of energy use)",1992,-12.5719999624381,,0
KAZ,Kazakhstan,EG.IMP.CONS.ZS,"Energy imports, net (% of energy use)",1991,-21.4730245167351,,0
KAZ,Kazakhstan,EG.IMP.CONS.ZS,"Energy imports, net (% of energy use)",1990,-22.6299897050092,,0
KEN,Kenya,EG.IMP.CONS.ZS,"Energy imports, net (% of energy use)",2023,22.3745456763117,,0
KEN,Kenya,EG.IMP.CONS.ZS,"Energy imports, net (% of energy use)",2022,22.4376210703247,,0
KEN,Kenya,EG.IMP.CONS.ZS,"Energy imports, net (% of energy use)",2021,22.7369704105015,,0
KEN,Kenya,EG.IMP.CONS.ZS,"Energy imports, net (% of energy use)",2020,21.1289387202784,,0
KEN,Kenya,EG.IMP.CONS.ZS,"Energy imports, net (% of energy use)",2019,22.909546251785,,0
KEN,Kenya,EG.IMP.CONS.ZS,"Energy imports, net (% of energy use)",2018,23.1133767187919,,0
KEN,Kenya,EG.IMP.CONS.ZS,"Energy imports, net (% of energy use)",2017,23.1441579407064,,0
KEN,Kenya,EG.IMP.CONS.ZS,"Energy imports, net (% of energy use)",2016,22.1701438949297,,0
KEN,Kenya,EG.IMP.CONS.ZS,"Energy imports, net (% of energy use)",2015,21.5157568218046,,0
KEN,Kenya,EG.IMP.CONS.ZS,"Energy imports, net (% of energy use)",2014,21.1708175518378,,0
KEN,Kenya,EG.IMP.CONS.ZS,"Energy imports, net (% of energy use)",2013,20.2945654720075,,0
KEN,Kenya,EG.IMP.CONS.ZS,"Energy imports, net (% of energy use)",2012,20.8680363632087,,0
KEN,Kenya,EG.IMP.CONS.ZS,"Energy imports, net (% of energy use)",2011,22.9221515846194,,0
KEN,Kenya,EG.IMP.CONS.ZS,"Energy imports, net (% of energy use)",2010,22.4882652643265,,0
KEN,Kenya,EG.IMP.CONS.ZS,"Energy imports, net (% of energy use)",2009,22.5742313102895,,0
KEN,Kenya,EG.IMP.CONS.ZS,"Energy imports, net (% of energy use)",2008,21.4634094223609,,0
KEN,Kenya,EG.IMP.CONS.ZS,"Energy imports, net (% of energy use)",2007,20.2753052485827,,0
KEN,Kenya,EG.IMP.CONS.ZS,"Energy imports, net (% of energy use)",2006,20.7153573549737,,0
KEN,Kenya,EG.IMP.CONS.ZS,"Energy imports, net (% of energy use)",2005,20.1267908098726,,0
KEN,Kenya,EG.IMP.CONS.ZS,"Energy imports, net (% of energy use)",2004,20.363705913855,,0
KEN,Kenya,EG.IMP.CONS.ZS,"Energy imports, net (% of energy use)",2003,16.7385761754146,,0
KEN,Kenya,EG.IMP.CONS.ZS,"Energy imports, net (% of energy use)",2002,19.0989702752234,,0
KEN,Kenya,EG.IMP.CONS.ZS,"Energy imports, net (% of energy use)",2001,22.6063088227683,,0
KEN,Kenya,EG.IMP.CONS.ZS,"Energy imports, net (% of energy use)",2000,25.6695676324699,,0
KEN,Kenya,EG.IMP.CONS.ZS,"Energy imports, net (% of energy use)",1999,24.6614283551774,,0
KEN,Kenya,EG.IMP.CONS.ZS,"Energy imports, net (% of energy use)",1998,24.1698585951675,,0
KEN,Kenya,EG.IMP.CONS.ZS,"Energy imports, net (% of energy use)",1997,21.2372269748305,,0
KEN,Kenya,EG.IMP.CONS.ZS,"Energy imports, net (% of energy use)",1996,17.9623370352486,,0
KEN,Kenya,EG.IMP.CONS.ZS,"Energy imports, net (% of energy use)",1995,18.8839694686438,,0
KEN,Kenya,EG.IMP.CONS.ZS,"Energy imports, net (% of energy use)",1994,21.3874093405011,,0
KEN,Kenya,EG.IMP.CONS.ZS,"Energy imports, net (% of energy use)",1993,21.2544851327599,,0
KEN,Kenya,EG.IMP.CONS.ZS,"Energy imports, net (% of energy use)",1992,19.4591783671347,,0
KEN,Kenya,EG.IMP.CONS.ZS,"Energy imports, net (% of energy use)",1991,19.4829956199687,,0
KEN,Kenya,EG.IMP.CONS.ZS,"Energy imports, net (% of energy use)",1990,20.7832063461925,,0
PRK,"Korea, Dem. People's Rep.",EG.IMP.CONS.ZS,"Energy imports, net (% of energy use)",2022,4.89532080752115,,0
PRK,"Korea, Dem. People's Rep.",EG.IMP.CONS.ZS,"Energy imports, net (% of energy use)",2021,5.1371650258218,,0
PRK,"Korea, Dem. People's Rep.",EG.IMP.CONS.ZS,"Energy imports, net (% of energy use)",2020,5.60758002612327,,0
PRK,"Korea, Dem. People's Rep.",EG.IMP.CONS.ZS,"Energy imports, net (% of energy use)",2019,5.59078356734367,,0
PRK,"Korea, Dem. People's Rep.",EG.IMP.CONS.ZS,"Energy imports, net (% of energy use)",2018,5.53043441673447,,0
PRK,"Korea, Dem. People's Rep.",EG.IMP.CONS.ZS,"Energy imports, net (% of energy use)",2017,-1.00236537524,,0
PRK,"Korea, Dem. People's Rep.",EG.IMP.CONS.ZS,"Energy imports, net (% of energy use)",2016,-118.52009925333,,0
PRK,"Korea, Dem. People's Rep.",EG.IMP.CONS.ZS,"Energy imports, net (% of energy use)",2015,-115.319348277003,,0
PRK,"Korea, Dem. People's Rep.",EG.IMP.CONS.ZS,"Energy imports, net (% of energy use)",2014,-74.2493168364946,,0
PRK,"Korea, Dem. People's Rep.",EG.IMP.CONS.ZS,"Energy imports, net (% of energy use)",2013,-86.1078057429788,,0
PRK,"Korea, Dem. People's Rep.",EG.IMP.CONS.ZS,"Energy imports, net (% of energy use)",2012,-43.393365974,,0
PRK,"Korea, Dem. People's Rep.",EG.IMP.CONS.ZS,"Energy imports, net (% of energy use)",2011,-43.4216974149788,,0
PRK,"Korea, Dem. People's Rep.",EG.IMP.CONS.ZS,"Energy imports, net (% of energy use)",2010,-10.2756955914115,,0
PRK,"Korea, Dem. People's Rep.",EG.IMP.CONS.ZS,"Energy imports, net (% of energy use)",2009,-4.76872997919131,,0
PRK,"Korea, Dem. People's Rep.",EG.IMP.CONS.ZS,"Energy imports, net (% of energy use)",2008,-3.28510630235482,,0
PRK,"Korea, Dem. People's Rep.",EG.IMP.CONS.ZS,"Energy imports, net (% of energy use)",2007,-7.63165757483638,,0
PRK,"Korea, Dem. People's Rep.",EG.IMP.CONS.ZS,"Energy imports, net (% of energy use)",2006,-3.31063437385007,,0
PRK,"Korea, Dem. People's Rep.",EG.IMP.CONS.ZS,"Energy imports, net (% of energy use)",2005,-3.30396993582142,,0
PRK,"Korea, Dem. People's Rep.",EG.IMP.CONS.ZS,"Energy imports, net (% of energy use)",2004,1.22852728209166,,0
PRK,"Korea, Dem. People's Rep.",EG.IMP.CONS.ZS,"Energy imports, net (% of energy use)",2003,3.80064586294734,,0
PRK,"Korea, Dem. People's Rep.",EG.IMP.CONS.ZS,"Energy imports, net (% of energy use)",2002,5.21466214013925,,0
PRK,"Korea, Dem. People's Rep.",EG.IMP.CONS.ZS,"Energy imports, net (% of energy use)",2001,5.85603913562976,,0
PRK,"Korea, Dem. People's Rep.",EG.IMP.CONS.ZS,"Energy imports, net (% of energy use)",2000,4.8903220804644,,0
PRK,"Korea, Dem. People's Rep.",EG.IMP.CONS.ZS,"Energy imports, net (% of energy use)",1999,4.24412509601211,,0
PRK,"Korea, Dem. People's Rep.",EG.IMP.CONS.ZS,"Energy imports, net (% of energy use)",1998,8.01869681061768,,0
PRK,"Korea, Dem. People's Rep.",EG.IMP.CONS.ZS,"Energy imports, net (% of energy use)",1997,5.81831812357001,,0
PRK,"Korea, Dem. People's Rep.",EG.IMP.CONS.ZS,"Energy imports, net (% of energy use)",1996,7.72925132916777,,0
PRK,"Korea, Dem. People's Rep.",EG.IMP.CONS.ZS,"Energy imports, net (% of energy use)",1995,8.91386418820919,,0
PRK,"Korea, Dem. People's Rep.",EG.IMP.CONS.ZS,"Energy imports, net (% of energy use)",1994,8.70573889341467,,0
PRK,"Korea, Dem. People's Rep.",EG.IMP.CONS.ZS,"Energy imports, net (% of energy use)",1993,11.7263855857476,,0
PRK,"Korea, Dem. People's Rep.",EG.IMP.CONS.ZS,"Energy imports, net (% of energy use)",1992,11.7574561422409,,0
PRK,"Korea, Dem. People's Rep.",EG.IMP.CONS.ZS,"Energy imports, net (% of energy use)",1991,11.4171546613569,,0
PRK,"Korea, Dem. People's Rep.",EG.IMP.CONS.ZS,"Energy imports, net (% of energy use)",1990,12.9673737919115,,0
KOR,"Korea, Rep.",EG.IMP.CONS.ZS,"Energy imports, net (% of energy use)",2023,84.6000911986392,,0
KOR,"Korea, Rep.",EG.IMP.CONS.ZS,"Energy imports, net (% of energy use)",2022,85.4997854961215,,0
KOR,"Korea, Rep.",EG.IMP.CONS.ZS,"Energy imports, net (% of energy use)",2021,84.9035262985875,,0
KOR,"Korea, Rep.",EG.IMP.CONS.ZS,"Energy imports, net (% of energy use)",2020,84.5177411090491,,0
KOR,"Korea, Rep.",EG.IMP.CONS.ZS,"Energy imports, net (% of energy use)",2019,88.1562990760159,,0
KOR,"Korea, Rep.",EG.IMP.CONS.ZS,"Energy imports, net (% of energy use)",2018,89.4697678996836,,0
KOR,"Korea, Rep.",EG.IMP.CONS.ZS,"Energy imports, net (% of energy use)",2017,88.471036646429,,0
KOR,"Korea, Rep.",EG.IMP.CONS.ZS,"Energy imports, net (% of energy use)",2016,86.9376320928771,,0
KOR,"Korea, Rep.",EG.IMP.CONS.ZS,"Energy imports, net (% of energy use)",2015,86.7300628107977,,0
KOR,"Korea, Rep.",EG.IMP.CONS.ZS,"Energy imports, net (% of energy use)",2014,86.8693911585965,,0
KOR,"Korea, Rep.",EG.IMP.CONS.ZS,"Energy imports, net (% of energy use)",2013,88.0801849923646,,0
KOR,"Korea, Rep.",EG.IMP.CONS.ZS,"Energy imports, net (% of energy use)",2012,86.5466828850083,,0
KOR,"Korea, Rep.",EG.IMP.CONS.ZS,"Energy imports, net (% of energy use)",2011,87.2305405207769,,0
KOR,"Korea, Rep.",EG.IMP.CONS.ZS,"Energy imports, net (% of energy use)",2010,88.0806254621201,,0
KOR,"Korea, Rep.",EG.IMP.CONS.ZS,"Energy imports, net (% of energy use)",2009,86.2663997166972,,0
KOR,"Korea, Rep.",EG.IMP.CONS.ZS,"Energy imports, net (% of energy use)",2008,85.5983565577476,,0
KOR,"Korea, Rep.",EG.IMP.CONS.ZS,"Energy imports, net (% of energy use)",2007,85.362445932308,,0
KOR,"Korea, Rep.",EG.IMP.CONS.ZS,"Energy imports, net (% of energy use)",2006,86.8088364889406,,0
KOR,"Korea, Rep.",EG.IMP.CONS.ZS,"Energy imports, net (% of energy use)",2005,83.4372030897407,,0
KOR,"Korea, Rep.",EG.IMP.CONS.ZS,"Energy imports, net (% of energy use)",2004,87.7224900959861,,0
KOR,"Korea, Rep.",EG.IMP.CONS.ZS,"Energy imports, net (% of energy use)",2003,87.342289824528,,0
KOR,"Korea, Rep.",EG.IMP.CONS.ZS,"Energy imports, net (% of energy use)",2002,86.5041194029852,,0
KOR,"Korea, Rep.",EG.IMP.CONS.ZS,"Energy imports, net (% of energy use)",2001,87.8727448945928,,0
KOR,"Korea, Rep.",EG.IMP.CONS.ZS,"Energy imports, net (% of energy use)",2000,88.8626965698761,,0
KOR,"Korea, Rep.",EG.IMP.CONS.ZS,"Energy imports, net (% of energy use)",1999,88.4482330882503,,0
KOR,"Korea, Rep.",EG.IMP.CONS.ZS,"Energy imports, net (% of energy use)",1998,89.3835649432066,,0
KOR,"Korea, Rep.",EG.IMP.CONS.ZS,"Energy imports, net (% of energy use)",1997,93.3862816946339,,0
KOR,"Korea, Rep.",EG.IMP.CONS.ZS,"Energy imports, net (% of energy use)",1996,92.7020719120658,,0
KOR,"Korea, Rep.",EG.IMP.CONS.ZS,"Energy imports, net (% of energy use)",1995,90.7053368517231,,0
KOR,"Korea, Rep.",EG.IMP.CONS.ZS,"Energy imports, net (% of energy use)",1994,92.4205454756462,,0
KOR,"Korea, Rep.",EG.IMP.CONS.ZS,"Energy imports, net (% of energy use)",1993,87.8719173333375,,0
KOR,"Korea, Rep.",EG.IMP.CONS.ZS,"Energy imports, net (% of energy use)",1992,85.9586853264007,,0
KOR,"Korea, Rep.",EG.IMP.CONS.ZS,"Energy imports, net (% of energy use)",1991,81.2608214765468,,0
KOR,"Korea, Rep.",EG.IMP.CONS.ZS,"Energy imports, net (% of energy use)",1990,76.6311656680065,,0
KWT,Kuwait,EG.IMP.CONS.ZS,"Energy imports, net (% of energy use)",2022,-283.096624591869,,0
KWT,Kuwait,EG.IMP.CONS.ZS,"Energy imports, net (% of energy use)",2021,-309.069193040756,,0
KWT,Kuwait,EG.IMP.CONS.ZS,"Energy imports, net (% of energy use)",2020,-295.773092498475,,0
KWT,Kuwait,EG.IMP.CONS.ZS,"Energy imports, net (% of energy use)",2019,-338.02165504483,,0
KWT,Kuwait,EG.IMP.CONS.ZS,"Energy imports, net (% of energy use)",2018,-301.773136849532,,0
KWT,Kuwait,EG.IMP.CONS.ZS,"Energy imports, net (% of energy use)",2017,-316.191700855716,,0
KWT,Kuwait,EG.IMP.CONS.ZS,"Energy imports, net (% of energy use)",2016,-357.431130278287,,0
KWT,Kuwait,EG.IMP.CONS.ZS,"Energy imports, net (% of energy use)",2015,-356.959279551447,,0
KWT,Kuwait,EG.IMP.CONS.ZS,"Energy imports, net (% of energy use)",2014,-427.523211193907,,0
KWT,Kuwait,EG.IMP.CONS.ZS,"Energy imports, net (% of energy use)",2013,-399.28575806883,,0
KWT,Kuwait,EG.IMP.CONS.ZS,"Energy imports, net (% of energy use)",2012,-397.642105667886,,0
KWT,Kuwait,EG.IMP.CONS.ZS,"Energy imports, net (% of energy use)",2011,-370.745259527575,,0
KWT,Kuwait,EG.IMP.CONS.ZS,"Energy imports, net (% of energy use)",2010,-308.021563767705,,0
KWT,Kuwait,EG.IMP.CONS.ZS,"Energy imports, net (% of energy use)",2009,-341.337129762914,,0
KWT,Kuwait,EG.IMP.CONS.ZS,"Energy imports, net (% of energy use)",2004,-452.24359168448,,0
KWT,Kuwait,EG.IMP.CONS.ZS,"Energy imports, net (% of energy use)",2003,-460.654714815764,,0
KWT,Kuwait,EG.IMP.CONS.ZS,"Energy imports, net (% of energy use)",2002,-401.256468610374,,0
KWT,Kuwait,EG.IMP.CONS.ZS,"Energy imports, net (% of energy use)",2001,-462.571287959933,,0
KWT,Kuwait,EG.IMP.CONS.ZS,"Energy imports, net (% of energy use)",2000,-513.18094649729,,0
KWT,Kuwait,EG.IMP.CONS.ZS,"Energy imports, net (% of energy use)",1999,-497.217430606257,,0
KWT,Kuwait,EG.IMP.CONS.ZS,"Energy imports, net (% of energy use)",1998,-597.288622967363,,0
KWT,Kuwait,EG.IMP.CONS.ZS,"Energy imports, net (% of energy use)",1997,-679.837502532897,,0
KWT,Kuwait,EG.IMP.CONS.ZS,"Energy imports, net (% of energy use)",1996,-689.179398694192,,0
KWT,Kuwait,EG.IMP.CONS.ZS,"Energy imports, net (% of energy use)",1995,-674.472623498226,,0
KWT,Kuwait,EG.IMP.CONS.ZS,"Energy imports, net (% of energy use)",1994,-687.5531732604,,0
KWT,Kuwait,EG.IMP.CONS.ZS,"Energy imports, net (% of energy use)",1993,-767.259610884013,,0
KWT,Kuwait,EG.IMP.CONS.ZS,"Energy imports, net (% of energy use)",1992,-577.593906966586,,0
KWT,Kuwait,EG.IMP.CONS.ZS,"Energy imports, net (% of energy use)",1991,-291.308228222759,,0
KWT,Kuwait,EG.IMP.CONS.ZS,"Energy imports, net (% of energy use)",1990,-457.398113571555,,0
KGZ,Kyrgyz Republic,EG.IMP.CONS.ZS,"Energy imports, net (% of energy use)",2022,33.7815670306686,,0
KGZ,Kyrgyz Republic,EG.IMP.CONS.ZS,"Energy imports, net (% of energy use)",2021,40.6142306319589,,0
KGZ,Kyrgyz Republic,EG.IMP.CONS.ZS,"Energy imports, net (% of energy use)",2020,40.2451423050449,,0
KGZ,Kyrgyz Republic,EG.IMP.CONS.ZS,"Energy imports, net (% of energy use)",2019,38.8624775668833,,0
KGZ,Kyrgyz Republic,EG.IMP.CONS.ZS,"Energy imports, net (% of energy use)",2018,48.1619323691757,,0
KGZ,Kyrgyz Republic,EG.IMP.CONS.ZS,"Energy imports, net (% of energy use)",2017,48.9552275889485,,0
KGZ,Kyrgyz Republic,EG.IMP.CONS.ZS,"Energy imports, net (% of energy use)",2016,52.8266821949375,,0
KGZ,Kyrgyz Republic,EG.IMP.CONS.ZS,"Energy imports, net (% of energy use)",2015,64.6862607464469,,0
KGZ,Kyrgyz Republic,EG.IMP.CONS.ZS,"Energy imports, net (% of energy use)",2014,54.1018983122215,,0
KGZ,Kyrgyz Republic,EG.IMP.CONS.ZS,"Energy imports, net (% of energy use)",2013,57.6044380421125,,0
KGZ,Kyrgyz Republic,EG.IMP.CONS.ZS,"Energy imports, net (% of energy use)",2012,60.5764174982233,,0
KGZ,Kyrgyz Republic,EG.IMP.CONS.ZS,"Energy imports, net (% of energy use)",2011,50.6782498268298,,0
KGZ,Kyrgyz Republic,EG.IMP.CONS.ZS,"Energy imports, net (% of energy use)",2010,64.8032964649748,,0
KGZ,Kyrgyz Republic,EG.IMP.CONS.ZS,"Energy imports, net (% of energy use)",2009,70.2891590209004,,0
KGZ,Kyrgyz Republic,EG.IMP.CONS.ZS,"Energy imports, net (% of energy use)",2008,74.6036306450027,,0
KGZ,Kyrgyz Republic,EG.IMP.CONS.ZS,"Energy imports, net (% of energy use)",2007,62.9370855571729,,0
KGZ,Kyrgyz Republic,EG.IMP.CONS.ZS,"Energy imports, net (% of energy use)",2006,60.8644408195592,,0
KGZ,Kyrgyz Republic,EG.IMP.CONS.ZS,"Energy imports, net (% of energy use)",2005,53.8600024127913,,0
KGZ,Kyrgyz Republic,EG.IMP.CONS.ZS,"Energy imports, net (% of energy use)",2004,49.6551011202165,,0
KGZ,Kyrgyz Republic,EG.IMP.CONS.ZS,"Energy imports, net (% of energy use)",2003,49.5988958055432,,0
KGZ,Kyrgyz Republic,EG.IMP.CONS.ZS,"Energy imports, net (% of energy use)",2002,53.8726282986866,,0
KGZ,Kyrgyz Republic,EG.IMP.CONS.ZS,"Energy imports, net (% of energy use)",2001,38.1738600476482,,0
KGZ,Kyrgyz Republic,EG.IMP.CONS.ZS,"Energy imports, net (% of energy use)",2000,40.5560190764603,,0
KGZ,Kyrgyz Republic,EG.IMP.CONS.ZS,"Energy imports, net (% of energy use)",1999,45.9818820850455,,0
KGZ,Kyrgyz Republic,EG.IMP.CONS.ZS,"Energy imports, net (% of energy use)",1998,61.6436697088972,,0
KGZ,Kyrgyz Republic,EG.IMP.CONS.ZS,"Energy imports, net (% of energy use)",1997,48.0037208616926,,0
KGZ,Kyrgyz Republic,EG.IMP.CONS.ZS,"Energy imports, net (% of energy use)",1996,56.9628038322277,,0
KGZ,Kyrgyz Republic,EG.IMP.CONS.ZS,"Energy imports, net (% of energy use)",1995,52.7078199194565,,0
KGZ,Kyrgyz Republic,EG.IMP.CONS.ZS,"Energy imports, net (% of energy use)",1994,48.0067013129102,,0
KGZ,Kyrgyz Republic,EG.IMP.CONS.ZS,"Energy imports, net (% of energy use)",1993,59.6472715379727,,0
KGZ,Kyrgyz Republic,EG.IMP.CONS.ZS,"Energy imports, net (% of energy use)",1992,64.7332220559456,,0
KGZ,Kyrgyz Republic,EG.IMP.CONS.ZS,"Energy imports, net (% of energy use)",1991,65.1820964847461,,0
KGZ,Kyrgyz Republic,EG.IMP.CONS.ZS,"Energy imports, net (% of energy use)",1990,67.7618082917257,,0
LAO,Lao PDR,EG.IMP.CONS.ZS,"Energy imports, net (% of energy use)",2022,-49.0213561069782,,0
LAO,Lao PDR,EG.IMP.CONS.ZS,"Energy imports, net (% of energy use)",2021,-46.2236221859994,,0
LAO,Lao PDR,EG.IMP.CONS.ZS,"Energy imports, net (% of energy use)",2020,-39.7255387067333,,0
LAO,Lao PDR,EG.IMP.CONS.ZS,"Energy imports, net (% of energy use)",2019,-20.5885949193634,,0
LAO,Lao PDR,EG.IMP.CONS.ZS,"Energy imports, net (% of energy use)",2018,-21.7928941186253,,0
LAO,Lao PDR,EG.IMP.CONS.ZS,"Energy imports, net (% of energy use)",2017,-18.4440867246843,,0
LAO,Lao PDR,EG.IMP.CONS.ZS,"Energy imports, net (% of energy use)",2016,-10.4965663937506,,0
LAO,Lao PDR,EG.IMP.CONS.ZS,"Energy imports, net (% of energy use)",2015,3.85415877198598,,0
LAO,Lao PDR,EG.IMP.CONS.ZS,"Energy imports, net (% of energy use)",2014,-5.31219136642522,,0
LAO,Lao PDR,EG.IMP.CONS.ZS,"Energy imports, net (% of energy use)",2013,-8.67582866999769,,0
LAO,Lao PDR,EG.IMP.CONS.ZS,"Energy imports, net (% of energy use)",2012,-5.81001497821363,,0
LAO,Lao PDR,EG.IMP.CONS.ZS,"Energy imports, net (% of energy use)",2011,-9.57720813694753,,0
LAO,Lao PDR,EG.IMP.CONS.ZS,"Energy imports, net (% of energy use)",2010,3.40667328558261,,0
LAO,Lao PDR,EG.IMP.CONS.ZS,"Energy imports, net (% of energy use)",2009,18.987134311235,,0
LAO,Lao PDR,EG.IMP.CONS.ZS,"Energy imports, net (% of energy use)",2008,14.2526979276096,,0
LAO,Lao PDR,EG.IMP.CONS.ZS,"Energy imports, net (% of energy use)",2007,14.3852720224848,,0
LAO,Lao PDR,EG.IMP.CONS.ZS,"Energy imports, net (% of energy use)",2006,11.8342313424281,,0
LAO,Lao PDR,EG.IMP.CONS.ZS,"Energy imports, net (% of energy use)",2005,6.42724721916027,,0
LAO,Lao PDR,EG.IMP.CONS.ZS,"Energy imports, net (% of energy use)",2004,6.24336432141289,,0
LAO,Lao PDR,EG.IMP.CONS.ZS,"Energy imports, net (% of energy use)",2003,6.84393896920432,,0
LAO,Lao PDR,EG.IMP.CONS.ZS,"Energy imports, net (% of energy use)",2002,4.03824692412613,,0
LAO,Lao PDR,EG.IMP.CONS.ZS,"Energy imports, net (% of energy use)",2001,3.35199489759763,,0
LAO,Lao PDR,EG.IMP.CONS.ZS,"Energy imports, net (% of energy use)",2000,2.367512630191,,0
LVA,Latvia,EG.IMP.CONS.ZS,"Energy imports, net (% of energy use)",2023,34.3077384557047,,0
LVA,Latvia,EG.IMP.CONS.ZS,"Energy imports, net (% of energy use)",2022,40.3971271651881,,0
LVA,Latvia,EG.IMP.CONS.ZS,"Energy imports, net (% of energy use)",2021,41.0237531211983,,0
LVA,Latvia,EG.IMP.CONS.ZS,"Energy imports, net (% of energy use)",2020,48.6027531846956,,0
LVA,Latvia,EG.IMP.CONS.ZS,"Energy imports, net (% of energy use)",2019,48.4186366032771,,0
LVA,Latvia,EG.IMP.CONS.ZS,"Energy imports, net (% of energy use)",2018,46.2654243003955,,0
LVA,Latvia,EG.IMP.CONS.ZS,"Energy imports, net (% of energy use)",2017,48.1886831376255,,0
LVA,Latvia,EG.IMP.CONS.ZS,"Energy imports, net (% of energy use)",2016,52.0818488366221,,0
LVA,Latvia,EG.IMP.CONS.ZS,"Energy imports, net (% of energy use)",2015,55.5329590910619,,0
LVA,Latvia,EG.IMP.CONS.ZS,"Energy imports, net (% of energy use)",2014,43.7073884740466,,0
LVA,Latvia,EG.IMP.CONS.ZS,"Energy imports, net (% of energy use)",2013,60.4800633921398,,0
LVA,Latvia,EG.IMP.CONS.ZS,"Energy imports, net (% of energy use)",2012,60.9111114716333,,0
LVA,Latvia,EG.IMP.CONS.ZS,"Energy imports, net (% of energy use)",2011,64.4701921728152,,0
LVA,Latvia,EG.IMP.CONS.ZS,"Energy imports, net (% of energy use)",2010,49.2063912522913,,0
LVA,Latvia,EG.IMP.CONS.ZS,"Energy imports, net (% of energy use)",2009,65.5122850789174,,0
LVA,Latvia,EG.IMP.CONS.ZS,"Energy imports, net (% of energy use)",2008,62.7334173444839,,0
LVA,Latvia,EG.IMP.CONS.ZS,"Energy imports, net (% of energy use)",2007,65.8917971395561,,0
LVA,Latvia,EG.IMP.CONS.ZS,"Energy imports, net (% of energy use)",2006,70.4849247126758,,0
LVA,Latvia,EG.IMP.CONS.ZS,"Energy imports, net (% of energy use)",2005,68.4417605020965,,0
LVA,Latvia,EG.IMP.CONS.ZS,"Energy imports, net (% of energy use)",2004,73.3670180423051,,0
LVA,Latvia,EG.IMP.CONS.ZS,"Energy imports, net (% of energy use)",2003,66.6421817699818,,0
LVA,Latvia,EG.IMP.CONS.ZS,"Energy imports, net (% of energy use)",2002,62.1902243693094,,0
LVA,Latvia,EG.IMP.CONS.ZS,"Energy imports, net (% of energy use)",2001,62.5084950539906,,0
LVA,Latvia,EG.IMP.CONS.ZS,"Energy imports, net (% of energy use)",2000,61.533715183207,,0
LVA,Latvia,EG.IMP.CONS.ZS,"Energy imports, net (% of energy use)",1999,56.4210791759981,,0
LVA,Latvia,EG.IMP.CONS.ZS,"Energy imports, net (% of energy use)",1998,61.2721163872292,,0
LVA,Latvia,EG.IMP.CONS.ZS,"Energy imports, net (% of energy use)",1997,61.6267287563733,,0
LVA,Latvia,EG.IMP.CONS.ZS,"Energy imports, net (% of energy use)",1996,76.4255642831108,,0
LVA,Latvia,EG.IMP.CONS.ZS,"Energy imports, net (% of energy use)",1995,73.0981268348446,,0
LVA,Latvia,EG.IMP.CONS.ZS,"Energy imports, net (% of energy use)",1994,76.8232957643609,,0
LVA,Latvia,EG.IMP.CONS.ZS,"Energy imports, net (% of energy use)",1993,74.2629554197783,,0
LVA,Latvia,EG.IMP.CONS.ZS,"Energy imports, net (% of energy use)",1992,90.1664859298325,,0
LVA,Latvia,EG.IMP.CONS.ZS,"Energy imports, net (% of energy use)",1991,88.042946522825,,0
LVA,Latvia,EG.IMP.CONS.ZS,"Energy imports, net (% of energy use)",1990,94.636943215049,,0
LBN,Lebanon,EG.IMP.CONS.ZS,"Energy imports, net (% of energy use)",2022,96.923460215068,,0
LBN,Lebanon,EG.IMP.CONS.ZS,"Energy imports, net (% of energy use)",2021,97.9617511679033,,0
LBN,Lebanon,EG.IMP.CONS.ZS,"Energy imports, net (% of energy use)",2020,97.5327971355101,,0
LBN,Lebanon,EG.IMP.CONS.ZS,"Energy imports, net (% of energy use)",2019,100.206027767995,,0
LBN,Lebanon,EG.IMP.CONS.ZS,"Energy imports, net (% of energy use)",2018,100.733418634018,,0
LBN,Lebanon,EG.IMP.CONS.ZS,"Energy imports, net (% of energy use)",2017,100.790008118141,,0
LBN,Lebanon,EG.IMP.CONS.ZS,"Energy imports, net (% of energy use)",2013,100.192762992192,,0
LBY,Libya,EG.IMP.CONS.ZS,"Energy imports, net (% of energy use)",2022,-249.727007920872,,0
LBY,Libya,EG.IMP.CONS.ZS,"Energy imports, net (% of energy use)",2021,-328.08093341662,,0
LBY,Libya,EG.IMP.CONS.ZS,"Energy imports, net (% of energy use)",2020,-143.177265119045,,0
LBY,Libya,EG.IMP.CONS.ZS,"Energy imports, net (% of energy use)",2019,-228.660158644367,,0
LBY,Libya,EG.IMP.CONS.ZS,"Energy imports, net (% of energy use)",2018,-249.99634787412,,0
LBY,Libya,EG.IMP.CONS.ZS,"Energy imports, net (% of energy use)",2017,-172.417316925856,,0
LBY,Libya,EG.IMP.CONS.ZS,"Energy imports, net (% of energy use)",2016,-75.2332488095071,,0
LBY,Libya,EG.IMP.CONS.ZS,"Energy imports, net (% of energy use)",2015,-78.2025353416576,,0
LBY,Libya,EG.IMP.CONS.ZS,"Energy imports, net (% of energy use)",2014,-74.0216610881201,,0
LBY,Libya,EG.IMP.CONS.ZS,"Energy imports, net (% of energy use)",2013,-282.822573973471,,0
LBY,Libya,EG.IMP.CONS.ZS,"Energy imports, net (% of energy use)",2012,-366.891782423274,,0
LBY,Libya,EG.IMP.CONS.ZS,"Energy imports, net (% of energy use)",2011,-95.1939186782023,,0
LBY,Libya,EG.IMP.CONS.ZS,"Energy imports, net (% of energy use)",2010,-404.483696449594,,0
LBY,Libya,EG.IMP.CONS.ZS,"Energy imports, net (% of energy use)",2009,-466.668732452052,,0
LBY,Libya,EG.IMP.CONS.ZS,"Energy imports, net (% of energy use)",2008,-562.968529993642,,0
LBY,Libya,EG.IMP.CONS.ZS,"Energy imports, net (% of energy use)",2007,-645.477465546497,,0
LBY,Libya,EG.IMP.CONS.ZS,"Energy imports, net (% of energy use)",2006,-534.247490075003,,0
LBY,Libya,EG.IMP.CONS.ZS,"Energy imports, net (% of energy use)",2005,-436.827798673985,,0
LBY,Libya,EG.IMP.CONS.ZS,"Energy imports, net (% of energy use)",2004,-419.067724331988,,0
LBY,Libya,EG.IMP.CONS.ZS,"Energy imports, net (% of energy use)",2003,-368.641053953165,,0
LBY,Libya,EG.IMP.CONS.ZS,"Energy imports, net (% of energy use)",2002,-337.416181320609,,0
LBY,Libya,EG.IMP.CONS.ZS,"Energy imports, net (% of energy use)",2001,-351.551168209857,,0
LBY,Libya,EG.IMP.CONS.ZS,"Energy imports, net (% of energy use)",2000,-378.510315538569,,0
LBY,Libya,EG.IMP.CONS.ZS,"Energy imports, net (% of energy use)",1999,-382.27393486964,,0
LBY,Libya,EG.IMP.CONS.ZS,"Energy imports, net (% of energy use)",1998,-429.498922751242,,0
LBY,Libya,EG.IMP.CONS.ZS,"Energy imports, net (% of energy use)",1997,-427.433111739335,,0
LBY,Libya,EG.IMP.CONS.ZS,"Energy imports, net (% of energy use)",1996,-428.532675588392,,0
LBY,Libya,EG.IMP.CONS.ZS,"Energy imports, net (% of energy use)",1995,-449.395261472785,,0
LBY,Libya,EG.IMP.CONS.ZS,"Energy imports, net (% of energy use)",1994,-464.456388311884,,0
LBY,Libya,EG.IMP.CONS.ZS,"Energy imports, net (% of energy use)",1993,-530.2723678221,,0
LBY,Libya,EG.IMP.CONS.ZS,"Energy imports, net (% of energy use)",1992,-588.78192022407,,0
LBY,Libya,EG.IMP.CONS.ZS,"Energy imports, net (% of energy use)",1991,-617.365715044596,,0
LBY,Libya,EG.IMP.CONS.ZS,"Energy imports, net (% of energy use)",1990,-551.623037097074,,0
LTU,Lithuania,EG.IMP.CONS.ZS,"Energy imports, net (% of energy use)",2023,71.4559726962456,,0
LTU,Lithuania,EG.IMP.CONS.ZS,"Energy imports, net (% of energy use)",2022,76.1661860191737,,0
LTU,Lithuania,EG.IMP.CONS.ZS,"Energy imports, net (% of energy use)",2021,76.5551427310188,,0
LTU,Lithuania,EG.IMP.CONS.ZS,"Energy imports, net (% of energy use)",2020,78.0217579923909,,0
LTU,Lithuania,EG.IMP.CONS.ZS,"Energy imports, net (% of energy use)",2019,79.0928575239035,,0
LTU,Lithuania,EG.IMP.CONS.ZS,"Energy imports, net (% of energy use)",2018,77.7375707009157,,0
LTU,Lithuania,EG.IMP.CONS.ZS,"Energy imports, net (% of energy use)",2017,75.129197329922,,0
LTU,Lithuania,EG.IMP.CONS.ZS,"Energy imports, net (% of energy use)",2016,78.0349272624847,,0
LTU,Lithuania,EG.IMP.CONS.ZS,"Energy imports, net (% of energy use)",2015,77.6835497527366,,0
LTU,Lithuania,EG.IMP.CONS.ZS,"Energy imports, net (% of energy use)",2014,76.530231634996,,0
LTU,Lithuania,EG.IMP.CONS.ZS,"Energy imports, net (% of energy use)",2013,78.0119841764997,,0
LTU,Lithuania,EG.IMP.CONS.ZS,"Energy imports, net (% of energy use)",2012,80.0964100372627,,0
LTU,Lithuania,EG.IMP.CONS.ZS,"Energy imports, net (% of energy use)",2011,81.4974503138078,,0
LTU,Lithuania,EG.IMP.CONS.ZS,"Energy imports, net (% of energy use)",2010,81.9343387125181,,0
LTU,Lithuania,EG.IMP.CONS.ZS,"Energy imports, net (% of energy use)",2009,49.9910095952138,,0
LTU,Lithuania,EG.IMP.CONS.ZS,"Energy imports, net (% of energy use)",2008,57.9009383703997,,0
LTU,Lithuania,EG.IMP.CONS.ZS,"Energy imports, net (% of energy use)",2007,61.06401135107,,0
LTU,Lithuania,EG.IMP.CONS.ZS,"Energy imports, net (% of energy use)",2006,62.3825652081135,,0
LTU,Lithuania,EG.IMP.CONS.ZS,"Energy imports, net (% of energy use)",2005,57.1071761517035,,0
LTU,Lithuania,EG.IMP.CONS.ZS,"Energy imports, net (% of energy use)",2004,46.6146891507517,,0
LTU,Lithuania,EG.IMP.CONS.ZS,"Energy imports, net (% of energy use)",2003,43.7080018139091,,0
LTU,Lithuania,EG.IMP.CONS.ZS,"Energy imports, net (% of energy use)",2002,41.681439496854,,0
LTU,Lithuania,EG.IMP.CONS.ZS,"Energy imports, net (% of energy use)",2001,46.7843806186899,,0
LTU,Lithuania,EG.IMP.CONS.ZS,"Energy imports, net (% of energy use)",2000,59.1157356772793,,0
LTU,Lithuania,EG.IMP.CONS.ZS,"Energy imports, net (% of energy use)",1999,53.4755321220474,,0
LTU,Lithuania,EG.IMP.CONS.ZS,"Energy imports, net (% of energy use)",1998,49.9276680537731,,0
LTU,Lithuania,EG.IMP.CONS.ZS,"Energy imports, net (% of energy use)",1997,55.4978380492614,,0
LTU,Lithuania,EG.IMP.CONS.ZS,"Energy imports, net (% of energy use)",1996,52.9908710024112,,0
LTU,Lithuania,EG.IMP.CONS.ZS,"Energy imports, net (% of energy use)",1995,63.9124988693706,,0
LTU,Lithuania,EG.IMP.CONS.ZS,"Energy imports, net (% of energy use)",1994,66.014888541823,,0
LTU,Lithuania,EG.IMP.CONS.ZS,"Energy imports, net (% of energy use)",1993,57.6108086836754,,0
LTU,Lithuania,EG.IMP.CONS.ZS,"Energy imports, net (% of energy use)",1992,62.4104114517299,,0
LTU,Lithuania,EG.IMP.CONS.ZS,"Energy imports, net (% of energy use)",1991,72.040902970341,,0
LTU,Lithuania,EG.IMP.CONS.ZS,"Energy imports, net (% of energy use)",1990,72.4144442032584,,0
LUX,Luxembourg,EG.IMP.CONS.ZS,"Energy imports, net (% of energy use)",2023,109.585053497428,,0
LUX,Luxembourg,EG.IMP.CONS.ZS,"Energy imports, net (% of energy use)",2022,110.298331240177,,0
LUX,Luxembourg,EG.IMP.CONS.ZS,"Energy imports, net (% of energy use)",2021,108.462389747056,,0
LUX,Luxembourg,EG.IMP.CONS.ZS,"Energy imports, net (% of energy use)",2020,107.175466109078,,0
LUX,Luxembourg,EG.IMP.CONS.ZS,"Energy imports, net (% of energy use)",2019,109.514776599087,,0
LUX,Luxembourg,EG.IMP.CONS.ZS,"Energy imports, net (% of energy use)",2018,110.19238189736,,0
LUX,Luxembourg,EG.IMP.CONS.ZS,"Energy imports, net (% of energy use)",2017,110.172685055954,,0
LUX,Luxembourg,EG.IMP.CONS.ZS,"Energy imports, net (% of energy use)",2016,109.555050887375,,0
LUX,Luxembourg,EG.IMP.CONS.ZS,"Energy imports, net (% of energy use)",2015,107.745108083188,,0
LUX,Luxembourg,EG.IMP.CONS.ZS,"Energy imports, net (% of energy use)",2014,106.887490793793,,0
LUX,Luxembourg,EG.IMP.CONS.ZS,"Energy imports, net (% of energy use)",2013,106.229059336384,,0
LUX,Luxembourg,EG.IMP.CONS.ZS,"Energy imports, net (% of energy use)",2012,106.358293971357,,0
LUX,Luxembourg,EG.IMP.CONS.ZS,"Energy imports, net (% of energy use)",2011,106.676610432954,,0
LUX,Luxembourg,EG.IMP.CONS.ZS,"Energy imports, net (% of energy use)",2010,106.959853952716,,0
LUX,Luxembourg,EG.IMP.CONS.ZS,"Energy imports, net (% of energy use)",2009,107.847712063664,,0
LUX,Luxembourg,EG.IMP.CONS.ZS,"Energy imports, net (% of energy use)",2008,107.569730146317,,0
LUX,Luxembourg,EG.IMP.CONS.ZS,"Energy imports, net (% of energy use)",2007,106.64376884536,,0
LUX,Luxembourg,EG.IMP.CONS.ZS,"Energy imports, net (% of energy use)",2006,107.403305785124,,0
LUX,Luxembourg,EG.IMP.CONS.ZS,"Energy imports, net (% of energy use)",2005,106.972502041927,,0
LUX,Luxembourg,EG.IMP.CONS.ZS,"Energy imports, net (% of energy use)",2004,107.584742701207,,0
LUX,Luxembourg,EG.IMP.CONS.ZS,"Energy imports, net (% of energy use)",2003,108.339928769292,,0
LUX,Luxembourg,EG.IMP.CONS.ZS,"Energy imports, net (% of energy use)",2002,108.716613822888,,0
LUX,Luxembourg,EG.IMP.CONS.ZS,"Energy imports, net (% of energy use)",2001,106.944830155451,,0
LUX,Luxembourg,EG.IMP.CONS.ZS,"Energy imports, net (% of energy use)",2000,109.121356801824,,0
LUX,Luxembourg,EG.IMP.CONS.ZS,"Energy imports, net (% of energy use)",1999,107.386736703874,,0
LUX,Luxembourg,EG.IMP.CONS.ZS,"Energy imports, net (% of energy use)",1998,108.835536315383,,0
LUX,Luxembourg,EG.IMP.CONS.ZS,"Energy imports, net (% of energy use)",1997,106.44422586297,,0
LUX,Luxembourg,EG.IMP.CONS.ZS,"Energy imports, net (% of energy use)",1996,105.774019157002,,0
LUX,Luxembourg,EG.IMP.CONS.ZS,"Energy imports, net (% of energy use)",1995,103.584919972692,,0
LUX,Luxembourg,EG.IMP.CONS.ZS,"Energy imports, net (% of energy use)",1994,103.40615930345,,0
LUX,Luxembourg,EG.IMP.CONS.ZS,"Energy imports, net (% of energy use)",1993,101.834404321128,,0
LUX,Luxembourg,EG.IMP.CONS.ZS,"Energy imports, net (% of energy use)",1992,103.125287673755,,0
LUX,Luxembourg,EG.IMP.CONS.ZS,"Energy imports, net (% of energy use)",1991,102.312031935601,,0
LUX,Luxembourg,EG.IMP.CONS.ZS,"Energy imports, net (% of energy use)",1990,103.36422907489,,0
MDG,Madagascar,EG.IMP.CONS.ZS,"Energy imports, net (% of energy use)",2017,13.7006490799738,,0
MDG,Madagascar,EG.IMP.CONS.ZS,"Energy imports, net (% of energy use)",2005,12.6230917975255,,0
MDG,Madagascar,EG.IMP.CONS.ZS,"Energy imports, net (% of energy use)",2004,11.6395738328879,,0
MDG,Madagascar,EG.IMP.CONS.ZS,"Energy imports, net (% of energy use)",2003,11.9312680215483,,0
MDG,Madagascar,EG.IMP.CONS.ZS,"Energy imports, net (% of energy use)",2002,11.3818089512975,,0
MDG,Madagascar,EG.IMP.CONS.ZS,"Energy imports, net (% of energy use)",2001,15.3131482544026,,0
MDG,Madagascar,EG.IMP.CONS.ZS,"Energy imports, net (% of energy use)",2000,15.9066874027994,,0
MDG,Madagascar,EG.IMP.CONS.ZS,"Energy imports, net (% of energy use)",1999,15.3607994962334,,0
MDG,Madagascar,EG.IMP.CONS.ZS,"Energy imports, net (% of energy use)",1998,16.4070917817612,,0
MDG,Madagascar,EG.IMP.CONS.ZS,"Energy imports, net (% of energy use)",1997,14.9640168219759,,0
MDG,Madagascar,EG.IMP.CONS.ZS,"Energy imports, net (% of energy use)",1996,14.1062969304879,,0
MDG,Madagascar,EG.IMP.CONS.ZS,"Energy imports, net (% of energy use)",1995,13.0514206031027,,0
MDG,Madagascar,EG.IMP.CONS.ZS,"Energy imports, net (% of energy use)",1994,16.3023366794203,,0
MDG,Madagascar,EG.IMP.CONS.ZS,"Energy imports, net (% of energy use)",1993,12.6778364970653,,0
MDG,Madagascar,EG.IMP.CONS.ZS,"Energy imports, net (% of energy use)",1992,12.706497005742,,0
MDG,Madagascar,EG.IMP.CONS.ZS,"Energy imports, net (% of energy use)",1991,13.378417363857,,0
MDG,Madagascar,EG.IMP.CONS.ZS,"Energy imports, net (% of energy use)",1990,12.4854389494864,,0
MYS,Malaysia,EG.IMP.CONS.ZS,"Energy imports, net (% of energy use)",2022,-0.578726686040022,,0
MYS,Malaysia,EG.IMP.CONS.ZS,"Energy imports, net (% of energy use)",2021,-0.739797820685311,,0
MYS,Malaysia,EG.IMP.CONS.ZS,"Energy imports, net (% of energy use)",2020,1.4599273272106,,0
MYS,Malaysia,EG.IMP.CONS.ZS,"Energy imports, net (% of energy use)",2019,0.419441769978299,,0
MYS,Malaysia,EG.IMP.CONS.ZS,"Energy imports, net (% of energy use)",2018,-2.31632847100387,,0
MYS,Malaysia,EG.IMP.CONS.ZS,"Energy imports, net (% of energy use)",2017,-9.46619716840316,,0
MYS,Malaysia,EG.IMP.CONS.ZS,"Energy imports, net (% of energy use)",2016,-8.0938585553716,,0
MYS,Malaysia,EG.IMP.CONS.ZS,"Energy imports, net (% of energy use)",2015,-9.78609643797293,,0
MYS,Malaysia,EG.IMP.CONS.ZS,"Energy imports, net (% of energy use)",2014,-1.31674896798018,,0
MYS,Malaysia,EG.IMP.CONS.ZS,"Energy imports, net (% of energy use)",2013,-1.02196038431298,,0
MYS,Malaysia,EG.IMP.CONS.ZS,"Energy imports, net (% of energy use)",2012,-10.7287875242111,,0
MYS,Malaysia,EG.IMP.CONS.ZS,"Energy imports, net (% of energy use)",2011,-9.86347941634221,,0
MYS,Malaysia,EG.IMP.CONS.ZS,"Energy imports, net (% of energy use)",2010,-19.4840823578216,,0
MYS,Malaysia,EG.IMP.CONS.ZS,"Energy imports, net (% of energy use)",2009,-26.4776718308934,,0
MYS,Malaysia,EG.IMP.CONS.ZS,"Energy imports, net (% of energy use)",2008,-25.4811992872319,,0
MYS,Malaysia,EG.IMP.CONS.ZS,"Energy imports, net (% of energy use)",2007,-29.7539341309863,,0
MYS,Malaysia,EG.IMP.CONS.ZS,"Energy imports, net (% of energy use)",2006,-38.7189124367808,,0
MYS,Malaysia,EG.IMP.CONS.ZS,"Energy imports, net (% of energy use)",2005,-43.7782101911016,,0
MYS,Malaysia,EG.IMP.CONS.ZS,"Energy imports, net (% of energy use)",2004,-48.0780497298625,,0
MYS,Malaysia,EG.IMP.CONS.ZS,"Energy imports, net (% of energy use)",2003,-50.4417829656388,,0
MYS,Malaysia,EG.IMP.CONS.ZS,"Energy imports, net (% of energy use)",2002,-52.4797204932948,,0
MYS,Malaysia,EG.IMP.CONS.ZS,"Energy imports, net (% of energy use)",2001,-51.9557499366613,,0
MYS,Malaysia,EG.IMP.CONS.ZS,"Energy imports, net (% of energy use)",2000,-56.7090485953618,,0
MYS,Malaysia,EG.IMP.CONS.ZS,"Energy imports, net (% of energy use)",1999,-67.986309648656,,0
MYS,Malaysia,EG.IMP.CONS.ZS,"Energy imports, net (% of energy use)",1998,-73.5795140371132,,0
MYS,Malaysia,EG.IMP.CONS.ZS,"Energy imports, net (% of energy use)",1997,-64.1510450480552,,0
MYS,Malaysia,EG.IMP.CONS.ZS,"Energy imports, net (% of energy use)",1996,-81.8121925258594,,0
MYS,Malaysia,EG.IMP.CONS.ZS,"Energy imports, net (% of energy use)",1995,-83.4115165000964,,0
MYS,Malaysia,EG.IMP.CONS.ZS,"Energy imports, net (% of energy use)",1994,-77.9547827572558,,0
MYS,Malaysia,EG.IMP.CONS.ZS,"Energy imports, net (% of energy use)",1993,-73.076015350443,,0
MYS,Malaysia,EG.IMP.CONS.ZS,"Energy imports, net (% of energy use)",1992,-85.4540656652222,,0
MYS,Malaysia,EG.IMP.CONS.ZS,"Energy imports, net (% of energy use)",1991,-94.6656394536997,,0
MYS,Malaysia,EG.IMP.CONS.ZS,"Energy imports, net (% of energy use)",1990,-121.970814185753,,0
MLT,Malta,EG.IMP.CONS.ZS,"Energy imports, net (% of energy use)",2023,403.5916298334,,0
MLT,Malta,EG.IMP.CONS.ZS,"Energy imports, net (% of energy use)",2022,389.552837996418,,0
MLT,Malta,EG.IMP.CONS.ZS,"Energy imports, net (% of energy use)",2021,376.570848833276,,0
MLT,Malta,EG.IMP.CONS.ZS,"Energy imports, net (% of energy use)",2020,417.462738301559,,0
MLT,Malta,EG.IMP.CONS.ZS,"Energy imports, net (% of energy use)",2019,424.207824684939,,0
MLT,Malta,EG.IMP.CONS.ZS,"Energy imports, net (% of energy use)",2018,437.49649368864,,0
MLT,Malta,EG.IMP.CONS.ZS,"Energy imports, net (% of energy use)",2017,450.181459427082,,0
MLT,Malta,EG.IMP.CONS.ZS,"Energy imports, net (% of energy use)",2016,419.058493589744,,0
MLT,Malta,EG.IMP.CONS.ZS,"Energy imports, net (% of energy use)",2015,347.151816528742,,0
MLT,Malta,EG.IMP.CONS.ZS,"Energy imports, net (% of energy use)",2014,264.163696694113,,0
MLT,Malta,EG.IMP.CONS.ZS,"Energy imports, net (% of energy use)",2013,276.579856825475,,0
MLT,Malta,EG.IMP.CONS.ZS,"Energy imports, net (% of energy use)",2012,247.829849373969,,0
MLT,Malta,EG.IMP.CONS.ZS,"Energy imports, net (% of energy use)",2011,276.235098578634,,0
MLT,Malta,EG.IMP.CONS.ZS,"Energy imports, net (% of energy use)",2010,282.243682876107,,0
MLT,Malta,EG.IMP.CONS.ZS,"Energy imports, net (% of energy use)",2009,251.622943530457,,0
MEX,Mexico,EG.IMP.CONS.ZS,"Energy imports, net (% of energy use)",2023,21.5843559520399,,0
MEX,Mexico,EG.IMP.CONS.ZS,"Energy imports, net (% of energy use)",2022,21.1050764879457,,0
MEX,Mexico,EG.IMP.CONS.ZS,"Energy imports, net (% of energy use)",2021,15.3117558234424,,0
MEX,Mexico,EG.IMP.CONS.ZS,"Energy imports, net (% of energy use)",2020,10.8895496628123,,0
MEX,Mexico,EG.IMP.CONS.ZS,"Energy imports, net (% of energy use)",2019,18.2994397147,,0
MEX,Mexico,EG.IMP.CONS.ZS,"Energy imports, net (% of energy use)",2018,16.7913179157596,,0
MEX,Mexico,EG.IMP.CONS.ZS,"Energy imports, net (% of energy use)",2017,11.4340419264569,,0
MEX,Mexico,EG.IMP.CONS.ZS,"Energy imports, net (% of energy use)",2016,4.93383715309556,,0
MEX,Mexico,EG.IMP.CONS.ZS,"Energy imports, net (% of energy use)",2015,-0.838223440033256,,0
MEX,Mexico,EG.IMP.CONS.ZS,"Energy imports, net (% of energy use)",2014,-7.87572561111971,,0
MEX,Mexico,EG.IMP.CONS.ZS,"Energy imports, net (% of energy use)",2013,-10.4334471850256,,0
MEX,Mexico,EG.IMP.CONS.ZS,"Energy imports, net (% of energy use)",2012,-11.711054039167,,0
MEX,Mexico,EG.IMP.CONS.ZS,"Energy imports, net (% of energy use)",2011,-17.6294162946352,,0
MEX,Mexico,EG.IMP.CONS.ZS,"Energy imports, net (% of energy use)",2010,-22.4516124231103,,0
MEX,Mexico,EG.IMP.CONS.ZS,"Energy imports, net (% of energy use)",2009,-23.0867182063229,,0
MEX,Mexico,EG.IMP.CONS.ZS,"Energy imports, net (% of energy use)",2008,-25.8232008878497,,0
MEX,Mexico,EG.IMP.CONS.ZS,"Energy imports, net (% of energy use)",2007,-34.2783300673031,,0
MEX,Mexico,EG.IMP.CONS.ZS,"Energy imports, net (% of energy use)",2006,-40.3570743847689,,0
MEX,Mexico,EG.IMP.CONS.ZS,"Energy imports, net (% of energy use)",2005,-43.7718551674863,,0
MEX,Mexico,EG.IMP.CONS.ZS,"Energy imports, net (% of energy use)",2004,-51.3112608792777,,0
MEX,Mexico,EG.IMP.CONS.ZS,"Energy imports, net (% of energy use)",2003,-51.5888281824382,,0
MEX,Mexico,EG.IMP.CONS.ZS,"Energy imports, net (% of energy use)",2002,-49.1968154277202,,0
MEX,Mexico,EG.IMP.CONS.ZS,"Energy imports, net (% of energy use)",2001,-47.5796315241706,,0
MEX,Mexico,EG.IMP.CONS.ZS,"Energy imports, net (% of energy use)",2000,-47.5873966830153,,0
MEX,Mexico,EG.IMP.CONS.ZS,"Energy imports, net (% of energy use)",1999,-46.8028453019241,,0
MEX,Mexico,EG.IMP.CONS.ZS,"Energy imports, net (% of energy use)",1998,-52.515592508828,,0
MEX,Mexico,EG.IMP.CONS.ZS,"Energy imports, net (% of energy use)",1997,-56.4513902611363,,0
MEX,Mexico,EG.IMP.CONS.ZS,"Energy imports, net (% of energy use)",1996,-55.9407825897262,,0
MEX,Mexico,EG.IMP.CONS.ZS,"Energy imports, net (% of energy use)",1995,-52.170608814711,,0
MEX,Mexico,EG.IMP.CONS.ZS,"Energy imports, net (% of energy use)",1994,-48.4417231626908,,0
MEX,Mexico,EG.IMP.CONS.ZS,"Energy imports, net (% of energy use)",1993,-53.6961873924175,,0
MEX,Mexico,EG.IMP.CONS.ZS,"Energy imports, net (% of energy use)",1992,-53.5798160982017,,0
MEX,Mexico,EG.IMP.CONS.ZS,"Energy imports, net (% of energy use)",1991,-55.6746837495619,,0
MEX,Mexico,EG.IMP.CONS.ZS,"Energy imports, net (% of energy use)",1990,-56.1844915634664,,0
MDA,Moldova,EG.IMP.CONS.ZS,"Energy imports, net (% of energy use)",2023,81.1658823176762,,0
MDA,Moldova,EG.IMP.CONS.ZS,"Energy imports, net (% of energy use)",2022,86.56366606026,,0
MDA,Moldova,EG.IMP.CONS.ZS,"Energy imports, net (% of energy use)",2021,83.7504210844852,,0
MDA,Moldova,EG.IMP.CONS.ZS,"Energy imports, net (% of energy use)",2020,84.0958565129216,,0
MDA,Moldova,EG.IMP.CONS.ZS,"Energy imports, net (% of energy use)",2019,84.1575874207371,,0
MDA,Moldova,EG.IMP.CONS.ZS,"Energy imports, net (% of energy use)",2018,81.9775124472026,,0
MDA,Moldova,EG.IMP.CONS.ZS,"Energy imports, net (% of energy use)",2017,80.8831465273944,,0
MDA,Moldova,EG.IMP.CONS.ZS,"Energy imports, net (% of energy use)",2016,81.9081303162418,,0
MDA,Moldova,EG.IMP.CONS.ZS,"Energy imports, net (% of energy use)",2015,82.5738698191325,,0
MDA,Moldova,EG.IMP.CONS.ZS,"Energy imports, net (% of energy use)",2014,81.7846882750588,,0
MDA,Moldova,EG.IMP.CONS.ZS,"Energy imports, net (% of energy use)",2013,82.4263446204606,,0
MDA,Moldova,EG.IMP.CONS.ZS,"Energy imports, net (% of energy use)",2012,84.0162089149033,,0
MDA,Moldova,EG.IMP.CONS.ZS,"Energy imports, net (% of energy use)",2011,85.6389728955029,,0
MDA,Moldova,EG.IMP.CONS.ZS,"Energy imports, net (% of energy use)",2010,84.3725375888069,,0
MDA,Moldova,EG.IMP.CONS.ZS,"Energy imports, net (% of energy use)",2009,96.9593555693894,,0
MDA,Moldova,EG.IMP.CONS.ZS,"Energy imports, net (% of energy use)",2008,97.1171184012657,,0
MDA,Moldova,EG.IMP.CONS.ZS,"Energy imports, net (% of energy use)",2007,98.0673762632164,,0
MDA,Moldova,EG.IMP.CONS.ZS,"Energy imports, net (% of energy use)",2006,96.5221543955816,,0
MDA,Moldova,EG.IMP.CONS.ZS,"Energy imports, net (% of energy use)",2005,97.0851805154484,,0
MDA,Moldova,EG.IMP.CONS.ZS,"Energy imports, net (% of energy use)",2004,96.6818477553677,,0
MDA,Moldova,EG.IMP.CONS.ZS,"Energy imports, net (% of energy use)",2003,98.156413463725,,0
MDA,Moldova,EG.IMP.CONS.ZS,"Energy imports, net (% of energy use)",2002,96.8718902114465,,0
MDA,Moldova,EG.IMP.CONS.ZS,"Energy imports, net (% of energy use)",1997,100.501585578026,,0
MDA,Moldova,EG.IMP.CONS.ZS,"Energy imports, net (% of energy use)",1996,94.5583038869258,,0
MDA,Moldova,EG.IMP.CONS.ZS,"Energy imports, net (% of energy use)",1995,99.4832185211243,,0
MDA,Moldova,EG.IMP.CONS.ZS,"Energy imports, net (% of energy use)",1993,93.7221153733161,,0
MDA,Moldova,EG.IMP.CONS.ZS,"Energy imports, net (% of energy use)",1992,98.1605450340297,,0
MDA,Moldova,EG.IMP.CONS.ZS,"Energy imports, net (% of energy use)",1991,99.400263397832,,0
MDA,Moldova,EG.IMP.CONS.ZS,"Energy imports, net (% of energy use)",1990,99.9633045241661,,0
MNG,Mongolia,EG.IMP.CONS.ZS,"Energy imports, net (% of energy use)",2022,-226.427034086937,,0
MNG,Mongolia,EG.IMP.CONS.ZS,"Energy imports, net (% of energy use)",2021,-115.040088065315,,0
MNG,Mongolia,EG.IMP.CONS.ZS,"Energy imports, net (% of energy use)",2020,-224.965558599004,,0
MNG,Mongolia,EG.IMP.CONS.ZS,"Energy imports, net (% of energy use)",2019,-269.085964067259,,0
MNG,Mongolia,EG.IMP.CONS.ZS,"Energy imports, net (% of energy use)",2018,-364.047228020951,,0
MNG,Mongolia,EG.IMP.CONS.ZS,"Energy imports, net (% of energy use)",2017,-374.491359496041,,0
MNG,Mongolia,EG.IMP.CONS.ZS,"Energy imports, net (% of energy use)",2016,-327.324729444869,,0
MNG,Mongolia,EG.IMP.CONS.ZS,"Energy imports, net (% of energy use)",2015,-210.649757498803,,0
MNG,Mongolia,EG.IMP.CONS.ZS,"Energy imports, net (% of energy use)",2014,-248.656183020515,,0
MNG,Mongolia,EG.IMP.CONS.ZS,"Energy imports, net (% of energy use)",2013,-231.995482459236,,0
MNG,Mongolia,EG.IMP.CONS.ZS,"Energy imports, net (% of energy use)",2012,-300.95080321827,,0
MNG,Mongolia,EG.IMP.CONS.ZS,"Energy imports, net (% of energy use)",2011,-247.871195342836,,0
MNG,Mongolia,EG.IMP.CONS.ZS,"Energy imports, net (% of energy use)",2010,-277.861458809575,,0
MNG,Mongolia,EG.IMP.CONS.ZS,"Energy imports, net (% of energy use)",2009,-117.295508893766,,0
MNG,Mongolia,EG.IMP.CONS.ZS,"Energy imports, net (% of energy use)",2008,-58.498678149955,,0
MNG,Mongolia,EG.IMP.CONS.ZS,"Energy imports, net (% of energy use)",2007,-42.2013202448951,,0
MNG,Mongolia,EG.IMP.CONS.ZS,"Energy imports, net (% of energy use)",2006,-30.6539382888197,,0
MNG,Mongolia,EG.IMP.CONS.ZS,"Energy imports, net (% of energy use)",2005,-29.7022014043864,,0
MNG,Mongolia,EG.IMP.CONS.ZS,"Energy imports, net (% of energy use)",2004,22.8206824841668,,0
MNG,Mongolia,EG.IMP.CONS.ZS,"Energy imports, net (% of energy use)",2003,21.5573762506454,,0
MNG,Mongolia,EG.IMP.CONS.ZS,"Energy imports, net (% of energy use)",2002,19.5257157527409,,0
MNG,Mongolia,EG.IMP.CONS.ZS,"Energy imports, net (% of energy use)",2001,20.0128137330676,,0
MNG,Mongolia,EG.IMP.CONS.ZS,"Energy imports, net (% of energy use)",2000,20.2095609636536,,0
MNG,Mongolia,EG.IMP.CONS.ZS,"Energy imports, net (% of energy use)",1999,19.3734918806114,,0
MNG,Mongolia,EG.IMP.CONS.ZS,"Energy imports, net (% of energy use)",1998,20.6356462585033,,0
MNG,Mongolia,EG.IMP.CONS.ZS,"Energy imports, net (% of energy use)",1997,20.4681121889128,,0
MNG,Mongolia,EG.IMP.CONS.ZS,"Energy imports, net (% of energy use)",1996,19.4774958424978,,0
MNG,Mongolia,EG.IMP.CONS.ZS,"Energy imports, net (% of energy use)",1995,18.0338207338937,,0
MNG,Mongolia,EG.IMP.CONS.ZS,"Energy imports, net (% of energy use)",1992,12.9086536725571,,0
MNG,Mongolia,EG.IMP.CONS.ZS,"Energy imports, net (% of energy use)",1991,14.4158006255676,,0
MNG,Mongolia,EG.IMP.CONS.ZS,"Energy imports, net (% of energy use)",1990,20.5384669038153,,0
MNE,Montenegro,EG.IMP.CONS.ZS,"Energy imports, net (% of energy use)",2023,24.3527580071175,,0
MNE,Montenegro,EG.IMP.CONS.ZS,"Energy imports, net (% of energy use)",2022,29.6231897320918,,0
MNE,Montenegro,EG.IMP.CONS.ZS,"Energy imports, net (% of energy use)",2021,31.5278115132378,,0
MNE,Montenegro,EG.IMP.CONS.ZS,"Energy imports, net (% of energy use)",2020,27.6533889761563,,0
MNE,Montenegro,EG.IMP.CONS.ZS,"Energy imports, net (% of energy use)",2019,33.6893587156768,,0
MNE,Montenegro,EG.IMP.CONS.ZS,"Energy imports, net (% of energy use)",2018,31.8222060793172,,0
MNE,Montenegro,EG.IMP.CONS.ZS,"Energy imports, net (% of energy use)",2017,41.3384348152667,,0
MNE,Montenegro,EG.IMP.CONS.ZS,"Energy imports, net (% of energy use)",2016,35.3510002214512,,0
MNE,Montenegro,EG.IMP.CONS.ZS,"Energy imports, net (% of energy use)",2015,30.5421427546972,,0
MNE,Montenegro,EG.IMP.CONS.ZS,"Energy imports, net (% of energy use)",2014,30.4145738061324,,0
MNE,Montenegro,EG.IMP.CONS.ZS,"Energy imports, net (% of energy use)",2013,23.6995346344078,,0
MNE,Montenegro,EG.IMP.CONS.ZS,"Energy imports, net (% of energy use)",2012,34.6593476100117,,0
MNE,Montenegro,EG.IMP.CONS.ZS,"Energy imports, net (% of energy use)",2011,36.5566940181117,,0
MNE,Montenegro,EG.IMP.CONS.ZS,"Energy imports, net (% of energy use)",2010,26.4911463187326,,0
MNE,Montenegro,EG.IMP.CONS.ZS,"Energy imports, net (% of energy use)",2009,43.0988224772694,,0
MNE,Montenegro,EG.IMP.CONS.ZS,"Energy imports, net (% of energy use)",2008,46.4935781262312,,0
MNE,Montenegro,EG.IMP.CONS.ZS,"Energy imports, net (% of energy use)",2007,54.5824760854351,,0
MNE,Montenegro,EG.IMP.CONS.ZS,"Energy imports, net (% of energy use)",2006,45.4041287982626,,0
MNE,Montenegro,EG.IMP.CONS.ZS,"Energy imports, net (% of energy use)",2005,42.6924515947994,,0
MAR,Morocco,EG.IMP.CONS.ZS,"Energy imports, net (% of energy use)",2023,93.6448805073888,,0
MAR,Morocco,EG.IMP.CONS.ZS,"Energy imports, net (% of energy use)",2022,94.0020118503931,,0
MAR,Morocco,EG.IMP.CONS.ZS,"Energy imports, net (% of energy use)",2021,91.3557010365519,,0
MAR,Morocco,EG.IMP.CONS.ZS,"Energy imports, net (% of energy use)",2020,90.7321703373659,,0
MAR,Morocco,EG.IMP.CONS.ZS,"Energy imports, net (% of energy use)",2019,92.4272836757783,,0
MAR,Morocco,EG.IMP.CONS.ZS,"Energy imports, net (% of energy use)",2018,96.2868283378303,,0
MAR,Morocco,EG.IMP.CONS.ZS,"Energy imports, net (% of energy use)",2017,95.1279323169679,,0
MAR,Morocco,EG.IMP.CONS.ZS,"Energy imports, net (% of energy use)",2016,94.9250966307845,,0
MAR,Morocco,EG.IMP.CONS.ZS,"Energy imports, net (% of energy use)",2015,96.0366529395705,,0
MAR,Morocco,EG.IMP.CONS.ZS,"Energy imports, net (% of energy use)",2014,102.787518192581,,0
MAR,Morocco,EG.IMP.CONS.ZS,"Energy imports, net (% of energy use)",2013,99.6610359699752,,0
MAR,Morocco,EG.IMP.CONS.ZS,"Energy imports, net (% of energy use)",2012,103.803753982369,,0
MAR,Morocco,EG.IMP.CONS.ZS,"Energy imports, net (% of energy use)",2011,95.4355328368665,,0
MAR,Morocco,EG.IMP.CONS.ZS,"Energy imports, net (% of energy use)",2010,95.9270968941792,,0
MAR,Morocco,EG.IMP.CONS.ZS,"Energy imports, net (% of energy use)",2009,93.6050324349229,,0
MAR,Morocco,EG.IMP.CONS.ZS,"Energy imports, net (% of energy use)",2008,89.6185838640902,,0
MAR,Morocco,EG.IMP.CONS.ZS,"Energy imports, net (% of energy use)",2007,91.897611079767,,0
MAR,Morocco,EG.IMP.CONS.ZS,"Energy imports, net (% of energy use)",2006,87.4584847450383,,0
MAR,Morocco,EG.IMP.CONS.ZS,"Energy imports, net (% of energy use)",2005,86.8192698739848,,0
MAR,Morocco,EG.IMP.CONS.ZS,"Energy imports, net (% of energy use)",2004,83.3430739242091,,0
MAR,Morocco,EG.IMP.CONS.ZS,"Energy imports, net (% of energy use)",2003,91.4162517780941,,0
MAR,Morocco,EG.IMP.CONS.ZS,"Energy imports, net (% of energy use)",2002,88.1574659322708,,0
MAR,Morocco,EG.IMP.CONS.ZS,"Energy imports, net (% of energy use)",2001,94.8012726402791,,0
MAR,Morocco,EG.IMP.CONS.ZS,"Energy imports, net (% of energy use)",2000,90.1370991340535,,0
MAR,Morocco,EG.IMP.CONS.ZS,"Energy imports, net (% of energy use)",1999,88.0208038278339,,0
MAR,Morocco,EG.IMP.CONS.ZS,"Energy imports, net (% of energy use)",1998,89.3375062547492,,0
MAR,Morocco,EG.IMP.CONS.ZS,"Energy imports, net (% of energy use)",1997,89.250383661905,,0
MAR,Morocco,EG.IMP.CONS.ZS,"Energy imports, net (% of energy use)",1996,84.6496810636242,,0
MAR,Morocco,EG.IMP.CONS.ZS,"Energy imports, net (% of energy use)",1995,88.3446300227639,,0
MAR,Morocco,EG.IMP.CONS.ZS,"Energy imports, net (% of energy use)",1994,87.4604988735686,,0
MAR,Morocco,EG.IMP.CONS.ZS,"Energy imports, net (% of energy use)",1993,86.2958379469811,,0
MAR,Morocco,EG.IMP.CONS.ZS,"Energy imports, net (% of energy use)",1992,88.0612736331299,,0
MAR,Morocco,EG.IMP.CONS.ZS,"Energy imports, net (% of energy use)",1991,81.2893602422399,,0
MAR,Morocco,EG.IMP.CONS.ZS,"Energy imports, net (% of energy use)",1990,85.3465923875389,,0
MOZ,Mozambique,EG.IMP.CONS.ZS,"Energy imports, net (% of energy use)",2022,-106.352427255745,,0
MOZ,Mozambique,EG.IMP.CONS.ZS,"Energy imports, net (% of energy use)",2021,-74.3114353674017,,0
MOZ,Mozambique,EG.IMP.CONS.ZS,"Energy imports, net (% of energy use)",2020,-63.5409926562081,,0
MOZ,Mozambique,EG.IMP.CONS.ZS,"Energy imports, net (% of energy use)",2019,-82.4567951426611,,0
MOZ,Mozambique,EG.IMP.CONS.ZS,"Energy imports, net (% of energy use)",2018,-110.812960990278,,0
MOZ,Mozambique,EG.IMP.CONS.ZS,"Energy imports, net (% of energy use)",2017,-123.059393541235,,0
MOZ,Mozambique,EG.IMP.CONS.ZS,"Energy imports, net (% of energy use)",2016,-73.7472209539496,,0
MOZ,Mozambique,EG.IMP.CONS.ZS,"Energy imports, net (% of energy use)",2015,-44.3553661863917,,0
MOZ,Mozambique,EG.IMP.CONS.ZS,"Energy imports, net (% of energy use)",2014,-44.2543454834516,,0
MOZ,Mozambique,EG.IMP.CONS.ZS,"Energy imports, net (% of energy use)",2013,-38.854846709989,,0
MOZ,Mozambique,EG.IMP.CONS.ZS,"Energy imports, net (% of energy use)",2012,-32.0401773225162,,0
MOZ,Mozambique,EG.IMP.CONS.ZS,"Energy imports, net (% of energy use)",2011,-21.5136719015939,,0
MOZ,Mozambique,EG.IMP.CONS.ZS,"Energy imports, net (% of energy use)",2010,-28.8061339832341,,0
MOZ,Mozambique,EG.IMP.CONS.ZS,"Energy imports, net (% of energy use)",2009,-25.209169889047,,0
MOZ,Mozambique,EG.IMP.CONS.ZS,"Energy imports, net (% of energy use)",2008,-27.6710389366915,,0
MOZ,Mozambique,EG.IMP.CONS.ZS,"Energy imports, net (% of energy use)",2007,-25.0317405068537,,0
MOZ,Mozambique,EG.IMP.CONS.ZS,"Energy imports, net (% of energy use)",2006,-20.99051989161,,0
MOZ,Mozambique,EG.IMP.CONS.ZS,"Energy imports, net (% of energy use)",2005,-18.0291798872155,,0
MOZ,Mozambique,EG.IMP.CONS.ZS,"Energy imports, net (% of energy use)",2004,-7.39111530230221,,0
MOZ,Mozambique,EG.IMP.CONS.ZS,"Energy imports, net (% of energy use)",2003,5.28359937530337,,0
MOZ,Mozambique,EG.IMP.CONS.ZS,"Energy imports, net (% of energy use)",2002,-0.953834414345669,,0
MOZ,Mozambique,EG.IMP.CONS.ZS,"Energy imports, net (% of energy use)",2001,0.928478074436415,,0
MOZ,Mozambique,EG.IMP.CONS.ZS,"Energy imports, net (% of energy use)",2000,-0.269455699487043,,0
MOZ,Mozambique,EG.IMP.CONS.ZS,"Energy imports, net (% of energy use)",1999,-2.12773425434531,,0
MOZ,Mozambique,EG.IMP.CONS.ZS,"Energy imports, net (% of energy use)",1998,1.30409308377756,,0
MOZ,Mozambique,EG.IMP.CONS.ZS,"Energy imports, net (% of energy use)",1997,6.2508430581227,,0
MOZ,Mozambique,EG.IMP.CONS.ZS,"Energy imports, net (% of energy use)",1996,6.04802868463473,,0
MOZ,Mozambique,EG.IMP.CONS.ZS,"Energy imports, net (% of energy use)",1995,6.33654830540439,,0
MOZ,Mozambique,EG.IMP.CONS.ZS,"Energy imports, net (% of energy use)",1994,6.35396426709636,,0
MOZ,Mozambique,EG.IMP.CONS.ZS,"Energy imports, net (% of energy use)",1993,6.69835193875426,,0
MOZ,Mozambique,EG.IMP.CONS.ZS,"Energy imports, net (% of energy use)",1992,6.32943444310126,,0
MOZ,Mozambique,EG.IMP.CONS.ZS,"Energy imports, net (% of energy use)",1991,5.85726506676364,,0
MOZ,Mozambique,EG.IMP.CONS.ZS,"Energy imports, net (% of energy use)",1990,6.34727536505875,,0
MMR,Myanmar,EG.IMP.CONS.ZS,"Energy imports, net (% of energy use)",2022,-19.025954239222,,0
MMR,Myanmar,EG.IMP.CONS.ZS,"Energy imports, net (% of energy use)",2021,-26.9251367668147,,0
MMR,Myanmar,EG.IMP.CONS.ZS,"Energy imports, net (% of energy use)",2020,-21.8853122270389,,0
MMR,Myanmar,EG.IMP.CONS.ZS,"Energy imports, net (% of energy use)",2019,-23.6632327365403,,0
MMR,Myanmar,EG.IMP.CONS.ZS,"Energy imports, net (% of energy use)",2018,-21.4529603217206,,0
MMR,Myanmar,EG.IMP.CONS.ZS,"Energy imports, net (% of energy use)",2017,-26.8257191999692,,0
MMR,Myanmar,EG.IMP.CONS.ZS,"Energy imports, net (% of energy use)",2016,-45.8534329683339,,0
MMR,Myanmar,EG.IMP.CONS.ZS,"Energy imports, net (% of energy use)",2015,-49.9388837150236,,0
MMR,Myanmar,EG.IMP.CONS.ZS,"Energy imports, net (% of energy use)",2014,-43.4511298219738,,0
MMR,Myanmar,EG.IMP.CONS.ZS,"Energy imports, net (% of energy use)",2013,-41.5951939132495,,0
MMR,Myanmar,EG.IMP.CONS.ZS,"Energy imports, net (% of energy use)",2012,-48.0164726145149,,0
MMR,Myanmar,EG.IMP.CONS.ZS,"Energy imports, net (% of energy use)",2011,-60.7090396601692,,0
MMR,Myanmar,EG.IMP.CONS.ZS,"Energy imports, net (% of energy use)",2010,-63.3477489581913,,0
MMR,Myanmar,EG.IMP.CONS.ZS,"Energy imports, net (% of energy use)",2009,-54.236065595924,,0
MMR,Myanmar,EG.IMP.CONS.ZS,"Energy imports, net (% of energy use)",2008,-49.9328160756291,,0
MMR,Myanmar,EG.IMP.CONS.ZS,"Energy imports, net (% of energy use)",2007,-50.2418268360274,,0
MMR,Myanmar,EG.IMP.CONS.ZS,"Energy imports, net (% of energy use)",2006,-49.4642377293031,,0
MMR,Myanmar,EG.IMP.CONS.ZS,"Energy imports, net (% of energy use)",2005,-49.4719236595263,,0
MMR,Myanmar,EG.IMP.CONS.ZS,"Energy imports, net (% of energy use)",2004,-36.2935172182514,,0
MMR,Myanmar,EG.IMP.CONS.ZS,"Energy imports, net (% of energy use)",2003,-30.9475535993861,,0
MMR,Myanmar,EG.IMP.CONS.ZS,"Energy imports, net (% of energy use)",2002,-28.8072603784148,,0
MMR,Myanmar,EG.IMP.CONS.ZS,"Energy imports, net (% of energy use)",2001,-26.1108509512333,,0
MMR,Myanmar,EG.IMP.CONS.ZS,"Energy imports, net (% of energy use)",2000,-20.4567436462115,,0
MMR,Myanmar,EG.IMP.CONS.ZS,"Energy imports, net (% of energy use)",1999,-9.34770724034414,,0
MMR,Myanmar,EG.IMP.CONS.ZS,"Energy imports, net (% of energy use)",1998,2.28553061841168,,0
MMR,Myanmar,EG.IMP.CONS.ZS,"Energy imports, net (% of energy use)",1997,7.8396447972925,,0
MMR,Myanmar,EG.IMP.CONS.ZS,"Energy imports, net (% of energy use)",1996,5.71813798212099,,0
MMR,Myanmar,EG.IMP.CONS.ZS,"Energy imports, net (% of energy use)",1995,5.57211555961806,,0
MMR,Myanmar,EG.IMP.CONS.ZS,"Energy imports, net (% of energy use)",1994,3.34701253717859,,0
MMR,Myanmar,EG.IMP.CONS.ZS,"Energy imports, net (% of energy use)",1993,2.64762840708732,,0
MMR,Myanmar,EG.IMP.CONS.ZS,"Energy imports, net (% of energy use)",1992,1.66277384819993,,0
MMR,Myanmar,EG.IMP.CONS.ZS,"Energy imports, net (% of energy use)",1991,0.821140910600012,,0
MMR,Myanmar,EG.IMP.CONS.ZS,"Energy imports, net (% of energy use)",1990,0.0845248051233658,,0
NAM,Namibia,EG.IMP.CONS.ZS,"Energy imports, net (% of energy use)",2022,60.4998985401718,,0
NAM,Namibia,EG.IMP.CONS.ZS,"Energy imports, net (% of energy use)",2021,65.4914196567863,,0
NAM,Namibia,EG.IMP.CONS.ZS,"Energy imports, net (% of energy use)",2020,63.8971328292343,,0
NAM,Namibia,EG.IMP.CONS.ZS,"Energy imports, net (% of energy use)",2019,71.5341194179628,,0
NAM,Namibia,EG.IMP.CONS.ZS,"Energy imports, net (% of energy use)",2018,77.5421211623294,,0
NAM,Namibia,EG.IMP.CONS.ZS,"Energy imports, net (% of energy use)",2017,73.8929385269388,,0
NAM,Namibia,EG.IMP.CONS.ZS,"Energy imports, net (% of energy use)",2016,76.7857142857141,,0
NAM,Namibia,EG.IMP.CONS.ZS,"Energy imports, net (% of energy use)",2015,77.5412849185528,,0
NAM,Namibia,EG.IMP.CONS.ZS,"Energy imports, net (% of energy use)",2014,74.6640357564613,,0
NAM,Namibia,EG.IMP.CONS.ZS,"Energy imports, net (% of energy use)",2013,76.6755058875525,,0
NAM,Namibia,EG.IMP.CONS.ZS,"Energy imports, net (% of energy use)",2012,73.5542040989351,,0
NAM,Namibia,EG.IMP.CONS.ZS,"Energy imports, net (% of energy use)",2011,75.6461249428768,,0
NAM,Namibia,EG.IMP.CONS.ZS,"Energy imports, net (% of energy use)",2010,75.5325602759433,,0
NAM,Namibia,EG.IMP.CONS.ZS,"Energy imports, net (% of energy use)",2009,70.9659730867271,,0
NAM,Namibia,EG.IMP.CONS.ZS,"Energy imports, net (% of energy use)",2008,70.1012369992002,,0
NAM,Namibia,EG.IMP.CONS.ZS,"Energy imports, net (% of energy use)",2007,69.3046784817,,0
NAM,Namibia,EG.IMP.CONS.ZS,"Energy imports, net (% of energy use)",2006,70.0233584220084,,0
NAM,Namibia,EG.IMP.CONS.ZS,"Energy imports, net (% of energy use)",2005,69.1259617878445,,0
NAM,Namibia,EG.IMP.CONS.ZS,"Energy imports, net (% of energy use)",2004,69.0302126072364,,0
NAM,Namibia,EG.IMP.CONS.ZS,"Energy imports, net (% of energy use)",2003,70.7403977775988,,0
NAM,Namibia,EG.IMP.CONS.ZS,"Energy imports, net (% of energy use)",2002,68.9350976685569,,0
NAM,Namibia,EG.IMP.CONS.ZS,"Energy imports, net (% of energy use)",2001,72.8026180747857,,0
NAM,Namibia,EG.IMP.CONS.ZS,"Energy imports, net (% of energy use)",2000,68.6570224399135,,0
NAM,Namibia,EG.IMP.CONS.ZS,"Energy imports, net (% of energy use)",1999,73.3305634420514,,0
NAM,Namibia,EG.IMP.CONS.ZS,"Energy imports, net (% of energy use)",1998,74.8969119398884,,0
NAM,Namibia,EG.IMP.CONS.ZS,"Energy imports, net (% of energy use)",1997,77.4633821571241,,0
NAM,Namibia,EG.IMP.CONS.ZS,"Energy imports, net (% of energy use)",1996,75.7597070307763,,0
NAM,Namibia,EG.IMP.CONS.ZS,"Energy imports, net (% of energy use)",1995,71.0466024472794,,0
NAM,Namibia,EG.IMP.CONS.ZS,"Energy imports, net (% of energy use)",1994,74.8477258496044,,0
NAM,Namibia,EG.IMP.CONS.ZS,"Energy imports, net (% of energy use)",1993,68.7312656756591,,0
NAM,Namibia,EG.IMP.CONS.ZS,"Energy imports, net (% of energy use)",1992,64.2448362057623,,0
NAM,Namibia,EG.IMP.CONS.ZS,"Energy imports, net (% of energy use)",1991,59.9246362653083,,0
NPL,Nepal,EG.IMP.CONS.ZS,"Energy imports, net (% of energy use)",2022,27.4137248718471,,0
NPL,Nepal,EG.IMP.CONS.ZS,"Energy imports, net (% of energy use)",2021,29.2612253413384,,0
NPL,Nepal,EG.IMP.CONS.ZS,"Energy imports, net (% of energy use)",2020,29.159632958307,,0
NPL,Nepal,EG.IMP.CONS.ZS,"Energy imports, net (% of energy use)",2019,26.8284486481216,,0
NPL,Nepal,EG.IMP.CONS.ZS,"Energy imports, net (% of energy use)",2018,28.0565692661672,,0
NPL,Nepal,EG.IMP.CONS.ZS,"Energy imports, net (% of energy use)",2017,25.9075250788998,,0
NPL,Nepal,EG.IMP.CONS.ZS,"Energy imports, net (% of energy use)",2016,23.0634708746915,,0
NPL,Nepal,EG.IMP.CONS.ZS,"Energy imports, net (% of energy use)",2015,16.8423490088295,,0
NPL,Nepal,EG.IMP.CONS.ZS,"Energy imports, net (% of energy use)",2014,18.5397668336717,,0
NPL,Nepal,EG.IMP.CONS.ZS,"Energy imports, net (% of energy use)",2013,16.9262746721704,,0
NPL,Nepal,EG.IMP.CONS.ZS,"Energy imports, net (% of energy use)",2012,17.1980871683225,,0
NPL,Nepal,EG.IMP.CONS.ZS,"Energy imports, net (% of energy use)",2011,14.3911697584563,,0
NPL,Nepal,EG.IMP.CONS.ZS,"Energy imports, net (% of energy use)",2010,13.8519622268122,,0
NPL,Nepal,EG.IMP.CONS.ZS,"Energy imports, net (% of energy use)",2009,12.1040642262366,,0
NPL,Nepal,EG.IMP.CONS.ZS,"Energy imports, net (% of energy use)",2008,10.6916477234698,,0
NPL,Nepal,EG.IMP.CONS.ZS,"Energy imports, net (% of energy use)",2007,9.50668089735433,,0
NPL,Nepal,EG.IMP.CONS.ZS,"Energy imports, net (% of energy use)",2006,9.54476979568779,,0
NPL,Nepal,EG.IMP.CONS.ZS,"Energy imports, net (% of energy use)",2005,11.4322251977071,,0
NPL,Nepal,EG.IMP.CONS.ZS,"Energy imports, net (% of energy use)",2004,10.4242709364134,,0
NPL,Nepal,EG.IMP.CONS.ZS,"Energy imports, net (% of energy use)",2003,10.9825099353551,,0
NPL,Nepal,EG.IMP.CONS.ZS,"Energy imports, net (% of energy use)",2002,10.5864170546877,,0
NPL,Nepal,EG.IMP.CONS.ZS,"Energy imports, net (% of energy use)",2001,12.8680318122065,,0
NPL,Nepal,EG.IMP.CONS.ZS,"Energy imports, net (% of energy use)",2000,12.6530155401345,,0
NPL,Nepal,EG.IMP.CONS.ZS,"Energy imports, net (% of energy use)",1999,13.3243782765247,,0
NPL,Nepal,EG.IMP.CONS.ZS,"Energy imports, net (% of energy use)",1998,10.7999763805875,,0
NPL,Nepal,EG.IMP.CONS.ZS,"Energy imports, net (% of energy use)",1997,10.4548391873881,,0
NPL,Nepal,EG.IMP.CONS.ZS,"Energy imports, net (% of energy use)",1996,9.34988586259732,,0
NPL,Nepal,EG.IMP.CONS.ZS,"Energy imports, net (% of energy use)",1995,9.06981957139756,,0
NPL,Nepal,EG.IMP.CONS.ZS,"Energy imports, net (% of energy use)",1994,8.46462978254885,,0
NPL,Nepal,EG.IMP.CONS.ZS,"Energy imports, net (% of energy use)",1993,7.19690204111104,,0
NPL,Nepal,EG.IMP.CONS.ZS,"Energy imports, net (% of energy use)",1992,6.75463779195857,,0
NPL,Nepal,EG.IMP.CONS.ZS,"Energy imports, net (% of energy use)",1991,6.31904904604935,,0
NPL,Nepal,EG.IMP.CONS.ZS,"Energy imports, net (% of energy use)",1990,5.26886776886777,,0
NLD,Netherlands,EG.IMP.CONS.ZS,"Energy imports, net (% of energy use)",2023,87.0173748946605,,0
NLD,Netherlands,EG.IMP.CONS.ZS,"Energy imports, net (% of energy use)",2022,99.3587652735443,,0
NLD,Netherlands,EG.IMP.CONS.ZS,"Energy imports, net (% of energy use)",2021,69.9462218129489,,0
NLD,Netherlands,EG.IMP.CONS.ZS,"Energy imports, net (% of energy use)",2020,81.7603823377532,,0
NLD,Netherlands,EG.IMP.CONS.ZS,"Energy imports, net (% of energy use)",2019,78.2544901104021,,0
NLD,Netherlands,EG.IMP.CONS.ZS,"Energy imports, net (% of energy use)",2018,71.6848928275648,,0
NLD,Netherlands,EG.IMP.CONS.ZS,"Energy imports, net (% of energy use)",2017,62.3248617993986,,0
NLD,Netherlands,EG.IMP.CONS.ZS,"Energy imports, net (% of energy use)",2016,55.4882960774675,,0
NLD,Netherlands,EG.IMP.CONS.ZS,"Energy imports, net (% of energy use)",2015,58.819996608432,,0
NLD,Netherlands,EG.IMP.CONS.ZS,"Energy imports, net (% of energy use)",2014,38.1350374503021,,0
NLD,Netherlands,EG.IMP.CONS.ZS,"Energy imports, net (% of energy use)",2013,28.8439214474299,,0
NLD,Netherlands,EG.IMP.CONS.ZS,"Energy imports, net (% of energy use)",2012,37.2648100255159,,0
NLD,Netherlands,EG.IMP.CONS.ZS,"Energy imports, net (% of energy use)",2011,36.3083964132339,,0
NLD,Netherlands,EG.IMP.CONS.ZS,"Energy imports, net (% of energy use)",2010,34.0417840913717,,0
NLD,Netherlands,EG.IMP.CONS.ZS,"Energy imports, net (% of energy use)",2009,41.8431645060824,,0
NLD,Netherlands,EG.IMP.CONS.ZS,"Energy imports, net (% of energy use)",2008,41.9789975358064,,0
NLD,Netherlands,EG.IMP.CONS.ZS,"Energy imports, net (% of energy use)",2007,47.0413866840216,,0
NLD,Netherlands,EG.IMP.CONS.ZS,"Energy imports, net (% of energy use)",2006,48.1253295799581,,0
NLD,Netherlands,EG.IMP.CONS.ZS,"Energy imports, net (% of energy use)",2005,46.5427414572268,,0
NLD,Netherlands,EG.IMP.CONS.ZS,"Energy imports, net (% of energy use)",2004,39.0612669794564,,0
NLD,Netherlands,EG.IMP.CONS.ZS,"Energy imports, net (% of energy use)",2003,46.5188750957607,,0
NLD,Netherlands,EG.IMP.CONS.ZS,"Energy imports, net (% of energy use)",2002,42.7494399700543,,0
NLD,Netherlands,EG.IMP.CONS.ZS,"Energy imports, net (% of energy use)",2001,42.0092908564595,,0
NLD,Netherlands,EG.IMP.CONS.ZS,"Energy imports, net (% of energy use)",2000,46.4820493884967,,0
NLD,Netherlands,EG.IMP.CONS.ZS,"Energy imports, net (% of energy use)",1999,37.5879559969342,,0
NLD,Netherlands,EG.IMP.CONS.ZS,"Energy imports, net (% of energy use)",1998,34.670530908223,,0
NLD,Netherlands,EG.IMP.CONS.ZS,"Energy imports, net (% of energy use)",1997,31.2241067249432,,0
NLD,Netherlands,EG.IMP.CONS.ZS,"Energy imports, net (% of energy use)",1996,20.8406957151794,,0
NLD,Netherlands,EG.IMP.CONS.ZS,"Energy imports, net (% of energy use)",1995,24.3950042345299,,0
NLD,Netherlands,EG.IMP.CONS.ZS,"Energy imports, net (% of energy use)",1994,26.4093128582543,,0
NLD,Netherlands,EG.IMP.CONS.ZS,"Energy imports, net (% of energy use)",1993,20.922640919555,,0
NLD,Netherlands,EG.IMP.CONS.ZS,"Energy imports, net (% of energy use)",1992,22.5165572073391,,0
NLD,Netherlands,EG.IMP.CONS.ZS,"Energy imports, net (% of energy use)",1991,22.1675770698449,,0
NLD,Netherlands,EG.IMP.CONS.ZS,"Energy imports, net (% of energy use)",1990,27.6781411862009,,0
NZL,New Zealand,EG.IMP.CONS.ZS,"Energy imports, net (% of energy use)",2023,31.6329616305902,,0
NZL,New Zealand,EG.IMP.CONS.ZS,"Energy imports, net (% of energy use)",2022,28.8214208572688,,0
NZL,New Zealand,EG.IMP.CONS.ZS,"Energy imports, net (% of energy use)",2021,29.3932450821525,,0
NZL,New Zealand,EG.IMP.CONS.ZS,"Energy imports, net (% of energy use)",2020,30.6457865517821,,0
NZL,New Zealand,EG.IMP.CONS.ZS,"Energy imports, net (% of energy use)",2019,31.8442731556692,,0
NZL,New Zealand,EG.IMP.CONS.ZS,"Energy imports, net (% of energy use)",2018,33.5178852907583,,0
NZL,New Zealand,EG.IMP.CONS.ZS,"Energy imports, net (% of energy use)",2017,28.8259779776374,,0
NZL,New Zealand,EG.IMP.CONS.ZS,"Energy imports, net (% of energy use)",2016,28.7609505349372,,0
NZL,New Zealand,EG.IMP.CONS.ZS,"Energy imports, net (% of energy use)",2015,23.8782747862112,,0
NZL,New Zealand,EG.IMP.CONS.ZS,"Energy imports, net (% of energy use)",2014,22.4295080030713,,0
NZL,New Zealand,EG.IMP.CONS.ZS,"Energy imports, net (% of energy use)",2013,24.3582415135781,,0
NZL,New Zealand,EG.IMP.CONS.ZS,"Energy imports, net (% of energy use)",2012,19.9071155701037,,0
NZL,New Zealand,EG.IMP.CONS.ZS,"Energy imports, net (% of energy use)",2011,19.0822060050208,,0
NZL,New Zealand,EG.IMP.CONS.ZS,"Energy imports, net (% of energy use)",2010,16.1033181415654,,0
NZL,New Zealand,EG.IMP.CONS.ZS,"Energy imports, net (% of energy use)",2009,19.5158384238172,,0
NZL,New Zealand,EG.IMP.CONS.ZS,"Energy imports, net (% of energy use)",2008,16.8532351063146,,0
NZL,New Zealand,EG.IMP.CONS.ZS,"Energy imports, net (% of energy use)",2007,25.305340798381,,0
NZL,New Zealand,EG.IMP.CONS.ZS,"Energy imports, net (% of energy use)",2006,28.4330160293001,,0
NZL,New Zealand,EG.IMP.CONS.ZS,"Energy imports, net (% of energy use)",2005,29.2052993280824,,0
NZL,New Zealand,EG.IMP.CONS.ZS,"Energy imports, net (% of energy use)",2004,30.5572690332021,,0
NZL,New Zealand,EG.IMP.CONS.ZS,"Energy imports, net (% of energy use)",2003,26.1116462365394,,0
NZL,New Zealand,EG.IMP.CONS.ZS,"Energy imports, net (% of energy use)",2002,21.6064754548772,,0
NZL,New Zealand,EG.IMP.CONS.ZS,"Energy imports, net (% of energy use)",2001,19.1482306456759,,0
NZL,New Zealand,EG.IMP.CONS.ZS,"Energy imports, net (% of energy use)",2000,19.54795306562,,0
NZL,New Zealand,EG.IMP.CONS.ZS,"Energy imports, net (% of energy use)",1999,19.8472019870645,,0
NZL,New Zealand,EG.IMP.CONS.ZS,"Energy imports, net (% of energy use)",1998,21.4537776838068,,0
NZL,New Zealand,EG.IMP.CONS.ZS,"Energy imports, net (% of energy use)",1997,16.1102185443581,,0
NZL,New Zealand,EG.IMP.CONS.ZS,"Energy imports, net (% of energy use)",1996,18.0460328876444,,0
NZL,New Zealand,EG.IMP.CONS.ZS,"Energy imports, net (% of energy use)",1995,20.3213892967702,,0
NZL,New Zealand,EG.IMP.CONS.ZS,"Energy imports, net (% of energy use)",1994,18.7242204688873,,0
NZL,New Zealand,EG.IMP.CONS.ZS,"Energy imports, net (% of energy use)",1993,14.2112294782561,,0
NZL,New Zealand,EG.IMP.CONS.ZS,"Energy imports, net (% of energy use)",1992,14.8519919092428,,0
NZL,New Zealand,EG.IMP.CONS.ZS,"Energy imports, net (% of energy use)",1991,14.3434198102603,,0
NZL,New Zealand,EG.IMP.CONS.ZS,"Energy imports, net (% of energy use)",1990,16.313417690748,,0
NIC,Nicaragua,EG.IMP.CONS.ZS,"Energy imports, net (% of energy use)",2022,46.4910182435548,,0
NIC,Nicaragua,EG.IMP.CONS.ZS,"Energy imports, net (% of energy use)",2021,41.8096537200565,,0
NIC,Nicaragua,EG.IMP.CONS.ZS,"Energy imports, net (% of energy use)",2020,40.6058795336708,,0
NIC,Nicaragua,EG.IMP.CONS.ZS,"Energy imports, net (% of energy use)",2019,44.5883330642896,,0
NIC,Nicaragua,EG.IMP.CONS.ZS,"Energy imports, net (% of energy use)",2018,41.0142795745788,,0
NIC,Nicaragua,EG.IMP.CONS.ZS,"Energy imports, net (% of energy use)",2017,44.4573342103688,,0
NIC,Nicaragua,EG.IMP.CONS.ZS,"Energy imports, net (% of energy use)",2016,43.1713833305821,,0
NIC,Nicaragua,EG.IMP.CONS.ZS,"Energy imports, net (% of energy use)",2015,46.1907119642496,,0
NIC,Nicaragua,EG.IMP.CONS.ZS,"Energy imports, net (% of energy use)",2014,39.8310600012076,,0
NIC,Nicaragua,EG.IMP.CONS.ZS,"Energy imports, net (% of energy use)",2013,42.7356759563787,,0
NIC,Nicaragua,EG.IMP.CONS.ZS,"Energy imports, net (% of energy use)",2012,43.8309995929938,,0
NIC,Nicaragua,EG.IMP.CONS.ZS,"Energy imports, net (% of energy use)",2011,51.180700927721,,0
NIC,Nicaragua,EG.IMP.CONS.ZS,"Energy imports, net (% of energy use)",2010,43.5613333753029,,0
NIC,Nicaragua,EG.IMP.CONS.ZS,"Energy imports, net (% of energy use)",2009,47.6173573520275,,0
NIC,Nicaragua,EG.IMP.CONS.ZS,"Energy imports, net (% of energy use)",2008,45.0138404140088,,0
NIC,Nicaragua,EG.IMP.CONS.ZS,"Energy imports, net (% of energy use)",2007,50.3590584867274,,0
NIC,Nicaragua,EG.IMP.CONS.ZS,"Energy imports, net (% of energy use)",2006,49.5481200978186,,0
NIC,Nicaragua,EG.IMP.CONS.ZS,"Energy imports, net (% of energy use)",2005,47.7994664860061,,0
NIC,Nicaragua,EG.IMP.CONS.ZS,"Energy imports, net (% of energy use)",2004,47.838319180239,,0
NIC,Nicaragua,EG.IMP.CONS.ZS,"Energy imports, net (% of energy use)",2003,51.5293434260922,,0
NIC,Nicaragua,EG.IMP.CONS.ZS,"Energy imports, net (% of energy use)",2002,48.4414863071086,,0
NIC,Nicaragua,EG.IMP.CONS.ZS,"Energy imports, net (% of energy use)",2001,50.2655717326201,,0
NIC,Nicaragua,EG.IMP.CONS.ZS,"Energy imports, net (% of energy use)",2000,46.0536194558223,,0
NIC,Nicaragua,EG.IMP.CONS.ZS,"Energy imports, net (% of energy use)",1999,45.4183499634947,,0
NIC,Nicaragua,EG.IMP.CONS.ZS,"Energy imports, net (% of energy use)",1998,46.7263901495719,,0
NIC,Nicaragua,EG.IMP.CONS.ZS,"Energy imports, net (% of energy use)",1997,40.5853919982531,,0
NIC,Nicaragua,EG.IMP.CONS.ZS,"Energy imports, net (% of energy use)",1996,40.8106872766558,,0
NIC,Nicaragua,EG.IMP.CONS.ZS,"Energy imports, net (% of energy use)",1995,38.649683684912,,0
NIC,Nicaragua,EG.IMP.CONS.ZS,"Energy imports, net (% of energy use)",1994,31.3849317080335,,0
NIC,Nicaragua,EG.IMP.CONS.ZS,"Energy imports, net (% of energy use)",1993,34.0368173765694,,0
NIC,Nicaragua,EG.IMP.CONS.ZS,"Energy imports, net (% of energy use)",1992,34.3923654364852,,0
NIC,Nicaragua,EG.IMP.CONS.ZS,"Energy imports, net (% of energy use)",1991,29.7985735559213,,0
NIC,Nicaragua,EG.IMP.CONS.ZS,"Energy imports, net (% of energy use)",1990,31.6564475272839,,0
NER,Niger,EG.IMP.CONS.ZS,"Energy imports, net (% of energy use)",2022,5.40557852442787,,0
NER,Niger,EG.IMP.CONS.ZS,"Energy imports, net (% of energy use)",2021,-2.66563845511214,,0
NER,Niger,EG.IMP.CONS.ZS,"Energy imports, net (% of energy use)",2020,-3.41181600174406,,0
NER,Niger,EG.IMP.CONS.ZS,"Energy imports, net (% of energy use)",2019,-2.62449670796061,,0
NER,Niger,EG.IMP.CONS.ZS,"Energy imports, net (% of energy use)",2018,-4.3116913736701,,0
NER,Niger,EG.IMP.CONS.ZS,"Energy imports, net (% of energy use)",2017,-8.3574134471619,,0
NER,Niger,EG.IMP.CONS.ZS,"Energy imports, net (% of energy use)",2016,-2.75245881100043,,0
NER,Niger,EG.IMP.CONS.ZS,"Energy imports, net (% of energy use)",2015,-0.334913977022969,,0
NER,Niger,EG.IMP.CONS.ZS,"Energy imports, net (% of energy use)",2014,-3.83874800278587,,0
NER,Niger,EG.IMP.CONS.ZS,"Energy imports, net (% of energy use)",2013,-4.09780073308896,,0
NER,Niger,EG.IMP.CONS.ZS,"Energy imports, net (% of energy use)",2012,-0.139787189651596,,0
NER,Niger,EG.IMP.CONS.ZS,"Energy imports, net (% of energy use)",2010,20.0233502211845,,0
NER,Niger,EG.IMP.CONS.ZS,"Energy imports, net (% of energy use)",2009,17.7432760013852,,0
NER,Niger,EG.IMP.CONS.ZS,"Energy imports, net (% of energy use)",2008,15.2438054450903,,0
NER,Niger,EG.IMP.CONS.ZS,"Energy imports, net (% of energy use)",2007,15.8439827217145,,0
NER,Niger,EG.IMP.CONS.ZS,"Energy imports, net (% of energy use)",2006,13.097375968265,,0
NER,Niger,EG.IMP.CONS.ZS,"Energy imports, net (% of energy use)",2005,13.254439500186,,0
NER,Niger,EG.IMP.CONS.ZS,"Energy imports, net (% of energy use)",2004,14.121005360997,,0
NGA,Nigeria,EG.IMP.CONS.ZS,"Energy imports, net (% of energy use)",2022,-66.2881011856041,,0
NGA,Nigeria,EG.IMP.CONS.ZS,"Energy imports, net (% of energy use)",2021,-82.2970757618261,,0
NGA,Nigeria,EG.IMP.CONS.ZS,"Energy imports, net (% of energy use)",2020,-111.878018224454,,0
NGA,Nigeria,EG.IMP.CONS.ZS,"Energy imports, net (% of energy use)",2019,-145.342625520286,,0
NGA,Nigeria,EG.IMP.CONS.ZS,"Energy imports, net (% of energy use)",2018,-170.338239044965,,0
NGA,Nigeria,EG.IMP.CONS.ZS,"Energy imports, net (% of energy use)",2017,-151.927044735209,,0
NGA,Nigeria,EG.IMP.CONS.ZS,"Energy imports, net (% of energy use)",2016,-139.576545726713,,0
NGA,Nigeria,EG.IMP.CONS.ZS,"Energy imports, net (% of energy use)",2015,-184.449187254776,,0
NGA,Nigeria,EG.IMP.CONS.ZS,"Energy imports, net (% of energy use)",2014,-167.997066876759,,0
NGA,Nigeria,EG.IMP.CONS.ZS,"Energy imports, net (% of energy use)",2013,-169.48946829136,,0
NGA,Nigeria,EG.IMP.CONS.ZS,"Energy imports, net (% of energy use)",2012,-200.699296979111,,0
NGA,Nigeria,EG.IMP.CONS.ZS,"Energy imports, net (% of energy use)",2011,-184.425082511186,,0
NGA,Nigeria,EG.IMP.CONS.ZS,"Energy imports, net (% of energy use)",2010,-225.738129183367,,0
NGA,Nigeria,EG.IMP.CONS.ZS,"Energy imports, net (% of energy use)",2009,-270.908246882827,,0
NGA,Nigeria,EG.IMP.CONS.ZS,"Energy imports, net (% of energy use)",2008,-257.747809763524,,0
NGA,Nigeria,EG.IMP.CONS.ZS,"Energy imports, net (% of energy use)",2007,-295.574713597416,,0
NGA,Nigeria,EG.IMP.CONS.ZS,"Energy imports, net (% of energy use)",2006,-294.185943642146,,0
NGA,Nigeria,EG.IMP.CONS.ZS,"Energy imports, net (% of energy use)",2005,-288.280959707659,,0
NGA,Nigeria,EG.IMP.CONS.ZS,"Energy imports, net (% of energy use)",2004,-323.223858032852,,0
NGA,Nigeria,EG.IMP.CONS.ZS,"Energy imports, net (% of energy use)",2003,-284.289425148183,,0
NGA,Nigeria,EG.IMP.CONS.ZS,"Energy imports, net (% of energy use)",2002,-261.485161318812,,0
NGA,Nigeria,EG.IMP.CONS.ZS,"Energy imports, net (% of energy use)",2001,-314.401662808062,,0
NGA,Nigeria,EG.IMP.CONS.ZS,"Energy imports, net (% of energy use)",2000,-317.890042751876,,0
NGA,Nigeria,EG.IMP.CONS.ZS,"Energy imports, net (% of energy use)",1999,-297.512699659037,,0
NGA,Nigeria,EG.IMP.CONS.ZS,"Energy imports, net (% of energy use)",1998,-302.141537541832,,0
NGA,Nigeria,EG.IMP.CONS.ZS,"Energy imports, net (% of energy use)",1997,-333.399616259321,,0
NGA,Nigeria,EG.IMP.CONS.ZS,"Energy imports, net (% of energy use)",1996,-328.64645176652,,0
NGA,Nigeria,EG.IMP.CONS.ZS,"Energy imports, net (% of energy use)",1995,-318.815297396241,,0
NGA,Nigeria,EG.IMP.CONS.ZS,"Energy imports, net (% of energy use)",1994,-314.286531577199,,0
NGA,Nigeria,EG.IMP.CONS.ZS,"Energy imports, net (% of energy use)",1993,-274.48214471211,,0
NGA,Nigeria,EG.IMP.CONS.ZS,"Energy imports, net (% of energy use)",1992,-270.610306481082,,0
NGA,Nigeria,EG.IMP.CONS.ZS,"Energy imports, net (% of energy use)",1991,-276.551941500751,,0
NGA,Nigeria,EG.IMP.CONS.ZS,"Energy imports, net (% of energy use)",1990,-284.446280822059,,0
MKD,North Macedonia,EG.IMP.CONS.ZS,"Energy imports, net (% of energy use)",2023,63.8098670871817,,0
MKD,North Macedonia,EG.IMP.CONS.ZS,"Energy imports, net (% of energy use)",2022,63.8796872929643,,0
MKD,North Macedonia,EG.IMP.CONS.ZS,"Energy imports, net (% of energy use)",2021,68.1218727662616,,0
MKD,North Macedonia,EG.IMP.CONS.ZS,"Energy imports, net (% of energy use)",2020,63.933757772897,,0
MKD,North Macedonia,EG.IMP.CONS.ZS,"Energy imports, net (% of energy use)",2019,58.9557104031023,,0
MKD,North Macedonia,EG.IMP.CONS.ZS,"Energy imports, net (% of energy use)",2018,58.4391495330552,,0
MKD,North Macedonia,EG.IMP.CONS.ZS,"Energy imports, net (% of energy use)",2017,56.809794490599,,0
MKD,North Macedonia,EG.IMP.CONS.ZS,"Energy imports, net (% of energy use)",2016,59.1787890920414,,0
MKD,North Macedonia,EG.IMP.CONS.ZS,"Energy imports, net (% of energy use)",2015,52.5244072524406,,0
MKD,North Macedonia,EG.IMP.CONS.ZS,"Energy imports, net (% of energy use)",2014,51.7652274137777,,0
MKD,North Macedonia,EG.IMP.CONS.ZS,"Energy imports, net (% of energy use)",2013,46.8787427084502,,0
MKD,North Macedonia,EG.IMP.CONS.ZS,"Energy imports, net (% of energy use)",2012,48.3921468394065,,0
MKD,North Macedonia,EG.IMP.CONS.ZS,"Energy imports, net (% of energy use)",2011,45.4124076202365,,0
MKD,North Macedonia,EG.IMP.CONS.ZS,"Energy imports, net (% of energy use)",2010,44.1945197730714,,0
MKD,North Macedonia,EG.IMP.CONS.ZS,"Energy imports, net (% of energy use)",2009,45.1766920800223,,0
MKD,North Macedonia,EG.IMP.CONS.ZS,"Energy imports, net (% of energy use)",2008,46.3156487619226,,0
MKD,North Macedonia,EG.IMP.CONS.ZS,"Energy imports, net (% of energy use)",2007,47.5574132198016,,0
MKD,North Macedonia,EG.IMP.CONS.ZS,"Energy imports, net (% of energy use)",2006,44.6739603306316,,0
MKD,North Macedonia,EG.IMP.CONS.ZS,"Energy imports, net (% of energy use)",2005,42.9065432048181,,0
MKD,North Macedonia,EG.IMP.CONS.ZS,"Energy imports, net (% of energy use)",2004,42.0856270708863,,0
MKD,North Macedonia,EG.IMP.CONS.ZS,"Energy imports, net (% of energy use)",2003,39.1179643487045,,0
MKD,North Macedonia,EG.IMP.CONS.ZS,"Energy imports, net (% of energy use)",2002,46.7216058366568,,0
MKD,North Macedonia,EG.IMP.CONS.ZS,"Energy imports, net (% of energy use)",2001,39.0730441230999,,0
MKD,North Macedonia,EG.IMP.CONS.ZS,"Energy imports, net (% of energy use)",2000,41.1601443241744,,0
MKD,North Macedonia,EG.IMP.CONS.ZS,"Energy imports, net (% of energy use)",1999,36.8445173003367,,0
MKD,North Macedonia,EG.IMP.CONS.ZS,"Energy imports, net (% of energy use)",1998,42.888086045685,,0
MKD,North Macedonia,EG.IMP.CONS.ZS,"Energy imports, net (% of energy use)",1997,41.8373515397196,,0
MKD,North Macedonia,EG.IMP.CONS.ZS,"Energy imports, net (% of energy use)",1996,44.0068230139291,,0
MKD,North Macedonia,EG.IMP.CONS.ZS,"Energy imports, net (% of energy use)",1995,41.8396293996848,,0
MKD,North Macedonia,EG.IMP.CONS.ZS,"Energy imports, net (% of energy use)",1994,34.9607865863082,,0
MKD,North Macedonia,EG.IMP.CONS.ZS,"Energy imports, net (% of energy use)",1993,46.9635592636007,,0
MKD,North Macedonia,EG.IMP.CONS.ZS,"Energy imports, net (% of energy use)",1992,44.6452731083147,,0
MKD,North Macedonia,EG.IMP.CONS.ZS,"Energy imports, net (% of energy use)",1991,50.096422527451,,0
MKD,North Macedonia,EG.IMP.CONS.ZS,"Energy imports, net (% of energy use)",1990,48.8776612156743,,0
NOR,Norway,EG.IMP.CONS.ZS,"Energy imports, net (% of energy use)",2023,-703.959305781578,,0
NOR,Norway,EG.IMP.CONS.ZS,"Energy imports, net (% of energy use)",2022,-746.719365580602,,0
NOR,Norway,EG.IMP.CONS.ZS,"Energy imports, net (% of energy use)",2021,-647.63254529301,,0
NOR,Norway,EG.IMP.CONS.ZS,"Energy imports, net (% of energy use)",2020,-648.65905639539,,0
NOR,Norway,EG.IMP.CONS.ZS,"Energy imports, net (% of energy use)",2019,-596.958788374445,,0
NOR,Norway,EG.IMP.CONS.ZS,"Energy imports, net (% of energy use)",2018,-597.265226736973,,0
NOR,Norway,EG.IMP.CONS.ZS,"Energy imports, net (% of energy use)",2017,-626.860755191734,,0
NOR,Norway,EG.IMP.CONS.ZS,"Energy imports, net (% of energy use)",2016,-647.763288403334,,0
NOR,Norway,EG.IMP.CONS.ZS,"Energy imports, net (% of energy use)",2015,-719.208537916367,,0
NOR,Norway,EG.IMP.CONS.ZS,"Energy imports, net (% of energy use)",2014,-596.999256187778,,0
NOR,Norway,EG.IMP.CONS.ZS,"Energy imports, net (% of energy use)",2013,-535.34114624641,,0
NOR,Norway,EG.IMP.CONS.ZS,"Energy imports, net (% of energy use)",2012,-598.42420794356,,0
NOR,Norway,EG.IMP.CONS.ZS,"Energy imports, net (% of energy use)",2011,-620.257885155913,,0
NOR,Norway,EG.IMP.CONS.ZS,"Energy imports, net (% of energy use)",2010,-557.915249004105,,0
NOR,Norway,EG.IMP.CONS.ZS,"Energy imports, net (% of energy use)",2009,-626.358980495393,,0
NOR,Norway,EG.IMP.CONS.ZS,"Energy imports, net (% of energy use)",2008,-615.652904815357,,0
NOR,Norway,EG.IMP.CONS.ZS,"Energy imports, net (% of energy use)",2007,-679.346786343798,,0
NOR,Norway,EG.IMP.CONS.ZS,"Energy imports, net (% of energy use)",2006,-652.141918144607,,0
NOR,Norway,EG.IMP.CONS.ZS,"Energy imports, net (% of energy use)",2005,-689.307589499196,,0
NOR,Norway,EG.IMP.CONS.ZS,"Energy imports, net (% of energy use)",2004,-726.180687011941,,0
NOR,Norway,EG.IMP.CONS.ZS,"Energy imports, net (% of energy use)",2003,-761.191807283728,,0
NOR,Norway,EG.IMP.CONS.ZS,"Energy imports, net (% of energy use)",2002,-837.885456234212,,0
NOR,Norway,EG.IMP.CONS.ZS,"Energy imports, net (% of energy use)",2001,-747.388905871229,,0
NOR,Norway,EG.IMP.CONS.ZS,"Energy imports, net (% of energy use)",2000,-765.547393682913,,0
NOR,Norway,EG.IMP.CONS.ZS,"Energy imports, net (% of energy use)",1999,-691.642104234034,,0
NOR,Norway,EG.IMP.CONS.ZS,"Energy imports, net (% of energy use)",1998,-716.282302167002,,0
NOR,Norway,EG.IMP.CONS.ZS,"Energy imports, net (% of energy use)",1997,-779.501947390257,,0
NOR,Norway,EG.IMP.CONS.ZS,"Energy imports, net (% of energy use)",1996,-799.919830984854,,0
NOR,Norway,EG.IMP.CONS.ZS,"Energy imports, net (% of energy use)",1995,-680.499603650483,,0
NOR,Norway,EG.IMP.CONS.ZS,"Energy imports, net (% of energy use)",1994,-633.728990943569,,0
NOR,Norway,EG.IMP.CONS.ZS,"Energy imports, net (% of energy use)",1993,-552.276943895266,,0
NOR,Norway,EG.IMP.CONS.ZS,"Energy imports, net (% of energy use)",1992,-558.657430806649,,0
NOR,Norway,EG.IMP.CONS.ZS,"Energy imports, net (% of energy use)",1991,-501.873218778953,,0
NOR,Norway,EG.IMP.CONS.ZS,"Energy imports, net (% of energy use)",1990,-454.245172320357,,0
OMN,Oman,EG.IMP.CONS.ZS,"Energy imports, net (% of energy use)",2022,-213.629416330893,,0
OMN,Oman,EG.IMP.CONS.ZS,"Energy imports, net (% of energy use)",2021,-202.898292759501,,0
OMN,Oman,EG.IMP.CONS.ZS,"Energy imports, net (% of energy use)",2020,-204.88040965846,,0
OMN,Oman,EG.IMP.CONS.ZS,"Energy imports, net (% of energy use)",2019,-240.700240228548,,0
OMN,Oman,EG.IMP.CONS.ZS,"Energy imports, net (% of energy use)",2018,-209.920235545035,,0
OMN,Oman,EG.IMP.CONS.ZS,"Energy imports, net (% of energy use)",2017,-191.670098235702,,0
OMN,Oman,EG.IMP.CONS.ZS,"Energy imports, net (% of energy use)",2016,-217.044049720009,,0
OMN,Oman,EG.IMP.CONS.ZS,"Energy imports, net (% of energy use)",2015,-200.504976857989,,0
OMN,Oman,EG.IMP.CONS.ZS,"Energy imports, net (% of energy use)",2014,-199.825281621669,,0
OMN,Oman,EG.IMP.CONS.ZS,"Energy imports, net (% of energy use)",2013,-205.440313073139,,0
OMN,Oman,EG.IMP.CONS.ZS,"Energy imports, net (% of energy use)",2012,-199.353867852314,,0
OMN,Oman,EG.IMP.CONS.ZS,"Energy imports, net (% of energy use)",2011,-211.232617530338,,0
OMN,Oman,EG.IMP.CONS.ZS,"Energy imports, net (% of energy use)",2010,-253.019417151175,,0
OMN,Oman,EG.IMP.CONS.ZS,"Energy imports, net (% of energy use)",2009,-286.981730301876,,0
OMN,Oman,EG.IMP.CONS.ZS,"Energy imports, net (% of energy use)",2008,-270.02228968615,,0
OMN,Oman,EG.IMP.CONS.ZS,"Energy imports, net (% of energy use)",2007,-233.666401848422,,0
OMN,Oman,EG.IMP.CONS.ZS,"Energy imports, net (% of energy use)",2006,-290.341271265635,,0
OMN,Oman,EG.IMP.CONS.ZS,"Energy imports, net (% of energy use)",2005,-498.395599523908,,0
OMN,Oman,EG.IMP.CONS.ZS,"Energy imports, net (% of energy use)",2004,-557.407623582557,,0
OMN,Oman,EG.IMP.CONS.ZS,"Energy imports, net (% of energy use)",2003,-604.858818227936,,0
OMN,Oman,EG.IMP.CONS.ZS,"Energy imports, net (% of energy use)",2002,-665.296666460475,,0
OMN,Oman,EG.IMP.CONS.ZS,"Energy imports, net (% of energy use)",2001,-744.488600449349,,0
OMN,Oman,EG.IMP.CONS.ZS,"Energy imports, net (% of energy use)",2000,-700.151912279417,,0
OMN,Oman,EG.IMP.CONS.ZS,"Energy imports, net (% of energy use)",1999,-662.029579236881,,0
OMN,Oman,EG.IMP.CONS.ZS,"Energy imports, net (% of energy use)",1998,-662.625645013077,,0
OMN,Oman,EG.IMP.CONS.ZS,"Energy imports, net (% of energy use)",1997,-664.788176148069,,0
OMN,Oman,EG.IMP.CONS.ZS,"Energy imports, net (% of energy use)",1996,-699.925771460274,,0
OMN,Oman,EG.IMP.CONS.ZS,"Energy imports, net (% of energy use)",1995,-693.139097008557,,0
OMN,Oman,EG.IMP.CONS.ZS,"Energy imports, net (% of energy use)",1994,-663.403227341965,,0
OMN,Oman,EG.IMP.CONS.ZS,"Energy imports, net (% of energy use)",1993,-631.764874883783,,0
OMN,Oman,EG.IMP.CONS.ZS,"Energy imports, net (% of energy use)",1992,-676.035849275777,,0
OMN,Oman,EG.IMP.CONS.ZS,"Energy imports, net (% of energy use)",1991,-589.993467495522,,0
OMN,Oman,EG.IMP.CONS.ZS,"Energy imports, net (% of energy use)",1990,-798.272404925628,,0
PAK,Pakistan,EG.IMP.CONS.ZS,"Energy imports, net (% of energy use)",2022,39.7925509388676,,0
PAK,Pakistan,EG.IMP.CONS.ZS,"Energy imports, net (% of energy use)",2021,41.5848203083345,,0
PAK,Pakistan,EG.IMP.CONS.ZS,"Energy imports, net (% of energy use)",2020,38.9537236935755,,0
PAK,Pakistan,EG.IMP.CONS.ZS,"Energy imports, net (% of energy use)",2019,33.5162433021545,,0
PAK,Pakistan,EG.IMP.CONS.ZS,"Energy imports, net (% of energy use)",2018,35.5257059693009,,0
PAK,Pakistan,EG.IMP.CONS.ZS,"Energy imports, net (% of energy use)",2017,39.1478409126632,,0
PAK,Pakistan,EG.IMP.CONS.ZS,"Energy imports, net (% of energy use)",2016,33.3820988770975,,0
PAK,Pakistan,EG.IMP.CONS.ZS,"Energy imports, net (% of energy use)",2015,29.0045925555989,,0
PAK,Pakistan,EG.IMP.CONS.ZS,"Energy imports, net (% of energy use)",2014,26.3454371170871,,0
PAK,Pakistan,EG.IMP.CONS.ZS,"Energy imports, net (% of energy use)",2013,23.7426301554015,,0
PAK,Pakistan,EG.IMP.CONS.ZS,"Energy imports, net (% of energy use)",2012,23.0901671614358,,0
PAK,Pakistan,EG.IMP.CONS.ZS,"Energy imports, net (% of energy use)",2011,23.0335362134322,,0
PAK,Pakistan,EG.IMP.CONS.ZS,"Energy imports, net (% of energy use)",2010,24.1654977748004,,0
PAK,Pakistan,EG.IMP.CONS.ZS,"Energy imports, net (% of energy use)",2009,23.8982515314628,,0
PAK,Pakistan,EG.IMP.CONS.ZS,"Energy imports, net (% of energy use)",2008,24.5198691321657,,0
PAK,Pakistan,EG.IMP.CONS.ZS,"Energy imports, net (% of energy use)",2007,24.2870019462972,,0
PAK,Pakistan,EG.IMP.CONS.ZS,"Energy imports, net (% of energy use)",2006,23.1057394647007,,0
PAK,Pakistan,EG.IMP.CONS.ZS,"Energy imports, net (% of energy use)",2005,20.489384666251,,0
PAK,Pakistan,EG.IMP.CONS.ZS,"Energy imports, net (% of energy use)",2004,21.0551650169282,,0
PAK,Pakistan,EG.IMP.CONS.ZS,"Energy imports, net (% of energy use)",2003,20.7973571927409,,0
PAK,Pakistan,EG.IMP.CONS.ZS,"Energy imports, net (% of energy use)",2002,24.391055188242,,0
PAK,Pakistan,EG.IMP.CONS.ZS,"Energy imports, net (% of energy use)",2001,25.1555854534493,,0
PAK,Pakistan,EG.IMP.CONS.ZS,"Energy imports, net (% of energy use)",2000,27.075243964497,,0
PAK,Pakistan,EG.IMP.CONS.ZS,"Energy imports, net (% of energy use)",1999,27.179212038551,,0
PAK,Pakistan,EG.IMP.CONS.ZS,"Energy imports, net (% of energy use)",1998,26.9984351135532,,0
PAK,Pakistan,EG.IMP.CONS.ZS,"Energy imports, net (% of energy use)",1997,27.3837935349296,,0
PAK,Pakistan,EG.IMP.CONS.ZS,"Energy imports, net (% of energy use)",1996,25.9248607817896,,0
PAK,Pakistan,EG.IMP.CONS.ZS,"Energy imports, net (% of energy use)",1995,24.3936474955339,,0
PAK,Pakistan,EG.IMP.CONS.ZS,"Energy imports, net (% of energy use)",1994,24.8172308631675,,0
PAK,Pakistan,EG.IMP.CONS.ZS,"Energy imports, net (% of energy use)",1993,22.4309133284906,,0
PAK,Pakistan,EG.IMP.CONS.ZS,"Energy imports, net (% of energy use)",1992,20.9236470388105,,0
PAK,Pakistan,EG.IMP.CONS.ZS,"Energy imports, net (% of energy use)",1991,19.8058206130138,,0
PAK,Pakistan,EG.IMP.CONS.ZS,"Energy imports, net (% of energy use)",1990,21.4675130777388,,0
PAN,Panama,EG.IMP.CONS.ZS,"Energy imports, net (% of energy use)",2022,171.186492615064,,0
PAN,Panama,EG.IMP.CONS.ZS,"Energy imports, net (% of energy use)",2021,152.641293651427,,0
PAN,Panama,EG.IMP.CONS.ZS,"Energy imports, net (% of energy use)",2020,148.02802838498,,0
PAN,Panama,EG.IMP.CONS.ZS,"Energy imports, net (% of energy use)",2019,203.134806881733,,0
PAN,Panama,EG.IMP.CONS.ZS,"Energy imports, net (% of energy use)",2018,194.972222997683,,0
PAN,Panama,EG.IMP.CONS.ZS,"Energy imports, net (% of energy use)",2017,194.359692643469,,0
PAN,Panama,EG.IMP.CONS.ZS,"Energy imports, net (% of energy use)",2016,182.570149084519,,0
PAN,Panama,EG.IMP.CONS.ZS,"Energy imports, net (% of energy use)",2015,170.011768859598,,0
PAN,Panama,EG.IMP.CONS.ZS,"Energy imports, net (% of energy use)",2014,163.609628839084,,0
PAN,Panama,EG.IMP.CONS.ZS,"Energy imports, net (% of energy use)",2013,168.376595466353,,0
PAN,Panama,EG.IMP.CONS.ZS,"Energy imports, net (% of energy use)",2012,168.581723369969,,0
PAN,Panama,EG.IMP.CONS.ZS,"Energy imports, net (% of energy use)",2011,163.95340865891,,0
PAN,Panama,EG.IMP.CONS.ZS,"Energy imports, net (% of energy use)",2010,167.293462718476,,0
PAN,Panama,EG.IMP.CONS.ZS,"Energy imports, net (% of energy use)",2009,169.452795226855,,0
PAN,Panama,EG.IMP.CONS.ZS,"Energy imports, net (% of energy use)",2008,192.901970735008,,0
PAN,Panama,EG.IMP.CONS.ZS,"Energy imports, net (% of energy use)",2007,151.300094743746,,0
PAN,Panama,EG.IMP.CONS.ZS,"Energy imports, net (% of energy use)",2006,173.203000461236,,0
PAN,Panama,EG.IMP.CONS.ZS,"Energy imports, net (% of energy use)",2005,165.928804146931,,0
PAN,Panama,EG.IMP.CONS.ZS,"Energy imports, net (% of energy use)",2004,179.177882512997,,0
PAN,Panama,EG.IMP.CONS.ZS,"Energy imports, net (% of energy use)",2003,189.553681930693,,0
PAN,Panama,EG.IMP.CONS.ZS,"Energy imports, net (% of energy use)",2002,181.946186955934,,0
PAN,Panama,EG.IMP.CONS.ZS,"Energy imports, net (% of energy use)",2001,185.457033340058,,0
PAN,Panama,EG.IMP.CONS.ZS,"Energy imports, net (% of energy use)",2000,188.803844070381,,0
PAN,Panama,EG.IMP.CONS.ZS,"Energy imports, net (% of energy use)",1999,173.999280125788,,0
PAN,Panama,EG.IMP.CONS.ZS,"Energy imports, net (% of energy use)",1998,176.679424943988,,0
PAN,Panama,EG.IMP.CONS.ZS,"Energy imports, net (% of energy use)",1997,184.775330205546,,0
PAN,Panama,EG.IMP.CONS.ZS,"Energy imports, net (% of energy use)",1996,172.264903347903,,0
PAN,Panama,EG.IMP.CONS.ZS,"Energy imports, net (% of energy use)",1995,172.647051741988,,0
PAN,Panama,EG.IMP.CONS.ZS,"Energy imports, net (% of energy use)",1994,177.974117388275,,0
PAN,Panama,EG.IMP.CONS.ZS,"Energy imports, net (% of energy use)",1993,173.10241855556,,0
PAN,Panama,EG.IMP.CONS.ZS,"Energy imports, net (% of energy use)",1992,171.563801590307,,0
PAN,Panama,EG.IMP.CONS.ZS,"Energy imports, net (% of energy use)",1991,175.204408369945,,0
PAN,Panama,EG.IMP.CONS.ZS,"Energy imports, net (% of energy use)",1990,166.540114381725,,0
PRY,Paraguay,EG.IMP.CONS.ZS,"Energy imports, net (% of energy use)",2023,-4.69402900256069,,0
PRY,Paraguay,EG.IMP.CONS.ZS,"Energy imports, net (% of energy use)",2022,5.65149773480291,,0
PRY,Paraguay,EG.IMP.CONS.ZS,"Energy imports, net (% of energy use)",2021,10.2799678618319,,0
PRY,Paraguay,EG.IMP.CONS.ZS,"Energy imports, net (% of energy use)",2020,0.799334515503988,,0
PRY,Paraguay,EG.IMP.CONS.ZS,"Energy imports, net (% of energy use)",2019,-1.47695205377248,,0
PRY,Paraguay,EG.IMP.CONS.ZS,"Energy imports, net (% of energy use)",2018,-12.4750587577865,,0
PRY,Paraguay,EG.IMP.CONS.ZS,"Energy imports, net (% of energy use)",2017,-18.440096941221,,0
PRY,Paraguay,EG.IMP.CONS.ZS,"Energy imports, net (% of energy use)",2016,-26.9531597983145,,0
PRY,Paraguay,EG.IMP.CONS.ZS,"Energy imports, net (% of energy use)",2015,-27.0790807237855,,0
PRY,Paraguay,EG.IMP.CONS.ZS,"Energy imports, net (% of energy use)",2014,-34.5088276480658,,0
PRY,Paraguay,EG.IMP.CONS.ZS,"Energy imports, net (% of energy use)",2013,-50.8428537953527,,0
PRY,Paraguay,EG.IMP.CONS.ZS,"Energy imports, net (% of energy use)",2012,-50.6437187919529,,0
PRY,Paraguay,EG.IMP.CONS.ZS,"Energy imports, net (% of energy use)",2011,-51.1735129678521,,0
PRY,Paraguay,EG.IMP.CONS.ZS,"Energy imports, net (% of energy use)",2010,-48.2957341679954,,0
PRY,Paraguay,EG.IMP.CONS.ZS,"Energy imports, net (% of energy use)",2009,-56.1275652679616,,0
PRY,Paraguay,EG.IMP.CONS.ZS,"Energy imports, net (% of energy use)",2008,-64.9300892011494,,0
PRY,Paraguay,EG.IMP.CONS.ZS,"Energy imports, net (% of energy use)",2007,-71.0487512407267,,0
PRY,Paraguay,EG.IMP.CONS.ZS,"Energy imports, net (% of energy use)",2006,-70.3399491391658,,0
PRY,Paraguay,EG.IMP.CONS.ZS,"Energy imports, net (% of energy use)",2005,-66.2513931142504,,0
PRY,Paraguay,EG.IMP.CONS.ZS,"Energy imports, net (% of energy use)",2004,-64.9436638151556,,0
PRY,Paraguay,EG.IMP.CONS.ZS,"Energy imports, net (% of energy use)",2003,-67.4718244775978,,0
PRY,Paraguay,EG.IMP.CONS.ZS,"Energy imports, net (% of energy use)",2002,-60.7674428588073,,0
PRY,Paraguay,EG.IMP.CONS.ZS,"Energy imports, net (% of energy use)",2001,-56.1792897787784,,0
PRY,Paraguay,EG.IMP.CONS.ZS,"Energy imports, net (% of energy use)",2000,-75.6766456690964,,0
PRY,Paraguay,EG.IMP.CONS.ZS,"Energy imports, net (% of energy use)",1999,-64.5356346471288,,0
PRY,Paraguay,EG.IMP.CONS.ZS,"Energy imports, net (% of energy use)",1998,-58.2855939809634,,0
PRY,Paraguay,EG.IMP.CONS.ZS,"Energy imports, net (% of energy use)",1997,-61.1565087849975,,0
PRY,Paraguay,EG.IMP.CONS.ZS,"Energy imports, net (% of energy use)",1996,-60.9651212655453,,0
PRY,Paraguay,EG.IMP.CONS.ZS,"Energy imports, net (% of energy use)",1995,-55.4090015041075,,0
PRY,Paraguay,EG.IMP.CONS.ZS,"Energy imports, net (% of energy use)",1994,-48.6607796912666,,0
PRY,Paraguay,EG.IMP.CONS.ZS,"Energy imports, net (% of energy use)",1993,-49.2162530123115,,0
PRY,Paraguay,EG.IMP.CONS.ZS,"Energy imports, net (% of energy use)",1992,-43.5237821656436,,0
PRY,Paraguay,EG.IMP.CONS.ZS,"Energy imports, net (% of energy use)",1991,-53.7476473688174,,0
PRY,Paraguay,EG.IMP.CONS.ZS,"Energy imports, net (% of energy use)",1990,-48.1292649184711,,0
PER,Peru,EG.IMP.CONS.ZS,"Energy imports, net (% of energy use)",2022,12.185965103062,,0
PER,Peru,EG.IMP.CONS.ZS,"Energy imports, net (% of energy use)",2021,11.6063935673998,,0
PER,Peru,EG.IMP.CONS.ZS,"Energy imports, net (% of energy use)",2020,-2.70251693778025,,0
PER,Peru,EG.IMP.CONS.ZS,"Energy imports, net (% of energy use)",2019,4.68863793500811,,0
PER,Peru,EG.IMP.CONS.ZS,"Energy imports, net (% of energy use)",2018,4.91538634948173,,0
PER,Peru,EG.IMP.CONS.ZS,"Energy imports, net (% of energy use)",2017,2.06069726511088,,0
PER,Peru,EG.IMP.CONS.ZS,"Energy imports, net (% of energy use)",2016,0.645431141520855,,0
PER,Peru,EG.IMP.CONS.ZS,"Energy imports, net (% of energy use)",2015,-0.666077740380577,,0
PER,Peru,EG.IMP.CONS.ZS,"Energy imports, net (% of energy use)",2014,-7.91702449797491,,0
PER,Peru,EG.IMP.CONS.ZS,"Energy imports, net (% of energy use)",2013,-11.9416566643183,,0
PER,Peru,EG.IMP.CONS.ZS,"Energy imports, net (% of energy use)",2012,-11.2817755084688,,0
PER,Peru,EG.IMP.CONS.ZS,"Energy imports, net (% of energy use)",2011,-10.5531620513561,,0
PER,Peru,EG.IMP.CONS.ZS,"Energy imports, net (% of energy use)",2010,1.60245593790481,,0
PER,Peru,EG.IMP.CONS.ZS,"Energy imports, net (% of energy use)",2009,15.2526324890753,,0
PER,Peru,EG.IMP.CONS.ZS,"Energy imports, net (% of energy use)",2008,20.8646611165608,,0
PER,Peru,EG.IMP.CONS.ZS,"Energy imports, net (% of energy use)",2007,24.4127108595939,,0
PER,Peru,EG.IMP.CONS.ZS,"Energy imports, net (% of energy use)",2006,24.0886675569839,,0
PER,Peru,EG.IMP.CONS.ZS,"Energy imports, net (% of energy use)",2005,20.8270479544734,,0
PER,Peru,EG.IMP.CONS.ZS,"Energy imports, net (% of energy use)",2004,27.5121065894498,,0
PER,Peru,EG.IMP.CONS.ZS,"Energy imports, net (% of energy use)",2003,25.6638768244264,,0
PER,Peru,EG.IMP.CONS.ZS,"Energy imports, net (% of energy use)",2002,22.7213143566442,,0
PER,Peru,EG.IMP.CONS.ZS,"Energy imports, net (% of energy use)",2001,20.5641405510858,,0
PER,Peru,EG.IMP.CONS.ZS,"Energy imports, net (% of energy use)",2000,24.960248447205,,0
PER,Peru,EG.IMP.CONS.ZS,"Energy imports, net (% of energy use)",1999,17.0775634853827,,0
PER,Peru,EG.IMP.CONS.ZS,"Energy imports, net (% of energy use)",1998,20.5880258196077,,0
PER,Peru,EG.IMP.CONS.ZS,"Energy imports, net (% of energy use)",1997,21.7205794367219,,0
PER,Peru,EG.IMP.CONS.ZS,"Energy imports, net (% of energy use)",1996,15.6238176664673,,0
PER,Peru,EG.IMP.CONS.ZS,"Energy imports, net (% of energy use)",1995,16.5895296893912,,0
PER,Peru,EG.IMP.CONS.ZS,"Energy imports, net (% of energy use)",1994,4.34736095445183,,0
PER,Peru,EG.IMP.CONS.ZS,"Energy imports, net (% of energy use)",1993,-0.3941370903239,,0
PER,Peru,EG.IMP.CONS.ZS,"Energy imports, net (% of energy use)",1992,0.0570948005153899,,0
PER,Peru,EG.IMP.CONS.ZS,"Energy imports, net (% of energy use)",1991,0.641809673167237,,0
PER,Peru,EG.IMP.CONS.ZS,"Energy imports, net (% of energy use)",1990,-5.79380871647525,,0
PHL,Philippines,EG.IMP.CONS.ZS,"Energy imports, net (% of energy use)",2022,54.4250767667774,,0
PHL,Philippines,EG.IMP.CONS.ZS,"Energy imports, net (% of energy use)",2021,49.9057625438824,,0
PHL,Philippines,EG.IMP.CONS.ZS,"Energy imports, net (% of energy use)",2020,47.0174525151428,,0
PHL,Philippines,EG.IMP.CONS.ZS,"Energy imports, net (% of energy use)",2019,48.6161448916357,,0
PHL,Philippines,EG.IMP.CONS.ZS,"Energy imports, net (% of energy use)",2018,54.0743638042794,,0
PHL,Philippines,EG.IMP.CONS.ZS,"Energy imports, net (% of energy use)",2017,49.8100381952249,,0
PHL,Philippines,EG.IMP.CONS.ZS,"Energy imports, net (% of energy use)",2016,47.8208374406454,,0
PHL,Philippines,EG.IMP.CONS.ZS,"Energy imports, net (% of energy use)",2015,49.3367264630033,,0
PHL,Philippines,EG.IMP.CONS.ZS,"Energy imports, net (% of energy use)",2014,43.8392582610698,,0
PHL,Philippines,EG.IMP.CONS.ZS,"Energy imports, net (% of energy use)",2013,43.9797805761775,,0
PHL,Philippines,EG.IMP.CONS.ZS,"Energy imports, net (% of energy use)",2012,42.9068252162772,,0
PHL,Philippines,EG.IMP.CONS.ZS,"Energy imports, net (% of energy use)",2011,41.6057341892919,,0
PHL,Philippines,EG.IMP.CONS.ZS,"Energy imports, net (% of energy use)",2010,42.6253482214275,,0
PHL,Philippines,EG.IMP.CONS.ZS,"Energy imports, net (% of energy use)",2009,37.4439336460678,,0
PHL,Philippines,EG.IMP.CONS.ZS,"Energy imports, net (% of energy use)",2008,42.7603612865669,,0
PHL,Philippines,EG.IMP.CONS.ZS,"Energy imports, net (% of energy use)",2007,43.3156332295316,,0
PHL,Philippines,EG.IMP.CONS.ZS,"Energy imports, net (% of energy use)",2006,45.3420717744696,,0
PHL,Philippines,EG.IMP.CONS.ZS,"Energy imports, net (% of energy use)",2005,44.7578925014601,,0
PHL,Philippines,EG.IMP.CONS.ZS,"Energy imports, net (% of energy use)",2004,49.6505002404135,,0
PHL,Philippines,EG.IMP.CONS.ZS,"Energy imports, net (% of energy use)",2003,47.5216491851143,,0
PHL,Philippines,EG.IMP.CONS.ZS,"Energy imports, net (% of energy use)",2002,48.1602512846163,,0
PHL,Philippines,EG.IMP.CONS.ZS,"Energy imports, net (% of energy use)",2001,55.5738084190364,,0
PHL,Philippines,EG.IMP.CONS.ZS,"Energy imports, net (% of energy use)",2000,51.7100934098601,,0
PHL,Philippines,EG.IMP.CONS.ZS,"Energy imports, net (% of energy use)",1999,51.9067932669472,,0
PHL,Philippines,EG.IMP.CONS.ZS,"Energy imports, net (% of energy use)",1998,55.4763492658048,,0
PHL,Philippines,EG.IMP.CONS.ZS,"Energy imports, net (% of energy use)",1997,57.994961991597,,0
PHL,Philippines,EG.IMP.CONS.ZS,"Energy imports, net (% of energy use)",1996,55.9441837617701,,0
PHL,Philippines,EG.IMP.CONS.ZS,"Energy imports, net (% of energy use)",1995,55.4102247825196,,0
PHL,Philippines,EG.IMP.CONS.ZS,"Energy imports, net (% of energy use)",1994,49.7010428017978,,0
PHL,Philippines,EG.IMP.CONS.ZS,"Energy imports, net (% of energy use)",1993,45.7228677615727,,0
PHL,Philippines,EG.IMP.CONS.ZS,"Energy imports, net (% of energy use)",1992,47.7274468851747,,0
PHL,Philippines,EG.IMP.CONS.ZS,"Energy imports, net (% of energy use)",1991,42.467706558278,,0
PHL,Philippines,EG.IMP.CONS.ZS,"Energy imports, net (% of energy use)",1990,41.8727299286032,,0
POL,Poland,EG.IMP.CONS.ZS,"Energy imports, net (% of energy use)",2023,48.8193550583318,,0
POL,Poland,EG.IMP.CONS.ZS,"Energy imports, net (% of energy use)",2022,46.8418755101648,,0
POL,Poland,EG.IMP.CONS.ZS,"Energy imports, net (% of energy use)",2021,41.1011116173524,,0
POL,Poland,EG.IMP.CONS.ZS,"Energy imports, net (% of energy use)",2020,43.0494743694639,,0
POL,Poland,EG.IMP.CONS.ZS,"Energy imports, net (% of energy use)",2019,45.8816709962173,,0
POL,Poland,EG.IMP.CONS.ZS,"Energy imports, net (% of energy use)",2018,44.0700547719943,,0
POL,Poland,EG.IMP.CONS.ZS,"Energy imports, net (% of energy use)",2017,38.8223890800057,,0
POL,Poland,EG.IMP.CONS.ZS,"Energy imports, net (% of energy use)",2016,31.1609310618477,,0
POL,Poland,EG.IMP.CONS.ZS,"Energy imports, net (% of energy use)",2015,30.1532074780427,,0
POL,Poland,EG.IMP.CONS.ZS,"Energy imports, net (% of energy use)",2014,29.6785766174547,,0
POL,Poland,EG.IMP.CONS.ZS,"Energy imports, net (% of energy use)",2013,26.501210908399,,0
POL,Poland,EG.IMP.CONS.ZS,"Energy imports, net (% of energy use)",2012,31.7023740378027,,0
POL,Poland,EG.IMP.CONS.ZS,"Energy imports, net (% of energy use)",2011,34.2367307395745,,0
POL,Poland,EG.IMP.CONS.ZS,"Energy imports, net (% of energy use)",2010,31.9515862158444,,0
POL,Poland,EG.IMP.CONS.ZS,"Energy imports, net (% of energy use)",2009,32.1546543169306,,0
POL,Poland,EG.IMP.CONS.ZS,"Energy imports, net (% of energy use)",2008,31.0449275571275,,0
POL,Poland,EG.IMP.CONS.ZS,"Energy imports, net (% of energy use)",2007,25.9717755598224,,0
POL,Poland,EG.IMP.CONS.ZS,"Energy imports, net (% of energy use)",2006,20.2848246140246,,0
POL,Poland,EG.IMP.CONS.ZS,"Energy imports, net (% of energy use)",2005,17.8139503054584,,0
POL,Poland,EG.IMP.CONS.ZS,"Energy imports, net (% of energy use)",2004,14.7708202836035,,0
POL,Poland,EG.IMP.CONS.ZS,"Energy imports, net (% of energy use)",2003,13.3597151479885,,0
POL,Poland,EG.IMP.CONS.ZS,"Energy imports, net (% of energy use)",2002,11.4914715396506,,0
POL,Poland,EG.IMP.CONS.ZS,"Energy imports, net (% of energy use)",2001,10.5079731950443,,0
POL,Poland,EG.IMP.CONS.ZS,"Energy imports, net (% of energy use)",2000,10.7816243395491,,0
POL,Poland,EG.IMP.CONS.ZS,"Energy imports, net (% of energy use)",1999,9.9828320427291,,0
POL,Poland,EG.IMP.CONS.ZS,"Energy imports, net (% of energy use)",1998,8.54866139281419,,0
POL,Poland,EG.IMP.CONS.ZS,"Energy imports, net (% of energy use)",1997,6.5663769875605,,0
POL,Poland,EG.IMP.CONS.ZS,"Energy imports, net (% of energy use)",1996,5.42220130270164,,0
POL,Poland,EG.IMP.CONS.ZS,"Energy imports, net (% of energy use)",1995,-0.209787775901494,,0
POL,Poland,EG.IMP.CONS.ZS,"Energy imports, net (% of energy use)",1994,0.0748779786969169,,0
POL,Poland,EG.IMP.CONS.ZS,"Energy imports, net (% of energy use)",1993,2.62586694172595,,0
POL,Poland,EG.IMP.CONS.ZS,"Energy imports, net (% of energy use)",1992,1.60599662540796,,0
POL,Poland,EG.IMP.CONS.ZS,"Energy imports, net (% of energy use)",1991,1.21534284330026,,0
POL,Poland,EG.IMP.CONS.ZS,"Energy imports, net (% of energy use)",1990,0.845015354440003,,0
PRT,Portugal,EG.IMP.CONS.ZS,"Energy imports, net (% of energy use)",2023,77.2448975861994,,0
PRT,Portugal,EG.IMP.CONS.ZS,"Energy imports, net (% of energy use)",2022,81.5127954385107,,0
PRT,Portugal,EG.IMP.CONS.ZS,"Energy imports, net (% of energy use)",2021,73.7441240627857,,0
PRT,Portugal,EG.IMP.CONS.ZS,"Energy imports, net (% of energy use)",2020,71.5091902397404,,0
PRT,Portugal,EG.IMP.CONS.ZS,"Energy imports, net (% of energy use)",2019,84.3565471596829,,0
PRT,Portugal,EG.IMP.CONS.ZS,"Energy imports, net (% of energy use)",2018,85.3389743172513,,0
PRT,Portugal,EG.IMP.CONS.ZS,"Energy imports, net (% of energy use)",2017,87.1736436597448,,0
PRT,Portugal,EG.IMP.CONS.ZS,"Energy imports, net (% of energy use)",2016,80.5911421809256,,0
PRT,Portugal,EG.IMP.CONS.ZS,"Energy imports, net (% of energy use)",2015,84.2773216677394,,0
PRT,Portugal,EG.IMP.CONS.ZS,"Energy imports, net (% of energy use)",2014,77.4389528455581,,0
PRT,Portugal,EG.IMP.CONS.ZS,"Energy imports, net (% of energy use)",2013,78.7824309158989,,0
PRT,Portugal,EG.IMP.CONS.ZS,"Energy imports, net (% of energy use)",2012,85.1213358359836,,0
PRT,Portugal,EG.IMP.CONS.ZS,"Energy imports, net (% of energy use)",2011,82.8098570493666,,0
PRT,Portugal,EG.IMP.CONS.ZS,"Energy imports, net (% of energy use)",2010,79.4991569273738,,0
PRT,Portugal,EG.IMP.CONS.ZS,"Energy imports, net (% of energy use)",2009,85.7463171863979,,0
PRT,Portugal,EG.IMP.CONS.ZS,"Energy imports, net (% of energy use)",2008,88.4103947786098,,0
PRT,Portugal,EG.IMP.CONS.ZS,"Energy imports, net (% of energy use)",2007,85.8162996853368,,0
PRT,Portugal,EG.IMP.CONS.ZS,"Energy imports, net (% of energy use)",2006,88.6561923138279,,0
PRT,Portugal,EG.IMP.CONS.ZS,"Energy imports, net (% of energy use)",2005,92.7274778840949,,0
PRT,Portugal,EG.IMP.CONS.ZS,"Energy imports, net (% of energy use)",2004,88.203857004116,,0
PRT,Portugal,EG.IMP.CONS.ZS,"Energy imports, net (% of energy use)",2003,89.5751312882081,,0
PRT,Portugal,EG.IMP.CONS.ZS,"Energy imports, net (% of energy use)",2002,87.5937686195704,,0
PRT,Portugal,EG.IMP.CONS.ZS,"Energy imports, net (% of energy use)",2001,88.7763442228248,,0
PRT,Portugal,EG.IMP.CONS.ZS,"Energy imports, net (% of energy use)",2000,89.6907456772857,,0
PRT,Portugal,EG.IMP.CONS.ZS,"Energy imports, net (% of energy use)",1999,92.1581704549122,,0
PRT,Portugal,EG.IMP.CONS.ZS,"Energy imports, net (% of energy use)",1998,87.7885682982579,,0
PRT,Portugal,EG.IMP.CONS.ZS,"Energy imports, net (% of energy use)",1997,88.2251278620111,,0
PRT,Portugal,EG.IMP.CONS.ZS,"Energy imports, net (% of energy use)",1996,84.773319922738,,0
PRT,Portugal,EG.IMP.CONS.ZS,"Energy imports, net (% of energy use)",1995,89.9701448754226,,0
PRT,Portugal,EG.IMP.CONS.ZS,"Energy imports, net (% of energy use)",1994,85.6702272783753,,0
PRT,Portugal,EG.IMP.CONS.ZS,"Energy imports, net (% of energy use)",1993,87.282459054668,,0
PRT,Portugal,EG.IMP.CONS.ZS,"Energy imports, net (% of energy use)",1992,89.2785876100948,,0
PRT,Portugal,EG.IMP.CONS.ZS,"Energy imports, net (% of energy use)",1991,87.5862156351759,,0
PRT,Portugal,EG.IMP.CONS.ZS,"Energy imports, net (% of energy use)",1990,88.8520875470238,,0
QAT,Qatar,EG.IMP.CONS.ZS,"Energy imports, net (% of energy use)",2022,-396.072574936239,,0
QAT,Qatar,EG.IMP.CONS.ZS,"Energy imports, net (% of energy use)",2021,-407.478877315299,,0
QAT,Qatar,EG.IMP.CONS.ZS,"Energy imports, net (% of energy use)",2020,-421.519760158898,,0
QAT,Qatar,EG.IMP.CONS.ZS,"Energy imports, net (% of energy use)",2019,-420.352957663,,0
QAT,Qatar,EG.IMP.CONS.ZS,"Energy imports, net (% of energy use)",2018,-427.396102425305,,0
QAT,Qatar,EG.IMP.CONS.ZS,"Energy imports, net (% of energy use)",2017,-420.581659623901,,0
QAT,Qatar,EG.IMP.CONS.ZS,"Energy imports, net (% of energy use)",2016,-495.965255306416,,0
QAT,Qatar,EG.IMP.CONS.ZS,"Energy imports, net (% of energy use)",2015,-479.505760954495,,0
QAT,Qatar,EG.IMP.CONS.ZS,"Energy imports, net (% of energy use)",2014,-480.745392700726,,0
QAT,Qatar,EG.IMP.CONS.ZS,"Energy imports, net (% of energy use)",2013,-467.432205774208,,0
QAT,Qatar,EG.IMP.CONS.ZS,"Energy imports, net (% of energy use)",2012,-491.825593531981,,0
QAT,Qatar,EG.IMP.CONS.ZS,"Energy imports, net (% of energy use)",2011,-668.988044936118,,0
QAT,Qatar,EG.IMP.CONS.ZS,"Energy imports, net (% of energy use)",2010,-552.964982586372,,0
QAT,Qatar,EG.IMP.CONS.ZS,"Energy imports, net (% of energy use)",2009,-484.921921581576,,0
QAT,Qatar,EG.IMP.CONS.ZS,"Energy imports, net (% of energy use)",2008,-485.961776245768,,0
QAT,Qatar,EG.IMP.CONS.ZS,"Energy imports, net (% of energy use)",2007,-398.626815705122,,0
QAT,Qatar,EG.IMP.CONS.ZS,"Energy imports, net (% of energy use)",2006,-404.593052030533,,0
QAT,Qatar,EG.IMP.CONS.ZS,"Energy imports, net (% of energy use)",2005,-433.201721460375,,0
QAT,Qatar,EG.IMP.CONS.ZS,"Energy imports, net (% of energy use)",2004,-403.478441513785,,0
QAT,Qatar,EG.IMP.CONS.ZS,"Energy imports, net (% of energy use)",2002,-370.537051029118,,0
QAT,Qatar,EG.IMP.CONS.ZS,"Energy imports, net (% of energy use)",2001,-428.99090517088,,0
QAT,Qatar,EG.IMP.CONS.ZS,"Energy imports, net (% of energy use)",2000,-461.044772856456,,0
QAT,Qatar,EG.IMP.CONS.ZS,"Energy imports, net (% of energy use)",1999,-388.733342051641,,0
QAT,Qatar,EG.IMP.CONS.ZS,"Energy imports, net (% of energy use)",1998,-342.021466985226,,0
QAT,Qatar,EG.IMP.CONS.ZS,"Energy imports, net (% of energy use)",1997,-286.21957543462,,0
QAT,Qatar,EG.IMP.CONS.ZS,"Energy imports, net (% of energy use)",1996,-261.177074677629,,0
QAT,Qatar,EG.IMP.CONS.ZS,"Energy imports, net (% of energy use)",1995,-251.832649366855,,0
QAT,Qatar,EG.IMP.CONS.ZS,"Energy imports, net (% of energy use)",1994,-261.517609417593,,0
QAT,Qatar,EG.IMP.CONS.ZS,"Energy imports, net (% of energy use)",1992,-295.326958033668,,0
QAT,Qatar,EG.IMP.CONS.ZS,"Energy imports, net (% of energy use)",1991,-281.045077905086,,0
QAT,Qatar,EG.IMP.CONS.ZS,"Energy imports, net (% of energy use)",1990,-314.267488448266,,0
ROU,Romania,EG.IMP.CONS.ZS,"Energy imports, net (% of energy use)",2023,28.0603457724141,,0
ROU,Romania,EG.IMP.CONS.ZS,"Energy imports, net (% of energy use)",2022,32.4641501715792,,0
ROU,Romania,EG.IMP.CONS.ZS,"Energy imports, net (% of energy use)",2021,31.6860422448878,,0
ROU,Romania,EG.IMP.CONS.ZS,"Energy imports, net (% of energy use)",2020,28.1874709480622,,0
ROU,Romania,EG.IMP.CONS.ZS,"Energy imports, net (% of energy use)",2019,30.3563927051241,,0
ROU,Romania,EG.IMP.CONS.ZS,"Energy imports, net (% of energy use)",2018,24.3584414026006,,0
ROU,Romania,EG.IMP.CONS.ZS,"Energy imports, net (% of energy use)",2017,23.494459981394,,0
ROU,Romania,EG.IMP.CONS.ZS,"Energy imports, net (% of energy use)",2016,21.9859554487795,,0
ROU,Romania,EG.IMP.CONS.ZS,"Energy imports, net (% of energy use)",2015,16.7628336345383,,0
ROU,Romania,EG.IMP.CONS.ZS,"Energy imports, net (% of energy use)",2014,16.7184828406556,,0
ROU,Romania,EG.IMP.CONS.ZS,"Energy imports, net (% of energy use)",2013,18.2976206313665,,0
ROU,Romania,EG.IMP.CONS.ZS,"Energy imports, net (% of energy use)",2012,22.4978897514261,,0
ROU,Romania,EG.IMP.CONS.ZS,"Energy imports, net (% of energy use)",2011,21.1373458762379,,0
ROU,Romania,EG.IMP.CONS.ZS,"Energy imports, net (% of energy use)",2010,21.3829496176522,,0
ROU,Romania,EG.IMP.CONS.ZS,"Energy imports, net (% of energy use)",2009,19.8753716534027,,0
ROU,Romania,EG.IMP.CONS.ZS,"Energy imports, net (% of energy use)",2008,27.7403133719836,,0
ROU,Romania,EG.IMP.CONS.ZS,"Energy imports, net (% of energy use)",2007,31.5660305708733,,0
ROU,Romania,EG.IMP.CONS.ZS,"Energy imports, net (% of energy use)",2006,29.268130541335,,0
ROU,Romania,EG.IMP.CONS.ZS,"Energy imports, net (% of energy use)",2005,27.5435545358736,,0
ROU,Romania,EG.IMP.CONS.ZS,"Energy imports, net (% of energy use)",2004,29.7765838149577,,0
ROU,Romania,EG.IMP.CONS.ZS,"Energy imports, net (% of energy use)",2003,25.5753417904759,,0
ROU,Romania,EG.IMP.CONS.ZS,"Energy imports, net (% of energy use)",2002,24.4432449897371,,0
ROU,Romania,EG.IMP.CONS.ZS,"Energy imports, net (% of energy use)",2001,26.344289319888,,0
ROU,Romania,EG.IMP.CONS.ZS,"Energy imports, net (% of energy use)",2000,21.6999585594501,,0
ROU,Romania,EG.IMP.CONS.ZS,"Energy imports, net (% of energy use)",1999,21.2470217594307,,0
ROU,Romania,EG.IMP.CONS.ZS,"Energy imports, net (% of energy use)",1998,29.042248036107,,0
ROU,Romania,EG.IMP.CONS.ZS,"Energy imports, net (% of energy use)",1997,32.7231280792503,,0
ROU,Romania,EG.IMP.CONS.ZS,"Energy imports, net (% of energy use)",1996,31.0861791507271,,0
ROU,Romania,EG.IMP.CONS.ZS,"Energy imports, net (% of energy use)",1995,31.0046709573464,,0
ROU,Romania,EG.IMP.CONS.ZS,"Energy imports, net (% of energy use)",1994,25.9457569491082,,0
ROU,Romania,EG.IMP.CONS.ZS,"Energy imports, net (% of energy use)",1993,27.1504526181913,,0
ROU,Romania,EG.IMP.CONS.ZS,"Energy imports, net (% of energy use)",1992,29.7221556836552,,0
ROU,Romania,EG.IMP.CONS.ZS,"Energy imports, net (% of energy use)",1991,28.4547556860829,,0
ROU,Romania,EG.IMP.CONS.ZS,"Energy imports, net (% of energy use)",1990,35.5362817903767,,0
RUS,Russian Federation,EG.IMP.CONS.ZS,"Energy imports, net (% of energy use)",2022,-75.1375358449974,,0
RUS,Russian Federation,EG.IMP.CONS.ZS,"Energy imports, net (% of energy use)",2021,-80.5092437705523,,0
RUS,Russian Federation,EG.IMP.CONS.ZS,"Energy imports, net (% of energy use)",2020,-90.0513586441006,,0
RUS,Russian Federation,EG.IMP.CONS.ZS,"Energy imports, net (% of energy use)",2019,-99.0517032163785,,0
RUS,Russian Federation,EG.IMP.CONS.ZS,"Energy imports, net (% of energy use)",2018,-91.9855343432551,,0
RUS,Russian Federation,EG.IMP.CONS.ZS,"Energy imports, net (% of energy use)",2017,-91.767026435367,,0
RUS,Russian Federation,EG.IMP.CONS.ZS,"Energy imports, net (% of energy use)",2016,-90.2786476218132,,0
RUS,Russian Federation,EG.IMP.CONS.ZS,"Energy imports, net (% of energy use)",2015,-89.8620525060983,,0
RUS,Russian Federation,EG.IMP.CONS.ZS,"Energy imports, net (% of energy use)",2014,-83.4914151148436,,0
RUS,Russian Federation,EG.IMP.CONS.ZS,"Energy imports, net (% of energy use)",2013,-86.6691211198004,,0
RUS,Russian Federation,EG.IMP.CONS.ZS,"Energy imports, net (% of energy use)",2012,-80.1643740294964,,0
RUS,Russian Federation,EG.IMP.CONS.ZS,"Energy imports, net (% of energy use)",2011,-80.5398797468387,,0
RUS,Russian Federation,EG.IMP.CONS.ZS,"Energy imports, net (% of energy use)",2010,-82.9133267590228,,0
RUS,Russian Federation,EG.IMP.CONS.ZS,"Energy imports, net (% of energy use)",2009,-83.1446934737547,,0
RUS,Russian Federation,EG.IMP.CONS.ZS,"Energy imports, net (% of energy use)",2008,-77.9549418466465,,0
RUS,Russian Federation,EG.IMP.CONS.ZS,"Energy imports, net (% of energy use)",2007,-82.1146643771996,,0
RUS,Russian Federation,EG.IMP.CONS.ZS,"Energy imports, net (% of energy use)",2006,-80.2578909463708,,0
RUS,Russian Federation,EG.IMP.CONS.ZS,"Energy imports, net (% of energy use)",2005,-82.7505507849001,,0
RUS,Russian Federation,EG.IMP.CONS.ZS,"Energy imports, net (% of energy use)",2004,-79.4316196680477,,0
RUS,Russian Federation,EG.IMP.CONS.ZS,"Energy imports, net (% of energy use)",2003,-70.9880441566655,,0
RUS,Russian Federation,EG.IMP.CONS.ZS,"Energy imports, net (% of energy use)",2002,-66.1771236725413,,0
RUS,Russian Federation,EG.IMP.CONS.ZS,"Energy imports, net (% of energy use)",2001,-59.0796515152006,,0
RUS,Russian Federation,EG.IMP.CONS.ZS,"Energy imports, net (% of energy use)",2000,-56.4420863609392,,0
RUS,Russian Federation,EG.IMP.CONS.ZS,"Energy imports, net (% of energy use)",1999,-57.7936860028178,,0
RUS,Russian Federation,EG.IMP.CONS.ZS,"Energy imports, net (% of energy use)",1998,-58.9096813271004,,0
RUS,Russian Federation,EG.IMP.CONS.ZS,"Energy imports, net (% of energy use)",1997,-56.4177738952542,,0
RUS,Russian Federation,EG.IMP.CONS.ZS,"Energy imports, net (% of energy use)",1996,-53.036644953485,,0
RUS,Russian Federation,EG.IMP.CONS.ZS,"Energy imports, net (% of energy use)",1995,-49.465178971542,,0
RUS,Russian Federation,EG.IMP.CONS.ZS,"Energy imports, net (% of energy use)",1994,-47.7875465374832,,0
RUS,Russian Federation,EG.IMP.CONS.ZS,"Energy imports, net (% of energy use)",1993,-38.9733423833074,,0
RUS,Russian Federation,EG.IMP.CONS.ZS,"Energy imports, net (% of energy use)",1992,-41.6019835964765,,0
RUS,Russian Federation,EG.IMP.CONS.ZS,"Energy imports, net (% of energy use)",1991,-39.7150344799382,,0
RUS,Russian Federation,EG.IMP.CONS.ZS,"Energy imports, net (% of energy use)",1990,-46.920672678567,,0
RWA,Rwanda,EG.IMP.CONS.ZS,"Energy imports, net (% of energy use)",2022,10.5793226381462,,0
RWA,Rwanda,EG.IMP.CONS.ZS,"Energy imports, net (% of energy use)",2021,9.23880867220872,,0
RWA,Rwanda,EG.IMP.CONS.ZS,"Energy imports, net (% of energy use)",2020,8.48539913124703,,0
RWA,Rwanda,EG.IMP.CONS.ZS,"Energy imports, net (% of energy use)",2019,9.99440338516741,,0
RWA,Rwanda,EG.IMP.CONS.ZS,"Energy imports, net (% of energy use)",2018,10.0179593065772,,0
RWA,Rwanda,EG.IMP.CONS.ZS,"Energy imports, net (% of energy use)",2017,9.85553807758367,,0
RWA,Rwanda,EG.IMP.CONS.ZS,"Energy imports, net (% of energy use)",2016,9.0707926354914,,0
RWA,Rwanda,EG.IMP.CONS.ZS,"Energy imports, net (% of energy use)",2015,9.1290513498151,,0
RWA,Rwanda,EG.IMP.CONS.ZS,"Energy imports, net (% of energy use)",2014,8.45766393736126,,0
RWA,Rwanda,EG.IMP.CONS.ZS,"Energy imports, net (% of energy use)",2012,7.78700774653148,,0
RWA,Rwanda,EG.IMP.CONS.ZS,"Energy imports, net (% of energy use)",2011,7.19147619600107,,0
RWA,Rwanda,EG.IMP.CONS.ZS,"Energy imports, net (% of energy use)",2010,6.71490343803055,,0
RWA,Rwanda,EG.IMP.CONS.ZS,"Energy imports, net (% of energy use)",2009,6.7631802000339,,0
RWA,Rwanda,EG.IMP.CONS.ZS,"Energy imports, net (% of energy use)",2008,6.8519116552702,,0
RWA,Rwanda,EG.IMP.CONS.ZS,"Energy imports, net (% of energy use)",2007,7.03987222470035,,0
RWA,Rwanda,EG.IMP.CONS.ZS,"Energy imports, net (% of energy use)",2006,7.62547485379261,,0
RWA,Rwanda,EG.IMP.CONS.ZS,"Energy imports, net (% of energy use)",2005,7.77493950993686,,0
RWA,Rwanda,EG.IMP.CONS.ZS,"Energy imports, net (% of energy use)",2004,6.78877123240692,,0
RWA,Rwanda,EG.IMP.CONS.ZS,"Energy imports, net (% of energy use)",2003,7.03001136475243,,0
RWA,Rwanda,EG.IMP.CONS.ZS,"Energy imports, net (% of energy use)",2002,8.09367439849966,,0
RWA,Rwanda,EG.IMP.CONS.ZS,"Energy imports, net (% of energy use)",2001,6.92965341090497,,0
RWA,Rwanda,EG.IMP.CONS.ZS,"Energy imports, net (% of energy use)",2000,6.86578715414879,,0
RWA,Rwanda,EG.IMP.CONS.ZS,"Energy imports, net (% of energy use)",1999,4.15256072678362,,0
RWA,Rwanda,EG.IMP.CONS.ZS,"Energy imports, net (% of energy use)",1998,4.16728804156551,,0
RWA,Rwanda,EG.IMP.CONS.ZS,"Energy imports, net (% of energy use)",1997,2.3179750191658,,0
RWA,Rwanda,EG.IMP.CONS.ZS,"Energy imports, net (% of energy use)",1996,2.62362110822438,,0
RWA,Rwanda,EG.IMP.CONS.ZS,"Energy imports, net (% of energy use)",1995,2.73354746121779,,0
RWA,Rwanda,EG.IMP.CONS.ZS,"Energy imports, net (% of energy use)",1994,3.13056162046126,,0
RWA,Rwanda,EG.IMP.CONS.ZS,"Energy imports, net (% of energy use)",1993,3.29063486767343,,0
RWA,Rwanda,EG.IMP.CONS.ZS,"Energy imports, net (% of energy use)",1992,3.07398354705142,,0
RWA,Rwanda,EG.IMP.CONS.ZS,"Energy imports, net (% of energy use)",1991,2.81586225505076,,0
RWA,Rwanda,EG.IMP.CONS.ZS,"Energy imports, net (% of energy use)",1990,2.93463956137456,,0
SAU,Saudi Arabia,EG.IMP.CONS.ZS,"Energy imports, net (% of energy use)",2022,-178.200448812201,,0
SAU,Saudi Arabia,EG.IMP.CONS.ZS,"Energy imports, net (% of energy use)",2021,-159.988472996237,,0
SAU,Saudi Arabia,EG.IMP.CONS.ZS,"Energy imports, net (% of energy use)",2020,-167.391802328969,,0
SAU,Saudi Arabia,EG.IMP.CONS.ZS,"Energy imports, net (% of energy use)",2019,-177.715405473393,,0
SAU,Saudi Arabia,EG.IMP.CONS.ZS,"Energy imports, net (% of energy use)",2018,-186.869965836857,,0
SAU,Saudi Arabia,EG.IMP.CONS.ZS,"Energy imports, net (% of energy use)",2017,-170.01284446789,,0
SAU,Saudi Arabia,EG.IMP.CONS.ZS,"Energy imports, net (% of energy use)",2016,-188.313378451395,,0
SAU,Saudi Arabia,EG.IMP.CONS.ZS,"Energy imports, net (% of energy use)",2015,-175.630386958295,,0
SAU,Saudi Arabia,EG.IMP.CONS.ZS,"Energy imports, net (% of energy use)",2014,-172.635167721495,,0
SAU,Saudi Arabia,EG.IMP.CONS.ZS,"Energy imports, net (% of energy use)",2013,-196.871813635467,,0
SAU,Saudi Arabia,EG.IMP.CONS.ZS,"Energy imports, net (% of energy use)",2012,-198.404746766711,,0
SAU,Saudi Arabia,EG.IMP.CONS.ZS,"Energy imports, net (% of energy use)",2011,-194.479146834173,,0
SAU,Saudi Arabia,EG.IMP.CONS.ZS,"Energy imports, net (% of energy use)",2010,-174.572051159403,,0
SAU,Saudi Arabia,EG.IMP.CONS.ZS,"Energy imports, net (% of energy use)",2009,-197.276525003426,,0
SAU,Saudi Arabia,EG.IMP.CONS.ZS,"Energy imports, net (% of energy use)",2008,-247.605329375852,,0
SAU,Saudi Arabia,EG.IMP.CONS.ZS,"Energy imports, net (% of energy use)",2007,-260.343119888032,,0
SAU,Saudi Arabia,EG.IMP.CONS.ZS,"Energy imports, net (% of energy use)",2006,-294.220788761899,,0
SAU,Saudi Arabia,EG.IMP.CONS.ZS,"Energy imports, net (% of energy use)",2005,-327.78579329972,,0
SAU,Saudi Arabia,EG.IMP.CONS.ZS,"Energy imports, net (% of energy use)",2004,-327.812890446441,,0
SAU,Saudi Arabia,EG.IMP.CONS.ZS,"Energy imports, net (% of energy use)",2003,-304.056898022563,,0
SAU,Saudi Arabia,EG.IMP.CONS.ZS,"Energy imports, net (% of energy use)",2002,-251.374590953102,,0
SAU,Saudi Arabia,EG.IMP.CONS.ZS,"Energy imports, net (% of energy use)",2001,-325.783228284745,,0
SAU,Saudi Arabia,EG.IMP.CONS.ZS,"Energy imports, net (% of energy use)",2000,-348.213745162547,,0
SAU,Saudi Arabia,EG.IMP.CONS.ZS,"Energy imports, net (% of energy use)",1999,-368.926301285126,,0
SAU,Saudi Arabia,EG.IMP.CONS.ZS,"Energy imports, net (% of energy use)",1998,-416.649616865942,,0
SAU,Saudi Arabia,EG.IMP.CONS.ZS,"Energy imports, net (% of energy use)",1997,-433.370566672656,,0
SAU,Saudi Arabia,EG.IMP.CONS.ZS,"Energy imports, net (% of energy use)",1996,-418.287992682388,,0
SAU,Saudi Arabia,EG.IMP.CONS.ZS,"Energy imports, net (% of energy use)",1995,-448.540907567387,,0
SAU,Saudi Arabia,EG.IMP.CONS.ZS,"Energy imports, net (% of energy use)",1994,-444.920053444551,,0
SAU,Saudi Arabia,EG.IMP.CONS.ZS,"Energy imports, net (% of energy use)",1993,-485.232067889106,,0
SAU,Saudi Arabia,EG.IMP.CONS.ZS,"Energy imports, net (% of energy use)",1992,-514.515560691244,,0
SAU,Saudi Arabia,EG.IMP.CONS.ZS,"Energy imports, net (% of energy use)",1991,-580.338008022748,,0
SAU,Saudi Arabia,EG.IMP.CONS.ZS,"Energy imports, net (% of energy use)",1990,-529.265984975904,,0
SEN,Senegal,EG.IMP.CONS.ZS,"Energy imports, net (% of energy use)",2023,69.030995787333,,0
SEN,Senegal,EG.IMP.CONS.ZS,"Energy imports, net (% of energy use)",2022,69.3863916678086,,0
SEN,Senegal,EG.IMP.CONS.ZS,"Energy imports, net (% of energy use)",2021,66.4285714285714,,0
SEN,Senegal,EG.IMP.CONS.ZS,"Energy imports, net (% of energy use)",2020,62.0675494808567,,0
SEN,Senegal,EG.IMP.CONS.ZS,"Energy imports, net (% of energy use)",2019,70.1843816195644,,0
SEN,Senegal,EG.IMP.CONS.ZS,"Energy imports, net (% of energy use)",2018,70.323978098796,,0
SEN,Senegal,EG.IMP.CONS.ZS,"Energy imports, net (% of energy use)",2017,63.9234779132964,,0
SEN,Senegal,EG.IMP.CONS.ZS,"Energy imports, net (% of energy use)",2016,68.3595025541972,,0
SEN,Senegal,EG.IMP.CONS.ZS,"Energy imports, net (% of energy use)",2015,68.9810729727345,,0
SEN,Senegal,EG.IMP.CONS.ZS,"Energy imports, net (% of energy use)",2014,59.9951415180977,,0
SEN,Senegal,EG.IMP.CONS.ZS,"Energy imports, net (% of energy use)",2013,58.4798591295854,,0
SEN,Senegal,EG.IMP.CONS.ZS,"Energy imports, net (% of energy use)",2012,51.2445633792789,,0
SEN,Senegal,EG.IMP.CONS.ZS,"Energy imports, net (% of energy use)",2011,52.8628402579837,,0
SEN,Senegal,EG.IMP.CONS.ZS,"Energy imports, net (% of energy use)",2010,53.0348084659788,,0
SEN,Senegal,EG.IMP.CONS.ZS,"Energy imports, net (% of energy use)",2009,49.7455672801428,,0
SEN,Senegal,EG.IMP.CONS.ZS,"Energy imports, net (% of energy use)",2008,69.7044542152552,,0
SEN,Senegal,EG.IMP.CONS.ZS,"Energy imports, net (% of energy use)",2007,67.8267823583512,,0
SEN,Senegal,EG.IMP.CONS.ZS,"Energy imports, net (% of energy use)",2006,72.0087343752689,,0
SEN,Senegal,EG.IMP.CONS.ZS,"Energy imports, net (% of energy use)",2005,71.0295449644166,,0
SEN,Senegal,EG.IMP.CONS.ZS,"Energy imports, net (% of energy use)",2004,64.284833321587,,0
SEN,Senegal,EG.IMP.CONS.ZS,"Energy imports, net (% of energy use)",2003,66.462291334045,,0
SEN,Senegal,EG.IMP.CONS.ZS,"Energy imports, net (% of energy use)",2002,57.5662100456619,,0
SEN,Senegal,EG.IMP.CONS.ZS,"Energy imports, net (% of energy use)",2001,65.8192038333948,,0
SEN,Senegal,EG.IMP.CONS.ZS,"Energy imports, net (% of energy use)",2000,63.7566980737436,,0
SEN,Senegal,EG.IMP.CONS.ZS,"Energy imports, net (% of energy use)",1999,61.252184967424,,0
SEN,Senegal,EG.IMP.CONS.ZS,"Energy imports, net (% of energy use)",1998,59.6602521862469,,0
SEN,Senegal,EG.IMP.CONS.ZS,"Energy imports, net (% of energy use)",1997,54.0190575027125,,0
SEN,Senegal,EG.IMP.CONS.ZS,"Energy imports, net (% of energy use)",1996,53.7232246689427,,0
SEN,Senegal,EG.IMP.CONS.ZS,"Energy imports, net (% of energy use)",1995,49.7304219760518,,0
SEN,Senegal,EG.IMP.CONS.ZS,"Energy imports, net (% of energy use)",1994,59.7463890960872,,0
SEN,Senegal,EG.IMP.CONS.ZS,"Energy imports, net (% of energy use)",1993,49.6767154287563,,0
SEN,Senegal,EG.IMP.CONS.ZS,"Energy imports, net (% of energy use)",1992,55.0724248566941,,0
SEN,Senegal,EG.IMP.CONS.ZS,"Energy imports, net (% of energy use)",1991,48.7356945118298,,0
SEN,Senegal,EG.IMP.CONS.ZS,"Energy imports, net (% of energy use)",1990,50.2003880305325,,0
SRB,Serbia,EG.IMP.CONS.ZS,"Energy imports, net (% of energy use)",2023,42.5514943717482,,0
SRB,Serbia,EG.IMP.CONS.ZS,"Energy imports, net (% of energy use)",2022,45.3074666486561,,0
SRB,Serbia,EG.IMP.CONS.ZS,"Energy imports, net (% of energy use)",2021,35.0037392718509,,0
SRB,Serbia,EG.IMP.CONS.ZS,"Energy imports, net (% of energy use)",2020,30.0750675668529,,0
SRB,Serbia,EG.IMP.CONS.ZS,"Energy imports, net (% of energy use)",2019,35.9593454155817,,0
SRB,Serbia,EG.IMP.CONS.ZS,"Energy imports, net (% of energy use)",2018,35.0640386890373,,0
SRB,Serbia,EG.IMP.CONS.ZS,"Energy imports, net (% of energy use)",2017,34.139277708288,,0
SRB,Serbia,EG.IMP.CONS.ZS,"Energy imports, net (% of energy use)",2016,30.0627769340857,,0
SRB,Serbia,EG.IMP.CONS.ZS,"Energy imports, net (% of energy use)",2015,27.8417033393736,,0
SRB,Serbia,EG.IMP.CONS.ZS,"Energy imports, net (% of energy use)",2014,28.1570392598149,,0
SRB,Serbia,EG.IMP.CONS.ZS,"Energy imports, net (% of energy use)",2013,24.1746930961234,,0
SRB,Serbia,EG.IMP.CONS.ZS,"Energy imports, net (% of energy use)",2012,28.0036380918044,,0
SRB,Serbia,EG.IMP.CONS.ZS,"Energy imports, net (% of energy use)",2011,30.6598397229168,,0
SRB,Serbia,EG.IMP.CONS.ZS,"Energy imports, net (% of energy use)",2010,33.4695734620312,,0
SRB,Serbia,EG.IMP.CONS.ZS,"Energy imports, net (% of energy use)",2009,32.388555676533,,0
SRB,Serbia,EG.IMP.CONS.ZS,"Energy imports, net (% of energy use)",2008,37.8018251972477,,0
SRB,Serbia,EG.IMP.CONS.ZS,"Energy imports, net (% of energy use)",2007,36.5131697656189,,0
SRB,Serbia,EG.IMP.CONS.ZS,"Energy imports, net (% of energy use)",2006,38.3792813728492,,0
SRB,Serbia,EG.IMP.CONS.ZS,"Energy imports, net (% of energy use)",2005,36.6830311471939,,0
SRB,Serbia,EG.IMP.CONS.ZS,"Energy imports, net (% of energy use)",2004,33.5693833590025,,0
SRB,Serbia,EG.IMP.CONS.ZS,"Energy imports, net (% of energy use)",2003,28.7273661972035,,0
SRB,Serbia,EG.IMP.CONS.ZS,"Energy imports, net (% of energy use)",2002,26.4643735389661,,0
SRB,Serbia,EG.IMP.CONS.ZS,"Energy imports, net (% of energy use)",2001,23.5402358429442,,0
SRB,Serbia,EG.IMP.CONS.ZS,"Energy imports, net (% of energy use)",2000,13.906998567689,,0
SRB,Serbia,EG.IMP.CONS.ZS,"Energy imports, net (% of energy use)",1999,14.1533410789905,,0
SRB,Serbia,EG.IMP.CONS.ZS,"Energy imports, net (% of energy use)",1998,24.6915550842577,,0
SRB,Serbia,EG.IMP.CONS.ZS,"Energy imports, net (% of energy use)",1997,27.0618909439789,,0
SRB,Serbia,EG.IMP.CONS.ZS,"Energy imports, net (% of energy use)",1996,24.9901966522299,,0
SRB,Serbia,EG.IMP.CONS.ZS,"Energy imports, net (% of energy use)",1995,10.4905498613839,,0
SRB,Serbia,EG.IMP.CONS.ZS,"Energy imports, net (% of energy use)",1994,9.56016001436536,,0
SRB,Serbia,EG.IMP.CONS.ZS,"Energy imports, net (% of energy use)",1993,10.2440674103196,,0
SRB,Serbia,EG.IMP.CONS.ZS,"Energy imports, net (% of energy use)",1992,20.7278003064455,,0
SRB,Serbia,EG.IMP.CONS.ZS,"Energy imports, net (% of energy use)",1991,26.8180186311134,,0
SRB,Serbia,EG.IMP.CONS.ZS,"Energy imports, net (% of energy use)",1990,31.1634130693795,,0
SGP,Singapore,EG.IMP.CONS.ZS,"Energy imports, net (% of energy use)",2023,279.622693982082,,0
SGP,Singapore,EG.IMP.CONS.ZS,"Energy imports, net (% of energy use)",2022,258.425380474946,,0
SGP,Singapore,EG.IMP.CONS.ZS,"Energy imports, net (% of energy use)",2021,248.668236081717,,0
SGP,Singapore,EG.IMP.CONS.ZS,"Energy imports, net (% of energy use)",2020,264.429457913529,,0
SGP,Singapore,EG.IMP.CONS.ZS,"Energy imports, net (% of energy use)",2019,269.815306923958,,0
SGP,Singapore,EG.IMP.CONS.ZS,"Energy imports, net (% of energy use)",2018,273.793180423015,,0
SGP,Singapore,EG.IMP.CONS.ZS,"Energy imports, net (% of energy use)",2017,275.903826650794,,0
SGP,Singapore,EG.IMP.CONS.ZS,"Energy imports, net (% of energy use)",2016,274.260261369755,,0
SGP,Singapore,EG.IMP.CONS.ZS,"Energy imports, net (% of energy use)",2015,277.405757867332,,0
SGP,Singapore,EG.IMP.CONS.ZS,"Energy imports, net (% of energy use)",2014,275.189793160703,,0
SGP,Singapore,EG.IMP.CONS.ZS,"Energy imports, net (% of energy use)",2013,267.276576719405,,0
SGP,Singapore,EG.IMP.CONS.ZS,"Energy imports, net (% of energy use)",2012,288.091215185,,0
SGP,Singapore,EG.IMP.CONS.ZS,"Energy imports, net (% of energy use)",2011,318.370020905262,,0
SGP,Singapore,EG.IMP.CONS.ZS,"Energy imports, net (% of energy use)",2010,278.36489282559,,0
SGP,Singapore,EG.IMP.CONS.ZS,"Energy imports, net (% of energy use)",2009,256.852513663809,,0
SGP,Singapore,EG.IMP.CONS.ZS,"Energy imports, net (% of energy use)",2008,262.215986853303,,0
SGP,Singapore,EG.IMP.CONS.ZS,"Energy imports, net (% of energy use)",2007,271.316427060438,,0
SGP,Singapore,EG.IMP.CONS.ZS,"Energy imports, net (% of energy use)",2006,239.462723776914,,0
SGP,Singapore,EG.IMP.CONS.ZS,"Energy imports, net (% of energy use)",2005,236.275469317464,,0
SGP,Singapore,EG.IMP.CONS.ZS,"Energy imports, net (% of energy use)",2004,190.07586273938,,0
SGP,Singapore,EG.IMP.CONS.ZS,"Energy imports, net (% of energy use)",2003,189.537024588449,,0
SGP,Singapore,EG.IMP.CONS.ZS,"Energy imports, net (% of energy use)",2002,207.59861227614,,0
SGP,Singapore,EG.IMP.CONS.ZS,"Energy imports, net (% of energy use)",2001,208.664572934777,,0
SGP,Singapore,EG.IMP.CONS.ZS,"Energy imports, net (% of energy use)",2000,218.729473537416,,0
SGP,Singapore,EG.IMP.CONS.ZS,"Energy imports, net (% of energy use)",1999,217.735476344851,,0
SGP,Singapore,EG.IMP.CONS.ZS,"Energy imports, net (% of energy use)",1998,196.629214827434,,0
SGP,Singapore,EG.IMP.CONS.ZS,"Energy imports, net (% of energy use)",1997,191.252037056862,,0
SGP,Singapore,EG.IMP.CONS.ZS,"Energy imports, net (% of energy use)",1996,182.083389483985,,0
SGP,Singapore,EG.IMP.CONS.ZS,"Energy imports, net (% of energy use)",1995,171.864698494214,,0
SGP,Singapore,EG.IMP.CONS.ZS,"Energy imports, net (% of energy use)",1994,161.60581731679,,0
SGP,Singapore,EG.IMP.CONS.ZS,"Energy imports, net (% of energy use)",1993,185.556604926027,,0
SGP,Singapore,EG.IMP.CONS.ZS,"Energy imports, net (% of energy use)",1992,197.821512922382,,0
SGP,Singapore,EG.IMP.CONS.ZS,"Energy imports, net (% of energy use)",1991,203.464665964666,,0
SGP,Singapore,EG.IMP.CONS.ZS,"Energy imports, net (% of energy use)",1990,212.744384973549,,0
SVK,Slovak Republic,EG.IMP.CONS.ZS,"Energy imports, net (% of energy use)",2023,57.886994383722,,0
SVK,Slovak Republic,EG.IMP.CONS.ZS,"Energy imports, net (% of energy use)",2022,68.8872819822269,,0
SVK,Slovak Republic,EG.IMP.CONS.ZS,"Energy imports, net (% of energy use)",2021,51.9404849852974,,0
SVK,Slovak Republic,EG.IMP.CONS.ZS,"Energy imports, net (% of energy use)",2020,55.8608938539428,,0
SVK,Slovak Republic,EG.IMP.CONS.ZS,"Energy imports, net (% of energy use)",2019,69.4728958880142,,0
SVK,Slovak Republic,EG.IMP.CONS.ZS,"Energy imports, net (% of energy use)",2018,60.7892050948817,,0
SVK,Slovak Republic,EG.IMP.CONS.ZS,"Energy imports, net (% of energy use)",2017,61.8303015860407,,0
SVK,Slovak Republic,EG.IMP.CONS.ZS,"Energy imports, net (% of energy use)",2016,57.4894350317092,,0
SVK,Slovak Republic,EG.IMP.CONS.ZS,"Energy imports, net (% of energy use)",2015,57.3579679272209,,0
SVK,Slovak Republic,EG.IMP.CONS.ZS,"Energy imports, net (% of energy use)",2014,59.7953254868921,,0
SVK,Slovak Republic,EG.IMP.CONS.ZS,"Energy imports, net (% of energy use)",2013,57.6004806670878,,0
SVK,Slovak Republic,EG.IMP.CONS.ZS,"Energy imports, net (% of energy use)",2012,58.1388682785269,,0
SVK,Slovak Republic,EG.IMP.CONS.ZS,"Energy imports, net (% of energy use)",2011,62.5662681413386,,0
SVK,Slovak Republic,EG.IMP.CONS.ZS,"Energy imports, net (% of energy use)",2010,61.280218952637,,0
SVK,Slovak Republic,EG.IMP.CONS.ZS,"Energy imports, net (% of energy use)",2009,67.2341888731788,,0
SVK,Slovak Republic,EG.IMP.CONS.ZS,"Energy imports, net (% of energy use)",2008,65.3978607311472,,0
SVK,Slovak Republic,EG.IMP.CONS.ZS,"Energy imports, net (% of energy use)",2007,69.1625263772008,,0
SVK,Slovak Republic,EG.IMP.CONS.ZS,"Energy imports, net (% of energy use)",2006,64.0400059450288,,0
SVK,Slovak Republic,EG.IMP.CONS.ZS,"Energy imports, net (% of energy use)",2005,65.5579585598042,,0
SVK,Slovak Republic,EG.IMP.CONS.ZS,"Energy imports, net (% of energy use)",2004,67.8716202587327,,0
SVK,Slovak Republic,EG.IMP.CONS.ZS,"Energy imports, net (% of energy use)",2003,64.6311257471989,,0
SVK,Slovak Republic,EG.IMP.CONS.ZS,"Energy imports, net (% of energy use)",2002,64.1994984234894,,0
SVK,Slovak Republic,EG.IMP.CONS.ZS,"Energy imports, net (% of energy use)",2001,62.2607578676943,,0
SVK,Slovak Republic,EG.IMP.CONS.ZS,"Energy imports, net (% of energy use)",2000,65.0047112666577,,0
SVK,Slovak Republic,EG.IMP.CONS.ZS,"Energy imports, net (% of energy use)",1999,66.1275134551537,,0
SVK,Slovak Republic,EG.IMP.CONS.ZS,"Energy imports, net (% of energy use)",1998,70.683096464519,,0
SVK,Slovak Republic,EG.IMP.CONS.ZS,"Energy imports, net (% of energy use)",1997,72.9982963100792,,0
SVK,Slovak Republic,EG.IMP.CONS.ZS,"Energy imports, net (% of energy use)",1996,73.2352572021219,,0
SVK,Slovak Republic,EG.IMP.CONS.ZS,"Energy imports, net (% of energy use)",1995,68.946900978299,,0
SVK,Slovak Republic,EG.IMP.CONS.ZS,"Energy imports, net (% of energy use)",1994,68.1340527091679,,0
SVK,Slovak Republic,EG.IMP.CONS.ZS,"Energy imports, net (% of energy use)",1993,68.7865555078872,,0
SVK,Slovak Republic,EG.IMP.CONS.ZS,"Energy imports, net (% of energy use)",1992,74.6695125218946,,0
SVK,Slovak Republic,EG.IMP.CONS.ZS,"Energy imports, net (% of energy use)",1991,72.8753240396186,,0
SVK,Slovak Republic,EG.IMP.CONS.ZS,"Energy imports, net (% of energy use)",1990,76.9694906447235,,0
SVN,Slovenia,EG.IMP.CONS.ZS,"Energy imports, net (% of energy use)",2023,48.9021824108035,,0
SVN,Slovenia,EG.IMP.CONS.ZS,"Energy imports, net (% of energy use)",2022,53.5470840696794,,0
SVN,Slovenia,EG.IMP.CONS.ZS,"Energy imports, net (% of energy use)",2021,48.7162208424474,,0
SVN,Slovenia,EG.IMP.CONS.ZS,"Energy imports, net (% of energy use)",2020,45.7953577906934,,0
SVN,Slovenia,EG.IMP.CONS.ZS,"Energy imports, net (% of energy use)",2019,52.8491569267821,,0
SVN,Slovenia,EG.IMP.CONS.ZS,"Energy imports, net (% of energy use)",2018,52.2003950266627,,0
SVN,Slovenia,EG.IMP.CONS.ZS,"Energy imports, net (% of energy use)",2017,51.1019448090133,,0
SVN,Slovenia,EG.IMP.CONS.ZS,"Energy imports, net (% of energy use)",2016,49.1781653352419,,0
SVN,Slovenia,EG.IMP.CONS.ZS,"Energy imports, net (% of energy use)",2015,49.0810501456121,,0
SVN,Slovenia,EG.IMP.CONS.ZS,"Energy imports, net (% of energy use)",2014,44.8245997036697,,0
SVN,Slovenia,EG.IMP.CONS.ZS,"Energy imports, net (% of energy use)",2013,47.3067695838114,,0
SVN,Slovenia,EG.IMP.CONS.ZS,"Energy imports, net (% of energy use)",2012,51.5118783183444,,0
SVN,Slovenia,EG.IMP.CONS.ZS,"Energy imports, net (% of energy use)",2011,47.7772903770856,,0
SVN,Slovenia,EG.IMP.CONS.ZS,"Energy imports, net (% of energy use)",2010,48.6957623237549,,0
SVN,Slovenia,EG.IMP.CONS.ZS,"Energy imports, net (% of energy use)",2009,48.2930177846054,,0
SVN,Slovenia,EG.IMP.CONS.ZS,"Energy imports, net (% of energy use)",2008,54.1628047431398,,0
SVN,Slovenia,EG.IMP.CONS.ZS,"Energy imports, net (% of energy use)",2007,51.2447668759392,,0
SVN,Slovenia,EG.IMP.CONS.ZS,"Energy imports, net (% of energy use)",2006,51.1452060032502,,0
SVN,Slovenia,EG.IMP.CONS.ZS,"Energy imports, net (% of energy use)",2005,50.862334218348,,0
SVN,Slovenia,EG.IMP.CONS.ZS,"Energy imports, net (% of energy use)",2004,51.2606533507315,,0
SVN,Slovenia,EG.IMP.CONS.ZS,"Energy imports, net (% of energy use)",2003,52.3979550434148,,0
SVN,Slovenia,EG.IMP.CONS.ZS,"Energy imports, net (% of energy use)",2002,49.6913940876881,,0
SVN,Slovenia,EG.IMP.CONS.ZS,"Energy imports, net (% of energy use)",2001,48.8455238672026,,0
SVN,Slovenia,EG.IMP.CONS.ZS,"Energy imports, net (% of energy use)",2000,51.7833418123658,,0
SVN,Slovenia,EG.IMP.CONS.ZS,"Energy imports, net (% of energy use)",1999,55.8812385777751,,0
SVN,Slovenia,EG.IMP.CONS.ZS,"Energy imports, net (% of energy use)",1998,52.4131442181962,,0
SVN,Slovenia,EG.IMP.CONS.ZS,"Energy imports, net (% of energy use)",1997,55.3735822186054,,0
SVN,Slovenia,EG.IMP.CONS.ZS,"Energy imports, net (% of energy use)",1996,55.3845979537962,,0
SVN,Slovenia,EG.IMP.CONS.ZS,"Energy imports, net (% of energy use)",1995,50.9452826400998,,0
SVN,Slovenia,EG.IMP.CONS.ZS,"Energy imports, net (% of energy use)",1994,49.204832985209,,0
SVN,Slovenia,EG.IMP.CONS.ZS,"Energy imports, net (% of energy use)",1993,48.279440729913,,0
SVN,Slovenia,EG.IMP.CONS.ZS,"Energy imports, net (% of energy use)",1992,41.8826088969124,,0
SVN,Slovenia,EG.IMP.CONS.ZS,"Energy imports, net (% of energy use)",1991,42.2428653102983,,0
SVN,Slovenia,EG.IMP.CONS.ZS,"Energy imports, net (% of energy use)",1990,45.8916343527384,,0
ZAF,South Africa,EG.IMP.CONS.ZS,"Energy imports, net (% of energy use)",2023,-12.5072996086864,,0
ZAF,South Africa,EG.IMP.CONS.ZS,"Energy imports, net (% of energy use)",2022,-14.1484249128245,,0
ZAF,South Africa,EG.IMP.CONS.ZS,"Energy imports, net (% of energy use)",2021,-9.88306279514187,,0
ZAF,South Africa,EG.IMP.CONS.ZS,"Energy imports, net (% of energy use)",2020,-19.0992444990468,,0
ZAF,South Africa,EG.IMP.CONS.ZS,"Energy imports, net (% of energy use)",2019,-13.2803829153548,,0
ZAF,South Africa,EG.IMP.CONS.ZS,"Energy imports, net (% of energy use)",2018,-17.0816213484132,,0
ZAF,South Africa,EG.IMP.CONS.ZS,"Energy imports, net (% of energy use)",2017,-15.4268438091069,,0
ZAF,South Africa,EG.IMP.CONS.ZS,"Energy imports, net (% of energy use)",2016,-14.3066269248334,,0
ZAF,South Africa,EG.IMP.CONS.ZS,"Energy imports, net (% of energy use)",2015,-17.6657935079825,,0
ZAF,South Africa,EG.IMP.CONS.ZS,"Energy imports, net (% of energy use)",2014,-12.7792229481547,,0
ZAF,South Africa,EG.IMP.CONS.ZS,"Energy imports, net (% of energy use)",2013,-18.68910274231,,0
ZAF,South Africa,EG.IMP.CONS.ZS,"Energy imports, net (% of energy use)",2012,-18.0622557556805,,0
ZAF,South Africa,EG.IMP.CONS.ZS,"Energy imports, net (% of energy use)",2011,-11.5550577098989,,0
ZAF,South Africa,EG.IMP.CONS.ZS,"Energy imports, net (% of energy use)",2010,-13.6296516132212,,0
ZAF,South Africa,EG.IMP.CONS.ZS,"Energy imports, net (% of energy use)",2009,-2.21746218763465,,0
ZAF,South Africa,EG.IMP.CONS.ZS,"Energy imports, net (% of energy use)",2008,-7.7959520670235,,0
ZAF,South Africa,EG.IMP.CONS.ZS,"Energy imports, net (% of energy use)",2007,-14.3360040269529,,0
ZAF,South Africa,EG.IMP.CONS.ZS,"Energy imports, net (% of energy use)",2006,-23.4240099319074,,0
ZAF,South Africa,EG.IMP.CONS.ZS,"Energy imports, net (% of energy use)",2005,-26.2144747117144,,0
ZAF,South Africa,EG.IMP.CONS.ZS,"Energy imports, net (% of energy use)",2004,-22.9970445505187,,0
ZAF,South Africa,EG.IMP.CONS.ZS,"Energy imports, net (% of energy use)",2003,-28.7237571851505,,0
ZAF,South Africa,EG.IMP.CONS.ZS,"Energy imports, net (% of energy use)",2002,-36.1697469696271,,0
ZAF,South Africa,EG.IMP.CONS.ZS,"Energy imports, net (% of energy use)",2001,-32.8103171353307,,0
ZAF,South Africa,EG.IMP.CONS.ZS,"Energy imports, net (% of energy use)",2000,-29.5244367454808,,0
ZAF,South Africa,EG.IMP.CONS.ZS,"Energy imports, net (% of energy use)",1999,-27.7774825062417,,0
ZAF,South Africa,EG.IMP.CONS.ZS,"Energy imports, net (% of energy use)",1998,-21.3419877590172,,0
ZAF,South Africa,EG.IMP.CONS.ZS,"Energy imports, net (% of energy use)",1997,-27.3132168247163,,0
ZAF,South Africa,EG.IMP.CONS.ZS,"Energy imports, net (% of energy use)",1996,-24.0989766017575,,0
ZAF,South Africa,EG.IMP.CONS.ZS,"Energy imports, net (% of energy use)",1995,-26.3089156446769,,0
ZAF,South Africa,EG.IMP.CONS.ZS,"Energy imports, net (% of energy use)",1994,-27.1792676791554,,0
ZAF,South Africa,EG.IMP.CONS.ZS,"Energy imports, net (% of energy use)",1993,-27.7501141621004,,0
ZAF,South Africa,EG.IMP.CONS.ZS,"Energy imports, net (% of energy use)",1992,-27.3244005505983,,0
ZAF,South Africa,EG.IMP.CONS.ZS,"Energy imports, net (% of energy use)",1991,-23.831108421098,,0
ZAF,South Africa,EG.IMP.CONS.ZS,"Energy imports, net (% of energy use)",1990,-24.7613421556283,,0
SSD,South Sudan,EG.IMP.CONS.ZS,"Energy imports, net (% of energy use)",2022,-859.502809253272,,0
SSD,South Sudan,EG.IMP.CONS.ZS,"Energy imports, net (% of energy use)",2021,-901.091590819752,,0
SSD,South Sudan,EG.IMP.CONS.ZS,"Energy imports, net (% of energy use)",2020,-1010.1984581566,,0
SSD,South Sudan,EG.IMP.CONS.ZS,"Energy imports, net (% of energy use)",2019,-1023.89369816575,,0
SSD,South Sudan,EG.IMP.CONS.ZS,"Energy imports, net (% of energy use)",2018,-859.453464370436,,0
SSD,South Sudan,EG.IMP.CONS.ZS,"Energy imports, net (% of energy use)",2017,-962.533674792963,,0
SSD,South Sudan,EG.IMP.CONS.ZS,"Energy imports, net (% of energy use)",2016,-827.100068497415,,0
SSD,South Sudan,EG.IMP.CONS.ZS,"Energy imports, net (% of energy use)",2015,-801.69453358104,,0
SSD,South Sudan,EG.IMP.CONS.ZS,"Energy imports, net (% of energy use)",2014,-1055.22679072313,,0
SSD,South Sudan,EG.IMP.CONS.ZS,"Energy imports, net (% of energy use)",2013,-667.767689970678,,0
SSD,South Sudan,EG.IMP.CONS.ZS,"Energy imports, net (% of energy use)",2012,-171.540421068406,,0
ESP,Spain,EG.IMP.CONS.ZS,"Energy imports, net (% of energy use)",2023,76.9846775136602,,0
ESP,Spain,EG.IMP.CONS.ZS,"Energy imports, net (% of energy use)",2022,82.8674923431858,,0
ESP,Spain,EG.IMP.CONS.ZS,"Energy imports, net (% of energy use)",2021,75.4707201988393,,0
ESP,Spain,EG.IMP.CONS.ZS,"Energy imports, net (% of energy use)",2020,73.4774191966381,,0
ESP,Spain,EG.IMP.CONS.ZS,"Energy imports, net (% of energy use)",2019,82.914057950379,,0
ESP,Spain,EG.IMP.CONS.ZS,"Energy imports, net (% of energy use)",2018,81.0075324716607,,0
ESP,Spain,EG.IMP.CONS.ZS,"Energy imports, net (% of energy use)",2017,80.8546276046496,,0
ESP,Spain,EG.IMP.CONS.ZS,"Energy imports, net (% of energy use)",2016,78.8824970227639,,0
ESP,Spain,EG.IMP.CONS.ZS,"Energy imports, net (% of energy use)",2015,80.0358808031651,,0
ESP,Spain,EG.IMP.CONS.ZS,"Energy imports, net (% of energy use)",2014,80.0508023280079,,0
ESP,Spain,EG.IMP.CONS.ZS,"Energy imports, net (% of energy use)",2013,76.6569596302212,,0
ESP,Spain,EG.IMP.CONS.ZS,"Energy imports, net (% of energy use)",2012,79.8545674972874,,0
ESP,Spain,EG.IMP.CONS.ZS,"Energy imports, net (% of energy use)",2011,83.4743805919382,,0
ESP,Spain,EG.IMP.CONS.ZS,"Energy imports, net (% of energy use)",2010,83.5331241402752,,0
ESP,Spain,EG.IMP.CONS.ZS,"Energy imports, net (% of energy use)",2009,86.4856561024085,,0
ESP,Spain,EG.IMP.CONS.ZS,"Energy imports, net (% of energy use)",2008,88.4335262058699,,0
ESP,Spain,EG.IMP.CONS.ZS,"Energy imports, net (% of energy use)",2007,86.040683918047,,0
ESP,Spain,EG.IMP.CONS.ZS,"Energy imports, net (% of energy use)",2006,87.5809137333827,,0
ESP,Spain,EG.IMP.CONS.ZS,"Energy imports, net (% of energy use)",2005,87.688527549989,,0
ESP,Spain,EG.IMP.CONS.ZS,"Energy imports, net (% of energy use)",2004,83.2977969635465,,0
ESP,Spain,EG.IMP.CONS.ZS,"Energy imports, net (% of energy use)",2003,82.2260956775872,,0
ESP,Spain,EG.IMP.CONS.ZS,"Energy imports, net (% of energy use)",2002,84.2968175535536,,0
ESP,Spain,EG.IMP.CONS.ZS,"Energy imports, net (% of energy use)",2001,80.325031249317,,0
ESP,Spain,EG.IMP.CONS.ZS,"Energy imports, net (% of energy use)",2000,82.1407322953954,,0
ESP,Spain,EG.IMP.CONS.ZS,"Energy imports, net (% of energy use)",1999,82.1296575226209,,0
ESP,Spain,EG.IMP.CONS.ZS,"Energy imports, net (% of energy use)",1998,80.0400064630795,,0
ESP,Spain,EG.IMP.CONS.ZS,"Energy imports, net (% of energy use)",1997,76.851232435006,,0
ESP,Spain,EG.IMP.CONS.ZS,"Energy imports, net (% of energy use)",1996,75.3109766569666,,0
ESP,Spain,EG.IMP.CONS.ZS,"Energy imports, net (% of energy use)",1995,75.4646128279758,,0
ESP,Spain,EG.IMP.CONS.ZS,"Energy imports, net (% of energy use)",1994,71.8569869499055,,0
ESP,Spain,EG.IMP.CONS.ZS,"Energy imports, net (% of energy use)",1993,69.8029240656473,,0
ESP,Spain,EG.IMP.CONS.ZS,"Energy imports, net (% of energy use)",1992,70.851296118282,,0
ESP,Spain,EG.IMP.CONS.ZS,"Energy imports, net (% of energy use)",1991,67.6642831456344,,0
ESP,Spain,EG.IMP.CONS.ZS,"Energy imports, net (% of energy use)",1990,67.023663145482,,0
LKA,Sri Lanka,EG.IMP.CONS.ZS,"Energy imports, net (% of energy use)",2022,60.0395802943756,,0
LKA,Sri Lanka,EG.IMP.CONS.ZS,"Energy imports, net (% of energy use)",2021,59.4294514160438,,0
LKA,Sri Lanka,EG.IMP.CONS.ZS,"Energy imports, net (% of energy use)",2020,61.2324310033089,,0
LKA,Sri Lanka,EG.IMP.CONS.ZS,"Energy imports, net (% of energy use)",2018,68.5957112914027,,0
LKA,Sri Lanka,EG.IMP.CONS.ZS,"Energy imports, net (% of energy use)",2016,62.152495967884,,0
LKA,Sri Lanka,EG.IMP.CONS.ZS,"Energy imports, net (% of energy use)",2015,56.8569021007135,,0
LKA,Sri Lanka,EG.IMP.CONS.ZS,"Energy imports, net (% of energy use)",2014,58.7543860064217,,0
LKA,Sri Lanka,EG.IMP.CONS.ZS,"Energy imports, net (% of energy use)",2013,54.4646396877193,,0
LKA,Sri Lanka,EG.IMP.CONS.ZS,"Energy imports, net (% of energy use)",2011,54.489881448439,,0
LKA,Sri Lanka,EG.IMP.CONS.ZS,"Energy imports, net (% of energy use)",2010,41.9141227447428,,0
LKA,Sri Lanka,EG.IMP.CONS.ZS,"Energy imports, net (% of energy use)",2008,46.968593500478,,0
LKA,Sri Lanka,EG.IMP.CONS.ZS,"Energy imports, net (% of energy use)",2007,47.1411992263056,,0
LKA,Sri Lanka,EG.IMP.CONS.ZS,"Energy imports, net (% of energy use)",2006,46.4980462895278,,0
LKA,Sri Lanka,EG.IMP.CONS.ZS,"Energy imports, net (% of energy use)",2005,47.2704405185818,,0
LKA,Sri Lanka,EG.IMP.CONS.ZS,"Energy imports, net (% of energy use)",2004,46.0597357684405,,0
LKA,Sri Lanka,EG.IMP.CONS.ZS,"Energy imports, net (% of energy use)",2003,42.5901168548228,,0
LKA,Sri Lanka,EG.IMP.CONS.ZS,"Energy imports, net (% of energy use)",2002,48.16025450541,,0
LKA,Sri Lanka,EG.IMP.CONS.ZS,"Energy imports, net (% of energy use)",2001,44.5341450895572,,0
LKA,Sri Lanka,EG.IMP.CONS.ZS,"Energy imports, net (% of energy use)",2000,45.9375815653082,,0
LKA,Sri Lanka,EG.IMP.CONS.ZS,"Energy imports, net (% of energy use)",1999,42.6996000732884,,0
LKA,Sri Lanka,EG.IMP.CONS.ZS,"Energy imports, net (% of energy use)",1998,42.633203461013,,0
LKA,Sri Lanka,EG.IMP.CONS.ZS,"Energy imports, net (% of energy use)",1997,42.0407939316627,,0
LKA,Sri Lanka,EG.IMP.CONS.ZS,"Energy imports, net (% of energy use)",1996,41.5235956174237,,0
LKA,Sri Lanka,EG.IMP.CONS.ZS,"Energy imports, net (% of energy use)",1995,40.2403668338311,,0
LKA,Sri Lanka,EG.IMP.CONS.ZS,"Energy imports, net (% of energy use)",1994,36.2577132933453,,0
LKA,Sri Lanka,EG.IMP.CONS.ZS,"Energy imports, net (% of energy use)",1993,35.1166375582005,,0
LKA,Sri Lanka,EG.IMP.CONS.ZS,"Energy imports, net (% of energy use)",1992,30.1123044439641,,0
LKA,Sri Lanka,EG.IMP.CONS.ZS,"Energy imports, net (% of energy use)",1991,29.8891556810379,,0
LKA,Sri Lanka,EG.IMP.CONS.ZS,"Energy imports, net (% of energy use)",1990,30.8609799074383,,0
SDN,Sudan,EG.IMP.CONS.ZS,"Energy imports, net (% of energy use)",2022,18.8568106273271,,0
SDN,Sudan,EG.IMP.CONS.ZS,"Energy imports, net (% of energy use)",2021,20.8340135737109,,0
SDN,Sudan,EG.IMP.CONS.ZS,"Energy imports, net (% of energy use)",2020,17.6082280784264,,0
SDN,Sudan,EG.IMP.CONS.ZS,"Energy imports, net (% of energy use)",2019,15.6556362217394,,0
SDN,Sudan,EG.IMP.CONS.ZS,"Energy imports, net (% of energy use)",2018,16.2637280816053,,0
SDN,Sudan,EG.IMP.CONS.ZS,"Energy imports, net (% of energy use)",2017,9.25919849775117,,0
SDN,Sudan,EG.IMP.CONS.ZS,"Energy imports, net (% of energy use)",2016,5.67939640761852,,0
SDN,Sudan,EG.IMP.CONS.ZS,"Energy imports, net (% of energy use)",2015,4.16987024694937,,0
SDN,Sudan,EG.IMP.CONS.ZS,"Energy imports, net (% of energy use)",2014,2.03565335820073,,0
SDN,Sudan,EG.IMP.CONS.ZS,"Energy imports, net (% of energy use)",2013,1.1299043578599,,0
SDN,Sudan,EG.IMP.CONS.ZS,"Energy imports, net (% of energy use)",2012,-14.3355311743491,,0
SDN,Sudan,EG.IMP.CONS.ZS,"Energy imports, net (% of energy use)",2011,-104.2363703201,,0
SDN,Sudan,EG.IMP.CONS.ZS,"Energy imports, net (% of energy use)",2010,-121.692816693946,,0
SDN,Sudan,EG.IMP.CONS.ZS,"Energy imports, net (% of energy use)",2009,-110.749524446191,,0
SDN,Sudan,EG.IMP.CONS.ZS,"Energy imports, net (% of energy use)",2008,-113.858623798077,,0
SDN,Sudan,EG.IMP.CONS.ZS,"Energy imports, net (% of energy use)",2007,-122.936166379912,,0
SDN,Sudan,EG.IMP.CONS.ZS,"Energy imports, net (% of energy use)",2006,-78.908179108687,,0
SDN,Sudan,EG.IMP.CONS.ZS,"Energy imports, net (% of energy use)",2005,-77.1033476146435,,0
SDN,Sudan,EG.IMP.CONS.ZS,"Energy imports, net (% of energy use)",2004,-82.1178847134398,,0
SDN,Sudan,EG.IMP.CONS.ZS,"Energy imports, net (% of energy use)",2003,-71.9262674909031,,0
SDN,Sudan,EG.IMP.CONS.ZS,"Energy imports, net (% of energy use)",2002,-61.3908941056101,,0
SDN,Sudan,EG.IMP.CONS.ZS,"Energy imports, net (% of energy use)",2001,-55.999111795157,,0
SDN,Sudan,EG.IMP.CONS.ZS,"Energy imports, net (% of energy use)",2000,-49.2328772921099,,0
SDN,Sudan,EG.IMP.CONS.ZS,"Energy imports, net (% of energy use)",1999,-2.84274001658798,,0
SUR,Suriname,EG.IMP.CONS.ZS,"Energy imports, net (% of energy use)",2023,12.3045212170095,,0
SUR,Suriname,EG.IMP.CONS.ZS,"Energy imports, net (% of energy use)",2022,17.1005356316264,,0
SUR,Suriname,EG.IMP.CONS.ZS,"Energy imports, net (% of energy use)",2021,14.4862577357116,,0
SUR,Suriname,EG.IMP.CONS.ZS,"Energy imports, net (% of energy use)",2020,12.9074737206885,,0
SUR,Suriname,EG.IMP.CONS.ZS,"Energy imports, net (% of energy use)",2019,13.9687457287348,,0
SUR,Suriname,EG.IMP.CONS.ZS,"Energy imports, net (% of energy use)",2018,1.62601626016266,,0
SUR,Suriname,EG.IMP.CONS.ZS,"Energy imports, net (% of energy use)",2017,7.6422642638151,,0
SUR,Suriname,EG.IMP.CONS.ZS,"Energy imports, net (% of energy use)",2016,13.7920496485578,,0
SUR,Suriname,EG.IMP.CONS.ZS,"Energy imports, net (% of energy use)",2015,4.53007029419422,,0
SUR,Suriname,EG.IMP.CONS.ZS,"Energy imports, net (% of energy use)",2014,14.568951491063,,0
SUR,Suriname,EG.IMP.CONS.ZS,"Energy imports, net (% of energy use)",2013,9.55180014695067,,0
SUR,Suriname,EG.IMP.CONS.ZS,"Energy imports, net (% of energy use)",2012,-10.4772501729167,,0
SUR,Suriname,EG.IMP.CONS.ZS,"Energy imports, net (% of energy use)",2011,3.35415813191309,,0
SUR,Suriname,EG.IMP.CONS.ZS,"Energy imports, net (% of energy use)",2010,-19.3739152792955,,0
SUR,Suriname,EG.IMP.CONS.ZS,"Energy imports, net (% of energy use)",2009,-44.2464512231954,,0
SUR,Suriname,EG.IMP.CONS.ZS,"Energy imports, net (% of energy use)",2008,-45.5555555555555,,0
SUR,Suriname,EG.IMP.CONS.ZS,"Energy imports, net (% of energy use)",2007,-41.6207077009783,,0
SUR,Suriname,EG.IMP.CONS.ZS,"Energy imports, net (% of energy use)",2006,-20.4407265404129,,0
SUR,Suriname,EG.IMP.CONS.ZS,"Energy imports, net (% of energy use)",2005,-4.02644455234744,,0
SUR,Suriname,EG.IMP.CONS.ZS,"Energy imports, net (% of energy use)",2004,-14.9049982882574,,0
SUR,Suriname,EG.IMP.CONS.ZS,"Energy imports, net (% of energy use)",2003,-32.1544314499085,,0
SUR,Suriname,EG.IMP.CONS.ZS,"Energy imports, net (% of energy use)",2002,-48.5196465125569,,0
SUR,Suriname,EG.IMP.CONS.ZS,"Energy imports, net (% of energy use)",2001,-16.2588047345873,,0
SUR,Suriname,EG.IMP.CONS.ZS,"Energy imports, net (% of energy use)",2000,-17.4888419074465,,0
SWE,Sweden,EG.IMP.CONS.ZS,"Energy imports, net (% of energy use)",2023,27.7524049832745,,0
SWE,Sweden,EG.IMP.CONS.ZS,"Energy imports, net (% of energy use)",2022,28.6998914864254,,0
SWE,Sweden,EG.IMP.CONS.ZS,"Energy imports, net (% of energy use)",2021,22.5497844839512,,0
SWE,Sweden,EG.IMP.CONS.ZS,"Energy imports, net (% of energy use)",2020,34.4417513884611,,0
SWE,Sweden,EG.IMP.CONS.ZS,"Energy imports, net (% of energy use)",2019,32.0197034760007,,0
SWE,Sweden,EG.IMP.CONS.ZS,"Energy imports, net (% of energy use)",2018,30.7465687576629,,0
SWE,Sweden,EG.IMP.CONS.ZS,"Energy imports, net (% of energy use)",2017,28.6965231394653,,0
SWE,Sweden,EG.IMP.CONS.ZS,"Energy imports, net (% of energy use)",2016,35.3637060312274,,0
SWE,Sweden,EG.IMP.CONS.ZS,"Energy imports, net (% of energy use)",2015,32.883202401172,,0
SWE,Sweden,EG.IMP.CONS.ZS,"Energy imports, net (% of energy use)",2014,34.1036106348048,,0
SWE,Sweden,EG.IMP.CONS.ZS,"Energy imports, net (% of energy use)",2013,34.0046385923583,,0
SWE,Sweden,EG.IMP.CONS.ZS,"Energy imports, net (% of energy use)",2012,31.4711024148045,,0
SWE,Sweden,EG.IMP.CONS.ZS,"Energy imports, net (% of energy use)",2011,38.4576912510901,,0
SWE,Sweden,EG.IMP.CONS.ZS,"Energy imports, net (% of energy use)",2010,39.0838376725614,,0
SWE,Sweden,EG.IMP.CONS.ZS,"Energy imports, net (% of energy use)",2009,39.4899565134968,,0
SWE,Sweden,EG.IMP.CONS.ZS,"Energy imports, net (% of energy use)",2008,40.0701577104912,,0
SWE,Sweden,EG.IMP.CONS.ZS,"Energy imports, net (% of energy use)",2007,38.2973061041952,,0
SWE,Sweden,EG.IMP.CONS.ZS,"Energy imports, net (% of energy use)",2006,39.7943388512261,,0
SWE,Sweden,EG.IMP.CONS.ZS,"Energy imports, net (% of energy use)",2005,39.4564038962862,,0
SWE,Sweden,EG.IMP.CONS.ZS,"Energy imports, net (% of energy use)",2004,38.5714679773194,,0
SWE,Sweden,EG.IMP.CONS.ZS,"Energy imports, net (% of energy use)",2003,44.9097819511297,,0
SWE,Sweden,EG.IMP.CONS.ZS,"Energy imports, net (% of energy use)",2002,38.3978448691625,,0
SWE,Sweden,EG.IMP.CONS.ZS,"Energy imports, net (% of energy use)",2001,38.0106007366646,,0
SWE,Sweden,EG.IMP.CONS.ZS,"Energy imports, net (% of energy use)",2000,40.5018771943793,,0
SWE,Sweden,EG.IMP.CONS.ZS,"Energy imports, net (% of energy use)",1999,36.2688367660035,,0
SWE,Sweden,EG.IMP.CONS.ZS,"Energy imports, net (% of energy use)",1998,39.0022825979437,,0
SWE,Sweden,EG.IMP.CONS.ZS,"Energy imports, net (% of energy use)",1997,39.4704900081474,,0
SWE,Sweden,EG.IMP.CONS.ZS,"Energy imports, net (% of energy use)",1996,41.3658967810999,,0
SWE,Sweden,EG.IMP.CONS.ZS,"Energy imports, net (% of energy use)",1995,38.5976018629292,,0
SWE,Sweden,EG.IMP.CONS.ZS,"Energy imports, net (% of energy use)",1994,41.2720992742628,,0
SWE,Sweden,EG.IMP.CONS.ZS,"Energy imports, net (% of energy use)",1993,39.6434648490485,,0
SWE,Sweden,EG.IMP.CONS.ZS,"Energy imports, net (% of energy use)",1992,38.0461213006425,,0
SWE,Sweden,EG.IMP.CONS.ZS,"Energy imports, net (% of energy use)",1991,36.4009938509764,,0
SWE,Sweden,EG.IMP.CONS.ZS,"Energy imports, net (% of energy use)",1990,38.8700710791941,,0
CHE,Switzerland,EG.IMP.CONS.ZS,"Energy imports, net (% of energy use)",2023,51.7388257322457,,0
CHE,Switzerland,EG.IMP.CONS.ZS,"Energy imports, net (% of energy use)",2022,51.7338476414653,,0
CHE,Switzerland,EG.IMP.CONS.ZS,"Energy imports, net (% of energy use)",2021,52.4385530710634,,0
CHE,Switzerland,EG.IMP.CONS.ZS,"Energy imports, net (% of energy use)",2020,50.5326747611034,,0
CHE,Switzerland,EG.IMP.CONS.ZS,"Energy imports, net (% of energy use)",2019,55.4032199102169,,0
CHE,Switzerland,EG.IMP.CONS.ZS,"Energy imports, net (% of energy use)",2018,54.0396119765504,,0
CHE,Switzerland,EG.IMP.CONS.ZS,"Energy imports, net (% of energy use)",2017,60.5829805254047,,0
CHE,Switzerland,EG.IMP.CONS.ZS,"Energy imports, net (% of energy use)",2016,60.1477701954962,,0
CHE,Switzerland,EG.IMP.CONS.ZS,"Energy imports, net (% of energy use)",2015,56.4345660140979,,0
CHE,Switzerland,EG.IMP.CONS.ZS,"Energy imports, net (% of energy use)",2014,53.8501657501094,,0
CHE,Switzerland,EG.IMP.CONS.ZS,"Energy imports, net (% of energy use)",2013,57.3949322962644,,0
CHE,Switzerland,EG.IMP.CONS.ZS,"Energy imports, net (% of energy use)",2012,57.4193942756652,,0
CHE,Switzerland,EG.IMP.CONS.ZS,"Energy imports, net (% of energy use)",2011,57.080010476252,,0
CHE,Switzerland,EG.IMP.CONS.ZS,"Energy imports, net (% of energy use)",2010,57.4678038269866,,0
CHE,Switzerland,EG.IMP.CONS.ZS,"Energy imports, net (% of energy use)",2009,58.3544489948708,,0
CHE,Switzerland,EG.IMP.CONS.ZS,"Energy imports, net (% of energy use)",2008,58.0088052436606,,0
CHE,Switzerland,EG.IMP.CONS.ZS,"Energy imports, net (% of energy use)",2007,55.1951037752301,,0
CHE,Switzerland,EG.IMP.CONS.ZS,"Energy imports, net (% of energy use)",2006,59.8563575777937,,0
CHE,Switzerland,EG.IMP.CONS.ZS,"Energy imports, net (% of energy use)",2005,63.0555300995931,,0
CHE,Switzerland,EG.IMP.CONS.ZS,"Energy imports, net (% of energy use)",2004,58.5480119533056,,0
CHE,Switzerland,EG.IMP.CONS.ZS,"Energy imports, net (% of energy use)",2003,57.1442553714071,,0
CHE,Switzerland,EG.IMP.CONS.ZS,"Energy imports, net (% of energy use)",2002,58.5210326412354,,0
CHE,Switzerland,EG.IMP.CONS.ZS,"Energy imports, net (% of energy use)",2001,57.876085415359,,0
CHE,Switzerland,EG.IMP.CONS.ZS,"Energy imports, net (% of energy use)",2000,56.6945528445147,,0
CHE,Switzerland,EG.IMP.CONS.ZS,"Energy imports, net (% of energy use)",1999,55.9356786011656,,0
CHE,Switzerland,EG.IMP.CONS.ZS,"Energy imports, net (% of energy use)",1998,61.2042051548407,,0
CHE,Switzerland,EG.IMP.CONS.ZS,"Energy imports, net (% of energy use)",1997,59.6889775484564,,0
CHE,Switzerland,EG.IMP.CONS.ZS,"Energy imports, net (% of energy use)",1996,61.3574133240404,,0
CHE,Switzerland,EG.IMP.CONS.ZS,"Energy imports, net (% of energy use)",1995,57.3959634475053,,0
CHE,Switzerland,EG.IMP.CONS.ZS,"Energy imports, net (% of energy use)",1994,56.6550310826975,,0
CHE,Switzerland,EG.IMP.CONS.ZS,"Energy imports, net (% of energy use)",1993,56.4429888787747,,0
CHE,Switzerland,EG.IMP.CONS.ZS,"Energy imports, net (% of energy use)",1992,60.6519760132937,,0
CHE,Switzerland,EG.IMP.CONS.ZS,"Energy imports, net (% of energy use)",1991,61.2340382635801,,0
CHE,Switzerland,EG.IMP.CONS.ZS,"Energy imports, net (% of energy use)",1990,61.6878851879384,,0
SYR,Syrian Arab Republic,EG.IMP.CONS.ZS,"Energy imports, net (% of energy use)",2022,61.2715018609797,,0
SYR,Syrian Arab Republic,EG.IMP.CONS.ZS,"Energy imports, net (% of energy use)",2021,58.2761529934976,,0
SYR,Syrian Arab Republic,EG.IMP.CONS.ZS,"Energy imports, net (% of energy use)",2020,60.118774577698,,0
SYR,Syrian Arab Republic,EG.IMP.CONS.ZS,"Energy imports, net (% of energy use)",2019,63.0987568782749,,0
SYR,Syrian Arab Republic,EG.IMP.CONS.ZS,"Energy imports, net (% of energy use)",2018,65.508508736571,,0
SYR,Syrian Arab Republic,EG.IMP.CONS.ZS,"Energy imports, net (% of energy use)",2017,66.5153610918997,,0
SYR,Syrian Arab Republic,EG.IMP.CONS.ZS,"Energy imports, net (% of energy use)",2016,61.7432391534368,,0
SYR,Syrian Arab Republic,EG.IMP.CONS.ZS,"Energy imports, net (% of energy use)",2015,59.6837060352488,,0
SYR,Syrian Arab Republic,EG.IMP.CONS.ZS,"Energy imports, net (% of energy use)",2014,57.9285386226465,,0
SYR,Syrian Arab Republic,EG.IMP.CONS.ZS,"Energy imports, net (% of energy use)",2013,43.0564205248677,,0
SYR,Syrian Arab Republic,EG.IMP.CONS.ZS,"Energy imports, net (% of energy use)",2012,15.5002349221028,,0
SYR,Syrian Arab Republic,EG.IMP.CONS.ZS,"Energy imports, net (% of energy use)",2011,-13.9866171690521,,0
SYR,Syrian Arab Republic,EG.IMP.CONS.ZS,"Energy imports, net (% of energy use)",2010,-20.1756300853343,,0
SYR,Syrian Arab Republic,EG.IMP.CONS.ZS,"Energy imports, net (% of energy use)",2009,-11.945458122647,,0
SYR,Syrian Arab Republic,EG.IMP.CONS.ZS,"Energy imports, net (% of energy use)",2008,-5.4614244060833,,0
SYR,Syrian Arab Republic,EG.IMP.CONS.ZS,"Energy imports, net (% of energy use)",2007,-4.18105125925176,,0
SYR,Syrian Arab Republic,EG.IMP.CONS.ZS,"Energy imports, net (% of energy use)",2006,-8.17741789459506,,0
SYR,Syrian Arab Republic,EG.IMP.CONS.ZS,"Energy imports, net (% of energy use)",2005,-33.804203257766,,0
SYR,Syrian Arab Republic,EG.IMP.CONS.ZS,"Energy imports, net (% of energy use)",2004,-68.4837962483374,,0
SYR,Syrian Arab Republic,EG.IMP.CONS.ZS,"Energy imports, net (% of energy use)",2003,-109.608941611897,,0
SYR,Syrian Arab Republic,EG.IMP.CONS.ZS,"Energy imports, net (% of energy use)",2002,-153.82476084364,,0
SYR,Syrian Arab Republic,EG.IMP.CONS.ZS,"Energy imports, net (% of energy use)",2001,-133.381463032322,,0
SYR,Syrian Arab Republic,EG.IMP.CONS.ZS,"Energy imports, net (% of energy use)",2000,-115.269767542544,,0
SYR,Syrian Arab Republic,EG.IMP.CONS.ZS,"Energy imports, net (% of energy use)",1999,-124.350412576844,,0
SYR,Syrian Arab Republic,EG.IMP.CONS.ZS,"Energy imports, net (% of energy use)",1998,-118.389677076511,,0
SYR,Syrian Arab Republic,EG.IMP.CONS.ZS,"Energy imports, net (% of energy use)",1997,-136.715405149402,,0
SYR,Syrian Arab Republic,EG.IMP.CONS.ZS,"Energy imports, net (% of energy use)",1996,-147.761277763129,,0
SYR,Syrian Arab Republic,EG.IMP.CONS.ZS,"Energy imports, net (% of energy use)",1995,-161.386216809616,,0
SYR,Syrian Arab Republic,EG.IMP.CONS.ZS,"Energy imports, net (% of energy use)",1994,-162.586424715746,,0
SYR,Syrian Arab Republic,EG.IMP.CONS.ZS,"Energy imports, net (% of energy use)",1993,-145.640161930617,,0
SYR,Syrian Arab Republic,EG.IMP.CONS.ZS,"Energy imports, net (% of energy use)",1992,-138.83897189733,,0
SYR,Syrian Arab Republic,EG.IMP.CONS.ZS,"Energy imports, net (% of energy use)",1991,-125.347822352391,,0
SYR,Syrian Arab Republic,EG.IMP.CONS.ZS,"Energy imports, net (% of energy use)",1990,-106.401929730075,,0
TJK,Tajikistan,EG.IMP.CONS.ZS,"Energy imports, net (% of energy use)",2022,28.045014066896,,0
TJK,Tajikistan,EG.IMP.CONS.ZS,"Energy imports, net (% of energy use)",2021,30.3959131545337,,0
TJK,Tajikistan,EG.IMP.CONS.ZS,"Energy imports, net (% of energy use)",2020,31.8478778741541,,0
TJK,Tajikistan,EG.IMP.CONS.ZS,"Energy imports, net (% of energy use)",2019,28.4363361069615,,0
TJK,Tajikistan,EG.IMP.CONS.ZS,"Energy imports, net (% of energy use)",2018,25.2206707209068,,0
TJK,Tajikistan,EG.IMP.CONS.ZS,"Energy imports, net (% of energy use)",2017,24.1780734297045,,0
TJK,Tajikistan,EG.IMP.CONS.ZS,"Energy imports, net (% of energy use)",2016,29.6614364203336,,0
TJK,Tajikistan,EG.IMP.CONS.ZS,"Energy imports, net (% of energy use)",2015,31.0273372811847,,0
TJK,Tajikistan,EG.IMP.CONS.ZS,"Energy imports, net (% of energy use)",2014,32.1115058553733,,0
TJK,Tajikistan,EG.IMP.CONS.ZS,"Energy imports, net (% of energy use)",2013,27.9862518016792,,0
TJK,Tajikistan,EG.IMP.CONS.ZS,"Energy imports, net (% of energy use)",2012,29.9765500232478,,0
TJK,Tajikistan,EG.IMP.CONS.ZS,"Energy imports, net (% of energy use)",2011,30.9671063433857,,0
TJK,Tajikistan,EG.IMP.CONS.ZS,"Energy imports, net (% of energy use)",2010,30.4959711945902,,0
TJK,Tajikistan,EG.IMP.CONS.ZS,"Energy imports, net (% of energy use)",2009,31.0954776121077,,0
TJK,Tajikistan,EG.IMP.CONS.ZS,"Energy imports, net (% of energy use)",2008,40.6079956390964,,0
TJK,Tajikistan,EG.IMP.CONS.ZS,"Energy imports, net (% of energy use)",2007,39.3868383272357,,0
TJK,Tajikistan,EG.IMP.CONS.ZS,"Energy imports, net (% of energy use)",2006,37.8959768749505,,0
TJK,Tajikistan,EG.IMP.CONS.ZS,"Energy imports, net (% of energy use)",2005,34.4248239256914,,0
TJK,Tajikistan,EG.IMP.CONS.ZS,"Energy imports, net (% of energy use)",2004,36.6483292583539,,0
TJK,Tajikistan,EG.IMP.CONS.ZS,"Energy imports, net (% of energy use)",2003,32.56065046383,,0
TJK,Tajikistan,EG.IMP.CONS.ZS,"Energy imports, net (% of energy use)",2002,36.2675858661848,,0
TJK,Tajikistan,EG.IMP.CONS.ZS,"Energy imports, net (% of energy use)",2001,39.4519591390824,,0
TJK,Tajikistan,EG.IMP.CONS.ZS,"Energy imports, net (% of energy use)",2000,41.3030670209098,,0
TJK,Tajikistan,EG.IMP.CONS.ZS,"Energy imports, net (% of energy use)",1999,38.4759851888212,,0
TJK,Tajikistan,EG.IMP.CONS.ZS,"Energy imports, net (% of energy use)",1998,43.8590347637846,,0
TJK,Tajikistan,EG.IMP.CONS.ZS,"Energy imports, net (% of energy use)",1997,42.1305696244893,,0
TJK,Tajikistan,EG.IMP.CONS.ZS,"Energy imports, net (% of energy use)",1996,37.5454474699518,,0
TJK,Tajikistan,EG.IMP.CONS.ZS,"Energy imports, net (% of energy use)",1995,40.5141967688261,,0
TJK,Tajikistan,EG.IMP.CONS.ZS,"Energy imports, net (% of energy use)",1994,38.4231393216791,,0
TJK,Tajikistan,EG.IMP.CONS.ZS,"Energy imports, net (% of energy use)",1993,48.0968577907352,,0
TJK,Tajikistan,EG.IMP.CONS.ZS,"Energy imports, net (% of energy use)",1992,58.8033872706416,,0
TJK,Tajikistan,EG.IMP.CONS.ZS,"Energy imports, net (% of energy use)",1991,64.1465620378134,,0
TJK,Tajikistan,EG.IMP.CONS.ZS,"Energy imports, net (% of energy use)",1990,62.1311254106106,,0
TZA,Tanzania,EG.IMP.CONS.ZS,"Energy imports, net (% of energy use)",2022,12.9338562520213,,0
TZA,Tanzania,EG.IMP.CONS.ZS,"Energy imports, net (% of energy use)",2021,13.7175290346047,,0
TZA,Tanzania,EG.IMP.CONS.ZS,"Energy imports, net (% of energy use)",2020,12.9523057284495,,0
TZA,Tanzania,EG.IMP.CONS.ZS,"Energy imports, net (% of energy use)",2019,13.1368354638669,,0
TZA,Tanzania,EG.IMP.CONS.ZS,"Energy imports, net (% of energy use)",2018,12.790612470264,,0
TZA,Tanzania,EG.IMP.CONS.ZS,"Energy imports, net (% of energy use)",2017,12.9016480033805,,0
TZA,Tanzania,EG.IMP.CONS.ZS,"Energy imports, net (% of energy use)",2016,14.0791264686853,,0
TZA,Tanzania,EG.IMP.CONS.ZS,"Energy imports, net (% of energy use)",2015,14.637670854505,,0
TZA,Tanzania,EG.IMP.CONS.ZS,"Energy imports, net (% of energy use)",2014,13.0339917186018,,0
TZA,Tanzania,EG.IMP.CONS.ZS,"Energy imports, net (% of energy use)",2013,14.0498067023442,,0
TZA,Tanzania,EG.IMP.CONS.ZS,"Energy imports, net (% of energy use)",2012,13.130326525429,,0
TZA,Tanzania,EG.IMP.CONS.ZS,"Energy imports, net (% of energy use)",1999,5.93445543590953,,0
TZA,Tanzania,EG.IMP.CONS.ZS,"Energy imports, net (% of energy use)",1998,7.13615042152883,,0
TZA,Tanzania,EG.IMP.CONS.ZS,"Energy imports, net (% of energy use)",1997,8.35462615733382,,0
TZA,Tanzania,EG.IMP.CONS.ZS,"Energy imports, net (% of energy use)",1996,8.78796448649391,,0
TZA,Tanzania,EG.IMP.CONS.ZS,"Energy imports, net (% of energy use)",1995,9.5139577847295,,0
TZA,Tanzania,EG.IMP.CONS.ZS,"Energy imports, net (% of energy use)",1994,7.06795831363892,,0
TZA,Tanzania,EG.IMP.CONS.ZS,"Energy imports, net (% of energy use)",1993,8.42417009481489,,0
TZA,Tanzania,EG.IMP.CONS.ZS,"Energy imports, net (% of energy use)",1992,8.45475990187832,,0
TZA,Tanzania,EG.IMP.CONS.ZS,"Energy imports, net (% of energy use)",1991,9.62930941316329,,0
TZA,Tanzania,EG.IMP.CONS.ZS,"Energy imports, net (% of energy use)",1990,9.94701007424752,,0
THA,Thailand,EG.IMP.CONS.ZS,"Energy imports, net (% of energy use)",2023,57.5142566317877,,0
THA,Thailand,EG.IMP.CONS.ZS,"Energy imports, net (% of energy use)",2022,57.1245185678327,,0
THA,Thailand,EG.IMP.CONS.ZS,"Energy imports, net (% of energy use)",2021,53.4974617478355,,0
THA,Thailand,EG.IMP.CONS.ZS,"Energy imports, net (% of energy use)",2020,51.2390033904315,,0
THA,Thailand,EG.IMP.CONS.ZS,"Energy imports, net (% of energy use)",2019,48.6312117750796,,0
THA,Thailand,EG.IMP.CONS.ZS,"Energy imports, net (% of energy use)",2018,51.1007781069847,,0
THA,Thailand,EG.IMP.CONS.ZS,"Energy imports, net (% of energy use)",2017,47.6577862985132,,0
THA,Thailand,EG.IMP.CONS.ZS,"Energy imports, net (% of energy use)",2016,45.7149338923838,,0
THA,Thailand,EG.IMP.CONS.ZS,"Energy imports, net (% of energy use)",2015,46.3193962539699,,0
THA,Thailand,EG.IMP.CONS.ZS,"Energy imports, net (% of energy use)",2014,44.024030705902,,0
THA,Thailand,EG.IMP.CONS.ZS,"Energy imports, net (% of energy use)",2013,43.0405417053826,,0
THA,Thailand,EG.IMP.CONS.ZS,"Energy imports, net (% of energy use)",2012,43.6825522470004,,0
THA,Thailand,EG.IMP.CONS.ZS,"Energy imports, net (% of energy use)",2011,44.4812321023071,,0
THA,Thailand,EG.IMP.CONS.ZS,"Energy imports, net (% of energy use)",2010,43.659469263271,,0
THA,Thailand,EG.IMP.CONS.ZS,"Energy imports, net (% of energy use)",2009,44.6820782033473,,0
THA,Thailand,EG.IMP.CONS.ZS,"Energy imports, net (% of energy use)",2008,44.1134208342255,,0
THA,Thailand,EG.IMP.CONS.ZS,"Energy imports, net (% of energy use)",2007,46.3873326792832,,0
THA,Thailand,EG.IMP.CONS.ZS,"Energy imports, net (% of energy use)",2006,47.2099671270942,,0
THA,Thailand,EG.IMP.CONS.ZS,"Energy imports, net (% of energy use)",2005,48.0652759811039,,0
THA,Thailand,EG.IMP.CONS.ZS,"Energy imports, net (% of energy use)",2004,50.592533714573,,0
THA,Thailand,EG.IMP.CONS.ZS,"Energy imports, net (% of energy use)",2003,47.9668949890537,,0
THA,Thailand,EG.IMP.CONS.ZS,"Energy imports, net (% of energy use)",2002,46.9962899893864,,0
THA,Thailand,EG.IMP.CONS.ZS,"Energy imports, net (% of energy use)",2001,46.5617427146413,,0
THA,Thailand,EG.IMP.CONS.ZS,"Energy imports, net (% of energy use)",2000,44.1327960543727,,0
THA,Thailand,EG.IMP.CONS.ZS,"Energy imports, net (% of energy use)",1999,45.0485136855656,,0
THA,Thailand,EG.IMP.CONS.ZS,"Energy imports, net (% of energy use)",1998,44.8577620734337,,0
THA,Thailand,EG.IMP.CONS.ZS,"Energy imports, net (% of energy use)",1997,48.585108079236,,0
THA,Thailand,EG.IMP.CONS.ZS,"Energy imports, net (% of energy use)",1996,52.6613330329243,,0
THA,Thailand,EG.IMP.CONS.ZS,"Energy imports, net (% of energy use)",1995,51.5901897427606,,0
THA,Thailand,EG.IMP.CONS.ZS,"Energy imports, net (% of energy use)",1994,49.285609924473,,0
THA,Thailand,EG.IMP.CONS.ZS,"Energy imports, net (% of energy use)",1993,47.8528606622158,,0
THA,Thailand,EG.IMP.CONS.ZS,"Energy imports, net (% of energy use)",1992,42.753324336658,,0
THA,Thailand,EG.IMP.CONS.ZS,"Energy imports, net (% of energy use)",1991,39.4279773841123,,0
THA,Thailand,EG.IMP.CONS.ZS,"Energy imports, net (% of energy use)",1990,42.0993535120212,,0
TGO,Togo,EG.IMP.CONS.ZS,"Energy imports, net (% of energy use)",2018,18.0403993498955,,0
TGO,Togo,EG.IMP.CONS.ZS,"Energy imports, net (% of energy use)",2017,15.1421966166379,,0
TTO,Trinidad and Tobago,EG.IMP.CONS.ZS,"Energy imports, net (% of energy use)",2022,-75.4573322877313,,0
TTO,Trinidad and Tobago,EG.IMP.CONS.ZS,"Energy imports, net (% of energy use)",2021,-66.6623603025868,,0
TTO,Trinidad and Tobago,EG.IMP.CONS.ZS,"Energy imports, net (% of energy use)",2020,-98.1954799115316,,0
TTO,Trinidad and Tobago,EG.IMP.CONS.ZS,"Energy imports, net (% of energy use)",2019,-99.9829642962366,,0
TTO,Trinidad and Tobago,EG.IMP.CONS.ZS,"Energy imports, net (% of energy use)",2018,-98.612004910146,,0
TTO,Trinidad and Tobago,EG.IMP.CONS.ZS,"Energy imports, net (% of energy use)",2017,-89.0427720674429,,0
TTO,Trinidad and Tobago,EG.IMP.CONS.ZS,"Energy imports, net (% of energy use)",2016,-87.8494512172291,,0
TTO,Trinidad and Tobago,EG.IMP.CONS.ZS,"Energy imports, net (% of energy use)",2015,-90.9862083304454,,0
TTO,Trinidad and Tobago,EG.IMP.CONS.ZS,"Energy imports, net (% of energy use)",2014,-99.5661133427134,,0
TTO,Trinidad and Tobago,EG.IMP.CONS.ZS,"Energy imports, net (% of energy use)",2013,-103.14765731449,,0
TTO,Trinidad and Tobago,EG.IMP.CONS.ZS,"Energy imports, net (% of energy use)",2012,-103.3302078276,,0
TTO,Trinidad and Tobago,EG.IMP.CONS.ZS,"Energy imports, net (% of energy use)",2011,-102.189632394827,,0
TTO,Trinidad and Tobago,EG.IMP.CONS.ZS,"Energy imports, net (% of energy use)",2010,-111.994535321279,,0
TTO,Trinidad and Tobago,EG.IMP.CONS.ZS,"Energy imports, net (% of energy use)",2009,-119.025874603737,,0
TTO,Trinidad and Tobago,EG.IMP.CONS.ZS,"Energy imports, net (% of energy use)",2008,-116.004076290009,,0
TTO,Trinidad and Tobago,EG.IMP.CONS.ZS,"Energy imports, net (% of energy use)",2007,-110.394540973968,,0
TTO,Trinidad and Tobago,EG.IMP.CONS.ZS,"Energy imports, net (% of energy use)",2006,-120.313269759775,,0
TTO,Trinidad and Tobago,EG.IMP.CONS.ZS,"Energy imports, net (% of energy use)",2005,-109.991519772593,,0
TTO,Trinidad and Tobago,EG.IMP.CONS.ZS,"Energy imports, net (% of energy use)",2004,-126.052808671929,,0
TTO,Trinidad and Tobago,EG.IMP.CONS.ZS,"Energy imports, net (% of energy use)",2003,-117.110499741525,,0
TTO,Trinidad and Tobago,EG.IMP.CONS.ZS,"Energy imports, net (% of energy use)",2002,-86.142229473017,,0
TTO,Trinidad and Tobago,EG.IMP.CONS.ZS,"Energy imports, net (% of energy use)",2001,-73.9614942379677,,0
TTO,Trinidad and Tobago,EG.IMP.CONS.ZS,"Energy imports, net (% of energy use)",2000,-85.3900749882344,,0
TTO,Trinidad and Tobago,EG.IMP.CONS.ZS,"Energy imports, net (% of energy use)",1999,-68.8660816639163,,0
TTO,Trinidad and Tobago,EG.IMP.CONS.ZS,"Energy imports, net (% of energy use)",1998,-69.0743446397378,,0
TTO,Trinidad and Tobago,EG.IMP.CONS.ZS,"Energy imports, net (% of energy use)",1997,-65.7598298343654,,0
TTO,Trinidad and Tobago,EG.IMP.CONS.ZS,"Energy imports, net (% of energy use)",1996,-69.8075330117429,,0
TTO,Trinidad and Tobago,EG.IMP.CONS.ZS,"Energy imports, net (% of energy use)",1995,-103.840565246896,,0
TTO,Trinidad and Tobago,EG.IMP.CONS.ZS,"Energy imports, net (% of energy use)",1994,-99.4955936920222,,0
TTO,Trinidad and Tobago,EG.IMP.CONS.ZS,"Energy imports, net (% of energy use)",1993,-90.7420325751282,,0
TTO,Trinidad and Tobago,EG.IMP.CONS.ZS,"Energy imports, net (% of energy use)",1992,-86.9061785899411,,0
TTO,Trinidad and Tobago,EG.IMP.CONS.ZS,"Energy imports, net (% of energy use)",1991,-99.2564115940401,,0
TTO,Trinidad and Tobago,EG.IMP.CONS.ZS,"Energy imports, net (% of energy use)",1990,-106.644518272425,,0
TUN,Tunisia,EG.IMP.CONS.ZS,"Energy imports, net (% of energy use)",2022,53.1400289008402,,0
TUN,Tunisia,EG.IMP.CONS.ZS,"Energy imports, net (% of energy use)",2021,53.3071890588679,,0
TUN,Tunisia,EG.IMP.CONS.ZS,"Energy imports, net (% of energy use)",2020,55.3236177550338,,0
TUN,Tunisia,EG.IMP.CONS.ZS,"Energy imports, net (% of energy use)",2019,57.8401377816142,,0
TUN,Tunisia,EG.IMP.CONS.ZS,"Energy imports, net (% of energy use)",2018,54.4610762827666,,0
TUN,Tunisia,EG.IMP.CONS.ZS,"Energy imports, net (% of energy use)",2017,52.3621384277953,,0
TUN,Tunisia,EG.IMP.CONS.ZS,"Energy imports, net (% of energy use)",2016,47.5548046077732,,0
TUN,Tunisia,EG.IMP.CONS.ZS,"Energy imports, net (% of energy use)",2015,45.1826044906527,,0
TUN,Tunisia,EG.IMP.CONS.ZS,"Energy imports, net (% of energy use)",2014,39.1507232851142,,0
TUN,Tunisia,EG.IMP.CONS.ZS,"Energy imports, net (% of energy use)",2013,33.2000054980551,,0
TUN,Tunisia,EG.IMP.CONS.ZS,"Energy imports, net (% of energy use)",2012,29.3821994901611,,0
TUN,Tunisia,EG.IMP.CONS.ZS,"Energy imports, net (% of energy use)",2011,25.5655833709984,,0
TUN,Tunisia,EG.IMP.CONS.ZS,"Energy imports, net (% of energy use)",2010,20.1327808535579,,0
TUN,Tunisia,EG.IMP.CONS.ZS,"Energy imports, net (% of energy use)",2009,19.0684187056851,,0
TUN,Tunisia,EG.IMP.CONS.ZS,"Energy imports, net (% of energy use)",2008,23.5144207019722,,0
TUN,Tunisia,EG.IMP.CONS.ZS,"Energy imports, net (% of energy use)",2007,15.4379651720393,,0
TUN,Tunisia,EG.IMP.CONS.ZS,"Energy imports, net (% of energy use)",2006,27.2510212379287,,0
TUN,Tunisia,EG.IMP.CONS.ZS,"Energy imports, net (% of energy use)",2005,21.2480683835315,,0
TUN,Tunisia,EG.IMP.CONS.ZS,"Energy imports, net (% of energy use)",2004,23.5584113600062,,0
TUN,Tunisia,EG.IMP.CONS.ZS,"Energy imports, net (% of energy use)",2003,24.9047286141397,,0
TUN,Tunisia,EG.IMP.CONS.ZS,"Energy imports, net (% of energy use)",2002,20.1938358843954,,0
TUN,Tunisia,EG.IMP.CONS.ZS,"Energy imports, net (% of energy use)",2001,21.3593976952117,,0
TUN,Tunisia,EG.IMP.CONS.ZS,"Energy imports, net (% of energy use)",2000,11.1338474060466,,0
TUN,Tunisia,EG.IMP.CONS.ZS,"Energy imports, net (% of energy use)",1999,8.51106353572454,,0
TUN,Tunisia,EG.IMP.CONS.ZS,"Energy imports, net (% of energy use)",1998,-0.927893890956605,,0
TUN,Tunisia,EG.IMP.CONS.ZS,"Energy imports, net (% of energy use)",1997,0.578945761521639,,0
TUN,Tunisia,EG.IMP.CONS.ZS,"Energy imports, net (% of energy use)",1996,-0.535727640948281,,0
TUN,Tunisia,EG.IMP.CONS.ZS,"Energy imports, net (% of energy use)",1995,2.06217804183599,,0
TUN,Tunisia,EG.IMP.CONS.ZS,"Energy imports, net (% of energy use)",1994,4.37592719150572,,0
TUN,Tunisia,EG.IMP.CONS.ZS,"Energy imports, net (% of energy use)",1993,-6.90312119983788,,0
TUN,Tunisia,EG.IMP.CONS.ZS,"Energy imports, net (% of energy use)",1992,-25.7242056533633,,0
TUN,Tunisia,EG.IMP.CONS.ZS,"Energy imports, net (% of energy use)",1991,-31.4563031068256,,0
TUN,Tunisia,EG.IMP.CONS.ZS,"Energy imports, net (% of energy use)",1990,-17.5288937809576,,0
TUR,Turkiye,EG.IMP.CONS.ZS,"Energy imports, net (% of energy use)",2023,71.9928600541247,,0
TUR,Turkiye,EG.IMP.CONS.ZS,"Energy imports, net (% of energy use)",2022,72.704129716299,,0
TUR,Turkiye,EG.IMP.CONS.ZS,"Energy imports, net (% of energy use)",2021,72.1247121502374,,0
TUR,Turkiye,EG.IMP.CONS.ZS,"Energy imports, net (% of energy use)",2020,71.3330026792086,,0
TUR,Turkiye,EG.IMP.CONS.ZS,"Energy imports, net (% of energy use)",2019,72.1973632944636,,0
TUR,Turkiye,EG.IMP.CONS.ZS,"Energy imports, net (% of energy use)",2018,75.8316479912546,,0
TUR,Turkiye,EG.IMP.CONS.ZS,"Energy imports, net (% of energy use)",2017,79.1725104847079,,0
TUR,Turkiye,EG.IMP.CONS.ZS,"Energy imports, net (% of energy use)",2016,77.2878181142887,,0
TUR,Turkiye,EG.IMP.CONS.ZS,"Energy imports, net (% of energy use)",2015,80.4443196769827,,0
TUR,Turkiye,EG.IMP.CONS.ZS,"Energy imports, net (% of energy use)",2014,78.733472872237,,0
TUR,Turkiye,EG.IMP.CONS.ZS,"Energy imports, net (% of energy use)",2013,76.7082026488658,,0
TUR,Turkiye,EG.IMP.CONS.ZS,"Energy imports, net (% of energy use)",2012,76.5045153451191,,0
TUR,Turkiye,EG.IMP.CONS.ZS,"Energy imports, net (% of energy use)",2011,72.3455243356568,,0
TUR,Turkiye,EG.IMP.CONS.ZS,"Energy imports, net (% of energy use)",2010,71.8113675930831,,0
TUR,Turkiye,EG.IMP.CONS.ZS,"Energy imports, net (% of energy use)",2009,71.5993831278916,,0
TUR,Turkiye,EG.IMP.CONS.ZS,"Energy imports, net (% of energy use)",2008,73.6741545438837,,0
TUR,Turkiye,EG.IMP.CONS.ZS,"Energy imports, net (% of energy use)",2007,75.5977950715525,,0
TUR,Turkiye,EG.IMP.CONS.ZS,"Energy imports, net (% of energy use)",2006,74.1979484170948,,0
TUR,Turkiye,EG.IMP.CONS.ZS,"Energy imports, net (% of energy use)",2005,73.6048165950947,,0
TUR,Turkiye,EG.IMP.CONS.ZS,"Energy imports, net (% of energy use)",2004,71.9972658232343,,0
TUR,Turkiye,EG.IMP.CONS.ZS,"Energy imports, net (% of energy use)",2003,71.8014634682364,,0
TUR,Turkiye,EG.IMP.CONS.ZS,"Energy imports, net (% of energy use)",2002,68.8098367142749,,0
TUR,Turkiye,EG.IMP.CONS.ZS,"Energy imports, net (% of energy use)",2001,65.3827730782475,,0
TUR,Turkiye,EG.IMP.CONS.ZS,"Energy imports, net (% of energy use)",2000,66.4118980253342,,0
TUR,Turkiye,EG.IMP.CONS.ZS,"Energy imports, net (% of energy use)",1999,61.4495154493949,,0
TUR,Turkiye,EG.IMP.CONS.ZS,"Energy imports, net (% of energy use)",1998,60.6476962338191,,0
TUR,Turkiye,EG.IMP.CONS.ZS,"Energy imports, net (% of energy use)",1997,60.6504056689215,,0
TUR,Turkiye,EG.IMP.CONS.ZS,"Energy imports, net (% of energy use)",1996,60.941078073726,,0
TUR,Turkiye,EG.IMP.CONS.ZS,"Energy imports, net (% of energy use)",1995,59.6789685074913,,0
TUR,Turkiye,EG.IMP.CONS.ZS,"Energy imports, net (% of energy use)",1994,56.176441813404,,0
TUR,Turkiye,EG.IMP.CONS.ZS,"Energy imports, net (% of energy use)",1993,55.7314590016072,,0
TUR,Turkiye,EG.IMP.CONS.ZS,"Energy imports, net (% of energy use)",1992,50.8209591000614,,0
TUR,Turkiye,EG.IMP.CONS.ZS,"Energy imports, net (% of energy use)",1991,48.2292355352387,,0
TUR,Turkiye,EG.IMP.CONS.ZS,"Energy imports, net (% of energy use)",1990,54.0052424700438,,0
TKM,Turkmenistan,EG.IMP.CONS.ZS,"Energy imports, net (% of energy use)",2022,-109.777211443604,,0
TKM,Turkmenistan,EG.IMP.CONS.ZS,"Energy imports, net (% of energy use)",2021,-114.799527217808,,0
TKM,Turkmenistan,EG.IMP.CONS.ZS,"Energy imports, net (% of energy use)",2020,-228.307462499266,,0
TKM,Turkmenistan,EG.IMP.CONS.ZS,"Energy imports, net (% of energy use)",2019,-242.606816871905,,0
TKM,Turkmenistan,EG.IMP.CONS.ZS,"Energy imports, net (% of energy use)",2018,-246.805374383112,,0
TKM,Turkmenistan,EG.IMP.CONS.ZS,"Energy imports, net (% of energy use)",2017,-230.67380495554,,0
TKM,Turkmenistan,EG.IMP.CONS.ZS,"Energy imports, net (% of energy use)",2016,-236.063033970097,,0
TKM,Turkmenistan,EG.IMP.CONS.ZS,"Energy imports, net (% of energy use)",2015,-249.248057438709,,0
TKM,Turkmenistan,EG.IMP.CONS.ZS,"Energy imports, net (% of energy use)",2014,-239.458327536848,,0
TKM,Turkmenistan,EG.IMP.CONS.ZS,"Energy imports, net (% of energy use)",2013,-223.974464898393,,0
TKM,Turkmenistan,EG.IMP.CONS.ZS,"Energy imports, net (% of energy use)",2012,-174.894150747988,,0
TKM,Turkmenistan,EG.IMP.CONS.ZS,"Energy imports, net (% of energy use)",2011,-163.934113302291,,0
TKM,Turkmenistan,EG.IMP.CONS.ZS,"Energy imports, net (% of energy use)",2010,-105.87146132324,,0
TKM,Turkmenistan,EG.IMP.CONS.ZS,"Energy imports, net (% of energy use)",2009,-104.281485128895,,0
TKM,Turkmenistan,EG.IMP.CONS.ZS,"Energy imports, net (% of energy use)",2008,-198.588094349214,,0
TKM,Turkmenistan,EG.IMP.CONS.ZS,"Energy imports, net (% of energy use)",2007,-256.628846660806,,0
TKM,Turkmenistan,EG.IMP.CONS.ZS,"Energy imports, net (% of energy use)",2006,-224.484054948309,,0
TKM,Turkmenistan,EG.IMP.CONS.ZS,"Energy imports, net (% of energy use)",2005,-240.600934746004,,0
TKM,Turkmenistan,EG.IMP.CONS.ZS,"Energy imports, net (% of energy use)",2004,-215.214332675018,,0
TKM,Turkmenistan,EG.IMP.CONS.ZS,"Energy imports, net (% of energy use)",2003,-279.511713707768,,0
TKM,Turkmenistan,EG.IMP.CONS.ZS,"Energy imports, net (% of energy use)",2002,-374.676778228486,,0
TKM,Turkmenistan,EG.IMP.CONS.ZS,"Energy imports, net (% of energy use)",2001,-273.248307650988,,0
TKM,Turkmenistan,EG.IMP.CONS.ZS,"Energy imports, net (% of energy use)",2000,-206.729993051109,,0
TKM,Turkmenistan,EG.IMP.CONS.ZS,"Energy imports, net (% of energy use)",1999,-75.2911133152137,,0
TKM,Turkmenistan,EG.IMP.CONS.ZS,"Energy imports, net (% of energy use)",1998,-42.1570384379278,,0
TKM,Turkmenistan,EG.IMP.CONS.ZS,"Energy imports, net (% of energy use)",1997,-63.1251956462358,,0
TKM,Turkmenistan,EG.IMP.CONS.ZS,"Energy imports, net (% of energy use)",1996,-172.767509552843,,0
TKM,Turkmenistan,EG.IMP.CONS.ZS,"Energy imports, net (% of energy use)",1995,-138.323272877581,,0
TKM,Turkmenistan,EG.IMP.CONS.ZS,"Energy imports, net (% of energy use)",1994,-145.245710388398,,0
TKM,Turkmenistan,EG.IMP.CONS.ZS,"Energy imports, net (% of energy use)",1993,-444.967133180584,,0
TKM,Turkmenistan,EG.IMP.CONS.ZS,"Energy imports, net (% of energy use)",1992,-367.295811578536,,0
TKM,Turkmenistan,EG.IMP.CONS.ZS,"Energy imports, net (% of energy use)",1991,-387.732541358648,,0
TKM,Turkmenistan,EG.IMP.CONS.ZS,"Energy imports, net (% of energy use)",1990,-316.417873698984,,0
UGA,Uganda,EG.IMP.CONS.ZS,"Energy imports, net (% of energy use)",2022,20.4895150227516,,0
UGA,Uganda,EG.IMP.CONS.ZS,"Energy imports, net (% of energy use)",2021,21.0845648966519,,0
UGA,Uganda,EG.IMP.CONS.ZS,"Energy imports, net (% of energy use)",2020,24.0991118274563,,0
UGA,Uganda,EG.IMP.CONS.ZS,"Energy imports, net (% of energy use)",2019,22.000514697542,,0
UGA,Uganda,EG.IMP.CONS.ZS,"Energy imports, net (% of energy use)",2018,22.1222212001349,,0
UGA,Uganda,EG.IMP.CONS.ZS,"Energy imports, net (% of energy use)",2017,21.7751133948679,,0
UGA,Uganda,EG.IMP.CONS.ZS,"Energy imports, net (% of energy use)",2016,22.0480331919573,,0
UGA,Uganda,EG.IMP.CONS.ZS,"Energy imports, net (% of energy use)",2015,9.16931174713258,,0
UGA,Uganda,EG.IMP.CONS.ZS,"Energy imports, net (% of energy use)",2014,8.90325997173746,,0
UGA,Uganda,EG.IMP.CONS.ZS,"Energy imports, net (% of energy use)",2013,8.64967955515242,,0
UGA,Uganda,EG.IMP.CONS.ZS,"Energy imports, net (% of energy use)",2012,9.06193928084408,,0
UGA,Uganda,EG.IMP.CONS.ZS,"Energy imports, net (% of energy use)",2011,9.32670750260223,,0
UGA,Uganda,EG.IMP.CONS.ZS,"Energy imports, net (% of energy use)",2010,8.88049614097014,,0
UGA,Uganda,EG.IMP.CONS.ZS,"Energy imports, net (% of energy use)",2009,8.38250667799345,,0
UGA,Uganda,EG.IMP.CONS.ZS,"Energy imports, net (% of energy use)",2008,7.94479736960163,,0
UGA,Uganda,EG.IMP.CONS.ZS,"Energy imports, net (% of energy use)",2007,8.12518148350457,,0
UGA,Uganda,EG.IMP.CONS.ZS,"Energy imports, net (% of energy use)",2006,6.77947897142134,,0
UGA,Uganda,EG.IMP.CONS.ZS,"Energy imports, net (% of energy use)",2005,5.79200850011323,,0
UGA,Uganda,EG.IMP.CONS.ZS,"Energy imports, net (% of energy use)",2004,4.80810577153745,,0
UGA,Uganda,EG.IMP.CONS.ZS,"Energy imports, net (% of energy use)",2003,4.81174477379971,,0
UGA,Uganda,EG.IMP.CONS.ZS,"Energy imports, net (% of energy use)",2002,4.82086877557033,,0
UGA,Uganda,EG.IMP.CONS.ZS,"Energy imports, net (% of energy use)",2001,4.99060028199154,,0
UGA,Uganda,EG.IMP.CONS.ZS,"Energy imports, net (% of energy use)",2000,4.90635981001661,,0
UGA,Uganda,EG.IMP.CONS.ZS,"Energy imports, net (% of energy use)",1999,4.54079629907713,,0
UGA,Uganda,EG.IMP.CONS.ZS,"Energy imports, net (% of energy use)",1998,4.44671285653812,,0
UGA,Uganda,EG.IMP.CONS.ZS,"Energy imports, net (% of energy use)",1997,3.7904493690787,,0
UGA,Uganda,EG.IMP.CONS.ZS,"Energy imports, net (% of energy use)",1996,3.87154121381384,,0
UGA,Uganda,EG.IMP.CONS.ZS,"Energy imports, net (% of energy use)",1995,3.80051091500232,,0
UGA,Uganda,EG.IMP.CONS.ZS,"Energy imports, net (% of energy use)",1994,2.95844482685095,,0
UGA,Uganda,EG.IMP.CONS.ZS,"Energy imports, net (% of energy use)",1993,3.35901794843367,,0
UGA,Uganda,EG.IMP.CONS.ZS,"Energy imports, net (% of energy use)",1992,3.40503204532057,,0
UGA,Uganda,EG.IMP.CONS.ZS,"Energy imports, net (% of energy use)",1991,3.57742759851243,,0
UGA,Uganda,EG.IMP.CONS.ZS,"Energy imports, net (% of energy use)",1990,3.57473712682152,,0
UKR,Ukraine,EG.IMP.CONS.ZS,"Energy imports, net (% of energy use)",2023,23.5925758831614,,0
UKR,Ukraine,EG.IMP.CONS.ZS,"Energy imports, net (% of energy use)",2022,23.3690635612636,,0
UKR,Ukraine,EG.IMP.CONS.ZS,"Energy imports, net (% of energy use)",2021,33.4524998604523,,0
UKR,Ukraine,EG.IMP.CONS.ZS,"Energy imports, net (% of energy use)",2020,34.0531189804873,,0
UKR,Ukraine,EG.IMP.CONS.ZS,"Energy imports, net (% of energy use)",2019,36.7816866171433,,0
UKR,Ukraine,EG.IMP.CONS.ZS,"Energy imports, net (% of energy use)",2018,34.5707022017466,,0
UKR,Ukraine,EG.IMP.CONS.ZS,"Energy imports, net (% of energy use)",2017,37.0787870531022,,0
UKR,Ukraine,EG.IMP.CONS.ZS,"Energy imports, net (% of energy use)",2016,30.2136005974433,,0
UKR,Ukraine,EG.IMP.CONS.ZS,"Energy imports, net (% of energy use)",2015,32.3138309846762,,0
UKR,Ukraine,EG.IMP.CONS.ZS,"Energy imports, net (% of energy use)",2014,25.9620798341884,,0
UKR,Ukraine,EG.IMP.CONS.ZS,"Energy imports, net (% of energy use)",2013,27.0329941513733,,0
UKR,Ukraine,EG.IMP.CONS.ZS,"Energy imports, net (% of energy use)",2012,31.427445048662,,0
UKR,Ukraine,EG.IMP.CONS.ZS,"Energy imports, net (% of energy use)",2011,37.6841419079097,,0
UKR,Ukraine,EG.IMP.CONS.ZS,"Energy imports, net (% of energy use)",2010,31.6525165328535,,0
UKR,Ukraine,EG.IMP.CONS.ZS,"Energy imports, net (% of energy use)",2009,36.1671153829289,,0
UKR,Ukraine,EG.IMP.CONS.ZS,"Energy imports, net (% of energy use)",2008,42.5204681941426,,0
UKR,Ukraine,EG.IMP.CONS.ZS,"Energy imports, net (% of energy use)",2007,40.9975720378261,,0
UKR,Ukraine,EG.IMP.CONS.ZS,"Energy imports, net (% of energy use)",2006,41.505757722563,,0
UKR,Ukraine,EG.IMP.CONS.ZS,"Energy imports, net (% of energy use)",2005,42.3524330847312,,0
UKR,Ukraine,EG.IMP.CONS.ZS,"Energy imports, net (% of energy use)",2004,45.3272945319252,,0
UKR,Ukraine,EG.IMP.CONS.ZS,"Energy imports, net (% of energy use)",2003,46.5528104358729,,0
UKR,Ukraine,EG.IMP.CONS.ZS,"Energy imports, net (% of energy use)",2002,43.6308798885512,,0
UKR,Ukraine,EG.IMP.CONS.ZS,"Energy imports, net (% of energy use)",2001,43.282336474547,,0
UKR,Ukraine,EG.IMP.CONS.ZS,"Energy imports, net (% of energy use)",2000,43.0716323662971,,0
UKR,Ukraine,EG.IMP.CONS.ZS,"Energy imports, net (% of energy use)",1999,44.2899719293592,,0
UKR,Ukraine,EG.IMP.CONS.ZS,"Energy imports, net (% of energy use)",1998,45.2085451908046,,0
UKR,Ukraine,EG.IMP.CONS.ZS,"Energy imports, net (% of energy use)",1997,48.1215099419222,,0
UKR,Ukraine,EG.IMP.CONS.ZS,"Energy imports, net (% of energy use)",1996,51.08738994564,,0
UKR,Ukraine,EG.IMP.CONS.ZS,"Energy imports, net (% of energy use)",1995,50.2468370312444,,0
UKR,Ukraine,EG.IMP.CONS.ZS,"Energy imports, net (% of energy use)",1994,45.5335338467617,,0
UKR,Ukraine,EG.IMP.CONS.ZS,"Energy imports, net (% of energy use)",1993,46.438919097807,,0
UKR,Ukraine,EG.IMP.CONS.ZS,"Energy imports, net (% of energy use)",1992,50.9061673117908,,0
UKR,Ukraine,EG.IMP.CONS.ZS,"Energy imports, net (% of energy use)",1991,53.6981253077121,,0
UKR,Ukraine,EG.IMP.CONS.ZS,"Energy imports, net (% of energy use)",1990,47.986381029802,,0
ARE,United Arab Emirates,EG.IMP.CONS.ZS,"Energy imports, net (% of energy use)",2022,-171.482371329992,,0
ARE,United Arab Emirates,EG.IMP.CONS.ZS,"Energy imports, net (% of energy use)",2021,-148.779300357276,,0
ARE,United Arab Emirates,EG.IMP.CONS.ZS,"Energy imports, net (% of energy use)",2020,-166.676304495143,,0
ARE,United Arab Emirates,EG.IMP.CONS.ZS,"Energy imports, net (% of energy use)",2019,-157.251588097578,,0
ARE,United Arab Emirates,EG.IMP.CONS.ZS,"Energy imports, net (% of energy use)",2018,-159.725700134966,,0
ARE,United Arab Emirates,EG.IMP.CONS.ZS,"Energy imports, net (% of energy use)",2017,-163.562735811068,,0
ARE,United Arab Emirates,EG.IMP.CONS.ZS,"Energy imports, net (% of energy use)",2016,-138.130060398239,,0
ARE,United Arab Emirates,EG.IMP.CONS.ZS,"Energy imports, net (% of energy use)",2015,-144.956335243698,,0
ARE,United Arab Emirates,EG.IMP.CONS.ZS,"Energy imports, net (% of energy use)",2014,-153.250707324208,,0
ARE,United Arab Emirates,EG.IMP.CONS.ZS,"Energy imports, net (% of energy use)",2013,-197.723542414887,,0
ARE,United Arab Emirates,EG.IMP.CONS.ZS,"Energy imports, net (% of energy use)",2012,-204.392627312405,,0
ARE,United Arab Emirates,EG.IMP.CONS.ZS,"Energy imports, net (% of energy use)",2011,-203.925954383789,,0
ARE,United Arab Emirates,EG.IMP.CONS.ZS,"Energy imports, net (% of energy use)",2010,-174.858852041957,,0
ARE,United Arab Emirates,EG.IMP.CONS.ZS,"Energy imports, net (% of energy use)",2009,-151.936703989788,,0
ARE,United Arab Emirates,EG.IMP.CONS.ZS,"Energy imports, net (% of energy use)",2008,-189.037429177801,,0
ARE,United Arab Emirates,EG.IMP.CONS.ZS,"Energy imports, net (% of energy use)",2007,-239.143526278874,,0
ARE,United Arab Emirates,EG.IMP.CONS.ZS,"Energy imports, net (% of energy use)",2006,-275.297889831981,,0
ARE,United Arab Emirates,EG.IMP.CONS.ZS,"Energy imports, net (% of energy use)",2005,-271.877260330466,,0
ARE,United Arab Emirates,EG.IMP.CONS.ZS,"Energy imports, net (% of energy use)",2004,-282.902083582046,,0
ARE,United Arab Emirates,EG.IMP.CONS.ZS,"Energy imports, net (% of energy use)",2003,-262.635909408767,,0
ARE,United Arab Emirates,EG.IMP.CONS.ZS,"Energy imports, net (% of energy use)",2002,-227.237770609243,,0
ARE,United Arab Emirates,EG.IMP.CONS.ZS,"Energy imports, net (% of energy use)",2001,-237.173477911049,,0
ARE,United Arab Emirates,EG.IMP.CONS.ZS,"Energy imports, net (% of energy use)",2000,-362.474926037534,,0
ARE,United Arab Emirates,EG.IMP.CONS.ZS,"Energy imports, net (% of energy use)",1999,-307.241398020093,,0
ARE,United Arab Emirates,EG.IMP.CONS.ZS,"Energy imports, net (% of energy use)",1998,-333.759358418335,,0
ARE,United Arab Emirates,EG.IMP.CONS.ZS,"Energy imports, net (% of energy use)",1997,-333.104694343529,,0
ARE,United Arab Emirates,EG.IMP.CONS.ZS,"Energy imports, net (% of energy use)",1996,-332.871492672718,,0
ARE,United Arab Emirates,EG.IMP.CONS.ZS,"Energy imports, net (% of energy use)",1995,-345.73716373923,,0
ARE,United Arab Emirates,EG.IMP.CONS.ZS,"Energy imports, net (% of energy use)",1994,-360.281269272563,,0
ARE,United Arab Emirates,EG.IMP.CONS.ZS,"Energy imports, net (% of energy use)",1993,-404.286902312264,,0
ARE,United Arab Emirates,EG.IMP.CONS.ZS,"Energy imports, net (% of energy use)",1992,-443.586524869712,,0
ARE,United Arab Emirates,EG.IMP.CONS.ZS,"Energy imports, net (% of energy use)",1991,-388.984905180095,,0
ARE,United Arab Emirates,EG.IMP.CONS.ZS,"Energy imports, net (% of energy use)",1990,-395.234441353052,,0
GBR,United Kingdom,EG.IMP.CONS.ZS,"Energy imports, net (% of energy use)",2023,44.0436184547282,,0
GBR,United Kingdom,EG.IMP.CONS.ZS,"Energy imports, net (% of energy use)",2022,39.1791428970385,,0
GBR,United Kingdom,EG.IMP.CONS.ZS,"Energy imports, net (% of energy use)",2021,38.9215814062183,,0
GBR,United Kingdom,EG.IMP.CONS.ZS,"Energy imports, net (% of energy use)",2020,28.4994380663927,,0
GBR,United Kingdom,EG.IMP.CONS.ZS,"Energy imports, net (% of energy use)",2019,36.5356011003548,,0
GBR,United Kingdom,EG.IMP.CONS.ZS,"Energy imports, net (% of energy use)",2018,38.167224918993,,0
GBR,United Kingdom,EG.IMP.CONS.ZS,"Energy imports, net (% of energy use)",2017,38.0304654846969,,0
GBR,United Kingdom,EG.IMP.CONS.ZS,"Energy imports, net (% of energy use)",2016,37.9543303353766,,0
GBR,United Kingdom,EG.IMP.CONS.ZS,"Energy imports, net (% of energy use)",2015,40.2775678357428,,0
GBR,United Kingdom,EG.IMP.CONS.ZS,"Energy imports, net (% of energy use)",2014,49.7431680511659,,0
GBR,United Kingdom,EG.IMP.CONS.ZS,"Energy imports, net (% of energy use)",2013,50.6083317514932,,0
GBR,United Kingdom,EG.IMP.CONS.ZS,"Energy imports, net (% of energy use)",2012,46.0055909658311,,0
GBR,United Kingdom,EG.IMP.CONS.ZS,"Energy imports, net (% of energy use)",2011,39.4733611206654,,0
GBR,United Kingdom,EG.IMP.CONS.ZS,"Energy imports, net (% of energy use)",2010,30.8469247142087,,0
GBR,United Kingdom,EG.IMP.CONS.ZS,"Energy imports, net (% of energy use)",2009,28.8662790662214,,0
GBR,United Kingdom,EG.IMP.CONS.ZS,"Energy imports, net (% of energy use)",2008,28.1653974618043,,0
GBR,United Kingdom,EG.IMP.CONS.ZS,"Energy imports, net (% of energy use)",2007,21.8227003153631,,0
GBR,United Kingdom,EG.IMP.CONS.ZS,"Energy imports, net (% of energy use)",2006,22.4970192293226,,0
GBR,United Kingdom,EG.IMP.CONS.ZS,"Energy imports, net (% of energy use)",2005,14.1924448862014,,0
GBR,United Kingdom,EG.IMP.CONS.ZS,"Energy imports, net (% of energy use)",2004,4.77464566238933,,0
GBR,United Kingdom,EG.IMP.CONS.ZS,"Energy imports, net (% of energy use)",2003,-6.3366661046153,,0
GBR,United Kingdom,EG.IMP.CONS.ZS,"Energy imports, net (% of energy use)",2002,-12.6309939809473,,0
GBR,United Kingdom,EG.IMP.CONS.ZS,"Energy imports, net (% of energy use)",2001,-10.1110620082427,,0
GBR,United Kingdom,EG.IMP.CONS.ZS,"Energy imports, net (% of energy use)",2000,-18.0990443841151,,0
GBR,United Kingdom,EG.IMP.CONS.ZS,"Energy imports, net (% of energy use)",1999,-21.6659112874308,,0
GBR,United Kingdom,EG.IMP.CONS.ZS,"Energy imports, net (% of energy use)",1998,-17.2963364656438,,0
GBR,United Kingdom,EG.IMP.CONS.ZS,"Energy imports, net (% of energy use)",1997,-16.1803022265627,,0
GBR,United Kingdom,EG.IMP.CONS.ZS,"Energy imports, net (% of energy use)",1996,-15.3701340940643,,0
GBR,United Kingdom,EG.IMP.CONS.ZS,"Energy imports, net (% of energy use)",1995,-17.461250259255,,0
GBR,United Kingdom,EG.IMP.CONS.ZS,"Energy imports, net (% of energy use)",1994,-14.5049041148134,,0
GBR,United Kingdom,EG.IMP.CONS.ZS,"Energy imports, net (% of energy use)",1993,-0.0182420563756345,,0
GBR,United Kingdom,EG.IMP.CONS.ZS,"Energy imports, net (% of energy use)",1992,3.9884812505685,,0
GBR,United Kingdom,EG.IMP.CONS.ZS,"Energy imports, net (% of energy use)",1991,5.21915164766579,,0
GBR,United Kingdom,EG.IMP.CONS.ZS,"Energy imports, net (% of energy use)",1990,2.29854182744418,,0
USA,United States,EG.IMP.CONS.ZS,"Energy imports, net (% of energy use)",2023,-9.00058575160831,,0
USA,United States,EG.IMP.CONS.ZS,"Energy imports, net (% of energy use)",2022,-6.49503863234049,,0
USA,United States,EG.IMP.CONS.ZS,"Energy imports, net (% of energy use)",2021,-4.18993101612738,,0
USA,United States,EG.IMP.CONS.ZS,"Energy imports, net (% of energy use)",2020,-3.9655132596338,,0
USA,United States,EG.IMP.CONS.ZS,"Energy imports, net (% of energy use)",2019,-0.898716368808055,,0
USA,United States,EG.IMP.CONS.ZS,"Energy imports, net (% of energy use)",2018,3.59207211661354,,0
USA,United States,EG.IMP.CONS.ZS,"Energy imports, net (% of energy use)",2017,8.10034813467893,,0
USA,United States,EG.IMP.CONS.ZS,"Energy imports, net (% of energy use)",2016,12.2997773544084,,0
USA,United States,EG.IMP.CONS.ZS,"Energy imports, net (% of energy use)",2015,11.738944672511,,0
USA,United States,EG.IMP.CONS.ZS,"Energy imports, net (% of energy use)",2014,11.6957018790028,,0
USA,United States,EG.IMP.CONS.ZS,"Energy imports, net (% of energy use)",2013,14.4330808261608,,0
USA,United States,EG.IMP.CONS.ZS,"Energy imports, net (% of energy use)",2012,17.518452859975,,0
USA,United States,EG.IMP.CONS.ZS,"Energy imports, net (% of energy use)",2011,20.6799127023379,,0
USA,United States,EG.IMP.CONS.ZS,"Energy imports, net (% of energy use)",2010,24.0850218737468,,0
USA,United States,EG.IMP.CONS.ZS,"Energy imports, net (% of energy use)",2009,25.9120016993863,,0
USA,United States,EG.IMP.CONS.ZS,"Energy imports, net (% of energy use)",2008,27.9184127584533,,0
USA,United States,EG.IMP.CONS.ZS,"Energy imports, net (% of energy use)",2007,30.5507287280746,,0
USA,United States,EG.IMP.CONS.ZS,"Energy imports, net (% of energy use)",2006,31.7737943317032,,0
USA,United States,EG.IMP.CONS.ZS,"Energy imports, net (% of energy use)",2005,31.7584924866635,,0
USA,United States,EG.IMP.CONS.ZS,"Energy imports, net (% of energy use)",2004,30.9353501432903,,0
USA,United States,EG.IMP.CONS.ZS,"Energy imports, net (% of energy use)",2003,29.2685841234767,,0
USA,United States,EG.IMP.CONS.ZS,"Energy imports, net (% of energy use)",2002,27.8963061327111,,0
USA,United States,EG.IMP.CONS.ZS,"Energy imports, net (% of energy use)",2001,28.9159685414131,,0
USA,United States,EG.IMP.CONS.ZS,"Energy imports, net (% of energy use)",2000,26.6791454298185,,0
USA,United States,EG.IMP.CONS.ZS,"Energy imports, net (% of energy use)",1999,25.88803401009,,0
USA,United States,EG.IMP.CONS.ZS,"Energy imports, net (% of energy use)",1998,25.151158841066,,0
USA,United States,EG.IMP.CONS.ZS,"Energy imports, net (% of energy use)",1997,23.6918673396291,,0
USA,United States,EG.IMP.CONS.ZS,"Energy imports, net (% of energy use)",1996,22.0703791019509,,0
USA,United States,EG.IMP.CONS.ZS,"Energy imports, net (% of energy use)",1995,20.9710195838312,,0
USA,United States,EG.IMP.CONS.ZS,"Energy imports, net (% of energy use)",1994,22.00904912612,,0
USA,United States,EG.IMP.CONS.ZS,"Energy imports, net (% of energy use)",1993,20.8727217506704,,0
USA,United States,EG.IMP.CONS.ZS,"Energy imports, net (% of energy use)",1992,18.1252307141753,,0
USA,United States,EG.IMP.CONS.ZS,"Energy imports, net (% of energy use)",1991,16.6948932534857,,0
USA,United States,EG.IMP.CONS.ZS,"Energy imports, net (% of energy use)",1990,17.8587373552945,,0
URY,Uruguay,EG.IMP.CONS.ZS,"Energy imports, net (% of energy use)",2022,46.2068935643027,,0
URY,Uruguay,EG.IMP.CONS.ZS,"Energy imports, net (% of energy use)",2021,41.9778791519344,,0
URY,Uruguay,EG.IMP.CONS.ZS,"Energy imports, net (% of energy use)",2020,44.751994641194,,0
URY,Uruguay,EG.IMP.CONS.ZS,"Energy imports, net (% of energy use)",2019,38.9090676790537,,0
URY,Uruguay,EG.IMP.CONS.ZS,"Energy imports, net (% of energy use)",2018,43.9215686274509,,0
URY,Uruguay,EG.IMP.CONS.ZS,"Energy imports, net (% of energy use)",2017,39.2909394190717,,0
URY,Uruguay,EG.IMP.CONS.ZS,"Energy imports, net (% of energy use)",2016,44.3243908329878,,0
URY,Uruguay,EG.IMP.CONS.ZS,"Energy imports, net (% of energy use)",2015,48.1289475686782,,0
URY,Uruguay,EG.IMP.CONS.ZS,"Energy imports, net (% of energy use)",2014,49.8373126804455,,0
URY,Uruguay,EG.IMP.CONS.ZS,"Energy imports, net (% of energy use)",2013,55.3855952609039,,0
URY,Uruguay,EG.IMP.CONS.ZS,"Energy imports, net (% of energy use)",2012,72.0683778077383,,0
URY,Uruguay,EG.IMP.CONS.ZS,"Energy imports, net (% of energy use)",2011,64.4474243415539,,0
URY,Uruguay,EG.IMP.CONS.ZS,"Energy imports, net (% of energy use)",2010,62.7352182074142,,0
URY,Uruguay,EG.IMP.CONS.ZS,"Energy imports, net (% of energy use)",2009,75.0503191672895,,0
URY,Uruguay,EG.IMP.CONS.ZS,"Energy imports, net (% of energy use)",2008,72.4030858135456,,0
URY,Uruguay,EG.IMP.CONS.ZS,"Energy imports, net (% of energy use)",2007,67.3864296374718,,0
URY,Uruguay,EG.IMP.CONS.ZS,"Energy imports, net (% of energy use)",2006,84.2385368177988,,0
URY,Uruguay,EG.IMP.CONS.ZS,"Energy imports, net (% of energy use)",2005,73.3928585588659,,0
URY,Uruguay,EG.IMP.CONS.ZS,"Energy imports, net (% of energy use)",2004,85.5310858467532,,0
URY,Uruguay,EG.IMP.CONS.ZS,"Energy imports, net (% of energy use)",2003,71.9733616373765,,0
URY,Uruguay,EG.IMP.CONS.ZS,"Energy imports, net (% of energy use)",2002,54.7758560496691,,0
URY,Uruguay,EG.IMP.CONS.ZS,"Energy imports, net (% of energy use)",2001,67.9603647842861,,0
URY,Uruguay,EG.IMP.CONS.ZS,"Energy imports, net (% of energy use)",2000,74.3455134135059,,0
URY,Uruguay,EG.IMP.CONS.ZS,"Energy imports, net (% of energy use)",1999,81.6888731500745,,0
URY,Uruguay,EG.IMP.CONS.ZS,"Energy imports, net (% of energy use)",1998,66.2717601547388,,0
URY,Uruguay,EG.IMP.CONS.ZS,"Energy imports, net (% of energy use)",1997,73.2482544736885,,0
URY,Uruguay,EG.IMP.CONS.ZS,"Energy imports, net (% of energy use)",1996,74.0496410878578,,0
URY,Uruguay,EG.IMP.CONS.ZS,"Energy imports, net (% of energy use)",1995,79.3588515856711,,0
URY,Uruguay,EG.IMP.CONS.ZS,"Energy imports, net (% of energy use)",1994,63.801521404067,,0
URY,Uruguay,EG.IMP.CONS.ZS,"Energy imports, net (% of energy use)",1993,54.5774112639658,,0
URY,Uruguay,EG.IMP.CONS.ZS,"Energy imports, net (% of energy use)",1992,62.6289732621267,,0
URY,Uruguay,EG.IMP.CONS.ZS,"Energy imports, net (% of energy use)",1991,64.175058473523,,0
URY,Uruguay,EG.IMP.CONS.ZS,"Energy imports, net (% of energy use)",1990,52.2673943280636,,0
UZB,Uzbekistan,EG.IMP.CONS.ZS,"Energy imports, net (% of energy use)",2022,1.54758954098202,,0
UZB,Uzbekistan,EG.IMP.CONS.ZS,"Energy imports, net (% of energy use)",2021,0.721052917201011,,0
UZB,Uzbekistan,EG.IMP.CONS.ZS,"Energy imports, net (% of energy use)",2020,1.01931488568097,,0
UZB,Uzbekistan,EG.IMP.CONS.ZS,"Energy imports, net (% of energy use)",2019,-19.6798566667118,,0
UZB,Uzbekistan,EG.IMP.CONS.ZS,"Energy imports, net (% of energy use)",2018,-25.3415373836626,,0
UZB,Uzbekistan,EG.IMP.CONS.ZS,"Energy imports, net (% of energy use)",2017,-15.4708920311501,,0
UZB,Uzbekistan,EG.IMP.CONS.ZS,"Energy imports, net (% of energy use)",2016,-19.2502939633838,,0
UZB,Uzbekistan,EG.IMP.CONS.ZS,"Energy imports, net (% of energy use)",2015,-21.6515984403769,,0
UZB,Uzbekistan,EG.IMP.CONS.ZS,"Energy imports, net (% of energy use)",2014,-18.5046022726549,,0
UZB,Uzbekistan,EG.IMP.CONS.ZS,"Energy imports, net (% of energy use)",2013,-20.7386196271376,,0
UZB,Uzbekistan,EG.IMP.CONS.ZS,"Energy imports, net (% of energy use)",2012,-25.5946547831785,,0
UZB,Uzbekistan,EG.IMP.CONS.ZS,"Energy imports, net (% of energy use)",2011,-13.1387487595104,,0
UZB,Uzbekistan,EG.IMP.CONS.ZS,"Energy imports, net (% of energy use)",2010,-20.0851490901407,,0
UZB,Uzbekistan,EG.IMP.CONS.ZS,"Energy imports, net (% of energy use)",2009,-30.1400653523456,,0
UZB,Uzbekistan,EG.IMP.CONS.ZS,"Energy imports, net (% of energy use)",2008,-23.4991848226511,,0
UZB,Uzbekistan,EG.IMP.CONS.ZS,"Energy imports, net (% of energy use)",2007,-23.1003420094092,,0
UZB,Uzbekistan,EG.IMP.CONS.ZS,"Energy imports, net (% of energy use)",2006,-20.6565490511899,,0
UZB,Uzbekistan,EG.IMP.CONS.ZS,"Energy imports, net (% of energy use)",2005,-19.5328707366237,,0
UZB,Uzbekistan,EG.IMP.CONS.ZS,"Energy imports, net (% of energy use)",2004,-14.3365959186156,,0
UZB,Uzbekistan,EG.IMP.CONS.ZS,"Energy imports, net (% of energy use)",2003,-10.3070038028431,,0
UZB,Uzbekistan,EG.IMP.CONS.ZS,"Energy imports, net (% of energy use)",2002,-6.16360063152717,,0
UZB,Uzbekistan,EG.IMP.CONS.ZS,"Energy imports, net (% of energy use)",2001,-8.97241210575861,,0
UZB,Uzbekistan,EG.IMP.CONS.ZS,"Energy imports, net (% of energy use)",2000,-9.1354616511515,,0
UZB,Uzbekistan,EG.IMP.CONS.ZS,"Energy imports, net (% of energy use)",1999,-8.5330229586015,,0
UZB,Uzbekistan,EG.IMP.CONS.ZS,"Energy imports, net (% of energy use)",1998,-9.92952200612311,,0
UZB,Uzbekistan,EG.IMP.CONS.ZS,"Energy imports, net (% of energy use)",1997,-15.4285224230062,,0
UZB,Uzbekistan,EG.IMP.CONS.ZS,"Energy imports, net (% of energy use)",1996,-11.1387071568459,,0
UZB,Uzbekistan,EG.IMP.CONS.ZS,"Energy imports, net (% of energy use)",1995,-9.32998581684511,,0
UZB,Uzbekistan,EG.IMP.CONS.ZS,"Energy imports, net (% of energy use)",1994,0.248879218559461,,0
UZB,Uzbekistan,EG.IMP.CONS.ZS,"Energy imports, net (% of energy use)",1993,8.83985673694232,,0
UZB,Uzbekistan,EG.IMP.CONS.ZS,"Energy imports, net (% of energy use)",1992,9.95557151619352,,0
UZB,Uzbekistan,EG.IMP.CONS.ZS,"Energy imports, net (% of energy use)",1991,18.5603092722002,,0
UZB,Uzbekistan,EG.IMP.CONS.ZS,"Energy imports, net (% of energy use)",1990,18.4476358178807,,0
VEN,"Venezuela, RB",EG.IMP.CONS.ZS,"Energy imports, net (% of energy use)",2022,-73.9084713357919,,0
VEN,"Venezuela, RB",EG.IMP.CONS.ZS,"Energy imports, net (% of energy use)",2021,-74.6737345214109,,0
VEN,"Venezuela, RB",EG.IMP.CONS.ZS,"Energy imports, net (% of energy use)",2020,-86.8957784593866,,0
VEN,"Venezuela, RB",EG.IMP.CONS.ZS,"Energy imports, net (% of energy use)",2019,-114.748420352314,,0
VEN,"Venezuela, RB",EG.IMP.CONS.ZS,"Energy imports, net (% of energy use)",2018,-176.984702454494,,0
VEN,"Venezuela, RB",EG.IMP.CONS.ZS,"Energy imports, net (% of energy use)",2017,-170.104677355241,,0
VEN,"Venezuela, RB",EG.IMP.CONS.ZS,"Energy imports, net (% of energy use)",2016,-188.124132744977,,0
VEN,"Venezuela, RB",EG.IMP.CONS.ZS,"Energy imports, net (% of energy use)",2015,-186.845880868101,,0
VEN,"Venezuela, RB",EG.IMP.CONS.ZS,"Energy imports, net (% of energy use)",2014,-190.94256301978,,0
VEN,"Venezuela, RB",EG.IMP.CONS.ZS,"Energy imports, net (% of energy use)",2013,-160.450889399116,,0
VEN,"Venezuela, RB",EG.IMP.CONS.ZS,"Energy imports, net (% of energy use)",2012,-189.708438469581,,0
VEN,"Venezuela, RB",EG.IMP.CONS.ZS,"Energy imports, net (% of energy use)",2011,-200.44193216855,,0
VEN,"Venezuela, RB",EG.IMP.CONS.ZS,"Energy imports, net (% of energy use)",2010,-166.820270959998,,0
VEN,"Venezuela, RB",EG.IMP.CONS.ZS,"Energy imports, net (% of energy use)",2009,-220.744897997542,,0
VEN,"Venezuela, RB",EG.IMP.CONS.ZS,"Energy imports, net (% of energy use)",2008,-237.604574655964,,0
VEN,"Venezuela, RB",EG.IMP.CONS.ZS,"Energy imports, net (% of energy use)",2007,-230.357226707121,,0
VEN,"Venezuela, RB",EG.IMP.CONS.ZS,"Energy imports, net (% of energy use)",2006,-245.825835342647,,0
VEN,"Venezuela, RB",EG.IMP.CONS.ZS,"Energy imports, net (% of energy use)",2005,-261.532717589311,,0
VEN,"Venezuela, RB",EG.IMP.CONS.ZS,"Energy imports, net (% of energy use)",2004,-257.811439718686,,0
VEN,"Venezuela, RB",EG.IMP.CONS.ZS,"Energy imports, net (% of energy use)",2003,-212.929827668797,,0
VEN,"Venezuela, RB",EG.IMP.CONS.ZS,"Energy imports, net (% of energy use)",2002,-208.938472626002,,0
VEN,"Venezuela, RB",EG.IMP.CONS.ZS,"Energy imports, net (% of energy use)",2001,-304.793764322681,,0
VEN,"Venezuela, RB",EG.IMP.CONS.ZS,"Energy imports, net (% of energy use)",2000,-270.159444026815,,0
VEN,"Venezuela, RB",EG.IMP.CONS.ZS,"Energy imports, net (% of energy use)",1999,-262.25008728227,,0
VEN,"Venezuela, RB",EG.IMP.CONS.ZS,"Energy imports, net (% of energy use)",1998,-331.611182401718,,0
VEN,"Venezuela, RB",EG.IMP.CONS.ZS,"Energy imports, net (% of energy use)",1996,-322.435108585596,,0
VEN,"Venezuela, RB",EG.IMP.CONS.ZS,"Energy imports, net (% of energy use)",1990,-257.32888356321,,0
VNM,Viet Nam,EG.IMP.CONS.ZS,"Energy imports, net (% of energy use)",2022,33.9991947830939,,0
VNM,Viet Nam,EG.IMP.CONS.ZS,"Energy imports, net (% of energy use)",2021,33.9749706257745,,0
VNM,Viet Nam,EG.IMP.CONS.ZS,"Energy imports, net (% of energy use)",2020,46.4252856536063,,0
VNM,Viet Nam,EG.IMP.CONS.ZS,"Energy imports, net (% of energy use)",2019,39.207047800102,,0
VNM,Viet Nam,EG.IMP.CONS.ZS,"Energy imports, net (% of energy use)",2018,26.8530098738827,,0
VNM,Viet Nam,EG.IMP.CONS.ZS,"Energy imports, net (% of energy use)",2017,18.9278038893355,,0
VNM,Viet Nam,EG.IMP.CONS.ZS,"Energy imports, net (% of energy use)",2016,16.0161241734677,,0
VNM,Viet Nam,EG.IMP.CONS.ZS,"Energy imports, net (% of energy use)",2015,8.2509798159245,,0
VNM,Viet Nam,EG.IMP.CONS.ZS,"Energy imports, net (% of energy use)",2014,-0.423015509753411,,0
VNM,Viet Nam,EG.IMP.CONS.ZS,"Energy imports, net (% of energy use)",2013,-7.96659861783875,,0
VNM,Viet Nam,EG.IMP.CONS.ZS,"Energy imports, net (% of energy use)",2012,-11.5275567021365,,0
VNM,Viet Nam,EG.IMP.CONS.ZS,"Energy imports, net (% of energy use)",2011,-9.67986967598824,,0
VNM,Viet Nam,EG.IMP.CONS.ZS,"Energy imports, net (% of energy use)",2010,-12.6270709461704,,0
VNM,Viet Nam,EG.IMP.CONS.ZS,"Energy imports, net (% of energy use)",2009,-26.0471052534672,,0
VNM,Viet Nam,EG.IMP.CONS.ZS,"Energy imports, net (% of energy use)",2008,-21.8039816938349,,0
VNM,Viet Nam,EG.IMP.CONS.ZS,"Energy imports, net (% of energy use)",2007,-42.3103522585646,,0
VNM,Viet Nam,EG.IMP.CONS.ZS,"Energy imports, net (% of energy use)",2006,-51.5227736003665,,0
VNM,Viet Nam,EG.IMP.CONS.ZS,"Energy imports, net (% of energy use)",2005,-41.5631995095119,,0
VNM,Viet Nam,EG.IMP.CONS.ZS,"Energy imports, net (% of energy use)",2004,-41.123530683475,,0
VNM,Viet Nam,EG.IMP.CONS.ZS,"Energy imports, net (% of energy use)",2003,-29.2456635465831,,0
VNM,Viet Nam,EG.IMP.CONS.ZS,"Energy imports, net (% of energy use)",2002,-32.2772637840966,,0
VNM,Viet Nam,EG.IMP.CONS.ZS,"Energy imports, net (% of energy use)",2001,-35.8794997443859,,0
VNM,Viet Nam,EG.IMP.CONS.ZS,"Energy imports, net (% of energy use)",2000,-33.9882051597439,,0
VNM,Viet Nam,EG.IMP.CONS.ZS,"Energy imports, net (% of energy use)",1999,-36.7718113411456,,0
VNM,Viet Nam,EG.IMP.CONS.ZS,"Energy imports, net (% of energy use)",1998,-29.3495826689748,,0
VNM,Viet Nam,EG.IMP.CONS.ZS,"Energy imports, net (% of energy use)",1997,-24.6269830310842,,0
VNM,Viet Nam,EG.IMP.CONS.ZS,"Energy imports, net (% of energy use)",1996,-23.7591964949987,,0
VNM,Viet Nam,EG.IMP.CONS.ZS,"Energy imports, net (% of energy use)",1995,-21.5305945400916,,0
VNM,Viet Nam,EG.IMP.CONS.ZS,"Energy imports, net (% of energy use)",1994,-17.5298137166371,,0
VNM,Viet Nam,EG.IMP.CONS.ZS,"Energy imports, net (% of energy use)",1993,-14.0651892911625,,0
VNM,Viet Nam,EG.IMP.CONS.ZS,"Energy imports, net (% of energy use)",1992,-17.2797155614856,,0
VNM,Viet Nam,EG.IMP.CONS.ZS,"Energy imports, net (% of energy use)",1991,-11.1162837315665,,0
VNM,Viet Nam,EG.IMP.CONS.ZS,"Energy imports, net (% of energy use)",1990,-0.939297859144064,,0
YEM,"Yemen, Rep.",EG.IMP.CONS.ZS,"Energy imports, net (% of energy use)",2022,-11.0466644311721,,0
YEM,"Yemen, Rep.",EG.IMP.CONS.ZS,"Energy imports, net (% of energy use)",2021,-31.195464051345,,0
YEM,"Yemen, Rep.",EG.IMP.CONS.ZS,"Energy imports, net (% of energy use)",2020,-34.7949430065939,,0
YEM,"Yemen, Rep.",EG.IMP.CONS.ZS,"Energy imports, net (% of energy use)",2019,-27.7268056371109,,0
YEM,"Yemen, Rep.",EG.IMP.CONS.ZS,"Energy imports, net (% of energy use)",2018,-26.1582413975725,,0
YEM,"Yemen, Rep.",EG.IMP.CONS.ZS,"Energy imports, net (% of energy use)",2017,-15.5430073016129,,0
YEM,"Yemen, Rep.",EG.IMP.CONS.ZS,"Energy imports, net (% of energy use)",2016,47.963453697012,,0
YEM,"Yemen, Rep.",EG.IMP.CONS.ZS,"Energy imports, net (% of energy use)",2015,-8.03426556451313,,0
YEM,"Yemen, Rep.",EG.IMP.CONS.ZS,"Energy imports, net (% of energy use)",2014,-104.494511878005,,0
YEM,"Yemen, Rep.",EG.IMP.CONS.ZS,"Energy imports, net (% of energy use)",2013,-117.477762300814,,0
YEM,"Yemen, Rep.",EG.IMP.CONS.ZS,"Energy imports, net (% of energy use)",2012,-144.936290251891,,0
YEM,"Yemen, Rep.",EG.IMP.CONS.ZS,"Energy imports, net (% of energy use)",2011,-174.853271998386,,0
YEM,"Yemen, Rep.",EG.IMP.CONS.ZS,"Energy imports, net (% of energy use)",2010,-141.854525433579,,0
YEM,"Yemen, Rep.",EG.IMP.CONS.ZS,"Energy imports, net (% of energy use)",2009,-84.0895967023107,,0
YEM,"Yemen, Rep.",EG.IMP.CONS.ZS,"Energy imports, net (% of energy use)",2008,-100.120772946859,,0
YEM,"Yemen, Rep.",EG.IMP.CONS.ZS,"Energy imports, net (% of energy use)",2007,-135.327237995044,,0
YEM,"Yemen, Rep.",EG.IMP.CONS.ZS,"Energy imports, net (% of energy use)",2006,-140.01693422746,,0
YEM,"Yemen, Rep.",EG.IMP.CONS.ZS,"Energy imports, net (% of energy use)",2005,-191.644608500794,,0
YEM,"Yemen, Rep.",EG.IMP.CONS.ZS,"Energy imports, net (% of energy use)",2004,-214.690524559519,,0
YEM,"Yemen, Rep.",EG.IMP.CONS.ZS,"Energy imports, net (% of energy use)",2003,-272.33585134725,,0
YEM,"Yemen, Rep.",EG.IMP.CONS.ZS,"Energy imports, net (% of energy use)",2002,-323.256914034142,,0
YEM,"Yemen, Rep.",EG.IMP.CONS.ZS,"Energy imports, net (% of energy use)",2001,-314.783007140848,,0
YEM,"Yemen, Rep.",EG.IMP.CONS.ZS,"Energy imports, net (% of energy use)",2000,-359.593032032122,,0
YEM,"Yemen, Rep.",EG.IMP.CONS.ZS,"Energy imports, net (% of energy use)",1999,-337.787595019203,,0
YEM,"Yemen, Rep.",EG.IMP.CONS.ZS,"Energy imports, net (% of energy use)",1998,-365.358456436539,,0
YEM,"Yemen, Rep.",EG.IMP.CONS.ZS,"Energy imports, net (% of energy use)",1997,-387.987837089148,,0
YEM,"Yemen, Rep.",EG.IMP.CONS.ZS,"Energy imports, net (% of energy use)",1996,-395.204813668847,,0
YEM,"Yemen, Rep.",EG.IMP.CONS.ZS,"Energy imports, net (% of energy use)",1995,-400.209678772122,,0
YEM,"Yemen, Rep.",EG.IMP.CONS.ZS,"Energy imports, net (% of energy use)",1994,-454.925878462827,,0
YEM,"Yemen, Rep.",EG.IMP.CONS.ZS,"Energy imports, net (% of energy use)",1993,-271.973207132651,,0
YEM,"Yemen, Rep.",EG.IMP.CONS.ZS,"Energy imports, net (% of energy use)",1992,-152.951185335583,,0
YEM,"Yemen, Rep.",EG.IMP.CONS.ZS,"Energy imports, net (% of energy use)",1991,-226.464846800137,,0
YEM,"Yemen, Rep.",EG.IMP.CONS.ZS,"Energy imports, net (% of energy use)",1990,-255.443634601313,,0
ZMB,Zambia,EG.IMP.CONS.ZS,"Energy imports, net (% of energy use)",2022,9.03001865064098,,0
ZMB,Zambia,EG.IMP.CONS.ZS,"Energy imports, net (% of energy use)",2021,9.7360004937232,,0
ZMB,Zambia,EG.IMP.CONS.ZS,"Energy imports, net (% of energy use)",2020,9.00717205671602,,0
ZMB,Zambia,EG.IMP.CONS.ZS,"Energy imports, net (% of energy use)",2019,11.1753398683147,,0
ZMB,Zambia,EG.IMP.CONS.ZS,"Energy imports, net (% of energy use)",2018,9.33583810905286,,0
ZMB,Zambia,EG.IMP.CONS.ZS,"Energy imports, net (% of energy use)",2017,10.8790165895942,,0
ZMB,Zambia,EG.IMP.CONS.ZS,"Energy imports, net (% of energy use)",2016,12.9336125637149,,0
ZMB,Zambia,EG.IMP.CONS.ZS,"Energy imports, net (% of energy use)",2015,12.8652340849791,,0
ZMB,Zambia,EG.IMP.CONS.ZS,"Energy imports, net (% of energy use)",2014,10.1213113599549,,0
ZMB,Zambia,EG.IMP.CONS.ZS,"Energy imports, net (% of energy use)",2013,10.7465305839703,,0
ZMB,Zambia,EG.IMP.CONS.ZS,"Energy imports, net (% of energy use)",2012,10.9560356125563,,0
ZMB,Zambia,EG.IMP.CONS.ZS,"Energy imports, net (% of energy use)",2011,10.8894539141657,,0
ZMB,Zambia,EG.IMP.CONS.ZS,"Energy imports, net (% of energy use)",2010,9.93768894495314,,0
ZMB,Zambia,EG.IMP.CONS.ZS,"Energy imports, net (% of energy use)",2009,9.78868010737335,,0
ZMB,Zambia,EG.IMP.CONS.ZS,"Energy imports, net (% of energy use)",2008,10.3935382757831,,0
ZMB,Zambia,EG.IMP.CONS.ZS,"Energy imports, net (% of energy use)",2007,8.56569204873407,,0
ZMB,Zambia,EG.IMP.CONS.ZS,"Energy imports, net (% of energy use)",2006,8.92787333854574,,0
ZMB,Zambia,EG.IMP.CONS.ZS,"Energy imports, net (% of energy use)",2005,9.38839960708454,,0
ZMB,Zambia,EG.IMP.CONS.ZS,"Energy imports, net (% of energy use)",2004,9.32511322736744,,0
ZMB,Zambia,EG.IMP.CONS.ZS,"Energy imports, net (% of energy use)",2003,8.5956265679768,,0
ZMB,Zambia,EG.IMP.CONS.ZS,"Energy imports, net (% of energy use)",2002,7.78900912748387,,0
ZMB,Zambia,EG.IMP.CONS.ZS,"Energy imports, net (% of energy use)",2001,6.87783893653582,,0
ZMB,Zambia,EG.IMP.CONS.ZS,"Energy imports, net (% of energy use)",2000,6.76362733794516,,0
ZMB,Zambia,EG.IMP.CONS.ZS,"Energy imports, net (% of energy use)",1999,6.4028098297262,,0
ZMB,Zambia,EG.IMP.CONS.ZS,"Energy imports, net (% of energy use)",1998,8.74870961537706,,0
ZMB,Zambia,EG.IMP.CONS.ZS,"Energy imports, net (% of energy use)",1997,6.61246784339686,,0
ZMB,Zambia,EG.IMP.CONS.ZS,"Energy imports, net (% of energy use)",1996,8.78749297265122,,0
ZMB,Zambia,EG.IMP.CONS.ZS,"Energy imports, net (% of energy use)",1995,8.17052528903807,,0
ZMB,Zambia,EG.IMP.CONS.ZS,"Energy imports, net (% of energy use)",1994,7.60566433362373,,0
ZMB,Zambia,EG.IMP.CONS.ZS,"Energy imports, net (% of energy use)",1993,7.284278773678,,0
ZMB,Zambia,EG.IMP.CONS.ZS,"Energy imports, net (% of energy use)",1992,10.4960339156986,,0
ZMB,Zambia,EG.IMP.CONS.ZS,"Energy imports, net (% of energy use)",1991,7.40359435941031,,0
ZMB,Zambia,EG.IMP.CONS.ZS,"Energy imports, net (% of energy use)",1990,10.7947633540182,,0
ZWE,Zimbabwe,EG.IMP.CONS.ZS,"Energy imports, net (% of energy use)",2022,16.9757127922617,,0
ZWE,Zimbabwe,EG.IMP.CONS.ZS,"Energy imports, net (% of energy use)",2021,9.32258052488912,,0
ZWE,Zimbabwe,EG.IMP.CONS.ZS,"Energy imports, net (% of energy use)",2020,17.3520231261478,,0
ZWE,Zimbabwe,EG.IMP.CONS.ZS,"Energy imports, net (% of energy use)",2019,21.2001624097355,,0
ZWE,Zimbabwe,EG.IMP.CONS.ZS,"Energy imports, net (% of energy use)",2018,23.8686608070058,,0
ZWE,Zimbabwe,EG.IMP.CONS.ZS,"Energy imports, net (% of energy use)",2017,22.2271727002231,,0
ZWE,Zimbabwe,EG.IMP.CONS.ZS,"Energy imports, net (% of energy use)",2016,20.5155264856758,,0
ZWE,Zimbabwe,EG.IMP.CONS.ZS,"Energy imports, net (% of energy use)",2015,18.2951536694899,,0
ZWE,Zimbabwe,EG.IMP.CONS.ZS,"Energy imports, net (% of energy use)",2014,18.1585780491634,,0
ZWE,Zimbabwe,EG.IMP.CONS.ZS,"Energy imports, net (% of energy use)",2013,20.5639652842472,,0
ZWE,Zimbabwe,EG.IMP.CONS.ZS,"Energy imports, net (% of energy use)",2012,19.2453461364474,,0
ZWE,Zimbabwe,EG.IMP.CONS.ZS,"Energy imports, net (% of energy use)",2011,18.2917966744342,,0
ZWE,Zimbabwe,EG.IMP.CONS.ZS,"Energy imports, net (% of energy use)",2010,10.5915660855312,,0
ZWE,Zimbabwe,EG.IMP.CONS.ZS,"Energy imports, net (% of energy use)",2009,10.3510343208438,,0
ZWE,Zimbabwe,EG.IMP.CONS.ZS,"Energy imports, net (% of energy use)",2008,10.9788078531434,,0
ZWE,Zimbabwe,EG.IMP.CONS.ZS,"Energy imports, net (% of energy use)",2007,13.4960638616751,,0
ZWE,Zimbabwe,EG.IMP.CONS.ZS,"Energy imports, net (% of energy use)",2006,14.5500076464291,,0
ZWE,Zimbabwe,EG.IMP.CONS.ZS,"Energy imports, net (% of energy use)",2005,14.2989475029147,,0
ZWE,Zimbabwe,EG.IMP.CONS.ZS,"Energy imports, net (% of energy use)",2004,12.4684012312772,,0
ZWE,Zimbabwe,EG.IMP.CONS.ZS,"Energy imports, net (% of energy use)",2003,15.7466396612043,,0
ZWE,Zimbabwe,EG.IMP.CONS.ZS,"Energy imports, net (% of energy use)",2002,18.5006446018871,,0
ZWE,Zimbabwe,EG.IMP.CONS.ZS,"Energy imports, net (% of energy use)",2001,19.5967578146638,,0
ZWE,Zimbabwe,EG.IMP.CONS.ZS,"Energy imports, net (% of energy use)",2000,20.977560686583,,0
ZWE,Zimbabwe,EG.IMP.CONS.ZS,"Energy imports, net (% of energy use)",1999,16.8656925152145,,0
ZWE,Zimbabwe,EG.IMP.CONS.ZS,"Energy imports, net (% of energy use)",1998,18.5383865962642,,0
ZWE,Zimbabwe,EG.IMP.CONS.ZS,"Energy imports, net (% of energy use)",1997,18.5621240018511,,0
ZWE,Zimbabwe,EG.IMP.CONS.ZS,"Energy imports, net (% of energy use)",1996,17.3585420657318,,0
ZWE,Zimbabwe,EG.IMP.CONS.ZS,"Energy imports, net (% of energy use)",1995,16.6934018011634,,0
ZWE,Zimbabwe,EG.IMP.CONS.ZS,"Energy imports, net (% of energy use)",1994,14.1397994253058,,0
ZWE,Zimbabwe,EG.IMP.CONS.ZS,"Energy imports, net (% of energy use)",1993,12.846735024285,,0
ZWE,Zimbabwe,EG.IMP.CONS.ZS,"Energy imports, net (% of energy use)",1992,12.1149184132772,,0
ZWE,Zimbabwe,EG.IMP.CONS.ZS,"Energy imports, net (% of energy use)",1991,10.4086444674391,,0
ZWE,Zimbabwe,EG.IMP.CONS.ZS,"Energy imports, net (% of energy use)",1990,8.88921426589809,,0
