country_code,country_name,indicator_code,indicator_name,year,value,unit,decimal
AFE,Africa Eastern and Southern,NY.GDP.NGAS.RT.ZS,Natural gas rents (% of GDP),2021,0.150834584864262,,1
AFE,Africa Eastern and Southern,NY.GDP.NGAS.RT.ZS,Natural gas rents (% of GDP),2020,0.105264441139074,,1
AFE,Africa Eastern and Southern,NY.GDP.NGAS.RT.ZS,Natural gas rents (% of GDP),2019,0.127715367121879,,1
AFE,Africa Eastern and Southern,NY.GDP.NGAS.RT.ZS,Natural gas rents (% of GDP),2018,0.131365628591627,,1
AFE,Africa Eastern and Southern,NY.GDP.NGAS.RT.ZS,Natural gas rents (% of GDP),2017,0.0815634246016339,,1
AFE,Africa Eastern and Southern,NY.GDP.NGAS.RT.ZS,Natural gas rents (% of GDP),2016,0.0516101024048526,,1
AFE,Africa Eastern and Southern,NY.GDP.NGAS.RT.ZS,Natural gas rents (% of GDP),2015,0.0592108133307207,,1
AFE,Africa Eastern and Southern,NY.GDP.NGAS.RT.ZS,Natural gas rents (% of GDP),2014,0.068021448748764,,1
AFE,Africa Eastern and Southern,NY.GDP.NGAS.RT.ZS,Natural gas rents (% of GDP),2013,0.07658022785873,,1
AFE,Africa Eastern and Southern,NY.GDP.NGAS.RT.ZS,Natural gas rents (% of GDP),2012,0.0749035788968278,,1
AFE,Africa Eastern and Southern,NY.GDP.NGAS.RT.ZS,Natural gas rents (% of GDP),2011,0.0681798459019787,,1
AFE,Africa Eastern and Southern,NY.GDP.NGAS.RT.ZS,Natural gas rents (% of GDP),2010,0.0543926394901808,,1
AFE,Africa Eastern and Southern,NY.GDP.NGAS.RT.ZS,Natural gas rents (% of GDP),2009,0.0514933912089325,,1
AFE,Africa Eastern and Southern,NY.GDP.NGAS.RT.ZS,Natural gas rents (% of GDP),2008,0.0635329739781845,,1
AFE,Africa Eastern and Southern,NY.GDP.NGAS.RT.ZS,Natural gas rents (% of GDP),2007,0.0554311493509203,,1
AFE,Africa Eastern and Southern,NY.GDP.NGAS.RT.ZS,Natural gas rents (% of GDP),2006,0.0648630262594917,,1
AFE,Africa Eastern and Southern,NY.GDP.NGAS.RT.ZS,Natural gas rents (% of GDP),2005,0.0234597000544845,,1
AFE,Africa Eastern and Southern,NY.GDP.NGAS.RT.ZS,Natural gas rents (% of GDP),2004,0.0398560129159238,,1
AFE,Africa Eastern and Southern,NY.GDP.NGAS.RT.ZS,Natural gas rents (% of GDP),2003,0.0219873750949425,,1
AFE,Africa Eastern and Southern,NY.GDP.NGAS.RT.ZS,Natural gas rents (% of GDP),2002,0.0370044144681993,,1
AFE,Africa Eastern and Southern,NY.GDP.NGAS.RT.ZS,Natural gas rents (% of GDP),2001,0.0386152546194005,,1
AFE,Africa Eastern and Southern,NY.GDP.NGAS.RT.ZS,Natural gas rents (% of GDP),2000,0.0258467386205443,,1
AFE,Africa Eastern and Southern,NY.GDP.NGAS.RT.ZS,Natural gas rents (% of GDP),1999,0.0167147710770919,,1
AFE,Africa Eastern and Southern,NY.GDP.NGAS.RT.ZS,Natural gas rents (% of GDP),1998,0.0117720236355505,,1
AFE,Africa Eastern and Southern,NY.GDP.NGAS.RT.ZS,Natural gas rents (% of GDP),1997,0.0171458848076586,,1
AFE,Africa Eastern and Southern,NY.GDP.NGAS.RT.ZS,Natural gas rents (% of GDP),1996,0.0197755143901995,,1
AFE,Africa Eastern and Southern,NY.GDP.NGAS.RT.ZS,Natural gas rents (% of GDP),1995,0.0204133129211374,,1
AFE,Africa Eastern and Southern,NY.GDP.NGAS.RT.ZS,Natural gas rents (% of GDP),1994,0.0197033776695401,,1
AFE,Africa Eastern and Southern,NY.GDP.NGAS.RT.ZS,Natural gas rents (% of GDP),1993,0.0188536766992031,,1
AFE,Africa Eastern and Southern,NY.GDP.NGAS.RT.ZS,Natural gas rents (% of GDP),1992,0.0137451795851211,,1
AFE,Africa Eastern and Southern,NY.GDP.NGAS.RT.ZS,Natural gas rents (% of GDP),1991,0.0130050327665456,,1
AFE,Africa Eastern and Southern,NY.GDP.NGAS.RT.ZS,Natural gas rents (% of GDP),1990,0.015959050389974,,1
AFE,Africa Eastern and Southern,NY.GDP.NGAS.RT.ZS,Natural gas rents (% of GDP),1989,0.00110446960860044,,1
AFE,Africa Eastern and Southern,NY.GDP.NGAS.RT.ZS,Natural gas rents (% of GDP),1988,0.000931563155048082,,1
AFE,Africa Eastern and Southern,NY.GDP.NGAS.RT.ZS,Natural gas rents (% of GDP),1987,0.00116971674760846,,1
AFE,Africa Eastern and Southern,NY.GDP.NGAS.RT.ZS,Natural gas rents (% of GDP),1986,0.00146872982657345,,1
AFE,Africa Eastern and Southern,NY.GDP.NGAS.RT.ZS,Natural gas rents (% of GDP),1985,0.00120950633655608,,1
AFE,Africa Eastern and Southern,NY.GDP.NGAS.RT.ZS,Natural gas rents (% of GDP),1984,0.00103786264007587,,1
AFE,Africa Eastern and Southern,NY.GDP.NGAS.RT.ZS,Natural gas rents (% of GDP),1983,0.000872028751651562,,1
AFE,Africa Eastern and Southern,NY.GDP.NGAS.RT.ZS,Natural gas rents (% of GDP),1982,0.000265417220843158,,1
AFE,Africa Eastern and Southern,NY.GDP.NGAS.RT.ZS,Natural gas rents (% of GDP),1981,0.000720253868921519,,1
AFE,Africa Eastern and Southern,NY.GDP.NGAS.RT.ZS,Natural gas rents (% of GDP),1980,0.00119176760093545,,1
AFE,Africa Eastern and Southern,NY.GDP.NGAS.RT.ZS,Natural gas rents (% of GDP),1979,0,,1
AFE,Africa Eastern and Southern,NY.GDP.NGAS.RT.ZS,Natural gas rents (% of GDP),1978,0,,1
AFE,Africa Eastern and Southern,NY.GDP.NGAS.RT.ZS,Natural gas rents (% of GDP),1977,0,,1
AFE,Africa Eastern and Southern,NY.GDP.NGAS.RT.ZS,Natural gas rents (% of GDP),1976,0,,1
AFE,Africa Eastern and Southern,NY.GDP.NGAS.RT.ZS,Natural gas rents (% of GDP),1975,0,,1
AFE,Africa Eastern and Southern,NY.GDP.NGAS.RT.ZS,Natural gas rents (% of GDP),1974,0,,1
AFE,Africa Eastern and Southern,NY.GDP.NGAS.RT.ZS,Natural gas rents (% of GDP),1973,0,,1
AFE,Africa Eastern and Southern,NY.GDP.NGAS.RT.ZS,Natural gas rents (% of GDP),1972,0,,1
AFE,Africa Eastern and Southern,NY.GDP.NGAS.RT.ZS,Natural gas rents (% of GDP),1971,0,,1
AFW,Africa Western and Central,NY.GDP.NGAS.RT.ZS,Natural gas rents (% of GDP),2021,0.862864215267149,,1
AFW,Africa Western and Central,NY.GDP.NGAS.RT.ZS,Natural gas rents (% of GDP),2020,0.505111596347623,,1
AFW,Africa Western and Central,NY.GDP.NGAS.RT.ZS,Natural gas rents (% of GDP),2019,0.664608033607313,,1
AFW,Africa Western and Central,NY.GDP.NGAS.RT.ZS,Natural gas rents (% of GDP),2018,0.685910541868793,,1
AFW,Africa Western and Central,NY.GDP.NGAS.RT.ZS,Natural gas rents (% of GDP),2017,0.47777214480224,,1
AFW,Africa Western and Central,NY.GDP.NGAS.RT.ZS,Natural gas rents (% of GDP),2016,0.365016226051183,,1
AFW,Africa Western and Central,NY.GDP.NGAS.RT.ZS,Natural gas rents (% of GDP),2015,0.494713866363632,,1
AFW,Africa Western and Central,NY.GDP.NGAS.RT.ZS,Natural gas rents (% of GDP),2014,0.581478575880533,,1
AFW,Africa Western and Central,NY.GDP.NGAS.RT.ZS,Natural gas rents (% of GDP),2013,0.582417391853618,,1
AFW,Africa Western and Central,NY.GDP.NGAS.RT.ZS,Natural gas rents (% of GDP),2012,0.745123284566492,,1
AFW,Africa Western and Central,NY.GDP.NGAS.RT.ZS,Natural gas rents (% of GDP),2011,0.72522909276658,,1
AFW,Africa Western and Central,NY.GDP.NGAS.RT.ZS,Natural gas rents (% of GDP),2010,0.490067298521763,,1
AFW,Africa Western and Central,NY.GDP.NGAS.RT.ZS,Natural gas rents (% of GDP),2009,0.407030670116035,,1
AFW,Africa Western and Central,NY.GDP.NGAS.RT.ZS,Natural gas rents (% of GDP),2008,0.551377935924671,,1
AFW,Africa Western and Central,NY.GDP.NGAS.RT.ZS,Natural gas rents (% of GDP),2007,0.512038035094397,,1
AFW,Africa Western and Central,NY.GDP.NGAS.RT.ZS,Natural gas rents (% of GDP),2006,0.490032518783794,,1
AFW,Africa Western and Central,NY.GDP.NGAS.RT.ZS,Natural gas rents (% of GDP),2005,0.181557336914012,,1
AFW,Africa Western and Central,NY.GDP.NGAS.RT.ZS,Natural gas rents (% of GDP),2004,0.398438521664402,,1
AFW,Africa Western and Central,NY.GDP.NGAS.RT.ZS,Natural gas rents (% of GDP),2003,0.42684025972698,,1
AFW,Africa Western and Central,NY.GDP.NGAS.RT.ZS,Natural gas rents (% of GDP),2002,0.292815107066348,,1
AFW,Africa Western and Central,NY.GDP.NGAS.RT.ZS,Natural gas rents (% of GDP),2001,0.396064315020142,,1
AFW,Africa Western and Central,NY.GDP.NGAS.RT.ZS,Natural gas rents (% of GDP),2000,0.303491136148885,,1
AFW,Africa Western and Central,NY.GDP.NGAS.RT.ZS,Natural gas rents (% of GDP),1999,0.105517357924207,,1
AFW,Africa Western and Central,NY.GDP.NGAS.RT.ZS,Natural gas rents (% of GDP),1998,0.126626201859734,,1
AFW,Africa Western and Central,NY.GDP.NGAS.RT.ZS,Natural gas rents (% of GDP),1997,0.166775926733546,,1
AFW,Africa Western and Central,NY.GDP.NGAS.RT.ZS,Natural gas rents (% of GDP),1996,0.168011242053183,,1
AFW,Africa Western and Central,NY.GDP.NGAS.RT.ZS,Natural gas rents (% of GDP),1995,0.172536616998732,,1
AFW,Africa Western and Central,NY.GDP.NGAS.RT.ZS,Natural gas rents (% of GDP),1994,0.18432166531473,,1
AFW,Africa Western and Central,NY.GDP.NGAS.RT.ZS,Natural gas rents (% of GDP),1993,0.162477210223389,,1
AFW,Africa Western and Central,NY.GDP.NGAS.RT.ZS,Natural gas rents (% of GDP),1992,0.0669658995346401,,1
AFW,Africa Western and Central,NY.GDP.NGAS.RT.ZS,Natural gas rents (% of GDP),1991,0.0732514856506789,,1
AFW,Africa Western and Central,NY.GDP.NGAS.RT.ZS,Natural gas rents (% of GDP),1990,0.0615836157779832,,1
AFW,Africa Western and Central,NY.GDP.NGAS.RT.ZS,Natural gas rents (% of GDP),1989,0.0644510608058136,,1
AFW,Africa Western and Central,NY.GDP.NGAS.RT.ZS,Natural gas rents (% of GDP),1988,0.0440026704430099,,1
AFW,Africa Western and Central,NY.GDP.NGAS.RT.ZS,Natural gas rents (% of GDP),1987,0.049587021199192,,1
AFW,Africa Western and Central,NY.GDP.NGAS.RT.ZS,Natural gas rents (% of GDP),1986,0.0552640792466124,,1
AFW,Africa Western and Central,NY.GDP.NGAS.RT.ZS,Natural gas rents (% of GDP),1985,0.0466537452252167,,1
AFW,Africa Western and Central,NY.GDP.NGAS.RT.ZS,Natural gas rents (% of GDP),1984,0.0403273190146479,,1
AFW,Africa Western and Central,NY.GDP.NGAS.RT.ZS,Natural gas rents (% of GDP),1983,0.0355317154019716,,1
AFW,Africa Western and Central,NY.GDP.NGAS.RT.ZS,Natural gas rents (% of GDP),1982,0.00718912615451862,,1
AFW,Africa Western and Central,NY.GDP.NGAS.RT.ZS,Natural gas rents (% of GDP),1981,0.0155146938107064,,1
AFW,Africa Western and Central,NY.GDP.NGAS.RT.ZS,Natural gas rents (% of GDP),1980,0.0360747286821277,,1
AFW,Africa Western and Central,NY.GDP.NGAS.RT.ZS,Natural gas rents (% of GDP),1979,0.0323570129000873,,1
AFW,Africa Western and Central,NY.GDP.NGAS.RT.ZS,Natural gas rents (% of GDP),1978,0.0214123445758702,,1
AFW,Africa Western and Central,NY.GDP.NGAS.RT.ZS,Natural gas rents (% of GDP),1977,0.0195677337281217,,1
AFW,Africa Western and Central,NY.GDP.NGAS.RT.ZS,Natural gas rents (% of GDP),1976,0.0180274792123008,,1
AFW,Africa Western and Central,NY.GDP.NGAS.RT.ZS,Natural gas rents (% of GDP),1975,0.0207791928879465,,1
AFW,Africa Western and Central,NY.GDP.NGAS.RT.ZS,Natural gas rents (% of GDP),1974,0.0188016318959377,,1
AFW,Africa Western and Central,NY.GDP.NGAS.RT.ZS,Natural gas rents (% of GDP),1973,0.01204345324127,,1
ARB,Arab World,NY.GDP.NGAS.RT.ZS,Natural gas rents (% of GDP),2021,2.80227619230852,,1
ARB,Arab World,NY.GDP.NGAS.RT.ZS,Natural gas rents (% of GDP),2020,1.95727086137714,,1
ARB,Arab World,NY.GDP.NGAS.RT.ZS,Natural gas rents (% of GDP),2019,1.73596061005544,,1
ARB,Arab World,NY.GDP.NGAS.RT.ZS,Natural gas rents (% of GDP),2018,1.77404530148833,,1
ARB,Arab World,NY.GDP.NGAS.RT.ZS,Natural gas rents (% of GDP),2017,1.21247656121292,,1
ARB,Arab World,NY.GDP.NGAS.RT.ZS,Natural gas rents (% of GDP),2016,1.00171847459736,,1
ARB,Arab World,NY.GDP.NGAS.RT.ZS,Natural gas rents (% of GDP),2015,1.2658706626445,,1
ARB,Arab World,NY.GDP.NGAS.RT.ZS,Natural gas rents (% of GDP),2014,1.49298227936407,,1
ARB,Arab World,NY.GDP.NGAS.RT.ZS,Natural gas rents (% of GDP),2013,1.60280552744441,,1
ARB,Arab World,NY.GDP.NGAS.RT.ZS,Natural gas rents (% of GDP),2012,1.60399141346898,,1
ARB,Arab World,NY.GDP.NGAS.RT.ZS,Natural gas rents (% of GDP),2011,1.60097884140795,,1
ARB,Arab World,NY.GDP.NGAS.RT.ZS,Natural gas rents (% of GDP),2010,1.40698192221285,,1
ARB,Arab World,NY.GDP.NGAS.RT.ZS,Natural gas rents (% of GDP),2009,1.61219292339826,,1
ARB,Arab World,NY.GDP.NGAS.RT.ZS,Natural gas rents (% of GDP),2008,1.31857055646752,,1
ARB,Arab World,NY.GDP.NGAS.RT.ZS,Natural gas rents (% of GDP),2007,1.48138228393222,,1
ARB,Arab World,NY.GDP.NGAS.RT.ZS,Natural gas rents (% of GDP),2006,1.59051170812284,,1
ARB,Arab World,NY.GDP.NGAS.RT.ZS,Natural gas rents (% of GDP),2005,1.56581128183899,,1
ARB,Arab World,NY.GDP.NGAS.RT.ZS,Natural gas rents (% of GDP),2004,1.33742836914414,,1
ARB,Arab World,NY.GDP.NGAS.RT.ZS,Natural gas rents (% of GDP),2003,1.38945983241314,,1
ARB,Arab World,NY.GDP.NGAS.RT.ZS,Natural gas rents (% of GDP),2002,1.53689290239745,,1
ARB,Arab World,NY.GDP.NGAS.RT.ZS,Natural gas rents (% of GDP),2001,1.72466896819508,,1
ARB,Arab World,NY.GDP.NGAS.RT.ZS,Natural gas rents (% of GDP),2000,1.39840861977944,,1
ARB,Arab World,NY.GDP.NGAS.RT.ZS,Natural gas rents (% of GDP),1999,1.16824406550473,,1
ARB,Arab World,NY.GDP.NGAS.RT.ZS,Natural gas rents (% of GDP),1998,1.29605738491869,,1
ARB,Arab World,NY.GDP.NGAS.RT.ZS,Natural gas rents (% of GDP),1997,1.27565912606922,,1
ARB,Arab World,NY.GDP.NGAS.RT.ZS,Natural gas rents (% of GDP),1996,1.18759252469168,,1
ARB,Arab World,NY.GDP.NGAS.RT.ZS,Natural gas rents (% of GDP),1995,1.11851847968075,,1
ARB,Arab World,NY.GDP.NGAS.RT.ZS,Natural gas rents (% of GDP),1994,1.02829338656135,,1
ARB,Arab World,NY.GDP.NGAS.RT.ZS,Natural gas rents (% of GDP),1993,0.991362770038682,,1
ARB,Arab World,NY.GDP.NGAS.RT.ZS,Natural gas rents (% of GDP),1992,0.944463416043,,1
ARB,Arab World,NY.GDP.NGAS.RT.ZS,Natural gas rents (% of GDP),1991,0.903588003423081,,1
ARB,Arab World,NY.GDP.NGAS.RT.ZS,Natural gas rents (% of GDP),1990,0.663138248995373,,1
ARB,Arab World,NY.GDP.NGAS.RT.ZS,Natural gas rents (% of GDP),1989,0.858274516493135,,1
ARB,Arab World,NY.GDP.NGAS.RT.ZS,Natural gas rents (% of GDP),1988,0.857085682806455,,1
ARB,Arab World,NY.GDP.NGAS.RT.ZS,Natural gas rents (% of GDP),1987,0.783143374349506,,1
ARB,Arab World,NY.GDP.NGAS.RT.ZS,Natural gas rents (% of GDP),1986,0.841077658261298,,1
ARB,Arab World,NY.GDP.NGAS.RT.ZS,Natural gas rents (% of GDP),1985,0.67537495427928,,1
ARB,Arab World,NY.GDP.NGAS.RT.ZS,Natural gas rents (% of GDP),1984,0.640409184046806,,1
ARB,Arab World,NY.GDP.NGAS.RT.ZS,Natural gas rents (% of GDP),1983,0.634390834821194,,1
ARB,Arab World,NY.GDP.NGAS.RT.ZS,Natural gas rents (% of GDP),1982,0.160813760785156,,1
ARB,Arab World,NY.GDP.NGAS.RT.ZS,Natural gas rents (% of GDP),1981,0.360023249666057,,1
ARB,Arab World,NY.GDP.NGAS.RT.ZS,Natural gas rents (% of GDP),1980,0.352739837212871,,1
ARB,Arab World,NY.GDP.NGAS.RT.ZS,Natural gas rents (% of GDP),1979,0.531503296380963,,1
ARB,Arab World,NY.GDP.NGAS.RT.ZS,Natural gas rents (% of GDP),1978,0.322996149156088,,1
ARB,Arab World,NY.GDP.NGAS.RT.ZS,Natural gas rents (% of GDP),1977,0.23515697606955,,1
ARB,Arab World,NY.GDP.NGAS.RT.ZS,Natural gas rents (% of GDP),1976,0.195994360647665,,1
ARB,Arab World,NY.GDP.NGAS.RT.ZS,Natural gas rents (% of GDP),1975,0.215567961213573,,1
ARB,Arab World,NY.GDP.NGAS.RT.ZS,Natural gas rents (% of GDP),1974,0.109619539381104,,1
ARB,Arab World,NY.GDP.NGAS.RT.ZS,Natural gas rents (% of GDP),1973,0.189969562603036,,1
ARB,Arab World,NY.GDP.NGAS.RT.ZS,Natural gas rents (% of GDP),1972,0.200204718752599,,1
ARB,Arab World,NY.GDP.NGAS.RT.ZS,Natural gas rents (% of GDP),1971,0.183295336395563,,1
CSS,Caribbean small states,NY.GDP.NGAS.RT.ZS,Natural gas rents (% of GDP),2021,1.96989403352181,,1
CSS,Caribbean small states,NY.GDP.NGAS.RT.ZS,Natural gas rents (% of GDP),2020,1.71793270995063,,1
CSS,Caribbean small states,NY.GDP.NGAS.RT.ZS,Natural gas rents (% of GDP),2019,3.11113152905491,,1
CSS,Caribbean small states,NY.GDP.NGAS.RT.ZS,Natural gas rents (% of GDP),2018,2.92723678506785,,1
CSS,Caribbean small states,NY.GDP.NGAS.RT.ZS,Natural gas rents (% of GDP),2017,1.2034810350058,,1
CSS,Caribbean small states,NY.GDP.NGAS.RT.ZS,Natural gas rents (% of GDP),2016,0.909952439142969,,1
CSS,Caribbean small states,NY.GDP.NGAS.RT.ZS,Natural gas rents (% of GDP),2015,2.24817668101289,,1
CSS,Caribbean small states,NY.GDP.NGAS.RT.ZS,Natural gas rents (% of GDP),2014,4.59031346565063,,1
CSS,Caribbean small states,NY.GDP.NGAS.RT.ZS,Natural gas rents (% of GDP),2013,5.74175989325237,,1
CSS,Caribbean small states,NY.GDP.NGAS.RT.ZS,Natural gas rents (% of GDP),2012,5.11993574585719,,1
CSS,Caribbean small states,NY.GDP.NGAS.RT.ZS,Natural gas rents (% of GDP),2011,5.23895349861876,,1
CSS,Caribbean small states,NY.GDP.NGAS.RT.ZS,Natural gas rents (% of GDP),2010,2.57285130134168,,1
CSS,Caribbean small states,NY.GDP.NGAS.RT.ZS,Natural gas rents (% of GDP),2009,3.85979879427954,,1
CSS,Caribbean small states,NY.GDP.NGAS.RT.ZS,Natural gas rents (% of GDP),2008,2.84085260177824,,1
CSS,Caribbean small states,NY.GDP.NGAS.RT.ZS,Natural gas rents (% of GDP),2007,2.9119802922135,,1
CSS,Caribbean small states,NY.GDP.NGAS.RT.ZS,Natural gas rents (% of GDP),2006,2.54069104188603,,1
CSS,Caribbean small states,NY.GDP.NGAS.RT.ZS,Natural gas rents (% of GDP),2005,1.77816551246659,,1
CSS,Caribbean small states,NY.GDP.NGAS.RT.ZS,Natural gas rents (% of GDP),2004,0.935314467953667,,1
CSS,Caribbean small states,NY.GDP.NGAS.RT.ZS,Natural gas rents (% of GDP),2003,0.98481234413028,,1
CSS,Caribbean small states,NY.GDP.NGAS.RT.ZS,Natural gas rents (% of GDP),2002,0.936461782338696,,1
CSS,Caribbean small states,NY.GDP.NGAS.RT.ZS,Natural gas rents (% of GDP),2001,1.10214846684835,,1
CSS,Caribbean small states,NY.GDP.NGAS.RT.ZS,Natural gas rents (% of GDP),2000,1.06641466038595,,1
CSS,Caribbean small states,NY.GDP.NGAS.RT.ZS,Natural gas rents (% of GDP),1999,0.540333129191833,,1
CSS,Caribbean small states,NY.GDP.NGAS.RT.ZS,Natural gas rents (% of GDP),1998,0.318664122253051,,1
CSS,Caribbean small states,NY.GDP.NGAS.RT.ZS,Natural gas rents (% of GDP),1997,0.44707389241703,,1
CSS,Caribbean small states,NY.GDP.NGAS.RT.ZS,Natural gas rents (% of GDP),1996,0.491229916667463,,1
CSS,Caribbean small states,NY.GDP.NGAS.RT.ZS,Natural gas rents (% of GDP),1995,0.453553552949372,,1
CSS,Caribbean small states,NY.GDP.NGAS.RT.ZS,Natural gas rents (% of GDP),1994,0.517502590024299,,1
CSS,Caribbean small states,NY.GDP.NGAS.RT.ZS,Natural gas rents (% of GDP),1993,0.55981548711332,,1
CSS,Caribbean small states,NY.GDP.NGAS.RT.ZS,Natural gas rents (% of GDP),1992,0.390285736169268,,1
CSS,Caribbean small states,NY.GDP.NGAS.RT.ZS,Natural gas rents (% of GDP),1991,0.459774464053858,,1
CSS,Caribbean small states,NY.GDP.NGAS.RT.ZS,Natural gas rents (% of GDP),1990,0.514198001469443,,1
CSS,Caribbean small states,NY.GDP.NGAS.RT.ZS,Natural gas rents (% of GDP),1989,0.397188884695412,,1
CSS,Caribbean small states,NY.GDP.NGAS.RT.ZS,Natural gas rents (% of GDP),1988,0.305171012493825,,1
CSS,Caribbean small states,NY.GDP.NGAS.RT.ZS,Natural gas rents (% of GDP),1987,0.333163348395532,,1
CSS,Caribbean small states,NY.GDP.NGAS.RT.ZS,Natural gas rents (% of GDP),1986,0.499766353399482,,1
CSS,Caribbean small states,NY.GDP.NGAS.RT.ZS,Natural gas rents (% of GDP),1985,0.722640832214962,,1
CSS,Caribbean small states,NY.GDP.NGAS.RT.ZS,Natural gas rents (% of GDP),1984,0.661930229772618,,1
CSS,Caribbean small states,NY.GDP.NGAS.RT.ZS,Natural gas rents (% of GDP),1983,0.407332666224492,,1
CSS,Caribbean small states,NY.GDP.NGAS.RT.ZS,Natural gas rents (% of GDP),1982,0.0597382700850847,,1
CSS,Caribbean small states,NY.GDP.NGAS.RT.ZS,Natural gas rents (% of GDP),1981,0.249671672516854,,1
CSS,Caribbean small states,NY.GDP.NGAS.RT.ZS,Natural gas rents (% of GDP),1980,0.451287035253474,,1
CEB,Central Europe and the Baltics,NY.GDP.NGAS.RT.ZS,Natural gas rents (% of GDP),2021,0.136105398549712,,1
CEB,Central Europe and the Baltics,NY.GDP.NGAS.RT.ZS,Natural gas rents (% of GDP),2020,0.0282106973892403,,1
CEB,Central Europe and the Baltics,NY.GDP.NGAS.RT.ZS,Natural gas rents (% of GDP),2019,0.0613933201221817,,1
CEB,Central Europe and the Baltics,NY.GDP.NGAS.RT.ZS,Natural gas rents (% of GDP),2018,0.0945134459904811,,1
CEB,Central Europe and the Baltics,NY.GDP.NGAS.RT.ZS,Natural gas rents (% of GDP),2017,0.0680431034276292,,1
CEB,Central Europe and the Baltics,NY.GDP.NGAS.RT.ZS,Natural gas rents (% of GDP),2016,0.0523624098639737,,1
CEB,Central Europe and the Baltics,NY.GDP.NGAS.RT.ZS,Natural gas rents (% of GDP),2015,0.0977790608041579,,1
CEB,Central Europe and the Baltics,NY.GDP.NGAS.RT.ZS,Natural gas rents (% of GDP),2014,0.117385628876364,,1
CEB,Central Europe and the Baltics,NY.GDP.NGAS.RT.ZS,Natural gas rents (% of GDP),2013,0.172431486784079,,1
CEB,Central Europe and the Baltics,NY.GDP.NGAS.RT.ZS,Natural gas rents (% of GDP),2012,0.19292107557442,,1
CEB,Central Europe and the Baltics,NY.GDP.NGAS.RT.ZS,Natural gas rents (% of GDP),2011,0.179184328859314,,1
CEB,Central Europe and the Baltics,NY.GDP.NGAS.RT.ZS,Natural gas rents (% of GDP),2010,0.126812573226803,,1
CEB,Central Europe and the Baltics,NY.GDP.NGAS.RT.ZS,Natural gas rents (% of GDP),2009,0.141420554932023,,1
CEB,Central Europe and the Baltics,NY.GDP.NGAS.RT.ZS,Natural gas rents (% of GDP),2008,0.168668297955439,,1
CEB,Central Europe and the Baltics,NY.GDP.NGAS.RT.ZS,Natural gas rents (% of GDP),2007,0.118912797711122,,1
CEB,Central Europe and the Baltics,NY.GDP.NGAS.RT.ZS,Natural gas rents (% of GDP),2006,0.147738176713881,,1
CEB,Central Europe and the Baltics,NY.GDP.NGAS.RT.ZS,Natural gas rents (% of GDP),2005,0.073954039112135,,1
CEB,Central Europe and the Baltics,NY.GDP.NGAS.RT.ZS,Natural gas rents (% of GDP),2004,0.104272169720214,,1
CEB,Central Europe and the Baltics,NY.GDP.NGAS.RT.ZS,Natural gas rents (% of GDP),2003,0.137443290029262,,1
CEB,Central Europe and the Baltics,NY.GDP.NGAS.RT.ZS,Natural gas rents (% of GDP),2002,0.151725405295625,,1
CEB,Central Europe and the Baltics,NY.GDP.NGAS.RT.ZS,Natural gas rents (% of GDP),2001,0.230376216248751,,1
CEB,Central Europe and the Baltics,NY.GDP.NGAS.RT.ZS,Natural gas rents (% of GDP),2000,0.117322639956432,,1
CEB,Central Europe and the Baltics,NY.GDP.NGAS.RT.ZS,Natural gas rents (% of GDP),1999,0.0169323962785017,,1
CEB,Central Europe and the Baltics,NY.GDP.NGAS.RT.ZS,Natural gas rents (% of GDP),1998,0.0171078422837424,,1
CEB,Central Europe and the Baltics,NY.GDP.NGAS.RT.ZS,Natural gas rents (% of GDP),1997,0.153746410757525,,1
CEB,Central Europe and the Baltics,NY.GDP.NGAS.RT.ZS,Natural gas rents (% of GDP),1996,0.154933817915685,,1
CEB,Central Europe and the Baltics,NY.GDP.NGAS.RT.ZS,Natural gas rents (% of GDP),1995,0.178421057525757,,1
CEB,Central Europe and the Baltics,NY.GDP.NGAS.RT.ZS,Natural gas rents (% of GDP),1994,0.137259297533311,,1
CEB,Central Europe and the Baltics,NY.GDP.NGAS.RT.ZS,Natural gas rents (% of GDP),1993,0.176493841662373,,1
CEB,Central Europe and the Baltics,NY.GDP.NGAS.RT.ZS,Natural gas rents (% of GDP),1992,0.0832471583732813,,1
CEB,Central Europe and the Baltics,NY.GDP.NGAS.RT.ZS,Natural gas rents (% of GDP),1991,0.188625405808002,,1
CEB,Central Europe and the Baltics,NY.GDP.NGAS.RT.ZS,Natural gas rents (% of GDP),1990,0.282556752753559,,1
CEB,Central Europe and the Baltics,NY.GDP.NGAS.RT.ZS,Natural gas rents (% of GDP),1989,0.522081169161659,,1
CEB,Central Europe and the Baltics,NY.GDP.NGAS.RT.ZS,Natural gas rents (% of GDP),1988,0.552315145192116,,1
CEB,Central Europe and the Baltics,NY.GDP.NGAS.RT.ZS,Natural gas rents (% of GDP),1987,0.606092983844685,,1
EAR,Early-demographic dividend,NY.GDP.NGAS.RT.ZS,Natural gas rents (% of GDP),2021,0.948686988484715,,1
EAR,Early-demographic dividend,NY.GDP.NGAS.RT.ZS,Natural gas rents (% of GDP),2020,0.652360171860447,,1
EAR,Early-demographic dividend,NY.GDP.NGAS.RT.ZS,Natural gas rents (% of GDP),2019,0.70887857233608,,1
EAR,Early-demographic dividend,NY.GDP.NGAS.RT.ZS,Natural gas rents (% of GDP),2018,0.753242725398134,,1
EAR,Early-demographic dividend,NY.GDP.NGAS.RT.ZS,Natural gas rents (% of GDP),2017,0.455661474856111,,1
EAR,Early-demographic dividend,NY.GDP.NGAS.RT.ZS,Natural gas rents (% of GDP),2016,0.402377164191347,,1
EAR,Early-demographic dividend,NY.GDP.NGAS.RT.ZS,Natural gas rents (% of GDP),2015,0.550085304547535,,1
EAR,Early-demographic dividend,NY.GDP.NGAS.RT.ZS,Natural gas rents (% of GDP),2014,0.675263640094853,,1
EAR,Early-demographic dividend,NY.GDP.NGAS.RT.ZS,Natural gas rents (% of GDP),2013,0.71174476962706,,1
EAR,Early-demographic dividend,NY.GDP.NGAS.RT.ZS,Natural gas rents (% of GDP),2012,0.724455540958045,,1
EAR,Early-demographic dividend,NY.GDP.NGAS.RT.ZS,Natural gas rents (% of GDP),2011,0.720607423865689,,1
EAR,Early-demographic dividend,NY.GDP.NGAS.RT.ZS,Natural gas rents (% of GDP),2010,0.581538337531703,,1
EAR,Early-demographic dividend,NY.GDP.NGAS.RT.ZS,Natural gas rents (% of GDP),2009,0.706724821063603,,1
EAR,Early-demographic dividend,NY.GDP.NGAS.RT.ZS,Natural gas rents (% of GDP),2008,0.706498028746752,,1
EAR,Early-demographic dividend,NY.GDP.NGAS.RT.ZS,Natural gas rents (% of GDP),2007,0.656879676835129,,1
EAR,Early-demographic dividend,NY.GDP.NGAS.RT.ZS,Natural gas rents (% of GDP),2006,0.76597463835269,,1
EAR,Early-demographic dividend,NY.GDP.NGAS.RT.ZS,Natural gas rents (% of GDP),2005,0.716597438342336,,1
EAR,Early-demographic dividend,NY.GDP.NGAS.RT.ZS,Natural gas rents (% of GDP),2004,0.640351504472775,,1
EAR,Early-demographic dividend,NY.GDP.NGAS.RT.ZS,Natural gas rents (% of GDP),2003,0.68378127279547,,1
EAR,Early-demographic dividend,NY.GDP.NGAS.RT.ZS,Natural gas rents (% of GDP),2002,0.69114892045152,,1
EAR,Early-demographic dividend,NY.GDP.NGAS.RT.ZS,Natural gas rents (% of GDP),2001,0.722740190442164,,1
EAR,Early-demographic dividend,NY.GDP.NGAS.RT.ZS,Natural gas rents (% of GDP),2000,0.605569214601897,,1
EAR,Early-demographic dividend,NY.GDP.NGAS.RT.ZS,Natural gas rents (% of GDP),1999,0.409636178667891,,1
EAR,Early-demographic dividend,NY.GDP.NGAS.RT.ZS,Natural gas rents (% of GDP),1998,0.384261117569623,,1
EAR,Early-demographic dividend,NY.GDP.NGAS.RT.ZS,Natural gas rents (% of GDP),1997,0.456591168880891,,1
EAR,Early-demographic dividend,NY.GDP.NGAS.RT.ZS,Natural gas rents (% of GDP),1996,0.451007298703596,,1
EAR,Early-demographic dividend,NY.GDP.NGAS.RT.ZS,Natural gas rents (% of GDP),1995,0.423330237206049,,1
EAR,Early-demographic dividend,NY.GDP.NGAS.RT.ZS,Natural gas rents (% of GDP),1994,0.392023723387712,,1
EAR,Early-demographic dividend,NY.GDP.NGAS.RT.ZS,Natural gas rents (% of GDP),1993,0.382296241990658,,1
EAR,Early-demographic dividend,NY.GDP.NGAS.RT.ZS,Natural gas rents (% of GDP),1992,0.319278889822047,,1
EAR,Early-demographic dividend,NY.GDP.NGAS.RT.ZS,Natural gas rents (% of GDP),1991,0.375050350736896,,1
EAR,Early-demographic dividend,NY.GDP.NGAS.RT.ZS,Natural gas rents (% of GDP),1990,0.461491817398518,,1
EAR,Early-demographic dividend,NY.GDP.NGAS.RT.ZS,Natural gas rents (% of GDP),1989,0.385379827484026,,1
EAR,Early-demographic dividend,NY.GDP.NGAS.RT.ZS,Natural gas rents (% of GDP),1988,0.345542511608752,,1
EAR,Early-demographic dividend,NY.GDP.NGAS.RT.ZS,Natural gas rents (% of GDP),1987,0.361117587539569,,1
EAR,Early-demographic dividend,NY.GDP.NGAS.RT.ZS,Natural gas rents (% of GDP),1986,0.332196835959771,,1
EAR,Early-demographic dividend,NY.GDP.NGAS.RT.ZS,Natural gas rents (% of GDP),1985,0.286465368492818,,1
EAR,Early-demographic dividend,NY.GDP.NGAS.RT.ZS,Natural gas rents (% of GDP),1984,0.275222695510599,,1
EAR,Early-demographic dividend,NY.GDP.NGAS.RT.ZS,Natural gas rents (% of GDP),1983,0.24178593354674,,1
EAR,Early-demographic dividend,NY.GDP.NGAS.RT.ZS,Natural gas rents (% of GDP),1982,0.0608134449537316,,1
EAR,Early-demographic dividend,NY.GDP.NGAS.RT.ZS,Natural gas rents (% of GDP),1981,0.159996734826699,,1
EAR,Early-demographic dividend,NY.GDP.NGAS.RT.ZS,Natural gas rents (% of GDP),1980,0.241053537412161,,1
EAR,Early-demographic dividend,NY.GDP.NGAS.RT.ZS,Natural gas rents (% of GDP),1979,0.247523731903813,,1
EAR,Early-demographic dividend,NY.GDP.NGAS.RT.ZS,Natural gas rents (% of GDP),1978,0.144260584265638,,1
EAR,Early-demographic dividend,NY.GDP.NGAS.RT.ZS,Natural gas rents (% of GDP),1977,0.119020198629885,,1
EAR,Early-demographic dividend,NY.GDP.NGAS.RT.ZS,Natural gas rents (% of GDP),1976,0.132081722945457,,1
EAR,Early-demographic dividend,NY.GDP.NGAS.RT.ZS,Natural gas rents (% of GDP),1975,0.133279199918376,,1
EAR,Early-demographic dividend,NY.GDP.NGAS.RT.ZS,Natural gas rents (% of GDP),1974,0.0642770012798085,,1
EAR,Early-demographic dividend,NY.GDP.NGAS.RT.ZS,Natural gas rents (% of GDP),1973,0.054833478542406,,1
EAR,Early-demographic dividend,NY.GDP.NGAS.RT.ZS,Natural gas rents (% of GDP),1972,0.0519646311561461,,1
EAR,Early-demographic dividend,NY.GDP.NGAS.RT.ZS,Natural gas rents (% of GDP),1971,0.0568995727967573,,1
EAR,Early-demographic dividend,NY.GDP.NGAS.RT.ZS,Natural gas rents (% of GDP),1970,0.0612927198935905,,1
EAS,East Asia & Pacific,NY.GDP.NGAS.RT.ZS,Natural gas rents (% of GDP),2021,0.336211310292151,,1
EAS,East Asia & Pacific,NY.GDP.NGAS.RT.ZS,Natural gas rents (% of GDP),2020,0.218475490076699,,1
EAS,East Asia & Pacific,NY.GDP.NGAS.RT.ZS,Natural gas rents (% of GDP),2019,0.271663751864665,,1
EAS,East Asia & Pacific,NY.GDP.NGAS.RT.ZS,Natural gas rents (% of GDP),2018,0.261669786581336,,1
EAS,East Asia & Pacific,NY.GDP.NGAS.RT.ZS,Natural gas rents (% of GDP),2017,0.184044460182932,,1
EAS,East Asia & Pacific,NY.GDP.NGAS.RT.ZS,Natural gas rents (% of GDP),2016,0.177032762425714,,1
EAS,East Asia & Pacific,NY.GDP.NGAS.RT.ZS,Natural gas rents (% of GDP),2015,0.237500682493788,,1
EAS,East Asia & Pacific,NY.GDP.NGAS.RT.ZS,Natural gas rents (% of GDP),2014,0.205285989636992,,1
EAS,East Asia & Pacific,NY.GDP.NGAS.RT.ZS,Natural gas rents (% of GDP),2013,0.151144619770825,,1
EAS,East Asia & Pacific,NY.GDP.NGAS.RT.ZS,Natural gas rents (% of GDP),2012,0.147829523976552,,1
EAS,East Asia & Pacific,NY.GDP.NGAS.RT.ZS,Natural gas rents (% of GDP),2011,0.161594848889566,,1
EAS,East Asia & Pacific,NY.GDP.NGAS.RT.ZS,Natural gas rents (% of GDP),2010,0.167552830462245,,1
EAS,East Asia & Pacific,NY.GDP.NGAS.RT.ZS,Natural gas rents (% of GDP),2009,0.166203805619051,,1
EAS,East Asia & Pacific,NY.GDP.NGAS.RT.ZS,Natural gas rents (% of GDP),2008,0.17488722832676,,1
EAS,East Asia & Pacific,NY.GDP.NGAS.RT.ZS,Natural gas rents (% of GDP),2007,0.174798779456888,,1
EAS,East Asia & Pacific,NY.GDP.NGAS.RT.ZS,Natural gas rents (% of GDP),2006,0.194107325426383,,1
EAS,East Asia & Pacific,NY.GDP.NGAS.RT.ZS,Natural gas rents (% of GDP),2005,0.220051923955324,,1
EAS,East Asia & Pacific,NY.GDP.NGAS.RT.ZS,Natural gas rents (% of GDP),2004,0.212123064129111,,1
EAS,East Asia & Pacific,NY.GDP.NGAS.RT.ZS,Natural gas rents (% of GDP),2003,0.198154294266402,,1
EAS,East Asia & Pacific,NY.GDP.NGAS.RT.ZS,Natural gas rents (% of GDP),2002,0.165584861338821,,1
EAS,East Asia & Pacific,NY.GDP.NGAS.RT.ZS,Natural gas rents (% of GDP),2001,0.180149901539444,,1
EAS,East Asia & Pacific,NY.GDP.NGAS.RT.ZS,Natural gas rents (% of GDP),2000,0.180623003087691,,1
EAS,East Asia & Pacific,NY.GDP.NGAS.RT.ZS,Natural gas rents (% of GDP),1999,0.119384850844233,,1
EAS,East Asia & Pacific,NY.GDP.NGAS.RT.ZS,Natural gas rents (% of GDP),1998,0.113903840979656,,1
EAS,East Asia & Pacific,NY.GDP.NGAS.RT.ZS,Natural gas rents (% of GDP),1997,0.140530359527127,,1
EAS,East Asia & Pacific,NY.GDP.NGAS.RT.ZS,Natural gas rents (% of GDP),1996,0.121632495360281,,1
EAS,East Asia & Pacific,NY.GDP.NGAS.RT.ZS,Natural gas rents (% of GDP),1995,0.0916702115954698,,1
EAS,East Asia & Pacific,NY.GDP.NGAS.RT.ZS,Natural gas rents (% of GDP),1994,0.0950017418437325,,1
EAS,East Asia & Pacific,NY.GDP.NGAS.RT.ZS,Natural gas rents (% of GDP),1993,0.0861796977742257,,1
EAS,East Asia & Pacific,NY.GDP.NGAS.RT.ZS,Natural gas rents (% of GDP),1992,0.0774607207415946,,1
EAS,East Asia & Pacific,NY.GDP.NGAS.RT.ZS,Natural gas rents (% of GDP),1991,0.0746666192722854,,1
EAS,East Asia & Pacific,NY.GDP.NGAS.RT.ZS,Natural gas rents (% of GDP),1990,0.0927658278023998,,1
EAS,East Asia & Pacific,NY.GDP.NGAS.RT.ZS,Natural gas rents (% of GDP),1989,0.0673397364291498,,1
EAS,East Asia & Pacific,NY.GDP.NGAS.RT.ZS,Natural gas rents (% of GDP),1988,0.0605200700638208,,1
EAS,East Asia & Pacific,NY.GDP.NGAS.RT.ZS,Natural gas rents (% of GDP),1987,0.082979520187382,,1
EAS,East Asia & Pacific,NY.GDP.NGAS.RT.ZS,Natural gas rents (% of GDP),1986,0.104921543599786,,1
EAS,East Asia & Pacific,NY.GDP.NGAS.RT.ZS,Natural gas rents (% of GDP),1985,0.083290792414267,,1
EAS,East Asia & Pacific,NY.GDP.NGAS.RT.ZS,Natural gas rents (% of GDP),1984,0.0640887251964193,,1
EAS,East Asia & Pacific,NY.GDP.NGAS.RT.ZS,Natural gas rents (% of GDP),1983,0.0454900030905863,,1
EAS,East Asia & Pacific,NY.GDP.NGAS.RT.ZS,Natural gas rents (% of GDP),1982,0.0210525444379086,,1
EAS,East Asia & Pacific,NY.GDP.NGAS.RT.ZS,Natural gas rents (% of GDP),1981,0.0596420770732188,,1
EAS,East Asia & Pacific,NY.GDP.NGAS.RT.ZS,Natural gas rents (% of GDP),1980,0.157875321820654,,1
EAS,East Asia & Pacific,NY.GDP.NGAS.RT.ZS,Natural gas rents (% of GDP),1979,0.123229933477973,,1
EAS,East Asia & Pacific,NY.GDP.NGAS.RT.ZS,Natural gas rents (% of GDP),1978,0.114658626487397,,1
EAS,East Asia & Pacific,NY.GDP.NGAS.RT.ZS,Natural gas rents (% of GDP),1977,0.107333836584624,,1
EAS,East Asia & Pacific,NY.GDP.NGAS.RT.ZS,Natural gas rents (% of GDP),1976,0.108351006329114,,1
EAS,East Asia & Pacific,NY.GDP.NGAS.RT.ZS,Natural gas rents (% of GDP),1975,0.09473056452066,,1
EAS,East Asia & Pacific,NY.GDP.NGAS.RT.ZS,Natural gas rents (% of GDP),1974,0.0498670757360696,,1
EAS,East Asia & Pacific,NY.GDP.NGAS.RT.ZS,Natural gas rents (% of GDP),1973,0.00771690050351373,,1
EAS,East Asia & Pacific,NY.GDP.NGAS.RT.ZS,Natural gas rents (% of GDP),1972,0.00485630703165832,,1
EAS,East Asia & Pacific,NY.GDP.NGAS.RT.ZS,Natural gas rents (% of GDP),1971,0.00335979949434421,,1
EAS,East Asia & Pacific,NY.GDP.NGAS.RT.ZS,Natural gas rents (% of GDP),1970,0,,1
EAP,East Asia & Pacific (excluding high income),NY.GDP.NGAS.RT.ZS,Natural gas rents (% of GDP),2021,0.347802985934301,,1
EAP,East Asia & Pacific (excluding high income),NY.GDP.NGAS.RT.ZS,Natural gas rents (% of GDP),2020,0.22836179474731,,1
EAP,East Asia & Pacific (excluding high income),NY.GDP.NGAS.RT.ZS,Natural gas rents (% of GDP),2019,0.294226756316715,,1
EAP,East Asia & Pacific (excluding high income),NY.GDP.NGAS.RT.ZS,Natural gas rents (% of GDP),2018,0.295600868039106,,1
EAP,East Asia & Pacific (excluding high income),NY.GDP.NGAS.RT.ZS,Natural gas rents (% of GDP),2017,0.218396960046349,,1
EAP,East Asia & Pacific (excluding high income),NY.GDP.NGAS.RT.ZS,Natural gas rents (% of GDP),2016,0.22443412146033,,1
EAP,East Asia & Pacific (excluding high income),NY.GDP.NGAS.RT.ZS,Natural gas rents (% of GDP),2015,0.303566425901318,,1
EAP,East Asia & Pacific (excluding high income),NY.GDP.NGAS.RT.ZS,Natural gas rents (% of GDP),2014,0.273261158507043,,1
EAP,East Asia & Pacific (excluding high income),NY.GDP.NGAS.RT.ZS,Natural gas rents (% of GDP),2013,0.208782381721895,,1
EAP,East Asia & Pacific (excluding high income),NY.GDP.NGAS.RT.ZS,Natural gas rents (% of GDP),2012,0.226565930953638,,1
EAP,East Asia & Pacific (excluding high income),NY.GDP.NGAS.RT.ZS,Natural gas rents (% of GDP),2011,0.254404624723967,,1
EAP,East Asia & Pacific (excluding high income),NY.GDP.NGAS.RT.ZS,Natural gas rents (% of GDP),2010,0.28036671947263,,1
EAP,East Asia & Pacific (excluding high income),NY.GDP.NGAS.RT.ZS,Natural gas rents (% of GDP),2009,0.287405304581652,,1
EAP,East Asia & Pacific (excluding high income),NY.GDP.NGAS.RT.ZS,Natural gas rents (% of GDP),2008,0.318662368428758,,1
EAP,East Asia & Pacific (excluding high income),NY.GDP.NGAS.RT.ZS,Natural gas rents (% of GDP),2007,0.346290326067972,,1
EAP,East Asia & Pacific (excluding high income),NY.GDP.NGAS.RT.ZS,Natural gas rents (% of GDP),2006,0.43380381658949,,1
EAP,East Asia & Pacific (excluding high income),NY.GDP.NGAS.RT.ZS,Natural gas rents (% of GDP),2005,0.566034270926258,,1
EAP,East Asia & Pacific (excluding high income),NY.GDP.NGAS.RT.ZS,Natural gas rents (% of GDP),2004,0.583277688505662,,1
EAP,East Asia & Pacific (excluding high income),NY.GDP.NGAS.RT.ZS,Natural gas rents (% of GDP),2003,0.556154215259695,,1
EAP,East Asia & Pacific (excluding high income),NY.GDP.NGAS.RT.ZS,Natural gas rents (% of GDP),2002,0.46780110622731,,1
EAP,East Asia & Pacific (excluding high income),NY.GDP.NGAS.RT.ZS,Natural gas rents (% of GDP),2001,0.546213353035584,,1
EAP,East Asia & Pacific (excluding high income),NY.GDP.NGAS.RT.ZS,Natural gas rents (% of GDP),2000,0.626245548270318,,1
EAP,East Asia & Pacific (excluding high income),NY.GDP.NGAS.RT.ZS,Natural gas rents (% of GDP),1999,0.41141720106474,,1
EAP,East Asia & Pacific (excluding high income),NY.GDP.NGAS.RT.ZS,Natural gas rents (% of GDP),1998,0.384337602104495,,1
EAP,East Asia & Pacific (excluding high income),NY.GDP.NGAS.RT.ZS,Natural gas rents (% of GDP),1997,0.477972654523372,,1
EAP,East Asia & Pacific (excluding high income),NY.GDP.NGAS.RT.ZS,Natural gas rents (% of GDP),1996,0.439312383436667,,1
EAP,East Asia & Pacific (excluding high income),NY.GDP.NGAS.RT.ZS,Natural gas rents (% of GDP),1995,0.380157932350975,,1
EAP,East Asia & Pacific (excluding high income),NY.GDP.NGAS.RT.ZS,Natural gas rents (% of GDP),1994,0.43634560711583,,1
EAP,East Asia & Pacific (excluding high income),NY.GDP.NGAS.RT.ZS,Natural gas rents (% of GDP),1993,0.418400747840982,,1
EAP,East Asia & Pacific (excluding high income),NY.GDP.NGAS.RT.ZS,Natural gas rents (% of GDP),1992,0.368965556852602,,1
EAP,East Asia & Pacific (excluding high income),NY.GDP.NGAS.RT.ZS,Natural gas rents (% of GDP),1991,0.364447096839064,,1
EAP,East Asia & Pacific (excluding high income),NY.GDP.NGAS.RT.ZS,Natural gas rents (% of GDP),1990,0.42404614613947,,1
EAP,East Asia & Pacific (excluding high income),NY.GDP.NGAS.RT.ZS,Natural gas rents (% of GDP),1989,0.326905367787777,,1
EAP,East Asia & Pacific (excluding high income),NY.GDP.NGAS.RT.ZS,Natural gas rents (% of GDP),1988,0.301924704936797,,1
EAP,East Asia & Pacific (excluding high income),NY.GDP.NGAS.RT.ZS,Natural gas rents (% of GDP),1987,0.376048993166282,,1
EAP,East Asia & Pacific (excluding high income),NY.GDP.NGAS.RT.ZS,Natural gas rents (% of GDP),1986,0.392634007576948,,1
EAP,East Asia & Pacific (excluding high income),NY.GDP.NGAS.RT.ZS,Natural gas rents (% of GDP),1985,0.230304505569652,,1
EAP,East Asia & Pacific (excluding high income),NY.GDP.NGAS.RT.ZS,Natural gas rents (% of GDP),1984,0.182392802894,,1
EAP,East Asia & Pacific (excluding high income),NY.GDP.NGAS.RT.ZS,Natural gas rents (% of GDP),1983,0.120239843918068,,1
EAP,East Asia & Pacific (excluding high income),NY.GDP.NGAS.RT.ZS,Natural gas rents (% of GDP),1982,0.0504145744590024,,1
EAP,East Asia & Pacific (excluding high income),NY.GDP.NGAS.RT.ZS,Natural gas rents (% of GDP),1981,0.15679746538043,,1
EAP,East Asia & Pacific (excluding high income),NY.GDP.NGAS.RT.ZS,Natural gas rents (% of GDP),1980,0.417193432896585,,1
EAP,East Asia & Pacific (excluding high income),NY.GDP.NGAS.RT.ZS,Natural gas rents (% of GDP),1979,0.476159092377169,,1
EAP,East Asia & Pacific (excluding high income),NY.GDP.NGAS.RT.ZS,Natural gas rents (% of GDP),1978,0.319871199834083,,1
EAP,East Asia & Pacific (excluding high income),NY.GDP.NGAS.RT.ZS,Natural gas rents (% of GDP),1977,0.184421597070195,,1
EAP,East Asia & Pacific (excluding high income),NY.GDP.NGAS.RT.ZS,Natural gas rents (% of GDP),1976,0.163107255010557,,1
EAP,East Asia & Pacific (excluding high income),NY.GDP.NGAS.RT.ZS,Natural gas rents (% of GDP),1975,0.140211646226295,,1
EAP,East Asia & Pacific (excluding high income),NY.GDP.NGAS.RT.ZS,Natural gas rents (% of GDP),1974,0.0748475849895701,,1
EAP,East Asia & Pacific (excluding high income),NY.GDP.NGAS.RT.ZS,Natural gas rents (% of GDP),1973,0.0140839495525622,,1
EAP,East Asia & Pacific (excluding high income),NY.GDP.NGAS.RT.ZS,Natural gas rents (% of GDP),1972,0.00879113349952946,,1
EAP,East Asia & Pacific (excluding high income),NY.GDP.NGAS.RT.ZS,Natural gas rents (% of GDP),1971,0.00585054752687505,,1
EAP,East Asia & Pacific (excluding high income),NY.GDP.NGAS.RT.ZS,Natural gas rents (% of GDP),1970,0,,1
TEA,East Asia & Pacific (IDA & IBRD countries),NY.GDP.NGAS.RT.ZS,Natural gas rents (% of GDP),2021,0.34780010915295,,1
TEA,East Asia & Pacific (IDA & IBRD countries),NY.GDP.NGAS.RT.ZS,Natural gas rents (% of GDP),2020,0.228360193559483,,1
TEA,East Asia & Pacific (IDA & IBRD countries),NY.GDP.NGAS.RT.ZS,Natural gas rents (% of GDP),2019,0.294224649742002,,1
TEA,East Asia & Pacific (IDA & IBRD countries),NY.GDP.NGAS.RT.ZS,Natural gas rents (% of GDP),2018,0.295598574167786,,1
TEA,East Asia & Pacific (IDA & IBRD countries),NY.GDP.NGAS.RT.ZS,Natural gas rents (% of GDP),2017,0.218395378033402,,1
TEA,East Asia & Pacific (IDA & IBRD countries),NY.GDP.NGAS.RT.ZS,Natural gas rents (% of GDP),2016,0.224432538159297,,1
TEA,East Asia & Pacific (IDA & IBRD countries),NY.GDP.NGAS.RT.ZS,Natural gas rents (% of GDP),2015,0.303564522112554,,1
TEA,East Asia & Pacific (IDA & IBRD countries),NY.GDP.NGAS.RT.ZS,Natural gas rents (% of GDP),2014,0.273259072268175,,1
TEA,East Asia & Pacific (IDA & IBRD countries),NY.GDP.NGAS.RT.ZS,Natural gas rents (% of GDP),2013,0.208780743779558,,1
TEA,East Asia & Pacific (IDA & IBRD countries),NY.GDP.NGAS.RT.ZS,Natural gas rents (% of GDP),2012,0.226565930953638,,1
TEA,East Asia & Pacific (IDA & IBRD countries),NY.GDP.NGAS.RT.ZS,Natural gas rents (% of GDP),2011,0.254404624723967,,1
TEA,East Asia & Pacific (IDA & IBRD countries),NY.GDP.NGAS.RT.ZS,Natural gas rents (% of GDP),2010,0.28036671947263,,1
TEA,East Asia & Pacific (IDA & IBRD countries),NY.GDP.NGAS.RT.ZS,Natural gas rents (% of GDP),2009,0.287405304581652,,1
TEA,East Asia & Pacific (IDA & IBRD countries),NY.GDP.NGAS.RT.ZS,Natural gas rents (% of GDP),2008,0.318662368428758,,1
TEA,East Asia & Pacific (IDA & IBRD countries),NY.GDP.NGAS.RT.ZS,Natural gas rents (% of GDP),2007,0.346290326067972,,1
TEA,East Asia & Pacific (IDA & IBRD countries),NY.GDP.NGAS.RT.ZS,Natural gas rents (% of GDP),2006,0.43380381658949,,1
TEA,East Asia & Pacific (IDA & IBRD countries),NY.GDP.NGAS.RT.ZS,Natural gas rents (% of GDP),2005,0.566034270926257,,1
TEA,East Asia & Pacific (IDA & IBRD countries),NY.GDP.NGAS.RT.ZS,Natural gas rents (% of GDP),2004,0.583277688505662,,1
TEA,East Asia & Pacific (IDA & IBRD countries),NY.GDP.NGAS.RT.ZS,Natural gas rents (% of GDP),2003,0.556154215259695,,1
TEA,East Asia & Pacific (IDA & IBRD countries),NY.GDP.NGAS.RT.ZS,Natural gas rents (% of GDP),2002,0.46780110622731,,1
TEA,East Asia & Pacific (IDA & IBRD countries),NY.GDP.NGAS.RT.ZS,Natural gas rents (% of GDP),2001,0.546213353035584,,1
TEA,East Asia & Pacific (IDA & IBRD countries),NY.GDP.NGAS.RT.ZS,Natural gas rents (% of GDP),2000,0.626245548270318,,1
TEA,East Asia & Pacific (IDA & IBRD countries),NY.GDP.NGAS.RT.ZS,Natural gas rents (% of GDP),1999,0.41141720106474,,1
TEA,East Asia & Pacific (IDA & IBRD countries),NY.GDP.NGAS.RT.ZS,Natural gas rents (% of GDP),1998,0.384337602104495,,1
TEA,East Asia & Pacific (IDA & IBRD countries),NY.GDP.NGAS.RT.ZS,Natural gas rents (% of GDP),1997,0.477972654523372,,1
TEA,East Asia & Pacific (IDA & IBRD countries),NY.GDP.NGAS.RT.ZS,Natural gas rents (% of GDP),1996,0.439312383436667,,1
TEA,East Asia & Pacific (IDA & IBRD countries),NY.GDP.NGAS.RT.ZS,Natural gas rents (% of GDP),1995,0.380157932350975,,1
TEA,East Asia & Pacific (IDA & IBRD countries),NY.GDP.NGAS.RT.ZS,Natural gas rents (% of GDP),1994,0.436345607115831,,1
TEA,East Asia & Pacific (IDA & IBRD countries),NY.GDP.NGAS.RT.ZS,Natural gas rents (% of GDP),1993,0.418400747840982,,1
TEA,East Asia & Pacific (IDA & IBRD countries),NY.GDP.NGAS.RT.ZS,Natural gas rents (% of GDP),1992,0.368965556852602,,1
TEA,East Asia & Pacific (IDA & IBRD countries),NY.GDP.NGAS.RT.ZS,Natural gas rents (% of GDP),1991,0.364447096839064,,1
TEA,East Asia & Pacific (IDA & IBRD countries),NY.GDP.NGAS.RT.ZS,Natural gas rents (% of GDP),1990,0.42404614613947,,1
TEA,East Asia & Pacific (IDA & IBRD countries),NY.GDP.NGAS.RT.ZS,Natural gas rents (% of GDP),1989,0.326905367787777,,1
TEA,East Asia & Pacific (IDA & IBRD countries),NY.GDP.NGAS.RT.ZS,Natural gas rents (% of GDP),1988,0.301924704936797,,1
TEA,East Asia & Pacific (IDA & IBRD countries),NY.GDP.NGAS.RT.ZS,Natural gas rents (% of GDP),1987,0.376048993166282,,1
TEA,East Asia & Pacific (IDA & IBRD countries),NY.GDP.NGAS.RT.ZS,Natural gas rents (% of GDP),1986,0.392634007576948,,1
TEA,East Asia & Pacific (IDA & IBRD countries),NY.GDP.NGAS.RT.ZS,Natural gas rents (% of GDP),1985,0.230304505569652,,1
TEA,East Asia & Pacific (IDA & IBRD countries),NY.GDP.NGAS.RT.ZS,Natural gas rents (% of GDP),1984,0.182392802894,,1
TEA,East Asia & Pacific (IDA & IBRD countries),NY.GDP.NGAS.RT.ZS,Natural gas rents (% of GDP),1983,0.120239843918068,,1
TEA,East Asia & Pacific (IDA & IBRD countries),NY.GDP.NGAS.RT.ZS,Natural gas rents (% of GDP),1982,0.0504145744590024,,1
TEA,East Asia & Pacific (IDA & IBRD countries),NY.GDP.NGAS.RT.ZS,Natural gas rents (% of GDP),1981,0.15679746538043,,1
TEA,East Asia & Pacific (IDA & IBRD countries),NY.GDP.NGAS.RT.ZS,Natural gas rents (% of GDP),1980,0.417193432896585,,1
TEA,East Asia & Pacific (IDA & IBRD countries),NY.GDP.NGAS.RT.ZS,Natural gas rents (% of GDP),1979,0.476159092377168,,1
TEA,East Asia & Pacific (IDA & IBRD countries),NY.GDP.NGAS.RT.ZS,Natural gas rents (% of GDP),1978,0.319871199834083,,1
TEA,East Asia & Pacific (IDA & IBRD countries),NY.GDP.NGAS.RT.ZS,Natural gas rents (% of GDP),1977,0.184421597070195,,1
TEA,East Asia & Pacific (IDA & IBRD countries),NY.GDP.NGAS.RT.ZS,Natural gas rents (% of GDP),1976,0.163107255010557,,1
TEA,East Asia & Pacific (IDA & IBRD countries),NY.GDP.NGAS.RT.ZS,Natural gas rents (% of GDP),1975,0.140211646226295,,1
TEA,East Asia & Pacific (IDA & IBRD countries),NY.GDP.NGAS.RT.ZS,Natural gas rents (% of GDP),1974,0.0748475849895701,,1
TEA,East Asia & Pacific (IDA & IBRD countries),NY.GDP.NGAS.RT.ZS,Natural gas rents (% of GDP),1973,0.0140839495525622,,1
TEA,East Asia & Pacific (IDA & IBRD countries),NY.GDP.NGAS.RT.ZS,Natural gas rents (% of GDP),1972,0.00879113349952946,,1
TEA,East Asia & Pacific (IDA & IBRD countries),NY.GDP.NGAS.RT.ZS,Natural gas rents (% of GDP),1971,0.00585054752687505,,1
TEA,East Asia & Pacific (IDA & IBRD countries),NY.GDP.NGAS.RT.ZS,Natural gas rents (% of GDP),1970,0,,1
EMU,Euro area,NY.GDP.NGAS.RT.ZS,Natural gas rents (% of GDP),2021,0.0344903718149335,,1
EMU,Euro area,NY.GDP.NGAS.RT.ZS,Natural gas rents (% of GDP),2020,0.00771270496683724,,1
EMU,Euro area,NY.GDP.NGAS.RT.ZS,Natural gas rents (% of GDP),2019,0.019841812417962,,1
EMU,Euro area,NY.GDP.NGAS.RT.ZS,Natural gas rents (% of GDP),2018,0.0323018902346693,,1
EMU,Euro area,NY.GDP.NGAS.RT.ZS,Natural gas rents (% of GDP),2017,0.0252497062368949,,1
EMU,Euro area,NY.GDP.NGAS.RT.ZS,Natural gas rents (% of GDP),2016,0.0215800953775331,,1
EMU,Euro area,NY.GDP.NGAS.RT.ZS,Natural gas rents (% of GDP),2015,0.036953403392948,,1
EMU,Euro area,NY.GDP.NGAS.RT.ZS,Natural gas rents (% of GDP),2014,0.0536273037038123,,1
EMU,Euro area,NY.GDP.NGAS.RT.ZS,Natural gas rents (% of GDP),2013,0.0919854212216348,,1
EMU,Euro area,NY.GDP.NGAS.RT.ZS,Natural gas rents (% of GDP),2012,0.0965114968196205,,1
EMU,Euro area,NY.GDP.NGAS.RT.ZS,Natural gas rents (% of GDP),2011,0.0880879662853688,,1
EMU,Euro area,NY.GDP.NGAS.RT.ZS,Natural gas rents (% of GDP),2010,0.0659095623695959,,1
EMU,Euro area,NY.GDP.NGAS.RT.ZS,Natural gas rents (% of GDP),2009,0.0657660774844198,,1
EMU,Euro area,NY.GDP.NGAS.RT.ZS,Natural gas rents (% of GDP),2008,0.0914017822356732,,1
EMU,Euro area,NY.GDP.NGAS.RT.ZS,Natural gas rents (% of GDP),2007,0.0523094202302883,,1
EMU,Euro area,NY.GDP.NGAS.RT.ZS,Natural gas rents (% of GDP),2006,0.0604432857906606,,1
EMU,Euro area,NY.GDP.NGAS.RT.ZS,Natural gas rents (% of GDP),2005,0.028945726052665,,1
EMU,Euro area,NY.GDP.NGAS.RT.ZS,Natural gas rents (% of GDP),2004,0.0382132498202128,,1
EMU,Euro area,NY.GDP.NGAS.RT.ZS,Natural gas rents (% of GDP),2003,0.0457079977545484,,1
EMU,Euro area,NY.GDP.NGAS.RT.ZS,Natural gas rents (% of GDP),2002,0.0536641362086652,,1
EMU,Euro area,NY.GDP.NGAS.RT.ZS,Natural gas rents (% of GDP),2001,0.0787491803652597,,1
EMU,Euro area,NY.GDP.NGAS.RT.ZS,Natural gas rents (% of GDP),2000,0.0366351233698051,,1
EMU,Euro area,NY.GDP.NGAS.RT.ZS,Natural gas rents (% of GDP),1999,0.00508491473042162,,1
EMU,Euro area,NY.GDP.NGAS.RT.ZS,Natural gas rents (% of GDP),1998,0.0054419775480879,,1
EMU,Euro area,NY.GDP.NGAS.RT.ZS,Natural gas rents (% of GDP),1997,0.0448527914987315,,1
EMU,Euro area,NY.GDP.NGAS.RT.ZS,Natural gas rents (% of GDP),1996,0.041470971758545,,1
EMU,Euro area,NY.GDP.NGAS.RT.ZS,Natural gas rents (% of GDP),1995,0.0402636591268054,,1
EMU,Euro area,NY.GDP.NGAS.RT.ZS,Natural gas rents (% of GDP),1994,0.0245175357072056,,1
EMU,Euro area,NY.GDP.NGAS.RT.ZS,Natural gas rents (% of GDP),1993,0.0272700662897035,,1
EMU,Euro area,NY.GDP.NGAS.RT.ZS,Natural gas rents (% of GDP),1992,0.0109068957534256,,1
EMU,Euro area,NY.GDP.NGAS.RT.ZS,Natural gas rents (% of GDP),1991,0.0224315651641052,,1
EMU,Euro area,NY.GDP.NGAS.RT.ZS,Natural gas rents (% of GDP),1990,0.0303228021098483,,1
EMU,Euro area,NY.GDP.NGAS.RT.ZS,Natural gas rents (% of GDP),1989,0.0243508465878597,,1
EMU,Euro area,NY.GDP.NGAS.RT.ZS,Natural gas rents (% of GDP),1988,0.0220474359637141,,1
EMU,Euro area,NY.GDP.NGAS.RT.ZS,Natural gas rents (% of GDP),1987,0.0299455365112389,,1
EMU,Euro area,NY.GDP.NGAS.RT.ZS,Natural gas rents (% of GDP),1986,0.0688827866543394,,1
EMU,Euro area,NY.GDP.NGAS.RT.ZS,Natural gas rents (% of GDP),1985,0.102260496830884,,1
EMU,Euro area,NY.GDP.NGAS.RT.ZS,Natural gas rents (% of GDP),1984,0.11395311020101,,1
EMU,Euro area,NY.GDP.NGAS.RT.ZS,Natural gas rents (% of GDP),1983,0.107265850961124,,1
EMU,Euro area,NY.GDP.NGAS.RT.ZS,Natural gas rents (% of GDP),1982,0.0576484403748106,,1
EMU,Euro area,NY.GDP.NGAS.RT.ZS,Natural gas rents (% of GDP),1981,0.134996130509129,,1
EMU,Euro area,NY.GDP.NGAS.RT.ZS,Natural gas rents (% of GDP),1980,0.185666777218377,,1
EMU,Euro area,NY.GDP.NGAS.RT.ZS,Natural gas rents (% of GDP),1979,0.159679525744724,,1
EMU,Euro area,NY.GDP.NGAS.RT.ZS,Natural gas rents (% of GDP),1978,0.111339387900059,,1
EMU,Euro area,NY.GDP.NGAS.RT.ZS,Natural gas rents (% of GDP),1977,0.130648366859686,,1
EMU,Euro area,NY.GDP.NGAS.RT.ZS,Natural gas rents (% of GDP),1976,0.159964751083199,,1
EMU,Euro area,NY.GDP.NGAS.RT.ZS,Natural gas rents (% of GDP),1975,0.15100300146898,,1
EMU,Euro area,NY.GDP.NGAS.RT.ZS,Natural gas rents (% of GDP),1974,0.116201705796404,,1
EMU,Euro area,NY.GDP.NGAS.RT.ZS,Natural gas rents (% of GDP),1973,0.0370235376357391,,1
EMU,Euro area,NY.GDP.NGAS.RT.ZS,Natural gas rents (% of GDP),1972,0.0501977894856133,,1
EMU,Euro area,NY.GDP.NGAS.RT.ZS,Natural gas rents (% of GDP),1971,0.0355594546108226,,1
EMU,Euro area,NY.GDP.NGAS.RT.ZS,Natural gas rents (% of GDP),1970,0.0259825979542149,,1
ECS,Europe & Central Asia,NY.GDP.NGAS.RT.ZS,Natural gas rents (% of GDP),2021,0.629841540614436,,1
ECS,Europe & Central Asia,NY.GDP.NGAS.RT.ZS,Natural gas rents (% of GDP),2020,0.117267006095771,,1
ECS,Europe & Central Asia,NY.GDP.NGAS.RT.ZS,Natural gas rents (% of GDP),2019,0.264575739215268,,1
ECS,Europe & Central Asia,NY.GDP.NGAS.RT.ZS,Natural gas rents (% of GDP),2018,0.379259048343854,,1
ECS,Europe & Central Asia,NY.GDP.NGAS.RT.ZS,Natural gas rents (% of GDP),2017,0.245405274321787,,1
ECS,Europe & Central Asia,NY.GDP.NGAS.RT.ZS,Natural gas rents (% of GDP),2016,0.179456763607195,,1
ECS,Europe & Central Asia,NY.GDP.NGAS.RT.ZS,Natural gas rents (% of GDP),2015,0.295933872252917,,1
ECS,Europe & Central Asia,NY.GDP.NGAS.RT.ZS,Natural gas rents (% of GDP),2014,0.352956080648206,,1
ECS,Europe & Central Asia,NY.GDP.NGAS.RT.ZS,Natural gas rents (% of GDP),2013,0.521894017349273,,1
ECS,Europe & Central Asia,NY.GDP.NGAS.RT.ZS,Natural gas rents (% of GDP),2012,0.553538950737927,,1
ECS,Europe & Central Asia,NY.GDP.NGAS.RT.ZS,Natural gas rents (% of GDP),2011,0.516855721514595,,1
ECS,Europe & Central Asia,NY.GDP.NGAS.RT.ZS,Natural gas rents (% of GDP),2010,0.364869732831807,,1
ECS,Europe & Central Asia,NY.GDP.NGAS.RT.ZS,Natural gas rents (% of GDP),2009,0.38416999067085,,1
ECS,Europe & Central Asia,NY.GDP.NGAS.RT.ZS,Natural gas rents (% of GDP),2008,0.534935473852268,,1
ECS,Europe & Central Asia,NY.GDP.NGAS.RT.ZS,Natural gas rents (% of GDP),2007,0.314654431796287,,1
ECS,Europe & Central Asia,NY.GDP.NGAS.RT.ZS,Natural gas rents (% of GDP),2006,0.358468408357559,,1
ECS,Europe & Central Asia,NY.GDP.NGAS.RT.ZS,Natural gas rents (% of GDP),2005,0.172275626728249,,1
ECS,Europe & Central Asia,NY.GDP.NGAS.RT.ZS,Natural gas rents (% of GDP),2004,0.213237509282591,,1
ECS,Europe & Central Asia,NY.GDP.NGAS.RT.ZS,Natural gas rents (% of GDP),2003,0.274189552106382,,1
ECS,Europe & Central Asia,NY.GDP.NGAS.RT.ZS,Natural gas rents (% of GDP),2002,0.296135476081584,,1
ECS,Europe & Central Asia,NY.GDP.NGAS.RT.ZS,Natural gas rents (% of GDP),2001,0.419211056257167,,1
ECS,Europe & Central Asia,NY.GDP.NGAS.RT.ZS,Natural gas rents (% of GDP),2000,0.198170436801755,,1
ECS,Europe & Central Asia,NY.GDP.NGAS.RT.ZS,Natural gas rents (% of GDP),1999,0.0268445519987817,,1
ECS,Europe & Central Asia,NY.GDP.NGAS.RT.ZS,Natural gas rents (% of GDP),1998,0.0266448573026578,,1
ECS,Europe & Central Asia,NY.GDP.NGAS.RT.ZS,Natural gas rents (% of GDP),1997,0.207068336514887,,1
ECS,Europe & Central Asia,NY.GDP.NGAS.RT.ZS,Natural gas rents (% of GDP),1996,0.190890424248606,,1
ECS,Europe & Central Asia,NY.GDP.NGAS.RT.ZS,Natural gas rents (% of GDP),1995,0.199960923880205,,1
ECS,Europe & Central Asia,NY.GDP.NGAS.RT.ZS,Natural gas rents (% of GDP),1994,0.126452547841503,,1
ECS,Europe & Central Asia,NY.GDP.NGAS.RT.ZS,Natural gas rents (% of GDP),1993,0.14158410886127,,1
ECS,Europe & Central Asia,NY.GDP.NGAS.RT.ZS,Natural gas rents (% of GDP),1992,0.0581025249533733,,1
ECS,Europe & Central Asia,NY.GDP.NGAS.RT.ZS,Natural gas rents (% of GDP),1991,0.121436891058238,,1
ECS,Europe & Central Asia,NY.GDP.NGAS.RT.ZS,Natural gas rents (% of GDP),1990,0.175229624212012,,1
ECS,Europe & Central Asia,NY.GDP.NGAS.RT.ZS,Natural gas rents (% of GDP),1989,0.12816304160842,,1
ECS,Europe & Central Asia,NY.GDP.NGAS.RT.ZS,Natural gas rents (% of GDP),1988,0.12007384422031,,1
ECS,Europe & Central Asia,NY.GDP.NGAS.RT.ZS,Natural gas rents (% of GDP),1987,0.0642004206945285,,1
ECS,Europe & Central Asia,NY.GDP.NGAS.RT.ZS,Natural gas rents (% of GDP),1986,0.0859072717097597,,1
ECS,Europe & Central Asia,NY.GDP.NGAS.RT.ZS,Natural gas rents (% of GDP),1985,0.117830749107335,,1
ECS,Europe & Central Asia,NY.GDP.NGAS.RT.ZS,Natural gas rents (% of GDP),1984,0.129329778147115,,1
ECS,Europe & Central Asia,NY.GDP.NGAS.RT.ZS,Natural gas rents (% of GDP),1983,0.122281274082768,,1
ECS,Europe & Central Asia,NY.GDP.NGAS.RT.ZS,Natural gas rents (% of GDP),1982,0.0657932588376477,,1
ECS,Europe & Central Asia,NY.GDP.NGAS.RT.ZS,Natural gas rents (% of GDP),1981,0.146862515263339,,1
ECS,Europe & Central Asia,NY.GDP.NGAS.RT.ZS,Natural gas rents (% of GDP),1980,0.204110973168663,,1
ECS,Europe & Central Asia,NY.GDP.NGAS.RT.ZS,Natural gas rents (% of GDP),1979,0.178295546286296,,1
ECS,Europe & Central Asia,NY.GDP.NGAS.RT.ZS,Natural gas rents (% of GDP),1978,0.122536985333347,,1
ECS,Europe & Central Asia,NY.GDP.NGAS.RT.ZS,Natural gas rents (% of GDP),1977,0.13473674170621,,1
ECS,Europe & Central Asia,NY.GDP.NGAS.RT.ZS,Natural gas rents (% of GDP),1976,0.158223647875278,,1
ECS,Europe & Central Asia,NY.GDP.NGAS.RT.ZS,Natural gas rents (% of GDP),1975,0.148352661410429,,1
ECS,Europe & Central Asia,NY.GDP.NGAS.RT.ZS,Natural gas rents (% of GDP),1974,0.114775660354992,,1
ECS,Europe & Central Asia,NY.GDP.NGAS.RT.ZS,Natural gas rents (% of GDP),1973,0.0358696052016273,,1
ECS,Europe & Central Asia,NY.GDP.NGAS.RT.ZS,Natural gas rents (% of GDP),1972,0.0482404997925935,,1
ECS,Europe & Central Asia,NY.GDP.NGAS.RT.ZS,Natural gas rents (% of GDP),1971,0.0327598028114124,,1
ECS,Europe & Central Asia,NY.GDP.NGAS.RT.ZS,Natural gas rents (% of GDP),1970,0.0225051102108201,,1
ECA,Europe & Central Asia (excluding high income),NY.GDP.NGAS.RT.ZS,Natural gas rents (% of GDP),2021,1.23034586599019,,1
ECA,Europe & Central Asia (excluding high income),NY.GDP.NGAS.RT.ZS,Natural gas rents (% of GDP),2020,0.238793709035661,,1
ECA,Europe & Central Asia (excluding high income),NY.GDP.NGAS.RT.ZS,Natural gas rents (% of GDP),2019,0.711383627010252,,1
ECA,Europe & Central Asia (excluding high income),NY.GDP.NGAS.RT.ZS,Natural gas rents (% of GDP),2018,1.04072925231981,,1
ECA,Europe & Central Asia (excluding high income),NY.GDP.NGAS.RT.ZS,Natural gas rents (% of GDP),2017,0.604367939657945,,1
ECA,Europe & Central Asia (excluding high income),NY.GDP.NGAS.RT.ZS,Natural gas rents (% of GDP),2016,0.438472063344754,,1
ECA,Europe & Central Asia (excluding high income),NY.GDP.NGAS.RT.ZS,Natural gas rents (% of GDP),2015,0.70890711080182,,1
ECA,Europe & Central Asia (excluding high income),NY.GDP.NGAS.RT.ZS,Natural gas rents (% of GDP),2014,0.832157042047101,,1
ECA,Europe & Central Asia (excluding high income),NY.GDP.NGAS.RT.ZS,Natural gas rents (% of GDP),2013,1.08292050524265,,1
ECA,Europe & Central Asia (excluding high income),NY.GDP.NGAS.RT.ZS,Natural gas rents (% of GDP),2012,1.17233133249251,,1
ECA,Europe & Central Asia (excluding high income),NY.GDP.NGAS.RT.ZS,Natural gas rents (% of GDP),2011,1.14037465797624,,1
ECA,Europe & Central Asia (excluding high income),NY.GDP.NGAS.RT.ZS,Natural gas rents (% of GDP),2010,0.77289476985348,,1
ECA,Europe & Central Asia (excluding high income),NY.GDP.NGAS.RT.ZS,Natural gas rents (% of GDP),2009,0.962805472882854,,1
ECA,Europe & Central Asia (excluding high income),NY.GDP.NGAS.RT.ZS,Natural gas rents (% of GDP),2008,1.34420714908753,,1
ECA,Europe & Central Asia (excluding high income),NY.GDP.NGAS.RT.ZS,Natural gas rents (% of GDP),2007,0.834746366473876,,1
ECA,Europe & Central Asia (excluding high income),NY.GDP.NGAS.RT.ZS,Natural gas rents (% of GDP),2006,0.937701636840098,,1
ECA,Europe & Central Asia (excluding high income),NY.GDP.NGAS.RT.ZS,Natural gas rents (% of GDP),2005,0.484622586655756,,1
ECA,Europe & Central Asia (excluding high income),NY.GDP.NGAS.RT.ZS,Natural gas rents (% of GDP),2004,0.673699579980237,,1
ECA,Europe & Central Asia (excluding high income),NY.GDP.NGAS.RT.ZS,Natural gas rents (% of GDP),2003,0.989787723485383,,1
ECA,Europe & Central Asia (excluding high income),NY.GDP.NGAS.RT.ZS,Natural gas rents (% of GDP),2002,1.09839769598746,,1
ECA,Europe & Central Asia (excluding high income),NY.GDP.NGAS.RT.ZS,Natural gas rents (% of GDP),2001,1.69305858931356,,1
ECA,Europe & Central Asia (excluding high income),NY.GDP.NGAS.RT.ZS,Natural gas rents (% of GDP),2000,0.656505297251423,,1
ECA,Europe & Central Asia (excluding high income),NY.GDP.NGAS.RT.ZS,Natural gas rents (% of GDP),1999,0.0823005036689504,,1
ECA,Europe & Central Asia (excluding high income),NY.GDP.NGAS.RT.ZS,Natural gas rents (% of GDP),1998,0.0705128313539062,,1
ECA,Europe & Central Asia (excluding high income),NY.GDP.NGAS.RT.ZS,Natural gas rents (% of GDP),1997,0.586542744299895,,1
ECA,Europe & Central Asia (excluding high income),NY.GDP.NGAS.RT.ZS,Natural gas rents (% of GDP),1996,0.626453084715523,,1
ECA,Europe & Central Asia (excluding high income),NY.GDP.NGAS.RT.ZS,Natural gas rents (% of GDP),1995,0.665828547763725,,1
ECA,Europe & Central Asia (excluding high income),NY.GDP.NGAS.RT.ZS,Natural gas rents (% of GDP),1994,0.533409842951501,,1
ECA,Europe & Central Asia (excluding high income),NY.GDP.NGAS.RT.ZS,Natural gas rents (% of GDP),1993,0.552941475840206,,1
ECA,Europe & Central Asia (excluding high income),NY.GDP.NGAS.RT.ZS,Natural gas rents (% of GDP),1992,0.233208784712808,,1
ECA,Europe & Central Asia (excluding high income),NY.GDP.NGAS.RT.ZS,Natural gas rents (% of GDP),1991,0.511632357581208,,1
ECA,Europe & Central Asia (excluding high income),NY.GDP.NGAS.RT.ZS,Natural gas rents (% of GDP),1990,0.804268597252936,,1
ECA,Europe & Central Asia (excluding high income),NY.GDP.NGAS.RT.ZS,Natural gas rents (% of GDP),1989,0.543612189300725,,1
ECA,Europe & Central Asia (excluding high income),NY.GDP.NGAS.RT.ZS,Natural gas rents (% of GDP),1988,0.561971399971559,,1
ECA,Europe & Central Asia (excluding high income),NY.GDP.NGAS.RT.ZS,Natural gas rents (% of GDP),1987,0.734483868823732,,1
ECA,Europe & Central Asia (excluding high income),NY.GDP.NGAS.RT.ZS,Natural gas rents (% of GDP),1986,0.021648096282594,,1
ECA,Europe & Central Asia (excluding high income),NY.GDP.NGAS.RT.ZS,Natural gas rents (% of GDP),1985,0.0136112952035191,,1
ECA,Europe & Central Asia (excluding high income),NY.GDP.NGAS.RT.ZS,Natural gas rents (% of GDP),1984,0.0157440256119928,,1
ECA,Europe & Central Asia (excluding high income),NY.GDP.NGAS.RT.ZS,Natural gas rents (% of GDP),1983,0.00249881406713819,,1
ECA,Europe & Central Asia (excluding high income),NY.GDP.NGAS.RT.ZS,Natural gas rents (% of GDP),1982,0.00082279795465204,,1
ECA,Europe & Central Asia (excluding high income),NY.GDP.NGAS.RT.ZS,Natural gas rents (% of GDP),1981,0.00107371949419083,,1
ECA,Europe & Central Asia (excluding high income),NY.GDP.NGAS.RT.ZS,Natural gas rents (% of GDP),1980,0.00203664977586871,,1
ECA,Europe & Central Asia (excluding high income),NY.GDP.NGAS.RT.ZS,Natural gas rents (% of GDP),1979,0.00143303389997144,,1
ECA,Europe & Central Asia (excluding high income),NY.GDP.NGAS.RT.ZS,Natural gas rents (% of GDP),1978,0.000842952383778082,,1
ECA,Europe & Central Asia (excluding high income),NY.GDP.NGAS.RT.ZS,Natural gas rents (% of GDP),1977,0.00071834606140658,,1
ECA,Europe & Central Asia (excluding high income),NY.GDP.NGAS.RT.ZS,Natural gas rents (% of GDP),1976,0.000666239881244398,,1
ECA,Europe & Central Asia (excluding high income),NY.GDP.NGAS.RT.ZS,Natural gas rents (% of GDP),1975,0.000254344099309778,,1
ECA,Europe & Central Asia (excluding high income),NY.GDP.NGAS.RT.ZS,Natural gas rents (% of GDP),1974,0.000141344338174577,,1
ECA,Europe & Central Asia (excluding high income),NY.GDP.NGAS.RT.ZS,Natural gas rents (% of GDP),1973,4.5894152307382e-05,,1
ECA,Europe & Central Asia (excluding high income),NY.GDP.NGAS.RT.ZS,Natural gas rents (% of GDP),1972,4.43133705096737e-05,,1
ECA,Europe & Central Asia (excluding high income),NY.GDP.NGAS.RT.ZS,Natural gas rents (% of GDP),1971,1.18826983142512e-05,,1
ECA,Europe & Central Asia (excluding high income),NY.GDP.NGAS.RT.ZS,Natural gas rents (% of GDP),1970,0,,1
TEC,Europe & Central Asia (IDA & IBRD countries),NY.GDP.NGAS.RT.ZS,Natural gas rents (% of GDP),2021,2.82110046785521,,1
TEC,Europe & Central Asia (IDA & IBRD countries),NY.GDP.NGAS.RT.ZS,Natural gas rents (% of GDP),2020,0.527628030702917,,1
TEC,Europe & Central Asia (IDA & IBRD countries),NY.GDP.NGAS.RT.ZS,Natural gas rents (% of GDP),2019,1.16518511420193,,1
TEC,Europe & Central Asia (IDA & IBRD countries),NY.GDP.NGAS.RT.ZS,Natural gas rents (% of GDP),2018,1.69624640122347,,1
TEC,Europe & Central Asia (IDA & IBRD countries),NY.GDP.NGAS.RT.ZS,Natural gas rents (% of GDP),2017,1.04216328091206,,1
TEC,Europe & Central Asia (IDA & IBRD countries),NY.GDP.NGAS.RT.ZS,Natural gas rents (% of GDP),2016,0.798017674119933,,1
TEC,Europe & Central Asia (IDA & IBRD countries),NY.GDP.NGAS.RT.ZS,Natural gas rents (% of GDP),2015,1.26515271060873,,1
TEC,Europe & Central Asia (IDA & IBRD countries),NY.GDP.NGAS.RT.ZS,Natural gas rents (% of GDP),2014,1.36830616251603,,1
TEC,Europe & Central Asia (IDA & IBRD countries),NY.GDP.NGAS.RT.ZS,Natural gas rents (% of GDP),2013,1.86512895627708,,1
TEC,Europe & Central Asia (IDA & IBRD countries),NY.GDP.NGAS.RT.ZS,Natural gas rents (% of GDP),2012,1.97816216145615,,1
TEC,Europe & Central Asia (IDA & IBRD countries),NY.GDP.NGAS.RT.ZS,Natural gas rents (% of GDP),2011,2.02129833498522,,1
TEC,Europe & Central Asia (IDA & IBRD countries),NY.GDP.NGAS.RT.ZS,Natural gas rents (% of GDP),2010,1.49787479621036,,1
TEC,Europe & Central Asia (IDA & IBRD countries),NY.GDP.NGAS.RT.ZS,Natural gas rents (% of GDP),2009,1.78354785980171,,1
TEC,Europe & Central Asia (IDA & IBRD countries),NY.GDP.NGAS.RT.ZS,Natural gas rents (% of GDP),2008,2.28933421908632,,1
TEC,Europe & Central Asia (IDA & IBRD countries),NY.GDP.NGAS.RT.ZS,Natural gas rents (% of GDP),2007,1.52897019601612,,1
TEC,Europe & Central Asia (IDA & IBRD countries),NY.GDP.NGAS.RT.ZS,Natural gas rents (% of GDP),2006,1.89254212531403,,1
TEC,Europe & Central Asia (IDA & IBRD countries),NY.GDP.NGAS.RT.ZS,Natural gas rents (% of GDP),2005,0.999449095770169,,1
TEC,Europe & Central Asia (IDA & IBRD countries),NY.GDP.NGAS.RT.ZS,Natural gas rents (% of GDP),2004,1.42332009000259,,1
TEC,Europe & Central Asia (IDA & IBRD countries),NY.GDP.NGAS.RT.ZS,Natural gas rents (% of GDP),2003,2.04418165735258,,1
TEC,Europe & Central Asia (IDA & IBRD countries),NY.GDP.NGAS.RT.ZS,Natural gas rents (% of GDP),2002,2.21063257313613,,1
TEC,Europe & Central Asia (IDA & IBRD countries),NY.GDP.NGAS.RT.ZS,Natural gas rents (% of GDP),2001,3.2319526939143,,1
TEC,Europe & Central Asia (IDA & IBRD countries),NY.GDP.NGAS.RT.ZS,Natural gas rents (% of GDP),2000,1.5393905971516,,1
TEC,Europe & Central Asia (IDA & IBRD countries),NY.GDP.NGAS.RT.ZS,Natural gas rents (% of GDP),1999,0.241487893027559,,1
TEC,Europe & Central Asia (IDA & IBRD countries),NY.GDP.NGAS.RT.ZS,Natural gas rents (% of GDP),1998,0.210700491746796,,1
TEC,Europe & Central Asia (IDA & IBRD countries),NY.GDP.NGAS.RT.ZS,Natural gas rents (% of GDP),1997,1.43684253572362,,1
TEC,Europe & Central Asia (IDA & IBRD countries),NY.GDP.NGAS.RT.ZS,Natural gas rents (% of GDP),1996,1.45316919182378,,1
TEC,Europe & Central Asia (IDA & IBRD countries),NY.GDP.NGAS.RT.ZS,Natural gas rents (% of GDP),1995,1.61735695672896,,1
TEC,Europe & Central Asia (IDA & IBRD countries),NY.GDP.NGAS.RT.ZS,Natural gas rents (% of GDP),1994,1.10181117636068,,1
TEC,Europe & Central Asia (IDA & IBRD countries),NY.GDP.NGAS.RT.ZS,Natural gas rents (% of GDP),1993,1.08194954183987,,1
TEC,Europe & Central Asia (IDA & IBRD countries),NY.GDP.NGAS.RT.ZS,Natural gas rents (% of GDP),1992,0.486352066745641,,1
TEC,Europe & Central Asia (IDA & IBRD countries),NY.GDP.NGAS.RT.ZS,Natural gas rents (% of GDP),1991,0.901492699374614,,1
TEC,Europe & Central Asia (IDA & IBRD countries),NY.GDP.NGAS.RT.ZS,Natural gas rents (% of GDP),1990,1.27191141070797,,1
TEC,Europe & Central Asia (IDA & IBRD countries),NY.GDP.NGAS.RT.ZS,Natural gas rents (% of GDP),1989,0.914828285510145,,1
TEC,Europe & Central Asia (IDA & IBRD countries),NY.GDP.NGAS.RT.ZS,Natural gas rents (% of GDP),1988,0.825705896482519,,1
TEC,Europe & Central Asia (IDA & IBRD countries),NY.GDP.NGAS.RT.ZS,Natural gas rents (% of GDP),1987,0.696191709583702,,1
TEC,Europe & Central Asia (IDA & IBRD countries),NY.GDP.NGAS.RT.ZS,Natural gas rents (% of GDP),1986,0.0175513945607348,,1
TEC,Europe & Central Asia (IDA & IBRD countries),NY.GDP.NGAS.RT.ZS,Natural gas rents (% of GDP),1985,0.0114086842051232,,1
TEC,Europe & Central Asia (IDA & IBRD countries),NY.GDP.NGAS.RT.ZS,Natural gas rents (% of GDP),1984,0.0136297602852067,,1
TEC,Europe & Central Asia (IDA & IBRD countries),NY.GDP.NGAS.RT.ZS,Natural gas rents (% of GDP),1983,0.00365419375544683,,1
TEC,Europe & Central Asia (IDA & IBRD countries),NY.GDP.NGAS.RT.ZS,Natural gas rents (% of GDP),1982,0.00192294215028627,,1
TEC,Europe & Central Asia (IDA & IBRD countries),NY.GDP.NGAS.RT.ZS,Natural gas rents (% of GDP),1981,0.00516747575723175,,1
TEC,Europe & Central Asia (IDA & IBRD countries),NY.GDP.NGAS.RT.ZS,Natural gas rents (% of GDP),1980,0.010214268646177,,1
TEC,Europe & Central Asia (IDA & IBRD countries),NY.GDP.NGAS.RT.ZS,Natural gas rents (% of GDP),1979,0.00143303389997144,,1
TEC,Europe & Central Asia (IDA & IBRD countries),NY.GDP.NGAS.RT.ZS,Natural gas rents (% of GDP),1978,0.000842952383778082,,1
TEC,Europe & Central Asia (IDA & IBRD countries),NY.GDP.NGAS.RT.ZS,Natural gas rents (% of GDP),1977,0.00071834606140658,,1
TEC,Europe & Central Asia (IDA & IBRD countries),NY.GDP.NGAS.RT.ZS,Natural gas rents (% of GDP),1976,0.000666239881244398,,1
TEC,Europe & Central Asia (IDA & IBRD countries),NY.GDP.NGAS.RT.ZS,Natural gas rents (% of GDP),1975,0.000254344099309778,,1
TEC,Europe & Central Asia (IDA & IBRD countries),NY.GDP.NGAS.RT.ZS,Natural gas rents (% of GDP),1974,0.000141344338174577,,1
TEC,Europe & Central Asia (IDA & IBRD countries),NY.GDP.NGAS.RT.ZS,Natural gas rents (% of GDP),1973,4.5894152307382e-05,,1
TEC,Europe & Central Asia (IDA & IBRD countries),NY.GDP.NGAS.RT.ZS,Natural gas rents (% of GDP),1972,4.43133705096737e-05,,1
TEC,Europe & Central Asia (IDA & IBRD countries),NY.GDP.NGAS.RT.ZS,Natural gas rents (% of GDP),1971,1.18826983142512e-05,,1
TEC,Europe & Central Asia (IDA & IBRD countries),NY.GDP.NGAS.RT.ZS,Natural gas rents (% of GDP),1970,0,,1
EUU,European Union,NY.GDP.NGAS.RT.ZS,Natural gas rents (% of GDP),2021,0.0449013805102113,,1
EUU,European Union,NY.GDP.NGAS.RT.ZS,Natural gas rents (% of GDP),2020,0.00974878419539078,,1
EUU,European Union,NY.GDP.NGAS.RT.ZS,Natural gas rents (% of GDP),2019,0.0244260383370037,,1
EUU,European Union,NY.GDP.NGAS.RT.ZS,Natural gas rents (% of GDP),2018,0.0391685514698386,,1
EUU,European Union,NY.GDP.NGAS.RT.ZS,Natural gas rents (% of GDP),2017,0.0297920526693774,,1
EUU,European Union,NY.GDP.NGAS.RT.ZS,Natural gas rents (% of GDP),2016,0.0244895114948346,,1
EUU,European Union,NY.GDP.NGAS.RT.ZS,Natural gas rents (% of GDP),2015,0.0426589330180965,,1
EUU,European Union,NY.GDP.NGAS.RT.ZS,Natural gas rents (% of GDP),2014,0.0591395885441454,,1
EUU,European Union,NY.GDP.NGAS.RT.ZS,Natural gas rents (% of GDP),2013,0.0980964658334055,,1
EUU,European Union,NY.GDP.NGAS.RT.ZS,Natural gas rents (% of GDP),2012,0.10463656310174,,1
EUU,European Union,NY.GDP.NGAS.RT.ZS,Natural gas rents (% of GDP),2011,0.0960890103158938,,1
EUU,European Union,NY.GDP.NGAS.RT.ZS,Natural gas rents (% of GDP),2010,0.0720021802534766,,1
EUU,European Union,NY.GDP.NGAS.RT.ZS,Natural gas rents (% of GDP),2009,0.0741680441254601,,1
EUU,European Union,NY.GDP.NGAS.RT.ZS,Natural gas rents (% of GDP),2008,0.101984100065965,,1
EUU,European Union,NY.GDP.NGAS.RT.ZS,Natural gas rents (% of GDP),2007,0.059346498454188,,1
EUU,European Union,NY.GDP.NGAS.RT.ZS,Natural gas rents (% of GDP),2006,0.0696027274778313,,1
EUU,European Union,NY.GDP.NGAS.RT.ZS,Natural gas rents (% of GDP),2005,0.0334806133859379,,1
EUU,European Union,NY.GDP.NGAS.RT.ZS,Natural gas rents (% of GDP),2004,0.0436073537093465,,1
EUU,European Union,NY.GDP.NGAS.RT.ZS,Natural gas rents (% of GDP),2003,0.0523319147780216,,1
EUU,European Union,NY.GDP.NGAS.RT.ZS,Natural gas rents (% of GDP),2002,0.0611163821229914,,1
EUU,European Union,NY.GDP.NGAS.RT.ZS,Natural gas rents (% of GDP),2001,0.089696120139443,,1
EUU,European Union,NY.GDP.NGAS.RT.ZS,Natural gas rents (% of GDP),2000,0.0419019445637022,,1
EUU,European Union,NY.GDP.NGAS.RT.ZS,Natural gas rents (% of GDP),1999,0.00579718722256551,,1
EUU,European Union,NY.GDP.NGAS.RT.ZS,Natural gas rents (% of GDP),1998,0.00615237486301615,,1
EUU,European Union,NY.GDP.NGAS.RT.ZS,Natural gas rents (% of GDP),1997,0.0508857133388157,,1
EUU,European Union,NY.GDP.NGAS.RT.ZS,Natural gas rents (% of GDP),1996,0.0466104527730722,,1
EUU,European Union,NY.GDP.NGAS.RT.ZS,Natural gas rents (% of GDP),1995,0.0461549496782327,,1
EUU,European Union,NY.GDP.NGAS.RT.ZS,Natural gas rents (% of GDP),1994,0.028364426163726,,1
EUU,European Union,NY.GDP.NGAS.RT.ZS,Natural gas rents (% of GDP),1993,0.0319886151024465,,1
EUU,European Union,NY.GDP.NGAS.RT.ZS,Natural gas rents (% of GDP),1992,0.0127726029045169,,1
EUU,European Union,NY.GDP.NGAS.RT.ZS,Natural gas rents (% of GDP),1991,0.0267886879170271,,1
EUU,European Union,NY.GDP.NGAS.RT.ZS,Natural gas rents (% of GDP),1990,0.0362801369000503,,1
EUU,European Union,NY.GDP.NGAS.RT.ZS,Natural gas rents (% of GDP),1989,0.0297127497719469,,1
EUU,European Union,NY.GDP.NGAS.RT.ZS,Natural gas rents (% of GDP),1988,0.0279453060364307,,1
EUU,European Union,NY.GDP.NGAS.RT.ZS,Natural gas rents (% of GDP),1987,0.0371883662614105,,1
EUU,European Union,NY.GDP.NGAS.RT.ZS,Natural gas rents (% of GDP),1986,0.0652169400211059,,1
EUU,European Union,NY.GDP.NGAS.RT.ZS,Natural gas rents (% of GDP),1985,0.095641422933955,,1
EUU,European Union,NY.GDP.NGAS.RT.ZS,Natural gas rents (% of GDP),1984,0.105825239563071,,1
EUU,European Union,NY.GDP.NGAS.RT.ZS,Natural gas rents (% of GDP),1983,0.0998343166322257,,1
EUU,European Union,NY.GDP.NGAS.RT.ZS,Natural gas rents (% of GDP),1982,0.0535162254182837,,1
EUU,European Union,NY.GDP.NGAS.RT.ZS,Natural gas rents (% of GDP),1981,0.124860896987063,,1
EUU,European Union,NY.GDP.NGAS.RT.ZS,Natural gas rents (% of GDP),1980,0.172287399974038,,1
EUU,European Union,NY.GDP.NGAS.RT.ZS,Natural gas rents (% of GDP),1979,0.148703177593754,,1
EUU,European Union,NY.GDP.NGAS.RT.ZS,Natural gas rents (% of GDP),1978,0.10347201811719,,1
EUU,European Union,NY.GDP.NGAS.RT.ZS,Natural gas rents (% of GDP),1977,0.12080677071373,,1
EUU,European Union,NY.GDP.NGAS.RT.ZS,Natural gas rents (% of GDP),1976,0.146331242281983,,1
EUU,European Union,NY.GDP.NGAS.RT.ZS,Natural gas rents (% of GDP),1975,0.13858335543233,,1
EUU,European Union,NY.GDP.NGAS.RT.ZS,Natural gas rents (% of GDP),1974,0.10716925563705,,1
EUU,European Union,NY.GDP.NGAS.RT.ZS,Natural gas rents (% of GDP),1973,0.0341094445442079,,1
EUU,European Union,NY.GDP.NGAS.RT.ZS,Natural gas rents (% of GDP),1972,0.0461097121488048,,1
EUU,European Union,NY.GDP.NGAS.RT.ZS,Natural gas rents (% of GDP),1971,0.0326335680352679,,1
EUU,European Union,NY.GDP.NGAS.RT.ZS,Natural gas rents (% of GDP),1970,0.0237837235051739,,1
FCS,Fragile and conflict affected situations,NY.GDP.NGAS.RT.ZS,Natural gas rents (% of GDP),2021,1.23607194196709,,1
FCS,Fragile and conflict affected situations,NY.GDP.NGAS.RT.ZS,Natural gas rents (% of GDP),2020,0.708731951738815,,1
FCS,Fragile and conflict affected situations,NY.GDP.NGAS.RT.ZS,Natural gas rents (% of GDP),2019,0.866072131565308,,1
FCS,Fragile and conflict affected situations,NY.GDP.NGAS.RT.ZS,Natural gas rents (% of GDP),2018,0.936480473713183,,1
FCS,Fragile and conflict affected situations,NY.GDP.NGAS.RT.ZS,Natural gas rents (% of GDP),2017,0.684175400410269,,1
FCS,Fragile and conflict affected situations,NY.GDP.NGAS.RT.ZS,Natural gas rents (% of GDP),2016,0.609087485728508,,1
FCS,Fragile and conflict affected situations,NY.GDP.NGAS.RT.ZS,Natural gas rents (% of GDP),2015,0.772194649659155,,1
FCS,Fragile and conflict affected situations,NY.GDP.NGAS.RT.ZS,Natural gas rents (% of GDP),2014,0.698018993998426,,1
FCS,Fragile and conflict affected situations,NY.GDP.NGAS.RT.ZS,Natural gas rents (% of GDP),2013,0.696872354987363,,1
FCS,Fragile and conflict affected situations,NY.GDP.NGAS.RT.ZS,Natural gas rents (% of GDP),2012,0.719394386344545,,1
FCS,Fragile and conflict affected situations,NY.GDP.NGAS.RT.ZS,Natural gas rents (% of GDP),2011,0.72380686821988,,1
FCS,Fragile and conflict affected situations,NY.GDP.NGAS.RT.ZS,Natural gas rents (% of GDP),2010,0.504008156647888,,1
FCS,Fragile and conflict affected situations,NY.GDP.NGAS.RT.ZS,Natural gas rents (% of GDP),2009,0.53283887064287,,1
FCS,Fragile and conflict affected situations,NY.GDP.NGAS.RT.ZS,Natural gas rents (% of GDP),2008,0.596728325290553,,1
FCS,Fragile and conflict affected situations,NY.GDP.NGAS.RT.ZS,Natural gas rents (% of GDP),2007,0.600972396043457,,1
FCS,Fragile and conflict affected situations,NY.GDP.NGAS.RT.ZS,Natural gas rents (% of GDP),2006,0.633306439917748,,1
FCS,Fragile and conflict affected situations,NY.GDP.NGAS.RT.ZS,Natural gas rents (% of GDP),2005,0.470839808528811,,1
FCS,Fragile and conflict affected situations,NY.GDP.NGAS.RT.ZS,Natural gas rents (% of GDP),2004,0.559043133953684,,1
FCS,Fragile and conflict affected situations,NY.GDP.NGAS.RT.ZS,Natural gas rents (% of GDP),2003,0.66461505830659,,1
FCS,Fragile and conflict affected situations,NY.GDP.NGAS.RT.ZS,Natural gas rents (% of GDP),2002,0.561190458691532,,1
FCS,Fragile and conflict affected situations,NY.GDP.NGAS.RT.ZS,Natural gas rents (% of GDP),2001,0.620749638759617,,1
FCS,Fragile and conflict affected situations,NY.GDP.NGAS.RT.ZS,Natural gas rents (% of GDP),2000,0.453629717083903,,1
FCS,Fragile and conflict affected situations,NY.GDP.NGAS.RT.ZS,Natural gas rents (% of GDP),1999,0.232631847432084,,1
FCS,Fragile and conflict affected situations,NY.GDP.NGAS.RT.ZS,Natural gas rents (% of GDP),1998,0.215188068511008,,1
FCS,Fragile and conflict affected situations,NY.GDP.NGAS.RT.ZS,Natural gas rents (% of GDP),1997,0.328661450771774,,1
FCS,Fragile and conflict affected situations,NY.GDP.NGAS.RT.ZS,Natural gas rents (% of GDP),1996,0.353527752929825,,1
FCS,Fragile and conflict affected situations,NY.GDP.NGAS.RT.ZS,Natural gas rents (% of GDP),1995,0.348203839851359,,1
FCS,Fragile and conflict affected situations,NY.GDP.NGAS.RT.ZS,Natural gas rents (% of GDP),1994,0.343220437874727,,1
FCS,Fragile and conflict affected situations,NY.GDP.NGAS.RT.ZS,Natural gas rents (% of GDP),1993,0.301732274580933,,1
FCS,Fragile and conflict affected situations,NY.GDP.NGAS.RT.ZS,Natural gas rents (% of GDP),1992,0.208294735495756,,1
FCS,Fragile and conflict affected situations,NY.GDP.NGAS.RT.ZS,Natural gas rents (% of GDP),1991,0.232448274856992,,1
FCS,Fragile and conflict affected situations,NY.GDP.NGAS.RT.ZS,Natural gas rents (% of GDP),1990,0.21601414710867,,1
FCS,Fragile and conflict affected situations,NY.GDP.NGAS.RT.ZS,Natural gas rents (% of GDP),1989,0.218423325007464,,1
FCS,Fragile and conflict affected situations,NY.GDP.NGAS.RT.ZS,Natural gas rents (% of GDP),1988,0.185765254561991,,1
FCS,Fragile and conflict affected situations,NY.GDP.NGAS.RT.ZS,Natural gas rents (% of GDP),1987,0.221101293417739,,1
FCS,Fragile and conflict affected situations,NY.GDP.NGAS.RT.ZS,Natural gas rents (% of GDP),1986,0.150201997741871,,1
FCS,Fragile and conflict affected situations,NY.GDP.NGAS.RT.ZS,Natural gas rents (% of GDP),1985,0.139805557169264,,1
FCS,Fragile and conflict affected situations,NY.GDP.NGAS.RT.ZS,Natural gas rents (% of GDP),1984,0.136936847490599,,1
FCS,Fragile and conflict affected situations,NY.GDP.NGAS.RT.ZS,Natural gas rents (% of GDP),1983,0.103117478410206,,1
FCS,Fragile and conflict affected situations,NY.GDP.NGAS.RT.ZS,Natural gas rents (% of GDP),1982,0.0196003081637368,,1
FCS,Fragile and conflict affected situations,NY.GDP.NGAS.RT.ZS,Natural gas rents (% of GDP),1981,0.0688646914285723,,1
FCS,Fragile and conflict affected situations,NY.GDP.NGAS.RT.ZS,Natural gas rents (% of GDP),1980,0.165555006755392,,1
FCS,Fragile and conflict affected situations,NY.GDP.NGAS.RT.ZS,Natural gas rents (% of GDP),1978,0.0574268262613374,,1
FCS,Fragile and conflict affected situations,NY.GDP.NGAS.RT.ZS,Natural gas rents (% of GDP),1977,0.0468531772305755,,1
FCS,Fragile and conflict affected situations,NY.GDP.NGAS.RT.ZS,Natural gas rents (% of GDP),1976,0.113749353868041,,1
FCS,Fragile and conflict affected situations,NY.GDP.NGAS.RT.ZS,Natural gas rents (% of GDP),1975,0.119954985968588,,1
FCS,Fragile and conflict affected situations,NY.GDP.NGAS.RT.ZS,Natural gas rents (% of GDP),1974,0.0653629810939423,,1
FCS,Fragile and conflict affected situations,NY.GDP.NGAS.RT.ZS,Natural gas rents (% of GDP),1973,0.0278254633395662,,1
FCS,Fragile and conflict affected situations,NY.GDP.NGAS.RT.ZS,Natural gas rents (% of GDP),1972,0.0268073320053463,,1
FCS,Fragile and conflict affected situations,NY.GDP.NGAS.RT.ZS,Natural gas rents (% of GDP),1971,0.0266206482127486,,1
HPC,Heavily indebted poor countries (HIPC),NY.GDP.NGAS.RT.ZS,Natural gas rents (% of GDP),2021,0.270351061728771,,1
HPC,Heavily indebted poor countries (HIPC),NY.GDP.NGAS.RT.ZS,Natural gas rents (% of GDP),2020,0.165260769519175,,1
HPC,Heavily indebted poor countries (HIPC),NY.GDP.NGAS.RT.ZS,Natural gas rents (% of GDP),2019,0.255078193059567,,1
HPC,Heavily indebted poor countries (HIPC),NY.GDP.NGAS.RT.ZS,Natural gas rents (% of GDP),2018,0.271161602571268,,1
HPC,Heavily indebted poor countries (HIPC),NY.GDP.NGAS.RT.ZS,Natural gas rents (% of GDP),2017,0.147399904894579,,1
HPC,Heavily indebted poor countries (HIPC),NY.GDP.NGAS.RT.ZS,Natural gas rents (% of GDP),2016,0.116229028871775,,1
HPC,Heavily indebted poor countries (HIPC),NY.GDP.NGAS.RT.ZS,Natural gas rents (% of GDP),2015,0.215246271510823,,1
HPC,Heavily indebted poor countries (HIPC),NY.GDP.NGAS.RT.ZS,Natural gas rents (% of GDP),2014,0.341169474782674,,1
HPC,Heavily indebted poor countries (HIPC),NY.GDP.NGAS.RT.ZS,Natural gas rents (% of GDP),2013,0.403254275228393,,1
HPC,Heavily indebted poor countries (HIPC),NY.GDP.NGAS.RT.ZS,Natural gas rents (% of GDP),2012,0.390087476880321,,1
HPC,Heavily indebted poor countries (HIPC),NY.GDP.NGAS.RT.ZS,Natural gas rents (% of GDP),2011,0.322334185023869,,1
HPC,Heavily indebted poor countries (HIPC),NY.GDP.NGAS.RT.ZS,Natural gas rents (% of GDP),2010,0.18359577482177,,1
HPC,Heavily indebted poor countries (HIPC),NY.GDP.NGAS.RT.ZS,Natural gas rents (% of GDP),2009,0.198795200467039,,1
HPC,Heavily indebted poor countries (HIPC),NY.GDP.NGAS.RT.ZS,Natural gas rents (% of GDP),2008,0.215938468815234,,1
HPC,Heavily indebted poor countries (HIPC),NY.GDP.NGAS.RT.ZS,Natural gas rents (% of GDP),2007,0.2085314102621,,1
HPC,Heavily indebted poor countries (HIPC),NY.GDP.NGAS.RT.ZS,Natural gas rents (% of GDP),2006,0.220813047821344,,1
HPC,Heavily indebted poor countries (HIPC),NY.GDP.NGAS.RT.ZS,Natural gas rents (% of GDP),2005,0.129308015050174,,1
HPC,Heavily indebted poor countries (HIPC),NY.GDP.NGAS.RT.ZS,Natural gas rents (% of GDP),2004,0.091624133812769,,1
HPC,Heavily indebted poor countries (HIPC),NY.GDP.NGAS.RT.ZS,Natural gas rents (% of GDP),2003,0.0572245871759035,,1
HPC,Heavily indebted poor countries (HIPC),NY.GDP.NGAS.RT.ZS,Natural gas rents (% of GDP),2002,0.0699780693266067,,1
HPC,Heavily indebted poor countries (HIPC),NY.GDP.NGAS.RT.ZS,Natural gas rents (% of GDP),2001,0.0799526776332758,,1
HPC,Heavily indebted poor countries (HIPC),NY.GDP.NGAS.RT.ZS,Natural gas rents (% of GDP),2000,0.0579643088662223,,1
HPC,Heavily indebted poor countries (HIPC),NY.GDP.NGAS.RT.ZS,Natural gas rents (% of GDP),1999,0.029779377608815,,1
HPC,Heavily indebted poor countries (HIPC),NY.GDP.NGAS.RT.ZS,Natural gas rents (% of GDP),1998,0.0211884912084004,,1
HPC,Heavily indebted poor countries (HIPC),NY.GDP.NGAS.RT.ZS,Natural gas rents (% of GDP),1997,0.0251861898148689,,1
HPC,Heavily indebted poor countries (HIPC),NY.GDP.NGAS.RT.ZS,Natural gas rents (% of GDP),1996,0.0283632070011174,,1
HPC,Heavily indebted poor countries (HIPC),NY.GDP.NGAS.RT.ZS,Natural gas rents (% of GDP),1995,0.0238268183048848,,1
HPC,Heavily indebted poor countries (HIPC),NY.GDP.NGAS.RT.ZS,Natural gas rents (% of GDP),1994,0.0308110847105238,,1
HPC,Heavily indebted poor countries (HIPC),NY.GDP.NGAS.RT.ZS,Natural gas rents (% of GDP),1993,0.0297258904285518,,1
HPC,Heavily indebted poor countries (HIPC),NY.GDP.NGAS.RT.ZS,Natural gas rents (% of GDP),1992,0.026471677374018,,1
HPC,Heavily indebted poor countries (HIPC),NY.GDP.NGAS.RT.ZS,Natural gas rents (% of GDP),1991,0.0208007489202545,,1
HPC,Heavily indebted poor countries (HIPC),NY.GDP.NGAS.RT.ZS,Natural gas rents (% of GDP),1990,0.0295758080234412,,1
HPC,Heavily indebted poor countries (HIPC),NY.GDP.NGAS.RT.ZS,Natural gas rents (% of GDP),1989,0.0270090781103005,,1
HPC,Heavily indebted poor countries (HIPC),NY.GDP.NGAS.RT.ZS,Natural gas rents (% of GDP),1988,0.0210471369766262,,1
HPC,Heavily indebted poor countries (HIPC),NY.GDP.NGAS.RT.ZS,Natural gas rents (% of GDP),1987,0.0260139259358104,,1
HPC,Heavily indebted poor countries (HIPC),NY.GDP.NGAS.RT.ZS,Natural gas rents (% of GDP),1986,0.0376838181458685,,1
HPC,Heavily indebted poor countries (HIPC),NY.GDP.NGAS.RT.ZS,Natural gas rents (% of GDP),1984,0.0526934482590017,,1
HPC,Heavily indebted poor countries (HIPC),NY.GDP.NGAS.RT.ZS,Natural gas rents (% of GDP),1983,0.0432414171914327,,1
HPC,Heavily indebted poor countries (HIPC),NY.GDP.NGAS.RT.ZS,Natural gas rents (% of GDP),1982,0.00751868537750273,,1
HPC,Heavily indebted poor countries (HIPC),NY.GDP.NGAS.RT.ZS,Natural gas rents (% of GDP),1981,0.033130898301096,,1
HPC,Heavily indebted poor countries (HIPC),NY.GDP.NGAS.RT.ZS,Natural gas rents (% of GDP),1980,0.0599205092858607,,1
,High income,NY.GDP.NGAS.RT.ZS,Natural gas rents (% of GDP),2021,0.53196924970785,,1
,High income,NY.GDP.NGAS.RT.ZS,Natural gas rents (% of GDP),2020,0.14168528753868,,1
,High income,NY.GDP.NGAS.RT.ZS,Natural gas rents (% of GDP),2019,0.192070735223927,,1
,High income,NY.GDP.NGAS.RT.ZS,Natural gas rents (% of GDP),2018,0.232822774954855,,1
,High income,NY.GDP.NGAS.RT.ZS,Natural gas rents (% of GDP),2017,0.14772509379397,,1
,High income,NY.GDP.NGAS.RT.ZS,Natural gas rents (% of GDP),2016,0.114695268771253,,1
,High income,NY.GDP.NGAS.RT.ZS,Natural gas rents (% of GDP),2015,0.172971586231663,,1
,High income,NY.GDP.NGAS.RT.ZS,Natural gas rents (% of GDP),2014,0.233163268955064,,1
,High income,NY.GDP.NGAS.RT.ZS,Natural gas rents (% of GDP),2013,0.278364786278528,,1
,High income,NY.GDP.NGAS.RT.ZS,Natural gas rents (% of GDP),2012,0.280721193235003,,1
,High income,NY.GDP.NGAS.RT.ZS,Natural gas rents (% of GDP),2011,0.272725352499941,,1
,High income,NY.GDP.NGAS.RT.ZS,Natural gas rents (% of GDP),2010,0.196218516954681,,1
,High income,NY.GDP.NGAS.RT.ZS,Natural gas rents (% of GDP),2009,0.225722133297895,,1
,High income,NY.GDP.NGAS.RT.ZS,Natural gas rents (% of GDP),2008,0.49067399146125,,1
,High income,NY.GDP.NGAS.RT.ZS,Natural gas rents (% of GDP),2007,0.319577485135921,,1
,High income,NY.GDP.NGAS.RT.ZS,Natural gas rents (% of GDP),2006,0.360862213470818,,1
,High income,NY.GDP.NGAS.RT.ZS,Natural gas rents (% of GDP),2005,0.477272932693064,,1
,High income,NY.GDP.NGAS.RT.ZS,Natural gas rents (% of GDP),2004,0.37545903161999,,1
,High income,NY.GDP.NGAS.RT.ZS,Natural gas rents (% of GDP),2003,0.423171746028434,,1
,High income,NY.GDP.NGAS.RT.ZS,Natural gas rents (% of GDP),2002,0.28902356346767,,1
,High income,NY.GDP.NGAS.RT.ZS,Natural gas rents (% of GDP),2001,0.412862500339166,,1
,High income,NY.GDP.NGAS.RT.ZS,Natural gas rents (% of GDP),2000,0.384031631045953,,1
,High income,NY.GDP.NGAS.RT.ZS,Natural gas rents (% of GDP),1999,0.153775063590123,,1
,High income,NY.GDP.NGAS.RT.ZS,Natural gas rents (% of GDP),1998,0.131646903158733,,1
,High income,NY.GDP.NGAS.RT.ZS,Natural gas rents (% of GDP),1997,0.242327463532417,,1
,High income,NY.GDP.NGAS.RT.ZS,Natural gas rents (% of GDP),1996,0.216959575663056,,1
,High income,NY.GDP.NGAS.RT.ZS,Natural gas rents (% of GDP),1995,0.15556592751835,,1
,High income,NY.GDP.NGAS.RT.ZS,Natural gas rents (% of GDP),1994,0.162075652198792,,1
,High income,NY.GDP.NGAS.RT.ZS,Natural gas rents (% of GDP),1993,0.192390252828394,,1
,High income,NY.GDP.NGAS.RT.ZS,Natural gas rents (% of GDP),1992,0.12104087587511,,1
,High income,NY.GDP.NGAS.RT.ZS,Natural gas rents (% of GDP),1991,0.110031024992384,,1
,High income,NY.GDP.NGAS.RT.ZS,Natural gas rents (% of GDP),1990,0.14608678960116,,1
,High income,NY.GDP.NGAS.RT.ZS,Natural gas rents (% of GDP),1989,0.137543174923943,,1
,High income,NY.GDP.NGAS.RT.ZS,Natural gas rents (% of GDP),1988,0.130008441351923,,1
,High income,NY.GDP.NGAS.RT.ZS,Natural gas rents (% of GDP),1987,0.150102581345894,,1
,High income,NY.GDP.NGAS.RT.ZS,Natural gas rents (% of GDP),1986,0.100370204136137,,1
,High income,NY.GDP.NGAS.RT.ZS,Natural gas rents (% of GDP),1985,0.297324418678996,,1
,High income,NY.GDP.NGAS.RT.ZS,Natural gas rents (% of GDP),1984,0.368589534631559,,1
,High income,NY.GDP.NGAS.RT.ZS,Natural gas rents (% of GDP),1983,0.330856693246686,,1
,High income,NY.GDP.NGAS.RT.ZS,Natural gas rents (% of GDP),1982,0.113156324070275,,1
,High income,NY.GDP.NGAS.RT.ZS,Natural gas rents (% of GDP),1981,0.486449596336922,,1
,High income,NY.GDP.NGAS.RT.ZS,Natural gas rents (% of GDP),1980,0.760693435526024,,1
,High income,NY.GDP.NGAS.RT.ZS,Natural gas rents (% of GDP),1979,0.806696183805661,,1
,High income,NY.GDP.NGAS.RT.ZS,Natural gas rents (% of GDP),1978,0.340714787102199,,1
,High income,NY.GDP.NGAS.RT.ZS,Natural gas rents (% of GDP),1977,0.406282308464215,,1
,High income,NY.GDP.NGAS.RT.ZS,Natural gas rents (% of GDP),1976,0.425789674651678,,1
,High income,NY.GDP.NGAS.RT.ZS,Natural gas rents (% of GDP),1975,0.440106564224387,,1
,High income,NY.GDP.NGAS.RT.ZS,Natural gas rents (% of GDP),1974,0.504996982942613,,1
,High income,NY.GDP.NGAS.RT.ZS,Natural gas rents (% of GDP),1973,0.0661480441933788,,1
,High income,NY.GDP.NGAS.RT.ZS,Natural gas rents (% of GDP),1972,0.0430989658509513,,1
,High income,NY.GDP.NGAS.RT.ZS,Natural gas rents (% of GDP),1971,0.015454414563921,,1
,High income,NY.GDP.NGAS.RT.ZS,Natural gas rents (% of GDP),1970,0.00893490648644435,,1
IBD,IBRD only,NY.GDP.NGAS.RT.ZS,Natural gas rents (% of GDP),2021,0.735251152366543,,1
IBD,IBRD only,NY.GDP.NGAS.RT.ZS,Natural gas rents (% of GDP),2020,0.338939840643812,,1
IBD,IBRD only,NY.GDP.NGAS.RT.ZS,Natural gas rents (% of GDP),2019,0.46124296564553,,1
IBD,IBRD only,NY.GDP.NGAS.RT.ZS,Natural gas rents (% of GDP),2018,0.53049188584574,,1
IBD,IBRD only,NY.GDP.NGAS.RT.ZS,Natural gas rents (% of GDP),2017,0.333113761308279,,1
IBD,IBRD only,NY.GDP.NGAS.RT.ZS,Natural gas rents (% of GDP),2016,0.289873344353719,,1
IBD,IBRD only,NY.GDP.NGAS.RT.ZS,Natural gas rents (% of GDP),2015,0.422728038015219,,1
IBD,IBRD only,NY.GDP.NGAS.RT.ZS,Natural gas rents (% of GDP),2014,0.498260841035954,,1
IBD,IBRD only,NY.GDP.NGAS.RT.ZS,Natural gas rents (% of GDP),2013,0.58874624649383,,1
IBD,IBRD only,NY.GDP.NGAS.RT.ZS,Natural gas rents (% of GDP),2012,0.618066713286116,,1
IBD,IBRD only,NY.GDP.NGAS.RT.ZS,Natural gas rents (% of GDP),2011,0.637162624202896,,1
IBD,IBRD only,NY.GDP.NGAS.RT.ZS,Natural gas rents (% of GDP),2010,0.506650521660809,,1
IBD,IBRD only,NY.GDP.NGAS.RT.ZS,Natural gas rents (% of GDP),2009,0.615602007661268,,1
IBD,IBRD only,NY.GDP.NGAS.RT.ZS,Natural gas rents (% of GDP),2008,0.765274578708312,,1
IBD,IBRD only,NY.GDP.NGAS.RT.ZS,Natural gas rents (% of GDP),2007,0.609058186104298,,1
IBD,IBRD only,NY.GDP.NGAS.RT.ZS,Natural gas rents (% of GDP),2006,0.725067682972603,,1
IBD,IBRD only,NY.GDP.NGAS.RT.ZS,Natural gas rents (% of GDP),2005,0.567080378010793,,1
IBD,IBRD only,NY.GDP.NGAS.RT.ZS,Natural gas rents (% of GDP),2004,0.603730293552887,,1
IBD,IBRD only,NY.GDP.NGAS.RT.ZS,Natural gas rents (% of GDP),2003,0.696442767125139,,1
IBD,IBRD only,NY.GDP.NGAS.RT.ZS,Natural gas rents (% of GDP),2002,0.688253743335754,,1
IBD,IBRD only,NY.GDP.NGAS.RT.ZS,Natural gas rents (% of GDP),2001,0.824706272191635,,1
IBD,IBRD only,NY.GDP.NGAS.RT.ZS,Natural gas rents (% of GDP),2000,0.582526749341043,,1
IBD,IBRD only,NY.GDP.NGAS.RT.ZS,Natural gas rents (% of GDP),1999,0.289730538833657,,1
IBD,IBRD only,NY.GDP.NGAS.RT.ZS,Natural gas rents (% of GDP),1998,0.24823382453605,,1
IBD,IBRD only,NY.GDP.NGAS.RT.ZS,Natural gas rents (% of GDP),1997,0.488757040171879,,1
IBD,IBRD only,NY.GDP.NGAS.RT.ZS,Natural gas rents (% of GDP),1996,0.48244184818024,,1
IBD,IBRD only,NY.GDP.NGAS.RT.ZS,Natural gas rents (% of GDP),1995,0.499213297110256,,1
IBD,IBRD only,NY.GDP.NGAS.RT.ZS,Natural gas rents (% of GDP),1994,0.400540018162394,,1
IBD,IBRD only,NY.GDP.NGAS.RT.ZS,Natural gas rents (% of GDP),1993,0.431852897184131,,1
IBD,IBRD only,NY.GDP.NGAS.RT.ZS,Natural gas rents (% of GDP),1992,0.28389791133104,,1
IBD,IBRD only,NY.GDP.NGAS.RT.ZS,Natural gas rents (% of GDP),1991,0.412205914510974,,1
IBD,IBRD only,NY.GDP.NGAS.RT.ZS,Natural gas rents (% of GDP),1990,0.512497186043396,,1
IBD,IBRD only,NY.GDP.NGAS.RT.ZS,Natural gas rents (% of GDP),1989,0.40142647385957,,1
IBD,IBRD only,NY.GDP.NGAS.RT.ZS,Natural gas rents (% of GDP),1988,0.379187946073836,,1
IBD,IBRD only,NY.GDP.NGAS.RT.ZS,Natural gas rents (% of GDP),1987,0.275885032107778,,1
IBD,IBRD only,NY.GDP.NGAS.RT.ZS,Natural gas rents (% of GDP),1986,0.239282589927978,,1
IBD,IBRD only,NY.GDP.NGAS.RT.ZS,Natural gas rents (% of GDP),1985,0.212533972127343,,1
IBD,IBRD only,NY.GDP.NGAS.RT.ZS,Natural gas rents (% of GDP),1984,0.20556873915407,,1
IBD,IBRD only,NY.GDP.NGAS.RT.ZS,Natural gas rents (% of GDP),1983,0.176400457770474,,1
IBD,IBRD only,NY.GDP.NGAS.RT.ZS,Natural gas rents (% of GDP),1982,0.0433200109028607,,1
IBD,IBRD only,NY.GDP.NGAS.RT.ZS,Natural gas rents (% of GDP),1981,0.123155071527258,,1
IBD,IBRD only,NY.GDP.NGAS.RT.ZS,Natural gas rents (% of GDP),1980,0.203027142525894,,1
IBD,IBRD only,NY.GDP.NGAS.RT.ZS,Natural gas rents (% of GDP),1979,0.222340190105453,,1
IBD,IBRD only,NY.GDP.NGAS.RT.ZS,Natural gas rents (% of GDP),1978,0.134031101873499,,1
IBD,IBRD only,NY.GDP.NGAS.RT.ZS,Natural gas rents (% of GDP),1977,0.102467338262313,,1
IBD,IBRD only,NY.GDP.NGAS.RT.ZS,Natural gas rents (% of GDP),1976,0.119723687455641,,1
IBD,IBRD only,NY.GDP.NGAS.RT.ZS,Natural gas rents (% of GDP),1975,0.116968223191843,,1
IBD,IBRD only,NY.GDP.NGAS.RT.ZS,Natural gas rents (% of GDP),1974,0.0566250081877041,,1
IBD,IBRD only,NY.GDP.NGAS.RT.ZS,Natural gas rents (% of GDP),1973,0.033494166574507,,1
IBD,IBRD only,NY.GDP.NGAS.RT.ZS,Natural gas rents (% of GDP),1972,0.0308603037959875,,1
IBD,IBRD only,NY.GDP.NGAS.RT.ZS,Natural gas rents (% of GDP),1971,0.0318518369583686,,1
IBD,IBRD only,NY.GDP.NGAS.RT.ZS,Natural gas rents (% of GDP),1970,0.0286035231308062,,1
IBT,IDA & IBRD total,NY.GDP.NGAS.RT.ZS,Natural gas rents (% of GDP),2021,0.754739169152843,,1
IBT,IDA & IBRD total,NY.GDP.NGAS.RT.ZS,Natural gas rents (% of GDP),2020,0.355441652179578,,1
IBT,IDA & IBRD total,NY.GDP.NGAS.RT.ZS,Natural gas rents (% of GDP),2019,0.482065718172084,,1
IBT,IDA & IBRD total,NY.GDP.NGAS.RT.ZS,Natural gas rents (% of GDP),2018,0.548605611164176,,1
IBT,IDA & IBRD total,NY.GDP.NGAS.RT.ZS,Natural gas rents (% of GDP),2017,0.351129160340566,,1
IBT,IDA & IBRD total,NY.GDP.NGAS.RT.ZS,Natural gas rents (% of GDP),2016,0.305479895086681,,1
IBT,IDA & IBRD total,NY.GDP.NGAS.RT.ZS,Natural gas rents (% of GDP),2015,0.441547948041337,,1
IBT,IDA & IBRD total,NY.GDP.NGAS.RT.ZS,Natural gas rents (% of GDP),2014,0.515404859492928,,1
IBT,IDA & IBRD total,NY.GDP.NGAS.RT.ZS,Natural gas rents (% of GDP),2013,0.603744053892654,,1
IBT,IDA & IBRD total,NY.GDP.NGAS.RT.ZS,Natural gas rents (% of GDP),2012,0.639960875566168,,1
IBT,IDA & IBRD total,NY.GDP.NGAS.RT.ZS,Natural gas rents (% of GDP),2011,0.657908830423586,,1
IBT,IDA & IBRD total,NY.GDP.NGAS.RT.ZS,Natural gas rents (% of GDP),2010,0.52170354114595,,1
IBT,IDA & IBRD total,NY.GDP.NGAS.RT.ZS,Natural gas rents (% of GDP),2009,0.623980701493526,,1
IBT,IDA & IBRD total,NY.GDP.NGAS.RT.ZS,Natural gas rents (% of GDP),2008,0.774872837174967,,1
IBT,IDA & IBRD total,NY.GDP.NGAS.RT.ZS,Natural gas rents (% of GDP),2007,0.621611701889491,,1
IBT,IDA & IBRD total,NY.GDP.NGAS.RT.ZS,Natural gas rents (% of GDP),2006,0.744340509183458,,1
IBT,IDA & IBRD total,NY.GDP.NGAS.RT.ZS,Natural gas rents (% of GDP),2005,0.583404871019744,,1
IBT,IDA & IBRD total,NY.GDP.NGAS.RT.ZS,Natural gas rents (% of GDP),2004,0.62487450127402,,1
IBT,IDA & IBRD total,NY.GDP.NGAS.RT.ZS,Natural gas rents (% of GDP),2003,0.714708769051272,,1
IBT,IDA & IBRD total,NY.GDP.NGAS.RT.ZS,Natural gas rents (% of GDP),2002,0.698961476722295,,1
IBT,IDA & IBRD total,NY.GDP.NGAS.RT.ZS,Natural gas rents (% of GDP),2001,0.834521654018672,,1
IBT,IDA & IBRD total,NY.GDP.NGAS.RT.ZS,Natural gas rents (% of GDP),2000,0.587479781995642,,1
IBT,IDA & IBRD total,NY.GDP.NGAS.RT.ZS,Natural gas rents (% of GDP),1999,0.288756755743485,,1
IBT,IDA & IBRD total,NY.GDP.NGAS.RT.ZS,Natural gas rents (% of GDP),1998,0.244224212753151,,1
IBT,IDA & IBRD total,NY.GDP.NGAS.RT.ZS,Natural gas rents (% of GDP),1997,0.479053973988174,,1
IBT,IDA & IBRD total,NY.GDP.NGAS.RT.ZS,Natural gas rents (% of GDP),1996,0.473451085757101,,1
IBT,IDA & IBRD total,NY.GDP.NGAS.RT.ZS,Natural gas rents (% of GDP),1995,0.492280871129129,,1
IBT,IDA & IBRD total,NY.GDP.NGAS.RT.ZS,Natural gas rents (% of GDP),1994,0.396222072452002,,1
IBT,IDA & IBRD total,NY.GDP.NGAS.RT.ZS,Natural gas rents (% of GDP),1993,0.42206775435376,,1
IBT,IDA & IBRD total,NY.GDP.NGAS.RT.ZS,Natural gas rents (% of GDP),1992,0.276049493627083,,1
IBT,IDA & IBRD total,NY.GDP.NGAS.RT.ZS,Natural gas rents (% of GDP),1991,0.392012232869915,,1
IBT,IDA & IBRD total,NY.GDP.NGAS.RT.ZS,Natural gas rents (% of GDP),1990,0.4947396454714,,1
IBT,IDA & IBRD total,NY.GDP.NGAS.RT.ZS,Natural gas rents (% of GDP),1989,0.377341408712675,,1
IBT,IDA & IBRD total,NY.GDP.NGAS.RT.ZS,Natural gas rents (% of GDP),1988,0.351662174185093,,1
IBT,IDA & IBRD total,NY.GDP.NGAS.RT.ZS,Natural gas rents (% of GDP),1987,0.255843705805508,,1
IBT,IDA & IBRD total,NY.GDP.NGAS.RT.ZS,Natural gas rents (% of GDP),1986,0.222804398605598,,1
IBT,IDA & IBRD total,NY.GDP.NGAS.RT.ZS,Natural gas rents (% of GDP),1985,0.192700550663087,,1
IBT,IDA & IBRD total,NY.GDP.NGAS.RT.ZS,Natural gas rents (% of GDP),1984,0.185332856393818,,1
IBT,IDA & IBRD total,NY.GDP.NGAS.RT.ZS,Natural gas rents (% of GDP),1983,0.159665513587292,,1
IBT,IDA & IBRD total,NY.GDP.NGAS.RT.ZS,Natural gas rents (% of GDP),1982,0.037671310695352,,1
IBT,IDA & IBRD total,NY.GDP.NGAS.RT.ZS,Natural gas rents (% of GDP),1981,0.106780512024876,,1
IBT,IDA & IBRD total,NY.GDP.NGAS.RT.ZS,Natural gas rents (% of GDP),1980,0.18893984736062,,1
IBT,IDA & IBRD total,NY.GDP.NGAS.RT.ZS,Natural gas rents (% of GDP),1979,0.206032886111554,,1
IBT,IDA & IBRD total,NY.GDP.NGAS.RT.ZS,Natural gas rents (% of GDP),1978,0.127051297027775,,1
IBT,IDA & IBRD total,NY.GDP.NGAS.RT.ZS,Natural gas rents (% of GDP),1977,0.100897527949521,,1
IBT,IDA & IBRD total,NY.GDP.NGAS.RT.ZS,Natural gas rents (% of GDP),1976,0.115360393674237,,1
IBT,IDA & IBRD total,NY.GDP.NGAS.RT.ZS,Natural gas rents (% of GDP),1975,0.111284593923934,,1
IBT,IDA & IBRD total,NY.GDP.NGAS.RT.ZS,Natural gas rents (% of GDP),1974,0.0557053490967307,,1
IBT,IDA & IBRD total,NY.GDP.NGAS.RT.ZS,Natural gas rents (% of GDP),1973,0.0346416762495472,,1
IBT,IDA & IBRD total,NY.GDP.NGAS.RT.ZS,Natural gas rents (% of GDP),1972,0.0320438380242011,,1
IBT,IDA & IBRD total,NY.GDP.NGAS.RT.ZS,Natural gas rents (% of GDP),1971,0.034521328884825,,1
IBT,IDA & IBRD total,NY.GDP.NGAS.RT.ZS,Natural gas rents (% of GDP),1970,0.0340951647167403,,1
IDB,IDA blend,NY.GDP.NGAS.RT.ZS,Natural gas rents (% of GDP),2021,1.62040154295492,,1
IDB,IDA blend,NY.GDP.NGAS.RT.ZS,Natural gas rents (% of GDP),2020,0.787992018196269,,1
IDB,IDA blend,NY.GDP.NGAS.RT.ZS,Natural gas rents (% of GDP),2019,1.04661597062712,,1
IDB,IDA blend,NY.GDP.NGAS.RT.ZS,Natural gas rents (% of GDP),2018,1.22612403598805,,1
IDB,IDA blend,NY.GDP.NGAS.RT.ZS,Natural gas rents (% of GDP),2017,0.865518141787113,,1
IDB,IDA blend,NY.GDP.NGAS.RT.ZS,Natural gas rents (% of GDP),2016,0.692420474265501,,1
IDB,IDA blend,NY.GDP.NGAS.RT.ZS,Natural gas rents (% of GDP),2015,0.945472314183764,,1
IDB,IDA blend,NY.GDP.NGAS.RT.ZS,Natural gas rents (% of GDP),2014,0.991503301106124,,1
IDB,IDA blend,NY.GDP.NGAS.RT.ZS,Natural gas rents (% of GDP),2013,1.13738924668773,,1
IDB,IDA blend,NY.GDP.NGAS.RT.ZS,Natural gas rents (% of GDP),2012,1.36651174129528,,1
IDB,IDA blend,NY.GDP.NGAS.RT.ZS,Natural gas rents (% of GDP),2011,1.39277014316542,,1
IDB,IDA blend,NY.GDP.NGAS.RT.ZS,Natural gas rents (% of GDP),2010,1.0509960180513,,1
IDB,IDA blend,NY.GDP.NGAS.RT.ZS,Natural gas rents (% of GDP),2009,1.13769161717293,,1
IDB,IDA blend,NY.GDP.NGAS.RT.ZS,Natural gas rents (% of GDP),2008,1.42773349098133,,1
IDB,IDA blend,NY.GDP.NGAS.RT.ZS,Natural gas rents (% of GDP),2007,1.14693317913101,,1
IDB,IDA blend,NY.GDP.NGAS.RT.ZS,Natural gas rents (% of GDP),2006,1.39620836994281,,1
IDB,IDA blend,NY.GDP.NGAS.RT.ZS,Natural gas rents (% of GDP),2005,1.0206305587283,,1
IDB,IDA blend,NY.GDP.NGAS.RT.ZS,Natural gas rents (% of GDP),2004,1.25172665115116,,1
IDB,IDA blend,NY.GDP.NGAS.RT.ZS,Natural gas rents (% of GDP),2003,1.3762060100114,,1
IDB,IDA blend,NY.GDP.NGAS.RT.ZS,Natural gas rents (% of GDP),2002,1.26598556273677,,1
IDB,IDA blend,NY.GDP.NGAS.RT.ZS,Natural gas rents (% of GDP),2001,1.58401414198809,,1
IDB,IDA blend,NY.GDP.NGAS.RT.ZS,Natural gas rents (% of GDP),2000,1.03275788389272,,1
IDB,IDA blend,NY.GDP.NGAS.RT.ZS,Natural gas rents (% of GDP),1999,0.406925540715675,,1
IDB,IDA blend,NY.GDP.NGAS.RT.ZS,Natural gas rents (% of GDP),1998,0.251518324498271,,1
IDB,IDA blend,NY.GDP.NGAS.RT.ZS,Natural gas rents (% of GDP),1997,0.5527260189746,,1
IDB,IDA blend,NY.GDP.NGAS.RT.ZS,Natural gas rents (% of GDP),1996,0.546649598650088,,1
IDB,IDA blend,NY.GDP.NGAS.RT.ZS,Natural gas rents (% of GDP),1995,0.635896597775094,,1
IDB,IDA blend,NY.GDP.NGAS.RT.ZS,Natural gas rents (% of GDP),1994,0.564473317503488,,1
IDB,IDA blend,NY.GDP.NGAS.RT.ZS,Natural gas rents (% of GDP),1993,0.567921620480473,,1
IDB,IDA blend,NY.GDP.NGAS.RT.ZS,Natural gas rents (% of GDP),1992,0.317781848044607,,1
IDB,IDA blend,NY.GDP.NGAS.RT.ZS,Natural gas rents (% of GDP),1991,0.414767880823574,,1
IDB,IDA blend,NY.GDP.NGAS.RT.ZS,Natural gas rents (% of GDP),1990,0.619915919068411,,1
IDB,IDA blend,NY.GDP.NGAS.RT.ZS,Natural gas rents (% of GDP),1989,0.187326243676103,,1
IDB,IDA blend,NY.GDP.NGAS.RT.ZS,Natural gas rents (% of GDP),1988,0.0969254942366147,,1
IDB,IDA blend,NY.GDP.NGAS.RT.ZS,Natural gas rents (% of GDP),1987,0.124084442257094,,1
IDB,IDA blend,NY.GDP.NGAS.RT.ZS,Natural gas rents (% of GDP),1986,0.126750226158336,,1
IDB,IDA blend,NY.GDP.NGAS.RT.ZS,Natural gas rents (% of GDP),1985,0.0533246128446645,,1
IDB,IDA blend,NY.GDP.NGAS.RT.ZS,Natural gas rents (% of GDP),1984,0.0467845965647324,,1
IDB,IDA blend,NY.GDP.NGAS.RT.ZS,Natural gas rents (% of GDP),1983,0.0653302129338484,,1
IDB,IDA blend,NY.GDP.NGAS.RT.ZS,Natural gas rents (% of GDP),1982,0.0058003012665662,,1
IDB,IDA blend,NY.GDP.NGAS.RT.ZS,Natural gas rents (% of GDP),1981,0.0201559663339327,,1
IDB,IDA blend,NY.GDP.NGAS.RT.ZS,Natural gas rents (% of GDP),1980,0.114705631229958,,1
IDB,IDA blend,NY.GDP.NGAS.RT.ZS,Natural gas rents (% of GDP),1979,0.0812248730129289,,1
IDB,IDA blend,NY.GDP.NGAS.RT.ZS,Natural gas rents (% of GDP),1978,0.0909136213542164,,1
IDB,IDA blend,NY.GDP.NGAS.RT.ZS,Natural gas rents (% of GDP),1977,0.125754824242134,,1
IDB,IDA blend,NY.GDP.NGAS.RT.ZS,Natural gas rents (% of GDP),1976,0.108703465671825,,1
IDB,IDA blend,NY.GDP.NGAS.RT.ZS,Natural gas rents (% of GDP),1975,0.111373328519786,,1
IDB,IDA blend,NY.GDP.NGAS.RT.ZS,Natural gas rents (% of GDP),1974,0.0827409740399822,,1
IDB,IDA blend,NY.GDP.NGAS.RT.ZS,Natural gas rents (% of GDP),1973,0.0905472475223231,,1
IDB,IDA blend,NY.GDP.NGAS.RT.ZS,Natural gas rents (% of GDP),1972,0.0784635470369237,,1
IDB,IDA blend,NY.GDP.NGAS.RT.ZS,Natural gas rents (% of GDP),1971,0.11157460433381,,1
IDB,IDA blend,NY.GDP.NGAS.RT.ZS,Natural gas rents (% of GDP),1970,0.128241377663281,,1
IDX,IDA only,NY.GDP.NGAS.RT.ZS,Natural gas rents (% of GDP),2021,0.416661394340628,,1
IDX,IDA only,NY.GDP.NGAS.RT.ZS,Natural gas rents (% of GDP),2020,0.319748701961134,,1
IDX,IDA only,NY.GDP.NGAS.RT.ZS,Natural gas rents (% of GDP),2019,0.395995125252498,,1
IDX,IDA only,NY.GDP.NGAS.RT.ZS,Natural gas rents (% of GDP),2018,0.382792460410053,,1
IDX,IDA only,NY.GDP.NGAS.RT.ZS,Natural gas rents (% of GDP),2017,0.32534592193259,,1
IDX,IDA only,NY.GDP.NGAS.RT.ZS,Natural gas rents (% of GDP),2016,0.310278220317936,,1
IDX,IDA only,NY.GDP.NGAS.RT.ZS,Natural gas rents (% of GDP),2015,0.373984235107016,,1
IDX,IDA only,NY.GDP.NGAS.RT.ZS,Natural gas rents (% of GDP),2014,0.438164572982395,,1
IDX,IDA only,NY.GDP.NGAS.RT.ZS,Natural gas rents (% of GDP),2013,0.426276482660431,,1
IDX,IDA only,NY.GDP.NGAS.RT.ZS,Natural gas rents (% of GDP),2012,0.462327361116836,,1
IDX,IDA only,NY.GDP.NGAS.RT.ZS,Natural gas rents (% of GDP),2011,0.483969411780652,,1
IDX,IDA only,NY.GDP.NGAS.RT.ZS,Natural gas rents (% of GDP),2010,0.385909757519062,,1
IDX,IDA only,NY.GDP.NGAS.RT.ZS,Natural gas rents (% of GDP),2009,0.330660981876249,,1
IDX,IDA only,NY.GDP.NGAS.RT.ZS,Natural gas rents (% of GDP),2008,0.33118403763582,,1
IDX,IDA only,NY.GDP.NGAS.RT.ZS,Natural gas rents (% of GDP),2007,0.368212210987047,,1
IDX,IDA only,NY.GDP.NGAS.RT.ZS,Natural gas rents (% of GDP),2006,0.484043356385426,,1
IDX,IDA only,NY.GDP.NGAS.RT.ZS,Natural gas rents (% of GDP),2005,0.511770613264045,,1
IDX,IDA only,NY.GDP.NGAS.RT.ZS,Natural gas rents (% of GDP),2004,0.469523723717963,,1
IDX,IDA only,NY.GDP.NGAS.RT.ZS,Natural gas rents (% of GDP),2003,0.475397237461599,,1
IDX,IDA only,NY.GDP.NGAS.RT.ZS,Natural gas rents (% of GDP),2002,0.38316294950317,,1
IDX,IDA only,NY.GDP.NGAS.RT.ZS,Natural gas rents (% of GDP),2001,0.34948197217371,,1
IDX,IDA only,NY.GDP.NGAS.RT.ZS,Natural gas rents (% of GDP),2000,0.282019495947336,,1
IDX,IDA only,NY.GDP.NGAS.RT.ZS,Natural gas rents (% of GDP),1999,0.164189403882291,,1
IDX,IDA only,NY.GDP.NGAS.RT.ZS,Natural gas rents (% of GDP),1998,0.135451491411945,,1
IDX,IDA only,NY.GDP.NGAS.RT.ZS,Natural gas rents (% of GDP),1997,0.113350127650287,,1
IDX,IDA only,NY.GDP.NGAS.RT.ZS,Natural gas rents (% of GDP),1996,0.130650624011721,,1
IDX,IDA only,NY.GDP.NGAS.RT.ZS,Natural gas rents (% of GDP),1995,0.131113206017784,,1
IDX,IDA only,NY.GDP.NGAS.RT.ZS,Natural gas rents (% of GDP),1994,0.142898894660835,,1
IDX,IDA only,NY.GDP.NGAS.RT.ZS,Natural gas rents (% of GDP),1993,0.1079043079858,,1
IDX,IDA only,NY.GDP.NGAS.RT.ZS,Natural gas rents (% of GDP),1992,0.0934337641413553,,1
IDX,IDA only,NY.GDP.NGAS.RT.ZS,Natural gas rents (% of GDP),1991,0.0758899973380778,,1
IDX,IDA only,NY.GDP.NGAS.RT.ZS,Natural gas rents (% of GDP),1990,0.0933843859100607,,1
IDX,IDA only,NY.GDP.NGAS.RT.ZS,Natural gas rents (% of GDP),1989,0.067471507089235,,1
IDX,IDA only,NY.GDP.NGAS.RT.ZS,Natural gas rents (% of GDP),1988,0.0424464670062194,,1
IDX,IDA only,NY.GDP.NGAS.RT.ZS,Natural gas rents (% of GDP),1987,0.054141643728973,,1
IDX,IDA only,NY.GDP.NGAS.RT.ZS,Natural gas rents (% of GDP),1986,0.0529509201017182,,1
IDX,IDA only,NY.GDP.NGAS.RT.ZS,Natural gas rents (% of GDP),1985,0.0239918237381687,,1
IDX,IDA only,NY.GDP.NGAS.RT.ZS,Natural gas rents (% of GDP),1984,0.0197089369662453,,1
IDX,IDA only,NY.GDP.NGAS.RT.ZS,Natural gas rents (% of GDP),1983,0.0244153596085904,,1
IDX,IDA only,NY.GDP.NGAS.RT.ZS,Natural gas rents (% of GDP),1982,0.00504098122506884,,1
IDX,IDA only,NY.GDP.NGAS.RT.ZS,Natural gas rents (% of GDP),1981,0.0135222630353766,,1
IDX,IDA only,NY.GDP.NGAS.RT.ZS,Natural gas rents (% of GDP),1980,0.0443175103414851,,1
IDX,IDA only,NY.GDP.NGAS.RT.ZS,Natural gas rents (% of GDP),1975,0.0286117129120112,,1
IDA,IDA total,NY.GDP.NGAS.RT.ZS,Natural gas rents (% of GDP),2021,1.00262506077454,,1
IDA,IDA total,NY.GDP.NGAS.RT.ZS,Natural gas rents (% of GDP),2020,0.547774245231418,,1
IDA,IDA total,NY.GDP.NGAS.RT.ZS,Natural gas rents (% of GDP),2019,0.726632320507078,,1
IDA,IDA total,NY.GDP.NGAS.RT.ZS,Natural gas rents (% of GDP),2018,0.782088313380996,,1
IDA,IDA total,NY.GDP.NGAS.RT.ZS,Natural gas rents (% of GDP),2017,0.583258238805084,,1
IDA,IDA total,NY.GDP.NGAS.RT.ZS,Natural gas rents (% of GDP),2016,0.495184134023253,,1
IDA,IDA total,NY.GDP.NGAS.RT.ZS,Natural gas rents (% of GDP),2015,0.666883716282834,,1
IDA,IDA total,NY.GDP.NGAS.RT.ZS,Natural gas rents (% of GDP),2014,0.728349634269304,,1
IDA,IDA total,NY.GDP.NGAS.RT.ZS,Natural gas rents (% of GDP),2013,0.802173363483215,,1
IDA,IDA total,NY.GDP.NGAS.RT.ZS,Natural gas rents (% of GDP),2012,0.939770856187066,,1
IDA,IDA total,NY.GDP.NGAS.RT.ZS,Natural gas rents (% of GDP),2011,0.937001110224067,,1
IDA,IDA total,NY.GDP.NGAS.RT.ZS,Natural gas rents (% of GDP),2010,0.715054412588428,,1
IDA,IDA total,NY.GDP.NGAS.RT.ZS,Natural gas rents (% of GDP),2009,0.726241596341237,,1
IDA,IDA total,NY.GDP.NGAS.RT.ZS,Natural gas rents (% of GDP),2008,0.892914347988896,,1
IDA,IDA total,NY.GDP.NGAS.RT.ZS,Natural gas rents (% of GDP),2007,0.775614047073822,,1
IDA,IDA total,NY.GDP.NGAS.RT.ZS,Natural gas rents (% of GDP),2006,0.967695950362586,,1
IDA,IDA total,NY.GDP.NGAS.RT.ZS,Natural gas rents (% of GDP),2005,0.774047332572932,,1
IDA,IDA total,NY.GDP.NGAS.RT.ZS,Natural gas rents (% of GDP),2004,0.866823845868142,,1
IDA,IDA total,NY.GDP.NGAS.RT.ZS,Natural gas rents (% of GDP),2003,0.91951069874076,,1
IDA,IDA total,NY.GDP.NGAS.RT.ZS,Natural gas rents (% of GDP),2002,0.818893802161335,,1
IDA,IDA total,NY.GDP.NGAS.RT.ZS,Natural gas rents (% of GDP),2001,0.951940263674727,,1
IDA,IDA total,NY.GDP.NGAS.RT.ZS,Natural gas rents (% of GDP),2000,0.64530575185976,,1
IDA,IDA total,NY.GDP.NGAS.RT.ZS,Natural gas rents (% of GDP),1999,0.27674701989298,,1
IDA,IDA total,NY.GDP.NGAS.RT.ZS,Natural gas rents (% of GDP),1998,0.206468053574286,,1
IDA,IDA total,NY.GDP.NGAS.RT.ZS,Natural gas rents (% of GDP),1997,0.38009691518855,,1
IDA,IDA total,NY.GDP.NGAS.RT.ZS,Natural gas rents (% of GDP),1996,0.382999850325894,,1
IDA,IDA total,NY.GDP.NGAS.RT.ZS,Natural gas rents (% of GDP),1995,0.418560676743735,,1
IDA,IDA total,NY.GDP.NGAS.RT.ZS,Natural gas rents (% of GDP),1994,0.346923534195829,,1
IDA,IDA total,NY.GDP.NGAS.RT.ZS,Natural gas rents (% of GDP),1993,0.316570631605838,,1
IDA,IDA total,NY.GDP.NGAS.RT.ZS,Natural gas rents (% of GDP),1992,0.194666234994044,,1
IDA,IDA total,NY.GDP.NGAS.RT.ZS,Natural gas rents (% of GDP),1991,0.216117055808025,,1
IDA,IDA total,NY.GDP.NGAS.RT.ZS,Natural gas rents (% of GDP),1990,0.31419483926429,,1
IDA,IDA total,NY.GDP.NGAS.RT.ZS,Natural gas rents (% of GDP),1989,0.118961686451961,,1
IDA,IDA total,NY.GDP.NGAS.RT.ZS,Natural gas rents (% of GDP),1988,0.0669379786147694,,1
IDA,IDA total,NY.GDP.NGAS.RT.ZS,Natural gas rents (% of GDP),1987,0.0870559753881206,,1
IDA,IDA total,NY.GDP.NGAS.RT.ZS,Natural gas rents (% of GDP),1986,0.0883563059455619,,1
IDA,IDA total,NY.GDP.NGAS.RT.ZS,Natural gas rents (% of GDP),1985,0.0393811102316049,,1
IDA,IDA total,NY.GDP.NGAS.RT.ZS,Natural gas rents (% of GDP),1984,0.034027197886386,,1
IDA,IDA total,NY.GDP.NGAS.RT.ZS,Natural gas rents (% of GDP),1983,0.0478125882924437,,1
IDA,IDA total,NY.GDP.NGAS.RT.ZS,Natural gas rents (% of GDP),1982,0.00552109791063809,,1
IDA,IDA total,NY.GDP.NGAS.RT.ZS,Natural gas rents (% of GDP),1981,0.017840192453092,,1
IDA,IDA total,NY.GDP.NGAS.RT.ZS,Natural gas rents (% of GDP),1980,0.080839430283007,,1
IDA,IDA total,NY.GDP.NGAS.RT.ZS,Natural gas rents (% of GDP),1979,0.0652725569170662,,1
IDA,IDA total,NY.GDP.NGAS.RT.ZS,Natural gas rents (% of GDP),1978,0.0655873880643985,,1
IDA,IDA total,NY.GDP.NGAS.RT.ZS,Natural gas rents (% of GDP),1977,0.0868811366137459,,1
IDA,IDA total,NY.GDP.NGAS.RT.ZS,Natural gas rents (% of GDP),1976,0.0783661560273469,,1
IDA,IDA total,NY.GDP.NGAS.RT.ZS,Natural gas rents (% of GDP),1975,0.0653408337982837,,1
IDA,IDA total,NY.GDP.NGAS.RT.ZS,Natural gas rents (% of GDP),1974,0.0475265065332121,,1
IDA,IDA total,NY.GDP.NGAS.RT.ZS,Natural gas rents (% of GDP),1973,0.0457883899424583,,1
IDA,IDA total,NY.GDP.NGAS.RT.ZS,Natural gas rents (% of GDP),1972,0.0421628553699198,,1
IDA,IDA total,NY.GDP.NGAS.RT.ZS,Natural gas rents (% of GDP),1971,0.0557175435904725,,1
LTE,Late-demographic dividend,NY.GDP.NGAS.RT.ZS,Natural gas rents (% of GDP),2021,0.794223692714638,,1
LTE,Late-demographic dividend,NY.GDP.NGAS.RT.ZS,Natural gas rents (% of GDP),2020,0.335195044299529,,1
LTE,Late-demographic dividend,NY.GDP.NGAS.RT.ZS,Natural gas rents (% of GDP),2019,0.464517837730209,,1
LTE,Late-demographic dividend,NY.GDP.NGAS.RT.ZS,Natural gas rents (% of GDP),2018,0.538091844233238,,1
LTE,Late-demographic dividend,NY.GDP.NGAS.RT.ZS,Natural gas rents (% of GDP),2017,0.358613212721948,,1
LTE,Late-demographic dividend,NY.GDP.NGAS.RT.ZS,Natural gas rents (% of GDP),2016,0.313966174084509,,1
LTE,Late-demographic dividend,NY.GDP.NGAS.RT.ZS,Natural gas rents (% of GDP),2015,0.460909703602442,,1
LTE,Late-demographic dividend,NY.GDP.NGAS.RT.ZS,Natural gas rents (% of GDP),2014,0.52862009253016,,1
LTE,Late-demographic dividend,NY.GDP.NGAS.RT.ZS,Natural gas rents (% of GDP),2013,0.646089662458046,,1
LTE,Late-demographic dividend,NY.GDP.NGAS.RT.ZS,Natural gas rents (% of GDP),2012,0.684650513092494,,1
LTE,Late-demographic dividend,NY.GDP.NGAS.RT.ZS,Natural gas rents (% of GDP),2011,0.709454905095222,,1
LTE,Late-demographic dividend,NY.GDP.NGAS.RT.ZS,Natural gas rents (% of GDP),2010,0.56849799429952,,1
LTE,Late-demographic dividend,NY.GDP.NGAS.RT.ZS,Natural gas rents (% of GDP),2009,0.666235474951169,,1
LTE,Late-demographic dividend,NY.GDP.NGAS.RT.ZS,Natural gas rents (% of GDP),2008,0.871410687706378,,1
LTE,Late-demographic dividend,NY.GDP.NGAS.RT.ZS,Natural gas rents (% of GDP),2007,0.674520454036647,,1
LTE,Late-demographic dividend,NY.GDP.NGAS.RT.ZS,Natural gas rents (% of GDP),2006,0.808838637748548,,1
LTE,Late-demographic dividend,NY.GDP.NGAS.RT.ZS,Natural gas rents (% of GDP),2005,0.594925748911942,,1
LTE,Late-demographic dividend,NY.GDP.NGAS.RT.ZS,Natural gas rents (% of GDP),2004,0.68196757637621,,1
LTE,Late-demographic dividend,NY.GDP.NGAS.RT.ZS,Natural gas rents (% of GDP),2003,0.792546232274588,,1
LTE,Late-demographic dividend,NY.GDP.NGAS.RT.ZS,Natural gas rents (% of GDP),2002,0.782795620839031,,1
LTE,Late-demographic dividend,NY.GDP.NGAS.RT.ZS,Natural gas rents (% of GDP),2001,1.01552550119774,,1
LTE,Late-demographic dividend,NY.GDP.NGAS.RT.ZS,Natural gas rents (% of GDP),2000,0.661746121199335,,1
LTE,Late-demographic dividend,NY.GDP.NGAS.RT.ZS,Natural gas rents (% of GDP),1999,0.277283337547344,,1
LTE,Late-demographic dividend,NY.GDP.NGAS.RT.ZS,Natural gas rents (% of GDP),1998,0.237210106166502,,1
LTE,Late-demographic dividend,NY.GDP.NGAS.RT.ZS,Natural gas rents (% of GDP),1997,0.591694728128385,,1
LTE,Late-demographic dividend,NY.GDP.NGAS.RT.ZS,Natural gas rents (% of GDP),1996,0.573708960800501,,1
LTE,Late-demographic dividend,NY.GDP.NGAS.RT.ZS,Natural gas rents (% of GDP),1995,0.626390948329847,,1
LTE,Late-demographic dividend,NY.GDP.NGAS.RT.ZS,Natural gas rents (% of GDP),1994,0.499390599089474,,1
LTE,Late-demographic dividend,NY.GDP.NGAS.RT.ZS,Natural gas rents (% of GDP),1993,0.573777016329647,,1
LTE,Late-demographic dividend,NY.GDP.NGAS.RT.ZS,Natural gas rents (% of GDP),1992,0.346938274525968,,1
LTE,Late-demographic dividend,NY.GDP.NGAS.RT.ZS,Natural gas rents (% of GDP),1991,0.515474431045339,,1
LTE,Late-demographic dividend,NY.GDP.NGAS.RT.ZS,Natural gas rents (% of GDP),1990,0.674645802040011,,1
LTE,Late-demographic dividend,NY.GDP.NGAS.RT.ZS,Natural gas rents (% of GDP),1989,0.486834378400261,,1
LTE,Late-demographic dividend,NY.GDP.NGAS.RT.ZS,Natural gas rents (% of GDP),1988,0.473463721627915,,1
LTE,Late-demographic dividend,NY.GDP.NGAS.RT.ZS,Natural gas rents (% of GDP),1987,0.278008223343424,,1
LTE,Late-demographic dividend,NY.GDP.NGAS.RT.ZS,Natural gas rents (% of GDP),1986,0.281437931997773,,1
LTE,Late-demographic dividend,NY.GDP.NGAS.RT.ZS,Natural gas rents (% of GDP),1985,0.224354105218696,,1
LTE,Late-demographic dividend,NY.GDP.NGAS.RT.ZS,Natural gas rents (% of GDP),1984,0.204957461370144,,1
LTE,Late-demographic dividend,NY.GDP.NGAS.RT.ZS,Natural gas rents (% of GDP),1983,0.173929304854362,,1
LTE,Late-demographic dividend,NY.GDP.NGAS.RT.ZS,Natural gas rents (% of GDP),1982,0.0521769290235141,,1
LTE,Late-demographic dividend,NY.GDP.NGAS.RT.ZS,Natural gas rents (% of GDP),1981,0.152058528482659,,1
LTE,Late-demographic dividend,NY.GDP.NGAS.RT.ZS,Natural gas rents (% of GDP),1980,0.302906103847639,,1
LTE,Late-demographic dividend,NY.GDP.NGAS.RT.ZS,Natural gas rents (% of GDP),1979,0.206177675381959,,1
LTE,Late-demographic dividend,NY.GDP.NGAS.RT.ZS,Natural gas rents (% of GDP),1978,0.251810088768643,,1
LTE,Late-demographic dividend,NY.GDP.NGAS.RT.ZS,Natural gas rents (% of GDP),1977,0.201980563221321,,1
LTE,Late-demographic dividend,NY.GDP.NGAS.RT.ZS,Natural gas rents (% of GDP),1976,0.208235888068372,,1
LTE,Late-demographic dividend,NY.GDP.NGAS.RT.ZS,Natural gas rents (% of GDP),1975,0.181535355633875,,1
LTE,Late-demographic dividend,NY.GDP.NGAS.RT.ZS,Natural gas rents (% of GDP),1974,0.0945496314353819,,1
LTE,Late-demographic dividend,NY.GDP.NGAS.RT.ZS,Natural gas rents (% of GDP),1973,0.0300974507570826,,1
LTE,Late-demographic dividend,NY.GDP.NGAS.RT.ZS,Natural gas rents (% of GDP),1972,0.0292007966482455,,1
LTE,Late-demographic dividend,NY.GDP.NGAS.RT.ZS,Natural gas rents (% of GDP),1971,0.0239534662501036,,1
LTE,Late-demographic dividend,NY.GDP.NGAS.RT.ZS,Natural gas rents (% of GDP),1970,0.00528544547311035,,1
LCN,Latin America & Caribbean,NY.GDP.NGAS.RT.ZS,Natural gas rents (% of GDP),2021,0.146616794697599,,1
LCN,Latin America & Caribbean,NY.GDP.NGAS.RT.ZS,Natural gas rents (% of GDP),2020,0.105619600407881,,1
LCN,Latin America & Caribbean,NY.GDP.NGAS.RT.ZS,Natural gas rents (% of GDP),2019,0.180205631657236,,1
LCN,Latin America & Caribbean,NY.GDP.NGAS.RT.ZS,Natural gas rents (% of GDP),2018,0.166994059043267,,1
LCN,Latin America & Caribbean,NY.GDP.NGAS.RT.ZS,Natural gas rents (% of GDP),2017,0.0700661370783766,,1
LCN,Latin America & Caribbean,NY.GDP.NGAS.RT.ZS,Natural gas rents (% of GDP),2016,0.0587600778028375,,1
LCN,Latin America & Caribbean,NY.GDP.NGAS.RT.ZS,Natural gas rents (% of GDP),2015,0.138360067053271,,1
LCN,Latin America & Caribbean,NY.GDP.NGAS.RT.ZS,Natural gas rents (% of GDP),2014,0.247835740132507,,1
LCN,Latin America & Caribbean,NY.GDP.NGAS.RT.ZS,Natural gas rents (% of GDP),2013,0.283325860694692,,1
LCN,Latin America & Caribbean,NY.GDP.NGAS.RT.ZS,Natural gas rents (% of GDP),2012,0.265275821085015,,1
LCN,Latin America & Caribbean,NY.GDP.NGAS.RT.ZS,Natural gas rents (% of GDP),2011,0.248733727741677,,1
LCN,Latin America & Caribbean,NY.GDP.NGAS.RT.ZS,Natural gas rents (% of GDP),2010,0.124987762791802,,1
LCN,Latin America & Caribbean,NY.GDP.NGAS.RT.ZS,Natural gas rents (% of GDP),2009,0.218060103859779,,1
LCN,Latin America & Caribbean,NY.GDP.NGAS.RT.ZS,Natural gas rents (% of GDP),2008,0.181864687526228,,1
LCN,Latin America & Caribbean,NY.GDP.NGAS.RT.ZS,Natural gas rents (% of GDP),2007,0.188274764223414,,1
LCN,Latin America & Caribbean,NY.GDP.NGAS.RT.ZS,Natural gas rents (% of GDP),2006,0.177467099989867,,1
LCN,Latin America & Caribbean,NY.GDP.NGAS.RT.ZS,Natural gas rents (% of GDP),2005,0.137074922702529,,1
LCN,Latin America & Caribbean,NY.GDP.NGAS.RT.ZS,Natural gas rents (% of GDP),2004,0.0845145452180346,,1
LCN,Latin America & Caribbean,NY.GDP.NGAS.RT.ZS,Natural gas rents (% of GDP),2003,0.0920907276530496,,1
LCN,Latin America & Caribbean,NY.GDP.NGAS.RT.ZS,Natural gas rents (% of GDP),2002,0.112083896789812,,1
LCN,Latin America & Caribbean,NY.GDP.NGAS.RT.ZS,Natural gas rents (% of GDP),2001,0.120070141067797,,1
LCN,Latin America & Caribbean,NY.GDP.NGAS.RT.ZS,Natural gas rents (% of GDP),2000,0.118079990287904,,1
LCN,Latin America & Caribbean,NY.GDP.NGAS.RT.ZS,Natural gas rents (% of GDP),1999,0.0672994194450885,,1
LCN,Latin America & Caribbean,NY.GDP.NGAS.RT.ZS,Natural gas rents (% of GDP),1998,0.0391590989406658,,1
LCN,Latin America & Caribbean,NY.GDP.NGAS.RT.ZS,Natural gas rents (% of GDP),1997,0.0481112508409935,,1
LCN,Latin America & Caribbean,NY.GDP.NGAS.RT.ZS,Natural gas rents (% of GDP),1996,0.0500537770701975,,1
LCN,Latin America & Caribbean,NY.GDP.NGAS.RT.ZS,Natural gas rents (% of GDP),1995,0.0477005260736803,,1
LCN,Latin America & Caribbean,NY.GDP.NGAS.RT.ZS,Natural gas rents (% of GDP),1994,0.0565028286887623,,1
LCN,Latin America & Caribbean,NY.GDP.NGAS.RT.ZS,Natural gas rents (% of GDP),1993,0.0729356980905282,,1
LCN,Latin America & Caribbean,NY.GDP.NGAS.RT.ZS,Natural gas rents (% of GDP),1992,0.0645155891013921,,1
LCN,Latin America & Caribbean,NY.GDP.NGAS.RT.ZS,Natural gas rents (% of GDP),1991,0.0785232589875843,,1
LCN,Latin America & Caribbean,NY.GDP.NGAS.RT.ZS,Natural gas rents (% of GDP),1990,0.100491014408974,,1
LCN,Latin America & Caribbean,NY.GDP.NGAS.RT.ZS,Natural gas rents (% of GDP),1989,0.0871630698573992,,1
LCN,Latin America & Caribbean,NY.GDP.NGAS.RT.ZS,Natural gas rents (% of GDP),1988,0.0751022580194983,,1
LCN,Latin America & Caribbean,NY.GDP.NGAS.RT.ZS,Natural gas rents (% of GDP),1987,0.0903176060994816,,1
LCN,Latin America & Caribbean,NY.GDP.NGAS.RT.ZS,Natural gas rents (% of GDP),1986,0.129419646837515,,1
LCN,Latin America & Caribbean,NY.GDP.NGAS.RT.ZS,Natural gas rents (% of GDP),1985,0.162913004212419,,1
LCN,Latin America & Caribbean,NY.GDP.NGAS.RT.ZS,Natural gas rents (% of GDP),1984,0.175121647336101,,1
LCN,Latin America & Caribbean,NY.GDP.NGAS.RT.ZS,Natural gas rents (% of GDP),1983,0.139894108352109,,1
LCN,Latin America & Caribbean,NY.GDP.NGAS.RT.ZS,Natural gas rents (% of GDP),1982,0.0220584445459766,,1
LCN,Latin America & Caribbean,NY.GDP.NGAS.RT.ZS,Natural gas rents (% of GDP),1981,0.088596131977174,,1
LCN,Latin America & Caribbean,NY.GDP.NGAS.RT.ZS,Natural gas rents (% of GDP),1980,0.156045588909888,,1
LCN,Latin America & Caribbean,NY.GDP.NGAS.RT.ZS,Natural gas rents (% of GDP),1979,0.0712640072689208,,1
LCN,Latin America & Caribbean,NY.GDP.NGAS.RT.ZS,Natural gas rents (% of GDP),1978,0.0115090293470256,,1
LCN,Latin America & Caribbean,NY.GDP.NGAS.RT.ZS,Natural gas rents (% of GDP),1977,0.00476692146442833,,1
LCN,Latin America & Caribbean,NY.GDP.NGAS.RT.ZS,Natural gas rents (% of GDP),1976,0.0655293393092193,,1
LCN,Latin America & Caribbean,NY.GDP.NGAS.RT.ZS,Natural gas rents (% of GDP),1975,0.0719346777873152,,1
LCN,Latin America & Caribbean,NY.GDP.NGAS.RT.ZS,Natural gas rents (% of GDP),1974,0.0403383794412169,,1
LCN,Latin America & Caribbean,NY.GDP.NGAS.RT.ZS,Natural gas rents (% of GDP),1973,0.00678093051076472,,1
LCN,Latin America & Caribbean,NY.GDP.NGAS.RT.ZS,Natural gas rents (% of GDP),1972,0.00825465340356792,,1
LCN,Latin America & Caribbean,NY.GDP.NGAS.RT.ZS,Natural gas rents (% of GDP),1971,0.00787541271446123,,1
LCN,Latin America & Caribbean,NY.GDP.NGAS.RT.ZS,Natural gas rents (% of GDP),1970,0.00608760519444294,,1
LAC,Latin America & Caribbean (excluding high income),NY.GDP.NGAS.RT.ZS,Natural gas rents (% of GDP),2021,0.139789039770595,,1
LAC,Latin America & Caribbean (excluding high income),NY.GDP.NGAS.RT.ZS,Natural gas rents (% of GDP),2020,0.0973187621565375,,1
LAC,Latin America & Caribbean (excluding high income),NY.GDP.NGAS.RT.ZS,Natural gas rents (% of GDP),2019,0.162133213748175,,1
LAC,Latin America & Caribbean (excluding high income),NY.GDP.NGAS.RT.ZS,Natural gas rents (% of GDP),2018,0.151125280648956,,1
LAC,Latin America & Caribbean (excluding high income),NY.GDP.NGAS.RT.ZS,Natural gas rents (% of GDP),2017,0.0639556084895445,,1
LAC,Latin America & Caribbean (excluding high income),NY.GDP.NGAS.RT.ZS,Natural gas rents (% of GDP),2016,0.054219104812619,,1
LAC,Latin America & Caribbean (excluding high income),NY.GDP.NGAS.RT.ZS,Natural gas rents (% of GDP),2015,0.124290136723754,,1
LAC,Latin America & Caribbean (excluding high income),NY.GDP.NGAS.RT.ZS,Natural gas rents (% of GDP),2014,0.214251159451907,,1
LAC,Latin America & Caribbean (excluding high income),NY.GDP.NGAS.RT.ZS,Natural gas rents (% of GDP),2013,0.234831351988972,,1
LAC,Latin America & Caribbean (excluding high income),NY.GDP.NGAS.RT.ZS,Natural gas rents (% of GDP),2012,0.216715430140569,,1
LAC,Latin America & Caribbean (excluding high income),NY.GDP.NGAS.RT.ZS,Natural gas rents (% of GDP),2011,0.198049369043068,,1
LAC,Latin America & Caribbean (excluding high income),NY.GDP.NGAS.RT.ZS,Natural gas rents (% of GDP),2010,0.100779432728425,,1
LAC,Latin America & Caribbean (excluding high income),NY.GDP.NGAS.RT.ZS,Natural gas rents (% of GDP),2009,0.181616733979223,,1
LAC,Latin America & Caribbean (excluding high income),NY.GDP.NGAS.RT.ZS,Natural gas rents (% of GDP),2008,0.148382134023993,,1
LAC,Latin America & Caribbean (excluding high income),NY.GDP.NGAS.RT.ZS,Natural gas rents (% of GDP),2007,0.150267835803028,,1
LAC,Latin America & Caribbean (excluding high income),NY.GDP.NGAS.RT.ZS,Natural gas rents (% of GDP),2006,0.142536001858255,,1
LAC,Latin America & Caribbean (excluding high income),NY.GDP.NGAS.RT.ZS,Natural gas rents (% of GDP),2005,0.111075790196454,,1
LAC,Latin America & Caribbean (excluding high income),NY.GDP.NGAS.RT.ZS,Natural gas rents (% of GDP),2004,0.0679765762169336,,1
LAC,Latin America & Caribbean (excluding high income),NY.GDP.NGAS.RT.ZS,Natural gas rents (% of GDP),2003,0.0720792726885521,,1
LAC,Latin America & Caribbean (excluding high income),NY.GDP.NGAS.RT.ZS,Natural gas rents (% of GDP),2002,0.0892208165018144,,1
LAC,Latin America & Caribbean (excluding high income),NY.GDP.NGAS.RT.ZS,Natural gas rents (% of GDP),2001,0.0988122028021439,,1
LAC,Latin America & Caribbean (excluding high income),NY.GDP.NGAS.RT.ZS,Natural gas rents (% of GDP),2000,0.0954674197594511,,1
LAC,Latin America & Caribbean (excluding high income),NY.GDP.NGAS.RT.ZS,Natural gas rents (% of GDP),1999,0.0550092077100899,,1
LAC,Latin America & Caribbean (excluding high income),NY.GDP.NGAS.RT.ZS,Natural gas rents (% of GDP),1998,0.0301363348768622,,1
LAC,Latin America & Caribbean (excluding high income),NY.GDP.NGAS.RT.ZS,Natural gas rents (% of GDP),1997,0.0358907066112432,,1
LAC,Latin America & Caribbean (excluding high income),NY.GDP.NGAS.RT.ZS,Natural gas rents (% of GDP),1996,0.0366432160514349,,1
LAC,Latin America & Caribbean (excluding high income),NY.GDP.NGAS.RT.ZS,Natural gas rents (% of GDP),1995,0.0356672335432093,,1
LAC,Latin America & Caribbean (excluding high income),NY.GDP.NGAS.RT.ZS,Natural gas rents (% of GDP),1994,0.0418538465930965,,1
LAC,Latin America & Caribbean (excluding high income),NY.GDP.NGAS.RT.ZS,Natural gas rents (% of GDP),1993,0.0554720806596671,,1
LAC,Latin America & Caribbean (excluding high income),NY.GDP.NGAS.RT.ZS,Natural gas rents (% of GDP),1992,0.049386562573609,,1
LAC,Latin America & Caribbean (excluding high income),NY.GDP.NGAS.RT.ZS,Natural gas rents (% of GDP),1991,0.0596793941648191,,1
LAC,Latin America & Caribbean (excluding high income),NY.GDP.NGAS.RT.ZS,Natural gas rents (% of GDP),1990,0.0760446789942342,,1
LAC,Latin America & Caribbean (excluding high income),NY.GDP.NGAS.RT.ZS,Natural gas rents (% of GDP),1989,0.0696973678033373,,1
LAC,Latin America & Caribbean (excluding high income),NY.GDP.NGAS.RT.ZS,Natural gas rents (% of GDP),1988,0.0634502919600655,,1
LAC,Latin America & Caribbean (excluding high income),NY.GDP.NGAS.RT.ZS,Natural gas rents (% of GDP),1987,0.0748197023742426,,1
LAC,Latin America & Caribbean (excluding high income),NY.GDP.NGAS.RT.ZS,Natural gas rents (% of GDP),1986,0.10865193055235,,1
LAC,Latin America & Caribbean (excluding high income),NY.GDP.NGAS.RT.ZS,Natural gas rents (% of GDP),1985,0.134786130272714,,1
LAC,Latin America & Caribbean (excluding high income),NY.GDP.NGAS.RT.ZS,Natural gas rents (% of GDP),1984,0.149651016375869,,1
LAC,Latin America & Caribbean (excluding high income),NY.GDP.NGAS.RT.ZS,Natural gas rents (% of GDP),1983,0.122623220818163,,1
LAC,Latin America & Caribbean (excluding high income),NY.GDP.NGAS.RT.ZS,Natural gas rents (% of GDP),1982,0.0190466851243441,,1
LAC,Latin America & Caribbean (excluding high income),NY.GDP.NGAS.RT.ZS,Natural gas rents (% of GDP),1981,0.0764737063422711,,1
LAC,Latin America & Caribbean (excluding high income),NY.GDP.NGAS.RT.ZS,Natural gas rents (% of GDP),1980,0.13144994670029,,1
LAC,Latin America & Caribbean (excluding high income),NY.GDP.NGAS.RT.ZS,Natural gas rents (% of GDP),1979,0.0562683344728257,,1
LAC,Latin America & Caribbean (excluding high income),NY.GDP.NGAS.RT.ZS,Natural gas rents (% of GDP),1978,0.00914062631344157,,1
LAC,Latin America & Caribbean (excluding high income),NY.GDP.NGAS.RT.ZS,Natural gas rents (% of GDP),1977,0.00351282428055947,,1
LAC,Latin America & Caribbean (excluding high income),NY.GDP.NGAS.RT.ZS,Natural gas rents (% of GDP),1976,0.048343724857115,,1
LAC,Latin America & Caribbean (excluding high income),NY.GDP.NGAS.RT.ZS,Natural gas rents (% of GDP),1975,0.0545510998938577,,1
LAC,Latin America & Caribbean (excluding high income),NY.GDP.NGAS.RT.ZS,Natural gas rents (% of GDP),1974,0.0305964560194461,,1
LAC,Latin America & Caribbean (excluding high income),NY.GDP.NGAS.RT.ZS,Natural gas rents (% of GDP),1973,0.00511080261469739,,1
LAC,Latin America & Caribbean (excluding high income),NY.GDP.NGAS.RT.ZS,Natural gas rents (% of GDP),1972,0.00625665582768455,,1
LAC,Latin America & Caribbean (excluding high income),NY.GDP.NGAS.RT.ZS,Natural gas rents (% of GDP),1971,0.00620280346647459,,1
LAC,Latin America & Caribbean (excluding high income),NY.GDP.NGAS.RT.ZS,Natural gas rents (% of GDP),1970,0.00480137359103085,,1
TLA,Latin America & the Caribbean (IDA & IBRD countries),NY.GDP.NGAS.RT.ZS,Natural gas rents (% of GDP),2021,0.150342561830808,,1
TLA,Latin America & the Caribbean (IDA & IBRD countries),NY.GDP.NGAS.RT.ZS,Natural gas rents (% of GDP),2020,0.110707006189863,,1
TLA,Latin America & the Caribbean (IDA & IBRD countries),NY.GDP.NGAS.RT.ZS,Natural gas rents (% of GDP),2019,0.187476177909552,,1
TLA,Latin America & the Caribbean (IDA & IBRD countries),NY.GDP.NGAS.RT.ZS,Natural gas rents (% of GDP),2018,0.173306468202626,,1
TLA,Latin America & the Caribbean (IDA & IBRD countries),NY.GDP.NGAS.RT.ZS,Natural gas rents (% of GDP),2017,0.0725973828003081,,1
TLA,Latin America & the Caribbean (IDA & IBRD countries),NY.GDP.NGAS.RT.ZS,Natural gas rents (% of GDP),2016,0.0610594541425757,,1
TLA,Latin America & the Caribbean (IDA & IBRD countries),NY.GDP.NGAS.RT.ZS,Natural gas rents (% of GDP),2015,0.143432492709169,,1
TLA,Latin America & the Caribbean (IDA & IBRD countries),NY.GDP.NGAS.RT.ZS,Natural gas rents (% of GDP),2014,0.254870382293136,,1
TLA,Latin America & the Caribbean (IDA & IBRD countries),NY.GDP.NGAS.RT.ZS,Natural gas rents (% of GDP),2013,0.29134586792357,,1
TLA,Latin America & the Caribbean (IDA & IBRD countries),NY.GDP.NGAS.RT.ZS,Natural gas rents (% of GDP),2012,0.272708777058672,,1
TLA,Latin America & the Caribbean (IDA & IBRD countries),NY.GDP.NGAS.RT.ZS,Natural gas rents (% of GDP),2011,0.255528723104153,,1
TLA,Latin America & the Caribbean (IDA & IBRD countries),NY.GDP.NGAS.RT.ZS,Natural gas rents (% of GDP),2010,0.128647420874378,,1
TLA,Latin America & the Caribbean (IDA & IBRD countries),NY.GDP.NGAS.RT.ZS,Natural gas rents (% of GDP),2009,0.225995024296564,,1
TLA,Latin America & the Caribbean (IDA & IBRD countries),NY.GDP.NGAS.RT.ZS,Natural gas rents (% of GDP),2008,0.187854432086526,,1
TLA,Latin America & the Caribbean (IDA & IBRD countries),NY.GDP.NGAS.RT.ZS,Natural gas rents (% of GDP),2007,0.195337530507807,,1
TLA,Latin America & the Caribbean (IDA & IBRD countries),NY.GDP.NGAS.RT.ZS,Natural gas rents (% of GDP),2006,0.185122015357947,,1
TLA,Latin America & the Caribbean (IDA & IBRD countries),NY.GDP.NGAS.RT.ZS,Natural gas rents (% of GDP),2005,0.143654638843155,,1
TLA,Latin America & the Caribbean (IDA & IBRD countries),NY.GDP.NGAS.RT.ZS,Natural gas rents (% of GDP),2004,0.0891683462321636,,1
TLA,Latin America & the Caribbean (IDA & IBRD countries),NY.GDP.NGAS.RT.ZS,Natural gas rents (% of GDP),2003,0.0976092738133766,,1
TLA,Latin America & the Caribbean (IDA & IBRD countries),NY.GDP.NGAS.RT.ZS,Natural gas rents (% of GDP),2002,0.118597776653597,,1
TLA,Latin America & the Caribbean (IDA & IBRD countries),NY.GDP.NGAS.RT.ZS,Natural gas rents (% of GDP),2001,0.125743931994683,,1
TLA,Latin America & the Caribbean (IDA & IBRD countries),NY.GDP.NGAS.RT.ZS,Natural gas rents (% of GDP),2000,0.123033556131569,,1
TLA,Latin America & the Caribbean (IDA & IBRD countries),NY.GDP.NGAS.RT.ZS,Natural gas rents (% of GDP),1999,0.0702699384832991,,1
TLA,Latin America & the Caribbean (IDA & IBRD countries),NY.GDP.NGAS.RT.ZS,Natural gas rents (% of GDP),1998,0.0406673189225824,,1
TLA,Latin America & the Caribbean (IDA & IBRD countries),NY.GDP.NGAS.RT.ZS,Natural gas rents (% of GDP),1997,0.0498661279111749,,1
TLA,Latin America & the Caribbean (IDA & IBRD countries),NY.GDP.NGAS.RT.ZS,Natural gas rents (% of GDP),1996,0.0519151145578215,,1
TLA,Latin America & the Caribbean (IDA & IBRD countries),NY.GDP.NGAS.RT.ZS,Natural gas rents (% of GDP),1995,0.0496924788870208,,1
TLA,Latin America & the Caribbean (IDA & IBRD countries),NY.GDP.NGAS.RT.ZS,Natural gas rents (% of GDP),1994,0.0588840493745175,,1
TLA,Latin America & the Caribbean (IDA & IBRD countries),NY.GDP.NGAS.RT.ZS,Natural gas rents (% of GDP),1993,0.0760726764367161,,1
TLA,Latin America & the Caribbean (IDA & IBRD countries),NY.GDP.NGAS.RT.ZS,Natural gas rents (% of GDP),1992,0.0676809178236367,,1
TLA,Latin America & the Caribbean (IDA & IBRD countries),NY.GDP.NGAS.RT.ZS,Natural gas rents (% of GDP),1991,0.0827293416647368,,1
TLA,Latin America & the Caribbean (IDA & IBRD countries),NY.GDP.NGAS.RT.ZS,Natural gas rents (% of GDP),1990,0.106556807569021,,1
TLA,Latin America & the Caribbean (IDA & IBRD countries),NY.GDP.NGAS.RT.ZS,Natural gas rents (% of GDP),1989,0.092642845910342,,1
TLA,Latin America & the Caribbean (IDA & IBRD countries),NY.GDP.NGAS.RT.ZS,Natural gas rents (% of GDP),1988,0.0802033979543902,,1
TLA,Latin America & the Caribbean (IDA & IBRD countries),NY.GDP.NGAS.RT.ZS,Natural gas rents (% of GDP),1987,0.0964788667103698,,1
TLA,Latin America & the Caribbean (IDA & IBRD countries),NY.GDP.NGAS.RT.ZS,Natural gas rents (% of GDP),1986,0.138327213730817,,1
TLA,Latin America & the Caribbean (IDA & IBRD countries),NY.GDP.NGAS.RT.ZS,Natural gas rents (% of GDP),1985,0.173399634694936,,1
TLA,Latin America & the Caribbean (IDA & IBRD countries),NY.GDP.NGAS.RT.ZS,Natural gas rents (% of GDP),1984,0.186192890203867,,1
TLA,Latin America & the Caribbean (IDA & IBRD countries),NY.GDP.NGAS.RT.ZS,Natural gas rents (% of GDP),1983,0.148336359648817,,1
TLA,Latin America & the Caribbean (IDA & IBRD countries),NY.GDP.NGAS.RT.ZS,Natural gas rents (% of GDP),1982,0.0231663699834805,,1
TLA,Latin America & the Caribbean (IDA & IBRD countries),NY.GDP.NGAS.RT.ZS,Natural gas rents (% of GDP),1981,0.0924757861113489,,1
TLA,Latin America & the Caribbean (IDA & IBRD countries),NY.GDP.NGAS.RT.ZS,Natural gas rents (% of GDP),1980,0.163483369567657,,1
TLA,Latin America & the Caribbean (IDA & IBRD countries),NY.GDP.NGAS.RT.ZS,Natural gas rents (% of GDP),1979,0.0735454426221373,,1
TLA,Latin America & the Caribbean (IDA & IBRD countries),NY.GDP.NGAS.RT.ZS,Natural gas rents (% of GDP),1978,0.0118873151774838,,1
TLA,Latin America & the Caribbean (IDA & IBRD countries),NY.GDP.NGAS.RT.ZS,Natural gas rents (% of GDP),1977,0.00491522596217224,,1
TLA,Latin America & the Caribbean (IDA & IBRD countries),NY.GDP.NGAS.RT.ZS,Natural gas rents (% of GDP),1976,0.0676992760098915,,1
TLA,Latin America & the Caribbean (IDA & IBRD countries),NY.GDP.NGAS.RT.ZS,Natural gas rents (% of GDP),1975,0.0744147788708294,,1
TLA,Latin America & the Caribbean (IDA & IBRD countries),NY.GDP.NGAS.RT.ZS,Natural gas rents (% of GDP),1974,0.0416070503318064,,1
TLA,Latin America & the Caribbean (IDA & IBRD countries),NY.GDP.NGAS.RT.ZS,Natural gas rents (% of GDP),1973,0.00702649815815517,,1
TLA,Latin America & the Caribbean (IDA & IBRD countries),NY.GDP.NGAS.RT.ZS,Natural gas rents (% of GDP),1972,0.00858343340410676,,1
TLA,Latin America & the Caribbean (IDA & IBRD countries),NY.GDP.NGAS.RT.ZS,Natural gas rents (% of GDP),1971,0.00817504527933894,,1
TLA,Latin America & the Caribbean (IDA & IBRD countries),NY.GDP.NGAS.RT.ZS,Natural gas rents (% of GDP),1970,0.00608760519444294,,1
LDC,Least developed countries: UN classification,NY.GDP.NGAS.RT.ZS,Natural gas rents (% of GDP),2021,0.596665651888612,,1
LDC,Least developed countries: UN classification,NY.GDP.NGAS.RT.ZS,Natural gas rents (% of GDP),2020,0.437767818780518,,1
LDC,Least developed countries: UN classification,NY.GDP.NGAS.RT.ZS,Natural gas rents (% of GDP),2019,0.537626074017835,,1
LDC,Least developed countries: UN classification,NY.GDP.NGAS.RT.ZS,Natural gas rents (% of GDP),2018,0.536995076237233,,1
LDC,Least developed countries: UN classification,NY.GDP.NGAS.RT.ZS,Natural gas rents (% of GDP),2017,0.442278531068139,,1
LDC,Least developed countries: UN classification,NY.GDP.NGAS.RT.ZS,Natural gas rents (% of GDP),2016,0.409844716456134,,1
LDC,Least developed countries: UN classification,NY.GDP.NGAS.RT.ZS,Natural gas rents (% of GDP),2015,0.488561445399676,,1
LDC,Least developed countries: UN classification,NY.GDP.NGAS.RT.ZS,Natural gas rents (% of GDP),2014,0.439254799455812,,1
LDC,Least developed countries: UN classification,NY.GDP.NGAS.RT.ZS,Natural gas rents (% of GDP),2013,0.42443248629139,,1
LDC,Least developed countries: UN classification,NY.GDP.NGAS.RT.ZS,Natural gas rents (% of GDP),2012,0.449495702783383,,1
LDC,Least developed countries: UN classification,NY.GDP.NGAS.RT.ZS,Natural gas rents (% of GDP),2011,0.481240966456212,,1
LDC,Least developed countries: UN classification,NY.GDP.NGAS.RT.ZS,Natural gas rents (% of GDP),2010,0.434538446902165,,1
LDC,Least developed countries: UN classification,NY.GDP.NGAS.RT.ZS,Natural gas rents (% of GDP),2009,0.368215059370692,,1
LDC,Least developed countries: UN classification,NY.GDP.NGAS.RT.ZS,Natural gas rents (% of GDP),2008,0.361950143530205,,1
LDC,Least developed countries: UN classification,NY.GDP.NGAS.RT.ZS,Natural gas rents (% of GDP),2007,0.406136854785237,,1
LDC,Least developed countries: UN classification,NY.GDP.NGAS.RT.ZS,Natural gas rents (% of GDP),2006,0.538091330537392,,1
LDC,Least developed countries: UN classification,NY.GDP.NGAS.RT.ZS,Natural gas rents (% of GDP),2005,0.564785395732675,,1
LDC,Least developed countries: UN classification,NY.GDP.NGAS.RT.ZS,Natural gas rents (% of GDP),2004,0.537831878559522,,1
LDC,Least developed countries: UN classification,NY.GDP.NGAS.RT.ZS,Natural gas rents (% of GDP),2003,0.549857994492121,,1
LDC,Least developed countries: UN classification,NY.GDP.NGAS.RT.ZS,Natural gas rents (% of GDP),2002,0.441012847687666,,1
LDC,Least developed countries: UN classification,NY.GDP.NGAS.RT.ZS,Natural gas rents (% of GDP),2001,0.414636555866655,,1
LDC,Least developed countries: UN classification,NY.GDP.NGAS.RT.ZS,Natural gas rents (% of GDP),2000,0.326454925613899,,1
LDC,Least developed countries: UN classification,NY.GDP.NGAS.RT.ZS,Natural gas rents (% of GDP),1999,0.189734222986904,,1
LDC,Least developed countries: UN classification,NY.GDP.NGAS.RT.ZS,Natural gas rents (% of GDP),1998,0.152571524716315,,1
LDC,Least developed countries: UN classification,NY.GDP.NGAS.RT.ZS,Natural gas rents (% of GDP),1997,0.126400548163461,,1
LDC,Least developed countries: UN classification,NY.GDP.NGAS.RT.ZS,Natural gas rents (% of GDP),1996,0.149882314400077,,1
LDC,Least developed countries: UN classification,NY.GDP.NGAS.RT.ZS,Natural gas rents (% of GDP),1995,0.155432176633278,,1
LDC,Least developed countries: UN classification,NY.GDP.NGAS.RT.ZS,Natural gas rents (% of GDP),1994,0.164631620492077,,1
LDC,Least developed countries: UN classification,NY.GDP.NGAS.RT.ZS,Natural gas rents (% of GDP),1993,0.112135104595401,,1
LDC,Least developed countries: UN classification,NY.GDP.NGAS.RT.ZS,Natural gas rents (% of GDP),1992,0.0917770547108473,,1
LDC,Least developed countries: UN classification,NY.GDP.NGAS.RT.ZS,Natural gas rents (% of GDP),1991,0.0633629322583845,,1
LDC,Least developed countries: UN classification,NY.GDP.NGAS.RT.ZS,Natural gas rents (% of GDP),1990,0.0821954964025435,,1
LDC,Least developed countries: UN classification,NY.GDP.NGAS.RT.ZS,Natural gas rents (% of GDP),1989,0.0673637767205134,,1
LDC,Least developed countries: UN classification,NY.GDP.NGAS.RT.ZS,Natural gas rents (% of GDP),1988,0.0436554160541502,,1
LDC,Least developed countries: UN classification,NY.GDP.NGAS.RT.ZS,Natural gas rents (% of GDP),1987,0.0614816993746812,,1
LDC,Least developed countries: UN classification,NY.GDP.NGAS.RT.ZS,Natural gas rents (% of GDP),1986,0.0634461040094692,,1
LDC,Least developed countries: UN classification,NY.GDP.NGAS.RT.ZS,Natural gas rents (% of GDP),1985,0.0281065974116291,,1
LDC,Least developed countries: UN classification,NY.GDP.NGAS.RT.ZS,Natural gas rents (% of GDP),1984,0.0192906648931046,,1
LDC,Least developed countries: UN classification,NY.GDP.NGAS.RT.ZS,Natural gas rents (% of GDP),1983,0.0242354209580893,,1
LDC,Least developed countries: UN classification,NY.GDP.NGAS.RT.ZS,Natural gas rents (% of GDP),1982,0.00389519403546924,,1
LDC,Least developed countries: UN classification,NY.GDP.NGAS.RT.ZS,Natural gas rents (% of GDP),1981,0.0109766344380277,,1
LDC,Least developed countries: UN classification,NY.GDP.NGAS.RT.ZS,Natural gas rents (% of GDP),1980,0.0385936245187252,,1
LMY,Low & middle income,NY.GDP.NGAS.RT.ZS,Natural gas rents (% of GDP),2021,0.515978700802398,,1
LMY,Low & middle income,NY.GDP.NGAS.RT.ZS,Natural gas rents (% of GDP),2020,0.329792255012958,,1
LMY,Low & middle income,NY.GDP.NGAS.RT.ZS,Natural gas rents (% of GDP),2019,0.401936316014329,,1
LMY,Low & middle income,NY.GDP.NGAS.RT.ZS,Natural gas rents (% of GDP),2018,0.418856496758031,,1
LMY,Low & middle income,NY.GDP.NGAS.RT.ZS,Natural gas rents (% of GDP),2017,0.271389057046275,,1
LMY,Low & middle income,NY.GDP.NGAS.RT.ZS,Natural gas rents (% of GDP),2016,0.249184951089933,,1
LMY,Low & middle income,NY.GDP.NGAS.RT.ZS,Natural gas rents (% of GDP),2015,0.341621376110129,,1
LMY,Low & middle income,NY.GDP.NGAS.RT.ZS,Natural gas rents (% of GDP),2014,0.383580268879226,,1
LMY,Low & middle income,NY.GDP.NGAS.RT.ZS,Natural gas rents (% of GDP),2013,0.387037768450895,,1
LMY,Low & middle income,NY.GDP.NGAS.RT.ZS,Natural gas rents (% of GDP),2012,0.413057881047397,,1
LMY,Low & middle income,NY.GDP.NGAS.RT.ZS,Natural gas rents (% of GDP),2011,0.416941720809858,,1
LMY,Low & middle income,NY.GDP.NGAS.RT.ZS,Natural gas rents (% of GDP),2010,0.358468347806488,,1
LMY,Low & middle income,NY.GDP.NGAS.RT.ZS,Natural gas rents (% of GDP),2009,0.420938854964148,,1
LMY,Low & middle income,NY.GDP.NGAS.RT.ZS,Natural gas rents (% of GDP),2008,0.452824207822208,,1
LMY,Low & middle income,NY.GDP.NGAS.RT.ZS,Natural gas rents (% of GDP),2007,0.422829052182584,,1
LMY,Low & middle income,NY.GDP.NGAS.RT.ZS,Natural gas rents (% of GDP),2006,0.502483919838371,,1
LMY,Low & middle income,NY.GDP.NGAS.RT.ZS,Natural gas rents (% of GDP),2005,0.486708899468771,,1
LMY,Low & middle income,NY.GDP.NGAS.RT.ZS,Natural gas rents (% of GDP),2004,0.469740554639666,,1
LMY,Low & middle income,NY.GDP.NGAS.RT.ZS,Natural gas rents (% of GDP),2003,0.488545978116832,,1
LMY,Low & middle income,NY.GDP.NGAS.RT.ZS,Natural gas rents (% of GDP),2002,0.46913031224616,,1
LMY,Low & middle income,NY.GDP.NGAS.RT.ZS,Natural gas rents (% of GDP),2001,0.520120701074992,,1
LMY,Low & middle income,NY.GDP.NGAS.RT.ZS,Natural gas rents (% of GDP),2000,0.451485694437637,,1
LMY,Low & middle income,NY.GDP.NGAS.RT.ZS,Natural gas rents (% of GDP),1999,0.28494067585478,,1
LMY,Low & middle income,NY.GDP.NGAS.RT.ZS,Natural gas rents (% of GDP),1998,0.240925564600335,,1
LMY,Low & middle income,NY.GDP.NGAS.RT.ZS,Natural gas rents (% of GDP),1997,0.314971918860472,,1
LMY,Low & middle income,NY.GDP.NGAS.RT.ZS,Natural gas rents (% of GDP),1996,0.301790865073835,,1
LMY,Low & middle income,NY.GDP.NGAS.RT.ZS,Natural gas rents (% of GDP),1995,0.279251223095456,,1
LMY,Low & middle income,NY.GDP.NGAS.RT.ZS,Natural gas rents (% of GDP),1994,0.269552043737371,,1
LMY,Low & middle income,NY.GDP.NGAS.RT.ZS,Natural gas rents (% of GDP),1993,0.275514156637342,,1
LMY,Low & middle income,NY.GDP.NGAS.RT.ZS,Natural gas rents (% of GDP),1992,0.215218211441578,,1
LMY,Low & middle income,NY.GDP.NGAS.RT.ZS,Natural gas rents (% of GDP),1991,0.246942348027829,,1
LMY,Low & middle income,NY.GDP.NGAS.RT.ZS,Natural gas rents (% of GDP),1990,0.295518989718511,,1
LMY,Low & middle income,NY.GDP.NGAS.RT.ZS,Natural gas rents (% of GDP),1989,0.237933748410552,,1
LMY,Low & middle income,NY.GDP.NGAS.RT.ZS,Natural gas rents (% of GDP),1988,0.221914719943879,,1
LMY,Low & middle income,NY.GDP.NGAS.RT.ZS,Natural gas rents (% of GDP),1987,0.245528101175039,,1
LMY,Low & middle income,NY.GDP.NGAS.RT.ZS,Natural gas rents (% of GDP),1986,0.220399242496047,,1
LMY,Low & middle income,NY.GDP.NGAS.RT.ZS,Natural gas rents (% of GDP),1985,0.184458612985568,,1
LMY,Low & middle income,NY.GDP.NGAS.RT.ZS,Natural gas rents (% of GDP),1984,0.176155363433997,,1
LMY,Low & middle income,NY.GDP.NGAS.RT.ZS,Natural gas rents (% of GDP),1983,0.15443286776909,,1
LMY,Low & middle income,NY.GDP.NGAS.RT.ZS,Natural gas rents (% of GDP),1982,0.0374067263425788,,1
LMY,Low & middle income,NY.GDP.NGAS.RT.ZS,Natural gas rents (% of GDP),1981,0.10299210336166,,1
LMY,Low & middle income,NY.GDP.NGAS.RT.ZS,Natural gas rents (% of GDP),1980,0.180559881498744,,1
LMY,Low & middle income,NY.GDP.NGAS.RT.ZS,Natural gas rents (% of GDP),1979,0.206166441141435,,1
LMY,Low & middle income,NY.GDP.NGAS.RT.ZS,Natural gas rents (% of GDP),1978,0.130746656145542,,1
LMY,Low & middle income,NY.GDP.NGAS.RT.ZS,Natural gas rents (% of GDP),1977,0.104476009355819,,1
LMY,Low & middle income,NY.GDP.NGAS.RT.ZS,Natural gas rents (% of GDP),1976,0.110354231368829,,1
LMY,Low & middle income,NY.GDP.NGAS.RT.ZS,Natural gas rents (% of GDP),1975,0.105637840534893,,1
LMY,Low & middle income,NY.GDP.NGAS.RT.ZS,Natural gas rents (% of GDP),1974,0.0524461853823804,,1
LMY,Low & middle income,NY.GDP.NGAS.RT.ZS,Natural gas rents (% of GDP),1973,0.0352901521915097,,1
LMY,Low & middle income,NY.GDP.NGAS.RT.ZS,Natural gas rents (% of GDP),1972,0.0323153499802858,,1
LMY,Low & middle income,NY.GDP.NGAS.RT.ZS,Natural gas rents (% of GDP),1971,0.0351483025241041,,1
LMY,Low & middle income,NY.GDP.NGAS.RT.ZS,Natural gas rents (% of GDP),1970,0.0352636824605267,,1
,Low income,NY.GDP.NGAS.RT.ZS,Natural gas rents (% of GDP),2021,0.191331157680649,,1
,Low income,NY.GDP.NGAS.RT.ZS,Natural gas rents (% of GDP),2020,0.206624455218676,,1
,Low income,NY.GDP.NGAS.RT.ZS,Natural gas rents (% of GDP),2019,0.24004908607437,,1
,Low income,NY.GDP.NGAS.RT.ZS,Natural gas rents (% of GDP),2018,0.267230568074682,,1
,Low income,NY.GDP.NGAS.RT.ZS,Natural gas rents (% of GDP),2017,0.178829025535047,,1
,Low income,NY.GDP.NGAS.RT.ZS,Natural gas rents (% of GDP),2016,0.139946134448589,,1
,Low income,NY.GDP.NGAS.RT.ZS,Natural gas rents (% of GDP),2015,0.219887165701644,,1
,Low income,NY.GDP.NGAS.RT.ZS,Natural gas rents (% of GDP),2014,0.474953559816436,,1
,Low income,NY.GDP.NGAS.RT.ZS,Natural gas rents (% of GDP),2013,0.629916457228766,,1
,Low income,NY.GDP.NGAS.RT.ZS,Natural gas rents (% of GDP),2012,0.544560970981898,,1
,Low income,NY.GDP.NGAS.RT.ZS,Natural gas rents (% of GDP),2011,0.529265148676225,,1
,Low income,NY.GDP.NGAS.RT.ZS,Natural gas rents (% of GDP),2010,0.250617690495577,,1
,Low income,NY.GDP.NGAS.RT.ZS,Natural gas rents (% of GDP),2009,0.139457192851942,,1
,Low income,NY.GDP.NGAS.RT.ZS,Natural gas rents (% of GDP),2008,0.116993124025312,,1
,Low income,NY.GDP.NGAS.RT.ZS,Natural gas rents (% of GDP),2007,0.110045524635419,,1
,Low income,NY.GDP.NGAS.RT.ZS,Natural gas rents (% of GDP),2006,0.135984056820334,,1
,Low income,NY.GDP.NGAS.RT.ZS,Natural gas rents (% of GDP),2005,0.0768992207630532,,1
,Low income,NY.GDP.NGAS.RT.ZS,Natural gas rents (% of GDP),2004,0.0945094804265524,,1
,Low income,NY.GDP.NGAS.RT.ZS,Natural gas rents (% of GDP),2003,0.0608313564845653,,1
,Low income,NY.GDP.NGAS.RT.ZS,Natural gas rents (% of GDP),2002,0.0790751466547333,,1
,Low income,NY.GDP.NGAS.RT.ZS,Natural gas rents (% of GDP),2001,0.0859940123252489,,1
,Low income,NY.GDP.NGAS.RT.ZS,Natural gas rents (% of GDP),2000,0.0783729252939152,,1
,Low income,NY.GDP.NGAS.RT.ZS,Natural gas rents (% of GDP),1999,0.072415696986403,,1
,Low income,NY.GDP.NGAS.RT.ZS,Natural gas rents (% of GDP),1998,0.0736286898223793,,1
,Low income,NY.GDP.NGAS.RT.ZS,Natural gas rents (% of GDP),1997,0.0687403817385325,,1
,Low income,NY.GDP.NGAS.RT.ZS,Natural gas rents (% of GDP),1996,0.0669701669435961,,1
,Low income,NY.GDP.NGAS.RT.ZS,Natural gas rents (% of GDP),1995,0.0815072782866016,,1
,Low income,NY.GDP.NGAS.RT.ZS,Natural gas rents (% of GDP),1994,0.132756134329811,,1
,Low income,NY.GDP.NGAS.RT.ZS,Natural gas rents (% of GDP),1993,0.0999579281776009,,1
,Low income,NY.GDP.NGAS.RT.ZS,Natural gas rents (% of GDP),1992,0.0893996202182221,,1
,Low income,NY.GDP.NGAS.RT.ZS,Natural gas rents (% of GDP),1991,0.0663968303048919,,1
,Low income,NY.GDP.NGAS.RT.ZS,Natural gas rents (% of GDP),1990,0.0664510500122752,,1
,Low income,NY.GDP.NGAS.RT.ZS,Natural gas rents (% of GDP),1989,0.0202336319265265,,1
,Low income,NY.GDP.NGAS.RT.ZS,Natural gas rents (% of GDP),1988,0.0139951092552095,,1
,Low income,NY.GDP.NGAS.RT.ZS,Natural gas rents (% of GDP),1987,0.00988314184196063,,1
,Low income,NY.GDP.NGAS.RT.ZS,Natural gas rents (% of GDP),1986,0.00720406959636036,,1
,Low income,NY.GDP.NGAS.RT.ZS,Natural gas rents (% of GDP),1985,0.0058906761391634,,1
,Low income,NY.GDP.NGAS.RT.ZS,Natural gas rents (% of GDP),1984,0.0121952256201715,,1
,Low income,NY.GDP.NGAS.RT.ZS,Natural gas rents (% of GDP),1983,0.013533388613904,,1
,Low income,NY.GDP.NGAS.RT.ZS,Natural gas rents (% of GDP),1982,0.00432111576118948,,1
,Low income,NY.GDP.NGAS.RT.ZS,Natural gas rents (% of GDP),1981,0.0109116642857826,,1
,Low income,NY.GDP.NGAS.RT.ZS,Natural gas rents (% of GDP),1980,0.0269433502116575,,1
,Low income,NY.GDP.NGAS.RT.ZS,Natural gas rents (% of GDP),1979,0.0425375263122499,,1
,Low income,NY.GDP.NGAS.RT.ZS,Natural gas rents (% of GDP),1978,0.0303108560001787,,1
,Low income,NY.GDP.NGAS.RT.ZS,Natural gas rents (% of GDP),1977,0.0301974664300067,,1
,Low income,NY.GDP.NGAS.RT.ZS,Natural gas rents (% of GDP),1976,0.0302487449063129,,1
,Low income,NY.GDP.NGAS.RT.ZS,Natural gas rents (% of GDP),1975,0.0315935486097595,,1
,Low income,NY.GDP.NGAS.RT.ZS,Natural gas rents (% of GDP),1974,0,,1
,Lower middle income,NY.GDP.NGAS.RT.ZS,Natural gas rents (% of GDP),2021,0.598446366795002,,1
,Lower middle income,NY.GDP.NGAS.RT.ZS,Natural gas rents (% of GDP),2020,0.361355235699771,,1
,Lower middle income,NY.GDP.NGAS.RT.ZS,Natural gas rents (% of GDP),2019,0.454168080265178,,1
,Lower middle income,NY.GDP.NGAS.RT.ZS,Natural gas rents (% of GDP),2018,0.470319950374603,,1
,Lower middle income,NY.GDP.NGAS.RT.ZS,Natural gas rents (% of GDP),2017,0.328495719222857,,1
,Lower middle income,NY.GDP.NGAS.RT.ZS,Natural gas rents (% of GDP),2016,0.281512319819124,,1
,Lower middle income,NY.GDP.NGAS.RT.ZS,Natural gas rents (% of GDP),2015,0.391409185730907,,1
,Lower middle income,NY.GDP.NGAS.RT.ZS,Natural gas rents (% of GDP),2014,0.450173104443145,,1
,Lower middle income,NY.GDP.NGAS.RT.ZS,Natural gas rents (% of GDP),2013,0.494689247867332,,1
,Lower middle income,NY.GDP.NGAS.RT.ZS,Natural gas rents (% of GDP),2012,0.578380438209201,,1
,Lower middle income,NY.GDP.NGAS.RT.ZS,Natural gas rents (% of GDP),2011,0.588089777537496,,1
,Lower middle income,NY.GDP.NGAS.RT.ZS,Natural gas rents (% of GDP),2010,0.481138708749931,,1
,Lower middle income,NY.GDP.NGAS.RT.ZS,Natural gas rents (% of GDP),2009,0.535320129428869,,1
,Lower middle income,NY.GDP.NGAS.RT.ZS,Natural gas rents (% of GDP),2008,0.61183778065257,,1
,Lower middle income,NY.GDP.NGAS.RT.ZS,Natural gas rents (% of GDP),2007,0.532531035560632,,1
,Lower middle income,NY.GDP.NGAS.RT.ZS,Natural gas rents (% of GDP),2006,0.693480524232748,,1
,Lower middle income,NY.GDP.NGAS.RT.ZS,Natural gas rents (% of GDP),2005,0.594476300820952,,1
,Lower middle income,NY.GDP.NGAS.RT.ZS,Natural gas rents (% of GDP),2004,0.573479885009018,,1
,Lower middle income,NY.GDP.NGAS.RT.ZS,Natural gas rents (% of GDP),2003,0.586599766715988,,1
,Lower middle income,NY.GDP.NGAS.RT.ZS,Natural gas rents (% of GDP),2002,0.549325047598676,,1
,Lower middle income,NY.GDP.NGAS.RT.ZS,Natural gas rents (% of GDP),2001,0.572042237230187,,1
,Lower middle income,NY.GDP.NGAS.RT.ZS,Natural gas rents (% of GDP),2000,0.428505832566303,,1
,Lower middle income,NY.GDP.NGAS.RT.ZS,Natural gas rents (% of GDP),1999,0.21212035350662,,1
,Lower middle income,NY.GDP.NGAS.RT.ZS,Natural gas rents (% of GDP),1998,0.179523959724964,,1
,Lower middle income,NY.GDP.NGAS.RT.ZS,Natural gas rents (% of GDP),1997,0.258239291452849,,1
,Lower middle income,NY.GDP.NGAS.RT.ZS,Natural gas rents (% of GDP),1996,0.257912059959485,,1
,Lower middle income,NY.GDP.NGAS.RT.ZS,Natural gas rents (% of GDP),1995,0.266901066820924,,1
,Lower middle income,NY.GDP.NGAS.RT.ZS,Natural gas rents (% of GDP),1994,0.223496671469197,,1
,Lower middle income,NY.GDP.NGAS.RT.ZS,Natural gas rents (% of GDP),1993,0.220172818137834,,1
,Lower middle income,NY.GDP.NGAS.RT.ZS,Natural gas rents (% of GDP),1992,0.148088398694028,,1
,Lower middle income,NY.GDP.NGAS.RT.ZS,Natural gas rents (% of GDP),1991,0.172974711559269,,1
,Lower middle income,NY.GDP.NGAS.RT.ZS,Natural gas rents (% of GDP),1990,0.209382533070751,,1
,Lower middle income,NY.GDP.NGAS.RT.ZS,Natural gas rents (% of GDP),1989,0.106202518566036,,1
,Lower middle income,NY.GDP.NGAS.RT.ZS,Natural gas rents (% of GDP),1988,0.0686541999111471,,1
,Lower middle income,NY.GDP.NGAS.RT.ZS,Natural gas rents (% of GDP),1987,0.0759169641979869,,1
,Lower middle income,NY.GDP.NGAS.RT.ZS,Natural gas rents (% of GDP),1986,0.0833184333313022,,1
,Lower middle income,NY.GDP.NGAS.RT.ZS,Natural gas rents (% of GDP),1985,0.0531019631423972,,1
,Lower middle income,NY.GDP.NGAS.RT.ZS,Natural gas rents (% of GDP),1984,0.0504701791784871,,1
,Lower middle income,NY.GDP.NGAS.RT.ZS,Natural gas rents (% of GDP),1983,0.0549319257741683,,1
,Lower middle income,NY.GDP.NGAS.RT.ZS,Natural gas rents (% of GDP),1982,0.00963419931519153,,1
,Lower middle income,NY.GDP.NGAS.RT.ZS,Natural gas rents (% of GDP),1981,0.0289772268025893,,1
,Lower middle income,NY.GDP.NGAS.RT.ZS,Natural gas rents (% of GDP),1980,0.0696315493169984,,1
,Lower middle income,NY.GDP.NGAS.RT.ZS,Natural gas rents (% of GDP),1979,0.0494123173497188,,1
,Lower middle income,NY.GDP.NGAS.RT.ZS,Natural gas rents (% of GDP),1978,0.0424876483131833,,1
,Lower middle income,NY.GDP.NGAS.RT.ZS,Natural gas rents (% of GDP),1977,0.0525836332859187,,1
,Lower middle income,NY.GDP.NGAS.RT.ZS,Natural gas rents (% of GDP),1976,0.0535973938589197,,1
,Lower middle income,NY.GDP.NGAS.RT.ZS,Natural gas rents (% of GDP),1975,0.0440308451447472,,1
,Lower middle income,NY.GDP.NGAS.RT.ZS,Natural gas rents (% of GDP),1974,0.030695202408759,,1
,Lower middle income,NY.GDP.NGAS.RT.ZS,Natural gas rents (% of GDP),1973,0.0251239218472306,,1
,Lower middle income,NY.GDP.NGAS.RT.ZS,Natural gas rents (% of GDP),1972,0.0243827575839052,,1
,Lower middle income,NY.GDP.NGAS.RT.ZS,Natural gas rents (% of GDP),1971,0.0298081658595687,,1
,Lower middle income,NY.GDP.NGAS.RT.ZS,Natural gas rents (% of GDP),1970,0.0391602056493392,,1
MEA,"Middle East, North Africa, Afghanistan & Pakistan",NY.GDP.NGAS.RT.ZS,Natural gas rents (% of GDP),2021,2.95341324595584,,1
MEA,"Middle East, North Africa, Afghanistan & Pakistan",NY.GDP.NGAS.RT.ZS,Natural gas rents (% of GDP),2020,2.17849810750076,,1
MEA,"Middle East, North Africa, Afghanistan & Pakistan",NY.GDP.NGAS.RT.ZS,Natural gas rents (% of GDP),2019,1.94754630942279,,1
MEA,"Middle East, North Africa, Afghanistan & Pakistan",NY.GDP.NGAS.RT.ZS,Natural gas rents (% of GDP),2018,1.94224041767934,,1
MEA,"Middle East, North Africa, Afghanistan & Pakistan",NY.GDP.NGAS.RT.ZS,Natural gas rents (% of GDP),2017,1.21203889348851,,1
MEA,"Middle East, North Africa, Afghanistan & Pakistan",NY.GDP.NGAS.RT.ZS,Natural gas rents (% of GDP),2016,1.01016113240164,,1
MEA,"Middle East, North Africa, Afghanistan & Pakistan",NY.GDP.NGAS.RT.ZS,Natural gas rents (% of GDP),2015,1.28632424351351,,1
MEA,"Middle East, North Africa, Afghanistan & Pakistan",NY.GDP.NGAS.RT.ZS,Natural gas rents (% of GDP),2014,1.52489185860897,,1
MEA,"Middle East, North Africa, Afghanistan & Pakistan",NY.GDP.NGAS.RT.ZS,Natural gas rents (% of GDP),2013,1.59345829696193,,1
MEA,"Middle East, North Africa, Afghanistan & Pakistan",NY.GDP.NGAS.RT.ZS,Natural gas rents (% of GDP),2012,1.5482934740842,,1
MEA,"Middle East, North Africa, Afghanistan & Pakistan",NY.GDP.NGAS.RT.ZS,Natural gas rents (% of GDP),2011,1.53465424938276,,1
MEA,"Middle East, North Africa, Afghanistan & Pakistan",NY.GDP.NGAS.RT.ZS,Natural gas rents (% of GDP),2010,1.3723511350083,,1
MEA,"Middle East, North Africa, Afghanistan & Pakistan",NY.GDP.NGAS.RT.ZS,Natural gas rents (% of GDP),2009,1.57359935185273,,1
MEA,"Middle East, North Africa, Afghanistan & Pakistan",NY.GDP.NGAS.RT.ZS,Natural gas rents (% of GDP),2008,1.28814765213088,,1
MEA,"Middle East, North Africa, Afghanistan & Pakistan",NY.GDP.NGAS.RT.ZS,Natural gas rents (% of GDP),2007,1.43361669868322,,1
MEA,"Middle East, North Africa, Afghanistan & Pakistan",NY.GDP.NGAS.RT.ZS,Natural gas rents (% of GDP),2006,1.61429734994676,,1
MEA,"Middle East, North Africa, Afghanistan & Pakistan",NY.GDP.NGAS.RT.ZS,Natural gas rents (% of GDP),2005,1.59149367059674,,1
MEA,"Middle East, North Africa, Afghanistan & Pakistan",NY.GDP.NGAS.RT.ZS,Natural gas rents (% of GDP),2004,1.31058188787815,,1
MEA,"Middle East, North Africa, Afghanistan & Pakistan",NY.GDP.NGAS.RT.ZS,Natural gas rents (% of GDP),2003,1.34081820626679,,1
MEA,"Middle East, North Africa, Afghanistan & Pakistan",NY.GDP.NGAS.RT.ZS,Natural gas rents (% of GDP),2002,1.45927073462377,,1
MEA,"Middle East, North Africa, Afghanistan & Pakistan",NY.GDP.NGAS.RT.ZS,Natural gas rents (% of GDP),2001,1.56052352172871,,1
MEA,"Middle East, North Africa, Afghanistan & Pakistan",NY.GDP.NGAS.RT.ZS,Natural gas rents (% of GDP),2000,1.29695512127788,,1
MEA,"Middle East, North Africa, Afghanistan & Pakistan",NY.GDP.NGAS.RT.ZS,Natural gas rents (% of GDP),1999,1.06668231175392,,1
MEA,"Middle East, North Africa, Afghanistan & Pakistan",NY.GDP.NGAS.RT.ZS,Natural gas rents (% of GDP),1998,1.11611485393703,,1
MEA,"Middle East, North Africa, Afghanistan & Pakistan",NY.GDP.NGAS.RT.ZS,Natural gas rents (% of GDP),1997,1.10035514521767,,1
MEA,"Middle East, North Africa, Afghanistan & Pakistan",NY.GDP.NGAS.RT.ZS,Natural gas rents (% of GDP),1996,0.988313567121426,,1
MEA,"Middle East, North Africa, Afghanistan & Pakistan",NY.GDP.NGAS.RT.ZS,Natural gas rents (% of GDP),1995,0.94183819024401,,1
MEA,"Middle East, North Africa, Afghanistan & Pakistan",NY.GDP.NGAS.RT.ZS,Natural gas rents (% of GDP),1994,1.03431196544578,,1
MEA,"Middle East, North Africa, Afghanistan & Pakistan",NY.GDP.NGAS.RT.ZS,Natural gas rents (% of GDP),1993,0.973802442448902,,1
MEA,"Middle East, North Africa, Afghanistan & Pakistan",NY.GDP.NGAS.RT.ZS,Natural gas rents (% of GDP),1992,0.901229001784519,,1
MEA,"Middle East, North Africa, Afghanistan & Pakistan",NY.GDP.NGAS.RT.ZS,Natural gas rents (% of GDP),1991,0.935204895076082,,1
MEA,"Middle East, North Africa, Afghanistan & Pakistan",NY.GDP.NGAS.RT.ZS,Natural gas rents (% of GDP),1990,0.665803873911089,,1
MEA,"Middle East, North Africa, Afghanistan & Pakistan",NY.GDP.NGAS.RT.ZS,Natural gas rents (% of GDP),1989,0.781668200411179,,1
MEA,"Middle East, North Africa, Afghanistan & Pakistan",NY.GDP.NGAS.RT.ZS,Natural gas rents (% of GDP),1988,0.740398832733368,,1
MEA,"Middle East, North Africa, Afghanistan & Pakistan",NY.GDP.NGAS.RT.ZS,Natural gas rents (% of GDP),1987,0.658635818366673,,1
MEA,"Middle East, North Africa, Afghanistan & Pakistan",NY.GDP.NGAS.RT.ZS,Natural gas rents (% of GDP),1986,0.610930014983748,,1
MEA,"Middle East, North Africa, Afghanistan & Pakistan",NY.GDP.NGAS.RT.ZS,Natural gas rents (% of GDP),1985,0.5289388059256,,1
MEA,"Middle East, North Africa, Afghanistan & Pakistan",NY.GDP.NGAS.RT.ZS,Natural gas rents (% of GDP),1984,0.510794936719646,,1
MEA,"Middle East, North Africa, Afghanistan & Pakistan",NY.GDP.NGAS.RT.ZS,Natural gas rents (% of GDP),1983,0.498196422068437,,1
MEA,"Middle East, North Africa, Afghanistan & Pakistan",NY.GDP.NGAS.RT.ZS,Natural gas rents (% of GDP),1982,0.132299477396888,,1
MEA,"Middle East, North Africa, Afghanistan & Pakistan",NY.GDP.NGAS.RT.ZS,Natural gas rents (% of GDP),1981,0.317330352185322,,1
MEA,"Middle East, North Africa, Afghanistan & Pakistan",NY.GDP.NGAS.RT.ZS,Natural gas rents (% of GDP),1980,0.342993981214077,,1
MEA,"Middle East, North Africa, Afghanistan & Pakistan",NY.GDP.NGAS.RT.ZS,Natural gas rents (% of GDP),1979,0.516140517314841,,1
MEA,"Middle East, North Africa, Afghanistan & Pakistan",NY.GDP.NGAS.RT.ZS,Natural gas rents (% of GDP),1978,0.370778096797652,,1
MEA,"Middle East, North Africa, Afghanistan & Pakistan",NY.GDP.NGAS.RT.ZS,Natural gas rents (% of GDP),1977,0.318725578743668,,1
MEA,"Middle East, North Africa, Afghanistan & Pakistan",NY.GDP.NGAS.RT.ZS,Natural gas rents (% of GDP),1976,0.283786999475531,,1
MEA,"Middle East, North Africa, Afghanistan & Pakistan",NY.GDP.NGAS.RT.ZS,Natural gas rents (% of GDP),1975,0.326143772382375,,1
MEA,"Middle East, North Africa, Afghanistan & Pakistan",NY.GDP.NGAS.RT.ZS,Natural gas rents (% of GDP),1974,0.155486115698451,,1
MEA,"Middle East, North Africa, Afghanistan & Pakistan",NY.GDP.NGAS.RT.ZS,Natural gas rents (% of GDP),1973,0.286218403382754,,1
MEA,"Middle East, North Africa, Afghanistan & Pakistan",NY.GDP.NGAS.RT.ZS,Natural gas rents (% of GDP),1972,0.278475539193459,,1
MEA,"Middle East, North Africa, Afghanistan & Pakistan",NY.GDP.NGAS.RT.ZS,Natural gas rents (% of GDP),1971,0.300394176350434,,1
MEA,"Middle East, North Africa, Afghanistan & Pakistan",NY.GDP.NGAS.RT.ZS,Natural gas rents (% of GDP),1970,0.287440736500081,,1
MNA,"Middle East, North Africa, Afghanistan & Pakistan (excluding high income)",NY.GDP.NGAS.RT.ZS,Natural gas rents (% of GDP),2021,3.45786484412304,,1
MNA,"Middle East, North Africa, Afghanistan & Pakistan (excluding high income)",NY.GDP.NGAS.RT.ZS,Natural gas rents (% of GDP),2020,2.51241745262065,,1
MNA,"Middle East, North Africa, Afghanistan & Pakistan (excluding high income)",NY.GDP.NGAS.RT.ZS,Natural gas rents (% of GDP),2019,2.34001831208047,,1
MNA,"Middle East, North Africa, Afghanistan & Pakistan (excluding high income)",NY.GDP.NGAS.RT.ZS,Natural gas rents (% of GDP),2018,2.31307880282032,,1
MNA,"Middle East, North Africa, Afghanistan & Pakistan (excluding high income)",NY.GDP.NGAS.RT.ZS,Natural gas rents (% of GDP),2017,1.29178619010846,,1
MNA,"Middle East, North Africa, Afghanistan & Pakistan (excluding high income)",NY.GDP.NGAS.RT.ZS,Natural gas rents (% of GDP),2016,1.01074530165472,,1
MNA,"Middle East, North Africa, Afghanistan & Pakistan (excluding high income)",NY.GDP.NGAS.RT.ZS,Natural gas rents (% of GDP),2015,1.26358873016529,,1
MNA,"Middle East, North Africa, Afghanistan & Pakistan (excluding high income)",NY.GDP.NGAS.RT.ZS,Natural gas rents (% of GDP),2014,1.57788890417584,,1
MNA,"Middle East, North Africa, Afghanistan & Pakistan (excluding high income)",NY.GDP.NGAS.RT.ZS,Natural gas rents (% of GDP),2013,1.60900134487883,,1
MNA,"Middle East, North Africa, Afghanistan & Pakistan (excluding high income)",NY.GDP.NGAS.RT.ZS,Natural gas rents (% of GDP),2012,1.53326330690793,,1
MNA,"Middle East, North Africa, Afghanistan & Pakistan (excluding high income)",NY.GDP.NGAS.RT.ZS,Natural gas rents (% of GDP),2011,1.53117700910525,,1
MNA,"Middle East, North Africa, Afghanistan & Pakistan (excluding high income)",NY.GDP.NGAS.RT.ZS,Natural gas rents (% of GDP),2010,1.40035004462755,,1
MNA,"Middle East, North Africa, Afghanistan & Pakistan (excluding high income)",NY.GDP.NGAS.RT.ZS,Natural gas rents (% of GDP),2009,1.64170503724384,,1
MNA,"Middle East, North Africa, Afghanistan & Pakistan (excluding high income)",NY.GDP.NGAS.RT.ZS,Natural gas rents (% of GDP),2008,1.39850434851071,,1
MNA,"Middle East, North Africa, Afghanistan & Pakistan (excluding high income)",NY.GDP.NGAS.RT.ZS,Natural gas rents (% of GDP),2007,1.56905120076682,,1
MNA,"Middle East, North Africa, Afghanistan & Pakistan (excluding high income)",NY.GDP.NGAS.RT.ZS,Natural gas rents (% of GDP),2006,1.89600806742791,,1
MNA,"Middle East, North Africa, Afghanistan & Pakistan (excluding high income)",NY.GDP.NGAS.RT.ZS,Natural gas rents (% of GDP),2005,1.87803806843371,,1
MNA,"Middle East, North Africa, Afghanistan & Pakistan (excluding high income)",NY.GDP.NGAS.RT.ZS,Natural gas rents (% of GDP),2004,1.48191031178436,,1
MNA,"Middle East, North Africa, Afghanistan & Pakistan (excluding high income)",NY.GDP.NGAS.RT.ZS,Natural gas rents (% of GDP),2003,1.55184196793869,,1
MNA,"Middle East, North Africa, Afghanistan & Pakistan (excluding high income)",NY.GDP.NGAS.RT.ZS,Natural gas rents (% of GDP),2002,1.66744358234195,,1
MNA,"Middle East, North Africa, Afghanistan & Pakistan (excluding high income)",NY.GDP.NGAS.RT.ZS,Natural gas rents (% of GDP),2001,1.72698487147174,,1
MNA,"Middle East, North Africa, Afghanistan & Pakistan (excluding high income)",NY.GDP.NGAS.RT.ZS,Natural gas rents (% of GDP),2000,1.47840524531702,,1
MNA,"Middle East, North Africa, Afghanistan & Pakistan (excluding high income)",NY.GDP.NGAS.RT.ZS,Natural gas rents (% of GDP),1999,1.18102652060039,,1
MNA,"Middle East, North Africa, Afghanistan & Pakistan (excluding high income)",NY.GDP.NGAS.RT.ZS,Natural gas rents (% of GDP),1998,1.18376838330016,,1
MNA,"Middle East, North Africa, Afghanistan & Pakistan (excluding high income)",NY.GDP.NGAS.RT.ZS,Natural gas rents (% of GDP),1997,1.21734926840207,,1
MNA,"Middle East, North Africa, Afghanistan & Pakistan (excluding high income)",NY.GDP.NGAS.RT.ZS,Natural gas rents (% of GDP),1996,1.083910979369,,1
MNA,"Middle East, North Africa, Afghanistan & Pakistan (excluding high income)",NY.GDP.NGAS.RT.ZS,Natural gas rents (% of GDP),1995,1.0178157877441,,1
MNA,"Middle East, North Africa, Afghanistan & Pakistan (excluding high income)",NY.GDP.NGAS.RT.ZS,Natural gas rents (% of GDP),1994,0.968926614655169,,1
MNA,"Middle East, North Africa, Afghanistan & Pakistan (excluding high income)",NY.GDP.NGAS.RT.ZS,Natural gas rents (% of GDP),1993,0.904731025266456,,1
MNA,"Middle East, North Africa, Afghanistan & Pakistan (excluding high income)",NY.GDP.NGAS.RT.ZS,Natural gas rents (% of GDP),1992,0.833134170564416,,1
MNA,"Middle East, North Africa, Afghanistan & Pakistan (excluding high income)",NY.GDP.NGAS.RT.ZS,Natural gas rents (% of GDP),1990,0.538822882770277,,1
MNA,"Middle East, North Africa, Afghanistan & Pakistan (excluding high income)",NY.GDP.NGAS.RT.ZS,Natural gas rents (% of GDP),1989,0.646876479707787,,1
MNA,"Middle East, North Africa, Afghanistan & Pakistan (excluding high income)",NY.GDP.NGAS.RT.ZS,Natural gas rents (% of GDP),1988,0.593525276455574,,1
MNA,"Middle East, North Africa, Afghanistan & Pakistan (excluding high income)",NY.GDP.NGAS.RT.ZS,Natural gas rents (% of GDP),1987,0.511025611084017,,1
MNA,"Middle East, North Africa, Afghanistan & Pakistan (excluding high income)",NY.GDP.NGAS.RT.ZS,Natural gas rents (% of GDP),1986,0.435280194031293,,1
MNA,"Middle East, North Africa, Afghanistan & Pakistan (excluding high income)",NY.GDP.NGAS.RT.ZS,Natural gas rents (% of GDP),1985,0.438023433415369,,1
MNA,"Middle East, North Africa, Afghanistan & Pakistan (excluding high income)",NY.GDP.NGAS.RT.ZS,Natural gas rents (% of GDP),1984,0.453225454314017,,1
MNA,"Middle East, North Africa, Afghanistan & Pakistan (excluding high income)",NY.GDP.NGAS.RT.ZS,Natural gas rents (% of GDP),1983,0.483178061868536,,1
MNA,"Middle East, North Africa, Afghanistan & Pakistan (excluding high income)",NY.GDP.NGAS.RT.ZS,Natural gas rents (% of GDP),1982,0.127939353250007,,1
MNA,"Middle East, North Africa, Afghanistan & Pakistan (excluding high income)",NY.GDP.NGAS.RT.ZS,Natural gas rents (% of GDP),1981,0.322534801933098,,1
MNA,"Middle East, North Africa, Afghanistan & Pakistan (excluding high income)",NY.GDP.NGAS.RT.ZS,Natural gas rents (% of GDP),1980,0.301072438655078,,1
MNA,"Middle East, North Africa, Afghanistan & Pakistan (excluding high income)",NY.GDP.NGAS.RT.ZS,Natural gas rents (% of GDP),1979,0.617308232094163,,1
MNA,"Middle East, North Africa, Afghanistan & Pakistan (excluding high income)",NY.GDP.NGAS.RT.ZS,Natural gas rents (% of GDP),1978,0.401228379212055,,1
MNA,"Middle East, North Africa, Afghanistan & Pakistan (excluding high income)",NY.GDP.NGAS.RT.ZS,Natural gas rents (% of GDP),1977,0.372712234142495,,1
MNA,"Middle East, North Africa, Afghanistan & Pakistan (excluding high income)",NY.GDP.NGAS.RT.ZS,Natural gas rents (% of GDP),1976,0.359140235560381,,1
MNA,"Middle East, North Africa, Afghanistan & Pakistan (excluding high income)",NY.GDP.NGAS.RT.ZS,Natural gas rents (% of GDP),1975,0.391640799607382,,1
MNA,"Middle East, North Africa, Afghanistan & Pakistan (excluding high income)",NY.GDP.NGAS.RT.ZS,Natural gas rents (% of GDP),1974,0.177737055605144,,1
MNA,"Middle East, North Africa, Afghanistan & Pakistan (excluding high income)",NY.GDP.NGAS.RT.ZS,Natural gas rents (% of GDP),1973,0.275394250393825,,1
MNA,"Middle East, North Africa, Afghanistan & Pakistan (excluding high income)",NY.GDP.NGAS.RT.ZS,Natural gas rents (% of GDP),1972,0.246122941927785,,1
MNA,"Middle East, North Africa, Afghanistan & Pakistan (excluding high income)",NY.GDP.NGAS.RT.ZS,Natural gas rents (% of GDP),1971,0.279051036478858,,1
MNA,"Middle East, North Africa, Afghanistan & Pakistan (excluding high income)",NY.GDP.NGAS.RT.ZS,Natural gas rents (% of GDP),1970,0.289975822201723,,1
TMN,"Middle East, North Africa, Afghanistan & Pakistan (IDA & IBRD)",NY.GDP.NGAS.RT.ZS,Natural gas rents (% of GDP),2021,3.45786484412304,,1
TMN,"Middle East, North Africa, Afghanistan & Pakistan (IDA & IBRD)",NY.GDP.NGAS.RT.ZS,Natural gas rents (% of GDP),2020,2.51241745262065,,1
TMN,"Middle East, North Africa, Afghanistan & Pakistan (IDA & IBRD)",NY.GDP.NGAS.RT.ZS,Natural gas rents (% of GDP),2019,2.34001831208047,,1
TMN,"Middle East, North Africa, Afghanistan & Pakistan (IDA & IBRD)",NY.GDP.NGAS.RT.ZS,Natural gas rents (% of GDP),2018,2.31307880282032,,1
TMN,"Middle East, North Africa, Afghanistan & Pakistan (IDA & IBRD)",NY.GDP.NGAS.RT.ZS,Natural gas rents (% of GDP),2017,1.29178619010846,,1
TMN,"Middle East, North Africa, Afghanistan & Pakistan (IDA & IBRD)",NY.GDP.NGAS.RT.ZS,Natural gas rents (% of GDP),2016,1.01074530165472,,1
TMN,"Middle East, North Africa, Afghanistan & Pakistan (IDA & IBRD)",NY.GDP.NGAS.RT.ZS,Natural gas rents (% of GDP),2015,1.26358873016529,,1
TMN,"Middle East, North Africa, Afghanistan & Pakistan (IDA & IBRD)",NY.GDP.NGAS.RT.ZS,Natural gas rents (% of GDP),2014,1.57788890417584,,1
TMN,"Middle East, North Africa, Afghanistan & Pakistan (IDA & IBRD)",NY.GDP.NGAS.RT.ZS,Natural gas rents (% of GDP),2013,1.60900134487883,,1
TMN,"Middle East, North Africa, Afghanistan & Pakistan (IDA & IBRD)",NY.GDP.NGAS.RT.ZS,Natural gas rents (% of GDP),2012,1.53326330690793,,1
TMN,"Middle East, North Africa, Afghanistan & Pakistan (IDA & IBRD)",NY.GDP.NGAS.RT.ZS,Natural gas rents (% of GDP),2011,1.53117700910525,,1
TMN,"Middle East, North Africa, Afghanistan & Pakistan (IDA & IBRD)",NY.GDP.NGAS.RT.ZS,Natural gas rents (% of GDP),2010,1.40035004462755,,1
TMN,"Middle East, North Africa, Afghanistan & Pakistan (IDA & IBRD)",NY.GDP.NGAS.RT.ZS,Natural gas rents (% of GDP),2009,1.64170503724383,,1
TMN,"Middle East, North Africa, Afghanistan & Pakistan (IDA & IBRD)",NY.GDP.NGAS.RT.ZS,Natural gas rents (% of GDP),2008,1.39850434851071,,1
TMN,"Middle East, North Africa, Afghanistan & Pakistan (IDA & IBRD)",NY.GDP.NGAS.RT.ZS,Natural gas rents (% of GDP),2007,1.56905120076682,,1
TMN,"Middle East, North Africa, Afghanistan & Pakistan (IDA & IBRD)",NY.GDP.NGAS.RT.ZS,Natural gas rents (% of GDP),2006,1.89600806742791,,1
TMN,"Middle East, North Africa, Afghanistan & Pakistan (IDA & IBRD)",NY.GDP.NGAS.RT.ZS,Natural gas rents (% of GDP),2005,1.87803806843371,,1
TMN,"Middle East, North Africa, Afghanistan & Pakistan (IDA & IBRD)",NY.GDP.NGAS.RT.ZS,Natural gas rents (% of GDP),2004,1.48191031178436,,1
TMN,"Middle East, North Africa, Afghanistan & Pakistan (IDA & IBRD)",NY.GDP.NGAS.RT.ZS,Natural gas rents (% of GDP),2003,1.55184196793869,,1
TMN,"Middle East, North Africa, Afghanistan & Pakistan (IDA & IBRD)",NY.GDP.NGAS.RT.ZS,Natural gas rents (% of GDP),2002,1.66744358234195,,1
TMN,"Middle East, North Africa, Afghanistan & Pakistan (IDA & IBRD)",NY.GDP.NGAS.RT.ZS,Natural gas rents (% of GDP),2001,1.72698487147174,,1
TMN,"Middle East, North Africa, Afghanistan & Pakistan (IDA & IBRD)",NY.GDP.NGAS.RT.ZS,Natural gas rents (% of GDP),2000,1.47840524531702,,1
TMN,"Middle East, North Africa, Afghanistan & Pakistan (IDA & IBRD)",NY.GDP.NGAS.RT.ZS,Natural gas rents (% of GDP),1999,1.18102652060039,,1
TMN,"Middle East, North Africa, Afghanistan & Pakistan (IDA & IBRD)",NY.GDP.NGAS.RT.ZS,Natural gas rents (% of GDP),1998,1.18376838330016,,1
TMN,"Middle East, North Africa, Afghanistan & Pakistan (IDA & IBRD)",NY.GDP.NGAS.RT.ZS,Natural gas rents (% of GDP),1997,1.21734926840207,,1
TMN,"Middle East, North Africa, Afghanistan & Pakistan (IDA & IBRD)",NY.GDP.NGAS.RT.ZS,Natural gas rents (% of GDP),1996,1.083910979369,,1
TMN,"Middle East, North Africa, Afghanistan & Pakistan (IDA & IBRD)",NY.GDP.NGAS.RT.ZS,Natural gas rents (% of GDP),1995,1.0178157877441,,1
TMN,"Middle East, North Africa, Afghanistan & Pakistan (IDA & IBRD)",NY.GDP.NGAS.RT.ZS,Natural gas rents (% of GDP),1994,0.968926614655169,,1
TMN,"Middle East, North Africa, Afghanistan & Pakistan (IDA & IBRD)",NY.GDP.NGAS.RT.ZS,Natural gas rents (% of GDP),1993,0.904731025266456,,1
TMN,"Middle East, North Africa, Afghanistan & Pakistan (IDA & IBRD)",NY.GDP.NGAS.RT.ZS,Natural gas rents (% of GDP),1992,0.833134170564415,,1
TMN,"Middle East, North Africa, Afghanistan & Pakistan (IDA & IBRD)",NY.GDP.NGAS.RT.ZS,Natural gas rents (% of GDP),1990,0.538822882770277,,1
TMN,"Middle East, North Africa, Afghanistan & Pakistan (IDA & IBRD)",NY.GDP.NGAS.RT.ZS,Natural gas rents (% of GDP),1989,0.646876479707787,,1
TMN,"Middle East, North Africa, Afghanistan & Pakistan (IDA & IBRD)",NY.GDP.NGAS.RT.ZS,Natural gas rents (% of GDP),1988,0.593525276455574,,1
TMN,"Middle East, North Africa, Afghanistan & Pakistan (IDA & IBRD)",NY.GDP.NGAS.RT.ZS,Natural gas rents (% of GDP),1987,0.511025611084017,,1
TMN,"Middle East, North Africa, Afghanistan & Pakistan (IDA & IBRD)",NY.GDP.NGAS.RT.ZS,Natural gas rents (% of GDP),1986,0.435280194031293,,1
TMN,"Middle East, North Africa, Afghanistan & Pakistan (IDA & IBRD)",NY.GDP.NGAS.RT.ZS,Natural gas rents (% of GDP),1985,0.438023433415369,,1
TMN,"Middle East, North Africa, Afghanistan & Pakistan (IDA & IBRD)",NY.GDP.NGAS.RT.ZS,Natural gas rents (% of GDP),1984,0.453225454314017,,1
TMN,"Middle East, North Africa, Afghanistan & Pakistan (IDA & IBRD)",NY.GDP.NGAS.RT.ZS,Natural gas rents (% of GDP),1983,0.483178061868536,,1
TMN,"Middle East, North Africa, Afghanistan & Pakistan (IDA & IBRD)",NY.GDP.NGAS.RT.ZS,Natural gas rents (% of GDP),1982,0.127939353250007,,1
TMN,"Middle East, North Africa, Afghanistan & Pakistan (IDA & IBRD)",NY.GDP.NGAS.RT.ZS,Natural gas rents (% of GDP),1981,0.322534801933098,,1
TMN,"Middle East, North Africa, Afghanistan & Pakistan (IDA & IBRD)",NY.GDP.NGAS.RT.ZS,Natural gas rents (% of GDP),1980,0.301072438655078,,1
TMN,"Middle East, North Africa, Afghanistan & Pakistan (IDA & IBRD)",NY.GDP.NGAS.RT.ZS,Natural gas rents (% of GDP),1979,0.617308232094163,,1
TMN,"Middle East, North Africa, Afghanistan & Pakistan (IDA & IBRD)",NY.GDP.NGAS.RT.ZS,Natural gas rents (% of GDP),1978,0.401228379212055,,1
TMN,"Middle East, North Africa, Afghanistan & Pakistan (IDA & IBRD)",NY.GDP.NGAS.RT.ZS,Natural gas rents (% of GDP),1977,0.372712234142495,,1
TMN,"Middle East, North Africa, Afghanistan & Pakistan (IDA & IBRD)",NY.GDP.NGAS.RT.ZS,Natural gas rents (% of GDP),1976,0.359140235560381,,1
TMN,"Middle East, North Africa, Afghanistan & Pakistan (IDA & IBRD)",NY.GDP.NGAS.RT.ZS,Natural gas rents (% of GDP),1975,0.391640799607382,,1
TMN,"Middle East, North Africa, Afghanistan & Pakistan (IDA & IBRD)",NY.GDP.NGAS.RT.ZS,Natural gas rents (% of GDP),1974,0.177737055605144,,1
TMN,"Middle East, North Africa, Afghanistan & Pakistan (IDA & IBRD)",NY.GDP.NGAS.RT.ZS,Natural gas rents (% of GDP),1973,0.275394250393825,,1
TMN,"Middle East, North Africa, Afghanistan & Pakistan (IDA & IBRD)",NY.GDP.NGAS.RT.ZS,Natural gas rents (% of GDP),1972,0.246122941927785,,1
TMN,"Middle East, North Africa, Afghanistan & Pakistan (IDA & IBRD)",NY.GDP.NGAS.RT.ZS,Natural gas rents (% of GDP),1971,0.279051036478858,,1
TMN,"Middle East, North Africa, Afghanistan & Pakistan (IDA & IBRD)",NY.GDP.NGAS.RT.ZS,Natural gas rents (% of GDP),1970,0.289975822201723,,1
MIC,Middle income,NY.GDP.NGAS.RT.ZS,Natural gas rents (% of GDP),2021,0.518862408018479,,1
MIC,Middle income,NY.GDP.NGAS.RT.ZS,Natural gas rents (% of GDP),2020,0.330995478011887,,1
MIC,Middle income,NY.GDP.NGAS.RT.ZS,Natural gas rents (% of GDP),2019,0.403522257722419,,1
MIC,Middle income,NY.GDP.NGAS.RT.ZS,Natural gas rents (% of GDP),2018,0.420347238455177,,1
MIC,Middle income,NY.GDP.NGAS.RT.ZS,Natural gas rents (% of GDP),2017,0.272293889366471,,1
MIC,Middle income,NY.GDP.NGAS.RT.ZS,Natural gas rents (% of GDP),2016,0.250429483478553,,1
MIC,Middle income,NY.GDP.NGAS.RT.ZS,Natural gas rents (% of GDP),2015,0.343239756708604,,1
MIC,Middle income,NY.GDP.NGAS.RT.ZS,Natural gas rents (% of GDP),2014,0.382344290530814,,1
MIC,Middle income,NY.GDP.NGAS.RT.ZS,Natural gas rents (% of GDP),2013,0.384126432949887,,1
MIC,Middle income,NY.GDP.NGAS.RT.ZS,Natural gas rents (% of GDP),2012,0.411415378953052,,1
MIC,Middle income,NY.GDP.NGAS.RT.ZS,Natural gas rents (% of GDP),2011,0.415179195488218,,1
MIC,Middle income,NY.GDP.NGAS.RT.ZS,Natural gas rents (% of GDP),2010,0.360307657269812,,1
MIC,Middle income,NY.GDP.NGAS.RT.ZS,Natural gas rents (% of GDP),2009,0.426120075762001,,1
MIC,Middle income,NY.GDP.NGAS.RT.ZS,Natural gas rents (% of GDP),2008,0.459118874463281,,1
MIC,Middle income,NY.GDP.NGAS.RT.ZS,Natural gas rents (% of GDP),2007,0.428647874574818,,1
MIC,Middle income,NY.GDP.NGAS.RT.ZS,Natural gas rents (% of GDP),2006,0.509374699443555,,1
MIC,Middle income,NY.GDP.NGAS.RT.ZS,Natural gas rents (% of GDP),2005,0.494526003200052,,1
MIC,Middle income,NY.GDP.NGAS.RT.ZS,Natural gas rents (% of GDP),2004,0.476728289814189,,1
MIC,Middle income,NY.GDP.NGAS.RT.ZS,Natural gas rents (% of GDP),2003,0.496561247939603,,1
MIC,Middle income,NY.GDP.NGAS.RT.ZS,Natural gas rents (% of GDP),2002,0.476464844809757,,1
MIC,Middle income,NY.GDP.NGAS.RT.ZS,Natural gas rents (% of GDP),2001,0.527359086748768,,1
MIC,Middle income,NY.GDP.NGAS.RT.ZS,Natural gas rents (% of GDP),2000,0.458081481239851,,1
MIC,Middle income,NY.GDP.NGAS.RT.ZS,Natural gas rents (% of GDP),1999,0.288177987527176,,1
MIC,Middle income,NY.GDP.NGAS.RT.ZS,Natural gas rents (% of GDP),1998,0.243362902309429,,1
MIC,Middle income,NY.GDP.NGAS.RT.ZS,Natural gas rents (% of GDP),1997,0.318434659582854,,1
MIC,Middle income,NY.GDP.NGAS.RT.ZS,Natural gas rents (% of GDP),1996,0.305073247832689,,1
MIC,Middle income,NY.GDP.NGAS.RT.ZS,Natural gas rents (% of GDP),1995,0.282492267637528,,1
MIC,Middle income,NY.GDP.NGAS.RT.ZS,Natural gas rents (% of GDP),1994,0.272434473659398,,1
MIC,Middle income,NY.GDP.NGAS.RT.ZS,Natural gas rents (% of GDP),1993,0.279938324649925,,1
MIC,Middle income,NY.GDP.NGAS.RT.ZS,Natural gas rents (% of GDP),1992,0.218465640977638,,1
MIC,Middle income,NY.GDP.NGAS.RT.ZS,Natural gas rents (% of GDP),1991,0.254178853040448,,1
MIC,Middle income,NY.GDP.NGAS.RT.ZS,Natural gas rents (% of GDP),1990,0.302888463692258,,1
MIC,Middle income,NY.GDP.NGAS.RT.ZS,Natural gas rents (% of GDP),1989,0.24367825399451,,1
MIC,Middle income,NY.GDP.NGAS.RT.ZS,Natural gas rents (% of GDP),1988,0.22731009888089,,1
MIC,Middle income,NY.GDP.NGAS.RT.ZS,Natural gas rents (% of GDP),1987,0.251609191702866,,1
MIC,Middle income,NY.GDP.NGAS.RT.ZS,Natural gas rents (% of GDP),1986,0.225986292687662,,1
MIC,Middle income,NY.GDP.NGAS.RT.ZS,Natural gas rents (% of GDP),1985,0.189025151186593,,1
MIC,Middle income,NY.GDP.NGAS.RT.ZS,Natural gas rents (% of GDP),1984,0.180816788545147,,1
MIC,Middle income,NY.GDP.NGAS.RT.ZS,Natural gas rents (% of GDP),1983,0.158649415808384,,1
MIC,Middle income,NY.GDP.NGAS.RT.ZS,Natural gas rents (% of GDP),1982,0.0384055143825674,,1
MIC,Middle income,NY.GDP.NGAS.RT.ZS,Natural gas rents (% of GDP),1981,0.105735875840354,,1
MIC,Middle income,NY.GDP.NGAS.RT.ZS,Natural gas rents (% of GDP),1980,0.185659094504273,,1
MIC,Middle income,NY.GDP.NGAS.RT.ZS,Natural gas rents (% of GDP),1979,0.210341958794432,,1
MIC,Middle income,NY.GDP.NGAS.RT.ZS,Natural gas rents (% of GDP),1978,0.133560629299702,,1
MIC,Middle income,NY.GDP.NGAS.RT.ZS,Natural gas rents (% of GDP),1977,0.106409684780224,,1
MIC,Middle income,NY.GDP.NGAS.RT.ZS,Natural gas rents (% of GDP),1976,0.112323511299918,,1
MIC,Middle income,NY.GDP.NGAS.RT.ZS,Natural gas rents (% of GDP),1975,0.107481211231172,,1
MIC,Middle income,NY.GDP.NGAS.RT.ZS,Natural gas rents (% of GDP),1974,0.0536911386926864,,1
MIC,Middle income,NY.GDP.NGAS.RT.ZS,Natural gas rents (% of GDP),1973,0.0361039072112004,,1
MIC,Middle income,NY.GDP.NGAS.RT.ZS,Natural gas rents (% of GDP),1972,0.0330988638664735,,1
MIC,Middle income,NY.GDP.NGAS.RT.ZS,Natural gas rents (% of GDP),1971,0.0360035614071587,,1
MIC,Middle income,NY.GDP.NGAS.RT.ZS,Natural gas rents (% of GDP),1970,0.0354628574581926,,1
NAC,North America,NY.GDP.NGAS.RT.ZS,Natural gas rents (% of GDP),2021,0.397474908383485,,1
NAC,North America,NY.GDP.NGAS.RT.ZS,Natural gas rents (% of GDP),2020,0,,1
NAC,North America,NY.GDP.NGAS.RT.ZS,Natural gas rents (% of GDP),2019,0,,1
NAC,North America,NY.GDP.NGAS.RT.ZS,Natural gas rents (% of GDP),2018,0.00914351240615222,,1
NAC,North America,NY.GDP.NGAS.RT.ZS,Natural gas rents (% of GDP),2017,0,,1
NAC,North America,NY.GDP.NGAS.RT.ZS,Natural gas rents (% of GDP),2016,0,,1
NAC,North America,NY.GDP.NGAS.RT.ZS,Natural gas rents (% of GDP),2015,0,,1
NAC,North America,NY.GDP.NGAS.RT.ZS,Natural gas rents (% of GDP),2014,0.0584568648711557,,1
NAC,North America,NY.GDP.NGAS.RT.ZS,Natural gas rents (% of GDP),2013,0,,1
NAC,North America,NY.GDP.NGAS.RT.ZS,Natural gas rents (% of GDP),2012,0,,1
NAC,North America,NY.GDP.NGAS.RT.ZS,Natural gas rents (% of GDP),2011,0,,1
NAC,North America,NY.GDP.NGAS.RT.ZS,Natural gas rents (% of GDP),2010,0,,1
NAC,North America,NY.GDP.NGAS.RT.ZS,Natural gas rents (% of GDP),2009,0.0523788326081691,,1
NAC,North America,NY.GDP.NGAS.RT.ZS,Natural gas rents (% of GDP),2008,0.648463220155443,,1
NAC,North America,NY.GDP.NGAS.RT.ZS,Natural gas rents (% of GDP),2007,0.410508292447399,,1
NAC,North America,NY.GDP.NGAS.RT.ZS,Natural gas rents (% of GDP),2006,0.472541140139665,,1
NAC,North America,NY.GDP.NGAS.RT.ZS,Natural gas rents (% of GDP),2005,0.99694375199101,,1
NAC,North America,NY.GDP.NGAS.RT.ZS,Natural gas rents (% of GDP),2004,0.708323194651009,,1
NAC,North America,NY.GDP.NGAS.RT.ZS,Natural gas rents (% of GDP),2003,0.760158165930171,,1
NAC,North America,NY.GDP.NGAS.RT.ZS,Natural gas rents (% of GDP),2002,0.382096664781287,,1
NAC,North America,NY.GDP.NGAS.RT.ZS,Natural gas rents (% of GDP),2001,0.582813824545429,,1
NAC,North America,NY.GDP.NGAS.RT.ZS,Natural gas rents (% of GDP),2000,0.722205475942327,,1
NAC,North America,NY.GDP.NGAS.RT.ZS,Natural gas rents (% of GDP),1999,0.315357887701455,,1
NAC,North America,NY.GDP.NGAS.RT.ZS,Natural gas rents (% of GDP),1998,0.259441931448436,,1
NAC,North America,NY.GDP.NGAS.RT.ZS,Natural gas rents (% of GDP),1997,0.39019434736541,,1
NAC,North America,NY.GDP.NGAS.RT.ZS,Natural gas rents (% of GDP),1996,0.364697318472836,,1
NAC,North America,NY.GDP.NGAS.RT.ZS,Natural gas rents (% of GDP),1995,0.188874165737505,,1
NAC,North America,NY.GDP.NGAS.RT.ZS,Natural gas rents (% of GDP),1994,0.285565814506946,,1
NAC,North America,NY.GDP.NGAS.RT.ZS,Natural gas rents (% of GDP),1993,0.360393144828623,,1
NAC,North America,NY.GDP.NGAS.RT.ZS,Natural gas rents (% of GDP),1992,0.246835783695783,,1
NAC,North America,NY.GDP.NGAS.RT.ZS,Natural gas rents (% of GDP),1991,0.140156313369474,,1
NAC,North America,NY.GDP.NGAS.RT.ZS,Natural gas rents (% of GDP),1990,0.1781145504266,,1
NAC,North America,NY.GDP.NGAS.RT.ZS,Natural gas rents (% of GDP),1989,0.203626307851352,,1
NAC,North America,NY.GDP.NGAS.RT.ZS,Natural gas rents (% of GDP),1988,0.197481140027775,,1
NAC,North America,NY.GDP.NGAS.RT.ZS,Natural gas rents (% of GDP),1987,0.301768454730616,,1
NAC,North America,NY.GDP.NGAS.RT.ZS,Natural gas rents (% of GDP),1986,0.108584955948663,,1
NAC,North America,NY.GDP.NGAS.RT.ZS,Natural gas rents (% of GDP),1985,0.502269508894582,,1
NAC,North America,NY.GDP.NGAS.RT.ZS,Natural gas rents (% of GDP),1984,0.661199606274423,,1
NAC,North America,NY.GDP.NGAS.RT.ZS,Natural gas rents (% of GDP),1983,0.617654908123699,,1
NAC,North America,NY.GDP.NGAS.RT.ZS,Natural gas rents (% of GDP),1982,0.19709592528045,,1
NAC,North America,NY.GDP.NGAS.RT.ZS,Natural gas rents (% of GDP),1981,1.04610379809592,,1
NAC,North America,NY.GDP.NGAS.RT.ZS,Natural gas rents (% of GDP),1980,1.80326458081093,,1
NAC,North America,NY.GDP.NGAS.RT.ZS,Natural gas rents (% of GDP),1979,1.91473839287377,,1
NAC,North America,NY.GDP.NGAS.RT.ZS,Natural gas rents (% of GDP),1978,0.704559160174629,,1
NAC,North America,NY.GDP.NGAS.RT.ZS,Natural gas rents (% of GDP),1977,0.809279976629566,,1
NAC,North America,NY.GDP.NGAS.RT.ZS,Natural gas rents (% of GDP),1976,0.798345844655686,,1
NAC,North America,NY.GDP.NGAS.RT.ZS,Natural gas rents (% of GDP),1975,0.860199459967858,,1
NAC,North America,NY.GDP.NGAS.RT.ZS,Natural gas rents (% of GDP),1974,1.0433955232226,,1
NAC,North America,NY.GDP.NGAS.RT.ZS,Natural gas rents (% of GDP),1973,0.110604721269027,,1
NAC,North America,NY.GDP.NGAS.RT.ZS,Natural gas rents (% of GDP),1972,0.04653377025785,,1
NAC,North America,NY.GDP.NGAS.RT.ZS,Natural gas rents (% of GDP),1971,0.00259648203580616,,1
NAC,North America,NY.GDP.NGAS.RT.ZS,Natural gas rents (% of GDP),1970,0,,1
OED,OECD members,NY.GDP.NGAS.RT.ZS,Natural gas rents (% of GDP),2021,0.278490423274797,,1
OED,OECD members,NY.GDP.NGAS.RT.ZS,Natural gas rents (% of GDP),2020,0.0470665605560206,,1
OED,OECD members,NY.GDP.NGAS.RT.ZS,Natural gas rents (% of GDP),2019,0.0649829836864843,,1
OED,OECD members,NY.GDP.NGAS.RT.ZS,Natural gas rents (% of GDP),2018,0.077135591463434,,1
OED,OECD members,NY.GDP.NGAS.RT.ZS,Natural gas rents (% of GDP),2017,0.0480467698536946,,1
OED,OECD members,NY.GDP.NGAS.RT.ZS,Natural gas rents (% of GDP),2016,0.0372629965010686,,1
OED,OECD members,NY.GDP.NGAS.RT.ZS,Natural gas rents (% of GDP),2015,0.0563618353041097,,1
OED,OECD members,NY.GDP.NGAS.RT.ZS,Natural gas rents (% of GDP),2014,0.0898865599240507,,1
OED,OECD members,NY.GDP.NGAS.RT.ZS,Natural gas rents (% of GDP),2013,0.087032647688776,,1
OED,OECD members,NY.GDP.NGAS.RT.ZS,Natural gas rents (% of GDP),2012,0.0888312684475691,,1
OED,OECD members,NY.GDP.NGAS.RT.ZS,Natural gas rents (% of GDP),2011,0.0856515278966982,,1
OED,OECD members,NY.GDP.NGAS.RT.ZS,Natural gas rents (% of GDP),2010,0.0650222099253867,,1
OED,OECD members,NY.GDP.NGAS.RT.ZS,Natural gas rents (% of GDP),2009,0.0924107526877335,,1
OED,OECD members,NY.GDP.NGAS.RT.ZS,Natural gas rents (% of GDP),2008,0.321167210982771,,1
OED,OECD members,NY.GDP.NGAS.RT.ZS,Natural gas rents (% of GDP),2007,0.207246803909927,,1
OED,OECD members,NY.GDP.NGAS.RT.ZS,Natural gas rents (% of GDP),2006,0.240996778756586,,1
OED,OECD members,NY.GDP.NGAS.RT.ZS,Natural gas rents (% of GDP),2005,0.411397487413094,,1
OED,OECD members,NY.GDP.NGAS.RT.ZS,Natural gas rents (% of GDP),2004,0.304134633189626,,1
OED,OECD members,NY.GDP.NGAS.RT.ZS,Natural gas rents (% of GDP),2003,0.3401686242484,,1
OED,OECD members,NY.GDP.NGAS.RT.ZS,Natural gas rents (% of GDP),2002,0.203726348573046,,1
OED,OECD members,NY.GDP.NGAS.RT.ZS,Natural gas rents (% of GDP),2001,0.302479257759722,,1
OED,OECD members,NY.GDP.NGAS.RT.ZS,Natural gas rents (% of GDP),2000,0.323043063684053,,1
OED,OECD members,NY.GDP.NGAS.RT.ZS,Natural gas rents (% of GDP),1999,0.131625076827523,,1
OED,OECD members,NY.GDP.NGAS.RT.ZS,Natural gas rents (% of GDP),1998,0.108274689005192,,1
OED,OECD members,NY.GDP.NGAS.RT.ZS,Natural gas rents (% of GDP),1997,0.177385211928093,,1
OED,OECD members,NY.GDP.NGAS.RT.ZS,Natural gas rents (% of GDP),1996,0.156585443296613,,1
OED,OECD members,NY.GDP.NGAS.RT.ZS,Natural gas rents (% of GDP),1995,0.0911900101774857,,1
OED,OECD members,NY.GDP.NGAS.RT.ZS,Natural gas rents (% of GDP),1994,0.118181822030249,,1
OED,OECD members,NY.GDP.NGAS.RT.ZS,Natural gas rents (% of GDP),1993,0.145646329351294,,1
OED,OECD members,NY.GDP.NGAS.RT.ZS,Natural gas rents (% of GDP),1992,0.0945371683857189,,1
OED,OECD members,NY.GDP.NGAS.RT.ZS,Natural gas rents (% of GDP),1991,0.0663437427052285,,1
OED,OECD members,NY.GDP.NGAS.RT.ZS,Natural gas rents (% of GDP),1990,0.0866937173857913,,1
OED,OECD members,NY.GDP.NGAS.RT.ZS,Natural gas rents (% of GDP),1989,0.0939660786943658,,1
OED,OECD members,NY.GDP.NGAS.RT.ZS,Natural gas rents (% of GDP),1988,0.0881314641057522,,1
OED,OECD members,NY.GDP.NGAS.RT.ZS,Natural gas rents (% of GDP),1987,0.135604246961671,,1
OED,OECD members,NY.GDP.NGAS.RT.ZS,Natural gas rents (% of GDP),1986,0.0856474965462781,,1
OED,OECD members,NY.GDP.NGAS.RT.ZS,Natural gas rents (% of GDP),1985,0.285396457298793,,1
OED,OECD members,NY.GDP.NGAS.RT.ZS,Natural gas rents (% of GDP),1984,0.35922924914866,,1
OED,OECD members,NY.GDP.NGAS.RT.ZS,Natural gas rents (% of GDP),1983,0.323700330229533,,1
OED,OECD members,NY.GDP.NGAS.RT.ZS,Natural gas rents (% of GDP),1982,0.110174996614009,,1
OED,OECD members,NY.GDP.NGAS.RT.ZS,Natural gas rents (% of GDP),1981,0.479014229329795,,1
OED,OECD members,NY.GDP.NGAS.RT.ZS,Natural gas rents (% of GDP),1980,0.75243300102427,,1
OED,OECD members,NY.GDP.NGAS.RT.ZS,Natural gas rents (% of GDP),1979,0.796389357074189,,1
OED,OECD members,NY.GDP.NGAS.RT.ZS,Natural gas rents (% of GDP),1978,0.326260126994854,,1
OED,OECD members,NY.GDP.NGAS.RT.ZS,Natural gas rents (% of GDP),1977,0.392910267512381,,1
OED,OECD members,NY.GDP.NGAS.RT.ZS,Natural gas rents (% of GDP),1976,0.413444767929546,,1
OED,OECD members,NY.GDP.NGAS.RT.ZS,Natural gas rents (% of GDP),1975,0.427528422585214,,1
OED,OECD members,NY.GDP.NGAS.RT.ZS,Natural gas rents (% of GDP),1974,0.497125274694718,,1
OED,OECD members,NY.GDP.NGAS.RT.ZS,Natural gas rents (% of GDP),1973,0.0632579199703035,,1
OED,OECD members,NY.GDP.NGAS.RT.ZS,Natural gas rents (% of GDP),1972,0.0405402355989308,,1
OED,OECD members,NY.GDP.NGAS.RT.ZS,Natural gas rents (% of GDP),1971,0.0136091679764444,,1
OED,OECD members,NY.GDP.NGAS.RT.ZS,Natural gas rents (% of GDP),1970,0.00820167990206584,,1
OSS,Other small states,NY.GDP.NGAS.RT.ZS,Natural gas rents (% of GDP),2021,1.76632432667959,,1
OSS,Other small states,NY.GDP.NGAS.RT.ZS,Natural gas rents (% of GDP),2020,1.32085511078216,,1
OSS,Other small states,NY.GDP.NGAS.RT.ZS,Natural gas rents (% of GDP),2019,1.42871403429559,,1
OSS,Other small states,NY.GDP.NGAS.RT.ZS,Natural gas rents (% of GDP),2018,1.46750790508476,,1
OSS,Other small states,NY.GDP.NGAS.RT.ZS,Natural gas rents (% of GDP),2017,1.09988171864092,,1
OSS,Other small states,NY.GDP.NGAS.RT.ZS,Natural gas rents (% of GDP),2016,1.22172453115696,,1
OSS,Other small states,NY.GDP.NGAS.RT.ZS,Natural gas rents (% of GDP),2015,1.93041516527354,,1
OSS,Other small states,NY.GDP.NGAS.RT.ZS,Natural gas rents (% of GDP),2014,0.951146876055652,,1
OSS,Other small states,NY.GDP.NGAS.RT.ZS,Natural gas rents (% of GDP),2013,0.696507879705884,,1
OSS,Other small states,NY.GDP.NGAS.RT.ZS,Natural gas rents (% of GDP),2012,0.761671233891152,,1
OSS,Other small states,NY.GDP.NGAS.RT.ZS,Natural gas rents (% of GDP),2011,0.789756477625217,,1
OSS,Other small states,NY.GDP.NGAS.RT.ZS,Natural gas rents (% of GDP),2010,0.780707223461302,,1
OSS,Other small states,NY.GDP.NGAS.RT.ZS,Natural gas rents (% of GDP),2009,0.769334902875664,,1
OSS,Other small states,NY.GDP.NGAS.RT.ZS,Natural gas rents (% of GDP),2008,0.729465329572166,,1
OSS,Other small states,NY.GDP.NGAS.RT.ZS,Natural gas rents (% of GDP),2007,0.714638427267972,,1
OSS,Other small states,NY.GDP.NGAS.RT.ZS,Natural gas rents (% of GDP),2006,0.924983880354948,,1
OSS,Other small states,NY.GDP.NGAS.RT.ZS,Natural gas rents (% of GDP),2005,1.11184654146968,,1
OSS,Other small states,NY.GDP.NGAS.RT.ZS,Natural gas rents (% of GDP),2004,1.28607064701714,,1
OSS,Other small states,NY.GDP.NGAS.RT.ZS,Natural gas rents (% of GDP),2003,1.3265766488016,,1
OSS,Other small states,NY.GDP.NGAS.RT.ZS,Natural gas rents (% of GDP),2002,1.21200370021973,,1
OSS,Other small states,NY.GDP.NGAS.RT.ZS,Natural gas rents (% of GDP),2001,1.52558922274038,,1
OSS,Other small states,NY.GDP.NGAS.RT.ZS,Natural gas rents (% of GDP),2000,1.66726345382925,,1
OSS,Other small states,NY.GDP.NGAS.RT.ZS,Natural gas rents (% of GDP),1999,1.33688565249269,,1
OSS,Other small states,NY.GDP.NGAS.RT.ZS,Natural gas rents (% of GDP),1998,1.21661735111073,,1
OSS,Other small states,NY.GDP.NGAS.RT.ZS,Natural gas rents (% of GDP),1997,2.00031978745561,,1
OSS,Other small states,NY.GDP.NGAS.RT.ZS,Natural gas rents (% of GDP),1996,1.93292276571817,,1
OSS,Other small states,NY.GDP.NGAS.RT.ZS,Natural gas rents (% of GDP),1995,1.86053548279234,,1
OSS,Other small states,NY.GDP.NGAS.RT.ZS,Natural gas rents (% of GDP),1994,2.07389067752939,,1
OSS,Other small states,NY.GDP.NGAS.RT.ZS,Natural gas rents (% of GDP),1993,1.84543088754321,,1
OSS,Other small states,NY.GDP.NGAS.RT.ZS,Natural gas rents (% of GDP),1992,1.41125318101597,,1
OSS,Other small states,NY.GDP.NGAS.RT.ZS,Natural gas rents (% of GDP),1991,1.47671168235736,,1
OSS,Other small states,NY.GDP.NGAS.RT.ZS,Natural gas rents (% of GDP),1990,1.84435862291231,,1
OSS,Other small states,NY.GDP.NGAS.RT.ZS,Natural gas rents (% of GDP),1989,1.57677120205273,,1
OSS,Other small states,NY.GDP.NGAS.RT.ZS,Natural gas rents (% of GDP),1988,1.4891584206258,,1
OSS,Other small states,NY.GDP.NGAS.RT.ZS,Natural gas rents (% of GDP),1987,1.95692621650185,,1
OSS,Other small states,NY.GDP.NGAS.RT.ZS,Natural gas rents (% of GDP),1986,2.87760905282499,,1
OSS,Other small states,NY.GDP.NGAS.RT.ZS,Natural gas rents (% of GDP),1985,2.00103402473642,,1
OSS,Other small states,NY.GDP.NGAS.RT.ZS,Natural gas rents (% of GDP),1984,1.63027856138364,,1
OSS,Other small states,NY.GDP.NGAS.RT.ZS,Natural gas rents (% of GDP),1983,1.26321475483691,,1
OSS,Other small states,NY.GDP.NGAS.RT.ZS,Natural gas rents (% of GDP),1982,0.559073451121412,,1
OSS,Other small states,NY.GDP.NGAS.RT.ZS,Natural gas rents (% of GDP),1981,1.62806840983232,,1
OSS,Other small states,NY.GDP.NGAS.RT.ZS,Natural gas rents (% of GDP),1980,3.80943125063408,,1
OSS,Other small states,NY.GDP.NGAS.RT.ZS,Natural gas rents (% of GDP),1978,5.36186057989445,,1
OSS,Other small states,NY.GDP.NGAS.RT.ZS,Natural gas rents (% of GDP),1977,5.60376628109736,,1
OSS,Other small states,NY.GDP.NGAS.RT.ZS,Natural gas rents (% of GDP),1976,6.50667515498313,,1
OSS,Other small states,NY.GDP.NGAS.RT.ZS,Natural gas rents (% of GDP),1975,6.25958316745815,,1
OSS,Other small states,NY.GDP.NGAS.RT.ZS,Natural gas rents (% of GDP),1974,3.1534273119677,,1
OSS,Other small states,NY.GDP.NGAS.RT.ZS,Natural gas rents (% of GDP),1973,0.300394954603901,,1
OSS,Other small states,NY.GDP.NGAS.RT.ZS,Natural gas rents (% of GDP),1972,0.060442719379203,,1
OSS,Other small states,NY.GDP.NGAS.RT.ZS,Natural gas rents (% of GDP),1971,0.0245079816514039,,1
PSS,Pacific island small states,NY.GDP.NGAS.RT.ZS,Natural gas rents (% of GDP),2021,0,,1
PSS,Pacific island small states,NY.GDP.NGAS.RT.ZS,Natural gas rents (% of GDP),2020,0,,1
PSS,Pacific island small states,NY.GDP.NGAS.RT.ZS,Natural gas rents (% of GDP),2019,0,,1
PSS,Pacific island small states,NY.GDP.NGAS.RT.ZS,Natural gas rents (% of GDP),2018,0,,1
PSS,Pacific island small states,NY.GDP.NGAS.RT.ZS,Natural gas rents (% of GDP),2017,0,,1
PSS,Pacific island small states,NY.GDP.NGAS.RT.ZS,Natural gas rents (% of GDP),2016,0,,1
PSS,Pacific island small states,NY.GDP.NGAS.RT.ZS,Natural gas rents (% of GDP),2015,0,,1
PSS,Pacific island small states,NY.GDP.NGAS.RT.ZS,Natural gas rents (% of GDP),2014,0,,1
PSS,Pacific island small states,NY.GDP.NGAS.RT.ZS,Natural gas rents (% of GDP),2013,0,,1
PSS,Pacific island small states,NY.GDP.NGAS.RT.ZS,Natural gas rents (% of GDP),2012,0,,1
PSS,Pacific island small states,NY.GDP.NGAS.RT.ZS,Natural gas rents (% of GDP),2011,0,,1
PSS,Pacific island small states,NY.GDP.NGAS.RT.ZS,Natural gas rents (% of GDP),2010,0,,1
PSS,Pacific island small states,NY.GDP.NGAS.RT.ZS,Natural gas rents (% of GDP),2009,0,,1
PSS,Pacific island small states,NY.GDP.NGAS.RT.ZS,Natural gas rents (% of GDP),2008,0,,1
PSS,Pacific island small states,NY.GDP.NGAS.RT.ZS,Natural gas rents (% of GDP),2007,0,,1
PSS,Pacific island small states,NY.GDP.NGAS.RT.ZS,Natural gas rents (% of GDP),2006,0,,1
PSS,Pacific island small states,NY.GDP.NGAS.RT.ZS,Natural gas rents (% of GDP),2005,0,,1
PSS,Pacific island small states,NY.GDP.NGAS.RT.ZS,Natural gas rents (% of GDP),2004,0,,1
PSS,Pacific island small states,NY.GDP.NGAS.RT.ZS,Natural gas rents (% of GDP),2003,0,,1
PSS,Pacific island small states,NY.GDP.NGAS.RT.ZS,Natural gas rents (% of GDP),2002,0,,1
PSS,Pacific island small states,NY.GDP.NGAS.RT.ZS,Natural gas rents (% of GDP),2001,0,,1
PSS,Pacific island small states,NY.GDP.NGAS.RT.ZS,Natural gas rents (% of GDP),2000,0,,1
PSS,Pacific island small states,NY.GDP.NGAS.RT.ZS,Natural gas rents (% of GDP),1999,0,,1
PSS,Pacific island small states,NY.GDP.NGAS.RT.ZS,Natural gas rents (% of GDP),1998,0,,1
PSS,Pacific island small states,NY.GDP.NGAS.RT.ZS,Natural gas rents (% of GDP),1997,0,,1
PSS,Pacific island small states,NY.GDP.NGAS.RT.ZS,Natural gas rents (% of GDP),1996,0,,1
PSS,Pacific island small states,NY.GDP.NGAS.RT.ZS,Natural gas rents (% of GDP),1995,0,,1
PSS,Pacific island small states,NY.GDP.NGAS.RT.ZS,Natural gas rents (% of GDP),1994,0,,1
PSS,Pacific island small states,NY.GDP.NGAS.RT.ZS,Natural gas rents (% of GDP),1993,0,,1
PSS,Pacific island small states,NY.GDP.NGAS.RT.ZS,Natural gas rents (% of GDP),1992,0,,1
PSS,Pacific island small states,NY.GDP.NGAS.RT.ZS,Natural gas rents (% of GDP),1991,0,,1
PSS,Pacific island small states,NY.GDP.NGAS.RT.ZS,Natural gas rents (% of GDP),1990,0,,1
PSS,Pacific island small states,NY.GDP.NGAS.RT.ZS,Natural gas rents (% of GDP),1989,0,,1
PSS,Pacific island small states,NY.GDP.NGAS.RT.ZS,Natural gas rents (% of GDP),1988,0,,1
PSS,Pacific island small states,NY.GDP.NGAS.RT.ZS,Natural gas rents (% of GDP),1987,0,,1
PSS,Pacific island small states,NY.GDP.NGAS.RT.ZS,Natural gas rents (% of GDP),1986,0,,1
PSS,Pacific island small states,NY.GDP.NGAS.RT.ZS,Natural gas rents (% of GDP),1985,0,,1
PSS,Pacific island small states,NY.GDP.NGAS.RT.ZS,Natural gas rents (% of GDP),1984,0,,1
PSS,Pacific island small states,NY.GDP.NGAS.RT.ZS,Natural gas rents (% of GDP),1983,0,,1
PSS,Pacific island small states,NY.GDP.NGAS.RT.ZS,Natural gas rents (% of GDP),1982,0,,1
PSS,Pacific island small states,NY.GDP.NGAS.RT.ZS,Natural gas rents (% of GDP),1981,0,,1
PSS,Pacific island small states,NY.GDP.NGAS.RT.ZS,Natural gas rents (% of GDP),1980,0,,1
PST,Post-demographic dividend,NY.GDP.NGAS.RT.ZS,Natural gas rents (% of GDP),2021,0.292177416896689,,1
PST,Post-demographic dividend,NY.GDP.NGAS.RT.ZS,Natural gas rents (% of GDP),2020,0.0460280621481483,,1
PST,Post-demographic dividend,NY.GDP.NGAS.RT.ZS,Natural gas rents (% of GDP),2019,0.0645859217842278,,1
PST,Post-demographic dividend,NY.GDP.NGAS.RT.ZS,Natural gas rents (% of GDP),2018,0.0781551373300494,,1
PST,Post-demographic dividend,NY.GDP.NGAS.RT.ZS,Natural gas rents (% of GDP),2017,0.049400887686705,,1
PST,Post-demographic dividend,NY.GDP.NGAS.RT.ZS,Natural gas rents (% of GDP),2016,0.0380196492456859,,1
PST,Post-demographic dividend,NY.GDP.NGAS.RT.ZS,Natural gas rents (% of GDP),2015,0.0565357826519167,,1
PST,Post-demographic dividend,NY.GDP.NGAS.RT.ZS,Natural gas rents (% of GDP),2014,0.0883359989750639,,1
PST,Post-demographic dividend,NY.GDP.NGAS.RT.ZS,Natural gas rents (% of GDP),2013,0.085289445435637,,1
PST,Post-demographic dividend,NY.GDP.NGAS.RT.ZS,Natural gas rents (% of GDP),2012,0.0880601122037373,,1
PST,Post-demographic dividend,NY.GDP.NGAS.RT.ZS,Natural gas rents (% of GDP),2011,0.0846972926408045,,1
PST,Post-demographic dividend,NY.GDP.NGAS.RT.ZS,Natural gas rents (% of GDP),2010,0.0664090892360059,,1
PST,Post-demographic dividend,NY.GDP.NGAS.RT.ZS,Natural gas rents (% of GDP),2009,0.0920606581901324,,1
PST,Post-demographic dividend,NY.GDP.NGAS.RT.ZS,Natural gas rents (% of GDP),2008,0.338718634567604,,1
PST,Post-demographic dividend,NY.GDP.NGAS.RT.ZS,Natural gas rents (% of GDP),2007,0.216020986531465,,1
PST,Post-demographic dividend,NY.GDP.NGAS.RT.ZS,Natural gas rents (% of GDP),2006,0.251841596450005,,1
PST,Post-demographic dividend,NY.GDP.NGAS.RT.ZS,Natural gas rents (% of GDP),2005,0.430957630752632,,1
PST,Post-demographic dividend,NY.GDP.NGAS.RT.ZS,Natural gas rents (% of GDP),2004,0.318266205990311,,1
PST,Post-demographic dividend,NY.GDP.NGAS.RT.ZS,Natural gas rents (% of GDP),2003,0.355870145478989,,1
PST,Post-demographic dividend,NY.GDP.NGAS.RT.ZS,Natural gas rents (% of GDP),2002,0.212844771980828,,1
PST,Post-demographic dividend,NY.GDP.NGAS.RT.ZS,Natural gas rents (% of GDP),2001,0.316217110309701,,1
PST,Post-demographic dividend,NY.GDP.NGAS.RT.ZS,Natural gas rents (% of GDP),2000,0.33629165814676,,1
PST,Post-demographic dividend,NY.GDP.NGAS.RT.ZS,Natural gas rents (% of GDP),1999,0.135656684583308,,1
PST,Post-demographic dividend,NY.GDP.NGAS.RT.ZS,Natural gas rents (% of GDP),1998,0.111759731899688,,1
PST,Post-demographic dividend,NY.GDP.NGAS.RT.ZS,Natural gas rents (% of GDP),1997,0.184108259500103,,1
PST,Post-demographic dividend,NY.GDP.NGAS.RT.ZS,Natural gas rents (% of GDP),1996,0.161747713247828,,1
PST,Post-demographic dividend,NY.GDP.NGAS.RT.ZS,Natural gas rents (% of GDP),1995,0.0939798706600703,,1
PST,Post-demographic dividend,NY.GDP.NGAS.RT.ZS,Natural gas rents (% of GDP),1994,0.120798225248427,,1
PST,Post-demographic dividend,NY.GDP.NGAS.RT.ZS,Natural gas rents (% of GDP),1993,0.149206286710473,,1
PST,Post-demographic dividend,NY.GDP.NGAS.RT.ZS,Natural gas rents (% of GDP),1992,0.095796423981655,,1
PST,Post-demographic dividend,NY.GDP.NGAS.RT.ZS,Natural gas rents (% of GDP),1991,0.0670115027314354,,1
PST,Post-demographic dividend,NY.GDP.NGAS.RT.ZS,Natural gas rents (% of GDP),1990,0.0875672535580618,,1
PST,Post-demographic dividend,NY.GDP.NGAS.RT.ZS,Natural gas rents (% of GDP),1989,0.0945938316214803,,1
PST,Post-demographic dividend,NY.GDP.NGAS.RT.ZS,Natural gas rents (% of GDP),1988,0.0888449752958153,,1
PST,Post-demographic dividend,NY.GDP.NGAS.RT.ZS,Natural gas rents (% of GDP),1987,0.136941791693684,,1
PST,Post-demographic dividend,NY.GDP.NGAS.RT.ZS,Natural gas rents (% of GDP),1986,0.0832294648434467,,1
PST,Post-demographic dividend,NY.GDP.NGAS.RT.ZS,Natural gas rents (% of GDP),1985,0.286466914689909,,1
PST,Post-demographic dividend,NY.GDP.NGAS.RT.ZS,Natural gas rents (% of GDP),1984,0.361572256530072,,1
PST,Post-demographic dividend,NY.GDP.NGAS.RT.ZS,Natural gas rents (% of GDP),1983,0.325420494619321,,1
PST,Post-demographic dividend,NY.GDP.NGAS.RT.ZS,Natural gas rents (% of GDP),1982,0.111938138597836,,1
PST,Post-demographic dividend,NY.GDP.NGAS.RT.ZS,Natural gas rents (% of GDP),1981,0.493188036884957,,1
PST,Post-demographic dividend,NY.GDP.NGAS.RT.ZS,Natural gas rents (% of GDP),1980,0.769986361456874,,1
PST,Post-demographic dividend,NY.GDP.NGAS.RT.ZS,Natural gas rents (% of GDP),1979,0.819366221646801,,1
PST,Post-demographic dividend,NY.GDP.NGAS.RT.ZS,Natural gas rents (% of GDP),1978,0.334962682206704,,1
PST,Post-demographic dividend,NY.GDP.NGAS.RT.ZS,Natural gas rents (% of GDP),1977,0.403806589425647,,1
PST,Post-demographic dividend,NY.GDP.NGAS.RT.ZS,Natural gas rents (% of GDP),1976,0.423801780186714,,1
PST,Post-demographic dividend,NY.GDP.NGAS.RT.ZS,Natural gas rents (% of GDP),1975,0.438482797407145,,1
PST,Post-demographic dividend,NY.GDP.NGAS.RT.ZS,Natural gas rents (% of GDP),1974,0.511073789485963,,1
PST,Post-demographic dividend,NY.GDP.NGAS.RT.ZS,Natural gas rents (% of GDP),1973,0.0647960180098888,,1
PST,Post-demographic dividend,NY.GDP.NGAS.RT.ZS,Natural gas rents (% of GDP),1972,0.0413757512119035,,1
PST,Post-demographic dividend,NY.GDP.NGAS.RT.ZS,Natural gas rents (% of GDP),1971,0.0137016814149632,,1
PST,Post-demographic dividend,NY.GDP.NGAS.RT.ZS,Natural gas rents (% of GDP),1970,0.00827866715294598,,1
PRE,Pre-demographic dividend,NY.GDP.NGAS.RT.ZS,Natural gas rents (% of GDP),2021,0.767693923431421,,1
PRE,Pre-demographic dividend,NY.GDP.NGAS.RT.ZS,Natural gas rents (% of GDP),2020,0.468614057225681,,1
PRE,Pre-demographic dividend,NY.GDP.NGAS.RT.ZS,Natural gas rents (% of GDP),2019,0.57675653414193,,1
PRE,Pre-demographic dividend,NY.GDP.NGAS.RT.ZS,Natural gas rents (% of GDP),2018,0.58984443508346,,1
PRE,Pre-demographic dividend,NY.GDP.NGAS.RT.ZS,Natural gas rents (% of GDP),2017,0.407383608566526,,1
PRE,Pre-demographic dividend,NY.GDP.NGAS.RT.ZS,Natural gas rents (% of GDP),2016,0.325370990566046,,1
PRE,Pre-demographic dividend,NY.GDP.NGAS.RT.ZS,Natural gas rents (% of GDP),2015,0.41487508262217,,1
PRE,Pre-demographic dividend,NY.GDP.NGAS.RT.ZS,Natural gas rents (% of GDP),2014,0.405868601110319,,1
PRE,Pre-demographic dividend,NY.GDP.NGAS.RT.ZS,Natural gas rents (% of GDP),2013,0.419254618901183,,1
PRE,Pre-demographic dividend,NY.GDP.NGAS.RT.ZS,Natural gas rents (% of GDP),2012,0.503445407209048,,1
PRE,Pre-demographic dividend,NY.GDP.NGAS.RT.ZS,Natural gas rents (% of GDP),2011,0.487700236701178,,1
PRE,Pre-demographic dividend,NY.GDP.NGAS.RT.ZS,Natural gas rents (% of GDP),2010,0.353705298900588,,1
PRE,Pre-demographic dividend,NY.GDP.NGAS.RT.ZS,Natural gas rents (% of GDP),2009,0.311629827982094,,1
PRE,Pre-demographic dividend,NY.GDP.NGAS.RT.ZS,Natural gas rents (% of GDP),2008,0.392295902917188,,1
PRE,Pre-demographic dividend,NY.GDP.NGAS.RT.ZS,Natural gas rents (% of GDP),2007,0.367609162496491,,1
PRE,Pre-demographic dividend,NY.GDP.NGAS.RT.ZS,Natural gas rents (% of GDP),2006,0.354883399238845,,1
PRE,Pre-demographic dividend,NY.GDP.NGAS.RT.ZS,Natural gas rents (% of GDP),2005,0.13946823442118,,1
PRE,Pre-demographic dividend,NY.GDP.NGAS.RT.ZS,Natural gas rents (% of GDP),2004,0.276690493410452,,1
PRE,Pre-demographic dividend,NY.GDP.NGAS.RT.ZS,Natural gas rents (% of GDP),2003,0.289620250099674,,1
PRE,Pre-demographic dividend,NY.GDP.NGAS.RT.ZS,Natural gas rents (% of GDP),2002,0.212030087263988,,1
PRE,Pre-demographic dividend,NY.GDP.NGAS.RT.ZS,Natural gas rents (% of GDP),2001,0.283349201073187,,1
PRE,Pre-demographic dividend,NY.GDP.NGAS.RT.ZS,Natural gas rents (% of GDP),2000,0.212736295419773,,1
PRE,Pre-demographic dividend,NY.GDP.NGAS.RT.ZS,Natural gas rents (% of GDP),1999,0.110356994989706,,1
PRE,Pre-demographic dividend,NY.GDP.NGAS.RT.ZS,Natural gas rents (% of GDP),1998,0.127626592512098,,1
PRE,Pre-demographic dividend,NY.GDP.NGAS.RT.ZS,Natural gas rents (% of GDP),1997,0.162187255299638,,1
PRE,Pre-demographic dividend,NY.GDP.NGAS.RT.ZS,Natural gas rents (% of GDP),1996,0.171960917368578,,1
PRE,Pre-demographic dividend,NY.GDP.NGAS.RT.ZS,Natural gas rents (% of GDP),1995,0.172801025970114,,1
PRE,Pre-demographic dividend,NY.GDP.NGAS.RT.ZS,Natural gas rents (% of GDP),1994,0.191596910369816,,1
PRE,Pre-demographic dividend,NY.GDP.NGAS.RT.ZS,Natural gas rents (% of GDP),1993,0.122089975660773,,1
PRE,Pre-demographic dividend,NY.GDP.NGAS.RT.ZS,Natural gas rents (% of GDP),1992,0.0519632527333181,,1
PRE,Pre-demographic dividend,NY.GDP.NGAS.RT.ZS,Natural gas rents (% of GDP),1991,0.0454023179223405,,1
PRE,Pre-demographic dividend,NY.GDP.NGAS.RT.ZS,Natural gas rents (% of GDP),1990,0.0526070409529637,,1
PRE,Pre-demographic dividend,NY.GDP.NGAS.RT.ZS,Natural gas rents (% of GDP),1989,0.103993599001676,,1
PRE,Pre-demographic dividend,NY.GDP.NGAS.RT.ZS,Natural gas rents (% of GDP),1988,0.0891783165244212,,1
PRE,Pre-demographic dividend,NY.GDP.NGAS.RT.ZS,Natural gas rents (% of GDP),1987,0.0742728908419895,,1
PRE,Pre-demographic dividend,NY.GDP.NGAS.RT.ZS,Natural gas rents (% of GDP),1986,0.0549808433404547,,1
PRE,Pre-demographic dividend,NY.GDP.NGAS.RT.ZS,Natural gas rents (% of GDP),1985,0.0383835582066251,,1
PRE,Pre-demographic dividend,NY.GDP.NGAS.RT.ZS,Natural gas rents (% of GDP),1984,0.0312183801320021,,1
PRE,Pre-demographic dividend,NY.GDP.NGAS.RT.ZS,Natural gas rents (% of GDP),1983,0.0297812266427959,,1
PRE,Pre-demographic dividend,NY.GDP.NGAS.RT.ZS,Natural gas rents (% of GDP),1982,0.007573986901871,,1
PRE,Pre-demographic dividend,NY.GDP.NGAS.RT.ZS,Natural gas rents (% of GDP),1981,0.0176037848805391,,1
PRE,Pre-demographic dividend,NY.GDP.NGAS.RT.ZS,Natural gas rents (% of GDP),1980,0.0405053843227451,,1
PRE,Pre-demographic dividend,NY.GDP.NGAS.RT.ZS,Natural gas rents (% of GDP),1978,0.0475979420460162,,1
PRE,Pre-demographic dividend,NY.GDP.NGAS.RT.ZS,Natural gas rents (% of GDP),1977,0.0439662125813206,,1
PRE,Pre-demographic dividend,NY.GDP.NGAS.RT.ZS,Natural gas rents (% of GDP),1976,0.0497419048080916,,1
PRE,Pre-demographic dividend,NY.GDP.NGAS.RT.ZS,Natural gas rents (% of GDP),1975,0.0461194445117584,,1
PRE,Pre-demographic dividend,NY.GDP.NGAS.RT.ZS,Natural gas rents (% of GDP),1974,0.0200731241739429,,1
PRE,Pre-demographic dividend,NY.GDP.NGAS.RT.ZS,Natural gas rents (% of GDP),1973,0.0253516313459119,,1
SST,Small states,NY.GDP.NGAS.RT.ZS,Natural gas rents (% of GDP),2021,1.75365668871825,,1
SST,Small states,NY.GDP.NGAS.RT.ZS,Natural gas rents (% of GDP),2020,1.36691870165227,,1
SST,Small states,NY.GDP.NGAS.RT.ZS,Natural gas rents (% of GDP),2019,1.82214450063508,,1
SST,Small states,NY.GDP.NGAS.RT.ZS,Natural gas rents (% of GDP),2018,1.79350338761609,,1
SST,Small states,NY.GDP.NGAS.RT.ZS,Natural gas rents (% of GDP),2017,1.07820833604356,,1
SST,Small states,NY.GDP.NGAS.RT.ZS,Natural gas rents (% of GDP),2016,1.07126299934762,,1
SST,Small states,NY.GDP.NGAS.RT.ZS,Natural gas rents (% of GDP),2015,1.94717813591485,,1
SST,Small states,NY.GDP.NGAS.RT.ZS,Natural gas rents (% of GDP),2014,2.046314087399,,1
SST,Small states,NY.GDP.NGAS.RT.ZS,Natural gas rents (% of GDP),2013,2.24867432728417,,1
SST,Small states,NY.GDP.NGAS.RT.ZS,Natural gas rents (% of GDP),2012,2.10872814286359,,1
SST,Small states,NY.GDP.NGAS.RT.ZS,Natural gas rents (% of GDP),2011,2.08975123793667,,1
SST,Small states,NY.GDP.NGAS.RT.ZS,Natural gas rents (% of GDP),2010,1.31340470563994,,1
SST,Small states,NY.GDP.NGAS.RT.ZS,Natural gas rents (% of GDP),2009,1.67569636775526,,1
SST,Small states,NY.GDP.NGAS.RT.ZS,Natural gas rents (% of GDP),2008,1.35631288604063,,1
SST,Small states,NY.GDP.NGAS.RT.ZS,Natural gas rents (% of GDP),2007,1.33895855275376,,1
SST,Small states,NY.GDP.NGAS.RT.ZS,Natural gas rents (% of GDP),2006,1.39087716545903,,1
SST,Small states,NY.GDP.NGAS.RT.ZS,Natural gas rents (% of GDP),2005,1.26780705415964,,1
SST,Small states,NY.GDP.NGAS.RT.ZS,Natural gas rents (% of GDP),2004,1.12707465973677,,1
SST,Small states,NY.GDP.NGAS.RT.ZS,Natural gas rents (% of GDP),2003,1.16371836427731,,1
SST,Small states,NY.GDP.NGAS.RT.ZS,Natural gas rents (% of GDP),2002,1.06777909179702,,1
SST,Small states,NY.GDP.NGAS.RT.ZS,Natural gas rents (% of GDP),2001,1.31186654995439,,1
SST,Small states,NY.GDP.NGAS.RT.ZS,Natural gas rents (% of GDP),2000,1.38735994829746,,1
SST,Small states,NY.GDP.NGAS.RT.ZS,Natural gas rents (% of GDP),1999,1.01270455869615,,1
SST,Small states,NY.GDP.NGAS.RT.ZS,Natural gas rents (% of GDP),1998,0.872913235935754,,1
SST,Small states,NY.GDP.NGAS.RT.ZS,Natural gas rents (% of GDP),1997,1.42081659647257,,1
SST,Small states,NY.GDP.NGAS.RT.ZS,Natural gas rents (% of GDP),1996,1.43502255525431,,1
SST,Small states,NY.GDP.NGAS.RT.ZS,Natural gas rents (% of GDP),1995,1.3915290525473,,1
SST,Small states,NY.GDP.NGAS.RT.ZS,Natural gas rents (% of GDP),1994,1.46822342162542,,1
SST,Small states,NY.GDP.NGAS.RT.ZS,Natural gas rents (% of GDP),1993,1.34685360391692,,1
SST,Small states,NY.GDP.NGAS.RT.ZS,Natural gas rents (% of GDP),1992,1.02731239220696,,1
SST,Small states,NY.GDP.NGAS.RT.ZS,Natural gas rents (% of GDP),1991,1.08035394510099,,1
SST,Small states,NY.GDP.NGAS.RT.ZS,Natural gas rents (% of GDP),1990,1.32559803989356,,1
SST,Small states,NY.GDP.NGAS.RT.ZS,Natural gas rents (% of GDP),1989,1.09007910232719,,1
SST,Small states,NY.GDP.NGAS.RT.ZS,Natural gas rents (% of GDP),1988,0.998202283704836,,1
SST,Small states,NY.GDP.NGAS.RT.ZS,Natural gas rents (% of GDP),1987,1.26953023069198,,1
SST,Small states,NY.GDP.NGAS.RT.ZS,Natural gas rents (% of GDP),1986,1.73574271788382,,1
SST,Small states,NY.GDP.NGAS.RT.ZS,Natural gas rents (% of GDP),1985,1.33769406491124,,1
SST,Small states,NY.GDP.NGAS.RT.ZS,Natural gas rents (% of GDP),1984,1.12162707205296,,1
SST,Small states,NY.GDP.NGAS.RT.ZS,Natural gas rents (% of GDP),1983,0.832775893610511,,1
SST,Small states,NY.GDP.NGAS.RT.ZS,Natural gas rents (% of GDP),1982,0.327675651114141,,1
SST,Small states,NY.GDP.NGAS.RT.ZS,Natural gas rents (% of GDP),1981,1.03277281597274,,1
SST,Small states,NY.GDP.NGAS.RT.ZS,Natural gas rents (% of GDP),1980,2.49601879537756,,1
SST,Small states,NY.GDP.NGAS.RT.ZS,Natural gas rents (% of GDP),1978,3.76030650699374,,1
SST,Small states,NY.GDP.NGAS.RT.ZS,Natural gas rents (% of GDP),1977,3.88592443056581,,1
SST,Small states,NY.GDP.NGAS.RT.ZS,Natural gas rents (% of GDP),1976,4.62272322260078,,1
SAS,South Asia,NY.GDP.NGAS.RT.ZS,Natural gas rents (% of GDP),2021,0.120913108422191,,1
SAS,South Asia,NY.GDP.NGAS.RT.ZS,Natural gas rents (% of GDP),2020,0.110787167493706,,1
SAS,South Asia,NY.GDP.NGAS.RT.ZS,Natural gas rents (% of GDP),2019,0.114726634997242,,1
SAS,South Asia,NY.GDP.NGAS.RT.ZS,Natural gas rents (% of GDP),2018,0.107509344685663,,1
SAS,South Asia,NY.GDP.NGAS.RT.ZS,Natural gas rents (% of GDP),2017,0.101758998926221,,1
SAS,South Asia,NY.GDP.NGAS.RT.ZS,Natural gas rents (% of GDP),2016,0.100608886022477,,1
SAS,South Asia,NY.GDP.NGAS.RT.ZS,Natural gas rents (% of GDP),2015,0.110812897321123,,1
SAS,South Asia,NY.GDP.NGAS.RT.ZS,Natural gas rents (% of GDP),2014,0.128993151967176,,1
SAS,South Asia,NY.GDP.NGAS.RT.ZS,Natural gas rents (% of GDP),2013,0.13775402285364,,1
SAS,South Asia,NY.GDP.NGAS.RT.ZS,Natural gas rents (% of GDP),2012,0.202550779703896,,1
SAS,South Asia,NY.GDP.NGAS.RT.ZS,Natural gas rents (% of GDP),2011,0.218838025615034,,1
SAS,South Asia,NY.GDP.NGAS.RT.ZS,Natural gas rents (% of GDP),2010,0.197026567813707,,1
SAS,South Asia,NY.GDP.NGAS.RT.ZS,Natural gas rents (% of GDP),2009,0.182963249480021,,1
SAS,South Asia,NY.GDP.NGAS.RT.ZS,Natural gas rents (% of GDP),2008,0.138164786355111,,1
SAS,South Asia,NY.GDP.NGAS.RT.ZS,Natural gas rents (% of GDP),2007,0.136121493603877,,1
SAS,South Asia,NY.GDP.NGAS.RT.ZS,Natural gas rents (% of GDP),2006,0.265370210404885,,1
SAS,South Asia,NY.GDP.NGAS.RT.ZS,Natural gas rents (% of GDP),2005,0.283228213219072,,1
SAS,South Asia,NY.GDP.NGAS.RT.ZS,Natural gas rents (% of GDP),2004,0.25926696704274,,1
SAS,South Asia,NY.GDP.NGAS.RT.ZS,Natural gas rents (% of GDP),2003,0.264524569881821,,1
SAS,South Asia,NY.GDP.NGAS.RT.ZS,Natural gas rents (% of GDP),2002,0.27985037617237,,1
SAS,South Asia,NY.GDP.NGAS.RT.ZS,Natural gas rents (% of GDP),2001,0.199181235332151,,1
SAS,South Asia,NY.GDP.NGAS.RT.ZS,Natural gas rents (% of GDP),2000,0.217656832355646,,1
SAS,South Asia,NY.GDP.NGAS.RT.ZS,Natural gas rents (% of GDP),1999,0.14622595545835,,1
SAS,South Asia,NY.GDP.NGAS.RT.ZS,Natural gas rents (% of GDP),1998,0.121633589128298,,1
SAS,South Asia,NY.GDP.NGAS.RT.ZS,Natural gas rents (% of GDP),1997,0.103528522002301,,1
SAS,South Asia,NY.GDP.NGAS.RT.ZS,Natural gas rents (% of GDP),1996,0.114105763310151,,1
SAS,South Asia,NY.GDP.NGAS.RT.ZS,Natural gas rents (% of GDP),1995,0.10700863819,,1
SAS,South Asia,NY.GDP.NGAS.RT.ZS,Natural gas rents (% of GDP),1994,0.0937776291682925,,1
SAS,South Asia,NY.GDP.NGAS.RT.ZS,Natural gas rents (% of GDP),1993,0.0843725183574826,,1
SAS,South Asia,NY.GDP.NGAS.RT.ZS,Natural gas rents (% of GDP),1992,0.0726469703516564,,1
SAS,South Asia,NY.GDP.NGAS.RT.ZS,Natural gas rents (% of GDP),1991,0.0667985724594488,,1
SAS,South Asia,NY.GDP.NGAS.RT.ZS,Natural gas rents (% of GDP),1990,0.0730172874321135,,1
SAS,South Asia,NY.GDP.NGAS.RT.ZS,Natural gas rents (% of GDP),1989,0.0559778167291979,,1
SAS,South Asia,NY.GDP.NGAS.RT.ZS,Natural gas rents (% of GDP),1988,0.0277856338232994,,1
SAS,South Asia,NY.GDP.NGAS.RT.ZS,Natural gas rents (% of GDP),1987,0.0313476631279083,,1
SAS,South Asia,NY.GDP.NGAS.RT.ZS,Natural gas rents (% of GDP),1986,0.0290236925725738,,1
SAS,South Asia,NY.GDP.NGAS.RT.ZS,Natural gas rents (% of GDP),1985,0.00612650820058039,,1
SAS,South Asia,NY.GDP.NGAS.RT.ZS,Natural gas rents (% of GDP),1984,0.00552180869529561,,1
SAS,South Asia,NY.GDP.NGAS.RT.ZS,Natural gas rents (% of GDP),1983,0.013658368904006,,1
SAS,South Asia,NY.GDP.NGAS.RT.ZS,Natural gas rents (% of GDP),1982,0,,1
SAS,South Asia,NY.GDP.NGAS.RT.ZS,Natural gas rents (% of GDP),1981,0.00281292037766546,,1
SAS,South Asia,NY.GDP.NGAS.RT.ZS,Natural gas rents (% of GDP),1980,0.0175696896004344,,1
SAS,South Asia,NY.GDP.NGAS.RT.ZS,Natural gas rents (% of GDP),1979,0.0137519076585171,,1
SAS,South Asia,NY.GDP.NGAS.RT.ZS,Natural gas rents (% of GDP),1978,0.0186206858331297,,1
SAS,South Asia,NY.GDP.NGAS.RT.ZS,Natural gas rents (% of GDP),1977,0.0274194561391914,,1
SAS,South Asia,NY.GDP.NGAS.RT.ZS,Natural gas rents (% of GDP),1976,0.0251179956129116,,1
SAS,South Asia,NY.GDP.NGAS.RT.ZS,Natural gas rents (% of GDP),1975,0.0160980048667674,,1
SAS,South Asia,NY.GDP.NGAS.RT.ZS,Natural gas rents (% of GDP),1974,0.0121740426880355,,1
SAS,South Asia,NY.GDP.NGAS.RT.ZS,Natural gas rents (% of GDP),1973,0.0104861938423276,,1
SAS,South Asia,NY.GDP.NGAS.RT.ZS,Natural gas rents (% of GDP),1972,0.0105885209942257,,1
SAS,South Asia,NY.GDP.NGAS.RT.ZS,Natural gas rents (% of GDP),1971,0.012488149573831,,1
SAS,South Asia,NY.GDP.NGAS.RT.ZS,Natural gas rents (% of GDP),1970,0.0138567328894506,,1
TSA,South Asia (IDA & IBRD),NY.GDP.NGAS.RT.ZS,Natural gas rents (% of GDP),2021,0.120913108422191,,1
TSA,South Asia (IDA & IBRD),NY.GDP.NGAS.RT.ZS,Natural gas rents (% of GDP),2020,0.110787167493706,,1
TSA,South Asia (IDA & IBRD),NY.GDP.NGAS.RT.ZS,Natural gas rents (% of GDP),2019,0.114726634997242,,1
TSA,South Asia (IDA & IBRD),NY.GDP.NGAS.RT.ZS,Natural gas rents (% of GDP),2018,0.107509344685663,,1
TSA,South Asia (IDA & IBRD),NY.GDP.NGAS.RT.ZS,Natural gas rents (% of GDP),2017,0.101758998926221,,1
TSA,South Asia (IDA & IBRD),NY.GDP.NGAS.RT.ZS,Natural gas rents (% of GDP),2016,0.100608886022477,,1
TSA,South Asia (IDA & IBRD),NY.GDP.NGAS.RT.ZS,Natural gas rents (% of GDP),2015,0.110812897321123,,1
TSA,South Asia (IDA & IBRD),NY.GDP.NGAS.RT.ZS,Natural gas rents (% of GDP),2014,0.128993151967176,,1
TSA,South Asia (IDA & IBRD),NY.GDP.NGAS.RT.ZS,Natural gas rents (% of GDP),2013,0.13775402285364,,1
TSA,South Asia (IDA & IBRD),NY.GDP.NGAS.RT.ZS,Natural gas rents (% of GDP),2012,0.202550779703896,,1
TSA,South Asia (IDA & IBRD),NY.GDP.NGAS.RT.ZS,Natural gas rents (% of GDP),2011,0.218838025615034,,1
TSA,South Asia (IDA & IBRD),NY.GDP.NGAS.RT.ZS,Natural gas rents (% of GDP),2010,0.197026567813707,,1
TSA,South Asia (IDA & IBRD),NY.GDP.NGAS.RT.ZS,Natural gas rents (% of GDP),2009,0.182963249480021,,1
TSA,South Asia (IDA & IBRD),NY.GDP.NGAS.RT.ZS,Natural gas rents (% of GDP),2008,0.138164786355111,,1
TSA,South Asia (IDA & IBRD),NY.GDP.NGAS.RT.ZS,Natural gas rents (% of GDP),2007,0.136121493603877,,1
TSA,South Asia (IDA & IBRD),NY.GDP.NGAS.RT.ZS,Natural gas rents (% of GDP),2006,0.265370210404885,,1
TSA,South Asia (IDA & IBRD),NY.GDP.NGAS.RT.ZS,Natural gas rents (% of GDP),2005,0.283228213219072,,1
TSA,South Asia (IDA & IBRD),NY.GDP.NGAS.RT.ZS,Natural gas rents (% of GDP),2004,0.25926696704274,,1
TSA,South Asia (IDA & IBRD),NY.GDP.NGAS.RT.ZS,Natural gas rents (% of GDP),2003,0.264524569881821,,1
TSA,South Asia (IDA & IBRD),NY.GDP.NGAS.RT.ZS,Natural gas rents (% of GDP),2002,0.27985037617237,,1
TSA,South Asia (IDA & IBRD),NY.GDP.NGAS.RT.ZS,Natural gas rents (% of GDP),2001,0.199181235332151,,1
TSA,South Asia (IDA & IBRD),NY.GDP.NGAS.RT.ZS,Natural gas rents (% of GDP),2000,0.217656832355646,,1
TSA,South Asia (IDA & IBRD),NY.GDP.NGAS.RT.ZS,Natural gas rents (% of GDP),1999,0.14622595545835,,1
TSA,South Asia (IDA & IBRD),NY.GDP.NGAS.RT.ZS,Natural gas rents (% of GDP),1998,0.121633589128298,,1
TSA,South Asia (IDA & IBRD),NY.GDP.NGAS.RT.ZS,Natural gas rents (% of GDP),1997,0.103528522002301,,1
TSA,South Asia (IDA & IBRD),NY.GDP.NGAS.RT.ZS,Natural gas rents (% of GDP),1996,0.114105763310151,,1
TSA,South Asia (IDA & IBRD),NY.GDP.NGAS.RT.ZS,Natural gas rents (% of GDP),1995,0.10700863819,,1
TSA,South Asia (IDA & IBRD),NY.GDP.NGAS.RT.ZS,Natural gas rents (% of GDP),1994,0.0937776291682925,,1
TSA,South Asia (IDA & IBRD),NY.GDP.NGAS.RT.ZS,Natural gas rents (% of GDP),1993,0.0843725183574826,,1
TSA,South Asia (IDA & IBRD),NY.GDP.NGAS.RT.ZS,Natural gas rents (% of GDP),1992,0.0726469703516564,,1
TSA,South Asia (IDA & IBRD),NY.GDP.NGAS.RT.ZS,Natural gas rents (% of GDP),1991,0.0667985724594488,,1
TSA,South Asia (IDA & IBRD),NY.GDP.NGAS.RT.ZS,Natural gas rents (% of GDP),1990,0.0730172874321135,,1
TSA,South Asia (IDA & IBRD),NY.GDP.NGAS.RT.ZS,Natural gas rents (% of GDP),1989,0.0559778167291979,,1
TSA,South Asia (IDA & IBRD),NY.GDP.NGAS.RT.ZS,Natural gas rents (% of GDP),1988,0.0277856338232994,,1
TSA,South Asia (IDA & IBRD),NY.GDP.NGAS.RT.ZS,Natural gas rents (% of GDP),1987,0.0313476631279083,,1
TSA,South Asia (IDA & IBRD),NY.GDP.NGAS.RT.ZS,Natural gas rents (% of GDP),1986,0.0290236925725738,,1
TSA,South Asia (IDA & IBRD),NY.GDP.NGAS.RT.ZS,Natural gas rents (% of GDP),1985,0.00612650820058039,,1
TSA,South Asia (IDA & IBRD),NY.GDP.NGAS.RT.ZS,Natural gas rents (% of GDP),1984,0.00552180869529561,,1
TSA,South Asia (IDA & IBRD),NY.GDP.NGAS.RT.ZS,Natural gas rents (% of GDP),1983,0.013658368904006,,1
TSA,South Asia (IDA & IBRD),NY.GDP.NGAS.RT.ZS,Natural gas rents (% of GDP),1982,0,,1
TSA,South Asia (IDA & IBRD),NY.GDP.NGAS.RT.ZS,Natural gas rents (% of GDP),1981,0.00281292037766546,,1
TSA,South Asia (IDA & IBRD),NY.GDP.NGAS.RT.ZS,Natural gas rents (% of GDP),1980,0.0175696896004344,,1
TSA,South Asia (IDA & IBRD),NY.GDP.NGAS.RT.ZS,Natural gas rents (% of GDP),1979,0.0137519076585171,,1
TSA,South Asia (IDA & IBRD),NY.GDP.NGAS.RT.ZS,Natural gas rents (% of GDP),1978,0.0186206858331297,,1
TSA,South Asia (IDA & IBRD),NY.GDP.NGAS.RT.ZS,Natural gas rents (% of GDP),1977,0.0274194561391914,,1
TSA,South Asia (IDA & IBRD),NY.GDP.NGAS.RT.ZS,Natural gas rents (% of GDP),1976,0.0251179956129116,,1
TSA,South Asia (IDA & IBRD),NY.GDP.NGAS.RT.ZS,Natural gas rents (% of GDP),1975,0.0160980048667674,,1
TSA,South Asia (IDA & IBRD),NY.GDP.NGAS.RT.ZS,Natural gas rents (% of GDP),1974,0.0121740426880355,,1
TSA,South Asia (IDA & IBRD),NY.GDP.NGAS.RT.ZS,Natural gas rents (% of GDP),1973,0.0104861938423276,,1
TSA,South Asia (IDA & IBRD),NY.GDP.NGAS.RT.ZS,Natural gas rents (% of GDP),1972,0.0105885209942257,,1
TSA,South Asia (IDA & IBRD),NY.GDP.NGAS.RT.ZS,Natural gas rents (% of GDP),1971,0.012488149573831,,1
TSA,South Asia (IDA & IBRD),NY.GDP.NGAS.RT.ZS,Natural gas rents (% of GDP),1970,0.0138567328894506,,1
SSF,Sub-Saharan Africa,NY.GDP.NGAS.RT.ZS,Natural gas rents (% of GDP),2021,0.492299853680092,,1
SSF,Sub-Saharan Africa,NY.GDP.NGAS.RT.ZS,Natural gas rents (% of GDP),2020,0.307937029498464,,1
SSF,Sub-Saharan Africa,NY.GDP.NGAS.RT.ZS,Natural gas rents (% of GDP),2019,0.397354509408687,,1
SSF,Sub-Saharan Africa,NY.GDP.NGAS.RT.ZS,Natural gas rents (% of GDP),2018,0.370838191690333,,1
SSF,Sub-Saharan Africa,NY.GDP.NGAS.RT.ZS,Natural gas rents (% of GDP),2017,0.245836185346687,,1
SSF,Sub-Saharan Africa,NY.GDP.NGAS.RT.ZS,Natural gas rents (% of GDP),2016,0.194744711403089,,1
SSF,Sub-Saharan Africa,NY.GDP.NGAS.RT.ZS,Natural gas rents (% of GDP),2015,0.259392074890989,,1
SSF,Sub-Saharan Africa,NY.GDP.NGAS.RT.ZS,Natural gas rents (% of GDP),2014,0.311198366515368,,1
SSF,Sub-Saharan Africa,NY.GDP.NGAS.RT.ZS,Natural gas rents (% of GDP),2013,0.314323594715786,,1
SSF,Sub-Saharan Africa,NY.GDP.NGAS.RT.ZS,Natural gas rents (% of GDP),2012,0.371919831187982,,1
SSF,Sub-Saharan Africa,NY.GDP.NGAS.RT.ZS,Natural gas rents (% of GDP),2011,0.345106473408431,,1
SSF,Sub-Saharan Africa,NY.GDP.NGAS.RT.ZS,Natural gas rents (% of GDP),2010,0.235373648294489,,1
SSF,Sub-Saharan Africa,NY.GDP.NGAS.RT.ZS,Natural gas rents (% of GDP),2009,0.200091298695666,,1
SSF,Sub-Saharan Africa,NY.GDP.NGAS.RT.ZS,Natural gas rents (% of GDP),2008,0.281432810494543,,1
SSF,Sub-Saharan Africa,NY.GDP.NGAS.RT.ZS,Natural gas rents (% of GDP),2007,0.245382298686126,,1
SSF,Sub-Saharan Africa,NY.GDP.NGAS.RT.ZS,Natural gas rents (% of GDP),2006,0.239761484190697,,1
SSF,Sub-Saharan Africa,NY.GDP.NGAS.RT.ZS,Natural gas rents (% of GDP),2005,0.0839656762342647,,1
SSF,Sub-Saharan Africa,NY.GDP.NGAS.RT.ZS,Natural gas rents (% of GDP),2004,0.169951451421506,,1
SSF,Sub-Saharan Africa,NY.GDP.NGAS.RT.ZS,Natural gas rents (% of GDP),2003,0.169960682157402,,1
SSF,Sub-Saharan Africa,NY.GDP.NGAS.RT.ZS,Natural gas rents (% of GDP),2002,0.139898807600084,,1
SSF,Sub-Saharan Africa,NY.GDP.NGAS.RT.ZS,Natural gas rents (% of GDP),2001,0.170181669368257,,1
SSF,Sub-Saharan Africa,NY.GDP.NGAS.RT.ZS,Natural gas rents (% of GDP),2000,0.119791618749473,,1
SSF,Sub-Saharan Africa,NY.GDP.NGAS.RT.ZS,Natural gas rents (% of GDP),1999,0.0478965257771751,,1
SSF,Sub-Saharan Africa,NY.GDP.NGAS.RT.ZS,Natural gas rents (% of GDP),1998,0.0728935227512651,,1
SSF,Sub-Saharan Africa,NY.GDP.NGAS.RT.ZS,Natural gas rents (% of GDP),1997,0.0913026651806455,,1
SSF,Sub-Saharan Africa,NY.GDP.NGAS.RT.ZS,Natural gas rents (% of GDP),1996,0.0933954870763364,,1
SSF,Sub-Saharan Africa,NY.GDP.NGAS.RT.ZS,Natural gas rents (% of GDP),1995,0.086929562102908,,1
SSF,Sub-Saharan Africa,NY.GDP.NGAS.RT.ZS,Natural gas rents (% of GDP),1994,0.0768449791089816,,1
SSF,Sub-Saharan Africa,NY.GDP.NGAS.RT.ZS,Natural gas rents (% of GDP),1993,0.0671854372697165,,1
SSF,Sub-Saharan Africa,NY.GDP.NGAS.RT.ZS,Natural gas rents (% of GDP),1992,0.0310401822162489,,1
SSF,Sub-Saharan Africa,NY.GDP.NGAS.RT.ZS,Natural gas rents (% of GDP),1991,0.0314544376493518,,1
SSF,Sub-Saharan Africa,NY.GDP.NGAS.RT.ZS,Natural gas rents (% of GDP),1990,0.030230348374953,,1
SSF,Sub-Saharan Africa,NY.GDP.NGAS.RT.ZS,Natural gas rents (% of GDP),1989,0.020559207782084,,1
SSF,Sub-Saharan Africa,NY.GDP.NGAS.RT.ZS,Natural gas rents (% of GDP),1988,0.0153625056152758,,1
SSF,Sub-Saharan Africa,NY.GDP.NGAS.RT.ZS,Natural gas rents (% of GDP),1987,0.0190019456480401,,1
SSF,Sub-Saharan Africa,NY.GDP.NGAS.RT.ZS,Natural gas rents (% of GDP),1986,0.023544699222525,,1
SSF,Sub-Saharan Africa,NY.GDP.NGAS.RT.ZS,Natural gas rents (% of GDP),1985,0.0219304361203496,,1
SSF,Sub-Saharan Africa,NY.GDP.NGAS.RT.ZS,Natural gas rents (% of GDP),1984,0.0171931767405252,,1
SSF,Sub-Saharan Africa,NY.GDP.NGAS.RT.ZS,Natural gas rents (% of GDP),1983,0.0161021296028191,,1
SSF,Sub-Saharan Africa,NY.GDP.NGAS.RT.ZS,Natural gas rents (% of GDP),1982,0.00392283187904784,,1
SSF,Sub-Saharan Africa,NY.GDP.NGAS.RT.ZS,Natural gas rents (% of GDP),1981,0.00882502196724167,,1
SSF,Sub-Saharan Africa,NY.GDP.NGAS.RT.ZS,Natural gas rents (% of GDP),1980,0.0150342324049435,,1
SSF,Sub-Saharan Africa,NY.GDP.NGAS.RT.ZS,Natural gas rents (% of GDP),1979,0.0129400224514878,,1
SSF,Sub-Saharan Africa,NY.GDP.NGAS.RT.ZS,Natural gas rents (% of GDP),1978,0.00811092025437444,,1
SSF,Sub-Saharan Africa,NY.GDP.NGAS.RT.ZS,Natural gas rents (% of GDP),1977,0.00779229542367401,,1
SSF,Sub-Saharan Africa,NY.GDP.NGAS.RT.ZS,Natural gas rents (% of GDP),1976,0.00765349094201818,,1
SSF,Sub-Saharan Africa,NY.GDP.NGAS.RT.ZS,Natural gas rents (% of GDP),1975,0.00779131531227264,,1
SSF,Sub-Saharan Africa,NY.GDP.NGAS.RT.ZS,Natural gas rents (% of GDP),1974,0.00668359026526813,,1
SSF,Sub-Saharan Africa,NY.GDP.NGAS.RT.ZS,Natural gas rents (% of GDP),1973,0.00384098573845826,,1
SSF,Sub-Saharan Africa,NY.GDP.NGAS.RT.ZS,Natural gas rents (% of GDP),1972,0.00203079025965045,,1
SSF,Sub-Saharan Africa,NY.GDP.NGAS.RT.ZS,Natural gas rents (% of GDP),1971,0.00168843702431715,,1
SSA,Sub-Saharan Africa (excluding high income),NY.GDP.NGAS.RT.ZS,Natural gas rents (% of GDP),2021,0.519307275864184,,1
SSA,Sub-Saharan Africa (excluding high income),NY.GDP.NGAS.RT.ZS,Natural gas rents (% of GDP),2020,0.325168046856541,,1
SSA,Sub-Saharan Africa (excluding high income),NY.GDP.NGAS.RT.ZS,Natural gas rents (% of GDP),2019,0.416564669818979,,1
SSA,Sub-Saharan Africa (excluding high income),NY.GDP.NGAS.RT.ZS,Natural gas rents (% of GDP),2018,0.389392369489309,,1
SSA,Sub-Saharan Africa (excluding high income),NY.GDP.NGAS.RT.ZS,Natural gas rents (% of GDP),2017,0.257962965805306,,1
SSA,Sub-Saharan Africa (excluding high income),NY.GDP.NGAS.RT.ZS,Natural gas rents (% of GDP),2016,0.204155982147655,,1
SSA,Sub-Saharan Africa (excluding high income),NY.GDP.NGAS.RT.ZS,Natural gas rents (% of GDP),2015,0.269601155088502,,1
SSA,Sub-Saharan Africa (excluding high income),NY.GDP.NGAS.RT.ZS,Natural gas rents (% of GDP),2014,0.32086141311066,,1
SSA,Sub-Saharan Africa (excluding high income),NY.GDP.NGAS.RT.ZS,Natural gas rents (% of GDP),2013,0.323216939900266,,1
SSA,Sub-Saharan Africa (excluding high income),NY.GDP.NGAS.RT.ZS,Natural gas rents (% of GDP),2012,0.382052689574792,,1
SSA,Sub-Saharan Africa (excluding high income),NY.GDP.NGAS.RT.ZS,Natural gas rents (% of GDP),2011,0.352247929353289,,1
SSA,Sub-Saharan Africa (excluding high income),NY.GDP.NGAS.RT.ZS,Natural gas rents (% of GDP),2010,0.240508376868763,,1
SSA,Sub-Saharan Africa (excluding high income),NY.GDP.NGAS.RT.ZS,Natural gas rents (% of GDP),2009,0.205690700991717,,1
SSA,Sub-Saharan Africa (excluding high income),NY.GDP.NGAS.RT.ZS,Natural gas rents (% of GDP),2008,0.287755845164951,,1
SSA,Sub-Saharan Africa (excluding high income),NY.GDP.NGAS.RT.ZS,Natural gas rents (% of GDP),2007,0.250008161242307,,1
SSA,Sub-Saharan Africa (excluding high income),NY.GDP.NGAS.RT.ZS,Natural gas rents (% of GDP),2006,0.243877432379655,,1
SSA,Sub-Saharan Africa (excluding high income),NY.GDP.NGAS.RT.ZS,Natural gas rents (% of GDP),2005,0.0853577168339017,,1
SSA,Sub-Saharan Africa (excluding high income),NY.GDP.NGAS.RT.ZS,Natural gas rents (% of GDP),2004,0.172752961677486,,1
SSA,Sub-Saharan Africa (excluding high income),NY.GDP.NGAS.RT.ZS,Natural gas rents (% of GDP),2003,0.172915440693682,,1
SSA,Sub-Saharan Africa (excluding high income),NY.GDP.NGAS.RT.ZS,Natural gas rents (% of GDP),2002,0.142694909812931,,1
SSA,Sub-Saharan Africa (excluding high income),NY.GDP.NGAS.RT.ZS,Natural gas rents (% of GDP),2001,0.174042221566658,,1
SSA,Sub-Saharan Africa (excluding high income),NY.GDP.NGAS.RT.ZS,Natural gas rents (% of GDP),2000,0.122384898100145,,1
SSA,Sub-Saharan Africa (excluding high income),NY.GDP.NGAS.RT.ZS,Natural gas rents (% of GDP),1999,0.0489545355369528,,1
SSA,Sub-Saharan Africa (excluding high income),NY.GDP.NGAS.RT.ZS,Natural gas rents (% of GDP),1998,0.0740460865335764,,1
SSA,Sub-Saharan Africa (excluding high income),NY.GDP.NGAS.RT.ZS,Natural gas rents (% of GDP),1997,0.0928746369315114,,1
SSA,Sub-Saharan Africa (excluding high income),NY.GDP.NGAS.RT.ZS,Natural gas rents (% of GDP),1996,0.0950678367174265,,1
SSA,Sub-Saharan Africa (excluding high income),NY.GDP.NGAS.RT.ZS,Natural gas rents (% of GDP),1995,0.0885003414197161,,1
SSA,Sub-Saharan Africa (excluding high income),NY.GDP.NGAS.RT.ZS,Natural gas rents (% of GDP),1994,0.0784924499871598,,1
SSA,Sub-Saharan Africa (excluding high income),NY.GDP.NGAS.RT.ZS,Natural gas rents (% of GDP),1993,0.0690582007710221,,1
SSA,Sub-Saharan Africa (excluding high income),NY.GDP.NGAS.RT.ZS,Natural gas rents (% of GDP),1992,0.0320710741468237,,1
SSA,Sub-Saharan Africa (excluding high income),NY.GDP.NGAS.RT.ZS,Natural gas rents (% of GDP),1991,0.0326454706701384,,1
SSA,Sub-Saharan Africa (excluding high income),NY.GDP.NGAS.RT.ZS,Natural gas rents (% of GDP),1990,0.0313529015411599,,1
SSA,Sub-Saharan Africa (excluding high income),NY.GDP.NGAS.RT.ZS,Natural gas rents (% of GDP),1989,0.0214130053997422,,1
SSA,Sub-Saharan Africa (excluding high income),NY.GDP.NGAS.RT.ZS,Natural gas rents (% of GDP),1988,0.0159809329131748,,1
SSA,Sub-Saharan Africa (excluding high income),NY.GDP.NGAS.RT.ZS,Natural gas rents (% of GDP),1987,0.0198008144840455,,1
SSA,Sub-Saharan Africa (excluding high income),NY.GDP.NGAS.RT.ZS,Natural gas rents (% of GDP),1986,0.0245982260023329,,1
SSA,Sub-Saharan Africa (excluding high income),NY.GDP.NGAS.RT.ZS,Natural gas rents (% of GDP),1985,0.0229018205173097,,1
SSA,Sub-Saharan Africa (excluding high income),NY.GDP.NGAS.RT.ZS,Natural gas rents (% of GDP),1984,0.0177878648681446,,1
SSA,Sub-Saharan Africa (excluding high income),NY.GDP.NGAS.RT.ZS,Natural gas rents (% of GDP),1983,0.0166139066332061,,1
SSA,Sub-Saharan Africa (excluding high income),NY.GDP.NGAS.RT.ZS,Natural gas rents (% of GDP),1982,0.00402092078515421,,1
SSA,Sub-Saharan Africa (excluding high income),NY.GDP.NGAS.RT.ZS,Natural gas rents (% of GDP),1981,0.00901696484355871,,1
SSA,Sub-Saharan Africa (excluding high income),NY.GDP.NGAS.RT.ZS,Natural gas rents (% of GDP),1980,0.01504364596129,,1
SSA,Sub-Saharan Africa (excluding high income),NY.GDP.NGAS.RT.ZS,Natural gas rents (% of GDP),1979,0.0129400224514878,,1
SSA,Sub-Saharan Africa (excluding high income),NY.GDP.NGAS.RT.ZS,Natural gas rents (% of GDP),1978,0.00811092025437444,,1
SSA,Sub-Saharan Africa (excluding high income),NY.GDP.NGAS.RT.ZS,Natural gas rents (% of GDP),1977,0.00779229542367401,,1
SSA,Sub-Saharan Africa (excluding high income),NY.GDP.NGAS.RT.ZS,Natural gas rents (% of GDP),1976,0.00765349094201818,,1
SSA,Sub-Saharan Africa (excluding high income),NY.GDP.NGAS.RT.ZS,Natural gas rents (% of GDP),1975,0.00779131531227264,,1
SSA,Sub-Saharan Africa (excluding high income),NY.GDP.NGAS.RT.ZS,Natural gas rents (% of GDP),1974,0.00668359026526813,,1
SSA,Sub-Saharan Africa (excluding high income),NY.GDP.NGAS.RT.ZS,Natural gas rents (% of GDP),1973,0.00384098573845826,,1
SSA,Sub-Saharan Africa (excluding high income),NY.GDP.NGAS.RT.ZS,Natural gas rents (% of GDP),1972,0.00203079025965045,,1
SSA,Sub-Saharan Africa (excluding high income),NY.GDP.NGAS.RT.ZS,Natural gas rents (% of GDP),1971,0.00168843702431715,,1
TSS,Sub-Saharan Africa (IDA & IBRD countries),NY.GDP.NGAS.RT.ZS,Natural gas rents (% of GDP),2021,0.492299853680092,,1
TSS,Sub-Saharan Africa (IDA & IBRD countries),NY.GDP.NGAS.RT.ZS,Natural gas rents (% of GDP),2020,0.307937029498464,,1
TSS,Sub-Saharan Africa (IDA & IBRD countries),NY.GDP.NGAS.RT.ZS,Natural gas rents (% of GDP),2019,0.397354509408687,,1
TSS,Sub-Saharan Africa (IDA & IBRD countries),NY.GDP.NGAS.RT.ZS,Natural gas rents (% of GDP),2018,0.370838191690333,,1
TSS,Sub-Saharan Africa (IDA & IBRD countries),NY.GDP.NGAS.RT.ZS,Natural gas rents (% of GDP),2017,0.245836185346687,,1
TSS,Sub-Saharan Africa (IDA & IBRD countries),NY.GDP.NGAS.RT.ZS,Natural gas rents (% of GDP),2016,0.194744711403088,,1
TSS,Sub-Saharan Africa (IDA & IBRD countries),NY.GDP.NGAS.RT.ZS,Natural gas rents (% of GDP),2015,0.259392074890988,,1
TSS,Sub-Saharan Africa (IDA & IBRD countries),NY.GDP.NGAS.RT.ZS,Natural gas rents (% of GDP),2014,0.311198366515368,,1
TSS,Sub-Saharan Africa (IDA & IBRD countries),NY.GDP.NGAS.RT.ZS,Natural gas rents (% of GDP),2013,0.314323594715786,,1
TSS,Sub-Saharan Africa (IDA & IBRD countries),NY.GDP.NGAS.RT.ZS,Natural gas rents (% of GDP),2012,0.371919831187982,,1
TSS,Sub-Saharan Africa (IDA & IBRD countries),NY.GDP.NGAS.RT.ZS,Natural gas rents (% of GDP),2011,0.345106473408431,,1
TSS,Sub-Saharan Africa (IDA & IBRD countries),NY.GDP.NGAS.RT.ZS,Natural gas rents (% of GDP),2010,0.235373648294489,,1
TSS,Sub-Saharan Africa (IDA & IBRD countries),NY.GDP.NGAS.RT.ZS,Natural gas rents (% of GDP),2009,0.200091298695666,,1
TSS,Sub-Saharan Africa (IDA & IBRD countries),NY.GDP.NGAS.RT.ZS,Natural gas rents (% of GDP),2008,0.281432810494543,,1
TSS,Sub-Saharan Africa (IDA & IBRD countries),NY.GDP.NGAS.RT.ZS,Natural gas rents (% of GDP),2007,0.245382298686126,,1
TSS,Sub-Saharan Africa (IDA & IBRD countries),NY.GDP.NGAS.RT.ZS,Natural gas rents (% of GDP),2006,0.239761484190697,,1
TSS,Sub-Saharan Africa (IDA & IBRD countries),NY.GDP.NGAS.RT.ZS,Natural gas rents (% of GDP),2005,0.0839656762342647,,1
TSS,Sub-Saharan Africa (IDA & IBRD countries),NY.GDP.NGAS.RT.ZS,Natural gas rents (% of GDP),2004,0.169951451421506,,1
TSS,Sub-Saharan Africa (IDA & IBRD countries),NY.GDP.NGAS.RT.ZS,Natural gas rents (% of GDP),2003,0.169960682157402,,1
TSS,Sub-Saharan Africa (IDA & IBRD countries),NY.GDP.NGAS.RT.ZS,Natural gas rents (% of GDP),2002,0.139898807600084,,1
TSS,Sub-Saharan Africa (IDA & IBRD countries),NY.GDP.NGAS.RT.ZS,Natural gas rents (% of GDP),2001,0.170181669368257,,1
TSS,Sub-Saharan Africa (IDA & IBRD countries),NY.GDP.NGAS.RT.ZS,Natural gas rents (% of GDP),2000,0.119791618749473,,1
TSS,Sub-Saharan Africa (IDA & IBRD countries),NY.GDP.NGAS.RT.ZS,Natural gas rents (% of GDP),1999,0.0478965257771751,,1
TSS,Sub-Saharan Africa (IDA & IBRD countries),NY.GDP.NGAS.RT.ZS,Natural gas rents (% of GDP),1998,0.0728935227512651,,1
TSS,Sub-Saharan Africa (IDA & IBRD countries),NY.GDP.NGAS.RT.ZS,Natural gas rents (% of GDP),1997,0.0913026651806456,,1
TSS,Sub-Saharan Africa (IDA & IBRD countries),NY.GDP.NGAS.RT.ZS,Natural gas rents (% of GDP),1996,0.0933954870763364,,1
TSS,Sub-Saharan Africa (IDA & IBRD countries),NY.GDP.NGAS.RT.ZS,Natural gas rents (% of GDP),1995,0.0869295621029081,,1
TSS,Sub-Saharan Africa (IDA & IBRD countries),NY.GDP.NGAS.RT.ZS,Natural gas rents (% of GDP),1994,0.0768449791089816,,1
TSS,Sub-Saharan Africa (IDA & IBRD countries),NY.GDP.NGAS.RT.ZS,Natural gas rents (% of GDP),1993,0.0671854372697165,,1
TSS,Sub-Saharan Africa (IDA & IBRD countries),NY.GDP.NGAS.RT.ZS,Natural gas rents (% of GDP),1992,0.0310401822162489,,1
TSS,Sub-Saharan Africa (IDA & IBRD countries),NY.GDP.NGAS.RT.ZS,Natural gas rents (% of GDP),1991,0.0314544376493518,,1
TSS,Sub-Saharan Africa (IDA & IBRD countries),NY.GDP.NGAS.RT.ZS,Natural gas rents (% of GDP),1990,0.030230348374953,,1
TSS,Sub-Saharan Africa (IDA & IBRD countries),NY.GDP.NGAS.RT.ZS,Natural gas rents (% of GDP),1989,0.020559207782084,,1
TSS,Sub-Saharan Africa (IDA & IBRD countries),NY.GDP.NGAS.RT.ZS,Natural gas rents (% of GDP),1988,0.0153625056152758,,1
TSS,Sub-Saharan Africa (IDA & IBRD countries),NY.GDP.NGAS.RT.ZS,Natural gas rents (% of GDP),1987,0.0190019456480401,,1
TSS,Sub-Saharan Africa (IDA & IBRD countries),NY.GDP.NGAS.RT.ZS,Natural gas rents (% of GDP),1986,0.023544699222525,,1
TSS,Sub-Saharan Africa (IDA & IBRD countries),NY.GDP.NGAS.RT.ZS,Natural gas rents (% of GDP),1985,0.0219304361203496,,1
TSS,Sub-Saharan Africa (IDA & IBRD countries),NY.GDP.NGAS.RT.ZS,Natural gas rents (% of GDP),1984,0.0171931767405252,,1
TSS,Sub-Saharan Africa (IDA & IBRD countries),NY.GDP.NGAS.RT.ZS,Natural gas rents (% of GDP),1983,0.0161021296028191,,1
TSS,Sub-Saharan Africa (IDA & IBRD countries),NY.GDP.NGAS.RT.ZS,Natural gas rents (% of GDP),1982,0.00392283187904784,,1
TSS,Sub-Saharan Africa (IDA & IBRD countries),NY.GDP.NGAS.RT.ZS,Natural gas rents (% of GDP),1981,0.00882502196724167,,1
TSS,Sub-Saharan Africa (IDA & IBRD countries),NY.GDP.NGAS.RT.ZS,Natural gas rents (% of GDP),1980,0.0150342324049435,,1
TSS,Sub-Saharan Africa (IDA & IBRD countries),NY.GDP.NGAS.RT.ZS,Natural gas rents (% of GDP),1979,0.0129400224514878,,1
TSS,Sub-Saharan Africa (IDA & IBRD countries),NY.GDP.NGAS.RT.ZS,Natural gas rents (% of GDP),1978,0.00811092025437444,,1
TSS,Sub-Saharan Africa (IDA & IBRD countries),NY.GDP.NGAS.RT.ZS,Natural gas rents (% of GDP),1977,0.00779229542367401,,1
TSS,Sub-Saharan Africa (IDA & IBRD countries),NY.GDP.NGAS.RT.ZS,Natural gas rents (% of GDP),1976,0.00765349094201818,,1
TSS,Sub-Saharan Africa (IDA & IBRD countries),NY.GDP.NGAS.RT.ZS,Natural gas rents (% of GDP),1975,0.00779131531227264,,1
TSS,Sub-Saharan Africa (IDA & IBRD countries),NY.GDP.NGAS.RT.ZS,Natural gas rents (% of GDP),1974,0.00668359026526813,,1
TSS,Sub-Saharan Africa (IDA & IBRD countries),NY.GDP.NGAS.RT.ZS,Natural gas rents (% of GDP),1973,0.00384098573845826,,1
TSS,Sub-Saharan Africa (IDA & IBRD countries),NY.GDP.NGAS.RT.ZS,Natural gas rents (% of GDP),1972,0.00203079025965045,,1
TSS,Sub-Saharan Africa (IDA & IBRD countries),NY.GDP.NGAS.RT.ZS,Natural gas rents (% of GDP),1971,0.00168843702431715,,1
,Upper middle income,NY.GDP.NGAS.RT.ZS,Natural gas rents (% of GDP),2021,0.498343883956746,,1
,Upper middle income,NY.GDP.NGAS.RT.ZS,Natural gas rents (% of GDP),2020,0.322774905076379,,1
,Upper middle income,NY.GDP.NGAS.RT.ZS,Natural gas rents (% of GDP),2019,0.389773257712418,,1
,Upper middle income,NY.GDP.NGAS.RT.ZS,Natural gas rents (% of GDP),2018,0.407617034049524,,1
,Upper middle income,NY.GDP.NGAS.RT.ZS,Natural gas rents (% of GDP),2017,0.257609960257028,,1
,Upper middle income,NY.GDP.NGAS.RT.ZS,Natural gas rents (% of GDP),2016,0.242221550299389,,1
,Upper middle income,NY.GDP.NGAS.RT.ZS,Natural gas rents (% of GDP),2015,0.330956542450591,,1
,Upper middle income,NY.GDP.NGAS.RT.ZS,Natural gas rents (% of GDP),2014,0.365637504170977,,1
,Upper middle income,NY.GDP.NGAS.RT.ZS,Natural gas rents (% of GDP),2013,0.357936092600963,,1
,Upper middle income,NY.GDP.NGAS.RT.ZS,Natural gas rents (% of GDP),2012,0.371619149459158,,1
,Upper middle income,NY.GDP.NGAS.RT.ZS,Natural gas rents (% of GDP),2011,0.373538417287594,,1
,Upper middle income,NY.GDP.NGAS.RT.ZS,Natural gas rents (% of GDP),2010,0.329125707047603,,1
,Upper middle income,NY.GDP.NGAS.RT.ZS,Natural gas rents (% of GDP),2009,0.397496802928037,,1
,Upper middle income,NY.GDP.NGAS.RT.ZS,Natural gas rents (% of GDP),2008,0.420983845449915,,1
,Upper middle income,NY.GDP.NGAS.RT.ZS,Natural gas rents (% of GDP),2007,0.400260721140238,,1
,Upper middle income,NY.GDP.NGAS.RT.ZS,Natural gas rents (% of GDP),2006,0.45880681275086,,1
,Upper middle income,NY.GDP.NGAS.RT.ZS,Natural gas rents (% of GDP),2005,0.466889453330965,,1
,Upper middle income,NY.GDP.NGAS.RT.ZS,Natural gas rents (% of GDP),2004,0.449179122313107,,1
,Upper middle income,NY.GDP.NGAS.RT.ZS,Natural gas rents (% of GDP),2003,0.470276193604741,,1
,Upper middle income,NY.GDP.NGAS.RT.ZS,Natural gas rents (% of GDP),2002,0.455537159240676,,1
,Upper middle income,NY.GDP.NGAS.RT.ZS,Natural gas rents (% of GDP),2001,0.515120736928337,,1
,Upper middle income,NY.GDP.NGAS.RT.ZS,Natural gas rents (% of GDP),2000,0.466105472025657,,1
,Upper middle income,NY.GDP.NGAS.RT.ZS,Natural gas rents (% of GDP),1999,0.309544547190851,,1
,Upper middle income,NY.GDP.NGAS.RT.ZS,Natural gas rents (% of GDP),1998,0.262303500428383,,1
,Upper middle income,NY.GDP.NGAS.RT.ZS,Natural gas rents (% of GDP),1997,0.335405472245591,,1
,Upper middle income,NY.GDP.NGAS.RT.ZS,Natural gas rents (% of GDP),1996,0.318570799112215,,1
,Upper middle income,NY.GDP.NGAS.RT.ZS,Natural gas rents (% of GDP),1995,0.286821875074321,,1
,Upper middle income,NY.GDP.NGAS.RT.ZS,Natural gas rents (% of GDP),1994,0.285628711048104,,1
,Upper middle income,NY.GDP.NGAS.RT.ZS,Natural gas rents (% of GDP),1993,0.296027040267676,,1
,Upper middle income,NY.GDP.NGAS.RT.ZS,Natural gas rents (% of GDP),1992,0.240095976930154,,1
,Upper middle income,NY.GDP.NGAS.RT.ZS,Natural gas rents (% of GDP),1991,0.280057575897291,,1
,Upper middle income,NY.GDP.NGAS.RT.ZS,Natural gas rents (% of GDP),1990,0.331376505169821,,1
,Upper middle income,NY.GDP.NGAS.RT.ZS,Natural gas rents (% of GDP),1989,0.289152201142918,,1
,Upper middle income,NY.GDP.NGAS.RT.ZS,Natural gas rents (% of GDP),1988,0.286801069050808,,1
,Upper middle income,NY.GDP.NGAS.RT.ZS,Natural gas rents (% of GDP),1987,0.319793600617437,,1
,Upper middle income,NY.GDP.NGAS.RT.ZS,Natural gas rents (% of GDP),1986,0.27900648885704,,1
,Upper middle income,NY.GDP.NGAS.RT.ZS,Natural gas rents (% of GDP),1985,0.238678602235302,,1
,Upper middle income,NY.GDP.NGAS.RT.ZS,Natural gas rents (% of GDP),1984,0.225936111341036,,1
,Upper middle income,NY.GDP.NGAS.RT.ZS,Natural gas rents (% of GDP),1983,0.198537920120541,,1
,Upper middle income,NY.GDP.NGAS.RT.ZS,Natural gas rents (% of GDP),1982,0.049920849892968,,1
,Upper middle income,NY.GDP.NGAS.RT.ZS,Natural gas rents (% of GDP),1981,0.13628715164569,,1
,Upper middle income,NY.GDP.NGAS.RT.ZS,Natural gas rents (% of GDP),1980,0.22555899803059,,1
,Upper middle income,NY.GDP.NGAS.RT.ZS,Natural gas rents (% of GDP),1979,0.26333888628196,,1
,Upper middle income,NY.GDP.NGAS.RT.ZS,Natural gas rents (% of GDP),1978,0.162431872242507,,1
,Upper middle income,NY.GDP.NGAS.RT.ZS,Natural gas rents (% of GDP),1977,0.123215960447091,,1
,Upper middle income,NY.GDP.NGAS.RT.ZS,Natural gas rents (% of GDP),1976,0.130622675113212,,1
,Upper middle income,NY.GDP.NGAS.RT.ZS,Natural gas rents (% of GDP),1975,0.127780547061094,,1
,Upper middle income,NY.GDP.NGAS.RT.ZS,Natural gas rents (% of GDP),1974,0.0611597260733568,,1
,Upper middle income,NY.GDP.NGAS.RT.ZS,Natural gas rents (% of GDP),1973,0.0397734007349199,,1
,Upper middle income,NY.GDP.NGAS.RT.ZS,Natural gas rents (% of GDP),1972,0.0363832094795648,,1
,Upper middle income,NY.GDP.NGAS.RT.ZS,Natural gas rents (% of GDP),1971,0.0385282529637789,,1
,Upper middle income,NY.GDP.NGAS.RT.ZS,Natural gas rents (% of GDP),1970,0.0340447950083787,,1
WLD,World,NY.GDP.NGAS.RT.ZS,Natural gas rents (% of GDP),2021,0.525595096587328,,1
WLD,World,NY.GDP.NGAS.RT.ZS,Natural gas rents (% of GDP),2020,0.207373176396081,,1
WLD,World,NY.GDP.NGAS.RT.ZS,Natural gas rents (% of GDP),2019,0.265565816025877,,1
WLD,World,NY.GDP.NGAS.RT.ZS,Natural gas rents (% of GDP),2018,0.297055435993461,,1
WLD,World,NY.GDP.NGAS.RT.ZS,Natural gas rents (% of GDP),2017,0.190400655595065,,1
WLD,World,NY.GDP.NGAS.RT.ZS,Natural gas rents (% of GDP),2016,0.159977118937151,,1
WLD,World,NY.GDP.NGAS.RT.ZS,Natural gas rents (% of GDP),2015,0.230071921484792,,1
WLD,World,NY.GDP.NGAS.RT.ZS,Natural gas rents (% of GDP),2014,0.282988131937077,,1
WLD,World,NY.GDP.NGAS.RT.ZS,Natural gas rents (% of GDP),2013,0.314153259537594,,1
WLD,World,NY.GDP.NGAS.RT.ZS,Natural gas rents (% of GDP),2012,0.322972410289924,,1
WLD,World,NY.GDP.NGAS.RT.ZS,Natural gas rents (% of GDP),2011,0.317084080831487,,1
WLD,World,NY.GDP.NGAS.RT.ZS,Natural gas rents (% of GDP),2010,0.2421424092934,,1
WLD,World,NY.GDP.NGAS.RT.ZS,Natural gas rents (% of GDP),2009,0.275878663753695,,1
WLD,World,NY.GDP.NGAS.RT.ZS,Natural gas rents (% of GDP),2008,0.480378646422846,,1
WLD,World,NY.GDP.NGAS.RT.ZS,Natural gas rents (% of GDP),2007,0.34288279224141,,1
WLD,World,NY.GDP.NGAS.RT.ZS,Natural gas rents (% of GDP),2006,0.390003981121927,,1
WLD,World,NY.GDP.NGAS.RT.ZS,Natural gas rents (% of GDP),2005,0.478572337967659,,1
WLD,World,NY.GDP.NGAS.RT.ZS,Natural gas rents (% of GDP),2004,0.391443935081403,,1
WLD,World,NY.GDP.NGAS.RT.ZS,Natural gas rents (% of GDP),2003,0.433857867896892,,1
WLD,World,NY.GDP.NGAS.RT.ZS,Natural gas rents (% of GDP),2002,0.319512755537954,,1
WLD,World,NY.GDP.NGAS.RT.ZS,Natural gas rents (% of GDP),2001,0.430894388948323,,1
WLD,World,NY.GDP.NGAS.RT.ZS,Natural gas rents (% of GDP),2000,0.395535680930049,,1
WLD,World,NY.GDP.NGAS.RT.ZS,Natural gas rents (% of GDP),1999,0.175131195813429,,1
WLD,World,NY.GDP.NGAS.RT.ZS,Natural gas rents (% of GDP),1998,0.150694274962457,,1
WLD,World,NY.GDP.NGAS.RT.ZS,Natural gas rents (% of GDP),1997,0.255135151555279,,1
WLD,World,NY.GDP.NGAS.RT.ZS,Natural gas rents (% of GDP),1996,0.231154078969547,,1
WLD,World,NY.GDP.NGAS.RT.ZS,Natural gas rents (% of GDP),1995,0.174535343495972,,1
WLD,World,NY.GDP.NGAS.RT.ZS,Natural gas rents (% of GDP),1994,0.178218914439949,,1
WLD,World,NY.GDP.NGAS.RT.ZS,Natural gas rents (% of GDP),1993,0.204509192014175,,1
WLD,World,NY.GDP.NGAS.RT.ZS,Natural gas rents (% of GDP),1992,0.133442994019383,,1
WLD,World,NY.GDP.NGAS.RT.ZS,Natural gas rents (% of GDP),1991,0.128197614270168,,1
WLD,World,NY.GDP.NGAS.RT.ZS,Natural gas rents (% of GDP),1990,0.168239158626774,,1
WLD,World,NY.GDP.NGAS.RT.ZS,Natural gas rents (% of GDP),1989,0.151706981806115,,1
WLD,World,NY.GDP.NGAS.RT.ZS,Natural gas rents (% of GDP),1988,0.142354132465643,,1
WLD,World,NY.GDP.NGAS.RT.ZS,Natural gas rents (% of GDP),1987,0.164045636611565,,1
WLD,World,NY.GDP.NGAS.RT.ZS,Natural gas rents (% of GDP),1986,0.119674808343184,,1
WLD,World,NY.GDP.NGAS.RT.ZS,Natural gas rents (% of GDP),1985,0.278234566939107,,1
WLD,World,NY.GDP.NGAS.RT.ZS,Natural gas rents (% of GDP),1984,0.335300976472746,,1
WLD,World,NY.GDP.NGAS.RT.ZS,Natural gas rents (% of GDP),1983,0.299587930565154,,1
WLD,World,NY.GDP.NGAS.RT.ZS,Natural gas rents (% of GDP),1982,0.0987141888340588,,1
WLD,World,NY.GDP.NGAS.RT.ZS,Natural gas rents (% of GDP),1981,0.413542722546548,,1
WLD,World,NY.GDP.NGAS.RT.ZS,Natural gas rents (% of GDP),1980,0.660384517679499,,1
WLD,World,NY.GDP.NGAS.RT.ZS,Natural gas rents (% of GDP),1979,0.707626107204478,,1
WLD,World,NY.GDP.NGAS.RT.ZS,Natural gas rents (% of GDP),1978,0.305053284180846,,1
WLD,World,NY.GDP.NGAS.RT.ZS,Natural gas rents (% of GDP),1977,0.351893643995734,,1
WLD,World,NY.GDP.NGAS.RT.ZS,Natural gas rents (% of GDP),1976,0.368607753954738,,1
WLD,World,NY.GDP.NGAS.RT.ZS,Natural gas rents (% of GDP),1975,0.378810756243017,,1
WLD,World,NY.GDP.NGAS.RT.ZS,Natural gas rents (% of GDP),1974,0.4206990515728,,1
WLD,World,NY.GDP.NGAS.RT.ZS,Natural gas rents (% of GDP),1973,0.0609235893642612,,1
WLD,World,NY.GDP.NGAS.RT.ZS,Natural gas rents (% of GDP),1972,0.041365689250952,,1
WLD,World,NY.GDP.NGAS.RT.ZS,Natural gas rents (% of GDP),1971,0.018725985735123,,1
WLD,World,NY.GDP.NGAS.RT.ZS,Natural gas rents (% of GDP),1970,0.0128165607170702,,1
AFG,Afghanistan,NY.GDP.NGAS.RT.ZS,Natural gas rents (% of GDP),2021,0.00195353922210792,,1
AFG,Afghanistan,NY.GDP.NGAS.RT.ZS,Natural gas rents (% of GDP),2020,0.00134755113216414,,1
AFG,Afghanistan,NY.GDP.NGAS.RT.ZS,Natural gas rents (% of GDP),2019,0.00152718893968035,,1
AFG,Afghanistan,NY.GDP.NGAS.RT.ZS,Natural gas rents (% of GDP),2018,0.00151202723141628,,1
AFG,Afghanistan,NY.GDP.NGAS.RT.ZS,Natural gas rents (% of GDP),2017,0.00193733204041791,,1
AFG,Afghanistan,NY.GDP.NGAS.RT.ZS,Natural gas rents (% of GDP),2016,0.00213017870477219,,1
AFG,Afghanistan,NY.GDP.NGAS.RT.ZS,Natural gas rents (% of GDP),2015,0.0021525915335507,,1
AFG,Afghanistan,NY.GDP.NGAS.RT.ZS,Natural gas rents (% of GDP),2014,0.00462181980835445,,1
AFG,Afghanistan,NY.GDP.NGAS.RT.ZS,Natural gas rents (% of GDP),2013,0.0341687943179892,,1
AFG,Afghanistan,NY.GDP.NGAS.RT.ZS,Natural gas rents (% of GDP),2012,0.0464655939898396,,1
AFG,Afghanistan,NY.GDP.NGAS.RT.ZS,Natural gas rents (% of GDP),2011,0.0451518313015526,,1
AFG,Afghanistan,NY.GDP.NGAS.RT.ZS,Natural gas rents (% of GDP),2010,0.0403224481935062,,1
AFG,Afghanistan,NY.GDP.NGAS.RT.ZS,Natural gas rents (% of GDP),2009,0.0102634444245309,,1
AFG,Afghanistan,NY.GDP.NGAS.RT.ZS,Natural gas rents (% of GDP),2008,0.0162665856535653,,1
AFG,Afghanistan,NY.GDP.NGAS.RT.ZS,Natural gas rents (% of GDP),2007,0.0140511789653461,,1
AFG,Afghanistan,NY.GDP.NGAS.RT.ZS,Natural gas rents (% of GDP),2006,0.0175735938615238,,1
AFG,Afghanistan,NY.GDP.NGAS.RT.ZS,Natural gas rents (% of GDP),2005,0.0230939370293463,,1
AFG,Afghanistan,NY.GDP.NGAS.RT.ZS,Natural gas rents (% of GDP),2004,0.0283021705785469,,1
AFG,Afghanistan,NY.GDP.NGAS.RT.ZS,Natural gas rents (% of GDP),2003,0.036729700085138,,1
AFG,Afghanistan,NY.GDP.NGAS.RT.ZS,Natural gas rents (% of GDP),2002,0.231561307228384,,1
AFG,Afghanistan,NY.GDP.NGAS.RT.ZS,Natural gas rents (% of GDP),1981,0.111868106068871,,1
AFG,Afghanistan,NY.GDP.NGAS.RT.ZS,Natural gas rents (% of GDP),1980,0.565203899013619,,1
AFG,Afghanistan,NY.GDP.NGAS.RT.ZS,Natural gas rents (% of GDP),1979,0.57616563239498,,1
AFG,Afghanistan,NY.GDP.NGAS.RT.ZS,Natural gas rents (% of GDP),1978,0.849953626105317,,1
AFG,Afghanistan,NY.GDP.NGAS.RT.ZS,Natural gas rents (% of GDP),1977,1.39269094424288,,1
AFG,Afghanistan,NY.GDP.NGAS.RT.ZS,Natural gas rents (% of GDP),1976,1.40510706132468,,1
AFG,Afghanistan,NY.GDP.NGAS.RT.ZS,Natural gas rents (% of GDP),1975,1.33344928055424,,1
AFG,Afghanistan,NY.GDP.NGAS.RT.ZS,Natural gas rents (% of GDP),1974,0.897242371554401,,1
AFG,Afghanistan,NY.GDP.NGAS.RT.ZS,Natural gas rents (% of GDP),1973,0.829717882168702,,1
AFG,Afghanistan,NY.GDP.NGAS.RT.ZS,Natural gas rents (% of GDP),1972,0.741465718591879,,1
AFG,Afghanistan,NY.GDP.NGAS.RT.ZS,Natural gas rents (% of GDP),1971,0.645741697314356,,1
AFG,Afghanistan,NY.GDP.NGAS.RT.ZS,Natural gas rents (% of GDP),1970,0.565894962471447,,1
ALB,Albania,NY.GDP.NGAS.RT.ZS,Natural gas rents (% of GDP),2021,0.049458339903858,,1
ALB,Albania,NY.GDP.NGAS.RT.ZS,Natural gas rents (% of GDP),2020,0.0098718761210861,,1
ALB,Albania,NY.GDP.NGAS.RT.ZS,Natural gas rents (% of GDP),2019,0.0273613999739918,,1
ALB,Albania,NY.GDP.NGAS.RT.ZS,Natural gas rents (% of GDP),2018,0.022458616306127,,1
ALB,Albania,NY.GDP.NGAS.RT.ZS,Natural gas rents (% of GDP),2017,0.0188963304814835,,1
ALB,Albania,NY.GDP.NGAS.RT.ZS,Natural gas rents (% of GDP),2016,0.0139612587019387,,1
ALB,Albania,NY.GDP.NGAS.RT.ZS,Natural gas rents (% of GDP),2015,0.019112954317569,,1
ALB,Albania,NY.GDP.NGAS.RT.ZS,Natural gas rents (% of GDP),2014,0.0201834576696399,,1
ALB,Albania,NY.GDP.NGAS.RT.ZS,Natural gas rents (% of GDP),2013,0.0171746839867787,,1
ALB,Albania,NY.GDP.NGAS.RT.ZS,Natural gas rents (% of GDP),2012,0.0164608412977661,,1
ALB,Albania,NY.GDP.NGAS.RT.ZS,Natural gas rents (% of GDP),2011,0.0136576272780024,,1
ALB,Albania,NY.GDP.NGAS.RT.ZS,Natural gas rents (% of GDP),2010,0.00925242566622937,,1
ALB,Albania,NY.GDP.NGAS.RT.ZS,Natural gas rents (% of GDP),2009,0.00648099662098859,,1
ALB,Albania,NY.GDP.NGAS.RT.ZS,Natural gas rents (% of GDP),2008,0.00841142402522897,,1
ALB,Albania,NY.GDP.NGAS.RT.ZS,Natural gas rents (% of GDP),2007,0.0111900092211739,,1
ALB,Albania,NY.GDP.NGAS.RT.ZS,Natural gas rents (% of GDP),2006,0.00813351635635809,,1
ALB,Albania,NY.GDP.NGAS.RT.ZS,Natural gas rents (% of GDP),2005,0.00402406818681407,,1
ALB,Albania,NY.GDP.NGAS.RT.ZS,Natural gas rents (% of GDP),2004,0.0048676691156837,,1
ALB,Albania,NY.GDP.NGAS.RT.ZS,Natural gas rents (% of GDP),2003,0.00919522316755073,,1
ALB,Albania,NY.GDP.NGAS.RT.ZS,Natural gas rents (% of GDP),2002,0.0117918086634504,,1
ALB,Albania,NY.GDP.NGAS.RT.ZS,Natural gas rents (% of GDP),2001,0.010399353794783,,1
ALB,Albania,NY.GDP.NGAS.RT.ZS,Natural gas rents (% of GDP),2000,0.00703462737907052,,1
ALB,Albania,NY.GDP.NGAS.RT.ZS,Natural gas rents (% of GDP),1999,0.00168005565496385,,1
ALB,Albania,NY.GDP.NGAS.RT.ZS,Natural gas rents (% of GDP),1998,0.00222643541637826,,1
ALB,Albania,NY.GDP.NGAS.RT.ZS,Natural gas rents (% of GDP),1997,0.0212292713268089,,1
ALB,Albania,NY.GDP.NGAS.RT.ZS,Natural gas rents (% of GDP),1996,0.0174110710674192,,1
ALB,Albania,NY.GDP.NGAS.RT.ZS,Natural gas rents (% of GDP),1995,0.0291496090693974,,1
ALB,Albania,NY.GDP.NGAS.RT.ZS,Natural gas rents (% of GDP),1994,0.0376780789926274,,1
ALB,Albania,NY.GDP.NGAS.RT.ZS,Natural gas rents (% of GDP),1993,0.0967423101475636,,1
ALB,Albania,NY.GDP.NGAS.RT.ZS,Natural gas rents (% of GDP),1992,0.0984135087821083,,1
ALB,Albania,NY.GDP.NGAS.RT.ZS,Natural gas rents (% of GDP),1991,0.151694214692069,,1
ALB,Albania,NY.GDP.NGAS.RT.ZS,Natural gas rents (% of GDP),1990,0.199187474772875,,1
ALB,Albania,NY.GDP.NGAS.RT.ZS,Natural gas rents (% of GDP),1989,0.156546254770579,,1
ALB,Albania,NY.GDP.NGAS.RT.ZS,Natural gas rents (% of GDP),1988,0.198466812038451,,1
ALB,Albania,NY.GDP.NGAS.RT.ZS,Natural gas rents (% of GDP),1987,0.207890285277707,,1
ALB,Albania,NY.GDP.NGAS.RT.ZS,Natural gas rents (% of GDP),1986,0.392760293749113,,1
ALB,Albania,NY.GDP.NGAS.RT.ZS,Natural gas rents (% of GDP),1985,0.429410237184159,,1
ALB,Albania,NY.GDP.NGAS.RT.ZS,Natural gas rents (% of GDP),1984,0.480087182712261,,1
DZA,Algeria,NY.GDP.NGAS.RT.ZS,Natural gas rents (% of GDP),2021,7.9957286210892,,1
DZA,Algeria,NY.GDP.NGAS.RT.ZS,Natural gas rents (% of GDP),2020,4.83849619936078,,1
DZA,Algeria,NY.GDP.NGAS.RT.ZS,Natural gas rents (% of GDP),2019,4.23642792336282,,1
DZA,Algeria,NY.GDP.NGAS.RT.ZS,Natural gas rents (% of GDP),2018,4.64378704706283,,1
DZA,Algeria,NY.GDP.NGAS.RT.ZS,Natural gas rents (% of GDP),2017,2.96806789859693,,1
DZA,Algeria,NY.GDP.NGAS.RT.ZS,Natural gas rents (% of GDP),2016,2.56694843286828,,1
DZA,Algeria,NY.GDP.NGAS.RT.ZS,Natural gas rents (% of GDP),2015,2.90603072482324,,1
DZA,Algeria,NY.GDP.NGAS.RT.ZS,Natural gas rents (% of GDP),2014,3.0569020902826,,1
DZA,Algeria,NY.GDP.NGAS.RT.ZS,Natural gas rents (% of GDP),2013,3.15384901781361,,1
DZA,Algeria,NY.GDP.NGAS.RT.ZS,Natural gas rents (% of GDP),2012,3.36687425907052,,1
DZA,Algeria,NY.GDP.NGAS.RT.ZS,Natural gas rents (% of GDP),2011,3.27268025363181,,1
DZA,Algeria,NY.GDP.NGAS.RT.ZS,Natural gas rents (% of GDP),2010,3.25358685142754,,1
DZA,Algeria,NY.GDP.NGAS.RT.ZS,Natural gas rents (% of GDP),2009,3.99167140096935,,1
DZA,Algeria,NY.GDP.NGAS.RT.ZS,Natural gas rents (% of GDP),2008,3.31233807885605,,1
DZA,Algeria,NY.GDP.NGAS.RT.ZS,Natural gas rents (% of GDP),2007,3.92429679953824,,1
DZA,Algeria,NY.GDP.NGAS.RT.ZS,Natural gas rents (% of GDP),2006,4.48809354777683,,1
DZA,Algeria,NY.GDP.NGAS.RT.ZS,Natural gas rents (% of GDP),2005,4.62829429535199,,1
DZA,Algeria,NY.GDP.NGAS.RT.ZS,Natural gas rents (% of GDP),2004,3.90735998177232,,1
DZA,Algeria,NY.GDP.NGAS.RT.ZS,Natural gas rents (% of GDP),2003,4.62266032721416,,1
DZA,Algeria,NY.GDP.NGAS.RT.ZS,Natural gas rents (% of GDP),2002,5.62628427786398,,1
DZA,Algeria,NY.GDP.NGAS.RT.ZS,Natural gas rents (% of GDP),2001,6.77330448791438,,1
DZA,Algeria,NY.GDP.NGAS.RT.ZS,Natural gas rents (% of GDP),2000,6.36143139801464,,1
DZA,Algeria,NY.GDP.NGAS.RT.ZS,Natural gas rents (% of GDP),1999,5.50096124701129,,1
DZA,Algeria,NY.GDP.NGAS.RT.ZS,Natural gas rents (% of GDP),1998,5.29640841954736,,1
DZA,Algeria,NY.GDP.NGAS.RT.ZS,Natural gas rents (% of GDP),1997,5.3278994745028,,1
DZA,Algeria,NY.GDP.NGAS.RT.ZS,Natural gas rents (% of GDP),1996,4.63271636138877,,1
DZA,Algeria,NY.GDP.NGAS.RT.ZS,Natural gas rents (% of GDP),1995,4.46124812000903,,1
DZA,Algeria,NY.GDP.NGAS.RT.ZS,Natural gas rents (% of GDP),1994,3.58109423094658,,1
DZA,Algeria,NY.GDP.NGAS.RT.ZS,Natural gas rents (% of GDP),1993,3.05243083677015,,1
DZA,Algeria,NY.GDP.NGAS.RT.ZS,Natural gas rents (% of GDP),1992,3.1456829333476,,1
DZA,Algeria,NY.GDP.NGAS.RT.ZS,Natural gas rents (% of GDP),1991,3.38576520086077,,1
DZA,Algeria,NY.GDP.NGAS.RT.ZS,Natural gas rents (% of GDP),1990,2.40895526473454,,1
DZA,Algeria,NY.GDP.NGAS.RT.ZS,Natural gas rents (% of GDP),1989,2.3070478586592,,1
DZA,Algeria,NY.GDP.NGAS.RT.ZS,Natural gas rents (% of GDP),1988,2.12536476680144,,1
DZA,Algeria,NY.GDP.NGAS.RT.ZS,Natural gas rents (% of GDP),1987,1.71933652244808,,1
DZA,Algeria,NY.GDP.NGAS.RT.ZS,Natural gas rents (% of GDP),1986,1.78713221892743,,1
DZA,Algeria,NY.GDP.NGAS.RT.ZS,Natural gas rents (% of GDP),1985,1.8783799255847,,1
DZA,Algeria,NY.GDP.NGAS.RT.ZS,Natural gas rents (% of GDP),1984,2.10265108325506,,1
DZA,Algeria,NY.GDP.NGAS.RT.ZS,Natural gas rents (% of GDP),1983,2.50313855871889,,1
DZA,Algeria,NY.GDP.NGAS.RT.ZS,Natural gas rents (% of GDP),1982,0.638993445439797,,1
DZA,Algeria,NY.GDP.NGAS.RT.ZS,Natural gas rents (% of GDP),1981,1.38730986945165,,1
DZA,Algeria,NY.GDP.NGAS.RT.ZS,Natural gas rents (% of GDP),1980,0.900478303210696,,1
DZA,Algeria,NY.GDP.NGAS.RT.ZS,Natural gas rents (% of GDP),1979,1.97790860297454,,1
DZA,Algeria,NY.GDP.NGAS.RT.ZS,Natural gas rents (% of GDP),1978,0.962880952877937,,1
DZA,Algeria,NY.GDP.NGAS.RT.ZS,Natural gas rents (% of GDP),1977,0.674820744473545,,1
DZA,Algeria,NY.GDP.NGAS.RT.ZS,Natural gas rents (% of GDP),1976,0.681423789503275,,1
DZA,Algeria,NY.GDP.NGAS.RT.ZS,Natural gas rents (% of GDP),1975,0.609717248630686,,1
DZA,Algeria,NY.GDP.NGAS.RT.ZS,Natural gas rents (% of GDP),1974,0.303040385886068,,1
DZA,Algeria,NY.GDP.NGAS.RT.ZS,Natural gas rents (% of GDP),1973,0.372261243430178,,1
DZA,Algeria,NY.GDP.NGAS.RT.ZS,Natural gas rents (% of GDP),1972,0.367873167972858,,1
DZA,Algeria,NY.GDP.NGAS.RT.ZS,Natural gas rents (% of GDP),1971,0.371657470595125,,1
DZA,Algeria,NY.GDP.NGAS.RT.ZS,Natural gas rents (% of GDP),1970,0.358861021890254,,1
ASM,American Samoa,NY.GDP.NGAS.RT.ZS,Natural gas rents (% of GDP),2021,0,,1
ASM,American Samoa,NY.GDP.NGAS.RT.ZS,Natural gas rents (% of GDP),2020,0,,1
ASM,American Samoa,NY.GDP.NGAS.RT.ZS,Natural gas rents (% of GDP),2019,0,,1
ASM,American Samoa,NY.GDP.NGAS.RT.ZS,Natural gas rents (% of GDP),2018,0,,1
ASM,American Samoa,NY.GDP.NGAS.RT.ZS,Natural gas rents (% of GDP),2017,0,,1
ASM,American Samoa,NY.GDP.NGAS.RT.ZS,Natural gas rents (% of GDP),2016,0,,1
ASM,American Samoa,NY.GDP.NGAS.RT.ZS,Natural gas rents (% of GDP),2015,0,,1
ASM,American Samoa,NY.GDP.NGAS.RT.ZS,Natural gas rents (% of GDP),2014,0,,1
ASM,American Samoa,NY.GDP.NGAS.RT.ZS,Natural gas rents (% of GDP),2013,0,,1
ASM,American Samoa,NY.GDP.NGAS.RT.ZS,Natural gas rents (% of GDP),2012,0,,1
ASM,American Samoa,NY.GDP.NGAS.RT.ZS,Natural gas rents (% of GDP),2011,0,,1
ASM,American Samoa,NY.GDP.NGAS.RT.ZS,Natural gas rents (% of GDP),2010,0,,1
ASM,American Samoa,NY.GDP.NGAS.RT.ZS,Natural gas rents (% of GDP),2009,0,,1
ASM,American Samoa,NY.GDP.NGAS.RT.ZS,Natural gas rents (% of GDP),2008,0,,1
ASM,American Samoa,NY.GDP.NGAS.RT.ZS,Natural gas rents (% of GDP),2007,0,,1
ASM,American Samoa,NY.GDP.NGAS.RT.ZS,Natural gas rents (% of GDP),2006,0,,1
ASM,American Samoa,NY.GDP.NGAS.RT.ZS,Natural gas rents (% of GDP),2005,0,,1
ASM,American Samoa,NY.GDP.NGAS.RT.ZS,Natural gas rents (% of GDP),2004,0,,1
ASM,American Samoa,NY.GDP.NGAS.RT.ZS,Natural gas rents (% of GDP),2003,0,,1
ASM,American Samoa,NY.GDP.NGAS.RT.ZS,Natural gas rents (% of GDP),2002,0,,1
AGO,Angola,NY.GDP.NGAS.RT.ZS,Natural gas rents (% of GDP),2021,1.01234906054638,,1
AGO,Angola,NY.GDP.NGAS.RT.ZS,Natural gas rents (% of GDP),2020,0.876758383885871,,1
AGO,Angola,NY.GDP.NGAS.RT.ZS,Natural gas rents (% of GDP),2019,0.814083850645771,,1
AGO,Angola,NY.GDP.NGAS.RT.ZS,Natural gas rents (% of GDP),2018,0.74554243174425,,1
AGO,Angola,NY.GDP.NGAS.RT.ZS,Natural gas rents (% of GDP),2017,0.476162010407452,,1
AGO,Angola,NY.GDP.NGAS.RT.ZS,Natural gas rents (% of GDP),2016,0.158766315983972,,1
AGO,Angola,NY.GDP.NGAS.RT.ZS,Natural gas rents (% of GDP),2015,0.0604405605969015,,1
AGO,Angola,NY.GDP.NGAS.RT.ZS,Natural gas rents (% of GDP),2014,0.0508980853938274,,1
AGO,Angola,NY.GDP.NGAS.RT.ZS,Natural gas rents (% of GDP),2013,0.0689984474570451,,1
AGO,Angola,NY.GDP.NGAS.RT.ZS,Natural gas rents (% of GDP),2012,0.0646914683950498,,1
AGO,Angola,NY.GDP.NGAS.RT.ZS,Natural gas rents (% of GDP),2011,0.0704815977652541,,1
AGO,Angola,NY.GDP.NGAS.RT.ZS,Natural gas rents (% of GDP),2010,0.0633424630809303,,1
AGO,Angola,NY.GDP.NGAS.RT.ZS,Natural gas rents (% of GDP),2009,0.0619194883478922,,1
AGO,Angola,NY.GDP.NGAS.RT.ZS,Natural gas rents (% of GDP),2008,0.0566358779076589,,1
AGO,Angola,NY.GDP.NGAS.RT.ZS,Natural gas rents (% of GDP),2007,0.075690352036519,,1
AGO,Angola,NY.GDP.NGAS.RT.ZS,Natural gas rents (% of GDP),2006,0.0801485865290752,,1
AGO,Angola,NY.GDP.NGAS.RT.ZS,Natural gas rents (% of GDP),2005,0.0367077834483982,,1
AGO,Angola,NY.GDP.NGAS.RT.ZS,Natural gas rents (% of GDP),2004,0.123797564311738,,1
AGO,Angola,NY.GDP.NGAS.RT.ZS,Natural gas rents (% of GDP),2003,0.135113552616191,,1
AGO,Angola,NY.GDP.NGAS.RT.ZS,Natural gas rents (% of GDP),2002,0.131900390989224,,1
AGO,Angola,NY.GDP.NGAS.RT.ZS,Natural gas rents (% of GDP),2001,0.210594107007388,,1
AGO,Angola,NY.GDP.NGAS.RT.ZS,Natural gas rents (% of GDP),2000,0.196300643661974,,1
AGO,Angola,NY.GDP.NGAS.RT.ZS,Natural gas rents (% of GDP),1999,0.161428826039536,,1
AGO,Angola,NY.GDP.NGAS.RT.ZS,Natural gas rents (% of GDP),1998,0.136441188557766,,1
AGO,Angola,NY.GDP.NGAS.RT.ZS,Natural gas rents (% of GDP),1997,0.158566178380028,,1
AGO,Angola,NY.GDP.NGAS.RT.ZS,Natural gas rents (% of GDP),1996,0.159734205456364,,1
AGO,Angola,NY.GDP.NGAS.RT.ZS,Natural gas rents (% of GDP),1995,0.206519283558313,,1
AGO,Angola,NY.GDP.NGAS.RT.ZS,Natural gas rents (% of GDP),1994,0.221467333218776,,1
AGO,Angola,NY.GDP.NGAS.RT.ZS,Natural gas rents (% of GDP),1993,0.160844205980298,,1
AGO,Angola,NY.GDP.NGAS.RT.ZS,Natural gas rents (% of GDP),1992,0.0905957741900589,,1
AGO,Angola,NY.GDP.NGAS.RT.ZS,Natural gas rents (% of GDP),1991,0.078435847881649,,1
AGO,Angola,NY.GDP.NGAS.RT.ZS,Natural gas rents (% of GDP),1990,0.0795872176902704,,1
AGO,Angola,NY.GDP.NGAS.RT.ZS,Natural gas rents (% of GDP),1989,0.0227399332838464,,1
AGO,Angola,NY.GDP.NGAS.RT.ZS,Natural gas rents (% of GDP),1988,0.0209596050513708,,1
AGO,Angola,NY.GDP.NGAS.RT.ZS,Natural gas rents (% of GDP),1987,0.0250447065518835,,1
AGO,Angola,NY.GDP.NGAS.RT.ZS,Natural gas rents (% of GDP),1986,0.0294913176962773,,1
AGO,Angola,NY.GDP.NGAS.RT.ZS,Natural gas rents (% of GDP),1985,0.020325503782181,,1
AGO,Angola,NY.GDP.NGAS.RT.ZS,Natural gas rents (% of GDP),1984,0.0252186249858535,,1
AGO,Angola,NY.GDP.NGAS.RT.ZS,Natural gas rents (% of GDP),1983,0.0245208531136713,,1
AGO,Angola,NY.GDP.NGAS.RT.ZS,Natural gas rents (% of GDP),1982,0.00745082956709586,,1
AGO,Angola,NY.GDP.NGAS.RT.ZS,Natural gas rents (% of GDP),1981,0.021145838970313,,1
AGO,Angola,NY.GDP.NGAS.RT.ZS,Natural gas rents (% of GDP),1980,0.0303698954484592,,1
ATG,Antigua and Barbuda,NY.GDP.NGAS.RT.ZS,Natural gas rents (% of GDP),2021,0,,1
ATG,Antigua and Barbuda,NY.GDP.NGAS.RT.ZS,Natural gas rents (% of GDP),2020,0,,1
ATG,Antigua and Barbuda,NY.GDP.NGAS.RT.ZS,Natural gas rents (% of GDP),2019,0,,1
ATG,Antigua and Barbuda,NY.GDP.NGAS.RT.ZS,Natural gas rents (% of GDP),2018,0,,1
ATG,Antigua and Barbuda,NY.GDP.NGAS.RT.ZS,Natural gas rents (% of GDP),2017,0,,1
ATG,Antigua and Barbuda,NY.GDP.NGAS.RT.ZS,Natural gas rents (% of GDP),2016,0,,1
ATG,Antigua and Barbuda,NY.GDP.NGAS.RT.ZS,Natural gas rents (% of GDP),2015,0,,1
ATG,Antigua and Barbuda,NY.GDP.NGAS.RT.ZS,Natural gas rents (% of GDP),2014,0,,1
ATG,Antigua and Barbuda,NY.GDP.NGAS.RT.ZS,Natural gas rents (% of GDP),2013,0,,1
ATG,Antigua and Barbuda,NY.GDP.NGAS.RT.ZS,Natural gas rents (% of GDP),2012,0,,1
ATG,Antigua and Barbuda,NY.GDP.NGAS.RT.ZS,Natural gas rents (% of GDP),2011,0,,1
ATG,Antigua and Barbuda,NY.GDP.NGAS.RT.ZS,Natural gas rents (% of GDP),2010,0,,1
ATG,Antigua and Barbuda,NY.GDP.NGAS.RT.ZS,Natural gas rents (% of GDP),2009,0,,1
ATG,Antigua and Barbuda,NY.GDP.NGAS.RT.ZS,Natural gas rents (% of GDP),2008,0,,1
ATG,Antigua and Barbuda,NY.GDP.NGAS.RT.ZS,Natural gas rents (% of GDP),2007,0,,1
ATG,Antigua and Barbuda,NY.GDP.NGAS.RT.ZS,Natural gas rents (% of GDP),2006,0,,1
ATG,Antigua and Barbuda,NY.GDP.NGAS.RT.ZS,Natural gas rents (% of GDP),2005,0,,1
ATG,Antigua and Barbuda,NY.GDP.NGAS.RT.ZS,Natural gas rents (% of GDP),2004,0,,1
ATG,Antigua and Barbuda,NY.GDP.NGAS.RT.ZS,Natural gas rents (% of GDP),2003,0,,1
ATG,Antigua and Barbuda,NY.GDP.NGAS.RT.ZS,Natural gas rents (% of GDP),2002,0,,1
ATG,Antigua and Barbuda,NY.GDP.NGAS.RT.ZS,Natural gas rents (% of GDP),2001,0,,1
ATG,Antigua and Barbuda,NY.GDP.NGAS.RT.ZS,Natural gas rents (% of GDP),2000,0,,1
ATG,Antigua and Barbuda,NY.GDP.NGAS.RT.ZS,Natural gas rents (% of GDP),1999,0,,1
ATG,Antigua and Barbuda,NY.GDP.NGAS.RT.ZS,Natural gas rents (% of GDP),1998,0,,1
ATG,Antigua and Barbuda,NY.GDP.NGAS.RT.ZS,Natural gas rents (% of GDP),1997,0,,1
ATG,Antigua and Barbuda,NY.GDP.NGAS.RT.ZS,Natural gas rents (% of GDP),1996,0,,1
ATG,Antigua and Barbuda,NY.GDP.NGAS.RT.ZS,Natural gas rents (% of GDP),1995,0,,1
ATG,Antigua and Barbuda,NY.GDP.NGAS.RT.ZS,Natural gas rents (% of GDP),1994,0,,1
ATG,Antigua and Barbuda,NY.GDP.NGAS.RT.ZS,Natural gas rents (% of GDP),1993,0,,1
ATG,Antigua and Barbuda,NY.GDP.NGAS.RT.ZS,Natural gas rents (% of GDP),1992,0,,1
ATG,Antigua and Barbuda,NY.GDP.NGAS.RT.ZS,Natural gas rents (% of GDP),1991,0,,1
ATG,Antigua and Barbuda,NY.GDP.NGAS.RT.ZS,Natural gas rents (% of GDP),1990,0,,1
ATG,Antigua and Barbuda,NY.GDP.NGAS.RT.ZS,Natural gas rents (% of GDP),1989,0,,1
ATG,Antigua and Barbuda,NY.GDP.NGAS.RT.ZS,Natural gas rents (% of GDP),1988,0,,1
ATG,Antigua and Barbuda,NY.GDP.NGAS.RT.ZS,Natural gas rents (% of GDP),1987,0,,1
ATG,Antigua and Barbuda,NY.GDP.NGAS.RT.ZS,Natural gas rents (% of GDP),1986,0,,1
ATG,Antigua and Barbuda,NY.GDP.NGAS.RT.ZS,Natural gas rents (% of GDP),1985,0,,1
ATG,Antigua and Barbuda,NY.GDP.NGAS.RT.ZS,Natural gas rents (% of GDP),1984,0,,1
ATG,Antigua and Barbuda,NY.GDP.NGAS.RT.ZS,Natural gas rents (% of GDP),1983,0,,1
ATG,Antigua and Barbuda,NY.GDP.NGAS.RT.ZS,Natural gas rents (% of GDP),1982,0,,1
ATG,Antigua and Barbuda,NY.GDP.NGAS.RT.ZS,Natural gas rents (% of GDP),1981,0,,1
ATG,Antigua and Barbuda,NY.GDP.NGAS.RT.ZS,Natural gas rents (% of GDP),1980,0,,1
ARG,Argentina,NY.GDP.NGAS.RT.ZS,Natural gas rents (% of GDP),2021,0.389397123451652,,1
ARG,Argentina,NY.GDP.NGAS.RT.ZS,Natural gas rents (% of GDP),2020,0.298269697229754,,1
ARG,Argentina,NY.GDP.NGAS.RT.ZS,Natural gas rents (% of GDP),2019,0.523559339823675,,1
ARG,Argentina,NY.GDP.NGAS.RT.ZS,Natural gas rents (% of GDP),2018,0.401322114717452,,1
ARG,Argentina,NY.GDP.NGAS.RT.ZS,Natural gas rents (% of GDP),2017,0.132192711472979,,1
ARG,Argentina,NY.GDP.NGAS.RT.ZS,Natural gas rents (% of GDP),2016,0.119238339223091,,1
ARG,Argentina,NY.GDP.NGAS.RT.ZS,Natural gas rents (% of GDP),2015,0.246808228645021,,1
ARG,Argentina,NY.GDP.NGAS.RT.ZS,Natural gas rents (% of GDP),2014,0.535325276913858,,1
ARG,Argentina,NY.GDP.NGAS.RT.ZS,Natural gas rents (% of GDP),2013,0.5571291088583,,1
ARG,Argentina,NY.GDP.NGAS.RT.ZS,Natural gas rents (% of GDP),2012,0.544036864497816,,1
ARG,Argentina,NY.GDP.NGAS.RT.ZS,Natural gas rents (% of GDP),2011,0.538827310390617,,1
ARG,Argentina,NY.GDP.NGAS.RT.ZS,Natural gas rents (% of GDP),2010,0.309484878442217,,1
ARG,Argentina,NY.GDP.NGAS.RT.ZS,Natural gas rents (% of GDP),2009,0.5753366974209,,1
ARG,Argentina,NY.GDP.NGAS.RT.ZS,Natural gas rents (% of GDP),2008,0.513205960913271,,1
ARG,Argentina,NY.GDP.NGAS.RT.ZS,Natural gas rents (% of GDP),2007,0.605509596028324,,1
ARG,Argentina,NY.GDP.NGAS.RT.ZS,Natural gas rents (% of GDP),2006,0.633332833614627,,1
ARG,Argentina,NY.GDP.NGAS.RT.ZS,Natural gas rents (% of GDP),2005,0.518722288899288,,1
ARG,Argentina,NY.GDP.NGAS.RT.ZS,Natural gas rents (% of GDP),2004,0.333214519684995,,1
ARG,Argentina,NY.GDP.NGAS.RT.ZS,Natural gas rents (% of GDP),2003,0.415641192852899,,1
ARG,Argentina,NY.GDP.NGAS.RT.ZS,Natural gas rents (% of GDP),2002,0.646827117703421,,1
ARG,Argentina,NY.GDP.NGAS.RT.ZS,Natural gas rents (% of GDP),2001,0.29987415057312,,1
ARG,Argentina,NY.GDP.NGAS.RT.ZS,Natural gas rents (% of GDP),2000,0.282821013547511,,1
ARG,Argentina,NY.GDP.NGAS.RT.ZS,Natural gas rents (% of GDP),1999,0.145370116357675,,1
ARG,Argentina,NY.GDP.NGAS.RT.ZS,Natural gas rents (% of GDP),1998,0.07155227159531,,1
ARG,Argentina,NY.GDP.NGAS.RT.ZS,Natural gas rents (% of GDP),1997,0.0820948873528113,,1
ARG,Argentina,NY.GDP.NGAS.RT.ZS,Natural gas rents (% of GDP),1996,0.084701578486069,,1
ARG,Argentina,NY.GDP.NGAS.RT.ZS,Natural gas rents (% of GDP),1995,0.0810388224069918,,1
ARG,Argentina,NY.GDP.NGAS.RT.ZS,Natural gas rents (% of GDP),1994,0.0832982540170027,,1
ARG,Argentina,NY.GDP.NGAS.RT.ZS,Natural gas rents (% of GDP),1993,0.101191566049317,,1
ARG,Argentina,NY.GDP.NGAS.RT.ZS,Natural gas rents (% of GDP),1992,0.0791319167057277,,1
ARG,Argentina,NY.GDP.NGAS.RT.ZS,Natural gas rents (% of GDP),1991,0.105217488837536,,1
ARG,Argentina,NY.GDP.NGAS.RT.ZS,Natural gas rents (% of GDP),1990,0.156002201280318,,1
ARG,Argentina,NY.GDP.NGAS.RT.ZS,Natural gas rents (% of GDP),1989,0.257531904139602,,1
ARG,Argentina,NY.GDP.NGAS.RT.ZS,Natural gas rents (% of GDP),1988,0.112903764731897,,1
ARG,Argentina,NY.GDP.NGAS.RT.ZS,Natural gas rents (% of GDP),1987,0.121268074864062,,1
ARG,Argentina,NY.GDP.NGAS.RT.ZS,Natural gas rents (% of GDP),1986,0.169715743996771,,1
ARG,Argentina,NY.GDP.NGAS.RT.ZS,Natural gas rents (% of GDP),1985,0.232273336449674,,1
ARG,Argentina,NY.GDP.NGAS.RT.ZS,Natural gas rents (% of GDP),1984,0.263237654828575,,1
ARG,Argentina,NY.GDP.NGAS.RT.ZS,Natural gas rents (% of GDP),1983,0.161123885827592,,1
ARG,Argentina,NY.GDP.NGAS.RT.ZS,Natural gas rents (% of GDP),1982,0.0328048780293968,,1
ARG,Argentina,NY.GDP.NGAS.RT.ZS,Natural gas rents (% of GDP),1981,0.144536391472678,,1
ARG,Argentina,NY.GDP.NGAS.RT.ZS,Natural gas rents (% of GDP),1980,0.1966017224325,,1
ARG,Argentina,NY.GDP.NGAS.RT.ZS,Natural gas rents (% of GDP),1979,0.0850475621025231,,1
ARG,Argentina,NY.GDP.NGAS.RT.ZS,Natural gas rents (% of GDP),1978,0.0162548951741007,,1
ARG,Argentina,NY.GDP.NGAS.RT.ZS,Natural gas rents (% of GDP),1977,0.00681124973798209,,1
ARG,Argentina,NY.GDP.NGAS.RT.ZS,Natural gas rents (% of GDP),1976,0.0988380204642832,,1
ARG,Argentina,NY.GDP.NGAS.RT.ZS,Natural gas rents (% of GDP),1975,0.103099296421199,,1
ARG,Argentina,NY.GDP.NGAS.RT.ZS,Natural gas rents (% of GDP),1974,0.0374907502519704,,1
ARG,Argentina,NY.GDP.NGAS.RT.ZS,Natural gas rents (% of GDP),1973,0.00646767115433155,,1
ARG,Argentina,NY.GDP.NGAS.RT.ZS,Natural gas rents (% of GDP),1972,0.00914103941323704,,1
ARG,Argentina,NY.GDP.NGAS.RT.ZS,Natural gas rents (% of GDP),1971,0.00945431127752581,,1
ARG,Argentina,NY.GDP.NGAS.RT.ZS,Natural gas rents (% of GDP),1970,0.0056850188122777,,1
ARM,Armenia,NY.GDP.NGAS.RT.ZS,Natural gas rents (% of GDP),2021,0,,1
ARM,Armenia,NY.GDP.NGAS.RT.ZS,Natural gas rents (% of GDP),2020,0,,1
ARM,Armenia,NY.GDP.NGAS.RT.ZS,Natural gas rents (% of GDP),2019,0,,1
ARM,Armenia,NY.GDP.NGAS.RT.ZS,Natural gas rents (% of GDP),2018,0,,1
ARM,Armenia,NY.GDP.NGAS.RT.ZS,Natural gas rents (% of GDP),2017,0,,1
ARM,Armenia,NY.GDP.NGAS.RT.ZS,Natural gas rents (% of GDP),2016,0,,1
ARM,Armenia,NY.GDP.NGAS.RT.ZS,Natural gas rents (% of GDP),2015,0,,1
ARM,Armenia,NY.GDP.NGAS.RT.ZS,Natural gas rents (% of GDP),2014,0,,1
ARM,Armenia,NY.GDP.NGAS.RT.ZS,Natural gas rents (% of GDP),2013,0,,1
ARM,Armenia,NY.GDP.NGAS.RT.ZS,Natural gas rents (% of GDP),2012,0,,1
ARM,Armenia,NY.GDP.NGAS.RT.ZS,Natural gas rents (% of GDP),2011,0,,1
ARM,Armenia,NY.GDP.NGAS.RT.ZS,Natural gas rents (% of GDP),2010,0,,1
ARM,Armenia,NY.GDP.NGAS.RT.ZS,Natural gas rents (% of GDP),2009,0,,1
ARM,Armenia,NY.GDP.NGAS.RT.ZS,Natural gas rents (% of GDP),2008,0,,1
ARM,Armenia,NY.GDP.NGAS.RT.ZS,Natural gas rents (% of GDP),2007,0,,1
ARM,Armenia,NY.GDP.NGAS.RT.ZS,Natural gas rents (% of GDP),2006,0,,1
ARM,Armenia,NY.GDP.NGAS.RT.ZS,Natural gas rents (% of GDP),2005,0,,1
ARM,Armenia,NY.GDP.NGAS.RT.ZS,Natural gas rents (% of GDP),2004,0,,1
ARM,Armenia,NY.GDP.NGAS.RT.ZS,Natural gas rents (% of GDP),2003,0,,1
ARM,Armenia,NY.GDP.NGAS.RT.ZS,Natural gas rents (% of GDP),2002,0,,1
ARM,Armenia,NY.GDP.NGAS.RT.ZS,Natural gas rents (% of GDP),2001,0,,1
ARM,Armenia,NY.GDP.NGAS.RT.ZS,Natural gas rents (% of GDP),2000,0,,1
ARM,Armenia,NY.GDP.NGAS.RT.ZS,Natural gas rents (% of GDP),1999,0,,1
ARM,Armenia,NY.GDP.NGAS.RT.ZS,Natural gas rents (% of GDP),1998,0,,1
ARM,Armenia,NY.GDP.NGAS.RT.ZS,Natural gas rents (% of GDP),1997,0,,1
ARM,Armenia,NY.GDP.NGAS.RT.ZS,Natural gas rents (% of GDP),1996,0,,1
ARM,Armenia,NY.GDP.NGAS.RT.ZS,Natural gas rents (% of GDP),1995,0,,1
ARM,Armenia,NY.GDP.NGAS.RT.ZS,Natural gas rents (% of GDP),1994,0,,1
ARM,Armenia,NY.GDP.NGAS.RT.ZS,Natural gas rents (% of GDP),1993,0,,1
ARM,Armenia,NY.GDP.NGAS.RT.ZS,Natural gas rents (% of GDP),1992,0,,1
ARM,Armenia,NY.GDP.NGAS.RT.ZS,Natural gas rents (% of GDP),1991,0,,1
ARM,Armenia,NY.GDP.NGAS.RT.ZS,Natural gas rents (% of GDP),1990,0,,1
ABW,Aruba,NY.GDP.NGAS.RT.ZS,Natural gas rents (% of GDP),2021,0,,1
ABW,Aruba,NY.GDP.NGAS.RT.ZS,Natural gas rents (% of GDP),2020,0,,1
ABW,Aruba,NY.GDP.NGAS.RT.ZS,Natural gas rents (% of GDP),2019,0,,1
ABW,Aruba,NY.GDP.NGAS.RT.ZS,Natural gas rents (% of GDP),2018,0,,1
ABW,Aruba,NY.GDP.NGAS.RT.ZS,Natural gas rents (% of GDP),2017,0,,1
ABW,Aruba,NY.GDP.NGAS.RT.ZS,Natural gas rents (% of GDP),2016,0,,1
ABW,Aruba,NY.GDP.NGAS.RT.ZS,Natural gas rents (% of GDP),2015,0,,1
ABW,Aruba,NY.GDP.NGAS.RT.ZS,Natural gas rents (% of GDP),2014,0,,1
ABW,Aruba,NY.GDP.NGAS.RT.ZS,Natural gas rents (% of GDP),2013,0,,1
ABW,Aruba,NY.GDP.NGAS.RT.ZS,Natural gas rents (% of GDP),2012,0,,1
ABW,Aruba,NY.GDP.NGAS.RT.ZS,Natural gas rents (% of GDP),2011,0,,1
ABW,Aruba,NY.GDP.NGAS.RT.ZS,Natural gas rents (% of GDP),2010,0,,1
ABW,Aruba,NY.GDP.NGAS.RT.ZS,Natural gas rents (% of GDP),2009,0,,1
ABW,Aruba,NY.GDP.NGAS.RT.ZS,Natural gas rents (% of GDP),2008,0,,1
ABW,Aruba,NY.GDP.NGAS.RT.ZS,Natural gas rents (% of GDP),2007,0,,1
ABW,Aruba,NY.GDP.NGAS.RT.ZS,Natural gas rents (% of GDP),2006,0,,1
ABW,Aruba,NY.GDP.NGAS.RT.ZS,Natural gas rents (% of GDP),2005,0,,1
ABW,Aruba,NY.GDP.NGAS.RT.ZS,Natural gas rents (% of GDP),2004,0,,1
ABW,Aruba,NY.GDP.NGAS.RT.ZS,Natural gas rents (% of GDP),2003,0,,1
ABW,Aruba,NY.GDP.NGAS.RT.ZS,Natural gas rents (% of GDP),2002,0,,1
ABW,Aruba,NY.GDP.NGAS.RT.ZS,Natural gas rents (% of GDP),2001,0,,1
ABW,Aruba,NY.GDP.NGAS.RT.ZS,Natural gas rents (% of GDP),2000,0,,1
ABW,Aruba,NY.GDP.NGAS.RT.ZS,Natural gas rents (% of GDP),1999,0,,1
ABW,Aruba,NY.GDP.NGAS.RT.ZS,Natural gas rents (% of GDP),1998,0,,1
ABW,Aruba,NY.GDP.NGAS.RT.ZS,Natural gas rents (% of GDP),1997,0,,1
ABW,Aruba,NY.GDP.NGAS.RT.ZS,Natural gas rents (% of GDP),1996,0,,1
ABW,Aruba,NY.GDP.NGAS.RT.ZS,Natural gas rents (% of GDP),1995,0,,1
ABW,Aruba,NY.GDP.NGAS.RT.ZS,Natural gas rents (% of GDP),1994,0,,1
ABW,Aruba,NY.GDP.NGAS.RT.ZS,Natural gas rents (% of GDP),1993,0,,1
ABW,Aruba,NY.GDP.NGAS.RT.ZS,Natural gas rents (% of GDP),1992,0,,1
ABW,Aruba,NY.GDP.NGAS.RT.ZS,Natural gas rents (% of GDP),1991,0,,1
ABW,Aruba,NY.GDP.NGAS.RT.ZS,Natural gas rents (% of GDP),1990,0,,1
ABW,Aruba,NY.GDP.NGAS.RT.ZS,Natural gas rents (% of GDP),1989,0,,1
ABW,Aruba,NY.GDP.NGAS.RT.ZS,Natural gas rents (% of GDP),1988,0,,1
ABW,Aruba,NY.GDP.NGAS.RT.ZS,Natural gas rents (% of GDP),1987,0,,1
ABW,Aruba,NY.GDP.NGAS.RT.ZS,Natural gas rents (% of GDP),1986,0,,1
AUS,Australia,NY.GDP.NGAS.RT.ZS,Natural gas rents (% of GDP),2021,1.71840640102869,,1
AUS,Australia,NY.GDP.NGAS.RT.ZS,Natural gas rents (% of GDP),2020,1.20573602321749,,1
AUS,Australia,NY.GDP.NGAS.RT.ZS,Natural gas rents (% of GDP),2019,1.33869213675891,,1
AUS,Australia,NY.GDP.NGAS.RT.ZS,Natural gas rents (% of GDP),2018,1.12681291351523,,1
AUS,Australia,NY.GDP.NGAS.RT.ZS,Natural gas rents (% of GDP),2017,0.710596127047236,,1
AUS,Australia,NY.GDP.NGAS.RT.ZS,Natural gas rents (% of GDP),2016,0.587554401448582,,1
AUS,Australia,NY.GDP.NGAS.RT.ZS,Natural gas rents (% of GDP),2015,0.604563395765041,,1
AUS,Australia,NY.GDP.NGAS.RT.ZS,Natural gas rents (% of GDP),2014,0.484066275281438,,1
AUS,Australia,NY.GDP.NGAS.RT.ZS,Natural gas rents (% of GDP),2013,0.331288181046131,,1
AUS,Australia,NY.GDP.NGAS.RT.ZS,Natural gas rents (% of GDP),2012,0.291490714216486,,1
AUS,Australia,NY.GDP.NGAS.RT.ZS,Natural gas rents (% of GDP),2011,0.350838343671304,,1
AUS,Australia,NY.GDP.NGAS.RT.ZS,Natural gas rents (% of GDP),2010,0.358939187120881,,1
AUS,Australia,NY.GDP.NGAS.RT.ZS,Natural gas rents (% of GDP),2009,0.380336796941961,,1
AUS,Australia,NY.GDP.NGAS.RT.ZS,Natural gas rents (% of GDP),2008,0.331366192668345,,1
AUS,Australia,NY.GDP.NGAS.RT.ZS,Natural gas rents (% of GDP),2007,0.355799251990489,,1
AUS,Australia,NY.GDP.NGAS.RT.ZS,Natural gas rents (% of GDP),2006,0.399162747844491,,1
AUS,Australia,NY.GDP.NGAS.RT.ZS,Natural gas rents (% of GDP),2005,0.420182475428722,,1
AUS,Australia,NY.GDP.NGAS.RT.ZS,Natural gas rents (% of GDP),2004,0.448804277256907,,1
AUS,Australia,NY.GDP.NGAS.RT.ZS,Natural gas rents (% of GDP),2003,0.5084006809536,,1
AUS,Australia,NY.GDP.NGAS.RT.ZS,Natural gas rents (% of GDP),2002,0.488247924172099,,1
AUS,Australia,NY.GDP.NGAS.RT.ZS,Natural gas rents (% of GDP),2001,0.562124106792889,,1
AUS,Australia,NY.GDP.NGAS.RT.ZS,Natural gas rents (% of GDP),2000,0.551817752368355,,1
AUS,Australia,NY.GDP.NGAS.RT.ZS,Natural gas rents (% of GDP),1999,0.364771381363961,,1
AUS,Australia,NY.GDP.NGAS.RT.ZS,Natural gas rents (% of GDP),1998,0.311317043471957,,1
AUS,Australia,NY.GDP.NGAS.RT.ZS,Natural gas rents (% of GDP),1997,0.380230933324588,,1
AUS,Australia,NY.GDP.NGAS.RT.ZS,Natural gas rents (% of GDP),1996,0.400710340720103,,1
AUS,Australia,NY.GDP.NGAS.RT.ZS,Natural gas rents (% of GDP),1995,0.364303031664732,,1
AUS,Australia,NY.GDP.NGAS.RT.ZS,Natural gas rents (% of GDP),1994,0.359554422014385,,1
AUS,Australia,NY.GDP.NGAS.RT.ZS,Natural gas rents (% of GDP),1993,0.304404898871275,,1
AUS,Australia,NY.GDP.NGAS.RT.ZS,Natural gas rents (% of GDP),1992,0.229765008586858,,1
AUS,Australia,NY.GDP.NGAS.RT.ZS,Natural gas rents (% of GDP),1991,0.195331450563141,,1
AUS,Australia,NY.GDP.NGAS.RT.ZS,Natural gas rents (% of GDP),1990,0.234861244993648,,1
AUS,Australia,NY.GDP.NGAS.RT.ZS,Natural gas rents (% of GDP),1989,0.14305235926313,,1
AUS,Australia,NY.GDP.NGAS.RT.ZS,Natural gas rents (% of GDP),1988,0.158420224535713,,1
AUS,Australia,NY.GDP.NGAS.RT.ZS,Natural gas rents (% of GDP),1987,0.227429850160488,,1
AUS,Australia,NY.GDP.NGAS.RT.ZS,Natural gas rents (% of GDP),1986,0.261254380890092,,1
AUS,Australia,NY.GDP.NGAS.RT.ZS,Natural gas rents (% of GDP),1985,0.155901793319544,,1
AUS,Australia,NY.GDP.NGAS.RT.ZS,Natural gas rents (% of GDP),1984,0.106744792001129,,1
AUS,Australia,NY.GDP.NGAS.RT.ZS,Natural gas rents (% of GDP),1983,0.0865220339234795,,1
AUS,Australia,NY.GDP.NGAS.RT.ZS,Natural gas rents (% of GDP),1982,0.0374601956530704,,1
AUS,Australia,NY.GDP.NGAS.RT.ZS,Natural gas rents (% of GDP),1981,0.11042948868479,,1
AUS,Australia,NY.GDP.NGAS.RT.ZS,Natural gas rents (% of GDP),1980,0.265150130637996,,1
AUS,Australia,NY.GDP.NGAS.RT.ZS,Natural gas rents (% of GDP),1979,0.281864869545654,,1
AUS,Australia,NY.GDP.NGAS.RT.ZS,Natural gas rents (% of GDP),1978,0.20058445557712,,1
AUS,Australia,NY.GDP.NGAS.RT.ZS,Natural gas rents (% of GDP),1977,0.174272027528108,,1
AUS,Australia,NY.GDP.NGAS.RT.ZS,Natural gas rents (% of GDP),1976,0.154832053112199,,1
AUS,Australia,NY.GDP.NGAS.RT.ZS,Natural gas rents (% of GDP),1975,0.148487028720157,,1
AUS,Australia,NY.GDP.NGAS.RT.ZS,Natural gas rents (% of GDP),1974,0.0850154188895675,,1
AUS,Australia,NY.GDP.NGAS.RT.ZS,Natural gas rents (% of GDP),1973,0.0213948240624894,,1
AUS,Australia,NY.GDP.NGAS.RT.ZS,Natural gas rents (% of GDP),1972,0.0128058512256082,,1
AUS,Australia,NY.GDP.NGAS.RT.ZS,Natural gas rents (% of GDP),1971,0.00686003374795413,,1
AUS,Australia,NY.GDP.NGAS.RT.ZS,Natural gas rents (% of GDP),1970,0,,1
AUT,Austria,NY.GDP.NGAS.RT.ZS,Natural gas rents (% of GDP),2021,0.0240584970736946,,1
AUT,Austria,NY.GDP.NGAS.RT.ZS,Natural gas rents (% of GDP),2020,0.00526918629933914,,1
AUT,Austria,NY.GDP.NGAS.RT.ZS,Natural gas rents (% of GDP),2019,0.0126697674134977,,1
AUT,Austria,NY.GDP.NGAS.RT.ZS,Natural gas rents (% of GDP),2018,0.0198917686011633,,1
AUT,Austria,NY.GDP.NGAS.RT.ZS,Natural gas rents (% of GDP),2017,0.0164285466528456,,1
AUT,Austria,NY.GDP.NGAS.RT.ZS,Natural gas rents (% of GDP),2016,0.011656370171843,,1
AUT,Austria,NY.GDP.NGAS.RT.ZS,Natural gas rents (% of GDP),2015,0.0216007474240721,,1
AUT,Austria,NY.GDP.NGAS.RT.ZS,Natural gas rents (% of GDP),2014,0.0263618098266118,,1
AUT,Austria,NY.GDP.NGAS.RT.ZS,Natural gas rents (% of GDP),2013,0.0416512097457698,,1
AUT,Austria,NY.GDP.NGAS.RT.ZS,Natural gas rents (% of GDP),2012,0.055437461757175,,1
AUT,Austria,NY.GDP.NGAS.RT.ZS,Natural gas rents (% of GDP),2011,0.0467239804320505,,1
AUT,Austria,NY.GDP.NGAS.RT.ZS,Natural gas rents (% of GDP),2010,0.0339847636937159,,1
AUT,Austria,NY.GDP.NGAS.RT.ZS,Natural gas rents (% of GDP),2009,0.0355173563880205,,1
AUT,Austria,NY.GDP.NGAS.RT.ZS,Natural gas rents (% of GDP),2008,0.0429913930065737,,1
AUT,Austria,NY.GDP.NGAS.RT.ZS,Natural gas rents (% of GDP),2007,0.0319127148875307,,1
AUT,Austria,NY.GDP.NGAS.RT.ZS,Natural gas rents (% of GDP),2006,0.0351944312048777,,1
AUT,Austria,NY.GDP.NGAS.RT.ZS,Natural gas rents (% of GDP),2005,0.0151465240868567,,1
AUT,Austria,NY.GDP.NGAS.RT.ZS,Natural gas rents (% of GDP),2004,0.0224294750284273,,1
AUT,Austria,NY.GDP.NGAS.RT.ZS,Natural gas rents (% of GDP),2003,0.0301419304528529,,1
AUT,Austria,NY.GDP.NGAS.RT.ZS,Natural gas rents (% of GDP),2002,0.0325849066521663,,1
AUT,Austria,NY.GDP.NGAS.RT.ZS,Natural gas rents (% of GDP),2001,0.0436415765473745,,1
AUT,Austria,NY.GDP.NGAS.RT.ZS,Natural gas rents (% of GDP),2000,0.0213333873225911,,1
AUT,Austria,NY.GDP.NGAS.RT.ZS,Natural gas rents (% of GDP),1999,0.00274773748481646,,1
AUT,Austria,NY.GDP.NGAS.RT.ZS,Natural gas rents (% of GDP),1998,0.00252898556596711,,1
AUT,Austria,NY.GDP.NGAS.RT.ZS,Natural gas rents (% of GDP),1997,0.0181006482273762,,1
AUT,Austria,NY.GDP.NGAS.RT.ZS,Natural gas rents (% of GDP),1996,0.015671415815533,,1
AUT,Austria,NY.GDP.NGAS.RT.ZS,Natural gas rents (% of GDP),1995,0.0159218186973434,,1
AUT,Austria,NY.GDP.NGAS.RT.ZS,Natural gas rents (% of GDP),1994,0.0093096254154672,,1
AUT,Austria,NY.GDP.NGAS.RT.ZS,Natural gas rents (% of GDP),1993,0.0112578098585122,,1
AUT,Austria,NY.GDP.NGAS.RT.ZS,Natural gas rents (% of GDP),1992,0.00474489207295092,,1
AUT,Austria,NY.GDP.NGAS.RT.ZS,Natural gas rents (% of GDP),1991,0.00925396088486185,,1
AUT,Austria,NY.GDP.NGAS.RT.ZS,Natural gas rents (% of GDP),1990,0.0132315851845866,,1
AUT,Austria,NY.GDP.NGAS.RT.ZS,Natural gas rents (% of GDP),1989,0.0106851024726083,,1
AUT,Austria,NY.GDP.NGAS.RT.ZS,Natural gas rents (% of GDP),1988,0.00955732105851988,,1
AUT,Austria,NY.GDP.NGAS.RT.ZS,Natural gas rents (% of GDP),1987,0.0107382730148726,,1
AUT,Austria,NY.GDP.NGAS.RT.ZS,Natural gas rents (% of GDP),1986,0.0246173540370213,,1
AUT,Austria,NY.GDP.NGAS.RT.ZS,Natural gas rents (% of GDP),1985,0.036381463507797,,1
AUT,Austria,NY.GDP.NGAS.RT.ZS,Natural gas rents (% of GDP),1984,0.0443088865734808,,1
AUT,Austria,NY.GDP.NGAS.RT.ZS,Natural gas rents (% of GDP),1983,0.0399411455495623,,1
AUT,Austria,NY.GDP.NGAS.RT.ZS,Natural gas rents (% of GDP),1982,0.025407282413816,,1
AUT,Austria,NY.GDP.NGAS.RT.ZS,Natural gas rents (% of GDP),1981,0.0596093656920332,,1
AUT,Austria,NY.GDP.NGAS.RT.ZS,Natural gas rents (% of GDP),1980,0.106454014314995,,1
AUT,Austria,NY.GDP.NGAS.RT.ZS,Natural gas rents (% of GDP),1979,0.105028123686583,,1
AUT,Austria,NY.GDP.NGAS.RT.ZS,Natural gas rents (% of GDP),1978,0.0772660073577331,,1
AUT,Austria,NY.GDP.NGAS.RT.ZS,Natural gas rents (% of GDP),1977,0.084717483814066,,1
AUT,Austria,NY.GDP.NGAS.RT.ZS,Natural gas rents (% of GDP),1976,0.0899224642808509,,1
AUT,Austria,NY.GDP.NGAS.RT.ZS,Natural gas rents (% of GDP),1975,0.10146099537663,,1
AUT,Austria,NY.GDP.NGAS.RT.ZS,Natural gas rents (% of GDP),1974,0.0729745053115962,,1
AUT,Austria,NY.GDP.NGAS.RT.ZS,Natural gas rents (% of GDP),1973,0.0283507426587602,,1
AUT,Austria,NY.GDP.NGAS.RT.ZS,Natural gas rents (% of GDP),1972,0.0399211065468103,,1
AUT,Austria,NY.GDP.NGAS.RT.ZS,Natural gas rents (% of GDP),1971,0.0344382961806929,,1
AUT,Austria,NY.GDP.NGAS.RT.ZS,Natural gas rents (% of GDP),1970,0.0319014387177766,,1
AZE,Azerbaijan,NY.GDP.NGAS.RT.ZS,Natural gas rents (% of GDP),2021,8.58674677408325,,1
AZE,Azerbaijan,NY.GDP.NGAS.RT.ZS,Natural gas rents (% of GDP),2020,1.59281919627418,,1
AZE,Azerbaijan,NY.GDP.NGAS.RT.ZS,Natural gas rents (% of GDP),2019,2.78333521411986,,1
AZE,Azerbaijan,NY.GDP.NGAS.RT.ZS,Natural gas rents (% of GDP),2018,3.27586233997117,,1
AZE,Azerbaijan,NY.GDP.NGAS.RT.ZS,Natural gas rents (% of GDP),2017,2.22236696678728,,1
AZE,Azerbaijan,NY.GDP.NGAS.RT.ZS,Natural gas rents (% of GDP),2016,1.87620937481827,,1
AZE,Azerbaijan,NY.GDP.NGAS.RT.ZS,Natural gas rents (% of GDP),2015,2.28675308989615,,1
AZE,Azerbaijan,NY.GDP.NGAS.RT.ZS,Natural gas rents (% of GDP),2014,2.21091796655308,,1
AZE,Azerbaijan,NY.GDP.NGAS.RT.ZS,Natural gas rents (% of GDP),2013,2.88092982846284,,1
AZE,Azerbaijan,NY.GDP.NGAS.RT.ZS,Natural gas rents (% of GDP),2012,3.10607700286362,,1
AZE,Azerbaijan,NY.GDP.NGAS.RT.ZS,Natural gas rents (% of GDP),2011,2.96365565662679,,1
AZE,Azerbaijan,NY.GDP.NGAS.RT.ZS,Natural gas rents (% of GDP),2010,2.27375001160716,,1
AZE,Azerbaijan,NY.GDP.NGAS.RT.ZS,Natural gas rents (% of GDP),2009,2.94720896244255,,1
AZE,Azerbaijan,NY.GDP.NGAS.RT.ZS,Natural gas rents (% of GDP),2008,3.53468638543854,,1
AZE,Azerbaijan,NY.GDP.NGAS.RT.ZS,Natural gas rents (% of GDP),2007,2.27027277147196,,1
AZE,Azerbaijan,NY.GDP.NGAS.RT.ZS,Natural gas rents (% of GDP),2006,1.8870925892626,,1
AZE,Azerbaijan,NY.GDP.NGAS.RT.ZS,Natural gas rents (% of GDP),2005,1.14263840609091,,1
AZE,Azerbaijan,NY.GDP.NGAS.RT.ZS,Natural gas rents (% of GDP),2004,1.90809402810988,,1
AZE,Azerbaijan,NY.GDP.NGAS.RT.ZS,Natural gas rents (% of GDP),2003,2.43611048644021,,1
AZE,Azerbaijan,NY.GDP.NGAS.RT.ZS,Natural gas rents (% of GDP),2002,2.61682450573272,,1
AZE,Azerbaijan,NY.GDP.NGAS.RT.ZS,Natural gas rents (% of GDP),2001,4.20455862951384,,1
AZE,Azerbaijan,NY.GDP.NGAS.RT.ZS,Natural gas rents (% of GDP),2000,2.11438079766029,,1
AZE,Azerbaijan,NY.GDP.NGAS.RT.ZS,Natural gas rents (% of GDP),1999,0.378262974832,,1
AZE,Azerbaijan,NY.GDP.NGAS.RT.ZS,Natural gas rents (% of GDP),1998,0.372016698669466,,1
AZE,Azerbaijan,NY.GDP.NGAS.RT.ZS,Natural gas rents (% of GDP),1997,3.41074027833419,,1
AZE,Azerbaijan,NY.GDP.NGAS.RT.ZS,Natural gas rents (% of GDP),1996,4.43012286164639,,1
AZE,Azerbaijan,NY.GDP.NGAS.RT.ZS,Natural gas rents (% of GDP),1995,5.91670157388794,,1
AZE,Azerbaijan,NY.GDP.NGAS.RT.ZS,Natural gas rents (% of GDP),1994,6.28450643062198,,1
AZE,Azerbaijan,NY.GDP.NGAS.RT.ZS,Natural gas rents (% of GDP),1993,5.24454400952398,,1
AZE,Azerbaijan,NY.GDP.NGAS.RT.ZS,Natural gas rents (% of GDP),1991,1.33681556118759,,1
AZE,Azerbaijan,NY.GDP.NGAS.RT.ZS,Natural gas rents (% of GDP),1990,2.1786106851534,,1
BHS,"Bahamas, The",NY.GDP.NGAS.RT.ZS,Natural gas rents (% of GDP),2021,0,,1
BHS,"Bahamas, The",NY.GDP.NGAS.RT.ZS,Natural gas rents (% of GDP),2020,0,,1
BHS,"Bahamas, The",NY.GDP.NGAS.RT.ZS,Natural gas rents (% of GDP),2019,0,,1
BHS,"Bahamas, The",NY.GDP.NGAS.RT.ZS,Natural gas rents (% of GDP),2018,0,,1
BHS,"Bahamas, The",NY.GDP.NGAS.RT.ZS,Natural gas rents (% of GDP),2017,0,,1
BHS,"Bahamas, The",NY.GDP.NGAS.RT.ZS,Natural gas rents (% of GDP),2016,0,,1
BHS,"Bahamas, The",NY.GDP.NGAS.RT.ZS,Natural gas rents (% of GDP),2015,0,,1
BHS,"Bahamas, The",NY.GDP.NGAS.RT.ZS,Natural gas rents (% of GDP),2014,0,,1
BHS,"Bahamas, The",NY.GDP.NGAS.RT.ZS,Natural gas rents (% of GDP),2013,0,,1
BHS,"Bahamas, The",NY.GDP.NGAS.RT.ZS,Natural gas rents (% of GDP),2012,0,,1
BHS,"Bahamas, The",NY.GDP.NGAS.RT.ZS,Natural gas rents (% of GDP),2011,0,,1
BHS,"Bahamas, The",NY.GDP.NGAS.RT.ZS,Natural gas rents (% of GDP),2010,0,,1
BHS,"Bahamas, The",NY.GDP.NGAS.RT.ZS,Natural gas rents (% of GDP),2009,0,,1
BHS,"Bahamas, The",NY.GDP.NGAS.RT.ZS,Natural gas rents (% of GDP),2008,0,,1
BHS,"Bahamas, The",NY.GDP.NGAS.RT.ZS,Natural gas rents (% of GDP),2007,0,,1
BHS,"Bahamas, The",NY.GDP.NGAS.RT.ZS,Natural gas rents (% of GDP),2006,0,,1
BHS,"Bahamas, The",NY.GDP.NGAS.RT.ZS,Natural gas rents (% of GDP),2005,0,,1
BHS,"Bahamas, The",NY.GDP.NGAS.RT.ZS,Natural gas rents (% of GDP),2004,0,,1
BHS,"Bahamas, The",NY.GDP.NGAS.RT.ZS,Natural gas rents (% of GDP),2003,0,,1
BHS,"Bahamas, The",NY.GDP.NGAS.RT.ZS,Natural gas rents (% of GDP),2002,0,,1
BHS,"Bahamas, The",NY.GDP.NGAS.RT.ZS,Natural gas rents (% of GDP),2001,0,,1
BHS,"Bahamas, The",NY.GDP.NGAS.RT.ZS,Natural gas rents (% of GDP),2000,0,,1
BHS,"Bahamas, The",NY.GDP.NGAS.RT.ZS,Natural gas rents (% of GDP),1999,0,,1
BHS,"Bahamas, The",NY.GDP.NGAS.RT.ZS,Natural gas rents (% of GDP),1998,0,,1
BHS,"Bahamas, The",NY.GDP.NGAS.RT.ZS,Natural gas rents (% of GDP),1997,0,,1
BHS,"Bahamas, The",NY.GDP.NGAS.RT.ZS,Natural gas rents (% of GDP),1996,0,,1
BHS,"Bahamas, The",NY.GDP.NGAS.RT.ZS,Natural gas rents (% of GDP),1995,0,,1
BHS,"Bahamas, The",NY.GDP.NGAS.RT.ZS,Natural gas rents (% of GDP),1994,0,,1
BHS,"Bahamas, The",NY.GDP.NGAS.RT.ZS,Natural gas rents (% of GDP),1993,0,,1
BHS,"Bahamas, The",NY.GDP.NGAS.RT.ZS,Natural gas rents (% of GDP),1992,0,,1
BHS,"Bahamas, The",NY.GDP.NGAS.RT.ZS,Natural gas rents (% of GDP),1991,0,,1
BHS,"Bahamas, The",NY.GDP.NGAS.RT.ZS,Natural gas rents (% of GDP),1990,0,,1
BHS,"Bahamas, The",NY.GDP.NGAS.RT.ZS,Natural gas rents (% of GDP),1989,0,,1
BHS,"Bahamas, The",NY.GDP.NGAS.RT.ZS,Natural gas rents (% of GDP),1988,0,,1
BHS,"Bahamas, The",NY.GDP.NGAS.RT.ZS,Natural gas rents (% of GDP),1987,0,,1
BHS,"Bahamas, The",NY.GDP.NGAS.RT.ZS,Natural gas rents (% of GDP),1986,0,,1
BHS,"Bahamas, The",NY.GDP.NGAS.RT.ZS,Natural gas rents (% of GDP),1985,0,,1
BHS,"Bahamas, The",NY.GDP.NGAS.RT.ZS,Natural gas rents (% of GDP),1984,0,,1
BHS,"Bahamas, The",NY.GDP.NGAS.RT.ZS,Natural gas rents (% of GDP),1983,0,,1
BHS,"Bahamas, The",NY.GDP.NGAS.RT.ZS,Natural gas rents (% of GDP),1982,0,,1
BHS,"Bahamas, The",NY.GDP.NGAS.RT.ZS,Natural gas rents (% of GDP),1981,0,,1
BHS,"Bahamas, The",NY.GDP.NGAS.RT.ZS,Natural gas rents (% of GDP),1980,0,,1
BHR,Bahrain,NY.GDP.NGAS.RT.ZS,Natural gas rents (% of GDP),2021,5.70191051100315,,1
BHR,Bahrain,NY.GDP.NGAS.RT.ZS,Natural gas rents (% of GDP),2020,4.00801892013274,,1
BHR,Bahrain,NY.GDP.NGAS.RT.ZS,Natural gas rents (% of GDP),2019,3.51507642806904,,1
BHR,Bahrain,NY.GDP.NGAS.RT.ZS,Natural gas rents (% of GDP),2018,3.36088505657664,,1
BHR,Bahrain,NY.GDP.NGAS.RT.ZS,Natural gas rents (% of GDP),2017,2.22156526267298,,1
BHR,Bahrain,NY.GDP.NGAS.RT.ZS,Natural gas rents (% of GDP),2016,2.01829730710093,,1
BHR,Bahrain,NY.GDP.NGAS.RT.ZS,Natural gas rents (% of GDP),2015,2.8089852552925,,1
BHR,Bahrain,NY.GDP.NGAS.RT.ZS,Natural gas rents (% of GDP),2014,3.53944248592437,,1
BHR,Bahrain,NY.GDP.NGAS.RT.ZS,Natural gas rents (% of GDP),2013,3.66701220157543,,1
BHR,Bahrain,NY.GDP.NGAS.RT.ZS,Natural gas rents (% of GDP),2012,3.48743064000799,,1
BHR,Bahrain,NY.GDP.NGAS.RT.ZS,Natural gas rents (% of GDP),2011,3.59618035200711,,1
BHR,Bahrain,NY.GDP.NGAS.RT.ZS,Natural gas rents (% of GDP),2010,3.1458020023521,,1
BHR,Bahrain,NY.GDP.NGAS.RT.ZS,Natural gas rents (% of GDP),2009,3.64045864499061,,1
BHR,Bahrain,NY.GDP.NGAS.RT.ZS,Natural gas rents (% of GDP),2008,3.13396671097874,,1
BHR,Bahrain,NY.GDP.NGAS.RT.ZS,Natural gas rents (% of GDP),2007,3.2849174428085,,1
BHR,Bahrain,NY.GDP.NGAS.RT.ZS,Natural gas rents (% of GDP),2006,3.564943452881,,1
BHR,Bahrain,NY.GDP.NGAS.RT.ZS,Natural gas rents (% of GDP),2005,3.45660209335522,,1
BHR,Bahrain,NY.GDP.NGAS.RT.ZS,Natural gas rents (% of GDP),2004,2.89392654797881,,1
BHR,Bahrain,NY.GDP.NGAS.RT.ZS,Natural gas rents (% of GDP),2003,3.26282991909153,,1
BHR,Bahrain,NY.GDP.NGAS.RT.ZS,Natural gas rents (% of GDP),2002,3.81848759632743,,1
BHR,Bahrain,NY.GDP.NGAS.RT.ZS,Natural gas rents (% of GDP),2001,4.59852838532505,,1
BHR,Bahrain,NY.GDP.NGAS.RT.ZS,Natural gas rents (% of GDP),2000,3.90509019196928,,1
BHR,Bahrain,NY.GDP.NGAS.RT.ZS,Natural gas rents (% of GDP),1999,4.13601981051486,,1
BHR,Bahrain,NY.GDP.NGAS.RT.ZS,Natural gas rents (% of GDP),1998,4.51744251842113,,1
BHR,Bahrain,NY.GDP.NGAS.RT.ZS,Natural gas rents (% of GDP),1997,4.50420243160282,,1
BHR,Bahrain,NY.GDP.NGAS.RT.ZS,Natural gas rents (% of GDP),1996,4.02364254148443,,1
BHR,Bahrain,NY.GDP.NGAS.RT.ZS,Natural gas rents (% of GDP),1995,3.71221281533309,,1
BHR,Bahrain,NY.GDP.NGAS.RT.ZS,Natural gas rents (% of GDP),1994,3.55162548584872,,1
BHR,Bahrain,NY.GDP.NGAS.RT.ZS,Natural gas rents (% of GDP),1993,3.5252104984237,,1
BHR,Bahrain,NY.GDP.NGAS.RT.ZS,Natural gas rents (% of GDP),1992,3.41267086409058,,1
BHR,Bahrain,NY.GDP.NGAS.RT.ZS,Natural gas rents (% of GDP),1991,3.13278472098241,,1
BHR,Bahrain,NY.GDP.NGAS.RT.ZS,Natural gas rents (% of GDP),1990,3.82904660505208,,1
BHR,Bahrain,NY.GDP.NGAS.RT.ZS,Natural gas rents (% of GDP),1989,3.59808818906083,,1
BHR,Bahrain,NY.GDP.NGAS.RT.ZS,Natural gas rents (% of GDP),1988,3.67440010339245,,1
BHR,Bahrain,NY.GDP.NGAS.RT.ZS,Natural gas rents (% of GDP),1987,3.71007666541045,,1
BHR,Bahrain,NY.GDP.NGAS.RT.ZS,Natural gas rents (% of GDP),1986,4.90219489317353,,1
BHR,Bahrain,NY.GDP.NGAS.RT.ZS,Natural gas rents (% of GDP),1985,3.51916892419728,,1
BHR,Bahrain,NY.GDP.NGAS.RT.ZS,Natural gas rents (% of GDP),1984,2.79657042832255,,1
BHR,Bahrain,NY.GDP.NGAS.RT.ZS,Natural gas rents (% of GDP),1983,3.20060069567888,,1
BHR,Bahrain,NY.GDP.NGAS.RT.ZS,Natural gas rents (% of GDP),1982,1.03177737803352,,1
BHR,Bahrain,NY.GDP.NGAS.RT.ZS,Natural gas rents (% of GDP),1981,2.5971700268215,,1
BHR,Bahrain,NY.GDP.NGAS.RT.ZS,Natural gas rents (% of GDP),1980,3.20244574943703,,1
BGD,Bangladesh,NY.GDP.NGAS.RT.ZS,Natural gas rents (% of GDP),2021,0.490054814572216,,1
BGD,Bangladesh,NY.GDP.NGAS.RT.ZS,Natural gas rents (% of GDP),2020,0.457007845879687,,1
BGD,Bangladesh,NY.GDP.NGAS.RT.ZS,Natural gas rents (% of GDP),2019,0.516998313075893,,1
BGD,Bangladesh,NY.GDP.NGAS.RT.ZS,Natural gas rents (% of GDP),2018,0.501783630475608,,1
BGD,Bangladesh,NY.GDP.NGAS.RT.ZS,Natural gas rents (% of GDP),2017,0.509162512083424,,1
BGD,Bangladesh,NY.GDP.NGAS.RT.ZS,Natural gas rents (% of GDP),2016,0.490629924530705,,1
BGD,Bangladesh,NY.GDP.NGAS.RT.ZS,Natural gas rents (% of GDP),2015,0.628140947294092,,1
BGD,Bangladesh,NY.GDP.NGAS.RT.ZS,Natural gas rents (% of GDP),2014,0.737053259632387,,1
BGD,Bangladesh,NY.GDP.NGAS.RT.ZS,Natural gas rents (% of GDP),2013,0.781316379861342,,1
BGD,Bangladesh,NY.GDP.NGAS.RT.ZS,Natural gas rents (% of GDP),2012,1.0663245644488,,1
BGD,Bangladesh,NY.GDP.NGAS.RT.ZS,Natural gas rents (% of GDP),2011,1.05122540837567,,1
BGD,Bangladesh,NY.GDP.NGAS.RT.ZS,Natural gas rents (% of GDP),2010,0.898444843866627,,1
BGD,Bangladesh,NY.GDP.NGAS.RT.ZS,Natural gas rents (% of GDP),2009,0.851690938338084,,1
BGD,Bangladesh,NY.GDP.NGAS.RT.ZS,Natural gas rents (% of GDP),2008,0.712400705627762,,1
BGD,Bangladesh,NY.GDP.NGAS.RT.ZS,Natural gas rents (% of GDP),2007,0.783588562995689,,1
BGD,Bangladesh,NY.GDP.NGAS.RT.ZS,Natural gas rents (% of GDP),2006,1.28689068571642,,1
BGD,Bangladesh,NY.GDP.NGAS.RT.ZS,Natural gas rents (% of GDP),2005,1.16332572452017,,1
BGD,Bangladesh,NY.GDP.NGAS.RT.ZS,Natural gas rents (% of GDP),2004,0.981489496063701,,1
BGD,Bangladesh,NY.GDP.NGAS.RT.ZS,Natural gas rents (% of GDP),2003,0.90807195473038,,1
BGD,Bangladesh,NY.GDP.NGAS.RT.ZS,Natural gas rents (% of GDP),2002,0.885287428354618,,1
BGD,Bangladesh,NY.GDP.NGAS.RT.ZS,Natural gas rents (% of GDP),2001,0.699483029772388,,1
BGD,Bangladesh,NY.GDP.NGAS.RT.ZS,Natural gas rents (% of GDP),2000,0.687350827946421,,1
BGD,Bangladesh,NY.GDP.NGAS.RT.ZS,Natural gas rents (% of GDP),1999,0.430095811879651,,1
BGD,Bangladesh,NY.GDP.NGAS.RT.ZS,Natural gas rents (% of GDP),1998,0.316799450658648,,1
BGD,Bangladesh,NY.GDP.NGAS.RT.ZS,Natural gas rents (% of GDP),1997,0.271240317553023,,1
BGD,Bangladesh,NY.GDP.NGAS.RT.ZS,Natural gas rents (% of GDP),1996,0.30375467828582,,1
BGD,Bangladesh,NY.GDP.NGAS.RT.ZS,Natural gas rents (% of GDP),1995,0.324387065016714,,1
BGD,Bangladesh,NY.GDP.NGAS.RT.ZS,Natural gas rents (% of GDP),1994,0.287616429967909,,1
BGD,Bangladesh,NY.GDP.NGAS.RT.ZS,Natural gas rents (% of GDP),1993,0.235350651621975,,1
BGD,Bangladesh,NY.GDP.NGAS.RT.ZS,Natural gas rents (% of GDP),1992,0.21353257645443,,1
BGD,Bangladesh,NY.GDP.NGAS.RT.ZS,Natural gas rents (% of GDP),1991,0.184237103275824,,1
BGD,Bangladesh,NY.GDP.NGAS.RT.ZS,Natural gas rents (% of GDP),1990,0.243919159694319,,1
BGD,Bangladesh,NY.GDP.NGAS.RT.ZS,Natural gas rents (% of GDP),1989,0.211599025279384,,1
BGD,Bangladesh,NY.GDP.NGAS.RT.ZS,Natural gas rents (% of GDP),1988,0.110148061487945,,1
BGD,Bangladesh,NY.GDP.NGAS.RT.ZS,Natural gas rents (% of GDP),1987,0.140821318900844,,1
BGD,Bangladesh,NY.GDP.NGAS.RT.ZS,Natural gas rents (% of GDP),1986,0.136235574827777,,1
BGD,Bangladesh,NY.GDP.NGAS.RT.ZS,Natural gas rents (% of GDP),1985,0.0293088680717999,,1
BGD,Bangladesh,NY.GDP.NGAS.RT.ZS,Natural gas rents (% of GDP),1984,0.0291656501806434,,1
BGD,Bangladesh,NY.GDP.NGAS.RT.ZS,Natural gas rents (% of GDP),1983,0.0750950598378671,,1
BGD,Bangladesh,NY.GDP.NGAS.RT.ZS,Natural gas rents (% of GDP),1982,0,,1
BGD,Bangladesh,NY.GDP.NGAS.RT.ZS,Natural gas rents (% of GDP),1981,0.0131906458879545,,1
BGD,Bangladesh,NY.GDP.NGAS.RT.ZS,Natural gas rents (% of GDP),1980,0.0962085709933433,,1
BGD,Bangladesh,NY.GDP.NGAS.RT.ZS,Natural gas rents (% of GDP),1979,0.0577942200054973,,1
BGD,Bangladesh,NY.GDP.NGAS.RT.ZS,Natural gas rents (% of GDP),1978,0.0739726114535406,,1
BGD,Bangladesh,NY.GDP.NGAS.RT.ZS,Natural gas rents (% of GDP),1977,0.140857200168227,,1
BGD,Bangladesh,NY.GDP.NGAS.RT.ZS,Natural gas rents (% of GDP),1976,0.0989079103942444,,1
BGD,Bangladesh,NY.GDP.NGAS.RT.ZS,Natural gas rents (% of GDP),1975,0.029782484073481,,1
BGD,Bangladesh,NY.GDP.NGAS.RT.ZS,Natural gas rents (% of GDP),1974,0.0481544193522859,,1
BGD,Bangladesh,NY.GDP.NGAS.RT.ZS,Natural gas rents (% of GDP),1973,0.0572618178601654,,1
BGD,Bangladesh,NY.GDP.NGAS.RT.ZS,Natural gas rents (% of GDP),1972,0.0509512418233029,,1
BGD,Bangladesh,NY.GDP.NGAS.RT.ZS,Natural gas rents (% of GDP),1971,0.0440290756408936,,1
BGD,Bangladesh,NY.GDP.NGAS.RT.ZS,Natural gas rents (% of GDP),1970,0.0330339937653794,,1
BRB,Barbados,NY.GDP.NGAS.RT.ZS,Natural gas rents (% of GDP),2021,0.00721641774510882,,1
BRB,Barbados,NY.GDP.NGAS.RT.ZS,Natural gas rents (% of GDP),2020,0.00586257488062622,,1
BRB,Barbados,NY.GDP.NGAS.RT.ZS,Natural gas rents (% of GDP),2019,0.00819049958881362,,1
BRB,Barbados,NY.GDP.NGAS.RT.ZS,Natural gas rents (% of GDP),2018,0.0073250257189182,,1
BRB,Barbados,NY.GDP.NGAS.RT.ZS,Natural gas rents (% of GDP),2017,0.00410479395596152,,1
BRB,Barbados,NY.GDP.NGAS.RT.ZS,Natural gas rents (% of GDP),2016,0.00361863502215179,,1
BRB,Barbados,NY.GDP.NGAS.RT.ZS,Natural gas rents (% of GDP),2015,0.0100989510271568,,1
BRB,Barbados,NY.GDP.NGAS.RT.ZS,Natural gas rents (% of GDP),2014,0.020579813277069,,1
BRB,Barbados,NY.GDP.NGAS.RT.ZS,Natural gas rents (% of GDP),2013,0.023677064362805,,1
BRB,Barbados,NY.GDP.NGAS.RT.ZS,Natural gas rents (% of GDP),2012,0.020460383695257,,1
BRB,Barbados,NY.GDP.NGAS.RT.ZS,Natural gas rents (% of GDP),2011,0.0188275988568033,,1
BRB,Barbados,NY.GDP.NGAS.RT.ZS,Natural gas rents (% of GDP),2010,0.00822346267269738,,1
BRB,Barbados,NY.GDP.NGAS.RT.ZS,Natural gas rents (% of GDP),2009,0.0125651343981811,,1
BRB,Barbados,NY.GDP.NGAS.RT.ZS,Natural gas rents (% of GDP),2008,0.0104550387415471,,1
BRB,Barbados,NY.GDP.NGAS.RT.ZS,Natural gas rents (% of GDP),2007,0.00988158673358167,,1
BRB,Barbados,NY.GDP.NGAS.RT.ZS,Natural gas rents (% of GDP),2006,0.00857159576539462,,1
BRB,Barbados,NY.GDP.NGAS.RT.ZS,Natural gas rents (% of GDP),2005,0.00625743713937694,,1
BRB,Barbados,NY.GDP.NGAS.RT.ZS,Natural gas rents (% of GDP),2004,0.00300567745635726,,1
BRB,Barbados,NY.GDP.NGAS.RT.ZS,Natural gas rents (% of GDP),2003,0.00275362891992784,,1
BRB,Barbados,NY.GDP.NGAS.RT.ZS,Natural gas rents (% of GDP),2002,0.00473724254174462,,1
BRB,Barbados,NY.GDP.NGAS.RT.ZS,Natural gas rents (% of GDP),2001,0.00734113104144535,,1
BRB,Barbados,NY.GDP.NGAS.RT.ZS,Natural gas rents (% of GDP),2000,0.00896097891575056,,1
BRB,Barbados,NY.GDP.NGAS.RT.ZS,Natural gas rents (% of GDP),1999,0.00622203505954288,,1
BRB,Barbados,NY.GDP.NGAS.RT.ZS,Natural gas rents (% of GDP),1998,0.00360613889170984,,1
BRB,Barbados,NY.GDP.NGAS.RT.ZS,Natural gas rents (% of GDP),1997,0.00404720983252866,,1
BRB,Barbados,NY.GDP.NGAS.RT.ZS,Natural gas rents (% of GDP),1996,0.00443448854176744,,1
BRB,Barbados,NY.GDP.NGAS.RT.ZS,Natural gas rents (% of GDP),1995,0.00982382625027421,,1
BRB,Barbados,NY.GDP.NGAS.RT.ZS,Natural gas rents (% of GDP),1994,0.00995586349535196,,1
BRB,Barbados,NY.GDP.NGAS.RT.ZS,Natural gas rents (% of GDP),1993,0.0162671757115085,,1
BRB,Barbados,NY.GDP.NGAS.RT.ZS,Natural gas rents (% of GDP),1992,0.0100748952925411,,1
BRB,Barbados,NY.GDP.NGAS.RT.ZS,Natural gas rents (% of GDP),1991,0.0111427006762364,,1
BRB,Barbados,NY.GDP.NGAS.RT.ZS,Natural gas rents (% of GDP),1990,0.0173272684406591,,1
BRB,Barbados,NY.GDP.NGAS.RT.ZS,Natural gas rents (% of GDP),1989,0.013754466924589,,1
BRB,Barbados,NY.GDP.NGAS.RT.ZS,Natural gas rents (% of GDP),1988,0.00617471969054036,,1
BRB,Barbados,NY.GDP.NGAS.RT.ZS,Natural gas rents (% of GDP),1987,0.00656190839943521,,1
BRB,Barbados,NY.GDP.NGAS.RT.ZS,Natural gas rents (% of GDP),1986,0.01122675529681,,1
BRB,Barbados,NY.GDP.NGAS.RT.ZS,Natural gas rents (% of GDP),1985,0.0142907374793579,,1
BRB,Barbados,NY.GDP.NGAS.RT.ZS,Natural gas rents (% of GDP),1984,0.0114910175378273,,1
BRB,Barbados,NY.GDP.NGAS.RT.ZS,Natural gas rents (% of GDP),1983,0.00943299610948287,,1
BRB,Barbados,NY.GDP.NGAS.RT.ZS,Natural gas rents (% of GDP),1982,0.000918962661789204,,1
BRB,Barbados,NY.GDP.NGAS.RT.ZS,Natural gas rents (% of GDP),1981,0.00444474199065952,,1
BRB,Barbados,NY.GDP.NGAS.RT.ZS,Natural gas rents (% of GDP),1980,0.013777775853813,,1
BRB,Barbados,NY.GDP.NGAS.RT.ZS,Natural gas rents (% of GDP),1979,0.00730957913463162,,1
BRB,Barbados,NY.GDP.NGAS.RT.ZS,Natural gas rents (% of GDP),1978,0.000803445222588396,,1
BRB,Barbados,NY.GDP.NGAS.RT.ZS,Natural gas rents (% of GDP),1977,0.000336404764944236,,1
BRB,Barbados,NY.GDP.NGAS.RT.ZS,Natural gas rents (% of GDP),1976,0.0043350618660234,,1
BRB,Barbados,NY.GDP.NGAS.RT.ZS,Natural gas rents (% of GDP),1975,0.0040562089730967,,1
BRB,Barbados,NY.GDP.NGAS.RT.ZS,Natural gas rents (% of GDP),1974,0.00216068774236679,,1
BLR,Belarus,NY.GDP.NGAS.RT.ZS,Natural gas rents (% of GDP),2021,0.0393613113787622,,1
BLR,Belarus,NY.GDP.NGAS.RT.ZS,Natural gas rents (% of GDP),2020,0.00744687391133359,,1
BLR,Belarus,NY.GDP.NGAS.RT.ZS,Natural gas rents (% of GDP),2019,0.0145331848819673,,1
BLR,Belarus,NY.GDP.NGAS.RT.ZS,Natural gas rents (% of GDP),2018,0.0224386419719246,,1
BLR,Belarus,NY.GDP.NGAS.RT.ZS,Natural gas rents (% of GDP),2017,0.0149563221222871,,1
BLR,Belarus,NY.GDP.NGAS.RT.ZS,Natural gas rents (% of GDP),2016,0.0138373161215679,,1
BLR,Belarus,NY.GDP.NGAS.RT.ZS,Natural gas rents (% of GDP),2015,0.0205835331969136,,1
BLR,Belarus,NY.GDP.NGAS.RT.ZS,Natural gas rents (% of GDP),2014,0.0190292191065204,,1
BLR,Belarus,NY.GDP.NGAS.RT.ZS,Natural gas rents (% of GDP),2013,0.0314435283411334,,1
BLR,Belarus,NY.GDP.NGAS.RT.ZS,Natural gas rents (% of GDP),2012,0.0327663731609392,,1
BLR,Belarus,NY.GDP.NGAS.RT.ZS,Natural gas rents (% of GDP),2011,0.0346631203472808,,1
BLR,Belarus,NY.GDP.NGAS.RT.ZS,Natural gas rents (% of GDP),2010,0.0224285467978157,,1
BLR,Belarus,NY.GDP.NGAS.RT.ZS,Natural gas rents (% of GDP),2009,0.0285917873832907,,1
BLR,Belarus,NY.GDP.NGAS.RT.ZS,Natural gas rents (% of GDP),2008,0.0333050210480071,,1
BLR,Belarus,NY.GDP.NGAS.RT.ZS,Natural gas rents (% of GDP),2007,0.0249467887705305,,1
BLR,Belarus,NY.GDP.NGAS.RT.ZS,Natural gas rents (% of GDP),2006,0.033388719470755,,1
BLR,Belarus,NY.GDP.NGAS.RT.ZS,Natural gas rents (% of GDP),2005,0.0193793483029706,,1
BLR,Belarus,NY.GDP.NGAS.RT.ZS,Natural gas rents (% of GDP),2004,0.0319836035451253,,1
BLR,Belarus,NY.GDP.NGAS.RT.ZS,Natural gas rents (% of GDP),2003,0.0487649039711523,,1
BLR,Belarus,NY.GDP.NGAS.RT.ZS,Natural gas rents (% of GDP),2002,0.0526260096442433,,1
BLR,Belarus,NY.GDP.NGAS.RT.ZS,Natural gas rents (% of GDP),2001,0.0861676897416726,,1
BLR,Belarus,NY.GDP.NGAS.RT.ZS,Natural gas rents (% of GDP),2000,0.03933433969695,,1
BLR,Belarus,NY.GDP.NGAS.RT.ZS,Natural gas rents (% of GDP),1999,0.00604219857903767,,1
BLR,Belarus,NY.GDP.NGAS.RT.ZS,Natural gas rents (% of GDP),1998,0.00484618899409632,,1
BLR,Belarus,NY.GDP.NGAS.RT.ZS,Natural gas rents (% of GDP),1997,0.0390816469926832,,1
BLR,Belarus,NY.GDP.NGAS.RT.ZS,Natural gas rents (% of GDP),1996,0.0350657440959967,,1
BLR,Belarus,NY.GDP.NGAS.RT.ZS,Natural gas rents (% of GDP),1995,0.0411715388339053,,1
BLR,Belarus,NY.GDP.NGAS.RT.ZS,Natural gas rents (% of GDP),1994,0.0229701022780913,,1
BLR,Belarus,NY.GDP.NGAS.RT.ZS,Natural gas rents (% of GDP),1993,0.0214436893147621,,1
BLR,Belarus,NY.GDP.NGAS.RT.ZS,Natural gas rents (% of GDP),1992,0.00894817151236693,,1
BLR,Belarus,NY.GDP.NGAS.RT.ZS,Natural gas rents (% of GDP),1991,0.0160697710797241,,1
BLR,Belarus,NY.GDP.NGAS.RT.ZS,Natural gas rents (% of GDP),1990,0.0189812629076474,,1
BEL,Belgium,NY.GDP.NGAS.RT.ZS,Natural gas rents (% of GDP),2021,0.000136779184332235,,1
BEL,Belgium,NY.GDP.NGAS.RT.ZS,Natural gas rents (% of GDP),2020,3.13349862684409e-05,,1
BEL,Belgium,NY.GDP.NGAS.RT.ZS,Natural gas rents (% of GDP),2019,3.98584889407065e-05,,1
BEL,Belgium,NY.GDP.NGAS.RT.ZS,Natural gas rents (% of GDP),2018,0,,1
BEL,Belgium,NY.GDP.NGAS.RT.ZS,Natural gas rents (% of GDP),2017,0,,1
BEL,Belgium,NY.GDP.NGAS.RT.ZS,Natural gas rents (% of GDP),2016,0,,1
BEL,Belgium,NY.GDP.NGAS.RT.ZS,Natural gas rents (% of GDP),2015,0,,1
BEL,Belgium,NY.GDP.NGAS.RT.ZS,Natural gas rents (% of GDP),2014,0,,1
BEL,Belgium,NY.GDP.NGAS.RT.ZS,Natural gas rents (% of GDP),2013,0,,1
BEL,Belgium,NY.GDP.NGAS.RT.ZS,Natural gas rents (% of GDP),2012,0,,1
BEL,Belgium,NY.GDP.NGAS.RT.ZS,Natural gas rents (% of GDP),2011,0,,1
BEL,Belgium,NY.GDP.NGAS.RT.ZS,Natural gas rents (% of GDP),2010,0,,1
BEL,Belgium,NY.GDP.NGAS.RT.ZS,Natural gas rents (% of GDP),2009,0,,1
BEL,Belgium,NY.GDP.NGAS.RT.ZS,Natural gas rents (% of GDP),2008,0,,1
BEL,Belgium,NY.GDP.NGAS.RT.ZS,Natural gas rents (% of GDP),2007,0,,1
BEL,Belgium,NY.GDP.NGAS.RT.ZS,Natural gas rents (% of GDP),2006,0,,1
BEL,Belgium,NY.GDP.NGAS.RT.ZS,Natural gas rents (% of GDP),2005,0,,1
BEL,Belgium,NY.GDP.NGAS.RT.ZS,Natural gas rents (% of GDP),2004,0,,1
BEL,Belgium,NY.GDP.NGAS.RT.ZS,Natural gas rents (% of GDP),2003,0,,1
BEL,Belgium,NY.GDP.NGAS.RT.ZS,Natural gas rents (% of GDP),2002,0,,1
BEL,Belgium,NY.GDP.NGAS.RT.ZS,Natural gas rents (% of GDP),2001,0,,1
BEL,Belgium,NY.GDP.NGAS.RT.ZS,Natural gas rents (% of GDP),2000,2.36893974858375e-05,,1
BEL,Belgium,NY.GDP.NGAS.RT.ZS,Natural gas rents (% of GDP),1999,5.65681240184915e-07,,1
BEL,Belgium,NY.GDP.NGAS.RT.ZS,Natural gas rents (% of GDP),1998,0,,1
BEL,Belgium,NY.GDP.NGAS.RT.ZS,Natural gas rents (% of GDP),1997,1.60110731010144e-06,,1
BEL,Belgium,NY.GDP.NGAS.RT.ZS,Natural gas rents (% of GDP),1996,1.78550722480673e-05,,1
BEL,Belgium,NY.GDP.NGAS.RT.ZS,Natural gas rents (% of GDP),1995,2.24846421375341e-06,,1
BEL,Belgium,NY.GDP.NGAS.RT.ZS,Natural gas rents (% of GDP),1994,6.13932212724749e-06,,1
BEL,Belgium,NY.GDP.NGAS.RT.ZS,Natural gas rents (% of GDP),1993,2.85267405706294e-05,,1
BEL,Belgium,NY.GDP.NGAS.RT.ZS,Natural gas rents (% of GDP),1992,1.51644843039528e-05,,1
BEL,Belgium,NY.GDP.NGAS.RT.ZS,Natural gas rents (% of GDP),1991,5.51758278534618e-05,,1
BEL,Belgium,NY.GDP.NGAS.RT.ZS,Natural gas rents (% of GDP),1990,9.367750107079e-05,,1
BEL,Belgium,NY.GDP.NGAS.RT.ZS,Natural gas rents (% of GDP),1989,8.6427300856737e-05,,1
BEL,Belgium,NY.GDP.NGAS.RT.ZS,Natural gas rents (% of GDP),1988,0.000104115883737231,,1
BEL,Belgium,NY.GDP.NGAS.RT.ZS,Natural gas rents (% of GDP),1987,0.000213347377064638,,1
BEL,Belgium,NY.GDP.NGAS.RT.ZS,Natural gas rents (% of GDP),1986,0.000477336068240495,,1
BEL,Belgium,NY.GDP.NGAS.RT.ZS,Natural gas rents (% of GDP),1985,0.00100176517678765,,1
BEL,Belgium,NY.GDP.NGAS.RT.ZS,Natural gas rents (% of GDP),1984,0.00105433335210483,,1
BEL,Belgium,NY.GDP.NGAS.RT.ZS,Natural gas rents (% of GDP),1983,0.000492343174738915,,1
BEL,Belgium,NY.GDP.NGAS.RT.ZS,Natural gas rents (% of GDP),1982,0.000451757421502116,,1
BEL,Belgium,NY.GDP.NGAS.RT.ZS,Natural gas rents (% of GDP),1981,0.000897631549986918,,1
BEL,Belgium,NY.GDP.NGAS.RT.ZS,Natural gas rents (% of GDP),1980,0.00135852622570193,,1
BEL,Belgium,NY.GDP.NGAS.RT.ZS,Natural gas rents (% of GDP),1979,0.000936139303789571,,1
BEL,Belgium,NY.GDP.NGAS.RT.ZS,Natural gas rents (% of GDP),1978,0.000663449923841049,,1
BEL,Belgium,NY.GDP.NGAS.RT.ZS,Natural gas rents (% of GDP),1977,0.000731444191942585,,1
BEL,Belgium,NY.GDP.NGAS.RT.ZS,Natural gas rents (% of GDP),1976,0.000738215183322637,,1
BEL,Belgium,NY.GDP.NGAS.RT.ZS,Natural gas rents (% of GDP),1975,0.00115120589219033,,1
BEL,Belgium,NY.GDP.NGAS.RT.ZS,Natural gas rents (% of GDP),1974,0.0011062969660783,,1
BEL,Belgium,NY.GDP.NGAS.RT.ZS,Natural gas rents (% of GDP),1973,0.000368419032313166,,1
BEL,Belgium,NY.GDP.NGAS.RT.ZS,Natural gas rents (% of GDP),1972,0.000551825229615908,,1
BEL,Belgium,NY.GDP.NGAS.RT.ZS,Natural gas rents (% of GDP),1971,0.000476577417033659,,1
BEL,Belgium,NY.GDP.NGAS.RT.ZS,Natural gas rents (% of GDP),1970,0.000451576881249078,,1
BLZ,Belize,NY.GDP.NGAS.RT.ZS,Natural gas rents (% of GDP),2021,0.00165124541611378,,1
BLZ,Belize,NY.GDP.NGAS.RT.ZS,Natural gas rents (% of GDP),2020,0.00122004390763011,,1
BLZ,Belize,NY.GDP.NGAS.RT.ZS,Natural gas rents (% of GDP),2019,0.00247122713963401,,1
BLZ,Belize,NY.GDP.NGAS.RT.ZS,Natural gas rents (% of GDP),2018,0.00306198813875167,,1
BLZ,Belize,NY.GDP.NGAS.RT.ZS,Natural gas rents (% of GDP),2017,0.00159392128370483,,1
BLZ,Belize,NY.GDP.NGAS.RT.ZS,Natural gas rents (% of GDP),2016,0.00155713039584368,,1
BLZ,Belize,NY.GDP.NGAS.RT.ZS,Natural gas rents (% of GDP),2015,0.0037060105918705,,1
BLZ,Belize,NY.GDP.NGAS.RT.ZS,Natural gas rents (% of GDP),2014,0.00728046032130858,,1
BLZ,Belize,NY.GDP.NGAS.RT.ZS,Natural gas rents (% of GDP),2013,0.00591909443495492,,1
BLZ,Belize,NY.GDP.NGAS.RT.ZS,Natural gas rents (% of GDP),2012,0.0153731327815479,,1
BLZ,Belize,NY.GDP.NGAS.RT.ZS,Natural gas rents (% of GDP),2011,0.0203645268625787,,1
BLZ,Belize,NY.GDP.NGAS.RT.ZS,Natural gas rents (% of GDP),2010,0.0124065859554827,,1
BLZ,Belize,NY.GDP.NGAS.RT.ZS,Natural gas rents (% of GDP),2009,0,,1
BLZ,Belize,NY.GDP.NGAS.RT.ZS,Natural gas rents (% of GDP),2008,0,,1
BLZ,Belize,NY.GDP.NGAS.RT.ZS,Natural gas rents (% of GDP),2007,0,,1
BLZ,Belize,NY.GDP.NGAS.RT.ZS,Natural gas rents (% of GDP),2006,0,,1
BLZ,Belize,NY.GDP.NGAS.RT.ZS,Natural gas rents (% of GDP),2005,0,,1
BLZ,Belize,NY.GDP.NGAS.RT.ZS,Natural gas rents (% of GDP),2004,0,,1
BLZ,Belize,NY.GDP.NGAS.RT.ZS,Natural gas rents (% of GDP),2003,0,,1
BLZ,Belize,NY.GDP.NGAS.RT.ZS,Natural gas rents (% of GDP),2002,0,,1
BLZ,Belize,NY.GDP.NGAS.RT.ZS,Natural gas rents (% of GDP),2001,0,,1
BLZ,Belize,NY.GDP.NGAS.RT.ZS,Natural gas rents (% of GDP),2000,0,,1
BLZ,Belize,NY.GDP.NGAS.RT.ZS,Natural gas rents (% of GDP),1999,0,,1
BLZ,Belize,NY.GDP.NGAS.RT.ZS,Natural gas rents (% of GDP),1998,0,,1
BLZ,Belize,NY.GDP.NGAS.RT.ZS,Natural gas rents (% of GDP),1997,0,,1
BLZ,Belize,NY.GDP.NGAS.RT.ZS,Natural gas rents (% of GDP),1996,0,,1
BLZ,Belize,NY.GDP.NGAS.RT.ZS,Natural gas rents (% of GDP),1995,0,,1
BLZ,Belize,NY.GDP.NGAS.RT.ZS,Natural gas rents (% of GDP),1994,0,,1
BLZ,Belize,NY.GDP.NGAS.RT.ZS,Natural gas rents (% of GDP),1993,0,,1
BLZ,Belize,NY.GDP.NGAS.RT.ZS,Natural gas rents (% of GDP),1992,0,,1
BLZ,Belize,NY.GDP.NGAS.RT.ZS,Natural gas rents (% of GDP),1991,0,,1
BLZ,Belize,NY.GDP.NGAS.RT.ZS,Natural gas rents (% of GDP),1990,0,,1
BLZ,Belize,NY.GDP.NGAS.RT.ZS,Natural gas rents (% of GDP),1989,0,,1
BLZ,Belize,NY.GDP.NGAS.RT.ZS,Natural gas rents (% of GDP),1988,0,,1
BLZ,Belize,NY.GDP.NGAS.RT.ZS,Natural gas rents (% of GDP),1987,0,,1
BLZ,Belize,NY.GDP.NGAS.RT.ZS,Natural gas rents (% of GDP),1986,0,,1
BLZ,Belize,NY.GDP.NGAS.RT.ZS,Natural gas rents (% of GDP),1985,0,,1
BLZ,Belize,NY.GDP.NGAS.RT.ZS,Natural gas rents (% of GDP),1984,0,,1
BLZ,Belize,NY.GDP.NGAS.RT.ZS,Natural gas rents (% of GDP),1983,0,,1
BLZ,Belize,NY.GDP.NGAS.RT.ZS,Natural gas rents (% of GDP),1982,0,,1
BLZ,Belize,NY.GDP.NGAS.RT.ZS,Natural gas rents (% of GDP),1981,0,,1
BLZ,Belize,NY.GDP.NGAS.RT.ZS,Natural gas rents (% of GDP),1980,0,,1
BEN,Benin,NY.GDP.NGAS.RT.ZS,Natural gas rents (% of GDP),2021,0,,1
BEN,Benin,NY.GDP.NGAS.RT.ZS,Natural gas rents (% of GDP),2020,0,,1
BEN,Benin,NY.GDP.NGAS.RT.ZS,Natural gas rents (% of GDP),2019,0,,1
BEN,Benin,NY.GDP.NGAS.RT.ZS,Natural gas rents (% of GDP),2018,0,,1
BEN,Benin,NY.GDP.NGAS.RT.ZS,Natural gas rents (% of GDP),2017,0,,1
BEN,Benin,NY.GDP.NGAS.RT.ZS,Natural gas rents (% of GDP),2016,0,,1
BEN,Benin,NY.GDP.NGAS.RT.ZS,Natural gas rents (% of GDP),2015,0,,1
BEN,Benin,NY.GDP.NGAS.RT.ZS,Natural gas rents (% of GDP),2014,0,,1
BEN,Benin,NY.GDP.NGAS.RT.ZS,Natural gas rents (% of GDP),2013,0,,1
BEN,Benin,NY.GDP.NGAS.RT.ZS,Natural gas rents (% of GDP),2012,0,,1
BEN,Benin,NY.GDP.NGAS.RT.ZS,Natural gas rents (% of GDP),2011,0,,1
BEN,Benin,NY.GDP.NGAS.RT.ZS,Natural gas rents (% of GDP),2010,0,,1
BEN,Benin,NY.GDP.NGAS.RT.ZS,Natural gas rents (% of GDP),2009,0,,1
BEN,Benin,NY.GDP.NGAS.RT.ZS,Natural gas rents (% of GDP),2008,0,,1
BEN,Benin,NY.GDP.NGAS.RT.ZS,Natural gas rents (% of GDP),2007,0,,1
BEN,Benin,NY.GDP.NGAS.RT.ZS,Natural gas rents (% of GDP),2006,0,,1
BEN,Benin,NY.GDP.NGAS.RT.ZS,Natural gas rents (% of GDP),2005,0,,1
BEN,Benin,NY.GDP.NGAS.RT.ZS,Natural gas rents (% of GDP),2004,0,,1
BEN,Benin,NY.GDP.NGAS.RT.ZS,Natural gas rents (% of GDP),2003,0,,1
BEN,Benin,NY.GDP.NGAS.RT.ZS,Natural gas rents (% of GDP),2002,0,,1
BEN,Benin,NY.GDP.NGAS.RT.ZS,Natural gas rents (% of GDP),2001,0,,1
BEN,Benin,NY.GDP.NGAS.RT.ZS,Natural gas rents (% of GDP),2000,0,,1
BEN,Benin,NY.GDP.NGAS.RT.ZS,Natural gas rents (% of GDP),1999,0,,1
BEN,Benin,NY.GDP.NGAS.RT.ZS,Natural gas rents (% of GDP),1998,0,,1
BEN,Benin,NY.GDP.NGAS.RT.ZS,Natural gas rents (% of GDP),1997,0,,1
BEN,Benin,NY.GDP.NGAS.RT.ZS,Natural gas rents (% of GDP),1996,0,,1
BEN,Benin,NY.GDP.NGAS.RT.ZS,Natural gas rents (% of GDP),1995,0,,1
BEN,Benin,NY.GDP.NGAS.RT.ZS,Natural gas rents (% of GDP),1994,0,,1
BEN,Benin,NY.GDP.NGAS.RT.ZS,Natural gas rents (% of GDP),1993,0,,1
BEN,Benin,NY.GDP.NGAS.RT.ZS,Natural gas rents (% of GDP),1992,0,,1
BEN,Benin,NY.GDP.NGAS.RT.ZS,Natural gas rents (% of GDP),1991,0,,1
BEN,Benin,NY.GDP.NGAS.RT.ZS,Natural gas rents (% of GDP),1990,0,,1
BEN,Benin,NY.GDP.NGAS.RT.ZS,Natural gas rents (% of GDP),1989,0,,1
BEN,Benin,NY.GDP.NGAS.RT.ZS,Natural gas rents (% of GDP),1988,0,,1
BEN,Benin,NY.GDP.NGAS.RT.ZS,Natural gas rents (% of GDP),1987,0,,1
BEN,Benin,NY.GDP.NGAS.RT.ZS,Natural gas rents (% of GDP),1986,0,,1
BEN,Benin,NY.GDP.NGAS.RT.ZS,Natural gas rents (% of GDP),1985,0,,1
BEN,Benin,NY.GDP.NGAS.RT.ZS,Natural gas rents (% of GDP),1984,0,,1
BEN,Benin,NY.GDP.NGAS.RT.ZS,Natural gas rents (% of GDP),1983,0,,1
BEN,Benin,NY.GDP.NGAS.RT.ZS,Natural gas rents (% of GDP),1982,0,,1
BEN,Benin,NY.GDP.NGAS.RT.ZS,Natural gas rents (% of GDP),1981,0,,1
BEN,Benin,NY.GDP.NGAS.RT.ZS,Natural gas rents (% of GDP),1980,0,,1
BEN,Benin,NY.GDP.NGAS.RT.ZS,Natural gas rents (% of GDP),1979,0,,1
BEN,Benin,NY.GDP.NGAS.RT.ZS,Natural gas rents (% of GDP),1978,0,,1
BEN,Benin,NY.GDP.NGAS.RT.ZS,Natural gas rents (% of GDP),1977,0,,1
BEN,Benin,NY.GDP.NGAS.RT.ZS,Natural gas rents (% of GDP),1976,0,,1
BEN,Benin,NY.GDP.NGAS.RT.ZS,Natural gas rents (% of GDP),1975,0,,1
BEN,Benin,NY.GDP.NGAS.RT.ZS,Natural gas rents (% of GDP),1974,0,,1
BEN,Benin,NY.GDP.NGAS.RT.ZS,Natural gas rents (% of GDP),1973,0,,1
BEN,Benin,NY.GDP.NGAS.RT.ZS,Natural gas rents (% of GDP),1972,0,,1
BEN,Benin,NY.GDP.NGAS.RT.ZS,Natural gas rents (% of GDP),1971,0,,1
BMU,Bermuda,NY.GDP.NGAS.RT.ZS,Natural gas rents (% of GDP),2021,0,,1
BMU,Bermuda,NY.GDP.NGAS.RT.ZS,Natural gas rents (% of GDP),2020,0,,1
BMU,Bermuda,NY.GDP.NGAS.RT.ZS,Natural gas rents (% of GDP),2019,0,,1
BMU,Bermuda,NY.GDP.NGAS.RT.ZS,Natural gas rents (% of GDP),2018,0,,1
BMU,Bermuda,NY.GDP.NGAS.RT.ZS,Natural gas rents (% of GDP),2017,0,,1
BMU,Bermuda,NY.GDP.NGAS.RT.ZS,Natural gas rents (% of GDP),2016,0,,1
BMU,Bermuda,NY.GDP.NGAS.RT.ZS,Natural gas rents (% of GDP),2015,0,,1
BMU,Bermuda,NY.GDP.NGAS.RT.ZS,Natural gas rents (% of GDP),2014,0,,1
BMU,Bermuda,NY.GDP.NGAS.RT.ZS,Natural gas rents (% of GDP),2013,0,,1
BMU,Bermuda,NY.GDP.NGAS.RT.ZS,Natural gas rents (% of GDP),2012,0,,1
BMU,Bermuda,NY.GDP.NGAS.RT.ZS,Natural gas rents (% of GDP),2011,0,,1
BMU,Bermuda,NY.GDP.NGAS.RT.ZS,Natural gas rents (% of GDP),2010,0,,1
BMU,Bermuda,NY.GDP.NGAS.RT.ZS,Natural gas rents (% of GDP),2009,0,,1
BMU,Bermuda,NY.GDP.NGAS.RT.ZS,Natural gas rents (% of GDP),2008,0,,1
BMU,Bermuda,NY.GDP.NGAS.RT.ZS,Natural gas rents (% of GDP),2007,0,,1
BMU,Bermuda,NY.GDP.NGAS.RT.ZS,Natural gas rents (% of GDP),2006,0,,1
BMU,Bermuda,NY.GDP.NGAS.RT.ZS,Natural gas rents (% of GDP),2005,0,,1
BMU,Bermuda,NY.GDP.NGAS.RT.ZS,Natural gas rents (% of GDP),2004,0,,1
BMU,Bermuda,NY.GDP.NGAS.RT.ZS,Natural gas rents (% of GDP),2003,0,,1
BMU,Bermuda,NY.GDP.NGAS.RT.ZS,Natural gas rents (% of GDP),2002,0,,1
BMU,Bermuda,NY.GDP.NGAS.RT.ZS,Natural gas rents (% of GDP),2001,0,,1
BMU,Bermuda,NY.GDP.NGAS.RT.ZS,Natural gas rents (% of GDP),2000,0,,1
BMU,Bermuda,NY.GDP.NGAS.RT.ZS,Natural gas rents (% of GDP),1999,0,,1
BMU,Bermuda,NY.GDP.NGAS.RT.ZS,Natural gas rents (% of GDP),1998,0,,1
BMU,Bermuda,NY.GDP.NGAS.RT.ZS,Natural gas rents (% of GDP),1997,0,,1
BMU,Bermuda,NY.GDP.NGAS.RT.ZS,Natural gas rents (% of GDP),1996,0,,1
BMU,Bermuda,NY.GDP.NGAS.RT.ZS,Natural gas rents (% of GDP),1995,0,,1
BMU,Bermuda,NY.GDP.NGAS.RT.ZS,Natural gas rents (% of GDP),1994,0,,1
BMU,Bermuda,NY.GDP.NGAS.RT.ZS,Natural gas rents (% of GDP),1993,0,,1
BMU,Bermuda,NY.GDP.NGAS.RT.ZS,Natural gas rents (% of GDP),1992,0,,1
BMU,Bermuda,NY.GDP.NGAS.RT.ZS,Natural gas rents (% of GDP),1991,0,,1
BMU,Bermuda,NY.GDP.NGAS.RT.ZS,Natural gas rents (% of GDP),1990,0,,1
BMU,Bermuda,NY.GDP.NGAS.RT.ZS,Natural gas rents (% of GDP),1989,0,,1
BMU,Bermuda,NY.GDP.NGAS.RT.ZS,Natural gas rents (% of GDP),1988,0,,1
BMU,Bermuda,NY.GDP.NGAS.RT.ZS,Natural gas rents (% of GDP),1987,0,,1
BMU,Bermuda,NY.GDP.NGAS.RT.ZS,Natural gas rents (% of GDP),1986,0,,1
BMU,Bermuda,NY.GDP.NGAS.RT.ZS,Natural gas rents (% of GDP),1985,0,,1
BMU,Bermuda,NY.GDP.NGAS.RT.ZS,Natural gas rents (% of GDP),1984,0,,1
BMU,Bermuda,NY.GDP.NGAS.RT.ZS,Natural gas rents (% of GDP),1983,0,,1
BMU,Bermuda,NY.GDP.NGAS.RT.ZS,Natural gas rents (% of GDP),1982,0,,1
BMU,Bermuda,NY.GDP.NGAS.RT.ZS,Natural gas rents (% of GDP),1981,0,,1
BMU,Bermuda,NY.GDP.NGAS.RT.ZS,Natural gas rents (% of GDP),1980,0,,1
BTN,Bhutan,NY.GDP.NGAS.RT.ZS,Natural gas rents (% of GDP),2021,0,,1
BTN,Bhutan,NY.GDP.NGAS.RT.ZS,Natural gas rents (% of GDP),2020,0,,1
BTN,Bhutan,NY.GDP.NGAS.RT.ZS,Natural gas rents (% of GDP),2019,0,,1
BTN,Bhutan,NY.GDP.NGAS.RT.ZS,Natural gas rents (% of GDP),2018,0,,1
BTN,Bhutan,NY.GDP.NGAS.RT.ZS,Natural gas rents (% of GDP),2017,0,,1
BTN,Bhutan,NY.GDP.NGAS.RT.ZS,Natural gas rents (% of GDP),2016,0,,1
BTN,Bhutan,NY.GDP.NGAS.RT.ZS,Natural gas rents (% of GDP),2015,0,,1
BTN,Bhutan,NY.GDP.NGAS.RT.ZS,Natural gas rents (% of GDP),2014,0,,1
BTN,Bhutan,NY.GDP.NGAS.RT.ZS,Natural gas rents (% of GDP),2013,0,,1
BTN,Bhutan,NY.GDP.NGAS.RT.ZS,Natural gas rents (% of GDP),2012,0,,1
BTN,Bhutan,NY.GDP.NGAS.RT.ZS,Natural gas rents (% of GDP),2011,0,,1
BTN,Bhutan,NY.GDP.NGAS.RT.ZS,Natural gas rents (% of GDP),2010,0,,1
BTN,Bhutan,NY.GDP.NGAS.RT.ZS,Natural gas rents (% of GDP),2009,0,,1
BTN,Bhutan,NY.GDP.NGAS.RT.ZS,Natural gas rents (% of GDP),2008,0,,1
BTN,Bhutan,NY.GDP.NGAS.RT.ZS,Natural gas rents (% of GDP),2007,0,,1
BTN,Bhutan,NY.GDP.NGAS.RT.ZS,Natural gas rents (% of GDP),2006,0,,1
BTN,Bhutan,NY.GDP.NGAS.RT.ZS,Natural gas rents (% of GDP),2005,0,,1
BTN,Bhutan,NY.GDP.NGAS.RT.ZS,Natural gas rents (% of GDP),2004,0,,1
BTN,Bhutan,NY.GDP.NGAS.RT.ZS,Natural gas rents (% of GDP),2003,0,,1
BTN,Bhutan,NY.GDP.NGAS.RT.ZS,Natural gas rents (% of GDP),2002,0,,1
BTN,Bhutan,NY.GDP.NGAS.RT.ZS,Natural gas rents (% of GDP),2001,0,,1
BTN,Bhutan,NY.GDP.NGAS.RT.ZS,Natural gas rents (% of GDP),2000,0,,1
BTN,Bhutan,NY.GDP.NGAS.RT.ZS,Natural gas rents (% of GDP),1999,0,,1
BTN,Bhutan,NY.GDP.NGAS.RT.ZS,Natural gas rents (% of GDP),1998,0,,1
BTN,Bhutan,NY.GDP.NGAS.RT.ZS,Natural gas rents (% of GDP),1997,0,,1
BTN,Bhutan,NY.GDP.NGAS.RT.ZS,Natural gas rents (% of GDP),1996,0,,1
BTN,Bhutan,NY.GDP.NGAS.RT.ZS,Natural gas rents (% of GDP),1995,0,,1
BTN,Bhutan,NY.GDP.NGAS.RT.ZS,Natural gas rents (% of GDP),1994,0,,1
BTN,Bhutan,NY.GDP.NGAS.RT.ZS,Natural gas rents (% of GDP),1993,0,,1
BTN,Bhutan,NY.GDP.NGAS.RT.ZS,Natural gas rents (% of GDP),1992,0,,1
BTN,Bhutan,NY.GDP.NGAS.RT.ZS,Natural gas rents (% of GDP),1991,0,,1
BTN,Bhutan,NY.GDP.NGAS.RT.ZS,Natural gas rents (% of GDP),1990,0,,1
BTN,Bhutan,NY.GDP.NGAS.RT.ZS,Natural gas rents (% of GDP),1989,0,,1
BTN,Bhutan,NY.GDP.NGAS.RT.ZS,Natural gas rents (% of GDP),1988,0,,1
BTN,Bhutan,NY.GDP.NGAS.RT.ZS,Natural gas rents (% of GDP),1987,0,,1
BTN,Bhutan,NY.GDP.NGAS.RT.ZS,Natural gas rents (% of GDP),1986,0,,1
BTN,Bhutan,NY.GDP.NGAS.RT.ZS,Natural gas rents (% of GDP),1985,0,,1
BTN,Bhutan,NY.GDP.NGAS.RT.ZS,Natural gas rents (% of GDP),1984,0,,1
BTN,Bhutan,NY.GDP.NGAS.RT.ZS,Natural gas rents (% of GDP),1983,0,,1
BTN,Bhutan,NY.GDP.NGAS.RT.ZS,Natural gas rents (% of GDP),1982,0,,1
BTN,Bhutan,NY.GDP.NGAS.RT.ZS,Natural gas rents (% of GDP),1981,0,,1
BTN,Bhutan,NY.GDP.NGAS.RT.ZS,Natural gas rents (% of GDP),1980,0,,1
BOL,Bolivia,NY.GDP.NGAS.RT.ZS,Natural gas rents (% of GDP),2021,1.85442902804369,,1
BOL,Bolivia,NY.GDP.NGAS.RT.ZS,Natural gas rents (% of GDP),2020,1.20542213557419,,1
BOL,Bolivia,NY.GDP.NGAS.RT.ZS,Natural gas rents (% of GDP),2019,2.06571007254961,,1
BOL,Bolivia,NY.GDP.NGAS.RT.ZS,Natural gas rents (% of GDP),2018,2.2533911778168,,1
BOL,Bolivia,NY.GDP.NGAS.RT.ZS,Natural gas rents (% of GDP),2017,1.0880253133197,,1
BOL,Bolivia,NY.GDP.NGAS.RT.ZS,Natural gas rents (% of GDP),2016,0.926800497644539,,1
BOL,Bolivia,NY.GDP.NGAS.RT.ZS,Natural gas rents (% of GDP),2015,2.33856535298855,,1
BOL,Bolivia,NY.GDP.NGAS.RT.ZS,Natural gas rents (% of GDP),2014,4.77969194953676,,1
BOL,Bolivia,NY.GDP.NGAS.RT.ZS,Natural gas rents (% of GDP),2013,5.55829339354152,,1
BOL,Bolivia,NY.GDP.NGAS.RT.ZS,Natural gas rents (% of GDP),2012,5.04123047708524,,1
BOL,Bolivia,NY.GDP.NGAS.RT.ZS,Natural gas rents (% of GDP),2011,4.72620152059823,,1
BOL,Bolivia,NY.GDP.NGAS.RT.ZS,Natural gas rents (% of GDP),2010,2.34929579123048,,1
BOL,Bolivia,NY.GDP.NGAS.RT.ZS,Natural gas rents (% of GDP),2009,3.30564306364059,,1
BOL,Bolivia,NY.GDP.NGAS.RT.ZS,Natural gas rents (% of GDP),2008,3.64008440973696,,1
BOL,Bolivia,NY.GDP.NGAS.RT.ZS,Natural gas rents (% of GDP),2007,3.98560882647042,,1
BOL,Bolivia,NY.GDP.NGAS.RT.ZS,Natural gas rents (% of GDP),2006,3.55806070652127,,1
BOL,Bolivia,NY.GDP.NGAS.RT.ZS,Natural gas rents (% of GDP),2005,2.83615706373774,,1
BOL,Bolivia,NY.GDP.NGAS.RT.ZS,Natural gas rents (% of GDP),2004,1.31796776619707,,1
BOL,Bolivia,NY.GDP.NGAS.RT.ZS,Natural gas rents (% of GDP),2003,1.02122652481984,,1
BOL,Bolivia,NY.GDP.NGAS.RT.ZS,Natural gas rents (% of GDP),2002,1.10088698094808,,1
BOL,Bolivia,NY.GDP.NGAS.RT.ZS,Natural gas rents (% of GDP),2001,1.10433905071583,,1
BOL,Bolivia,NY.GDP.NGAS.RT.ZS,Natural gas rents (% of GDP),2000,0.772562074092428,,1
BOL,Bolivia,NY.GDP.NGAS.RT.ZS,Natural gas rents (% of GDP),1999,0.320800790853637,,1
BOL,Bolivia,NY.GDP.NGAS.RT.ZS,Natural gas rents (% of GDP),1998,0.264054370006603,,1
BOL,Bolivia,NY.GDP.NGAS.RT.ZS,Natural gas rents (% of GDP),1997,0.385551525773547,,1
BOL,Bolivia,NY.GDP.NGAS.RT.ZS,Natural gas rents (% of GDP),1996,0.405157180948825,,1
BOL,Bolivia,NY.GDP.NGAS.RT.ZS,Natural gas rents (% of GDP),1995,0.448012489750806,,1
BOL,Bolivia,NY.GDP.NGAS.RT.ZS,Natural gas rents (% of GDP),1994,0.53602284659459,,1
BOL,Bolivia,NY.GDP.NGAS.RT.ZS,Natural gas rents (% of GDP),1993,0.635138288006385,,1
BOL,Bolivia,NY.GDP.NGAS.RT.ZS,Natural gas rents (% of GDP),1992,0.55581800292962,,1
BOL,Bolivia,NY.GDP.NGAS.RT.ZS,Natural gas rents (% of GDP),1991,0.618763513014861,,1
BOL,Bolivia,NY.GDP.NGAS.RT.ZS,Natural gas rents (% of GDP),1990,0.862462574435177,,1
BOL,Bolivia,NY.GDP.NGAS.RT.ZS,Natural gas rents (% of GDP),1989,0.69739802194161,,1
BOL,Bolivia,NY.GDP.NGAS.RT.ZS,Natural gas rents (% of GDP),1988,0.536813425888193,,1
BOL,Bolivia,NY.GDP.NGAS.RT.ZS,Natural gas rents (% of GDP),1987,0.599810821739996,,1
BOL,Bolivia,NY.GDP.NGAS.RT.ZS,Natural gas rents (% of GDP),1986,0.896835071018122,,1
BOL,Bolivia,NY.GDP.NGAS.RT.ZS,Natural gas rents (% of GDP),1985,0.762303434066817,,1
BOL,Bolivia,NY.GDP.NGAS.RT.ZS,Natural gas rents (% of GDP),1984,0.702557158114853,,1
BOL,Bolivia,NY.GDP.NGAS.RT.ZS,Natural gas rents (% of GDP),1983,0.653856951411134,,1
BOL,Bolivia,NY.GDP.NGAS.RT.ZS,Natural gas rents (% of GDP),1982,0.112572959783309,,1
BOL,Bolivia,NY.GDP.NGAS.RT.ZS,Natural gas rents (% of GDP),1981,0.48796664760095,,1
BOL,Bolivia,NY.GDP.NGAS.RT.ZS,Natural gas rents (% of GDP),1980,1.0520260030591,,1
BOL,Bolivia,NY.GDP.NGAS.RT.ZS,Natural gas rents (% of GDP),1979,0.384692017980359,,1
BOL,Bolivia,NY.GDP.NGAS.RT.ZS,Natural gas rents (% of GDP),1978,0.0613971732363734,,1
BOL,Bolivia,NY.GDP.NGAS.RT.ZS,Natural gas rents (% of GDP),1977,0.0306489103405502,,1
BOL,Bolivia,NY.GDP.NGAS.RT.ZS,Natural gas rents (% of GDP),1976,0.462708264111432,,1
BOL,Bolivia,NY.GDP.NGAS.RT.ZS,Natural gas rents (% of GDP),1975,0.520078573219649,,1
BOL,Bolivia,NY.GDP.NGAS.RT.ZS,Natural gas rents (% of GDP),1974,0.322319828565483,,1
BOL,Bolivia,NY.GDP.NGAS.RT.ZS,Natural gas rents (% of GDP),1973,0.0689966230197258,,1
BOL,Bolivia,NY.GDP.NGAS.RT.ZS,Natural gas rents (% of GDP),1972,0.0457102012203248,,1
BOL,Bolivia,NY.GDP.NGAS.RT.ZS,Natural gas rents (% of GDP),1971,0.00185471055387267,,1
BOL,Bolivia,NY.GDP.NGAS.RT.ZS,Natural gas rents (% of GDP),1970,0.00123112675379569,,1
BIH,Bosnia and Herzegovina,NY.GDP.NGAS.RT.ZS,Natural gas rents (% of GDP),2021,0,,1
BIH,Bosnia and Herzegovina,NY.GDP.NGAS.RT.ZS,Natural gas rents (% of GDP),2020,0,,1
BIH,Bosnia and Herzegovina,NY.GDP.NGAS.RT.ZS,Natural gas rents (% of GDP),2019,0,,1
BIH,Bosnia and Herzegovina,NY.GDP.NGAS.RT.ZS,Natural gas rents (% of GDP),2018,0,,1
BIH,Bosnia and Herzegovina,NY.GDP.NGAS.RT.ZS,Natural gas rents (% of GDP),2017,0,,1
BIH,Bosnia and Herzegovina,NY.GDP.NGAS.RT.ZS,Natural gas rents (% of GDP),2016,0,,1
BIH,Bosnia and Herzegovina,NY.GDP.NGAS.RT.ZS,Natural gas rents (% of GDP),2015,0,,1
BIH,Bosnia and Herzegovina,NY.GDP.NGAS.RT.ZS,Natural gas rents (% of GDP),2014,0,,1
BIH,Bosnia and Herzegovina,NY.GDP.NGAS.RT.ZS,Natural gas rents (% of GDP),2013,0,,1
BIH,Bosnia and Herzegovina,NY.GDP.NGAS.RT.ZS,Natural gas rents (% of GDP),2012,0,,1
BIH,Bosnia and Herzegovina,NY.GDP.NGAS.RT.ZS,Natural gas rents (% of GDP),2011,0,,1
BIH,Bosnia and Herzegovina,NY.GDP.NGAS.RT.ZS,Natural gas rents (% of GDP),2010,0,,1
BIH,Bosnia and Herzegovina,NY.GDP.NGAS.RT.ZS,Natural gas rents (% of GDP),2009,0,,1
BIH,Bosnia and Herzegovina,NY.GDP.NGAS.RT.ZS,Natural gas rents (% of GDP),2008,0,,1
BIH,Bosnia and Herzegovina,NY.GDP.NGAS.RT.ZS,Natural gas rents (% of GDP),2007,0,,1
BIH,Bosnia and Herzegovina,NY.GDP.NGAS.RT.ZS,Natural gas rents (% of GDP),2006,0,,1
BIH,Bosnia and Herzegovina,NY.GDP.NGAS.RT.ZS,Natural gas rents (% of GDP),2005,0,,1
BIH,Bosnia and Herzegovina,NY.GDP.NGAS.RT.ZS,Natural gas rents (% of GDP),2004,0,,1
BIH,Bosnia and Herzegovina,NY.GDP.NGAS.RT.ZS,Natural gas rents (% of GDP),2003,0,,1
BIH,Bosnia and Herzegovina,NY.GDP.NGAS.RT.ZS,Natural gas rents (% of GDP),2002,0,,1
BIH,Bosnia and Herzegovina,NY.GDP.NGAS.RT.ZS,Natural gas rents (% of GDP),2001,0,,1
BIH,Bosnia and Herzegovina,NY.GDP.NGAS.RT.ZS,Natural gas rents (% of GDP),2000,0,,1
BIH,Bosnia and Herzegovina,NY.GDP.NGAS.RT.ZS,Natural gas rents (% of GDP),1999,0,,1
BIH,Bosnia and Herzegovina,NY.GDP.NGAS.RT.ZS,Natural gas rents (% of GDP),1998,0,,1
BIH,Bosnia and Herzegovina,NY.GDP.NGAS.RT.ZS,Natural gas rents (% of GDP),1997,0,,1
BIH,Bosnia and Herzegovina,NY.GDP.NGAS.RT.ZS,Natural gas rents (% of GDP),1996,0,,1
BIH,Bosnia and Herzegovina,NY.GDP.NGAS.RT.ZS,Natural gas rents (% of GDP),1995,1.17651005107296,,1
BIH,Bosnia and Herzegovina,NY.GDP.NGAS.RT.ZS,Natural gas rents (% of GDP),1994,0,,1
BWA,Botswana,NY.GDP.NGAS.RT.ZS,Natural gas rents (% of GDP),2021,0,,1
BWA,Botswana,NY.GDP.NGAS.RT.ZS,Natural gas rents (% of GDP),2020,0,,1
BWA,Botswana,NY.GDP.NGAS.RT.ZS,Natural gas rents (% of GDP),2019,0,,1
BWA,Botswana,NY.GDP.NGAS.RT.ZS,Natural gas rents (% of GDP),2018,0,,1
BWA,Botswana,NY.GDP.NGAS.RT.ZS,Natural gas rents (% of GDP),2017,0,,1
BWA,Botswana,NY.GDP.NGAS.RT.ZS,Natural gas rents (% of GDP),2016,0,,1
BWA,Botswana,NY.GDP.NGAS.RT.ZS,Natural gas rents (% of GDP),2015,0,,1
BWA,Botswana,NY.GDP.NGAS.RT.ZS,Natural gas rents (% of GDP),2014,0,,1
BWA,Botswana,NY.GDP.NGAS.RT.ZS,Natural gas rents (% of GDP),2013,0,,1
BWA,Botswana,NY.GDP.NGAS.RT.ZS,Natural gas rents (% of GDP),2012,0,,1
BWA,Botswana,NY.GDP.NGAS.RT.ZS,Natural gas rents (% of GDP),2011,0,,1
BWA,Botswana,NY.GDP.NGAS.RT.ZS,Natural gas rents (% of GDP),2010,0,,1
BWA,Botswana,NY.GDP.NGAS.RT.ZS,Natural gas rents (% of GDP),2009,0,,1
BWA,Botswana,NY.GDP.NGAS.RT.ZS,Natural gas rents (% of GDP),2008,0,,1
BWA,Botswana,NY.GDP.NGAS.RT.ZS,Natural gas rents (% of GDP),2007,0,,1
BWA,Botswana,NY.GDP.NGAS.RT.ZS,Natural gas rents (% of GDP),2006,0,,1
BWA,Botswana,NY.GDP.NGAS.RT.ZS,Natural gas rents (% of GDP),2005,0,,1
BWA,Botswana,NY.GDP.NGAS.RT.ZS,Natural gas rents (% of GDP),2004,0,,1
BWA,Botswana,NY.GDP.NGAS.RT.ZS,Natural gas rents (% of GDP),2003,0,,1
BWA,Botswana,NY.GDP.NGAS.RT.ZS,Natural gas rents (% of GDP),2002,0,,1
BWA,Botswana,NY.GDP.NGAS.RT.ZS,Natural gas rents (% of GDP),2001,0,,1
BWA,Botswana,NY.GDP.NGAS.RT.ZS,Natural gas rents (% of GDP),2000,0,,1
BWA,Botswana,NY.GDP.NGAS.RT.ZS,Natural gas rents (% of GDP),1999,0,,1
BWA,Botswana,NY.GDP.NGAS.RT.ZS,Natural gas rents (% of GDP),1998,0,,1
BWA,Botswana,NY.GDP.NGAS.RT.ZS,Natural gas rents (% of GDP),1997,0,,1
BWA,Botswana,NY.GDP.NGAS.RT.ZS,Natural gas rents (% of GDP),1996,0,,1
BWA,Botswana,NY.GDP.NGAS.RT.ZS,Natural gas rents (% of GDP),1995,0,,1
BWA,Botswana,NY.GDP.NGAS.RT.ZS,Natural gas rents (% of GDP),1994,0,,1
BWA,Botswana,NY.GDP.NGAS.RT.ZS,Natural gas rents (% of GDP),1993,0,,1
BWA,Botswana,NY.GDP.NGAS.RT.ZS,Natural gas rents (% of GDP),1992,0,,1
BWA,Botswana,NY.GDP.NGAS.RT.ZS,Natural gas rents (% of GDP),1991,0,,1
BWA,Botswana,NY.GDP.NGAS.RT.ZS,Natural gas rents (% of GDP),1990,0,,1
BWA,Botswana,NY.GDP.NGAS.RT.ZS,Natural gas rents (% of GDP),1989,0,,1
BWA,Botswana,NY.GDP.NGAS.RT.ZS,Natural gas rents (% of GDP),1988,0,,1
BWA,Botswana,NY.GDP.NGAS.RT.ZS,Natural gas rents (% of GDP),1987,0,,1
BWA,Botswana,NY.GDP.NGAS.RT.ZS,Natural gas rents (% of GDP),1986,0,,1
BWA,Botswana,NY.GDP.NGAS.RT.ZS,Natural gas rents (% of GDP),1985,0,,1
BWA,Botswana,NY.GDP.NGAS.RT.ZS,Natural gas rents (% of GDP),1984,0,,1
BWA,Botswana,NY.GDP.NGAS.RT.ZS,Natural gas rents (% of GDP),1983,0,,1
BWA,Botswana,NY.GDP.NGAS.RT.ZS,Natural gas rents (% of GDP),1982,0,,1
BWA,Botswana,NY.GDP.NGAS.RT.ZS,Natural gas rents (% of GDP),1981,0,,1
BWA,Botswana,NY.GDP.NGAS.RT.ZS,Natural gas rents (% of GDP),1980,0,,1
BWA,Botswana,NY.GDP.NGAS.RT.ZS,Natural gas rents (% of GDP),1979,0,,1
BWA,Botswana,NY.GDP.NGAS.RT.ZS,Natural gas rents (% of GDP),1978,0,,1
BWA,Botswana,NY.GDP.NGAS.RT.ZS,Natural gas rents (% of GDP),1977,0,,1
BWA,Botswana,NY.GDP.NGAS.RT.ZS,Natural gas rents (% of GDP),1976,0,,1
BWA,Botswana,NY.GDP.NGAS.RT.ZS,Natural gas rents (% of GDP),1975,0,,1
BWA,Botswana,NY.GDP.NGAS.RT.ZS,Natural gas rents (% of GDP),1974,0,,1
BWA,Botswana,NY.GDP.NGAS.RT.ZS,Natural gas rents (% of GDP),1973,0,,1
BWA,Botswana,NY.GDP.NGAS.RT.ZS,Natural gas rents (% of GDP),1972,0,,1
BWA,Botswana,NY.GDP.NGAS.RT.ZS,Natural gas rents (% of GDP),1971,0,,1
BRA,Brazil,NY.GDP.NGAS.RT.ZS,Natural gas rents (% of GDP),2021,0.0699944991767358,,1
BRA,Brazil,NY.GDP.NGAS.RT.ZS,Natural gas rents (% of GDP),2020,0.0477663275367818,,1
BRA,Brazil,NY.GDP.NGAS.RT.ZS,Natural gas rents (% of GDP),2019,0.0723668776342963,,1
BRA,Brazil,NY.GDP.NGAS.RT.ZS,Natural gas rents (% of GDP),2018,0.0651681042894358,,1
BRA,Brazil,NY.GDP.NGAS.RT.ZS,Natural gas rents (% of GDP),2017,0.0274701476531574,,1
BRA,Brazil,NY.GDP.NGAS.RT.ZS,Natural gas rents (% of GDP),2016,0.0209459201154779,,1
BRA,Brazil,NY.GDP.NGAS.RT.ZS,Natural gas rents (% of GDP),2015,0.047972921893605,,1
BRA,Brazil,NY.GDP.NGAS.RT.ZS,Natural gas rents (% of GDP),2014,0.0682078611571187,,1
BRA,Brazil,NY.GDP.NGAS.RT.ZS,Natural gas rents (% of GDP),2013,0.0705641668851668,,1
BRA,Brazil,NY.GDP.NGAS.RT.ZS,Natural gas rents (% of GDP),2012,0.0585963181642604,,1
BRA,Brazil,NY.GDP.NGAS.RT.ZS,Natural gas rents (% of GDP),2011,0.0453223777417706,,1
BRA,Brazil,NY.GDP.NGAS.RT.ZS,Natural gas rents (% of GDP),2010,0.0208700944797705,,1
BRA,Brazil,NY.GDP.NGAS.RT.ZS,Natural gas rents (% of GDP),2009,0.0319571904244483,,1
BRA,Brazil,NY.GDP.NGAS.RT.ZS,Natural gas rents (% of GDP),2008,0.0335296474727113,,1
BRA,Brazil,NY.GDP.NGAS.RT.ZS,Natural gas rents (% of GDP),2007,0.0293323805781565,,1
BRA,Brazil,NY.GDP.NGAS.RT.ZS,Natural gas rents (% of GDP),2006,0.0305846758078658,,1
BRA,Brazil,NY.GDP.NGAS.RT.ZS,Natural gas rents (% of GDP),2005,0.0264140866308715,,1
BRA,Brazil,NY.GDP.NGAS.RT.ZS,Natural gas rents (% of GDP),2004,0.0186665999783458,,1
BRA,Brazil,NY.GDP.NGAS.RT.ZS,Natural gas rents (% of GDP),2003,0.0202189007331639,,1
BRA,Brazil,NY.GDP.NGAS.RT.ZS,Natural gas rents (% of GDP),2002,0.0267500574610956,,1
BRA,Brazil,NY.GDP.NGAS.RT.ZS,Natural gas rents (% of GDP),2001,0.0258071276939522,,1
BRA,Brazil,NY.GDP.NGAS.RT.ZS,Natural gas rents (% of GDP),2000,0.021960393735733,,1
BRA,Brazil,NY.GDP.NGAS.RT.ZS,Natural gas rents (% of GDP),1999,0.0131196169136787,,1
BRA,Brazil,NY.GDP.NGAS.RT.ZS,Natural gas rents (% of GDP),1998,0.00533849423509356,,1
BRA,Brazil,NY.GDP.NGAS.RT.ZS,Natural gas rents (% of GDP),1997,0.00648749797804792,,1
BRA,Brazil,NY.GDP.NGAS.RT.ZS,Natural gas rents (% of GDP),1996,0.00622772149796354,,1
BRA,Brazil,NY.GDP.NGAS.RT.ZS,Natural gas rents (% of GDP),1995,0.00608767711808389,,1
BRA,Brazil,NY.GDP.NGAS.RT.ZS,Natural gas rents (% of GDP),1994,0.00930273797083491,,1
BRA,Brazil,NY.GDP.NGAS.RT.ZS,Natural gas rents (% of GDP),1993,0.0140426313835456,,1
BRA,Brazil,NY.GDP.NGAS.RT.ZS,Natural gas rents (% of GDP),1992,0.0108604225718194,,1
BRA,Brazil,NY.GDP.NGAS.RT.ZS,Natural gas rents (% of GDP),1991,0.0102373707253398,,1
BRA,Brazil,NY.GDP.NGAS.RT.ZS,Natural gas rents (% of GDP),1990,0.0106566895673508,,1
BRA,Brazil,NY.GDP.NGAS.RT.ZS,Natural gas rents (% of GDP),1989,0.0103246181642644,,1
BRA,Brazil,NY.GDP.NGAS.RT.ZS,Natural gas rents (% of GDP),1988,0.0110629251504283,,1
BRA,Brazil,NY.GDP.NGAS.RT.ZS,Natural gas rents (% of GDP),1987,0.0136314009022103,,1
BRA,Brazil,NY.GDP.NGAS.RT.ZS,Natural gas rents (% of GDP),1986,0.0180827250883556,,1
BRA,Brazil,NY.GDP.NGAS.RT.ZS,Natural gas rents (% of GDP),1985,0.0227099114399632,,1
BRA,Brazil,NY.GDP.NGAS.RT.ZS,Natural gas rents (% of GDP),1984,0.0173173264729097,,1
BRA,Brazil,NY.GDP.NGAS.RT.ZS,Natural gas rents (% of GDP),1983,0.0132378576963637,,1
BRA,Brazil,NY.GDP.NGAS.RT.ZS,Natural gas rents (% of GDP),1982,0.00126043263666032,,1
BRA,Brazil,NY.GDP.NGAS.RT.ZS,Natural gas rents (% of GDP),1981,0.00439740919401867,,1
BRA,Brazil,NY.GDP.NGAS.RT.ZS,Natural gas rents (% of GDP),1980,0.00873207221897623,,1
BRA,Brazil,NY.GDP.NGAS.RT.ZS,Natural gas rents (% of GDP),1979,0.00321072495906358,,1
BRA,Brazil,NY.GDP.NGAS.RT.ZS,Natural gas rents (% of GDP),1978,0.000480360072334052,,1
BRA,Brazil,NY.GDP.NGAS.RT.ZS,Natural gas rents (% of GDP),1977,0.000175152724878442,,1
BRA,Brazil,NY.GDP.NGAS.RT.ZS,Natural gas rents (% of GDP),1976,0.00218471923244109,,1
BRA,Brazil,NY.GDP.NGAS.RT.ZS,Natural gas rents (% of GDP),1975,0.00229309381949505,,1
BRA,Brazil,NY.GDP.NGAS.RT.ZS,Natural gas rents (% of GDP),1974,0.00132193064929292,,1
BRA,Brazil,NY.GDP.NGAS.RT.ZS,Natural gas rents (% of GDP),1973,0.00012156693604758,,1
BRA,Brazil,NY.GDP.NGAS.RT.ZS,Natural gas rents (% of GDP),1972,0.000154533174416845,,1
BRA,Brazil,NY.GDP.NGAS.RT.ZS,Natural gas rents (% of GDP),1971,0.000127866098532604,,1
BRA,Brazil,NY.GDP.NGAS.RT.ZS,Natural gas rents (% of GDP),1970,5.72988785659341e-05,,1
BRN,Brunei Darussalam,NY.GDP.NGAS.RT.ZS,Natural gas rents (% of GDP),2021,13.8577460214654,,1
BRN,Brunei Darussalam,NY.GDP.NGAS.RT.ZS,Natural gas rents (% of GDP),2020,10.2374489601131,,1
BRN,Brunei Darussalam,NY.GDP.NGAS.RT.ZS,Natural gas rents (% of GDP),2019,11.7839298120962,,1
BRN,Brunei Darussalam,NY.GDP.NGAS.RT.ZS,Natural gas rents (% of GDP),2018,11.3983873234199,,1
BRN,Brunei Darussalam,NY.GDP.NGAS.RT.ZS,Natural gas rents (% of GDP),2017,8.75820089006841,,1
BRN,Brunei Darussalam,NY.GDP.NGAS.RT.ZS,Natural gas rents (% of GDP),2016,9.00868081115163,,1
BRN,Brunei Darussalam,NY.GDP.NGAS.RT.ZS,Natural gas rents (% of GDP),2015,11.1648852580271,,1
BRN,Brunei Darussalam,NY.GDP.NGAS.RT.ZS,Natural gas rents (% of GDP),2014,7.35949291695194,,1
BRN,Brunei Darussalam,NY.GDP.NGAS.RT.ZS,Natural gas rents (% of GDP),2013,4.92311523843707,,1
BRN,Brunei Darussalam,NY.GDP.NGAS.RT.ZS,Natural gas rents (% of GDP),2012,4.91811419211934,,1
BRN,Brunei Darussalam,NY.GDP.NGAS.RT.ZS,Natural gas rents (% of GDP),2011,5.36775639944301,,1
BRN,Brunei Darussalam,NY.GDP.NGAS.RT.ZS,Natural gas rents (% of GDP),2010,6.26653837953077,,1
BRN,Brunei Darussalam,NY.GDP.NGAS.RT.ZS,Natural gas rents (% of GDP),2009,6.78152360946728,,1
BRN,Brunei Darussalam,NY.GDP.NGAS.RT.ZS,Natural gas rents (% of GDP),2008,5.58937389908977,,1
BRN,Brunei Darussalam,NY.GDP.NGAS.RT.ZS,Natural gas rents (% of GDP),2007,5.99662049691355,,1
BRN,Brunei Darussalam,NY.GDP.NGAS.RT.ZS,Natural gas rents (% of GDP),2006,6.84285673752605,,1
BRN,Brunei Darussalam,NY.GDP.NGAS.RT.ZS,Natural gas rents (% of GDP),2005,8.85868980707189,,1
BRN,Brunei Darussalam,NY.GDP.NGAS.RT.ZS,Natural gas rents (% of GDP),2004,10.8502219394206,,1
BRN,Brunei Darussalam,NY.GDP.NGAS.RT.ZS,Natural gas rents (% of GDP),2003,11.4097226051516,,1
BRN,Brunei Darussalam,NY.GDP.NGAS.RT.ZS,Natural gas rents (% of GDP),2002,9.41914724852506,,1
BRN,Brunei Darussalam,NY.GDP.NGAS.RT.ZS,Natural gas rents (% of GDP),2001,11.2438208054038,,1
BRN,Brunei Darussalam,NY.GDP.NGAS.RT.ZS,Natural gas rents (% of GDP),2000,11.4211547210859,,1
BRN,Brunei Darussalam,NY.GDP.NGAS.RT.ZS,Natural gas rents (% of GDP),1999,9.5111460455739,,1
BRN,Brunei Darussalam,NY.GDP.NGAS.RT.ZS,Natural gas rents (% of GDP),1998,9.39722485634625,,1
BRN,Brunei Darussalam,NY.GDP.NGAS.RT.ZS,Natural gas rents (% of GDP),1997,10.9795246369,,1
BRN,Brunei Darussalam,NY.GDP.NGAS.RT.ZS,Natural gas rents (% of GDP),1996,10.7782742400189,,1
BRN,Brunei Darussalam,NY.GDP.NGAS.RT.ZS,Natural gas rents (% of GDP),1995,10.0563395912067,,1
BRN,Brunei Darussalam,NY.GDP.NGAS.RT.ZS,Natural gas rents (% of GDP),1994,9.90028801313038,,1
BRN,Brunei Darussalam,NY.GDP.NGAS.RT.ZS,Natural gas rents (% of GDP),1993,8.63913819511752,,1
BRN,Brunei Darussalam,NY.GDP.NGAS.RT.ZS,Natural gas rents (% of GDP),1992,6.78004726057027,,1
BRN,Brunei Darussalam,NY.GDP.NGAS.RT.ZS,Natural gas rents (% of GDP),1991,6.59662439137408,,1
BRN,Brunei Darussalam,NY.GDP.NGAS.RT.ZS,Natural gas rents (% of GDP),1990,8.16323415161987,,1
BRN,Brunei Darussalam,NY.GDP.NGAS.RT.ZS,Natural gas rents (% of GDP),1989,7.03299180537517,,1
BRN,Brunei Darussalam,NY.GDP.NGAS.RT.ZS,Natural gas rents (% of GDP),1988,7.141227784753,,1
BRN,Brunei Darussalam,NY.GDP.NGAS.RT.ZS,Natural gas rents (% of GDP),1987,8.01741042873201,,1
BRN,Brunei Darussalam,NY.GDP.NGAS.RT.ZS,Natural gas rents (% of GDP),1986,10.7056839953344,,1
BRN,Brunei Darussalam,NY.GDP.NGAS.RT.ZS,Natural gas rents (% of GDP),1985,4.61169886779788,,1
BRN,Brunei Darussalam,NY.GDP.NGAS.RT.ZS,Natural gas rents (% of GDP),1984,3.4487090021513,,1
BRN,Brunei Darussalam,NY.GDP.NGAS.RT.ZS,Natural gas rents (% of GDP),1983,2.60423015587365,,1
BRN,Brunei Darussalam,NY.GDP.NGAS.RT.ZS,Natural gas rents (% of GDP),1982,1.11560819209278,,1
BRN,Brunei Darussalam,NY.GDP.NGAS.RT.ZS,Natural gas rents (% of GDP),1981,3.23321037937806,,1
BRN,Brunei Darussalam,NY.GDP.NGAS.RT.ZS,Natural gas rents (% of GDP),1980,7.04332659085731,,1
BRN,Brunei Darussalam,NY.GDP.NGAS.RT.ZS,Natural gas rents (% of GDP),1978,12.4052642416374,,1
BRN,Brunei Darussalam,NY.GDP.NGAS.RT.ZS,Natural gas rents (% of GDP),1977,12.4247642278543,,1
BRN,Brunei Darussalam,NY.GDP.NGAS.RT.ZS,Natural gas rents (% of GDP),1976,14.0583683247057,,1
BRN,Brunei Darussalam,NY.GDP.NGAS.RT.ZS,Natural gas rents (% of GDP),1975,12.3290116966222,,1
BRN,Brunei Darussalam,NY.GDP.NGAS.RT.ZS,Natural gas rents (% of GDP),1974,5.79658443141836,,1
BRN,Brunei Darussalam,NY.GDP.NGAS.RT.ZS,Natural gas rents (% of GDP),1973,1.36882316787776,,1
BRN,Brunei Darussalam,NY.GDP.NGAS.RT.ZS,Natural gas rents (% of GDP),1972,0.320250804180378,,1
BRN,Brunei Darussalam,NY.GDP.NGAS.RT.ZS,Natural gas rents (% of GDP),1971,0.1434037109763,,1
BRN,Brunei Darussalam,NY.GDP.NGAS.RT.ZS,Natural gas rents (% of GDP),1970,0,,1
BGR,Bulgaria,NY.GDP.NGAS.RT.ZS,Natural gas rents (% of GDP),2021,0.00649706344376637,,1
BGR,Bulgaria,NY.GDP.NGAS.RT.ZS,Natural gas rents (% of GDP),2020,0.0024673666719186,,1
BGR,Bulgaria,NY.GDP.NGAS.RT.ZS,Natural gas rents (% of GDP),2019,0.00343786072088081,,1
BGR,Bulgaria,NY.GDP.NGAS.RT.ZS,Natural gas rents (% of GDP),2018,0.00453020891529789,,1
BGR,Bulgaria,NY.GDP.NGAS.RT.ZS,Natural gas rents (% of GDP),2017,0.00735612441515926,,1
BGR,Bulgaria,NY.GDP.NGAS.RT.ZS,Natural gas rents (% of GDP),2016,0.00672704231790746,,1
BGR,Bulgaria,NY.GDP.NGAS.RT.ZS,Natural gas rents (% of GDP),2015,0.0132341573376468,,1
BGR,Bulgaria,NY.GDP.NGAS.RT.ZS,Natural gas rents (% of GDP),2014,0.0300440667016445,,1
BGR,Bulgaria,NY.GDP.NGAS.RT.ZS,Natural gas rents (% of GDP),2013,0.0630866311706594,,1
BGR,Bulgaria,NY.GDP.NGAS.RT.ZS,Natural gas rents (% of GDP),2012,0.087087212755187,,1
BGR,Bulgaria,NY.GDP.NGAS.RT.ZS,Natural gas rents (% of GDP),2011,0.08909304721064,,1
BGR,Bulgaria,NY.GDP.NGAS.RT.ZS,Natural gas rents (% of GDP),2010,0.0111255684572656,,1
BGR,Bulgaria,NY.GDP.NGAS.RT.ZS,Natural gas rents (% of GDP),2009,0.0026718472138392,,1
BGR,Bulgaria,NY.GDP.NGAS.RT.ZS,Natural gas rents (% of GDP),2008,0.0431769272049978,,1
BGR,Bulgaria,NY.GDP.NGAS.RT.ZS,Natural gas rents (% of GDP),2007,0.0440111294416164,,1
BGR,Bulgaria,NY.GDP.NGAS.RT.ZS,Natural gas rents (% of GDP),2006,0.0873541922780936,,1
BGR,Bulgaria,NY.GDP.NGAS.RT.ZS,Natural gas rents (% of GDP),2005,0.0463019081658468,,1
BGR,Bulgaria,NY.GDP.NGAS.RT.ZS,Natural gas rents (% of GDP),2004,0.0431724150903471,,1
BGR,Bulgaria,NY.GDP.NGAS.RT.ZS,Natural gas rents (% of GDP),2003,0.00290204563592261,,1
BGR,Bulgaria,NY.GDP.NGAS.RT.ZS,Natural gas rents (% of GDP),2002,0.00432092270735906,,1
BGR,Bulgaria,NY.GDP.NGAS.RT.ZS,Natural gas rents (% of GDP),2001,0.00750141222220329,,1
BGR,Bulgaria,NY.GDP.NGAS.RT.ZS,Natural gas rents (% of GDP),2000,0.00252770248586447,,1
BGR,Bulgaria,NY.GDP.NGAS.RT.ZS,Natural gas rents (% of GDP),1999,0.000624281659353869,,1
BGR,Bulgaria,NY.GDP.NGAS.RT.ZS,Natural gas rents (% of GDP),1998,0.000637127538308055,,1
BGR,Bulgaria,NY.GDP.NGAS.RT.ZS,Natural gas rents (% of GDP),1997,0.00778881613251351,,1
BGR,Bulgaria,NY.GDP.NGAS.RT.ZS,Natural gas rents (% of GDP),1996,0.00777524694144459,,1
BGR,Bulgaria,NY.GDP.NGAS.RT.ZS,Natural gas rents (% of GDP),1995,0.00628057474377564,,1
BGR,Bulgaria,NY.GDP.NGAS.RT.ZS,Natural gas rents (% of GDP),1994,0.00761826425255346,,1
BGR,Bulgaria,NY.GDP.NGAS.RT.ZS,Natural gas rents (% of GDP),1993,0.00843686269085243,,1
BGR,Bulgaria,NY.GDP.NGAS.RT.ZS,Natural gas rents (% of GDP),1992,0.00216036441347754,,1
BGR,Bulgaria,NY.GDP.NGAS.RT.ZS,Natural gas rents (% of GDP),1991,0.00103919723454466,,1
BGR,Bulgaria,NY.GDP.NGAS.RT.ZS,Natural gas rents (% of GDP),1990,0.00108766448555825,,1
BGR,Bulgaria,NY.GDP.NGAS.RT.ZS,Natural gas rents (% of GDP),1989,0.000385068674887381,,1
BGR,Bulgaria,NY.GDP.NGAS.RT.ZS,Natural gas rents (% of GDP),1988,0.000441144466320755,,1
BGR,Bulgaria,NY.GDP.NGAS.RT.ZS,Natural gas rents (% of GDP),1987,0.000534780186776486,,1
BGR,Bulgaria,NY.GDP.NGAS.RT.ZS,Natural gas rents (% of GDP),1986,0.00181741492981242,,1
BGR,Bulgaria,NY.GDP.NGAS.RT.ZS,Natural gas rents (% of GDP),1985,0.00253300131896684,,1
BGR,Bulgaria,NY.GDP.NGAS.RT.ZS,Natural gas rents (% of GDP),1984,0.00620428077910663,,1
BGR,Bulgaria,NY.GDP.NGAS.RT.ZS,Natural gas rents (% of GDP),1983,0.00796523032670581,,1
BGR,Bulgaria,NY.GDP.NGAS.RT.ZS,Natural gas rents (% of GDP),1982,0.00558417363846624,,1
BGR,Bulgaria,NY.GDP.NGAS.RT.ZS,Natural gas rents (% of GDP),1981,0.0198325139261796,,1
BGR,Bulgaria,NY.GDP.NGAS.RT.ZS,Natural gas rents (% of GDP),1980,0.0385830025588355,,1
BFA,Burkina Faso,NY.GDP.NGAS.RT.ZS,Natural gas rents (% of GDP),2021,0,,1
BFA,Burkina Faso,NY.GDP.NGAS.RT.ZS,Natural gas rents (% of GDP),2020,0,,1
BFA,Burkina Faso,NY.GDP.NGAS.RT.ZS,Natural gas rents (% of GDP),2019,0,,1
BFA,Burkina Faso,NY.GDP.NGAS.RT.ZS,Natural gas rents (% of GDP),2018,0,,1
BFA,Burkina Faso,NY.GDP.NGAS.RT.ZS,Natural gas rents (% of GDP),2017,0,,1
BFA,Burkina Faso,NY.GDP.NGAS.RT.ZS,Natural gas rents (% of GDP),2016,0,,1
BFA,Burkina Faso,NY.GDP.NGAS.RT.ZS,Natural gas rents (% of GDP),2015,0,,1
BFA,Burkina Faso,NY.GDP.NGAS.RT.ZS,Natural gas rents (% of GDP),2014,0,,1
BFA,Burkina Faso,NY.GDP.NGAS.RT.ZS,Natural gas rents (% of GDP),2013,0,,1
BFA,Burkina Faso,NY.GDP.NGAS.RT.ZS,Natural gas rents (% of GDP),2012,0,,1
BFA,Burkina Faso,NY.GDP.NGAS.RT.ZS,Natural gas rents (% of GDP),2011,0,,1
BFA,Burkina Faso,NY.GDP.NGAS.RT.ZS,Natural gas rents (% of GDP),2010,0,,1
BFA,Burkina Faso,NY.GDP.NGAS.RT.ZS,Natural gas rents (% of GDP),2009,0,,1
BFA,Burkina Faso,NY.GDP.NGAS.RT.ZS,Natural gas rents (% of GDP),2008,0,,1
BFA,Burkina Faso,NY.GDP.NGAS.RT.ZS,Natural gas rents (% of GDP),2007,0,,1
BFA,Burkina Faso,NY.GDP.NGAS.RT.ZS,Natural gas rents (% of GDP),2006,0,,1
BFA,Burkina Faso,NY.GDP.NGAS.RT.ZS,Natural gas rents (% of GDP),2005,0,,1
BFA,Burkina Faso,NY.GDP.NGAS.RT.ZS,Natural gas rents (% of GDP),2004,0,,1
BFA,Burkina Faso,NY.GDP.NGAS.RT.ZS,Natural gas rents (% of GDP),2003,0,,1
BFA,Burkina Faso,NY.GDP.NGAS.RT.ZS,Natural gas rents (% of GDP),2002,0,,1
BFA,Burkina Faso,NY.GDP.NGAS.RT.ZS,Natural gas rents (% of GDP),2001,0,,1
BFA,Burkina Faso,NY.GDP.NGAS.RT.ZS,Natural gas rents (% of GDP),2000,0,,1
BFA,Burkina Faso,NY.GDP.NGAS.RT.ZS,Natural gas rents (% of GDP),1999,0,,1
BFA,Burkina Faso,NY.GDP.NGAS.RT.ZS,Natural gas rents (% of GDP),1998,0,,1
BFA,Burkina Faso,NY.GDP.NGAS.RT.ZS,Natural gas rents (% of GDP),1997,0,,1
BFA,Burkina Faso,NY.GDP.NGAS.RT.ZS,Natural gas rents (% of GDP),1996,0,,1
BFA,Burkina Faso,NY.GDP.NGAS.RT.ZS,Natural gas rents (% of GDP),1995,0,,1
BFA,Burkina Faso,NY.GDP.NGAS.RT.ZS,Natural gas rents (% of GDP),1994,0,,1
BFA,Burkina Faso,NY.GDP.NGAS.RT.ZS,Natural gas rents (% of GDP),1993,0,,1
BFA,Burkina Faso,NY.GDP.NGAS.RT.ZS,Natural gas rents (% of GDP),1992,0,,1
BFA,Burkina Faso,NY.GDP.NGAS.RT.ZS,Natural gas rents (% of GDP),1991,0,,1
BFA,Burkina Faso,NY.GDP.NGAS.RT.ZS,Natural gas rents (% of GDP),1990,0,,1
BFA,Burkina Faso,NY.GDP.NGAS.RT.ZS,Natural gas rents (% of GDP),1989,0,,1
BFA,Burkina Faso,NY.GDP.NGAS.RT.ZS,Natural gas rents (% of GDP),1988,0,,1
BFA,Burkina Faso,NY.GDP.NGAS.RT.ZS,Natural gas rents (% of GDP),1987,0,,1
BFA,Burkina Faso,NY.GDP.NGAS.RT.ZS,Natural gas rents (% of GDP),1986,0,,1
BFA,Burkina Faso,NY.GDP.NGAS.RT.ZS,Natural gas rents (% of GDP),1985,0,,1
BFA,Burkina Faso,NY.GDP.NGAS.RT.ZS,Natural gas rents (% of GDP),1984,0,,1
BFA,Burkina Faso,NY.GDP.NGAS.RT.ZS,Natural gas rents (% of GDP),1983,0,,1
BFA,Burkina Faso,NY.GDP.NGAS.RT.ZS,Natural gas rents (% of GDP),1982,0,,1
BFA,Burkina Faso,NY.GDP.NGAS.RT.ZS,Natural gas rents (% of GDP),1981,0,,1
BFA,Burkina Faso,NY.GDP.NGAS.RT.ZS,Natural gas rents (% of GDP),1980,0,,1
BDI,Burundi,NY.GDP.NGAS.RT.ZS,Natural gas rents (% of GDP),2021,0,,1
BDI,Burundi,NY.GDP.NGAS.RT.ZS,Natural gas rents (% of GDP),2020,0,,1
BDI,Burundi,NY.GDP.NGAS.RT.ZS,Natural gas rents (% of GDP),2019,0,,1
BDI,Burundi,NY.GDP.NGAS.RT.ZS,Natural gas rents (% of GDP),2018,0,,1
BDI,Burundi,NY.GDP.NGAS.RT.ZS,Natural gas rents (% of GDP),2017,0,,1
BDI,Burundi,NY.GDP.NGAS.RT.ZS,Natural gas rents (% of GDP),2016,0,,1
BDI,Burundi,NY.GDP.NGAS.RT.ZS,Natural gas rents (% of GDP),2015,0,,1
BDI,Burundi,NY.GDP.NGAS.RT.ZS,Natural gas rents (% of GDP),2014,0,,1
BDI,Burundi,NY.GDP.NGAS.RT.ZS,Natural gas rents (% of GDP),2013,0,,1
BDI,Burundi,NY.GDP.NGAS.RT.ZS,Natural gas rents (% of GDP),2012,0,,1
BDI,Burundi,NY.GDP.NGAS.RT.ZS,Natural gas rents (% of GDP),2011,0,,1
BDI,Burundi,NY.GDP.NGAS.RT.ZS,Natural gas rents (% of GDP),2010,0,,1
BDI,Burundi,NY.GDP.NGAS.RT.ZS,Natural gas rents (% of GDP),2009,0,,1
BDI,Burundi,NY.GDP.NGAS.RT.ZS,Natural gas rents (% of GDP),2008,0,,1
BDI,Burundi,NY.GDP.NGAS.RT.ZS,Natural gas rents (% of GDP),2007,0,,1
BDI,Burundi,NY.GDP.NGAS.RT.ZS,Natural gas rents (% of GDP),2006,0,,1
BDI,Burundi,NY.GDP.NGAS.RT.ZS,Natural gas rents (% of GDP),2005,0,,1
BDI,Burundi,NY.GDP.NGAS.RT.ZS,Natural gas rents (% of GDP),2004,0,,1
BDI,Burundi,NY.GDP.NGAS.RT.ZS,Natural gas rents (% of GDP),2003,0,,1
BDI,Burundi,NY.GDP.NGAS.RT.ZS,Natural gas rents (% of GDP),2002,0,,1
BDI,Burundi,NY.GDP.NGAS.RT.ZS,Natural gas rents (% of GDP),2001,0,,1
BDI,Burundi,NY.GDP.NGAS.RT.ZS,Natural gas rents (% of GDP),2000,0,,1
BDI,Burundi,NY.GDP.NGAS.RT.ZS,Natural gas rents (% of GDP),1999,0,,1
BDI,Burundi,NY.GDP.NGAS.RT.ZS,Natural gas rents (% of GDP),1998,0,,1
BDI,Burundi,NY.GDP.NGAS.RT.ZS,Natural gas rents (% of GDP),1997,0,,1
BDI,Burundi,NY.GDP.NGAS.RT.ZS,Natural gas rents (% of GDP),1996,0,,1
BDI,Burundi,NY.GDP.NGAS.RT.ZS,Natural gas rents (% of GDP),1995,0,,1
BDI,Burundi,NY.GDP.NGAS.RT.ZS,Natural gas rents (% of GDP),1994,0,,1
BDI,Burundi,NY.GDP.NGAS.RT.ZS,Natural gas rents (% of GDP),1993,0,,1
BDI,Burundi,NY.GDP.NGAS.RT.ZS,Natural gas rents (% of GDP),1992,0,,1
BDI,Burundi,NY.GDP.NGAS.RT.ZS,Natural gas rents (% of GDP),1991,0,,1
BDI,Burundi,NY.GDP.NGAS.RT.ZS,Natural gas rents (% of GDP),1990,0,,1
BDI,Burundi,NY.GDP.NGAS.RT.ZS,Natural gas rents (% of GDP),1989,0,,1
BDI,Burundi,NY.GDP.NGAS.RT.ZS,Natural gas rents (% of GDP),1988,0,,1
BDI,Burundi,NY.GDP.NGAS.RT.ZS,Natural gas rents (% of GDP),1987,0,,1
BDI,Burundi,NY.GDP.NGAS.RT.ZS,Natural gas rents (% of GDP),1986,0,,1
BDI,Burundi,NY.GDP.NGAS.RT.ZS,Natural gas rents (% of GDP),1985,0,,1
BDI,Burundi,NY.GDP.NGAS.RT.ZS,Natural gas rents (% of GDP),1984,0,,1
BDI,Burundi,NY.GDP.NGAS.RT.ZS,Natural gas rents (% of GDP),1983,0,,1
BDI,Burundi,NY.GDP.NGAS.RT.ZS,Natural gas rents (% of GDP),1982,0,,1
BDI,Burundi,NY.GDP.NGAS.RT.ZS,Natural gas rents (% of GDP),1981,0,,1
BDI,Burundi,NY.GDP.NGAS.RT.ZS,Natural gas rents (% of GDP),1980,0,,1
CPV,Cabo Verde,NY.GDP.NGAS.RT.ZS,Natural gas rents (% of GDP),2021,0,,1
CPV,Cabo Verde,NY.GDP.NGAS.RT.ZS,Natural gas rents (% of GDP),2020,0,,1
CPV,Cabo Verde,NY.GDP.NGAS.RT.ZS,Natural gas rents (% of GDP),2019,0,,1
CPV,Cabo Verde,NY.GDP.NGAS.RT.ZS,Natural gas rents (% of GDP),2018,0,,1
CPV,Cabo Verde,NY.GDP.NGAS.RT.ZS,Natural gas rents (% of GDP),2017,0,,1
CPV,Cabo Verde,NY.GDP.NGAS.RT.ZS,Natural gas rents (% of GDP),2016,0,,1
CPV,Cabo Verde,NY.GDP.NGAS.RT.ZS,Natural gas rents (% of GDP),2015,0,,1
CPV,Cabo Verde,NY.GDP.NGAS.RT.ZS,Natural gas rents (% of GDP),2014,0,,1
CPV,Cabo Verde,NY.GDP.NGAS.RT.ZS,Natural gas rents (% of GDP),2013,0,,1
CPV,Cabo Verde,NY.GDP.NGAS.RT.ZS,Natural gas rents (% of GDP),2012,0,,1
CPV,Cabo Verde,NY.GDP.NGAS.RT.ZS,Natural gas rents (% of GDP),2011,0,,1
CPV,Cabo Verde,NY.GDP.NGAS.RT.ZS,Natural gas rents (% of GDP),2010,0,,1
CPV,Cabo Verde,NY.GDP.NGAS.RT.ZS,Natural gas rents (% of GDP),2009,0,,1
CPV,Cabo Verde,NY.GDP.NGAS.RT.ZS,Natural gas rents (% of GDP),2008,0,,1
CPV,Cabo Verde,NY.GDP.NGAS.RT.ZS,Natural gas rents (% of GDP),2007,0,,1
CPV,Cabo Verde,NY.GDP.NGAS.RT.ZS,Natural gas rents (% of GDP),2006,0,,1
CPV,Cabo Verde,NY.GDP.NGAS.RT.ZS,Natural gas rents (% of GDP),2005,0,,1
CPV,Cabo Verde,NY.GDP.NGAS.RT.ZS,Natural gas rents (% of GDP),2004,0,,1
CPV,Cabo Verde,NY.GDP.NGAS.RT.ZS,Natural gas rents (% of GDP),2003,0,,1
CPV,Cabo Verde,NY.GDP.NGAS.RT.ZS,Natural gas rents (% of GDP),2002,0,,1
CPV,Cabo Verde,NY.GDP.NGAS.RT.ZS,Natural gas rents (% of GDP),2001,0,,1
CPV,Cabo Verde,NY.GDP.NGAS.RT.ZS,Natural gas rents (% of GDP),2000,0,,1
CPV,Cabo Verde,NY.GDP.NGAS.RT.ZS,Natural gas rents (% of GDP),1999,0,,1
CPV,Cabo Verde,NY.GDP.NGAS.RT.ZS,Natural gas rents (% of GDP),1998,0,,1
CPV,Cabo Verde,NY.GDP.NGAS.RT.ZS,Natural gas rents (% of GDP),1997,0,,1
CPV,Cabo Verde,NY.GDP.NGAS.RT.ZS,Natural gas rents (% of GDP),1996,0,,1
CPV,Cabo Verde,NY.GDP.NGAS.RT.ZS,Natural gas rents (% of GDP),1995,0,,1
CPV,Cabo Verde,NY.GDP.NGAS.RT.ZS,Natural gas rents (% of GDP),1994,0,,1
CPV,Cabo Verde,NY.GDP.NGAS.RT.ZS,Natural gas rents (% of GDP),1993,0,,1
CPV,Cabo Verde,NY.GDP.NGAS.RT.ZS,Natural gas rents (% of GDP),1992,0,,1
CPV,Cabo Verde,NY.GDP.NGAS.RT.ZS,Natural gas rents (% of GDP),1991,0,,1
CPV,Cabo Verde,NY.GDP.NGAS.RT.ZS,Natural gas rents (% of GDP),1990,0,,1
CPV,Cabo Verde,NY.GDP.NGAS.RT.ZS,Natural gas rents (% of GDP),1989,0,,1
CPV,Cabo Verde,NY.GDP.NGAS.RT.ZS,Natural gas rents (% of GDP),1988,0,,1
CPV,Cabo Verde,NY.GDP.NGAS.RT.ZS,Natural gas rents (% of GDP),1987,0,,1
KHM,Cambodia,NY.GDP.NGAS.RT.ZS,Natural gas rents (% of GDP),2021,0,,1
KHM,Cambodia,NY.GDP.NGAS.RT.ZS,Natural gas rents (% of GDP),2020,0,,1
KHM,Cambodia,NY.GDP.NGAS.RT.ZS,Natural gas rents (% of GDP),2019,0,,1
KHM,Cambodia,NY.GDP.NGAS.RT.ZS,Natural gas rents (% of GDP),2018,0,,1
KHM,Cambodia,NY.GDP.NGAS.RT.ZS,Natural gas rents (% of GDP),2017,0,,1
KHM,Cambodia,NY.GDP.NGAS.RT.ZS,Natural gas rents (% of GDP),2016,0,,1
KHM,Cambodia,NY.GDP.NGAS.RT.ZS,Natural gas rents (% of GDP),2015,0,,1
KHM,Cambodia,NY.GDP.NGAS.RT.ZS,Natural gas rents (% of GDP),2014,0,,1
KHM,Cambodia,NY.GDP.NGAS.RT.ZS,Natural gas rents (% of GDP),2013,0,,1
KHM,Cambodia,NY.GDP.NGAS.RT.ZS,Natural gas rents (% of GDP),2012,0,,1
KHM,Cambodia,NY.GDP.NGAS.RT.ZS,Natural gas rents (% of GDP),2011,0,,1
KHM,Cambodia,NY.GDP.NGAS.RT.ZS,Natural gas rents (% of GDP),2010,0,,1
KHM,Cambodia,NY.GDP.NGAS.RT.ZS,Natural gas rents (% of GDP),2009,0,,1
KHM,Cambodia,NY.GDP.NGAS.RT.ZS,Natural gas rents (% of GDP),2008,0,,1
KHM,Cambodia,NY.GDP.NGAS.RT.ZS,Natural gas rents (% of GDP),2007,0,,1
KHM,Cambodia,NY.GDP.NGAS.RT.ZS,Natural gas rents (% of GDP),2006,0,,1
KHM,Cambodia,NY.GDP.NGAS.RT.ZS,Natural gas rents (% of GDP),2005,0,,1
KHM,Cambodia,NY.GDP.NGAS.RT.ZS,Natural gas rents (% of GDP),2004,0,,1
KHM,Cambodia,NY.GDP.NGAS.RT.ZS,Natural gas rents (% of GDP),2003,0,,1
KHM,Cambodia,NY.GDP.NGAS.RT.ZS,Natural gas rents (% of GDP),2002,0,,1
KHM,Cambodia,NY.GDP.NGAS.RT.ZS,Natural gas rents (% of GDP),2001,0,,1
KHM,Cambodia,NY.GDP.NGAS.RT.ZS,Natural gas rents (% of GDP),2000,0,,1
KHM,Cambodia,NY.GDP.NGAS.RT.ZS,Natural gas rents (% of GDP),1999,0,,1
KHM,Cambodia,NY.GDP.NGAS.RT.ZS,Natural gas rents (% of GDP),1998,0,,1
KHM,Cambodia,NY.GDP.NGAS.RT.ZS,Natural gas rents (% of GDP),1997,0,,1
KHM,Cambodia,NY.GDP.NGAS.RT.ZS,Natural gas rents (% of GDP),1996,0,,1
KHM,Cambodia,NY.GDP.NGAS.RT.ZS,Natural gas rents (% of GDP),1995,0,,1
KHM,Cambodia,NY.GDP.NGAS.RT.ZS,Natural gas rents (% of GDP),1994,0,,1
KHM,Cambodia,NY.GDP.NGAS.RT.ZS,Natural gas rents (% of GDP),1993,0,,1
CMR,Cameroon,NY.GDP.NGAS.RT.ZS,Natural gas rents (% of GDP),2021,0.584760671391585,,1
CMR,Cameroon,NY.GDP.NGAS.RT.ZS,Natural gas rents (% of GDP),2020,0.361296047441197,,1
CMR,Cameroon,NY.GDP.NGAS.RT.ZS,Natural gas rents (% of GDP),2019,0.49071048227931,,1
CMR,Cameroon,NY.GDP.NGAS.RT.ZS,Natural gas rents (% of GDP),2018,0.356813520977837,,1
CMR,Cameroon,NY.GDP.NGAS.RT.ZS,Natural gas rents (% of GDP),2017,0.0955529946977523,,1
CMR,Cameroon,NY.GDP.NGAS.RT.ZS,Natural gas rents (% of GDP),2016,0.075259562096555,,1
CMR,Cameroon,NY.GDP.NGAS.RT.ZS,Natural gas rents (% of GDP),2015,0.109547491948903,,1
CMR,Cameroon,NY.GDP.NGAS.RT.ZS,Natural gas rents (% of GDP),2014,0.122306805074881,,1
CMR,Cameroon,NY.GDP.NGAS.RT.ZS,Natural gas rents (% of GDP),2013,1.46664435257e-17,,1
CMR,Cameroon,NY.GDP.NGAS.RT.ZS,Natural gas rents (% of GDP),2012,0.0951680418324432,,1
CMR,Cameroon,NY.GDP.NGAS.RT.ZS,Natural gas rents (% of GDP),2011,0.049940575845557,,1
CMR,Cameroon,NY.GDP.NGAS.RT.ZS,Natural gas rents (% of GDP),2010,0.0529414980109188,,1
CMR,Cameroon,NY.GDP.NGAS.RT.ZS,Natural gas rents (% of GDP),2009,0.00447956662499743,,1
CMR,Cameroon,NY.GDP.NGAS.RT.ZS,Natural gas rents (% of GDP),2008,0.00527683548042512,,1
CMR,Cameroon,NY.GDP.NGAS.RT.ZS,Natural gas rents (% of GDP),2007,0.00493306401080332,,1
CMR,Cameroon,NY.GDP.NGAS.RT.ZS,Natural gas rents (% of GDP),2006,0.00585559949313202,,1
CMR,Cameroon,NY.GDP.NGAS.RT.ZS,Natural gas rents (% of GDP),2005,0.00212239577712391,,1
CMR,Cameroon,NY.GDP.NGAS.RT.ZS,Natural gas rents (% of GDP),2004,0,,1
CMR,Cameroon,NY.GDP.NGAS.RT.ZS,Natural gas rents (% of GDP),2003,0,,1
CMR,Cameroon,NY.GDP.NGAS.RT.ZS,Natural gas rents (% of GDP),2002,0,,1
CMR,Cameroon,NY.GDP.NGAS.RT.ZS,Natural gas rents (% of GDP),2001,0,,1
CMR,Cameroon,NY.GDP.NGAS.RT.ZS,Natural gas rents (% of GDP),2000,0,,1
CMR,Cameroon,NY.GDP.NGAS.RT.ZS,Natural gas rents (% of GDP),1999,0,,1
CMR,Cameroon,NY.GDP.NGAS.RT.ZS,Natural gas rents (% of GDP),1998,0,,1
CMR,Cameroon,NY.GDP.NGAS.RT.ZS,Natural gas rents (% of GDP),1997,0,,1
CMR,Cameroon,NY.GDP.NGAS.RT.ZS,Natural gas rents (% of GDP),1996,0,,1
CMR,Cameroon,NY.GDP.NGAS.RT.ZS,Natural gas rents (% of GDP),1995,0,,1
CMR,Cameroon,NY.GDP.NGAS.RT.ZS,Natural gas rents (% of GDP),1994,0,,1
CMR,Cameroon,NY.GDP.NGAS.RT.ZS,Natural gas rents (% of GDP),1993,0,,1
CMR,Cameroon,NY.GDP.NGAS.RT.ZS,Natural gas rents (% of GDP),1992,0,,1
CMR,Cameroon,NY.GDP.NGAS.RT.ZS,Natural gas rents (% of GDP),1991,0,,1
CMR,Cameroon,NY.GDP.NGAS.RT.ZS,Natural gas rents (% of GDP),1990,0,,1
CMR,Cameroon,NY.GDP.NGAS.RT.ZS,Natural gas rents (% of GDP),1989,0,,1
CMR,Cameroon,NY.GDP.NGAS.RT.ZS,Natural gas rents (% of GDP),1988,0,,1
CMR,Cameroon,NY.GDP.NGAS.RT.ZS,Natural gas rents (% of GDP),1987,0,,1
CMR,Cameroon,NY.GDP.NGAS.RT.ZS,Natural gas rents (% of GDP),1986,0,,1
CMR,Cameroon,NY.GDP.NGAS.RT.ZS,Natural gas rents (% of GDP),1985,0,,1
CMR,Cameroon,NY.GDP.NGAS.RT.ZS,Natural gas rents (% of GDP),1984,0,,1
CMR,Cameroon,NY.GDP.NGAS.RT.ZS,Natural gas rents (% of GDP),1983,0,,1
CMR,Cameroon,NY.GDP.NGAS.RT.ZS,Natural gas rents (% of GDP),1982,0,,1
CMR,Cameroon,NY.GDP.NGAS.RT.ZS,Natural gas rents (% of GDP),1981,0,,1
CMR,Cameroon,NY.GDP.NGAS.RT.ZS,Natural gas rents (% of GDP),1980,0,,1
CMR,Cameroon,NY.GDP.NGAS.RT.ZS,Natural gas rents (% of GDP),1979,0,,1
CMR,Cameroon,NY.GDP.NGAS.RT.ZS,Natural gas rents (% of GDP),1978,0,,1
CMR,Cameroon,NY.GDP.NGAS.RT.ZS,Natural gas rents (% of GDP),1977,0,,1
CMR,Cameroon,NY.GDP.NGAS.RT.ZS,Natural gas rents (% of GDP),1976,0,,1
CMR,Cameroon,NY.GDP.NGAS.RT.ZS,Natural gas rents (% of GDP),1975,0,,1
CMR,Cameroon,NY.GDP.NGAS.RT.ZS,Natural gas rents (% of GDP),1974,0,,1
CMR,Cameroon,NY.GDP.NGAS.RT.ZS,Natural gas rents (% of GDP),1973,0,,1
CMR,Cameroon,NY.GDP.NGAS.RT.ZS,Natural gas rents (% of GDP),1972,0,,1
CMR,Cameroon,NY.GDP.NGAS.RT.ZS,Natural gas rents (% of GDP),1971,0,,1
CAN,Canada,NY.GDP.NGAS.RT.ZS,Natural gas rents (% of GDP),2021,0.793958417895896,,1
CAN,Canada,NY.GDP.NGAS.RT.ZS,Natural gas rents (% of GDP),2020,0,,1
CAN,Canada,NY.GDP.NGAS.RT.ZS,Natural gas rents (% of GDP),2019,0,,1
CAN,Canada,NY.GDP.NGAS.RT.ZS,Natural gas rents (% of GDP),2018,0.0205383386190184,,1
CAN,Canada,NY.GDP.NGAS.RT.ZS,Natural gas rents (% of GDP),2017,0,,1
CAN,Canada,NY.GDP.NGAS.RT.ZS,Natural gas rents (% of GDP),2016,0,,1
CAN,Canada,NY.GDP.NGAS.RT.ZS,Natural gas rents (% of GDP),2015,0,,1
CAN,Canada,NY.GDP.NGAS.RT.ZS,Natural gas rents (% of GDP),2014,0.118317835064536,,1
CAN,Canada,NY.GDP.NGAS.RT.ZS,Natural gas rents (% of GDP),2013,0,,1
CAN,Canada,NY.GDP.NGAS.RT.ZS,Natural gas rents (% of GDP),2012,0,,1
CAN,Canada,NY.GDP.NGAS.RT.ZS,Natural gas rents (% of GDP),2011,0,,1
CAN,Canada,NY.GDP.NGAS.RT.ZS,Natural gas rents (% of GDP),2010,0,,1
CAN,Canada,NY.GDP.NGAS.RT.ZS,Natural gas rents (% of GDP),2009,0.129656375469644,,1
CAN,Canada,NY.GDP.NGAS.RT.ZS,Natural gas rents (% of GDP),2008,1.5731684213923,,1
CAN,Canada,NY.GDP.NGAS.RT.ZS,Natural gas rents (% of GDP),2007,1.1136047676712,,1
CAN,Canada,NY.GDP.NGAS.RT.ZS,Natural gas rents (% of GDP),2006,1.41752853523662,,1
CAN,Canada,NY.GDP.NGAS.RT.ZS,Natural gas rents (% of GDP),2005,3.22083898396214,,1
CAN,Canada,NY.GDP.NGAS.RT.ZS,Natural gas rents (% of GDP),2004,2.36322206157322,,1
CAN,Canada,NY.GDP.NGAS.RT.ZS,Natural gas rents (% of GDP),2003,2.64892897467011,,1
CAN,Canada,NY.GDP.NGAS.RT.ZS,Natural gas rents (% of GDP),2002,1.52405736696144,,1
CAN,Canada,NY.GDP.NGAS.RT.ZS,Natural gas rents (% of GDP),2001,2.24768527470397,,1
CAN,Canada,NY.GDP.NGAS.RT.ZS,Natural gas rents (% of GDP),2000,2.69008812026294,,1
CAN,Canada,NY.GDP.NGAS.RT.ZS,Natural gas rents (% of GDP),1999,1.19673708351473,,1
CAN,Canada,NY.GDP.NGAS.RT.ZS,Natural gas rents (% of GDP),1998,0.948852588336806,,1
CAN,Canada,NY.GDP.NGAS.RT.ZS,Natural gas rents (% of GDP),1997,1.28537701238966,,1
CAN,Canada,NY.GDP.NGAS.RT.ZS,Natural gas rents (% of GDP),1996,1.17352464599299,,1
CAN,Canada,NY.GDP.NGAS.RT.ZS,Natural gas rents (% of GDP),1995,0.596623247023328,,1
CAN,Canada,NY.GDP.NGAS.RT.ZS,Natural gas rents (% of GDP),1994,0.849171344883912,,1
CAN,Canada,NY.GDP.NGAS.RT.ZS,Natural gas rents (% of GDP),1993,0.990733550697472,,1
CAN,Canada,NY.GDP.NGAS.RT.ZS,Natural gas rents (% of GDP),1992,0.599039987027641,,1
CAN,Canada,NY.GDP.NGAS.RT.ZS,Natural gas rents (% of GDP),1991,0.289858797634096,,1
CAN,Canada,NY.GDP.NGAS.RT.ZS,Natural gas rents (% of GDP),1990,0.349427811582374,,1
CAN,Canada,NY.GDP.NGAS.RT.ZS,Natural gas rents (% of GDP),1989,0.396208226919289,,1
CAN,Canada,NY.GDP.NGAS.RT.ZS,Natural gas rents (% of GDP),1988,0.386410049774813,,1
CAN,Canada,NY.GDP.NGAS.RT.ZS,Natural gas rents (% of GDP),1987,0.581851693211679,,1
CAN,Canada,NY.GDP.NGAS.RT.ZS,Natural gas rents (% of GDP),1986,0.215695535730593,,1
CAN,Canada,NY.GDP.NGAS.RT.ZS,Natural gas rents (% of GDP),1985,1.01026569663988,,1
CAN,Canada,NY.GDP.NGAS.RT.ZS,Natural gas rents (% of GDP),1984,1.12473451428459,,1
CAN,Canada,NY.GDP.NGAS.RT.ZS,Natural gas rents (% of GDP),1983,0.98963206288441,,1
CAN,Canada,NY.GDP.NGAS.RT.ZS,Natural gas rents (% of GDP),1982,0.304784526479071,,1
CAN,Canada,NY.GDP.NGAS.RT.ZS,Natural gas rents (% of GDP),1981,1.46667244821244,,1
CAN,Canada,NY.GDP.NGAS.RT.ZS,Natural gas rents (% of GDP),1980,2.56694931882748,,1
CAN,Canada,NY.GDP.NGAS.RT.ZS,Natural gas rents (% of GDP),1979,2.90184676433781,,1
CAN,Canada,NY.GDP.NGAS.RT.ZS,Natural gas rents (% of GDP),1978,1.00869937722993,,1
CAN,Canada,NY.GDP.NGAS.RT.ZS,Natural gas rents (% of GDP),1977,1.10295864524684,,1
CAN,Canada,NY.GDP.NGAS.RT.ZS,Natural gas rents (% of GDP),1976,0.970374757005405,,1
CAN,Canada,NY.GDP.NGAS.RT.ZS,Natural gas rents (% of GDP),1975,1.10373747588184,,1
CAN,Canada,NY.GDP.NGAS.RT.ZS,Natural gas rents (% of GDP),1974,1.21748336294711,,1
CAN,Canada,NY.GDP.NGAS.RT.ZS,Natural gas rents (% of GDP),1973,0.1426426606558,,1
CAN,Canada,NY.GDP.NGAS.RT.ZS,Natural gas rents (% of GDP),1972,0.0588189994360263,,1
CAN,Canada,NY.GDP.NGAS.RT.ZS,Natural gas rents (% of GDP),1971,0.00304858493789551,,1
CAN,Canada,NY.GDP.NGAS.RT.ZS,Natural gas rents (% of GDP),1970,0,,1
CYM,Cayman Islands,NY.GDP.NGAS.RT.ZS,Natural gas rents (% of GDP),2021,0,,1
CYM,Cayman Islands,NY.GDP.NGAS.RT.ZS,Natural gas rents (% of GDP),2020,0,,1
CYM,Cayman Islands,NY.GDP.NGAS.RT.ZS,Natural gas rents (% of GDP),2019,0,,1
CYM,Cayman Islands,NY.GDP.NGAS.RT.ZS,Natural gas rents (% of GDP),2018,0,,1
CYM,Cayman Islands,NY.GDP.NGAS.RT.ZS,Natural gas rents (% of GDP),2017,0,,1
CYM,Cayman Islands,NY.GDP.NGAS.RT.ZS,Natural gas rents (% of GDP),2016,0,,1
CYM,Cayman Islands,NY.GDP.NGAS.RT.ZS,Natural gas rents (% of GDP),2015,0,,1
CYM,Cayman Islands,NY.GDP.NGAS.RT.ZS,Natural gas rents (% of GDP),2014,0,,1
CYM,Cayman Islands,NY.GDP.NGAS.RT.ZS,Natural gas rents (% of GDP),2013,0,,1
CYM,Cayman Islands,NY.GDP.NGAS.RT.ZS,Natural gas rents (% of GDP),2012,0,,1
CYM,Cayman Islands,NY.GDP.NGAS.RT.ZS,Natural gas rents (% of GDP),2011,0,,1
CYM,Cayman Islands,NY.GDP.NGAS.RT.ZS,Natural gas rents (% of GDP),2010,0,,1
CYM,Cayman Islands,NY.GDP.NGAS.RT.ZS,Natural gas rents (% of GDP),2009,0,,1
CYM,Cayman Islands,NY.GDP.NGAS.RT.ZS,Natural gas rents (% of GDP),2008,0,,1
CYM,Cayman Islands,NY.GDP.NGAS.RT.ZS,Natural gas rents (% of GDP),2007,0,,1
CYM,Cayman Islands,NY.GDP.NGAS.RT.ZS,Natural gas rents (% of GDP),2006,0,,1
CAF,Central African Republic,NY.GDP.NGAS.RT.ZS,Natural gas rents (% of GDP),2021,0,,1
CAF,Central African Republic,NY.GDP.NGAS.RT.ZS,Natural gas rents (% of GDP),2020,0,,1
CAF,Central African Republic,NY.GDP.NGAS.RT.ZS,Natural gas rents (% of GDP),2019,0,,1
CAF,Central African Republic,NY.GDP.NGAS.RT.ZS,Natural gas rents (% of GDP),2018,0,,1
CAF,Central African Republic,NY.GDP.NGAS.RT.ZS,Natural gas rents (% of GDP),2017,0,,1
CAF,Central African Republic,NY.GDP.NGAS.RT.ZS,Natural gas rents (% of GDP),2016,0,,1
CAF,Central African Republic,NY.GDP.NGAS.RT.ZS,Natural gas rents (% of GDP),2015,0,,1
CAF,Central African Republic,NY.GDP.NGAS.RT.ZS,Natural gas rents (% of GDP),2014,0,,1
CAF,Central African Republic,NY.GDP.NGAS.RT.ZS,Natural gas rents (% of GDP),2013,0,,1
CAF,Central African Republic,NY.GDP.NGAS.RT.ZS,Natural gas rents (% of GDP),2012,0,,1
CAF,Central African Republic,NY.GDP.NGAS.RT.ZS,Natural gas rents (% of GDP),2011,0,,1
CAF,Central African Republic,NY.GDP.NGAS.RT.ZS,Natural gas rents (% of GDP),2010,0,,1
CAF,Central African Republic,NY.GDP.NGAS.RT.ZS,Natural gas rents (% of GDP),2009,0,,1
CAF,Central African Republic,NY.GDP.NGAS.RT.ZS,Natural gas rents (% of GDP),2008,0,,1
CAF,Central African Republic,NY.GDP.NGAS.RT.ZS,Natural gas rents (% of GDP),2007,0,,1
CAF,Central African Republic,NY.GDP.NGAS.RT.ZS,Natural gas rents (% of GDP),2006,0,,1
CAF,Central African Republic,NY.GDP.NGAS.RT.ZS,Natural gas rents (% of GDP),2005,0,,1
CAF,Central African Republic,NY.GDP.NGAS.RT.ZS,Natural gas rents (% of GDP),2004,0,,1
CAF,Central African Republic,NY.GDP.NGAS.RT.ZS,Natural gas rents (% of GDP),2003,0,,1
CAF,Central African Republic,NY.GDP.NGAS.RT.ZS,Natural gas rents (% of GDP),2002,0,,1
CAF,Central African Republic,NY.GDP.NGAS.RT.ZS,Natural gas rents (% of GDP),2001,0,,1
CAF,Central African Republic,NY.GDP.NGAS.RT.ZS,Natural gas rents (% of GDP),2000,0,,1
CAF,Central African Republic,NY.GDP.NGAS.RT.ZS,Natural gas rents (% of GDP),1999,0,,1
CAF,Central African Republic,NY.GDP.NGAS.RT.ZS,Natural gas rents (% of GDP),1998,0,,1
CAF,Central African Republic,NY.GDP.NGAS.RT.ZS,Natural gas rents (% of GDP),1997,0,,1
CAF,Central African Republic,NY.GDP.NGAS.RT.ZS,Natural gas rents (% of GDP),1996,0,,1
CAF,Central African Republic,NY.GDP.NGAS.RT.ZS,Natural gas rents (% of GDP),1995,0,,1
CAF,Central African Republic,NY.GDP.NGAS.RT.ZS,Natural gas rents (% of GDP),1994,0,,1
CAF,Central African Republic,NY.GDP.NGAS.RT.ZS,Natural gas rents (% of GDP),1993,0,,1
CAF,Central African Republic,NY.GDP.NGAS.RT.ZS,Natural gas rents (% of GDP),1992,0,,1
CAF,Central African Republic,NY.GDP.NGAS.RT.ZS,Natural gas rents (% of GDP),1991,0,,1
CAF,Central African Republic,NY.GDP.NGAS.RT.ZS,Natural gas rents (% of GDP),1990,0,,1
CAF,Central African Republic,NY.GDP.NGAS.RT.ZS,Natural gas rents (% of GDP),1989,0,,1
CAF,Central African Republic,NY.GDP.NGAS.RT.ZS,Natural gas rents (% of GDP),1988,0,,1
CAF,Central African Republic,NY.GDP.NGAS.RT.ZS,Natural gas rents (% of GDP),1987,0,,1
CAF,Central African Republic,NY.GDP.NGAS.RT.ZS,Natural gas rents (% of GDP),1986,0,,1
CAF,Central African Republic,NY.GDP.NGAS.RT.ZS,Natural gas rents (% of GDP),1985,0,,1
CAF,Central African Republic,NY.GDP.NGAS.RT.ZS,Natural gas rents (% of GDP),1984,0,,1
CAF,Central African Republic,NY.GDP.NGAS.RT.ZS,Natural gas rents (% of GDP),1983,0,,1
CAF,Central African Republic,NY.GDP.NGAS.RT.ZS,Natural gas rents (% of GDP),1982,0,,1
CAF,Central African Republic,NY.GDP.NGAS.RT.ZS,Natural gas rents (% of GDP),1981,0,,1
CAF,Central African Republic,NY.GDP.NGAS.RT.ZS,Natural gas rents (% of GDP),1980,0,,1
TCD,Chad,NY.GDP.NGAS.RT.ZS,Natural gas rents (% of GDP),2021,0.013490946600622,,1
TCD,Chad,NY.GDP.NGAS.RT.ZS,Natural gas rents (% of GDP),2020,0.00367854634251894,,1
TCD,Chad,NY.GDP.NGAS.RT.ZS,Natural gas rents (% of GDP),2019,0,,1
TCD,Chad,NY.GDP.NGAS.RT.ZS,Natural gas rents (% of GDP),2018,0,,1
TCD,Chad,NY.GDP.NGAS.RT.ZS,Natural gas rents (% of GDP),2017,0,,1
TCD,Chad,NY.GDP.NGAS.RT.ZS,Natural gas rents (% of GDP),2016,0,,1
TCD,Chad,NY.GDP.NGAS.RT.ZS,Natural gas rents (% of GDP),2015,0,,1
TCD,Chad,NY.GDP.NGAS.RT.ZS,Natural gas rents (% of GDP),2014,0,,1
TCD,Chad,NY.GDP.NGAS.RT.ZS,Natural gas rents (% of GDP),2013,0,,1
TCD,Chad,NY.GDP.NGAS.RT.ZS,Natural gas rents (% of GDP),2012,0,,1
TCD,Chad,NY.GDP.NGAS.RT.ZS,Natural gas rents (% of GDP),2011,0,,1
TCD,Chad,NY.GDP.NGAS.RT.ZS,Natural gas rents (% of GDP),2010,0,,1
TCD,Chad,NY.GDP.NGAS.RT.ZS,Natural gas rents (% of GDP),2009,0,,1
TCD,Chad,NY.GDP.NGAS.RT.ZS,Natural gas rents (% of GDP),2008,0,,1
TCD,Chad,NY.GDP.NGAS.RT.ZS,Natural gas rents (% of GDP),2007,0,,1
TCD,Chad,NY.GDP.NGAS.RT.ZS,Natural gas rents (% of GDP),2006,0,,1
TCD,Chad,NY.GDP.NGAS.RT.ZS,Natural gas rents (% of GDP),2005,0,,1
TCD,Chad,NY.GDP.NGAS.RT.ZS,Natural gas rents (% of GDP),2004,0,,1
TCD,Chad,NY.GDP.NGAS.RT.ZS,Natural gas rents (% of GDP),2003,0,,1
TCD,Chad,NY.GDP.NGAS.RT.ZS,Natural gas rents (% of GDP),2002,0,,1
TCD,Chad,NY.GDP.NGAS.RT.ZS,Natural gas rents (% of GDP),2001,0,,1
TCD,Chad,NY.GDP.NGAS.RT.ZS,Natural gas rents (% of GDP),2000,0,,1
TCD,Chad,NY.GDP.NGAS.RT.ZS,Natural gas rents (% of GDP),1999,0,,1
TCD,Chad,NY.GDP.NGAS.RT.ZS,Natural gas rents (% of GDP),1998,0,,1
TCD,Chad,NY.GDP.NGAS.RT.ZS,Natural gas rents (% of GDP),1997,0,,1
TCD,Chad,NY.GDP.NGAS.RT.ZS,Natural gas rents (% of GDP),1996,0,,1
TCD,Chad,NY.GDP.NGAS.RT.ZS,Natural gas rents (% of GDP),1995,0,,1
TCD,Chad,NY.GDP.NGAS.RT.ZS,Natural gas rents (% of GDP),1994,0,,1
TCD,Chad,NY.GDP.NGAS.RT.ZS,Natural gas rents (% of GDP),1993,0,,1
TCD,Chad,NY.GDP.NGAS.RT.ZS,Natural gas rents (% of GDP),1992,0,,1
TCD,Chad,NY.GDP.NGAS.RT.ZS,Natural gas rents (% of GDP),1991,0,,1
TCD,Chad,NY.GDP.NGAS.RT.ZS,Natural gas rents (% of GDP),1990,0,,1
TCD,Chad,NY.GDP.NGAS.RT.ZS,Natural gas rents (% of GDP),1989,0,,1
TCD,Chad,NY.GDP.NGAS.RT.ZS,Natural gas rents (% of GDP),1988,0,,1
TCD,Chad,NY.GDP.NGAS.RT.ZS,Natural gas rents (% of GDP),1987,0,,1
TCD,Chad,NY.GDP.NGAS.RT.ZS,Natural gas rents (% of GDP),1986,0,,1
TCD,Chad,NY.GDP.NGAS.RT.ZS,Natural gas rents (% of GDP),1985,0,,1
TCD,Chad,NY.GDP.NGAS.RT.ZS,Natural gas rents (% of GDP),1984,0,,1
TCD,Chad,NY.GDP.NGAS.RT.ZS,Natural gas rents (% of GDP),1983,0,,1
TCD,Chad,NY.GDP.NGAS.RT.ZS,Natural gas rents (% of GDP),1982,0,,1
TCD,Chad,NY.GDP.NGAS.RT.ZS,Natural gas rents (% of GDP),1981,0,,1
TCD,Chad,NY.GDP.NGAS.RT.ZS,Natural gas rents (% of GDP),1980,0,,1
CHL,Chile,NY.GDP.NGAS.RT.ZS,Natural gas rents (% of GDP),2021,0.0213598763535539,,1
CHL,Chile,NY.GDP.NGAS.RT.ZS,Natural gas rents (% of GDP),2020,0.0143455551337787,,1
CHL,Chile,NY.GDP.NGAS.RT.ZS,Natural gas rents (% of GDP),2019,0.0313384615447608,,1
CHL,Chile,NY.GDP.NGAS.RT.ZS,Natural gas rents (% of GDP),2018,0.0228131047345746,,1
CHL,Chile,NY.GDP.NGAS.RT.ZS,Natural gas rents (% of GDP),2017,0.0100470032058539,,1
CHL,Chile,NY.GDP.NGAS.RT.ZS,Natural gas rents (% of GDP),2016,0.00818465808036596,,1
CHL,Chile,NY.GDP.NGAS.RT.ZS,Natural gas rents (% of GDP),2015,0.0163761783716805,,1
CHL,Chile,NY.GDP.NGAS.RT.ZS,Natural gas rents (% of GDP),2014,0.0237423341784095,,1
CHL,Chile,NY.GDP.NGAS.RT.ZS,Natural gas rents (% of GDP),2013,0.0300928851237097,,1
CHL,Chile,NY.GDP.NGAS.RT.ZS,Natural gas rents (% of GDP),2012,0.0362681843736354,,1
CHL,Chile,NY.GDP.NGAS.RT.ZS,Natural gas rents (% of GDP),2011,0.0440500118610045,,1
CHL,Chile,NY.GDP.NGAS.RT.ZS,Natural gas rents (% of GDP),2010,0.0282523464279479,,1
CHL,Chile,NY.GDP.NGAS.RT.ZS,Natural gas rents (% of GDP),2009,0.0505988665683244,,1
CHL,Chile,NY.GDP.NGAS.RT.ZS,Natural gas rents (% of GDP),2008,0.0413250084352478,,1
CHL,Chile,NY.GDP.NGAS.RT.ZS,Natural gas rents (% of GDP),2007,0.0395838125596647,,1
CHL,Chile,NY.GDP.NGAS.RT.ZS,Natural gas rents (% of GDP),2006,0.0384461522535262,,1
CHL,Chile,NY.GDP.NGAS.RT.ZS,Natural gas rents (% of GDP),2005,0.0355430214805236,,1
CHL,Chile,NY.GDP.NGAS.RT.ZS,Natural gas rents (% of GDP),2004,0.019692704959145,,1
CHL,Chile,NY.GDP.NGAS.RT.ZS,Natural gas rents (% of GDP),2003,0.0255686799154457,,1
CHL,Chile,NY.GDP.NGAS.RT.ZS,Natural gas rents (% of GDP),2002,0.0437175691931366,,1
CHL,Chile,NY.GDP.NGAS.RT.ZS,Natural gas rents (% of GDP),2001,0.0562807667278416,,1
CHL,Chile,NY.GDP.NGAS.RT.ZS,Natural gas rents (% of GDP),2000,0.0492733030540225,,1
CHL,Chile,NY.GDP.NGAS.RT.ZS,Natural gas rents (% of GDP),1999,0.025964022680054,,1
CHL,Chile,NY.GDP.NGAS.RT.ZS,Natural gas rents (% of GDP),1998,0.0140606516256155,,1
CHL,Chile,NY.GDP.NGAS.RT.ZS,Natural gas rents (% of GDP),1997,0.0198402199294848,,1
CHL,Chile,NY.GDP.NGAS.RT.ZS,Natural gas rents (% of GDP),1996,0.0220761655005779,,1
CHL,Chile,NY.GDP.NGAS.RT.ZS,Natural gas rents (% of GDP),1995,0.0225535114248099,,1
CHL,Chile,NY.GDP.NGAS.RT.ZS,Natural gas rents (% of GDP),1994,0.0347164019518358,,1
CHL,Chile,NY.GDP.NGAS.RT.ZS,Natural gas rents (% of GDP),1993,0.0423070875971118,,1
CHL,Chile,NY.GDP.NGAS.RT.ZS,Natural gas rents (% of GDP),1992,0.038321853889761,,1
CHL,Chile,NY.GDP.NGAS.RT.ZS,Natural gas rents (% of GDP),1991,0.0453311051993622,,1
CHL,Chile,NY.GDP.NGAS.RT.ZS,Natural gas rents (% of GDP),1990,0.0728562190095789,,1
CHL,Chile,NY.GDP.NGAS.RT.ZS,Natural gas rents (% of GDP),1989,0.0637259298853554,,1
CHL,Chile,NY.GDP.NGAS.RT.ZS,Natural gas rents (% of GDP),1988,0.0405319825729947,,1
CHL,Chile,NY.GDP.NGAS.RT.ZS,Natural gas rents (% of GDP),1987,0.0405633946803494,,1
CHL,Chile,NY.GDP.NGAS.RT.ZS,Natural gas rents (% of GDP),1986,0.0656320959297065,,1
CHL,Chile,NY.GDP.NGAS.RT.ZS,Natural gas rents (% of GDP),1985,0.0913946703167388,,1
CHL,Chile,NY.GDP.NGAS.RT.ZS,Natural gas rents (% of GDP),1984,0.0827549906491545,,1
CHL,Chile,NY.GDP.NGAS.RT.ZS,Natural gas rents (% of GDP),1983,0.0712456912340203,,1
CHL,Chile,NY.GDP.NGAS.RT.ZS,Natural gas rents (% of GDP),1982,0.00991716564722387,,1
CHL,Chile,NY.GDP.NGAS.RT.ZS,Natural gas rents (% of GDP),1981,0.0334080002016052,,1
CHL,Chile,NY.GDP.NGAS.RT.ZS,Natural gas rents (% of GDP),1980,0.0653228010732039,,1
CHL,Chile,NY.GDP.NGAS.RT.ZS,Natural gas rents (% of GDP),1979,0.0382826484491269,,1
CHL,Chile,NY.GDP.NGAS.RT.ZS,Natural gas rents (% of GDP),1978,0.0118442217382171,,1
CHL,Chile,NY.GDP.NGAS.RT.ZS,Natural gas rents (% of GDP),1977,0.00503328484438227,,1
CHL,Chile,NY.GDP.NGAS.RT.ZS,Natural gas rents (% of GDP),1976,0.0809842745964913,,1
CHL,Chile,NY.GDP.NGAS.RT.ZS,Natural gas rents (% of GDP),1975,0.0716004078776441,,1
CHL,Chile,NY.GDP.NGAS.RT.ZS,Natural gas rents (% of GDP),1974,0.0163020700804943,,1
CHL,Chile,NY.GDP.NGAS.RT.ZS,Natural gas rents (% of GDP),1973,0.00204283814136285,,1
CHL,Chile,NY.GDP.NGAS.RT.ZS,Natural gas rents (% of GDP),1972,0.00355018592876416,,1
CHL,Chile,NY.GDP.NGAS.RT.ZS,Natural gas rents (% of GDP),1971,0.00368457997830759,,1
CHL,Chile,NY.GDP.NGAS.RT.ZS,Natural gas rents (% of GDP),1970,0.00330830783321806,,1
CHN,China,NY.GDP.NGAS.RT.ZS,Natural gas rents (% of GDP),2021,0.210524604380993,,1
CHN,China,NY.GDP.NGAS.RT.ZS,Natural gas rents (% of GDP),2020,0.135539849767672,,1
CHN,China,NY.GDP.NGAS.RT.ZS,Natural gas rents (% of GDP),2019,0.160723457303557,,1
CHN,China,NY.GDP.NGAS.RT.ZS,Natural gas rents (% of GDP),2018,0.153295372359551,,1
CHN,China,NY.GDP.NGAS.RT.ZS,Natural gas rents (% of GDP),2017,0.106612708521095,,1
CHN,China,NY.GDP.NGAS.RT.ZS,Natural gas rents (% of GDP),2016,0.104843531709252,,1
CHN,China,NY.GDP.NGAS.RT.ZS,Natural gas rents (% of GDP),2015,0.134795850990954,,1
CHN,China,NY.GDP.NGAS.RT.ZS,Natural gas rents (% of GDP),2014,0.125698597465449,,1
CHN,China,NY.GDP.NGAS.RT.ZS,Natural gas rents (% of GDP),2013,0.0941454766793496,,1
CHN,China,NY.GDP.NGAS.RT.ZS,Natural gas rents (% of GDP),2012,0.101496660091287,,1
CHN,China,NY.GDP.NGAS.RT.ZS,Natural gas rents (% of GDP),2011,0.111272165477375,,1
CHN,China,NY.GDP.NGAS.RT.ZS,Natural gas rents (% of GDP),2010,0.114498931303681,,1
CHN,China,NY.GDP.NGAS.RT.ZS,Natural gas rents (% of GDP),2009,0.11303728959797,,1
CHN,China,NY.GDP.NGAS.RT.ZS,Natural gas rents (% of GDP),2008,0.117610932160963,,1
CHN,China,NY.GDP.NGAS.RT.ZS,Natural gas rents (% of GDP),2007,0.125539522363848,,1
CHN,China,NY.GDP.NGAS.RT.ZS,Natural gas rents (% of GDP),2006,0.142534786756028,,1
CHN,China,NY.GDP.NGAS.RT.ZS,Natural gas rents (% of GDP),2005,0.164824325904146,,1
CHN,China,NY.GDP.NGAS.RT.ZS,Natural gas rents (% of GDP),2004,0.156262243265364,,1
CHN,China,NY.GDP.NGAS.RT.ZS,Natural gas rents (% of GDP),2003,0.134315827720248,,1
CHN,China,NY.GDP.NGAS.RT.ZS,Natural gas rents (% of GDP),2002,0.114450402325318,,1
CHN,China,NY.GDP.NGAS.RT.ZS,Natural gas rents (% of GDP),2001,0.134243959482196,,1
CHN,China,NY.GDP.NGAS.RT.ZS,Natural gas rents (% of GDP),2000,0.14650852993033,,1
CHN,China,NY.GDP.NGAS.RT.ZS,Natural gas rents (% of GDP),1999,0.0962944519710737,,1
CHN,China,NY.GDP.NGAS.RT.ZS,Natural gas rents (% of GDP),1998,0.0857852995104412,,1
CHN,China,NY.GDP.NGAS.RT.ZS,Natural gas rents (% of GDP),1997,0.123887552681035,,1
CHN,China,NY.GDP.NGAS.RT.ZS,Natural gas rents (% of GDP),1996,0.11848025821498,,1
CHN,China,NY.GDP.NGAS.RT.ZS,Natural gas rents (% of GDP),1995,0.100748559616033,,1
CHN,China,NY.GDP.NGAS.RT.ZS,Natural gas rents (% of GDP),1994,0.123497618029488,,1
CHN,China,NY.GDP.NGAS.RT.ZS,Natural gas rents (% of GDP),1993,0.131100101339435,,1
CHN,China,NY.GDP.NGAS.RT.ZS,Natural gas rents (% of GDP),1992,0.110443553541784,,1
CHN,China,NY.GDP.NGAS.RT.ZS,Natural gas rents (% of GDP),1991,0.1124132027329,,1
CHN,China,NY.GDP.NGAS.RT.ZS,Natural gas rents (% of GDP),1990,0.137794047610542,,1
CHN,China,NY.GDP.NGAS.RT.ZS,Natural gas rents (% of GDP),1989,0.105879097731663,,1
CHN,China,NY.GDP.NGAS.RT.ZS,Natural gas rents (% of GDP),1988,0.102787699332707,,1
CHN,China,NY.GDP.NGAS.RT.ZS,Natural gas rents (% of GDP),1987,0.141300446141658,,1
CHN,China,NY.GDP.NGAS.RT.ZS,Natural gas rents (% of GDP),1986,0.143334745481363,,1
CHN,China,NY.GDP.NGAS.RT.ZS,Natural gas rents (% of GDP),1985,0.0848619176159509,,1
CHN,China,NY.GDP.NGAS.RT.ZS,Natural gas rents (% of GDP),1984,0.0757826807799267,,1
CHN,China,NY.GDP.NGAS.RT.ZS,Natural gas rents (% of GDP),1983,0.0652670367121731,,1
CHN,China,NY.GDP.NGAS.RT.ZS,Natural gas rents (% of GDP),1982,0.0321590932387949,,1
CHN,China,NY.GDP.NGAS.RT.ZS,Natural gas rents (% of GDP),1981,0.117879993566964,,1
CHN,China,NY.GDP.NGAS.RT.ZS,Natural gas rents (% of GDP),1980,0.322729870295346,,1
CHN,China,NY.GDP.NGAS.RT.ZS,Natural gas rents (% of GDP),1979,0.372525341825161,,1
CHN,China,NY.GDP.NGAS.RT.ZS,Natural gas rents (% of GDP),1978,0.298356152647044,,1
CHN,China,NY.GDP.NGAS.RT.ZS,Natural gas rents (% of GDP),1977,0.197542971292289,,1
CHN,China,NY.GDP.NGAS.RT.ZS,Natural gas rents (% of GDP),1976,0.199514391006454,,1
CHN,China,NY.GDP.NGAS.RT.ZS,Natural gas rents (% of GDP),1975,0.156379185078558,,1
CHN,China,NY.GDP.NGAS.RT.ZS,Natural gas rents (% of GDP),1974,0.0854365348821421,,1
CHN,China,NY.GDP.NGAS.RT.ZS,Natural gas rents (% of GDP),1973,0.0146021265650113,,1
CHN,China,NY.GDP.NGAS.RT.ZS,Natural gas rents (% of GDP),1972,0.00920335288272986,,1
CHN,China,NY.GDP.NGAS.RT.ZS,Natural gas rents (% of GDP),1971,0.0054312942933849,,1
CHN,China,NY.GDP.NGAS.RT.ZS,Natural gas rents (% of GDP),1970,0,,1
COL,Colombia,NY.GDP.NGAS.RT.ZS,Natural gas rents (% of GDP),2021,0.175988272187925,,1
COL,Colombia,NY.GDP.NGAS.RT.ZS,Natural gas rents (% of GDP),2020,0.124980430688447,,1
COL,Colombia,NY.GDP.NGAS.RT.ZS,Natural gas rents (% of GDP),2019,0.19571942392748,,1
COL,Colombia,NY.GDP.NGAS.RT.ZS,Natural gas rents (% of GDP),2018,0.174481375671232,,1
COL,Colombia,NY.GDP.NGAS.RT.ZS,Natural gas rents (% of GDP),2017,0.0740134626050438,,1
COL,Colombia,NY.GDP.NGAS.RT.ZS,Natural gas rents (% of GDP),2016,0.0625158675282947,,1
COL,Colombia,NY.GDP.NGAS.RT.ZS,Natural gas rents (% of GDP),2015,0.154268801916413,,1
COL,Colombia,NY.GDP.NGAS.RT.ZS,Natural gas rents (% of GDP),2014,0.249868141338717,,1
COL,Colombia,NY.GDP.NGAS.RT.ZS,Natural gas rents (% of GDP),2013,0.27873333434137,,1
COL,Colombia,NY.GDP.NGAS.RT.ZS,Natural gas rents (% of GDP),2012,0.245199962236551,,1
COL,Colombia,NY.GDP.NGAS.RT.ZS,Natural gas rents (% of GDP),2011,0.235528552582625,,1
COL,Colombia,NY.GDP.NGAS.RT.ZS,Natural gas rents (% of GDP),2010,0.126227349398466,,1
COL,Colombia,NY.GDP.NGAS.RT.ZS,Natural gas rents (% of GDP),2009,0.205016544784415,,1
COL,Colombia,NY.GDP.NGAS.RT.ZS,Natural gas rents (% of GDP),2008,0.153846594070654,,1
COL,Colombia,NY.GDP.NGAS.RT.ZS,Natural gas rents (% of GDP),2007,0.137520220909257,,1
COL,Colombia,NY.GDP.NGAS.RT.ZS,Natural gas rents (% of GDP),2006,0.138003736740983,,1
COL,Colombia,NY.GDP.NGAS.RT.ZS,Natural gas rents (% of GDP),2005,0.100445843787992,,1
COL,Colombia,NY.GDP.NGAS.RT.ZS,Natural gas rents (% of GDP),2004,0.0624997059439029,,1
COL,Colombia,NY.GDP.NGAS.RT.ZS,Natural gas rents (% of GDP),2003,0.0735630238143874,,1
COL,Colombia,NY.GDP.NGAS.RT.ZS,Natural gas rents (% of GDP),2002,0.0943543415243117,,1
COL,Colombia,NY.GDP.NGAS.RT.ZS,Natural gas rents (% of GDP),2001,0.119128827948719,,1
COL,Colombia,NY.GDP.NGAS.RT.ZS,Natural gas rents (% of GDP),2000,0.111515277869386,,1
COL,Colombia,NY.GDP.NGAS.RT.ZS,Natural gas rents (% of GDP),1999,0.064673624416215,,1
COL,Colombia,NY.GDP.NGAS.RT.ZS,Natural gas rents (% of GDP),1998,0.0470901919207675,,1
COL,Colombia,NY.GDP.NGAS.RT.ZS,Natural gas rents (% of GDP),1997,0.0539552977634069,,1
COL,Colombia,NY.GDP.NGAS.RT.ZS,Natural gas rents (% of GDP),1996,0.0473161137419421,,1
COL,Colombia,NY.GDP.NGAS.RT.ZS,Natural gas rents (% of GDP),1995,0.0460974047307293,,1
COL,Colombia,NY.GDP.NGAS.RT.ZS,Natural gas rents (% of GDP),1994,0.0607742835358483,,1
COL,Colombia,NY.GDP.NGAS.RT.ZS,Natural gas rents (% of GDP),1993,0.0834645375361317,,1
COL,Colombia,NY.GDP.NGAS.RT.ZS,Natural gas rents (% of GDP),1992,0.0736125390692444,,1
COL,Colombia,NY.GDP.NGAS.RT.ZS,Natural gas rents (% of GDP),1991,0.100203101977118,,1
COL,Colombia,NY.GDP.NGAS.RT.ZS,Natural gas rents (% of GDP),1990,0.123827884295904,,1
COL,Colombia,NY.GDP.NGAS.RT.ZS,Natural gas rents (% of GDP),1989,0.113496920436502,,1
COL,Colombia,NY.GDP.NGAS.RT.ZS,Natural gas rents (% of GDP),1988,0.0937686628666727,,1
COL,Colombia,NY.GDP.NGAS.RT.ZS,Natural gas rents (% of GDP),1987,0.110307064031435,,1
COL,Colombia,NY.GDP.NGAS.RT.ZS,Natural gas rents (% of GDP),1986,0.159059832733703,,1
COL,Colombia,NY.GDP.NGAS.RT.ZS,Natural gas rents (% of GDP),1985,0.190067064115417,,1
COL,Colombia,NY.GDP.NGAS.RT.ZS,Natural gas rents (% of GDP),1984,0.176121214519172,,1
COL,Colombia,NY.GDP.NGAS.RT.ZS,Natural gas rents (% of GDP),1983,0.111165543903119,,1
COL,Colombia,NY.GDP.NGAS.RT.ZS,Natural gas rents (% of GDP),1982,0.0211484248551719,,1
COL,Colombia,NY.GDP.NGAS.RT.ZS,Natural gas rents (% of GDP),1981,0.107367436318633,,1
COL,Colombia,NY.GDP.NGAS.RT.ZS,Natural gas rents (% of GDP),1980,0.179099352689446,,1
COL,Colombia,NY.GDP.NGAS.RT.ZS,Natural gas rents (% of GDP),1979,0.0761920482064286,,1
COL,Colombia,NY.GDP.NGAS.RT.ZS,Natural gas rents (% of GDP),1978,0.0118828050147876,,1
COL,Colombia,NY.GDP.NGAS.RT.ZS,Natural gas rents (% of GDP),1977,0.00451675375372787,,1
COL,Colombia,NY.GDP.NGAS.RT.ZS,Natural gas rents (% of GDP),1976,0.068185364348838,,1
COL,Colombia,NY.GDP.NGAS.RT.ZS,Natural gas rents (% of GDP),1975,0.0801917665400931,,1
COL,Colombia,NY.GDP.NGAS.RT.ZS,Natural gas rents (% of GDP),1974,0.0520234776352319,,1
COL,Colombia,NY.GDP.NGAS.RT.ZS,Natural gas rents (% of GDP),1973,0.00807806848050281,,1
COL,Colombia,NY.GDP.NGAS.RT.ZS,Natural gas rents (% of GDP),1972,0.00943243568113159,,1
COL,Colombia,NY.GDP.NGAS.RT.ZS,Natural gas rents (% of GDP),1971,0.00807087787730646,,1
COL,Colombia,NY.GDP.NGAS.RT.ZS,Natural gas rents (% of GDP),1970,0.00519020826125749,,1
COM,Comoros,NY.GDP.NGAS.RT.ZS,Natural gas rents (% of GDP),2021,0,,1
COM,Comoros,NY.GDP.NGAS.RT.ZS,Natural gas rents (% of GDP),2020,0,,1
COM,Comoros,NY.GDP.NGAS.RT.ZS,Natural gas rents (% of GDP),2019,0,,1
COM,Comoros,NY.GDP.NGAS.RT.ZS,Natural gas rents (% of GDP),2018,0,,1
COM,Comoros,NY.GDP.NGAS.RT.ZS,Natural gas rents (% of GDP),2017,0,,1
COM,Comoros,NY.GDP.NGAS.RT.ZS,Natural gas rents (% of GDP),2016,0,,1
COM,Comoros,NY.GDP.NGAS.RT.ZS,Natural gas rents (% of GDP),2015,0,,1
COM,Comoros,NY.GDP.NGAS.RT.ZS,Natural gas rents (% of GDP),2014,0,,1
COM,Comoros,NY.GDP.NGAS.RT.ZS,Natural gas rents (% of GDP),2013,0,,1
COM,Comoros,NY.GDP.NGAS.RT.ZS,Natural gas rents (% of GDP),2012,0,,1
COM,Comoros,NY.GDP.NGAS.RT.ZS,Natural gas rents (% of GDP),2011,0,,1
COM,Comoros,NY.GDP.NGAS.RT.ZS,Natural gas rents (% of GDP),2010,0,,1
COM,Comoros,NY.GDP.NGAS.RT.ZS,Natural gas rents (% of GDP),2009,0,,1
COM,Comoros,NY.GDP.NGAS.RT.ZS,Natural gas rents (% of GDP),2008,0,,1
COM,Comoros,NY.GDP.NGAS.RT.ZS,Natural gas rents (% of GDP),2007,0,,1
COM,Comoros,NY.GDP.NGAS.RT.ZS,Natural gas rents (% of GDP),2006,0,,1
COM,Comoros,NY.GDP.NGAS.RT.ZS,Natural gas rents (% of GDP),2005,0,,1
COM,Comoros,NY.GDP.NGAS.RT.ZS,Natural gas rents (% of GDP),2004,0,,1
COM,Comoros,NY.GDP.NGAS.RT.ZS,Natural gas rents (% of GDP),2003,0,,1
COM,Comoros,NY.GDP.NGAS.RT.ZS,Natural gas rents (% of GDP),2002,0,,1
COM,Comoros,NY.GDP.NGAS.RT.ZS,Natural gas rents (% of GDP),2001,0,,1
COM,Comoros,NY.GDP.NGAS.RT.ZS,Natural gas rents (% of GDP),2000,0,,1
COM,Comoros,NY.GDP.NGAS.RT.ZS,Natural gas rents (% of GDP),1999,0,,1
COM,Comoros,NY.GDP.NGAS.RT.ZS,Natural gas rents (% of GDP),1998,0,,1
COM,Comoros,NY.GDP.NGAS.RT.ZS,Natural gas rents (% of GDP),1997,0,,1
COM,Comoros,NY.GDP.NGAS.RT.ZS,Natural gas rents (% of GDP),1996,0,,1
COM,Comoros,NY.GDP.NGAS.RT.ZS,Natural gas rents (% of GDP),1995,0,,1
COM,Comoros,NY.GDP.NGAS.RT.ZS,Natural gas rents (% of GDP),1994,0,,1
COM,Comoros,NY.GDP.NGAS.RT.ZS,Natural gas rents (% of GDP),1993,0,,1
COM,Comoros,NY.GDP.NGAS.RT.ZS,Natural gas rents (% of GDP),1992,0,,1
COM,Comoros,NY.GDP.NGAS.RT.ZS,Natural gas rents (% of GDP),1991,0,,1
COM,Comoros,NY.GDP.NGAS.RT.ZS,Natural gas rents (% of GDP),1990,0,,1
COM,Comoros,NY.GDP.NGAS.RT.ZS,Natural gas rents (% of GDP),1989,0,,1
COM,Comoros,NY.GDP.NGAS.RT.ZS,Natural gas rents (% of GDP),1988,0,,1
COM,Comoros,NY.GDP.NGAS.RT.ZS,Natural gas rents (% of GDP),1987,0,,1
COM,Comoros,NY.GDP.NGAS.RT.ZS,Natural gas rents (% of GDP),1986,0,,1
COM,Comoros,NY.GDP.NGAS.RT.ZS,Natural gas rents (% of GDP),1985,0,,1
COM,Comoros,NY.GDP.NGAS.RT.ZS,Natural gas rents (% of GDP),1984,0,,1
COM,Comoros,NY.GDP.NGAS.RT.ZS,Natural gas rents (% of GDP),1983,0,,1
COM,Comoros,NY.GDP.NGAS.RT.ZS,Natural gas rents (% of GDP),1982,0,,1
COM,Comoros,NY.GDP.NGAS.RT.ZS,Natural gas rents (% of GDP),1981,0,,1
COM,Comoros,NY.GDP.NGAS.RT.ZS,Natural gas rents (% of GDP),1980,0,,1
COD,"Congo, Dem. Rep.",NY.GDP.NGAS.RT.ZS,Natural gas rents (% of GDP),2021,0,,1
COD,"Congo, Dem. Rep.",NY.GDP.NGAS.RT.ZS,Natural gas rents (% of GDP),2020,0,,1
COD,"Congo, Dem. Rep.",NY.GDP.NGAS.RT.ZS,Natural gas rents (% of GDP),2019,6.04172796864765e-05,,1
COD,"Congo, Dem. Rep.",NY.GDP.NGAS.RT.ZS,Natural gas rents (% of GDP),2018,6.12298906058406e-05,,1
COD,"Congo, Dem. Rep.",NY.GDP.NGAS.RT.ZS,Natural gas rents (% of GDP),2017,4.85414901302104e-05,,1
COD,"Congo, Dem. Rep.",NY.GDP.NGAS.RT.ZS,Natural gas rents (% of GDP),2016,4.59100664006211e-05,,1
COD,"Congo, Dem. Rep.",NY.GDP.NGAS.RT.ZS,Natural gas rents (% of GDP),2015,0.00021856597277561,,1
COD,"Congo, Dem. Rep.",NY.GDP.NGAS.RT.ZS,Natural gas rents (% of GDP),2014,0.000561016888275066,,1
COD,"Congo, Dem. Rep.",NY.GDP.NGAS.RT.ZS,Natural gas rents (% of GDP),2011,0.00957307017895588,,1
COD,"Congo, Dem. Rep.",NY.GDP.NGAS.RT.ZS,Natural gas rents (% of GDP),2010,0.00779976296726188,,1
COD,"Congo, Dem. Rep.",NY.GDP.NGAS.RT.ZS,Natural gas rents (% of GDP),2009,0.00813765944593777,,1
COD,"Congo, Dem. Rep.",NY.GDP.NGAS.RT.ZS,Natural gas rents (% of GDP),2008,0.00896323541592904,,1
COD,"Congo, Dem. Rep.",NY.GDP.NGAS.RT.ZS,Natural gas rents (% of GDP),2007,0.00855333648062325,,1
COD,"Congo, Dem. Rep.",NY.GDP.NGAS.RT.ZS,Natural gas rents (% of GDP),2006,0.00513769571119614,,1
COD,"Congo, Dem. Rep.",NY.GDP.NGAS.RT.ZS,Natural gas rents (% of GDP),2005,0,,1
COD,"Congo, Dem. Rep.",NY.GDP.NGAS.RT.ZS,Natural gas rents (% of GDP),2004,0,,1
COD,"Congo, Dem. Rep.",NY.GDP.NGAS.RT.ZS,Natural gas rents (% of GDP),2003,0,,1
COD,"Congo, Dem. Rep.",NY.GDP.NGAS.RT.ZS,Natural gas rents (% of GDP),2002,0,,1
COD,"Congo, Dem. Rep.",NY.GDP.NGAS.RT.ZS,Natural gas rents (% of GDP),2001,0,,1
COD,"Congo, Dem. Rep.",NY.GDP.NGAS.RT.ZS,Natural gas rents (% of GDP),2000,0,,1
COD,"Congo, Dem. Rep.",NY.GDP.NGAS.RT.ZS,Natural gas rents (% of GDP),1999,0,,1
COD,"Congo, Dem. Rep.",NY.GDP.NGAS.RT.ZS,Natural gas rents (% of GDP),1998,0,,1
COD,"Congo, Dem. Rep.",NY.GDP.NGAS.RT.ZS,Natural gas rents (% of GDP),1997,0,,1
COD,"Congo, Dem. Rep.",NY.GDP.NGAS.RT.ZS,Natural gas rents (% of GDP),1996,0,,1
COD,"Congo, Dem. Rep.",NY.GDP.NGAS.RT.ZS,Natural gas rents (% of GDP),1995,0,,1
COD,"Congo, Dem. Rep.",NY.GDP.NGAS.RT.ZS,Natural gas rents (% of GDP),1994,0,,1
COD,"Congo, Dem. Rep.",NY.GDP.NGAS.RT.ZS,Natural gas rents (% of GDP),1993,0,,1
COD,"Congo, Dem. Rep.",NY.GDP.NGAS.RT.ZS,Natural gas rents (% of GDP),1992,0,,1
COD,"Congo, Dem. Rep.",NY.GDP.NGAS.RT.ZS,Natural gas rents (% of GDP),1991,0,,1
COD,"Congo, Dem. Rep.",NY.GDP.NGAS.RT.ZS,Natural gas rents (% of GDP),1990,0,,1
COD,"Congo, Dem. Rep.",NY.GDP.NGAS.RT.ZS,Natural gas rents (% of GDP),1989,0,,1
COD,"Congo, Dem. Rep.",NY.GDP.NGAS.RT.ZS,Natural gas rents (% of GDP),1988,0,,1
COD,"Congo, Dem. Rep.",NY.GDP.NGAS.RT.ZS,Natural gas rents (% of GDP),1987,0,,1
COD,"Congo, Dem. Rep.",NY.GDP.NGAS.RT.ZS,Natural gas rents (% of GDP),1986,0,,1
COD,"Congo, Dem. Rep.",NY.GDP.NGAS.RT.ZS,Natural gas rents (% of GDP),1985,0,,1
COD,"Congo, Dem. Rep.",NY.GDP.NGAS.RT.ZS,Natural gas rents (% of GDP),1984,0,,1
COD,"Congo, Dem. Rep.",NY.GDP.NGAS.RT.ZS,Natural gas rents (% of GDP),1983,0,,1
COD,"Congo, Dem. Rep.",NY.GDP.NGAS.RT.ZS,Natural gas rents (% of GDP),1982,0,,1
COD,"Congo, Dem. Rep.",NY.GDP.NGAS.RT.ZS,Natural gas rents (% of GDP),1981,0,,1
COD,"Congo, Dem. Rep.",NY.GDP.NGAS.RT.ZS,Natural gas rents (% of GDP),1980,0,,1
COD,"Congo, Dem. Rep.",NY.GDP.NGAS.RT.ZS,Natural gas rents (% of GDP),1979,0,,1
COD,"Congo, Dem. Rep.",NY.GDP.NGAS.RT.ZS,Natural gas rents (% of GDP),1978,0,,1
COD,"Congo, Dem. Rep.",NY.GDP.NGAS.RT.ZS,Natural gas rents (% of GDP),1977,0,,1
COD,"Congo, Dem. Rep.",NY.GDP.NGAS.RT.ZS,Natural gas rents (% of GDP),1976,0,,1
COD,"Congo, Dem. Rep.",NY.GDP.NGAS.RT.ZS,Natural gas rents (% of GDP),1975,0,,1
COD,"Congo, Dem. Rep.",NY.GDP.NGAS.RT.ZS,Natural gas rents (% of GDP),1974,0,,1
COD,"Congo, Dem. Rep.",NY.GDP.NGAS.RT.ZS,Natural gas rents (% of GDP),1973,0,,1
COD,"Congo, Dem. Rep.",NY.GDP.NGAS.RT.ZS,Natural gas rents (% of GDP),1972,0,,1
COD,"Congo, Dem. Rep.",NY.GDP.NGAS.RT.ZS,Natural gas rents (% of GDP),1971,0,,1
COG,"Congo, Rep.",NY.GDP.NGAS.RT.ZS,Natural gas rents (% of GDP),2021,0.356926091847818,,1
COG,"Congo, Rep.",NY.GDP.NGAS.RT.ZS,Natural gas rents (% of GDP),2020,0.238426693941222,,1
COG,"Congo, Rep.",NY.GDP.NGAS.RT.ZS,Natural gas rents (% of GDP),2019,0.374465630241367,,1
COG,"Congo, Rep.",NY.GDP.NGAS.RT.ZS,Natural gas rents (% of GDP),2018,0.562029195762642,,1
COG,"Congo, Rep.",NY.GDP.NGAS.RT.ZS,Natural gas rents (% of GDP),2017,0.435295524625467,,1
COG,"Congo, Rep.",NY.GDP.NGAS.RT.ZS,Natural gas rents (% of GDP),2016,0.388986974310453,,1
COG,"Congo, Rep.",NY.GDP.NGAS.RT.ZS,Natural gas rents (% of GDP),2015,0.529950921594635,,1
COG,"Congo, Rep.",NY.GDP.NGAS.RT.ZS,Natural gas rents (% of GDP),2014,0.491681471556293,,1
COG,"Congo, Rep.",NY.GDP.NGAS.RT.ZS,Natural gas rents (% of GDP),2013,0.90171887030378,,1
COG,"Congo, Rep.",NY.GDP.NGAS.RT.ZS,Natural gas rents (% of GDP),2012,0.697104154265071,,1
COG,"Congo, Rep.",NY.GDP.NGAS.RT.ZS,Natural gas rents (% of GDP),2011,0.749128501169339,,1
COG,"Congo, Rep.",NY.GDP.NGAS.RT.ZS,Natural gas rents (% of GDP),2010,0.490499136773879,,1
COG,"Congo, Rep.",NY.GDP.NGAS.RT.ZS,Natural gas rents (% of GDP),2009,0.34102428913248,,1
COG,"Congo, Rep.",NY.GDP.NGAS.RT.ZS,Natural gas rents (% of GDP),2008,0.232242539355073,,1
COG,"Congo, Rep.",NY.GDP.NGAS.RT.ZS,Natural gas rents (% of GDP),2007,0.194880093886761,,1
COG,"Congo, Rep.",NY.GDP.NGAS.RT.ZS,Natural gas rents (% of GDP),2006,0.136515195916912,,1
COG,"Congo, Rep.",NY.GDP.NGAS.RT.ZS,Natural gas rents (% of GDP),2005,0.0373602563649983,,1
COG,"Congo, Rep.",NY.GDP.NGAS.RT.ZS,Natural gas rents (% of GDP),2002,0,,1
COG,"Congo, Rep.",NY.GDP.NGAS.RT.ZS,Natural gas rents (% of GDP),2001,0,,1
COG,"Congo, Rep.",NY.GDP.NGAS.RT.ZS,Natural gas rents (% of GDP),2000,0,,1
COG,"Congo, Rep.",NY.GDP.NGAS.RT.ZS,Natural gas rents (% of GDP),1999,0,,1
COG,"Congo, Rep.",NY.GDP.NGAS.RT.ZS,Natural gas rents (% of GDP),1998,0,,1
COG,"Congo, Rep.",NY.GDP.NGAS.RT.ZS,Natural gas rents (% of GDP),1997,0,,1
COG,"Congo, Rep.",NY.GDP.NGAS.RT.ZS,Natural gas rents (% of GDP),1996,0,,1
COG,"Congo, Rep.",NY.GDP.NGAS.RT.ZS,Natural gas rents (% of GDP),1995,0,,1
COG,"Congo, Rep.",NY.GDP.NGAS.RT.ZS,Natural gas rents (% of GDP),1994,0,,1
COG,"Congo, Rep.",NY.GDP.NGAS.RT.ZS,Natural gas rents (% of GDP),1993,0,,1
COG,"Congo, Rep.",NY.GDP.NGAS.RT.ZS,Natural gas rents (% of GDP),1992,0,,1
COG,"Congo, Rep.",NY.GDP.NGAS.RT.ZS,Natural gas rents (% of GDP),1991,0,,1
COG,"Congo, Rep.",NY.GDP.NGAS.RT.ZS,Natural gas rents (% of GDP),1990,0,,1
COG,"Congo, Rep.",NY.GDP.NGAS.RT.ZS,Natural gas rents (% of GDP),1989,0,,1
COG,"Congo, Rep.",NY.GDP.NGAS.RT.ZS,Natural gas rents (% of GDP),1988,0,,1
COG,"Congo, Rep.",NY.GDP.NGAS.RT.ZS,Natural gas rents (% of GDP),1987,0.0313491024686438,,1
COG,"Congo, Rep.",NY.GDP.NGAS.RT.ZS,Natural gas rents (% of GDP),1986,0.0096329814021158,,1
COG,"Congo, Rep.",NY.GDP.NGAS.RT.ZS,Natural gas rents (% of GDP),1985,0.0337013691848965,,1
COG,"Congo, Rep.",NY.GDP.NGAS.RT.ZS,Natural gas rents (% of GDP),1984,0.0117026531626422,,1
COG,"Congo, Rep.",NY.GDP.NGAS.RT.ZS,Natural gas rents (% of GDP),1983,0.0126376939117345,,1
COG,"Congo, Rep.",NY.GDP.NGAS.RT.ZS,Natural gas rents (% of GDP),1982,0.00350211059147758,,1
COG,"Congo, Rep.",NY.GDP.NGAS.RT.ZS,Natural gas rents (% of GDP),1981,0.0107724316754048,,1
COG,"Congo, Rep.",NY.GDP.NGAS.RT.ZS,Natural gas rents (% of GDP),1980,0.0187707325735457,,1
CRI,Costa Rica,NY.GDP.NGAS.RT.ZS,Natural gas rents (% of GDP),2021,0,,1
CRI,Costa Rica,NY.GDP.NGAS.RT.ZS,Natural gas rents (% of GDP),2020,0,,1
CRI,Costa Rica,NY.GDP.NGAS.RT.ZS,Natural gas rents (% of GDP),2019,0,,1
CRI,Costa Rica,NY.GDP.NGAS.RT.ZS,Natural gas rents (% of GDP),2018,0,,1
CRI,Costa Rica,NY.GDP.NGAS.RT.ZS,Natural gas rents (% of GDP),2017,0,,1
CRI,Costa Rica,NY.GDP.NGAS.RT.ZS,Natural gas rents (% of GDP),2016,0,,1
CRI,Costa Rica,NY.GDP.NGAS.RT.ZS,Natural gas rents (% of GDP),2015,0,,1
CRI,Costa Rica,NY.GDP.NGAS.RT.ZS,Natural gas rents (% of GDP),2014,0,,1
CRI,Costa Rica,NY.GDP.NGAS.RT.ZS,Natural gas rents (% of GDP),2013,0,,1
CRI,Costa Rica,NY.GDP.NGAS.RT.ZS,Natural gas rents (% of GDP),2012,0,,1
CRI,Costa Rica,NY.GDP.NGAS.RT.ZS,Natural gas rents (% of GDP),2011,0,,1
CRI,Costa Rica,NY.GDP.NGAS.RT.ZS,Natural gas rents (% of GDP),2010,0,,1
CRI,Costa Rica,NY.GDP.NGAS.RT.ZS,Natural gas rents (% of GDP),2009,0,,1
CRI,Costa Rica,NY.GDP.NGAS.RT.ZS,Natural gas rents (% of GDP),2008,0,,1
CRI,Costa Rica,NY.GDP.NGAS.RT.ZS,Natural gas rents (% of GDP),2007,0,,1
CRI,Costa Rica,NY.GDP.NGAS.RT.ZS,Natural gas rents (% of GDP),2006,0,,1
CRI,Costa Rica,NY.GDP.NGAS.RT.ZS,Natural gas rents (% of GDP),2005,0,,1
CRI,Costa Rica,NY.GDP.NGAS.RT.ZS,Natural gas rents (% of GDP),2004,0,,1
CRI,Costa Rica,NY.GDP.NGAS.RT.ZS,Natural gas rents (% of GDP),2003,0,,1
CRI,Costa Rica,NY.GDP.NGAS.RT.ZS,Natural gas rents (% of GDP),2002,0,,1
CRI,Costa Rica,NY.GDP.NGAS.RT.ZS,Natural gas rents (% of GDP),2001,0,,1
CRI,Costa Rica,NY.GDP.NGAS.RT.ZS,Natural gas rents (% of GDP),2000,0,,1
CRI,Costa Rica,NY.GDP.NGAS.RT.ZS,Natural gas rents (% of GDP),1999,0,,1
CRI,Costa Rica,NY.GDP.NGAS.RT.ZS,Natural gas rents (% of GDP),1998,0,,1
CRI,Costa Rica,NY.GDP.NGAS.RT.ZS,Natural gas rents (% of GDP),1997,0,,1
CRI,Costa Rica,NY.GDP.NGAS.RT.ZS,Natural gas rents (% of GDP),1996,0,,1
CRI,Costa Rica,NY.GDP.NGAS.RT.ZS,Natural gas rents (% of GDP),1995,0,,1
CRI,Costa Rica,NY.GDP.NGAS.RT.ZS,Natural gas rents (% of GDP),1994,0,,1
CRI,Costa Rica,NY.GDP.NGAS.RT.ZS,Natural gas rents (% of GDP),1993,0,,1
CRI,Costa Rica,NY.GDP.NGAS.RT.ZS,Natural gas rents (% of GDP),1992,0,,1
CRI,Costa Rica,NY.GDP.NGAS.RT.ZS,Natural gas rents (% of GDP),1991,0,,1
CRI,Costa Rica,NY.GDP.NGAS.RT.ZS,Natural gas rents (% of GDP),1990,0,,1
CRI,Costa Rica,NY.GDP.NGAS.RT.ZS,Natural gas rents (% of GDP),1989,0,,1
CRI,Costa Rica,NY.GDP.NGAS.RT.ZS,Natural gas rents (% of GDP),1988,0,,1
CRI,Costa Rica,NY.GDP.NGAS.RT.ZS,Natural gas rents (% of GDP),1987,0,,1
CRI,Costa Rica,NY.GDP.NGAS.RT.ZS,Natural gas rents (% of GDP),1986,0,,1
CRI,Costa Rica,NY.GDP.NGAS.RT.ZS,Natural gas rents (% of GDP),1985,0,,1
CRI,Costa Rica,NY.GDP.NGAS.RT.ZS,Natural gas rents (% of GDP),1984,0,,1
CRI,Costa Rica,NY.GDP.NGAS.RT.ZS,Natural gas rents (% of GDP),1983,0,,1
CRI,Costa Rica,NY.GDP.NGAS.RT.ZS,Natural gas rents (% of GDP),1982,0,,1
CRI,Costa Rica,NY.GDP.NGAS.RT.ZS,Natural gas rents (% of GDP),1981,0,,1
CRI,Costa Rica,NY.GDP.NGAS.RT.ZS,Natural gas rents (% of GDP),1980,0,,1
CRI,Costa Rica,NY.GDP.NGAS.RT.ZS,Natural gas rents (% of GDP),1979,0,,1
CRI,Costa Rica,NY.GDP.NGAS.RT.ZS,Natural gas rents (% of GDP),1978,0,,1
CRI,Costa Rica,NY.GDP.NGAS.RT.ZS,Natural gas rents (% of GDP),1977,0,,1
CRI,Costa Rica,NY.GDP.NGAS.RT.ZS,Natural gas rents (% of GDP),1976,0,,1
CRI,Costa Rica,NY.GDP.NGAS.RT.ZS,Natural gas rents (% of GDP),1975,0,,1
CRI,Costa Rica,NY.GDP.NGAS.RT.ZS,Natural gas rents (% of GDP),1974,0,,1
CRI,Costa Rica,NY.GDP.NGAS.RT.ZS,Natural gas rents (% of GDP),1973,0,,1
CRI,Costa Rica,NY.GDP.NGAS.RT.ZS,Natural gas rents (% of GDP),1972,0,,1
CRI,Costa Rica,NY.GDP.NGAS.RT.ZS,Natural gas rents (% of GDP),1971,0,,1
CIV,Cote d'Ivoire,NY.GDP.NGAS.RT.ZS,Natural gas rents (% of GDP),2021,0.309353155239366,,1
CIV,Cote d'Ivoire,NY.GDP.NGAS.RT.ZS,Natural gas rents (% of GDP),2020,0.177485744990039,,1
CIV,Cote d'Ivoire,NY.GDP.NGAS.RT.ZS,Natural gas rents (% of GDP),2019,0.218403089389861,,1
CIV,Cote d'Ivoire,NY.GDP.NGAS.RT.ZS,Natural gas rents (% of GDP),2018,0.253454611297185,,1
CIV,Cote d'Ivoire,NY.GDP.NGAS.RT.ZS,Natural gas rents (% of GDP),2017,0.186969561218541,,1
CIV,Cote d'Ivoire,NY.GDP.NGAS.RT.ZS,Natural gas rents (% of GDP),2016,0.178681873738581,,1
CIV,Cote d'Ivoire,NY.GDP.NGAS.RT.ZS,Natural gas rents (% of GDP),2015,0.261322774444977,,1
CIV,Cote d'Ivoire,NY.GDP.NGAS.RT.ZS,Natural gas rents (% of GDP),2014,0.319671081972001,,1
CIV,Cote d'Ivoire,NY.GDP.NGAS.RT.ZS,Natural gas rents (% of GDP),2013,0.320411424987291,,1
CIV,Cote d'Ivoire,NY.GDP.NGAS.RT.ZS,Natural gas rents (% of GDP),2012,0.393227820298858,,1
CIV,Cote d'Ivoire,NY.GDP.NGAS.RT.ZS,Natural gas rents (% of GDP),2011,0.362965532638359,,1
CIV,Cote d'Ivoire,NY.GDP.NGAS.RT.ZS,Natural gas rents (% of GDP),2010,0.283475786785777,,1
CIV,Cote d'Ivoire,NY.GDP.NGAS.RT.ZS,Natural gas rents (% of GDP),2009,0.245314581949486,,1
CIV,Cote d'Ivoire,NY.GDP.NGAS.RT.ZS,Natural gas rents (% of GDP),2008,0.307395693178292,,1
CIV,Cote d'Ivoire,NY.GDP.NGAS.RT.ZS,Natural gas rents (% of GDP),2007,0.274487306472778,,1
CIV,Cote d'Ivoire,NY.GDP.NGAS.RT.ZS,Natural gas rents (% of GDP),2006,0.407012042239876,,1
CIV,Cote d'Ivoire,NY.GDP.NGAS.RT.ZS,Natural gas rents (% of GDP),2005,0.126214192619765,,1
CIV,Cote d'Ivoire,NY.GDP.NGAS.RT.ZS,Natural gas rents (% of GDP),2004,0.173819970816715,,1
CIV,Cote d'Ivoire,NY.GDP.NGAS.RT.ZS,Natural gas rents (% of GDP),2003,0.161409274386099,,1
CIV,Cote d'Ivoire,NY.GDP.NGAS.RT.ZS,Natural gas rents (% of GDP),2002,0.191211922520124,,1
CIV,Cote d'Ivoire,NY.GDP.NGAS.RT.ZS,Natural gas rents (% of GDP),2001,0.268183612174263,,1
CIV,Cote d'Ivoire,NY.GDP.NGAS.RT.ZS,Natural gas rents (% of GDP),2000,0.21648578432124,,1
CIV,Cote d'Ivoire,NY.GDP.NGAS.RT.ZS,Natural gas rents (% of GDP),1999,0.108854679545715,,1
CIV,Cote d'Ivoire,NY.GDP.NGAS.RT.ZS,Natural gas rents (% of GDP),1998,0.0549598172907061,,1
CIV,Cote d'Ivoire,NY.GDP.NGAS.RT.ZS,Natural gas rents (% of GDP),1997,0.0411475004385256,,1
CIV,Cote d'Ivoire,NY.GDP.NGAS.RT.ZS,Natural gas rents (% of GDP),1996,0.0579435908857458,,1
CIV,Cote d'Ivoire,NY.GDP.NGAS.RT.ZS,Natural gas rents (% of GDP),1995,0.00697783111204245,,1
HRV,Croatia,NY.GDP.NGAS.RT.ZS,Natural gas rents (% of GDP),2021,0.183195535140786,,1
HRV,Croatia,NY.GDP.NGAS.RT.ZS,Natural gas rents (% of GDP),2020,0.0454518090024755,,1
HRV,Croatia,NY.GDP.NGAS.RT.ZS,Natural gas rents (% of GDP),2019,0.101877299594189,,1
HRV,Croatia,NY.GDP.NGAS.RT.ZS,Natural gas rents (% of GDP),2018,0.197945973157546,,1
HRV,Croatia,NY.GDP.NGAS.RT.ZS,Natural gas rents (% of GDP),2017,0.156560711183931,,1
HRV,Croatia,NY.GDP.NGAS.RT.ZS,Natural gas rents (% of GDP),2016,0.133193976413268,,1
HRV,Croatia,NY.GDP.NGAS.RT.ZS,Natural gas rents (% of GDP),2015,0.267533069090353,,1
HRV,Croatia,NY.GDP.NGAS.RT.ZS,Natural gas rents (% of GDP),2014,0.289997413757728,,1
HRV,Croatia,NY.GDP.NGAS.RT.ZS,Natural gas rents (% of GDP),2013,0.435741263753703,,1
HRV,Croatia,NY.GDP.NGAS.RT.ZS,Natural gas rents (% of GDP),2012,0.559782333488413,,1
HRV,Croatia,NY.GDP.NGAS.RT.ZS,Natural gas rents (% of GDP),2011,0.590019896003995,,1
HRV,Croatia,NY.GDP.NGAS.RT.ZS,Natural gas rents (% of GDP),2010,0.423248920946002,,1
HRV,Croatia,NY.GDP.NGAS.RT.ZS,Natural gas rents (% of GDP),2009,0.337104007943048,,1
HRV,Croatia,NY.GDP.NGAS.RT.ZS,Natural gas rents (% of GDP),2008,0.449762185799552,,1
HRV,Croatia,NY.GDP.NGAS.RT.ZS,Natural gas rents (% of GDP),2007,0.345824936878855,,1
HRV,Croatia,NY.GDP.NGAS.RT.ZS,Natural gas rents (% of GDP),2006,0.304770836075399,,1
HRV,Croatia,NY.GDP.NGAS.RT.ZS,Natural gas rents (% of GDP),2005,0.12906463895286,,1
HRV,Croatia,NY.GDP.NGAS.RT.ZS,Natural gas rents (% of GDP),2004,0.159234241412183,,1
HRV,Croatia,NY.GDP.NGAS.RT.ZS,Natural gas rents (% of GDP),2003,0.214753155142564,,1
HRV,Croatia,NY.GDP.NGAS.RT.ZS,Natural gas rents (% of GDP),2002,0.241271445951601,,1
HRV,Croatia,NY.GDP.NGAS.RT.ZS,Natural gas rents (% of GDP),2001,0.396410593313288,,1
HRV,Croatia,NY.GDP.NGAS.RT.ZS,Natural gas rents (% of GDP),2000,0.176674487364417,,1
HRV,Croatia,NY.GDP.NGAS.RT.ZS,Natural gas rents (% of GDP),1999,0.0196126156772976,,1
HRV,Croatia,NY.GDP.NGAS.RT.ZS,Natural gas rents (% of GDP),1998,0.0160340237876244,,1
HRV,Croatia,NY.GDP.NGAS.RT.ZS,Natural gas rents (% of GDP),1997,0.160086250604738,,1
HRV,Croatia,NY.GDP.NGAS.RT.ZS,Natural gas rents (% of GDP),1996,0.157528095724954,,1
HRV,Croatia,NY.GDP.NGAS.RT.ZS,Natural gas rents (% of GDP),1995,0.1894052870781,,1
CUB,Cuba,NY.GDP.NGAS.RT.ZS,Natural gas rents (% of GDP),2020,0.02442943653562,,1
CUB,Cuba,NY.GDP.NGAS.RT.ZS,Natural gas rents (% of GDP),2019,0.0497037958193293,,1
CUB,Cuba,NY.GDP.NGAS.RT.ZS,Natural gas rents (% of GDP),2018,0.0494182663276201,,1
CUB,Cuba,NY.GDP.NGAS.RT.ZS,Natural gas rents (% of GDP),2017,0.0232276417840159,,1
CUB,Cuba,NY.GDP.NGAS.RT.ZS,Natural gas rents (% of GDP),2016,0.0207658045978483,,1
CUB,Cuba,NY.GDP.NGAS.RT.ZS,Natural gas rents (% of GDP),2015,0.0532537527362868,,1
CUB,Cuba,NY.GDP.NGAS.RT.ZS,Natural gas rents (% of GDP),2014,0.109578029251644,,1
CUB,Cuba,NY.GDP.NGAS.RT.ZS,Natural gas rents (% of GDP),2013,0.11276462547149,,1
CUB,Cuba,NY.GDP.NGAS.RT.ZS,Natural gas rents (% of GDP),2012,0.105749002098167,,1
CUB,Cuba,NY.GDP.NGAS.RT.ZS,Natural gas rents (% of GDP),2011,0.104448229136775,,1
CUB,Cuba,NY.GDP.NGAS.RT.ZS,Natural gas rents (% of GDP),2010,0.0567309411882793,,1
CUB,Cuba,NY.GDP.NGAS.RT.ZS,Natural gas rents (% of GDP),2009,0.0895315001563061,,1
CUB,Cuba,NY.GDP.NGAS.RT.ZS,Natural gas rents (% of GDP),2008,0.0837279708502994,,1
CUB,Cuba,NY.GDP.NGAS.RT.ZS,Natural gas rents (% of GDP),2007,0.0816960299384737,,1
CUB,Cuba,NY.GDP.NGAS.RT.ZS,Natural gas rents (% of GDP),2006,0.0676605557087799,,1
CUB,Cuba,NY.GDP.NGAS.RT.ZS,Natural gas rents (% of GDP),2005,0.0374885182921214,,1
CUB,Cuba,NY.GDP.NGAS.RT.ZS,Natural gas rents (% of GDP),2004,0.0208004922554342,,1
CUB,Cuba,NY.GDP.NGAS.RT.ZS,Natural gas rents (% of GDP),2003,0.0205500721682942,,1
CUB,Cuba,NY.GDP.NGAS.RT.ZS,Natural gas rents (% of GDP),2002,0.0256172551808774,,1
CUB,Cuba,NY.GDP.NGAS.RT.ZS,Natural gas rents (% of GDP),2001,0.0353626627565963,,1
CUB,Cuba,NY.GDP.NGAS.RT.ZS,Natural gas rents (% of GDP),2000,0.0359991017269573,,1
CUB,Cuba,NY.GDP.NGAS.RT.ZS,Natural gas rents (% of GDP),1999,0.0171150477205305,,1
CUB,Cuba,NY.GDP.NGAS.RT.ZS,Natural gas rents (% of GDP),1998,0.00350494659117249,,1
CUB,Cuba,NY.GDP.NGAS.RT.ZS,Natural gas rents (% of GDP),1997,0.00138670073974656,,1
CUB,Cuba,NY.GDP.NGAS.RT.ZS,Natural gas rents (% of GDP),1996,0.000733563552197042,,1
CUB,Cuba,NY.GDP.NGAS.RT.ZS,Natural gas rents (% of GDP),1995,0.000507590336989694,,1
CUB,Cuba,NY.GDP.NGAS.RT.ZS,Natural gas rents (% of GDP),1994,0.000714945197892624,,1
CUB,Cuba,NY.GDP.NGAS.RT.ZS,Natural gas rents (% of GDP),1993,0.0012210910213554,,1
CUB,Cuba,NY.GDP.NGAS.RT.ZS,Natural gas rents (% of GDP),1992,0.00090760324571844,,1
CUB,Cuba,NY.GDP.NGAS.RT.ZS,Natural gas rents (% of GDP),1991,0.00130122266833691,,1
CUB,Cuba,NY.GDP.NGAS.RT.ZS,Natural gas rents (% of GDP),1990,0.00155192596967594,,1
CUB,Cuba,NY.GDP.NGAS.RT.ZS,Natural gas rents (% of GDP),1989,0.00128453237992717,,1
CUB,Cuba,NY.GDP.NGAS.RT.ZS,Natural gas rents (% of GDP),1988,0.000675613198694074,,1
CUB,Cuba,NY.GDP.NGAS.RT.ZS,Natural gas rents (% of GDP),1987,0.000912911349679252,,1
CUB,Cuba,NY.GDP.NGAS.RT.ZS,Natural gas rents (% of GDP),1986,0.000358345072714666,,1
CUB,Cuba,NY.GDP.NGAS.RT.ZS,Natural gas rents (% of GDP),1985,0.000467044598548079,,1
CUB,Cuba,NY.GDP.NGAS.RT.ZS,Natural gas rents (% of GDP),1984,0.000216736232426941,,1
CUB,Cuba,NY.GDP.NGAS.RT.ZS,Natural gas rents (% of GDP),1983,0.000530899748946152,,1
CUB,Cuba,NY.GDP.NGAS.RT.ZS,Natural gas rents (% of GDP),1982,0.00013214108340938,,1
CUB,Cuba,NY.GDP.NGAS.RT.ZS,Natural gas rents (% of GDP),1981,0.000817706536557044,,1
CUB,Cuba,NY.GDP.NGAS.RT.ZS,Natural gas rents (% of GDP),1980,0.00181723777096565,,1
CUB,Cuba,NY.GDP.NGAS.RT.ZS,Natural gas rents (% of GDP),1979,0.000727747310808193,,1
CUB,Cuba,NY.GDP.NGAS.RT.ZS,Natural gas rents (% of GDP),1978,7.16925453315475e-05,,1
CUB,Cuba,NY.GDP.NGAS.RT.ZS,Natural gas rents (% of GDP),1977,6.1076485891691e-05,,1
CUB,Cuba,NY.GDP.NGAS.RT.ZS,Natural gas rents (% of GDP),1976,0.00106277367514476,,1
CUB,Cuba,NY.GDP.NGAS.RT.ZS,Natural gas rents (% of GDP),1975,0.000932484307776805,,1
CUB,Cuba,NY.GDP.NGAS.RT.ZS,Natural gas rents (% of GDP),1974,0.000636944886301067,,1
CUB,Cuba,NY.GDP.NGAS.RT.ZS,Natural gas rents (% of GDP),1973,7.3217325947975e-05,,1
CUB,Cuba,NY.GDP.NGAS.RT.ZS,Natural gas rents (% of GDP),1972,4.36007223165934e-05,,1
CUB,Cuba,NY.GDP.NGAS.RT.ZS,Natural gas rents (% of GDP),1971,4.05550677629978e-05,,1
CYP,Cyprus,NY.GDP.NGAS.RT.ZS,Natural gas rents (% of GDP),2021,0,,1
CYP,Cyprus,NY.GDP.NGAS.RT.ZS,Natural gas rents (% of GDP),2020,0,,1
CYP,Cyprus,NY.GDP.NGAS.RT.ZS,Natural gas rents (% of GDP),2019,0,,1
CYP,Cyprus,NY.GDP.NGAS.RT.ZS,Natural gas rents (% of GDP),2018,0,,1
CYP,Cyprus,NY.GDP.NGAS.RT.ZS,Natural gas rents (% of GDP),2017,0,,1
CYP,Cyprus,NY.GDP.NGAS.RT.ZS,Natural gas rents (% of GDP),2016,0,,1
CYP,Cyprus,NY.GDP.NGAS.RT.ZS,Natural gas rents (% of GDP),2015,0,,1
CYP,Cyprus,NY.GDP.NGAS.RT.ZS,Natural gas rents (% of GDP),2014,0,,1
CYP,Cyprus,NY.GDP.NGAS.RT.ZS,Natural gas rents (% of GDP),2013,0,,1
CYP,Cyprus,NY.GDP.NGAS.RT.ZS,Natural gas rents (% of GDP),2012,0,,1
CYP,Cyprus,NY.GDP.NGAS.RT.ZS,Natural gas rents (% of GDP),2011,0,,1
CYP,Cyprus,NY.GDP.NGAS.RT.ZS,Natural gas rents (% of GDP),2010,0,,1
CYP,Cyprus,NY.GDP.NGAS.RT.ZS,Natural gas rents (% of GDP),2009,0,,1
CYP,Cyprus,NY.GDP.NGAS.RT.ZS,Natural gas rents (% of GDP),2008,0,,1
CYP,Cyprus,NY.GDP.NGAS.RT.ZS,Natural gas rents (% of GDP),2007,0,,1
CYP,Cyprus,NY.GDP.NGAS.RT.ZS,Natural gas rents (% of GDP),2006,0,,1
CYP,Cyprus,NY.GDP.NGAS.RT.ZS,Natural gas rents (% of GDP),2005,0,,1
CYP,Cyprus,NY.GDP.NGAS.RT.ZS,Natural gas rents (% of GDP),2004,0,,1
CYP,Cyprus,NY.GDP.NGAS.RT.ZS,Natural gas rents (% of GDP),2003,0,,1
CYP,Cyprus,NY.GDP.NGAS.RT.ZS,Natural gas rents (% of GDP),2002,0,,1
CYP,Cyprus,NY.GDP.NGAS.RT.ZS,Natural gas rents (% of GDP),2001,0,,1
CYP,Cyprus,NY.GDP.NGAS.RT.ZS,Natural gas rents (% of GDP),2000,0,,1
CYP,Cyprus,NY.GDP.NGAS.RT.ZS,Natural gas rents (% of GDP),1999,0,,1
CYP,Cyprus,NY.GDP.NGAS.RT.ZS,Natural gas rents (% of GDP),1998,0,,1
CYP,Cyprus,NY.GDP.NGAS.RT.ZS,Natural gas rents (% of GDP),1997,0,,1
CYP,Cyprus,NY.GDP.NGAS.RT.ZS,Natural gas rents (% of GDP),1996,0,,1
CYP,Cyprus,NY.GDP.NGAS.RT.ZS,Natural gas rents (% of GDP),1995,0,,1
CYP,Cyprus,NY.GDP.NGAS.RT.ZS,Natural gas rents (% of GDP),1994,0,,1
CYP,Cyprus,NY.GDP.NGAS.RT.ZS,Natural gas rents (% of GDP),1993,0,,1
CYP,Cyprus,NY.GDP.NGAS.RT.ZS,Natural gas rents (% of GDP),1992,0,,1
CYP,Cyprus,NY.GDP.NGAS.RT.ZS,Natural gas rents (% of GDP),1991,0,,1
CYP,Cyprus,NY.GDP.NGAS.RT.ZS,Natural gas rents (% of GDP),1990,0,,1
CYP,Cyprus,NY.GDP.NGAS.RT.ZS,Natural gas rents (% of GDP),1989,0,,1
CYP,Cyprus,NY.GDP.NGAS.RT.ZS,Natural gas rents (% of GDP),1988,0,,1
CYP,Cyprus,NY.GDP.NGAS.RT.ZS,Natural gas rents (% of GDP),1987,0,,1
CYP,Cyprus,NY.GDP.NGAS.RT.ZS,Natural gas rents (% of GDP),1986,0,,1
CYP,Cyprus,NY.GDP.NGAS.RT.ZS,Natural gas rents (% of GDP),1985,0,,1
CYP,Cyprus,NY.GDP.NGAS.RT.ZS,Natural gas rents (% of GDP),1984,0,,1
CYP,Cyprus,NY.GDP.NGAS.RT.ZS,Natural gas rents (% of GDP),1983,0,,1
CYP,Cyprus,NY.GDP.NGAS.RT.ZS,Natural gas rents (% of GDP),1982,0,,1
CYP,Cyprus,NY.GDP.NGAS.RT.ZS,Natural gas rents (% of GDP),1981,0,,1
CYP,Cyprus,NY.GDP.NGAS.RT.ZS,Natural gas rents (% of GDP),1980,0,,1
CYP,Cyprus,NY.GDP.NGAS.RT.ZS,Natural gas rents (% of GDP),1979,0,,1
CYP,Cyprus,NY.GDP.NGAS.RT.ZS,Natural gas rents (% of GDP),1978,0,,1
CYP,Cyprus,NY.GDP.NGAS.RT.ZS,Natural gas rents (% of GDP),1977,0,,1
CYP,Cyprus,NY.GDP.NGAS.RT.ZS,Natural gas rents (% of GDP),1976,0,,1
CYP,Cyprus,NY.GDP.NGAS.RT.ZS,Natural gas rents (% of GDP),1975,0,,1
CZE,Czechia,NY.GDP.NGAS.RT.ZS,Natural gas rents (% of GDP),2021,0.0121354470762149,,1
CZE,Czechia,NY.GDP.NGAS.RT.ZS,Natural gas rents (% of GDP),2020,0.00239675481758074,,1
CZE,Czechia,NY.GDP.NGAS.RT.ZS,Natural gas rents (% of GDP),2019,0.00499837538789554,,1
CZE,Czechia,NY.GDP.NGAS.RT.ZS,Natural gas rents (% of GDP),2018,0.00759912966037681,,1
CZE,Czechia,NY.GDP.NGAS.RT.ZS,Natural gas rents (% of GDP),2017,0.00566647010243837,,1
CZE,Czechia,NY.GDP.NGAS.RT.ZS,Natural gas rents (% of GDP),2016,0.00434768843866165,,1
CZE,Czechia,NY.GDP.NGAS.RT.ZS,Natural gas rents (% of GDP),2015,0.00866395440407604,,1
CZE,Czechia,NY.GDP.NGAS.RT.ZS,Natural gas rents (% of GDP),2014,0.0108856455416215,,1
CZE,Czechia,NY.GDP.NGAS.RT.ZS,Natural gas rents (% of GDP),2013,0.0146450305832525,,1
CZE,Czechia,NY.GDP.NGAS.RT.ZS,Natural gas rents (% of GDP),2012,0.0157107832668183,,1
CZE,Czechia,NY.GDP.NGAS.RT.ZS,Natural gas rents (% of GDP),2011,0.0120883197213644,,1
CZE,Czechia,NY.GDP.NGAS.RT.ZS,Natural gas rents (% of GDP),2010,0.00920461377488738,,1
CZE,Czechia,NY.GDP.NGAS.RT.ZS,Natural gas rents (% of GDP),2009,0.00930088435824045,,1
CZE,Czechia,NY.GDP.NGAS.RT.ZS,Natural gas rents (% of GDP),2008,0.0101994932672347,,1
CZE,Czechia,NY.GDP.NGAS.RT.ZS,Natural gas rents (% of GDP),2007,0.00715433190801212,,1
CZE,Czechia,NY.GDP.NGAS.RT.ZS,Natural gas rents (% of GDP),2006,0.00757328297226435,,1
CZE,Czechia,NY.GDP.NGAS.RT.ZS,Natural gas rents (% of GDP),2005,0.00404299364304145,,1
CZE,Czechia,NY.GDP.NGAS.RT.ZS,Natural gas rents (% of GDP),2004,0.0057278736002702,,1
CZE,Czechia,NY.GDP.NGAS.RT.ZS,Natural gas rents (% of GDP),2003,0.00626227213298935,,1
CZE,Czechia,NY.GDP.NGAS.RT.ZS,Natural gas rents (% of GDP),2002,0.00612076571062581,,1
CZE,Czechia,NY.GDP.NGAS.RT.ZS,Natural gas rents (% of GDP),2001,0.0104317183351056,,1
CZE,Czechia,NY.GDP.NGAS.RT.ZS,Natural gas rents (% of GDP),2000,0.0074433765801998,,1
CZE,Czechia,NY.GDP.NGAS.RT.ZS,Natural gas rents (% of GDP),1999,0.00107499109474938,,1
CZE,Czechia,NY.GDP.NGAS.RT.ZS,Natural gas rents (% of GDP),1998,0.00103779761232363,,1
CZE,Czechia,NY.GDP.NGAS.RT.ZS,Natural gas rents (% of GDP),1997,0.00823907705433759,,1
CZE,Czechia,NY.GDP.NGAS.RT.ZS,Natural gas rents (% of GDP),1996,0.00782864008694597,,1
CZE,Czechia,NY.GDP.NGAS.RT.ZS,Natural gas rents (% of GDP),1995,0.0099165693864166,,1
CZE,Czechia,NY.GDP.NGAS.RT.ZS,Natural gas rents (% of GDP),1994,0.00649138493574111,,1
CZE,Czechia,NY.GDP.NGAS.RT.ZS,Natural gas rents (% of GDP),1993,0.0077137256412407,,1
CZE,Czechia,NY.GDP.NGAS.RT.ZS,Natural gas rents (% of GDP),1992,0.00301929190442436,,1
CZE,Czechia,NY.GDP.NGAS.RT.ZS,Natural gas rents (% of GDP),1991,0.00975006370855486,,1
CZE,Czechia,NY.GDP.NGAS.RT.ZS,Natural gas rents (% of GDP),1990,0.00979902858914323,,1
DNK,Denmark,NY.GDP.NGAS.RT.ZS,Natural gas rents (% of GDP),2021,0.0551051312906266,,1
DNK,Denmark,NY.GDP.NGAS.RT.ZS,Natural gas rents (% of GDP),2020,0.0121535304658443,,1
DNK,Denmark,NY.GDP.NGAS.RT.ZS,Natural gas rents (% of GDP),2019,0.0583699793281617,,1
DNK,Denmark,NY.GDP.NGAS.RT.ZS,Natural gas rents (% of GDP),2018,0.109349577406559,,1
DNK,Denmark,NY.GDP.NGAS.RT.ZS,Natural gas rents (% of GDP),2017,0.0860977642930863,,1
DNK,Denmark,NY.GDP.NGAS.RT.ZS,Natural gas rents (% of GDP),2016,0.0613042603242628,,1
DNK,Denmark,NY.GDP.NGAS.RT.ZS,Natural gas rents (% of GDP),2015,0.108895890420425,,1
DNK,Denmark,NY.GDP.NGAS.RT.ZS,Natural gas rents (% of GDP),2014,0.126066308813821,,1
DNK,Denmark,NY.GDP.NGAS.RT.ZS,Natural gas rents (% of GDP),2013,0.187630867262796,,1
DNK,Denmark,NY.GDP.NGAS.RT.ZS,Natural gas rents (% of GDP),2012,0.241906401833698,,1
DNK,Denmark,NY.GDP.NGAS.RT.ZS,Natural gas rents (% of GDP),2011,0.250851104600287,,1
DNK,Denmark,NY.GDP.NGAS.RT.ZS,Natural gas rents (% of GDP),2010,0.217594784657197,,1
DNK,Denmark,NY.GDP.NGAS.RT.ZS,Natural gas rents (% of GDP),2009,0.24866631252569,,1
DNK,Denmark,NY.GDP.NGAS.RT.ZS,Natural gas rents (% of GDP),2008,0.383971968799415,,1
DNK,Denmark,NY.GDP.NGAS.RT.ZS,Natural gas rents (% of GDP),2007,0.214718019127171,,1
DNK,Denmark,NY.GDP.NGAS.RT.ZS,Natural gas rents (% of GDP),2006,0.26476481017211,,1
DNK,Denmark,NY.GDP.NGAS.RT.ZS,Natural gas rents (% of GDP),2005,0.127641278622012,,1
DNK,Denmark,NY.GDP.NGAS.RT.ZS,Natural gas rents (% of GDP),2004,0.142752210617765,,1
DNK,Denmark,NY.GDP.NGAS.RT.ZS,Natural gas rents (% of GDP),2003,0.15791182172375,,1
DNK,Denmark,NY.GDP.NGAS.RT.ZS,Natural gas rents (% of GDP),2002,0.18661106349342,,1
DNK,Denmark,NY.GDP.NGAS.RT.ZS,Natural gas rents (% of GDP),2001,0.267235206342421,,1
DNK,Denmark,NY.GDP.NGAS.RT.ZS,Natural gas rents (% of GDP),2000,0.122725555837185,,1
DNK,Denmark,NY.GDP.NGAS.RT.ZS,Natural gas rents (% of GDP),1999,0.0157772472253218,,1
DNK,Denmark,NY.GDP.NGAS.RT.ZS,Natural gas rents (% of GDP),1998,0.0158110767882132,,1
DNK,Denmark,NY.GDP.NGAS.RT.ZS,Natural gas rents (% of GDP),1997,0.127394654835241,,1
DNK,Denmark,NY.GDP.NGAS.RT.ZS,Natural gas rents (% of GDP),1996,0.0882671193908403,,1
DNK,Denmark,NY.GDP.NGAS.RT.ZS,Natural gas rents (% of GDP),1995,0.0765641753446272,,1
DNK,Denmark,NY.GDP.NGAS.RT.ZS,Natural gas rents (% of GDP),1994,0.0452263810178096,,1
DNK,Denmark,NY.GDP.NGAS.RT.ZS,Natural gas rents (% of GDP),1993,0.0468891876779597,,1
DNK,Denmark,NY.GDP.NGAS.RT.ZS,Natural gas rents (% of GDP),1992,0.0177670734866108,,1
DNK,Denmark,NY.GDP.NGAS.RT.ZS,Natural gas rents (% of GDP),1991,0.0352663761158419,,1
DNK,Denmark,NY.GDP.NGAS.RT.ZS,Natural gas rents (% of GDP),1990,0.0398394595031874,,1
DNK,Denmark,NY.GDP.NGAS.RT.ZS,Natural gas rents (% of GDP),1989,0.0304664427938731,,1
DNK,Denmark,NY.GDP.NGAS.RT.ZS,Natural gas rents (% of GDP),1988,0.0237632494944714,,1
DNK,Denmark,NY.GDP.NGAS.RT.ZS,Natural gas rents (% of GDP),1987,0.0283625046278715,,1
DNK,Denmark,NY.GDP.NGAS.RT.ZS,Natural gas rents (% of GDP),1986,0.0521867697274708,,1
DNK,Denmark,NY.GDP.NGAS.RT.ZS,Natural gas rents (% of GDP),1985,0.0439853697252122,,1
DNK,Denmark,NY.GDP.NGAS.RT.ZS,Natural gas rents (% of GDP),1984,0.0123763256716149,,1
DNK,Denmark,NY.GDP.NGAS.RT.ZS,Natural gas rents (% of GDP),1983,0.00171740558614892,,1
DNK,Denmark,NY.GDP.NGAS.RT.ZS,Natural gas rents (% of GDP),1982,0.000795542231002857,,1
DNK,Denmark,NY.GDP.NGAS.RT.ZS,Natural gas rents (% of GDP),1981,0.00107550357834458,,1
DNK,Denmark,NY.GDP.NGAS.RT.ZS,Natural gas rents (% of GDP),1980,3.00431030562503e-05,,1
DNK,Denmark,NY.GDP.NGAS.RT.ZS,Natural gas rents (% of GDP),1979,2.45625246304542e-05,,1
DNK,Denmark,NY.GDP.NGAS.RT.ZS,Natural gas rents (% of GDP),1978,1.62571533351311e-05,,1
DNK,Denmark,NY.GDP.NGAS.RT.ZS,Natural gas rents (% of GDP),1977,2.08284339086905e-05,,1
DNK,Denmark,NY.GDP.NGAS.RT.ZS,Natural gas rents (% of GDP),1976,1.19665419422539e-05,,1
DNK,Denmark,NY.GDP.NGAS.RT.ZS,Natural gas rents (% of GDP),1975,1.78511689654732e-05,,1
DNK,Denmark,NY.GDP.NGAS.RT.ZS,Natural gas rents (% of GDP),1974,8.49952790081015e-06,,1
DNK,Denmark,NY.GDP.NGAS.RT.ZS,Natural gas rents (% of GDP),1973,5.08652973976002e-06,,1
DNK,Denmark,NY.GDP.NGAS.RT.ZS,Natural gas rents (% of GDP),1972,4.32770581244268e-06,,1
DNK,Denmark,NY.GDP.NGAS.RT.ZS,Natural gas rents (% of GDP),1971,0,,1
DNK,Denmark,NY.GDP.NGAS.RT.ZS,Natural gas rents (% of GDP),1970,0,,1
DJI,Djibouti,NY.GDP.NGAS.RT.ZS,Natural gas rents (% of GDP),2021,0,,1
DJI,Djibouti,NY.GDP.NGAS.RT.ZS,Natural gas rents (% of GDP),2020,0,,1
DJI,Djibouti,NY.GDP.NGAS.RT.ZS,Natural gas rents (% of GDP),2019,0,,1
DJI,Djibouti,NY.GDP.NGAS.RT.ZS,Natural gas rents (% of GDP),2018,0,,1
DJI,Djibouti,NY.GDP.NGAS.RT.ZS,Natural gas rents (% of GDP),2017,0,,1
DJI,Djibouti,NY.GDP.NGAS.RT.ZS,Natural gas rents (% of GDP),2016,0,,1
DJI,Djibouti,NY.GDP.NGAS.RT.ZS,Natural gas rents (% of GDP),2015,0,,1
DJI,Djibouti,NY.GDP.NGAS.RT.ZS,Natural gas rents (% of GDP),2014,0,,1
DJI,Djibouti,NY.GDP.NGAS.RT.ZS,Natural gas rents (% of GDP),2013,0,,1
DJI,Djibouti,NY.GDP.NGAS.RT.ZS,Natural gas rents (% of GDP),2012,0,,1
DJI,Djibouti,NY.GDP.NGAS.RT.ZS,Natural gas rents (% of GDP),2011,0,,1
DJI,Djibouti,NY.GDP.NGAS.RT.ZS,Natural gas rents (% of GDP),2010,0,,1
DJI,Djibouti,NY.GDP.NGAS.RT.ZS,Natural gas rents (% of GDP),2009,0,,1
DJI,Djibouti,NY.GDP.NGAS.RT.ZS,Natural gas rents (% of GDP),2008,0,,1
DJI,Djibouti,NY.GDP.NGAS.RT.ZS,Natural gas rents (% of GDP),2007,0,,1
DJI,Djibouti,NY.GDP.NGAS.RT.ZS,Natural gas rents (% of GDP),2006,0,,1
DJI,Djibouti,NY.GDP.NGAS.RT.ZS,Natural gas rents (% of GDP),2005,0,,1
DJI,Djibouti,NY.GDP.NGAS.RT.ZS,Natural gas rents (% of GDP),2004,0,,1
DJI,Djibouti,NY.GDP.NGAS.RT.ZS,Natural gas rents (% of GDP),2003,0,,1
DJI,Djibouti,NY.GDP.NGAS.RT.ZS,Natural gas rents (% of GDP),2002,0,,1
DJI,Djibouti,NY.GDP.NGAS.RT.ZS,Natural gas rents (% of GDP),2001,0,,1
DJI,Djibouti,NY.GDP.NGAS.RT.ZS,Natural gas rents (% of GDP),2000,0,,1
DJI,Djibouti,NY.GDP.NGAS.RT.ZS,Natural gas rents (% of GDP),1999,0,,1
DJI,Djibouti,NY.GDP.NGAS.RT.ZS,Natural gas rents (% of GDP),1998,0,,1
DJI,Djibouti,NY.GDP.NGAS.RT.ZS,Natural gas rents (% of GDP),1997,0,,1
DJI,Djibouti,NY.GDP.NGAS.RT.ZS,Natural gas rents (% of GDP),1996,0,,1
DJI,Djibouti,NY.GDP.NGAS.RT.ZS,Natural gas rents (% of GDP),1995,0,,1
DJI,Djibouti,NY.GDP.NGAS.RT.ZS,Natural gas rents (% of GDP),1994,0,,1
DJI,Djibouti,NY.GDP.NGAS.RT.ZS,Natural gas rents (% of GDP),1993,0,,1
DJI,Djibouti,NY.GDP.NGAS.RT.ZS,Natural gas rents (% of GDP),1992,0,,1
DJI,Djibouti,NY.GDP.NGAS.RT.ZS,Natural gas rents (% of GDP),1991,0,,1
DJI,Djibouti,NY.GDP.NGAS.RT.ZS,Natural gas rents (% of GDP),1990,0,,1
DJI,Djibouti,NY.GDP.NGAS.RT.ZS,Natural gas rents (% of GDP),1989,0,,1
DJI,Djibouti,NY.GDP.NGAS.RT.ZS,Natural gas rents (% of GDP),1988,0,,1
DJI,Djibouti,NY.GDP.NGAS.RT.ZS,Natural gas rents (% of GDP),1987,0,,1
DJI,Djibouti,NY.GDP.NGAS.RT.ZS,Natural gas rents (% of GDP),1985,0,,1
DMA,Dominica,NY.GDP.NGAS.RT.ZS,Natural gas rents (% of GDP),2021,0,,1
DMA,Dominica,NY.GDP.NGAS.RT.ZS,Natural gas rents (% of GDP),2020,0,,1
DMA,Dominica,NY.GDP.NGAS.RT.ZS,Natural gas rents (% of GDP),2019,0,,1
DMA,Dominica,NY.GDP.NGAS.RT.ZS,Natural gas rents (% of GDP),2018,0,,1
DMA,Dominica,NY.GDP.NGAS.RT.ZS,Natural gas rents (% of GDP),2017,0,,1
DMA,Dominica,NY.GDP.NGAS.RT.ZS,Natural gas rents (% of GDP),2016,0,,1
DMA,Dominica,NY.GDP.NGAS.RT.ZS,Natural gas rents (% of GDP),2015,0,,1
DMA,Dominica,NY.GDP.NGAS.RT.ZS,Natural gas rents (% of GDP),2014,0,,1
DMA,Dominica,NY.GDP.NGAS.RT.ZS,Natural gas rents (% of GDP),2013,0,,1
DMA,Dominica,NY.GDP.NGAS.RT.ZS,Natural gas rents (% of GDP),2012,0,,1
DMA,Dominica,NY.GDP.NGAS.RT.ZS,Natural gas rents (% of GDP),2011,0,,1
DMA,Dominica,NY.GDP.NGAS.RT.ZS,Natural gas rents (% of GDP),2010,0,,1
DMA,Dominica,NY.GDP.NGAS.RT.ZS,Natural gas rents (% of GDP),2009,0,,1
DMA,Dominica,NY.GDP.NGAS.RT.ZS,Natural gas rents (% of GDP),2008,0,,1
DMA,Dominica,NY.GDP.NGAS.RT.ZS,Natural gas rents (% of GDP),2007,0,,1
DMA,Dominica,NY.GDP.NGAS.RT.ZS,Natural gas rents (% of GDP),2006,0,,1
DMA,Dominica,NY.GDP.NGAS.RT.ZS,Natural gas rents (% of GDP),2005,0,,1
DMA,Dominica,NY.GDP.NGAS.RT.ZS,Natural gas rents (% of GDP),2004,0,,1
DMA,Dominica,NY.GDP.NGAS.RT.ZS,Natural gas rents (% of GDP),2003,0,,1
DMA,Dominica,NY.GDP.NGAS.RT.ZS,Natural gas rents (% of GDP),2002,0,,1
DMA,Dominica,NY.GDP.NGAS.RT.ZS,Natural gas rents (% of GDP),2001,0,,1
DMA,Dominica,NY.GDP.NGAS.RT.ZS,Natural gas rents (% of GDP),2000,0,,1
DMA,Dominica,NY.GDP.NGAS.RT.ZS,Natural gas rents (% of GDP),1999,0,,1
DMA,Dominica,NY.GDP.NGAS.RT.ZS,Natural gas rents (% of GDP),1998,0,,1
DMA,Dominica,NY.GDP.NGAS.RT.ZS,Natural gas rents (% of GDP),1997,0,,1
DMA,Dominica,NY.GDP.NGAS.RT.ZS,Natural gas rents (% of GDP),1996,0,,1
DMA,Dominica,NY.GDP.NGAS.RT.ZS,Natural gas rents (% of GDP),1995,0,,1
DMA,Dominica,NY.GDP.NGAS.RT.ZS,Natural gas rents (% of GDP),1994,0,,1
DMA,Dominica,NY.GDP.NGAS.RT.ZS,Natural gas rents (% of GDP),1993,0,,1
DMA,Dominica,NY.GDP.NGAS.RT.ZS,Natural gas rents (% of GDP),1992,0,,1
DMA,Dominica,NY.GDP.NGAS.RT.ZS,Natural gas rents (% of GDP),1991,0,,1
DMA,Dominica,NY.GDP.NGAS.RT.ZS,Natural gas rents (% of GDP),1990,0,,1
DMA,Dominica,NY.GDP.NGAS.RT.ZS,Natural gas rents (% of GDP),1989,0,,1
DMA,Dominica,NY.GDP.NGAS.RT.ZS,Natural gas rents (% of GDP),1988,0,,1
DMA,Dominica,NY.GDP.NGAS.RT.ZS,Natural gas rents (% of GDP),1987,0,,1
DMA,Dominica,NY.GDP.NGAS.RT.ZS,Natural gas rents (% of GDP),1986,0,,1
DMA,Dominica,NY.GDP.NGAS.RT.ZS,Natural gas rents (% of GDP),1985,0,,1
DMA,Dominica,NY.GDP.NGAS.RT.ZS,Natural gas rents (% of GDP),1984,0,,1
DMA,Dominica,NY.GDP.NGAS.RT.ZS,Natural gas rents (% of GDP),1983,0,,1
DMA,Dominica,NY.GDP.NGAS.RT.ZS,Natural gas rents (% of GDP),1982,0,,1
DMA,Dominica,NY.GDP.NGAS.RT.ZS,Natural gas rents (% of GDP),1981,0,,1
DMA,Dominica,NY.GDP.NGAS.RT.ZS,Natural gas rents (% of GDP),1980,0,,1
DOM,Dominican Republic,NY.GDP.NGAS.RT.ZS,Natural gas rents (% of GDP),2021,0,,1
DOM,Dominican Republic,NY.GDP.NGAS.RT.ZS,Natural gas rents (% of GDP),2020,0,,1
DOM,Dominican Republic,NY.GDP.NGAS.RT.ZS,Natural gas rents (% of GDP),2019,0,,1
DOM,Dominican Republic,NY.GDP.NGAS.RT.ZS,Natural gas rents (% of GDP),2018,0,,1
DOM,Dominican Republic,NY.GDP.NGAS.RT.ZS,Natural gas rents (% of GDP),2017,0,,1
DOM,Dominican Republic,NY.GDP.NGAS.RT.ZS,Natural gas rents (% of GDP),2016,0,,1
DOM,Dominican Republic,NY.GDP.NGAS.RT.ZS,Natural gas rents (% of GDP),2015,0,,1
DOM,Dominican Republic,NY.GDP.NGAS.RT.ZS,Natural gas rents (% of GDP),2014,0,,1
DOM,Dominican Republic,NY.GDP.NGAS.RT.ZS,Natural gas rents (% of GDP),2013,0,,1
DOM,Dominican Republic,NY.GDP.NGAS.RT.ZS,Natural gas rents (% of GDP),2012,0,,1
DOM,Dominican Republic,NY.GDP.NGAS.RT.ZS,Natural gas rents (% of GDP),2011,0,,1
DOM,Dominican Republic,NY.GDP.NGAS.RT.ZS,Natural gas rents (% of GDP),2010,0,,1
DOM,Dominican Republic,NY.GDP.NGAS.RT.ZS,Natural gas rents (% of GDP),2009,0,,1
DOM,Dominican Republic,NY.GDP.NGAS.RT.ZS,Natural gas rents (% of GDP),2008,0,,1
DOM,Dominican Republic,NY.GDP.NGAS.RT.ZS,Natural gas rents (% of GDP),2007,0,,1
DOM,Dominican Republic,NY.GDP.NGAS.RT.ZS,Natural gas rents (% of GDP),2006,0,,1
DOM,Dominican Republic,NY.GDP.NGAS.RT.ZS,Natural gas rents (% of GDP),2005,0,,1
DOM,Dominican Republic,NY.GDP.NGAS.RT.ZS,Natural gas rents (% of GDP),2004,0,,1
DOM,Dominican Republic,NY.GDP.NGAS.RT.ZS,Natural gas rents (% of GDP),2003,0,,1
DOM,Dominican Republic,NY.GDP.NGAS.RT.ZS,Natural gas rents (% of GDP),2002,0,,1
DOM,Dominican Republic,NY.GDP.NGAS.RT.ZS,Natural gas rents (% of GDP),2001,0,,1
DOM,Dominican Republic,NY.GDP.NGAS.RT.ZS,Natural gas rents (% of GDP),2000,0,,1
DOM,Dominican Republic,NY.GDP.NGAS.RT.ZS,Natural gas rents (% of GDP),1999,0,,1
DOM,Dominican Republic,NY.GDP.NGAS.RT.ZS,Natural gas rents (% of GDP),1998,0,,1
DOM,Dominican Republic,NY.GDP.NGAS.RT.ZS,Natural gas rents (% of GDP),1997,0,,1
DOM,Dominican Republic,NY.GDP.NGAS.RT.ZS,Natural gas rents (% of GDP),1996,0,,1
DOM,Dominican Republic,NY.GDP.NGAS.RT.ZS,Natural gas rents (% of GDP),1995,0,,1
DOM,Dominican Republic,NY.GDP.NGAS.RT.ZS,Natural gas rents (% of GDP),1994,0,,1
DOM,Dominican Republic,NY.GDP.NGAS.RT.ZS,Natural gas rents (% of GDP),1993,0,,1
DOM,Dominican Republic,NY.GDP.NGAS.RT.ZS,Natural gas rents (% of GDP),1992,0,,1
DOM,Dominican Republic,NY.GDP.NGAS.RT.ZS,Natural gas rents (% of GDP),1991,0,,1
DOM,Dominican Republic,NY.GDP.NGAS.RT.ZS,Natural gas rents (% of GDP),1990,0,,1
DOM,Dominican Republic,NY.GDP.NGAS.RT.ZS,Natural gas rents (% of GDP),1989,0,,1
DOM,Dominican Republic,NY.GDP.NGAS.RT.ZS,Natural gas rents (% of GDP),1988,0,,1
DOM,Dominican Republic,NY.GDP.NGAS.RT.ZS,Natural gas rents (% of GDP),1987,0,,1
DOM,Dominican Republic,NY.GDP.NGAS.RT.ZS,Natural gas rents (% of GDP),1986,0,,1
DOM,Dominican Republic,NY.GDP.NGAS.RT.ZS,Natural gas rents (% of GDP),1985,0,,1
DOM,Dominican Republic,NY.GDP.NGAS.RT.ZS,Natural gas rents (% of GDP),1984,0,,1
DOM,Dominican Republic,NY.GDP.NGAS.RT.ZS,Natural gas rents (% of GDP),1983,0,,1
DOM,Dominican Republic,NY.GDP.NGAS.RT.ZS,Natural gas rents (% of GDP),1982,0,,1
DOM,Dominican Republic,NY.GDP.NGAS.RT.ZS,Natural gas rents (% of GDP),1981,0,,1
DOM,Dominican Republic,NY.GDP.NGAS.RT.ZS,Natural gas rents (% of GDP),1980,0,,1
DOM,Dominican Republic,NY.GDP.NGAS.RT.ZS,Natural gas rents (% of GDP),1979,0,,1
DOM,Dominican Republic,NY.GDP.NGAS.RT.ZS,Natural gas rents (% of GDP),1978,0,,1
DOM,Dominican Republic,NY.GDP.NGAS.RT.ZS,Natural gas rents (% of GDP),1977,0,,1
DOM,Dominican Republic,NY.GDP.NGAS.RT.ZS,Natural gas rents (% of GDP),1976,0,,1
DOM,Dominican Republic,NY.GDP.NGAS.RT.ZS,Natural gas rents (% of GDP),1975,0,,1
DOM,Dominican Republic,NY.GDP.NGAS.RT.ZS,Natural gas rents (% of GDP),1974,0,,1
DOM,Dominican Republic,NY.GDP.NGAS.RT.ZS,Natural gas rents (% of GDP),1973,0,,1
DOM,Dominican Republic,NY.GDP.NGAS.RT.ZS,Natural gas rents (% of GDP),1972,0,,1
DOM,Dominican Republic,NY.GDP.NGAS.RT.ZS,Natural gas rents (% of GDP),1971,0,,1
ECU,Ecuador,NY.GDP.NGAS.RT.ZS,Natural gas rents (% of GDP),2021,0.0136026725030243,,1
ECU,Ecuador,NY.GDP.NGAS.RT.ZS,Natural gas rents (% of GDP),2020,0.00867627170111582,,1
ECU,Ecuador,NY.GDP.NGAS.RT.ZS,Natural gas rents (% of GDP),2019,0.0174551929671252,,1
ECU,Ecuador,NY.GDP.NGAS.RT.ZS,Natural gas rents (% of GDP),2018,0.0183213291864609,,1
ECU,Ecuador,NY.GDP.NGAS.RT.ZS,Natural gas rents (% of GDP),2017,0.00999933513610049,,1
ECU,Ecuador,NY.GDP.NGAS.RT.ZS,Natural gas rents (% of GDP),2016,0.00893255255772126,,1
ECU,Ecuador,NY.GDP.NGAS.RT.ZS,Natural gas rents (% of GDP),2015,0.0190291431700831,,1
ECU,Ecuador,NY.GDP.NGAS.RT.ZS,Natural gas rents (% of GDP),2014,0.0426715913878213,,1
ECU,Ecuador,NY.GDP.NGAS.RT.ZS,Natural gas rents (% of GDP),2013,0.0450469705695697,,1
ECU,Ecuador,NY.GDP.NGAS.RT.ZS,Natural gas rents (% of GDP),2012,0.0448272573078322,,1
ECU,Ecuador,NY.GDP.NGAS.RT.ZS,Natural gas rents (% of GDP),2011,0.0219014648757271,,1
ECU,Ecuador,NY.GDP.NGAS.RT.ZS,Natural gas rents (% of GDP),2010,0.0152411813949828,,1
ECU,Ecuador,NY.GDP.NGAS.RT.ZS,Natural gas rents (% of GDP),2009,0.0215040580227175,,1
ECU,Ecuador,NY.GDP.NGAS.RT.ZS,Natural gas rents (% of GDP),2008,0.0174278432820981,,1
ECU,Ecuador,NY.GDP.NGAS.RT.ZS,Natural gas rents (% of GDP),2007,0.0200087462005954,,1
ECU,Ecuador,NY.GDP.NGAS.RT.ZS,Natural gas rents (% of GDP),2006,0.01848153963096,,1
ECU,Ecuador,NY.GDP.NGAS.RT.ZS,Natural gas rents (% of GDP),2005,0.0137364930608804,,1
ECU,Ecuador,NY.GDP.NGAS.RT.ZS,Natural gas rents (% of GDP),2004,0.00534534839599283,,1
ECU,Ecuador,NY.GDP.NGAS.RT.ZS,Natural gas rents (% of GDP),2003,0.00528724428841997,,1
ECU,Ecuador,NY.GDP.NGAS.RT.ZS,Natural gas rents (% of GDP),2002,0.00525597396512167,,1
ECU,Ecuador,NY.GDP.NGAS.RT.ZS,Natural gas rents (% of GDP),2001,0.0125625783754855,,1
ECU,Ecuador,NY.GDP.NGAS.RT.ZS,Natural gas rents (% of GDP),2000,0.0149274346317537,,1
ECU,Ecuador,NY.GDP.NGAS.RT.ZS,Natural gas rents (% of GDP),1999,0.00547743086631527,,1
ECU,Ecuador,NY.GDP.NGAS.RT.ZS,Natural gas rents (% of GDP),1998,0.00264647063143812,,1
ECU,Ecuador,NY.GDP.NGAS.RT.ZS,Natural gas rents (% of GDP),1997,0.0034229064339273,,1
ECU,Ecuador,NY.GDP.NGAS.RT.ZS,Natural gas rents (% of GDP),1996,0.00461365170345462,,1
ECU,Ecuador,NY.GDP.NGAS.RT.ZS,Natural gas rents (% of GDP),1995,0.00460555185678714,,1
ECU,Ecuador,NY.GDP.NGAS.RT.ZS,Natural gas rents (% of GDP),1994,0.00475142348545258,,1
ECU,Ecuador,NY.GDP.NGAS.RT.ZS,Natural gas rents (% of GDP),1993,0.0065841631489334,,1
ECU,Ecuador,NY.GDP.NGAS.RT.ZS,Natural gas rents (% of GDP),1992,0.00556592861236675,,1
ECU,Ecuador,NY.GDP.NGAS.RT.ZS,Natural gas rents (% of GDP),1991,0.00603711606692652,,1
ECU,Ecuador,NY.GDP.NGAS.RT.ZS,Natural gas rents (% of GDP),1990,0.0102982968745506,,1
ECU,Ecuador,NY.GDP.NGAS.RT.ZS,Natural gas rents (% of GDP),1989,0.00619581787537904,,1
ECU,Ecuador,NY.GDP.NGAS.RT.ZS,Natural gas rents (% of GDP),1988,0.00540274779068511,,1
ECU,Ecuador,NY.GDP.NGAS.RT.ZS,Natural gas rents (% of GDP),1987,0.00390462842207971,,1
ECU,Ecuador,NY.GDP.NGAS.RT.ZS,Natural gas rents (% of GDP),1986,0.00756102029051845,,1
ECU,Ecuador,NY.GDP.NGAS.RT.ZS,Natural gas rents (% of GDP),1985,0.0107428384838936,,1
ECU,Ecuador,NY.GDP.NGAS.RT.ZS,Natural gas rents (% of GDP),1984,0.0111427990182847,,1
ECU,Ecuador,NY.GDP.NGAS.RT.ZS,Natural gas rents (% of GDP),1983,0.00738260762559143,,1
ECU,Ecuador,NY.GDP.NGAS.RT.ZS,Natural gas rents (% of GDP),1982,0.000780201189631377,,1
ECU,Ecuador,NY.GDP.NGAS.RT.ZS,Natural gas rents (% of GDP),1981,0.00321079029176273,,1
ECU,Ecuador,NY.GDP.NGAS.RT.ZS,Natural gas rents (% of GDP),1980,0.0101375218864533,,1
ECU,Ecuador,NY.GDP.NGAS.RT.ZS,Natural gas rents (% of GDP),1979,0,,1
ECU,Ecuador,NY.GDP.NGAS.RT.ZS,Natural gas rents (% of GDP),1978,0,,1
ECU,Ecuador,NY.GDP.NGAS.RT.ZS,Natural gas rents (% of GDP),1977,0,,1
ECU,Ecuador,NY.GDP.NGAS.RT.ZS,Natural gas rents (% of GDP),1976,0,,1
ECU,Ecuador,NY.GDP.NGAS.RT.ZS,Natural gas rents (% of GDP),1975,0,,1
ECU,Ecuador,NY.GDP.NGAS.RT.ZS,Natural gas rents (% of GDP),1974,0,,1
ECU,Ecuador,NY.GDP.NGAS.RT.ZS,Natural gas rents (% of GDP),1973,0,,1
ECU,Ecuador,NY.GDP.NGAS.RT.ZS,Natural gas rents (% of GDP),1972,0,,1
ECU,Ecuador,NY.GDP.NGAS.RT.ZS,Natural gas rents (% of GDP),1971,0,,1
EGY,"Egypt, Arab Rep.",NY.GDP.NGAS.RT.ZS,Natural gas rents (% of GDP),2021,2.04572586744071,,1
EGY,"Egypt, Arab Rep.",NY.GDP.NGAS.RT.ZS,Natural gas rents (% of GDP),2020,1.27251663281876,,1
EGY,"Egypt, Arab Rep.",NY.GDP.NGAS.RT.ZS,Natural gas rents (% of GDP),2019,1.67276468331077,,1
EGY,"Egypt, Arab Rep.",NY.GDP.NGAS.RT.ZS,Natural gas rents (% of GDP),2018,1.89151906248592,,1
EGY,"Egypt, Arab Rep.",NY.GDP.NGAS.RT.ZS,Natural gas rents (% of GDP),2017,1.04828310066825,,1
EGY,"Egypt, Arab Rep.",NY.GDP.NGAS.RT.ZS,Natural gas rents (% of GDP),2016,0.506687001503198,,1
EGY,"Egypt, Arab Rep.",NY.GDP.NGAS.RT.ZS,Natural gas rents (% of GDP),2015,0.717587471392014,,1
EGY,"Egypt, Arab Rep.",NY.GDP.NGAS.RT.ZS,Natural gas rents (% of GDP),2014,1.15200734272802,,1
EGY,"Egypt, Arab Rep.",NY.GDP.NGAS.RT.ZS,Natural gas rents (% of GDP),2013,1.48462315590397,,1
EGY,"Egypt, Arab Rep.",NY.GDP.NGAS.RT.ZS,Natural gas rents (% of GDP),2012,1.63298671232615,,1
EGY,"Egypt, Arab Rep.",NY.GDP.NGAS.RT.ZS,Natural gas rents (% of GDP),2011,1.89361087079368,,1
EGY,"Egypt, Arab Rep.",NY.GDP.NGAS.RT.ZS,Natural gas rents (% of GDP),2010,1.5962103417445,,1
EGY,"Egypt, Arab Rep.",NY.GDP.NGAS.RT.ZS,Natural gas rents (% of GDP),2009,2.05000012334665,,1
EGY,"Egypt, Arab Rep.",NY.GDP.NGAS.RT.ZS,Natural gas rents (% of GDP),2008,2.18068996423443,,1
EGY,"Egypt, Arab Rep.",NY.GDP.NGAS.RT.ZS,Natural gas rents (% of GDP),2007,2.45152200895889,,1
EGY,"Egypt, Arab Rep.",NY.GDP.NGAS.RT.ZS,Natural gas rents (% of GDP),2006,2.8202302183493,,1
EGY,"Egypt, Arab Rep.",NY.GDP.NGAS.RT.ZS,Natural gas rents (% of GDP),2005,2.33458675802498,,1
EGY,"Egypt, Arab Rep.",NY.GDP.NGAS.RT.ZS,Natural gas rents (% of GDP),2004,1.60233568193565,,1
EGY,"Egypt, Arab Rep.",NY.GDP.NGAS.RT.ZS,Natural gas rents (% of GDP),2003,1.34012258500625,,1
EGY,"Egypt, Arab Rep.",NY.GDP.NGAS.RT.ZS,Natural gas rents (% of GDP),2002,1.1880642465276,,1
EGY,"Egypt, Arab Rep.",NY.GDP.NGAS.RT.ZS,Natural gas rents (% of GDP),2001,1.12609010255356,,1
EGY,"Egypt, Arab Rep.",NY.GDP.NGAS.RT.ZS,Natural gas rents (% of GDP),2000,0.80988360858388,,1
EGY,"Egypt, Arab Rep.",NY.GDP.NGAS.RT.ZS,Natural gas rents (% of GDP),1999,0.559601222853832,,1
EGY,"Egypt, Arab Rep.",NY.GDP.NGAS.RT.ZS,Natural gas rents (% of GDP),1998,0.525188376468722,,1
EGY,"Egypt, Arab Rep.",NY.GDP.NGAS.RT.ZS,Natural gas rents (% of GDP),1997,0.593986674942503,,1
EGY,"Egypt, Arab Rep.",NY.GDP.NGAS.RT.ZS,Natural gas rents (% of GDP),1996,0.632966198090484,,1
EGY,"Egypt, Arab Rep.",NY.GDP.NGAS.RT.ZS,Natural gas rents (% of GDP),1995,0.612728283364487,,1
EGY,"Egypt, Arab Rep.",NY.GDP.NGAS.RT.ZS,Natural gas rents (% of GDP),1994,0.63844470152896,,1
EGY,"Egypt, Arab Rep.",NY.GDP.NGAS.RT.ZS,Natural gas rents (% of GDP),1993,0.630896722018105,,1
EGY,"Egypt, Arab Rep.",NY.GDP.NGAS.RT.ZS,Natural gas rents (% of GDP),1992,0.583818838684651,,1
EGY,"Egypt, Arab Rep.",NY.GDP.NGAS.RT.ZS,Natural gas rents (% of GDP),1991,0.631507674585289,,1
EGY,"Egypt, Arab Rep.",NY.GDP.NGAS.RT.ZS,Natural gas rents (% of GDP),1990,0.510020435747016,,1
EGY,"Egypt, Arab Rep.",NY.GDP.NGAS.RT.ZS,Natural gas rents (% of GDP),1989,0.474817424842265,,1
EGY,"Egypt, Arab Rep.",NY.GDP.NGAS.RT.ZS,Natural gas rents (% of GDP),1988,0.493447741679613,,1
EGY,"Egypt, Arab Rep.",NY.GDP.NGAS.RT.ZS,Natural gas rents (% of GDP),1987,0.379344035914055,,1
EGY,"Egypt, Arab Rep.",NY.GDP.NGAS.RT.ZS,Natural gas rents (% of GDP),1986,0.382659569867373,,1
EGY,"Egypt, Arab Rep.",NY.GDP.NGAS.RT.ZS,Natural gas rents (% of GDP),1985,0.328040564883275,,1
EGY,"Egypt, Arab Rep.",NY.GDP.NGAS.RT.ZS,Natural gas rents (% of GDP),1984,0.319034425647114,,1
EGY,"Egypt, Arab Rep.",NY.GDP.NGAS.RT.ZS,Natural gas rents (% of GDP),1983,0.305148314734969,,1
EGY,"Egypt, Arab Rep.",NY.GDP.NGAS.RT.ZS,Natural gas rents (% of GDP),1982,0.0961436277277545,,1
EGY,"Egypt, Arab Rep.",NY.GDP.NGAS.RT.ZS,Natural gas rents (% of GDP),1981,0.285272208880706,,1
EGY,"Egypt, Arab Rep.",NY.GDP.NGAS.RT.ZS,Natural gas rents (% of GDP),1980,0.303096363786415,,1
EGY,"Egypt, Arab Rep.",NY.GDP.NGAS.RT.ZS,Natural gas rents (% of GDP),1979,0.201212659543661,,1
EGY,"Egypt, Arab Rep.",NY.GDP.NGAS.RT.ZS,Natural gas rents (% of GDP),1978,0.102349233590231,,1
EGY,"Egypt, Arab Rep.",NY.GDP.NGAS.RT.ZS,Natural gas rents (% of GDP),1977,0.0565792426337968,,1
EGY,"Egypt, Arab Rep.",NY.GDP.NGAS.RT.ZS,Natural gas rents (% of GDP),1976,0.0412931729767677,,1
EGY,"Egypt, Arab Rep.",NY.GDP.NGAS.RT.ZS,Natural gas rents (% of GDP),1975,0.0061511087335946,,1
EGY,"Egypt, Arab Rep.",NY.GDP.NGAS.RT.ZS,Natural gas rents (% of GDP),1974,0.00483455665488964,,1
EGY,"Egypt, Arab Rep.",NY.GDP.NGAS.RT.ZS,Natural gas rents (% of GDP),1973,0.00393012385602782,,1
EGY,"Egypt, Arab Rep.",NY.GDP.NGAS.RT.ZS,Natural gas rents (% of GDP),1972,0.00526041256876961,,1
EGY,"Egypt, Arab Rep.",NY.GDP.NGAS.RT.ZS,Natural gas rents (% of GDP),1971,0.0057247563299254,,1
EGY,"Egypt, Arab Rep.",NY.GDP.NGAS.RT.ZS,Natural gas rents (% of GDP),1970,0.00632851665798329,,1
SLV,El Salvador,NY.GDP.NGAS.RT.ZS,Natural gas rents (% of GDP),2021,0,,1
SLV,El Salvador,NY.GDP.NGAS.RT.ZS,Natural gas rents (% of GDP),2020,0,,1
SLV,El Salvador,NY.GDP.NGAS.RT.ZS,Natural gas rents (% of GDP),2019,0,,1
SLV,El Salvador,NY.GDP.NGAS.RT.ZS,Natural gas rents (% of GDP),2018,0,,1
SLV,El Salvador,NY.GDP.NGAS.RT.ZS,Natural gas rents (% of GDP),2017,0,,1
SLV,El Salvador,NY.GDP.NGAS.RT.ZS,Natural gas rents (% of GDP),2016,0,,1
SLV,El Salvador,NY.GDP.NGAS.RT.ZS,Natural gas rents (% of GDP),2015,0,,1
SLV,El Salvador,NY.GDP.NGAS.RT.ZS,Natural gas rents (% of GDP),2014,0,,1
SLV,El Salvador,NY.GDP.NGAS.RT.ZS,Natural gas rents (% of GDP),2013,0,,1
SLV,El Salvador,NY.GDP.NGAS.RT.ZS,Natural gas rents (% of GDP),2012,0,,1
SLV,El Salvador,NY.GDP.NGAS.RT.ZS,Natural gas rents (% of GDP),2011,0,,1
SLV,El Salvador,NY.GDP.NGAS.RT.ZS,Natural gas rents (% of GDP),2010,0,,1
SLV,El Salvador,NY.GDP.NGAS.RT.ZS,Natural gas rents (% of GDP),2009,0,,1
SLV,El Salvador,NY.GDP.NGAS.RT.ZS,Natural gas rents (% of GDP),2008,0,,1
SLV,El Salvador,NY.GDP.NGAS.RT.ZS,Natural gas rents (% of GDP),2007,0,,1
SLV,El Salvador,NY.GDP.NGAS.RT.ZS,Natural gas rents (% of GDP),2006,0,,1
SLV,El Salvador,NY.GDP.NGAS.RT.ZS,Natural gas rents (% of GDP),2005,0,,1
SLV,El Salvador,NY.GDP.NGAS.RT.ZS,Natural gas rents (% of GDP),2004,0,,1
SLV,El Salvador,NY.GDP.NGAS.RT.ZS,Natural gas rents (% of GDP),2003,0,,1
SLV,El Salvador,NY.GDP.NGAS.RT.ZS,Natural gas rents (% of GDP),2002,0,,1
SLV,El Salvador,NY.GDP.NGAS.RT.ZS,Natural gas rents (% of GDP),2001,0,,1
SLV,El Salvador,NY.GDP.NGAS.RT.ZS,Natural gas rents (% of GDP),2000,0,,1
SLV,El Salvador,NY.GDP.NGAS.RT.ZS,Natural gas rents (% of GDP),1999,0,,1
SLV,El Salvador,NY.GDP.NGAS.RT.ZS,Natural gas rents (% of GDP),1998,0,,1
SLV,El Salvador,NY.GDP.NGAS.RT.ZS,Natural gas rents (% of GDP),1997,0,,1
SLV,El Salvador,NY.GDP.NGAS.RT.ZS,Natural gas rents (% of GDP),1996,0,,1
SLV,El Salvador,NY.GDP.NGAS.RT.ZS,Natural gas rents (% of GDP),1995,0,,1
SLV,El Salvador,NY.GDP.NGAS.RT.ZS,Natural gas rents (% of GDP),1994,0,,1
SLV,El Salvador,NY.GDP.NGAS.RT.ZS,Natural gas rents (% of GDP),1993,0,,1
SLV,El Salvador,NY.GDP.NGAS.RT.ZS,Natural gas rents (% of GDP),1992,0,,1
SLV,El Salvador,NY.GDP.NGAS.RT.ZS,Natural gas rents (% of GDP),1991,0,,1
SLV,El Salvador,NY.GDP.NGAS.RT.ZS,Natural gas rents (% of GDP),1990,0,,1
SLV,El Salvador,NY.GDP.NGAS.RT.ZS,Natural gas rents (% of GDP),1989,0,,1
SLV,El Salvador,NY.GDP.NGAS.RT.ZS,Natural gas rents (% of GDP),1988,0,,1
SLV,El Salvador,NY.GDP.NGAS.RT.ZS,Natural gas rents (% of GDP),1987,0,,1
SLV,El Salvador,NY.GDP.NGAS.RT.ZS,Natural gas rents (% of GDP),1986,0,,1
SLV,El Salvador,NY.GDP.NGAS.RT.ZS,Natural gas rents (% of GDP),1985,0,,1
SLV,El Salvador,NY.GDP.NGAS.RT.ZS,Natural gas rents (% of GDP),1984,0,,1
SLV,El Salvador,NY.GDP.NGAS.RT.ZS,Natural gas rents (% of GDP),1983,0,,1
SLV,El Salvador,NY.GDP.NGAS.RT.ZS,Natural gas rents (% of GDP),1982,0,,1
SLV,El Salvador,NY.GDP.NGAS.RT.ZS,Natural gas rents (% of GDP),1981,0,,1
SLV,El Salvador,NY.GDP.NGAS.RT.ZS,Natural gas rents (% of GDP),1980,0,,1
SLV,El Salvador,NY.GDP.NGAS.RT.ZS,Natural gas rents (% of GDP),1979,0,,1
SLV,El Salvador,NY.GDP.NGAS.RT.ZS,Natural gas rents (% of GDP),1978,0,,1
SLV,El Salvador,NY.GDP.NGAS.RT.ZS,Natural gas rents (% of GDP),1977,0,,1
SLV,El Salvador,NY.GDP.NGAS.RT.ZS,Natural gas rents (% of GDP),1976,0,,1
SLV,El Salvador,NY.GDP.NGAS.RT.ZS,Natural gas rents (% of GDP),1975,0,,1
SLV,El Salvador,NY.GDP.NGAS.RT.ZS,Natural gas rents (% of GDP),1974,0,,1
SLV,El Salvador,NY.GDP.NGAS.RT.ZS,Natural gas rents (% of GDP),1973,0,,1
SLV,El Salvador,NY.GDP.NGAS.RT.ZS,Natural gas rents (% of GDP),1972,0,,1
SLV,El Salvador,NY.GDP.NGAS.RT.ZS,Natural gas rents (% of GDP),1971,0,,1
GNQ,Equatorial Guinea,NY.GDP.NGAS.RT.ZS,Natural gas rents (% of GDP),2021,6.63018966086863,,1
GNQ,Equatorial Guinea,NY.GDP.NGAS.RT.ZS,Natural gas rents (% of GDP),2020,3.7137787424555,,1
GNQ,Equatorial Guinea,NY.GDP.NGAS.RT.ZS,Natural gas rents (% of GDP),2019,4.67462374102181,,1
GNQ,Equatorial Guinea,NY.GDP.NGAS.RT.ZS,Natural gas rents (% of GDP),2018,5.43066594009262,,1
GNQ,Equatorial Guinea,NY.GDP.NGAS.RT.ZS,Natural gas rents (% of GDP),2017,3.92567796997632,,1
GNQ,Equatorial Guinea,NY.GDP.NGAS.RT.ZS,Natural gas rents (% of GDP),2016,3.3292341665039,,1
GNQ,Equatorial Guinea,NY.GDP.NGAS.RT.ZS,Natural gas rents (% of GDP),2015,3.96755999067266,,1
GNQ,Equatorial Guinea,NY.GDP.NGAS.RT.ZS,Natural gas rents (% of GDP),2014,3.71720499957102,,1
GNQ,Equatorial Guinea,NY.GDP.NGAS.RT.ZS,Natural gas rents (% of GDP),2013,3.89363267396189,,1
GNQ,Equatorial Guinea,NY.GDP.NGAS.RT.ZS,Natural gas rents (% of GDP),2012,3.59654715458514,,1
GNQ,Equatorial Guinea,NY.GDP.NGAS.RT.ZS,Natural gas rents (% of GDP),2011,3.40190695668927,,1
GNQ,Equatorial Guinea,NY.GDP.NGAS.RT.ZS,Natural gas rents (% of GDP),2010,2.87867275035343,,1
GNQ,Equatorial Guinea,NY.GDP.NGAS.RT.ZS,Natural gas rents (% of GDP),2009,2.70304389691587,,1
GNQ,Equatorial Guinea,NY.GDP.NGAS.RT.ZS,Natural gas rents (% of GDP),2008,2.28124170671599,,1
GNQ,Equatorial Guinea,NY.GDP.NGAS.RT.ZS,Natural gas rents (% of GDP),2007,1.36522658762627,,1
GNQ,Equatorial Guinea,NY.GDP.NGAS.RT.ZS,Natural gas rents (% of GDP),2006,0.817082839693709,,1
GNQ,Equatorial Guinea,NY.GDP.NGAS.RT.ZS,Natural gas rents (% of GDP),2005,0.339171438571116,,1
GNQ,Equatorial Guinea,NY.GDP.NGAS.RT.ZS,Natural gas rents (% of GDP),2000,0.0926276422557398,,1
GNQ,Equatorial Guinea,NY.GDP.NGAS.RT.ZS,Natural gas rents (% of GDP),1999,0.0586454288412632,,1
GNQ,Equatorial Guinea,NY.GDP.NGAS.RT.ZS,Natural gas rents (% of GDP),1998,0.0847954344553001,,1
GNQ,Equatorial Guinea,NY.GDP.NGAS.RT.ZS,Natural gas rents (% of GDP),1997,0,,1
GNQ,Equatorial Guinea,NY.GDP.NGAS.RT.ZS,Natural gas rents (% of GDP),1996,0,,1
GNQ,Equatorial Guinea,NY.GDP.NGAS.RT.ZS,Natural gas rents (% of GDP),1995,0,,1
GNQ,Equatorial Guinea,NY.GDP.NGAS.RT.ZS,Natural gas rents (% of GDP),1994,0,,1
GNQ,Equatorial Guinea,NY.GDP.NGAS.RT.ZS,Natural gas rents (% of GDP),1993,0,,1
GNQ,Equatorial Guinea,NY.GDP.NGAS.RT.ZS,Natural gas rents (% of GDP),1992,0,,1
GNQ,Equatorial Guinea,NY.GDP.NGAS.RT.ZS,Natural gas rents (% of GDP),1991,0,,1
GNQ,Equatorial Guinea,NY.GDP.NGAS.RT.ZS,Natural gas rents (% of GDP),1990,0,,1
GNQ,Equatorial Guinea,NY.GDP.NGAS.RT.ZS,Natural gas rents (% of GDP),1989,0,,1
GNQ,Equatorial Guinea,NY.GDP.NGAS.RT.ZS,Natural gas rents (% of GDP),1988,0,,1
GNQ,Equatorial Guinea,NY.GDP.NGAS.RT.ZS,Natural gas rents (% of GDP),1987,0,,1
GNQ,Equatorial Guinea,NY.GDP.NGAS.RT.ZS,Natural gas rents (% of GDP),1986,0,,1
GNQ,Equatorial Guinea,NY.GDP.NGAS.RT.ZS,Natural gas rents (% of GDP),1985,0,,1
GNQ,Equatorial Guinea,NY.GDP.NGAS.RT.ZS,Natural gas rents (% of GDP),1984,0,,1
GNQ,Equatorial Guinea,NY.GDP.NGAS.RT.ZS,Natural gas rents (% of GDP),1983,0,,1
GNQ,Equatorial Guinea,NY.GDP.NGAS.RT.ZS,Natural gas rents (% of GDP),1982,0,,1
GNQ,Equatorial Guinea,NY.GDP.NGAS.RT.ZS,Natural gas rents (% of GDP),1981,0,,1
GNQ,Equatorial Guinea,NY.GDP.NGAS.RT.ZS,Natural gas rents (% of GDP),1980,0,,1
ERI,Eritrea,NY.GDP.NGAS.RT.ZS,Natural gas rents (% of GDP),2011,0,,1
ERI,Eritrea,NY.GDP.NGAS.RT.ZS,Natural gas rents (% of GDP),2010,0,,1
ERI,Eritrea,NY.GDP.NGAS.RT.ZS,Natural gas rents (% of GDP),2009,0,,1
ERI,Eritrea,NY.GDP.NGAS.RT.ZS,Natural gas rents (% of GDP),2008,0,,1
ERI,Eritrea,NY.GDP.NGAS.RT.ZS,Natural gas rents (% of GDP),2007,0,,1
ERI,Eritrea,NY.GDP.NGAS.RT.ZS,Natural gas rents (% of GDP),2006,0,,1
ERI,Eritrea,NY.GDP.NGAS.RT.ZS,Natural gas rents (% of GDP),2005,0,,1
ERI,Eritrea,NY.GDP.NGAS.RT.ZS,Natural gas rents (% of GDP),2004,0,,1
ERI,Eritrea,NY.GDP.NGAS.RT.ZS,Natural gas rents (% of GDP),2003,0,,1
ERI,Eritrea,NY.GDP.NGAS.RT.ZS,Natural gas rents (% of GDP),2002,0,,1
ERI,Eritrea,NY.GDP.NGAS.RT.ZS,Natural gas rents (% of GDP),2001,0,,1
ERI,Eritrea,NY.GDP.NGAS.RT.ZS,Natural gas rents (% of GDP),2000,0,,1
ERI,Eritrea,NY.GDP.NGAS.RT.ZS,Natural gas rents (% of GDP),1999,0,,1
ERI,Eritrea,NY.GDP.NGAS.RT.ZS,Natural gas rents (% of GDP),1998,0,,1
ERI,Eritrea,NY.GDP.NGAS.RT.ZS,Natural gas rents (% of GDP),1997,0,,1
ERI,Eritrea,NY.GDP.NGAS.RT.ZS,Natural gas rents (% of GDP),1996,0,,1
ERI,Eritrea,NY.GDP.NGAS.RT.ZS,Natural gas rents (% of GDP),1995,0,,1
ERI,Eritrea,NY.GDP.NGAS.RT.ZS,Natural gas rents (% of GDP),1994,0,,1
ERI,Eritrea,NY.GDP.NGAS.RT.ZS,Natural gas rents (% of GDP),1993,0,,1
ERI,Eritrea,NY.GDP.NGAS.RT.ZS,Natural gas rents (% of GDP),1992,0,,1
EST,Estonia,NY.GDP.NGAS.RT.ZS,Natural gas rents (% of GDP),2021,0,,1
EST,Estonia,NY.GDP.NGAS.RT.ZS,Natural gas rents (% of GDP),2020,0,,1
EST,Estonia,NY.GDP.NGAS.RT.ZS,Natural gas rents (% of GDP),2019,0,,1
EST,Estonia,NY.GDP.NGAS.RT.ZS,Natural gas rents (% of GDP),2018,0,,1
EST,Estonia,NY.GDP.NGAS.RT.ZS,Natural gas rents (% of GDP),2017,0,,1
EST,Estonia,NY.GDP.NGAS.RT.ZS,Natural gas rents (% of GDP),2016,0,,1
EST,Estonia,NY.GDP.NGAS.RT.ZS,Natural gas rents (% of GDP),2015,0,,1
EST,Estonia,NY.GDP.NGAS.RT.ZS,Natural gas rents (% of GDP),2014,0,,1
EST,Estonia,NY.GDP.NGAS.RT.ZS,Natural gas rents (% of GDP),2013,0,,1
EST,Estonia,NY.GDP.NGAS.RT.ZS,Natural gas rents (% of GDP),2012,0,,1
EST,Estonia,NY.GDP.NGAS.RT.ZS,Natural gas rents (% of GDP),2011,0,,1
EST,Estonia,NY.GDP.NGAS.RT.ZS,Natural gas rents (% of GDP),2010,0,,1
EST,Estonia,NY.GDP.NGAS.RT.ZS,Natural gas rents (% of GDP),2009,0,,1
EST,Estonia,NY.GDP.NGAS.RT.ZS,Natural gas rents (% of GDP),2008,0,,1
EST,Estonia,NY.GDP.NGAS.RT.ZS,Natural gas rents (% of GDP),2007,0,,1
EST,Estonia,NY.GDP.NGAS.RT.ZS,Natural gas rents (% of GDP),2006,0,,1
EST,Estonia,NY.GDP.NGAS.RT.ZS,Natural gas rents (% of GDP),2005,0,,1
EST,Estonia,NY.GDP.NGAS.RT.ZS,Natural gas rents (% of GDP),2004,0,,1
EST,Estonia,NY.GDP.NGAS.RT.ZS,Natural gas rents (% of GDP),2003,0,,1
EST,Estonia,NY.GDP.NGAS.RT.ZS,Natural gas rents (% of GDP),2002,0,,1
EST,Estonia,NY.GDP.NGAS.RT.ZS,Natural gas rents (% of GDP),2001,0,,1
EST,Estonia,NY.GDP.NGAS.RT.ZS,Natural gas rents (% of GDP),2000,0,,1
EST,Estonia,NY.GDP.NGAS.RT.ZS,Natural gas rents (% of GDP),1999,0,,1
EST,Estonia,NY.GDP.NGAS.RT.ZS,Natural gas rents (% of GDP),1998,0,,1
EST,Estonia,NY.GDP.NGAS.RT.ZS,Natural gas rents (% of GDP),1997,0,,1
EST,Estonia,NY.GDP.NGAS.RT.ZS,Natural gas rents (% of GDP),1996,0,,1
EST,Estonia,NY.GDP.NGAS.RT.ZS,Natural gas rents (% of GDP),1995,0,,1
SWZ,Eswatini,NY.GDP.NGAS.RT.ZS,Natural gas rents (% of GDP),2021,0,,1
SWZ,Eswatini,NY.GDP.NGAS.RT.ZS,Natural gas rents (% of GDP),2020,0,,1
SWZ,Eswatini,NY.GDP.NGAS.RT.ZS,Natural gas rents (% of GDP),2019,0,,1
SWZ,Eswatini,NY.GDP.NGAS.RT.ZS,Natural gas rents (% of GDP),2018,0,,1
SWZ,Eswatini,NY.GDP.NGAS.RT.ZS,Natural gas rents (% of GDP),2017,0,,1
SWZ,Eswatini,NY.GDP.NGAS.RT.ZS,Natural gas rents (% of GDP),2016,0,,1
SWZ,Eswatini,NY.GDP.NGAS.RT.ZS,Natural gas rents (% of GDP),2015,0,,1
SWZ,Eswatini,NY.GDP.NGAS.RT.ZS,Natural gas rents (% of GDP),2014,0,,1
SWZ,Eswatini,NY.GDP.NGAS.RT.ZS,Natural gas rents (% of GDP),2013,0,,1
SWZ,Eswatini,NY.GDP.NGAS.RT.ZS,Natural gas rents (% of GDP),2012,0,,1
SWZ,Eswatini,NY.GDP.NGAS.RT.ZS,Natural gas rents (% of GDP),2011,0,,1
SWZ,Eswatini,NY.GDP.NGAS.RT.ZS,Natural gas rents (% of GDP),2010,0,,1
SWZ,Eswatini,NY.GDP.NGAS.RT.ZS,Natural gas rents (% of GDP),2009,0,,1
SWZ,Eswatini,NY.GDP.NGAS.RT.ZS,Natural gas rents (% of GDP),2008,0,,1
SWZ,Eswatini,NY.GDP.NGAS.RT.ZS,Natural gas rents (% of GDP),2007,0,,1
SWZ,Eswatini,NY.GDP.NGAS.RT.ZS,Natural gas rents (% of GDP),2006,0,,1
SWZ,Eswatini,NY.GDP.NGAS.RT.ZS,Natural gas rents (% of GDP),2005,0,,1
SWZ,Eswatini,NY.GDP.NGAS.RT.ZS,Natural gas rents (% of GDP),2004,0,,1
SWZ,Eswatini,NY.GDP.NGAS.RT.ZS,Natural gas rents (% of GDP),2003,0,,1
SWZ,Eswatini,NY.GDP.NGAS.RT.ZS,Natural gas rents (% of GDP),2002,0,,1
SWZ,Eswatini,NY.GDP.NGAS.RT.ZS,Natural gas rents (% of GDP),2001,0,,1
SWZ,Eswatini,NY.GDP.NGAS.RT.ZS,Natural gas rents (% of GDP),2000,0,,1
SWZ,Eswatini,NY.GDP.NGAS.RT.ZS,Natural gas rents (% of GDP),1999,0,,1
SWZ,Eswatini,NY.GDP.NGAS.RT.ZS,Natural gas rents (% of GDP),1998,0,,1
SWZ,Eswatini,NY.GDP.NGAS.RT.ZS,Natural gas rents (% of GDP),1997,0,,1
SWZ,Eswatini,NY.GDP.NGAS.RT.ZS,Natural gas rents (% of GDP),1996,0,,1
SWZ,Eswatini,NY.GDP.NGAS.RT.ZS,Natural gas rents (% of GDP),1995,0,,1
SWZ,Eswatini,NY.GDP.NGAS.RT.ZS,Natural gas rents (% of GDP),1994,0,,1
SWZ,Eswatini,NY.GDP.NGAS.RT.ZS,Natural gas rents (% of GDP),1993,0,,1
SWZ,Eswatini,NY.GDP.NGAS.RT.ZS,Natural gas rents (% of GDP),1992,0,,1
SWZ,Eswatini,NY.GDP.NGAS.RT.ZS,Natural gas rents (% of GDP),1991,0,,1
SWZ,Eswatini,NY.GDP.NGAS.RT.ZS,Natural gas rents (% of GDP),1990,0,,1
SWZ,Eswatini,NY.GDP.NGAS.RT.ZS,Natural gas rents (% of GDP),1989,0,,1
SWZ,Eswatini,NY.GDP.NGAS.RT.ZS,Natural gas rents (% of GDP),1988,0,,1
SWZ,Eswatini,NY.GDP.NGAS.RT.ZS,Natural gas rents (% of GDP),1987,0,,1
SWZ,Eswatini,NY.GDP.NGAS.RT.ZS,Natural gas rents (% of GDP),1986,0,,1
SWZ,Eswatini,NY.GDP.NGAS.RT.ZS,Natural gas rents (% of GDP),1985,0,,1
SWZ,Eswatini,NY.GDP.NGAS.RT.ZS,Natural gas rents (% of GDP),1984,0,,1
SWZ,Eswatini,NY.GDP.NGAS.RT.ZS,Natural gas rents (% of GDP),1983,0,,1
SWZ,Eswatini,NY.GDP.NGAS.RT.ZS,Natural gas rents (% of GDP),1982,0,,1
SWZ,Eswatini,NY.GDP.NGAS.RT.ZS,Natural gas rents (% of GDP),1981,0,,1
SWZ,Eswatini,NY.GDP.NGAS.RT.ZS,Natural gas rents (% of GDP),1980,0,,1
ETH,Ethiopia,NY.GDP.NGAS.RT.ZS,Natural gas rents (% of GDP),2021,0,,1
ETH,Ethiopia,NY.GDP.NGAS.RT.ZS,Natural gas rents (% of GDP),2020,0,,1
ETH,Ethiopia,NY.GDP.NGAS.RT.ZS,Natural gas rents (% of GDP),2019,0,,1
ETH,Ethiopia,NY.GDP.NGAS.RT.ZS,Natural gas rents (% of GDP),2018,0,,1
ETH,Ethiopia,NY.GDP.NGAS.RT.ZS,Natural gas rents (% of GDP),2017,0,,1
ETH,Ethiopia,NY.GDP.NGAS.RT.ZS,Natural gas rents (% of GDP),2016,0,,1
ETH,Ethiopia,NY.GDP.NGAS.RT.ZS,Natural gas rents (% of GDP),2015,0,,1
ETH,Ethiopia,NY.GDP.NGAS.RT.ZS,Natural gas rents (% of GDP),2014,0,,1
ETH,Ethiopia,NY.GDP.NGAS.RT.ZS,Natural gas rents (% of GDP),2013,0,,1
ETH,Ethiopia,NY.GDP.NGAS.RT.ZS,Natural gas rents (% of GDP),2012,0,,1
ETH,Ethiopia,NY.GDP.NGAS.RT.ZS,Natural gas rents (% of GDP),2011,0,,1
ETH,Ethiopia,NY.GDP.NGAS.RT.ZS,Natural gas rents (% of GDP),2010,0,,1
ETH,Ethiopia,NY.GDP.NGAS.RT.ZS,Natural gas rents (% of GDP),2009,0,,1
ETH,Ethiopia,NY.GDP.NGAS.RT.ZS,Natural gas rents (% of GDP),2008,0,,1
ETH,Ethiopia,NY.GDP.NGAS.RT.ZS,Natural gas rents (% of GDP),2007,0,,1
ETH,Ethiopia,NY.GDP.NGAS.RT.ZS,Natural gas rents (% of GDP),2006,0,,1
ETH,Ethiopia,NY.GDP.NGAS.RT.ZS,Natural gas rents (% of GDP),2005,0,,1
ETH,Ethiopia,NY.GDP.NGAS.RT.ZS,Natural gas rents (% of GDP),2004,0,,1
ETH,Ethiopia,NY.GDP.NGAS.RT.ZS,Natural gas rents (% of GDP),2003,0,,1
ETH,Ethiopia,NY.GDP.NGAS.RT.ZS,Natural gas rents (% of GDP),2002,0,,1
ETH,Ethiopia,NY.GDP.NGAS.RT.ZS,Natural gas rents (% of GDP),2001,0,,1
ETH,Ethiopia,NY.GDP.NGAS.RT.ZS,Natural gas rents (% of GDP),2000,0,,1
ETH,Ethiopia,NY.GDP.NGAS.RT.ZS,Natural gas rents (% of GDP),1999,0,,1
ETH,Ethiopia,NY.GDP.NGAS.RT.ZS,Natural gas rents (% of GDP),1998,0,,1
ETH,Ethiopia,NY.GDP.NGAS.RT.ZS,Natural gas rents (% of GDP),1997,0,,1
ETH,Ethiopia,NY.GDP.NGAS.RT.ZS,Natural gas rents (% of GDP),1996,0,,1
ETH,Ethiopia,NY.GDP.NGAS.RT.ZS,Natural gas rents (% of GDP),1995,0,,1
ETH,Ethiopia,NY.GDP.NGAS.RT.ZS,Natural gas rents (% of GDP),1994,0,,1
ETH,Ethiopia,NY.GDP.NGAS.RT.ZS,Natural gas rents (% of GDP),1993,0,,1
ETH,Ethiopia,NY.GDP.NGAS.RT.ZS,Natural gas rents (% of GDP),1992,0,,1
ETH,Ethiopia,NY.GDP.NGAS.RT.ZS,Natural gas rents (% of GDP),1991,0,,1
ETH,Ethiopia,NY.GDP.NGAS.RT.ZS,Natural gas rents (% of GDP),1990,0,,1
ETH,Ethiopia,NY.GDP.NGAS.RT.ZS,Natural gas rents (% of GDP),1989,0,,1
ETH,Ethiopia,NY.GDP.NGAS.RT.ZS,Natural gas rents (% of GDP),1988,0,,1
ETH,Ethiopia,NY.GDP.NGAS.RT.ZS,Natural gas rents (% of GDP),1987,0,,1
ETH,Ethiopia,NY.GDP.NGAS.RT.ZS,Natural gas rents (% of GDP),1986,0,,1
ETH,Ethiopia,NY.GDP.NGAS.RT.ZS,Natural gas rents (% of GDP),1985,0,,1
ETH,Ethiopia,NY.GDP.NGAS.RT.ZS,Natural gas rents (% of GDP),1984,0,,1
ETH,Ethiopia,NY.GDP.NGAS.RT.ZS,Natural gas rents (% of GDP),1983,0,,1
ETH,Ethiopia,NY.GDP.NGAS.RT.ZS,Natural gas rents (% of GDP),1982,0,,1
ETH,Ethiopia,NY.GDP.NGAS.RT.ZS,Natural gas rents (% of GDP),1981,0,,1
FRO,Faroe Islands,NY.GDP.NGAS.RT.ZS,Natural gas rents (% of GDP),2021,0,,1
FRO,Faroe Islands,NY.GDP.NGAS.RT.ZS,Natural gas rents (% of GDP),2020,0,,1
FRO,Faroe Islands,NY.GDP.NGAS.RT.ZS,Natural gas rents (% of GDP),2019,0,,1
FRO,Faroe Islands,NY.GDP.NGAS.RT.ZS,Natural gas rents (% of GDP),2018,0,,1
FRO,Faroe Islands,NY.GDP.NGAS.RT.ZS,Natural gas rents (% of GDP),2017,0,,1
FRO,Faroe Islands,NY.GDP.NGAS.RT.ZS,Natural gas rents (% of GDP),2016,0,,1
FRO,Faroe Islands,NY.GDP.NGAS.RT.ZS,Natural gas rents (% of GDP),2015,0,,1
FRO,Faroe Islands,NY.GDP.NGAS.RT.ZS,Natural gas rents (% of GDP),2014,0,,1
FRO,Faroe Islands,NY.GDP.NGAS.RT.ZS,Natural gas rents (% of GDP),2013,0,,1
FRO,Faroe Islands,NY.GDP.NGAS.RT.ZS,Natural gas rents (% of GDP),2012,0,,1
FRO,Faroe Islands,NY.GDP.NGAS.RT.ZS,Natural gas rents (% of GDP),2011,0,,1
FRO,Faroe Islands,NY.GDP.NGAS.RT.ZS,Natural gas rents (% of GDP),2010,0,,1
FRO,Faroe Islands,NY.GDP.NGAS.RT.ZS,Natural gas rents (% of GDP),2009,0,,1
FRO,Faroe Islands,NY.GDP.NGAS.RT.ZS,Natural gas rents (% of GDP),2008,0,,1
FRO,Faroe Islands,NY.GDP.NGAS.RT.ZS,Natural gas rents (% of GDP),2007,0,,1
FRO,Faroe Islands,NY.GDP.NGAS.RT.ZS,Natural gas rents (% of GDP),2006,0,,1
FRO,Faroe Islands,NY.GDP.NGAS.RT.ZS,Natural gas rents (% of GDP),2005,0,,1
FRO,Faroe Islands,NY.GDP.NGAS.RT.ZS,Natural gas rents (% of GDP),2004,0,,1
FRO,Faroe Islands,NY.GDP.NGAS.RT.ZS,Natural gas rents (% of GDP),2003,0,,1
FRO,Faroe Islands,NY.GDP.NGAS.RT.ZS,Natural gas rents (% of GDP),2002,0,,1
FRO,Faroe Islands,NY.GDP.NGAS.RT.ZS,Natural gas rents (% of GDP),2001,0,,1
FRO,Faroe Islands,NY.GDP.NGAS.RT.ZS,Natural gas rents (% of GDP),2000,0,,1
FRO,Faroe Islands,NY.GDP.NGAS.RT.ZS,Natural gas rents (% of GDP),1999,0,,1
FRO,Faroe Islands,NY.GDP.NGAS.RT.ZS,Natural gas rents (% of GDP),1998,0,,1
FJI,Fiji,NY.GDP.NGAS.RT.ZS,Natural gas rents (% of GDP),2021,0,,1
FJI,Fiji,NY.GDP.NGAS.RT.ZS,Natural gas rents (% of GDP),2020,0,,1
FJI,Fiji,NY.GDP.NGAS.RT.ZS,Natural gas rents (% of GDP),2019,0,,1
FJI,Fiji,NY.GDP.NGAS.RT.ZS,Natural gas rents (% of GDP),2018,0,,1
FJI,Fiji,NY.GDP.NGAS.RT.ZS,Natural gas rents (% of GDP),2017,0,,1
FJI,Fiji,NY.GDP.NGAS.RT.ZS,Natural gas rents (% of GDP),2016,0,,1
FJI,Fiji,NY.GDP.NGAS.RT.ZS,Natural gas rents (% of GDP),2015,0,,1
FJI,Fiji,NY.GDP.NGAS.RT.ZS,Natural gas rents (% of GDP),2014,0,,1
FJI,Fiji,NY.GDP.NGAS.RT.ZS,Natural gas rents (% of GDP),2013,0,,1
FJI,Fiji,NY.GDP.NGAS.RT.ZS,Natural gas rents (% of GDP),2012,0,,1
FJI,Fiji,NY.GDP.NGAS.RT.ZS,Natural gas rents (% of GDP),2011,0,,1
FJI,Fiji,NY.GDP.NGAS.RT.ZS,Natural gas rents (% of GDP),2010,0,,1
FJI,Fiji,NY.GDP.NGAS.RT.ZS,Natural gas rents (% of GDP),2009,0,,1
FJI,Fiji,NY.GDP.NGAS.RT.ZS,Natural gas rents (% of GDP),2008,0,,1
FJI,Fiji,NY.GDP.NGAS.RT.ZS,Natural gas rents (% of GDP),2007,0,,1
FJI,Fiji,NY.GDP.NGAS.RT.ZS,Natural gas rents (% of GDP),2006,0,,1
FJI,Fiji,NY.GDP.NGAS.RT.ZS,Natural gas rents (% of GDP),2005,0,,1
FJI,Fiji,NY.GDP.NGAS.RT.ZS,Natural gas rents (% of GDP),2004,0,,1
FJI,Fiji,NY.GDP.NGAS.RT.ZS,Natural gas rents (% of GDP),2003,0,,1
FJI,Fiji,NY.GDP.NGAS.RT.ZS,Natural gas rents (% of GDP),2002,0,,1
FJI,Fiji,NY.GDP.NGAS.RT.ZS,Natural gas rents (% of GDP),2001,0,,1
FJI,Fiji,NY.GDP.NGAS.RT.ZS,Natural gas rents (% of GDP),2000,0,,1
FJI,Fiji,NY.GDP.NGAS.RT.ZS,Natural gas rents (% of GDP),1999,0,,1
FJI,Fiji,NY.GDP.NGAS.RT.ZS,Natural gas rents (% of GDP),1998,0,,1
FJI,Fiji,NY.GDP.NGAS.RT.ZS,Natural gas rents (% of GDP),1997,0,,1
FJI,Fiji,NY.GDP.NGAS.RT.ZS,Natural gas rents (% of GDP),1996,0,,1
FJI,Fiji,NY.GDP.NGAS.RT.ZS,Natural gas rents (% of GDP),1995,0,,1
FJI,Fiji,NY.GDP.NGAS.RT.ZS,Natural gas rents (% of GDP),1994,0,,1
FJI,Fiji,NY.GDP.NGAS.RT.ZS,Natural gas rents (% of GDP),1993,0,,1
FJI,Fiji,NY.GDP.NGAS.RT.ZS,Natural gas rents (% of GDP),1992,0,,1
FJI,Fiji,NY.GDP.NGAS.RT.ZS,Natural gas rents (% of GDP),1991,0,,1
FJI,Fiji,NY.GDP.NGAS.RT.ZS,Natural gas rents (% of GDP),1990,0,,1
FJI,Fiji,NY.GDP.NGAS.RT.ZS,Natural gas rents (% of GDP),1989,0,,1
FJI,Fiji,NY.GDP.NGAS.RT.ZS,Natural gas rents (% of GDP),1988,0,,1
FJI,Fiji,NY.GDP.NGAS.RT.ZS,Natural gas rents (% of GDP),1987,0,,1
FJI,Fiji,NY.GDP.NGAS.RT.ZS,Natural gas rents (% of GDP),1986,0,,1
FJI,Fiji,NY.GDP.NGAS.RT.ZS,Natural gas rents (% of GDP),1985,0,,1
FJI,Fiji,NY.GDP.NGAS.RT.ZS,Natural gas rents (% of GDP),1984,0,,1
FJI,Fiji,NY.GDP.NGAS.RT.ZS,Natural gas rents (% of GDP),1983,0,,1
FJI,Fiji,NY.GDP.NGAS.RT.ZS,Natural gas rents (% of GDP),1982,0,,1
FJI,Fiji,NY.GDP.NGAS.RT.ZS,Natural gas rents (% of GDP),1981,0,,1
FJI,Fiji,NY.GDP.NGAS.RT.ZS,Natural gas rents (% of GDP),1980,0,,1
FIN,Finland,NY.GDP.NGAS.RT.ZS,Natural gas rents (% of GDP),2021,0,,1
FIN,Finland,NY.GDP.NGAS.RT.ZS,Natural gas rents (% of GDP),2020,0,,1
FIN,Finland,NY.GDP.NGAS.RT.ZS,Natural gas rents (% of GDP),2019,0,,1
FIN,Finland,NY.GDP.NGAS.RT.ZS,Natural gas rents (% of GDP),2018,0,,1
FIN,Finland,NY.GDP.NGAS.RT.ZS,Natural gas rents (% of GDP),2017,0,,1
FIN,Finland,NY.GDP.NGAS.RT.ZS,Natural gas rents (% of GDP),2016,0,,1
FIN,Finland,NY.GDP.NGAS.RT.ZS,Natural gas rents (% of GDP),2015,0,,1
FIN,Finland,NY.GDP.NGAS.RT.ZS,Natural gas rents (% of GDP),2014,0,,1
FIN,Finland,NY.GDP.NGAS.RT.ZS,Natural gas rents (% of GDP),2013,0,,1
FIN,Finland,NY.GDP.NGAS.RT.ZS,Natural gas rents (% of GDP),2012,0,,1
FIN,Finland,NY.GDP.NGAS.RT.ZS,Natural gas rents (% of GDP),2011,0,,1
FIN,Finland,NY.GDP.NGAS.RT.ZS,Natural gas rents (% of GDP),2010,0,,1
FIN,Finland,NY.GDP.NGAS.RT.ZS,Natural gas rents (% of GDP),2009,0,,1
FIN,Finland,NY.GDP.NGAS.RT.ZS,Natural gas rents (% of GDP),2008,0,,1
FIN,Finland,NY.GDP.NGAS.RT.ZS,Natural gas rents (% of GDP),2007,0,,1
FIN,Finland,NY.GDP.NGAS.RT.ZS,Natural gas rents (% of GDP),2006,0,,1
FIN,Finland,NY.GDP.NGAS.RT.ZS,Natural gas rents (% of GDP),2005,0,,1
FIN,Finland,NY.GDP.NGAS.RT.ZS,Natural gas rents (% of GDP),2004,0,,1
FIN,Finland,NY.GDP.NGAS.RT.ZS,Natural gas rents (% of GDP),2003,0,,1
FIN,Finland,NY.GDP.NGAS.RT.ZS,Natural gas rents (% of GDP),2002,0,,1
FIN,Finland,NY.GDP.NGAS.RT.ZS,Natural gas rents (% of GDP),2001,0,,1
FIN,Finland,NY.GDP.NGAS.RT.ZS,Natural gas rents (% of GDP),2000,0,,1
FIN,Finland,NY.GDP.NGAS.RT.ZS,Natural gas rents (% of GDP),1999,0,,1
FIN,Finland,NY.GDP.NGAS.RT.ZS,Natural gas rents (% of GDP),1998,0,,1
FIN,Finland,NY.GDP.NGAS.RT.ZS,Natural gas rents (% of GDP),1997,0,,1
FIN,Finland,NY.GDP.NGAS.RT.ZS,Natural gas rents (% of GDP),1996,0,,1
FIN,Finland,NY.GDP.NGAS.RT.ZS,Natural gas rents (% of GDP),1995,0,,1
FIN,Finland,NY.GDP.NGAS.RT.ZS,Natural gas rents (% of GDP),1994,0,,1
FIN,Finland,NY.GDP.NGAS.RT.ZS,Natural gas rents (% of GDP),1993,0,,1
FIN,Finland,NY.GDP.NGAS.RT.ZS,Natural gas rents (% of GDP),1992,0,,1
FIN,Finland,NY.GDP.NGAS.RT.ZS,Natural gas rents (% of GDP),1991,0,,1
FIN,Finland,NY.GDP.NGAS.RT.ZS,Natural gas rents (% of GDP),1990,0,,1
FIN,Finland,NY.GDP.NGAS.RT.ZS,Natural gas rents (% of GDP),1989,0,,1
FIN,Finland,NY.GDP.NGAS.RT.ZS,Natural gas rents (% of GDP),1988,0,,1
FIN,Finland,NY.GDP.NGAS.RT.ZS,Natural gas rents (% of GDP),1987,0,,1
FIN,Finland,NY.GDP.NGAS.RT.ZS,Natural gas rents (% of GDP),1986,0,,1
FIN,Finland,NY.GDP.NGAS.RT.ZS,Natural gas rents (% of GDP),1985,0,,1
FIN,Finland,NY.GDP.NGAS.RT.ZS,Natural gas rents (% of GDP),1984,0,,1
FIN,Finland,NY.GDP.NGAS.RT.ZS,Natural gas rents (% of GDP),1983,0,,1
FIN,Finland,NY.GDP.NGAS.RT.ZS,Natural gas rents (% of GDP),1982,0,,1
FIN,Finland,NY.GDP.NGAS.RT.ZS,Natural gas rents (% of GDP),1981,0,,1
FIN,Finland,NY.GDP.NGAS.RT.ZS,Natural gas rents (% of GDP),1980,0,,1
FIN,Finland,NY.GDP.NGAS.RT.ZS,Natural gas rents (% of GDP),1979,0,,1
FIN,Finland,NY.GDP.NGAS.RT.ZS,Natural gas rents (% of GDP),1978,0,,1
FIN,Finland,NY.GDP.NGAS.RT.ZS,Natural gas rents (% of GDP),1977,0,,1
FIN,Finland,NY.GDP.NGAS.RT.ZS,Natural gas rents (% of GDP),1976,0,,1
FIN,Finland,NY.GDP.NGAS.RT.ZS,Natural gas rents (% of GDP),1975,0,,1
FIN,Finland,NY.GDP.NGAS.RT.ZS,Natural gas rents (% of GDP),1974,0,,1
FIN,Finland,NY.GDP.NGAS.RT.ZS,Natural gas rents (% of GDP),1973,0,,1
FIN,Finland,NY.GDP.NGAS.RT.ZS,Natural gas rents (% of GDP),1972,0,,1
FIN,Finland,NY.GDP.NGAS.RT.ZS,Natural gas rents (% of GDP),1971,0,,1
FIN,Finland,NY.GDP.NGAS.RT.ZS,Natural gas rents (% of GDP),1970,0,,1
FRA,France,NY.GDP.NGAS.RT.ZS,Natural gas rents (% of GDP),2021,0.000137795686740901,,1
FRA,France,NY.GDP.NGAS.RT.ZS,Natural gas rents (% of GDP),2020,2.13920330256276e-05,,1
FRA,France,NY.GDP.NGAS.RT.ZS,Natural gas rents (% of GDP),2019,3.84726110560525e-05,,1
FRA,France,NY.GDP.NGAS.RT.ZS,Natural gas rents (% of GDP),2018,2.92489749702571e-05,,1
FRA,France,NY.GDP.NGAS.RT.ZS,Natural gas rents (% of GDP),2017,3.58235354425169e-05,,1
FRA,France,NY.GDP.NGAS.RT.ZS,Natural gas rents (% of GDP),2016,3.44487325405203e-05,,1
FRA,France,NY.GDP.NGAS.RT.ZS,Natural gas rents (% of GDP),2015,6.2380326009974e-05,,1
FRA,France,NY.GDP.NGAS.RT.ZS,Natural gas rents (% of GDP),2014,4.71876516832952e-05,,1
FRA,France,NY.GDP.NGAS.RT.ZS,Natural gas rents (% of GDP),2013,0.0015493248242741,,1
FRA,France,NY.GDP.NGAS.RT.ZS,Natural gas rents (% of GDP),2012,0.00258288830322511,,1
FRA,France,NY.GDP.NGAS.RT.ZS,Natural gas rents (% of GDP),2011,0.00258651823404283,,1
FRA,France,NY.GDP.NGAS.RT.ZS,Natural gas rents (% of GDP),2010,0.00232971591807025,,1
FRA,France,NY.GDP.NGAS.RT.ZS,Natural gas rents (% of GDP),2009,0.00300131454498394,,1
FRA,France,NY.GDP.NGAS.RT.ZS,Natural gas rents (% of GDP),2008,0.00416381388602014,,1
FRA,France,NY.GDP.NGAS.RT.ZS,Natural gas rents (% of GDP),2007,0.00285427992345928,,1
FRA,France,NY.GDP.NGAS.RT.ZS,Natural gas rents (% of GDP),2006,0.0036644600177254,,1
FRA,France,NY.GDP.NGAS.RT.ZS,Natural gas rents (% of GDP),2005,0.00148807022362251,,1
FRA,France,NY.GDP.NGAS.RT.ZS,Natural gas rents (% of GDP),2004,0.00220834809870801,,1
FRA,France,NY.GDP.NGAS.RT.ZS,Natural gas rents (% of GDP),2003,0.00332236455310995,,1
FRA,France,NY.GDP.NGAS.RT.ZS,Natural gas rents (% of GDP),2002,0.00423334274640622,,1
FRA,France,NY.GDP.NGAS.RT.ZS,Natural gas rents (% of GDP),2001,0.00635783621055011,,1
FRA,France,NY.GDP.NGAS.RT.ZS,Natural gas rents (% of GDP),2000,0.00299506579058074,,1
FRA,France,NY.GDP.NGAS.RT.ZS,Natural gas rents (% of GDP),1999,0.000446997784798246,,1
FRA,France,NY.GDP.NGAS.RT.ZS,Natural gas rents (% of GDP),1998,0.000500524447339392,,1
FRA,France,NY.GDP.NGAS.RT.ZS,Natural gas rents (% of GDP),1997,0.00459270407376759,,1
FRA,France,NY.GDP.NGAS.RT.ZS,Natural gas rents (% of GDP),1996,0.00434477544223779,,1
FRA,France,NY.GDP.NGAS.RT.ZS,Natural gas rents (% of GDP),1995,0.00525536362150254,,1
FRA,France,NY.GDP.NGAS.RT.ZS,Natural gas rents (% of GDP),1994,0.00343133820325486,,1
FRA,France,NY.GDP.NGAS.RT.ZS,Natural gas rents (% of GDP),1993,0.00365223740021154,,1
FRA,France,NY.GDP.NGAS.RT.ZS,Natural gas rents (% of GDP),1992,0.00148817014468617,,1
FRA,France,NY.GDP.NGAS.RT.ZS,Natural gas rents (% of GDP),1991,0.00317459935170697,,1
FRA,France,NY.GDP.NGAS.RT.ZS,Natural gas rents (% of GDP),1990,0.00394148996959664,,1
FRA,France,NY.GDP.NGAS.RT.ZS,Natural gas rents (% of GDP),1989,0.00321046557292606,,1
FRA,France,NY.GDP.NGAS.RT.ZS,Natural gas rents (% of GDP),1988,0.00313417780044232,,1
FRA,France,NY.GDP.NGAS.RT.ZS,Natural gas rents (% of GDP),1987,0.00471309240882132,,1
FRA,France,NY.GDP.NGAS.RT.ZS,Natural gas rents (% of GDP),1986,0.0117198116485572,,1
FRA,France,NY.GDP.NGAS.RT.ZS,Natural gas rents (% of GDP),1985,0.0205613835271485,,1
FRA,France,NY.GDP.NGAS.RT.ZS,Natural gas rents (% of GDP),1984,0.0276535697177136,,1
FRA,France,NY.GDP.NGAS.RT.ZS,Natural gas rents (% of GDP),1983,0.027667257395432,,1
FRA,France,NY.GDP.NGAS.RT.ZS,Natural gas rents (% of GDP),1982,0.0150138300492797,,1
FRA,France,NY.GDP.NGAS.RT.ZS,Natural gas rents (% of GDP),1981,0.0331222305442564,,1
FRA,France,NY.GDP.NGAS.RT.ZS,Natural gas rents (% of GDP),1980,0.0472023714286134,,1
FRA,France,NY.GDP.NGAS.RT.ZS,Natural gas rents (% of GDP),1979,0.0405887549620628,,1
FRA,France,NY.GDP.NGAS.RT.ZS,Natural gas rents (% of GDP),1978,0.02975084480954,,1
FRA,France,NY.GDP.NGAS.RT.ZS,Natural gas rents (% of GDP),1977,0.0328480631994955,,1
FRA,France,NY.GDP.NGAS.RT.ZS,Natural gas rents (% of GDP),1976,0.0330267029957607,,1
FRA,France,NY.GDP.NGAS.RT.ZS,Natural gas rents (% of GDP),1975,0.0338164225250199,,1
FRA,France,NY.GDP.NGAS.RT.ZS,Natural gas rents (% of GDP),1974,0.0300156276294667,,1
FRA,France,NY.GDP.NGAS.RT.ZS,Natural gas rents (% of GDP),1973,0.0101774035351232,,1
FRA,France,NY.GDP.NGAS.RT.ZS,Natural gas rents (% of GDP),1972,0.0159847230465609,,1
FRA,France,NY.GDP.NGAS.RT.ZS,Natural gas rents (% of GDP),1971,0.0136729723767105,,1
FRA,France,NY.GDP.NGAS.RT.ZS,Natural gas rents (% of GDP),1970,0.0116931337362529,,1
PYF,French Polynesia,NY.GDP.NGAS.RT.ZS,Natural gas rents (% of GDP),2021,0,,1
PYF,French Polynesia,NY.GDP.NGAS.RT.ZS,Natural gas rents (% of GDP),2020,0,,1
PYF,French Polynesia,NY.GDP.NGAS.RT.ZS,Natural gas rents (% of GDP),2019,0,,1
PYF,French Polynesia,NY.GDP.NGAS.RT.ZS,Natural gas rents (% of GDP),2018,0,,1
PYF,French Polynesia,NY.GDP.NGAS.RT.ZS,Natural gas rents (% of GDP),2017,0,,1
PYF,French Polynesia,NY.GDP.NGAS.RT.ZS,Natural gas rents (% of GDP),2016,0,,1
PYF,French Polynesia,NY.GDP.NGAS.RT.ZS,Natural gas rents (% of GDP),2015,0,,1
PYF,French Polynesia,NY.GDP.NGAS.RT.ZS,Natural gas rents (% of GDP),2014,0,,1
PYF,French Polynesia,NY.GDP.NGAS.RT.ZS,Natural gas rents (% of GDP),2013,0,,1
PYF,French Polynesia,NY.GDP.NGAS.RT.ZS,Natural gas rents (% of GDP),2012,0,,1
PYF,French Polynesia,NY.GDP.NGAS.RT.ZS,Natural gas rents (% of GDP),2011,0,,1
PYF,French Polynesia,NY.GDP.NGAS.RT.ZS,Natural gas rents (% of GDP),2010,0,,1
PYF,French Polynesia,NY.GDP.NGAS.RT.ZS,Natural gas rents (% of GDP),2009,0,,1
PYF,French Polynesia,NY.GDP.NGAS.RT.ZS,Natural gas rents (% of GDP),2008,0,,1
PYF,French Polynesia,NY.GDP.NGAS.RT.ZS,Natural gas rents (% of GDP),2007,0,,1
PYF,French Polynesia,NY.GDP.NGAS.RT.ZS,Natural gas rents (% of GDP),2006,0,,1
PYF,French Polynesia,NY.GDP.NGAS.RT.ZS,Natural gas rents (% of GDP),2005,0,,1
PYF,French Polynesia,NY.GDP.NGAS.RT.ZS,Natural gas rents (% of GDP),2004,0,,1
PYF,French Polynesia,NY.GDP.NGAS.RT.ZS,Natural gas rents (% of GDP),2003,0,,1
PYF,French Polynesia,NY.GDP.NGAS.RT.ZS,Natural gas rents (% of GDP),2002,0,,1
PYF,French Polynesia,NY.GDP.NGAS.RT.ZS,Natural gas rents (% of GDP),2001,0,,1
PYF,French Polynesia,NY.GDP.NGAS.RT.ZS,Natural gas rents (% of GDP),2000,0,,1
PYF,French Polynesia,NY.GDP.NGAS.RT.ZS,Natural gas rents (% of GDP),1999,0,,1
PYF,French Polynesia,NY.GDP.NGAS.RT.ZS,Natural gas rents (% of GDP),1998,0,,1
PYF,French Polynesia,NY.GDP.NGAS.RT.ZS,Natural gas rents (% of GDP),1997,0,,1
PYF,French Polynesia,NY.GDP.NGAS.RT.ZS,Natural gas rents (% of GDP),1996,0,,1
PYF,French Polynesia,NY.GDP.NGAS.RT.ZS,Natural gas rents (% of GDP),1995,0,,1
PYF,French Polynesia,NY.GDP.NGAS.RT.ZS,Natural gas rents (% of GDP),1994,0,,1
PYF,French Polynesia,NY.GDP.NGAS.RT.ZS,Natural gas rents (% of GDP),1993,0,,1
PYF,French Polynesia,NY.GDP.NGAS.RT.ZS,Natural gas rents (% of GDP),1992,0,,1
PYF,French Polynesia,NY.GDP.NGAS.RT.ZS,Natural gas rents (% of GDP),1991,0,,1
PYF,French Polynesia,NY.GDP.NGAS.RT.ZS,Natural gas rents (% of GDP),1990,0,,1
PYF,French Polynesia,NY.GDP.NGAS.RT.ZS,Natural gas rents (% of GDP),1989,0,,1
PYF,French Polynesia,NY.GDP.NGAS.RT.ZS,Natural gas rents (% of GDP),1988,0,,1
PYF,French Polynesia,NY.GDP.NGAS.RT.ZS,Natural gas rents (% of GDP),1987,0,,1
PYF,French Polynesia,NY.GDP.NGAS.RT.ZS,Natural gas rents (% of GDP),1986,0,,1
PYF,French Polynesia,NY.GDP.NGAS.RT.ZS,Natural gas rents (% of GDP),1985,0,,1
PYF,French Polynesia,NY.GDP.NGAS.RT.ZS,Natural gas rents (% of GDP),1984,0,,1
PYF,French Polynesia,NY.GDP.NGAS.RT.ZS,Natural gas rents (% of GDP),1983,0,,1
PYF,French Polynesia,NY.GDP.NGAS.RT.ZS,Natural gas rents (% of GDP),1982,0,,1
PYF,French Polynesia,NY.GDP.NGAS.RT.ZS,Natural gas rents (% of GDP),1981,0,,1
PYF,French Polynesia,NY.GDP.NGAS.RT.ZS,Natural gas rents (% of GDP),1980,0,,1
GAB,Gabon,NY.GDP.NGAS.RT.ZS,Natural gas rents (% of GDP),2021,0.268524525122843,,1
GAB,Gabon,NY.GDP.NGAS.RT.ZS,Natural gas rents (% of GDP),2020,0.210349223877747,,1
GAB,Gabon,NY.GDP.NGAS.RT.ZS,Natural gas rents (% of GDP),2019,0.24178434717823,,1
GAB,Gabon,NY.GDP.NGAS.RT.ZS,Natural gas rents (% of GDP),2018,0.249185395988878,,1
GAB,Gabon,NY.GDP.NGAS.RT.ZS,Natural gas rents (% of GDP),2017,0.183250931989039,,1
GAB,Gabon,NY.GDP.NGAS.RT.ZS,Natural gas rents (% of GDP),2016,0.180381369327729,,1
GAB,Gabon,NY.GDP.NGAS.RT.ZS,Natural gas rents (% of GDP),2015,0.259727579161708,,1
GAB,Gabon,NY.GDP.NGAS.RT.ZS,Natural gas rents (% of GDP),2014,0.286832079981206,,1
GAB,Gabon,NY.GDP.NGAS.RT.ZS,Natural gas rents (% of GDP),2013,0.21205622538129,,1
GAB,Gabon,NY.GDP.NGAS.RT.ZS,Natural gas rents (% of GDP),2012,0.235863079960661,,1
GAB,Gabon,NY.GDP.NGAS.RT.ZS,Natural gas rents (% of GDP),2011,0.209107750132104,,1
GAB,Gabon,NY.GDP.NGAS.RT.ZS,Natural gas rents (% of GDP),2010,0.160031176391066,,1
GAB,Gabon,NY.GDP.NGAS.RT.ZS,Natural gas rents (% of GDP),2009,0.128111970359723,,1
GAB,Gabon,NY.GDP.NGAS.RT.ZS,Natural gas rents (% of GDP),2008,0.0879977934357384,,1
GAB,Gabon,NY.GDP.NGAS.RT.ZS,Natural gas rents (% of GDP),2007,0.0792230139390131,,1
GAB,Gabon,NY.GDP.NGAS.RT.ZS,Natural gas rents (% of GDP),2006,0.0921095672170826,,1
GAB,Gabon,NY.GDP.NGAS.RT.ZS,Natural gas rents (% of GDP),2005,0.03261862995654,,1
GAB,Gabon,NY.GDP.NGAS.RT.ZS,Natural gas rents (% of GDP),2004,0.071282162957338,,1
GAB,Gabon,NY.GDP.NGAS.RT.ZS,Natural gas rents (% of GDP),2003,0.0827014890693919,,1
GAB,Gabon,NY.GDP.NGAS.RT.ZS,Natural gas rents (% of GDP),2002,0.0866644650501961,,1
GAB,Gabon,NY.GDP.NGAS.RT.ZS,Natural gas rents (% of GDP),2001,0.09276544922341,,1
GAB,Gabon,NY.GDP.NGAS.RT.ZS,Natural gas rents (% of GDP),2000,0.0772762340975762,,1
GAB,Gabon,NY.GDP.NGAS.RT.ZS,Natural gas rents (% of GDP),1999,0.0472763797891524,,1
GAB,Gabon,NY.GDP.NGAS.RT.ZS,Natural gas rents (% of GDP),1998,0.0424388915850032,,1
GAB,Gabon,NY.GDP.NGAS.RT.ZS,Natural gas rents (% of GDP),1997,0.0529871241663387,,1
GAB,Gabon,NY.GDP.NGAS.RT.ZS,Natural gas rents (% of GDP),1996,0.0484586602713025,,1
GAB,Gabon,NY.GDP.NGAS.RT.ZS,Natural gas rents (% of GDP),1995,0.0566811587339681,,1
GAB,Gabon,NY.GDP.NGAS.RT.ZS,Natural gas rents (% of GDP),1994,0.0438562774657988,,1
GAB,Gabon,NY.GDP.NGAS.RT.ZS,Natural gas rents (% of GDP),1993,0.0416942826191052,,1
GAB,Gabon,NY.GDP.NGAS.RT.ZS,Natural gas rents (% of GDP),1992,0.0247733543202475,,1
GAB,Gabon,NY.GDP.NGAS.RT.ZS,Natural gas rents (% of GDP),1991,0.0295025310435679,,1
GAB,Gabon,NY.GDP.NGAS.RT.ZS,Natural gas rents (% of GDP),1990,0.030291023051845,,1
GAB,Gabon,NY.GDP.NGAS.RT.ZS,Natural gas rents (% of GDP),1989,0.0281316252317075,,1
GAB,Gabon,NY.GDP.NGAS.RT.ZS,Natural gas rents (% of GDP),1988,0.0245639978336662,,1
GAB,Gabon,NY.GDP.NGAS.RT.ZS,Natural gas rents (% of GDP),1987,0.022874519446905,,1
GAB,Gabon,NY.GDP.NGAS.RT.ZS,Natural gas rents (% of GDP),1986,0.027750584554608,,1
GAB,Gabon,NY.GDP.NGAS.RT.ZS,Natural gas rents (% of GDP),1985,0.0201487710883589,,1
GAB,Gabon,NY.GDP.NGAS.RT.ZS,Natural gas rents (% of GDP),1984,0.0148229468178702,,1
GAB,Gabon,NY.GDP.NGAS.RT.ZS,Natural gas rents (% of GDP),1983,0.0379419858522738,,1
GAB,Gabon,NY.GDP.NGAS.RT.ZS,Natural gas rents (% of GDP),1982,0.0146973134163849,,1
GAB,Gabon,NY.GDP.NGAS.RT.ZS,Natural gas rents (% of GDP),1981,0.0238837171376428,,1
GAB,Gabon,NY.GDP.NGAS.RT.ZS,Natural gas rents (% of GDP),1980,0.00817580241071907,,1
GAB,Gabon,NY.GDP.NGAS.RT.ZS,Natural gas rents (% of GDP),1979,0.0178281909512055,,1
GAB,Gabon,NY.GDP.NGAS.RT.ZS,Natural gas rents (% of GDP),1978,0.0186075260774481,,1
GAB,Gabon,NY.GDP.NGAS.RT.ZS,Natural gas rents (% of GDP),1977,0.0221654231398875,,1
GAB,Gabon,NY.GDP.NGAS.RT.ZS,Natural gas rents (% of GDP),1976,0.0208980806032129,,1
GAB,Gabon,NY.GDP.NGAS.RT.ZS,Natural gas rents (% of GDP),1975,0.0929586169586449,,1
GAB,Gabon,NY.GDP.NGAS.RT.ZS,Natural gas rents (% of GDP),1974,0.254222804570779,,1
GAB,Gabon,NY.GDP.NGAS.RT.ZS,Natural gas rents (% of GDP),1973,0.217246336942356,,1
GAB,Gabon,NY.GDP.NGAS.RT.ZS,Natural gas rents (% of GDP),1972,0.0767827109192282,,1
GAB,Gabon,NY.GDP.NGAS.RT.ZS,Natural gas rents (% of GDP),1971,0.0729745996576622,,1
GMB,"Gambia, The",NY.GDP.NGAS.RT.ZS,Natural gas rents (% of GDP),2021,0,,1
GMB,"Gambia, The",NY.GDP.NGAS.RT.ZS,Natural gas rents (% of GDP),2020,0,,1
GMB,"Gambia, The",NY.GDP.NGAS.RT.ZS,Natural gas rents (% of GDP),2019,0,,1
GMB,"Gambia, The",NY.GDP.NGAS.RT.ZS,Natural gas rents (% of GDP),2018,0,,1
GMB,"Gambia, The",NY.GDP.NGAS.RT.ZS,Natural gas rents (% of GDP),2017,0,,1
GMB,"Gambia, The",NY.GDP.NGAS.RT.ZS,Natural gas rents (% of GDP),2016,0,,1
GMB,"Gambia, The",NY.GDP.NGAS.RT.ZS,Natural gas rents (% of GDP),2015,0,,1
GMB,"Gambia, The",NY.GDP.NGAS.RT.ZS,Natural gas rents (% of GDP),2014,0,,1
GMB,"Gambia, The",NY.GDP.NGAS.RT.ZS,Natural gas rents (% of GDP),2013,0,,1
GMB,"Gambia, The",NY.GDP.NGAS.RT.ZS,Natural gas rents (% of GDP),2012,0,,1
GMB,"Gambia, The",NY.GDP.NGAS.RT.ZS,Natural gas rents (% of GDP),2011,0,,1
GMB,"Gambia, The",NY.GDP.NGAS.RT.ZS,Natural gas rents (% of GDP),2010,0,,1
GMB,"Gambia, The",NY.GDP.NGAS.RT.ZS,Natural gas rents (% of GDP),2009,0,,1
GMB,"Gambia, The",NY.GDP.NGAS.RT.ZS,Natural gas rents (% of GDP),2008,0,,1
GMB,"Gambia, The",NY.GDP.NGAS.RT.ZS,Natural gas rents (% of GDP),2007,0,,1
GMB,"Gambia, The",NY.GDP.NGAS.RT.ZS,Natural gas rents (% of GDP),2006,0,,1
GMB,"Gambia, The",NY.GDP.NGAS.RT.ZS,Natural gas rents (% of GDP),2005,0,,1
GMB,"Gambia, The",NY.GDP.NGAS.RT.ZS,Natural gas rents (% of GDP),2004,0,,1
GMB,"Gambia, The",NY.GDP.NGAS.RT.ZS,Natural gas rents (% of GDP),2003,0,,1
GMB,"Gambia, The",NY.GDP.NGAS.RT.ZS,Natural gas rents (% of GDP),2002,0,,1
GMB,"Gambia, The",NY.GDP.NGAS.RT.ZS,Natural gas rents (% of GDP),2001,0,,1
GMB,"Gambia, The",NY.GDP.NGAS.RT.ZS,Natural gas rents (% of GDP),2000,0,,1
GMB,"Gambia, The",NY.GDP.NGAS.RT.ZS,Natural gas rents (% of GDP),1999,0,,1
GMB,"Gambia, The",NY.GDP.NGAS.RT.ZS,Natural gas rents (% of GDP),1998,0,,1
GMB,"Gambia, The",NY.GDP.NGAS.RT.ZS,Natural gas rents (% of GDP),1997,0,,1
GMB,"Gambia, The",NY.GDP.NGAS.RT.ZS,Natural gas rents (% of GDP),1996,0,,1
GMB,"Gambia, The",NY.GDP.NGAS.RT.ZS,Natural gas rents (% of GDP),1995,0,,1
GMB,"Gambia, The",NY.GDP.NGAS.RT.ZS,Natural gas rents (% of GDP),1994,0,,1
GMB,"Gambia, The",NY.GDP.NGAS.RT.ZS,Natural gas rents (% of GDP),1993,0,,1
GMB,"Gambia, The",NY.GDP.NGAS.RT.ZS,Natural gas rents (% of GDP),1992,0,,1
GMB,"Gambia, The",NY.GDP.NGAS.RT.ZS,Natural gas rents (% of GDP),1991,0,,1
GMB,"Gambia, The",NY.GDP.NGAS.RT.ZS,Natural gas rents (% of GDP),1990,0,,1
GMB,"Gambia, The",NY.GDP.NGAS.RT.ZS,Natural gas rents (% of GDP),1989,0,,1
GMB,"Gambia, The",NY.GDP.NGAS.RT.ZS,Natural gas rents (% of GDP),1988,0,,1
GMB,"Gambia, The",NY.GDP.NGAS.RT.ZS,Natural gas rents (% of GDP),1987,0,,1
GMB,"Gambia, The",NY.GDP.NGAS.RT.ZS,Natural gas rents (% of GDP),1986,0,,1
GMB,"Gambia, The",NY.GDP.NGAS.RT.ZS,Natural gas rents (% of GDP),1985,0,,1
GMB,"Gambia, The",NY.GDP.NGAS.RT.ZS,Natural gas rents (% of GDP),1984,0,,1
GMB,"Gambia, The",NY.GDP.NGAS.RT.ZS,Natural gas rents (% of GDP),1983,0,,1
GMB,"Gambia, The",NY.GDP.NGAS.RT.ZS,Natural gas rents (% of GDP),1982,0,,1
GMB,"Gambia, The",NY.GDP.NGAS.RT.ZS,Natural gas rents (% of GDP),1981,0,,1
GMB,"Gambia, The",NY.GDP.NGAS.RT.ZS,Natural gas rents (% of GDP),1980,0,,1
GEO,Georgia,NY.GDP.NGAS.RT.ZS,Natural gas rents (% of GDP),2021,0.00944731283149515,,1
GEO,Georgia,NY.GDP.NGAS.RT.ZS,Natural gas rents (% of GDP),2020,0.000228184554611074,,1
GEO,Georgia,NY.GDP.NGAS.RT.ZS,Natural gas rents (% of GDP),2019,0.000359932677767289,,1
GEO,Georgia,NY.GDP.NGAS.RT.ZS,Natural gas rents (% of GDP),2018,0.000551322820805318,,1
GEO,Georgia,NY.GDP.NGAS.RT.ZS,Natural gas rents (% of GDP),2017,0.000457111098952564,,1
GEO,Georgia,NY.GDP.NGAS.RT.ZS,Natural gas rents (% of GDP),2016,0.000419645174209565,,1
GEO,Georgia,NY.GDP.NGAS.RT.ZS,Natural gas rents (% of GDP),2015,0.0009795273753292,,1
GEO,Georgia,NY.GDP.NGAS.RT.ZS,Natural gas rents (% of GDP),2014,0.00116103156662281,,1
GEO,Georgia,NY.GDP.NGAS.RT.ZS,Natural gas rents (% of GDP),2013,0.00390374824798235,,1
GEO,Georgia,NY.GDP.NGAS.RT.ZS,Natural gas rents (% of GDP),2012,0.00465045700091088,,1
GEO,Georgia,NY.GDP.NGAS.RT.ZS,Natural gas rents (% of GDP),2011,0.0043344189232363,,1
GEO,Georgia,NY.GDP.NGAS.RT.ZS,Natural gas rents (% of GDP),2010,0.00577977936232572,,1
GEO,Georgia,NY.GDP.NGAS.RT.ZS,Natural gas rents (% of GDP),2009,0.0131980726611481,,1
GEO,Georgia,NY.GDP.NGAS.RT.ZS,Natural gas rents (% of GDP),2008,0.0202837342135218,,1
GEO,Georgia,NY.GDP.NGAS.RT.ZS,Natural gas rents (% of GDP),2007,0.0132568469096932,,1
GEO,Georgia,NY.GDP.NGAS.RT.ZS,Natural gas rents (% of GDP),2006,0.00759003365059613,,1
GEO,Georgia,NY.GDP.NGAS.RT.ZS,Natural gas rents (% of GDP),2005,0.00604947779088453,,1
GEO,Georgia,NY.GDP.NGAS.RT.ZS,Natural gas rents (% of GDP),2004,0.0118766934189795,,1
GEO,Georgia,NY.GDP.NGAS.RT.ZS,Natural gas rents (% of GDP),2003,0.0172691487585388,,1
GEO,Georgia,NY.GDP.NGAS.RT.ZS,Natural gas rents (% of GDP),2002,0.0123022588031075,,1
GEO,Georgia,NY.GDP.NGAS.RT.ZS,Natural gas rents (% of GDP),2001,0.0779174527885292,,1
GEO,Georgia,NY.GDP.NGAS.RT.ZS,Natural gas rents (% of GDP),2000,0.0385298028858873,,1
GEO,Georgia,NY.GDP.NGAS.RT.ZS,Natural gas rents (% of GDP),1999,0.00618264102238407,,1
GEO,Georgia,NY.GDP.NGAS.RT.ZS,Natural gas rents (% of GDP),1998,0.00491408316614681,,1
GEO,Georgia,NY.GDP.NGAS.RT.ZS,Natural gas rents (% of GDP),1997,0.0385783731048794,,1
GEO,Georgia,NY.GDP.NGAS.RT.ZS,Natural gas rents (% of GDP),1996,0.0409601332370218,,1
GEO,Georgia,NY.GDP.NGAS.RT.ZS,Natural gas rents (% of GDP),1995,0.0518247361575106,,1
GEO,Georgia,NY.GDP.NGAS.RT.ZS,Natural gas rents (% of GDP),1994,0.0277387965334912,,1
GEO,Georgia,NY.GDP.NGAS.RT.ZS,Natural gas rents (% of GDP),1993,0.0237986256785616,,1
GEO,Georgia,NY.GDP.NGAS.RT.ZS,Natural gas rents (% of GDP),1992,0.00298041750926725,,1
GEO,Georgia,NY.GDP.NGAS.RT.ZS,Natural gas rents (% of GDP),1991,0.0241402913631279,,1
GEO,Georgia,NY.GDP.NGAS.RT.ZS,Natural gas rents (% of GDP),1990,0.0381017277239562,,1
DEU,Germany,NY.GDP.NGAS.RT.ZS,Natural gas rents (% of GDP),2021,0.0176994358454919,,1
DEU,Germany,NY.GDP.NGAS.RT.ZS,Natural gas rents (% of GDP),2020,0.00375658099524997,,1
DEU,Germany,NY.GDP.NGAS.RT.ZS,Natural gas rents (% of GDP),2019,0.00822954807304527,,1
DEU,Germany,NY.GDP.NGAS.RT.ZS,Natural gas rents (% of GDP),2018,0.0124974991112772,,1
DEU,Germany,NY.GDP.NGAS.RT.ZS,Natural gas rents (% of GDP),2017,0.0107367287094385,,1
DEU,Germany,NY.GDP.NGAS.RT.ZS,Natural gas rents (% of GDP),2016,0.00893916182229922,,1
DEU,Germany,NY.GDP.NGAS.RT.ZS,Natural gas rents (% of GDP),2015,0.0150061510096634,,1
DEU,Germany,NY.GDP.NGAS.RT.ZS,Natural gas rents (% of GDP),2014,0.0189794489646318,,1
DEU,Germany,NY.GDP.NGAS.RT.ZS,Natural gas rents (% of GDP),2013,0.0357489487062639,,1
DEU,Germany,NY.GDP.NGAS.RT.ZS,Natural gas rents (% of GDP),2012,0.0416156923735439,,1
DEU,Germany,NY.GDP.NGAS.RT.ZS,Natural gas rents (% of GDP),2011,0.0425672292934665,,1
DEU,Germany,NY.GDP.NGAS.RT.ZS,Natural gas rents (% of GDP),2010,0.0311922394814401,,1
DEU,Germany,NY.GDP.NGAS.RT.ZS,Natural gas rents (% of GDP),2009,0.0405139498565575,,1
DEU,Germany,NY.GDP.NGAS.RT.ZS,Natural gas rents (% of GDP),2008,0.0529173919215807,,1
DEU,Germany,NY.GDP.NGAS.RT.ZS,Natural gas rents (% of GDP),2007,0.0359840365971986,,1
DEU,Germany,NY.GDP.NGAS.RT.ZS,Natural gas rents (% of GDP),2006,0.0400152093967188,,1
DEU,Germany,NY.GDP.NGAS.RT.ZS,Natural gas rents (% of GDP),2005,0.0181131670399714,,1
DEU,Germany,NY.GDP.NGAS.RT.ZS,Natural gas rents (% of GDP),2004,0.0218423665324729,,1
DEU,Germany,NY.GDP.NGAS.RT.ZS,Natural gas rents (% of GDP),2003,0.0304352574071414,,1
DEU,Germany,NY.GDP.NGAS.RT.ZS,Natural gas rents (% of GDP),2002,0.033724476268888,,1
DEU,Germany,NY.GDP.NGAS.RT.ZS,Natural gas rents (% of GDP),2001,0.0475097973402925,,1
DEU,Germany,NY.GDP.NGAS.RT.ZS,Natural gas rents (% of GDP),2000,0.0220483201424161,,1
DEU,Germany,NY.GDP.NGAS.RT.ZS,Natural gas rents (% of GDP),1999,0.00304291799947438,,1
DEU,Germany,NY.GDP.NGAS.RT.ZS,Natural gas rents (% of GDP),1998,0.00286576444439628,,1
DEU,Germany,NY.GDP.NGAS.RT.ZS,Natural gas rents (% of GDP),1997,0.0228031670735354,,1
DEU,Germany,NY.GDP.NGAS.RT.ZS,Natural gas rents (% of GDP),1996,0.0189470243090187,,1
DEU,Germany,NY.GDP.NGAS.RT.ZS,Natural gas rents (% of GDP),1995,0.0175923556823876,,1
DEU,Germany,NY.GDP.NGAS.RT.ZS,Natural gas rents (% of GDP),1994,0.0105228588978429,,1
DEU,Germany,NY.GDP.NGAS.RT.ZS,Natural gas rents (% of GDP),1993,0.011123366676754,,1
DEU,Germany,NY.GDP.NGAS.RT.ZS,Natural gas rents (% of GDP),1992,0.00482431873373937,,1
DEU,Germany,NY.GDP.NGAS.RT.ZS,Natural gas rents (% of GDP),1991,0.0102149064381137,,1
DEU,Germany,NY.GDP.NGAS.RT.ZS,Natural gas rents (% of GDP),1990,0.0151879956295033,,1
DEU,Germany,NY.GDP.NGAS.RT.ZS,Natural gas rents (% of GDP),1989,0.0130481224015465,,1
DEU,Germany,NY.GDP.NGAS.RT.ZS,Natural gas rents (% of GDP),1988,0.0127619167182813,,1
DEU,Germany,NY.GDP.NGAS.RT.ZS,Natural gas rents (% of GDP),1987,0.0168555370631806,,1
DEU,Germany,NY.GDP.NGAS.RT.ZS,Natural gas rents (% of GDP),1986,0.0357618511461658,,1
DEU,Germany,NY.GDP.NGAS.RT.ZS,Natural gas rents (% of GDP),1985,0.0540104384106968,,1
DEU,Germany,NY.GDP.NGAS.RT.ZS,Natural gas rents (% of GDP),1984,0.0649529842044162,,1
DEU,Germany,NY.GDP.NGAS.RT.ZS,Natural gas rents (% of GDP),1983,0.0582971054883015,,1
DEU,Germany,NY.GDP.NGAS.RT.ZS,Natural gas rents (% of GDP),1982,0.0303470233998994,,1
DEU,Germany,NY.GDP.NGAS.RT.ZS,Natural gas rents (% of GDP),1981,0.0716609027668853,,1
DEU,Germany,NY.GDP.NGAS.RT.ZS,Natural gas rents (% of GDP),1980,0.0895680058398233,,1
DEU,Germany,NY.GDP.NGAS.RT.ZS,Natural gas rents (% of GDP),1979,0.0799569809441844,,1
DEU,Germany,NY.GDP.NGAS.RT.ZS,Natural gas rents (% of GDP),1978,0.0561883907288788,,1
DEU,Germany,NY.GDP.NGAS.RT.ZS,Natural gas rents (% of GDP),1977,0.0590340363563727,,1
DEU,Germany,NY.GDP.NGAS.RT.ZS,Natural gas rents (% of GDP),1976,0.066077485672098,,1
DEU,Germany,NY.GDP.NGAS.RT.ZS,Natural gas rents (% of GDP),1975,0.0640766571146992,,1
DEU,Germany,NY.GDP.NGAS.RT.ZS,Natural gas rents (% of GDP),1974,0.0526108048811511,,1
DEU,Germany,NY.GDP.NGAS.RT.ZS,Natural gas rents (% of GDP),1973,0.0176536014915782,,1
DEU,Germany,NY.GDP.NGAS.RT.ZS,Natural gas rents (% of GDP),1972,0.0252932186413905,,1
DEU,Germany,NY.GDP.NGAS.RT.ZS,Natural gas rents (% of GDP),1971,0.0181851312326412,,1
DEU,Germany,NY.GDP.NGAS.RT.ZS,Natural gas rents (% of GDP),1970,0.013195277381082,,1
GHA,Ghana,NY.GDP.NGAS.RT.ZS,Natural gas rents (% of GDP),2021,0.371360442634513,,1
GHA,Ghana,NY.GDP.NGAS.RT.ZS,Natural gas rents (% of GDP),2020,0.198011638333066,,1
GHA,Ghana,NY.GDP.NGAS.RT.ZS,Natural gas rents (% of GDP),2019,0.165145728819346,,1
GHA,Ghana,NY.GDP.NGAS.RT.ZS,Natural gas rents (% of GDP),2018,0.113151065000438,,1
GHA,Ghana,NY.GDP.NGAS.RT.ZS,Natural gas rents (% of GDP),2017,0.0717217647016315,,1
GHA,Ghana,NY.GDP.NGAS.RT.ZS,Natural gas rents (% of GDP),2016,0.0451266748124126,,1
GHA,Ghana,NY.GDP.NGAS.RT.ZS,Natural gas rents (% of GDP),2015,0.0841913549188799,,1
GHA,Ghana,NY.GDP.NGAS.RT.ZS,Natural gas rents (% of GDP),2014,7.87670786871886e-06,,1
GHA,Ghana,NY.GDP.NGAS.RT.ZS,Natural gas rents (% of GDP),2013,7.10418690304822e-06,,1
GHA,Ghana,NY.GDP.NGAS.RT.ZS,Natural gas rents (% of GDP),2012,1.1657271689343e-05,,1
GHA,Ghana,NY.GDP.NGAS.RT.ZS,Natural gas rents (% of GDP),2011,1.57190646075533e-05,,1
GHA,Ghana,NY.GDP.NGAS.RT.ZS,Natural gas rents (% of GDP),2010,1.95888832346768e-05,,1
GHA,Ghana,NY.GDP.NGAS.RT.ZS,Natural gas rents (% of GDP),2009,3.64079578230191e-05,,1
GHA,Ghana,NY.GDP.NGAS.RT.ZS,Natural gas rents (% of GDP),2008,5.81339801429368e-05,,1
GHA,Ghana,NY.GDP.NGAS.RT.ZS,Natural gas rents (% of GDP),2007,7.92739903368085e-05,,1
GHA,Ghana,NY.GDP.NGAS.RT.ZS,Natural gas rents (% of GDP),2006,0.000145279902744134,,1
GHA,Ghana,NY.GDP.NGAS.RT.ZS,Natural gas rents (% of GDP),2005,0.000143120735300706,,1
GHA,Ghana,NY.GDP.NGAS.RT.ZS,Natural gas rents (% of GDP),2004,0.000475023426221951,,1
GHA,Ghana,NY.GDP.NGAS.RT.ZS,Natural gas rents (% of GDP),2003,0.000787539446014188,,1
GHA,Ghana,NY.GDP.NGAS.RT.ZS,Natural gas rents (% of GDP),2002,0.00131058431729122,,1
GHA,Ghana,NY.GDP.NGAS.RT.ZS,Natural gas rents (% of GDP),2001,0.002410052736807,,1
GHA,Ghana,NY.GDP.NGAS.RT.ZS,Natural gas rents (% of GDP),2000,0.00340464034265789,,1
GHA,Ghana,NY.GDP.NGAS.RT.ZS,Natural gas rents (% of GDP),1999,0.00184083725169293,,1
GHA,Ghana,NY.GDP.NGAS.RT.ZS,Natural gas rents (% of GDP),1998,0.00244791744602994,,1
GHA,Ghana,NY.GDP.NGAS.RT.ZS,Natural gas rents (% of GDP),1997,0.00549941209630857,,1
GHA,Ghana,NY.GDP.NGAS.RT.ZS,Natural gas rents (% of GDP),1996,0.00825867738687865,,1
GHA,Ghana,NY.GDP.NGAS.RT.ZS,Natural gas rents (% of GDP),1995,0.00989214342259157,,1
GHA,Ghana,NY.GDP.NGAS.RT.ZS,Natural gas rents (% of GDP),1994,0.0118627002269436,,1
GHA,Ghana,NY.GDP.NGAS.RT.ZS,Natural gas rents (% of GDP),1993,0.0120597201958917,,1
GHA,Ghana,NY.GDP.NGAS.RT.ZS,Natural gas rents (% of GDP),1992,0.0105191331166339,,1
GHA,Ghana,NY.GDP.NGAS.RT.ZS,Natural gas rents (% of GDP),1991,0.0130702941404352,,1
GHA,Ghana,NY.GDP.NGAS.RT.ZS,Natural gas rents (% of GDP),1990,0.0198569221508545,,1
GHA,Ghana,NY.GDP.NGAS.RT.ZS,Natural gas rents (% of GDP),1989,0.0214761467646061,,1
GHA,Ghana,NY.GDP.NGAS.RT.ZS,Natural gas rents (% of GDP),1988,0.0216246663434604,,1
GHA,Ghana,NY.GDP.NGAS.RT.ZS,Natural gas rents (% of GDP),1987,0.029086236885933,,1
GHA,Ghana,NY.GDP.NGAS.RT.ZS,Natural gas rents (% of GDP),1986,0.0284411922859789,,1
GHA,Ghana,NY.GDP.NGAS.RT.ZS,Natural gas rents (% of GDP),1985,0.0259642185284212,,1
GHA,Ghana,NY.GDP.NGAS.RT.ZS,Natural gas rents (% of GDP),1984,0.0230031217507868,,1
GHA,Ghana,NY.GDP.NGAS.RT.ZS,Natural gas rents (% of GDP),1983,0.0215965583769507,,1
GHA,Ghana,NY.GDP.NGAS.RT.ZS,Natural gas rents (% of GDP),1982,0.00583606495696708,,1
GHA,Ghana,NY.GDP.NGAS.RT.ZS,Natural gas rents (% of GDP),1981,0.0120972460784494,,1
GHA,Ghana,NY.GDP.NGAS.RT.ZS,Natural gas rents (% of GDP),1980,0.0141202393073763,,1
GHA,Ghana,NY.GDP.NGAS.RT.ZS,Natural gas rents (% of GDP),1979,0.00668586908178727,,1
GHA,Ghana,NY.GDP.NGAS.RT.ZS,Natural gas rents (% of GDP),1978,0.00076189177668979,,1
GHA,Ghana,NY.GDP.NGAS.RT.ZS,Natural gas rents (% of GDP),1977,0,,1
GHA,Ghana,NY.GDP.NGAS.RT.ZS,Natural gas rents (% of GDP),1976,0,,1
GHA,Ghana,NY.GDP.NGAS.RT.ZS,Natural gas rents (% of GDP),1975,0,,1
GHA,Ghana,NY.GDP.NGAS.RT.ZS,Natural gas rents (% of GDP),1974,0,,1
GHA,Ghana,NY.GDP.NGAS.RT.ZS,Natural gas rents (% of GDP),1973,0,,1
GHA,Ghana,NY.GDP.NGAS.RT.ZS,Natural gas rents (% of GDP),1972,0,,1
GHA,Ghana,NY.GDP.NGAS.RT.ZS,Natural gas rents (% of GDP),1971,0,,1
GRC,Greece,NY.GDP.NGAS.RT.ZS,Natural gas rents (% of GDP),2021,0.000385174877812254,,1
GRC,Greece,NY.GDP.NGAS.RT.ZS,Natural gas rents (% of GDP),2020,0.000128253821992861,,1
GRC,Greece,NY.GDP.NGAS.RT.ZS,Natural gas rents (% of GDP),2019,0.000340760437508138,,1
GRC,Greece,NY.GDP.NGAS.RT.ZS,Natural gas rents (% of GDP),2018,0.000629431983903693,,1
GRC,Greece,NY.GDP.NGAS.RT.ZS,Natural gas rents (% of GDP),2017,0.000298132044822254,,1
GRC,Greece,NY.GDP.NGAS.RT.ZS,Natural gas rents (% of GDP),2016,0.000235022779438803,,1
GRC,Greece,NY.GDP.NGAS.RT.ZS,Natural gas rents (% of GDP),2015,0.000191334316860886,,1
GRC,Greece,NY.GDP.NGAS.RT.ZS,Natural gas rents (% of GDP),2014,0.000248381610195361,,1
GRC,Greece,NY.GDP.NGAS.RT.ZS,Natural gas rents (% of GDP),2013,0.000365759061744577,,1
GRC,Greece,NY.GDP.NGAS.RT.ZS,Natural gas rents (% of GDP),2012,0.000437339513417393,,1
GRC,Greece,NY.GDP.NGAS.RT.ZS,Natural gas rents (% of GDP),2011,0.000332761523759976,,1
GRC,Greece,NY.GDP.NGAS.RT.ZS,Natural gas rents (% of GDP),2010,0.000244380112904776,,1
GRC,Greece,NY.GDP.NGAS.RT.ZS,Natural gas rents (% of GDP),2009,0.000375454974547942,,1
GRC,Greece,NY.GDP.NGAS.RT.ZS,Natural gas rents (% of GDP),2008,0.00061886331448716,,1
GRC,Greece,NY.GDP.NGAS.RT.ZS,Natural gas rents (% of GDP),2007,0.000573729336406396,,1
GRC,Greece,NY.GDP.NGAS.RT.ZS,Natural gas rents (% of GDP),2006,0.000763233512187261,,1
GRC,Greece,NY.GDP.NGAS.RT.ZS,Natural gas rents (% of GDP),2005,0.000265494258703677,,1
GRC,Greece,NY.GDP.NGAS.RT.ZS,Natural gas rents (% of GDP),2004,0.000504020419079048,,1
GRC,Greece,NY.GDP.NGAS.RT.ZS,Natural gas rents (% of GDP),2003,0.000732413030283095,,1
GRC,Greece,NY.GDP.NGAS.RT.ZS,Natural gas rents (% of GDP),2002,0.00120308424726531,,1
GRC,Greece,NY.GDP.NGAS.RT.ZS,Natural gas rents (% of GDP),2001,0.00171117129151837,,1
GRC,Greece,NY.GDP.NGAS.RT.ZS,Natural gas rents (% of GDP),2000,0.000881466557518289,,1
GRC,Greece,NY.GDP.NGAS.RT.ZS,Natural gas rents (% of GDP),1999,7.05108951369995e-06,,1
GRC,Greece,NY.GDP.NGAS.RT.ZS,Natural gas rents (% of GDP),1998,0.000114207402901628,,1
GRC,Greece,NY.GDP.NGAS.RT.ZS,Natural gas rents (% of GDP),1997,0.000983567916714096,,1
GRC,Greece,NY.GDP.NGAS.RT.ZS,Natural gas rents (% of GDP),1996,0.000920224850337659,,1
GRC,Greece,NY.GDP.NGAS.RT.ZS,Natural gas rents (% of GDP),1995,0.000965662229836479,,1
GRC,Greece,NY.GDP.NGAS.RT.ZS,Natural gas rents (% of GDP),1994,0.000663573077726312,,1
GRC,Greece,NY.GDP.NGAS.RT.ZS,Natural gas rents (% of GDP),1993,0.00143185422995878,,1
GRC,Greece,NY.GDP.NGAS.RT.ZS,Natural gas rents (% of GDP),1992,0.00081309867505816,,1
GRC,Greece,NY.GDP.NGAS.RT.ZS,Natural gas rents (% of GDP),1991,0.00183096680600622,,1
GRC,Greece,NY.GDP.NGAS.RT.ZS,Natural gas rents (% of GDP),1990,0.00280592743552792,,1
GRC,Greece,NY.GDP.NGAS.RT.ZS,Natural gas rents (% of GDP),1989,0.00215612210505599,,1
GRC,Greece,NY.GDP.NGAS.RT.ZS,Natural gas rents (% of GDP),1988,0.00208130964726916,,1
GRC,Greece,NY.GDP.NGAS.RT.ZS,Natural gas rents (% of GDP),1987,0.00228459793155968,,1
GRC,Greece,NY.GDP.NGAS.RT.ZS,Natural gas rents (% of GDP),1986,0.00443767628321559,,1
GRC,Greece,NY.GDP.NGAS.RT.ZS,Natural gas rents (% of GDP),1985,0.00377563952015838,,1
GRC,Greece,NY.GDP.NGAS.RT.ZS,Natural gas rents (% of GDP),1984,0.00438068596209893,,1
GRC,Greece,NY.GDP.NGAS.RT.ZS,Natural gas rents (% of GDP),1983,0.00387769519148079,,1
GRC,Greece,NY.GDP.NGAS.RT.ZS,Natural gas rents (% of GDP),1982,0.00211074851620691,,1
GRC,Greece,NY.GDP.NGAS.RT.ZS,Natural gas rents (% of GDP),1981,0.00256568799704839,,1
GRC,Greece,NY.GDP.NGAS.RT.ZS,Natural gas rents (% of GDP),1980,0,,1
GRC,Greece,NY.GDP.NGAS.RT.ZS,Natural gas rents (% of GDP),1979,0,,1
GRC,Greece,NY.GDP.NGAS.RT.ZS,Natural gas rents (% of GDP),1978,0,,1
GRC,Greece,NY.GDP.NGAS.RT.ZS,Natural gas rents (% of GDP),1977,0,,1
GRC,Greece,NY.GDP.NGAS.RT.ZS,Natural gas rents (% of GDP),1976,0,,1
GRC,Greece,NY.GDP.NGAS.RT.ZS,Natural gas rents (% of GDP),1975,0,,1
GRC,Greece,NY.GDP.NGAS.RT.ZS,Natural gas rents (% of GDP),1974,0,,1
GRC,Greece,NY.GDP.NGAS.RT.ZS,Natural gas rents (% of GDP),1973,0,,1
GRC,Greece,NY.GDP.NGAS.RT.ZS,Natural gas rents (% of GDP),1972,0,,1
GRC,Greece,NY.GDP.NGAS.RT.ZS,Natural gas rents (% of GDP),1971,0,,1
GRC,Greece,NY.GDP.NGAS.RT.ZS,Natural gas rents (% of GDP),1970,0,,1
GRL,Greenland,NY.GDP.NGAS.RT.ZS,Natural gas rents (% of GDP),2020,0,,1
GRL,Greenland,NY.GDP.NGAS.RT.ZS,Natural gas rents (% of GDP),2019,0,,1
GRL,Greenland,NY.GDP.NGAS.RT.ZS,Natural gas rents (% of GDP),2018,0,,1
GRL,Greenland,NY.GDP.NGAS.RT.ZS,Natural gas rents (% of GDP),2017,0,,1
GRL,Greenland,NY.GDP.NGAS.RT.ZS,Natural gas rents (% of GDP),2016,0,,1
GRL,Greenland,NY.GDP.NGAS.RT.ZS,Natural gas rents (% of GDP),2015,0,,1
GRL,Greenland,NY.GDP.NGAS.RT.ZS,Natural gas rents (% of GDP),2014,0,,1
GRL,Greenland,NY.GDP.NGAS.RT.ZS,Natural gas rents (% of GDP),2013,0,,1
GRL,Greenland,NY.GDP.NGAS.RT.ZS,Natural gas rents (% of GDP),2012,0,,1
GRL,Greenland,NY.GDP.NGAS.RT.ZS,Natural gas rents (% of GDP),2011,0,,1
GRL,Greenland,NY.GDP.NGAS.RT.ZS,Natural gas rents (% of GDP),2010,0,,1
GRL,Greenland,NY.GDP.NGAS.RT.ZS,Natural gas rents (% of GDP),2009,0,,1
GRL,Greenland,NY.GDP.NGAS.RT.ZS,Natural gas rents (% of GDP),2008,0,,1
GRL,Greenland,NY.GDP.NGAS.RT.ZS,Natural gas rents (% of GDP),2007,0,,1
GRL,Greenland,NY.GDP.NGAS.RT.ZS,Natural gas rents (% of GDP),2006,0,,1
GRL,Greenland,NY.GDP.NGAS.RT.ZS,Natural gas rents (% of GDP),2005,0,,1
GRL,Greenland,NY.GDP.NGAS.RT.ZS,Natural gas rents (% of GDP),2004,0,,1
GRL,Greenland,NY.GDP.NGAS.RT.ZS,Natural gas rents (% of GDP),2003,0,,1
GRL,Greenland,NY.GDP.NGAS.RT.ZS,Natural gas rents (% of GDP),2002,0,,1
GRL,Greenland,NY.GDP.NGAS.RT.ZS,Natural gas rents (% of GDP),2001,0,,1
GRL,Greenland,NY.GDP.NGAS.RT.ZS,Natural gas rents (% of GDP),2000,0,,1
GRL,Greenland,NY.GDP.NGAS.RT.ZS,Natural gas rents (% of GDP),1999,0,,1
GRL,Greenland,NY.GDP.NGAS.RT.ZS,Natural gas rents (% of GDP),1998,0,,1
GRL,Greenland,NY.GDP.NGAS.RT.ZS,Natural gas rents (% of GDP),1997,0,,1
GRL,Greenland,NY.GDP.NGAS.RT.ZS,Natural gas rents (% of GDP),1996,0,,1
GRL,Greenland,NY.GDP.NGAS.RT.ZS,Natural gas rents (% of GDP),1995,0,,1
GRL,Greenland,NY.GDP.NGAS.RT.ZS,Natural gas rents (% of GDP),1994,0,,1
GRL,Greenland,NY.GDP.NGAS.RT.ZS,Natural gas rents (% of GDP),1993,0,,1
GRL,Greenland,NY.GDP.NGAS.RT.ZS,Natural gas rents (% of GDP),1992,0,,1
GRL,Greenland,NY.GDP.NGAS.RT.ZS,Natural gas rents (% of GDP),1991,0,,1
GRL,Greenland,NY.GDP.NGAS.RT.ZS,Natural gas rents (% of GDP),1990,0,,1
GRL,Greenland,NY.GDP.NGAS.RT.ZS,Natural gas rents (% of GDP),1989,0,,1
GRL,Greenland,NY.GDP.NGAS.RT.ZS,Natural gas rents (% of GDP),1988,0,,1
GRL,Greenland,NY.GDP.NGAS.RT.ZS,Natural gas rents (% of GDP),1987,0,,1
GRL,Greenland,NY.GDP.NGAS.RT.ZS,Natural gas rents (% of GDP),1986,0,,1
GRL,Greenland,NY.GDP.NGAS.RT.ZS,Natural gas rents (% of GDP),1985,0,,1
GRL,Greenland,NY.GDP.NGAS.RT.ZS,Natural gas rents (% of GDP),1984,0,,1
GRL,Greenland,NY.GDP.NGAS.RT.ZS,Natural gas rents (% of GDP),1983,0,,1
GRL,Greenland,NY.GDP.NGAS.RT.ZS,Natural gas rents (% of GDP),1982,0,,1
GRL,Greenland,NY.GDP.NGAS.RT.ZS,Natural gas rents (% of GDP),1981,0,,1
GRL,Greenland,NY.GDP.NGAS.RT.ZS,Natural gas rents (% of GDP),1980,0,,1
GRD,Grenada,NY.GDP.NGAS.RT.ZS,Natural gas rents (% of GDP),2021,0,,1
GRD,Grenada,NY.GDP.NGAS.RT.ZS,Natural gas rents (% of GDP),2020,0,,1
GRD,Grenada,NY.GDP.NGAS.RT.ZS,Natural gas rents (% of GDP),2019,0,,1
GRD,Grenada,NY.GDP.NGAS.RT.ZS,Natural gas rents (% of GDP),2018,0,,1
GRD,Grenada,NY.GDP.NGAS.RT.ZS,Natural gas rents (% of GDP),2017,0,,1
GRD,Grenada,NY.GDP.NGAS.RT.ZS,Natural gas rents (% of GDP),2016,0,,1
GRD,Grenada,NY.GDP.NGAS.RT.ZS,Natural gas rents (% of GDP),2015,0,,1
GRD,Grenada,NY.GDP.NGAS.RT.ZS,Natural gas rents (% of GDP),2014,0,,1
GRD,Grenada,NY.GDP.NGAS.RT.ZS,Natural gas rents (% of GDP),2013,0,,1
GRD,Grenada,NY.GDP.NGAS.RT.ZS,Natural gas rents (% of GDP),2012,0,,1
GRD,Grenada,NY.GDP.NGAS.RT.ZS,Natural gas rents (% of GDP),2011,0,,1
GRD,Grenada,NY.GDP.NGAS.RT.ZS,Natural gas rents (% of GDP),2010,0,,1
GRD,Grenada,NY.GDP.NGAS.RT.ZS,Natural gas rents (% of GDP),2009,0,,1
GRD,Grenada,NY.GDP.NGAS.RT.ZS,Natural gas rents (% of GDP),2008,0,,1
GRD,Grenada,NY.GDP.NGAS.RT.ZS,Natural gas rents (% of GDP),2007,0,,1
GRD,Grenada,NY.GDP.NGAS.RT.ZS,Natural gas rents (% of GDP),2006,0,,1
GRD,Grenada,NY.GDP.NGAS.RT.ZS,Natural gas rents (% of GDP),2005,0,,1
GRD,Grenada,NY.GDP.NGAS.RT.ZS,Natural gas rents (% of GDP),2004,0,,1
GRD,Grenada,NY.GDP.NGAS.RT.ZS,Natural gas rents (% of GDP),2003,0,,1
GRD,Grenada,NY.GDP.NGAS.RT.ZS,Natural gas rents (% of GDP),2002,0,,1
GRD,Grenada,NY.GDP.NGAS.RT.ZS,Natural gas rents (% of GDP),2001,0,,1
GRD,Grenada,NY.GDP.NGAS.RT.ZS,Natural gas rents (% of GDP),2000,0,,1
GRD,Grenada,NY.GDP.NGAS.RT.ZS,Natural gas rents (% of GDP),1999,0,,1
GRD,Grenada,NY.GDP.NGAS.RT.ZS,Natural gas rents (% of GDP),1998,0,,1
GRD,Grenada,NY.GDP.NGAS.RT.ZS,Natural gas rents (% of GDP),1997,0,,1
GRD,Grenada,NY.GDP.NGAS.RT.ZS,Natural gas rents (% of GDP),1996,0,,1
GRD,Grenada,NY.GDP.NGAS.RT.ZS,Natural gas rents (% of GDP),1995,0,,1
GRD,Grenada,NY.GDP.NGAS.RT.ZS,Natural gas rents (% of GDP),1994,0,,1
GRD,Grenada,NY.GDP.NGAS.RT.ZS,Natural gas rents (% of GDP),1993,0,,1
GRD,Grenada,NY.GDP.NGAS.RT.ZS,Natural gas rents (% of GDP),1992,0,,1
GRD,Grenada,NY.GDP.NGAS.RT.ZS,Natural gas rents (% of GDP),1991,0,,1
GRD,Grenada,NY.GDP.NGAS.RT.ZS,Natural gas rents (% of GDP),1990,0,,1
GRD,Grenada,NY.GDP.NGAS.RT.ZS,Natural gas rents (% of GDP),1989,0,,1
GRD,Grenada,NY.GDP.NGAS.RT.ZS,Natural gas rents (% of GDP),1988,0,,1
GRD,Grenada,NY.GDP.NGAS.RT.ZS,Natural gas rents (% of GDP),1987,0,,1
GRD,Grenada,NY.GDP.NGAS.RT.ZS,Natural gas rents (% of GDP),1986,0,,1
GRD,Grenada,NY.GDP.NGAS.RT.ZS,Natural gas rents (% of GDP),1985,0,,1
GRD,Grenada,NY.GDP.NGAS.RT.ZS,Natural gas rents (% of GDP),1984,0,,1
GRD,Grenada,NY.GDP.NGAS.RT.ZS,Natural gas rents (% of GDP),1983,0,,1
GRD,Grenada,NY.GDP.NGAS.RT.ZS,Natural gas rents (% of GDP),1982,0,,1
GRD,Grenada,NY.GDP.NGAS.RT.ZS,Natural gas rents (% of GDP),1981,0,,1
GRD,Grenada,NY.GDP.NGAS.RT.ZS,Natural gas rents (% of GDP),1980,0,,1
GUM,Guam,NY.GDP.NGAS.RT.ZS,Natural gas rents (% of GDP),2021,0,,1
GUM,Guam,NY.GDP.NGAS.RT.ZS,Natural gas rents (% of GDP),2020,0,,1
GUM,Guam,NY.GDP.NGAS.RT.ZS,Natural gas rents (% of GDP),2019,0,,1
GUM,Guam,NY.GDP.NGAS.RT.ZS,Natural gas rents (% of GDP),2018,0,,1
GUM,Guam,NY.GDP.NGAS.RT.ZS,Natural gas rents (% of GDP),2017,0,,1
GUM,Guam,NY.GDP.NGAS.RT.ZS,Natural gas rents (% of GDP),2016,0,,1
GUM,Guam,NY.GDP.NGAS.RT.ZS,Natural gas rents (% of GDP),2015,0,,1
GUM,Guam,NY.GDP.NGAS.RT.ZS,Natural gas rents (% of GDP),2014,0,,1
GUM,Guam,NY.GDP.NGAS.RT.ZS,Natural gas rents (% of GDP),2013,0,,1
GUM,Guam,NY.GDP.NGAS.RT.ZS,Natural gas rents (% of GDP),2012,0,,1
GUM,Guam,NY.GDP.NGAS.RT.ZS,Natural gas rents (% of GDP),2011,0,,1
GUM,Guam,NY.GDP.NGAS.RT.ZS,Natural gas rents (% of GDP),2010,0,,1
GUM,Guam,NY.GDP.NGAS.RT.ZS,Natural gas rents (% of GDP),2009,0,,1
GUM,Guam,NY.GDP.NGAS.RT.ZS,Natural gas rents (% of GDP),2008,0,,1
GUM,Guam,NY.GDP.NGAS.RT.ZS,Natural gas rents (% of GDP),2007,0,,1
GUM,Guam,NY.GDP.NGAS.RT.ZS,Natural gas rents (% of GDP),2006,0,,1
GUM,Guam,NY.GDP.NGAS.RT.ZS,Natural gas rents (% of GDP),2005,0,,1
GUM,Guam,NY.GDP.NGAS.RT.ZS,Natural gas rents (% of GDP),2004,0,,1
GUM,Guam,NY.GDP.NGAS.RT.ZS,Natural gas rents (% of GDP),2003,0,,1
GUM,Guam,NY.GDP.NGAS.RT.ZS,Natural gas rents (% of GDP),2002,0,,1
GTM,Guatemala,NY.GDP.NGAS.RT.ZS,Natural gas rents (% of GDP),2021,7.67031869670674e-05,,1
GTM,Guatemala,NY.GDP.NGAS.RT.ZS,Natural gas rents (% of GDP),2020,5.23901249052368e-05,,1
GTM,Guatemala,NY.GDP.NGAS.RT.ZS,Natural gas rents (% of GDP),2019,0.011848495306506,,1
GTM,Guatemala,NY.GDP.NGAS.RT.ZS,Natural gas rents (% of GDP),2018,0.00816419321079943,,1
GTM,Guatemala,NY.GDP.NGAS.RT.ZS,Natural gas rents (% of GDP),2017,0,,1
GTM,Guatemala,NY.GDP.NGAS.RT.ZS,Natural gas rents (% of GDP),2016,0,,1
GTM,Guatemala,NY.GDP.NGAS.RT.ZS,Natural gas rents (% of GDP),2015,0,,1
GTM,Guatemala,NY.GDP.NGAS.RT.ZS,Natural gas rents (% of GDP),2014,0,,1
GTM,Guatemala,NY.GDP.NGAS.RT.ZS,Natural gas rents (% of GDP),2013,0,,1
GTM,Guatemala,NY.GDP.NGAS.RT.ZS,Natural gas rents (% of GDP),2012,0,,1
GTM,Guatemala,NY.GDP.NGAS.RT.ZS,Natural gas rents (% of GDP),2011,0,,1
GTM,Guatemala,NY.GDP.NGAS.RT.ZS,Natural gas rents (% of GDP),2010,0,,1
GTM,Guatemala,NY.GDP.NGAS.RT.ZS,Natural gas rents (% of GDP),2009,0,,1
GTM,Guatemala,NY.GDP.NGAS.RT.ZS,Natural gas rents (% of GDP),2008,0,,1
GTM,Guatemala,NY.GDP.NGAS.RT.ZS,Natural gas rents (% of GDP),2007,0,,1
GTM,Guatemala,NY.GDP.NGAS.RT.ZS,Natural gas rents (% of GDP),2006,0,,1
GTM,Guatemala,NY.GDP.NGAS.RT.ZS,Natural gas rents (% of GDP),2005,0,,1
GTM,Guatemala,NY.GDP.NGAS.RT.ZS,Natural gas rents (% of GDP),2004,0,,1
GTM,Guatemala,NY.GDP.NGAS.RT.ZS,Natural gas rents (% of GDP),2003,0,,1
GTM,Guatemala,NY.GDP.NGAS.RT.ZS,Natural gas rents (% of GDP),2002,0,,1
GTM,Guatemala,NY.GDP.NGAS.RT.ZS,Natural gas rents (% of GDP),2001,0,,1
GTM,Guatemala,NY.GDP.NGAS.RT.ZS,Natural gas rents (% of GDP),2000,0,,1
GTM,Guatemala,NY.GDP.NGAS.RT.ZS,Natural gas rents (% of GDP),1999,0,,1
GTM,Guatemala,NY.GDP.NGAS.RT.ZS,Natural gas rents (% of GDP),1998,0,,1
GTM,Guatemala,NY.GDP.NGAS.RT.ZS,Natural gas rents (% of GDP),1997,0.000616894882761323,,1
GTM,Guatemala,NY.GDP.NGAS.RT.ZS,Natural gas rents (% of GDP),1996,0.00070444021559524,,1
GTM,Guatemala,NY.GDP.NGAS.RT.ZS,Natural gas rents (% of GDP),1995,0.000728082143765514,,1
GTM,Guatemala,NY.GDP.NGAS.RT.ZS,Natural gas rents (% of GDP),1994,0.00086050381949905,,1
GTM,Guatemala,NY.GDP.NGAS.RT.ZS,Natural gas rents (% of GDP),1993,0.00113257957095821,,1
GTM,Guatemala,NY.GDP.NGAS.RT.ZS,Natural gas rents (% of GDP),1992,0.000898505299902895,,1
GTM,Guatemala,NY.GDP.NGAS.RT.ZS,Natural gas rents (% of GDP),1991,0.00105478492843398,,1
GTM,Guatemala,NY.GDP.NGAS.RT.ZS,Natural gas rents (% of GDP),1990,0.00164383304863836,,1
GTM,Guatemala,NY.GDP.NGAS.RT.ZS,Natural gas rents (% of GDP),1989,0,,1
GTM,Guatemala,NY.GDP.NGAS.RT.ZS,Natural gas rents (% of GDP),1988,0,,1
GTM,Guatemala,NY.GDP.NGAS.RT.ZS,Natural gas rents (% of GDP),1987,0,,1
GTM,Guatemala,NY.GDP.NGAS.RT.ZS,Natural gas rents (% of GDP),1986,0,,1
GTM,Guatemala,NY.GDP.NGAS.RT.ZS,Natural gas rents (% of GDP),1985,0,,1
GTM,Guatemala,NY.GDP.NGAS.RT.ZS,Natural gas rents (% of GDP),1984,0,,1
GTM,Guatemala,NY.GDP.NGAS.RT.ZS,Natural gas rents (% of GDP),1983,0,,1
GTM,Guatemala,NY.GDP.NGAS.RT.ZS,Natural gas rents (% of GDP),1982,0,,1
GTM,Guatemala,NY.GDP.NGAS.RT.ZS,Natural gas rents (% of GDP),1981,0,,1
GTM,Guatemala,NY.GDP.NGAS.RT.ZS,Natural gas rents (% of GDP),1980,0,,1
GTM,Guatemala,NY.GDP.NGAS.RT.ZS,Natural gas rents (% of GDP),1979,0,,1
GTM,Guatemala,NY.GDP.NGAS.RT.ZS,Natural gas rents (% of GDP),1978,0,,1
GTM,Guatemala,NY.GDP.NGAS.RT.ZS,Natural gas rents (% of GDP),1977,0,,1
GTM,Guatemala,NY.GDP.NGAS.RT.ZS,Natural gas rents (% of GDP),1976,0,,1
GTM,Guatemala,NY.GDP.NGAS.RT.ZS,Natural gas rents (% of GDP),1975,0,,1
GTM,Guatemala,NY.GDP.NGAS.RT.ZS,Natural gas rents (% of GDP),1974,0,,1
GTM,Guatemala,NY.GDP.NGAS.RT.ZS,Natural gas rents (% of GDP),1973,0,,1
GTM,Guatemala,NY.GDP.NGAS.RT.ZS,Natural gas rents (% of GDP),1972,0,,1
GTM,Guatemala,NY.GDP.NGAS.RT.ZS,Natural gas rents (% of GDP),1971,0,,1
GIN,Guinea,NY.GDP.NGAS.RT.ZS,Natural gas rents (% of GDP),2021,0,,1
GIN,Guinea,NY.GDP.NGAS.RT.ZS,Natural gas rents (% of GDP),2020,0,,1
GIN,Guinea,NY.GDP.NGAS.RT.ZS,Natural gas rents (% of GDP),2019,0,,1
GIN,Guinea,NY.GDP.NGAS.RT.ZS,Natural gas rents (% of GDP),2018,0,,1
GIN,Guinea,NY.GDP.NGAS.RT.ZS,Natural gas rents (% of GDP),2017,0,,1
GIN,Guinea,NY.GDP.NGAS.RT.ZS,Natural gas rents (% of GDP),2016,0,,1
GIN,Guinea,NY.GDP.NGAS.RT.ZS,Natural gas rents (% of GDP),2015,0,,1
GIN,Guinea,NY.GDP.NGAS.RT.ZS,Natural gas rents (% of GDP),2014,0,,1
GIN,Guinea,NY.GDP.NGAS.RT.ZS,Natural gas rents (% of GDP),2013,0,,1
GIN,Guinea,NY.GDP.NGAS.RT.ZS,Natural gas rents (% of GDP),2012,0,,1
GIN,Guinea,NY.GDP.NGAS.RT.ZS,Natural gas rents (% of GDP),2011,0,,1
GIN,Guinea,NY.GDP.NGAS.RT.ZS,Natural gas rents (% of GDP),2010,0,,1
GIN,Guinea,NY.GDP.NGAS.RT.ZS,Natural gas rents (% of GDP),2009,0,,1
GIN,Guinea,NY.GDP.NGAS.RT.ZS,Natural gas rents (% of GDP),2008,0,,1
GIN,Guinea,NY.GDP.NGAS.RT.ZS,Natural gas rents (% of GDP),2007,0,,1
GIN,Guinea,NY.GDP.NGAS.RT.ZS,Natural gas rents (% of GDP),2006,0,,1
GIN,Guinea,NY.GDP.NGAS.RT.ZS,Natural gas rents (% of GDP),2005,0,,1
GIN,Guinea,NY.GDP.NGAS.RT.ZS,Natural gas rents (% of GDP),2004,0,,1
GIN,Guinea,NY.GDP.NGAS.RT.ZS,Natural gas rents (% of GDP),2003,0,,1
GIN,Guinea,NY.GDP.NGAS.RT.ZS,Natural gas rents (% of GDP),2002,0,,1
GIN,Guinea,NY.GDP.NGAS.RT.ZS,Natural gas rents (% of GDP),2001,0,,1
GIN,Guinea,NY.GDP.NGAS.RT.ZS,Natural gas rents (% of GDP),2000,0,,1
GIN,Guinea,NY.GDP.NGAS.RT.ZS,Natural gas rents (% of GDP),1999,0,,1
GIN,Guinea,NY.GDP.NGAS.RT.ZS,Natural gas rents (% of GDP),1998,0,,1
GIN,Guinea,NY.GDP.NGAS.RT.ZS,Natural gas rents (% of GDP),1997,0,,1
GIN,Guinea,NY.GDP.NGAS.RT.ZS,Natural gas rents (% of GDP),1996,0,,1
GIN,Guinea,NY.GDP.NGAS.RT.ZS,Natural gas rents (% of GDP),1995,0,,1
GIN,Guinea,NY.GDP.NGAS.RT.ZS,Natural gas rents (% of GDP),1994,0,,1
GIN,Guinea,NY.GDP.NGAS.RT.ZS,Natural gas rents (% of GDP),1993,0,,1
GIN,Guinea,NY.GDP.NGAS.RT.ZS,Natural gas rents (% of GDP),1992,0,,1
GIN,Guinea,NY.GDP.NGAS.RT.ZS,Natural gas rents (% of GDP),1991,0,,1
GIN,Guinea,NY.GDP.NGAS.RT.ZS,Natural gas rents (% of GDP),1990,0,,1
GIN,Guinea,NY.GDP.NGAS.RT.ZS,Natural gas rents (% of GDP),1989,0,,1
GIN,Guinea,NY.GDP.NGAS.RT.ZS,Natural gas rents (% of GDP),1988,0,,1
GIN,Guinea,NY.GDP.NGAS.RT.ZS,Natural gas rents (% of GDP),1987,0,,1
GIN,Guinea,NY.GDP.NGAS.RT.ZS,Natural gas rents (% of GDP),1986,0,,1
GNB,Guinea-Bissau,NY.GDP.NGAS.RT.ZS,Natural gas rents (% of GDP),2021,0,,1
GNB,Guinea-Bissau,NY.GDP.NGAS.RT.ZS,Natural gas rents (% of GDP),2020,0,,1
GNB,Guinea-Bissau,NY.GDP.NGAS.RT.ZS,Natural gas rents (% of GDP),2019,0,,1
GNB,Guinea-Bissau,NY.GDP.NGAS.RT.ZS,Natural gas rents (% of GDP),2018,0,,1
GNB,Guinea-Bissau,NY.GDP.NGAS.RT.ZS,Natural gas rents (% of GDP),2017,0,,1
GNB,Guinea-Bissau,NY.GDP.NGAS.RT.ZS,Natural gas rents (% of GDP),2016,0,,1
GNB,Guinea-Bissau,NY.GDP.NGAS.RT.ZS,Natural gas rents (% of GDP),2015,0,,1
GNB,Guinea-Bissau,NY.GDP.NGAS.RT.ZS,Natural gas rents (% of GDP),2014,0,,1
GNB,Guinea-Bissau,NY.GDP.NGAS.RT.ZS,Natural gas rents (% of GDP),2013,0,,1
GNB,Guinea-Bissau,NY.GDP.NGAS.RT.ZS,Natural gas rents (% of GDP),2012,0,,1
GNB,Guinea-Bissau,NY.GDP.NGAS.RT.ZS,Natural gas rents (% of GDP),2011,0,,1
GNB,Guinea-Bissau,NY.GDP.NGAS.RT.ZS,Natural gas rents (% of GDP),2010,0,,1
GNB,Guinea-Bissau,NY.GDP.NGAS.RT.ZS,Natural gas rents (% of GDP),2009,0,,1
GNB,Guinea-Bissau,NY.GDP.NGAS.RT.ZS,Natural gas rents (% of GDP),2008,0,,1
GNB,Guinea-Bissau,NY.GDP.NGAS.RT.ZS,Natural gas rents (% of GDP),2007,0,,1
GNB,Guinea-Bissau,NY.GDP.NGAS.RT.ZS,Natural gas rents (% of GDP),2006,0,,1
GNB,Guinea-Bissau,NY.GDP.NGAS.RT.ZS,Natural gas rents (% of GDP),2005,0,,1
GNB,Guinea-Bissau,NY.GDP.NGAS.RT.ZS,Natural gas rents (% of GDP),2004,0,,1
GNB,Guinea-Bissau,NY.GDP.NGAS.RT.ZS,Natural gas rents (% of GDP),2003,0,,1
GNB,Guinea-Bissau,NY.GDP.NGAS.RT.ZS,Natural gas rents (% of GDP),2002,0,,1
GNB,Guinea-Bissau,NY.GDP.NGAS.RT.ZS,Natural gas rents (% of GDP),2001,0,,1
GNB,Guinea-Bissau,NY.GDP.NGAS.RT.ZS,Natural gas rents (% of GDP),2000,0,,1
GNB,Guinea-Bissau,NY.GDP.NGAS.RT.ZS,Natural gas rents (% of GDP),1999,0,,1
GNB,Guinea-Bissau,NY.GDP.NGAS.RT.ZS,Natural gas rents (% of GDP),1998,0,,1
GNB,Guinea-Bissau,NY.GDP.NGAS.RT.ZS,Natural gas rents (% of GDP),1997,0,,1
GNB,Guinea-Bissau,NY.GDP.NGAS.RT.ZS,Natural gas rents (% of GDP),1996,0,,1
GNB,Guinea-Bissau,NY.GDP.NGAS.RT.ZS,Natural gas rents (% of GDP),1995,0,,1
GNB,Guinea-Bissau,NY.GDP.NGAS.RT.ZS,Natural gas rents (% of GDP),1994,0,,1
GNB,Guinea-Bissau,NY.GDP.NGAS.RT.ZS,Natural gas rents (% of GDP),1993,0,,1
GNB,Guinea-Bissau,NY.GDP.NGAS.RT.ZS,Natural gas rents (% of GDP),1992,0,,1
GNB,Guinea-Bissau,NY.GDP.NGAS.RT.ZS,Natural gas rents (% of GDP),1991,0,,1
GNB,Guinea-Bissau,NY.GDP.NGAS.RT.ZS,Natural gas rents (% of GDP),1990,0,,1
GNB,Guinea-Bissau,NY.GDP.NGAS.RT.ZS,Natural gas rents (% of GDP),1989,0,,1
GNB,Guinea-Bissau,NY.GDP.NGAS.RT.ZS,Natural gas rents (% of GDP),1988,0,,1
GNB,Guinea-Bissau,NY.GDP.NGAS.RT.ZS,Natural gas rents (% of GDP),1987,0,,1
GNB,Guinea-Bissau,NY.GDP.NGAS.RT.ZS,Natural gas rents (% of GDP),1986,0,,1
GNB,Guinea-Bissau,NY.GDP.NGAS.RT.ZS,Natural gas rents (% of GDP),1985,0,,1
GNB,Guinea-Bissau,NY.GDP.NGAS.RT.ZS,Natural gas rents (% of GDP),1984,0,,1
GNB,Guinea-Bissau,NY.GDP.NGAS.RT.ZS,Natural gas rents (% of GDP),1983,0,,1
GNB,Guinea-Bissau,NY.GDP.NGAS.RT.ZS,Natural gas rents (% of GDP),1982,0,,1
GNB,Guinea-Bissau,NY.GDP.NGAS.RT.ZS,Natural gas rents (% of GDP),1981,0,,1
GNB,Guinea-Bissau,NY.GDP.NGAS.RT.ZS,Natural gas rents (% of GDP),1980,0,,1
GUY,Guyana,NY.GDP.NGAS.RT.ZS,Natural gas rents (% of GDP),2021,0,,1
GUY,Guyana,NY.GDP.NGAS.RT.ZS,Natural gas rents (% of GDP),2020,0,,1
GUY,Guyana,NY.GDP.NGAS.RT.ZS,Natural gas rents (% of GDP),2019,0,,1
GUY,Guyana,NY.GDP.NGAS.RT.ZS,Natural gas rents (% of GDP),2018,0,,1
GUY,Guyana,NY.GDP.NGAS.RT.ZS,Natural gas rents (% of GDP),2017,0,,1
GUY,Guyana,NY.GDP.NGAS.RT.ZS,Natural gas rents (% of GDP),2016,0,,1
GUY,Guyana,NY.GDP.NGAS.RT.ZS,Natural gas rents (% of GDP),2015,0,,1
GUY,Guyana,NY.GDP.NGAS.RT.ZS,Natural gas rents (% of GDP),2014,0,,1
GUY,Guyana,NY.GDP.NGAS.RT.ZS,Natural gas rents (% of GDP),2013,0,,1
GUY,Guyana,NY.GDP.NGAS.RT.ZS,Natural gas rents (% of GDP),2012,0,,1
GUY,Guyana,NY.GDP.NGAS.RT.ZS,Natural gas rents (% of GDP),2011,0,,1
GUY,Guyana,NY.GDP.NGAS.RT.ZS,Natural gas rents (% of GDP),2010,0,,1
GUY,Guyana,NY.GDP.NGAS.RT.ZS,Natural gas rents (% of GDP),2009,0,,1
GUY,Guyana,NY.GDP.NGAS.RT.ZS,Natural gas rents (% of GDP),2008,0,,1
GUY,Guyana,NY.GDP.NGAS.RT.ZS,Natural gas rents (% of GDP),2007,0,,1
GUY,Guyana,NY.GDP.NGAS.RT.ZS,Natural gas rents (% of GDP),2006,0,,1
GUY,Guyana,NY.GDP.NGAS.RT.ZS,Natural gas rents (% of GDP),2005,0,,1
GUY,Guyana,NY.GDP.NGAS.RT.ZS,Natural gas rents (% of GDP),2004,0,,1
GUY,Guyana,NY.GDP.NGAS.RT.ZS,Natural gas rents (% of GDP),2003,0,,1
GUY,Guyana,NY.GDP.NGAS.RT.ZS,Natural gas rents (% of GDP),2002,0,,1
GUY,Guyana,NY.GDP.NGAS.RT.ZS,Natural gas rents (% of GDP),2001,0,,1
GUY,Guyana,NY.GDP.NGAS.RT.ZS,Natural gas rents (% of GDP),2000,0,,1
GUY,Guyana,NY.GDP.NGAS.RT.ZS,Natural gas rents (% of GDP),1999,0,,1
GUY,Guyana,NY.GDP.NGAS.RT.ZS,Natural gas rents (% of GDP),1998,0,,1
GUY,Guyana,NY.GDP.NGAS.RT.ZS,Natural gas rents (% of GDP),1997,0,,1
GUY,Guyana,NY.GDP.NGAS.RT.ZS,Natural gas rents (% of GDP),1996,0,,1
GUY,Guyana,NY.GDP.NGAS.RT.ZS,Natural gas rents (% of GDP),1995,0,,1
GUY,Guyana,NY.GDP.NGAS.RT.ZS,Natural gas rents (% of GDP),1994,0,,1
GUY,Guyana,NY.GDP.NGAS.RT.ZS,Natural gas rents (% of GDP),1993,0,,1
GUY,Guyana,NY.GDP.NGAS.RT.ZS,Natural gas rents (% of GDP),1992,0,,1
GUY,Guyana,NY.GDP.NGAS.RT.ZS,Natural gas rents (% of GDP),1991,0,,1
GUY,Guyana,NY.GDP.NGAS.RT.ZS,Natural gas rents (% of GDP),1990,0,,1
GUY,Guyana,NY.GDP.NGAS.RT.ZS,Natural gas rents (% of GDP),1989,0,,1
GUY,Guyana,NY.GDP.NGAS.RT.ZS,Natural gas rents (% of GDP),1988,0,,1
GUY,Guyana,NY.GDP.NGAS.RT.ZS,Natural gas rents (% of GDP),1987,0,,1
GUY,Guyana,NY.GDP.NGAS.RT.ZS,Natural gas rents (% of GDP),1986,0,,1
GUY,Guyana,NY.GDP.NGAS.RT.ZS,Natural gas rents (% of GDP),1985,0,,1
GUY,Guyana,NY.GDP.NGAS.RT.ZS,Natural gas rents (% of GDP),1984,0,,1
GUY,Guyana,NY.GDP.NGAS.RT.ZS,Natural gas rents (% of GDP),1983,0,,1
GUY,Guyana,NY.GDP.NGAS.RT.ZS,Natural gas rents (% of GDP),1982,0,,1
GUY,Guyana,NY.GDP.NGAS.RT.ZS,Natural gas rents (% of GDP),1981,0,,1
GUY,Guyana,NY.GDP.NGAS.RT.ZS,Natural gas rents (% of GDP),1980,0,,1
HTI,Haiti,NY.GDP.NGAS.RT.ZS,Natural gas rents (% of GDP),2021,0,,1
HTI,Haiti,NY.GDP.NGAS.RT.ZS,Natural gas rents (% of GDP),2020,0,,1
HTI,Haiti,NY.GDP.NGAS.RT.ZS,Natural gas rents (% of GDP),2019,0,,1
HTI,Haiti,NY.GDP.NGAS.RT.ZS,Natural gas rents (% of GDP),2018,0,,1
HTI,Haiti,NY.GDP.NGAS.RT.ZS,Natural gas rents (% of GDP),2017,0,,1
HTI,Haiti,NY.GDP.NGAS.RT.ZS,Natural gas rents (% of GDP),2016,0,,1
HTI,Haiti,NY.GDP.NGAS.RT.ZS,Natural gas rents (% of GDP),2015,0,,1
HTI,Haiti,NY.GDP.NGAS.RT.ZS,Natural gas rents (% of GDP),2014,0,,1
HTI,Haiti,NY.GDP.NGAS.RT.ZS,Natural gas rents (% of GDP),2013,0,,1
HTI,Haiti,NY.GDP.NGAS.RT.ZS,Natural gas rents (% of GDP),2012,0,,1
HTI,Haiti,NY.GDP.NGAS.RT.ZS,Natural gas rents (% of GDP),2011,0,,1
HTI,Haiti,NY.GDP.NGAS.RT.ZS,Natural gas rents (% of GDP),2010,0,,1
HTI,Haiti,NY.GDP.NGAS.RT.ZS,Natural gas rents (% of GDP),2009,0,,1
HTI,Haiti,NY.GDP.NGAS.RT.ZS,Natural gas rents (% of GDP),2008,0,,1
HTI,Haiti,NY.GDP.NGAS.RT.ZS,Natural gas rents (% of GDP),2007,0,,1
HTI,Haiti,NY.GDP.NGAS.RT.ZS,Natural gas rents (% of GDP),2006,0,,1
HTI,Haiti,NY.GDP.NGAS.RT.ZS,Natural gas rents (% of GDP),2005,0,,1
HTI,Haiti,NY.GDP.NGAS.RT.ZS,Natural gas rents (% of GDP),2004,0,,1
HTI,Haiti,NY.GDP.NGAS.RT.ZS,Natural gas rents (% of GDP),2003,0,,1
HTI,Haiti,NY.GDP.NGAS.RT.ZS,Natural gas rents (% of GDP),2002,0,,1
HTI,Haiti,NY.GDP.NGAS.RT.ZS,Natural gas rents (% of GDP),2001,0,,1
HTI,Haiti,NY.GDP.NGAS.RT.ZS,Natural gas rents (% of GDP),2000,0,,1
HTI,Haiti,NY.GDP.NGAS.RT.ZS,Natural gas rents (% of GDP),1999,0,,1
HTI,Haiti,NY.GDP.NGAS.RT.ZS,Natural gas rents (% of GDP),1998,0,,1
HTI,Haiti,NY.GDP.NGAS.RT.ZS,Natural gas rents (% of GDP),1997,0,,1
HTI,Haiti,NY.GDP.NGAS.RT.ZS,Natural gas rents (% of GDP),1996,0,,1
HTI,Haiti,NY.GDP.NGAS.RT.ZS,Natural gas rents (% of GDP),1995,0,,1
HTI,Haiti,NY.GDP.NGAS.RT.ZS,Natural gas rents (% of GDP),1994,0,,1
HTI,Haiti,NY.GDP.NGAS.RT.ZS,Natural gas rents (% of GDP),1993,0,,1
HTI,Haiti,NY.GDP.NGAS.RT.ZS,Natural gas rents (% of GDP),1992,0,,1
HTI,Haiti,NY.GDP.NGAS.RT.ZS,Natural gas rents (% of GDP),1991,0,,1
HTI,Haiti,NY.GDP.NGAS.RT.ZS,Natural gas rents (% of GDP),1990,0,,1
HTI,Haiti,NY.GDP.NGAS.RT.ZS,Natural gas rents (% of GDP),1989,0,,1
HTI,Haiti,NY.GDP.NGAS.RT.ZS,Natural gas rents (% of GDP),1988,0,,1
HTI,Haiti,NY.GDP.NGAS.RT.ZS,Natural gas rents (% of GDP),1987,0,,1
HTI,Haiti,NY.GDP.NGAS.RT.ZS,Natural gas rents (% of GDP),1986,0,,1
HTI,Haiti,NY.GDP.NGAS.RT.ZS,Natural gas rents (% of GDP),1985,0,,1
HTI,Haiti,NY.GDP.NGAS.RT.ZS,Natural gas rents (% of GDP),1984,0,,1
HTI,Haiti,NY.GDP.NGAS.RT.ZS,Natural gas rents (% of GDP),1983,0,,1
HTI,Haiti,NY.GDP.NGAS.RT.ZS,Natural gas rents (% of GDP),1982,0,,1
HTI,Haiti,NY.GDP.NGAS.RT.ZS,Natural gas rents (% of GDP),1981,0,,1
HTI,Haiti,NY.GDP.NGAS.RT.ZS,Natural gas rents (% of GDP),1980,0,,1
HTI,Haiti,NY.GDP.NGAS.RT.ZS,Natural gas rents (% of GDP),1979,0,,1
HTI,Haiti,NY.GDP.NGAS.RT.ZS,Natural gas rents (% of GDP),1978,0,,1
HTI,Haiti,NY.GDP.NGAS.RT.ZS,Natural gas rents (% of GDP),1977,0,,1
HTI,Haiti,NY.GDP.NGAS.RT.ZS,Natural gas rents (% of GDP),1976,0,,1
HTI,Haiti,NY.GDP.NGAS.RT.ZS,Natural gas rents (% of GDP),1975,0,,1
HTI,Haiti,NY.GDP.NGAS.RT.ZS,Natural gas rents (% of GDP),1974,0,,1
HTI,Haiti,NY.GDP.NGAS.RT.ZS,Natural gas rents (% of GDP),1973,0,,1
HTI,Haiti,NY.GDP.NGAS.RT.ZS,Natural gas rents (% of GDP),1972,0,,1
HTI,Haiti,NY.GDP.NGAS.RT.ZS,Natural gas rents (% of GDP),1971,0,,1
HND,Honduras,NY.GDP.NGAS.RT.ZS,Natural gas rents (% of GDP),2021,0,,1
HND,Honduras,NY.GDP.NGAS.RT.ZS,Natural gas rents (% of GDP),2020,0,,1
HND,Honduras,NY.GDP.NGAS.RT.ZS,Natural gas rents (% of GDP),2019,0,,1
HND,Honduras,NY.GDP.NGAS.RT.ZS,Natural gas rents (% of GDP),2018,0,,1
HND,Honduras,NY.GDP.NGAS.RT.ZS,Natural gas rents (% of GDP),2017,0,,1
HND,Honduras,NY.GDP.NGAS.RT.ZS,Natural gas rents (% of GDP),2016,0,,1
HND,Honduras,NY.GDP.NGAS.RT.ZS,Natural gas rents (% of GDP),2015,0,,1
HND,Honduras,NY.GDP.NGAS.RT.ZS,Natural gas rents (% of GDP),2014,0,,1
HND,Honduras,NY.GDP.NGAS.RT.ZS,Natural gas rents (% of GDP),2013,0,,1
HND,Honduras,NY.GDP.NGAS.RT.ZS,Natural gas rents (% of GDP),2012,0,,1
HND,Honduras,NY.GDP.NGAS.RT.ZS,Natural gas rents (% of GDP),2011,0,,1
HND,Honduras,NY.GDP.NGAS.RT.ZS,Natural gas rents (% of GDP),2010,0,,1
HND,Honduras,NY.GDP.NGAS.RT.ZS,Natural gas rents (% of GDP),2009,0,,1
HND,Honduras,NY.GDP.NGAS.RT.ZS,Natural gas rents (% of GDP),2008,0,,1
HND,Honduras,NY.GDP.NGAS.RT.ZS,Natural gas rents (% of GDP),2007,0,,1
HND,Honduras,NY.GDP.NGAS.RT.ZS,Natural gas rents (% of GDP),2006,0,,1
HND,Honduras,NY.GDP.NGAS.RT.ZS,Natural gas rents (% of GDP),2005,0,,1
HND,Honduras,NY.GDP.NGAS.RT.ZS,Natural gas rents (% of GDP),2004,0,,1
HND,Honduras,NY.GDP.NGAS.RT.ZS,Natural gas rents (% of GDP),2003,0,,1
HND,Honduras,NY.GDP.NGAS.RT.ZS,Natural gas rents (% of GDP),2002,0,,1
HND,Honduras,NY.GDP.NGAS.RT.ZS,Natural gas rents (% of GDP),2001,0,,1
HND,Honduras,NY.GDP.NGAS.RT.ZS,Natural gas rents (% of GDP),2000,0,,1
HND,Honduras,NY.GDP.NGAS.RT.ZS,Natural gas rents (% of GDP),1999,0,,1
HND,Honduras,NY.GDP.NGAS.RT.ZS,Natural gas rents (% of GDP),1998,0,,1
HND,Honduras,NY.GDP.NGAS.RT.ZS,Natural gas rents (% of GDP),1997,0,,1
HND,Honduras,NY.GDP.NGAS.RT.ZS,Natural gas rents (% of GDP),1996,0,,1
HND,Honduras,NY.GDP.NGAS.RT.ZS,Natural gas rents (% of GDP),1995,0,,1
HND,Honduras,NY.GDP.NGAS.RT.ZS,Natural gas rents (% of GDP),1994,0,,1
HND,Honduras,NY.GDP.NGAS.RT.ZS,Natural gas rents (% of GDP),1993,0,,1
HND,Honduras,NY.GDP.NGAS.RT.ZS,Natural gas rents (% of GDP),1992,0,,1
HND,Honduras,NY.GDP.NGAS.RT.ZS,Natural gas rents (% of GDP),1991,0,,1
HND,Honduras,NY.GDP.NGAS.RT.ZS,Natural gas rents (% of GDP),1990,0,,1
HND,Honduras,NY.GDP.NGAS.RT.ZS,Natural gas rents (% of GDP),1989,0,,1
HND,Honduras,NY.GDP.NGAS.RT.ZS,Natural gas rents (% of GDP),1988,0,,1
HND,Honduras,NY.GDP.NGAS.RT.ZS,Natural gas rents (% of GDP),1987,0,,1
HND,Honduras,NY.GDP.NGAS.RT.ZS,Natural gas rents (% of GDP),1986,0,,1
HND,Honduras,NY.GDP.NGAS.RT.ZS,Natural gas rents (% of GDP),1985,0,,1
HND,Honduras,NY.GDP.NGAS.RT.ZS,Natural gas rents (% of GDP),1984,0,,1
HND,Honduras,NY.GDP.NGAS.RT.ZS,Natural gas rents (% of GDP),1983,0,,1
HND,Honduras,NY.GDP.NGAS.RT.ZS,Natural gas rents (% of GDP),1982,0,,1
HND,Honduras,NY.GDP.NGAS.RT.ZS,Natural gas rents (% of GDP),1981,0,,1
HND,Honduras,NY.GDP.NGAS.RT.ZS,Natural gas rents (% of GDP),1980,0,,1
HND,Honduras,NY.GDP.NGAS.RT.ZS,Natural gas rents (% of GDP),1979,0,,1
HND,Honduras,NY.GDP.NGAS.RT.ZS,Natural gas rents (% of GDP),1978,0,,1
HND,Honduras,NY.GDP.NGAS.RT.ZS,Natural gas rents (% of GDP),1977,0,,1
HND,Honduras,NY.GDP.NGAS.RT.ZS,Natural gas rents (% of GDP),1976,0,,1
HND,Honduras,NY.GDP.NGAS.RT.ZS,Natural gas rents (% of GDP),1975,0,,1
HND,Honduras,NY.GDP.NGAS.RT.ZS,Natural gas rents (% of GDP),1974,0,,1
HND,Honduras,NY.GDP.NGAS.RT.ZS,Natural gas rents (% of GDP),1973,0,,1
HND,Honduras,NY.GDP.NGAS.RT.ZS,Natural gas rents (% of GDP),1972,0,,1
HND,Honduras,NY.GDP.NGAS.RT.ZS,Natural gas rents (% of GDP),1971,0,,1
HKG,"Hong Kong SAR, China",NY.GDP.NGAS.RT.ZS,Natural gas rents (% of GDP),2021,0,,1
HKG,"Hong Kong SAR, China",NY.GDP.NGAS.RT.ZS,Natural gas rents (% of GDP),2020,0,,1
HKG,"Hong Kong SAR, China",NY.GDP.NGAS.RT.ZS,Natural gas rents (% of GDP),2019,0,,1
HKG,"Hong Kong SAR, China",NY.GDP.NGAS.RT.ZS,Natural gas rents (% of GDP),2018,0,,1
HKG,"Hong Kong SAR, China",NY.GDP.NGAS.RT.ZS,Natural gas rents (% of GDP),2017,0,,1
HKG,"Hong Kong SAR, China",NY.GDP.NGAS.RT.ZS,Natural gas rents (% of GDP),2016,0,,1
HKG,"Hong Kong SAR, China",NY.GDP.NGAS.RT.ZS,Natural gas rents (% of GDP),2015,0,,1
HKG,"Hong Kong SAR, China",NY.GDP.NGAS.RT.ZS,Natural gas rents (% of GDP),2014,0,,1
HKG,"Hong Kong SAR, China",NY.GDP.NGAS.RT.ZS,Natural gas rents (% of GDP),2013,0,,1
HKG,"Hong Kong SAR, China",NY.GDP.NGAS.RT.ZS,Natural gas rents (% of GDP),2012,0,,1
HKG,"Hong Kong SAR, China",NY.GDP.NGAS.RT.ZS,Natural gas rents (% of GDP),2011,0,,1
HKG,"Hong Kong SAR, China",NY.GDP.NGAS.RT.ZS,Natural gas rents (% of GDP),2010,0,,1
HKG,"Hong Kong SAR, China",NY.GDP.NGAS.RT.ZS,Natural gas rents (% of GDP),2009,0,,1
HKG,"Hong Kong SAR, China",NY.GDP.NGAS.RT.ZS,Natural gas rents (% of GDP),2008,0,,1
HKG,"Hong Kong SAR, China",NY.GDP.NGAS.RT.ZS,Natural gas rents (% of GDP),2007,0,,1
HKG,"Hong Kong SAR, China",NY.GDP.NGAS.RT.ZS,Natural gas rents (% of GDP),2006,0,,1
HKG,"Hong Kong SAR, China",NY.GDP.NGAS.RT.ZS,Natural gas rents (% of GDP),2005,0,,1
HKG,"Hong Kong SAR, China",NY.GDP.NGAS.RT.ZS,Natural gas rents (% of GDP),2004,0,,1
HKG,"Hong Kong SAR, China",NY.GDP.NGAS.RT.ZS,Natural gas rents (% of GDP),2003,0,,1
HKG,"Hong Kong SAR, China",NY.GDP.NGAS.RT.ZS,Natural gas rents (% of GDP),2002,0,,1
HKG,"Hong Kong SAR, China",NY.GDP.NGAS.RT.ZS,Natural gas rents (% of GDP),2001,0,,1
HKG,"Hong Kong SAR, China",NY.GDP.NGAS.RT.ZS,Natural gas rents (% of GDP),2000,0,,1
HKG,"Hong Kong SAR, China",NY.GDP.NGAS.RT.ZS,Natural gas rents (% of GDP),1999,0,,1
HKG,"Hong Kong SAR, China",NY.GDP.NGAS.RT.ZS,Natural gas rents (% of GDP),1998,0,,1
HKG,"Hong Kong SAR, China",NY.GDP.NGAS.RT.ZS,Natural gas rents (% of GDP),1997,0,,1
HKG,"Hong Kong SAR, China",NY.GDP.NGAS.RT.ZS,Natural gas rents (% of GDP),1996,0,,1
HKG,"Hong Kong SAR, China",NY.GDP.NGAS.RT.ZS,Natural gas rents (% of GDP),1995,0,,1
HKG,"Hong Kong SAR, China",NY.GDP.NGAS.RT.ZS,Natural gas rents (% of GDP),1994,0,,1
HKG,"Hong Kong SAR, China",NY.GDP.NGAS.RT.ZS,Natural gas rents (% of GDP),1993,0,,1
HKG,"Hong Kong SAR, China",NY.GDP.NGAS.RT.ZS,Natural gas rents (% of GDP),1992,0,,1
HKG,"Hong Kong SAR, China",NY.GDP.NGAS.RT.ZS,Natural gas rents (% of GDP),1991,0,,1
HKG,"Hong Kong SAR, China",NY.GDP.NGAS.RT.ZS,Natural gas rents (% of GDP),1990,0,,1
HKG,"Hong Kong SAR, China",NY.GDP.NGAS.RT.ZS,Natural gas rents (% of GDP),1989,0,,1
HKG,"Hong Kong SAR, China",NY.GDP.NGAS.RT.ZS,Natural gas rents (% of GDP),1988,0,,1
HKG,"Hong Kong SAR, China",NY.GDP.NGAS.RT.ZS,Natural gas rents (% of GDP),1987,0,,1
HKG,"Hong Kong SAR, China",NY.GDP.NGAS.RT.ZS,Natural gas rents (% of GDP),1986,0,,1
HKG,"Hong Kong SAR, China",NY.GDP.NGAS.RT.ZS,Natural gas rents (% of GDP),1985,0,,1
HKG,"Hong Kong SAR, China",NY.GDP.NGAS.RT.ZS,Natural gas rents (% of GDP),1984,0,,1
HKG,"Hong Kong SAR, China",NY.GDP.NGAS.RT.ZS,Natural gas rents (% of GDP),1983,0,,1
HKG,"Hong Kong SAR, China",NY.GDP.NGAS.RT.ZS,Natural gas rents (% of GDP),1982,0,,1
HKG,"Hong Kong SAR, China",NY.GDP.NGAS.RT.ZS,Natural gas rents (% of GDP),1981,0,,1
HKG,"Hong Kong SAR, China",NY.GDP.NGAS.RT.ZS,Natural gas rents (% of GDP),1980,0,,1
HKG,"Hong Kong SAR, China",NY.GDP.NGAS.RT.ZS,Natural gas rents (% of GDP),1979,0,,1
HKG,"Hong Kong SAR, China",NY.GDP.NGAS.RT.ZS,Natural gas rents (% of GDP),1978,0,,1
HKG,"Hong Kong SAR, China",NY.GDP.NGAS.RT.ZS,Natural gas rents (% of GDP),1977,0,,1
HKG,"Hong Kong SAR, China",NY.GDP.NGAS.RT.ZS,Natural gas rents (% of GDP),1976,0,,1
HKG,"Hong Kong SAR, China",NY.GDP.NGAS.RT.ZS,Natural gas rents (% of GDP),1975,0,,1
HKG,"Hong Kong SAR, China",NY.GDP.NGAS.RT.ZS,Natural gas rents (% of GDP),1974,0,,1
HKG,"Hong Kong SAR, China",NY.GDP.NGAS.RT.ZS,Natural gas rents (% of GDP),1973,0,,1
HKG,"Hong Kong SAR, China",NY.GDP.NGAS.RT.ZS,Natural gas rents (% of GDP),1972,0,,1
HKG,"Hong Kong SAR, China",NY.GDP.NGAS.RT.ZS,Natural gas rents (% of GDP),1971,0,,1
HUN,Hungary,NY.GDP.NGAS.RT.ZS,Natural gas rents (% of GDP),2021,0.130992934287711,,1
HUN,Hungary,NY.GDP.NGAS.RT.ZS,Natural gas rents (% of GDP),2020,0.0304507621680197,,1
HUN,Hungary,NY.GDP.NGAS.RT.ZS,Natural gas rents (% of GDP),2019,0.0592550312448023,,1
HUN,Hungary,NY.GDP.NGAS.RT.ZS,Natural gas rents (% of GDP),2018,0.0962650379943429,,1
HUN,Hungary,NY.GDP.NGAS.RT.ZS,Natural gas rents (% of GDP),2017,0.0647926312972239,,1
HUN,Hungary,NY.GDP.NGAS.RT.ZS,Natural gas rents (% of GDP),2016,0.0526022251623318,,1
HUN,Hungary,NY.GDP.NGAS.RT.ZS,Natural gas rents (% of GDP),2015,0.0869853116424986,,1
HUN,Hungary,NY.GDP.NGAS.RT.ZS,Natural gas rents (% of GDP),2014,0.109591060858095,,1
HUN,Hungary,NY.GDP.NGAS.RT.ZS,Natural gas rents (% of GDP),2013,0.171355533980433,,1
HUN,Hungary,NY.GDP.NGAS.RT.ZS,Natural gas rents (% of GDP),2012,0.210554293296234,,1
HUN,Hungary,NY.GDP.NGAS.RT.ZS,Natural gas rents (% of GDP),2011,0.218340509701528,,1
HUN,Hungary,NY.GDP.NGAS.RT.ZS,Natural gas rents (% of GDP),2010,0.161341756883863,,1
HUN,Hungary,NY.GDP.NGAS.RT.ZS,Natural gas rents (% of GDP),2009,0.185291348587861,,1
HUN,Hungary,NY.GDP.NGAS.RT.ZS,Natural gas rents (% of GDP),2008,0.19062178582944,,1
HUN,Hungary,NY.GDP.NGAS.RT.ZS,Natural gas rents (% of GDP),2007,0.118621852638408,,1
HUN,Hungary,NY.GDP.NGAS.RT.ZS,Natural gas rents (% of GDP),2006,0.165374759201741,,1
HUN,Hungary,NY.GDP.NGAS.RT.ZS,Natural gas rents (% of GDP),2005,0.0740605991548407,,1
HUN,Hungary,NY.GDP.NGAS.RT.ZS,Natural gas rents (% of GDP),2004,0.0960545268105603,,1
HUN,Hungary,NY.GDP.NGAS.RT.ZS,Natural gas rents (% of GDP),2003,0.128149226812928,,1
HUN,Hungary,NY.GDP.NGAS.RT.ZS,Natural gas rents (% of GDP),2002,0.152761215429543,,1
HUN,Hungary,NY.GDP.NGAS.RT.ZS,Natural gas rents (% of GDP),2001,0.267388003452291,,1
HUN,Hungary,NY.GDP.NGAS.RT.ZS,Natural gas rents (% of GDP),2000,0.142487534392444,,1
HUN,Hungary,NY.GDP.NGAS.RT.ZS,Natural gas rents (% of GDP),1999,0.0213763332762533,,1
HUN,Hungary,NY.GDP.NGAS.RT.ZS,Natural gas rents (% of GDP),1998,0.0249294073234583,,1
HUN,Hungary,NY.GDP.NGAS.RT.ZS,Natural gas rents (% of GDP),1997,0.22284218728269,,1
HUN,Hungary,NY.GDP.NGAS.RT.ZS,Natural gas rents (% of GDP),1996,0.22374127913164,,1
HUN,Hungary,NY.GDP.NGAS.RT.ZS,Natural gas rents (% of GDP),1995,0.245794464649354,,1
HUN,Hungary,NY.GDP.NGAS.RT.ZS,Natural gas rents (% of GDP),1994,0.141505811715979,,1
HUN,Hungary,NY.GDP.NGAS.RT.ZS,Natural gas rents (% of GDP),1993,0.162450173673011,,1
HUN,Hungary,NY.GDP.NGAS.RT.ZS,Natural gas rents (% of GDP),1992,0.0699331231267322,,1
HUN,Hungary,NY.GDP.NGAS.RT.ZS,Natural gas rents (% of GDP),1991,0.156257551687089,,1
ISL,Iceland,NY.GDP.NGAS.RT.ZS,Natural gas rents (% of GDP),2021,0,,1
ISL,Iceland,NY.GDP.NGAS.RT.ZS,Natural gas rents (% of GDP),2020,0,,1
ISL,Iceland,NY.GDP.NGAS.RT.ZS,Natural gas rents (% of GDP),2019,0,,1
ISL,Iceland,NY.GDP.NGAS.RT.ZS,Natural gas rents (% of GDP),2018,0,,1
ISL,Iceland,NY.GDP.NGAS.RT.ZS,Natural gas rents (% of GDP),2017,0,,1
ISL,Iceland,NY.GDP.NGAS.RT.ZS,Natural gas rents (% of GDP),2016,0,,1
ISL,Iceland,NY.GDP.NGAS.RT.ZS,Natural gas rents (% of GDP),2015,0,,1
ISL,Iceland,NY.GDP.NGAS.RT.ZS,Natural gas rents (% of GDP),2014,0,,1
ISL,Iceland,NY.GDP.NGAS.RT.ZS,Natural gas rents (% of GDP),2013,0,,1
ISL,Iceland,NY.GDP.NGAS.RT.ZS,Natural gas rents (% of GDP),2012,0,,1
ISL,Iceland,NY.GDP.NGAS.RT.ZS,Natural gas rents (% of GDP),2011,0,,1
ISL,Iceland,NY.GDP.NGAS.RT.ZS,Natural gas rents (% of GDP),2010,0,,1
ISL,Iceland,NY.GDP.NGAS.RT.ZS,Natural gas rents (% of GDP),2009,0,,1
ISL,Iceland,NY.GDP.NGAS.RT.ZS,Natural gas rents (% of GDP),2008,0,,1
ISL,Iceland,NY.GDP.NGAS.RT.ZS,Natural gas rents (% of GDP),2007,0,,1
ISL,Iceland,NY.GDP.NGAS.RT.ZS,Natural gas rents (% of GDP),2006,0,,1
ISL,Iceland,NY.GDP.NGAS.RT.ZS,Natural gas rents (% of GDP),2005,0,,1
ISL,Iceland,NY.GDP.NGAS.RT.ZS,Natural gas rents (% of GDP),2004,0,,1
ISL,Iceland,NY.GDP.NGAS.RT.ZS,Natural gas rents (% of GDP),2003,0,,1
ISL,Iceland,NY.GDP.NGAS.RT.ZS,Natural gas rents (% of GDP),2002,0,,1
ISL,Iceland,NY.GDP.NGAS.RT.ZS,Natural gas rents (% of GDP),2001,0,,1
ISL,Iceland,NY.GDP.NGAS.RT.ZS,Natural gas rents (% of GDP),2000,0,,1
ISL,Iceland,NY.GDP.NGAS.RT.ZS,Natural gas rents (% of GDP),1999,0,,1
ISL,Iceland,NY.GDP.NGAS.RT.ZS,Natural gas rents (% of GDP),1998,0,,1
ISL,Iceland,NY.GDP.NGAS.RT.ZS,Natural gas rents (% of GDP),1997,0,,1
ISL,Iceland,NY.GDP.NGAS.RT.ZS,Natural gas rents (% of GDP),1996,0,,1
ISL,Iceland,NY.GDP.NGAS.RT.ZS,Natural gas rents (% of GDP),1995,0,,1
ISL,Iceland,NY.GDP.NGAS.RT.ZS,Natural gas rents (% of GDP),1994,0,,1
ISL,Iceland,NY.GDP.NGAS.RT.ZS,Natural gas rents (% of GDP),1993,0,,1
ISL,Iceland,NY.GDP.NGAS.RT.ZS,Natural gas rents (% of GDP),1992,0,,1
ISL,Iceland,NY.GDP.NGAS.RT.ZS,Natural gas rents (% of GDP),1991,0,,1
ISL,Iceland,NY.GDP.NGAS.RT.ZS,Natural gas rents (% of GDP),1990,0,,1
ISL,Iceland,NY.GDP.NGAS.RT.ZS,Natural gas rents (% of GDP),1989,0,,1
ISL,Iceland,NY.GDP.NGAS.RT.ZS,Natural gas rents (% of GDP),1988,0,,1
ISL,Iceland,NY.GDP.NGAS.RT.ZS,Natural gas rents (% of GDP),1987,0,,1
ISL,Iceland,NY.GDP.NGAS.RT.ZS,Natural gas rents (% of GDP),1986,0,,1
ISL,Iceland,NY.GDP.NGAS.RT.ZS,Natural gas rents (% of GDP),1985,0,,1
ISL,Iceland,NY.GDP.NGAS.RT.ZS,Natural gas rents (% of GDP),1984,0,,1
ISL,Iceland,NY.GDP.NGAS.RT.ZS,Natural gas rents (% of GDP),1983,0,,1
ISL,Iceland,NY.GDP.NGAS.RT.ZS,Natural gas rents (% of GDP),1982,0,,1
ISL,Iceland,NY.GDP.NGAS.RT.ZS,Natural gas rents (% of GDP),1981,0,,1
ISL,Iceland,NY.GDP.NGAS.RT.ZS,Natural gas rents (% of GDP),1980,0,,1
ISL,Iceland,NY.GDP.NGAS.RT.ZS,Natural gas rents (% of GDP),1979,0,,1
ISL,Iceland,NY.GDP.NGAS.RT.ZS,Natural gas rents (% of GDP),1978,0,,1
ISL,Iceland,NY.GDP.NGAS.RT.ZS,Natural gas rents (% of GDP),1977,0,,1
ISL,Iceland,NY.GDP.NGAS.RT.ZS,Natural gas rents (% of GDP),1976,0,,1
ISL,Iceland,NY.GDP.NGAS.RT.ZS,Natural gas rents (% of GDP),1975,0,,1
ISL,Iceland,NY.GDP.NGAS.RT.ZS,Natural gas rents (% of GDP),1974,0,,1
ISL,Iceland,NY.GDP.NGAS.RT.ZS,Natural gas rents (% of GDP),1973,0,,1
ISL,Iceland,NY.GDP.NGAS.RT.ZS,Natural gas rents (% of GDP),1972,0,,1
ISL,Iceland,NY.GDP.NGAS.RT.ZS,Natural gas rents (% of GDP),1971,0,,1
ISL,Iceland,NY.GDP.NGAS.RT.ZS,Natural gas rents (% of GDP),1970,0,,1
IND,India,NY.GDP.NGAS.RT.ZS,Natural gas rents (% of GDP),2021,0.0774937091732812,,1
IND,India,NY.GDP.NGAS.RT.ZS,Natural gas rents (% of GDP),2020,0.0675142930826255,,1
IND,India,NY.GDP.NGAS.RT.ZS,Natural gas rents (% of GDP),2019,0.0702256864350301,,1
IND,India,NY.GDP.NGAS.RT.ZS,Natural gas rents (% of GDP),2018,0.0660238912587392,,1
IND,India,NY.GDP.NGAS.RT.ZS,Natural gas rents (% of GDP),2017,0.0616444207974507,,1
IND,India,NY.GDP.NGAS.RT.ZS,Natural gas rents (% of GDP),2016,0.0607616430187198,,1
IND,India,NY.GDP.NGAS.RT.ZS,Natural gas rents (% of GDP),2015,0.0689196343932162,,1
IND,India,NY.GDP.NGAS.RT.ZS,Natural gas rents (% of GDP),2014,0.0844638547070627,,1
IND,India,NY.GDP.NGAS.RT.ZS,Natural gas rents (% of GDP),2013,0.0935065065834165,,1
IND,India,NY.GDP.NGAS.RT.ZS,Natural gas rents (% of GDP),2012,0.150297037032533,,1
IND,India,NY.GDP.NGAS.RT.ZS,Natural gas rents (% of GDP),2011,0.171410338885456,,1
IND,India,NY.GDP.NGAS.RT.ZS,Natural gas rents (% of GDP),2010,0.158053469617224,,1
IND,India,NY.GDP.NGAS.RT.ZS,Natural gas rents (% of GDP),2009,0.139884600408234,,1
IND,India,NY.GDP.NGAS.RT.ZS,Natural gas rents (% of GDP),2008,0.100824736385287,,1
IND,India,NY.GDP.NGAS.RT.ZS,Natural gas rents (% of GDP),2007,0.0988812569418624,,1
IND,India,NY.GDP.NGAS.RT.ZS,Natural gas rents (% of GDP),2006,0.198610657575394,,1
IND,India,NY.GDP.NGAS.RT.ZS,Natural gas rents (% of GDP),2005,0.220626603025343,,1
IND,India,NY.GDP.NGAS.RT.ZS,Natural gas rents (% of GDP),2004,0.203889436106983,,1
IND,India,NY.GDP.NGAS.RT.ZS,Natural gas rents (% of GDP),2003,0.212533349770852,,1
IND,India,NY.GDP.NGAS.RT.ZS,Natural gas rents (% of GDP),2002,0.228575727565643,,1
IND,India,NY.GDP.NGAS.RT.ZS,Natural gas rents (% of GDP),2001,0.15302460449569,,1
IND,India,NY.GDP.NGAS.RT.ZS,Natural gas rents (% of GDP),2000,0.174908287833233,,1
IND,India,NY.GDP.NGAS.RT.ZS,Natural gas rents (% of GDP),1999,0.121431810155186,,1
IND,India,NY.GDP.NGAS.RT.ZS,Natural gas rents (% of GDP),1998,0.10469366755713,,1
IND,India,NY.GDP.NGAS.RT.ZS,Natural gas rents (% of GDP),1997,0.0892682372576617,,1
IND,India,NY.GDP.NGAS.RT.ZS,Natural gas rents (% of GDP),1996,0.0972584774015403,,1
IND,India,NY.GDP.NGAS.RT.ZS,Natural gas rents (% of GDP),1995,0.089499415436711,,1
IND,India,NY.GDP.NGAS.RT.ZS,Natural gas rents (% of GDP),1994,0.0784761639704613,,1
IND,India,NY.GDP.NGAS.RT.ZS,Natural gas rents (% of GDP),1993,0.0708383202492168,,1
IND,India,NY.GDP.NGAS.RT.ZS,Natural gas rents (% of GDP),1992,0.0605820955045563,,1
IND,India,NY.GDP.NGAS.RT.ZS,Natural gas rents (% of GDP),1991,0.0566541437443828,,1
IND,India,NY.GDP.NGAS.RT.ZS,Natural gas rents (% of GDP),1990,0.0589599448213109,,1
IND,India,NY.GDP.NGAS.RT.ZS,Natural gas rents (% of GDP),1989,0.0429217411571215,,1
IND,India,NY.GDP.NGAS.RT.ZS,Natural gas rents (% of GDP),1988,0.0214264241224863,,1
IND,India,NY.GDP.NGAS.RT.ZS,Natural gas rents (% of GDP),1987,0.0229408449044183,,1
IND,India,NY.GDP.NGAS.RT.ZS,Natural gas rents (% of GDP),1986,0.0207657011170945,,1
IND,India,NY.GDP.NGAS.RT.ZS,Natural gas rents (% of GDP),1985,0.00413947241022387,,1
IND,India,NY.GDP.NGAS.RT.ZS,Natural gas rents (% of GDP),1984,0.00364468090862312,,1
IND,India,NY.GDP.NGAS.RT.ZS,Natural gas rents (% of GDP),1983,0.00919171338008786,,1
IND,India,NY.GDP.NGAS.RT.ZS,Natural gas rents (% of GDP),1982,0,,1
IND,India,NY.GDP.NGAS.RT.ZS,Natural gas rents (% of GDP),1981,0.00182679958938375,,1
IND,India,NY.GDP.NGAS.RT.ZS,Natural gas rents (% of GDP),1980,0.0104937561134681,,1
IND,India,NY.GDP.NGAS.RT.ZS,Natural gas rents (% of GDP),1979,0.00973994696701704,,1
IND,India,NY.GDP.NGAS.RT.ZS,Natural gas rents (% of GDP),1978,0.0138545098208999,,1
IND,India,NY.GDP.NGAS.RT.ZS,Natural gas rents (% of GDP),1977,0.0196461197769277,,1
IND,India,NY.GDP.NGAS.RT.ZS,Natural gas rents (% of GDP),1976,0.0190834897963209,,1
IND,India,NY.GDP.NGAS.RT.ZS,Natural gas rents (% of GDP),1975,0.0142727370565399,,1
IND,India,NY.GDP.NGAS.RT.ZS,Natural gas rents (% of GDP),1974,0.00823681923292569,,1
IND,India,NY.GDP.NGAS.RT.ZS,Natural gas rents (% of GDP),1973,0.0065348043642884,,1
IND,India,NY.GDP.NGAS.RT.ZS,Natural gas rents (% of GDP),1972,0.00756710462572132,,1
IND,India,NY.GDP.NGAS.RT.ZS,Natural gas rents (% of GDP),1971,0.00899261961781063,,1
IND,India,NY.GDP.NGAS.RT.ZS,Natural gas rents (% of GDP),1970,0.0110940139052685,,1
IDN,Indonesia,NY.GDP.NGAS.RT.ZS,Natural gas rents (% of GDP),2021,0.841191137887917,,1
IDN,Indonesia,NY.GDP.NGAS.RT.ZS,Natural gas rents (% of GDP),2020,0.546809531246824,,1
IDN,Indonesia,NY.GDP.NGAS.RT.ZS,Natural gas rents (% of GDP),2019,0.738467377908887,,1
IDN,Indonesia,NY.GDP.NGAS.RT.ZS,Natural gas rents (% of GDP),2018,0.859660703628191,,1
IDN,Indonesia,NY.GDP.NGAS.RT.ZS,Natural gas rents (% of GDP),2017,0.591523999755219,,1
IDN,Indonesia,NY.GDP.NGAS.RT.ZS,Natural gas rents (% of GDP),2016,0.63934334627299,,1
IDN,Indonesia,NY.GDP.NGAS.RT.ZS,Natural gas rents (% of GDP),2015,0.960955966326089,,1
IDN,Indonesia,NY.GDP.NGAS.RT.ZS,Natural gas rents (% of GDP),2014,0.850564550857553,,1
IDN,Indonesia,NY.GDP.NGAS.RT.ZS,Natural gas rents (% of GDP),2013,0.636686032705509,,1
IDN,Indonesia,NY.GDP.NGAS.RT.ZS,Natural gas rents (% of GDP),2012,0.652294226994824,,1
IDN,Indonesia,NY.GDP.NGAS.RT.ZS,Natural gas rents (% of GDP),2011,0.73781080558996,,1
IDN,Indonesia,NY.GDP.NGAS.RT.ZS,Natural gas rents (% of GDP),2010,0.826445929259323,,1
IDN,Indonesia,NY.GDP.NGAS.RT.ZS,Natural gas rents (% of GDP),2009,0.945944802344101,,1
IDN,Indonesia,NY.GDP.NGAS.RT.ZS,Natural gas rents (% of GDP),2008,0.995657110106886,,1
IDN,Indonesia,NY.GDP.NGAS.RT.ZS,Natural gas rents (% of GDP),2007,1.03226061871438,,1
IDN,Indonesia,NY.GDP.NGAS.RT.ZS,Natural gas rents (% of GDP),2006,1.32448590617292,,1
IDN,Indonesia,NY.GDP.NGAS.RT.ZS,Natural gas rents (% of GDP),2005,1.92387174642882,,1
IDN,Indonesia,NY.GDP.NGAS.RT.ZS,Natural gas rents (% of GDP),2004,2.11069450964371,,1
IDN,Indonesia,NY.GDP.NGAS.RT.ZS,Natural gas rents (% of GDP),2003,2.09426406086845,,1
IDN,Indonesia,NY.GDP.NGAS.RT.ZS,Natural gas rents (% of GDP),2002,1.90319344354046,,1
IDN,Indonesia,NY.GDP.NGAS.RT.ZS,Natural gas rents (% of GDP),2001,2.42410664166284,,1
IDN,Indonesia,NY.GDP.NGAS.RT.ZS,Natural gas rents (% of GDP),2000,2.6651584403675,,1
IDN,Indonesia,NY.GDP.NGAS.RT.ZS,Natural gas rents (% of GDP),1999,2.02933071336877,,1
IDN,Indonesia,NY.GDP.NGAS.RT.ZS,Natural gas rents (% of GDP),1998,2.48987291889479,,1
IDN,Indonesia,NY.GDP.NGAS.RT.ZS,Natural gas rents (% of GDP),1997,1.55002266015724,,1
IDN,Indonesia,NY.GDP.NGAS.RT.ZS,Natural gas rents (% of GDP),1996,1.38532510289728,,1
IDN,Indonesia,NY.GDP.NGAS.RT.ZS,Natural gas rents (% of GDP),1995,1.26584699782308,,1
IDN,Indonesia,NY.GDP.NGAS.RT.ZS,Natural gas rents (% of GDP),1994,1.38533796181107,,1
IDN,Indonesia,NY.GDP.NGAS.RT.ZS,Natural gas rents (% of GDP),1993,1.20069622435657,,1
IDN,Indonesia,NY.GDP.NGAS.RT.ZS,Natural gas rents (% of GDP),1992,1.20772489133411,,1
IDN,Indonesia,NY.GDP.NGAS.RT.ZS,Natural gas rents (% of GDP),1991,1.15930174347296,,1
IDN,Indonesia,NY.GDP.NGAS.RT.ZS,Natural gas rents (% of GDP),1990,1.38580549937515,,1
IDN,Indonesia,NY.GDP.NGAS.RT.ZS,Natural gas rents (% of GDP),1989,1.0907572513496,,1
IDN,Indonesia,NY.GDP.NGAS.RT.ZS,Natural gas rents (% of GDP),1988,1.04179964711547,,1
IDN,Indonesia,NY.GDP.NGAS.RT.ZS,Natural gas rents (% of GDP),1987,1.26455961185341,,1
IDN,Indonesia,NY.GDP.NGAS.RT.ZS,Natural gas rents (% of GDP),1986,1.28218369792078,,1
IDN,Indonesia,NY.GDP.NGAS.RT.ZS,Natural gas rents (% of GDP),1985,0.745326166972091,,1
IDN,Indonesia,NY.GDP.NGAS.RT.ZS,Natural gas rents (% of GDP),1984,0.532740906583284,,1
IDN,Indonesia,NY.GDP.NGAS.RT.ZS,Natural gas rents (% of GDP),1983,0.321315238489513,,1
IDN,Indonesia,NY.GDP.NGAS.RT.ZS,Natural gas rents (% of GDP),1982,0.125456591268231,,1
IDN,Indonesia,NY.GDP.NGAS.RT.ZS,Natural gas rents (% of GDP),1981,0.385648743860634,,1
IDN,Indonesia,NY.GDP.NGAS.RT.ZS,Natural gas rents (% of GDP),1980,1.06830042992693,,1
IDN,Indonesia,NY.GDP.NGAS.RT.ZS,Natural gas rents (% of GDP),1979,1.31978895371394,,1
IDN,Indonesia,NY.GDP.NGAS.RT.ZS,Natural gas rents (% of GDP),1978,0.645340037851775,,1
IDN,Indonesia,NY.GDP.NGAS.RT.ZS,Natural gas rents (% of GDP),1977,0.330367278050082,,1
IDN,Indonesia,NY.GDP.NGAS.RT.ZS,Natural gas rents (% of GDP),1976,0.179794955356035,,1
IDN,Indonesia,NY.GDP.NGAS.RT.ZS,Natural gas rents (% of GDP),1975,0.207092214656156,,1
IDN,Indonesia,NY.GDP.NGAS.RT.ZS,Natural gas rents (% of GDP),1974,0.105710282959583,,1
IDN,Indonesia,NY.GDP.NGAS.RT.ZS,Natural gas rents (% of GDP),1973,0.0335673049563523,,1
IDN,Indonesia,NY.GDP.NGAS.RT.ZS,Natural gas rents (% of GDP),1972,0.0204738201846601,,1
IDN,Indonesia,NY.GDP.NGAS.RT.ZS,Natural gas rents (% of GDP),1971,0.0218386196954709,,1
IDN,Indonesia,NY.GDP.NGAS.RT.ZS,Natural gas rents (% of GDP),1970,0,,1
IRN,"Iran, Islamic Rep.",NY.GDP.NGAS.RT.ZS,Natural gas rents (% of GDP),2021,8.80888556489953,,1
IRN,"Iran, Islamic Rep.",NY.GDP.NGAS.RT.ZS,Natural gas rents (% of GDP),2020,8.49623367431377,,1
IRN,"Iran, Islamic Rep.",NY.GDP.NGAS.RT.ZS,Natural gas rents (% of GDP),2019,6.82201707137804,,1
IRN,"Iran, Islamic Rep.",NY.GDP.NGAS.RT.ZS,Natural gas rents (% of GDP),2018,5.80900087982186,,1
IRN,"Iran, Islamic Rep.",NY.GDP.NGAS.RT.ZS,Natural gas rents (% of GDP),2017,2.33627116072101,,1
IRN,"Iran, Islamic Rep.",NY.GDP.NGAS.RT.ZS,Natural gas rents (% of GDP),2016,1.91831819745209,,1
IRN,"Iran, Islamic Rep.",NY.GDP.NGAS.RT.ZS,Natural gas rents (% of GDP),2015,2.62955318037995,,1
IRN,"Iran, Islamic Rep.",NY.GDP.NGAS.RT.ZS,Natural gas rents (% of GDP),2014,2.97411018568107,,1
IRN,"Iran, Islamic Rep.",NY.GDP.NGAS.RT.ZS,Natural gas rents (% of GDP),2013,2.7187141958893,,1
IRN,"Iran, Islamic Rep.",NY.GDP.NGAS.RT.ZS,Natural gas rents (% of GDP),2012,2.01887057952724,,1
IRN,"Iran, Islamic Rep.",NY.GDP.NGAS.RT.ZS,Natural gas rents (% of GDP),2011,1.91739971657899,,1
IRN,"Iran, Islamic Rep.",NY.GDP.NGAS.RT.ZS,Natural gas rents (% of GDP),2010,1.8610874879457,,1
IRN,"Iran, Islamic Rep.",NY.GDP.NGAS.RT.ZS,Natural gas rents (% of GDP),2009,2.28085971648197,,1
IRN,"Iran, Islamic Rep.",NY.GDP.NGAS.RT.ZS,Natural gas rents (% of GDP),2008,1.8467989298903,,1
IRN,"Iran, Islamic Rep.",NY.GDP.NGAS.RT.ZS,Natural gas rents (% of GDP),2007,1.99708594942742,,1
IRN,"Iran, Islamic Rep.",NY.GDP.NGAS.RT.ZS,Natural gas rents (% of GDP),2006,2.45659210122043,,1
IRN,"Iran, Islamic Rep.",NY.GDP.NGAS.RT.ZS,Natural gas rents (% of GDP),2005,2.44636854647738,,1
IRN,"Iran, Islamic Rep.",NY.GDP.NGAS.RT.ZS,Natural gas rents (% of GDP),2004,1.83655471628029,,1
IRN,"Iran, Islamic Rep.",NY.GDP.NGAS.RT.ZS,Natural gas rents (% of GDP),2003,2.05072226747438,,1
IRN,"Iran, Islamic Rep.",NY.GDP.NGAS.RT.ZS,Natural gas rents (% of GDP),2002,2.3496161139381,,1
IRN,"Iran, Islamic Rep.",NY.GDP.NGAS.RT.ZS,Natural gas rents (% of GDP),2001,2.44405372220749,,1
IRN,"Iran, Islamic Rep.",NY.GDP.NGAS.RT.ZS,Natural gas rents (% of GDP),2000,2.30162442963997,,1
IRN,"Iran, Islamic Rep.",NY.GDP.NGAS.RT.ZS,Natural gas rents (% of GDP),1999,1.66822362541216,,1
IRN,"Iran, Islamic Rep.",NY.GDP.NGAS.RT.ZS,Natural gas rents (% of GDP),1998,1.56906693817168,,1
IRN,"Iran, Islamic Rep.",NY.GDP.NGAS.RT.ZS,Natural gas rents (% of GDP),1997,1.53703282056056,,1
IRN,"Iran, Islamic Rep.",NY.GDP.NGAS.RT.ZS,Natural gas rents (% of GDP),1996,1.16892188051012,,1
IRN,"Iran, Islamic Rep.",NY.GDP.NGAS.RT.ZS,Natural gas rents (% of GDP),1995,1.17406917330279,,1
IRN,"Iran, Islamic Rep.",NY.GDP.NGAS.RT.ZS,Natural gas rents (% of GDP),1994,1.31815705988469,,1
IRN,"Iran, Islamic Rep.",NY.GDP.NGAS.RT.ZS,Natural gas rents (% of GDP),1993,1.20206625307342,,1
IRN,"Iran, Islamic Rep.",NY.GDP.NGAS.RT.ZS,Natural gas rents (% of GDP),1990,0.547879742496481,,1
IRN,"Iran, Islamic Rep.",NY.GDP.NGAS.RT.ZS,Natural gas rents (% of GDP),1989,0.488652569892774,,1
IRN,"Iran, Islamic Rep.",NY.GDP.NGAS.RT.ZS,Natural gas rents (% of GDP),1988,0.440674775374641,,1
IRN,"Iran, Islamic Rep.",NY.GDP.NGAS.RT.ZS,Natural gas rents (% of GDP),1987,0.317270813576148,,1
IRN,"Iran, Islamic Rep.",NY.GDP.NGAS.RT.ZS,Natural gas rents (% of GDP),1986,0.219388372194074,,1
IRN,"Iran, Islamic Rep.",NY.GDP.NGAS.RT.ZS,Natural gas rents (% of GDP),1985,0.266466712686652,,1
IRN,"Iran, Islamic Rep.",NY.GDP.NGAS.RT.ZS,Natural gas rents (% of GDP),1984,0.243522659378682,,1
IRN,"Iran, Islamic Rep.",NY.GDP.NGAS.RT.ZS,Natural gas rents (% of GDP),1983,0.184307601304682,,1
IRN,"Iran, Islamic Rep.",NY.GDP.NGAS.RT.ZS,Natural gas rents (% of GDP),1982,0.0608692800830312,,1
IRN,"Iran, Islamic Rep.",NY.GDP.NGAS.RT.ZS,Natural gas rents (% of GDP),1981,0.166530200351988,,1
IRN,"Iran, Islamic Rep.",NY.GDP.NGAS.RT.ZS,Natural gas rents (% of GDP),1980,0.245804219222402,,1
IRN,"Iran, Islamic Rep.",NY.GDP.NGAS.RT.ZS,Natural gas rents (% of GDP),1979,0.492009633243413,,1
IRN,"Iran, Islamic Rep.",NY.GDP.NGAS.RT.ZS,Natural gas rents (% of GDP),1978,0.496080537716456,,1
IRN,"Iran, Islamic Rep.",NY.GDP.NGAS.RT.ZS,Natural gas rents (% of GDP),1977,0.480033789990037,,1
IRN,"Iran, Islamic Rep.",NY.GDP.NGAS.RT.ZS,Natural gas rents (% of GDP),1976,0.464939481792818,,1
IRN,"Iran, Islamic Rep.",NY.GDP.NGAS.RT.ZS,Natural gas rents (% of GDP),1975,0.585498844401855,,1
IRN,"Iran, Islamic Rep.",NY.GDP.NGAS.RT.ZS,Natural gas rents (% of GDP),1974,0.219838236393895,,1
IRN,"Iran, Islamic Rep.",NY.GDP.NGAS.RT.ZS,Natural gas rents (% of GDP),1973,0.451799824779658,,1
IRN,"Iran, Islamic Rep.",NY.GDP.NGAS.RT.ZS,Natural gas rents (% of GDP),1972,0.495709239772993,,1
IRN,"Iran, Islamic Rep.",NY.GDP.NGAS.RT.ZS,Natural gas rents (% of GDP),1971,0.639270070093413,,1
IRN,"Iran, Islamic Rep.",NY.GDP.NGAS.RT.ZS,Natural gas rents (% of GDP),1970,0.593952766268505,,1
IRQ,Iraq,NY.GDP.NGAS.RT.ZS,Natural gas rents (% of GDP),2021,0.65552292508507,,1
IRQ,Iraq,NY.GDP.NGAS.RT.ZS,Natural gas rents (% of GDP),2020,0.378195592280203,,1
IRQ,Iraq,NY.GDP.NGAS.RT.ZS,Natural gas rents (% of GDP),2019,0.374622752289475,,1
IRQ,Iraq,NY.GDP.NGAS.RT.ZS,Natural gas rents (% of GDP),2018,0.378532047680893,,1
IRQ,Iraq,NY.GDP.NGAS.RT.ZS,Natural gas rents (% of GDP),2017,0.2755088548352,,1
IRQ,Iraq,NY.GDP.NGAS.RT.ZS,Natural gas rents (% of GDP),2016,0.250135507025277,,1
IRQ,Iraq,NY.GDP.NGAS.RT.ZS,Natural gas rents (% of GDP),2015,0.240804420123799,,1
IRQ,Iraq,NY.GDP.NGAS.RT.ZS,Natural gas rents (% of GDP),2014,0.245416179697298,,1
IRQ,Iraq,NY.GDP.NGAS.RT.ZS,Natural gas rents (% of GDP),2013,0.236599620839355,,1
IRQ,Iraq,NY.GDP.NGAS.RT.ZS,Natural gas rents (% of GDP),2012,0.222359214768549,,1
IRQ,Iraq,NY.GDP.NGAS.RT.ZS,Natural gas rents (% of GDP),2011,0.251799618876453,,1
IRQ,Iraq,NY.GDP.NGAS.RT.ZS,Natural gas rents (% of GDP),2010,0.301812816732089,,1
IRQ,Iraq,NY.GDP.NGAS.RT.ZS,Natural gas rents (% of GDP),2009,0.388347267110813,,1
IRQ,Iraq,NY.GDP.NGAS.RT.ZS,Natural gas rents (% of GDP),2008,0.300021661461576,,1
IRQ,Iraq,NY.GDP.NGAS.RT.ZS,Natural gas rents (% of GDP),2007,0.282231021341203,,1
IRQ,Iraq,NY.GDP.NGAS.RT.ZS,Natural gas rents (% of GDP),2006,0.16643949845663,,1
IRQ,Iraq,NY.GDP.NGAS.RT.ZS,Natural gas rents (% of GDP),2005,0.155363126583441,,1
IRQ,Iraq,NY.GDP.NGAS.RT.ZS,Natural gas rents (% of GDP),2004,0.113034701108404,,1
IRQ,Iraq,NY.GDP.NGAS.RT.ZS,Natural gas rents (% of GDP),2003,0.275320664273337,,1
IRQ,Iraq,NY.GDP.NGAS.RT.ZS,Natural gas rents (% of GDP),2002,0.288807298247214,,1
IRQ,Iraq,NY.GDP.NGAS.RT.ZS,Natural gas rents (% of GDP),2001,0.358458660866,,1
IRQ,Iraq,NY.GDP.NGAS.RT.ZS,Natural gas rents (% of GDP),2000,0.27271767012468,,1
IRQ,Iraq,NY.GDP.NGAS.RT.ZS,Natural gas rents (% of GDP),1999,0.283315868177146,,1
IRQ,Iraq,NY.GDP.NGAS.RT.ZS,Natural gas rents (% of GDP),1998,0.495158321201736,,1
IRQ,Iraq,NY.GDP.NGAS.RT.ZS,Natural gas rents (% of GDP),1997,0.547208662489783,,1
IRQ,Iraq,NY.GDP.NGAS.RT.ZS,Natural gas rents (% of GDP),1996,1.08692306964952,,1
IRQ,Iraq,NY.GDP.NGAS.RT.ZS,Natural gas rents (% of GDP),1995,0.788428190008421,,1
IRQ,Iraq,NY.GDP.NGAS.RT.ZS,Natural gas rents (% of GDP),1994,2.36494145515911,,1
IRQ,Iraq,NY.GDP.NGAS.RT.ZS,Natural gas rents (% of GDP),1990,0.0651834988369527,,1
IRQ,Iraq,NY.GDP.NGAS.RT.ZS,Natural gas rents (% of GDP),1989,0.259434082424289,,1
IRQ,Iraq,NY.GDP.NGAS.RT.ZS,Natural gas rents (% of GDP),1988,0.241395295598101,,1
IRQ,Iraq,NY.GDP.NGAS.RT.ZS,Natural gas rents (% of GDP),1987,0.174961230988976,,1
IRQ,Iraq,NY.GDP.NGAS.RT.ZS,Natural gas rents (% of GDP),1986,0.0989249460865372,,1
IRQ,Iraq,NY.GDP.NGAS.RT.ZS,Natural gas rents (% of GDP),1985,0.0482361329268779,,1
IRQ,Iraq,NY.GDP.NGAS.RT.ZS,Natural gas rents (% of GDP),1984,0.0353745156821463,,1
IRQ,Iraq,NY.GDP.NGAS.RT.ZS,Natural gas rents (% of GDP),1983,0.0411019067420095,,1
IRQ,Iraq,NY.GDP.NGAS.RT.ZS,Natural gas rents (% of GDP),1982,0.0173651452096035,,1
IRQ,Iraq,NY.GDP.NGAS.RT.ZS,Natural gas rents (% of GDP),1981,0.0484628181406476,,1
IRQ,Iraq,NY.GDP.NGAS.RT.ZS,Natural gas rents (% of GDP),1980,0.0794612523644647,,1
IRQ,Iraq,NY.GDP.NGAS.RT.ZS,Natural gas rents (% of GDP),1978,0.160730816409457,,1
IRQ,Iraq,NY.GDP.NGAS.RT.ZS,Natural gas rents (% of GDP),1977,0.15666995427776,,1
IRQ,Iraq,NY.GDP.NGAS.RT.ZS,Natural gas rents (% of GDP),1976,0.188588175524992,,1
IRQ,Iraq,NY.GDP.NGAS.RT.ZS,Natural gas rents (% of GDP),1975,0.192402880379284,,1
IRQ,Iraq,NY.GDP.NGAS.RT.ZS,Natural gas rents (% of GDP),1974,0.0842665516495748,,1
IRQ,Iraq,NY.GDP.NGAS.RT.ZS,Natural gas rents (% of GDP),1973,0.179956895303151,,1
IRQ,Iraq,NY.GDP.NGAS.RT.ZS,Natural gas rents (% of GDP),1972,0.172658306086737,,1
IRQ,Iraq,NY.GDP.NGAS.RT.ZS,Natural gas rents (% of GDP),1971,0.152995955718538,,1
IRQ,Iraq,NY.GDP.NGAS.RT.ZS,Natural gas rents (% of GDP),1970,0.140467113995769,,1
IRL,Ireland,NY.GDP.NGAS.RT.ZS,Natural gas rents (% of GDP),2021,0.0510779344974277,,1
IRL,Ireland,NY.GDP.NGAS.RT.ZS,Natural gas rents (% of GDP),2020,0.0140574923991153,,1
IRL,Ireland,NY.GDP.NGAS.RT.ZS,Natural gas rents (% of GDP),2019,0.0392733650290757,,1
IRL,Ireland,NY.GDP.NGAS.RT.ZS,Natural gas rents (% of GDP),2018,0.075032558976219,,1
IRL,Ireland,NY.GDP.NGAS.RT.ZS,Natural gas rents (% of GDP),2017,0.0556548017143667,,1
IRL,Ireland,NY.GDP.NGAS.RT.ZS,Natural gas rents (% of GDP),2016,0.0393859966960348,,1
IRL,Ireland,NY.GDP.NGAS.RT.ZS,Natural gas rents (% of GDP),2015,0.00307385221390157,,1
IRL,Ireland,NY.GDP.NGAS.RT.ZS,Natural gas rents (% of GDP),2014,0.00548798967243366,,1
IRL,Ireland,NY.GDP.NGAS.RT.ZS,Natural gas rents (% of GDP),2013,0.0104244823517415,,1
IRL,Ireland,NY.GDP.NGAS.RT.ZS,Natural gas rents (% of GDP),2012,0.0122032013631626,,1
IRL,Ireland,NY.GDP.NGAS.RT.ZS,Natural gas rents (% of GDP),2011,0.0120338455814485,,1
IRL,Ireland,NY.GDP.NGAS.RT.ZS,Natural gas rents (% of GDP),2010,0.0100749846678646,,1
IRL,Ireland,NY.GDP.NGAS.RT.ZS,Natural gas rents (% of GDP),2009,0.0113752250890897,,1
IRL,Ireland,NY.GDP.NGAS.RT.ZS,Natural gas rents (% of GDP),2008,0.0201072486080353,,1
IRL,Ireland,NY.GDP.NGAS.RT.ZS,Natural gas rents (% of GDP),2007,0.00988304055043219,,1
IRL,Ireland,NY.GDP.NGAS.RT.ZS,Natural gas rents (% of GDP),2006,0.014972766197026,,1
IRL,Ireland,NY.GDP.NGAS.RT.ZS,Natural gas rents (% of GDP),2005,0.00826253481639906,,1
IRL,Ireland,NY.GDP.NGAS.RT.ZS,Natural gas rents (% of GDP),2004,0.0149647349404642,,1
IRL,Ireland,NY.GDP.NGAS.RT.ZS,Natural gas rents (% of GDP),2003,0.0157877797428726,,1
IRL,Ireland,NY.GDP.NGAS.RT.ZS,Natural gas rents (% of GDP),2002,0.0231005716218551,,1
IRL,Ireland,NY.GDP.NGAS.RT.ZS,Natural gas rents (% of GDP),2001,0.0349499355452399,,1
IRL,Ireland,NY.GDP.NGAS.RT.ZS,Natural gas rents (% of GDP),2000,0.0259955943827088,,1
IRL,Ireland,NY.GDP.NGAS.RT.ZS,Natural gas rents (% of GDP),1999,0.00446014577197632,,1
IRL,Ireland,NY.GDP.NGAS.RT.ZS,Natural gas rents (% of GDP),1998,0.00638659339368771,,1
IRL,Ireland,NY.GDP.NGAS.RT.ZS,Natural gas rents (% of GDP),1997,0.0721733385265073,,1
IRL,Ireland,NY.GDP.NGAS.RT.ZS,Natural gas rents (% of GDP),1996,0.0829130553548741,,1
IRL,Ireland,NY.GDP.NGAS.RT.ZS,Natural gas rents (% of GDP),1995,0.0980042733029527,,1
IRL,Ireland,NY.GDP.NGAS.RT.ZS,Natural gas rents (% of GDP),1994,0.0624864792751415,,1
IRL,Ireland,NY.GDP.NGAS.RT.ZS,Natural gas rents (% of GDP),1993,0.0689214043025995,,1
IRL,Ireland,NY.GDP.NGAS.RT.ZS,Natural gas rents (% of GDP),1992,0.0254447308383767,,1
IRL,Ireland,NY.GDP.NGAS.RT.ZS,Natural gas rents (% of GDP),1991,0.0543885357449183,,1
IRL,Ireland,NY.GDP.NGAS.RT.ZS,Natural gas rents (% of GDP),1990,0.0755327182727983,,1
IRL,Ireland,NY.GDP.NGAS.RT.ZS,Natural gas rents (% of GDP),1989,0.0592952603947291,,1
IRL,Ireland,NY.GDP.NGAS.RT.ZS,Natural gas rents (% of GDP),1988,0.050987078852207,,1
IRL,Ireland,NY.GDP.NGAS.RT.ZS,Natural gas rents (% of GDP),1987,0.0534146322003406,,1
IRL,Ireland,NY.GDP.NGAS.RT.ZS,Natural gas rents (% of GDP),1986,0.120689089289117,,1
IRL,Ireland,NY.GDP.NGAS.RT.ZS,Natural gas rents (% of GDP),1985,0.236199255047858,,1
IRL,Ireland,NY.GDP.NGAS.RT.ZS,Natural gas rents (% of GDP),1984,0.258102179192962,,1
IRL,Ireland,NY.GDP.NGAS.RT.ZS,Natural gas rents (% of GDP),1983,0.236264398514679,,1
IRL,Ireland,NY.GDP.NGAS.RT.ZS,Natural gas rents (% of GDP),1982,0.122424733506468,,1
IRL,Ireland,NY.GDP.NGAS.RT.ZS,Natural gas rents (% of GDP),1981,0.186256182098404,,1
IRL,Ireland,NY.GDP.NGAS.RT.ZS,Natural gas rents (% of GDP),1980,0.177458361719344,,1
IRL,Ireland,NY.GDP.NGAS.RT.ZS,Natural gas rents (% of GDP),1979,0.0966471756756314,,1
IRL,Ireland,NY.GDP.NGAS.RT.ZS,Natural gas rents (% of GDP),1978,0.0207593922002571,,1
IRL,Ireland,NY.GDP.NGAS.RT.ZS,Natural gas rents (% of GDP),1977,0,,1
IRL,Ireland,NY.GDP.NGAS.RT.ZS,Natural gas rents (% of GDP),1976,0,,1
IRL,Ireland,NY.GDP.NGAS.RT.ZS,Natural gas rents (% of GDP),1975,0,,1
IRL,Ireland,NY.GDP.NGAS.RT.ZS,Natural gas rents (% of GDP),1974,0,,1
IRL,Ireland,NY.GDP.NGAS.RT.ZS,Natural gas rents (% of GDP),1973,0,,1
IRL,Ireland,NY.GDP.NGAS.RT.ZS,Natural gas rents (% of GDP),1972,0,,1
IRL,Ireland,NY.GDP.NGAS.RT.ZS,Natural gas rents (% of GDP),1971,0,,1
IRL,Ireland,NY.GDP.NGAS.RT.ZS,Natural gas rents (% of GDP),1970,0,,1
ISR,Israel,NY.GDP.NGAS.RT.ZS,Natural gas rents (% of GDP),2021,0.429728212550477,,1
ISR,Israel,NY.GDP.NGAS.RT.ZS,Natural gas rents (% of GDP),2020,0.264595241567274,,1
ISR,Israel,NY.GDP.NGAS.RT.ZS,Natural gas rents (% of GDP),2019,0.181189344161981,,1
ISR,Israel,NY.GDP.NGAS.RT.ZS,Natural gas rents (% of GDP),2018,0.199534286961076,,1
ISR,Israel,NY.GDP.NGAS.RT.ZS,Natural gas rents (% of GDP),2017,0.127388100686779,,1
ISR,Israel,NY.GDP.NGAS.RT.ZS,Natural gas rents (% of GDP),2016,0.110801914968535,,1
ISR,Israel,NY.GDP.NGAS.RT.ZS,Natural gas rents (% of GDP),2015,0.140168999644038,,1
ISR,Israel,NY.GDP.NGAS.RT.ZS,Natural gas rents (% of GDP),2014,0.166664593681174,,1
ISR,Israel,NY.GDP.NGAS.RT.ZS,Natural gas rents (% of GDP),2013,0.157385100412775,,1
ISR,Israel,NY.GDP.NGAS.RT.ZS,Natural gas rents (% of GDP),2012,0.0787009145372555,,1
ISR,Israel,NY.GDP.NGAS.RT.ZS,Natural gas rents (% of GDP),2011,0.128582797004934,,1
ISR,Israel,NY.GDP.NGAS.RT.ZS,Natural gas rents (% of GDP),2010,0.0857921824744703,,1
ISR,Israel,NY.GDP.NGAS.RT.ZS,Natural gas rents (% of GDP),2009,0.084927621419111,,1
ISR,Israel,NY.GDP.NGAS.RT.ZS,Natural gas rents (% of GDP),2008,0.102676351582405,,1
ISR,Israel,NY.GDP.NGAS.RT.ZS,Natural gas rents (% of GDP),2007,0.0931813605943948,,1
ISR,Israel,NY.GDP.NGAS.RT.ZS,Natural gas rents (% of GDP),2006,0.0871372208920479,,1
ISR,Israel,NY.GDP.NGAS.RT.ZS,Natural gas rents (% of GDP),2005,0.0589531000944453,,1
ISR,Israel,NY.GDP.NGAS.RT.ZS,Natural gas rents (% of GDP),2004,0.0349354284996114,,1
ISR,Israel,NY.GDP.NGAS.RT.ZS,Natural gas rents (% of GDP),2003,0.000263213576971853,,1
ISR,Israel,NY.GDP.NGAS.RT.ZS,Natural gas rents (% of GDP),2002,0.000286459252574505,,1
ISR,Israel,NY.GDP.NGAS.RT.ZS,Natural gas rents (% of GDP),2001,0.000338032974265271,,1
ISR,Israel,NY.GDP.NGAS.RT.ZS,Natural gas rents (% of GDP),2000,0.00029815222454106,,1
ISR,Israel,NY.GDP.NGAS.RT.ZS,Natural gas rents (% of GDP),1999,0.000274752063606896,,1
ISR,Israel,NY.GDP.NGAS.RT.ZS,Natural gas rents (% of GDP),1998,0.00032969934905168,,1
ISR,Israel,NY.GDP.NGAS.RT.ZS,Natural gas rents (% of GDP),1997,0.000503239956668579,,1
ISR,Israel,NY.GDP.NGAS.RT.ZS,Natural gas rents (% of GDP),1996,0.000464014467084341,,1
ISR,Israel,NY.GDP.NGAS.RT.ZS,Natural gas rents (% of GDP),1995,0.000732653253343525,,1
ITA,Italy,NY.GDP.NGAS.RT.ZS,Natural gas rents (% of GDP),2021,0.0250363768484909,,1
ITA,Italy,NY.GDP.NGAS.RT.ZS,Natural gas rents (% of GDP),2020,0.00622413506819306,,1
ITA,Italy,NY.GDP.NGAS.RT.ZS,Natural gas rents (% of GDP),2019,0.0141520951150301,,1
ITA,Italy,NY.GDP.NGAS.RT.ZS,Natural gas rents (% of GDP),2018,0.0222242166809606,,1
ITA,Italy,NY.GDP.NGAS.RT.ZS,Natural gas rents (% of GDP),2017,0.0150296363210049,,1
ITA,Italy,NY.GDP.NGAS.RT.ZS,Natural gas rents (% of GDP),2016,0.0118200048088784,,1
ITA,Italy,NY.GDP.NGAS.RT.ZS,Natural gas rents (% of GDP),2015,0.0237498688184848,,1
ITA,Italy,NY.GDP.NGAS.RT.ZS,Natural gas rents (% of GDP),2014,0.0288024323353822,,1
ITA,Italy,NY.GDP.NGAS.RT.ZS,Natural gas rents (% of GDP),2013,0.0440399256821377,,1
ITA,Italy,NY.GDP.NGAS.RT.ZS,Natural gas rents (% of GDP),2012,0.0512327603307674,,1
ITA,Italy,NY.GDP.NGAS.RT.ZS,Natural gas rents (% of GDP),2011,0.04369127308513,,1
ITA,Italy,NY.GDP.NGAS.RT.ZS,Natural gas rents (% of GDP),2010,0.0304157429260632,,1
ITA,Italy,NY.GDP.NGAS.RT.ZS,Natural gas rents (% of GDP),2009,0.0313263165175021,,1
ITA,Italy,NY.GDP.NGAS.RT.ZS,Natural gas rents (% of GDP),2008,0.0468292126121431,,1
ITA,Italy,NY.GDP.NGAS.RT.ZS,Natural gas rents (% of GDP),2007,0.0294703780119245,,1
ITA,Italy,NY.GDP.NGAS.RT.ZS,Natural gas rents (% of GDP),2006,0.0366454074969274,,1
ITA,Italy,NY.GDP.NGAS.RT.ZS,Natural gas rents (% of GDP),2005,0.0189293064983278,,1
ITA,Italy,NY.GDP.NGAS.RT.ZS,Natural gas rents (% of GDP),2004,0.0245576717192482,,1
ITA,Italy,NY.GDP.NGAS.RT.ZS,Natural gas rents (% of GDP),2003,0.0340885965309502,,1
ITA,Italy,NY.GDP.NGAS.RT.ZS,Natural gas rents (% of GDP),2002,0.0406753020713446,,1
ITA,Italy,NY.GDP.NGAS.RT.ZS,Natural gas rents (% of GDP),2001,0.0613333422247091,,1
ITA,Italy,NY.GDP.NGAS.RT.ZS,Natural gas rents (% of GDP),2000,0.0319380983477865,,1
ITA,Italy,NY.GDP.NGAS.RT.ZS,Natural gas rents (% of GDP),1999,0.00451822321643958,,1
ITA,Italy,NY.GDP.NGAS.RT.ZS,Natural gas rents (% of GDP),1998,0.00496412889014047,,1
ITA,Italy,NY.GDP.NGAS.RT.ZS,Natural gas rents (% of GDP),1997,0.0394231885944635,,1
ITA,Italy,NY.GDP.NGAS.RT.ZS,Natural gas rents (% of GDP),1996,0.0358435332527692,,1
ITA,Italy,NY.GDP.NGAS.RT.ZS,Natural gas rents (% of GDP),1995,0.0423469185783285,,1
ITA,Italy,NY.GDP.NGAS.RT.ZS,Natural gas rents (% of GDP),1994,0.0247347384179311,,1
ITA,Italy,NY.GDP.NGAS.RT.ZS,Natural gas rents (% of GDP),1993,0.0249241501126475,,1
ITA,Italy,NY.GDP.NGAS.RT.ZS,Natural gas rents (% of GDP),1992,0.00834599118246881,,1
ITA,Italy,NY.GDP.NGAS.RT.ZS,Natural gas rents (% of GDP),1991,0.0159429301152163,,1
ITA,Italy,NY.GDP.NGAS.RT.ZS,Natural gas rents (% of GDP),1990,0.0235916325757824,,1
ITA,Italy,NY.GDP.NGAS.RT.ZS,Natural gas rents (% of GDP),1989,0.0187086157848379,,1
ITA,Italy,NY.GDP.NGAS.RT.ZS,Natural gas rents (% of GDP),1988,0.0178771537618967,,1
ITA,Italy,NY.GDP.NGAS.RT.ZS,Natural gas rents (% of GDP),1987,0.0220024513265612,,1
ITA,Italy,NY.GDP.NGAS.RT.ZS,Natural gas rents (% of GDP),1986,0.0516173706735184,,1
ITA,Italy,NY.GDP.NGAS.RT.ZS,Natural gas rents (% of GDP),1985,0.0644669470204754,,1
ITA,Italy,NY.GDP.NGAS.RT.ZS,Natural gas rents (% of GDP),1984,0.0708471616776757,,1
ITA,Italy,NY.GDP.NGAS.RT.ZS,Natural gas rents (% of GDP),1983,0.0661909679456151,,1
ITA,Italy,NY.GDP.NGAS.RT.ZS,Natural gas rents (% of GDP),1982,0.0439309132857637,,1
ITA,Italy,NY.GDP.NGAS.RT.ZS,Natural gas rents (% of GDP),1981,0.0904590425225796,,1
ITA,Italy,NY.GDP.NGAS.RT.ZS,Natural gas rents (% of GDP),1980,0.111391023541726,,1
ITA,Italy,NY.GDP.NGAS.RT.ZS,Natural gas rents (% of GDP),1979,0.107256591889935,,1
ITA,Italy,NY.GDP.NGAS.RT.ZS,Natural gas rents (% of GDP),1978,0.0818900196861245,,1
ITA,Italy,NY.GDP.NGAS.RT.ZS,Natural gas rents (% of GDP),1977,0.0921376982072173,,1
ITA,Italy,NY.GDP.NGAS.RT.ZS,Natural gas rents (% of GDP),1976,0.118709502291246,,1
ITA,Italy,NY.GDP.NGAS.RT.ZS,Natural gas rents (% of GDP),1975,0.104242613120003,,1
ITA,Italy,NY.GDP.NGAS.RT.ZS,Natural gas rents (% of GDP),1974,0.0852484948490926,,1
ITA,Italy,NY.GDP.NGAS.RT.ZS,Natural gas rents (% of GDP),1973,0.0307561607006634,,1
ITA,Italy,NY.GDP.NGAS.RT.ZS,Natural gas rents (% of GDP),1972,0.0417981171616128,,1
ITA,Italy,NY.GDP.NGAS.RT.ZS,Natural gas rents (% of GDP),1971,0.0331587064110995,,1
ITA,Italy,NY.GDP.NGAS.RT.ZS,Natural gas rents (% of GDP),1970,0.0284698321720816,,1
JAM,Jamaica,NY.GDP.NGAS.RT.ZS,Natural gas rents (% of GDP),2021,0,,1
JAM,Jamaica,NY.GDP.NGAS.RT.ZS,Natural gas rents (% of GDP),2020,0,,1
JAM,Jamaica,NY.GDP.NGAS.RT.ZS,Natural gas rents (% of GDP),2019,0,,1
JAM,Jamaica,NY.GDP.NGAS.RT.ZS,Natural gas rents (% of GDP),2018,0,,1
JAM,Jamaica,NY.GDP.NGAS.RT.ZS,Natural gas rents (% of GDP),2017,0,,1
JAM,Jamaica,NY.GDP.NGAS.RT.ZS,Natural gas rents (% of GDP),2016,0,,1
JAM,Jamaica,NY.GDP.NGAS.RT.ZS,Natural gas rents (% of GDP),2015,0,,1
JAM,Jamaica,NY.GDP.NGAS.RT.ZS,Natural gas rents (% of GDP),2014,0,,1
JAM,Jamaica,NY.GDP.NGAS.RT.ZS,Natural gas rents (% of GDP),2013,0,,1
JAM,Jamaica,NY.GDP.NGAS.RT.ZS,Natural gas rents (% of GDP),2012,0,,1
JAM,Jamaica,NY.GDP.NGAS.RT.ZS,Natural gas rents (% of GDP),2011,0,,1
JAM,Jamaica,NY.GDP.NGAS.RT.ZS,Natural gas rents (% of GDP),2010,0,,1
JAM,Jamaica,NY.GDP.NGAS.RT.ZS,Natural gas rents (% of GDP),2009,0,,1
JAM,Jamaica,NY.GDP.NGAS.RT.ZS,Natural gas rents (% of GDP),2008,0,,1
JAM,Jamaica,NY.GDP.NGAS.RT.ZS,Natural gas rents (% of GDP),2007,0,,1
JAM,Jamaica,NY.GDP.NGAS.RT.ZS,Natural gas rents (% of GDP),2006,0,,1
JAM,Jamaica,NY.GDP.NGAS.RT.ZS,Natural gas rents (% of GDP),2005,0,,1
JAM,Jamaica,NY.GDP.NGAS.RT.ZS,Natural gas rents (% of GDP),2004,0,,1
JAM,Jamaica,NY.GDP.NGAS.RT.ZS,Natural gas rents (% of GDP),2003,0,,1
JAM,Jamaica,NY.GDP.NGAS.RT.ZS,Natural gas rents (% of GDP),2002,0,,1
JAM,Jamaica,NY.GDP.NGAS.RT.ZS,Natural gas rents (% of GDP),2001,0,,1
JAM,Jamaica,NY.GDP.NGAS.RT.ZS,Natural gas rents (% of GDP),2000,0,,1
JAM,Jamaica,NY.GDP.NGAS.RT.ZS,Natural gas rents (% of GDP),1999,0,,1
JAM,Jamaica,NY.GDP.NGAS.RT.ZS,Natural gas rents (% of GDP),1998,0,,1
JAM,Jamaica,NY.GDP.NGAS.RT.ZS,Natural gas rents (% of GDP),1997,0,,1
JAM,Jamaica,NY.GDP.NGAS.RT.ZS,Natural gas rents (% of GDP),1996,0,,1
JAM,Jamaica,NY.GDP.NGAS.RT.ZS,Natural gas rents (% of GDP),1995,0,,1
JAM,Jamaica,NY.GDP.NGAS.RT.ZS,Natural gas rents (% of GDP),1994,0,,1
JAM,Jamaica,NY.GDP.NGAS.RT.ZS,Natural gas rents (% of GDP),1993,0,,1
JAM,Jamaica,NY.GDP.NGAS.RT.ZS,Natural gas rents (% of GDP),1992,0,,1
JAM,Jamaica,NY.GDP.NGAS.RT.ZS,Natural gas rents (% of GDP),1991,0,,1
JAM,Jamaica,NY.GDP.NGAS.RT.ZS,Natural gas rents (% of GDP),1990,0,,1
JAM,Jamaica,NY.GDP.NGAS.RT.ZS,Natural gas rents (% of GDP),1989,0,,1
JAM,Jamaica,NY.GDP.NGAS.RT.ZS,Natural gas rents (% of GDP),1988,0,,1
JAM,Jamaica,NY.GDP.NGAS.RT.ZS,Natural gas rents (% of GDP),1987,0,,1
JAM,Jamaica,NY.GDP.NGAS.RT.ZS,Natural gas rents (% of GDP),1986,0,,1
JAM,Jamaica,NY.GDP.NGAS.RT.ZS,Natural gas rents (% of GDP),1985,0,,1
JAM,Jamaica,NY.GDP.NGAS.RT.ZS,Natural gas rents (% of GDP),1984,0,,1
JAM,Jamaica,NY.GDP.NGAS.RT.ZS,Natural gas rents (% of GDP),1983,0,,1
JAM,Jamaica,NY.GDP.NGAS.RT.ZS,Natural gas rents (% of GDP),1982,0,,1
JAM,Jamaica,NY.GDP.NGAS.RT.ZS,Natural gas rents (% of GDP),1981,0,,1
JAM,Jamaica,NY.GDP.NGAS.RT.ZS,Natural gas rents (% of GDP),1980,0,,1
JAM,Jamaica,NY.GDP.NGAS.RT.ZS,Natural gas rents (% of GDP),1979,0,,1
JAM,Jamaica,NY.GDP.NGAS.RT.ZS,Natural gas rents (% of GDP),1978,0,,1
JAM,Jamaica,NY.GDP.NGAS.RT.ZS,Natural gas rents (% of GDP),1977,0,,1
JAM,Jamaica,NY.GDP.NGAS.RT.ZS,Natural gas rents (% of GDP),1976,0,,1
JAM,Jamaica,NY.GDP.NGAS.RT.ZS,Natural gas rents (% of GDP),1975,0,,1
JAM,Jamaica,NY.GDP.NGAS.RT.ZS,Natural gas rents (% of GDP),1974,0,,1
JAM,Jamaica,NY.GDP.NGAS.RT.ZS,Natural gas rents (% of GDP),1973,0,,1
JAM,Jamaica,NY.GDP.NGAS.RT.ZS,Natural gas rents (% of GDP),1972,0,,1
JAM,Jamaica,NY.GDP.NGAS.RT.ZS,Natural gas rents (% of GDP),1971,0,,1
JPN,Japan,NY.GDP.NGAS.RT.ZS,Natural gas rents (% of GDP),2021,0.00880700355707987,,1
JPN,Japan,NY.GDP.NGAS.RT.ZS,Natural gas rents (% of GDP),2020,0.00484052103940813,,1
JPN,Japan,NY.GDP.NGAS.RT.ZS,Natural gas rents (% of GDP),2019,0.00645252953430339,,1
JPN,Japan,NY.GDP.NGAS.RT.ZS,Natural gas rents (% of GDP),2018,0.00711272313263549,,1
JPN,Japan,NY.GDP.NGAS.RT.ZS,Natural gas rents (% of GDP),2017,0.00554715562444122,,1
JPN,Japan,NY.GDP.NGAS.RT.ZS,Natural gas rents (% of GDP),2016,0.00501932854790931,,1
JPN,Japan,NY.GDP.NGAS.RT.ZS,Natural gas rents (% of GDP),2015,0.00750712083911439,,1
JPN,Japan,NY.GDP.NGAS.RT.ZS,Natural gas rents (% of GDP),2014,0.00629210489956957,,1
JPN,Japan,NY.GDP.NGAS.RT.ZS,Natural gas rents (% of GDP),2013,0.00477629875702611,,1
JPN,Japan,NY.GDP.NGAS.RT.ZS,Natural gas rents (% of GDP),2012,0.00481474366689706,,1
JPN,Japan,NY.GDP.NGAS.RT.ZS,Natural gas rents (% of GDP),2011,0.00529772776545463,,1
JPN,Japan,NY.GDP.NGAS.RT.ZS,Natural gas rents (% of GDP),2010,0.00516616597454298,,1
JPN,Japan,NY.GDP.NGAS.RT.ZS,Natural gas rents (% of GDP),2009,0.00547499338509241,,1
JPN,Japan,NY.GDP.NGAS.RT.ZS,Natural gas rents (% of GDP),2008,0.00611778431800943,,1
JPN,Japan,NY.GDP.NGAS.RT.ZS,Natural gas rents (% of GDP),2007,0.0062030779159016,,1
JPN,Japan,NY.GDP.NGAS.RT.ZS,Natural gas rents (% of GDP),2006,0.00574036497154262,,1
JPN,Japan,NY.GDP.NGAS.RT.ZS,Natural gas rents (% of GDP),2005,0.00558074730272261,,1
JPN,Japan,NY.GDP.NGAS.RT.ZS,Natural gas rents (% of GDP),2004,0.00509652850459121,,1
JPN,Japan,NY.GDP.NGAS.RT.ZS,Natural gas rents (% of GDP),2003,0.0046100667539936,,1
JPN,Japan,NY.GDP.NGAS.RT.ZS,Natural gas rents (% of GDP),2002,0.00383013510323391,,1
JPN,Japan,NY.GDP.NGAS.RT.ZS,Natural gas rents (% of GDP),2001,0.00380596647727958,,1
JPN,Japan,NY.GDP.NGAS.RT.ZS,Natural gas rents (% of GDP),2000,0.00369930150871287,,1
JPN,Japan,NY.GDP.NGAS.RT.ZS,Natural gas rents (% of GDP),1999,0.00236082315459327,,1
JPN,Japan,NY.GDP.NGAS.RT.ZS,Natural gas rents (% of GDP),1998,0.00241313674506246,,1
JPN,Japan,NY.GDP.NGAS.RT.ZS,Natural gas rents (% of GDP),1997,0.00306615169719149,,1
JPN,Japan,NY.GDP.NGAS.RT.ZS,Natural gas rents (% of GDP),1996,0.00258804150575508,,1
JPN,Japan,NY.GDP.NGAS.RT.ZS,Natural gas rents (% of GDP),1995,0.00198078776497317,,1
JPN,Japan,NY.GDP.NGAS.RT.ZS,Natural gas rents (% of GDP),1994,0.00215477315571022,,1
JPN,Japan,NY.GDP.NGAS.RT.ZS,Natural gas rents (% of GDP),1993,0.00210784821541515,,1
JPN,Japan,NY.GDP.NGAS.RT.ZS,Natural gas rents (% of GDP),1992,0.00196853054626595,,1
JPN,Japan,NY.GDP.NGAS.RT.ZS,Natural gas rents (% of GDP),1991,0.0020085707084924,,1
JPN,Japan,NY.GDP.NGAS.RT.ZS,Natural gas rents (% of GDP),1990,0.00261202696224037,,1
JPN,Japan,NY.GDP.NGAS.RT.ZS,Natural gas rents (% of GDP),1989,0.00184351264425094,,1
JPN,Japan,NY.GDP.NGAS.RT.ZS,Natural gas rents (% of GDP),1988,0.00171626692256598,,1
JPN,Japan,NY.GDP.NGAS.RT.ZS,Natural gas rents (% of GDP),1987,0.00256995076630249,,1
JPN,Japan,NY.GDP.NGAS.RT.ZS,Natural gas rents (% of GDP),1986,0.00346790295529805,,1
JPN,Japan,NY.GDP.NGAS.RT.ZS,Natural gas rents (% of GDP),1985,0.00351498835713871,,1
JPN,Japan,NY.GDP.NGAS.RT.ZS,Natural gas rents (% of GDP),1984,0.00279808859312526,,1
JPN,Japan,NY.GDP.NGAS.RT.ZS,Natural gas rents (% of GDP),1983,0.00225268448397544,,1
JPN,Japan,NY.GDP.NGAS.RT.ZS,Natural gas rents (% of GDP),1982,0.00120108671674754,,1
JPN,Japan,NY.GDP.NGAS.RT.ZS,Natural gas rents (% of GDP),1981,0.00340225684177568,,1
JPN,Japan,NY.GDP.NGAS.RT.ZS,Natural gas rents (% of GDP),1980,0.00933647937827438,,1
JPN,Japan,NY.GDP.NGAS.RT.ZS,Natural gas rents (% of GDP),1979,0.0110453000525285,,1
JPN,Japan,NY.GDP.NGAS.RT.ZS,Natural gas rents (% of GDP),1978,0.00892964154661278,,1
JPN,Japan,NY.GDP.NGAS.RT.ZS,Natural gas rents (% of GDP),1977,0.011669753356186,,1
JPN,Japan,NY.GDP.NGAS.RT.ZS,Natural gas rents (% of GDP),1976,0.0136175128323395,,1
JPN,Japan,NY.GDP.NGAS.RT.ZS,Natural gas rents (% of GDP),1975,0.0142011040013604,,1
JPN,Japan,NY.GDP.NGAS.RT.ZS,Natural gas rents (% of GDP),1974,0.00923802705645735,,1
JPN,Japan,NY.GDP.NGAS.RT.ZS,Natural gas rents (% of GDP),1973,0.00213929147733243,,1
JPN,Japan,NY.GDP.NGAS.RT.ZS,Natural gas rents (% of GDP),1972,0.00177110892334163,,1
JPN,Japan,NY.GDP.NGAS.RT.ZS,Natural gas rents (% of GDP),1971,0.00154618255193938,,1
JPN,Japan,NY.GDP.NGAS.RT.ZS,Natural gas rents (% of GDP),1970,0,,1
JOR,Jordan,NY.GDP.NGAS.RT.ZS,Natural gas rents (% of GDP),2021,0.0430035744363791,,1
JOR,Jordan,NY.GDP.NGAS.RT.ZS,Natural gas rents (% of GDP),2020,0.0290878371057246,,1
JOR,Jordan,NY.GDP.NGAS.RT.ZS,Natural gas rents (% of GDP),2019,0.0185237744871921,,1
JOR,Jordan,NY.GDP.NGAS.RT.ZS,Natural gas rents (% of GDP),2018,0.0187199775746881,,1
JOR,Jordan,NY.GDP.NGAS.RT.ZS,Natural gas rents (% of GDP),2017,0.0129980377272639,,1
JOR,Jordan,NY.GDP.NGAS.RT.ZS,Natural gas rents (% of GDP),2016,0.0116876948660108,,1
JOR,Jordan,NY.GDP.NGAS.RT.ZS,Natural gas rents (% of GDP),2015,0.0187836188652648,,1
JOR,Jordan,NY.GDP.NGAS.RT.ZS,Natural gas rents (% of GDP),2014,0.0256345153298793,,1
JOR,Jordan,NY.GDP.NGAS.RT.ZS,Natural gas rents (% of GDP),2013,0.0331897702669935,,1
JOR,Jordan,NY.GDP.NGAS.RT.ZS,Natural gas rents (% of GDP),2012,0.0384050242726986,,1
JOR,Jordan,NY.GDP.NGAS.RT.ZS,Natural gas rents (% of GDP),2011,0.0442667153964485,,1
JOR,Jordan,NY.GDP.NGAS.RT.ZS,Natural gas rents (% of GDP),2010,0.0384695756931186,,1
JOR,Jordan,NY.GDP.NGAS.RT.ZS,Natural gas rents (% of GDP),2009,0.0547930139717532,,1
JOR,Jordan,NY.GDP.NGAS.RT.ZS,Natural gas rents (% of GDP),2008,0.0544049657924836,,1
JOR,Jordan,NY.GDP.NGAS.RT.ZS,Natural gas rents (% of GDP),2007,0.0743417462084469,,1
JOR,Jordan,NY.GDP.NGAS.RT.ZS,Natural gas rents (% of GDP),2006,0.0914684925633778,,1
JOR,Jordan,NY.GDP.NGAS.RT.ZS,Natural gas rents (% of GDP),2005,0.0937984539525814,,1
JOR,Jordan,NY.GDP.NGAS.RT.ZS,Natural gas rents (% of GDP),2004,0.0976611039613213,,1
JOR,Jordan,NY.GDP.NGAS.RT.ZS,Natural gas rents (% of GDP),2003,0.10016253005555,,1
JOR,Jordan,NY.GDP.NGAS.RT.ZS,Natural gas rents (% of GDP),2002,0.0976042661274351,,1
JOR,Jordan,NY.GDP.NGAS.RT.ZS,Natural gas rents (% of GDP),2001,0.133126604248854,,1
JOR,Jordan,NY.GDP.NGAS.RT.ZS,Natural gas rents (% of GDP),2000,0.130141927520723,,1
JOR,Jordan,NY.GDP.NGAS.RT.ZS,Natural gas rents (% of GDP),1999,0.107510393464204,,1
JOR,Jordan,NY.GDP.NGAS.RT.ZS,Natural gas rents (% of GDP),1998,0.122037702446029,,1
JOR,Jordan,NY.GDP.NGAS.RT.ZS,Natural gas rents (% of GDP),1997,0.14155028414318,,1
JOR,Jordan,NY.GDP.NGAS.RT.ZS,Natural gas rents (% of GDP),1996,0.131619732152259,,1
JOR,Jordan,NY.GDP.NGAS.RT.ZS,Natural gas rents (% of GDP),1995,0.127703678205661,,1
JOR,Jordan,NY.GDP.NGAS.RT.ZS,Natural gas rents (% of GDP),1994,0.123796552766576,,1
JOR,Jordan,NY.GDP.NGAS.RT.ZS,Natural gas rents (% of GDP),1993,0.0784283276003653,,1
JOR,Jordan,NY.GDP.NGAS.RT.ZS,Natural gas rents (% of GDP),1992,0.0672728590429935,,1
JOR,Jordan,NY.GDP.NGAS.RT.ZS,Natural gas rents (% of GDP),1991,0.0789616592699017,,1
JOR,Jordan,NY.GDP.NGAS.RT.ZS,Natural gas rents (% of GDP),1990,0.0890155368705709,,1
JOR,Jordan,NY.GDP.NGAS.RT.ZS,Natural gas rents (% of GDP),1989,0.0396519537008865,,1
JOR,Jordan,NY.GDP.NGAS.RT.ZS,Natural gas rents (% of GDP),1988,0,,1
JOR,Jordan,NY.GDP.NGAS.RT.ZS,Natural gas rents (% of GDP),1987,0,,1
JOR,Jordan,NY.GDP.NGAS.RT.ZS,Natural gas rents (% of GDP),1986,0,,1
JOR,Jordan,NY.GDP.NGAS.RT.ZS,Natural gas rents (% of GDP),1985,0,,1
JOR,Jordan,NY.GDP.NGAS.RT.ZS,Natural gas rents (% of GDP),1984,0,,1
JOR,Jordan,NY.GDP.NGAS.RT.ZS,Natural gas rents (% of GDP),1983,0,,1
JOR,Jordan,NY.GDP.NGAS.RT.ZS,Natural gas rents (% of GDP),1982,0,,1
JOR,Jordan,NY.GDP.NGAS.RT.ZS,Natural gas rents (% of GDP),1981,0,,1
JOR,Jordan,NY.GDP.NGAS.RT.ZS,Natural gas rents (% of GDP),1980,0,,1
JOR,Jordan,NY.GDP.NGAS.RT.ZS,Natural gas rents (% of GDP),1979,0,,1
JOR,Jordan,NY.GDP.NGAS.RT.ZS,Natural gas rents (% of GDP),1978,0,,1
JOR,Jordan,NY.GDP.NGAS.RT.ZS,Natural gas rents (% of GDP),1977,0,,1
JOR,Jordan,NY.GDP.NGAS.RT.ZS,Natural gas rents (% of GDP),1976,0,,1
JOR,Jordan,NY.GDP.NGAS.RT.ZS,Natural gas rents (% of GDP),1975,0,,1
JOR,Jordan,NY.GDP.NGAS.RT.ZS,Natural gas rents (% of GDP),1974,0,,1
JOR,Jordan,NY.GDP.NGAS.RT.ZS,Natural gas rents (% of GDP),1973,0,,1
JOR,Jordan,NY.GDP.NGAS.RT.ZS,Natural gas rents (% of GDP),1972,0,,1
JOR,Jordan,NY.GDP.NGAS.RT.ZS,Natural gas rents (% of GDP),1971,0,,1
KAZ,Kazakhstan,NY.GDP.NGAS.RT.ZS,Natural gas rents (% of GDP),2021,2.04396250834782,,1
KAZ,Kazakhstan,NY.GDP.NGAS.RT.ZS,Natural gas rents (% of GDP),2020,0.43856903709156,,1
KAZ,Kazakhstan,NY.GDP.NGAS.RT.ZS,Natural gas rents (% of GDP),2019,0.925016309467418,,1
KAZ,Kazakhstan,NY.GDP.NGAS.RT.ZS,Natural gas rents (% of GDP),2018,1.38519233067748,,1
KAZ,Kazakhstan,NY.GDP.NGAS.RT.ZS,Natural gas rents (% of GDP),2017,0.86064865819105,,1
KAZ,Kazakhstan,NY.GDP.NGAS.RT.ZS,Natural gas rents (% of GDP),2016,0.670873241173054,,1
KAZ,Kazakhstan,NY.GDP.NGAS.RT.ZS,Natural gas rents (% of GDP),2015,0.789640342060327,,1
KAZ,Kazakhstan,NY.GDP.NGAS.RT.ZS,Natural gas rents (% of GDP),2014,0.80881514404493,,1
KAZ,Kazakhstan,NY.GDP.NGAS.RT.ZS,Natural gas rents (% of GDP),2013,1.0538090594977,,1
KAZ,Kazakhstan,NY.GDP.NGAS.RT.ZS,Natural gas rents (% of GDP),2012,1.20333132239427,,1
KAZ,Kazakhstan,NY.GDP.NGAS.RT.ZS,Natural gas rents (% of GDP),2011,1.21331613739192,,1
KAZ,Kazakhstan,NY.GDP.NGAS.RT.ZS,Natural gas rents (% of GDP),2010,1.00856330578242,,1
KAZ,Kazakhstan,NY.GDP.NGAS.RT.ZS,Natural gas rents (% of GDP),2009,1.49618947932301,,1
KAZ,Kazakhstan,NY.GDP.NGAS.RT.ZS,Natural gas rents (% of GDP),2008,1.65333030135486,,1
KAZ,Kazakhstan,NY.GDP.NGAS.RT.ZS,Natural gas rents (% of GDP),2007,0.885350833081291,,1
KAZ,Kazakhstan,NY.GDP.NGAS.RT.ZS,Natural gas rents (% of GDP),2006,1.05583158575305,,1
KAZ,Kazakhstan,NY.GDP.NGAS.RT.ZS,Natural gas rents (% of GDP),2005,0.707456812413737,,1
KAZ,Kazakhstan,NY.GDP.NGAS.RT.ZS,Natural gas rents (% of GDP),2004,0.904874674279211,,1
KAZ,Kazakhstan,NY.GDP.NGAS.RT.ZS,Natural gas rents (% of GDP),2003,1.55520091837354,,1
KAZ,Kazakhstan,NY.GDP.NGAS.RT.ZS,Natural gas rents (% of GDP),2002,1.68494211935026,,1
KAZ,Kazakhstan,NY.GDP.NGAS.RT.ZS,Natural gas rents (% of GDP),2001,1.90816103683919,,1
KAZ,Kazakhstan,NY.GDP.NGAS.RT.ZS,Natural gas rents (% of GDP),2000,0.958298497963215,,1
KAZ,Kazakhstan,NY.GDP.NGAS.RT.ZS,Natural gas rents (% of GDP),1999,0.0799213839146512,,1
KAZ,Kazakhstan,NY.GDP.NGAS.RT.ZS,Natural gas rents (% of GDP),1998,0.0735055918357742,,1
KAZ,Kazakhstan,NY.GDP.NGAS.RT.ZS,Natural gas rents (% of GDP),1997,0.623717397764218,,1
KAZ,Kazakhstan,NY.GDP.NGAS.RT.ZS,Natural gas rents (% of GDP),1996,0.42354948713628,,1
KAZ,Kazakhstan,NY.GDP.NGAS.RT.ZS,Natural gas rents (% of GDP),1995,0.512015620779939,,1
KAZ,Kazakhstan,NY.GDP.NGAS.RT.ZS,Natural gas rents (% of GDP),1994,0.249050709376049,,1
KAZ,Kazakhstan,NY.GDP.NGAS.RT.ZS,Natural gas rents (% of GDP),1993,0.346635577768425,,1
KAZ,Kazakhstan,NY.GDP.NGAS.RT.ZS,Natural gas rents (% of GDP),1992,0.17650844905504,,1
KAZ,Kazakhstan,NY.GDP.NGAS.RT.ZS,Natural gas rents (% of GDP),1991,0.271796550002248,,1
KAZ,Kazakhstan,NY.GDP.NGAS.RT.ZS,Natural gas rents (% of GDP),1990,0.429330812608874,,1
KEN,Kenya,NY.GDP.NGAS.RT.ZS,Natural gas rents (% of GDP),2021,0,,1
KEN,Kenya,NY.GDP.NGAS.RT.ZS,Natural gas rents (% of GDP),2020,0,,1
KEN,Kenya,NY.GDP.NGAS.RT.ZS,Natural gas rents (% of GDP),2019,0,,1
KEN,Kenya,NY.GDP.NGAS.RT.ZS,Natural gas rents (% of GDP),2018,0,,1
KEN,Kenya,NY.GDP.NGAS.RT.ZS,Natural gas rents (% of GDP),2017,0,,1
KEN,Kenya,NY.GDP.NGAS.RT.ZS,Natural gas rents (% of GDP),2016,0,,1
KEN,Kenya,NY.GDP.NGAS.RT.ZS,Natural gas rents (% of GDP),2015,0,,1
KEN,Kenya,NY.GDP.NGAS.RT.ZS,Natural gas rents (% of GDP),2014,0,,1
KEN,Kenya,NY.GDP.NGAS.RT.ZS,Natural gas rents (% of GDP),2013,0,,1
KEN,Kenya,NY.GDP.NGAS.RT.ZS,Natural gas rents (% of GDP),2012,0,,1
KEN,Kenya,NY.GDP.NGAS.RT.ZS,Natural gas rents (% of GDP),2011,0,,1
KEN,Kenya,NY.GDP.NGAS.RT.ZS,Natural gas rents (% of GDP),2010,0,,1
KEN,Kenya,NY.GDP.NGAS.RT.ZS,Natural gas rents (% of GDP),2009,0,,1
KEN,Kenya,NY.GDP.NGAS.RT.ZS,Natural gas rents (% of GDP),2008,0,,1
KEN,Kenya,NY.GDP.NGAS.RT.ZS,Natural gas rents (% of GDP),2007,0,,1
KEN,Kenya,NY.GDP.NGAS.RT.ZS,Natural gas rents (% of GDP),2006,0,,1
KEN,Kenya,NY.GDP.NGAS.RT.ZS,Natural gas rents (% of GDP),2005,0,,1
KEN,Kenya,NY.GDP.NGAS.RT.ZS,Natural gas rents (% of GDP),2004,0,,1
KEN,Kenya,NY.GDP.NGAS.RT.ZS,Natural gas rents (% of GDP),2003,0,,1
KEN,Kenya,NY.GDP.NGAS.RT.ZS,Natural gas rents (% of GDP),2002,0,,1
KEN,Kenya,NY.GDP.NGAS.RT.ZS,Natural gas rents (% of GDP),2001,0,,1
KEN,Kenya,NY.GDP.NGAS.RT.ZS,Natural gas rents (% of GDP),2000,0,,1
KEN,Kenya,NY.GDP.NGAS.RT.ZS,Natural gas rents (% of GDP),1999,0,,1
KEN,Kenya,NY.GDP.NGAS.RT.ZS,Natural gas rents (% of GDP),1998,0,,1
KEN,Kenya,NY.GDP.NGAS.RT.ZS,Natural gas rents (% of GDP),1997,0,,1
KEN,Kenya,NY.GDP.NGAS.RT.ZS,Natural gas rents (% of GDP),1996,0,,1
KEN,Kenya,NY.GDP.NGAS.RT.ZS,Natural gas rents (% of GDP),1995,0,,1
KEN,Kenya,NY.GDP.NGAS.RT.ZS,Natural gas rents (% of GDP),1994,0,,1
KEN,Kenya,NY.GDP.NGAS.RT.ZS,Natural gas rents (% of GDP),1993,0,,1
KEN,Kenya,NY.GDP.NGAS.RT.ZS,Natural gas rents (% of GDP),1992,0,,1
KEN,Kenya,NY.GDP.NGAS.RT.ZS,Natural gas rents (% of GDP),1991,0,,1
KEN,Kenya,NY.GDP.NGAS.RT.ZS,Natural gas rents (% of GDP),1990,0,,1
KEN,Kenya,NY.GDP.NGAS.RT.ZS,Natural gas rents (% of GDP),1989,0,,1
KEN,Kenya,NY.GDP.NGAS.RT.ZS,Natural gas rents (% of GDP),1988,0,,1
KEN,Kenya,NY.GDP.NGAS.RT.ZS,Natural gas rents (% of GDP),1987,0,,1
KEN,Kenya,NY.GDP.NGAS.RT.ZS,Natural gas rents (% of GDP),1986,0,,1
KEN,Kenya,NY.GDP.NGAS.RT.ZS,Natural gas rents (% of GDP),1985,0,,1
KEN,Kenya,NY.GDP.NGAS.RT.ZS,Natural gas rents (% of GDP),1984,0,,1
KEN,Kenya,NY.GDP.NGAS.RT.ZS,Natural gas rents (% of GDP),1983,0,,1
KEN,Kenya,NY.GDP.NGAS.RT.ZS,Natural gas rents (% of GDP),1982,0,,1
KEN,Kenya,NY.GDP.NGAS.RT.ZS,Natural gas rents (% of GDP),1981,0,,1
KEN,Kenya,NY.GDP.NGAS.RT.ZS,Natural gas rents (% of GDP),1980,0,,1
KEN,Kenya,NY.GDP.NGAS.RT.ZS,Natural gas rents (% of GDP),1979,0,,1
KEN,Kenya,NY.GDP.NGAS.RT.ZS,Natural gas rents (% of GDP),1978,0,,1
KEN,Kenya,NY.GDP.NGAS.RT.ZS,Natural gas rents (% of GDP),1977,0,,1
KEN,Kenya,NY.GDP.NGAS.RT.ZS,Natural gas rents (% of GDP),1976,0,,1
KEN,Kenya,NY.GDP.NGAS.RT.ZS,Natural gas rents (% of GDP),1975,0,,1
KEN,Kenya,NY.GDP.NGAS.RT.ZS,Natural gas rents (% of GDP),1974,0,,1
KEN,Kenya,NY.GDP.NGAS.RT.ZS,Natural gas rents (% of GDP),1973,0,,1
KEN,Kenya,NY.GDP.NGAS.RT.ZS,Natural gas rents (% of GDP),1972,0,,1
KEN,Kenya,NY.GDP.NGAS.RT.ZS,Natural gas rents (% of GDP),1971,0,,1
KIR,Kiribati,NY.GDP.NGAS.RT.ZS,Natural gas rents (% of GDP),2021,0,,1
KIR,Kiribati,NY.GDP.NGAS.RT.ZS,Natural gas rents (% of GDP),2020,0,,1
KIR,Kiribati,NY.GDP.NGAS.RT.ZS,Natural gas rents (% of GDP),2019,0,,1
KIR,Kiribati,NY.GDP.NGAS.RT.ZS,Natural gas rents (% of GDP),2018,0,,1
KIR,Kiribati,NY.GDP.NGAS.RT.ZS,Natural gas rents (% of GDP),2017,0,,1
KIR,Kiribati,NY.GDP.NGAS.RT.ZS,Natural gas rents (% of GDP),2016,0,,1
KIR,Kiribati,NY.GDP.NGAS.RT.ZS,Natural gas rents (% of GDP),2015,0,,1
KIR,Kiribati,NY.GDP.NGAS.RT.ZS,Natural gas rents (% of GDP),2014,0,,1
KIR,Kiribati,NY.GDP.NGAS.RT.ZS,Natural gas rents (% of GDP),2013,0,,1
KIR,Kiribati,NY.GDP.NGAS.RT.ZS,Natural gas rents (% of GDP),2012,0,,1
KIR,Kiribati,NY.GDP.NGAS.RT.ZS,Natural gas rents (% of GDP),2011,0,,1
KIR,Kiribati,NY.GDP.NGAS.RT.ZS,Natural gas rents (% of GDP),2010,0,,1
KIR,Kiribati,NY.GDP.NGAS.RT.ZS,Natural gas rents (% of GDP),2009,0,,1
KIR,Kiribati,NY.GDP.NGAS.RT.ZS,Natural gas rents (% of GDP),2008,0,,1
KIR,Kiribati,NY.GDP.NGAS.RT.ZS,Natural gas rents (% of GDP),2007,0,,1
KIR,Kiribati,NY.GDP.NGAS.RT.ZS,Natural gas rents (% of GDP),2006,0,,1
KIR,Kiribati,NY.GDP.NGAS.RT.ZS,Natural gas rents (% of GDP),2005,0,,1
KIR,Kiribati,NY.GDP.NGAS.RT.ZS,Natural gas rents (% of GDP),2004,0,,1
KIR,Kiribati,NY.GDP.NGAS.RT.ZS,Natural gas rents (% of GDP),2003,0,,1
KIR,Kiribati,NY.GDP.NGAS.RT.ZS,Natural gas rents (% of GDP),2002,0,,1
KIR,Kiribati,NY.GDP.NGAS.RT.ZS,Natural gas rents (% of GDP),2001,0,,1
KIR,Kiribati,NY.GDP.NGAS.RT.ZS,Natural gas rents (% of GDP),2000,0,,1
KIR,Kiribati,NY.GDP.NGAS.RT.ZS,Natural gas rents (% of GDP),1999,0,,1
KIR,Kiribati,NY.GDP.NGAS.RT.ZS,Natural gas rents (% of GDP),1998,0,,1
KIR,Kiribati,NY.GDP.NGAS.RT.ZS,Natural gas rents (% of GDP),1997,0,,1
KIR,Kiribati,NY.GDP.NGAS.RT.ZS,Natural gas rents (% of GDP),1996,0,,1
KIR,Kiribati,NY.GDP.NGAS.RT.ZS,Natural gas rents (% of GDP),1995,0,,1
KIR,Kiribati,NY.GDP.NGAS.RT.ZS,Natural gas rents (% of GDP),1994,0,,1
KIR,Kiribati,NY.GDP.NGAS.RT.ZS,Natural gas rents (% of GDP),1993,0,,1
KIR,Kiribati,NY.GDP.NGAS.RT.ZS,Natural gas rents (% of GDP),1992,0,,1
KIR,Kiribati,NY.GDP.NGAS.RT.ZS,Natural gas rents (% of GDP),1991,0,,1
KIR,Kiribati,NY.GDP.NGAS.RT.ZS,Natural gas rents (% of GDP),1990,0,,1
KIR,Kiribati,NY.GDP.NGAS.RT.ZS,Natural gas rents (% of GDP),1989,0,,1
KIR,Kiribati,NY.GDP.NGAS.RT.ZS,Natural gas rents (% of GDP),1988,0,,1
KIR,Kiribati,NY.GDP.NGAS.RT.ZS,Natural gas rents (% of GDP),1987,0,,1
KIR,Kiribati,NY.GDP.NGAS.RT.ZS,Natural gas rents (% of GDP),1986,0,,1
KIR,Kiribati,NY.GDP.NGAS.RT.ZS,Natural gas rents (% of GDP),1985,0,,1
KIR,Kiribati,NY.GDP.NGAS.RT.ZS,Natural gas rents (% of GDP),1984,0,,1
KIR,Kiribati,NY.GDP.NGAS.RT.ZS,Natural gas rents (% of GDP),1983,0,,1
KIR,Kiribati,NY.GDP.NGAS.RT.ZS,Natural gas rents (% of GDP),1982,0,,1
KIR,Kiribati,NY.GDP.NGAS.RT.ZS,Natural gas rents (% of GDP),1981,0,,1
KIR,Kiribati,NY.GDP.NGAS.RT.ZS,Natural gas rents (% of GDP),1980,0,,1
KOR,"Korea, Rep.",NY.GDP.NGAS.RT.ZS,Natural gas rents (% of GDP),2021,0.00519896806845811,,1
KOR,"Korea, Rep.",NY.GDP.NGAS.RT.ZS,Natural gas rents (% of GDP),2020,0.00434773092204482,,1
KOR,"Korea, Rep.",NY.GDP.NGAS.RT.ZS,Natural gas rents (% of GDP),2019,0.00496990830543458,,1
KOR,"Korea, Rep.",NY.GDP.NGAS.RT.ZS,Natural gas rents (% of GDP),2018,0.00407766664331777,,1
KOR,"Korea, Rep.",NY.GDP.NGAS.RT.ZS,Natural gas rents (% of GDP),2017,0.00264782344988136,,1
KOR,"Korea, Rep.",NY.GDP.NGAS.RT.ZS,Natural gas rents (% of GDP),2016,0.00133201099970313,,1
KOR,"Korea, Rep.",NY.GDP.NGAS.RT.ZS,Natural gas rents (% of GDP),2015,0.00162378207382868,,1
KOR,"Korea, Rep.",NY.GDP.NGAS.RT.ZS,Natural gas rents (% of GDP),2014,0.00225698216815479,,1
KOR,"Korea, Rep.",NY.GDP.NGAS.RT.ZS,Natural gas rents (% of GDP),2013,0.00283286914887899,,1
KOR,"Korea, Rep.",NY.GDP.NGAS.RT.ZS,Natural gas rents (% of GDP),2012,0.00272061616121548,,1
KOR,"Korea, Rep.",NY.GDP.NGAS.RT.ZS,Natural gas rents (% of GDP),2011,0.00297918053953984,,1
KOR,"Korea, Rep.",NY.GDP.NGAS.RT.ZS,Natural gas rents (% of GDP),2010,0.00360500780438836,,1
KOR,"Korea, Rep.",NY.GDP.NGAS.RT.ZS,Natural gas rents (% of GDP),2009,0.00351772852790063,,1
KOR,"Korea, Rep.",NY.GDP.NGAS.RT.ZS,Natural gas rents (% of GDP),2008,0.00314333646957568,,1
KOR,"Korea, Rep.",NY.GDP.NGAS.RT.ZS,Natural gas rents (% of GDP),2007,0.00253355126596425,,1
KOR,"Korea, Rep.",NY.GDP.NGAS.RT.ZS,Natural gas rents (% of GDP),2006,0.00290594297346217,,1
KOR,"Korea, Rep.",NY.GDP.NGAS.RT.ZS,Natural gas rents (% of GDP),2005,0.0045793537016514,,1
KOR,"Korea, Rep.",NY.GDP.NGAS.RT.ZS,Natural gas rents (% of GDP),2004,0.00134458483003077,,1
KOR,"Korea, Rep.",NY.GDP.NGAS.RT.ZS,Natural gas rents (% of GDP),2003,0,,1
KOR,"Korea, Rep.",NY.GDP.NGAS.RT.ZS,Natural gas rents (% of GDP),2002,0,,1
KOR,"Korea, Rep.",NY.GDP.NGAS.RT.ZS,Natural gas rents (% of GDP),2001,0,,1
KOR,"Korea, Rep.",NY.GDP.NGAS.RT.ZS,Natural gas rents (% of GDP),2000,0,,1
KOR,"Korea, Rep.",NY.GDP.NGAS.RT.ZS,Natural gas rents (% of GDP),1999,0,,1
KOR,"Korea, Rep.",NY.GDP.NGAS.RT.ZS,Natural gas rents (% of GDP),1998,0,,1
KOR,"Korea, Rep.",NY.GDP.NGAS.RT.ZS,Natural gas rents (% of GDP),1997,0,,1
KOR,"Korea, Rep.",NY.GDP.NGAS.RT.ZS,Natural gas rents (% of GDP),1996,0,,1
KOR,"Korea, Rep.",NY.GDP.NGAS.RT.ZS,Natural gas rents (% of GDP),1995,0,,1
KOR,"Korea, Rep.",NY.GDP.NGAS.RT.ZS,Natural gas rents (% of GDP),1994,0,,1
KOR,"Korea, Rep.",NY.GDP.NGAS.RT.ZS,Natural gas rents (% of GDP),1993,0,,1
KOR,"Korea, Rep.",NY.GDP.NGAS.RT.ZS,Natural gas rents (% of GDP),1992,0,,1
KOR,"Korea, Rep.",NY.GDP.NGAS.RT.ZS,Natural gas rents (% of GDP),1991,0,,1
KOR,"Korea, Rep.",NY.GDP.NGAS.RT.ZS,Natural gas rents (% of GDP),1990,0,,1
KOR,"Korea, Rep.",NY.GDP.NGAS.RT.ZS,Natural gas rents (% of GDP),1989,0,,1
KOR,"Korea, Rep.",NY.GDP.NGAS.RT.ZS,Natural gas rents (% of GDP),1988,0,,1
KOR,"Korea, Rep.",NY.GDP.NGAS.RT.ZS,Natural gas rents (% of GDP),1987,0,,1
KOR,"Korea, Rep.",NY.GDP.NGAS.RT.ZS,Natural gas rents (% of GDP),1986,0,,1
KOR,"Korea, Rep.",NY.GDP.NGAS.RT.ZS,Natural gas rents (% of GDP),1985,0,,1
KOR,"Korea, Rep.",NY.GDP.NGAS.RT.ZS,Natural gas rents (% of GDP),1984,0,,1
KOR,"Korea, Rep.",NY.GDP.NGAS.RT.ZS,Natural gas rents (% of GDP),1983,0,,1
KOR,"Korea, Rep.",NY.GDP.NGAS.RT.ZS,Natural gas rents (% of GDP),1982,0,,1
KOR,"Korea, Rep.",NY.GDP.NGAS.RT.ZS,Natural gas rents (% of GDP),1981,0,,1
KOR,"Korea, Rep.",NY.GDP.NGAS.RT.ZS,Natural gas rents (% of GDP),1980,0,,1
KOR,"Korea, Rep.",NY.GDP.NGAS.RT.ZS,Natural gas rents (% of GDP),1979,0,,1
KOR,"Korea, Rep.",NY.GDP.NGAS.RT.ZS,Natural gas rents (% of GDP),1978,0,,1
KOR,"Korea, Rep.",NY.GDP.NGAS.RT.ZS,Natural gas rents (% of GDP),1977,0,,1
KOR,"Korea, Rep.",NY.GDP.NGAS.RT.ZS,Natural gas rents (% of GDP),1976,0,,1
KOR,"Korea, Rep.",NY.GDP.NGAS.RT.ZS,Natural gas rents (% of GDP),1975,0,,1
KOR,"Korea, Rep.",NY.GDP.NGAS.RT.ZS,Natural gas rents (% of GDP),1974,0,,1
KOR,"Korea, Rep.",NY.GDP.NGAS.RT.ZS,Natural gas rents (% of GDP),1973,0,,1
KOR,"Korea, Rep.",NY.GDP.NGAS.RT.ZS,Natural gas rents (% of GDP),1972,0,,1
KOR,"Korea, Rep.",NY.GDP.NGAS.RT.ZS,Natural gas rents (% of GDP),1971,0,,1
XKX,Kosovo,NY.GDP.NGAS.RT.ZS,Natural gas rents (% of GDP),2021,0,,1
XKX,Kosovo,NY.GDP.NGAS.RT.ZS,Natural gas rents (% of GDP),2020,0,,1
XKX,Kosovo,NY.GDP.NGAS.RT.ZS,Natural gas rents (% of GDP),2019,0,,1
XKX,Kosovo,NY.GDP.NGAS.RT.ZS,Natural gas rents (% of GDP),2018,0,,1
XKX,Kosovo,NY.GDP.NGAS.RT.ZS,Natural gas rents (% of GDP),2017,0,,1
XKX,Kosovo,NY.GDP.NGAS.RT.ZS,Natural gas rents (% of GDP),2016,0,,1
XKX,Kosovo,NY.GDP.NGAS.RT.ZS,Natural gas rents (% of GDP),2015,0,,1
XKX,Kosovo,NY.GDP.NGAS.RT.ZS,Natural gas rents (% of GDP),2014,0,,1
XKX,Kosovo,NY.GDP.NGAS.RT.ZS,Natural gas rents (% of GDP),2013,0,,1
XKX,Kosovo,NY.GDP.NGAS.RT.ZS,Natural gas rents (% of GDP),2012,0,,1
XKX,Kosovo,NY.GDP.NGAS.RT.ZS,Natural gas rents (% of GDP),2011,0,,1
XKX,Kosovo,NY.GDP.NGAS.RT.ZS,Natural gas rents (% of GDP),2010,0,,1
XKX,Kosovo,NY.GDP.NGAS.RT.ZS,Natural gas rents (% of GDP),2009,0,,1
XKX,Kosovo,NY.GDP.NGAS.RT.ZS,Natural gas rents (% of GDP),2008,0,,1
KWT,Kuwait,NY.GDP.NGAS.RT.ZS,Natural gas rents (% of GDP),2020,1.70268520321554,,1
KWT,Kuwait,NY.GDP.NGAS.RT.ZS,Natural gas rents (% of GDP),2019,1.18290776369048,,1
KWT,Kuwait,NY.GDP.NGAS.RT.ZS,Natural gas rents (% of GDP),2018,1.10292151862869,,1
KWT,Kuwait,NY.GDP.NGAS.RT.ZS,Natural gas rents (% of GDP),2017,0.748172347211654,,1
KWT,Kuwait,NY.GDP.NGAS.RT.ZS,Natural gas rents (% of GDP),2016,0.690322593013416,,1
KWT,Kuwait,NY.GDP.NGAS.RT.ZS,Natural gas rents (% of GDP),2015,0.864578423168116,,1
KWT,Kuwait,NY.GDP.NGAS.RT.ZS,Natural gas rents (% of GDP),2014,0.731307332394645,,1
KWT,Kuwait,NY.GDP.NGAS.RT.ZS,Natural gas rents (% of GDP),2013,0.784396720958018,,1
KWT,Kuwait,NY.GDP.NGAS.RT.ZS,Natural gas rents (% of GDP),2012,0.731563944664216,,1
KWT,Kuwait,NY.GDP.NGAS.RT.ZS,Natural gas rents (% of GDP),2011,0.700397270610481,,1
KWT,Kuwait,NY.GDP.NGAS.RT.ZS,Natural gas rents (% of GDP),2010,0.635329840794475,,1
KWT,Kuwait,NY.GDP.NGAS.RT.ZS,Natural gas rents (% of GDP),2009,0.735530245929982,,1
KWT,Kuwait,NY.GDP.NGAS.RT.ZS,Natural gas rents (% of GDP),2008,0.568940384456548,,1
KWT,Kuwait,NY.GDP.NGAS.RT.ZS,Natural gas rents (% of GDP),2007,0.618508798827339,,1
KWT,Kuwait,NY.GDP.NGAS.RT.ZS,Natural gas rents (% of GDP),2006,0.742307369022942,,1
KWT,Kuwait,NY.GDP.NGAS.RT.ZS,Natural gas rents (% of GDP),2005,0.821700960754246,,1
KWT,Kuwait,NY.GDP.NGAS.RT.ZS,Natural gas rents (% of GDP),2004,0.76931436633299,,1
KWT,Kuwait,NY.GDP.NGAS.RT.ZS,Natural gas rents (% of GDP),2003,0.81882112644548,,1
KWT,Kuwait,NY.GDP.NGAS.RT.ZS,Natural gas rents (% of GDP),2002,0.928084779806332,,1
KWT,Kuwait,NY.GDP.NGAS.RT.ZS,Natural gas rents (% of GDP),2001,1.29022077016935,,1
KWT,Kuwait,NY.GDP.NGAS.RT.ZS,Natural gas rents (% of GDP),2000,1.07488964584328,,1
KWT,Kuwait,NY.GDP.NGAS.RT.ZS,Natural gas rents (% of GDP),1999,0.955691240167222,,1
KWT,Kuwait,NY.GDP.NGAS.RT.ZS,Natural gas rents (% of GDP),1998,1.27688989600101,,1
KWT,Kuwait,NY.GDP.NGAS.RT.ZS,Natural gas rents (% of GDP),1997,1.14732100198997,,1
KWT,Kuwait,NY.GDP.NGAS.RT.ZS,Natural gas rents (% of GDP),1996,1.04256872930367,,1
KWT,Kuwait,NY.GDP.NGAS.RT.ZS,Natural gas rents (% of GDP),1995,1.10347928796571,,1
KWT,Kuwait,NY.GDP.NGAS.RT.ZS,Natural gas rents (% of GDP),1994,1.12128773466077,,1
KWT,Kuwait,NY.GDP.NGAS.RT.ZS,Natural gas rents (% of GDP),1993,1.03684391592237,,1
KWT,Kuwait,NY.GDP.NGAS.RT.ZS,Natural gas rents (% of GDP),1992,0.674504339045983,,1
KWT,Kuwait,NY.GDP.NGAS.RT.ZS,Natural gas rents (% of GDP),1991,0.215928765430964,,1
KWT,Kuwait,NY.GDP.NGAS.RT.ZS,Natural gas rents (% of GDP),1990,0.651183249820197,,1
KWT,Kuwait,NY.GDP.NGAS.RT.ZS,Natural gas rents (% of GDP),1989,0.897716819238469,,1
KWT,Kuwait,NY.GDP.NGAS.RT.ZS,Natural gas rents (% of GDP),1988,0.904233295924451,,1
KWT,Kuwait,NY.GDP.NGAS.RT.ZS,Natural gas rents (% of GDP),1987,0.572766397853557,,1
KWT,Kuwait,NY.GDP.NGAS.RT.ZS,Natural gas rents (% of GDP),1986,0.97547862887433,,1
KWT,Kuwait,NY.GDP.NGAS.RT.ZS,Natural gas rents (% of GDP),1985,0.672722451864901,,1
KWT,Kuwait,NY.GDP.NGAS.RT.ZS,Natural gas rents (% of GDP),1984,0.705521794993585,,1
KWT,Kuwait,NY.GDP.NGAS.RT.ZS,Natural gas rents (% of GDP),1983,0.75934314966126,,1
KWT,Kuwait,NY.GDP.NGAS.RT.ZS,Natural gas rents (% of GDP),1982,0.209023065553326,,1
KWT,Kuwait,NY.GDP.NGAS.RT.ZS,Natural gas rents (% of GDP),1981,0.604190546249378,,1
KWT,Kuwait,NY.GDP.NGAS.RT.ZS,Natural gas rents (% of GDP),1980,0.795505600311114,,1
KWT,Kuwait,NY.GDP.NGAS.RT.ZS,Natural gas rents (% of GDP),1978,0.907278932238488,,1
KWT,Kuwait,NY.GDP.NGAS.RT.ZS,Natural gas rents (% of GDP),1977,0.820943882893687,,1
KWT,Kuwait,NY.GDP.NGAS.RT.ZS,Natural gas rents (% of GDP),1976,0.67497944117705,,1
KWT,Kuwait,NY.GDP.NGAS.RT.ZS,Natural gas rents (% of GDP),1975,0.675496613229674,,1
KWT,Kuwait,NY.GDP.NGAS.RT.ZS,Natural gas rents (% of GDP),1974,0.36045628919285,,1
KWT,Kuwait,NY.GDP.NGAS.RT.ZS,Natural gas rents (% of GDP),1973,0.856837949307764,,1
KWT,Kuwait,NY.GDP.NGAS.RT.ZS,Natural gas rents (% of GDP),1972,0.960219165266502,,1
KWT,Kuwait,NY.GDP.NGAS.RT.ZS,Natural gas rents (% of GDP),1971,0.851886053989745,,1
KGZ,Kyrgyz Republic,NY.GDP.NGAS.RT.ZS,Natural gas rents (% of GDP),2021,0.00208054760142869,,1
KGZ,Kyrgyz Republic,NY.GDP.NGAS.RT.ZS,Natural gas rents (% of GDP),2020,0.000458878964953331,,1
KGZ,Kyrgyz Republic,NY.GDP.NGAS.RT.ZS,Natural gas rents (% of GDP),2019,0.000931624750778577,,1
KGZ,Kyrgyz Republic,NY.GDP.NGAS.RT.ZS,Natural gas rents (% of GDP),2018,0.00161084908379671,,1
KGZ,Kyrgyz Republic,NY.GDP.NGAS.RT.ZS,Natural gas rents (% of GDP),2017,0.00123629973598906,,1
KGZ,Kyrgyz Republic,NY.GDP.NGAS.RT.ZS,Natural gas rents (% of GDP),2016,0.00111232377736502,,1
KGZ,Kyrgyz Republic,NY.GDP.NGAS.RT.ZS,Natural gas rents (% of GDP),2015,0.0027051725159668,,1
KGZ,Kyrgyz Republic,NY.GDP.NGAS.RT.ZS,Natural gas rents (% of GDP),2014,0.00401334764246336,,1
KGZ,Kyrgyz Republic,NY.GDP.NGAS.RT.ZS,Natural gas rents (% of GDP),2013,0.0361147069496845,,1
KGZ,Kyrgyz Republic,NY.GDP.NGAS.RT.ZS,Natural gas rents (% of GDP),2012,0.0526690838341321,,1
KGZ,Kyrgyz Republic,NY.GDP.NGAS.RT.ZS,Natural gas rents (% of GDP),2011,0.0175896749006956,,1
KGZ,Kyrgyz Republic,NY.GDP.NGAS.RT.ZS,Natural gas rents (% of GDP),2010,0.0181811955533565,,1
KGZ,Kyrgyz Republic,NY.GDP.NGAS.RT.ZS,Natural gas rents (% of GDP),2009,0.0255451846363182,,1
KGZ,Kyrgyz Republic,NY.GDP.NGAS.RT.ZS,Natural gas rents (% of GDP),2008,0.0495559616786454,,1
KGZ,Kyrgyz Republic,NY.GDP.NGAS.RT.ZS,Natural gas rents (% of GDP),2007,0.0294386056493686,,1
KGZ,Kyrgyz Republic,NY.GDP.NGAS.RT.ZS,Natural gas rents (% of GDP),2006,0.0532136005561311,,1
KGZ,Kyrgyz Republic,NY.GDP.NGAS.RT.ZS,Natural gas rents (% of GDP),2005,0.0314911142930956,,1
KGZ,Kyrgyz Republic,NY.GDP.NGAS.RT.ZS,Natural gas rents (% of GDP),2004,0.0400876318612614,,1
KGZ,Kyrgyz Republic,NY.GDP.NGAS.RT.ZS,Natural gas rents (% of GDP),2003,0.048675322575388,,1
KGZ,Kyrgyz Republic,NY.GDP.NGAS.RT.ZS,Natural gas rents (% of GDP),2002,0.020217360910022,,1
KGZ,Kyrgyz Republic,NY.GDP.NGAS.RT.ZS,Natural gas rents (% of GDP),2001,0.0433044312245958,,1
KGZ,Kyrgyz Republic,NY.GDP.NGAS.RT.ZS,Natural gas rents (% of GDP),2000,0.0183743993584071,,1
KGZ,Kyrgyz Republic,NY.GDP.NGAS.RT.ZS,Natural gas rents (% of GDP),1999,0.00236563047390629,,1
KGZ,Kyrgyz Republic,NY.GDP.NGAS.RT.ZS,Natural gas rents (% of GDP),1998,0.00246494999438476,,1
KGZ,Kyrgyz Republic,NY.GDP.NGAS.RT.ZS,Natural gas rents (% of GDP),1997,0.0233567487880218,,1
KGZ,Kyrgyz Republic,NY.GDP.NGAS.RT.ZS,Natural gas rents (% of GDP),1996,0.027946100086444,,1
KGZ,Kyrgyz Republic,NY.GDP.NGAS.RT.ZS,Natural gas rents (% of GDP),1995,0.0452527003605958,,1
KGZ,Kyrgyz Republic,NY.GDP.NGAS.RT.ZS,Natural gas rents (% of GDP),1994,0.0247106774040708,,1
KGZ,Kyrgyz Republic,NY.GDP.NGAS.RT.ZS,Natural gas rents (% of GDP),1993,0.0239351605376438,,1
KGZ,Kyrgyz Republic,NY.GDP.NGAS.RT.ZS,Natural gas rents (% of GDP),1992,0.0233967691972826,,1
KGZ,Kyrgyz Republic,NY.GDP.NGAS.RT.ZS,Natural gas rents (% of GDP),1991,0.0395058718147468,,1
KGZ,Kyrgyz Republic,NY.GDP.NGAS.RT.ZS,Natural gas rents (% of GDP),1990,0.0626850052273232,,1
LAO,Lao PDR,NY.GDP.NGAS.RT.ZS,Natural gas rents (% of GDP),2021,0,,1
LAO,Lao PDR,NY.GDP.NGAS.RT.ZS,Natural gas rents (% of GDP),2020,0,,1
LAO,Lao PDR,NY.GDP.NGAS.RT.ZS,Natural gas rents (% of GDP),2019,0,,1
LAO,Lao PDR,NY.GDP.NGAS.RT.ZS,Natural gas rents (% of GDP),2018,0,,1
LAO,Lao PDR,NY.GDP.NGAS.RT.ZS,Natural gas rents (% of GDP),2017,0,,1
LAO,Lao PDR,NY.GDP.NGAS.RT.ZS,Natural gas rents (% of GDP),2016,0,,1
LAO,Lao PDR,NY.GDP.NGAS.RT.ZS,Natural gas rents (% of GDP),2015,0,,1
LAO,Lao PDR,NY.GDP.NGAS.RT.ZS,Natural gas rents (% of GDP),2014,0,,1
LAO,Lao PDR,NY.GDP.NGAS.RT.ZS,Natural gas rents (% of GDP),2013,0,,1
LAO,Lao PDR,NY.GDP.NGAS.RT.ZS,Natural gas rents (% of GDP),2012,0,,1
LAO,Lao PDR,NY.GDP.NGAS.RT.ZS,Natural gas rents (% of GDP),2011,0,,1
LAO,Lao PDR,NY.GDP.NGAS.RT.ZS,Natural gas rents (% of GDP),2010,0,,1
LAO,Lao PDR,NY.GDP.NGAS.RT.ZS,Natural gas rents (% of GDP),2009,0,,1
LAO,Lao PDR,NY.GDP.NGAS.RT.ZS,Natural gas rents (% of GDP),2008,0,,1
LAO,Lao PDR,NY.GDP.NGAS.RT.ZS,Natural gas rents (% of GDP),2007,0,,1
LAO,Lao PDR,NY.GDP.NGAS.RT.ZS,Natural gas rents (% of GDP),2006,0,,1
LAO,Lao PDR,NY.GDP.NGAS.RT.ZS,Natural gas rents (% of GDP),2005,0,,1
LAO,Lao PDR,NY.GDP.NGAS.RT.ZS,Natural gas rents (% of GDP),2004,0,,1
LAO,Lao PDR,NY.GDP.NGAS.RT.ZS,Natural gas rents (% of GDP),2003,0,,1
LAO,Lao PDR,NY.GDP.NGAS.RT.ZS,Natural gas rents (% of GDP),2002,0,,1
LAO,Lao PDR,NY.GDP.NGAS.RT.ZS,Natural gas rents (% of GDP),2001,0,,1
LAO,Lao PDR,NY.GDP.NGAS.RT.ZS,Natural gas rents (% of GDP),2000,0,,1
LAO,Lao PDR,NY.GDP.NGAS.RT.ZS,Natural gas rents (% of GDP),1999,0,,1
LAO,Lao PDR,NY.GDP.NGAS.RT.ZS,Natural gas rents (% of GDP),1998,0,,1
LAO,Lao PDR,NY.GDP.NGAS.RT.ZS,Natural gas rents (% of GDP),1997,0,,1
LAO,Lao PDR,NY.GDP.NGAS.RT.ZS,Natural gas rents (% of GDP),1996,0,,1
LAO,Lao PDR,NY.GDP.NGAS.RT.ZS,Natural gas rents (% of GDP),1995,0,,1
LAO,Lao PDR,NY.GDP.NGAS.RT.ZS,Natural gas rents (% of GDP),1994,0,,1
LAO,Lao PDR,NY.GDP.NGAS.RT.ZS,Natural gas rents (% of GDP),1993,0,,1
LAO,Lao PDR,NY.GDP.NGAS.RT.ZS,Natural gas rents (% of GDP),1992,0,,1
LAO,Lao PDR,NY.GDP.NGAS.RT.ZS,Natural gas rents (% of GDP),1991,0,,1
LAO,Lao PDR,NY.GDP.NGAS.RT.ZS,Natural gas rents (% of GDP),1990,0,,1
LAO,Lao PDR,NY.GDP.NGAS.RT.ZS,Natural gas rents (% of GDP),1989,0,,1
LAO,Lao PDR,NY.GDP.NGAS.RT.ZS,Natural gas rents (% of GDP),1988,0,,1
LAO,Lao PDR,NY.GDP.NGAS.RT.ZS,Natural gas rents (% of GDP),1987,0,,1
LAO,Lao PDR,NY.GDP.NGAS.RT.ZS,Natural gas rents (% of GDP),1986,0,,1
LAO,Lao PDR,NY.GDP.NGAS.RT.ZS,Natural gas rents (% of GDP),1985,0,,1
LAO,Lao PDR,NY.GDP.NGAS.RT.ZS,Natural gas rents (% of GDP),1984,0,,1
LVA,Latvia,NY.GDP.NGAS.RT.ZS,Natural gas rents (% of GDP),2021,0,,1
LVA,Latvia,NY.GDP.NGAS.RT.ZS,Natural gas rents (% of GDP),2020,0,,1
LVA,Latvia,NY.GDP.NGAS.RT.ZS,Natural gas rents (% of GDP),2019,0,,1
LVA,Latvia,NY.GDP.NGAS.RT.ZS,Natural gas rents (% of GDP),2018,0,,1
LVA,Latvia,NY.GDP.NGAS.RT.ZS,Natural gas rents (% of GDP),2017,0,,1
LVA,Latvia,NY.GDP.NGAS.RT.ZS,Natural gas rents (% of GDP),2016,0,,1
LVA,Latvia,NY.GDP.NGAS.RT.ZS,Natural gas rents (% of GDP),2015,0,,1
LVA,Latvia,NY.GDP.NGAS.RT.ZS,Natural gas rents (% of GDP),2014,0,,1
LVA,Latvia,NY.GDP.NGAS.RT.ZS,Natural gas rents (% of GDP),2013,0,,1
LVA,Latvia,NY.GDP.NGAS.RT.ZS,Natural gas rents (% of GDP),2012,0,,1
LVA,Latvia,NY.GDP.NGAS.RT.ZS,Natural gas rents (% of GDP),2011,0,,1
LVA,Latvia,NY.GDP.NGAS.RT.ZS,Natural gas rents (% of GDP),2010,0,,1
LVA,Latvia,NY.GDP.NGAS.RT.ZS,Natural gas rents (% of GDP),2009,0,,1
LVA,Latvia,NY.GDP.NGAS.RT.ZS,Natural gas rents (% of GDP),2008,0,,1
LVA,Latvia,NY.GDP.NGAS.RT.ZS,Natural gas rents (% of GDP),2007,0,,1
LVA,Latvia,NY.GDP.NGAS.RT.ZS,Natural gas rents (% of GDP),2006,0,,1
LVA,Latvia,NY.GDP.NGAS.RT.ZS,Natural gas rents (% of GDP),2005,0,,1
LVA,Latvia,NY.GDP.NGAS.RT.ZS,Natural gas rents (% of GDP),2004,0,,1
LVA,Latvia,NY.GDP.NGAS.RT.ZS,Natural gas rents (% of GDP),2003,0,,1
LVA,Latvia,NY.GDP.NGAS.RT.ZS,Natural gas rents (% of GDP),2002,0,,1
LVA,Latvia,NY.GDP.NGAS.RT.ZS,Natural gas rents (% of GDP),2001,0,,1
LVA,Latvia,NY.GDP.NGAS.RT.ZS,Natural gas rents (% of GDP),2000,0,,1
LVA,Latvia,NY.GDP.NGAS.RT.ZS,Natural gas rents (% of GDP),1999,0,,1
LVA,Latvia,NY.GDP.NGAS.RT.ZS,Natural gas rents (% of GDP),1998,0,,1
LVA,Latvia,NY.GDP.NGAS.RT.ZS,Natural gas rents (% of GDP),1997,0,,1
LVA,Latvia,NY.GDP.NGAS.RT.ZS,Natural gas rents (% of GDP),1996,0,,1
LVA,Latvia,NY.GDP.NGAS.RT.ZS,Natural gas rents (% of GDP),1995,0,,1
LBN,Lebanon,NY.GDP.NGAS.RT.ZS,Natural gas rents (% of GDP),2021,0,,1
LBN,Lebanon,NY.GDP.NGAS.RT.ZS,Natural gas rents (% of GDP),2020,0,,1
LBN,Lebanon,NY.GDP.NGAS.RT.ZS,Natural gas rents (% of GDP),2019,0,,1
LBN,Lebanon,NY.GDP.NGAS.RT.ZS,Natural gas rents (% of GDP),2018,0,,1
LBN,Lebanon,NY.GDP.NGAS.RT.ZS,Natural gas rents (% of GDP),2017,0,,1
LBN,Lebanon,NY.GDP.NGAS.RT.ZS,Natural gas rents (% of GDP),2016,0,,1
LBN,Lebanon,NY.GDP.NGAS.RT.ZS,Natural gas rents (% of GDP),2015,0,,1
LBN,Lebanon,NY.GDP.NGAS.RT.ZS,Natural gas rents (% of GDP),2014,0,,1
LBN,Lebanon,NY.GDP.NGAS.RT.ZS,Natural gas rents (% of GDP),2013,0,,1
LBN,Lebanon,NY.GDP.NGAS.RT.ZS,Natural gas rents (% of GDP),2012,0,,1
LBN,Lebanon,NY.GDP.NGAS.RT.ZS,Natural gas rents (% of GDP),2011,0,,1
LBN,Lebanon,NY.GDP.NGAS.RT.ZS,Natural gas rents (% of GDP),2010,0,,1
LBN,Lebanon,NY.GDP.NGAS.RT.ZS,Natural gas rents (% of GDP),2009,0,,1
LBN,Lebanon,NY.GDP.NGAS.RT.ZS,Natural gas rents (% of GDP),2008,0,,1
LBN,Lebanon,NY.GDP.NGAS.RT.ZS,Natural gas rents (% of GDP),2007,0,,1
LBN,Lebanon,NY.GDP.NGAS.RT.ZS,Natural gas rents (% of GDP),2006,0,,1
LBN,Lebanon,NY.GDP.NGAS.RT.ZS,Natural gas rents (% of GDP),2005,0,,1
LBN,Lebanon,NY.GDP.NGAS.RT.ZS,Natural gas rents (% of GDP),2004,0,,1
LBN,Lebanon,NY.GDP.NGAS.RT.ZS,Natural gas rents (% of GDP),2003,0,,1
LBN,Lebanon,NY.GDP.NGAS.RT.ZS,Natural gas rents (% of GDP),2002,0,,1
LBN,Lebanon,NY.GDP.NGAS.RT.ZS,Natural gas rents (% of GDP),2001,0,,1
LBN,Lebanon,NY.GDP.NGAS.RT.ZS,Natural gas rents (% of GDP),2000,0,,1
LBN,Lebanon,NY.GDP.NGAS.RT.ZS,Natural gas rents (% of GDP),1999,0,,1
LBN,Lebanon,NY.GDP.NGAS.RT.ZS,Natural gas rents (% of GDP),1998,0,,1
LBN,Lebanon,NY.GDP.NGAS.RT.ZS,Natural gas rents (% of GDP),1997,0,,1
LBN,Lebanon,NY.GDP.NGAS.RT.ZS,Natural gas rents (% of GDP),1996,0,,1
LBN,Lebanon,NY.GDP.NGAS.RT.ZS,Natural gas rents (% of GDP),1995,0,,1
LBN,Lebanon,NY.GDP.NGAS.RT.ZS,Natural gas rents (% of GDP),1994,0,,1
LBN,Lebanon,NY.GDP.NGAS.RT.ZS,Natural gas rents (% of GDP),1993,0,,1
LBN,Lebanon,NY.GDP.NGAS.RT.ZS,Natural gas rents (% of GDP),1992,0,,1
LBN,Lebanon,NY.GDP.NGAS.RT.ZS,Natural gas rents (% of GDP),1991,0,,1
LBN,Lebanon,NY.GDP.NGAS.RT.ZS,Natural gas rents (% of GDP),1990,0,,1
LBN,Lebanon,NY.GDP.NGAS.RT.ZS,Natural gas rents (% of GDP),1989,0,,1
LBN,Lebanon,NY.GDP.NGAS.RT.ZS,Natural gas rents (% of GDP),1988,0,,1
LSO,Lesotho,NY.GDP.NGAS.RT.ZS,Natural gas rents (% of GDP),2021,0,,1
LSO,Lesotho,NY.GDP.NGAS.RT.ZS,Natural gas rents (% of GDP),2020,0,,1
LSO,Lesotho,NY.GDP.NGAS.RT.ZS,Natural gas rents (% of GDP),2019,0,,1
LSO,Lesotho,NY.GDP.NGAS.RT.ZS,Natural gas rents (% of GDP),2018,0,,1
LSO,Lesotho,NY.GDP.NGAS.RT.ZS,Natural gas rents (% of GDP),2017,0,,1
LSO,Lesotho,NY.GDP.NGAS.RT.ZS,Natural gas rents (% of GDP),2016,0,,1
LSO,Lesotho,NY.GDP.NGAS.RT.ZS,Natural gas rents (% of GDP),2015,0,,1
LSO,Lesotho,NY.GDP.NGAS.RT.ZS,Natural gas rents (% of GDP),2014,0,,1
LSO,Lesotho,NY.GDP.NGAS.RT.ZS,Natural gas rents (% of GDP),2013,0,,1
LSO,Lesotho,NY.GDP.NGAS.RT.ZS,Natural gas rents (% of GDP),2012,0,,1
LSO,Lesotho,NY.GDP.NGAS.RT.ZS,Natural gas rents (% of GDP),2011,0,,1
LSO,Lesotho,NY.GDP.NGAS.RT.ZS,Natural gas rents (% of GDP),2010,0,,1
LSO,Lesotho,NY.GDP.NGAS.RT.ZS,Natural gas rents (% of GDP),2009,0,,1
LSO,Lesotho,NY.GDP.NGAS.RT.ZS,Natural gas rents (% of GDP),2008,0,,1
LSO,Lesotho,NY.GDP.NGAS.RT.ZS,Natural gas rents (% of GDP),2007,0,,1
LSO,Lesotho,NY.GDP.NGAS.RT.ZS,Natural gas rents (% of GDP),2006,0,,1
LSO,Lesotho,NY.GDP.NGAS.RT.ZS,Natural gas rents (% of GDP),2005,0,,1
LSO,Lesotho,NY.GDP.NGAS.RT.ZS,Natural gas rents (% of GDP),2004,0,,1
LSO,Lesotho,NY.GDP.NGAS.RT.ZS,Natural gas rents (% of GDP),2003,0,,1
LSO,Lesotho,NY.GDP.NGAS.RT.ZS,Natural gas rents (% of GDP),2002,0,,1
LSO,Lesotho,NY.GDP.NGAS.RT.ZS,Natural gas rents (% of GDP),2001,0,,1
LSO,Lesotho,NY.GDP.NGAS.RT.ZS,Natural gas rents (% of GDP),2000,0,,1
LSO,Lesotho,NY.GDP.NGAS.RT.ZS,Natural gas rents (% of GDP),1999,0,,1
LSO,Lesotho,NY.GDP.NGAS.RT.ZS,Natural gas rents (% of GDP),1998,0,,1
LSO,Lesotho,NY.GDP.NGAS.RT.ZS,Natural gas rents (% of GDP),1997,0,,1
LSO,Lesotho,NY.GDP.NGAS.RT.ZS,Natural gas rents (% of GDP),1996,0,,1
LSO,Lesotho,NY.GDP.NGAS.RT.ZS,Natural gas rents (% of GDP),1995,0,,1
LSO,Lesotho,NY.GDP.NGAS.RT.ZS,Natural gas rents (% of GDP),1994,0,,1
LSO,Lesotho,NY.GDP.NGAS.RT.ZS,Natural gas rents (% of GDP),1993,0,,1
LSO,Lesotho,NY.GDP.NGAS.RT.ZS,Natural gas rents (% of GDP),1992,0,,1
LSO,Lesotho,NY.GDP.NGAS.RT.ZS,Natural gas rents (% of GDP),1991,0,,1
LSO,Lesotho,NY.GDP.NGAS.RT.ZS,Natural gas rents (% of GDP),1990,0,,1
LSO,Lesotho,NY.GDP.NGAS.RT.ZS,Natural gas rents (% of GDP),1989,0,,1
LSO,Lesotho,NY.GDP.NGAS.RT.ZS,Natural gas rents (% of GDP),1988,0,,1
LSO,Lesotho,NY.GDP.NGAS.RT.ZS,Natural gas rents (% of GDP),1987,0,,1
LSO,Lesotho,NY.GDP.NGAS.RT.ZS,Natural gas rents (% of GDP),1986,0,,1
LSO,Lesotho,NY.GDP.NGAS.RT.ZS,Natural gas rents (% of GDP),1985,0,,1
LSO,Lesotho,NY.GDP.NGAS.RT.ZS,Natural gas rents (% of GDP),1984,0,,1
LSO,Lesotho,NY.GDP.NGAS.RT.ZS,Natural gas rents (% of GDP),1983,0,,1
LSO,Lesotho,NY.GDP.NGAS.RT.ZS,Natural gas rents (% of GDP),1982,0,,1
LSO,Lesotho,NY.GDP.NGAS.RT.ZS,Natural gas rents (% of GDP),1981,0,,1
LSO,Lesotho,NY.GDP.NGAS.RT.ZS,Natural gas rents (% of GDP),1980,0,,1
LBR,Liberia,NY.GDP.NGAS.RT.ZS,Natural gas rents (% of GDP),2021,0,,1
LBR,Liberia,NY.GDP.NGAS.RT.ZS,Natural gas rents (% of GDP),2020,0,,1
LBR,Liberia,NY.GDP.NGAS.RT.ZS,Natural gas rents (% of GDP),2019,0,,1
LBR,Liberia,NY.GDP.NGAS.RT.ZS,Natural gas rents (% of GDP),2018,0,,1
LBR,Liberia,NY.GDP.NGAS.RT.ZS,Natural gas rents (% of GDP),2017,0,,1
LBR,Liberia,NY.GDP.NGAS.RT.ZS,Natural gas rents (% of GDP),2016,0,,1
LBR,Liberia,NY.GDP.NGAS.RT.ZS,Natural gas rents (% of GDP),2015,0,,1
LBR,Liberia,NY.GDP.NGAS.RT.ZS,Natural gas rents (% of GDP),2014,0,,1
LBR,Liberia,NY.GDP.NGAS.RT.ZS,Natural gas rents (% of GDP),2013,0,,1
LBR,Liberia,NY.GDP.NGAS.RT.ZS,Natural gas rents (% of GDP),2012,0,,1
LBR,Liberia,NY.GDP.NGAS.RT.ZS,Natural gas rents (% of GDP),2011,0,,1
LBR,Liberia,NY.GDP.NGAS.RT.ZS,Natural gas rents (% of GDP),2010,0,,1
LBR,Liberia,NY.GDP.NGAS.RT.ZS,Natural gas rents (% of GDP),2009,0,,1
LBR,Liberia,NY.GDP.NGAS.RT.ZS,Natural gas rents (% of GDP),2008,0,,1
LBR,Liberia,NY.GDP.NGAS.RT.ZS,Natural gas rents (% of GDP),2007,0,,1
LBR,Liberia,NY.GDP.NGAS.RT.ZS,Natural gas rents (% of GDP),2006,0,,1
LBR,Liberia,NY.GDP.NGAS.RT.ZS,Natural gas rents (% of GDP),2005,0,,1
LBR,Liberia,NY.GDP.NGAS.RT.ZS,Natural gas rents (% of GDP),2004,0,,1
LBR,Liberia,NY.GDP.NGAS.RT.ZS,Natural gas rents (% of GDP),2003,0,,1
LBR,Liberia,NY.GDP.NGAS.RT.ZS,Natural gas rents (% of GDP),2002,0,,1
LBR,Liberia,NY.GDP.NGAS.RT.ZS,Natural gas rents (% of GDP),2001,0,,1
LBR,Liberia,NY.GDP.NGAS.RT.ZS,Natural gas rents (% of GDP),2000,0,,1
LBY,Libya,NY.GDP.NGAS.RT.ZS,Natural gas rents (% of GDP),2021,4.58022937363502,,1
LBY,Libya,NY.GDP.NGAS.RT.ZS,Natural gas rents (% of GDP),2020,2.16630490857925,,1
LBY,Libya,NY.GDP.NGAS.RT.ZS,Natural gas rents (% of GDP),2019,1.68853062615573,,1
LBY,Libya,NY.GDP.NGAS.RT.ZS,Natural gas rents (% of GDP),2018,1.54108781216236,,1
LBY,Libya,NY.GDP.NGAS.RT.ZS,Natural gas rents (% of GDP),2017,1.13858543021991,,1
LBY,Libya,NY.GDP.NGAS.RT.ZS,Natural gas rents (% of GDP),2016,1.37802629270615,,1
LBY,Libya,NY.GDP.NGAS.RT.ZS,Natural gas rents (% of GDP),2015,1.86281114357274,,1
LBY,Libya,NY.GDP.NGAS.RT.ZS,Natural gas rents (% of GDP),2014,2.28817061051005,,1
LBY,Libya,NY.GDP.NGAS.RT.ZS,Natural gas rents (% of GDP),2013,1.88859809428919,,1
LBY,Libya,NY.GDP.NGAS.RT.ZS,Natural gas rents (% of GDP),2012,1.42580825881716,,1
LBY,Libya,NY.GDP.NGAS.RT.ZS,Natural gas rents (% of GDP),2011,1.15243299574461,,1
LBY,Libya,NY.GDP.NGAS.RT.ZS,Natural gas rents (% of GDP),2010,1.39408948599556,,1
LBY,Libya,NY.GDP.NGAS.RT.ZS,Natural gas rents (% of GDP),2009,1.77360153552263,,1
LBY,Libya,NY.GDP.NGAS.RT.ZS,Natural gas rents (% of GDP),2008,1.21083129603755,,1
LBY,Libya,NY.GDP.NGAS.RT.ZS,Natural gas rents (% of GDP),2007,1.41426530663488,,1
LBY,Libya,NY.GDP.NGAS.RT.ZS,Natural gas rents (% of GDP),2006,1.33425165972172,,1
LBY,Libya,NY.GDP.NGAS.RT.ZS,Natural gas rents (% of GDP),2005,1.28973568533705,,1
LBY,Libya,NY.GDP.NGAS.RT.ZS,Natural gas rents (% of GDP),2004,1.02085475369624,,1
LBY,Libya,NY.GDP.NGAS.RT.ZS,Natural gas rents (% of GDP),2003,0.820892853183124,,1
LBY,Libya,NY.GDP.NGAS.RT.ZS,Natural gas rents (% of GDP),2002,1.17058840670198,,1
LBY,Libya,NY.GDP.NGAS.RT.ZS,Natural gas rents (% of GDP),2001,0.858452679296687,,1
LBY,Libya,NY.GDP.NGAS.RT.ZS,Natural gas rents (% of GDP),2000,0.64878145322726,,1
LBY,Libya,NY.GDP.NGAS.RT.ZS,Natural gas rents (% of GDP),1999,0.462370901257643,,1
LBY,Libya,NY.GDP.NGAS.RT.ZS,Natural gas rents (% of GDP),1998,0.814525728604263,,1
LBY,Libya,NY.GDP.NGAS.RT.ZS,Natural gas rents (% of GDP),1997,0.804050121832851,,1
LBY,Libya,NY.GDP.NGAS.RT.ZS,Natural gas rents (% of GDP),1996,0.812675513880029,,1
LBY,Libya,NY.GDP.NGAS.RT.ZS,Natural gas rents (% of GDP),1995,0.802673310614926,,1
LBY,Libya,NY.GDP.NGAS.RT.ZS,Natural gas rents (% of GDP),1994,0.670784940101143,,1
LBY,Libya,NY.GDP.NGAS.RT.ZS,Natural gas rents (% of GDP),1993,0.592186420751276,,1
LBY,Libya,NY.GDP.NGAS.RT.ZS,Natural gas rents (% of GDP),1992,0.545295583652784,,1
LBY,Libya,NY.GDP.NGAS.RT.ZS,Natural gas rents (% of GDP),1991,0.582906557798307,,1
LBY,Libya,NY.GDP.NGAS.RT.ZS,Natural gas rents (% of GDP),1990,0.639022421010983,,1
LTU,Lithuania,NY.GDP.NGAS.RT.ZS,Natural gas rents (% of GDP),2021,0,,1
LTU,Lithuania,NY.GDP.NGAS.RT.ZS,Natural gas rents (% of GDP),2020,0,,1
LTU,Lithuania,NY.GDP.NGAS.RT.ZS,Natural gas rents (% of GDP),2019,0,,1
LTU,Lithuania,NY.GDP.NGAS.RT.ZS,Natural gas rents (% of GDP),2018,0,,1
LTU,Lithuania,NY.GDP.NGAS.RT.ZS,Natural gas rents (% of GDP),2017,0,,1
LTU,Lithuania,NY.GDP.NGAS.RT.ZS,Natural gas rents (% of GDP),2016,0,,1
LTU,Lithuania,NY.GDP.NGAS.RT.ZS,Natural gas rents (% of GDP),2015,0,,1
LTU,Lithuania,NY.GDP.NGAS.RT.ZS,Natural gas rents (% of GDP),2014,0,,1
LTU,Lithuania,NY.GDP.NGAS.RT.ZS,Natural gas rents (% of GDP),2013,0,,1
LTU,Lithuania,NY.GDP.NGAS.RT.ZS,Natural gas rents (% of GDP),2012,0,,1
LTU,Lithuania,NY.GDP.NGAS.RT.ZS,Natural gas rents (% of GDP),2011,0,,1
LTU,Lithuania,NY.GDP.NGAS.RT.ZS,Natural gas rents (% of GDP),2010,0,,1
LTU,Lithuania,NY.GDP.NGAS.RT.ZS,Natural gas rents (% of GDP),2009,0,,1
LTU,Lithuania,NY.GDP.NGAS.RT.ZS,Natural gas rents (% of GDP),2008,0,,1
LTU,Lithuania,NY.GDP.NGAS.RT.ZS,Natural gas rents (% of GDP),2007,0,,1
LTU,Lithuania,NY.GDP.NGAS.RT.ZS,Natural gas rents (% of GDP),2006,0,,1
LTU,Lithuania,NY.GDP.NGAS.RT.ZS,Natural gas rents (% of GDP),2005,0,,1
LTU,Lithuania,NY.GDP.NGAS.RT.ZS,Natural gas rents (% of GDP),2004,0,,1
LTU,Lithuania,NY.GDP.NGAS.RT.ZS,Natural gas rents (% of GDP),2003,0,,1
LTU,Lithuania,NY.GDP.NGAS.RT.ZS,Natural gas rents (% of GDP),2002,0,,1
LTU,Lithuania,NY.GDP.NGAS.RT.ZS,Natural gas rents (% of GDP),2001,0,,1
LTU,Lithuania,NY.GDP.NGAS.RT.ZS,Natural gas rents (% of GDP),2000,0,,1
LTU,Lithuania,NY.GDP.NGAS.RT.ZS,Natural gas rents (% of GDP),1999,0,,1
LTU,Lithuania,NY.GDP.NGAS.RT.ZS,Natural gas rents (% of GDP),1998,0,,1
LTU,Lithuania,NY.GDP.NGAS.RT.ZS,Natural gas rents (% of GDP),1997,0,,1
LTU,Lithuania,NY.GDP.NGAS.RT.ZS,Natural gas rents (% of GDP),1996,0,,1
LTU,Lithuania,NY.GDP.NGAS.RT.ZS,Natural gas rents (% of GDP),1995,0,,1
LUX,Luxembourg,NY.GDP.NGAS.RT.ZS,Natural gas rents (% of GDP),2021,0,,1
LUX,Luxembourg,NY.GDP.NGAS.RT.ZS,Natural gas rents (% of GDP),2020,0,,1
LUX,Luxembourg,NY.GDP.NGAS.RT.ZS,Natural gas rents (% of GDP),2019,0,,1
LUX,Luxembourg,NY.GDP.NGAS.RT.ZS,Natural gas rents (% of GDP),2018,0,,1
LUX,Luxembourg,NY.GDP.NGAS.RT.ZS,Natural gas rents (% of GDP),2017,0,,1
LUX,Luxembourg,NY.GDP.NGAS.RT.ZS,Natural gas rents (% of GDP),2016,0,,1
LUX,Luxembourg,NY.GDP.NGAS.RT.ZS,Natural gas rents (% of GDP),2015,0,,1
LUX,Luxembourg,NY.GDP.NGAS.RT.ZS,Natural gas rents (% of GDP),2014,0,,1
LUX,Luxembourg,NY.GDP.NGAS.RT.ZS,Natural gas rents (% of GDP),2013,0,,1
LUX,Luxembourg,NY.GDP.NGAS.RT.ZS,Natural gas rents (% of GDP),2012,0,,1
LUX,Luxembourg,NY.GDP.NGAS.RT.ZS,Natural gas rents (% of GDP),2011,0,,1
LUX,Luxembourg,NY.GDP.NGAS.RT.ZS,Natural gas rents (% of GDP),2010,0,,1
LUX,Luxembourg,NY.GDP.NGAS.RT.ZS,Natural gas rents (% of GDP),2009,0,,1
LUX,Luxembourg,NY.GDP.NGAS.RT.ZS,Natural gas rents (% of GDP),2008,0,,1
LUX,Luxembourg,NY.GDP.NGAS.RT.ZS,Natural gas rents (% of GDP),2007,0,,1
LUX,Luxembourg,NY.GDP.NGAS.RT.ZS,Natural gas rents (% of GDP),2006,0,,1
LUX,Luxembourg,NY.GDP.NGAS.RT.ZS,Natural gas rents (% of GDP),2005,0,,1
LUX,Luxembourg,NY.GDP.NGAS.RT.ZS,Natural gas rents (% of GDP),2004,0,,1
LUX,Luxembourg,NY.GDP.NGAS.RT.ZS,Natural gas rents (% of GDP),2003,0,,1
LUX,Luxembourg,NY.GDP.NGAS.RT.ZS,Natural gas rents (% of GDP),2002,0,,1
LUX,Luxembourg,NY.GDP.NGAS.RT.ZS,Natural gas rents (% of GDP),2001,0,,1
LUX,Luxembourg,NY.GDP.NGAS.RT.ZS,Natural gas rents (% of GDP),2000,0,,1
LUX,Luxembourg,NY.GDP.NGAS.RT.ZS,Natural gas rents (% of GDP),1999,0,,1
LUX,Luxembourg,NY.GDP.NGAS.RT.ZS,Natural gas rents (% of GDP),1998,0,,1
LUX,Luxembourg,NY.GDP.NGAS.RT.ZS,Natural gas rents (% of GDP),1997,0,,1
LUX,Luxembourg,NY.GDP.NGAS.RT.ZS,Natural gas rents (% of GDP),1996,0,,1
LUX,Luxembourg,NY.GDP.NGAS.RT.ZS,Natural gas rents (% of GDP),1995,0,,1
LUX,Luxembourg,NY.GDP.NGAS.RT.ZS,Natural gas rents (% of GDP),1994,0,,1
LUX,Luxembourg,NY.GDP.NGAS.RT.ZS,Natural gas rents (% of GDP),1993,0,,1
LUX,Luxembourg,NY.GDP.NGAS.RT.ZS,Natural gas rents (% of GDP),1992,0,,1
LUX,Luxembourg,NY.GDP.NGAS.RT.ZS,Natural gas rents (% of GDP),1991,0,,1
LUX,Luxembourg,NY.GDP.NGAS.RT.ZS,Natural gas rents (% of GDP),1990,0,,1
LUX,Luxembourg,NY.GDP.NGAS.RT.ZS,Natural gas rents (% of GDP),1989,0,,1
LUX,Luxembourg,NY.GDP.NGAS.RT.ZS,Natural gas rents (% of GDP),1988,0,,1
LUX,Luxembourg,NY.GDP.NGAS.RT.ZS,Natural gas rents (% of GDP),1987,0,,1
LUX,Luxembourg,NY.GDP.NGAS.RT.ZS,Natural gas rents (% of GDP),1986,0,,1
LUX,Luxembourg,NY.GDP.NGAS.RT.ZS,Natural gas rents (% of GDP),1985,0,,1
LUX,Luxembourg,NY.GDP.NGAS.RT.ZS,Natural gas rents (% of GDP),1984,0,,1
LUX,Luxembourg,NY.GDP.NGAS.RT.ZS,Natural gas rents (% of GDP),1983,0,,1
LUX,Luxembourg,NY.GDP.NGAS.RT.ZS,Natural gas rents (% of GDP),1982,0,,1
LUX,Luxembourg,NY.GDP.NGAS.RT.ZS,Natural gas rents (% of GDP),1981,0,,1
LUX,Luxembourg,NY.GDP.NGAS.RT.ZS,Natural gas rents (% of GDP),1980,0,,1
LUX,Luxembourg,NY.GDP.NGAS.RT.ZS,Natural gas rents (% of GDP),1979,0,,1
LUX,Luxembourg,NY.GDP.NGAS.RT.ZS,Natural gas rents (% of GDP),1978,0,,1
LUX,Luxembourg,NY.GDP.NGAS.RT.ZS,Natural gas rents (% of GDP),1977,0,,1
LUX,Luxembourg,NY.GDP.NGAS.RT.ZS,Natural gas rents (% of GDP),1976,0,,1
LUX,Luxembourg,NY.GDP.NGAS.RT.ZS,Natural gas rents (% of GDP),1975,0,,1
LUX,Luxembourg,NY.GDP.NGAS.RT.ZS,Natural gas rents (% of GDP),1974,0,,1
LUX,Luxembourg,NY.GDP.NGAS.RT.ZS,Natural gas rents (% of GDP),1973,0,,1
LUX,Luxembourg,NY.GDP.NGAS.RT.ZS,Natural gas rents (% of GDP),1972,0,,1
LUX,Luxembourg,NY.GDP.NGAS.RT.ZS,Natural gas rents (% of GDP),1971,0,,1
LUX,Luxembourg,NY.GDP.NGAS.RT.ZS,Natural gas rents (% of GDP),1970,0,,1
MAC,"Macao SAR, China",NY.GDP.NGAS.RT.ZS,Natural gas rents (% of GDP),2021,0,,1
MAC,"Macao SAR, China",NY.GDP.NGAS.RT.ZS,Natural gas rents (% of GDP),2020,0,,1
MAC,"Macao SAR, China",NY.GDP.NGAS.RT.ZS,Natural gas rents (% of GDP),2019,0,,1
MAC,"Macao SAR, China",NY.GDP.NGAS.RT.ZS,Natural gas rents (% of GDP),2018,0,,1
MAC,"Macao SAR, China",NY.GDP.NGAS.RT.ZS,Natural gas rents (% of GDP),2017,0,,1
MAC,"Macao SAR, China",NY.GDP.NGAS.RT.ZS,Natural gas rents (% of GDP),2016,0,,1
MAC,"Macao SAR, China",NY.GDP.NGAS.RT.ZS,Natural gas rents (% of GDP),2015,0,,1
MAC,"Macao SAR, China",NY.GDP.NGAS.RT.ZS,Natural gas rents (% of GDP),2014,0,,1
MAC,"Macao SAR, China",NY.GDP.NGAS.RT.ZS,Natural gas rents (% of GDP),2013,0,,1
MAC,"Macao SAR, China",NY.GDP.NGAS.RT.ZS,Natural gas rents (% of GDP),2012,0,,1
MAC,"Macao SAR, China",NY.GDP.NGAS.RT.ZS,Natural gas rents (% of GDP),2011,0,,1
MAC,"Macao SAR, China",NY.GDP.NGAS.RT.ZS,Natural gas rents (% of GDP),2010,0,,1
MAC,"Macao SAR, China",NY.GDP.NGAS.RT.ZS,Natural gas rents (% of GDP),2009,0,,1
MAC,"Macao SAR, China",NY.GDP.NGAS.RT.ZS,Natural gas rents (% of GDP),2008,0,,1
MAC,"Macao SAR, China",NY.GDP.NGAS.RT.ZS,Natural gas rents (% of GDP),2007,0,,1
MAC,"Macao SAR, China",NY.GDP.NGAS.RT.ZS,Natural gas rents (% of GDP),2006,0,,1
MAC,"Macao SAR, China",NY.GDP.NGAS.RT.ZS,Natural gas rents (% of GDP),2005,0,,1
MAC,"Macao SAR, China",NY.GDP.NGAS.RT.ZS,Natural gas rents (% of GDP),2004,0,,1
MAC,"Macao SAR, China",NY.GDP.NGAS.RT.ZS,Natural gas rents (% of GDP),2003,0,,1
MAC,"Macao SAR, China",NY.GDP.NGAS.RT.ZS,Natural gas rents (% of GDP),2002,0,,1
MAC,"Macao SAR, China",NY.GDP.NGAS.RT.ZS,Natural gas rents (% of GDP),2001,0,,1
MAC,"Macao SAR, China",NY.GDP.NGAS.RT.ZS,Natural gas rents (% of GDP),2000,0,,1
MAC,"Macao SAR, China",NY.GDP.NGAS.RT.ZS,Natural gas rents (% of GDP),1999,0,,1
MAC,"Macao SAR, China",NY.GDP.NGAS.RT.ZS,Natural gas rents (% of GDP),1998,0,,1
MAC,"Macao SAR, China",NY.GDP.NGAS.RT.ZS,Natural gas rents (% of GDP),1997,0,,1
MAC,"Macao SAR, China",NY.GDP.NGAS.RT.ZS,Natural gas rents (% of GDP),1996,0,,1
MAC,"Macao SAR, China",NY.GDP.NGAS.RT.ZS,Natural gas rents (% of GDP),1995,0,,1
MAC,"Macao SAR, China",NY.GDP.NGAS.RT.ZS,Natural gas rents (% of GDP),1994,0,,1
MAC,"Macao SAR, China",NY.GDP.NGAS.RT.ZS,Natural gas rents (% of GDP),1993,0,,1
MAC,"Macao SAR, China",NY.GDP.NGAS.RT.ZS,Natural gas rents (% of GDP),1992,0,,1
MAC,"Macao SAR, China",NY.GDP.NGAS.RT.ZS,Natural gas rents (% of GDP),1991,0,,1
MAC,"Macao SAR, China",NY.GDP.NGAS.RT.ZS,Natural gas rents (% of GDP),1990,0,,1
MAC,"Macao SAR, China",NY.GDP.NGAS.RT.ZS,Natural gas rents (% of GDP),1989,0,,1
MAC,"Macao SAR, China",NY.GDP.NGAS.RT.ZS,Natural gas rents (% of GDP),1988,0,,1
MAC,"Macao SAR, China",NY.GDP.NGAS.RT.ZS,Natural gas rents (% of GDP),1987,0,,1
MAC,"Macao SAR, China",NY.GDP.NGAS.RT.ZS,Natural gas rents (% of GDP),1986,0,,1
MAC,"Macao SAR, China",NY.GDP.NGAS.RT.ZS,Natural gas rents (% of GDP),1985,0,,1
MAC,"Macao SAR, China",NY.GDP.NGAS.RT.ZS,Natural gas rents (% of GDP),1984,0,,1
MAC,"Macao SAR, China",NY.GDP.NGAS.RT.ZS,Natural gas rents (% of GDP),1983,0,,1
MAC,"Macao SAR, China",NY.GDP.NGAS.RT.ZS,Natural gas rents (% of GDP),1982,0,,1
MDG,Madagascar,NY.GDP.NGAS.RT.ZS,Natural gas rents (% of GDP),2021,0,,1
MDG,Madagascar,NY.GDP.NGAS.RT.ZS,Natural gas rents (% of GDP),2020,0,,1
MDG,Madagascar,NY.GDP.NGAS.RT.ZS,Natural gas rents (% of GDP),2019,0,,1
MDG,Madagascar,NY.GDP.NGAS.RT.ZS,Natural gas rents (% of GDP),2018,0,,1
MDG,Madagascar,NY.GDP.NGAS.RT.ZS,Natural gas rents (% of GDP),2017,0,,1
MDG,Madagascar,NY.GDP.NGAS.RT.ZS,Natural gas rents (% of GDP),2016,0,,1
MDG,Madagascar,NY.GDP.NGAS.RT.ZS,Natural gas rents (% of GDP),2015,0,,1
MDG,Madagascar,NY.GDP.NGAS.RT.ZS,Natural gas rents (% of GDP),2014,0,,1
MDG,Madagascar,NY.GDP.NGAS.RT.ZS,Natural gas rents (% of GDP),2013,0,,1
MDG,Madagascar,NY.GDP.NGAS.RT.ZS,Natural gas rents (% of GDP),2012,0,,1
MDG,Madagascar,NY.GDP.NGAS.RT.ZS,Natural gas rents (% of GDP),2011,0,,1
MDG,Madagascar,NY.GDP.NGAS.RT.ZS,Natural gas rents (% of GDP),2010,0,,1
MDG,Madagascar,NY.GDP.NGAS.RT.ZS,Natural gas rents (% of GDP),2009,0,,1
MDG,Madagascar,NY.GDP.NGAS.RT.ZS,Natural gas rents (% of GDP),2008,0,,1
MDG,Madagascar,NY.GDP.NGAS.RT.ZS,Natural gas rents (% of GDP),2007,0,,1
MDG,Madagascar,NY.GDP.NGAS.RT.ZS,Natural gas rents (% of GDP),2006,0,,1
MDG,Madagascar,NY.GDP.NGAS.RT.ZS,Natural gas rents (% of GDP),2005,0,,1
MDG,Madagascar,NY.GDP.NGAS.RT.ZS,Natural gas rents (% of GDP),2004,0,,1
MDG,Madagascar,NY.GDP.NGAS.RT.ZS,Natural gas rents (% of GDP),2003,0,,1
MDG,Madagascar,NY.GDP.NGAS.RT.ZS,Natural gas rents (% of GDP),2002,0,,1
MDG,Madagascar,NY.GDP.NGAS.RT.ZS,Natural gas rents (% of GDP),2001,0,,1
MDG,Madagascar,NY.GDP.NGAS.RT.ZS,Natural gas rents (% of GDP),2000,0,,1
MDG,Madagascar,NY.GDP.NGAS.RT.ZS,Natural gas rents (% of GDP),1999,0,,1
MDG,Madagascar,NY.GDP.NGAS.RT.ZS,Natural gas rents (% of GDP),1998,0,,1
MDG,Madagascar,NY.GDP.NGAS.RT.ZS,Natural gas rents (% of GDP),1997,0,,1
MDG,Madagascar,NY.GDP.NGAS.RT.ZS,Natural gas rents (% of GDP),1996,0,,1
MDG,Madagascar,NY.GDP.NGAS.RT.ZS,Natural gas rents (% of GDP),1995,0,,1
MDG,Madagascar,NY.GDP.NGAS.RT.ZS,Natural gas rents (% of GDP),1994,0,,1
MDG,Madagascar,NY.GDP.NGAS.RT.ZS,Natural gas rents (% of GDP),1993,0,,1
MDG,Madagascar,NY.GDP.NGAS.RT.ZS,Natural gas rents (% of GDP),1992,0,,1
MDG,Madagascar,NY.GDP.NGAS.RT.ZS,Natural gas rents (% of GDP),1991,0,,1
MDG,Madagascar,NY.GDP.NGAS.RT.ZS,Natural gas rents (% of GDP),1990,0,,1
MDG,Madagascar,NY.GDP.NGAS.RT.ZS,Natural gas rents (% of GDP),1989,0,,1
MDG,Madagascar,NY.GDP.NGAS.RT.ZS,Natural gas rents (% of GDP),1988,0,,1
MDG,Madagascar,NY.GDP.NGAS.RT.ZS,Natural gas rents (% of GDP),1987,0,,1
MDG,Madagascar,NY.GDP.NGAS.RT.ZS,Natural gas rents (% of GDP),1986,0,,1
MDG,Madagascar,NY.GDP.NGAS.RT.ZS,Natural gas rents (% of GDP),1985,0,,1
MDG,Madagascar,NY.GDP.NGAS.RT.ZS,Natural gas rents (% of GDP),1984,0,,1
MDG,Madagascar,NY.GDP.NGAS.RT.ZS,Natural gas rents (% of GDP),1983,0,,1
MDG,Madagascar,NY.GDP.NGAS.RT.ZS,Natural gas rents (% of GDP),1982,0,,1
MDG,Madagascar,NY.GDP.NGAS.RT.ZS,Natural gas rents (% of GDP),1981,0,,1
MDG,Madagascar,NY.GDP.NGAS.RT.ZS,Natural gas rents (% of GDP),1980,0,,1
MWI,Malawi,NY.GDP.NGAS.RT.ZS,Natural gas rents (% of GDP),2021,0,,1
MWI,Malawi,NY.GDP.NGAS.RT.ZS,Natural gas rents (% of GDP),2020,0,,1
MWI,Malawi,NY.GDP.NGAS.RT.ZS,Natural gas rents (% of GDP),2019,0,,1
MWI,Malawi,NY.GDP.NGAS.RT.ZS,Natural gas rents (% of GDP),2018,0,,1
MWI,Malawi,NY.GDP.NGAS.RT.ZS,Natural gas rents (% of GDP),2017,0,,1
MWI,Malawi,NY.GDP.NGAS.RT.ZS,Natural gas rents (% of GDP),2016,0,,1
MWI,Malawi,NY.GDP.NGAS.RT.ZS,Natural gas rents (% of GDP),2015,0,,1
MWI,Malawi,NY.GDP.NGAS.RT.ZS,Natural gas rents (% of GDP),2014,0,,1
MWI,Malawi,NY.GDP.NGAS.RT.ZS,Natural gas rents (% of GDP),2013,0,,1
MWI,Malawi,NY.GDP.NGAS.RT.ZS,Natural gas rents (% of GDP),2012,0,,1
MWI,Malawi,NY.GDP.NGAS.RT.ZS,Natural gas rents (% of GDP),2011,0,,1
MWI,Malawi,NY.GDP.NGAS.RT.ZS,Natural gas rents (% of GDP),2010,0,,1
MWI,Malawi,NY.GDP.NGAS.RT.ZS,Natural gas rents (% of GDP),2009,0,,1
MWI,Malawi,NY.GDP.NGAS.RT.ZS,Natural gas rents (% of GDP),2008,0,,1
MWI,Malawi,NY.GDP.NGAS.RT.ZS,Natural gas rents (% of GDP),2007,0,,1
MWI,Malawi,NY.GDP.NGAS.RT.ZS,Natural gas rents (% of GDP),2006,0,,1
MWI,Malawi,NY.GDP.NGAS.RT.ZS,Natural gas rents (% of GDP),2005,0,,1
MWI,Malawi,NY.GDP.NGAS.RT.ZS,Natural gas rents (% of GDP),2004,0,,1
MWI,Malawi,NY.GDP.NGAS.RT.ZS,Natural gas rents (% of GDP),2003,0,,1
MWI,Malawi,NY.GDP.NGAS.RT.ZS,Natural gas rents (% of GDP),2002,0,,1
MWI,Malawi,NY.GDP.NGAS.RT.ZS,Natural gas rents (% of GDP),2001,0,,1
MWI,Malawi,NY.GDP.NGAS.RT.ZS,Natural gas rents (% of GDP),2000,0,,1
MWI,Malawi,NY.GDP.NGAS.RT.ZS,Natural gas rents (% of GDP),1999,0,,1
MWI,Malawi,NY.GDP.NGAS.RT.ZS,Natural gas rents (% of GDP),1998,0,,1
MWI,Malawi,NY.GDP.NGAS.RT.ZS,Natural gas rents (% of GDP),1997,0,,1
MWI,Malawi,NY.GDP.NGAS.RT.ZS,Natural gas rents (% of GDP),1996,0,,1
MWI,Malawi,NY.GDP.NGAS.RT.ZS,Natural gas rents (% of GDP),1995,0,,1
MWI,Malawi,NY.GDP.NGAS.RT.ZS,Natural gas rents (% of GDP),1994,0,,1
MWI,Malawi,NY.GDP.NGAS.RT.ZS,Natural gas rents (% of GDP),1993,0,,1
MWI,Malawi,NY.GDP.NGAS.RT.ZS,Natural gas rents (% of GDP),1992,0,,1
MWI,Malawi,NY.GDP.NGAS.RT.ZS,Natural gas rents (% of GDP),1991,0,,1
MWI,Malawi,NY.GDP.NGAS.RT.ZS,Natural gas rents (% of GDP),1990,0,,1
MWI,Malawi,NY.GDP.NGAS.RT.ZS,Natural gas rents (% of GDP),1989,0,,1
MWI,Malawi,NY.GDP.NGAS.RT.ZS,Natural gas rents (% of GDP),1988,0,,1
MWI,Malawi,NY.GDP.NGAS.RT.ZS,Natural gas rents (% of GDP),1987,0,,1
MWI,Malawi,NY.GDP.NGAS.RT.ZS,Natural gas rents (% of GDP),1986,0,,1
MWI,Malawi,NY.GDP.NGAS.RT.ZS,Natural gas rents (% of GDP),1985,0,,1
MWI,Malawi,NY.GDP.NGAS.RT.ZS,Natural gas rents (% of GDP),1984,0,,1
MWI,Malawi,NY.GDP.NGAS.RT.ZS,Natural gas rents (% of GDP),1983,0,,1
MWI,Malawi,NY.GDP.NGAS.RT.ZS,Natural gas rents (% of GDP),1982,0,,1
MWI,Malawi,NY.GDP.NGAS.RT.ZS,Natural gas rents (% of GDP),1981,0,,1
MWI,Malawi,NY.GDP.NGAS.RT.ZS,Natural gas rents (% of GDP),1980,0,,1
MYS,Malaysia,NY.GDP.NGAS.RT.ZS,Natural gas rents (% of GDP),2021,3.34718425272374,,1
MYS,Malaysia,NY.GDP.NGAS.RT.ZS,Natural gas rents (% of GDP),2020,1.97988206097094,,1
MYS,Malaysia,NY.GDP.NGAS.RT.ZS,Natural gas rents (% of GDP),2019,2.55969990465384,,1
MYS,Malaysia,NY.GDP.NGAS.RT.ZS,Natural gas rents (% of GDP),2018,2.61106308483195,,1
MYS,Malaysia,NY.GDP.NGAS.RT.ZS,Natural gas rents (% of GDP),2017,2.06070771057807,,1
MYS,Malaysia,NY.GDP.NGAS.RT.ZS,Natural gas rents (% of GDP),2016,2.02024347199899,,1
MYS,Malaysia,NY.GDP.NGAS.RT.ZS,Natural gas rents (% of GDP),2015,2.76972655209539,,1
MYS,Malaysia,NY.GDP.NGAS.RT.ZS,Natural gas rents (% of GDP),2014,2.11733139913897,,1
MYS,Malaysia,NY.GDP.NGAS.RT.ZS,Natural gas rents (% of GDP),2013,1.68061798005116,,1
MYS,Malaysia,NY.GDP.NGAS.RT.ZS,Natural gas rents (% of GDP),2012,1.68402080313272,,1
MYS,Malaysia,NY.GDP.NGAS.RT.ZS,Natural gas rents (% of GDP),2011,1.79059723598374,,1
MYS,Malaysia,NY.GDP.NGAS.RT.ZS,Natural gas rents (% of GDP),2010,1.83057086618171,,1
MYS,Malaysia,NY.GDP.NGAS.RT.ZS,Natural gas rents (% of GDP),2009,2.13948778482423,,1
MYS,Malaysia,NY.GDP.NGAS.RT.ZS,Natural gas rents (% of GDP),2008,2.0355192417994,,1
MYS,Malaysia,NY.GDP.NGAS.RT.ZS,Natural gas rents (% of GDP),2007,2.14793890756065,,1
MYS,Malaysia,NY.GDP.NGAS.RT.ZS,Natural gas rents (% of GDP),2006,2.655793721263,,1
MYS,Malaysia,NY.GDP.NGAS.RT.ZS,Natural gas rents (% of GDP),2005,3.40113242923192,,1
MYS,Malaysia,NY.GDP.NGAS.RT.ZS,Natural gas rents (% of GDP),2004,3.45269384358654,,1
MYS,Malaysia,NY.GDP.NGAS.RT.ZS,Natural gas rents (% of GDP),2003,2.97162062750446,,1
MYS,Malaysia,NY.GDP.NGAS.RT.ZS,Natural gas rents (% of GDP),2002,2.47122884853955,,1
MYS,Malaysia,NY.GDP.NGAS.RT.ZS,Natural gas rents (% of GDP),2001,2.9945164708919,,1
MYS,Malaysia,NY.GDP.NGAS.RT.ZS,Natural gas rents (% of GDP),2000,3.29597588490104,,1
MYS,Malaysia,NY.GDP.NGAS.RT.ZS,Natural gas rents (% of GDP),1999,2.13223667818743,,1
MYS,Malaysia,NY.GDP.NGAS.RT.ZS,Natural gas rents (% of GDP),1998,2.07084121911673,,1
MYS,Malaysia,NY.GDP.NGAS.RT.ZS,Natural gas rents (% of GDP),1997,2.07195524134305,,1
MYS,Malaysia,NY.GDP.NGAS.RT.ZS,Natural gas rents (% of GDP),1996,1.73836802829887,,1
MYS,Malaysia,NY.GDP.NGAS.RT.ZS,Natural gas rents (% of GDP),1995,1.32399421350459,,1
MYS,Malaysia,NY.GDP.NGAS.RT.ZS,Natural gas rents (% of GDP),1994,1.37033221835892,,1
MYS,Malaysia,NY.GDP.NGAS.RT.ZS,Natural gas rents (% of GDP),1993,1.27057779115455,,1
MYS,Malaysia,NY.GDP.NGAS.RT.ZS,Natural gas rents (% of GDP),1992,1.12888881154376,,1
MYS,Malaysia,NY.GDP.NGAS.RT.ZS,Natural gas rents (% of GDP),1991,1.20305301686435,,1
MYS,Malaysia,NY.GDP.NGAS.RT.ZS,Natural gas rents (% of GDP),1990,1.35111267167773,,1
MYS,Malaysia,NY.GDP.NGAS.RT.ZS,Natural gas rents (% of GDP),1989,1.15218347556655,,1
MYS,Malaysia,NY.GDP.NGAS.RT.ZS,Natural gas rents (% of GDP),1988,1.05149750689059,,1
MYS,Malaysia,NY.GDP.NGAS.RT.ZS,Natural gas rents (% of GDP),1987,1.33299935379474,,1
MYS,Malaysia,NY.GDP.NGAS.RT.ZS,Natural gas rents (% of GDP),1986,1.63186582579791,,1
MYS,Malaysia,NY.GDP.NGAS.RT.ZS,Natural gas rents (% of GDP),1985,0.695948968714012,,1
MYS,Malaysia,NY.GDP.NGAS.RT.ZS,Natural gas rents (% of GDP),1984,0.45310942230313,,1
MYS,Malaysia,NY.GDP.NGAS.RT.ZS,Natural gas rents (% of GDP),1983,0.259133722152286,,1
MYS,Malaysia,NY.GDP.NGAS.RT.ZS,Natural gas rents (% of GDP),1982,0.060286981701395,,1
MYS,Malaysia,NY.GDP.NGAS.RT.ZS,Natural gas rents (% of GDP),1981,0.152255294841169,,1
MYS,Malaysia,NY.GDP.NGAS.RT.ZS,Natural gas rents (% of GDP),1980,0.439435645227137,,1
MYS,Malaysia,NY.GDP.NGAS.RT.ZS,Natural gas rents (% of GDP),1979,0.586069737089136,,1
MYS,Malaysia,NY.GDP.NGAS.RT.ZS,Natural gas rents (% of GDP),1978,0.434831494546686,,1
MYS,Malaysia,NY.GDP.NGAS.RT.ZS,Natural gas rents (% of GDP),1977,0.0636902778285379,,1
MYS,Malaysia,NY.GDP.NGAS.RT.ZS,Natural gas rents (% of GDP),1976,0.0882625779244373,,1
MYS,Malaysia,NY.GDP.NGAS.RT.ZS,Natural gas rents (% of GDP),1975,0.0836616511255468,,1
MYS,Malaysia,NY.GDP.NGAS.RT.ZS,Natural gas rents (% of GDP),1974,0.0385051314013889,,1
MYS,Malaysia,NY.GDP.NGAS.RT.ZS,Natural gas rents (% of GDP),1973,0.00473305642449985,,1
MYS,Malaysia,NY.GDP.NGAS.RT.ZS,Natural gas rents (% of GDP),1972,0.00459465482844411,,1
MYS,Malaysia,NY.GDP.NGAS.RT.ZS,Natural gas rents (% of GDP),1971,0.00261412892299766,,1
MYS,Malaysia,NY.GDP.NGAS.RT.ZS,Natural gas rents (% of GDP),1970,0,,1
MDV,Maldives,NY.GDP.NGAS.RT.ZS,Natural gas rents (% of GDP),2021,0,,1
MDV,Maldives,NY.GDP.NGAS.RT.ZS,Natural gas rents (% of GDP),2020,0,,1
MDV,Maldives,NY.GDP.NGAS.RT.ZS,Natural gas rents (% of GDP),2019,0,,1
MDV,Maldives,NY.GDP.NGAS.RT.ZS,Natural gas rents (% of GDP),2018,0,,1
MDV,Maldives,NY.GDP.NGAS.RT.ZS,Natural gas rents (% of GDP),2017,0,,1
MDV,Maldives,NY.GDP.NGAS.RT.ZS,Natural gas rents (% of GDP),2016,0,,1
MDV,Maldives,NY.GDP.NGAS.RT.ZS,Natural gas rents (% of GDP),2015,0,,1
MDV,Maldives,NY.GDP.NGAS.RT.ZS,Natural gas rents (% of GDP),2014,0,,1
MDV,Maldives,NY.GDP.NGAS.RT.ZS,Natural gas rents (% of GDP),2013,0,,1
MDV,Maldives,NY.GDP.NGAS.RT.ZS,Natural gas rents (% of GDP),2012,0,,1
MDV,Maldives,NY.GDP.NGAS.RT.ZS,Natural gas rents (% of GDP),2011,0,,1
MDV,Maldives,NY.GDP.NGAS.RT.ZS,Natural gas rents (% of GDP),2010,0,,1
MDV,Maldives,NY.GDP.NGAS.RT.ZS,Natural gas rents (% of GDP),2009,0,,1
MDV,Maldives,NY.GDP.NGAS.RT.ZS,Natural gas rents (% of GDP),2008,0,,1
MDV,Maldives,NY.GDP.NGAS.RT.ZS,Natural gas rents (% of GDP),2007,0,,1
MDV,Maldives,NY.GDP.NGAS.RT.ZS,Natural gas rents (% of GDP),2006,0,,1
MDV,Maldives,NY.GDP.NGAS.RT.ZS,Natural gas rents (% of GDP),2005,0,,1
MDV,Maldives,NY.GDP.NGAS.RT.ZS,Natural gas rents (% of GDP),2004,0,,1
MDV,Maldives,NY.GDP.NGAS.RT.ZS,Natural gas rents (% of GDP),2003,0,,1
MDV,Maldives,NY.GDP.NGAS.RT.ZS,Natural gas rents (% of GDP),2002,0,,1
MDV,Maldives,NY.GDP.NGAS.RT.ZS,Natural gas rents (% of GDP),2001,0,,1
MDV,Maldives,NY.GDP.NGAS.RT.ZS,Natural gas rents (% of GDP),2000,0,,1
MDV,Maldives,NY.GDP.NGAS.RT.ZS,Natural gas rents (% of GDP),1999,0,,1
MDV,Maldives,NY.GDP.NGAS.RT.ZS,Natural gas rents (% of GDP),1998,0,,1
MDV,Maldives,NY.GDP.NGAS.RT.ZS,Natural gas rents (% of GDP),1997,0,,1
MDV,Maldives,NY.GDP.NGAS.RT.ZS,Natural gas rents (% of GDP),1996,0,,1
MDV,Maldives,NY.GDP.NGAS.RT.ZS,Natural gas rents (% of GDP),1995,0,,1
MDV,Maldives,NY.GDP.NGAS.RT.ZS,Natural gas rents (% of GDP),1994,0,,1
MDV,Maldives,NY.GDP.NGAS.RT.ZS,Natural gas rents (% of GDP),1993,0,,1
MDV,Maldives,NY.GDP.NGAS.RT.ZS,Natural gas rents (% of GDP),1992,0,,1
MDV,Maldives,NY.GDP.NGAS.RT.ZS,Natural gas rents (% of GDP),1991,0,,1
MDV,Maldives,NY.GDP.NGAS.RT.ZS,Natural gas rents (% of GDP),1990,0,,1
MDV,Maldives,NY.GDP.NGAS.RT.ZS,Natural gas rents (% of GDP),1989,0,,1
MDV,Maldives,NY.GDP.NGAS.RT.ZS,Natural gas rents (% of GDP),1988,0,,1
MDV,Maldives,NY.GDP.NGAS.RT.ZS,Natural gas rents (% of GDP),1987,0,,1
MDV,Maldives,NY.GDP.NGAS.RT.ZS,Natural gas rents (% of GDP),1986,0,,1
MDV,Maldives,NY.GDP.NGAS.RT.ZS,Natural gas rents (% of GDP),1985,0,,1
MDV,Maldives,NY.GDP.NGAS.RT.ZS,Natural gas rents (% of GDP),1984,0,,1
MDV,Maldives,NY.GDP.NGAS.RT.ZS,Natural gas rents (% of GDP),1983,0,,1
MDV,Maldives,NY.GDP.NGAS.RT.ZS,Natural gas rents (% of GDP),1982,0,,1
MDV,Maldives,NY.GDP.NGAS.RT.ZS,Natural gas rents (% of GDP),1981,0,,1
MDV,Maldives,NY.GDP.NGAS.RT.ZS,Natural gas rents (% of GDP),1980,0,,1
MLI,Mali,NY.GDP.NGAS.RT.ZS,Natural gas rents (% of GDP),2021,0,,1
MLI,Mali,NY.GDP.NGAS.RT.ZS,Natural gas rents (% of GDP),2020,0,,1
MLI,Mali,NY.GDP.NGAS.RT.ZS,Natural gas rents (% of GDP),2019,0,,1
MLI,Mali,NY.GDP.NGAS.RT.ZS,Natural gas rents (% of GDP),2018,0,,1
MLI,Mali,NY.GDP.NGAS.RT.ZS,Natural gas rents (% of GDP),2017,0,,1
MLI,Mali,NY.GDP.NGAS.RT.ZS,Natural gas rents (% of GDP),2016,0,,1
MLI,Mali,NY.GDP.NGAS.RT.ZS,Natural gas rents (% of GDP),2015,0,,1
MLI,Mali,NY.GDP.NGAS.RT.ZS,Natural gas rents (% of GDP),2014,0,,1
MLI,Mali,NY.GDP.NGAS.RT.ZS,Natural gas rents (% of GDP),2013,0,,1
MLI,Mali,NY.GDP.NGAS.RT.ZS,Natural gas rents (% of GDP),2012,0,,1
MLI,Mali,NY.GDP.NGAS.RT.ZS,Natural gas rents (% of GDP),2011,0,,1
MLI,Mali,NY.GDP.NGAS.RT.ZS,Natural gas rents (% of GDP),2010,0,,1
MLI,Mali,NY.GDP.NGAS.RT.ZS,Natural gas rents (% of GDP),2009,0,,1
MLI,Mali,NY.GDP.NGAS.RT.ZS,Natural gas rents (% of GDP),2008,0,,1
MLI,Mali,NY.GDP.NGAS.RT.ZS,Natural gas rents (% of GDP),2007,0,,1
MLI,Mali,NY.GDP.NGAS.RT.ZS,Natural gas rents (% of GDP),2006,0,,1
MLI,Mali,NY.GDP.NGAS.RT.ZS,Natural gas rents (% of GDP),2005,0,,1
MLI,Mali,NY.GDP.NGAS.RT.ZS,Natural gas rents (% of GDP),2004,0,,1
MLI,Mali,NY.GDP.NGAS.RT.ZS,Natural gas rents (% of GDP),2003,0,,1
MLI,Mali,NY.GDP.NGAS.RT.ZS,Natural gas rents (% of GDP),2002,0,,1
MLI,Mali,NY.GDP.NGAS.RT.ZS,Natural gas rents (% of GDP),2001,0,,1
MLI,Mali,NY.GDP.NGAS.RT.ZS,Natural gas rents (% of GDP),2000,0,,1
MLI,Mali,NY.GDP.NGAS.RT.ZS,Natural gas rents (% of GDP),1999,0,,1
MLI,Mali,NY.GDP.NGAS.RT.ZS,Natural gas rents (% of GDP),1998,0,,1
MLI,Mali,NY.GDP.NGAS.RT.ZS,Natural gas rents (% of GDP),1997,0,,1
MLI,Mali,NY.GDP.NGAS.RT.ZS,Natural gas rents (% of GDP),1996,0,,1
MLI,Mali,NY.GDP.NGAS.RT.ZS,Natural gas rents (% of GDP),1995,0,,1
MLI,Mali,NY.GDP.NGAS.RT.ZS,Natural gas rents (% of GDP),1994,0,,1
MLI,Mali,NY.GDP.NGAS.RT.ZS,Natural gas rents (% of GDP),1993,0,,1
MLI,Mali,NY.GDP.NGAS.RT.ZS,Natural gas rents (% of GDP),1992,0,,1
MLI,Mali,NY.GDP.NGAS.RT.ZS,Natural gas rents (% of GDP),1991,0,,1
MLI,Mali,NY.GDP.NGAS.RT.ZS,Natural gas rents (% of GDP),1990,0,,1
MLI,Mali,NY.GDP.NGAS.RT.ZS,Natural gas rents (% of GDP),1989,0,,1
MLI,Mali,NY.GDP.NGAS.RT.ZS,Natural gas rents (% of GDP),1988,0,,1
MLI,Mali,NY.GDP.NGAS.RT.ZS,Natural gas rents (% of GDP),1987,0,,1
MLI,Mali,NY.GDP.NGAS.RT.ZS,Natural gas rents (% of GDP),1986,0,,1
MLI,Mali,NY.GDP.NGAS.RT.ZS,Natural gas rents (% of GDP),1985,0,,1
MLI,Mali,NY.GDP.NGAS.RT.ZS,Natural gas rents (% of GDP),1984,0,,1
MLI,Mali,NY.GDP.NGAS.RT.ZS,Natural gas rents (% of GDP),1983,0,,1
MLI,Mali,NY.GDP.NGAS.RT.ZS,Natural gas rents (% of GDP),1982,0,,1
MLI,Mali,NY.GDP.NGAS.RT.ZS,Natural gas rents (% of GDP),1981,0,,1
MLI,Mali,NY.GDP.NGAS.RT.ZS,Natural gas rents (% of GDP),1980,0,,1
MLT,Malta,NY.GDP.NGAS.RT.ZS,Natural gas rents (% of GDP),2021,0,,1
MLT,Malta,NY.GDP.NGAS.RT.ZS,Natural gas rents (% of GDP),2020,0,,1
MLT,Malta,NY.GDP.NGAS.RT.ZS,Natural gas rents (% of GDP),2019,0,,1
MLT,Malta,NY.GDP.NGAS.RT.ZS,Natural gas rents (% of GDP),2018,0,,1
MLT,Malta,NY.GDP.NGAS.RT.ZS,Natural gas rents (% of GDP),2017,0,,1
MLT,Malta,NY.GDP.NGAS.RT.ZS,Natural gas rents (% of GDP),2016,0,,1
MLT,Malta,NY.GDP.NGAS.RT.ZS,Natural gas rents (% of GDP),2015,0,,1
MLT,Malta,NY.GDP.NGAS.RT.ZS,Natural gas rents (% of GDP),2014,0,,1
MLT,Malta,NY.GDP.NGAS.RT.ZS,Natural gas rents (% of GDP),2013,0,,1
MLT,Malta,NY.GDP.NGAS.RT.ZS,Natural gas rents (% of GDP),2012,0,,1
MLT,Malta,NY.GDP.NGAS.RT.ZS,Natural gas rents (% of GDP),2011,0,,1
MLT,Malta,NY.GDP.NGAS.RT.ZS,Natural gas rents (% of GDP),2010,0,,1
MLT,Malta,NY.GDP.NGAS.RT.ZS,Natural gas rents (% of GDP),2009,0,,1
MLT,Malta,NY.GDP.NGAS.RT.ZS,Natural gas rents (% of GDP),2008,0,,1
MLT,Malta,NY.GDP.NGAS.RT.ZS,Natural gas rents (% of GDP),2007,0,,1
MLT,Malta,NY.GDP.NGAS.RT.ZS,Natural gas rents (% of GDP),2006,0,,1
MLT,Malta,NY.GDP.NGAS.RT.ZS,Natural gas rents (% of GDP),2005,0,,1
MLT,Malta,NY.GDP.NGAS.RT.ZS,Natural gas rents (% of GDP),2004,0,,1
MLT,Malta,NY.GDP.NGAS.RT.ZS,Natural gas rents (% of GDP),2003,0,,1
MLT,Malta,NY.GDP.NGAS.RT.ZS,Natural gas rents (% of GDP),2002,0,,1
MLT,Malta,NY.GDP.NGAS.RT.ZS,Natural gas rents (% of GDP),2001,0,,1
MLT,Malta,NY.GDP.NGAS.RT.ZS,Natural gas rents (% of GDP),2000,0,,1
MLT,Malta,NY.GDP.NGAS.RT.ZS,Natural gas rents (% of GDP),1999,0,,1
MLT,Malta,NY.GDP.NGAS.RT.ZS,Natural gas rents (% of GDP),1998,0,,1
MLT,Malta,NY.GDP.NGAS.RT.ZS,Natural gas rents (% of GDP),1997,0,,1
MLT,Malta,NY.GDP.NGAS.RT.ZS,Natural gas rents (% of GDP),1996,0,,1
MLT,Malta,NY.GDP.NGAS.RT.ZS,Natural gas rents (% of GDP),1995,0,,1
MLT,Malta,NY.GDP.NGAS.RT.ZS,Natural gas rents (% of GDP),1994,0,,1
MLT,Malta,NY.GDP.NGAS.RT.ZS,Natural gas rents (% of GDP),1993,0,,1
MLT,Malta,NY.GDP.NGAS.RT.ZS,Natural gas rents (% of GDP),1992,0,,1
MLT,Malta,NY.GDP.NGAS.RT.ZS,Natural gas rents (% of GDP),1991,0,,1
MLT,Malta,NY.GDP.NGAS.RT.ZS,Natural gas rents (% of GDP),1990,0,,1
MLT,Malta,NY.GDP.NGAS.RT.ZS,Natural gas rents (% of GDP),1989,0,,1
MLT,Malta,NY.GDP.NGAS.RT.ZS,Natural gas rents (% of GDP),1988,0,,1
MLT,Malta,NY.GDP.NGAS.RT.ZS,Natural gas rents (% of GDP),1987,0,,1
MLT,Malta,NY.GDP.NGAS.RT.ZS,Natural gas rents (% of GDP),1986,0,,1
MLT,Malta,NY.GDP.NGAS.RT.ZS,Natural gas rents (% of GDP),1985,0,,1
MLT,Malta,NY.GDP.NGAS.RT.ZS,Natural gas rents (% of GDP),1984,0,,1
MLT,Malta,NY.GDP.NGAS.RT.ZS,Natural gas rents (% of GDP),1983,0,,1
MLT,Malta,NY.GDP.NGAS.RT.ZS,Natural gas rents (% of GDP),1982,0,,1
MLT,Malta,NY.GDP.NGAS.RT.ZS,Natural gas rents (% of GDP),1981,0,,1
MLT,Malta,NY.GDP.NGAS.RT.ZS,Natural gas rents (% of GDP),1980,0,,1
MLT,Malta,NY.GDP.NGAS.RT.ZS,Natural gas rents (% of GDP),1979,0,,1
MLT,Malta,NY.GDP.NGAS.RT.ZS,Natural gas rents (% of GDP),1978,0,,1
MLT,Malta,NY.GDP.NGAS.RT.ZS,Natural gas rents (% of GDP),1977,0,,1
MLT,Malta,NY.GDP.NGAS.RT.ZS,Natural gas rents (% of GDP),1976,0,,1
MLT,Malta,NY.GDP.NGAS.RT.ZS,Natural gas rents (% of GDP),1975,0,,1
MLT,Malta,NY.GDP.NGAS.RT.ZS,Natural gas rents (% of GDP),1974,0,,1
MLT,Malta,NY.GDP.NGAS.RT.ZS,Natural gas rents (% of GDP),1973,0,,1
MLT,Malta,NY.GDP.NGAS.RT.ZS,Natural gas rents (% of GDP),1972,0,,1
MLT,Malta,NY.GDP.NGAS.RT.ZS,Natural gas rents (% of GDP),1971,0,,1
MRT,Mauritania,NY.GDP.NGAS.RT.ZS,Natural gas rents (% of GDP),2021,0,,1
MRT,Mauritania,NY.GDP.NGAS.RT.ZS,Natural gas rents (% of GDP),2020,0,,1
MRT,Mauritania,NY.GDP.NGAS.RT.ZS,Natural gas rents (% of GDP),2019,0,,1
MRT,Mauritania,NY.GDP.NGAS.RT.ZS,Natural gas rents (% of GDP),2018,0,,1
MRT,Mauritania,NY.GDP.NGAS.RT.ZS,Natural gas rents (% of GDP),2017,0,,1
MRT,Mauritania,NY.GDP.NGAS.RT.ZS,Natural gas rents (% of GDP),2016,0,,1
MRT,Mauritania,NY.GDP.NGAS.RT.ZS,Natural gas rents (% of GDP),2015,0,,1
MRT,Mauritania,NY.GDP.NGAS.RT.ZS,Natural gas rents (% of GDP),2014,0,,1
MRT,Mauritania,NY.GDP.NGAS.RT.ZS,Natural gas rents (% of GDP),2013,0,,1
MRT,Mauritania,NY.GDP.NGAS.RT.ZS,Natural gas rents (% of GDP),2012,0,,1
MRT,Mauritania,NY.GDP.NGAS.RT.ZS,Natural gas rents (% of GDP),2011,0,,1
MRT,Mauritania,NY.GDP.NGAS.RT.ZS,Natural gas rents (% of GDP),2010,0,,1
MRT,Mauritania,NY.GDP.NGAS.RT.ZS,Natural gas rents (% of GDP),2009,0,,1
MRT,Mauritania,NY.GDP.NGAS.RT.ZS,Natural gas rents (% of GDP),2008,0,,1
MRT,Mauritania,NY.GDP.NGAS.RT.ZS,Natural gas rents (% of GDP),2007,0,,1
MRT,Mauritania,NY.GDP.NGAS.RT.ZS,Natural gas rents (% of GDP),2006,0,,1
MRT,Mauritania,NY.GDP.NGAS.RT.ZS,Natural gas rents (% of GDP),2005,0,,1
MRT,Mauritania,NY.GDP.NGAS.RT.ZS,Natural gas rents (% of GDP),2004,0,,1
MRT,Mauritania,NY.GDP.NGAS.RT.ZS,Natural gas rents (% of GDP),2003,0,,1
MRT,Mauritania,NY.GDP.NGAS.RT.ZS,Natural gas rents (% of GDP),2002,0,,1
MRT,Mauritania,NY.GDP.NGAS.RT.ZS,Natural gas rents (% of GDP),2001,0,,1
MRT,Mauritania,NY.GDP.NGAS.RT.ZS,Natural gas rents (% of GDP),2000,0,,1
MRT,Mauritania,NY.GDP.NGAS.RT.ZS,Natural gas rents (% of GDP),1999,0,,1
MRT,Mauritania,NY.GDP.NGAS.RT.ZS,Natural gas rents (% of GDP),1998,0,,1
MRT,Mauritania,NY.GDP.NGAS.RT.ZS,Natural gas rents (% of GDP),1997,0,,1
MRT,Mauritania,NY.GDP.NGAS.RT.ZS,Natural gas rents (% of GDP),1996,0,,1
MRT,Mauritania,NY.GDP.NGAS.RT.ZS,Natural gas rents (% of GDP),1995,0,,1
MRT,Mauritania,NY.GDP.NGAS.RT.ZS,Natural gas rents (% of GDP),1994,0,,1
MRT,Mauritania,NY.GDP.NGAS.RT.ZS,Natural gas rents (% of GDP),1993,0,,1
MRT,Mauritania,NY.GDP.NGAS.RT.ZS,Natural gas rents (% of GDP),1992,0,,1
MRT,Mauritania,NY.GDP.NGAS.RT.ZS,Natural gas rents (% of GDP),1991,0,,1
MRT,Mauritania,NY.GDP.NGAS.RT.ZS,Natural gas rents (% of GDP),1990,0,,1
MRT,Mauritania,NY.GDP.NGAS.RT.ZS,Natural gas rents (% of GDP),1989,0,,1
MRT,Mauritania,NY.GDP.NGAS.RT.ZS,Natural gas rents (% of GDP),1988,0,,1
MRT,Mauritania,NY.GDP.NGAS.RT.ZS,Natural gas rents (% of GDP),1987,0,,1
MRT,Mauritania,NY.GDP.NGAS.RT.ZS,Natural gas rents (% of GDP),1986,0,,1
MRT,Mauritania,NY.GDP.NGAS.RT.ZS,Natural gas rents (% of GDP),1985,0,,1
MRT,Mauritania,NY.GDP.NGAS.RT.ZS,Natural gas rents (% of GDP),1984,0,,1
MRT,Mauritania,NY.GDP.NGAS.RT.ZS,Natural gas rents (% of GDP),1983,0,,1
MRT,Mauritania,NY.GDP.NGAS.RT.ZS,Natural gas rents (% of GDP),1982,0,,1
MRT,Mauritania,NY.GDP.NGAS.RT.ZS,Natural gas rents (% of GDP),1981,0,,1
MRT,Mauritania,NY.GDP.NGAS.RT.ZS,Natural gas rents (% of GDP),1980,0,,1
MUS,Mauritius,NY.GDP.NGAS.RT.ZS,Natural gas rents (% of GDP),2021,0,,1
MUS,Mauritius,NY.GDP.NGAS.RT.ZS,Natural gas rents (% of GDP),2020,0,,1
MUS,Mauritius,NY.GDP.NGAS.RT.ZS,Natural gas rents (% of GDP),2019,0,,1
MUS,Mauritius,NY.GDP.NGAS.RT.ZS,Natural gas rents (% of GDP),2018,0,,1
MUS,Mauritius,NY.GDP.NGAS.RT.ZS,Natural gas rents (% of GDP),2017,0,,1
MUS,Mauritius,NY.GDP.NGAS.RT.ZS,Natural gas rents (% of GDP),2016,0,,1
MUS,Mauritius,NY.GDP.NGAS.RT.ZS,Natural gas rents (% of GDP),2015,0,,1
MUS,Mauritius,NY.GDP.NGAS.RT.ZS,Natural gas rents (% of GDP),2014,0,,1
MUS,Mauritius,NY.GDP.NGAS.RT.ZS,Natural gas rents (% of GDP),2013,0,,1
MUS,Mauritius,NY.GDP.NGAS.RT.ZS,Natural gas rents (% of GDP),2012,0,,1
MUS,Mauritius,NY.GDP.NGAS.RT.ZS,Natural gas rents (% of GDP),2011,0,,1
MUS,Mauritius,NY.GDP.NGAS.RT.ZS,Natural gas rents (% of GDP),2010,0,,1
MUS,Mauritius,NY.GDP.NGAS.RT.ZS,Natural gas rents (% of GDP),2009,0,,1
MUS,Mauritius,NY.GDP.NGAS.RT.ZS,Natural gas rents (% of GDP),2008,0,,1
MUS,Mauritius,NY.GDP.NGAS.RT.ZS,Natural gas rents (% of GDP),2007,0,,1
MUS,Mauritius,NY.GDP.NGAS.RT.ZS,Natural gas rents (% of GDP),2006,0,,1
MUS,Mauritius,NY.GDP.NGAS.RT.ZS,Natural gas rents (% of GDP),2005,0,,1
MUS,Mauritius,NY.GDP.NGAS.RT.ZS,Natural gas rents (% of GDP),2004,0,,1
MUS,Mauritius,NY.GDP.NGAS.RT.ZS,Natural gas rents (% of GDP),2003,0,,1
MUS,Mauritius,NY.GDP.NGAS.RT.ZS,Natural gas rents (% of GDP),2002,0,,1
MUS,Mauritius,NY.GDP.NGAS.RT.ZS,Natural gas rents (% of GDP),2001,0,,1
MUS,Mauritius,NY.GDP.NGAS.RT.ZS,Natural gas rents (% of GDP),2000,0,,1
MUS,Mauritius,NY.GDP.NGAS.RT.ZS,Natural gas rents (% of GDP),1999,0,,1
MUS,Mauritius,NY.GDP.NGAS.RT.ZS,Natural gas rents (% of GDP),1998,0,,1
MUS,Mauritius,NY.GDP.NGAS.RT.ZS,Natural gas rents (% of GDP),1997,0,,1
MUS,Mauritius,NY.GDP.NGAS.RT.ZS,Natural gas rents (% of GDP),1996,0,,1
MUS,Mauritius,NY.GDP.NGAS.RT.ZS,Natural gas rents (% of GDP),1995,0,,1
MUS,Mauritius,NY.GDP.NGAS.RT.ZS,Natural gas rents (% of GDP),1994,0,,1
MUS,Mauritius,NY.GDP.NGAS.RT.ZS,Natural gas rents (% of GDP),1993,0,,1
MUS,Mauritius,NY.GDP.NGAS.RT.ZS,Natural gas rents (% of GDP),1992,0,,1
MUS,Mauritius,NY.GDP.NGAS.RT.ZS,Natural gas rents (% of GDP),1991,0,,1
MUS,Mauritius,NY.GDP.NGAS.RT.ZS,Natural gas rents (% of GDP),1990,0,,1
MUS,Mauritius,NY.GDP.NGAS.RT.ZS,Natural gas rents (% of GDP),1989,0,,1
MUS,Mauritius,NY.GDP.NGAS.RT.ZS,Natural gas rents (% of GDP),1988,0,,1
MUS,Mauritius,NY.GDP.NGAS.RT.ZS,Natural gas rents (% of GDP),1987,0,,1
MUS,Mauritius,NY.GDP.NGAS.RT.ZS,Natural gas rents (% of GDP),1986,0,,1
MUS,Mauritius,NY.GDP.NGAS.RT.ZS,Natural gas rents (% of GDP),1985,0,,1
MUS,Mauritius,NY.GDP.NGAS.RT.ZS,Natural gas rents (% of GDP),1984,0,,1
MUS,Mauritius,NY.GDP.NGAS.RT.ZS,Natural gas rents (% of GDP),1983,0,,1
MUS,Mauritius,NY.GDP.NGAS.RT.ZS,Natural gas rents (% of GDP),1982,0,,1
MUS,Mauritius,NY.GDP.NGAS.RT.ZS,Natural gas rents (% of GDP),1981,0,,1
MUS,Mauritius,NY.GDP.NGAS.RT.ZS,Natural gas rents (% of GDP),1980,0,,1
MUS,Mauritius,NY.GDP.NGAS.RT.ZS,Natural gas rents (% of GDP),1979,0,,1
MUS,Mauritius,NY.GDP.NGAS.RT.ZS,Natural gas rents (% of GDP),1978,0,,1
MUS,Mauritius,NY.GDP.NGAS.RT.ZS,Natural gas rents (% of GDP),1977,0,,1
MUS,Mauritius,NY.GDP.NGAS.RT.ZS,Natural gas rents (% of GDP),1976,0,,1
MEX,Mexico,NY.GDP.NGAS.RT.ZS,Natural gas rents (% of GDP),2021,0.0909613894136,,1
MEX,Mexico,NY.GDP.NGAS.RT.ZS,Natural gas rents (% of GDP),2020,0.0700656490052309,,1
MEX,Mexico,NY.GDP.NGAS.RT.ZS,Natural gas rents (% of GDP),2019,0.117422243869392,,1
MEX,Mexico,NY.GDP.NGAS.RT.ZS,Natural gas rents (% of GDP),2018,0.120301873913526,,1
MEX,Mexico,NY.GDP.NGAS.RT.ZS,Natural gas rents (% of GDP),2017,0.0594559535085476,,1
MEX,Mexico,NY.GDP.NGAS.RT.ZS,Natural gas rents (% of GDP),2016,0.0555286615814859,,1
MEX,Mexico,NY.GDP.NGAS.RT.ZS,Natural gas rents (% of GDP),2015,0.130969772345063,,1
MEX,Mexico,NY.GDP.NGAS.RT.ZS,Natural gas rents (% of GDP),2014,0.253327765301614,,1
MEX,Mexico,NY.GDP.NGAS.RT.ZS,Natural gas rents (% of GDP),2013,0.294655512434139,,1
MEX,Mexico,NY.GDP.NGAS.RT.ZS,Natural gas rents (% of GDP),2012,0.292312698627022,,1
MEX,Mexico,NY.GDP.NGAS.RT.ZS,Natural gas rents (% of GDP),2011,0.291352067275173,,1
MEX,Mexico,NY.GDP.NGAS.RT.ZS,Natural gas rents (% of GDP),2010,0.152145470781719,,1
MEX,Mexico,NY.GDP.NGAS.RT.ZS,Natural gas rents (% of GDP),2009,0.301071991179704,,1
MEX,Mexico,NY.GDP.NGAS.RT.ZS,Natural gas rents (% of GDP),2008,0.187206346731322,,1
MEX,Mexico,NY.GDP.NGAS.RT.ZS,Natural gas rents (% of GDP),2007,0.177822600392634,,1
MEX,Mexico,NY.GDP.NGAS.RT.ZS,Natural gas rents (% of GDP),2006,0.150480549487065,,1
MEX,Mexico,NY.GDP.NGAS.RT.ZS,Natural gas rents (% of GDP),2005,0.107040373383792,,1
MEX,Mexico,NY.GDP.NGAS.RT.ZS,Natural gas rents (% of GDP),2004,0.0603358045511139,,1
MEX,Mexico,NY.GDP.NGAS.RT.ZS,Natural gas rents (% of GDP),2003,0.0614333225948134,,1
MEX,Mexico,NY.GDP.NGAS.RT.ZS,Natural gas rents (% of GDP),2002,0.0725730429832139,,1
MEX,Mexico,NY.GDP.NGAS.RT.ZS,Natural gas rents (% of GDP),2001,0.0922107414251373,,1
MEX,Mexico,NY.GDP.NGAS.RT.ZS,Natural gas rents (% of GDP),2000,0.101366224193813,,1
MEX,Mexico,NY.GDP.NGAS.RT.ZS,Natural gas rents (% of GDP),1999,0.064072214671326,,1
MEX,Mexico,NY.GDP.NGAS.RT.ZS,Natural gas rents (% of GDP),1998,0.0496443227603013,,1
MEX,Mexico,NY.GDP.NGAS.RT.ZS,Natural gas rents (% of GDP),1997,0.0633338264961717,,1
MEX,Mexico,NY.GDP.NGAS.RT.ZS,Natural gas rents (% of GDP),1996,0.070416169468437,,1
MEX,Mexico,NY.GDP.NGAS.RT.ZS,Natural gas rents (% of GDP),1995,0.069034214647323,,1
MEX,Mexico,NY.GDP.NGAS.RT.ZS,Natural gas rents (% of GDP),1994,0.0551058768829018,,1
MEX,Mexico,NY.GDP.NGAS.RT.ZS,Natural gas rents (% of GDP),1993,0.0651451163398049,,1
MEX,Mexico,NY.GDP.NGAS.RT.ZS,Natural gas rents (% of GDP),1992,0.0689974712150937,,1
MEX,Mexico,NY.GDP.NGAS.RT.ZS,Natural gas rents (% of GDP),1991,0.091267496824553,,1
MEX,Mexico,NY.GDP.NGAS.RT.ZS,Natural gas rents (% of GDP),1990,0.135611120942481,,1
MEX,Mexico,NY.GDP.NGAS.RT.ZS,Natural gas rents (% of GDP),1989,0.120228583290821,,1
MEX,Mexico,NY.GDP.NGAS.RT.ZS,Natural gas rents (% of GDP),1988,0.125497498007817,,1
MEX,Mexico,NY.GDP.NGAS.RT.ZS,Natural gas rents (% of GDP),1987,0.174430515106447,,1
MEX,Mexico,NY.GDP.NGAS.RT.ZS,Natural gas rents (% of GDP),1986,0.254156712015351,,1
MEX,Mexico,NY.GDP.NGAS.RT.ZS,Natural gas rents (% of GDP),1985,0.235690402544524,,1
MEX,Mexico,NY.GDP.NGAS.RT.ZS,Natural gas rents (% of GDP),1984,0.257987746631972,,1
MEX,Mexico,NY.GDP.NGAS.RT.ZS,Natural gas rents (% of GDP),1983,0.277599325978629,,1
MEX,Mexico,NY.GDP.NGAS.RT.ZS,Natural gas rents (% of GDP),1982,0.0440092299798919,,1
MEX,Mexico,NY.GDP.NGAS.RT.ZS,Natural gas rents (% of GDP),1981,0.135305680957537,,1
MEX,Mexico,NY.GDP.NGAS.RT.ZS,Natural gas rents (% of GDP),1980,0.265099522207148,,1
MEX,Mexico,NY.GDP.NGAS.RT.ZS,Natural gas rents (% of GDP),1979,0.140166279255852,,1
MEX,Mexico,NY.GDP.NGAS.RT.ZS,Natural gas rents (% of GDP),1978,0.0223707765461534,,1
MEX,Mexico,NY.GDP.NGAS.RT.ZS,Natural gas rents (% of GDP),1977,0.00941152732402315,,1
MEX,Mexico,NY.GDP.NGAS.RT.ZS,Natural gas rents (% of GDP),1976,0.110302974016346,,1
MEX,Mexico,NY.GDP.NGAS.RT.ZS,Natural gas rents (% of GDP),1975,0.116208483701958,,1
MEX,Mexico,NY.GDP.NGAS.RT.ZS,Natural gas rents (% of GDP),1974,0.0740095234314541,,1
MEX,Mexico,NY.GDP.NGAS.RT.ZS,Natural gas rents (% of GDP),1973,0.0124796723483394,,1
MEX,Mexico,NY.GDP.NGAS.RT.ZS,Natural gas rents (% of GDP),1972,0.0142064173532853,,1
MEX,Mexico,NY.GDP.NGAS.RT.ZS,Natural gas rents (% of GDP),1971,0.0148118073352325,,1
MEX,Mexico,NY.GDP.NGAS.RT.ZS,Natural gas rents (% of GDP),1970,0.0105625266256379,,1
FSM,"Micronesia, Fed. Sts.",NY.GDP.NGAS.RT.ZS,Natural gas rents (% of GDP),2021,0,,1
FSM,"Micronesia, Fed. Sts.",NY.GDP.NGAS.RT.ZS,Natural gas rents (% of GDP),2020,0,,1
FSM,"Micronesia, Fed. Sts.",NY.GDP.NGAS.RT.ZS,Natural gas rents (% of GDP),2019,0,,1
FSM,"Micronesia, Fed. Sts.",NY.GDP.NGAS.RT.ZS,Natural gas rents (% of GDP),2018,0,,1
FSM,"Micronesia, Fed. Sts.",NY.GDP.NGAS.RT.ZS,Natural gas rents (% of GDP),2017,0,,1
FSM,"Micronesia, Fed. Sts.",NY.GDP.NGAS.RT.ZS,Natural gas rents (% of GDP),2016,0,,1
FSM,"Micronesia, Fed. Sts.",NY.GDP.NGAS.RT.ZS,Natural gas rents (% of GDP),2015,0,,1
FSM,"Micronesia, Fed. Sts.",NY.GDP.NGAS.RT.ZS,Natural gas rents (% of GDP),2014,0,,1
FSM,"Micronesia, Fed. Sts.",NY.GDP.NGAS.RT.ZS,Natural gas rents (% of GDP),2013,0,,1
FSM,"Micronesia, Fed. Sts.",NY.GDP.NGAS.RT.ZS,Natural gas rents (% of GDP),2012,0,,1
FSM,"Micronesia, Fed. Sts.",NY.GDP.NGAS.RT.ZS,Natural gas rents (% of GDP),2011,0,,1
FSM,"Micronesia, Fed. Sts.",NY.GDP.NGAS.RT.ZS,Natural gas rents (% of GDP),2010,0,,1
FSM,"Micronesia, Fed. Sts.",NY.GDP.NGAS.RT.ZS,Natural gas rents (% of GDP),2009,0,,1
FSM,"Micronesia, Fed. Sts.",NY.GDP.NGAS.RT.ZS,Natural gas rents (% of GDP),2008,0,,1
FSM,"Micronesia, Fed. Sts.",NY.GDP.NGAS.RT.ZS,Natural gas rents (% of GDP),2007,0,,1
FSM,"Micronesia, Fed. Sts.",NY.GDP.NGAS.RT.ZS,Natural gas rents (% of GDP),2006,0,,1
FSM,"Micronesia, Fed. Sts.",NY.GDP.NGAS.RT.ZS,Natural gas rents (% of GDP),2005,0,,1
FSM,"Micronesia, Fed. Sts.",NY.GDP.NGAS.RT.ZS,Natural gas rents (% of GDP),2004,0,,1
FSM,"Micronesia, Fed. Sts.",NY.GDP.NGAS.RT.ZS,Natural gas rents (% of GDP),2003,0,,1
FSM,"Micronesia, Fed. Sts.",NY.GDP.NGAS.RT.ZS,Natural gas rents (% of GDP),2002,0,,1
FSM,"Micronesia, Fed. Sts.",NY.GDP.NGAS.RT.ZS,Natural gas rents (% of GDP),2001,0,,1
FSM,"Micronesia, Fed. Sts.",NY.GDP.NGAS.RT.ZS,Natural gas rents (% of GDP),2000,0,,1
FSM,"Micronesia, Fed. Sts.",NY.GDP.NGAS.RT.ZS,Natural gas rents (% of GDP),1999,0,,1
FSM,"Micronesia, Fed. Sts.",NY.GDP.NGAS.RT.ZS,Natural gas rents (% of GDP),1998,0,,1
FSM,"Micronesia, Fed. Sts.",NY.GDP.NGAS.RT.ZS,Natural gas rents (% of GDP),1997,0,,1
FSM,"Micronesia, Fed. Sts.",NY.GDP.NGAS.RT.ZS,Natural gas rents (% of GDP),1996,0,,1
FSM,"Micronesia, Fed. Sts.",NY.GDP.NGAS.RT.ZS,Natural gas rents (% of GDP),1995,0,,1
FSM,"Micronesia, Fed. Sts.",NY.GDP.NGAS.RT.ZS,Natural gas rents (% of GDP),1994,0,,1
FSM,"Micronesia, Fed. Sts.",NY.GDP.NGAS.RT.ZS,Natural gas rents (% of GDP),1993,0,,1
FSM,"Micronesia, Fed. Sts.",NY.GDP.NGAS.RT.ZS,Natural gas rents (% of GDP),1992,0,,1
FSM,"Micronesia, Fed. Sts.",NY.GDP.NGAS.RT.ZS,Natural gas rents (% of GDP),1991,0,,1
FSM,"Micronesia, Fed. Sts.",NY.GDP.NGAS.RT.ZS,Natural gas rents (% of GDP),1990,0,,1
FSM,"Micronesia, Fed. Sts.",NY.GDP.NGAS.RT.ZS,Natural gas rents (% of GDP),1989,0,,1
FSM,"Micronesia, Fed. Sts.",NY.GDP.NGAS.RT.ZS,Natural gas rents (% of GDP),1988,0,,1
FSM,"Micronesia, Fed. Sts.",NY.GDP.NGAS.RT.ZS,Natural gas rents (% of GDP),1987,0,,1
FSM,"Micronesia, Fed. Sts.",NY.GDP.NGAS.RT.ZS,Natural gas rents (% of GDP),1986,0,,1
FSM,"Micronesia, Fed. Sts.",NY.GDP.NGAS.RT.ZS,Natural gas rents (% of GDP),1983,0,,1
MDA,Moldova,NY.GDP.NGAS.RT.ZS,Natural gas rents (% of GDP),2021,6.08786635979016e-05,,1
MDA,Moldova,NY.GDP.NGAS.RT.ZS,Natural gas rents (% of GDP),2020,1.97113564430777e-06,,1
MDA,Moldova,NY.GDP.NGAS.RT.ZS,Natural gas rents (% of GDP),2019,3.54706880923648e-05,,1
MDA,Moldova,NY.GDP.NGAS.RT.ZS,Natural gas rents (% of GDP),2018,7.31336242755443e-05,,1
MDA,Moldova,NY.GDP.NGAS.RT.ZS,Natural gas rents (% of GDP),2017,5.84473503480182e-05,,1
MDA,Moldova,NY.GDP.NGAS.RT.ZS,Natural gas rents (% of GDP),2016,5.04397625609019e-05,,1
MDA,Moldova,NY.GDP.NGAS.RT.ZS,Natural gas rents (% of GDP),2015,6.62200174007279e-05,,1
MDA,Moldova,NY.GDP.NGAS.RT.ZS,Natural gas rents (% of GDP),2014,7.29195979032618e-05,,1
MDA,Moldova,NY.GDP.NGAS.RT.ZS,Natural gas rents (% of GDP),2013,0.000136316341731475,,1
MDA,Moldova,NY.GDP.NGAS.RT.ZS,Natural gas rents (% of GDP),2012,0.000151449004696691,,1
MDA,Moldova,NY.GDP.NGAS.RT.ZS,Natural gas rents (% of GDP),2011,7.48602823163864e-05,,1
MDA,Moldova,NY.GDP.NGAS.RT.ZS,Natural gas rents (% of GDP),2010,8.82226050062812e-05,,1
MDA,Moldova,NY.GDP.NGAS.RT.ZS,Natural gas rents (% of GDP),2009,0.000335684408541058,,1
MDA,Moldova,NY.GDP.NGAS.RT.ZS,Natural gas rents (% of GDP),2008,0.000267087056866113,,1
MDA,Moldova,NY.GDP.NGAS.RT.ZS,Natural gas rents (% of GDP),2007,0.00016207200152596,,1
MDA,Moldova,NY.GDP.NGAS.RT.ZS,Natural gas rents (% of GDP),2006,0.0954620566988178,,1
MDA,Moldova,NY.GDP.NGAS.RT.ZS,Natural gas rents (% of GDP),2005,0.000207022589008672,,1
MDA,Moldova,NY.GDP.NGAS.RT.ZS,Natural gas rents (% of GDP),2004,0.000279690183575359,,1
MDA,Moldova,NY.GDP.NGAS.RT.ZS,Natural gas rents (% of GDP),2003,0.00023710532933596,,1
MDA,Moldova,NY.GDP.NGAS.RT.ZS,Natural gas rents (% of GDP),2002,0.00032394599072994,,1
MDA,Moldova,NY.GDP.NGAS.RT.ZS,Natural gas rents (% of GDP),2001,0.000481167467549749,,1
MDA,Moldova,NY.GDP.NGAS.RT.ZS,Natural gas rents (% of GDP),2000,0.000285725649604128,,1
MDA,Moldova,NY.GDP.NGAS.RT.ZS,Natural gas rents (% of GDP),1999,4.61158902682422e-05,,1
MDA,Moldova,NY.GDP.NGAS.RT.ZS,Natural gas rents (% of GDP),1998,3.55152502530395e-05,,1
MDA,Moldova,NY.GDP.NGAS.RT.ZS,Natural gas rents (% of GDP),1997,0.000239481600331087,,1
MDA,Moldova,NY.GDP.NGAS.RT.ZS,Natural gas rents (% of GDP),1996,0.000294769689736225,,1
MDA,Moldova,NY.GDP.NGAS.RT.ZS,Natural gas rents (% of GDP),1995,0.000316526156963835,,1
MNG,Mongolia,NY.GDP.NGAS.RT.ZS,Natural gas rents (% of GDP),2021,0,,1
MNG,Mongolia,NY.GDP.NGAS.RT.ZS,Natural gas rents (% of GDP),2020,0,,1
MNG,Mongolia,NY.GDP.NGAS.RT.ZS,Natural gas rents (% of GDP),2019,0,,1
MNG,Mongolia,NY.GDP.NGAS.RT.ZS,Natural gas rents (% of GDP),2018,0,,1
MNG,Mongolia,NY.GDP.NGAS.RT.ZS,Natural gas rents (% of GDP),2017,0,,1
MNG,Mongolia,NY.GDP.NGAS.RT.ZS,Natural gas rents (% of GDP),2016,0,,1
MNG,Mongolia,NY.GDP.NGAS.RT.ZS,Natural gas rents (% of GDP),2015,0,,1
MNG,Mongolia,NY.GDP.NGAS.RT.ZS,Natural gas rents (% of GDP),2014,0,,1
MNG,Mongolia,NY.GDP.NGAS.RT.ZS,Natural gas rents (% of GDP),2013,0,,1
MNG,Mongolia,NY.GDP.NGAS.RT.ZS,Natural gas rents (% of GDP),2012,0,,1
MNG,Mongolia,NY.GDP.NGAS.RT.ZS,Natural gas rents (% of GDP),2011,0,,1
MNG,Mongolia,NY.GDP.NGAS.RT.ZS,Natural gas rents (% of GDP),2010,0,,1
MNG,Mongolia,NY.GDP.NGAS.RT.ZS,Natural gas rents (% of GDP),2009,0,,1
MNG,Mongolia,NY.GDP.NGAS.RT.ZS,Natural gas rents (% of GDP),2008,0,,1
MNG,Mongolia,NY.GDP.NGAS.RT.ZS,Natural gas rents (% of GDP),2007,0,,1
MNG,Mongolia,NY.GDP.NGAS.RT.ZS,Natural gas rents (% of GDP),2006,0,,1
MNG,Mongolia,NY.GDP.NGAS.RT.ZS,Natural gas rents (% of GDP),2005,0,,1
MNG,Mongolia,NY.GDP.NGAS.RT.ZS,Natural gas rents (% of GDP),2004,0,,1
MNG,Mongolia,NY.GDP.NGAS.RT.ZS,Natural gas rents (% of GDP),2003,0,,1
MNG,Mongolia,NY.GDP.NGAS.RT.ZS,Natural gas rents (% of GDP),2002,0,,1
MNG,Mongolia,NY.GDP.NGAS.RT.ZS,Natural gas rents (% of GDP),2001,0,,1
MNG,Mongolia,NY.GDP.NGAS.RT.ZS,Natural gas rents (% of GDP),2000,0,,1
MNG,Mongolia,NY.GDP.NGAS.RT.ZS,Natural gas rents (% of GDP),1999,0,,1
MNG,Mongolia,NY.GDP.NGAS.RT.ZS,Natural gas rents (% of GDP),1998,0,,1
MNG,Mongolia,NY.GDP.NGAS.RT.ZS,Natural gas rents (% of GDP),1997,0,,1
MNG,Mongolia,NY.GDP.NGAS.RT.ZS,Natural gas rents (% of GDP),1996,0,,1
MNG,Mongolia,NY.GDP.NGAS.RT.ZS,Natural gas rents (% of GDP),1995,0,,1
MNG,Mongolia,NY.GDP.NGAS.RT.ZS,Natural gas rents (% of GDP),1994,0,,1
MNG,Mongolia,NY.GDP.NGAS.RT.ZS,Natural gas rents (% of GDP),1993,0,,1
MNG,Mongolia,NY.GDP.NGAS.RT.ZS,Natural gas rents (% of GDP),1992,0,,1
MNG,Mongolia,NY.GDP.NGAS.RT.ZS,Natural gas rents (% of GDP),1991,0,,1
MNG,Mongolia,NY.GDP.NGAS.RT.ZS,Natural gas rents (% of GDP),1990,0,,1
MNG,Mongolia,NY.GDP.NGAS.RT.ZS,Natural gas rents (% of GDP),1989,0,,1
MNG,Mongolia,NY.GDP.NGAS.RT.ZS,Natural gas rents (% of GDP),1988,0,,1
MNG,Mongolia,NY.GDP.NGAS.RT.ZS,Natural gas rents (% of GDP),1987,0,,1
MNG,Mongolia,NY.GDP.NGAS.RT.ZS,Natural gas rents (% of GDP),1986,0,,1
MNG,Mongolia,NY.GDP.NGAS.RT.ZS,Natural gas rents (% of GDP),1985,0,,1
MNG,Mongolia,NY.GDP.NGAS.RT.ZS,Natural gas rents (% of GDP),1984,0,,1
MNG,Mongolia,NY.GDP.NGAS.RT.ZS,Natural gas rents (% of GDP),1983,0,,1
MNG,Mongolia,NY.GDP.NGAS.RT.ZS,Natural gas rents (% of GDP),1982,0,,1
MNG,Mongolia,NY.GDP.NGAS.RT.ZS,Natural gas rents (% of GDP),1981,0,,1
MNE,Montenegro,NY.GDP.NGAS.RT.ZS,Natural gas rents (% of GDP),2021,0,,1
MNE,Montenegro,NY.GDP.NGAS.RT.ZS,Natural gas rents (% of GDP),2020,0,,1
MNE,Montenegro,NY.GDP.NGAS.RT.ZS,Natural gas rents (% of GDP),2019,0,,1
MNE,Montenegro,NY.GDP.NGAS.RT.ZS,Natural gas rents (% of GDP),2018,0,,1
MNE,Montenegro,NY.GDP.NGAS.RT.ZS,Natural gas rents (% of GDP),2017,0,,1
MNE,Montenegro,NY.GDP.NGAS.RT.ZS,Natural gas rents (% of GDP),2016,0,,1
MNE,Montenegro,NY.GDP.NGAS.RT.ZS,Natural gas rents (% of GDP),2015,0,,1
MNE,Montenegro,NY.GDP.NGAS.RT.ZS,Natural gas rents (% of GDP),2014,0,,1
MNE,Montenegro,NY.GDP.NGAS.RT.ZS,Natural gas rents (% of GDP),2013,0,,1
MNE,Montenegro,NY.GDP.NGAS.RT.ZS,Natural gas rents (% of GDP),2012,0,,1
MNE,Montenegro,NY.GDP.NGAS.RT.ZS,Natural gas rents (% of GDP),2011,0,,1
MNE,Montenegro,NY.GDP.NGAS.RT.ZS,Natural gas rents (% of GDP),2010,0,,1
MNE,Montenegro,NY.GDP.NGAS.RT.ZS,Natural gas rents (% of GDP),2009,0,,1
MNE,Montenegro,NY.GDP.NGAS.RT.ZS,Natural gas rents (% of GDP),2008,0,,1
MNE,Montenegro,NY.GDP.NGAS.RT.ZS,Natural gas rents (% of GDP),2007,0,,1
MNE,Montenegro,NY.GDP.NGAS.RT.ZS,Natural gas rents (% of GDP),2006,0,,1
MNE,Montenegro,NY.GDP.NGAS.RT.ZS,Natural gas rents (% of GDP),2005,0,,1
MAR,Morocco,NY.GDP.NGAS.RT.ZS,Natural gas rents (% of GDP),2021,0.00921346590687334,,1
MAR,Morocco,NY.GDP.NGAS.RT.ZS,Natural gas rents (% of GDP),2020,0.00631929775199296,,1
MAR,Morocco,NY.GDP.NGAS.RT.ZS,Natural gas rents (% of GDP),2019,0.00587225251769356,,1
MAR,Morocco,NY.GDP.NGAS.RT.ZS,Natural gas rents (% of GDP),2018,0.00539924272695324,,1
MAR,Morocco,NY.GDP.NGAS.RT.ZS,Natural gas rents (% of GDP),2017,0.00340502839948628,,1
MAR,Morocco,NY.GDP.NGAS.RT.ZS,Natural gas rents (% of GDP),2016,0.00295472045218195,,1
MAR,Morocco,NY.GDP.NGAS.RT.ZS,Natural gas rents (% of GDP),2015,0.004323679359373,,1
MAR,Morocco,NY.GDP.NGAS.RT.ZS,Natural gas rents (% of GDP),2014,0.00687828870476931,,1
MAR,Morocco,NY.GDP.NGAS.RT.ZS,Natural gas rents (% of GDP),2013,0.00794804306675751,,1
MAR,Morocco,NY.GDP.NGAS.RT.ZS,Natural gas rents (% of GDP),2012,0.00690409560270985,,1
MAR,Morocco,NY.GDP.NGAS.RT.ZS,Natural gas rents (% of GDP),2011,0.00487176434039505,,1
MAR,Morocco,NY.GDP.NGAS.RT.ZS,Natural gas rents (% of GDP),2010,0.00368849162524083,,1
MAR,Morocco,NY.GDP.NGAS.RT.ZS,Natural gas rents (% of GDP),2009,0.00327045529676437,,1
MAR,Morocco,NY.GDP.NGAS.RT.ZS,Natural gas rents (% of GDP),2008,0.00384882894495432,,1
MAR,Morocco,NY.GDP.NGAS.RT.ZS,Natural gas rents (% of GDP),2007,0.0052266946835513,,1
MAR,Morocco,NY.GDP.NGAS.RT.ZS,Natural gas rents (% of GDP),2006,0.00538870749098225,,1
MAR,Morocco,NY.GDP.NGAS.RT.ZS,Natural gas rents (% of GDP),2005,0.00357718072559544,,1
MAR,Morocco,NY.GDP.NGAS.RT.ZS,Natural gas rents (% of GDP),2004,0.00439367389605553,,1
MAR,Morocco,NY.GDP.NGAS.RT.ZS,Natural gas rents (% of GDP),2003,0.00323575842559893,,1
MAR,Morocco,NY.GDP.NGAS.RT.ZS,Natural gas rents (% of GDP),2002,0.0042865136108573,,1
MAR,Morocco,NY.GDP.NGAS.RT.ZS,Natural gas rents (% of GDP),2001,0.00552667805533819,,1
MAR,Morocco,NY.GDP.NGAS.RT.ZS,Natural gas rents (% of GDP),2000,0.00505601668451482,,1
MAR,Morocco,NY.GDP.NGAS.RT.ZS,Natural gas rents (% of GDP),1999,0.00321518148818825,,1
MAR,Morocco,NY.GDP.NGAS.RT.ZS,Natural gas rents (% of GDP),1998,0.00289315747347079,,1
MAR,Morocco,NY.GDP.NGAS.RT.ZS,Natural gas rents (% of GDP),1997,0.00303058581085036,,1
MAR,Morocco,NY.GDP.NGAS.RT.ZS,Natural gas rents (% of GDP),1996,0.00140103228702109,,1
MAR,Morocco,NY.GDP.NGAS.RT.ZS,Natural gas rents (% of GDP),1995,0.0011164140323233,,1
MAR,Morocco,NY.GDP.NGAS.RT.ZS,Natural gas rents (% of GDP),1994,0.0017956976477896,,1
MAR,Morocco,NY.GDP.NGAS.RT.ZS,Natural gas rents (% of GDP),1993,0.00196484969933424,,1
MAR,Morocco,NY.GDP.NGAS.RT.ZS,Natural gas rents (% of GDP),1992,0.00180439593780061,,1
MAR,Morocco,NY.GDP.NGAS.RT.ZS,Natural gas rents (% of GDP),1991,0.00299617230372828,,1
MAR,Morocco,NY.GDP.NGAS.RT.ZS,Natural gas rents (% of GDP),1990,0.00523124323172785,,1
MAR,Morocco,NY.GDP.NGAS.RT.ZS,Natural gas rents (% of GDP),1989,0.00582312780565467,,1
MAR,Morocco,NY.GDP.NGAS.RT.ZS,Natural gas rents (% of GDP),1988,0.0082529784687435,,1
MAR,Morocco,NY.GDP.NGAS.RT.ZS,Natural gas rents (% of GDP),1987,0.00934502739658403,,1
MAR,Morocco,NY.GDP.NGAS.RT.ZS,Natural gas rents (% of GDP),1986,0.0146263683811256,,1
MAR,Morocco,NY.GDP.NGAS.RT.ZS,Natural gas rents (% of GDP),1985,0.0183396494961845,,1
MAR,Morocco,NY.GDP.NGAS.RT.ZS,Natural gas rents (% of GDP),1984,0.0170260184672975,,1
MAR,Morocco,NY.GDP.NGAS.RT.ZS,Natural gas rents (% of GDP),1983,0.0174130758156611,,1
MAR,Morocco,NY.GDP.NGAS.RT.ZS,Natural gas rents (% of GDP),1982,0.00499670138987009,,1
MAR,Morocco,NY.GDP.NGAS.RT.ZS,Natural gas rents (% of GDP),1981,0.0139193628379737,,1
MAR,Morocco,NY.GDP.NGAS.RT.ZS,Natural gas rents (% of GDP),1980,0.010332351179635,,1
MAR,Morocco,NY.GDP.NGAS.RT.ZS,Natural gas rents (% of GDP),1979,0.0172749520505173,,1
MAR,Morocco,NY.GDP.NGAS.RT.ZS,Natural gas rents (% of GDP),1978,0.0141901535487706,,1
MAR,Morocco,NY.GDP.NGAS.RT.ZS,Natural gas rents (% of GDP),1977,0.0155671723540861,,1
MAR,Morocco,NY.GDP.NGAS.RT.ZS,Natural gas rents (% of GDP),1976,0.0134592627278407,,1
MAR,Morocco,NY.GDP.NGAS.RT.ZS,Natural gas rents (% of GDP),1975,0.0126956610602682,,1
MAR,Morocco,NY.GDP.NGAS.RT.ZS,Natural gas rents (% of GDP),1974,0.00872944192518142,,1
MAR,Morocco,NY.GDP.NGAS.RT.ZS,Natural gas rents (% of GDP),1973,0.00875949171774635,,1
MAR,Morocco,NY.GDP.NGAS.RT.ZS,Natural gas rents (% of GDP),1972,0.00852751779574607,,1
MAR,Morocco,NY.GDP.NGAS.RT.ZS,Natural gas rents (% of GDP),1971,0.00771668433030834,,1
MOZ,Mozambique,NY.GDP.NGAS.RT.ZS,Natural gas rents (% of GDP),2021,3.56569180210999,,1
MOZ,Mozambique,NY.GDP.NGAS.RT.ZS,Natural gas rents (% of GDP),2020,2.16476507105305,,1
MOZ,Mozambique,NY.GDP.NGAS.RT.ZS,Natural gas rents (% of GDP),2019,2.70158116067819,,1
MOZ,Mozambique,NY.GDP.NGAS.RT.ZS,Natural gas rents (% of GDP),2018,3.03979938526507,,1
MOZ,Mozambique,NY.GDP.NGAS.RT.ZS,Natural gas rents (% of GDP),2017,2.16082066537561,,1
MOZ,Mozambique,NY.GDP.NGAS.RT.ZS,Natural gas rents (% of GDP),2016,1.97200900578106,,1
MOZ,Mozambique,NY.GDP.NGAS.RT.ZS,Natural gas rents (% of GDP),2015,2.13938758840339,,1
MOZ,Mozambique,NY.GDP.NGAS.RT.ZS,Natural gas rents (% of GDP),2014,2.49412068073804,,1
MOZ,Mozambique,NY.GDP.NGAS.RT.ZS,Natural gas rents (% of GDP),2013,2.50355833068363,,1
MOZ,Mozambique,NY.GDP.NGAS.RT.ZS,Natural gas rents (% of GDP),2012,2.50717835565139,,1
MOZ,Mozambique,NY.GDP.NGAS.RT.ZS,Natural gas rents (% of GDP),2011,2.46277284263354,,1
MOZ,Mozambique,NY.GDP.NGAS.RT.ZS,Natural gas rents (% of GDP),2010,2.06799636870009,,1
MOZ,Mozambique,NY.GDP.NGAS.RT.ZS,Natural gas rents (% of GDP),2009,1.58858003406097,,1
MOZ,Mozambique,NY.GDP.NGAS.RT.ZS,Natural gas rents (% of GDP),2008,1.80233550297769,,1
MOZ,Mozambique,NY.GDP.NGAS.RT.ZS,Natural gas rents (% of GDP),2007,1.56645133238839,,1
MOZ,Mozambique,NY.GDP.NGAS.RT.ZS,Natural gas rents (% of GDP),2006,1.82989350547793,,1
MOZ,Mozambique,NY.GDP.NGAS.RT.ZS,Natural gas rents (% of GDP),2005,0.558866557971731,,1
MOZ,Mozambique,NY.GDP.NGAS.RT.ZS,Natural gas rents (% of GDP),2004,0.701308197114022,,1
MOZ,Mozambique,NY.GDP.NGAS.RT.ZS,Natural gas rents (% of GDP),2003,0.00163856411454619,,1
MOZ,Mozambique,NY.GDP.NGAS.RT.ZS,Natural gas rents (% of GDP),2002,0.00158881967528373,,1
MOZ,Mozambique,NY.GDP.NGAS.RT.ZS,Natural gas rents (% of GDP),2001,0.000900031540372012,,1
MOZ,Mozambique,NY.GDP.NGAS.RT.ZS,Natural gas rents (% of GDP),2000,0.000570471054454014,,1
MOZ,Mozambique,NY.GDP.NGAS.RT.ZS,Natural gas rents (% of GDP),1999,0.000195249849625632,,1
MOZ,Mozambique,NY.GDP.NGAS.RT.ZS,Natural gas rents (% of GDP),1998,0.000160685544428399,,1
MOZ,Mozambique,NY.GDP.NGAS.RT.ZS,Natural gas rents (% of GDP),1997,0.000180662829301023,,1
MOZ,Mozambique,NY.GDP.NGAS.RT.ZS,Natural gas rents (% of GDP),1996,0.000190428759618507,,1
MOZ,Mozambique,NY.GDP.NGAS.RT.ZS,Natural gas rents (% of GDP),1995,0.000240967016585059,,1
MOZ,Mozambique,NY.GDP.NGAS.RT.ZS,Natural gas rents (% of GDP),1994,9.9102686734565e-05,,1
MOZ,Mozambique,NY.GDP.NGAS.RT.ZS,Natural gas rents (% of GDP),1993,9.58458672240097e-05,,1
MOZ,Mozambique,NY.GDP.NGAS.RT.ZS,Natural gas rents (% of GDP),1992,7.8975268717056e-05,,1
MOZ,Mozambique,NY.GDP.NGAS.RT.ZS,Natural gas rents (% of GDP),1991,0,,1
MMR,Myanmar,NY.GDP.NGAS.RT.ZS,Natural gas rents (% of GDP),2021,4.39650989335516,,1
MMR,Myanmar,NY.GDP.NGAS.RT.ZS,Natural gas rents (% of GDP),2020,2.16427590306573,,1
MMR,Myanmar,NY.GDP.NGAS.RT.ZS,Natural gas rents (% of GDP),2019,3.23186360116772,,1
MMR,Myanmar,NY.GDP.NGAS.RT.ZS,Natural gas rents (% of GDP),2018,3.24961569445266,,1
MMR,Myanmar,NY.GDP.NGAS.RT.ZS,Natural gas rents (% of GDP),2017,2.58866845782587,,1
MMR,Myanmar,NY.GDP.NGAS.RT.ZS,Natural gas rents (% of GDP),2016,2.61215166075448,,1
MMR,Myanmar,NY.GDP.NGAS.RT.ZS,Natural gas rents (% of GDP),2015,3.15576965417731,,1
MMR,Myanmar,NY.GDP.NGAS.RT.ZS,Natural gas rents (% of GDP),2014,2.48423798053391,,1
MMR,Myanmar,NY.GDP.NGAS.RT.ZS,Natural gas rents (% of GDP),2013,1.59345178892816,,1
MMR,Myanmar,NY.GDP.NGAS.RT.ZS,Natural gas rents (% of GDP),2012,1.6427752400454,,1
MMR,Myanmar,NY.GDP.NGAS.RT.ZS,Natural gas rents (% of GDP),2011,1.83559798767907,,1
MMR,Myanmar,NY.GDP.NGAS.RT.ZS,Natural gas rents (% of GDP),2010,2.39365031149079,,1
MMR,Myanmar,NY.GDP.NGAS.RT.ZS,Natural gas rents (% of GDP),2009,2.68196178358611,,1
MMR,Myanmar,NY.GDP.NGAS.RT.ZS,Natural gas rents (% of GDP),2008,3.82889756804556,,1
MMR,Myanmar,NY.GDP.NGAS.RT.ZS,Natural gas rents (% of GDP),2007,5.5796017245025,,1
MMR,Myanmar,NY.GDP.NGAS.RT.ZS,Natural gas rents (% of GDP),2006,7.11993514076936,,1
MMR,Myanmar,NY.GDP.NGAS.RT.ZS,Natural gas rents (% of GDP),2005,9.26676467372353,,1
MMR,Myanmar,NY.GDP.NGAS.RT.ZS,Natural gas rents (% of GDP),2004,8.14214332520292,,1
MMR,Myanmar,NY.GDP.NGAS.RT.ZS,Natural gas rents (% of GDP),2003,8.04869867586634,,1
MMR,Myanmar,NY.GDP.NGAS.RT.ZS,Natural gas rents (% of GDP),2002,7.0882670077694,,1
MMR,Myanmar,NY.GDP.NGAS.RT.ZS,Natural gas rents (% of GDP),2001,6.67584865927321,,1
MMR,Myanmar,NY.GDP.NGAS.RT.ZS,Natural gas rents (% of GDP),2000,3.2424384672353,,1
MMR,Myanmar,NY.GDP.NGAS.RT.ZS,Natural gas rents (% of GDP),1999,1.27486861904363,,1
MMR,Myanmar,NY.GDP.NGAS.RT.ZS,Natural gas rents (% of GDP),1998,1.44765762205338,,1
MMR,Myanmar,NY.GDP.NGAS.RT.ZS,Natural gas rents (% of GDP),1997,1.4074117440653,,1
MMR,Myanmar,NY.GDP.NGAS.RT.ZS,Natural gas rents (% of GDP),1996,1.4103675273612,,1
MMR,Myanmar,NY.GDP.NGAS.RT.ZS,Natural gas rents (% of GDP),1995,1.46070698160384,,1
MMR,Myanmar,NY.GDP.NGAS.RT.ZS,Natural gas rents (% of GDP),1994,1.56439719898042,,1
MMR,Myanmar,NY.GDP.NGAS.RT.ZS,Natural gas rents (% of GDP),1993,1.44373876503733,,1
MMR,Myanmar,NY.GDP.NGAS.RT.ZS,Natural gas rents (% of GDP),1992,1.43038034440844,,1
MMR,Myanmar,NY.GDP.NGAS.RT.ZS,Natural gas rents (% of GDP),1991,1.39571769216191,,1
MMR,Myanmar,NY.GDP.NGAS.RT.ZS,Natural gas rents (% of GDP),1990,1.82653976993328,,1
MMR,Myanmar,NY.GDP.NGAS.RT.ZS,Natural gas rents (% of GDP),1989,1.6543337699345,,1
MMR,Myanmar,NY.GDP.NGAS.RT.ZS,Natural gas rents (% of GDP),1988,1.73739210176829,,1
MMR,Myanmar,NY.GDP.NGAS.RT.ZS,Natural gas rents (% of GDP),1987,2.15688269138271,,1
MMR,Myanmar,NY.GDP.NGAS.RT.ZS,Natural gas rents (% of GDP),1986,2.1285482288347,,1
MMR,Myanmar,NY.GDP.NGAS.RT.ZS,Natural gas rents (% of GDP),1985,1.22757981174292,,1
MMR,Myanmar,NY.GDP.NGAS.RT.ZS,Natural gas rents (% of GDP),1984,0.763598019921835,,1
MMR,Myanmar,NY.GDP.NGAS.RT.ZS,Natural gas rents (% of GDP),1983,0.465055774250168,,1
MMR,Myanmar,NY.GDP.NGAS.RT.ZS,Natural gas rents (% of GDP),1982,0.212616872648731,,1
MMR,Myanmar,NY.GDP.NGAS.RT.ZS,Natural gas rents (% of GDP),1981,0.578193355283371,,1
MMR,Myanmar,NY.GDP.NGAS.RT.ZS,Natural gas rents (% of GDP),1980,1.32964302722091,,1
MMR,Myanmar,NY.GDP.NGAS.RT.ZS,Natural gas rents (% of GDP),1979,1.22188078012097,,1
MMR,Myanmar,NY.GDP.NGAS.RT.ZS,Natural gas rents (% of GDP),1978,0.869950878413593,,1
MMR,Myanmar,NY.GDP.NGAS.RT.ZS,Natural gas rents (% of GDP),1977,0.595076315874945,,1
MMR,Myanmar,NY.GDP.NGAS.RT.ZS,Natural gas rents (% of GDP),1976,0.59711740253125,,1
MMR,Myanmar,NY.GDP.NGAS.RT.ZS,Natural gas rents (% of GDP),1975,0.418057485142357,,1
MMR,Myanmar,NY.GDP.NGAS.RT.ZS,Natural gas rents (% of GDP),1974,0.248961701761117,,1
MMR,Myanmar,NY.GDP.NGAS.RT.ZS,Natural gas rents (% of GDP),1973,0.00863126414699231,,1
MMR,Myanmar,NY.GDP.NGAS.RT.ZS,Natural gas rents (% of GDP),1972,0.00479216546563338,,1
MMR,Myanmar,NY.GDP.NGAS.RT.ZS,Natural gas rents (% of GDP),1971,0.00340964365580216,,1
MMR,Myanmar,NY.GDP.NGAS.RT.ZS,Natural gas rents (% of GDP),1970,0,,1
NAM,Namibia,NY.GDP.NGAS.RT.ZS,Natural gas rents (% of GDP),2021,0,,1
NAM,Namibia,NY.GDP.NGAS.RT.ZS,Natural gas rents (% of GDP),2020,0,,1
NAM,Namibia,NY.GDP.NGAS.RT.ZS,Natural gas rents (% of GDP),2019,0,,1
NAM,Namibia,NY.GDP.NGAS.RT.ZS,Natural gas rents (% of GDP),2018,0,,1
NAM,Namibia,NY.GDP.NGAS.RT.ZS,Natural gas rents (% of GDP),2017,0,,1
NAM,Namibia,NY.GDP.NGAS.RT.ZS,Natural gas rents (% of GDP),2016,0,,1
NAM,Namibia,NY.GDP.NGAS.RT.ZS,Natural gas rents (% of GDP),2015,0,,1
NAM,Namibia,NY.GDP.NGAS.RT.ZS,Natural gas rents (% of GDP),2014,0,,1
NAM,Namibia,NY.GDP.NGAS.RT.ZS,Natural gas rents (% of GDP),2013,0,,1
NAM,Namibia,NY.GDP.NGAS.RT.ZS,Natural gas rents (% of GDP),2012,0,,1
NAM,Namibia,NY.GDP.NGAS.RT.ZS,Natural gas rents (% of GDP),2011,0,,1
NAM,Namibia,NY.GDP.NGAS.RT.ZS,Natural gas rents (% of GDP),2010,0,,1
NAM,Namibia,NY.GDP.NGAS.RT.ZS,Natural gas rents (% of GDP),2009,0,,1
NAM,Namibia,NY.GDP.NGAS.RT.ZS,Natural gas rents (% of GDP),2008,0,,1
NAM,Namibia,NY.GDP.NGAS.RT.ZS,Natural gas rents (% of GDP),2007,0,,1
NAM,Namibia,NY.GDP.NGAS.RT.ZS,Natural gas rents (% of GDP),2006,0,,1
NAM,Namibia,NY.GDP.NGAS.RT.ZS,Natural gas rents (% of GDP),2005,0,,1
NAM,Namibia,NY.GDP.NGAS.RT.ZS,Natural gas rents (% of GDP),2004,0,,1
NAM,Namibia,NY.GDP.NGAS.RT.ZS,Natural gas rents (% of GDP),2003,0,,1
NAM,Namibia,NY.GDP.NGAS.RT.ZS,Natural gas rents (% of GDP),2002,0,,1
NAM,Namibia,NY.GDP.NGAS.RT.ZS,Natural gas rents (% of GDP),2001,0,,1
NAM,Namibia,NY.GDP.NGAS.RT.ZS,Natural gas rents (% of GDP),2000,0,,1
NAM,Namibia,NY.GDP.NGAS.RT.ZS,Natural gas rents (% of GDP),1999,0,,1
NAM,Namibia,NY.GDP.NGAS.RT.ZS,Natural gas rents (% of GDP),1998,0,,1
NAM,Namibia,NY.GDP.NGAS.RT.ZS,Natural gas rents (% of GDP),1997,0,,1
NAM,Namibia,NY.GDP.NGAS.RT.ZS,Natural gas rents (% of GDP),1996,0,,1
NAM,Namibia,NY.GDP.NGAS.RT.ZS,Natural gas rents (% of GDP),1995,0,,1
NAM,Namibia,NY.GDP.NGAS.RT.ZS,Natural gas rents (% of GDP),1994,0,,1
NAM,Namibia,NY.GDP.NGAS.RT.ZS,Natural gas rents (% of GDP),1993,0,,1
NAM,Namibia,NY.GDP.NGAS.RT.ZS,Natural gas rents (% of GDP),1992,0,,1
NAM,Namibia,NY.GDP.NGAS.RT.ZS,Natural gas rents (% of GDP),1991,0,,1
NAM,Namibia,NY.GDP.NGAS.RT.ZS,Natural gas rents (% of GDP),1990,0,,1
NRU,Nauru,NY.GDP.NGAS.RT.ZS,Natural gas rents (% of GDP),2021,0,,1
NRU,Nauru,NY.GDP.NGAS.RT.ZS,Natural gas rents (% of GDP),2020,0,,1
NRU,Nauru,NY.GDP.NGAS.RT.ZS,Natural gas rents (% of GDP),2019,0,,1
NRU,Nauru,NY.GDP.NGAS.RT.ZS,Natural gas rents (% of GDP),2018,0,,1
NRU,Nauru,NY.GDP.NGAS.RT.ZS,Natural gas rents (% of GDP),2017,0,,1
NRU,Nauru,NY.GDP.NGAS.RT.ZS,Natural gas rents (% of GDP),2016,0,,1
NRU,Nauru,NY.GDP.NGAS.RT.ZS,Natural gas rents (% of GDP),2015,0,,1
NRU,Nauru,NY.GDP.NGAS.RT.ZS,Natural gas rents (% of GDP),2014,0,,1
NRU,Nauru,NY.GDP.NGAS.RT.ZS,Natural gas rents (% of GDP),2013,0,,1
NPL,Nepal,NY.GDP.NGAS.RT.ZS,Natural gas rents (% of GDP),2021,0,,1
NPL,Nepal,NY.GDP.NGAS.RT.ZS,Natural gas rents (% of GDP),2020,0,,1
NPL,Nepal,NY.GDP.NGAS.RT.ZS,Natural gas rents (% of GDP),2019,0,,1
NPL,Nepal,NY.GDP.NGAS.RT.ZS,Natural gas rents (% of GDP),2018,0,,1
NPL,Nepal,NY.GDP.NGAS.RT.ZS,Natural gas rents (% of GDP),2017,0,,1
NPL,Nepal,NY.GDP.NGAS.RT.ZS,Natural gas rents (% of GDP),2016,0,,1
NPL,Nepal,NY.GDP.NGAS.RT.ZS,Natural gas rents (% of GDP),2015,0,,1
NPL,Nepal,NY.GDP.NGAS.RT.ZS,Natural gas rents (% of GDP),2014,0,,1
NPL,Nepal,NY.GDP.NGAS.RT.ZS,Natural gas rents (% of GDP),2013,0,,1
NPL,Nepal,NY.GDP.NGAS.RT.ZS,Natural gas rents (% of GDP),2012,0,,1
NPL,Nepal,NY.GDP.NGAS.RT.ZS,Natural gas rents (% of GDP),2011,0,,1
NPL,Nepal,NY.GDP.NGAS.RT.ZS,Natural gas rents (% of GDP),2010,0,,1
NPL,Nepal,NY.GDP.NGAS.RT.ZS,Natural gas rents (% of GDP),2009,0,,1
NPL,Nepal,NY.GDP.NGAS.RT.ZS,Natural gas rents (% of GDP),2008,0,,1
NPL,Nepal,NY.GDP.NGAS.RT.ZS,Natural gas rents (% of GDP),2007,0,,1
NPL,Nepal,NY.GDP.NGAS.RT.ZS,Natural gas rents (% of GDP),2006,0,,1
NPL,Nepal,NY.GDP.NGAS.RT.ZS,Natural gas rents (% of GDP),2005,0,,1
NPL,Nepal,NY.GDP.NGAS.RT.ZS,Natural gas rents (% of GDP),2004,0,,1
NPL,Nepal,NY.GDP.NGAS.RT.ZS,Natural gas rents (% of GDP),2003,0,,1
NPL,Nepal,NY.GDP.NGAS.RT.ZS,Natural gas rents (% of GDP),2002,0,,1
NPL,Nepal,NY.GDP.NGAS.RT.ZS,Natural gas rents (% of GDP),2001,0,,1
NPL,Nepal,NY.GDP.NGAS.RT.ZS,Natural gas rents (% of GDP),2000,0,,1
NPL,Nepal,NY.GDP.NGAS.RT.ZS,Natural gas rents (% of GDP),1999,0,,1
NPL,Nepal,NY.GDP.NGAS.RT.ZS,Natural gas rents (% of GDP),1998,0,,1
NPL,Nepal,NY.GDP.NGAS.RT.ZS,Natural gas rents (% of GDP),1997,0,,1
NPL,Nepal,NY.GDP.NGAS.RT.ZS,Natural gas rents (% of GDP),1996,0,,1
NPL,Nepal,NY.GDP.NGAS.RT.ZS,Natural gas rents (% of GDP),1995,0,,1
NPL,Nepal,NY.GDP.NGAS.RT.ZS,Natural gas rents (% of GDP),1994,0,,1
NPL,Nepal,NY.GDP.NGAS.RT.ZS,Natural gas rents (% of GDP),1993,0,,1
NPL,Nepal,NY.GDP.NGAS.RT.ZS,Natural gas rents (% of GDP),1992,0,,1
NPL,Nepal,NY.GDP.NGAS.RT.ZS,Natural gas rents (% of GDP),1991,0,,1
NPL,Nepal,NY.GDP.NGAS.RT.ZS,Natural gas rents (% of GDP),1990,0,,1
NPL,Nepal,NY.GDP.NGAS.RT.ZS,Natural gas rents (% of GDP),1989,0,,1
NPL,Nepal,NY.GDP.NGAS.RT.ZS,Natural gas rents (% of GDP),1988,0,,1
NPL,Nepal,NY.GDP.NGAS.RT.ZS,Natural gas rents (% of GDP),1987,0,,1
NPL,Nepal,NY.GDP.NGAS.RT.ZS,Natural gas rents (% of GDP),1986,0,,1
NPL,Nepal,NY.GDP.NGAS.RT.ZS,Natural gas rents (% of GDP),1985,0,,1
NPL,Nepal,NY.GDP.NGAS.RT.ZS,Natural gas rents (% of GDP),1984,0,,1
NPL,Nepal,NY.GDP.NGAS.RT.ZS,Natural gas rents (% of GDP),1983,0,,1
NPL,Nepal,NY.GDP.NGAS.RT.ZS,Natural gas rents (% of GDP),1982,0,,1
NPL,Nepal,NY.GDP.NGAS.RT.ZS,Natural gas rents (% of GDP),1981,0,,1
NPL,Nepal,NY.GDP.NGAS.RT.ZS,Natural gas rents (% of GDP),1980,0,,1
NPL,Nepal,NY.GDP.NGAS.RT.ZS,Natural gas rents (% of GDP),1979,0,,1
NPL,Nepal,NY.GDP.NGAS.RT.ZS,Natural gas rents (% of GDP),1978,0,,1
NPL,Nepal,NY.GDP.NGAS.RT.ZS,Natural gas rents (% of GDP),1977,0,,1
NPL,Nepal,NY.GDP.NGAS.RT.ZS,Natural gas rents (% of GDP),1976,0,,1
NPL,Nepal,NY.GDP.NGAS.RT.ZS,Natural gas rents (% of GDP),1975,0,,1
NPL,Nepal,NY.GDP.NGAS.RT.ZS,Natural gas rents (% of GDP),1974,0,,1
NPL,Nepal,NY.GDP.NGAS.RT.ZS,Natural gas rents (% of GDP),1973,0,,1
NPL,Nepal,NY.GDP.NGAS.RT.ZS,Natural gas rents (% of GDP),1972,0,,1
NPL,Nepal,NY.GDP.NGAS.RT.ZS,Natural gas rents (% of GDP),1971,0,,1
NLD,Netherlands,NY.GDP.NGAS.RT.ZS,Natural gas rents (% of GDP),2021,0.312284681581925,,1
NLD,Netherlands,NY.GDP.NGAS.RT.ZS,Natural gas rents (% of GDP),2020,0.0687746204407482,,1
NLD,Netherlands,NY.GDP.NGAS.RT.ZS,Natural gas rents (% of GDP),2019,0.192462763398317,,1
NLD,Netherlands,NY.GDP.NGAS.RT.ZS,Natural gas rents (% of GDP),2018,0.320392140389771,,1
NLD,Netherlands,NY.GDP.NGAS.RT.ZS,Natural gas rents (% of GDP),2017,0.257105896754391,,1
NLD,Netherlands,NY.GDP.NGAS.RT.ZS,Natural gas rents (% of GDP),2016,0.229978465875855,,1
NLD,Netherlands,NY.GDP.NGAS.RT.ZS,Natural gas rents (% of GDP),2015,0.409802071791948,,1
NLD,Netherlands,NY.GDP.NGAS.RT.ZS,Natural gas rents (% of GDP),2014,0.625839472123598,,1
NLD,Netherlands,NY.GDP.NGAS.RT.ZS,Natural gas rents (% of GDP),2013,1.06858270146467,,1
NLD,Netherlands,NY.GDP.NGAS.RT.ZS,Natural gas rents (% of GDP),2012,1.07545709194109,,1
NLD,Netherlands,NY.GDP.NGAS.RT.ZS,Natural gas rents (% of GDP),2011,0.967144018557186,,1
NLD,Netherlands,NY.GDP.NGAS.RT.ZS,Natural gas rents (% of GDP),2010,0.728762153920343,,1
NLD,Netherlands,NY.GDP.NGAS.RT.ZS,Natural gas rents (% of GDP),2009,0.686149183988494,,1
NLD,Netherlands,NY.GDP.NGAS.RT.ZS,Natural gas rents (% of GDP),2008,0.963753121969128,,1
NLD,Netherlands,NY.GDP.NGAS.RT.ZS,Natural gas rents (% of GDP),2007,0.52120335320914,,1
NLD,Netherlands,NY.GDP.NGAS.RT.ZS,Natural gas rents (% of GDP),2006,0.607059769493383,,1
NLD,Netherlands,NY.GDP.NGAS.RT.ZS,Natural gas rents (% of GDP),2005,0.294878106120457,,1
NLD,Netherlands,NY.GDP.NGAS.RT.ZS,Natural gas rents (% of GDP),2004,0.395244249969581,,1
NLD,Netherlands,NY.GDP.NGAS.RT.ZS,Natural gas rents (% of GDP),2003,0.430352698895937,,1
NLD,Netherlands,NY.GDP.NGAS.RT.ZS,Natural gas rents (% of GDP),2002,0.505350536423084,,1
NLD,Netherlands,NY.GDP.NGAS.RT.ZS,Natural gas rents (% of GDP),2001,0.747341370036793,,1
NLD,Netherlands,NY.GDP.NGAS.RT.ZS,Natural gas rents (% of GDP),2000,0.343533262762868,,1
NLD,Netherlands,NY.GDP.NGAS.RT.ZS,Natural gas rents (% of GDP),1999,0.0483883755868226,,1
NLD,Netherlands,NY.GDP.NGAS.RT.ZS,Natural gas rents (% of GDP),1998,0.0544001863523158,,1
NLD,Netherlands,NY.GDP.NGAS.RT.ZS,Natural gas rents (% of GDP),1997,0.459155377773329,,1
NLD,Netherlands,NY.GDP.NGAS.RT.ZS,Natural gas rents (% of GDP),1996,0.443242674406277,,1
NLD,Netherlands,NY.GDP.NGAS.RT.ZS,Natural gas rents (% of GDP),1995,0.405396325147202,,1
NLD,Netherlands,NY.GDP.NGAS.RT.ZS,Natural gas rents (% of GDP),1994,0.256842367989298,,1
NLD,Netherlands,NY.GDP.NGAS.RT.ZS,Natural gas rents (% of GDP),1993,0.299076540262906,,1
NLD,Netherlands,NY.GDP.NGAS.RT.ZS,Natural gas rents (% of GDP),1992,0.127838977285178,,1
NLD,Netherlands,NY.GDP.NGAS.RT.ZS,Natural gas rents (% of GDP),1991,0.265578115721853,,1
NLD,Netherlands,NY.GDP.NGAS.RT.ZS,Natural gas rents (% of GDP),1990,0.340615242694369,,1
NLD,Netherlands,NY.GDP.NGAS.RT.ZS,Natural gas rents (% of GDP),1989,0.264955256621157,,1
NLD,Netherlands,NY.GDP.NGAS.RT.ZS,Natural gas rents (% of GDP),1988,0.224200461485898,,1
NLD,Netherlands,NY.GDP.NGAS.RT.ZS,Natural gas rents (% of GDP),1987,0.307356225751946,,1
NLD,Netherlands,NY.GDP.NGAS.RT.ZS,Natural gas rents (% of GDP),1986,0.712019364121164,,1
NLD,Netherlands,NY.GDP.NGAS.RT.ZS,Natural gas rents (% of GDP),1985,1.07198897537057,,1
NLD,Netherlands,NY.GDP.NGAS.RT.ZS,Natural gas rents (% of GDP),1984,1.12244317438002,,1
NLD,Netherlands,NY.GDP.NGAS.RT.ZS,Natural gas rents (% of GDP),1983,1.0457734474145,,1
NLD,Netherlands,NY.GDP.NGAS.RT.ZS,Natural gas rents (% of GDP),1982,0.546036473708636,,1
NLD,Netherlands,NY.GDP.NGAS.RT.ZS,Natural gas rents (% of GDP),1981,1.33474372870246,,1
NLD,Netherlands,NY.GDP.NGAS.RT.ZS,Natural gas rents (% of GDP),1980,1.84751073298612,,1
NLD,Netherlands,NY.GDP.NGAS.RT.ZS,Natural gas rents (% of GDP),1979,1.50851733165945,,1
NLD,Netherlands,NY.GDP.NGAS.RT.ZS,Natural gas rents (% of GDP),1978,0.982390383284719,,1
NLD,Netherlands,NY.GDP.NGAS.RT.ZS,Natural gas rents (% of GDP),1977,1.20957920658852,,1
NLD,Netherlands,NY.GDP.NGAS.RT.ZS,Natural gas rents (% of GDP),1976,1.39336920206056,,1
NLD,Netherlands,NY.GDP.NGAS.RT.ZS,Natural gas rents (% of GDP),1975,1.35461366298042,,1
NLD,Netherlands,NY.GDP.NGAS.RT.ZS,Natural gas rents (% of GDP),1974,0.987235252309747,,1
NLD,Netherlands,NY.GDP.NGAS.RT.ZS,Natural gas rents (% of GDP),1973,0.32010954808458,,1
NLD,Netherlands,NY.GDP.NGAS.RT.ZS,Natural gas rents (% of GDP),1972,0.41998433826706,,1
NLD,Netherlands,NY.GDP.NGAS.RT.ZS,Natural gas rents (% of GDP),1971,0.278792121900835,,1
NLD,Netherlands,NY.GDP.NGAS.RT.ZS,Natural gas rents (% of GDP),1970,0.187627040682771,,1
NCL,New Caledonia,NY.GDP.NGAS.RT.ZS,Natural gas rents (% of GDP),2021,0,,1
NCL,New Caledonia,NY.GDP.NGAS.RT.ZS,Natural gas rents (% of GDP),2020,0,,1
NCL,New Caledonia,NY.GDP.NGAS.RT.ZS,Natural gas rents (% of GDP),2019,0,,1
NCL,New Caledonia,NY.GDP.NGAS.RT.ZS,Natural gas rents (% of GDP),2018,0,,1
NCL,New Caledonia,NY.GDP.NGAS.RT.ZS,Natural gas rents (% of GDP),2017,0,,1
NCL,New Caledonia,NY.GDP.NGAS.RT.ZS,Natural gas rents (% of GDP),2016,0,,1
NCL,New Caledonia,NY.GDP.NGAS.RT.ZS,Natural gas rents (% of GDP),2015,0,,1
NCL,New Caledonia,NY.GDP.NGAS.RT.ZS,Natural gas rents (% of GDP),2014,0,,1
NCL,New Caledonia,NY.GDP.NGAS.RT.ZS,Natural gas rents (% of GDP),2013,0,,1
NCL,New Caledonia,NY.GDP.NGAS.RT.ZS,Natural gas rents (% of GDP),2012,0,,1
NCL,New Caledonia,NY.GDP.NGAS.RT.ZS,Natural gas rents (% of GDP),2011,0,,1
NCL,New Caledonia,NY.GDP.NGAS.RT.ZS,Natural gas rents (% of GDP),2010,0,,1
NCL,New Caledonia,NY.GDP.NGAS.RT.ZS,Natural gas rents (% of GDP),2009,0,,1
NCL,New Caledonia,NY.GDP.NGAS.RT.ZS,Natural gas rents (% of GDP),2008,0,,1
NCL,New Caledonia,NY.GDP.NGAS.RT.ZS,Natural gas rents (% of GDP),2007,0,,1
NCL,New Caledonia,NY.GDP.NGAS.RT.ZS,Natural gas rents (% of GDP),2006,0,,1
NCL,New Caledonia,NY.GDP.NGAS.RT.ZS,Natural gas rents (% of GDP),2005,0,,1
NCL,New Caledonia,NY.GDP.NGAS.RT.ZS,Natural gas rents (% of GDP),2004,0,,1
NCL,New Caledonia,NY.GDP.NGAS.RT.ZS,Natural gas rents (% of GDP),2003,0,,1
NCL,New Caledonia,NY.GDP.NGAS.RT.ZS,Natural gas rents (% of GDP),2002,0,,1
NCL,New Caledonia,NY.GDP.NGAS.RT.ZS,Natural gas rents (% of GDP),2001,0,,1
NCL,New Caledonia,NY.GDP.NGAS.RT.ZS,Natural gas rents (% of GDP),2000,0,,1
NCL,New Caledonia,NY.GDP.NGAS.RT.ZS,Natural gas rents (% of GDP),1999,0,,1
NCL,New Caledonia,NY.GDP.NGAS.RT.ZS,Natural gas rents (% of GDP),1998,0,,1
NCL,New Caledonia,NY.GDP.NGAS.RT.ZS,Natural gas rents (% of GDP),1997,0,,1
NCL,New Caledonia,NY.GDP.NGAS.RT.ZS,Natural gas rents (% of GDP),1996,0,,1
NCL,New Caledonia,NY.GDP.NGAS.RT.ZS,Natural gas rents (% of GDP),1995,0,,1
NCL,New Caledonia,NY.GDP.NGAS.RT.ZS,Natural gas rents (% of GDP),1994,0,,1
NCL,New Caledonia,NY.GDP.NGAS.RT.ZS,Natural gas rents (% of GDP),1993,0,,1
NCL,New Caledonia,NY.GDP.NGAS.RT.ZS,Natural gas rents (% of GDP),1992,0,,1
NCL,New Caledonia,NY.GDP.NGAS.RT.ZS,Natural gas rents (% of GDP),1991,0,,1
NCL,New Caledonia,NY.GDP.NGAS.RT.ZS,Natural gas rents (% of GDP),1990,0,,1
NCL,New Caledonia,NY.GDP.NGAS.RT.ZS,Natural gas rents (% of GDP),1989,0,,1
NCL,New Caledonia,NY.GDP.NGAS.RT.ZS,Natural gas rents (% of GDP),1988,0,,1
NCL,New Caledonia,NY.GDP.NGAS.RT.ZS,Natural gas rents (% of GDP),1987,0,,1
NCL,New Caledonia,NY.GDP.NGAS.RT.ZS,Natural gas rents (% of GDP),1986,0,,1
NCL,New Caledonia,NY.GDP.NGAS.RT.ZS,Natural gas rents (% of GDP),1985,0,,1
NCL,New Caledonia,NY.GDP.NGAS.RT.ZS,Natural gas rents (% of GDP),1984,0,,1
NCL,New Caledonia,NY.GDP.NGAS.RT.ZS,Natural gas rents (% of GDP),1983,0,,1
NCL,New Caledonia,NY.GDP.NGAS.RT.ZS,Natural gas rents (% of GDP),1982,0,,1
NCL,New Caledonia,NY.GDP.NGAS.RT.ZS,Natural gas rents (% of GDP),1981,0,,1
NCL,New Caledonia,NY.GDP.NGAS.RT.ZS,Natural gas rents (% of GDP),1980,0,,1
NZL,New Zealand,NY.GDP.NGAS.RT.ZS,Natural gas rents (% of GDP),2021,0.294661482258359,,1
NZL,New Zealand,NY.GDP.NGAS.RT.ZS,Natural gas rents (% of GDP),2020,0.231004223323853,,1
NZL,New Zealand,NY.GDP.NGAS.RT.ZS,Natural gas rents (% of GDP),2019,0.295210632582245,,1
NZL,New Zealand,NY.GDP.NGAS.RT.ZS,Natural gas rents (% of GDP),2018,0.277834411287836,,1
NZL,New Zealand,NY.GDP.NGAS.RT.ZS,Natural gas rents (% of GDP),2017,0.215964024290082,,1
NZL,New Zealand,NY.GDP.NGAS.RT.ZS,Natural gas rents (% of GDP),2016,0.229710795872046,,1
NZL,New Zealand,NY.GDP.NGAS.RT.ZS,Natural gas rents (% of GDP),2015,0.318725269522909,,1
NZL,New Zealand,NY.GDP.NGAS.RT.ZS,Natural gas rents (% of GDP),2014,0.279204464595017,,1
NZL,New Zealand,NY.GDP.NGAS.RT.ZS,Natural gas rents (% of GDP),2013,0.203838462621952,,1
NZL,New Zealand,NY.GDP.NGAS.RT.ZS,Natural gas rents (% of GDP),2012,0.212958954478484,,1
NZL,New Zealand,NY.GDP.NGAS.RT.ZS,Natural gas rents (% of GDP),2011,0.212996832549146,,1
NZL,New Zealand,NY.GDP.NGAS.RT.ZS,Natural gas rents (% of GDP),2010,0.2438841728747,,1
NZL,New Zealand,NY.GDP.NGAS.RT.ZS,Natural gas rents (% of GDP),2009,0.250322841303481,,1
NZL,New Zealand,NY.GDP.NGAS.RT.ZS,Natural gas rents (% of GDP),2008,0.226628534151768,,1
NZL,New Zealand,NY.GDP.NGAS.RT.ZS,Natural gas rents (% of GDP),2007,0.211060317270213,,1
NZL,New Zealand,NY.GDP.NGAS.RT.ZS,Natural gas rents (% of GDP),2006,0.245663011673657,,1
NZL,New Zealand,NY.GDP.NGAS.RT.ZS,Natural gas rents (% of GDP),2005,0.262193836171953,,1
NZL,New Zealand,NY.GDP.NGAS.RT.ZS,Natural gas rents (% of GDP),2004,0.308753759135773,,1
NZL,New Zealand,NY.GDP.NGAS.RT.ZS,Natural gas rents (% of GDP),2003,0.350848212212797,,1
NZL,New Zealand,NY.GDP.NGAS.RT.ZS,Natural gas rents (% of GDP),2002,0.483237932251309,,1
NZL,New Zealand,NY.GDP.NGAS.RT.ZS,Natural gas rents (% of GDP),2001,0.723273881016931,,1
NZL,New Zealand,NY.GDP.NGAS.RT.ZS,Natural gas rents (% of GDP),2000,0.772533985252861,,1
NZL,New Zealand,NY.GDP.NGAS.RT.ZS,Natural gas rents (% of GDP),1999,0.422735774189358,,1
NZL,New Zealand,NY.GDP.NGAS.RT.ZS,Natural gas rents (% of GDP),1998,0.346477610957549,,1
NZL,New Zealand,NY.GDP.NGAS.RT.ZS,Natural gas rents (% of GDP),1997,0.459082598431121,,1
NZL,New Zealand,NY.GDP.NGAS.RT.ZS,Natural gas rents (% of GDP),1996,0.390643652760791,,1
NZL,New Zealand,NY.GDP.NGAS.RT.ZS,Natural gas rents (% of GDP),1995,0.321191744567059,,1
NZL,New Zealand,NY.GDP.NGAS.RT.ZS,Natural gas rents (% of GDP),1994,0.378063285137816,,1
NZL,New Zealand,NY.GDP.NGAS.RT.ZS,Natural gas rents (% of GDP),1993,0.422783529280981,,1
NZL,New Zealand,NY.GDP.NGAS.RT.ZS,Natural gas rents (% of GDP),1992,0.413470498241587,,1
NZL,New Zealand,NY.GDP.NGAS.RT.ZS,Natural gas rents (% of GDP),1991,0.351734092859848,,1
NZL,New Zealand,NY.GDP.NGAS.RT.ZS,Natural gas rents (% of GDP),1990,0.363191075660817,,1
NZL,New Zealand,NY.GDP.NGAS.RT.ZS,Natural gas rents (% of GDP),1989,0.282874952365328,,1
NZL,New Zealand,NY.GDP.NGAS.RT.ZS,Natural gas rents (% of GDP),1988,0.239771517692074,,1
NZL,New Zealand,NY.GDP.NGAS.RT.ZS,Natural gas rents (% of GDP),1987,0.295920548148611,,1
NZL,New Zealand,NY.GDP.NGAS.RT.ZS,Natural gas rents (% of GDP),1986,0.462484518445445,,1
NZL,New Zealand,NY.GDP.NGAS.RT.ZS,Natural gas rents (% of GDP),1985,0.308269125077081,,1
NZL,New Zealand,NY.GDP.NGAS.RT.ZS,Natural gas rents (% of GDP),1984,0.214608451802994,,1
NZL,New Zealand,NY.GDP.NGAS.RT.ZS,Natural gas rents (% of GDP),1983,0.116551917638465,,1
NZL,New Zealand,NY.GDP.NGAS.RT.ZS,Natural gas rents (% of GDP),1982,0.0536539427581969,,1
NZL,New Zealand,NY.GDP.NGAS.RT.ZS,Natural gas rents (% of GDP),1981,0.0887253866558758,,1
NZL,New Zealand,NY.GDP.NGAS.RT.ZS,Natural gas rents (% of GDP),1980,0.181890009083689,,1
NZL,New Zealand,NY.GDP.NGAS.RT.ZS,Natural gas rents (% of GDP),1979,0.226473492472121,,1
NZL,New Zealand,NY.GDP.NGAS.RT.ZS,Natural gas rents (% of GDP),1978,0.269013048653246,,1
NZL,New Zealand,NY.GDP.NGAS.RT.ZS,Natural gas rents (% of GDP),1977,0.301504599527084,,1
NZL,New Zealand,NY.GDP.NGAS.RT.ZS,Natural gas rents (% of GDP),1976,0.215317914390993,,1
NZL,New Zealand,NY.GDP.NGAS.RT.ZS,Natural gas rents (% of GDP),1975,0.0921510902050902,,1
NZL,New Zealand,NY.GDP.NGAS.RT.ZS,Natural gas rents (% of GDP),1974,0.0437873081927048,,1
NZL,New Zealand,NY.GDP.NGAS.RT.ZS,Natural gas rents (% of GDP),1973,0.00891514554619644,,1
NZL,New Zealand,NY.GDP.NGAS.RT.ZS,Natural gas rents (% of GDP),1972,0.00646858629649697,,1
NZL,New Zealand,NY.GDP.NGAS.RT.ZS,Natural gas rents (% of GDP),1971,0.00229869618043702,,1
NIC,Nicaragua,NY.GDP.NGAS.RT.ZS,Natural gas rents (% of GDP),2021,0,,1
NIC,Nicaragua,NY.GDP.NGAS.RT.ZS,Natural gas rents (% of GDP),2020,0,,1
NIC,Nicaragua,NY.GDP.NGAS.RT.ZS,Natural gas rents (% of GDP),2019,0,,1
NIC,Nicaragua,NY.GDP.NGAS.RT.ZS,Natural gas rents (% of GDP),2018,0,,1
NIC,Nicaragua,NY.GDP.NGAS.RT.ZS,Natural gas rents (% of GDP),2017,0,,1
NIC,Nicaragua,NY.GDP.NGAS.RT.ZS,Natural gas rents (% of GDP),2016,0,,1
NIC,Nicaragua,NY.GDP.NGAS.RT.ZS,Natural gas rents (% of GDP),2015,0,,1
NIC,Nicaragua,NY.GDP.NGAS.RT.ZS,Natural gas rents (% of GDP),2014,0,,1
NIC,Nicaragua,NY.GDP.NGAS.RT.ZS,Natural gas rents (% of GDP),2013,0,,1
NIC,Nicaragua,NY.GDP.NGAS.RT.ZS,Natural gas rents (% of GDP),2012,0,,1
NIC,Nicaragua,NY.GDP.NGAS.RT.ZS,Natural gas rents (% of GDP),2011,0,,1
NIC,Nicaragua,NY.GDP.NGAS.RT.ZS,Natural gas rents (% of GDP),2010,0,,1
NIC,Nicaragua,NY.GDP.NGAS.RT.ZS,Natural gas rents (% of GDP),2009,0,,1
NIC,Nicaragua,NY.GDP.NGAS.RT.ZS,Natural gas rents (% of GDP),2008,0,,1
NIC,Nicaragua,NY.GDP.NGAS.RT.ZS,Natural gas rents (% of GDP),2007,0,,1
NIC,Nicaragua,NY.GDP.NGAS.RT.ZS,Natural gas rents (% of GDP),2006,0,,1
NIC,Nicaragua,NY.GDP.NGAS.RT.ZS,Natural gas rents (% of GDP),2005,0,,1
NIC,Nicaragua,NY.GDP.NGAS.RT.ZS,Natural gas rents (% of GDP),2004,0,,1
NIC,Nicaragua,NY.GDP.NGAS.RT.ZS,Natural gas rents (% of GDP),2003,0,,1
NIC,Nicaragua,NY.GDP.NGAS.RT.ZS,Natural gas rents (% of GDP),2002,0,,1
NIC,Nicaragua,NY.GDP.NGAS.RT.ZS,Natural gas rents (% of GDP),2001,0,,1
NIC,Nicaragua,NY.GDP.NGAS.RT.ZS,Natural gas rents (% of GDP),2000,0,,1
NIC,Nicaragua,NY.GDP.NGAS.RT.ZS,Natural gas rents (% of GDP),1999,0,,1
NIC,Nicaragua,NY.GDP.NGAS.RT.ZS,Natural gas rents (% of GDP),1998,0,,1
NIC,Nicaragua,NY.GDP.NGAS.RT.ZS,Natural gas rents (% of GDP),1997,0,,1
NIC,Nicaragua,NY.GDP.NGAS.RT.ZS,Natural gas rents (% of GDP),1996,0,,1
NIC,Nicaragua,NY.GDP.NGAS.RT.ZS,Natural gas rents (% of GDP),1995,0,,1
NIC,Nicaragua,NY.GDP.NGAS.RT.ZS,Natural gas rents (% of GDP),1994,0,,1
NIC,Nicaragua,NY.GDP.NGAS.RT.ZS,Natural gas rents (% of GDP),1993,0,,1
NIC,Nicaragua,NY.GDP.NGAS.RT.ZS,Natural gas rents (% of GDP),1992,0,,1
NIC,Nicaragua,NY.GDP.NGAS.RT.ZS,Natural gas rents (% of GDP),1991,0,,1
NIC,Nicaragua,NY.GDP.NGAS.RT.ZS,Natural gas rents (% of GDP),1990,0,,1
NIC,Nicaragua,NY.GDP.NGAS.RT.ZS,Natural gas rents (% of GDP),1989,0,,1
NIC,Nicaragua,NY.GDP.NGAS.RT.ZS,Natural gas rents (% of GDP),1988,0,,1
NIC,Nicaragua,NY.GDP.NGAS.RT.ZS,Natural gas rents (% of GDP),1987,0,,1
NIC,Nicaragua,NY.GDP.NGAS.RT.ZS,Natural gas rents (% of GDP),1986,0,,1
NIC,Nicaragua,NY.GDP.NGAS.RT.ZS,Natural gas rents (% of GDP),1985,0,,1
NIC,Nicaragua,NY.GDP.NGAS.RT.ZS,Natural gas rents (% of GDP),1984,0,,1
NIC,Nicaragua,NY.GDP.NGAS.RT.ZS,Natural gas rents (% of GDP),1983,0,,1
NIC,Nicaragua,NY.GDP.NGAS.RT.ZS,Natural gas rents (% of GDP),1982,0,,1
NIC,Nicaragua,NY.GDP.NGAS.RT.ZS,Natural gas rents (% of GDP),1981,0,,1
NIC,Nicaragua,NY.GDP.NGAS.RT.ZS,Natural gas rents (% of GDP),1980,0,,1
NIC,Nicaragua,NY.GDP.NGAS.RT.ZS,Natural gas rents (% of GDP),1979,0,,1
NIC,Nicaragua,NY.GDP.NGAS.RT.ZS,Natural gas rents (% of GDP),1978,0,,1
NIC,Nicaragua,NY.GDP.NGAS.RT.ZS,Natural gas rents (% of GDP),1977,0,,1
NIC,Nicaragua,NY.GDP.NGAS.RT.ZS,Natural gas rents (% of GDP),1976,0,,1
NIC,Nicaragua,NY.GDP.NGAS.RT.ZS,Natural gas rents (% of GDP),1975,0,,1
NIC,Nicaragua,NY.GDP.NGAS.RT.ZS,Natural gas rents (% of GDP),1974,0,,1
NIC,Nicaragua,NY.GDP.NGAS.RT.ZS,Natural gas rents (% of GDP),1973,0,,1
NIC,Nicaragua,NY.GDP.NGAS.RT.ZS,Natural gas rents (% of GDP),1972,0,,1
NIC,Nicaragua,NY.GDP.NGAS.RT.ZS,Natural gas rents (% of GDP),1971,0,,1
NER,Niger,NY.GDP.NGAS.RT.ZS,Natural gas rents (% of GDP),2021,0.0303136934860688,,1
NER,Niger,NY.GDP.NGAS.RT.ZS,Natural gas rents (% of GDP),2020,0.0176684406437786,,1
NER,Niger,NY.GDP.NGAS.RT.ZS,Natural gas rents (% of GDP),2019,0.0250536967376847,,1
NER,Niger,NY.GDP.NGAS.RT.ZS,Natural gas rents (% of GDP),2018,0.0248077115644434,,1
NER,Niger,NY.GDP.NGAS.RT.ZS,Natural gas rents (% of GDP),2017,0,,1
NER,Niger,NY.GDP.NGAS.RT.ZS,Natural gas rents (% of GDP),2016,0,,1
NER,Niger,NY.GDP.NGAS.RT.ZS,Natural gas rents (% of GDP),2015,0,,1
NER,Niger,NY.GDP.NGAS.RT.ZS,Natural gas rents (% of GDP),2014,0,,1
NER,Niger,NY.GDP.NGAS.RT.ZS,Natural gas rents (% of GDP),2013,0,,1
NER,Niger,NY.GDP.NGAS.RT.ZS,Natural gas rents (% of GDP),2012,0,,1
NER,Niger,NY.GDP.NGAS.RT.ZS,Natural gas rents (% of GDP),2011,0,,1
NER,Niger,NY.GDP.NGAS.RT.ZS,Natural gas rents (% of GDP),2010,0,,1
NER,Niger,NY.GDP.NGAS.RT.ZS,Natural gas rents (% of GDP),2009,0,,1
NER,Niger,NY.GDP.NGAS.RT.ZS,Natural gas rents (% of GDP),2008,0,,1
NER,Niger,NY.GDP.NGAS.RT.ZS,Natural gas rents (% of GDP),2007,0,,1
NER,Niger,NY.GDP.NGAS.RT.ZS,Natural gas rents (% of GDP),2006,0,,1
NER,Niger,NY.GDP.NGAS.RT.ZS,Natural gas rents (% of GDP),2005,0,,1
NER,Niger,NY.GDP.NGAS.RT.ZS,Natural gas rents (% of GDP),2004,0,,1
NER,Niger,NY.GDP.NGAS.RT.ZS,Natural gas rents (% of GDP),2003,0,,1
NER,Niger,NY.GDP.NGAS.RT.ZS,Natural gas rents (% of GDP),2002,0,,1
NER,Niger,NY.GDP.NGAS.RT.ZS,Natural gas rents (% of GDP),2001,0,,1
NER,Niger,NY.GDP.NGAS.RT.ZS,Natural gas rents (% of GDP),2000,0,,1
NER,Niger,NY.GDP.NGAS.RT.ZS,Natural gas rents (% of GDP),1999,0,,1
NER,Niger,NY.GDP.NGAS.RT.ZS,Natural gas rents (% of GDP),1998,0,,1
NER,Niger,NY.GDP.NGAS.RT.ZS,Natural gas rents (% of GDP),1997,0,,1
NER,Niger,NY.GDP.NGAS.RT.ZS,Natural gas rents (% of GDP),1996,0,,1
NER,Niger,NY.GDP.NGAS.RT.ZS,Natural gas rents (% of GDP),1995,0,,1
NER,Niger,NY.GDP.NGAS.RT.ZS,Natural gas rents (% of GDP),1994,0,,1
NER,Niger,NY.GDP.NGAS.RT.ZS,Natural gas rents (% of GDP),1993,0,,1
NER,Niger,NY.GDP.NGAS.RT.ZS,Natural gas rents (% of GDP),1992,0,,1
NER,Niger,NY.GDP.NGAS.RT.ZS,Natural gas rents (% of GDP),1991,0,,1
NER,Niger,NY.GDP.NGAS.RT.ZS,Natural gas rents (% of GDP),1990,0,,1
NER,Niger,NY.GDP.NGAS.RT.ZS,Natural gas rents (% of GDP),1989,0,,1
NER,Niger,NY.GDP.NGAS.RT.ZS,Natural gas rents (% of GDP),1988,0,,1
NER,Niger,NY.GDP.NGAS.RT.ZS,Natural gas rents (% of GDP),1987,0,,1
NER,Niger,NY.GDP.NGAS.RT.ZS,Natural gas rents (% of GDP),1986,0,,1
NER,Niger,NY.GDP.NGAS.RT.ZS,Natural gas rents (% of GDP),1985,0,,1
NER,Niger,NY.GDP.NGAS.RT.ZS,Natural gas rents (% of GDP),1984,0,,1
NER,Niger,NY.GDP.NGAS.RT.ZS,Natural gas rents (% of GDP),1983,0,,1
NER,Niger,NY.GDP.NGAS.RT.ZS,Natural gas rents (% of GDP),1982,0,,1
NER,Niger,NY.GDP.NGAS.RT.ZS,Natural gas rents (% of GDP),1981,0,,1
NER,Niger,NY.GDP.NGAS.RT.ZS,Natural gas rents (% of GDP),1980,0,,1
NER,Niger,NY.GDP.NGAS.RT.ZS,Natural gas rents (% of GDP),1979,0,,1
NER,Niger,NY.GDP.NGAS.RT.ZS,Natural gas rents (% of GDP),1978,0,,1
NER,Niger,NY.GDP.NGAS.RT.ZS,Natural gas rents (% of GDP),1977,0,,1
NER,Niger,NY.GDP.NGAS.RT.ZS,Natural gas rents (% of GDP),1976,0,,1
NER,Niger,NY.GDP.NGAS.RT.ZS,Natural gas rents (% of GDP),1975,0,,1
NER,Niger,NY.GDP.NGAS.RT.ZS,Natural gas rents (% of GDP),1974,0,,1
NER,Niger,NY.GDP.NGAS.RT.ZS,Natural gas rents (% of GDP),1973,0,,1
NER,Niger,NY.GDP.NGAS.RT.ZS,Natural gas rents (% of GDP),1972,0,,1
NER,Niger,NY.GDP.NGAS.RT.ZS,Natural gas rents (% of GDP),1971,0,,1
NGA,Nigeria,NY.GDP.NGAS.RT.ZS,Natural gas rents (% of GDP),2021,1.16400248668311,,1
NGA,Nigeria,NY.GDP.NGAS.RT.ZS,Natural gas rents (% of GDP),2020,0.66919749440088,,1
NGA,Nigeria,NY.GDP.NGAS.RT.ZS,Natural gas rents (% of GDP),2019,0.855086670258244,,1
NGA,Nigeria,NY.GDP.NGAS.RT.ZS,Natural gas rents (% of GDP),2018,0.968367262124034,,1
NGA,Nigeria,NY.GDP.NGAS.RT.ZS,Natural gas rents (% of GDP),2017,0.679652469225142,,1
NGA,Nigeria,NY.GDP.NGAS.RT.ZS,Natural gas rents (% of GDP),2016,0.482590199613052,,1
NGA,Nigeria,NY.GDP.NGAS.RT.ZS,Natural gas rents (% of GDP),2015,0.606650567592808,,1
NGA,Nigeria,NY.GDP.NGAS.RT.ZS,Natural gas rents (% of GDP),2014,0.706958402345768,,1
NGA,Nigeria,NY.GDP.NGAS.RT.ZS,Natural gas rents (% of GDP),2013,0.707231138877851,,1
NGA,Nigeria,NY.GDP.NGAS.RT.ZS,Natural gas rents (% of GDP),2012,0.944828584323691,,1
NGA,Nigeria,NY.GDP.NGAS.RT.ZS,Natural gas rents (% of GDP),2011,0.95137055258512,,1
NGA,Nigeria,NY.GDP.NGAS.RT.ZS,Natural gas rents (% of GDP),2010,0.620085796949933,,1
NGA,Nigeria,NY.GDP.NGAS.RT.ZS,Natural gas rents (% of GDP),2009,0.522028083602619,,1
NGA,Nigeria,NY.GDP.NGAS.RT.ZS,Natural gas rents (% of GDP),2008,0.749813672501435,,1
NGA,Nigeria,NY.GDP.NGAS.RT.ZS,Natural gas rents (% of GDP),2007,0.757101200988554,,1
NGA,Nigeria,NY.GDP.NGAS.RT.ZS,Natural gas rents (% of GDP),2006,0.732425679471773,,1
NGA,Nigeria,NY.GDP.NGAS.RT.ZS,Natural gas rents (% of GDP),2005,0.287750139206183,,1
NGA,Nigeria,NY.GDP.NGAS.RT.ZS,Natural gas rents (% of GDP),2004,0.689215296398891,,1
NGA,Nigeria,NY.GDP.NGAS.RT.ZS,Natural gas rents (% of GDP),2003,0.778807998966763,,1
NGA,Nigeria,NY.GDP.NGAS.RT.ZS,Natural gas rents (% of GDP),2002,0.501989566605627,,1
NGA,Nigeria,NY.GDP.NGAS.RT.ZS,Natural gas rents (% of GDP),2001,0.726754459284971,,1
NGA,Nigeria,NY.GDP.NGAS.RT.ZS,Natural gas rents (% of GDP),2000,0.564094593247378,,1
NGA,Nigeria,NY.GDP.NGAS.RT.ZS,Natural gas rents (% of GDP),1999,0.207621907106723,,1
NGA,Nigeria,NY.GDP.NGAS.RT.ZS,Natural gas rents (% of GDP),1998,0.165376593030192,,1
NGA,Nigeria,NY.GDP.NGAS.RT.ZS,Natural gas rents (% of GDP),1997,0.222939191897664,,1
NGA,Nigeria,NY.GDP.NGAS.RT.ZS,Natural gas rents (% of GDP),1996,0.229376543029772,,1
NGA,Nigeria,NY.GDP.NGAS.RT.ZS,Natural gas rents (% of GDP),1995,0.249609362907884,,1
NGA,Nigeria,NY.GDP.NGAS.RT.ZS,Natural gas rents (% of GDP),1994,0.284984593313852,,1
NGA,Nigeria,NY.GDP.NGAS.RT.ZS,Natural gas rents (% of GDP),1993,0.334653528360017,,1
NGA,Nigeria,NY.GDP.NGAS.RT.ZS,Natural gas rents (% of GDP),1992,0.141771493467997,,1
NGA,Nigeria,NY.GDP.NGAS.RT.ZS,Natural gas rents (% of GDP),1991,0.142400654945907,,1
NGA,Nigeria,NY.GDP.NGAS.RT.ZS,Natural gas rents (% of GDP),1990,0.122506743855576,,1
NGA,Nigeria,NY.GDP.NGAS.RT.ZS,Natural gas rents (% of GDP),1989,0.130982245242775,,1
NGA,Nigeria,NY.GDP.NGAS.RT.ZS,Natural gas rents (% of GDP),1988,0.0838523306835196,,1
NGA,Nigeria,NY.GDP.NGAS.RT.ZS,Natural gas rents (% of GDP),1987,0.0893088359011094,,1
NGA,Nigeria,NY.GDP.NGAS.RT.ZS,Natural gas rents (% of GDP),1986,0.0945316609664455,,1
NGA,Nigeria,NY.GDP.NGAS.RT.ZS,Natural gas rents (% of GDP),1985,0.0638219422615765,,1
NGA,Nigeria,NY.GDP.NGAS.RT.ZS,Natural gas rents (% of GDP),1984,0.0546480218244979,,1
NGA,Nigeria,NY.GDP.NGAS.RT.ZS,Natural gas rents (% of GDP),1983,0.0441564474264562,,1
NGA,Nigeria,NY.GDP.NGAS.RT.ZS,Natural gas rents (% of GDP),1982,0.00819506033196371,,1
NGA,Nigeria,NY.GDP.NGAS.RT.ZS,Natural gas rents (% of GDP),1981,0.0176209808221895,,1
NGA,Nigeria,NY.GDP.NGAS.RT.ZS,Natural gas rents (% of GDP),1980,0.0538457908356116,,1
NGA,Nigeria,NY.GDP.NGAS.RT.ZS,Natural gas rents (% of GDP),1979,0.0454401447389477,,1
NGA,Nigeria,NY.GDP.NGAS.RT.ZS,Natural gas rents (% of GDP),1978,0.0305895349798055,,1
NGA,Nigeria,NY.GDP.NGAS.RT.ZS,Natural gas rents (% of GDP),1977,0.0262406106550305,,1
NGA,Nigeria,NY.GDP.NGAS.RT.ZS,Natural gas rents (% of GDP),1976,0.0233358572708917,,1
NGA,Nigeria,NY.GDP.NGAS.RT.ZS,Natural gas rents (% of GDP),1975,0.0234721950220156,,1
NGA,Nigeria,NY.GDP.NGAS.RT.ZS,Natural gas rents (% of GDP),1974,0.0113766519795778,,1
NGA,Nigeria,NY.GDP.NGAS.RT.ZS,Natural gas rents (% of GDP),1973,0.00924858392194453,,1
NGA,Nigeria,NY.GDP.NGAS.RT.ZS,Natural gas rents (% of GDP),1972,0.00716100037018957,,1
NGA,Nigeria,NY.GDP.NGAS.RT.ZS,Natural gas rents (% of GDP),1971,0.00671693176391896,,1
NGA,Nigeria,NY.GDP.NGAS.RT.ZS,Natural gas rents (% of GDP),1970,0.00208508256630795,,1
MKD,North Macedonia,NY.GDP.NGAS.RT.ZS,Natural gas rents (% of GDP),2021,0,,1
MKD,North Macedonia,NY.GDP.NGAS.RT.ZS,Natural gas rents (% of GDP),2020,0,,1
MKD,North Macedonia,NY.GDP.NGAS.RT.ZS,Natural gas rents (% of GDP),2019,0,,1
MKD,North Macedonia,NY.GDP.NGAS.RT.ZS,Natural gas rents (% of GDP),2018,0,,1
MKD,North Macedonia,NY.GDP.NGAS.RT.ZS,Natural gas rents (% of GDP),2017,0,,1
MKD,North Macedonia,NY.GDP.NGAS.RT.ZS,Natural gas rents (% of GDP),2016,0,,1
MKD,North Macedonia,NY.GDP.NGAS.RT.ZS,Natural gas rents (% of GDP),2015,0,,1
MKD,North Macedonia,NY.GDP.NGAS.RT.ZS,Natural gas rents (% of GDP),2014,0,,1
MKD,North Macedonia,NY.GDP.NGAS.RT.ZS,Natural gas rents (% of GDP),2013,0,,1
MKD,North Macedonia,NY.GDP.NGAS.RT.ZS,Natural gas rents (% of GDP),2012,0,,1
MKD,North Macedonia,NY.GDP.NGAS.RT.ZS,Natural gas rents (% of GDP),2011,0,,1
MKD,North Macedonia,NY.GDP.NGAS.RT.ZS,Natural gas rents (% of GDP),2010,0,,1
MKD,North Macedonia,NY.GDP.NGAS.RT.ZS,Natural gas rents (% of GDP),2009,0,,1
MKD,North Macedonia,NY.GDP.NGAS.RT.ZS,Natural gas rents (% of GDP),2008,0,,1
MKD,North Macedonia,NY.GDP.NGAS.RT.ZS,Natural gas rents (% of GDP),2007,0,,1
MKD,North Macedonia,NY.GDP.NGAS.RT.ZS,Natural gas rents (% of GDP),2006,0,,1
MKD,North Macedonia,NY.GDP.NGAS.RT.ZS,Natural gas rents (% of GDP),2005,0,,1
MKD,North Macedonia,NY.GDP.NGAS.RT.ZS,Natural gas rents (% of GDP),2004,0,,1
MKD,North Macedonia,NY.GDP.NGAS.RT.ZS,Natural gas rents (% of GDP),2003,0,,1
MKD,North Macedonia,NY.GDP.NGAS.RT.ZS,Natural gas rents (% of GDP),2002,0,,1
MKD,North Macedonia,NY.GDP.NGAS.RT.ZS,Natural gas rents (% of GDP),2001,0,,1
MKD,North Macedonia,NY.GDP.NGAS.RT.ZS,Natural gas rents (% of GDP),2000,0,,1
MKD,North Macedonia,NY.GDP.NGAS.RT.ZS,Natural gas rents (% of GDP),1999,0,,1
MKD,North Macedonia,NY.GDP.NGAS.RT.ZS,Natural gas rents (% of GDP),1998,0,,1
MKD,North Macedonia,NY.GDP.NGAS.RT.ZS,Natural gas rents (% of GDP),1997,0,,1
MKD,North Macedonia,NY.GDP.NGAS.RT.ZS,Natural gas rents (% of GDP),1996,0,,1
MKD,North Macedonia,NY.GDP.NGAS.RT.ZS,Natural gas rents (% of GDP),1995,0,,1
MKD,North Macedonia,NY.GDP.NGAS.RT.ZS,Natural gas rents (% of GDP),1994,0,,1
MKD,North Macedonia,NY.GDP.NGAS.RT.ZS,Natural gas rents (% of GDP),1993,0,,1
MKD,North Macedonia,NY.GDP.NGAS.RT.ZS,Natural gas rents (% of GDP),1992,0,,1
MNP,Northern Mariana Islands,NY.GDP.NGAS.RT.ZS,Natural gas rents (% of GDP),2019,0,,1
MNP,Northern Mariana Islands,NY.GDP.NGAS.RT.ZS,Natural gas rents (% of GDP),2018,0,,1
MNP,Northern Mariana Islands,NY.GDP.NGAS.RT.ZS,Natural gas rents (% of GDP),2017,0,,1
MNP,Northern Mariana Islands,NY.GDP.NGAS.RT.ZS,Natural gas rents (% of GDP),2016,0,,1
MNP,Northern Mariana Islands,NY.GDP.NGAS.RT.ZS,Natural gas rents (% of GDP),2015,0,,1
MNP,Northern Mariana Islands,NY.GDP.NGAS.RT.ZS,Natural gas rents (% of GDP),2014,0,,1
MNP,Northern Mariana Islands,NY.GDP.NGAS.RT.ZS,Natural gas rents (% of GDP),2013,0,,1
MNP,Northern Mariana Islands,NY.GDP.NGAS.RT.ZS,Natural gas rents (% of GDP),2012,0,,1
MNP,Northern Mariana Islands,NY.GDP.NGAS.RT.ZS,Natural gas rents (% of GDP),2011,0,,1
MNP,Northern Mariana Islands,NY.GDP.NGAS.RT.ZS,Natural gas rents (% of GDP),2010,0,,1
MNP,Northern Mariana Islands,NY.GDP.NGAS.RT.ZS,Natural gas rents (% of GDP),2009,0,,1
MNP,Northern Mariana Islands,NY.GDP.NGAS.RT.ZS,Natural gas rents (% of GDP),2008,0,,1
MNP,Northern Mariana Islands,NY.GDP.NGAS.RT.ZS,Natural gas rents (% of GDP),2007,0,,1
MNP,Northern Mariana Islands,NY.GDP.NGAS.RT.ZS,Natural gas rents (% of GDP),2006,0,,1
MNP,Northern Mariana Islands,NY.GDP.NGAS.RT.ZS,Natural gas rents (% of GDP),2005,0,,1
MNP,Northern Mariana Islands,NY.GDP.NGAS.RT.ZS,Natural gas rents (% of GDP),2004,0,,1
MNP,Northern Mariana Islands,NY.GDP.NGAS.RT.ZS,Natural gas rents (% of GDP),2003,0,,1
MNP,Northern Mariana Islands,NY.GDP.NGAS.RT.ZS,Natural gas rents (% of GDP),2002,0,,1
NOR,Norway,NY.GDP.NGAS.RT.ZS,Natural gas rents (% of GDP),2021,3.94366899283053,,1
NOR,Norway,NY.GDP.NGAS.RT.ZS,Natural gas rents (% of GDP),2020,0.91000200178554,,1
NOR,Norway,NY.GDP.NGAS.RT.ZS,Natural gas rents (% of GDP),2019,1.68596945226407,,1
NOR,Norway,NY.GDP.NGAS.RT.ZS,Natural gas rents (% of GDP),2018,2.37284790629379,,1
NOR,Norway,NY.GDP.NGAS.RT.ZS,Natural gas rents (% of GDP),2017,1.65858536349106,,1
NOR,Norway,NY.GDP.NGAS.RT.ZS,Natural gas rents (% of GDP),2016,1.2124850625234,,1
NOR,Norway,NY.GDP.NGAS.RT.ZS,Natural gas rents (% of GDP),2015,1.95702125326246,,1
NOR,Norway,NY.GDP.NGAS.RT.ZS,Natural gas rents (% of GDP),2014,1.90179376677279,,1
NOR,Norway,NY.GDP.NGAS.RT.ZS,Natural gas rents (% of GDP),2013,2.53697378296224,,1
NOR,Norway,NY.GDP.NGAS.RT.ZS,Natural gas rents (% of GDP),2012,2.79793704881972,,1
NOR,Norway,NY.GDP.NGAS.RT.ZS,Natural gas rents (% of GDP),2011,2.41175101682902,,1
NOR,Norway,NY.GDP.NGAS.RT.ZS,Natural gas rents (% of GDP),2010,1.91715331956751,,1
NOR,Norway,NY.GDP.NGAS.RT.ZS,Natural gas rents (% of GDP),2009,2.31051856857528,,1
NOR,Norway,NY.GDP.NGAS.RT.ZS,Natural gas rents (% of GDP),2008,2.61547062464106,,1
NOR,Norway,NY.GDP.NGAS.RT.ZS,Natural gas rents (% of GDP),2007,1.50336052705427,,1
NOR,Norway,NY.GDP.NGAS.RT.ZS,Natural gas rents (% of GDP),2006,1.64947339703,,1
NOR,Norway,NY.GDP.NGAS.RT.ZS,Natural gas rents (% of GDP),2005,0.820750880317894,,1
NOR,Norway,NY.GDP.NGAS.RT.ZS,Natural gas rents (% of GDP),2004,1.08040519257243,,1
NOR,Norway,NY.GDP.NGAS.RT.ZS,Natural gas rents (% of GDP),2003,1.29552036796538,,1
NOR,Norway,NY.GDP.NGAS.RT.ZS,Natural gas rents (% of GDP),2002,1.24076789974642,,1
NOR,Norway,NY.GDP.NGAS.RT.ZS,Natural gas rents (% of GDP),2001,1.48859968754872,,1
NOR,Norway,NY.GDP.NGAS.RT.ZS,Natural gas rents (% of GDP),2000,0.679904114559037,,1
NOR,Norway,NY.GDP.NGAS.RT.ZS,Natural gas rents (% of GDP),1999,0.0995255032194957,,1
NOR,Norway,NY.GDP.NGAS.RT.ZS,Natural gas rents (% of GDP),1998,0.0993953934597692,,1
NOR,Norway,NY.GDP.NGAS.RT.ZS,Natural gas rents (% of GDP),1997,0.723471313949213,,1
NOR,Norway,NY.GDP.NGAS.RT.ZS,Natural gas rents (% of GDP),1996,0.587601100844924,,1
NOR,Norway,NY.GDP.NGAS.RT.ZS,Natural gas rents (% of GDP),1995,0.489092475439507,,1
NOR,Norway,NY.GDP.NGAS.RT.ZS,Natural gas rents (% of GDP),1994,0.305296079703074,,1
NOR,Norway,NY.GDP.NGAS.RT.ZS,Natural gas rents (% of GDP),1993,0.308154036854618,,1
NOR,Norway,NY.GDP.NGAS.RT.ZS,Natural gas rents (% of GDP),1992,0.136496728960407,,1
NOR,Norway,NY.GDP.NGAS.RT.ZS,Natural gas rents (% of GDP),1991,0.257283968549398,,1
NOR,Norway,NY.GDP.NGAS.RT.ZS,Natural gas rents (% of GDP),1990,0.371596575304196,,1
NOR,Norway,NY.GDP.NGAS.RT.ZS,Natural gas rents (% of GDP),1989,0.306398919121662,,1
NOR,Norway,NY.GDP.NGAS.RT.ZS,Natural gas rents (% of GDP),1988,0.280333591557995,,1
NOR,Norway,NY.GDP.NGAS.RT.ZS,Natural gas rents (% of GDP),1987,0.340335534988503,,1
NOR,Norway,NY.GDP.NGAS.RT.ZS,Natural gas rents (% of GDP),1986,0.738810424576747,,1
NOR,Norway,NY.GDP.NGAS.RT.ZS,Natural gas rents (% of GDP),1985,0.835484394039454,,1
NOR,Norway,NY.GDP.NGAS.RT.ZS,Natural gas rents (% of GDP),1984,0.988565263283021,,1
NOR,Norway,NY.GDP.NGAS.RT.ZS,Natural gas rents (% of GDP),1983,0.941380474785597,,1
NOR,Norway,NY.GDP.NGAS.RT.ZS,Natural gas rents (% of GDP),1982,0.524774829435701,,1
NOR,Norway,NY.GDP.NGAS.RT.ZS,Natural gas rents (% of GDP),1981,1.14126304889567,,1
NOR,Norway,NY.GDP.NGAS.RT.ZS,Natural gas rents (% of GDP),1980,1.70771948751378,,1
NOR,Norway,NY.GDP.NGAS.RT.ZS,Natural gas rents (% of GDP),1979,1.15047994855836,,1
NOR,Norway,NY.GDP.NGAS.RT.ZS,Natural gas rents (% of GDP),1978,0.538091717127153,,1
NOR,Norway,NY.GDP.NGAS.RT.ZS,Natural gas rents (% of GDP),1977,0.103535714300614,,1
NOR,Norway,NY.GDP.NGAS.RT.ZS,Natural gas rents (% of GDP),1976,0.0559944256632773,,1
NOR,Norway,NY.GDP.NGAS.RT.ZS,Natural gas rents (% of GDP),1975,0.0497926836736527,,1
NOR,Norway,NY.GDP.NGAS.RT.ZS,Natural gas rents (% of GDP),1974,0.0340969301208647,,1
NOR,Norway,NY.GDP.NGAS.RT.ZS,Natural gas rents (% of GDP),1973,0.0103010553990721,,1
NOR,Norway,NY.GDP.NGAS.RT.ZS,Natural gas rents (% of GDP),1972,0.0120437777051807,,1
NOR,Norway,NY.GDP.NGAS.RT.ZS,Natural gas rents (% of GDP),1971,0.00663671202410214,,1
NOR,Norway,NY.GDP.NGAS.RT.ZS,Natural gas rents (% of GDP),1970,0,,1
OMN,Oman,NY.GDP.NGAS.RT.ZS,Natural gas rents (% of GDP),2021,5.67148047353265,,1
OMN,Oman,NY.GDP.NGAS.RT.ZS,Natural gas rents (% of GDP),2020,3.89069264786266,,1
OMN,Oman,NY.GDP.NGAS.RT.ZS,Natural gas rents (% of GDP),2019,3.36669233100504,,1
OMN,Oman,NY.GDP.NGAS.RT.ZS,Natural gas rents (% of GDP),2018,3.3045927232868,,1
OMN,Oman,NY.GDP.NGAS.RT.ZS,Natural gas rents (% of GDP),2017,2.04633987256907,,1
OMN,Oman,NY.GDP.NGAS.RT.ZS,Natural gas rents (% of GDP),2016,1.7770747170444,,1
OMN,Oman,NY.GDP.NGAS.RT.ZS,Natural gas rents (% of GDP),2015,2.20871236883756,,1
OMN,Oman,NY.GDP.NGAS.RT.ZS,Natural gas rents (% of GDP),2014,2.61536016043644,,1
OMN,Oman,NY.GDP.NGAS.RT.ZS,Natural gas rents (% of GDP),2013,2.80564328885222,,1
OMN,Oman,NY.GDP.NGAS.RT.ZS,Natural gas rents (% of GDP),2012,2.79525403477041,,1
OMN,Oman,NY.GDP.NGAS.RT.ZS,Natural gas rents (% of GDP),2011,2.70638988975639,,1
OMN,Oman,NY.GDP.NGAS.RT.ZS,Natural gas rents (% of GDP),2010,2.58478670992998,,1
OMN,Oman,NY.GDP.NGAS.RT.ZS,Natural gas rents (% of GDP),2009,3.44253307350361,,1
OMN,Oman,NY.GDP.NGAS.RT.ZS,Natural gas rents (% of GDP),2008,2.58617896745128,,1
OMN,Oman,NY.GDP.NGAS.RT.ZS,Natural gas rents (% of GDP),2007,3.56690047305781,,1
OMN,Oman,NY.GDP.NGAS.RT.ZS,Natural gas rents (% of GDP),2006,3.83739990543483,,1
OMN,Oman,NY.GDP.NGAS.RT.ZS,Natural gas rents (% of GDP),2005,3.43896048338828,,1
OMN,Oman,NY.GDP.NGAS.RT.ZS,Natural gas rents (% of GDP),2004,2.88939866107243,,1
OMN,Oman,NY.GDP.NGAS.RT.ZS,Natural gas rents (% of GDP),2003,2.83911460251647,,1
OMN,Oman,NY.GDP.NGAS.RT.ZS,Natural gas rents (% of GDP),2002,3.00081952390751,,1
OMN,Oman,NY.GDP.NGAS.RT.ZS,Natural gas rents (% of GDP),2001,3.37433221536619,,1
OMN,Oman,NY.GDP.NGAS.RT.ZS,Natural gas rents (% of GDP),2000,1.95544231164374,,1
OMN,Oman,NY.GDP.NGAS.RT.ZS,Natural gas rents (% of GDP),1999,1.17793947306719,,1
OMN,Oman,NY.GDP.NGAS.RT.ZS,Natural gas rents (% of GDP),1998,1.73317242646012,,1
OMN,Oman,NY.GDP.NGAS.RT.ZS,Natural gas rents (% of GDP),1997,1.1738087030327,,1
OMN,Oman,NY.GDP.NGAS.RT.ZS,Natural gas rents (% of GDP),1996,0.943907685845744,,1
OMN,Oman,NY.GDP.NGAS.RT.ZS,Natural gas rents (% of GDP),1995,0.968902504651822,,1
OMN,Oman,NY.GDP.NGAS.RT.ZS,Natural gas rents (% of GDP),1994,0.979676155525534,,1
OMN,Oman,NY.GDP.NGAS.RT.ZS,Natural gas rents (% of GDP),1993,0.897222149934688,,1
OMN,Oman,NY.GDP.NGAS.RT.ZS,Natural gas rents (% of GDP),1992,0.719331540260705,,1
OMN,Oman,NY.GDP.NGAS.RT.ZS,Natural gas rents (% of GDP),1991,0.760529501298545,,1
OMN,Oman,NY.GDP.NGAS.RT.ZS,Natural gas rents (% of GDP),1990,0.708664530666467,,1
OMN,Oman,NY.GDP.NGAS.RT.ZS,Natural gas rents (% of GDP),1989,0.793328439356494,,1
OMN,Oman,NY.GDP.NGAS.RT.ZS,Natural gas rents (% of GDP),1988,0.668620482774323,,1
OMN,Oman,NY.GDP.NGAS.RT.ZS,Natural gas rents (% of GDP),1987,0.770711851931452,,1
OMN,Oman,NY.GDP.NGAS.RT.ZS,Natural gas rents (% of GDP),1986,0.817997164850998,,1
OMN,Oman,NY.GDP.NGAS.RT.ZS,Natural gas rents (% of GDP),1985,0.439876654080647,,1
OMN,Oman,NY.GDP.NGAS.RT.ZS,Natural gas rents (% of GDP),1984,0.442334343051872,,1
OMN,Oman,NY.GDP.NGAS.RT.ZS,Natural gas rents (% of GDP),1983,0.597694624787102,,1
OMN,Oman,NY.GDP.NGAS.RT.ZS,Natural gas rents (% of GDP),1982,0.16642461298414,,1
OMN,Oman,NY.GDP.NGAS.RT.ZS,Natural gas rents (% of GDP),1981,0.36229868426439,,1
OMN,Oman,NY.GDP.NGAS.RT.ZS,Natural gas rents (% of GDP),1980,0.434286927638439,,1
OMN,Oman,NY.GDP.NGAS.RT.ZS,Natural gas rents (% of GDP),1979,0.458544199828265,,1
OMN,Oman,NY.GDP.NGAS.RT.ZS,Natural gas rents (% of GDP),1978,0.23498775034632,,1
OMN,Oman,NY.GDP.NGAS.RT.ZS,Natural gas rents (% of GDP),1977,0,,1
OMN,Oman,NY.GDP.NGAS.RT.ZS,Natural gas rents (% of GDP),1976,0,,1
OMN,Oman,NY.GDP.NGAS.RT.ZS,Natural gas rents (% of GDP),1975,0,,1
OMN,Oman,NY.GDP.NGAS.RT.ZS,Natural gas rents (% of GDP),1974,0,,1
OMN,Oman,NY.GDP.NGAS.RT.ZS,Natural gas rents (% of GDP),1973,0,,1
OMN,Oman,NY.GDP.NGAS.RT.ZS,Natural gas rents (% of GDP),1972,0,,1
OMN,Oman,NY.GDP.NGAS.RT.ZS,Natural gas rents (% of GDP),1971,0,,1
OMN,Oman,NY.GDP.NGAS.RT.ZS,Natural gas rents (% of GDP),1970,0,,1
PAK,Pakistan,NY.GDP.NGAS.RT.ZS,Natural gas rents (% of GDP),2021,0.736337565284813,,1
PAK,Pakistan,NY.GDP.NGAS.RT.ZS,Natural gas rents (% of GDP),2020,0.715021946350587,,1
PAK,Pakistan,NY.GDP.NGAS.RT.ZS,Natural gas rents (% of GDP),2019,0.705622138819343,,1
PAK,Pakistan,NY.GDP.NGAS.RT.ZS,Natural gas rents (% of GDP),2018,0.592895257258281,,1
PAK,Pakistan,NY.GDP.NGAS.RT.ZS,Natural gas rents (% of GDP),2017,0.578433998743213,,1
PAK,Pakistan,NY.GDP.NGAS.RT.ZS,Natural gas rents (% of GDP),2016,0.529799379684657,,1
PAK,Pakistan,NY.GDP.NGAS.RT.ZS,Natural gas rents (% of GDP),2015,0.640277340950594,,1
PAK,Pakistan,NY.GDP.NGAS.RT.ZS,Natural gas rents (% of GDP),2014,0.804257582672484,,1
PAK,Pakistan,NY.GDP.NGAS.RT.ZS,Natural gas rents (% of GDP),2013,0.810320846360073,,1
PAK,Pakistan,NY.GDP.NGAS.RT.ZS,Natural gas rents (% of GDP),2012,1.16061935619345,,1
PAK,Pakistan,NY.GDP.NGAS.RT.ZS,Natural gas rents (% of GDP),2011,1.15135968525352,,1
PAK,Pakistan,NY.GDP.NGAS.RT.ZS,Natural gas rents (% of GDP),2010,1.06533599428264,,1
PAK,Pakistan,NY.GDP.NGAS.RT.ZS,Natural gas rents (% of GDP),2009,1.02766760910678,,1
PAK,Pakistan,NY.GDP.NGAS.RT.ZS,Natural gas rents (% of GDP),2008,0.816351312264696,,1
PAK,Pakistan,NY.GDP.NGAS.RT.ZS,Natural gas rents (% of GDP),2007,0.910234348934176,,1
PAK,Pakistan,NY.GDP.NGAS.RT.ZS,Natural gas rents (% of GDP),2006,1.58009187746378,,1
PAK,Pakistan,NY.GDP.NGAS.RT.ZS,Natural gas rents (% of GDP),2005,1.74837050193472,,1
PAK,Pakistan,NY.GDP.NGAS.RT.ZS,Natural gas rents (% of GDP),2004,1.53358885408368,,1
PAK,Pakistan,NY.GDP.NGAS.RT.ZS,Natural gas rents (% of GDP),2003,1.42372959467998,,1
PAK,Pakistan,NY.GDP.NGAS.RT.ZS,Natural gas rents (% of GDP),2002,1.38103962241738,,1
PAK,Pakistan,NY.GDP.NGAS.RT.ZS,Natural gas rents (% of GDP),2001,1.10586200793431,,1
PAK,Pakistan,NY.GDP.NGAS.RT.ZS,Natural gas rents (% of GDP),2000,1.06406108831938,,1
PAK,Pakistan,NY.GDP.NGAS.RT.ZS,Natural gas rents (% of GDP),1999,0.822703961461551,,1
PAK,Pakistan,NY.GDP.NGAS.RT.ZS,Natural gas rents (% of GDP),1998,0.590611201508659,,1
PAK,Pakistan,NY.GDP.NGAS.RT.ZS,Natural gas rents (% of GDP),1997,0.516996203835465,,1
PAK,Pakistan,NY.GDP.NGAS.RT.ZS,Natural gas rents (% of GDP),1996,0.539939108577813,,1
PAK,Pakistan,NY.GDP.NGAS.RT.ZS,Natural gas rents (% of GDP),1995,0.488320152686289,,1
PAK,Pakistan,NY.GDP.NGAS.RT.ZS,Natural gas rents (% of GDP),1994,0.462961152344449,,1
PAK,Pakistan,NY.GDP.NGAS.RT.ZS,Natural gas rents (% of GDP),1993,0.37357897201113,,1
PAK,Pakistan,NY.GDP.NGAS.RT.ZS,Natural gas rents (% of GDP),1992,0.369116333039283,,1
PAK,Pakistan,NY.GDP.NGAS.RT.ZS,Natural gas rents (% of GDP),1991,0.355867740506191,,1
PAK,Pakistan,NY.GDP.NGAS.RT.ZS,Natural gas rents (% of GDP),1990,0.509832489039669,,1
PAK,Pakistan,NY.GDP.NGAS.RT.ZS,Natural gas rents (% of GDP),1989,0.425579591293374,,1
PAK,Pakistan,NY.GDP.NGAS.RT.ZS,Natural gas rents (% of GDP),1988,0.211963220932514,,1
PAK,Pakistan,NY.GDP.NGAS.RT.ZS,Natural gas rents (% of GDP),1987,0.316268972292343,,1
PAK,Pakistan,NY.GDP.NGAS.RT.ZS,Natural gas rents (% of GDP),1986,0.314974530767547,,1
PAK,Pakistan,NY.GDP.NGAS.RT.ZS,Natural gas rents (% of GDP),1985,0.0745551722313354,,1
PAK,Pakistan,NY.GDP.NGAS.RT.ZS,Natural gas rents (% of GDP),1984,0.0695721981156022,,1
PAK,Pakistan,NY.GDP.NGAS.RT.ZS,Natural gas rents (% of GDP),1983,0.201296467417763,,1
PAK,Pakistan,NY.GDP.NGAS.RT.ZS,Natural gas rents (% of GDP),1982,0,,1
PAK,Pakistan,NY.GDP.NGAS.RT.ZS,Natural gas rents (% of GDP),1981,0.0553337518960539,,1
PAK,Pakistan,NY.GDP.NGAS.RT.ZS,Natural gas rents (% of GDP),1980,0.414832880392151,,1
PAK,Pakistan,NY.GDP.NGAS.RT.ZS,Natural gas rents (% of GDP),1979,0.238632114969691,,1
PAK,Pakistan,NY.GDP.NGAS.RT.ZS,Natural gas rents (% of GDP),1978,0.287720587005888,,1
PAK,Pakistan,NY.GDP.NGAS.RT.ZS,Natural gas rents (% of GDP),1977,0.464722313261185,,1
PAK,Pakistan,NY.GDP.NGAS.RT.ZS,Natural gas rents (% of GDP),1976,0.432364255395891,,1
PAK,Pakistan,NY.GDP.NGAS.RT.ZS,Natural gas rents (% of GDP),1975,0.43282495606401,,1
PAK,Pakistan,NY.GDP.NGAS.RT.ZS,Natural gas rents (% of GDP),1974,0.366706510099092,,1
PAK,Pakistan,NY.GDP.NGAS.RT.ZS,Natural gas rents (% of GDP),1973,0.393186468442781,,1
PAK,Pakistan,NY.GDP.NGAS.RT.ZS,Natural gas rents (% of GDP),1972,0.223796411618444,,1
PAK,Pakistan,NY.GDP.NGAS.RT.ZS,Natural gas rents (% of GDP),1971,0.256187583986445,,1
PAK,Pakistan,NY.GDP.NGAS.RT.ZS,Natural gas rents (% of GDP),1970,0.286084047244452,,1
PAN,Panama,NY.GDP.NGAS.RT.ZS,Natural gas rents (% of GDP),2021,0,,1
PAN,Panama,NY.GDP.NGAS.RT.ZS,Natural gas rents (% of GDP),2020,0,,1
PAN,Panama,NY.GDP.NGAS.RT.ZS,Natural gas rents (% of GDP),2019,0,,1
PAN,Panama,NY.GDP.NGAS.RT.ZS,Natural gas rents (% of GDP),2018,0,,1
PAN,Panama,NY.GDP.NGAS.RT.ZS,Natural gas rents (% of GDP),2017,0,,1
PAN,Panama,NY.GDP.NGAS.RT.ZS,Natural gas rents (% of GDP),2016,0,,1
PAN,Panama,NY.GDP.NGAS.RT.ZS,Natural gas rents (% of GDP),2015,0,,1
PAN,Panama,NY.GDP.NGAS.RT.ZS,Natural gas rents (% of GDP),2014,0,,1
PAN,Panama,NY.GDP.NGAS.RT.ZS,Natural gas rents (% of GDP),2013,0,,1
PAN,Panama,NY.GDP.NGAS.RT.ZS,Natural gas rents (% of GDP),2012,0,,1
PAN,Panama,NY.GDP.NGAS.RT.ZS,Natural gas rents (% of GDP),2011,0,,1
PAN,Panama,NY.GDP.NGAS.RT.ZS,Natural gas rents (% of GDP),2010,0,,1
PAN,Panama,NY.GDP.NGAS.RT.ZS,Natural gas rents (% of GDP),2009,0,,1
PAN,Panama,NY.GDP.NGAS.RT.ZS,Natural gas rents (% of GDP),2008,0,,1
PAN,Panama,NY.GDP.NGAS.RT.ZS,Natural gas rents (% of GDP),2007,0,,1
PAN,Panama,NY.GDP.NGAS.RT.ZS,Natural gas rents (% of GDP),2006,0,,1
PAN,Panama,NY.GDP.NGAS.RT.ZS,Natural gas rents (% of GDP),2005,0,,1
PAN,Panama,NY.GDP.NGAS.RT.ZS,Natural gas rents (% of GDP),2004,0,,1
PAN,Panama,NY.GDP.NGAS.RT.ZS,Natural gas rents (% of GDP),2003,0,,1
PAN,Panama,NY.GDP.NGAS.RT.ZS,Natural gas rents (% of GDP),2002,0,,1
PAN,Panama,NY.GDP.NGAS.RT.ZS,Natural gas rents (% of GDP),2001,0,,1
PAN,Panama,NY.GDP.NGAS.RT.ZS,Natural gas rents (% of GDP),2000,0,,1
PAN,Panama,NY.GDP.NGAS.RT.ZS,Natural gas rents (% of GDP),1999,0,,1
PAN,Panama,NY.GDP.NGAS.RT.ZS,Natural gas rents (% of GDP),1998,0,,1
PAN,Panama,NY.GDP.NGAS.RT.ZS,Natural gas rents (% of GDP),1997,0,,1
PAN,Panama,NY.GDP.NGAS.RT.ZS,Natural gas rents (% of GDP),1996,0,,1
PAN,Panama,NY.GDP.NGAS.RT.ZS,Natural gas rents (% of GDP),1995,0,,1
PAN,Panama,NY.GDP.NGAS.RT.ZS,Natural gas rents (% of GDP),1994,0,,1
PAN,Panama,NY.GDP.NGAS.RT.ZS,Natural gas rents (% of GDP),1993,0,,1
PAN,Panama,NY.GDP.NGAS.RT.ZS,Natural gas rents (% of GDP),1992,0,,1
PAN,Panama,NY.GDP.NGAS.RT.ZS,Natural gas rents (% of GDP),1991,0,,1
PAN,Panama,NY.GDP.NGAS.RT.ZS,Natural gas rents (% of GDP),1990,0,,1
PAN,Panama,NY.GDP.NGAS.RT.ZS,Natural gas rents (% of GDP),1989,0,,1
PAN,Panama,NY.GDP.NGAS.RT.ZS,Natural gas rents (% of GDP),1988,0,,1
PAN,Panama,NY.GDP.NGAS.RT.ZS,Natural gas rents (% of GDP),1987,0,,1
PAN,Panama,NY.GDP.NGAS.RT.ZS,Natural gas rents (% of GDP),1986,0,,1
PAN,Panama,NY.GDP.NGAS.RT.ZS,Natural gas rents (% of GDP),1985,0,,1
PAN,Panama,NY.GDP.NGAS.RT.ZS,Natural gas rents (% of GDP),1984,0,,1
PAN,Panama,NY.GDP.NGAS.RT.ZS,Natural gas rents (% of GDP),1983,0,,1
PAN,Panama,NY.GDP.NGAS.RT.ZS,Natural gas rents (% of GDP),1982,0,,1
PAN,Panama,NY.GDP.NGAS.RT.ZS,Natural gas rents (% of GDP),1981,0,,1
PAN,Panama,NY.GDP.NGAS.RT.ZS,Natural gas rents (% of GDP),1980,0,,1
PAN,Panama,NY.GDP.NGAS.RT.ZS,Natural gas rents (% of GDP),1979,0,,1
PAN,Panama,NY.GDP.NGAS.RT.ZS,Natural gas rents (% of GDP),1978,0,,1
PAN,Panama,NY.GDP.NGAS.RT.ZS,Natural gas rents (% of GDP),1977,0,,1
PAN,Panama,NY.GDP.NGAS.RT.ZS,Natural gas rents (% of GDP),1976,0,,1
PAN,Panama,NY.GDP.NGAS.RT.ZS,Natural gas rents (% of GDP),1975,0,,1
PAN,Panama,NY.GDP.NGAS.RT.ZS,Natural gas rents (% of GDP),1974,0,,1
PAN,Panama,NY.GDP.NGAS.RT.ZS,Natural gas rents (% of GDP),1973,0,,1
PAN,Panama,NY.GDP.NGAS.RT.ZS,Natural gas rents (% of GDP),1972,0,,1
PAN,Panama,NY.GDP.NGAS.RT.ZS,Natural gas rents (% of GDP),1971,0,,1
PNG,Papua New Guinea,NY.GDP.NGAS.RT.ZS,Natural gas rents (% of GDP),2021,9.13965766574147,,1
PNG,Papua New Guinea,NY.GDP.NGAS.RT.ZS,Natural gas rents (% of GDP),2020,5.95976828593876,,1
PNG,Papua New Guinea,NY.GDP.NGAS.RT.ZS,Natural gas rents (% of GDP),2019,7.06589944245783,,1
PNG,Papua New Guinea,NY.GDP.NGAS.RT.ZS,Natural gas rents (% of GDP),2018,6.33134746755824,,1
PNG,Papua New Guinea,NY.GDP.NGAS.RT.ZS,Natural gas rents (% of GDP),2017,5.08750323001255,,1
PNG,Papua New Guinea,NY.GDP.NGAS.RT.ZS,Natural gas rents (% of GDP),2016,5.09675442660281,,1
PNG,Papua New Guinea,NY.GDP.NGAS.RT.ZS,Natural gas rents (% of GDP),2015,6.24715048464434,,1
PNG,Papua New Guinea,NY.GDP.NGAS.RT.ZS,Natural gas rents (% of GDP),2014,2.68508035101574,,1
PNG,Papua New Guinea,NY.GDP.NGAS.RT.ZS,Natural gas rents (% of GDP),2013,0.0519952379140586,,1
PNG,Papua New Guinea,NY.GDP.NGAS.RT.ZS,Natural gas rents (% of GDP),2012,0.053034038226872,,1
PNG,Papua New Guinea,NY.GDP.NGAS.RT.ZS,Natural gas rents (% of GDP),2011,0.0756884883830316,,1
PNG,Papua New Guinea,NY.GDP.NGAS.RT.ZS,Natural gas rents (% of GDP),2010,0.082654095456029,,1
PNG,Papua New Guinea,NY.GDP.NGAS.RT.ZS,Natural gas rents (% of GDP),2009,0.0949891028567753,,1
PNG,Papua New Guinea,NY.GDP.NGAS.RT.ZS,Natural gas rents (% of GDP),2008,0.0955224826288264,,1
PNG,Papua New Guinea,NY.GDP.NGAS.RT.ZS,Natural gas rents (% of GDP),2007,0.0947961865374602,,1
PNG,Papua New Guinea,NY.GDP.NGAS.RT.ZS,Natural gas rents (% of GDP),2006,0.120639617794781,,1
PNG,Papua New Guinea,NY.GDP.NGAS.RT.ZS,Natural gas rents (% of GDP),2005,0.246725853729445,,1
PNG,Papua New Guinea,NY.GDP.NGAS.RT.ZS,Natural gas rents (% of GDP),2004,0.259537194188596,,1
PNG,Papua New Guinea,NY.GDP.NGAS.RT.ZS,Natural gas rents (% of GDP),2003,0.2712926589633,,1
PNG,Papua New Guinea,NY.GDP.NGAS.RT.ZS,Natural gas rents (% of GDP),2002,0.276285278534893,,1
PNG,Papua New Guinea,NY.GDP.NGAS.RT.ZS,Natural gas rents (% of GDP),2001,0.309445269409677,,1
PNG,Papua New Guinea,NY.GDP.NGAS.RT.ZS,Natural gas rents (% of GDP),2000,0.245727169392993,,1
PNG,Papua New Guinea,NY.GDP.NGAS.RT.ZS,Natural gas rents (% of GDP),1999,0.151746045571037,,1
PNG,Papua New Guinea,NY.GDP.NGAS.RT.ZS,Natural gas rents (% of GDP),1998,0.14288503154503,,1
PNG,Papua New Guinea,NY.GDP.NGAS.RT.ZS,Natural gas rents (% of GDP),1997,0.131282218642344,,1
PNG,Papua New Guinea,NY.GDP.NGAS.RT.ZS,Natural gas rents (% of GDP),1996,0.142366093181278,,1
PNG,Papua New Guinea,NY.GDP.NGAS.RT.ZS,Natural gas rents (% of GDP),1995,0.0960955847491219,,1
PNG,Papua New Guinea,NY.GDP.NGAS.RT.ZS,Natural gas rents (% of GDP),1994,0.0675842186367791,,1
PNG,Papua New Guinea,NY.GDP.NGAS.RT.ZS,Natural gas rents (% of GDP),1993,0.0610081727895186,,1
PNG,Papua New Guinea,NY.GDP.NGAS.RT.ZS,Natural gas rents (% of GDP),1992,0.0571055310042285,,1
PNG,Papua New Guinea,NY.GDP.NGAS.RT.ZS,Natural gas rents (% of GDP),1991,0.0611671871071438,,1
PNG,Papua New Guinea,NY.GDP.NGAS.RT.ZS,Natural gas rents (% of GDP),1990,0.0859585575691142,,1
PNG,Papua New Guinea,NY.GDP.NGAS.RT.ZS,Natural gas rents (% of GDP),1989,0,,1
PNG,Papua New Guinea,NY.GDP.NGAS.RT.ZS,Natural gas rents (% of GDP),1988,0,,1
PNG,Papua New Guinea,NY.GDP.NGAS.RT.ZS,Natural gas rents (% of GDP),1987,0,,1
PNG,Papua New Guinea,NY.GDP.NGAS.RT.ZS,Natural gas rents (% of GDP),1986,0,,1
PNG,Papua New Guinea,NY.GDP.NGAS.RT.ZS,Natural gas rents (% of GDP),1985,0,,1
PNG,Papua New Guinea,NY.GDP.NGAS.RT.ZS,Natural gas rents (% of GDP),1984,0,,1
PNG,Papua New Guinea,NY.GDP.NGAS.RT.ZS,Natural gas rents (% of GDP),1983,0,,1
PNG,Papua New Guinea,NY.GDP.NGAS.RT.ZS,Natural gas rents (% of GDP),1982,0,,1
PNG,Papua New Guinea,NY.GDP.NGAS.RT.ZS,Natural gas rents (% of GDP),1981,0,,1
PNG,Papua New Guinea,NY.GDP.NGAS.RT.ZS,Natural gas rents (% of GDP),1980,0,,1
PRY,Paraguay,NY.GDP.NGAS.RT.ZS,Natural gas rents (% of GDP),2021,0,,1
PRY,Paraguay,NY.GDP.NGAS.RT.ZS,Natural gas rents (% of GDP),2020,0,,1
PRY,Paraguay,NY.GDP.NGAS.RT.ZS,Natural gas rents (% of GDP),2019,0,,1
PRY,Paraguay,NY.GDP.NGAS.RT.ZS,Natural gas rents (% of GDP),2018,0,,1
PRY,Paraguay,NY.GDP.NGAS.RT.ZS,Natural gas rents (% of GDP),2017,0,,1
PRY,Paraguay,NY.GDP.NGAS.RT.ZS,Natural gas rents (% of GDP),2016,0,,1
PRY,Paraguay,NY.GDP.NGAS.RT.ZS,Natural gas rents (% of GDP),2015,0,,1
PRY,Paraguay,NY.GDP.NGAS.RT.ZS,Natural gas rents (% of GDP),2014,0,,1
PRY,Paraguay,NY.GDP.NGAS.RT.ZS,Natural gas rents (% of GDP),2013,0,,1
PRY,Paraguay,NY.GDP.NGAS.RT.ZS,Natural gas rents (% of GDP),2012,0,,1
PRY,Paraguay,NY.GDP.NGAS.RT.ZS,Natural gas rents (% of GDP),2011,0,,1
PRY,Paraguay,NY.GDP.NGAS.RT.ZS,Natural gas rents (% of GDP),2010,0,,1
PRY,Paraguay,NY.GDP.NGAS.RT.ZS,Natural gas rents (% of GDP),2009,0,,1
PRY,Paraguay,NY.GDP.NGAS.RT.ZS,Natural gas rents (% of GDP),2008,0,,1
PRY,Paraguay,NY.GDP.NGAS.RT.ZS,Natural gas rents (% of GDP),2007,0,,1
PRY,Paraguay,NY.GDP.NGAS.RT.ZS,Natural gas rents (% of GDP),2006,0,,1
PRY,Paraguay,NY.GDP.NGAS.RT.ZS,Natural gas rents (% of GDP),2005,0,,1
PRY,Paraguay,NY.GDP.NGAS.RT.ZS,Natural gas rents (% of GDP),2004,0,,1
PRY,Paraguay,NY.GDP.NGAS.RT.ZS,Natural gas rents (% of GDP),2003,0,,1
PRY,Paraguay,NY.GDP.NGAS.RT.ZS,Natural gas rents (% of GDP),2002,0,,1
PRY,Paraguay,NY.GDP.NGAS.RT.ZS,Natural gas rents (% of GDP),2001,0,,1
PRY,Paraguay,NY.GDP.NGAS.RT.ZS,Natural gas rents (% of GDP),2000,0,,1
PRY,Paraguay,NY.GDP.NGAS.RT.ZS,Natural gas rents (% of GDP),1999,0,,1
PRY,Paraguay,NY.GDP.NGAS.RT.ZS,Natural gas rents (% of GDP),1998,0,,1
PRY,Paraguay,NY.GDP.NGAS.RT.ZS,Natural gas rents (% of GDP),1997,0,,1
PRY,Paraguay,NY.GDP.NGAS.RT.ZS,Natural gas rents (% of GDP),1996,0,,1
PRY,Paraguay,NY.GDP.NGAS.RT.ZS,Natural gas rents (% of GDP),1995,0,,1
PRY,Paraguay,NY.GDP.NGAS.RT.ZS,Natural gas rents (% of GDP),1994,0,,1
PRY,Paraguay,NY.GDP.NGAS.RT.ZS,Natural gas rents (% of GDP),1993,0,,1
PRY,Paraguay,NY.GDP.NGAS.RT.ZS,Natural gas rents (% of GDP),1992,0,,1
PRY,Paraguay,NY.GDP.NGAS.RT.ZS,Natural gas rents (% of GDP),1991,0,,1
PRY,Paraguay,NY.GDP.NGAS.RT.ZS,Natural gas rents (% of GDP),1990,0,,1
PRY,Paraguay,NY.GDP.NGAS.RT.ZS,Natural gas rents (% of GDP),1989,0,,1
PRY,Paraguay,NY.GDP.NGAS.RT.ZS,Natural gas rents (% of GDP),1988,0,,1
PRY,Paraguay,NY.GDP.NGAS.RT.ZS,Natural gas rents (% of GDP),1987,0,,1
PRY,Paraguay,NY.GDP.NGAS.RT.ZS,Natural gas rents (% of GDP),1986,0,,1
PRY,Paraguay,NY.GDP.NGAS.RT.ZS,Natural gas rents (% of GDP),1985,0,,1
PRY,Paraguay,NY.GDP.NGAS.RT.ZS,Natural gas rents (% of GDP),1984,0,,1
PRY,Paraguay,NY.GDP.NGAS.RT.ZS,Natural gas rents (% of GDP),1983,0,,1
PRY,Paraguay,NY.GDP.NGAS.RT.ZS,Natural gas rents (% of GDP),1982,0,,1
PRY,Paraguay,NY.GDP.NGAS.RT.ZS,Natural gas rents (% of GDP),1981,0,,1
PRY,Paraguay,NY.GDP.NGAS.RT.ZS,Natural gas rents (% of GDP),1980,0,,1
PRY,Paraguay,NY.GDP.NGAS.RT.ZS,Natural gas rents (% of GDP),1979,0,,1
PRY,Paraguay,NY.GDP.NGAS.RT.ZS,Natural gas rents (% of GDP),1978,0,,1
PRY,Paraguay,NY.GDP.NGAS.RT.ZS,Natural gas rents (% of GDP),1977,0,,1
PRY,Paraguay,NY.GDP.NGAS.RT.ZS,Natural gas rents (% of GDP),1976,0,,1
PRY,Paraguay,NY.GDP.NGAS.RT.ZS,Natural gas rents (% of GDP),1975,0,,1
PRY,Paraguay,NY.GDP.NGAS.RT.ZS,Natural gas rents (% of GDP),1974,0,,1
PRY,Paraguay,NY.GDP.NGAS.RT.ZS,Natural gas rents (% of GDP),1973,0,,1
PRY,Paraguay,NY.GDP.NGAS.RT.ZS,Natural gas rents (% of GDP),1972,0,,1
PRY,Paraguay,NY.GDP.NGAS.RT.ZS,Natural gas rents (% of GDP),1971,0,,1
PER,Peru,NY.GDP.NGAS.RT.ZS,Natural gas rents (% of GDP),2021,0.258002993482149,,1
PER,Peru,NY.GDP.NGAS.RT.ZS,Natural gas rents (% of GDP),2020,0.178951972137191,,1
PER,Peru,NY.GDP.NGAS.RT.ZS,Natural gas rents (% of GDP),2019,0.325180505319842,,1
PER,Peru,NY.GDP.NGAS.RT.ZS,Natural gas rents (% of GDP),2018,0.297824249758661,,1
PER,Peru,NY.GDP.NGAS.RT.ZS,Natural gas rents (% of GDP),2017,0.134357001744173,,1
PER,Peru,NY.GDP.NGAS.RT.ZS,Natural gas rents (% of GDP),2016,0.119359528240305,,1
PER,Peru,NY.GDP.NGAS.RT.ZS,Natural gas rents (% of GDP),2015,0.252767387549924,,1
PER,Peru,NY.GDP.NGAS.RT.ZS,Natural gas rents (% of GDP),2014,0.482495638298715,,1
PER,Peru,NY.GDP.NGAS.RT.ZS,Natural gas rents (% of GDP),2013,0.504613783048346,,1
PER,Peru,NY.GDP.NGAS.RT.ZS,Natural gas rents (% of GDP),2012,0.468935749806255,,1
PER,Peru,NY.GDP.NGAS.RT.ZS,Natural gas rents (% of GDP),2011,0.47607012128038,,1
PER,Peru,NY.GDP.NGAS.RT.ZS,Natural gas rents (% of GDP),2010,0.157433236068114,,1
PER,Peru,NY.GDP.NGAS.RT.ZS,Natural gas rents (% of GDP),2009,0.130444390715236,,1
PER,Peru,NY.GDP.NGAS.RT.ZS,Natural gas rents (% of GDP),2008,0.125348633260744,,1
PER,Peru,NY.GDP.NGAS.RT.ZS,Natural gas rents (% of GDP),2007,0.0969856042215098,,1
PER,Peru,NY.GDP.NGAS.RT.ZS,Natural gas rents (% of GDP),2006,0.0620325376535218,,1
PER,Peru,NY.GDP.NGAS.RT.ZS,Natural gas rents (% of GDP),2005,0.0455535327521676,,1
PER,Peru,NY.GDP.NGAS.RT.ZS,Natural gas rents (% of GDP),2004,0.014819540128034,,1
PER,Peru,NY.GDP.NGAS.RT.ZS,Natural gas rents (% of GDP),2003,0.0101218305766864,,1
PER,Peru,NY.GDP.NGAS.RT.ZS,Natural gas rents (% of GDP),2002,0.0120529488613556,,1
PER,Peru,NY.GDP.NGAS.RT.ZS,Natural gas rents (% of GDP),2001,0.0136618526548523,,1
PER,Peru,NY.GDP.NGAS.RT.ZS,Natural gas rents (% of GDP),2000,0.0128404214528288,,1
PER,Peru,NY.GDP.NGAS.RT.ZS,Natural gas rents (% of GDP),1999,0.00879072668112017,,1
PER,Peru,NY.GDP.NGAS.RT.ZS,Natural gas rents (% of GDP),1998,0.00547045713211852,,1
PER,Peru,NY.GDP.NGAS.RT.ZS,Natural gas rents (% of GDP),1997,0.00397868325178119,,1
PER,Peru,NY.GDP.NGAS.RT.ZS,Natural gas rents (% of GDP),1996,0.0170270415573997,,1
PER,Peru,NY.GDP.NGAS.RT.ZS,Natural gas rents (% of GDP),1995,0.0163479111443391,,1
PER,Peru,NY.GDP.NGAS.RT.ZS,Natural gas rents (% of GDP),1994,0.0235705341051369,,1
PER,Peru,NY.GDP.NGAS.RT.ZS,Natural gas rents (% of GDP),1993,0.0343792790208076,,1
PER,Peru,NY.GDP.NGAS.RT.ZS,Natural gas rents (% of GDP),1992,0.0141706816635769,,1
PER,Peru,NY.GDP.NGAS.RT.ZS,Natural gas rents (% of GDP),1991,0.0170001791952997,,1
PER,Peru,NY.GDP.NGAS.RT.ZS,Natural gas rents (% of GDP),1990,0.0282259554538611,,1
PER,Peru,NY.GDP.NGAS.RT.ZS,Natural gas rents (% of GDP),1989,0.0560116823328013,,1
PER,Peru,NY.GDP.NGAS.RT.ZS,Natural gas rents (% of GDP),1988,0.0717714917859841,,1
PER,Peru,NY.GDP.NGAS.RT.ZS,Natural gas rents (% of GDP),1987,0.0650634926498974,,1
PER,Peru,NY.GDP.NGAS.RT.ZS,Natural gas rents (% of GDP),1986,0.12406302837034,,1
PER,Peru,NY.GDP.NGAS.RT.ZS,Natural gas rents (% of GDP),1985,0.130806971951338,,1
PER,Peru,NY.GDP.NGAS.RT.ZS,Natural gas rents (% of GDP),1984,0.123245675912431,,1
PER,Peru,NY.GDP.NGAS.RT.ZS,Natural gas rents (% of GDP),1983,0.112035743733411,,1
PER,Peru,NY.GDP.NGAS.RT.ZS,Natural gas rents (% of GDP),1982,0.0164195247777956,,1
PER,Peru,NY.GDP.NGAS.RT.ZS,Natural gas rents (% of GDP),1981,0.0833635366521819,,1
PER,Peru,NY.GDP.NGAS.RT.ZS,Natural gas rents (% of GDP),1980,0.133330907712036,,1
PER,Peru,NY.GDP.NGAS.RT.ZS,Natural gas rents (% of GDP),1979,0.0479367194060331,,1
PER,Peru,NY.GDP.NGAS.RT.ZS,Natural gas rents (% of GDP),1978,0.00743359099500796,,1
PER,Peru,NY.GDP.NGAS.RT.ZS,Natural gas rents (% of GDP),1977,0.0022099065112185,,1
PER,Peru,NY.GDP.NGAS.RT.ZS,Natural gas rents (% of GDP),1976,0.0224965714119768,,1
PER,Peru,NY.GDP.NGAS.RT.ZS,Natural gas rents (% of GDP),1975,0.017799056417098,,1
PER,Peru,NY.GDP.NGAS.RT.ZS,Natural gas rents (% of GDP),1974,0.00948974124361463,,1
PER,Peru,NY.GDP.NGAS.RT.ZS,Natural gas rents (% of GDP),1973,0.00132488275373685,,1
PER,Peru,NY.GDP.NGAS.RT.ZS,Natural gas rents (% of GDP),1972,0.00132608852656927,,1
PER,Peru,NY.GDP.NGAS.RT.ZS,Natural gas rents (% of GDP),1971,0.00113835030821747,,1
PER,Peru,NY.GDP.NGAS.RT.ZS,Natural gas rents (% of GDP),1970,0.000642751536019782,,1
PHL,Philippines,NY.GDP.NGAS.RT.ZS,Natural gas rents (% of GDP),2021,0.156099110143511,,1
PHL,Philippines,NY.GDP.NGAS.RT.ZS,Natural gas rents (% of GDP),2020,0.115070223869134,,1
PHL,Philippines,NY.GDP.NGAS.RT.ZS,Natural gas rents (% of GDP),2019,0.153193275613716,,1
PHL,Philippines,NY.GDP.NGAS.RT.ZS,Natural gas rents (% of GDP),2018,0.166364708759932,,1
PHL,Philippines,NY.GDP.NGAS.RT.ZS,Natural gas rents (% of GDP),2017,0.105639145946104,,1
PHL,Philippines,NY.GDP.NGAS.RT.ZS,Natural gas rents (% of GDP),2016,0.10602405844169,,1
PHL,Philippines,NY.GDP.NGAS.RT.ZS,Natural gas rents (% of GDP),2015,0.13169808513133,,1
PHL,Philippines,NY.GDP.NGAS.RT.ZS,Natural gas rents (% of GDP),2014,0.131768950998499,,1
PHL,Philippines,NY.GDP.NGAS.RT.ZS,Natural gas rents (% of GDP),2013,0.0990805691189983,,1
PHL,Philippines,NY.GDP.NGAS.RT.ZS,Natural gas rents (% of GDP),2012,0.119117794440186,,1
PHL,Philippines,NY.GDP.NGAS.RT.ZS,Natural gas rents (% of GDP),2011,0.144806874906116,,1
PHL,Philippines,NY.GDP.NGAS.RT.ZS,Natural gas rents (% of GDP),2010,0.135702232896107,,1
PHL,Philippines,NY.GDP.NGAS.RT.ZS,Natural gas rents (% of GDP),2009,0.154336054863015,,1
PHL,Philippines,NY.GDP.NGAS.RT.ZS,Natural gas rents (% of GDP),2008,0.154156135874608,,1
PHL,Philippines,NY.GDP.NGAS.RT.ZS,Natural gas rents (% of GDP),2007,0.154454254234892,,1
PHL,Philippines,NY.GDP.NGAS.RT.ZS,Natural gas rents (% of GDP),2006,0.164000003440187,,1
PHL,Philippines,NY.GDP.NGAS.RT.ZS,Natural gas rents (% of GDP),2005,0.234305446036162,,1
PHL,Philippines,NY.GDP.NGAS.RT.ZS,Natural gas rents (% of GDP),2004,0.198664386952604,,1
PHL,Philippines,NY.GDP.NGAS.RT.ZS,Natural gas rents (% of GDP),2003,0.203637427054306,,1
PHL,Philippines,NY.GDP.NGAS.RT.ZS,Natural gas rents (% of GDP),2002,0.109402120912428,,1
PHL,Philippines,NY.GDP.NGAS.RT.ZS,Natural gas rents (% of GDP),2001,0.0107019940170264,,1
PHL,Philippines,NY.GDP.NGAS.RT.ZS,Natural gas rents (% of GDP),2000,0.000840741103020849,,1
PHL,Philippines,NY.GDP.NGAS.RT.ZS,Natural gas rents (% of GDP),1999,0.000355184812512003,,1
PHL,Philippines,NY.GDP.NGAS.RT.ZS,Natural gas rents (% of GDP),1998,0.000482582077103747,,1
PHL,Philippines,NY.GDP.NGAS.RT.ZS,Natural gas rents (% of GDP),1997,0.000310929319328116,,1
PHL,Philippines,NY.GDP.NGAS.RT.ZS,Natural gas rents (% of GDP),1996,0.000489693392506525,,1
PHL,Philippines,NY.GDP.NGAS.RT.ZS,Natural gas rents (% of GDP),1995,0.0002779402958468,,1
PHL,Philippines,NY.GDP.NGAS.RT.ZS,Natural gas rents (% of GDP),1994,0.000319990550549376,,1
PHL,Philippines,NY.GDP.NGAS.RT.ZS,Natural gas rents (% of GDP),1993,0,,1
PHL,Philippines,NY.GDP.NGAS.RT.ZS,Natural gas rents (% of GDP),1992,0,,1
PHL,Philippines,NY.GDP.NGAS.RT.ZS,Natural gas rents (% of GDP),1991,0,,1
PHL,Philippines,NY.GDP.NGAS.RT.ZS,Natural gas rents (% of GDP),1990,0,,1
PHL,Philippines,NY.GDP.NGAS.RT.ZS,Natural gas rents (% of GDP),1989,0,,1
PHL,Philippines,NY.GDP.NGAS.RT.ZS,Natural gas rents (% of GDP),1988,0,,1
PHL,Philippines,NY.GDP.NGAS.RT.ZS,Natural gas rents (% of GDP),1987,0,,1
PHL,Philippines,NY.GDP.NGAS.RT.ZS,Natural gas rents (% of GDP),1986,0,,1
PHL,Philippines,NY.GDP.NGAS.RT.ZS,Natural gas rents (% of GDP),1985,0,,1
PHL,Philippines,NY.GDP.NGAS.RT.ZS,Natural gas rents (% of GDP),1984,0,,1
PHL,Philippines,NY.GDP.NGAS.RT.ZS,Natural gas rents (% of GDP),1983,0,,1
PHL,Philippines,NY.GDP.NGAS.RT.ZS,Natural gas rents (% of GDP),1982,0,,1
PHL,Philippines,NY.GDP.NGAS.RT.ZS,Natural gas rents (% of GDP),1981,0,,1
PHL,Philippines,NY.GDP.NGAS.RT.ZS,Natural gas rents (% of GDP),1980,0,,1
PHL,Philippines,NY.GDP.NGAS.RT.ZS,Natural gas rents (% of GDP),1979,0,,1
PHL,Philippines,NY.GDP.NGAS.RT.ZS,Natural gas rents (% of GDP),1978,0,,1
PHL,Philippines,NY.GDP.NGAS.RT.ZS,Natural gas rents (% of GDP),1977,0,,1
PHL,Philippines,NY.GDP.NGAS.RT.ZS,Natural gas rents (% of GDP),1976,0,,1
PHL,Philippines,NY.GDP.NGAS.RT.ZS,Natural gas rents (% of GDP),1975,0,,1
PHL,Philippines,NY.GDP.NGAS.RT.ZS,Natural gas rents (% of GDP),1974,0,,1
PHL,Philippines,NY.GDP.NGAS.RT.ZS,Natural gas rents (% of GDP),1973,0,,1
PHL,Philippines,NY.GDP.NGAS.RT.ZS,Natural gas rents (% of GDP),1972,0,,1
PHL,Philippines,NY.GDP.NGAS.RT.ZS,Natural gas rents (% of GDP),1971,0,,1
POL,Poland,NY.GDP.NGAS.RT.ZS,Natural gas rents (% of GDP),2021,0.100227855236231,,1
POL,Poland,NY.GDP.NGAS.RT.ZS,Natural gas rents (% of GDP),2020,0.0205391007038032,,1
POL,Poland,NY.GDP.NGAS.RT.ZS,Natural gas rents (% of GDP),2019,0.0420603621099536,,1
POL,Poland,NY.GDP.NGAS.RT.ZS,Natural gas rents (% of GDP),2018,0.0620713643428421,,1
POL,Poland,NY.GDP.NGAS.RT.ZS,Natural gas rents (% of GDP),2017,0.0439980215053745,,1
POL,Poland,NY.GDP.NGAS.RT.ZS,Natural gas rents (% of GDP),2016,0.0357887237693169,,1
POL,Poland,NY.GDP.NGAS.RT.ZS,Natural gas rents (% of GDP),2015,0.0613923434078407,,1
POL,Poland,NY.GDP.NGAS.RT.ZS,Natural gas rents (% of GDP),2014,0.0743317862351285,,1
POL,Poland,NY.GDP.NGAS.RT.ZS,Natural gas rents (% of GDP),2013,0.111601125490911,,1
POL,Poland,NY.GDP.NGAS.RT.ZS,Natural gas rents (% of GDP),2012,0.121012078064414,,1
POL,Poland,NY.GDP.NGAS.RT.ZS,Natural gas rents (% of GDP),2011,0.107566552009593,,1
POL,Poland,NY.GDP.NGAS.RT.ZS,Natural gas rents (% of GDP),2010,0.0740776597756864,,1
POL,Poland,NY.GDP.NGAS.RT.ZS,Natural gas rents (% of GDP),2009,0.0888019526839617,,1
POL,Poland,NY.GDP.NGAS.RT.ZS,Natural gas rents (% of GDP),2008,0.104042762263623,,1
POL,Poland,NY.GDP.NGAS.RT.ZS,Natural gas rents (% of GDP),2007,0.0753472556324657,,1
POL,Poland,NY.GDP.NGAS.RT.ZS,Natural gas rents (% of GDP),2006,0.0904545761308149,,1
POL,Poland,NY.GDP.NGAS.RT.ZS,Natural gas rents (% of GDP),2005,0.0456447637979442,,1
POL,Poland,NY.GDP.NGAS.RT.ZS,Natural gas rents (% of GDP),2004,0.0650540141879174,,1
POL,Poland,NY.GDP.NGAS.RT.ZS,Natural gas rents (% of GDP),2003,0.0792732257402106,,1
POL,Poland,NY.GDP.NGAS.RT.ZS,Natural gas rents (% of GDP),2002,0.0786090314640388,,1
POL,Poland,NY.GDP.NGAS.RT.ZS,Natural gas rents (% of GDP),2001,0.106139238526915,,1
POL,Poland,NY.GDP.NGAS.RT.ZS,Natural gas rents (% of GDP),2000,0.0522971648633047,,1
POL,Poland,NY.GDP.NGAS.RT.ZS,Natural gas rents (% of GDP),1999,0.00729350612919087,,1
POL,Poland,NY.GDP.NGAS.RT.ZS,Natural gas rents (% of GDP),1998,0.0076147441657696,,1
POL,Poland,NY.GDP.NGAS.RT.ZS,Natural gas rents (% of GDP),1997,0.0630760420279643,,1
POL,Poland,NY.GDP.NGAS.RT.ZS,Natural gas rents (% of GDP),1996,0.0568249170385154,,1
POL,Poland,NY.GDP.NGAS.RT.ZS,Natural gas rents (% of GDP),1995,0.0671005274935716,,1
POL,Poland,NY.GDP.NGAS.RT.ZS,Natural gas rents (% of GDP),1994,0.0454954102384608,,1
POL,Poland,NY.GDP.NGAS.RT.ZS,Natural gas rents (% of GDP),1993,0.0570573484635839,,1
POL,Poland,NY.GDP.NGAS.RT.ZS,Natural gas rents (% of GDP),1992,0.020335897897736,,1
POL,Poland,NY.GDP.NGAS.RT.ZS,Natural gas rents (% of GDP),1991,0.0438614768403348,,1
POL,Poland,NY.GDP.NGAS.RT.ZS,Natural gas rents (% of GDP),1990,0.0716669583829853,,1
PRT,Portugal,NY.GDP.NGAS.RT.ZS,Natural gas rents (% of GDP),2021,0,,1
PRT,Portugal,NY.GDP.NGAS.RT.ZS,Natural gas rents (% of GDP),2020,0,,1
PRT,Portugal,NY.GDP.NGAS.RT.ZS,Natural gas rents (% of GDP),2019,0,,1
PRT,Portugal,NY.GDP.NGAS.RT.ZS,Natural gas rents (% of GDP),2018,0,,1
PRT,Portugal,NY.GDP.NGAS.RT.ZS,Natural gas rents (% of GDP),2017,0,,1
PRT,Portugal,NY.GDP.NGAS.RT.ZS,Natural gas rents (% of GDP),2016,0,,1
PRT,Portugal,NY.GDP.NGAS.RT.ZS,Natural gas rents (% of GDP),2015,0,,1
PRT,Portugal,NY.GDP.NGAS.RT.ZS,Natural gas rents (% of GDP),2014,0,,1
PRT,Portugal,NY.GDP.NGAS.RT.ZS,Natural gas rents (% of GDP),2013,0,,1
PRT,Portugal,NY.GDP.NGAS.RT.ZS,Natural gas rents (% of GDP),2012,0,,1
PRT,Portugal,NY.GDP.NGAS.RT.ZS,Natural gas rents (% of GDP),2011,0,,1
PRT,Portugal,NY.GDP.NGAS.RT.ZS,Natural gas rents (% of GDP),2010,0,,1
PRT,Portugal,NY.GDP.NGAS.RT.ZS,Natural gas rents (% of GDP),2009,0,,1
PRT,Portugal,NY.GDP.NGAS.RT.ZS,Natural gas rents (% of GDP),2008,0,,1
PRT,Portugal,NY.GDP.NGAS.RT.ZS,Natural gas rents (% of GDP),2007,0,,1
PRT,Portugal,NY.GDP.NGAS.RT.ZS,Natural gas rents (% of GDP),2006,0,,1
PRT,Portugal,NY.GDP.NGAS.RT.ZS,Natural gas rents (% of GDP),2005,0,,1
PRT,Portugal,NY.GDP.NGAS.RT.ZS,Natural gas rents (% of GDP),2004,0,,1
PRT,Portugal,NY.GDP.NGAS.RT.ZS,Natural gas rents (% of GDP),2003,0,,1
PRT,Portugal,NY.GDP.NGAS.RT.ZS,Natural gas rents (% of GDP),2002,0,,1
PRT,Portugal,NY.GDP.NGAS.RT.ZS,Natural gas rents (% of GDP),2001,0,,1
PRT,Portugal,NY.GDP.NGAS.RT.ZS,Natural gas rents (% of GDP),2000,0,,1
PRT,Portugal,NY.GDP.NGAS.RT.ZS,Natural gas rents (% of GDP),1999,0,,1
PRT,Portugal,NY.GDP.NGAS.RT.ZS,Natural gas rents (% of GDP),1998,0,,1
PRT,Portugal,NY.GDP.NGAS.RT.ZS,Natural gas rents (% of GDP),1997,0,,1
PRT,Portugal,NY.GDP.NGAS.RT.ZS,Natural gas rents (% of GDP),1996,0,,1
PRT,Portugal,NY.GDP.NGAS.RT.ZS,Natural gas rents (% of GDP),1995,0,,1
PRT,Portugal,NY.GDP.NGAS.RT.ZS,Natural gas rents (% of GDP),1994,0,,1
PRT,Portugal,NY.GDP.NGAS.RT.ZS,Natural gas rents (% of GDP),1993,0,,1
PRT,Portugal,NY.GDP.NGAS.RT.ZS,Natural gas rents (% of GDP),1992,0,,1
PRT,Portugal,NY.GDP.NGAS.RT.ZS,Natural gas rents (% of GDP),1991,0,,1
PRT,Portugal,NY.GDP.NGAS.RT.ZS,Natural gas rents (% of GDP),1990,0,,1
PRT,Portugal,NY.GDP.NGAS.RT.ZS,Natural gas rents (% of GDP),1989,0,,1
PRT,Portugal,NY.GDP.NGAS.RT.ZS,Natural gas rents (% of GDP),1988,0,,1
PRT,Portugal,NY.GDP.NGAS.RT.ZS,Natural gas rents (% of GDP),1987,0,,1
PRT,Portugal,NY.GDP.NGAS.RT.ZS,Natural gas rents (% of GDP),1986,0,,1
PRT,Portugal,NY.GDP.NGAS.RT.ZS,Natural gas rents (% of GDP),1985,0,,1
PRT,Portugal,NY.GDP.NGAS.RT.ZS,Natural gas rents (% of GDP),1984,0,,1
PRT,Portugal,NY.GDP.NGAS.RT.ZS,Natural gas rents (% of GDP),1983,0,,1
PRT,Portugal,NY.GDP.NGAS.RT.ZS,Natural gas rents (% of GDP),1982,0,,1
PRT,Portugal,NY.GDP.NGAS.RT.ZS,Natural gas rents (% of GDP),1981,0,,1
PRT,Portugal,NY.GDP.NGAS.RT.ZS,Natural gas rents (% of GDP),1980,0,,1
PRT,Portugal,NY.GDP.NGAS.RT.ZS,Natural gas rents (% of GDP),1979,0,,1
PRT,Portugal,NY.GDP.NGAS.RT.ZS,Natural gas rents (% of GDP),1978,0,,1
PRT,Portugal,NY.GDP.NGAS.RT.ZS,Natural gas rents (% of GDP),1977,0,,1
PRT,Portugal,NY.GDP.NGAS.RT.ZS,Natural gas rents (% of GDP),1976,0,,1
PRT,Portugal,NY.GDP.NGAS.RT.ZS,Natural gas rents (% of GDP),1975,0,,1
PRT,Portugal,NY.GDP.NGAS.RT.ZS,Natural gas rents (% of GDP),1974,0,,1
PRT,Portugal,NY.GDP.NGAS.RT.ZS,Natural gas rents (% of GDP),1973,0,,1
PRT,Portugal,NY.GDP.NGAS.RT.ZS,Natural gas rents (% of GDP),1972,0,,1
PRT,Portugal,NY.GDP.NGAS.RT.ZS,Natural gas rents (% of GDP),1971,0,,1
PRT,Portugal,NY.GDP.NGAS.RT.ZS,Natural gas rents (% of GDP),1970,0,,1
PRI,Puerto Rico (US),NY.GDP.NGAS.RT.ZS,Natural gas rents (% of GDP),2021,0,,1
PRI,Puerto Rico (US),NY.GDP.NGAS.RT.ZS,Natural gas rents (% of GDP),2020,0,,1
PRI,Puerto Rico (US),NY.GDP.NGAS.RT.ZS,Natural gas rents (% of GDP),2019,0,,1
PRI,Puerto Rico (US),NY.GDP.NGAS.RT.ZS,Natural gas rents (% of GDP),2018,0,,1
PRI,Puerto Rico (US),NY.GDP.NGAS.RT.ZS,Natural gas rents (% of GDP),2017,0,,1
PRI,Puerto Rico (US),NY.GDP.NGAS.RT.ZS,Natural gas rents (% of GDP),2016,0,,1
PRI,Puerto Rico (US),NY.GDP.NGAS.RT.ZS,Natural gas rents (% of GDP),2015,0,,1
PRI,Puerto Rico (US),NY.GDP.NGAS.RT.ZS,Natural gas rents (% of GDP),2014,0,,1
PRI,Puerto Rico (US),NY.GDP.NGAS.RT.ZS,Natural gas rents (% of GDP),2013,0,,1
PRI,Puerto Rico (US),NY.GDP.NGAS.RT.ZS,Natural gas rents (% of GDP),2012,0,,1
PRI,Puerto Rico (US),NY.GDP.NGAS.RT.ZS,Natural gas rents (% of GDP),2011,0,,1
PRI,Puerto Rico (US),NY.GDP.NGAS.RT.ZS,Natural gas rents (% of GDP),2010,0,,1
PRI,Puerto Rico (US),NY.GDP.NGAS.RT.ZS,Natural gas rents (% of GDP),2009,0,,1
PRI,Puerto Rico (US),NY.GDP.NGAS.RT.ZS,Natural gas rents (% of GDP),2008,0,,1
PRI,Puerto Rico (US),NY.GDP.NGAS.RT.ZS,Natural gas rents (% of GDP),2007,0,,1
PRI,Puerto Rico (US),NY.GDP.NGAS.RT.ZS,Natural gas rents (% of GDP),2006,0,,1
PRI,Puerto Rico (US),NY.GDP.NGAS.RT.ZS,Natural gas rents (% of GDP),2005,0,,1
PRI,Puerto Rico (US),NY.GDP.NGAS.RT.ZS,Natural gas rents (% of GDP),2004,0,,1
PRI,Puerto Rico (US),NY.GDP.NGAS.RT.ZS,Natural gas rents (% of GDP),2003,0,,1
PRI,Puerto Rico (US),NY.GDP.NGAS.RT.ZS,Natural gas rents (% of GDP),2002,0,,1
PRI,Puerto Rico (US),NY.GDP.NGAS.RT.ZS,Natural gas rents (% of GDP),2001,0,,1
PRI,Puerto Rico (US),NY.GDP.NGAS.RT.ZS,Natural gas rents (% of GDP),2000,0,,1
PRI,Puerto Rico (US),NY.GDP.NGAS.RT.ZS,Natural gas rents (% of GDP),1999,0,,1
PRI,Puerto Rico (US),NY.GDP.NGAS.RT.ZS,Natural gas rents (% of GDP),1998,0,,1
PRI,Puerto Rico (US),NY.GDP.NGAS.RT.ZS,Natural gas rents (% of GDP),1997,0,,1
PRI,Puerto Rico (US),NY.GDP.NGAS.RT.ZS,Natural gas rents (% of GDP),1996,0,,1
PRI,Puerto Rico (US),NY.GDP.NGAS.RT.ZS,Natural gas rents (% of GDP),1995,0,,1
PRI,Puerto Rico (US),NY.GDP.NGAS.RT.ZS,Natural gas rents (% of GDP),1994,0,,1
PRI,Puerto Rico (US),NY.GDP.NGAS.RT.ZS,Natural gas rents (% of GDP),1993,0,,1
PRI,Puerto Rico (US),NY.GDP.NGAS.RT.ZS,Natural gas rents (% of GDP),1992,0,,1
PRI,Puerto Rico (US),NY.GDP.NGAS.RT.ZS,Natural gas rents (% of GDP),1991,0,,1
PRI,Puerto Rico (US),NY.GDP.NGAS.RT.ZS,Natural gas rents (% of GDP),1990,0,,1
PRI,Puerto Rico (US),NY.GDP.NGAS.RT.ZS,Natural gas rents (% of GDP),1989,0,,1
PRI,Puerto Rico (US),NY.GDP.NGAS.RT.ZS,Natural gas rents (% of GDP),1988,0,,1
PRI,Puerto Rico (US),NY.GDP.NGAS.RT.ZS,Natural gas rents (% of GDP),1987,0,,1
PRI,Puerto Rico (US),NY.GDP.NGAS.RT.ZS,Natural gas rents (% of GDP),1986,0,,1
PRI,Puerto Rico (US),NY.GDP.NGAS.RT.ZS,Natural gas rents (% of GDP),1985,0,,1
PRI,Puerto Rico (US),NY.GDP.NGAS.RT.ZS,Natural gas rents (% of GDP),1984,0,,1
PRI,Puerto Rico (US),NY.GDP.NGAS.RT.ZS,Natural gas rents (% of GDP),1983,0,,1
PRI,Puerto Rico (US),NY.GDP.NGAS.RT.ZS,Natural gas rents (% of GDP),1982,0,,1
PRI,Puerto Rico (US),NY.GDP.NGAS.RT.ZS,Natural gas rents (% of GDP),1981,0,,1
PRI,Puerto Rico (US),NY.GDP.NGAS.RT.ZS,Natural gas rents (% of GDP),1980,0,,1
QAT,Qatar,NY.GDP.NGAS.RT.ZS,Natural gas rents (% of GDP),2021,12.0112545642563,,1
QAT,Qatar,NY.GDP.NGAS.RT.ZS,Natural gas rents (% of GDP),2020,9.63014041427711,,1
QAT,Qatar,NY.GDP.NGAS.RT.ZS,Natural gas rents (% of GDP),2019,7.86548262532752,,1
QAT,Qatar,NY.GDP.NGAS.RT.ZS,Natural gas rents (% of GDP),2018,7.70831016537843,,1
QAT,Qatar,NY.GDP.NGAS.RT.ZS,Natural gas rents (% of GDP),2017,5.35908283407917,,1
QAT,Qatar,NY.GDP.NGAS.RT.ZS,Natural gas rents (% of GDP),2016,4.82010069228067,,1
QAT,Qatar,NY.GDP.NGAS.RT.ZS,Natural gas rents (% of GDP),2015,6.03394269918749,,1
QAT,Qatar,NY.GDP.NGAS.RT.ZS,Natural gas rents (% of GDP),2014,6.15888218994419,,1
QAT,Qatar,NY.GDP.NGAS.RT.ZS,Natural gas rents (% of GDP),2013,6.70372963647687,,1
QAT,Qatar,NY.GDP.NGAS.RT.ZS,Natural gas rents (% of GDP),2012,6.7671639000861,,1
QAT,Qatar,NY.GDP.NGAS.RT.ZS,Natural gas rents (% of GDP),2011,6.77128125187135,,1
QAT,Qatar,NY.GDP.NGAS.RT.ZS,Natural gas rents (% of GDP),2010,5.82722775061414,,1
QAT,Qatar,NY.GDP.NGAS.RT.ZS,Natural gas rents (% of GDP),2009,6.07315860076268,,1
QAT,Qatar,NY.GDP.NGAS.RT.ZS,Natural gas rents (% of GDP),2008,4.32386730680106,,1
QAT,Qatar,NY.GDP.NGAS.RT.ZS,Natural gas rents (% of GDP),2007,4.89547281730169,,1
QAT,Qatar,NY.GDP.NGAS.RT.ZS,Natural gas rents (% of GDP),2006,4.95980535473162,,1
QAT,Qatar,NY.GDP.NGAS.RT.ZS,Natural gas rents (% of GDP),2005,5.44352090574478,,1
QAT,Qatar,NY.GDP.NGAS.RT.ZS,Natural gas rents (% of GDP),2004,5.07734420990481,,1
QAT,Qatar,NY.GDP.NGAS.RT.ZS,Natural gas rents (% of GDP),2003,5.12871457863623,,1
QAT,Qatar,NY.GDP.NGAS.RT.ZS,Natural gas rents (% of GDP),2002,6.07035853153518,,1
QAT,Qatar,NY.GDP.NGAS.RT.ZS,Natural gas rents (% of GDP),2001,7.15223785160177,,1
QAT,Qatar,NY.GDP.NGAS.RT.ZS,Natural gas rents (% of GDP),2000,5.8049734481771,,1
QAT,Qatar,NY.GDP.NGAS.RT.ZS,Natural gas rents (% of GDP),1999,5.41184949514692,,1
QAT,Qatar,NY.GDP.NGAS.RT.ZS,Natural gas rents (% of GDP),1998,5.23208291455393,,1
QAT,Qatar,NY.GDP.NGAS.RT.ZS,Natural gas rents (% of GDP),1997,4.2250114124786,,1
QAT,Qatar,NY.GDP.NGAS.RT.ZS,Natural gas rents (% of GDP),1996,3.58192022129042,,1
QAT,Qatar,NY.GDP.NGAS.RT.ZS,Natural gas rents (% of GDP),1995,3.5046340742533,,1
QAT,Qatar,NY.GDP.NGAS.RT.ZS,Natural gas rents (% of GDP),1994,3.4491470626364,,1
QAT,Qatar,NY.GDP.NGAS.RT.ZS,Natural gas rents (% of GDP),1993,3.23904351806882,,1
QAT,Qatar,NY.GDP.NGAS.RT.ZS,Natural gas rents (% of GDP),1992,2.78135944026471,,1
QAT,Qatar,NY.GDP.NGAS.RT.ZS,Natural gas rents (% of GDP),1991,3.09939488413303,,1
QAT,Qatar,NY.GDP.NGAS.RT.ZS,Natural gas rents (% of GDP),1990,2.50003392551172,,1
QAT,Qatar,NY.GDP.NGAS.RT.ZS,Natural gas rents (% of GDP),1989,2.50621301497617,,1
QAT,Qatar,NY.GDP.NGAS.RT.ZS,Natural gas rents (% of GDP),1988,2.60307747343438,,1
QAT,Qatar,NY.GDP.NGAS.RT.ZS,Natural gas rents (% of GDP),1987,2.7067185159601,,1
QAT,Qatar,NY.GDP.NGAS.RT.ZS,Natural gas rents (% of GDP),1986,3.43037459912289,,1
QAT,Qatar,NY.GDP.NGAS.RT.ZS,Natural gas rents (% of GDP),1985,2.47950525819219,,1
QAT,Qatar,NY.GDP.NGAS.RT.ZS,Natural gas rents (% of GDP),1984,2.56422955112082,,1
QAT,Qatar,NY.GDP.NGAS.RT.ZS,Natural gas rents (% of GDP),1983,2.62766165960392,,1
QAT,Qatar,NY.GDP.NGAS.RT.ZS,Natural gas rents (% of GDP),1982,0.712559649671324,,1
QAT,Qatar,NY.GDP.NGAS.RT.ZS,Natural gas rents (% of GDP),1981,1.38903745974287,,1
QAT,Qatar,NY.GDP.NGAS.RT.ZS,Natural gas rents (% of GDP),1980,1.96191112206189,,1
QAT,Qatar,NY.GDP.NGAS.RT.ZS,Natural gas rents (% of GDP),1979,2.69582274966558,,1
QAT,Qatar,NY.GDP.NGAS.RT.ZS,Natural gas rents (% of GDP),1978,0.804074345282742,,1
QAT,Qatar,NY.GDP.NGAS.RT.ZS,Natural gas rents (% of GDP),1977,0.816618790416206,,1
QAT,Qatar,NY.GDP.NGAS.RT.ZS,Natural gas rents (% of GDP),1976,0.518300936913564,,1
QAT,Qatar,NY.GDP.NGAS.RT.ZS,Natural gas rents (% of GDP),1975,1.22661949938007,,1
QAT,Qatar,NY.GDP.NGAS.RT.ZS,Natural gas rents (% of GDP),1974,0.432222660377401,,1
QAT,Qatar,NY.GDP.NGAS.RT.ZS,Natural gas rents (% of GDP),1973,1.49014725165755,,1
QAT,Qatar,NY.GDP.NGAS.RT.ZS,Natural gas rents (% of GDP),1972,1.60158928875346,,1
QAT,Qatar,NY.GDP.NGAS.RT.ZS,Natural gas rents (% of GDP),1971,1.61627352043725,,1
QAT,Qatar,NY.GDP.NGAS.RT.ZS,Natural gas rents (% of GDP),1970,2.1441583160666,,1
ROU,Romania,NY.GDP.NGAS.RT.ZS,Natural gas rents (% of GDP),2021,0.530624056118085,,1
ROU,Romania,NY.GDP.NGAS.RT.ZS,Natural gas rents (% of GDP),2020,0.105530553930276,,1
ROU,Romania,NY.GDP.NGAS.RT.ZS,Natural gas rents (% of GDP),2019,0.238741949260169,,1
ROU,Romania,NY.GDP.NGAS.RT.ZS,Natural gas rents (% of GDP),2018,0.367013896608261,,1
ROU,Romania,NY.GDP.NGAS.RT.ZS,Natural gas rents (% of GDP),2017,0.266555154371857,,1
ROU,Romania,NY.GDP.NGAS.RT.ZS,Natural gas rents (% of GDP),2016,0.198912810370521,,1
ROU,Romania,NY.GDP.NGAS.RT.ZS,Natural gas rents (% of GDP),2015,0.392792284292433,,1
ROU,Romania,NY.GDP.NGAS.RT.ZS,Natural gas rents (% of GDP),2014,0.471981769489163,,1
ROU,Romania,NY.GDP.NGAS.RT.ZS,Natural gas rents (% of GDP),2013,0.682228898080954,,1
ROU,Romania,NY.GDP.NGAS.RT.ZS,Natural gas rents (% of GDP),2012,0.743533575959798,,1
ROU,Romania,NY.GDP.NGAS.RT.ZS,Natural gas rents (% of GDP),2011,0.659254438284072,,1
ROU,Romania,NY.GDP.NGAS.RT.ZS,Natural gas rents (% of GDP),2010,0.483676559163372,,1
ROU,Romania,NY.GDP.NGAS.RT.ZS,Natural gas rents (% of GDP),2009,0.545113760093543,,1
ROU,Romania,NY.GDP.NGAS.RT.ZS,Natural gas rents (% of GDP),2008,0.631334600169183,,1
ROU,Romania,NY.GDP.NGAS.RT.ZS,Natural gas rents (% of GDP),2007,0.438713383746894,,1
ROU,Romania,NY.GDP.NGAS.RT.ZS,Natural gas rents (% of GDP),2006,0.629281730062376,,1
ROU,Romania,NY.GDP.NGAS.RT.ZS,Natural gas rents (% of GDP),2005,0.354487682531617,,1
ROU,Romania,NY.GDP.NGAS.RT.ZS,Natural gas rents (% of GDP),2004,0.584918699286346,,1
ROU,Romania,NY.GDP.NGAS.RT.ZS,Natural gas rents (% of GDP),2003,0.862627148393439,,1
ROU,Romania,NY.GDP.NGAS.RT.ZS,Natural gas rents (% of GDP),2002,1.00878753147777,,1
ROU,Romania,NY.GDP.NGAS.RT.ZS,Natural gas rents (% of GDP),2001,1.54852812299773,,1
ROU,Romania,NY.GDP.NGAS.RT.ZS,Natural gas rents (% of GDP),2000,0.800310156362475,,1
ROU,Romania,NY.GDP.NGAS.RT.ZS,Natural gas rents (% of GDP),1999,0.1244469910258,,1
ROU,Romania,NY.GDP.NGAS.RT.ZS,Natural gas rents (% of GDP),1998,0.109495919951228,,1
ROU,Romania,NY.GDP.NGAS.RT.ZS,Natural gas rents (% of GDP),1997,1.05007718028031,,1
ROU,Romania,NY.GDP.NGAS.RT.ZS,Natural gas rents (% of GDP),1996,1.08021855713211,,1
ROU,Romania,NY.GDP.NGAS.RT.ZS,Natural gas rents (% of GDP),1995,1.16255246782124,,1
ROU,Romania,NY.GDP.NGAS.RT.ZS,Natural gas rents (% of GDP),1994,0.80169379758028,,1
ROU,Romania,NY.GDP.NGAS.RT.ZS,Natural gas rents (% of GDP),1993,1.06512653033891,,1
ROU,Romania,NY.GDP.NGAS.RT.ZS,Natural gas rents (% of GDP),1992,0.525400307600594,,1
ROU,Romania,NY.GDP.NGAS.RT.ZS,Natural gas rents (% of GDP),1991,0.975804176363073,,1
ROU,Romania,NY.GDP.NGAS.RT.ZS,Natural gas rents (% of GDP),1990,1.16827504136058,,1
ROU,Romania,NY.GDP.NGAS.RT.ZS,Natural gas rents (% of GDP),1989,0.798825937215444,,1
ROU,Romania,NY.GDP.NGAS.RT.ZS,Natural gas rents (% of GDP),1988,0.860247928086543,,1
ROU,Romania,NY.GDP.NGAS.RT.ZS,Natural gas rents (% of GDP),1987,1.05310844000135,,1
RUS,Russian Federation,NY.GDP.NGAS.RT.ZS,Natural gas rents (% of GDP),2021,5.85907379530895,,1
RUS,Russian Federation,NY.GDP.NGAS.RT.ZS,Natural gas rents (% of GDP),2020,1.11948785487127,,1
RUS,Russian Federation,NY.GDP.NGAS.RT.ZS,Natural gas rents (% of GDP),2019,2.19179127550364,,1
RUS,Russian Federation,NY.GDP.NGAS.RT.ZS,Natural gas rents (% of GDP),2018,3.18408544311332,,1
RUS,Russian Federation,NY.GDP.NGAS.RT.ZS,Natural gas rents (% of GDP),2017,1.96827097946533,,1
RUS,Russian Federation,NY.GDP.NGAS.RT.ZS,Natural gas rents (% of GDP),2016,1.63670203160983,,1
RUS,Russian Federation,NY.GDP.NGAS.RT.ZS,Natural gas rents (% of GDP),2015,2.50292237351811,,1
RUS,Russian Federation,NY.GDP.NGAS.RT.ZS,Natural gas rents (% of GDP),2014,2.31599937992039,,1
RUS,Russian Federation,NY.GDP.NGAS.RT.ZS,Natural gas rents (% of GDP),2013,3.05775631125077,,1
RUS,Russian Federation,NY.GDP.NGAS.RT.ZS,Natural gas rents (% of GDP),2012,3.18608357236399,,1
RUS,Russian Federation,NY.GDP.NGAS.RT.ZS,Natural gas rents (% of GDP),2011,3.41958000572264,,1
RUS,Russian Federation,NY.GDP.NGAS.RT.ZS,Natural gas rents (% of GDP),2010,2.8068678510359,,1
RUS,Russian Federation,NY.GDP.NGAS.RT.ZS,Natural gas rents (% of GDP),2009,3.50581589927238,,1
RUS,Russian Federation,NY.GDP.NGAS.RT.ZS,Natural gas rents (% of GDP),2008,4.15561654866874,,1
RUS,Russian Federation,NY.GDP.NGAS.RT.ZS,Natural gas rents (% of GDP),2007,2.88422228176728,,1
RUS,Russian Federation,NY.GDP.NGAS.RT.ZS,Natural gas rents (% of GDP),2006,3.71352780552611,,1
RUS,Russian Federation,NY.GDP.NGAS.RT.ZS,Natural gas rents (% of GDP),2005,2.09070756907338,,1
RUS,Russian Federation,NY.GDP.NGAS.RT.ZS,Natural gas rents (% of GDP),2004,3.07700843859375,,1
RUS,Russian Federation,NY.GDP.NGAS.RT.ZS,Natural gas rents (% of GDP),2003,4.66262486735643,,1
RUS,Russian Federation,NY.GDP.NGAS.RT.ZS,Natural gas rents (% of GDP),2002,5.10909236952929,,1
RUS,Russian Federation,NY.GDP.NGAS.RT.ZS,Natural gas rents (% of GDP),2001,7.44451981829648,,1
RUS,Russian Federation,NY.GDP.NGAS.RT.ZS,Natural gas rents (% of GDP),2000,4.1520862923239,,1
RUS,Russian Federation,NY.GDP.NGAS.RT.ZS,Natural gas rents (% of GDP),1999,0.821322846506518,,1
RUS,Russian Federation,NY.GDP.NGAS.RT.ZS,Natural gas rents (% of GDP),1998,0.604675750621871,,1
RUS,Russian Federation,NY.GDP.NGAS.RT.ZS,Natural gas rents (% of GDP),1997,3.00765731529941,,1
RUS,Russian Federation,NY.GDP.NGAS.RT.ZS,Natural gas rents (% of GDP),1996,3.01657028458803,,1
RUS,Russian Federation,NY.GDP.NGAS.RT.ZS,Natural gas rents (% of GDP),1995,3.27402902079779,,1
RUS,Russian Federation,NY.GDP.NGAS.RT.ZS,Natural gas rents (% of GDP),1994,1.80713998715345,,1
RUS,Russian Federation,NY.GDP.NGAS.RT.ZS,Natural gas rents (% of GDP),1993,1.71898786190779,,1
RUS,Russian Federation,NY.GDP.NGAS.RT.ZS,Natural gas rents (% of GDP),1992,0.755606174542978,,1
RUS,Russian Federation,NY.GDP.NGAS.RT.ZS,Natural gas rents (% of GDP),1991,1.28449222848941,,1
RUS,Russian Federation,NY.GDP.NGAS.RT.ZS,Natural gas rents (% of GDP),1990,1.7721032955856,,1
RUS,Russian Federation,NY.GDP.NGAS.RT.ZS,Natural gas rents (% of GDP),1989,1.10695717052832,,1
RUS,Russian Federation,NY.GDP.NGAS.RT.ZS,Natural gas rents (% of GDP),1988,0.937852541769293,,1
RWA,Rwanda,NY.GDP.NGAS.RT.ZS,Natural gas rents (% of GDP),2021,0.0509828455510816,,1
RWA,Rwanda,NY.GDP.NGAS.RT.ZS,Natural gas rents (% of GDP),2020,0.0289606341966977,,1
RWA,Rwanda,NY.GDP.NGAS.RT.ZS,Natural gas rents (% of GDP),2019,0.0394278230414972,,1
RWA,Rwanda,NY.GDP.NGAS.RT.ZS,Natural gas rents (% of GDP),2018,0.0463394536508861,,1
RWA,Rwanda,NY.GDP.NGAS.RT.ZS,Natural gas rents (% of GDP),2017,0.0273775740346356,,1
RWA,Rwanda,NY.GDP.NGAS.RT.ZS,Natural gas rents (% of GDP),2016,0.02382024508965,,1
RWA,Rwanda,NY.GDP.NGAS.RT.ZS,Natural gas rents (% of GDP),2015,0.0208868684461887,,1
RWA,Rwanda,NY.GDP.NGAS.RT.ZS,Natural gas rents (% of GDP),2014,0.00491116159881413,,1
RWA,Rwanda,NY.GDP.NGAS.RT.ZS,Natural gas rents (% of GDP),2013,0.0034056614494191,,1
RWA,Rwanda,NY.GDP.NGAS.RT.ZS,Natural gas rents (% of GDP),2012,0.00332307322524699,,1
RWA,Rwanda,NY.GDP.NGAS.RT.ZS,Natural gas rents (% of GDP),2011,0.00246988913052572,,1
RWA,Rwanda,NY.GDP.NGAS.RT.ZS,Natural gas rents (% of GDP),2010,0.000676428261564786,,1
RWA,Rwanda,NY.GDP.NGAS.RT.ZS,Natural gas rents (% of GDP),2009,0.000761136576901177,,1
RWA,Rwanda,NY.GDP.NGAS.RT.ZS,Natural gas rents (% of GDP),2008,0.000899591899718833,,1
RWA,Rwanda,NY.GDP.NGAS.RT.ZS,Natural gas rents (% of GDP),2007,0.000926905769033414,,1
RWA,Rwanda,NY.GDP.NGAS.RT.ZS,Natural gas rents (% of GDP),2006,0.0011751627322132,,1
RWA,Rwanda,NY.GDP.NGAS.RT.ZS,Natural gas rents (% of GDP),2005,0.000438677656249053,,1
RWA,Rwanda,NY.GDP.NGAS.RT.ZS,Natural gas rents (% of GDP),2004,0.000840273465818637,,1
RWA,Rwanda,NY.GDP.NGAS.RT.ZS,Natural gas rents (% of GDP),2003,0.000559030521486931,,1
RWA,Rwanda,NY.GDP.NGAS.RT.ZS,Natural gas rents (% of GDP),2002,0.000180882581648916,,1
RWA,Rwanda,NY.GDP.NGAS.RT.ZS,Natural gas rents (% of GDP),2001,0.00153409409040837,,1
RWA,Rwanda,NY.GDP.NGAS.RT.ZS,Natural gas rents (% of GDP),2000,0.00214392847221249,,1
RWA,Rwanda,NY.GDP.NGAS.RT.ZS,Natural gas rents (% of GDP),1999,0.00114310521270062,,1
RWA,Rwanda,NY.GDP.NGAS.RT.ZS,Natural gas rents (% of GDP),1998,0.000675471284317255,,1
RWA,Rwanda,NY.GDP.NGAS.RT.ZS,Natural gas rents (% of GDP),1997,0.000241921247142092,,1
RWA,Rwanda,NY.GDP.NGAS.RT.ZS,Natural gas rents (% of GDP),1996,0.000286088934884309,,1
RWA,Rwanda,NY.GDP.NGAS.RT.ZS,Natural gas rents (% of GDP),1995,0.000290884475308475,,1
RWA,Rwanda,NY.GDP.NGAS.RT.ZS,Natural gas rents (% of GDP),1994,0.000429035228666986,,1
RWA,Rwanda,NY.GDP.NGAS.RT.ZS,Natural gas rents (% of GDP),1993,0.000154813496904337,,1
RWA,Rwanda,NY.GDP.NGAS.RT.ZS,Natural gas rents (% of GDP),1992,0.000102754200015841,,1
RWA,Rwanda,NY.GDP.NGAS.RT.ZS,Natural gas rents (% of GDP),1991,9.87044339511962e-05,,1
RWA,Rwanda,NY.GDP.NGAS.RT.ZS,Natural gas rents (% of GDP),1990,0.00010246544146525,,1
RWA,Rwanda,NY.GDP.NGAS.RT.ZS,Natural gas rents (% of GDP),1989,0,,1
RWA,Rwanda,NY.GDP.NGAS.RT.ZS,Natural gas rents (% of GDP),1988,0,,1
RWA,Rwanda,NY.GDP.NGAS.RT.ZS,Natural gas rents (% of GDP),1987,0,,1
RWA,Rwanda,NY.GDP.NGAS.RT.ZS,Natural gas rents (% of GDP),1986,0,,1
RWA,Rwanda,NY.GDP.NGAS.RT.ZS,Natural gas rents (% of GDP),1985,0,,1
RWA,Rwanda,NY.GDP.NGAS.RT.ZS,Natural gas rents (% of GDP),1984,0,,1
RWA,Rwanda,NY.GDP.NGAS.RT.ZS,Natural gas rents (% of GDP),1983,0,,1
RWA,Rwanda,NY.GDP.NGAS.RT.ZS,Natural gas rents (% of GDP),1982,0,,1
RWA,Rwanda,NY.GDP.NGAS.RT.ZS,Natural gas rents (% of GDP),1981,0,,1
RWA,Rwanda,NY.GDP.NGAS.RT.ZS,Natural gas rents (% of GDP),1980,0,,1
WSM,Samoa,NY.GDP.NGAS.RT.ZS,Natural gas rents (% of GDP),2021,0,,1
WSM,Samoa,NY.GDP.NGAS.RT.ZS,Natural gas rents (% of GDP),2020,0,,1
WSM,Samoa,NY.GDP.NGAS.RT.ZS,Natural gas rents (% of GDP),2019,0,,1
WSM,Samoa,NY.GDP.NGAS.RT.ZS,Natural gas rents (% of GDP),2018,0,,1
WSM,Samoa,NY.GDP.NGAS.RT.ZS,Natural gas rents (% of GDP),2017,0,,1
WSM,Samoa,NY.GDP.NGAS.RT.ZS,Natural gas rents (% of GDP),2016,0,,1
WSM,Samoa,NY.GDP.NGAS.RT.ZS,Natural gas rents (% of GDP),2015,0,,1
WSM,Samoa,NY.GDP.NGAS.RT.ZS,Natural gas rents (% of GDP),2014,0,,1
WSM,Samoa,NY.GDP.NGAS.RT.ZS,Natural gas rents (% of GDP),2013,0,,1
WSM,Samoa,NY.GDP.NGAS.RT.ZS,Natural gas rents (% of GDP),2012,0,,1
WSM,Samoa,NY.GDP.NGAS.RT.ZS,Natural gas rents (% of GDP),2011,0,,1
WSM,Samoa,NY.GDP.NGAS.RT.ZS,Natural gas rents (% of GDP),2010,0,,1
WSM,Samoa,NY.GDP.NGAS.RT.ZS,Natural gas rents (% of GDP),2009,0,,1
WSM,Samoa,NY.GDP.NGAS.RT.ZS,Natural gas rents (% of GDP),2008,0,,1
WSM,Samoa,NY.GDP.NGAS.RT.ZS,Natural gas rents (% of GDP),2007,0,,1
WSM,Samoa,NY.GDP.NGAS.RT.ZS,Natural gas rents (% of GDP),2006,0,,1
WSM,Samoa,NY.GDP.NGAS.RT.ZS,Natural gas rents (% of GDP),2005,0,,1
WSM,Samoa,NY.GDP.NGAS.RT.ZS,Natural gas rents (% of GDP),2004,0,,1
WSM,Samoa,NY.GDP.NGAS.RT.ZS,Natural gas rents (% of GDP),2003,0,,1
WSM,Samoa,NY.GDP.NGAS.RT.ZS,Natural gas rents (% of GDP),2002,0,,1
WSM,Samoa,NY.GDP.NGAS.RT.ZS,Natural gas rents (% of GDP),2001,0,,1
WSM,Samoa,NY.GDP.NGAS.RT.ZS,Natural gas rents (% of GDP),2000,0,,1
WSM,Samoa,NY.GDP.NGAS.RT.ZS,Natural gas rents (% of GDP),1999,0,,1
WSM,Samoa,NY.GDP.NGAS.RT.ZS,Natural gas rents (% of GDP),1998,0,,1
WSM,Samoa,NY.GDP.NGAS.RT.ZS,Natural gas rents (% of GDP),1997,0,,1
WSM,Samoa,NY.GDP.NGAS.RT.ZS,Natural gas rents (% of GDP),1996,0,,1
WSM,Samoa,NY.GDP.NGAS.RT.ZS,Natural gas rents (% of GDP),1995,0,,1
WSM,Samoa,NY.GDP.NGAS.RT.ZS,Natural gas rents (% of GDP),1994,0,,1
WSM,Samoa,NY.GDP.NGAS.RT.ZS,Natural gas rents (% of GDP),1993,0,,1
WSM,Samoa,NY.GDP.NGAS.RT.ZS,Natural gas rents (% of GDP),1992,0,,1
WSM,Samoa,NY.GDP.NGAS.RT.ZS,Natural gas rents (% of GDP),1991,0,,1
WSM,Samoa,NY.GDP.NGAS.RT.ZS,Natural gas rents (% of GDP),1990,0,,1
WSM,Samoa,NY.GDP.NGAS.RT.ZS,Natural gas rents (% of GDP),1989,0,,1
WSM,Samoa,NY.GDP.NGAS.RT.ZS,Natural gas rents (% of GDP),1988,0,,1
WSM,Samoa,NY.GDP.NGAS.RT.ZS,Natural gas rents (% of GDP),1987,0,,1
WSM,Samoa,NY.GDP.NGAS.RT.ZS,Natural gas rents (% of GDP),1986,0,,1
WSM,Samoa,NY.GDP.NGAS.RT.ZS,Natural gas rents (% of GDP),1985,0,,1
WSM,Samoa,NY.GDP.NGAS.RT.ZS,Natural gas rents (% of GDP),1984,0,,1
WSM,Samoa,NY.GDP.NGAS.RT.ZS,Natural gas rents (% of GDP),1983,0,,1
WSM,Samoa,NY.GDP.NGAS.RT.ZS,Natural gas rents (% of GDP),1982,0,,1
STP,Sao Tome and Principe,NY.GDP.NGAS.RT.ZS,Natural gas rents (% of GDP),2021,0,,1
STP,Sao Tome and Principe,NY.GDP.NGAS.RT.ZS,Natural gas rents (% of GDP),2020,0,,1
STP,Sao Tome and Principe,NY.GDP.NGAS.RT.ZS,Natural gas rents (% of GDP),2019,0,,1
STP,Sao Tome and Principe,NY.GDP.NGAS.RT.ZS,Natural gas rents (% of GDP),2018,0,,1
STP,Sao Tome and Principe,NY.GDP.NGAS.RT.ZS,Natural gas rents (% of GDP),2017,0,,1
STP,Sao Tome and Principe,NY.GDP.NGAS.RT.ZS,Natural gas rents (% of GDP),2016,0,,1
STP,Sao Tome and Principe,NY.GDP.NGAS.RT.ZS,Natural gas rents (% of GDP),2015,0,,1
STP,Sao Tome and Principe,NY.GDP.NGAS.RT.ZS,Natural gas rents (% of GDP),2014,0,,1
STP,Sao Tome and Principe,NY.GDP.NGAS.RT.ZS,Natural gas rents (% of GDP),2013,0,,1
STP,Sao Tome and Principe,NY.GDP.NGAS.RT.ZS,Natural gas rents (% of GDP),2012,0,,1
STP,Sao Tome and Principe,NY.GDP.NGAS.RT.ZS,Natural gas rents (% of GDP),2011,0,,1
STP,Sao Tome and Principe,NY.GDP.NGAS.RT.ZS,Natural gas rents (% of GDP),2010,0,,1
STP,Sao Tome and Principe,NY.GDP.NGAS.RT.ZS,Natural gas rents (% of GDP),2009,0,,1
STP,Sao Tome and Principe,NY.GDP.NGAS.RT.ZS,Natural gas rents (% of GDP),2008,0,,1
STP,Sao Tome and Principe,NY.GDP.NGAS.RT.ZS,Natural gas rents (% of GDP),2007,0,,1
STP,Sao Tome and Principe,NY.GDP.NGAS.RT.ZS,Natural gas rents (% of GDP),2006,0,,1
STP,Sao Tome and Principe,NY.GDP.NGAS.RT.ZS,Natural gas rents (% of GDP),2005,0,,1
STP,Sao Tome and Principe,NY.GDP.NGAS.RT.ZS,Natural gas rents (% of GDP),2004,0,,1
STP,Sao Tome and Principe,NY.GDP.NGAS.RT.ZS,Natural gas rents (% of GDP),2003,0,,1
STP,Sao Tome and Principe,NY.GDP.NGAS.RT.ZS,Natural gas rents (% of GDP),2002,0,,1
STP,Sao Tome and Principe,NY.GDP.NGAS.RT.ZS,Natural gas rents (% of GDP),2001,0,,1
SAU,Saudi Arabia,NY.GDP.NGAS.RT.ZS,Natural gas rents (% of GDP),2021,1.715848461975,,1
SAU,Saudi Arabia,NY.GDP.NGAS.RT.ZS,Natural gas rents (% of GDP),2020,1.2777495582411,,1
SAU,Saudi Arabia,NY.GDP.NGAS.RT.ZS,Natural gas rents (% of GDP),2019,1.07981796945695,,1
SAU,Saudi Arabia,NY.GDP.NGAS.RT.ZS,Natural gas rents (% of GDP),2018,1.10731401057809,,1
SAU,Saudi Arabia,NY.GDP.NGAS.RT.ZS,Natural gas rents (% of GDP),2017,0.803215172603651,,1
SAU,Saudi Arabia,NY.GDP.NGAS.RT.ZS,Natural gas rents (% of GDP),2016,0.683364774046233,,1
SAU,Saudi Arabia,NY.GDP.NGAS.RT.ZS,Natural gas rents (% of GDP),2015,0.841619086055516,,1
SAU,Saudi Arabia,NY.GDP.NGAS.RT.ZS,Natural gas rents (% of GDP),2014,0.964006595598744,,1
SAU,Saudi Arabia,NY.GDP.NGAS.RT.ZS,Natural gas rents (% of GDP),2013,1.00992809301707,,1
SAU,Saudi Arabia,NY.GDP.NGAS.RT.ZS,Natural gas rents (% of GDP),2012,0.997298930703395,,1
SAU,Saudi Arabia,NY.GDP.NGAS.RT.ZS,Natural gas rents (% of GDP),2011,0.986593617537963,,1
SAU,Saudi Arabia,NY.GDP.NGAS.RT.ZS,Natural gas rents (% of GDP),2010,0.933726326116803,,1
SAU,Saudi Arabia,NY.GDP.NGAS.RT.ZS,Natural gas rents (% of GDP),2009,1.11612931255224,,1
SAU,Saudi Arabia,NY.GDP.NGAS.RT.ZS,Natural gas rents (% of GDP),2008,0.919659531970458,,1
SAU,Saudi Arabia,NY.GDP.NGAS.RT.ZS,Natural gas rents (% of GDP),2007,1.0139541488802,,1
SAU,Saudi Arabia,NY.GDP.NGAS.RT.ZS,Natural gas rents (% of GDP),2006,1.06551704434779,,1
SAU,Saudi Arabia,NY.GDP.NGAS.RT.ZS,Natural gas rents (% of GDP),2005,1.05365154740854,,1
SAU,Saudi Arabia,NY.GDP.NGAS.RT.ZS,Natural gas rents (% of GDP),2004,0.958424224616402,,1
SAU,Saudi Arabia,NY.GDP.NGAS.RT.ZS,Natural gas rents (% of GDP),2003,0.981911882856783,,1
SAU,Saudi Arabia,NY.GDP.NGAS.RT.ZS,Natural gas rents (% of GDP),2002,1.09369419273788,,1
SAU,Saudi Arabia,NY.GDP.NGAS.RT.ZS,Natural gas rents (% of GDP),2001,1.24338083100153,,1
SAU,Saudi Arabia,NY.GDP.NGAS.RT.ZS,Natural gas rents (% of GDP),2000,0.998843715023241,,1
SAU,Saudi Arabia,NY.GDP.NGAS.RT.ZS,Natural gas rents (% of GDP),1999,0.851995279435896,,1
SAU,Saudi Arabia,NY.GDP.NGAS.RT.ZS,Natural gas rents (% of GDP),1998,1.00191561592737,,1
SAU,Saudi Arabia,NY.GDP.NGAS.RT.ZS,Natural gas rents (% of GDP),1997,0.923736449968715,,1
SAU,Saudi Arabia,NY.GDP.NGAS.RT.ZS,Natural gas rents (% of GDP),1996,0.889193075017178,,1
SAU,Saudi Arabia,NY.GDP.NGAS.RT.ZS,Natural gas rents (% of GDP),1995,0.871700807357614,,1
SAU,Saudi Arabia,NY.GDP.NGAS.RT.ZS,Natural gas rents (% of GDP),1994,0.8551740297686,,1
SAU,Saudi Arabia,NY.GDP.NGAS.RT.ZS,Natural gas rents (% of GDP),1993,0.773608396246902,,1
SAU,Saudi Arabia,NY.GDP.NGAS.RT.ZS,Natural gas rents (% of GDP),1992,0.685297987231163,,1
SAU,Saudi Arabia,NY.GDP.NGAS.RT.ZS,Natural gas rents (% of GDP),1991,0.682669446311753,,1
SAU,Saudi Arabia,NY.GDP.NGAS.RT.ZS,Natural gas rents (% of GDP),1990,0.76397168107964,,1
SAU,Saudi Arabia,NY.GDP.NGAS.RT.ZS,Natural gas rents (% of GDP),1989,0.75237748778517,,1
SAU,Saudi Arabia,NY.GDP.NGAS.RT.ZS,Natural gas rents (% of GDP),1988,0.811759249427067,,1
SAU,Saudi Arabia,NY.GDP.NGAS.RT.ZS,Natural gas rents (% of GDP),1987,0.754309968862473,,1
SAU,Saudi Arabia,NY.GDP.NGAS.RT.ZS,Natural gas rents (% of GDP),1986,0.794911813013319,,1
SAU,Saudi Arabia,NY.GDP.NGAS.RT.ZS,Natural gas rents (% of GDP),1985,0.464103234671404,,1
SAU,Saudi Arabia,NY.GDP.NGAS.RT.ZS,Natural gas rents (% of GDP),1984,0.404850650428934,,1
SAU,Saudi Arabia,NY.GDP.NGAS.RT.ZS,Natural gas rents (% of GDP),1983,0.270680528718936,,1
SAU,Saudi Arabia,NY.GDP.NGAS.RT.ZS,Natural gas rents (% of GDP),1982,0.0770788552767199,,1
SAU,Saudi Arabia,NY.GDP.NGAS.RT.ZS,Natural gas rents (% of GDP),1981,0.157153288805082,,1
SAU,Saudi Arabia,NY.GDP.NGAS.RT.ZS,Natural gas rents (% of GDP),1980,0.175741063857884,,1
SAU,Saudi Arabia,NY.GDP.NGAS.RT.ZS,Natural gas rents (% of GDP),1979,0.19910755032849,,1
SAU,Saudi Arabia,NY.GDP.NGAS.RT.ZS,Natural gas rents (% of GDP),1978,0.143011015417534,,1
SAU,Saudi Arabia,NY.GDP.NGAS.RT.ZS,Natural gas rents (% of GDP),1977,0.0970183907679663,,1
SAU,Saudi Arabia,NY.GDP.NGAS.RT.ZS,Natural gas rents (% of GDP),1976,0.0652789095603888,,1
SAU,Saudi Arabia,NY.GDP.NGAS.RT.ZS,Natural gas rents (% of GDP),1975,0.0818349042986915,,1
SAU,Saudi Arabia,NY.GDP.NGAS.RT.ZS,Natural gas rents (% of GDP),1974,0.0368175581388104,,1
SAU,Saudi Arabia,NY.GDP.NGAS.RT.ZS,Natural gas rents (% of GDP),1973,0.082759299928388,,1
SAU,Saudi Arabia,NY.GDP.NGAS.RT.ZS,Natural gas rents (% of GDP),1972,0.107596435634286,,1
SAU,Saudi Arabia,NY.GDP.NGAS.RT.ZS,Natural gas rents (% of GDP),1971,0.107453703513631,,1
SAU,Saudi Arabia,NY.GDP.NGAS.RT.ZS,Natural gas rents (% of GDP),1970,0.177717023288752,,1
SEN,Senegal,NY.GDP.NGAS.RT.ZS,Natural gas rents (% of GDP),2021,0.00259884853020802,,1
SEN,Senegal,NY.GDP.NGAS.RT.ZS,Natural gas rents (% of GDP),2020,0.00344852043974388,,1
SEN,Senegal,NY.GDP.NGAS.RT.ZS,Natural gas rents (% of GDP),2019,0.00543690367509351,,1
SEN,Senegal,NY.GDP.NGAS.RT.ZS,Natural gas rents (% of GDP),2018,0.00418374805141234,,1
SEN,Senegal,NY.GDP.NGAS.RT.ZS,Natural gas rents (% of GDP),2017,0.00438609604403223,,1
SEN,Senegal,NY.GDP.NGAS.RT.ZS,Natural gas rents (% of GDP),2016,0.00461921847587483,,1
SEN,Senegal,NY.GDP.NGAS.RT.ZS,Natural gas rents (% of GDP),2015,0.00799530091098317,,1
SEN,Senegal,NY.GDP.NGAS.RT.ZS,Natural gas rents (% of GDP),2014,0.0152501972623905,,1
SEN,Senegal,NY.GDP.NGAS.RT.ZS,Natural gas rents (% of GDP),2013,0.0193208661484993,,1
SEN,Senegal,NY.GDP.NGAS.RT.ZS,Natural gas rents (% of GDP),2012,0.0212573626003178,,1
SEN,Senegal,NY.GDP.NGAS.RT.ZS,Natural gas rents (% of GDP),2011,0.0197850926236519,,1
SEN,Senegal,NY.GDP.NGAS.RT.ZS,Natural gas rents (% of GDP),2010,0.00940247583466957,,1
SEN,Senegal,NY.GDP.NGAS.RT.ZS,Natural gas rents (% of GDP),2009,0.00596179667543955,,1
SEN,Senegal,NY.GDP.NGAS.RT.ZS,Natural gas rents (% of GDP),2008,0.00261809827399312,,1
SEN,Senegal,NY.GDP.NGAS.RT.ZS,Natural gas rents (% of GDP),2007,0.00377181456884807,,1
SEN,Senegal,NY.GDP.NGAS.RT.ZS,Natural gas rents (% of GDP),2006,0.00606887784835724,,1
SEN,Senegal,NY.GDP.NGAS.RT.ZS,Natural gas rents (% of GDP),2005,0.00268250241708205,,1
SEN,Senegal,NY.GDP.NGAS.RT.ZS,Natural gas rents (% of GDP),2004,0.00523336971489626,,1
SEN,Senegal,NY.GDP.NGAS.RT.ZS,Natural gas rents (% of GDP),2003,0.00476030660627898,,1
SEN,Senegal,NY.GDP.NGAS.RT.ZS,Natural gas rents (% of GDP),2002,0.00148505993579933,,1
SEN,Senegal,NY.GDP.NGAS.RT.ZS,Natural gas rents (% of GDP),2001,0.00035895264960964,,1
SEN,Senegal,NY.GDP.NGAS.RT.ZS,Natural gas rents (% of GDP),2000,0.000126094662309987,,1
SEN,Senegal,NY.GDP.NGAS.RT.ZS,Natural gas rents (% of GDP),1999,0.00950309046635061,,1
SEN,Senegal,NY.GDP.NGAS.RT.ZS,Natural gas rents (% of GDP),1998,0.00831392878696401,,1
SEN,Senegal,NY.GDP.NGAS.RT.ZS,Natural gas rents (% of GDP),1997,0.0125036362250003,,1
SEN,Senegal,NY.GDP.NGAS.RT.ZS,Natural gas rents (% of GDP),1996,0.0174080286094272,,1
SEN,Senegal,NY.GDP.NGAS.RT.ZS,Natural gas rents (% of GDP),1995,0.0143071692621602,,1
SEN,Senegal,NY.GDP.NGAS.RT.ZS,Natural gas rents (% of GDP),1994,0.0123570515051294,,1
SEN,Senegal,NY.GDP.NGAS.RT.ZS,Natural gas rents (% of GDP),1993,0.00391089461173643,,1
SEN,Senegal,NY.GDP.NGAS.RT.ZS,Natural gas rents (% of GDP),1992,0.000909327023966115,,1
SEN,Senegal,NY.GDP.NGAS.RT.ZS,Natural gas rents (% of GDP),1991,0.00100417363145345,,1
SEN,Senegal,NY.GDP.NGAS.RT.ZS,Natural gas rents (% of GDP),1990,0.00107702292247593,,1
SEN,Senegal,NY.GDP.NGAS.RT.ZS,Natural gas rents (% of GDP),1989,0.000983037524203007,,1
SEN,Senegal,NY.GDP.NGAS.RT.ZS,Natural gas rents (% of GDP),1988,0.000793448099439621,,1
SEN,Senegal,NY.GDP.NGAS.RT.ZS,Natural gas rents (% of GDP),1987,0.000802423207103617,,1
SEN,Senegal,NY.GDP.NGAS.RT.ZS,Natural gas rents (% of GDP),1986,0.00109206577105985,,1
SEN,Senegal,NY.GDP.NGAS.RT.ZS,Natural gas rents (% of GDP),1985,0,,1
SEN,Senegal,NY.GDP.NGAS.RT.ZS,Natural gas rents (% of GDP),1984,0,,1
SEN,Senegal,NY.GDP.NGAS.RT.ZS,Natural gas rents (% of GDP),1983,0,,1
SEN,Senegal,NY.GDP.NGAS.RT.ZS,Natural gas rents (% of GDP),1982,0,,1
SEN,Senegal,NY.GDP.NGAS.RT.ZS,Natural gas rents (% of GDP),1981,0,,1
SEN,Senegal,NY.GDP.NGAS.RT.ZS,Natural gas rents (% of GDP),1980,0,,1
SEN,Senegal,NY.GDP.NGAS.RT.ZS,Natural gas rents (% of GDP),1979,0,,1
SEN,Senegal,NY.GDP.NGAS.RT.ZS,Natural gas rents (% of GDP),1978,0,,1
SEN,Senegal,NY.GDP.NGAS.RT.ZS,Natural gas rents (% of GDP),1977,0,,1
SEN,Senegal,NY.GDP.NGAS.RT.ZS,Natural gas rents (% of GDP),1976,0,,1
SEN,Senegal,NY.GDP.NGAS.RT.ZS,Natural gas rents (% of GDP),1975,0,,1
SEN,Senegal,NY.GDP.NGAS.RT.ZS,Natural gas rents (% of GDP),1974,0,,1
SEN,Senegal,NY.GDP.NGAS.RT.ZS,Natural gas rents (% of GDP),1973,0,,1
SEN,Senegal,NY.GDP.NGAS.RT.ZS,Natural gas rents (% of GDP),1972,0,,1
SEN,Senegal,NY.GDP.NGAS.RT.ZS,Natural gas rents (% of GDP),1971,0,,1
SRB,Serbia,NY.GDP.NGAS.RT.ZS,Natural gas rents (% of GDP),2021,0.0971253332700918,,1
SRB,Serbia,NY.GDP.NGAS.RT.ZS,Natural gas rents (% of GDP),2020,0.0227812082960578,,1
SRB,Serbia,NY.GDP.NGAS.RT.ZS,Natural gas rents (% of GDP),2019,0.0495486966264631,,1
SRB,Serbia,NY.GDP.NGAS.RT.ZS,Natural gas rents (% of GDP),2018,0.0776448789031451,,1
SRB,Serbia,NY.GDP.NGAS.RT.ZS,Natural gas rents (% of GDP),2017,0.0555773475209731,,1
SRB,Serbia,NY.GDP.NGAS.RT.ZS,Natural gas rents (% of GDP),2016,0.0464410927292416,,1
SRB,Serbia,NY.GDP.NGAS.RT.ZS,Natural gas rents (% of GDP),2015,0.082663006792981,,1
SRB,Serbia,NY.GDP.NGAS.RT.ZS,Natural gas rents (% of GDP),2014,0.0916939120491321,,1
SRB,Serbia,NY.GDP.NGAS.RT.ZS,Natural gas rents (% of GDP),2013,0.123419277420797,,1
SRB,Serbia,NY.GDP.NGAS.RT.ZS,Natural gas rents (% of GDP),2012,0.142271504595546,,1
SRB,Serbia,NY.GDP.NGAS.RT.ZS,Natural gas rents (% of GDP),2011,0.116728343146514,,1
SRB,Serbia,NY.GDP.NGAS.RT.ZS,Natural gas rents (% of GDP),2010,0.0650552472058194,,1
SRB,Serbia,NY.GDP.NGAS.RT.ZS,Natural gas rents (% of GDP),2009,0.0656187640385259,,1
SRB,Serbia,NY.GDP.NGAS.RT.ZS,Natural gas rents (% of GDP),2008,0.0797398435489287,,1
SRB,Serbia,NY.GDP.NGAS.RT.ZS,Natural gas rents (% of GDP),2007,0.0524474312654164,,1
SRB,Serbia,NY.GDP.NGAS.RT.ZS,Natural gas rents (% of GDP),2006,0.0666669962598812,,1
SRB,Serbia,NY.GDP.NGAS.RT.ZS,Natural gas rents (% of GDP),2005,0.0318367581904063,,1
SRB,Serbia,NY.GDP.NGAS.RT.ZS,Natural gas rents (% of GDP),2004,0.0350931615188001,,1
SRB,Serbia,NY.GDP.NGAS.RT.ZS,Natural gas rents (% of GDP),2003,0.0471253269258943,,1
SRB,Serbia,NY.GDP.NGAS.RT.ZS,Natural gas rents (% of GDP),2002,0.0614026504358946,,1
SRB,Serbia,NY.GDP.NGAS.RT.ZS,Natural gas rents (% of GDP),2001,0.194580351731074,,1
SRB,Serbia,NY.GDP.NGAS.RT.ZS,Natural gas rents (% of GDP),2000,0.155676752650817,,1
SRB,Serbia,NY.GDP.NGAS.RT.ZS,Natural gas rents (% of GDP),1999,0.0101282259290125,,1
SRB,Serbia,NY.GDP.NGAS.RT.ZS,Natural gas rents (% of GDP),1998,0.0143214237984465,,1
SRB,Serbia,NY.GDP.NGAS.RT.ZS,Natural gas rents (% of GDP),1997,0.0607975385581407,,1
SRB,Serbia,NY.GDP.NGAS.RT.ZS,Natural gas rents (% of GDP),1996,0.0646451025366397,,1
SRB,Serbia,NY.GDP.NGAS.RT.ZS,Natural gas rents (% of GDP),1995,0.117146261770044,,1
SYC,Seychelles,NY.GDP.NGAS.RT.ZS,Natural gas rents (% of GDP),2021,0,,1
SYC,Seychelles,NY.GDP.NGAS.RT.ZS,Natural gas rents (% of GDP),2020,0,,1
SYC,Seychelles,NY.GDP.NGAS.RT.ZS,Natural gas rents (% of GDP),2019,0,,1
SYC,Seychelles,NY.GDP.NGAS.RT.ZS,Natural gas rents (% of GDP),2018,0,,1
SYC,Seychelles,NY.GDP.NGAS.RT.ZS,Natural gas rents (% of GDP),2017,0,,1
SYC,Seychelles,NY.GDP.NGAS.RT.ZS,Natural gas rents (% of GDP),2016,0,,1
SYC,Seychelles,NY.GDP.NGAS.RT.ZS,Natural gas rents (% of GDP),2015,0,,1
SYC,Seychelles,NY.GDP.NGAS.RT.ZS,Natural gas rents (% of GDP),2014,0,,1
SYC,Seychelles,NY.GDP.NGAS.RT.ZS,Natural gas rents (% of GDP),2013,0,,1
SYC,Seychelles,NY.GDP.NGAS.RT.ZS,Natural gas rents (% of GDP),2012,0,,1
SYC,Seychelles,NY.GDP.NGAS.RT.ZS,Natural gas rents (% of GDP),2011,0,,1
SYC,Seychelles,NY.GDP.NGAS.RT.ZS,Natural gas rents (% of GDP),2010,0,,1
SYC,Seychelles,NY.GDP.NGAS.RT.ZS,Natural gas rents (% of GDP),2009,0,,1
SYC,Seychelles,NY.GDP.NGAS.RT.ZS,Natural gas rents (% of GDP),2008,0,,1
SYC,Seychelles,NY.GDP.NGAS.RT.ZS,Natural gas rents (% of GDP),2007,0,,1
SYC,Seychelles,NY.GDP.NGAS.RT.ZS,Natural gas rents (% of GDP),2006,0,,1
SYC,Seychelles,NY.GDP.NGAS.RT.ZS,Natural gas rents (% of GDP),2005,0,,1
SYC,Seychelles,NY.GDP.NGAS.RT.ZS,Natural gas rents (% of GDP),2004,0,,1
SYC,Seychelles,NY.GDP.NGAS.RT.ZS,Natural gas rents (% of GDP),2003,0,,1
SYC,Seychelles,NY.GDP.NGAS.RT.ZS,Natural gas rents (% of GDP),2002,0,,1
SYC,Seychelles,NY.GDP.NGAS.RT.ZS,Natural gas rents (% of GDP),2001,0,,1
SYC,Seychelles,NY.GDP.NGAS.RT.ZS,Natural gas rents (% of GDP),2000,0,,1
SYC,Seychelles,NY.GDP.NGAS.RT.ZS,Natural gas rents (% of GDP),1999,0,,1
SYC,Seychelles,NY.GDP.NGAS.RT.ZS,Natural gas rents (% of GDP),1998,0,,1
SYC,Seychelles,NY.GDP.NGAS.RT.ZS,Natural gas rents (% of GDP),1997,0,,1
SYC,Seychelles,NY.GDP.NGAS.RT.ZS,Natural gas rents (% of GDP),1996,0,,1
SYC,Seychelles,NY.GDP.NGAS.RT.ZS,Natural gas rents (% of GDP),1995,0,,1
SYC,Seychelles,NY.GDP.NGAS.RT.ZS,Natural gas rents (% of GDP),1994,0,,1
SYC,Seychelles,NY.GDP.NGAS.RT.ZS,Natural gas rents (% of GDP),1993,0,,1
SYC,Seychelles,NY.GDP.NGAS.RT.ZS,Natural gas rents (% of GDP),1992,0,,1
SYC,Seychelles,NY.GDP.NGAS.RT.ZS,Natural gas rents (% of GDP),1991,0,,1
SYC,Seychelles,NY.GDP.NGAS.RT.ZS,Natural gas rents (% of GDP),1990,0,,1
SYC,Seychelles,NY.GDP.NGAS.RT.ZS,Natural gas rents (% of GDP),1989,0,,1
SYC,Seychelles,NY.GDP.NGAS.RT.ZS,Natural gas rents (% of GDP),1988,0,,1
SYC,Seychelles,NY.GDP.NGAS.RT.ZS,Natural gas rents (% of GDP),1987,0,,1
SYC,Seychelles,NY.GDP.NGAS.RT.ZS,Natural gas rents (% of GDP),1986,0,,1
SYC,Seychelles,NY.GDP.NGAS.RT.ZS,Natural gas rents (% of GDP),1985,0,,1
SYC,Seychelles,NY.GDP.NGAS.RT.ZS,Natural gas rents (% of GDP),1984,0,,1
SYC,Seychelles,NY.GDP.NGAS.RT.ZS,Natural gas rents (% of GDP),1983,0,,1
SYC,Seychelles,NY.GDP.NGAS.RT.ZS,Natural gas rents (% of GDP),1982,0,,1
SYC,Seychelles,NY.GDP.NGAS.RT.ZS,Natural gas rents (% of GDP),1981,0,,1
SYC,Seychelles,NY.GDP.NGAS.RT.ZS,Natural gas rents (% of GDP),1980,0,,1
SGP,Singapore,NY.GDP.NGAS.RT.ZS,Natural gas rents (% of GDP),2021,0,,1
SGP,Singapore,NY.GDP.NGAS.RT.ZS,Natural gas rents (% of GDP),2020,0,,1
SGP,Singapore,NY.GDP.NGAS.RT.ZS,Natural gas rents (% of GDP),2019,0,,1
SGP,Singapore,NY.GDP.NGAS.RT.ZS,Natural gas rents (% of GDP),2018,0,,1
SGP,Singapore,NY.GDP.NGAS.RT.ZS,Natural gas rents (% of GDP),2017,0,,1
SGP,Singapore,NY.GDP.NGAS.RT.ZS,Natural gas rents (% of GDP),2016,0,,1
SGP,Singapore,NY.GDP.NGAS.RT.ZS,Natural gas rents (% of GDP),2015,0,,1
SGP,Singapore,NY.GDP.NGAS.RT.ZS,Natural gas rents (% of GDP),2014,0,,1
SGP,Singapore,NY.GDP.NGAS.RT.ZS,Natural gas rents (% of GDP),2013,0,,1
SGP,Singapore,NY.GDP.NGAS.RT.ZS,Natural gas rents (% of GDP),2012,0,,1
SGP,Singapore,NY.GDP.NGAS.RT.ZS,Natural gas rents (% of GDP),2011,0,,1
SGP,Singapore,NY.GDP.NGAS.RT.ZS,Natural gas rents (% of GDP),2010,0,,1
SGP,Singapore,NY.GDP.NGAS.RT.ZS,Natural gas rents (% of GDP),2009,0,,1
SGP,Singapore,NY.GDP.NGAS.RT.ZS,Natural gas rents (% of GDP),2008,0,,1
SGP,Singapore,NY.GDP.NGAS.RT.ZS,Natural gas rents (% of GDP),2007,0,,1
SGP,Singapore,NY.GDP.NGAS.RT.ZS,Natural gas rents (% of GDP),2006,0,,1
SGP,Singapore,NY.GDP.NGAS.RT.ZS,Natural gas rents (% of GDP),2005,0,,1
SGP,Singapore,NY.GDP.NGAS.RT.ZS,Natural gas rents (% of GDP),2004,0,,1
SGP,Singapore,NY.GDP.NGAS.RT.ZS,Natural gas rents (% of GDP),2003,0,,1
SGP,Singapore,NY.GDP.NGAS.RT.ZS,Natural gas rents (% of GDP),2002,0,,1
SGP,Singapore,NY.GDP.NGAS.RT.ZS,Natural gas rents (% of GDP),2001,0,,1
SGP,Singapore,NY.GDP.NGAS.RT.ZS,Natural gas rents (% of GDP),2000,0,,1
SGP,Singapore,NY.GDP.NGAS.RT.ZS,Natural gas rents (% of GDP),1999,0,,1
SGP,Singapore,NY.GDP.NGAS.RT.ZS,Natural gas rents (% of GDP),1998,0,,1
SGP,Singapore,NY.GDP.NGAS.RT.ZS,Natural gas rents (% of GDP),1997,0,,1
SGP,Singapore,NY.GDP.NGAS.RT.ZS,Natural gas rents (% of GDP),1996,0,,1
SGP,Singapore,NY.GDP.NGAS.RT.ZS,Natural gas rents (% of GDP),1995,0,,1
SGP,Singapore,NY.GDP.NGAS.RT.ZS,Natural gas rents (% of GDP),1994,0,,1
SGP,Singapore,NY.GDP.NGAS.RT.ZS,Natural gas rents (% of GDP),1993,0,,1
SGP,Singapore,NY.GDP.NGAS.RT.ZS,Natural gas rents (% of GDP),1992,0,,1
SGP,Singapore,NY.GDP.NGAS.RT.ZS,Natural gas rents (% of GDP),1991,0,,1
SGP,Singapore,NY.GDP.NGAS.RT.ZS,Natural gas rents (% of GDP),1990,0,,1
SGP,Singapore,NY.GDP.NGAS.RT.ZS,Natural gas rents (% of GDP),1989,0,,1
SGP,Singapore,NY.GDP.NGAS.RT.ZS,Natural gas rents (% of GDP),1988,0,,1
SGP,Singapore,NY.GDP.NGAS.RT.ZS,Natural gas rents (% of GDP),1987,0,,1
SGP,Singapore,NY.GDP.NGAS.RT.ZS,Natural gas rents (% of GDP),1986,0,,1
SGP,Singapore,NY.GDP.NGAS.RT.ZS,Natural gas rents (% of GDP),1985,0,,1
SGP,Singapore,NY.GDP.NGAS.RT.ZS,Natural gas rents (% of GDP),1984,0,,1
SGP,Singapore,NY.GDP.NGAS.RT.ZS,Natural gas rents (% of GDP),1983,0,,1
SGP,Singapore,NY.GDP.NGAS.RT.ZS,Natural gas rents (% of GDP),1982,0,,1
SGP,Singapore,NY.GDP.NGAS.RT.ZS,Natural gas rents (% of GDP),1981,0,,1
SGP,Singapore,NY.GDP.NGAS.RT.ZS,Natural gas rents (% of GDP),1980,0,,1
SGP,Singapore,NY.GDP.NGAS.RT.ZS,Natural gas rents (% of GDP),1979,0,,1
SGP,Singapore,NY.GDP.NGAS.RT.ZS,Natural gas rents (% of GDP),1978,0,,1
SGP,Singapore,NY.GDP.NGAS.RT.ZS,Natural gas rents (% of GDP),1977,0,,1
SGP,Singapore,NY.GDP.NGAS.RT.ZS,Natural gas rents (% of GDP),1976,0,,1
SGP,Singapore,NY.GDP.NGAS.RT.ZS,Natural gas rents (% of GDP),1975,0,,1
SGP,Singapore,NY.GDP.NGAS.RT.ZS,Natural gas rents (% of GDP),1974,0,,1
SGP,Singapore,NY.GDP.NGAS.RT.ZS,Natural gas rents (% of GDP),1973,0,,1
SGP,Singapore,NY.GDP.NGAS.RT.ZS,Natural gas rents (% of GDP),1972,0,,1
SGP,Singapore,NY.GDP.NGAS.RT.ZS,Natural gas rents (% of GDP),1971,0,,1
SVK,Slovak Republic,NY.GDP.NGAS.RT.ZS,Natural gas rents (% of GDP),2021,0.00854206904967972,,1
SVK,Slovak Republic,NY.GDP.NGAS.RT.ZS,Natural gas rents (% of GDP),2020,0.00185795706821786,,1
SVK,Slovak Republic,NY.GDP.NGAS.RT.ZS,Natural gas rents (% of GDP),2019,0.00713310792373767,,1
SVK,Slovak Republic,NY.GDP.NGAS.RT.ZS,Natural gas rents (% of GDP),2018,0.00770050802356496,,1
SVK,Slovak Republic,NY.GDP.NGAS.RT.ZS,Natural gas rents (% of GDP),2017,0.00802554613133259,,1
SVK,Slovak Republic,NY.GDP.NGAS.RT.ZS,Natural gas rents (% of GDP),2016,0.00403037409052397,,1
SVK,Slovak Republic,NY.GDP.NGAS.RT.ZS,Natural gas rents (% of GDP),2015,0.00696154312905245,,1
SVK,Slovak Republic,NY.GDP.NGAS.RT.ZS,Natural gas rents (% of GDP),2014,0.00888752082001614,,1
SVK,Slovak Republic,NY.GDP.NGAS.RT.ZS,Natural gas rents (% of GDP),2013,0.0158850726127309,,1
SVK,Slovak Republic,NY.GDP.NGAS.RT.ZS,Natural gas rents (% of GDP),2012,0.0206197380233814,,1
SVK,Slovak Republic,NY.GDP.NGAS.RT.ZS,Natural gas rents (% of GDP),2011,0.0150694280939769,,1
SVK,Slovak Republic,NY.GDP.NGAS.RT.ZS,Natural gas rents (% of GDP),2010,0.00924302961176918,,1
SVK,Slovak Republic,NY.GDP.NGAS.RT.ZS,Natural gas rents (% of GDP),2009,0.0104113495244654,,1
SVK,Slovak Republic,NY.GDP.NGAS.RT.ZS,Natural gas rents (% of GDP),2008,0.0130329314947467,,1
SVK,Slovak Republic,NY.GDP.NGAS.RT.ZS,Natural gas rents (% of GDP),2007,0.0104156861286163,,1
SVK,Slovak Republic,NY.GDP.NGAS.RT.ZS,Natural gas rents (% of GDP),2006,0.019978118315044,,1
SVK,Slovak Republic,NY.GDP.NGAS.RT.ZS,Natural gas rents (% of GDP),2005,0.00723470556375164,,1
SVK,Slovak Republic,NY.GDP.NGAS.RT.ZS,Natural gas rents (% of GDP),2004,0.0104427357183609,,1
SVK,Slovak Republic,NY.GDP.NGAS.RT.ZS,Natural gas rents (% of GDP),2003,0.0169668404135207,,1
SVK,Slovak Republic,NY.GDP.NGAS.RT.ZS,Natural gas rents (% of GDP),2002,0.0180339708315129,,1
SVK,Slovak Republic,NY.GDP.NGAS.RT.ZS,Natural gas rents (% of GDP),2001,0.0284041624044545,,1
SVK,Slovak Republic,NY.GDP.NGAS.RT.ZS,Natural gas rents (% of GDP),2000,0.0123527678853131,,1
SVK,Slovak Republic,NY.GDP.NGAS.RT.ZS,Natural gas rents (% of GDP),1999,0.00214917489765114,,1
SVK,Slovak Republic,NY.GDP.NGAS.RT.ZS,Natural gas rents (% of GDP),1998,0.00274145550194506,,1
SVK,Slovak Republic,NY.GDP.NGAS.RT.ZS,Natural gas rents (% of GDP),1997,0.0251842167096787,,1
SVK,Slovak Republic,NY.GDP.NGAS.RT.ZS,Natural gas rents (% of GDP),1996,0.0250953694647095,,1
SVK,Slovak Republic,NY.GDP.NGAS.RT.ZS,Natural gas rents (% of GDP),1995,0.0307966363609679,,1
SVK,Slovak Republic,NY.GDP.NGAS.RT.ZS,Natural gas rents (% of GDP),1994,0.0179473022866676,,1
SVK,Slovak Republic,NY.GDP.NGAS.RT.ZS,Natural gas rents (% of GDP),1993,0.0198246010845898,,1
SVK,Slovak Republic,NY.GDP.NGAS.RT.ZS,Natural gas rents (% of GDP),1992,0.0102656547698441,,1
SVK,Slovak Republic,NY.GDP.NGAS.RT.ZS,Natural gas rents (% of GDP),1991,0.0230251727425651,,1
SVK,Slovak Republic,NY.GDP.NGAS.RT.ZS,Natural gas rents (% of GDP),1990,0.05275906360157,,1
SVN,Slovenia,NY.GDP.NGAS.RT.ZS,Natural gas rents (% of GDP),2021,0.00143387827318925,,1
SVN,Slovenia,NY.GDP.NGAS.RT.ZS,Natural gas rents (% of GDP),2020,0.000309524314650989,,1
SVN,Slovenia,NY.GDP.NGAS.RT.ZS,Natural gas rents (% of GDP),2019,0.000791062139069916,,1
SVN,Slovenia,NY.GDP.NGAS.RT.ZS,Natural gas rents (% of GDP),2018,0.00265106875634064,,1
SVN,Slovenia,NY.GDP.NGAS.RT.ZS,Natural gas rents (% of GDP),2017,0.000971459799265994,,1
SVN,Slovenia,NY.GDP.NGAS.RT.ZS,Natural gas rents (% of GDP),2016,0.00045244252600592,,1
SVN,Slovenia,NY.GDP.NGAS.RT.ZS,Natural gas rents (% of GDP),2015,0.000475917167612332,,1
SVN,Slovenia,NY.GDP.NGAS.RT.ZS,Natural gas rents (% of GDP),2014,0.000554815127529413,,1
SVN,Slovenia,NY.GDP.NGAS.RT.ZS,Natural gas rents (% of GDP),2013,0.000802152375153317,,1
SVN,Slovenia,NY.GDP.NGAS.RT.ZS,Natural gas rents (% of GDP),2012,0.000566360193355465,,1
SVN,Slovenia,NY.GDP.NGAS.RT.ZS,Natural gas rents (% of GDP),2011,0.000488447837896098,,1
SVN,Slovenia,NY.GDP.NGAS.RT.ZS,Natural gas rents (% of GDP),2010,0.00118709277855289,,1
SVN,Slovenia,NY.GDP.NGAS.RT.ZS,Natural gas rents (% of GDP),2009,0.000541628719834564,,1
SVN,Slovenia,NY.GDP.NGAS.RT.ZS,Natural gas rents (% of GDP),2008,0.000695814396507105,,1
SVN,Slovenia,NY.GDP.NGAS.RT.ZS,Natural gas rents (% of GDP),2007,0.000445193354303452,,1
SVN,Slovenia,NY.GDP.NGAS.RT.ZS,Natural gas rents (% of GDP),2006,0.000699832324920846,,1
SVN,Slovenia,NY.GDP.NGAS.RT.ZS,Natural gas rents (% of GDP),2005,0.000341738356664261,,1
SVN,Slovenia,NY.GDP.NGAS.RT.ZS,Natural gas rents (% of GDP),2004,0.00053054118328902,,1
SVN,Slovenia,NY.GDP.NGAS.RT.ZS,Natural gas rents (% of GDP),2003,0.000690223236519698,,1
SVN,Slovenia,NY.GDP.NGAS.RT.ZS,Natural gas rents (% of GDP),2002,0.000962959737562981,,1
SVN,Slovenia,NY.GDP.NGAS.RT.ZS,Natural gas rents (% of GDP),2001,0.00143395279994485,,1
SVN,Slovenia,NY.GDP.NGAS.RT.ZS,Natural gas rents (% of GDP),2000,0.000809250348491629,,1
SVN,Slovenia,NY.GDP.NGAS.RT.ZS,Natural gas rents (% of GDP),1999,8.58891412788655e-05,,1
SVN,Slovenia,NY.GDP.NGAS.RT.ZS,Natural gas rents (% of GDP),1998,0.000126784868234381,,1
SVN,Slovenia,NY.GDP.NGAS.RT.ZS,Natural gas rents (% of GDP),1997,0.00155896826400785,,1
SVN,Slovenia,NY.GDP.NGAS.RT.ZS,Natural gas rents (% of GDP),1996,0.00150084034222837,,1
SVN,Slovenia,NY.GDP.NGAS.RT.ZS,Natural gas rents (% of GDP),1995,0.00219589970935814,,1
SLB,Solomon Islands,NY.GDP.NGAS.RT.ZS,Natural gas rents (% of GDP),2021,0,,1
SLB,Solomon Islands,NY.GDP.NGAS.RT.ZS,Natural gas rents (% of GDP),2020,0,,1
SLB,Solomon Islands,NY.GDP.NGAS.RT.ZS,Natural gas rents (% of GDP),2019,0,,1
SLB,Solomon Islands,NY.GDP.NGAS.RT.ZS,Natural gas rents (% of GDP),2018,0,,1
SLB,Solomon Islands,NY.GDP.NGAS.RT.ZS,Natural gas rents (% of GDP),2017,0,,1
SLB,Solomon Islands,NY.GDP.NGAS.RT.ZS,Natural gas rents (% of GDP),2016,0,,1
SLB,Solomon Islands,NY.GDP.NGAS.RT.ZS,Natural gas rents (% of GDP),2015,0,,1
SLB,Solomon Islands,NY.GDP.NGAS.RT.ZS,Natural gas rents (% of GDP),2014,0,,1
SLB,Solomon Islands,NY.GDP.NGAS.RT.ZS,Natural gas rents (% of GDP),2013,0,,1
SLB,Solomon Islands,NY.GDP.NGAS.RT.ZS,Natural gas rents (% of GDP),2012,0,,1
SLB,Solomon Islands,NY.GDP.NGAS.RT.ZS,Natural gas rents (% of GDP),2011,0,,1
SLB,Solomon Islands,NY.GDP.NGAS.RT.ZS,Natural gas rents (% of GDP),2010,0,,1
SLB,Solomon Islands,NY.GDP.NGAS.RT.ZS,Natural gas rents (% of GDP),2009,0,,1
SLB,Solomon Islands,NY.GDP.NGAS.RT.ZS,Natural gas rents (% of GDP),2008,0,,1
SLB,Solomon Islands,NY.GDP.NGAS.RT.ZS,Natural gas rents (% of GDP),2007,0,,1
SLB,Solomon Islands,NY.GDP.NGAS.RT.ZS,Natural gas rents (% of GDP),2006,0,,1
SLB,Solomon Islands,NY.GDP.NGAS.RT.ZS,Natural gas rents (% of GDP),2005,0,,1
SLB,Solomon Islands,NY.GDP.NGAS.RT.ZS,Natural gas rents (% of GDP),2004,0,,1
SLB,Solomon Islands,NY.GDP.NGAS.RT.ZS,Natural gas rents (% of GDP),2003,0,,1
SLB,Solomon Islands,NY.GDP.NGAS.RT.ZS,Natural gas rents (% of GDP),2002,0,,1
SLB,Solomon Islands,NY.GDP.NGAS.RT.ZS,Natural gas rents (% of GDP),2001,0,,1
SLB,Solomon Islands,NY.GDP.NGAS.RT.ZS,Natural gas rents (% of GDP),2000,0,,1
SLB,Solomon Islands,NY.GDP.NGAS.RT.ZS,Natural gas rents (% of GDP),1999,0,,1
SLB,Solomon Islands,NY.GDP.NGAS.RT.ZS,Natural gas rents (% of GDP),1998,0,,1
SLB,Solomon Islands,NY.GDP.NGAS.RT.ZS,Natural gas rents (% of GDP),1997,0,,1
SLB,Solomon Islands,NY.GDP.NGAS.RT.ZS,Natural gas rents (% of GDP),1996,0,,1
SLB,Solomon Islands,NY.GDP.NGAS.RT.ZS,Natural gas rents (% of GDP),1995,0,,1
SLB,Solomon Islands,NY.GDP.NGAS.RT.ZS,Natural gas rents (% of GDP),1994,0,,1
SLB,Solomon Islands,NY.GDP.NGAS.RT.ZS,Natural gas rents (% of GDP),1993,0,,1
SLB,Solomon Islands,NY.GDP.NGAS.RT.ZS,Natural gas rents (% of GDP),1992,0,,1
SLB,Solomon Islands,NY.GDP.NGAS.RT.ZS,Natural gas rents (% of GDP),1991,0,,1
SLB,Solomon Islands,NY.GDP.NGAS.RT.ZS,Natural gas rents (% of GDP),1990,0,,1
SLB,Solomon Islands,NY.GDP.NGAS.RT.ZS,Natural gas rents (% of GDP),1989,0,,1
SLB,Solomon Islands,NY.GDP.NGAS.RT.ZS,Natural gas rents (% of GDP),1988,0,,1
SLB,Solomon Islands,NY.GDP.NGAS.RT.ZS,Natural gas rents (% of GDP),1987,0,,1
SLB,Solomon Islands,NY.GDP.NGAS.RT.ZS,Natural gas rents (% of GDP),1986,0,,1
SLB,Solomon Islands,NY.GDP.NGAS.RT.ZS,Natural gas rents (% of GDP),1985,0,,1
SLB,Solomon Islands,NY.GDP.NGAS.RT.ZS,Natural gas rents (% of GDP),1984,0,,1
SLB,Solomon Islands,NY.GDP.NGAS.RT.ZS,Natural gas rents (% of GDP),1983,0,,1
SLB,Solomon Islands,NY.GDP.NGAS.RT.ZS,Natural gas rents (% of GDP),1982,0,,1
SLB,Solomon Islands,NY.GDP.NGAS.RT.ZS,Natural gas rents (% of GDP),1981,0,,1
SLB,Solomon Islands,NY.GDP.NGAS.RT.ZS,Natural gas rents (% of GDP),1980,0,,1
SOM,"Somalia, Fed. Rep.",NY.GDP.NGAS.RT.ZS,Natural gas rents (% of GDP),2021,0,,1
SOM,"Somalia, Fed. Rep.",NY.GDP.NGAS.RT.ZS,Natural gas rents (% of GDP),2020,0,,1
SOM,"Somalia, Fed. Rep.",NY.GDP.NGAS.RT.ZS,Natural gas rents (% of GDP),2019,0,,1
SOM,"Somalia, Fed. Rep.",NY.GDP.NGAS.RT.ZS,Natural gas rents (% of GDP),2018,0,,1
SOM,"Somalia, Fed. Rep.",NY.GDP.NGAS.RT.ZS,Natural gas rents (% of GDP),2017,0,,1
SOM,"Somalia, Fed. Rep.",NY.GDP.NGAS.RT.ZS,Natural gas rents (% of GDP),2016,0,,1
SOM,"Somalia, Fed. Rep.",NY.GDP.NGAS.RT.ZS,Natural gas rents (% of GDP),2015,0,,1
SOM,"Somalia, Fed. Rep.",NY.GDP.NGAS.RT.ZS,Natural gas rents (% of GDP),2014,0,,1
SOM,"Somalia, Fed. Rep.",NY.GDP.NGAS.RT.ZS,Natural gas rents (% of GDP),2013,0,,1
SOM,"Somalia, Fed. Rep.",NY.GDP.NGAS.RT.ZS,Natural gas rents (% of GDP),1990,0,,1
SOM,"Somalia, Fed. Rep.",NY.GDP.NGAS.RT.ZS,Natural gas rents (% of GDP),1989,0,,1
SOM,"Somalia, Fed. Rep.",NY.GDP.NGAS.RT.ZS,Natural gas rents (% of GDP),1988,0,,1
SOM,"Somalia, Fed. Rep.",NY.GDP.NGAS.RT.ZS,Natural gas rents (% of GDP),1987,0,,1
SOM,"Somalia, Fed. Rep.",NY.GDP.NGAS.RT.ZS,Natural gas rents (% of GDP),1986,0,,1
SOM,"Somalia, Fed. Rep.",NY.GDP.NGAS.RT.ZS,Natural gas rents (% of GDP),1985,0,,1
SOM,"Somalia, Fed. Rep.",NY.GDP.NGAS.RT.ZS,Natural gas rents (% of GDP),1984,0,,1
SOM,"Somalia, Fed. Rep.",NY.GDP.NGAS.RT.ZS,Natural gas rents (% of GDP),1983,0,,1
SOM,"Somalia, Fed. Rep.",NY.GDP.NGAS.RT.ZS,Natural gas rents (% of GDP),1982,0,,1
SOM,"Somalia, Fed. Rep.",NY.GDP.NGAS.RT.ZS,Natural gas rents (% of GDP),1981,0,,1
SOM,"Somalia, Fed. Rep.",NY.GDP.NGAS.RT.ZS,Natural gas rents (% of GDP),1980,0,,1
ZAF,South Africa,NY.GDP.NGAS.RT.ZS,Natural gas rents (% of GDP),2021,0.0293827523467257,,1
ZAF,South Africa,NY.GDP.NGAS.RT.ZS,Natural gas rents (% of GDP),2020,0.020767257947969,,1
ZAF,South Africa,NY.GDP.NGAS.RT.ZS,Natural gas rents (% of GDP),2019,0.0251931123610767,,1
ZAF,South Africa,NY.GDP.NGAS.RT.ZS,Natural gas rents (% of GDP),2018,0.0227641504019782,,1
ZAF,South Africa,NY.GDP.NGAS.RT.ZS,Natural gas rents (% of GDP),2017,0.012735718818607,,1
ZAF,South Africa,NY.GDP.NGAS.RT.ZS,Natural gas rents (% of GDP),2016,0.015336308509032,,1
ZAF,South Africa,NY.GDP.NGAS.RT.ZS,Natural gas rents (% of GDP),2015,0.0232937993610495,,1
ZAF,South Africa,NY.GDP.NGAS.RT.ZS,Natural gas rents (% of GDP),2014,0.0255744432147647,,1
ZAF,South Africa,NY.GDP.NGAS.RT.ZS,Natural gas rents (% of GDP),2013,0.0312421227606922,,1
ZAF,South Africa,NY.GDP.NGAS.RT.ZS,Natural gas rents (% of GDP),2012,0.0288936847412477,,1
ZAF,South Africa,NY.GDP.NGAS.RT.ZS,Natural gas rents (% of GDP),2011,0.0305636496199449,,1
ZAF,South Africa,NY.GDP.NGAS.RT.ZS,Natural gas rents (% of GDP),2010,0.0258569340158521,,1
ZAF,South Africa,NY.GDP.NGAS.RT.ZS,Natural gas rents (% of GDP),2009,0.0236270625725225,,1
ZAF,South Africa,NY.GDP.NGAS.RT.ZS,Natural gas rents (% of GDP),2008,0.0369575315044166,,1
ZAF,South Africa,NY.GDP.NGAS.RT.ZS,Natural gas rents (% of GDP),2007,0.0318507821013102,,1
ZAF,South Africa,NY.GDP.NGAS.RT.ZS,Natural gas rents (% of GDP),2006,0.0386656043598197,,1
ZAF,South Africa,NY.GDP.NGAS.RT.ZS,Natural gas rents (% of GDP),2005,0.0157824265033382,,1
ZAF,South Africa,NY.GDP.NGAS.RT.ZS,Natural gas rents (% of GDP),2004,0.0308634066428721,,1
ZAF,South Africa,NY.GDP.NGAS.RT.ZS,Natural gas rents (% of GDP),2003,0.0248359282535279,,1
ZAF,South Africa,NY.GDP.NGAS.RT.ZS,Natural gas rents (% of GDP),2002,0.0573805452482398,,1
ZAF,South Africa,NY.GDP.NGAS.RT.ZS,Natural gas rents (% of GDP),2001,0.0582858333591496,,1
ZAF,South Africa,NY.GDP.NGAS.RT.ZS,Natural gas rents (% of GDP),2000,0.0354527651649018,,1
ZAF,South Africa,NY.GDP.NGAS.RT.ZS,Natural gas rents (% of GDP),1999,0.0217574376135546,,1
ZAF,South Africa,NY.GDP.NGAS.RT.ZS,Natural gas rents (% of GDP),1998,0.0142127603418161,,1
ZAF,South Africa,NY.GDP.NGAS.RT.ZS,Natural gas rents (% of GDP),1997,0.0212465392304957,,1
ZAF,South Africa,NY.GDP.NGAS.RT.ZS,Natural gas rents (% of GDP),1996,0.0248546338599652,,1
ZAF,South Africa,NY.GDP.NGAS.RT.ZS,Natural gas rents (% of GDP),1995,0.0249750349553005,,1
ZAF,South Africa,NY.GDP.NGAS.RT.ZS,Natural gas rents (% of GDP),1994,0.0240091871291434,,1
ZAF,South Africa,NY.GDP.NGAS.RT.ZS,Natural gas rents (% of GDP),1993,0.02363633777699,,1
ZAF,South Africa,NY.GDP.NGAS.RT.ZS,Natural gas rents (% of GDP),1992,0.0169064426726626,,1
ZAF,South Africa,NY.GDP.NGAS.RT.ZS,Natural gas rents (% of GDP),1991,0.0198166992619238,,1
ZAF,South Africa,NY.GDP.NGAS.RT.ZS,Natural gas rents (% of GDP),1990,0.0241857482170879,,1
ZAF,South Africa,NY.GDP.NGAS.RT.ZS,Natural gas rents (% of GDP),1989,0,,1
ZAF,South Africa,NY.GDP.NGAS.RT.ZS,Natural gas rents (% of GDP),1988,0,,1
ZAF,South Africa,NY.GDP.NGAS.RT.ZS,Natural gas rents (% of GDP),1987,0,,1
ZAF,South Africa,NY.GDP.NGAS.RT.ZS,Natural gas rents (% of GDP),1986,0,,1
ZAF,South Africa,NY.GDP.NGAS.RT.ZS,Natural gas rents (% of GDP),1985,0,,1
ZAF,South Africa,NY.GDP.NGAS.RT.ZS,Natural gas rents (% of GDP),1984,0,,1
ZAF,South Africa,NY.GDP.NGAS.RT.ZS,Natural gas rents (% of GDP),1983,0,,1
ZAF,South Africa,NY.GDP.NGAS.RT.ZS,Natural gas rents (% of GDP),1982,0,,1
ZAF,South Africa,NY.GDP.NGAS.RT.ZS,Natural gas rents (% of GDP),1981,0,,1
ZAF,South Africa,NY.GDP.NGAS.RT.ZS,Natural gas rents (% of GDP),1980,0,,1
ZAF,South Africa,NY.GDP.NGAS.RT.ZS,Natural gas rents (% of GDP),1979,0,,1
ZAF,South Africa,NY.GDP.NGAS.RT.ZS,Natural gas rents (% of GDP),1978,0,,1
ZAF,South Africa,NY.GDP.NGAS.RT.ZS,Natural gas rents (% of GDP),1977,0,,1
ZAF,South Africa,NY.GDP.NGAS.RT.ZS,Natural gas rents (% of GDP),1976,0,,1
ZAF,South Africa,NY.GDP.NGAS.RT.ZS,Natural gas rents (% of GDP),1975,0,,1
ZAF,South Africa,NY.GDP.NGAS.RT.ZS,Natural gas rents (% of GDP),1974,0,,1
ZAF,South Africa,NY.GDP.NGAS.RT.ZS,Natural gas rents (% of GDP),1973,0,,1
ZAF,South Africa,NY.GDP.NGAS.RT.ZS,Natural gas rents (% of GDP),1972,0,,1
ZAF,South Africa,NY.GDP.NGAS.RT.ZS,Natural gas rents (% of GDP),1971,0,,1
SSD,South Sudan,NY.GDP.NGAS.RT.ZS,Natural gas rents (% of GDP),2015,0,,1
SSD,South Sudan,NY.GDP.NGAS.RT.ZS,Natural gas rents (% of GDP),2014,0,,1
SSD,South Sudan,NY.GDP.NGAS.RT.ZS,Natural gas rents (% of GDP),2013,0,,1
SSD,South Sudan,NY.GDP.NGAS.RT.ZS,Natural gas rents (% of GDP),2012,0,,1
ESP,Spain,NY.GDP.NGAS.RT.ZS,Natural gas rents (% of GDP),2021,0.000567219730435266,,1
ESP,Spain,NY.GDP.NGAS.RT.ZS,Natural gas rents (% of GDP),2020,0.00011369527281599,,1
ESP,Spain,NY.GDP.NGAS.RT.ZS,Natural gas rents (% of GDP),2019,0.000595043196851536,,1
ESP,Spain,NY.GDP.NGAS.RT.ZS,Natural gas rents (% of GDP),2018,0.000544366653518052,,1
ESP,Spain,NY.GDP.NGAS.RT.ZS,Natural gas rents (% of GDP),2017,0.000115964213353521,,1
ESP,Spain,NY.GDP.NGAS.RT.ZS,Natural gas rents (% of GDP),2016,0.000179721487811782,,1
ESP,Spain,NY.GDP.NGAS.RT.ZS,Natural gas rents (% of GDP),2015,0.000350962287631232,,1
ESP,Spain,NY.GDP.NGAS.RT.ZS,Natural gas rents (% of GDP),2014,0.000160927340647908,,1
ESP,Spain,NY.GDP.NGAS.RT.ZS,Natural gas rents (% of GDP),2013,0.00053947476331586,,1
ESP,Spain,NY.GDP.NGAS.RT.ZS,Natural gas rents (% of GDP),2012,0.000520506046413033,,1
ESP,Spain,NY.GDP.NGAS.RT.ZS,Natural gas rents (% of GDP),2011,0.000391085021390051,,1
ESP,Spain,NY.GDP.NGAS.RT.ZS,Natural gas rents (% of GDP),2010,0.000298892223443581,,1
ESP,Spain,NY.GDP.NGAS.RT.ZS,Natural gas rents (% of GDP),2009,8.17275434437884e-05,,1
ESP,Spain,NY.GDP.NGAS.RT.ZS,Natural gas rents (% of GDP),2008,0.000121351888769049,,1
ESP,Spain,NY.GDP.NGAS.RT.ZS,Natural gas rents (% of GDP),2007,8.33384517777598e-05,,1
ESP,Spain,NY.GDP.NGAS.RT.ZS,Natural gas rents (% of GDP),2006,0.000307165423390413,,1
ESP,Spain,NY.GDP.NGAS.RT.ZS,Natural gas rents (% of GDP),2005,0.00037531638835149,,1
ESP,Spain,NY.GDP.NGAS.RT.ZS,Natural gas rents (% of GDP),2004,0.00104702109725233,,1
ESP,Spain,NY.GDP.NGAS.RT.ZS,Natural gas rents (% of GDP),2003,0.00102716767032723,,1
ESP,Spain,NY.GDP.NGAS.RT.ZS,Natural gas rents (% of GDP),2002,0.00248883250021705,,1
ESP,Spain,NY.GDP.NGAS.RT.ZS,Natural gas rents (% of GDP),2001,0.00368850471028918,,1
ESP,Spain,NY.GDP.NGAS.RT.ZS,Natural gas rents (% of GDP),2000,0.000574298800955914,,1
ESP,Spain,NY.GDP.NGAS.RT.ZS,Natural gas rents (% of GDP),1999,6.57580839072651e-05,,1
ESP,Spain,NY.GDP.NGAS.RT.ZS,Natural gas rents (% of GDP),1998,5.20928087999325e-05,,1
ESP,Spain,NY.GDP.NGAS.RT.ZS,Natural gas rents (% of GDP),1997,0.000646434388373132,,1
ESP,Spain,NY.GDP.NGAS.RT.ZS,Natural gas rents (% of GDP),1996,0.000167903831537922,,1
ESP,Spain,NY.GDP.NGAS.RT.ZS,Natural gas rents (% of GDP),1995,0.000330542285826636,,1
ESP,Spain,NY.GDP.NGAS.RT.ZS,Natural gas rents (% of GDP),1994,0.000434859430962015,,1
ESP,Spain,NY.GDP.NGAS.RT.ZS,Natural gas rents (% of GDP),1993,0.00145986094568037,,1
ESP,Spain,NY.GDP.NGAS.RT.ZS,Natural gas rents (% of GDP),1992,0.00104931121933669,,1
ESP,Spain,NY.GDP.NGAS.RT.ZS,Natural gas rents (% of GDP),1991,0.00234415627447833,,1
ESP,Spain,NY.GDP.NGAS.RT.ZS,Natural gas rents (% of GDP),1990,0.00351697251709315,,1
ESP,Spain,NY.GDP.NGAS.RT.ZS,Natural gas rents (% of GDP),1989,0.00337440621222384,,1
ESP,Spain,NY.GDP.NGAS.RT.ZS,Natural gas rents (% of GDP),1988,0.00209824875313651,,1
ESP,Spain,NY.GDP.NGAS.RT.ZS,Natural gas rents (% of GDP),1987,0.00223705837505832,,1
ESP,Spain,NY.GDP.NGAS.RT.ZS,Natural gas rents (% of GDP),1986,0.00275911703051984,,1
ESP,Spain,NY.GDP.NGAS.RT.ZS,Natural gas rents (% of GDP),1985,0.00271143626610325,,1
ESP,Spain,NY.GDP.NGAS.RT.ZS,Natural gas rents (% of GDP),1984,0.00200800771441168,,1
ESP,Spain,NY.GDP.NGAS.RT.ZS,Natural gas rents (% of GDP),1983,1.29477083148853e-05,,1
ESP,Spain,NY.GDP.NGAS.RT.ZS,Natural gas rents (% of GDP),1982,5.67417452675856e-06,,1
ESP,Spain,NY.GDP.NGAS.RT.ZS,Natural gas rents (% of GDP),1981,9.95206462076343e-06,,1
ESP,Spain,NY.GDP.NGAS.RT.ZS,Natural gas rents (% of GDP),1980,1.24533703622278e-05,,1
ESP,Spain,NY.GDP.NGAS.RT.ZS,Natural gas rents (% of GDP),1979,7.88615122662422e-06,,1
ESP,Spain,NY.GDP.NGAS.RT.ZS,Natural gas rents (% of GDP),1978,4.88625823161857e-06,,1
ESP,Spain,NY.GDP.NGAS.RT.ZS,Natural gas rents (% of GDP),1977,3.88848261360552e-06,,1
LKA,Sri Lanka,NY.GDP.NGAS.RT.ZS,Natural gas rents (% of GDP),2021,0,,1
LKA,Sri Lanka,NY.GDP.NGAS.RT.ZS,Natural gas rents (% of GDP),2020,0,,1
LKA,Sri Lanka,NY.GDP.NGAS.RT.ZS,Natural gas rents (% of GDP),2019,0,,1
LKA,Sri Lanka,NY.GDP.NGAS.RT.ZS,Natural gas rents (% of GDP),2018,0,,1
LKA,Sri Lanka,NY.GDP.NGAS.RT.ZS,Natural gas rents (% of GDP),2017,0,,1
LKA,Sri Lanka,NY.GDP.NGAS.RT.ZS,Natural gas rents (% of GDP),2016,0,,1
LKA,Sri Lanka,NY.GDP.NGAS.RT.ZS,Natural gas rents (% of GDP),2015,0,,1
LKA,Sri Lanka,NY.GDP.NGAS.RT.ZS,Natural gas rents (% of GDP),2014,0,,1
LKA,Sri Lanka,NY.GDP.NGAS.RT.ZS,Natural gas rents (% of GDP),2013,0,,1
LKA,Sri Lanka,NY.GDP.NGAS.RT.ZS,Natural gas rents (% of GDP),2012,0,,1
LKA,Sri Lanka,NY.GDP.NGAS.RT.ZS,Natural gas rents (% of GDP),2011,0,,1
LKA,Sri Lanka,NY.GDP.NGAS.RT.ZS,Natural gas rents (% of GDP),2010,0,,1
LKA,Sri Lanka,NY.GDP.NGAS.RT.ZS,Natural gas rents (% of GDP),2009,0,,1
LKA,Sri Lanka,NY.GDP.NGAS.RT.ZS,Natural gas rents (% of GDP),2008,0,,1
LKA,Sri Lanka,NY.GDP.NGAS.RT.ZS,Natural gas rents (% of GDP),2007,0,,1
LKA,Sri Lanka,NY.GDP.NGAS.RT.ZS,Natural gas rents (% of GDP),2006,0,,1
LKA,Sri Lanka,NY.GDP.NGAS.RT.ZS,Natural gas rents (% of GDP),2005,0,,1
LKA,Sri Lanka,NY.GDP.NGAS.RT.ZS,Natural gas rents (% of GDP),2004,0,,1
LKA,Sri Lanka,NY.GDP.NGAS.RT.ZS,Natural gas rents (% of GDP),2003,0,,1
LKA,Sri Lanka,NY.GDP.NGAS.RT.ZS,Natural gas rents (% of GDP),2002,0,,1
LKA,Sri Lanka,NY.GDP.NGAS.RT.ZS,Natural gas rents (% of GDP),2001,0,,1
LKA,Sri Lanka,NY.GDP.NGAS.RT.ZS,Natural gas rents (% of GDP),2000,0,,1
LKA,Sri Lanka,NY.GDP.NGAS.RT.ZS,Natural gas rents (% of GDP),1999,0,,1
LKA,Sri Lanka,NY.GDP.NGAS.RT.ZS,Natural gas rents (% of GDP),1998,0,,1
LKA,Sri Lanka,NY.GDP.NGAS.RT.ZS,Natural gas rents (% of GDP),1997,0,,1
LKA,Sri Lanka,NY.GDP.NGAS.RT.ZS,Natural gas rents (% of GDP),1996,0,,1
LKA,Sri Lanka,NY.GDP.NGAS.RT.ZS,Natural gas rents (% of GDP),1995,0,,1
LKA,Sri Lanka,NY.GDP.NGAS.RT.ZS,Natural gas rents (% of GDP),1994,0,,1
LKA,Sri Lanka,NY.GDP.NGAS.RT.ZS,Natural gas rents (% of GDP),1993,0,,1
LKA,Sri Lanka,NY.GDP.NGAS.RT.ZS,Natural gas rents (% of GDP),1992,0,,1
LKA,Sri Lanka,NY.GDP.NGAS.RT.ZS,Natural gas rents (% of GDP),1991,0,,1
LKA,Sri Lanka,NY.GDP.NGAS.RT.ZS,Natural gas rents (% of GDP),1990,0,,1
LKA,Sri Lanka,NY.GDP.NGAS.RT.ZS,Natural gas rents (% of GDP),1989,0,,1
LKA,Sri Lanka,NY.GDP.NGAS.RT.ZS,Natural gas rents (% of GDP),1988,0,,1
LKA,Sri Lanka,NY.GDP.NGAS.RT.ZS,Natural gas rents (% of GDP),1987,0,,1
LKA,Sri Lanka,NY.GDP.NGAS.RT.ZS,Natural gas rents (% of GDP),1986,0,,1
LKA,Sri Lanka,NY.GDP.NGAS.RT.ZS,Natural gas rents (% of GDP),1985,0,,1
LKA,Sri Lanka,NY.GDP.NGAS.RT.ZS,Natural gas rents (% of GDP),1984,0,,1
LKA,Sri Lanka,NY.GDP.NGAS.RT.ZS,Natural gas rents (% of GDP),1983,0,,1
LKA,Sri Lanka,NY.GDP.NGAS.RT.ZS,Natural gas rents (% of GDP),1982,0,,1
LKA,Sri Lanka,NY.GDP.NGAS.RT.ZS,Natural gas rents (% of GDP),1981,0,,1
LKA,Sri Lanka,NY.GDP.NGAS.RT.ZS,Natural gas rents (% of GDP),1980,0,,1
LKA,Sri Lanka,NY.GDP.NGAS.RT.ZS,Natural gas rents (% of GDP),1979,0,,1
LKA,Sri Lanka,NY.GDP.NGAS.RT.ZS,Natural gas rents (% of GDP),1978,0,,1
LKA,Sri Lanka,NY.GDP.NGAS.RT.ZS,Natural gas rents (% of GDP),1977,0,,1
LKA,Sri Lanka,NY.GDP.NGAS.RT.ZS,Natural gas rents (% of GDP),1976,0,,1
LKA,Sri Lanka,NY.GDP.NGAS.RT.ZS,Natural gas rents (% of GDP),1975,0,,1
LKA,Sri Lanka,NY.GDP.NGAS.RT.ZS,Natural gas rents (% of GDP),1974,0,,1
LKA,Sri Lanka,NY.GDP.NGAS.RT.ZS,Natural gas rents (% of GDP),1973,0,,1
LKA,Sri Lanka,NY.GDP.NGAS.RT.ZS,Natural gas rents (% of GDP),1972,0,,1
LKA,Sri Lanka,NY.GDP.NGAS.RT.ZS,Natural gas rents (% of GDP),1971,0,,1
KNA,St. Kitts and Nevis,NY.GDP.NGAS.RT.ZS,Natural gas rents (% of GDP),2021,0,,1
KNA,St. Kitts and Nevis,NY.GDP.NGAS.RT.ZS,Natural gas rents (% of GDP),2020,0,,1
KNA,St. Kitts and Nevis,NY.GDP.NGAS.RT.ZS,Natural gas rents (% of GDP),2019,0,,1
KNA,St. Kitts and Nevis,NY.GDP.NGAS.RT.ZS,Natural gas rents (% of GDP),2018,0,,1
KNA,St. Kitts and Nevis,NY.GDP.NGAS.RT.ZS,Natural gas rents (% of GDP),2017,0,,1
KNA,St. Kitts and Nevis,NY.GDP.NGAS.RT.ZS,Natural gas rents (% of GDP),2016,0,,1
KNA,St. Kitts and Nevis,NY.GDP.NGAS.RT.ZS,Natural gas rents (% of GDP),2015,0,,1
KNA,St. Kitts and Nevis,NY.GDP.NGAS.RT.ZS,Natural gas rents (% of GDP),2014,0,,1
KNA,St. Kitts and Nevis,NY.GDP.NGAS.RT.ZS,Natural gas rents (% of GDP),2013,0,,1
KNA,St. Kitts and Nevis,NY.GDP.NGAS.RT.ZS,Natural gas rents (% of GDP),2012,0,,1
KNA,St. Kitts and Nevis,NY.GDP.NGAS.RT.ZS,Natural gas rents (% of GDP),2011,0,,1
KNA,St. Kitts and Nevis,NY.GDP.NGAS.RT.ZS,Natural gas rents (% of GDP),2010,0,,1
KNA,St. Kitts and Nevis,NY.GDP.NGAS.RT.ZS,Natural gas rents (% of GDP),2009,0,,1
KNA,St. Kitts and Nevis,NY.GDP.NGAS.RT.ZS,Natural gas rents (% of GDP),2008,0,,1
KNA,St. Kitts and Nevis,NY.GDP.NGAS.RT.ZS,Natural gas rents (% of GDP),2007,0,,1
KNA,St. Kitts and Nevis,NY.GDP.NGAS.RT.ZS,Natural gas rents (% of GDP),2006,0,,1
KNA,St. Kitts and Nevis,NY.GDP.NGAS.RT.ZS,Natural gas rents (% of GDP),2005,0,,1
KNA,St. Kitts and Nevis,NY.GDP.NGAS.RT.ZS,Natural gas rents (% of GDP),2004,0,,1
KNA,St. Kitts and Nevis,NY.GDP.NGAS.RT.ZS,Natural gas rents (% of GDP),2003,0,,1
KNA,St. Kitts and Nevis,NY.GDP.NGAS.RT.ZS,Natural gas rents (% of GDP),2002,0,,1
KNA,St. Kitts and Nevis,NY.GDP.NGAS.RT.ZS,Natural gas rents (% of GDP),2001,0,,1
KNA,St. Kitts and Nevis,NY.GDP.NGAS.RT.ZS,Natural gas rents (% of GDP),2000,0,,1
KNA,St. Kitts and Nevis,NY.GDP.NGAS.RT.ZS,Natural gas rents (% of GDP),1999,0,,1
KNA,St. Kitts and Nevis,NY.GDP.NGAS.RT.ZS,Natural gas rents (% of GDP),1998,0,,1
KNA,St. Kitts and Nevis,NY.GDP.NGAS.RT.ZS,Natural gas rents (% of GDP),1997,0,,1
KNA,St. Kitts and Nevis,NY.GDP.NGAS.RT.ZS,Natural gas rents (% of GDP),1996,0,,1
KNA,St. Kitts and Nevis,NY.GDP.NGAS.RT.ZS,Natural gas rents (% of GDP),1995,0,,1
KNA,St. Kitts and Nevis,NY.GDP.NGAS.RT.ZS,Natural gas rents (% of GDP),1994,0,,1
KNA,St. Kitts and Nevis,NY.GDP.NGAS.RT.ZS,Natural gas rents (% of GDP),1993,0,,1
KNA,St. Kitts and Nevis,NY.GDP.NGAS.RT.ZS,Natural gas rents (% of GDP),1992,0,,1
KNA,St. Kitts and Nevis,NY.GDP.NGAS.RT.ZS,Natural gas rents (% of GDP),1991,0,,1
KNA,St. Kitts and Nevis,NY.GDP.NGAS.RT.ZS,Natural gas rents (% of GDP),1990,0,,1
KNA,St. Kitts and Nevis,NY.GDP.NGAS.RT.ZS,Natural gas rents (% of GDP),1989,0,,1
KNA,St. Kitts and Nevis,NY.GDP.NGAS.RT.ZS,Natural gas rents (% of GDP),1988,0,,1
KNA,St. Kitts and Nevis,NY.GDP.NGAS.RT.ZS,Natural gas rents (% of GDP),1987,0,,1
KNA,St. Kitts and Nevis,NY.GDP.NGAS.RT.ZS,Natural gas rents (% of GDP),1986,0,,1
KNA,St. Kitts and Nevis,NY.GDP.NGAS.RT.ZS,Natural gas rents (% of GDP),1985,0,,1
KNA,St. Kitts and Nevis,NY.GDP.NGAS.RT.ZS,Natural gas rents (% of GDP),1984,0,,1
KNA,St. Kitts and Nevis,NY.GDP.NGAS.RT.ZS,Natural gas rents (% of GDP),1983,0,,1
KNA,St. Kitts and Nevis,NY.GDP.NGAS.RT.ZS,Natural gas rents (% of GDP),1982,0,,1
KNA,St. Kitts and Nevis,NY.GDP.NGAS.RT.ZS,Natural gas rents (% of GDP),1981,0,,1
KNA,St. Kitts and Nevis,NY.GDP.NGAS.RT.ZS,Natural gas rents (% of GDP),1980,0,,1
LCA,St. Lucia,NY.GDP.NGAS.RT.ZS,Natural gas rents (% of GDP),2021,0,,1
LCA,St. Lucia,NY.GDP.NGAS.RT.ZS,Natural gas rents (% of GDP),2020,0,,1
LCA,St. Lucia,NY.GDP.NGAS.RT.ZS,Natural gas rents (% of GDP),2019,0,,1
LCA,St. Lucia,NY.GDP.NGAS.RT.ZS,Natural gas rents (% of GDP),2018,0,,1
LCA,St. Lucia,NY.GDP.NGAS.RT.ZS,Natural gas rents (% of GDP),2017,0,,1
LCA,St. Lucia,NY.GDP.NGAS.RT.ZS,Natural gas rents (% of GDP),2016,0,,1
LCA,St. Lucia,NY.GDP.NGAS.RT.ZS,Natural gas rents (% of GDP),2015,0,,1
LCA,St. Lucia,NY.GDP.NGAS.RT.ZS,Natural gas rents (% of GDP),2014,0,,1
LCA,St. Lucia,NY.GDP.NGAS.RT.ZS,Natural gas rents (% of GDP),2013,0,,1
LCA,St. Lucia,NY.GDP.NGAS.RT.ZS,Natural gas rents (% of GDP),2012,0,,1
LCA,St. Lucia,NY.GDP.NGAS.RT.ZS,Natural gas rents (% of GDP),2011,0,,1
LCA,St. Lucia,NY.GDP.NGAS.RT.ZS,Natural gas rents (% of GDP),2010,0,,1
LCA,St. Lucia,NY.GDP.NGAS.RT.ZS,Natural gas rents (% of GDP),2009,0,,1
LCA,St. Lucia,NY.GDP.NGAS.RT.ZS,Natural gas rents (% of GDP),2008,0,,1
LCA,St. Lucia,NY.GDP.NGAS.RT.ZS,Natural gas rents (% of GDP),2007,0,,1
LCA,St. Lucia,NY.GDP.NGAS.RT.ZS,Natural gas rents (% of GDP),2006,0,,1
LCA,St. Lucia,NY.GDP.NGAS.RT.ZS,Natural gas rents (% of GDP),2005,0,,1
LCA,St. Lucia,NY.GDP.NGAS.RT.ZS,Natural gas rents (% of GDP),2004,0,,1
LCA,St. Lucia,NY.GDP.NGAS.RT.ZS,Natural gas rents (% of GDP),2003,0,,1
LCA,St. Lucia,NY.GDP.NGAS.RT.ZS,Natural gas rents (% of GDP),2002,0,,1
LCA,St. Lucia,NY.GDP.NGAS.RT.ZS,Natural gas rents (% of GDP),2001,0,,1
LCA,St. Lucia,NY.GDP.NGAS.RT.ZS,Natural gas rents (% of GDP),2000,0,,1
LCA,St. Lucia,NY.GDP.NGAS.RT.ZS,Natural gas rents (% of GDP),1999,0,,1
LCA,St. Lucia,NY.GDP.NGAS.RT.ZS,Natural gas rents (% of GDP),1998,0,,1
LCA,St. Lucia,NY.GDP.NGAS.RT.ZS,Natural gas rents (% of GDP),1997,0,,1
LCA,St. Lucia,NY.GDP.NGAS.RT.ZS,Natural gas rents (% of GDP),1996,0,,1
LCA,St. Lucia,NY.GDP.NGAS.RT.ZS,Natural gas rents (% of GDP),1995,0,,1
LCA,St. Lucia,NY.GDP.NGAS.RT.ZS,Natural gas rents (% of GDP),1994,0,,1
LCA,St. Lucia,NY.GDP.NGAS.RT.ZS,Natural gas rents (% of GDP),1993,0,,1
LCA,St. Lucia,NY.GDP.NGAS.RT.ZS,Natural gas rents (% of GDP),1992,0,,1
LCA,St. Lucia,NY.GDP.NGAS.RT.ZS,Natural gas rents (% of GDP),1991,0,,1
LCA,St. Lucia,NY.GDP.NGAS.RT.ZS,Natural gas rents (% of GDP),1990,0,,1
LCA,St. Lucia,NY.GDP.NGAS.RT.ZS,Natural gas rents (% of GDP),1989,0,,1
LCA,St. Lucia,NY.GDP.NGAS.RT.ZS,Natural gas rents (% of GDP),1988,0,,1
LCA,St. Lucia,NY.GDP.NGAS.RT.ZS,Natural gas rents (% of GDP),1987,0,,1
LCA,St. Lucia,NY.GDP.NGAS.RT.ZS,Natural gas rents (% of GDP),1986,0,,1
LCA,St. Lucia,NY.GDP.NGAS.RT.ZS,Natural gas rents (% of GDP),1985,0,,1
LCA,St. Lucia,NY.GDP.NGAS.RT.ZS,Natural gas rents (% of GDP),1984,0,,1
LCA,St. Lucia,NY.GDP.NGAS.RT.ZS,Natural gas rents (% of GDP),1983,0,,1
LCA,St. Lucia,NY.GDP.NGAS.RT.ZS,Natural gas rents (% of GDP),1982,0,,1
LCA,St. Lucia,NY.GDP.NGAS.RT.ZS,Natural gas rents (% of GDP),1981,0,,1
LCA,St. Lucia,NY.GDP.NGAS.RT.ZS,Natural gas rents (% of GDP),1980,0,,1
VCT,St. Vincent and the Grenadines,NY.GDP.NGAS.RT.ZS,Natural gas rents (% of GDP),2021,0,,1
VCT,St. Vincent and the Grenadines,NY.GDP.NGAS.RT.ZS,Natural gas rents (% of GDP),2020,0,,1
VCT,St. Vincent and the Grenadines,NY.GDP.NGAS.RT.ZS,Natural gas rents (% of GDP),2019,0,,1
VCT,St. Vincent and the Grenadines,NY.GDP.NGAS.RT.ZS,Natural gas rents (% of GDP),2018,0,,1
VCT,St. Vincent and the Grenadines,NY.GDP.NGAS.RT.ZS,Natural gas rents (% of GDP),2017,0,,1
VCT,St. Vincent and the Grenadines,NY.GDP.NGAS.RT.ZS,Natural gas rents (% of GDP),2016,0,,1
VCT,St. Vincent and the Grenadines,NY.GDP.NGAS.RT.ZS,Natural gas rents (% of GDP),2015,0,,1
VCT,St. Vincent and the Grenadines,NY.GDP.NGAS.RT.ZS,Natural gas rents (% of GDP),2014,0,,1
VCT,St. Vincent and the Grenadines,NY.GDP.NGAS.RT.ZS,Natural gas rents (% of GDP),2013,0,,1
VCT,St. Vincent and the Grenadines,NY.GDP.NGAS.RT.ZS,Natural gas rents (% of GDP),2012,0,,1
VCT,St. Vincent and the Grenadines,NY.GDP.NGAS.RT.ZS,Natural gas rents (% of GDP),2011,0,,1
VCT,St. Vincent and the Grenadines,NY.GDP.NGAS.RT.ZS,Natural gas rents (% of GDP),2010,0,,1
VCT,St. Vincent and the Grenadines,NY.GDP.NGAS.RT.ZS,Natural gas rents (% of GDP),2009,0,,1
VCT,St. Vincent and the Grenadines,NY.GDP.NGAS.RT.ZS,Natural gas rents (% of GDP),2008,0,,1
VCT,St. Vincent and the Grenadines,NY.GDP.NGAS.RT.ZS,Natural gas rents (% of GDP),2007,0,,1
VCT,St. Vincent and the Grenadines,NY.GDP.NGAS.RT.ZS,Natural gas rents (% of GDP),2006,0,,1
VCT,St. Vincent and the Grenadines,NY.GDP.NGAS.RT.ZS,Natural gas rents (% of GDP),2005,0,,1
VCT,St. Vincent and the Grenadines,NY.GDP.NGAS.RT.ZS,Natural gas rents (% of GDP),2004,0,,1
VCT,St. Vincent and the Grenadines,NY.GDP.NGAS.RT.ZS,Natural gas rents (% of GDP),2003,0,,1
VCT,St. Vincent and the Grenadines,NY.GDP.NGAS.RT.ZS,Natural gas rents (% of GDP),2002,0,,1
VCT,St. Vincent and the Grenadines,NY.GDP.NGAS.RT.ZS,Natural gas rents (% of GDP),2001,0,,1
VCT,St. Vincent and the Grenadines,NY.GDP.NGAS.RT.ZS,Natural gas rents (% of GDP),2000,0,,1
VCT,St. Vincent and the Grenadines,NY.GDP.NGAS.RT.ZS,Natural gas rents (% of GDP),1999,0,,1
VCT,St. Vincent and the Grenadines,NY.GDP.NGAS.RT.ZS,Natural gas rents (% of GDP),1998,0,,1
VCT,St. Vincent and the Grenadines,NY.GDP.NGAS.RT.ZS,Natural gas rents (% of GDP),1997,0,,1
VCT,St. Vincent and the Grenadines,NY.GDP.NGAS.RT.ZS,Natural gas rents (% of GDP),1996,0,,1
VCT,St. Vincent and the Grenadines,NY.GDP.NGAS.RT.ZS,Natural gas rents (% of GDP),1995,0,,1
VCT,St. Vincent and the Grenadines,NY.GDP.NGAS.RT.ZS,Natural gas rents (% of GDP),1994,0,,1
VCT,St. Vincent and the Grenadines,NY.GDP.NGAS.RT.ZS,Natural gas rents (% of GDP),1993,0,,1
VCT,St. Vincent and the Grenadines,NY.GDP.NGAS.RT.ZS,Natural gas rents (% of GDP),1992,0,,1
VCT,St. Vincent and the Grenadines,NY.GDP.NGAS.RT.ZS,Natural gas rents (% of GDP),1991,0,,1
VCT,St. Vincent and the Grenadines,NY.GDP.NGAS.RT.ZS,Natural gas rents (% of GDP),1990,0,,1
VCT,St. Vincent and the Grenadines,NY.GDP.NGAS.RT.ZS,Natural gas rents (% of GDP),1989,0,,1
VCT,St. Vincent and the Grenadines,NY.GDP.NGAS.RT.ZS,Natural gas rents (% of GDP),1988,0,,1
VCT,St. Vincent and the Grenadines,NY.GDP.NGAS.RT.ZS,Natural gas rents (% of GDP),1987,0,,1
VCT,St. Vincent and the Grenadines,NY.GDP.NGAS.RT.ZS,Natural gas rents (% of GDP),1986,0,,1
VCT,St. Vincent and the Grenadines,NY.GDP.NGAS.RT.ZS,Natural gas rents (% of GDP),1985,0,,1
VCT,St. Vincent and the Grenadines,NY.GDP.NGAS.RT.ZS,Natural gas rents (% of GDP),1984,0,,1
VCT,St. Vincent and the Grenadines,NY.GDP.NGAS.RT.ZS,Natural gas rents (% of GDP),1983,0,,1
VCT,St. Vincent and the Grenadines,NY.GDP.NGAS.RT.ZS,Natural gas rents (% of GDP),1982,0,,1
VCT,St. Vincent and the Grenadines,NY.GDP.NGAS.RT.ZS,Natural gas rents (% of GDP),1981,0,,1
VCT,St. Vincent and the Grenadines,NY.GDP.NGAS.RT.ZS,Natural gas rents (% of GDP),1980,0,,1
SDN,Sudan,NY.GDP.NGAS.RT.ZS,Natural gas rents (% of GDP),2021,0,,1
SDN,Sudan,NY.GDP.NGAS.RT.ZS,Natural gas rents (% of GDP),2020,0,,1
SDN,Sudan,NY.GDP.NGAS.RT.ZS,Natural gas rents (% of GDP),2019,0,,1
SDN,Sudan,NY.GDP.NGAS.RT.ZS,Natural gas rents (% of GDP),2018,0,,1
SDN,Sudan,NY.GDP.NGAS.RT.ZS,Natural gas rents (% of GDP),2017,0,,1
SDN,Sudan,NY.GDP.NGAS.RT.ZS,Natural gas rents (% of GDP),2016,0,,1
SDN,Sudan,NY.GDP.NGAS.RT.ZS,Natural gas rents (% of GDP),2015,0,,1
SDN,Sudan,NY.GDP.NGAS.RT.ZS,Natural gas rents (% of GDP),2014,0,,1
SDN,Sudan,NY.GDP.NGAS.RT.ZS,Natural gas rents (% of GDP),2013,0,,1
SDN,Sudan,NY.GDP.NGAS.RT.ZS,Natural gas rents (% of GDP),2012,0,,1
SDN,Sudan,NY.GDP.NGAS.RT.ZS,Natural gas rents (% of GDP),2011,0,,1
SDN,Sudan,NY.GDP.NGAS.RT.ZS,Natural gas rents (% of GDP),2010,0,,1
SDN,Sudan,NY.GDP.NGAS.RT.ZS,Natural gas rents (% of GDP),2009,0,,1
SDN,Sudan,NY.GDP.NGAS.RT.ZS,Natural gas rents (% of GDP),2008,0,,1
SDN,Sudan,NY.GDP.NGAS.RT.ZS,Natural gas rents (% of GDP),2007,0,,1
SDN,Sudan,NY.GDP.NGAS.RT.ZS,Natural gas rents (% of GDP),2006,0,,1
SDN,Sudan,NY.GDP.NGAS.RT.ZS,Natural gas rents (% of GDP),2005,0,,1
SDN,Sudan,NY.GDP.NGAS.RT.ZS,Natural gas rents (% of GDP),2004,0,,1
SDN,Sudan,NY.GDP.NGAS.RT.ZS,Natural gas rents (% of GDP),2003,0,,1
SDN,Sudan,NY.GDP.NGAS.RT.ZS,Natural gas rents (% of GDP),2002,0,,1
SDN,Sudan,NY.GDP.NGAS.RT.ZS,Natural gas rents (% of GDP),2001,0,,1
SDN,Sudan,NY.GDP.NGAS.RT.ZS,Natural gas rents (% of GDP),2000,0,,1
SDN,Sudan,NY.GDP.NGAS.RT.ZS,Natural gas rents (% of GDP),1999,0,,1
SDN,Sudan,NY.GDP.NGAS.RT.ZS,Natural gas rents (% of GDP),1998,0,,1
SDN,Sudan,NY.GDP.NGAS.RT.ZS,Natural gas rents (% of GDP),1997,0,,1
SDN,Sudan,NY.GDP.NGAS.RT.ZS,Natural gas rents (% of GDP),1996,0,,1
SDN,Sudan,NY.GDP.NGAS.RT.ZS,Natural gas rents (% of GDP),1995,0,,1
SDN,Sudan,NY.GDP.NGAS.RT.ZS,Natural gas rents (% of GDP),1994,0,,1
SDN,Sudan,NY.GDP.NGAS.RT.ZS,Natural gas rents (% of GDP),1993,0,,1
SDN,Sudan,NY.GDP.NGAS.RT.ZS,Natural gas rents (% of GDP),1992,0,,1
SDN,Sudan,NY.GDP.NGAS.RT.ZS,Natural gas rents (% of GDP),1991,0,,1
SDN,Sudan,NY.GDP.NGAS.RT.ZS,Natural gas rents (% of GDP),1990,0,,1
SDN,Sudan,NY.GDP.NGAS.RT.ZS,Natural gas rents (% of GDP),1989,0,,1
SDN,Sudan,NY.GDP.NGAS.RT.ZS,Natural gas rents (% of GDP),1988,0,,1
SDN,Sudan,NY.GDP.NGAS.RT.ZS,Natural gas rents (% of GDP),1987,0,,1
SDN,Sudan,NY.GDP.NGAS.RT.ZS,Natural gas rents (% of GDP),1986,0,,1
SDN,Sudan,NY.GDP.NGAS.RT.ZS,Natural gas rents (% of GDP),1985,0,,1
SDN,Sudan,NY.GDP.NGAS.RT.ZS,Natural gas rents (% of GDP),1984,0,,1
SDN,Sudan,NY.GDP.NGAS.RT.ZS,Natural gas rents (% of GDP),1983,0,,1
SDN,Sudan,NY.GDP.NGAS.RT.ZS,Natural gas rents (% of GDP),1982,0,,1
SDN,Sudan,NY.GDP.NGAS.RT.ZS,Natural gas rents (% of GDP),1981,0,,1
SDN,Sudan,NY.GDP.NGAS.RT.ZS,Natural gas rents (% of GDP),1980,0,,1
SDN,Sudan,NY.GDP.NGAS.RT.ZS,Natural gas rents (% of GDP),1979,0,,1
SDN,Sudan,NY.GDP.NGAS.RT.ZS,Natural gas rents (% of GDP),1978,0,,1
SDN,Sudan,NY.GDP.NGAS.RT.ZS,Natural gas rents (% of GDP),1977,0,,1
SDN,Sudan,NY.GDP.NGAS.RT.ZS,Natural gas rents (% of GDP),1976,0,,1
SDN,Sudan,NY.GDP.NGAS.RT.ZS,Natural gas rents (% of GDP),1975,0,,1
SDN,Sudan,NY.GDP.NGAS.RT.ZS,Natural gas rents (% of GDP),1974,0,,1
SDN,Sudan,NY.GDP.NGAS.RT.ZS,Natural gas rents (% of GDP),1973,0,,1
SDN,Sudan,NY.GDP.NGAS.RT.ZS,Natural gas rents (% of GDP),1972,0,,1
SDN,Sudan,NY.GDP.NGAS.RT.ZS,Natural gas rents (% of GDP),1971,0,,1
SUR,Suriname,NY.GDP.NGAS.RT.ZS,Natural gas rents (% of GDP),2021,0.0114578354460793,,1
SUR,Suriname,NY.GDP.NGAS.RT.ZS,Natural gas rents (% of GDP),2020,0.00684154892246027,,1
SUR,Suriname,NY.GDP.NGAS.RT.ZS,Natural gas rents (% of GDP),2019,0.00846646242140979,,1
SUR,Suriname,NY.GDP.NGAS.RT.ZS,Natural gas rents (% of GDP),2018,0.00737873336980985,,1
SUR,Suriname,NY.GDP.NGAS.RT.ZS,Natural gas rents (% of GDP),2017,0.00317085396129406,,1
SUR,Suriname,NY.GDP.NGAS.RT.ZS,Natural gas rents (% of GDP),2016,0.00233689561096421,,1
SUR,Suriname,NY.GDP.NGAS.RT.ZS,Natural gas rents (% of GDP),2015,0.00330640376556208,,1
SUR,Suriname,NY.GDP.NGAS.RT.ZS,Natural gas rents (% of GDP),2014,0.00688355150663509,,1
SUR,Suriname,NY.GDP.NGAS.RT.ZS,Natural gas rents (% of GDP),2013,0.00768155481017302,,1
SUR,Suriname,NY.GDP.NGAS.RT.ZS,Natural gas rents (% of GDP),2012,0.00690641151904793,,1
SUR,Suriname,NY.GDP.NGAS.RT.ZS,Natural gas rents (% of GDP),2011,0.00722009941861965,,1
SUR,Suriname,NY.GDP.NGAS.RT.ZS,Natural gas rents (% of GDP),2010,0.00347379559881753,,1
SUR,Suriname,NY.GDP.NGAS.RT.ZS,Natural gas rents (% of GDP),2009,0.00559849754758138,,1
SUR,Suriname,NY.GDP.NGAS.RT.ZS,Natural gas rents (% of GDP),2008,0.00562867252367857,,1
SUR,Suriname,NY.GDP.NGAS.RT.ZS,Natural gas rents (% of GDP),2007,0.00560098747178887,,1
SUR,Suriname,NY.GDP.NGAS.RT.ZS,Natural gas rents (% of GDP),2006,0.004588553096066,,1
SUR,Suriname,NY.GDP.NGAS.RT.ZS,Natural gas rents (% of GDP),2005,0.00434836752071831,,1
SUR,Suriname,NY.GDP.NGAS.RT.ZS,Natural gas rents (% of GDP),2004,0.00259232773732333,,1
SUR,Suriname,NY.GDP.NGAS.RT.ZS,Natural gas rents (% of GDP),2003,0.00314292556142868,,1
SUR,Suriname,NY.GDP.NGAS.RT.ZS,Natural gas rents (% of GDP),2002,0.00502510473211313,,1
SUR,Suriname,NY.GDP.NGAS.RT.ZS,Natural gas rents (% of GDP),2001,0.0088000500514565,,1
SUR,Suriname,NY.GDP.NGAS.RT.ZS,Natural gas rents (% of GDP),2000,0,,1
SUR,Suriname,NY.GDP.NGAS.RT.ZS,Natural gas rents (% of GDP),1999,0,,1
SUR,Suriname,NY.GDP.NGAS.RT.ZS,Natural gas rents (% of GDP),1998,0,,1
SUR,Suriname,NY.GDP.NGAS.RT.ZS,Natural gas rents (% of GDP),1997,0,,1
SUR,Suriname,NY.GDP.NGAS.RT.ZS,Natural gas rents (% of GDP),1996,0,,1
SUR,Suriname,NY.GDP.NGAS.RT.ZS,Natural gas rents (% of GDP),1995,0,,1
SUR,Suriname,NY.GDP.NGAS.RT.ZS,Natural gas rents (% of GDP),1994,0,,1
SUR,Suriname,NY.GDP.NGAS.RT.ZS,Natural gas rents (% of GDP),1993,0,,1
SUR,Suriname,NY.GDP.NGAS.RT.ZS,Natural gas rents (% of GDP),1992,0,,1
SUR,Suriname,NY.GDP.NGAS.RT.ZS,Natural gas rents (% of GDP),1991,0,,1
SUR,Suriname,NY.GDP.NGAS.RT.ZS,Natural gas rents (% of GDP),1990,0,,1
SUR,Suriname,NY.GDP.NGAS.RT.ZS,Natural gas rents (% of GDP),1989,0,,1
SUR,Suriname,NY.GDP.NGAS.RT.ZS,Natural gas rents (% of GDP),1988,0,,1
SUR,Suriname,NY.GDP.NGAS.RT.ZS,Natural gas rents (% of GDP),1987,0,,1
SUR,Suriname,NY.GDP.NGAS.RT.ZS,Natural gas rents (% of GDP),1986,0,,1
SUR,Suriname,NY.GDP.NGAS.RT.ZS,Natural gas rents (% of GDP),1985,0,,1
SUR,Suriname,NY.GDP.NGAS.RT.ZS,Natural gas rents (% of GDP),1984,0,,1
SUR,Suriname,NY.GDP.NGAS.RT.ZS,Natural gas rents (% of GDP),1983,0,,1
SUR,Suriname,NY.GDP.NGAS.RT.ZS,Natural gas rents (% of GDP),1982,0,,1
SUR,Suriname,NY.GDP.NGAS.RT.ZS,Natural gas rents (% of GDP),1981,0,,1
SUR,Suriname,NY.GDP.NGAS.RT.ZS,Natural gas rents (% of GDP),1980,0,,1
SWE,Sweden,NY.GDP.NGAS.RT.ZS,Natural gas rents (% of GDP),2021,0,,1
SWE,Sweden,NY.GDP.NGAS.RT.ZS,Natural gas rents (% of GDP),2020,0,,1
SWE,Sweden,NY.GDP.NGAS.RT.ZS,Natural gas rents (% of GDP),2019,0,,1
SWE,Sweden,NY.GDP.NGAS.RT.ZS,Natural gas rents (% of GDP),2018,0,,1
SWE,Sweden,NY.GDP.NGAS.RT.ZS,Natural gas rents (% of GDP),2017,0,,1
SWE,Sweden,NY.GDP.NGAS.RT.ZS,Natural gas rents (% of GDP),2016,0,,1
SWE,Sweden,NY.GDP.NGAS.RT.ZS,Natural gas rents (% of GDP),2015,0,,1
SWE,Sweden,NY.GDP.NGAS.RT.ZS,Natural gas rents (% of GDP),2014,0,,1
SWE,Sweden,NY.GDP.NGAS.RT.ZS,Natural gas rents (% of GDP),2013,0,,1
SWE,Sweden,NY.GDP.NGAS.RT.ZS,Natural gas rents (% of GDP),2012,0,,1
SWE,Sweden,NY.GDP.NGAS.RT.ZS,Natural gas rents (% of GDP),2011,0,,1
SWE,Sweden,NY.GDP.NGAS.RT.ZS,Natural gas rents (% of GDP),2010,0,,1
SWE,Sweden,NY.GDP.NGAS.RT.ZS,Natural gas rents (% of GDP),2009,0,,1
SWE,Sweden,NY.GDP.NGAS.RT.ZS,Natural gas rents (% of GDP),2008,0,,1
SWE,Sweden,NY.GDP.NGAS.RT.ZS,Natural gas rents (% of GDP),2007,0,,1
SWE,Sweden,NY.GDP.NGAS.RT.ZS,Natural gas rents (% of GDP),2006,0,,1
SWE,Sweden,NY.GDP.NGAS.RT.ZS,Natural gas rents (% of GDP),2005,0,,1
SWE,Sweden,NY.GDP.NGAS.RT.ZS,Natural gas rents (% of GDP),2004,0,,1
SWE,Sweden,NY.GDP.NGAS.RT.ZS,Natural gas rents (% of GDP),2003,0,,1
SWE,Sweden,NY.GDP.NGAS.RT.ZS,Natural gas rents (% of GDP),2002,0,,1
SWE,Sweden,NY.GDP.NGAS.RT.ZS,Natural gas rents (% of GDP),2001,0,,1
SWE,Sweden,NY.GDP.NGAS.RT.ZS,Natural gas rents (% of GDP),2000,0,,1
SWE,Sweden,NY.GDP.NGAS.RT.ZS,Natural gas rents (% of GDP),1999,0,,1
SWE,Sweden,NY.GDP.NGAS.RT.ZS,Natural gas rents (% of GDP),1998,0,,1
SWE,Sweden,NY.GDP.NGAS.RT.ZS,Natural gas rents (% of GDP),1997,0,,1
SWE,Sweden,NY.GDP.NGAS.RT.ZS,Natural gas rents (% of GDP),1996,0,,1
SWE,Sweden,NY.GDP.NGAS.RT.ZS,Natural gas rents (% of GDP),1995,0,,1
SWE,Sweden,NY.GDP.NGAS.RT.ZS,Natural gas rents (% of GDP),1994,0,,1
SWE,Sweden,NY.GDP.NGAS.RT.ZS,Natural gas rents (% of GDP),1993,0,,1
SWE,Sweden,NY.GDP.NGAS.RT.ZS,Natural gas rents (% of GDP),1992,0,,1
SWE,Sweden,NY.GDP.NGAS.RT.ZS,Natural gas rents (% of GDP),1991,0,,1
SWE,Sweden,NY.GDP.NGAS.RT.ZS,Natural gas rents (% of GDP),1990,0,,1
SWE,Sweden,NY.GDP.NGAS.RT.ZS,Natural gas rents (% of GDP),1989,0,,1
SWE,Sweden,NY.GDP.NGAS.RT.ZS,Natural gas rents (% of GDP),1988,0,,1
SWE,Sweden,NY.GDP.NGAS.RT.ZS,Natural gas rents (% of GDP),1987,0,,1
SWE,Sweden,NY.GDP.NGAS.RT.ZS,Natural gas rents (% of GDP),1986,0,,1
SWE,Sweden,NY.GDP.NGAS.RT.ZS,Natural gas rents (% of GDP),1985,0,,1
SWE,Sweden,NY.GDP.NGAS.RT.ZS,Natural gas rents (% of GDP),1984,0,,1
SWE,Sweden,NY.GDP.NGAS.RT.ZS,Natural gas rents (% of GDP),1983,0,,1
SWE,Sweden,NY.GDP.NGAS.RT.ZS,Natural gas rents (% of GDP),1982,0,,1
SWE,Sweden,NY.GDP.NGAS.RT.ZS,Natural gas rents (% of GDP),1981,0,,1
SWE,Sweden,NY.GDP.NGAS.RT.ZS,Natural gas rents (% of GDP),1980,0,,1
SWE,Sweden,NY.GDP.NGAS.RT.ZS,Natural gas rents (% of GDP),1979,0,,1
SWE,Sweden,NY.GDP.NGAS.RT.ZS,Natural gas rents (% of GDP),1978,0,,1
SWE,Sweden,NY.GDP.NGAS.RT.ZS,Natural gas rents (% of GDP),1977,0,,1
SWE,Sweden,NY.GDP.NGAS.RT.ZS,Natural gas rents (% of GDP),1976,0,,1
SWE,Sweden,NY.GDP.NGAS.RT.ZS,Natural gas rents (% of GDP),1975,0,,1
SWE,Sweden,NY.GDP.NGAS.RT.ZS,Natural gas rents (% of GDP),1974,0,,1
SWE,Sweden,NY.GDP.NGAS.RT.ZS,Natural gas rents (% of GDP),1973,0,,1
SWE,Sweden,NY.GDP.NGAS.RT.ZS,Natural gas rents (% of GDP),1972,0,,1
SWE,Sweden,NY.GDP.NGAS.RT.ZS,Natural gas rents (% of GDP),1971,0,,1
SWE,Sweden,NY.GDP.NGAS.RT.ZS,Natural gas rents (% of GDP),1970,0,,1
CHE,Switzerland,NY.GDP.NGAS.RT.ZS,Natural gas rents (% of GDP),2021,0,,1
CHE,Switzerland,NY.GDP.NGAS.RT.ZS,Natural gas rents (% of GDP),2020,0,,1
CHE,Switzerland,NY.GDP.NGAS.RT.ZS,Natural gas rents (% of GDP),2019,0,,1
CHE,Switzerland,NY.GDP.NGAS.RT.ZS,Natural gas rents (% of GDP),2018,0,,1
CHE,Switzerland,NY.GDP.NGAS.RT.ZS,Natural gas rents (% of GDP),2017,0,,1
CHE,Switzerland,NY.GDP.NGAS.RT.ZS,Natural gas rents (% of GDP),2016,0,,1
CHE,Switzerland,NY.GDP.NGAS.RT.ZS,Natural gas rents (% of GDP),2015,0,,1
CHE,Switzerland,NY.GDP.NGAS.RT.ZS,Natural gas rents (% of GDP),2014,0,,1
CHE,Switzerland,NY.GDP.NGAS.RT.ZS,Natural gas rents (% of GDP),2013,0,,1
CHE,Switzerland,NY.GDP.NGAS.RT.ZS,Natural gas rents (% of GDP),2012,0,,1
CHE,Switzerland,NY.GDP.NGAS.RT.ZS,Natural gas rents (% of GDP),2011,0,,1
CHE,Switzerland,NY.GDP.NGAS.RT.ZS,Natural gas rents (% of GDP),2010,0,,1
CHE,Switzerland,NY.GDP.NGAS.RT.ZS,Natural gas rents (% of GDP),2009,0,,1
CHE,Switzerland,NY.GDP.NGAS.RT.ZS,Natural gas rents (% of GDP),2008,0,,1
CHE,Switzerland,NY.GDP.NGAS.RT.ZS,Natural gas rents (% of GDP),2007,0,,1
CHE,Switzerland,NY.GDP.NGAS.RT.ZS,Natural gas rents (% of GDP),2006,0,,1
CHE,Switzerland,NY.GDP.NGAS.RT.ZS,Natural gas rents (% of GDP),2005,0,,1
CHE,Switzerland,NY.GDP.NGAS.RT.ZS,Natural gas rents (% of GDP),2004,0,,1
CHE,Switzerland,NY.GDP.NGAS.RT.ZS,Natural gas rents (% of GDP),2003,0,,1
CHE,Switzerland,NY.GDP.NGAS.RT.ZS,Natural gas rents (% of GDP),2002,0,,1
CHE,Switzerland,NY.GDP.NGAS.RT.ZS,Natural gas rents (% of GDP),2001,0,,1
CHE,Switzerland,NY.GDP.NGAS.RT.ZS,Natural gas rents (% of GDP),2000,0,,1
CHE,Switzerland,NY.GDP.NGAS.RT.ZS,Natural gas rents (% of GDP),1999,0,,1
CHE,Switzerland,NY.GDP.NGAS.RT.ZS,Natural gas rents (% of GDP),1998,0,,1
CHE,Switzerland,NY.GDP.NGAS.RT.ZS,Natural gas rents (% of GDP),1997,0,,1
CHE,Switzerland,NY.GDP.NGAS.RT.ZS,Natural gas rents (% of GDP),1996,0,,1
CHE,Switzerland,NY.GDP.NGAS.RT.ZS,Natural gas rents (% of GDP),1995,0,,1
CHE,Switzerland,NY.GDP.NGAS.RT.ZS,Natural gas rents (% of GDP),1994,4.37153720340599e-06,,1
CHE,Switzerland,NY.GDP.NGAS.RT.ZS,Natural gas rents (% of GDP),1993,9.96984088687989e-06,,1
CHE,Switzerland,NY.GDP.NGAS.RT.ZS,Natural gas rents (% of GDP),1992,6.44796022674242e-06,,1
CHE,Switzerland,NY.GDP.NGAS.RT.ZS,Natural gas rents (% of GDP),1991,1.26354380718431e-05,,1
CHE,Switzerland,NY.GDP.NGAS.RT.ZS,Natural gas rents (% of GDP),1990,2.41975953514502e-05,,1
CHE,Switzerland,NY.GDP.NGAS.RT.ZS,Natural gas rents (% of GDP),1989,1.39026769117188e-05,,1
CHE,Switzerland,NY.GDP.NGAS.RT.ZS,Natural gas rents (% of GDP),1988,2.51750591147481e-05,,1
CHE,Switzerland,NY.GDP.NGAS.RT.ZS,Natural gas rents (% of GDP),1987,4.63037968362586e-05,,1
CHE,Switzerland,NY.GDP.NGAS.RT.ZS,Natural gas rents (% of GDP),1986,0.000368087542954923,,1
CHE,Switzerland,NY.GDP.NGAS.RT.ZS,Natural gas rents (% of GDP),1985,0.00052180167588979,,1
CHE,Switzerland,NY.GDP.NGAS.RT.ZS,Natural gas rents (% of GDP),1984,0,,1
CHE,Switzerland,NY.GDP.NGAS.RT.ZS,Natural gas rents (% of GDP),1983,0,,1
CHE,Switzerland,NY.GDP.NGAS.RT.ZS,Natural gas rents (% of GDP),1982,0,,1
CHE,Switzerland,NY.GDP.NGAS.RT.ZS,Natural gas rents (% of GDP),1981,0,,1
CHE,Switzerland,NY.GDP.NGAS.RT.ZS,Natural gas rents (% of GDP),1980,0,,1
SYR,Syrian Arab Republic,NY.GDP.NGAS.RT.ZS,Natural gas rents (% of GDP),2020,2.33049215153531,,1
SYR,Syrian Arab Republic,NY.GDP.NGAS.RT.ZS,Natural gas rents (% of GDP),2019,1.28568177450559,,1
SYR,Syrian Arab Republic,NY.GDP.NGAS.RT.ZS,Natural gas rents (% of GDP),2018,1.45527201835553,,1
SYR,Syrian Arab Republic,NY.GDP.NGAS.RT.ZS,Natural gas rents (% of GDP),2017,1.19779659055655,,1
SYR,Syrian Arab Republic,NY.GDP.NGAS.RT.ZS,Natural gas rents (% of GDP),2016,1.30377150544308,,1
SYR,Syrian Arab Republic,NY.GDP.NGAS.RT.ZS,Natural gas rents (% of GDP),2015,1.51664453933771,,1
SYR,Syrian Arab Republic,NY.GDP.NGAS.RT.ZS,Natural gas rents (% of GDP),2014,1.78816109480561,,1
SYR,Syrian Arab Republic,NY.GDP.NGAS.RT.ZS,Natural gas rents (% of GDP),2013,2.06076023244341,,1
SYR,Syrian Arab Republic,NY.GDP.NGAS.RT.ZS,Natural gas rents (% of GDP),2012,1.21586112609928,,1
SYR,Syrian Arab Republic,NY.GDP.NGAS.RT.ZS,Natural gas rents (% of GDP),2011,0.921556688835187,,1
SYR,Syrian Arab Republic,NY.GDP.NGAS.RT.ZS,Natural gas rents (% of GDP),2010,0.219467459099197,,1
SYR,Syrian Arab Republic,NY.GDP.NGAS.RT.ZS,Natural gas rents (% of GDP),2009,0.194996151328667,,1
SYR,Syrian Arab Republic,NY.GDP.NGAS.RT.ZS,Natural gas rents (% of GDP),2008,0.177136328257636,,1
SYR,Syrian Arab Republic,NY.GDP.NGAS.RT.ZS,Natural gas rents (% of GDP),2007,0.208110443917523,,1
SYR,Syrian Arab Republic,NY.GDP.NGAS.RT.ZS,Natural gas rents (% of GDP),2006,0.244769083877966,,1
SYR,Syrian Arab Republic,NY.GDP.NGAS.RT.ZS,Natural gas rents (% of GDP),2005,0.243289229404521,,1
SYR,Syrian Arab Republic,NY.GDP.NGAS.RT.ZS,Natural gas rents (% of GDP),2004,0.261697893974132,,1
SYR,Syrian Arab Republic,NY.GDP.NGAS.RT.ZS,Natural gas rents (% of GDP),2003,0.278268172734875,,1
SYR,Syrian Arab Republic,NY.GDP.NGAS.RT.ZS,Natural gas rents (% of GDP),2002,0.302584914619139,,1
SYR,Syrian Arab Republic,NY.GDP.NGAS.RT.ZS,Natural gas rents (% of GDP),2001,0.302685305856379,,1
SYR,Syrian Arab Republic,NY.GDP.NGAS.RT.ZS,Natural gas rents (% of GDP),2000,0.316939048157981,,1
SYR,Syrian Arab Republic,NY.GDP.NGAS.RT.ZS,Natural gas rents (% of GDP),1999,0.271984500428486,,1
SYR,Syrian Arab Republic,NY.GDP.NGAS.RT.ZS,Natural gas rents (% of GDP),1998,0.282578526409711,,1
SYR,Syrian Arab Republic,NY.GDP.NGAS.RT.ZS,Natural gas rents (% of GDP),1997,0.255767536456045,,1
SYR,Syrian Arab Republic,NY.GDP.NGAS.RT.ZS,Natural gas rents (% of GDP),1996,0.2286211077537,,1
SYR,Syrian Arab Republic,NY.GDP.NGAS.RT.ZS,Natural gas rents (% of GDP),1995,0.185361198615347,,1
SYR,Syrian Arab Republic,NY.GDP.NGAS.RT.ZS,Natural gas rents (% of GDP),1994,0.250971342156214,,1
SYR,Syrian Arab Republic,NY.GDP.NGAS.RT.ZS,Natural gas rents (% of GDP),1993,0.28413289010584,,1
SYR,Syrian Arab Republic,NY.GDP.NGAS.RT.ZS,Natural gas rents (% of GDP),1992,0.294257757808473,,1
SYR,Syrian Arab Republic,NY.GDP.NGAS.RT.ZS,Natural gas rents (% of GDP),1991,0.357725837663305,,1
SYR,Syrian Arab Republic,NY.GDP.NGAS.RT.ZS,Natural gas rents (% of GDP),1990,0.360407226944227,,1
SYR,Syrian Arab Republic,NY.GDP.NGAS.RT.ZS,Natural gas rents (% of GDP),1989,0.14125071301687,,1
SYR,Syrian Arab Republic,NY.GDP.NGAS.RT.ZS,Natural gas rents (% of GDP),1988,0.0834178586346553,,1
SYR,Syrian Arab Republic,NY.GDP.NGAS.RT.ZS,Natural gas rents (% of GDP),1987,0.0508802813585206,,1
SYR,Syrian Arab Republic,NY.GDP.NGAS.RT.ZS,Natural gas rents (% of GDP),1986,0.0302527458694018,,1
SYR,Syrian Arab Republic,NY.GDP.NGAS.RT.ZS,Natural gas rents (% of GDP),1985,0.0188696092298042,,1
SYR,Syrian Arab Republic,NY.GDP.NGAS.RT.ZS,Natural gas rents (% of GDP),1984,0.0389254547573918,,1
SYR,Syrian Arab Republic,NY.GDP.NGAS.RT.ZS,Natural gas rents (% of GDP),1983,0.0438120145475615,,1
SYR,Syrian Arab Republic,NY.GDP.NGAS.RT.ZS,Natural gas rents (% of GDP),1982,0.015747859388655,,1
SYR,Syrian Arab Republic,NY.GDP.NGAS.RT.ZS,Natural gas rents (% of GDP),1981,0.0418489988572949,,1
SYR,Syrian Arab Republic,NY.GDP.NGAS.RT.ZS,Natural gas rents (% of GDP),1980,0.120746067422329,,1
SYR,Syrian Arab Republic,NY.GDP.NGAS.RT.ZS,Natural gas rents (% of GDP),1979,0.157583049483535,,1
SYR,Syrian Arab Republic,NY.GDP.NGAS.RT.ZS,Natural gas rents (% of GDP),1978,0.116714433486016,,1
SYR,Syrian Arab Republic,NY.GDP.NGAS.RT.ZS,Natural gas rents (% of GDP),1977,0.117434044146612,,1
SYR,Syrian Arab Republic,NY.GDP.NGAS.RT.ZS,Natural gas rents (% of GDP),1976,0.0999947253453612,,1
SYR,Syrian Arab Republic,NY.GDP.NGAS.RT.ZS,Natural gas rents (% of GDP),1975,0.110176911061907,,1
SYR,Syrian Arab Republic,NY.GDP.NGAS.RT.ZS,Natural gas rents (% of GDP),1974,0,,1
SYR,Syrian Arab Republic,NY.GDP.NGAS.RT.ZS,Natural gas rents (% of GDP),1973,0,,1
SYR,Syrian Arab Republic,NY.GDP.NGAS.RT.ZS,Natural gas rents (% of GDP),1972,0,,1
SYR,Syrian Arab Republic,NY.GDP.NGAS.RT.ZS,Natural gas rents (% of GDP),1971,0,,1
SYR,Syrian Arab Republic,NY.GDP.NGAS.RT.ZS,Natural gas rents (% of GDP),1970,0,,1
TJK,Tajikistan,NY.GDP.NGAS.RT.ZS,Natural gas rents (% of GDP),2021,0.171084791793257,,1
TJK,Tajikistan,NY.GDP.NGAS.RT.ZS,Natural gas rents (% of GDP),2020,0.0309684488157527,,1
TJK,Tajikistan,NY.GDP.NGAS.RT.ZS,Natural gas rents (% of GDP),2019,0.0519023694772061,,1
TJK,Tajikistan,NY.GDP.NGAS.RT.ZS,Natural gas rents (% of GDP),2018,0.0658682090762832,,1
TJK,Tajikistan,NY.GDP.NGAS.RT.ZS,Natural gas rents (% of GDP),2017,0.0324362754535535,,1
TJK,Tajikistan,NY.GDP.NGAS.RT.ZS,Natural gas rents (% of GDP),2016,0.0140810763423515,,1
TJK,Tajikistan,NY.GDP.NGAS.RT.ZS,Natural gas rents (% of GDP),2015,0.0175908036386464,,1
TJK,Tajikistan,NY.GDP.NGAS.RT.ZS,Natural gas rents (% of GDP),2014,0.031210224913698,,1
TJK,Tajikistan,NY.GDP.NGAS.RT.ZS,Natural gas rents (% of GDP),2013,0.0168700383004247,,1
TJK,Tajikistan,NY.GDP.NGAS.RT.ZS,Natural gas rents (% of GDP),2012,0.0218974409095776,,1
TJK,Tajikistan,NY.GDP.NGAS.RT.ZS,Natural gas rents (% of GDP),2011,0.0307790333350719,,1
TJK,Tajikistan,NY.GDP.NGAS.RT.ZS,Natural gas rents (% of GDP),2010,0.049856903124005,,1
TJK,Tajikistan,NY.GDP.NGAS.RT.ZS,Natural gas rents (% of GDP),2009,0.0585409622594694,,1
TJK,Tajikistan,NY.GDP.NGAS.RT.ZS,Natural gas rents (% of GDP),2008,0.0627381712148385,,1
TJK,Tajikistan,NY.GDP.NGAS.RT.ZS,Natural gas rents (% of GDP),2007,0.032368940223179,,1
TJK,Tajikistan,NY.GDP.NGAS.RT.ZS,Natural gas rents (% of GDP),2006,0.0736062135566721,,1
TJK,Tajikistan,NY.GDP.NGAS.RT.ZS,Natural gas rents (% of GDP),2005,0.0459221665736546,,1
TJK,Tajikistan,NY.GDP.NGAS.RT.ZS,Natural gas rents (% of GDP),2004,0.0578619435039931,,1
TJK,Tajikistan,NY.GDP.NGAS.RT.ZS,Natural gas rents (% of GDP),2003,0.0885959717666604,,1
TJK,Tajikistan,NY.GDP.NGAS.RT.ZS,Natural gas rents (% of GDP),2002,0.05365227247548,,1
TJK,Tajikistan,NY.GDP.NGAS.RT.ZS,Natural gas rents (% of GDP),2001,0.193213990239822,,1
TJK,Tajikistan,NY.GDP.NGAS.RT.ZS,Natural gas rents (% of GDP),2000,0.0914729859877723,,1
TJK,Tajikistan,NY.GDP.NGAS.RT.ZS,Natural gas rents (% of GDP),1999,0.0158957769990364,,1
TJK,Tajikistan,NY.GDP.NGAS.RT.ZS,Natural gas rents (% of GDP),1998,0.0134157175820725,,1
TJK,Tajikistan,NY.GDP.NGAS.RT.ZS,Natural gas rents (% of GDP),1997,0.0996840320864752,,1
TJK,Tajikistan,NY.GDP.NGAS.RT.ZS,Natural gas rents (% of GDP),1996,0.0627872589507447,,1
TJK,Tajikistan,NY.GDP.NGAS.RT.ZS,Natural gas rents (% of GDP),1995,0.0698627836175062,,1
TJK,Tajikistan,NY.GDP.NGAS.RT.ZS,Natural gas rents (% of GDP),1994,0.0266003297428213,,1
TJK,Tajikistan,NY.GDP.NGAS.RT.ZS,Natural gas rents (% of GDP),1993,0.038944567824051,,1
TJK,Tajikistan,NY.GDP.NGAS.RT.ZS,Natural gas rents (% of GDP),1992,0.0251100175961889,,1
TJK,Tajikistan,NY.GDP.NGAS.RT.ZS,Natural gas rents (% of GDP),1991,0.28071707096217,,1
TJK,Tajikistan,NY.GDP.NGAS.RT.ZS,Natural gas rents (% of GDP),1990,0.245461164162692,,1
TZA,Tanzania,NY.GDP.NGAS.RT.ZS,Natural gas rents (% of GDP),2021,0.223340416897822,,1
TZA,Tanzania,NY.GDP.NGAS.RT.ZS,Natural gas rents (% of GDP),2020,0.125414392830039,,1
TZA,Tanzania,NY.GDP.NGAS.RT.ZS,Natural gas rents (% of GDP),2019,0.185559026652075,,1
TZA,Tanzania,NY.GDP.NGAS.RT.ZS,Natural gas rents (% of GDP),2018,0.197788905211452,,1
TZA,Tanzania,NY.GDP.NGAS.RT.ZS,Natural gas rents (% of GDP),2017,0.0996973020864147,,1
TZA,Tanzania,NY.GDP.NGAS.RT.ZS,Natural gas rents (% of GDP),2016,0.0828972587378178,,1
TZA,Tanzania,NY.GDP.NGAS.RT.ZS,Natural gas rents (% of GDP),2015,0.0958189291565574,,1
TZA,Tanzania,NY.GDP.NGAS.RT.ZS,Natural gas rents (% of GDP),2014,0.106190378675112,,1
TZA,Tanzania,NY.GDP.NGAS.RT.ZS,Natural gas rents (% of GDP),2013,0.139651250540847,,1
TZA,Tanzania,NY.GDP.NGAS.RT.ZS,Natural gas rents (% of GDP),2012,0.1543339847838,,1
TZA,Tanzania,NY.GDP.NGAS.RT.ZS,Natural gas rents (% of GDP),2011,0.147129405103243,,1
TZA,Tanzania,NY.GDP.NGAS.RT.ZS,Natural gas rents (% of GDP),2010,0.168958230297154,,1
TZA,Tanzania,NY.GDP.NGAS.RT.ZS,Natural gas rents (% of GDP),2009,0.141555701163361,,1
TZA,Tanzania,NY.GDP.NGAS.RT.ZS,Natural gas rents (% of GDP),2008,0.146624246080538,,1
TZA,Tanzania,NY.GDP.NGAS.RT.ZS,Natural gas rents (% of GDP),2007,0.143202560221599,,1
TZA,Tanzania,NY.GDP.NGAS.RT.ZS,Natural gas rents (% of GDP),2006,0.165461735035215,,1
TZA,Tanzania,NY.GDP.NGAS.RT.ZS,Natural gas rents (% of GDP),2005,0.0458836863030524,,1
TZA,Tanzania,NY.GDP.NGAS.RT.ZS,Natural gas rents (% of GDP),2004,0.0274931382987407,,1
TZA,Tanzania,NY.GDP.NGAS.RT.ZS,Natural gas rents (% of GDP),2003,0,,1
TZA,Tanzania,NY.GDP.NGAS.RT.ZS,Natural gas rents (% of GDP),2002,0,,1
TZA,Tanzania,NY.GDP.NGAS.RT.ZS,Natural gas rents (% of GDP),2001,0,,1
TZA,Tanzania,NY.GDP.NGAS.RT.ZS,Natural gas rents (% of GDP),2000,0,,1
TZA,Tanzania,NY.GDP.NGAS.RT.ZS,Natural gas rents (% of GDP),1999,0,,1
TZA,Tanzania,NY.GDP.NGAS.RT.ZS,Natural gas rents (% of GDP),1998,0,,1
TZA,Tanzania,NY.GDP.NGAS.RT.ZS,Natural gas rents (% of GDP),1997,0,,1
TZA,Tanzania,NY.GDP.NGAS.RT.ZS,Natural gas rents (% of GDP),1996,0,,1
TZA,Tanzania,NY.GDP.NGAS.RT.ZS,Natural gas rents (% of GDP),1995,0,,1
TZA,Tanzania,NY.GDP.NGAS.RT.ZS,Natural gas rents (% of GDP),1994,0,,1
TZA,Tanzania,NY.GDP.NGAS.RT.ZS,Natural gas rents (% of GDP),1993,0,,1
TZA,Tanzania,NY.GDP.NGAS.RT.ZS,Natural gas rents (% of GDP),1992,0,,1
TZA,Tanzania,NY.GDP.NGAS.RT.ZS,Natural gas rents (% of GDP),1991,0,,1
TZA,Tanzania,NY.GDP.NGAS.RT.ZS,Natural gas rents (% of GDP),1990,0,,1
TZA,Tanzania,NY.GDP.NGAS.RT.ZS,Natural gas rents (% of GDP),1989,0,,1
TZA,Tanzania,NY.GDP.NGAS.RT.ZS,Natural gas rents (% of GDP),1988,0,,1
THA,Thailand,NY.GDP.NGAS.RT.ZS,Natural gas rents (% of GDP),2021,0.939553101701137,,1
THA,Thailand,NY.GDP.NGAS.RT.ZS,Natural gas rents (% of GDP),2020,0.543937782887483,,1
THA,Thailand,NY.GDP.NGAS.RT.ZS,Natural gas rents (% of GDP),2019,0.700466145845722,,1
THA,Thailand,NY.GDP.NGAS.RT.ZS,Natural gas rents (% of GDP),2018,0.71765709497686,,1
THA,Thailand,NY.GDP.NGAS.RT.ZS,Natural gas rents (% of GDP),2017,0.552732935145776,,1
THA,Thailand,NY.GDP.NGAS.RT.ZS,Natural gas rents (% of GDP),2016,0.627532636140883,,1
THA,Thailand,NY.GDP.NGAS.RT.ZS,Natural gas rents (% of GDP),2015,0.902161446047801,,1
THA,Thailand,NY.GDP.NGAS.RT.ZS,Natural gas rents (% of GDP),2014,0.911946344345926,,1
THA,Thailand,NY.GDP.NGAS.RT.ZS,Natural gas rents (% of GDP),2013,0.653181573962076,,1
THA,Thailand,NY.GDP.NGAS.RT.ZS,Natural gas rents (% of GDP),2012,0.651357695835709,,1
THA,Thailand,NY.GDP.NGAS.RT.ZS,Natural gas rents (% of GDP),2011,0.611077945620696,,1
THA,Thailand,NY.GDP.NGAS.RT.ZS,Natural gas rents (% of GDP),2010,0.671954379420834,,1
THA,Thailand,NY.GDP.NGAS.RT.ZS,Natural gas rents (% of GDP),2009,0.643700115109854,,1
THA,Thailand,NY.GDP.NGAS.RT.ZS,Natural gas rents (% of GDP),2008,0.693431593342433,,1
THA,Thailand,NY.GDP.NGAS.RT.ZS,Natural gas rents (% of GDP),2007,0.613973903264137,,1
THA,Thailand,NY.GDP.NGAS.RT.ZS,Natural gas rents (% of GDP),2006,0.710630622575337,,1
THA,Thailand,NY.GDP.NGAS.RT.ZS,Natural gas rents (% of GDP),2005,0.91076699997037,,1
THA,Thailand,NY.GDP.NGAS.RT.ZS,Natural gas rents (% of GDP),2004,0.938004279981584,,1
THA,Thailand,NY.GDP.NGAS.RT.ZS,Natural gas rents (% of GDP),2003,0.893375521627429,,1
THA,Thailand,NY.GDP.NGAS.RT.ZS,Natural gas rents (% of GDP),2002,0.762297559806926,,1
THA,Thailand,NY.GDP.NGAS.RT.ZS,Natural gas rents (% of GDP),2001,0.925077140569247,,1
THA,Thailand,NY.GDP.NGAS.RT.ZS,Natural gas rents (% of GDP),2000,0.99488283784735,,1
THA,Thailand,NY.GDP.NGAS.RT.ZS,Natural gas rents (% of GDP),1999,0.605655584869871,,1
THA,Thailand,NY.GDP.NGAS.RT.ZS,Natural gas rents (% of GDP),1998,0.562424657089437,,1
THA,Thailand,NY.GDP.NGAS.RT.ZS,Natural gas rents (% of GDP),1997,0.539955160295128,,1
THA,Thailand,NY.GDP.NGAS.RT.ZS,Natural gas rents (% of GDP),1996,0.350365205446619,,1
THA,Thailand,NY.GDP.NGAS.RT.ZS,Natural gas rents (% of GDP),1995,0.276167198070395,,1
THA,Thailand,NY.GDP.NGAS.RT.ZS,Natural gas rents (% of GDP),1994,0.290985678665476,,1
THA,Thailand,NY.GDP.NGAS.RT.ZS,Natural gas rents (% of GDP),1993,0.262412377140147,,1
THA,Thailand,NY.GDP.NGAS.RT.ZS,Natural gas rents (% of GDP),1992,0.229012991913058,,1
THA,Thailand,NY.GDP.NGAS.RT.ZS,Natural gas rents (% of GDP),1991,0.224722297368653,,1
THA,Thailand,NY.GDP.NGAS.RT.ZS,Natural gas rents (% of GDP),1990,0.249744851223849,,1
THA,Thailand,NY.GDP.NGAS.RT.ZS,Natural gas rents (% of GDP),1989,0.204369623751815,,1
THA,Thailand,NY.GDP.NGAS.RT.ZS,Natural gas rents (% of GDP),1988,0.21663113855748,,1
THA,Thailand,NY.GDP.NGAS.RT.ZS,Natural gas rents (% of GDP),1987,0.266457824321674,,1
THA,Thailand,NY.GDP.NGAS.RT.ZS,Natural gas rents (% of GDP),1986,0.254893401524591,,1
THA,Thailand,NY.GDP.NGAS.RT.ZS,Natural gas rents (% of GDP),1985,0.188638737212488,,1
THA,Thailand,NY.GDP.NGAS.RT.ZS,Natural gas rents (% of GDP),1984,0.0888161280662401,,1
THA,Thailand,NY.GDP.NGAS.RT.ZS,Natural gas rents (% of GDP),1983,0.0477760783685262,,1
THA,Thailand,NY.GDP.NGAS.RT.ZS,Natural gas rents (% of GDP),1982,0.0215291533707685,,1
THA,Thailand,NY.GDP.NGAS.RT.ZS,Natural gas rents (% of GDP),1981,0.0153795498028067,,1
THA,Thailand,NY.GDP.NGAS.RT.ZS,Natural gas rents (% of GDP),1980,0,,1
THA,Thailand,NY.GDP.NGAS.RT.ZS,Natural gas rents (% of GDP),1979,0,,1
THA,Thailand,NY.GDP.NGAS.RT.ZS,Natural gas rents (% of GDP),1978,0,,1
THA,Thailand,NY.GDP.NGAS.RT.ZS,Natural gas rents (% of GDP),1977,0,,1
THA,Thailand,NY.GDP.NGAS.RT.ZS,Natural gas rents (% of GDP),1976,0,,1
THA,Thailand,NY.GDP.NGAS.RT.ZS,Natural gas rents (% of GDP),1975,0,,1
THA,Thailand,NY.GDP.NGAS.RT.ZS,Natural gas rents (% of GDP),1974,0,,1
THA,Thailand,NY.GDP.NGAS.RT.ZS,Natural gas rents (% of GDP),1973,0,,1
THA,Thailand,NY.GDP.NGAS.RT.ZS,Natural gas rents (% of GDP),1972,0,,1
THA,Thailand,NY.GDP.NGAS.RT.ZS,Natural gas rents (% of GDP),1971,0,,1
THA,Thailand,NY.GDP.NGAS.RT.ZS,Natural gas rents (% of GDP),1970,0,,1
TLS,Timor-Leste,NY.GDP.NGAS.RT.ZS,Natural gas rents (% of GDP),2021,29.3788715937531,,1
TLS,Timor-Leste,NY.GDP.NGAS.RT.ZS,Natural gas rents (% of GDP),2020,31.4935640709367,,1
TLS,Timor-Leste,NY.GDP.NGAS.RT.ZS,Natural gas rents (% of GDP),2019,32.2080214709969,,1
TLS,Timor-Leste,NY.GDP.NGAS.RT.ZS,Natural gas rents (% of GDP),2018,48.1395183547075,,1
TLS,Timor-Leste,NY.GDP.NGAS.RT.ZS,Natural gas rents (% of GDP),2017,31.3550190725644,,1
TLS,Timor-Leste,NY.GDP.NGAS.RT.ZS,Natural gas rents (% of GDP),2016,31.7471782643786,,1
TLS,Timor-Leste,NY.GDP.NGAS.RT.ZS,Natural gas rents (% of GDP),2015,54.9035548013805,,1
TLS,Timor-Leste,NY.GDP.NGAS.RT.ZS,Natural gas rents (% of GDP),2003,0,,1
TGO,Togo,NY.GDP.NGAS.RT.ZS,Natural gas rents (% of GDP),2021,0,,1
TGO,Togo,NY.GDP.NGAS.RT.ZS,Natural gas rents (% of GDP),2020,0,,1
TGO,Togo,NY.GDP.NGAS.RT.ZS,Natural gas rents (% of GDP),2019,0,,1
TGO,Togo,NY.GDP.NGAS.RT.ZS,Natural gas rents (% of GDP),2018,0,,1
TGO,Togo,NY.GDP.NGAS.RT.ZS,Natural gas rents (% of GDP),2017,0,,1
TGO,Togo,NY.GDP.NGAS.RT.ZS,Natural gas rents (% of GDP),2016,0,,1
TGO,Togo,NY.GDP.NGAS.RT.ZS,Natural gas rents (% of GDP),2015,0,,1
TGO,Togo,NY.GDP.NGAS.RT.ZS,Natural gas rents (% of GDP),2014,0,,1
TGO,Togo,NY.GDP.NGAS.RT.ZS,Natural gas rents (% of GDP),2013,0,,1
TGO,Togo,NY.GDP.NGAS.RT.ZS,Natural gas rents (% of GDP),2012,0,,1
TGO,Togo,NY.GDP.NGAS.RT.ZS,Natural gas rents (% of GDP),2011,0,,1
TGO,Togo,NY.GDP.NGAS.RT.ZS,Natural gas rents (% of GDP),2010,0,,1
TGO,Togo,NY.GDP.NGAS.RT.ZS,Natural gas rents (% of GDP),2009,0,,1
TGO,Togo,NY.GDP.NGAS.RT.ZS,Natural gas rents (% of GDP),2008,0,,1
TGO,Togo,NY.GDP.NGAS.RT.ZS,Natural gas rents (% of GDP),2007,0,,1
TGO,Togo,NY.GDP.NGAS.RT.ZS,Natural gas rents (% of GDP),2006,0,,1
TGO,Togo,NY.GDP.NGAS.RT.ZS,Natural gas rents (% of GDP),2005,0,,1
TGO,Togo,NY.GDP.NGAS.RT.ZS,Natural gas rents (% of GDP),2004,0,,1
TGO,Togo,NY.GDP.NGAS.RT.ZS,Natural gas rents (% of GDP),2003,0,,1
TGO,Togo,NY.GDP.NGAS.RT.ZS,Natural gas rents (% of GDP),2002,0,,1
TGO,Togo,NY.GDP.NGAS.RT.ZS,Natural gas rents (% of GDP),2001,0,,1
TGO,Togo,NY.GDP.NGAS.RT.ZS,Natural gas rents (% of GDP),2000,0,,1
TGO,Togo,NY.GDP.NGAS.RT.ZS,Natural gas rents (% of GDP),1999,0,,1
TGO,Togo,NY.GDP.NGAS.RT.ZS,Natural gas rents (% of GDP),1998,0,,1
TGO,Togo,NY.GDP.NGAS.RT.ZS,Natural gas rents (% of GDP),1997,0,,1
TGO,Togo,NY.GDP.NGAS.RT.ZS,Natural gas rents (% of GDP),1996,0,,1
TGO,Togo,NY.GDP.NGAS.RT.ZS,Natural gas rents (% of GDP),1995,0,,1
TGO,Togo,NY.GDP.NGAS.RT.ZS,Natural gas rents (% of GDP),1994,0,,1
TGO,Togo,NY.GDP.NGAS.RT.ZS,Natural gas rents (% of GDP),1993,0,,1
TGO,Togo,NY.GDP.NGAS.RT.ZS,Natural gas rents (% of GDP),1992,0,,1
TGO,Togo,NY.GDP.NGAS.RT.ZS,Natural gas rents (% of GDP),1991,0,,1
TGO,Togo,NY.GDP.NGAS.RT.ZS,Natural gas rents (% of GDP),1990,0,,1
TGO,Togo,NY.GDP.NGAS.RT.ZS,Natural gas rents (% of GDP),1989,0,,1
TGO,Togo,NY.GDP.NGAS.RT.ZS,Natural gas rents (% of GDP),1988,0,,1
TGO,Togo,NY.GDP.NGAS.RT.ZS,Natural gas rents (% of GDP),1987,0,,1
TGO,Togo,NY.GDP.NGAS.RT.ZS,Natural gas rents (% of GDP),1986,0,,1
TGO,Togo,NY.GDP.NGAS.RT.ZS,Natural gas rents (% of GDP),1985,0,,1
TGO,Togo,NY.GDP.NGAS.RT.ZS,Natural gas rents (% of GDP),1984,0,,1
TGO,Togo,NY.GDP.NGAS.RT.ZS,Natural gas rents (% of GDP),1983,0,,1
TGO,Togo,NY.GDP.NGAS.RT.ZS,Natural gas rents (% of GDP),1982,0,,1
TGO,Togo,NY.GDP.NGAS.RT.ZS,Natural gas rents (% of GDP),1981,0,,1
TGO,Togo,NY.GDP.NGAS.RT.ZS,Natural gas rents (% of GDP),1980,0,,1
TGO,Togo,NY.GDP.NGAS.RT.ZS,Natural gas rents (% of GDP),1979,0,,1
TGO,Togo,NY.GDP.NGAS.RT.ZS,Natural gas rents (% of GDP),1978,0,,1
TGO,Togo,NY.GDP.NGAS.RT.ZS,Natural gas rents (% of GDP),1977,0,,1
TGO,Togo,NY.GDP.NGAS.RT.ZS,Natural gas rents (% of GDP),1976,0,,1
TGO,Togo,NY.GDP.NGAS.RT.ZS,Natural gas rents (% of GDP),1975,0,,1
TGO,Togo,NY.GDP.NGAS.RT.ZS,Natural gas rents (% of GDP),1974,0,,1
TGO,Togo,NY.GDP.NGAS.RT.ZS,Natural gas rents (% of GDP),1973,0,,1
TGO,Togo,NY.GDP.NGAS.RT.ZS,Natural gas rents (% of GDP),1972,0,,1
TGO,Togo,NY.GDP.NGAS.RT.ZS,Natural gas rents (% of GDP),1971,0,,1
TON,Tonga,NY.GDP.NGAS.RT.ZS,Natural gas rents (% of GDP),2021,0,,1
TON,Tonga,NY.GDP.NGAS.RT.ZS,Natural gas rents (% of GDP),2020,0,,1
TON,Tonga,NY.GDP.NGAS.RT.ZS,Natural gas rents (% of GDP),2019,0,,1
TON,Tonga,NY.GDP.NGAS.RT.ZS,Natural gas rents (% of GDP),2018,0,,1
TON,Tonga,NY.GDP.NGAS.RT.ZS,Natural gas rents (% of GDP),2017,0,,1
TON,Tonga,NY.GDP.NGAS.RT.ZS,Natural gas rents (% of GDP),2016,0,,1
TON,Tonga,NY.GDP.NGAS.RT.ZS,Natural gas rents (% of GDP),2015,0,,1
TON,Tonga,NY.GDP.NGAS.RT.ZS,Natural gas rents (% of GDP),2014,0,,1
TON,Tonga,NY.GDP.NGAS.RT.ZS,Natural gas rents (% of GDP),2013,0,,1
TON,Tonga,NY.GDP.NGAS.RT.ZS,Natural gas rents (% of GDP),2012,0,,1
TON,Tonga,NY.GDP.NGAS.RT.ZS,Natural gas rents (% of GDP),2011,0,,1
TON,Tonga,NY.GDP.NGAS.RT.ZS,Natural gas rents (% of GDP),2010,0,,1
TON,Tonga,NY.GDP.NGAS.RT.ZS,Natural gas rents (% of GDP),2009,0,,1
TON,Tonga,NY.GDP.NGAS.RT.ZS,Natural gas rents (% of GDP),2008,0,,1
TON,Tonga,NY.GDP.NGAS.RT.ZS,Natural gas rents (% of GDP),2007,0,,1
TON,Tonga,NY.GDP.NGAS.RT.ZS,Natural gas rents (% of GDP),2006,0,,1
TON,Tonga,NY.GDP.NGAS.RT.ZS,Natural gas rents (% of GDP),2005,0,,1
TON,Tonga,NY.GDP.NGAS.RT.ZS,Natural gas rents (% of GDP),2004,0,,1
TON,Tonga,NY.GDP.NGAS.RT.ZS,Natural gas rents (% of GDP),2003,0,,1
TON,Tonga,NY.GDP.NGAS.RT.ZS,Natural gas rents (% of GDP),2002,0,,1
TON,Tonga,NY.GDP.NGAS.RT.ZS,Natural gas rents (% of GDP),2001,0,,1
TON,Tonga,NY.GDP.NGAS.RT.ZS,Natural gas rents (% of GDP),2000,0,,1
TON,Tonga,NY.GDP.NGAS.RT.ZS,Natural gas rents (% of GDP),1999,0,,1
TON,Tonga,NY.GDP.NGAS.RT.ZS,Natural gas rents (% of GDP),1998,0,,1
TON,Tonga,NY.GDP.NGAS.RT.ZS,Natural gas rents (% of GDP),1997,0,,1
TON,Tonga,NY.GDP.NGAS.RT.ZS,Natural gas rents (% of GDP),1996,0,,1
TON,Tonga,NY.GDP.NGAS.RT.ZS,Natural gas rents (% of GDP),1995,0,,1
TON,Tonga,NY.GDP.NGAS.RT.ZS,Natural gas rents (% of GDP),1994,0,,1
TON,Tonga,NY.GDP.NGAS.RT.ZS,Natural gas rents (% of GDP),1993,0,,1
TON,Tonga,NY.GDP.NGAS.RT.ZS,Natural gas rents (% of GDP),1992,0,,1
TON,Tonga,NY.GDP.NGAS.RT.ZS,Natural gas rents (% of GDP),1991,0,,1
TON,Tonga,NY.GDP.NGAS.RT.ZS,Natural gas rents (% of GDP),1990,0,,1
TON,Tonga,NY.GDP.NGAS.RT.ZS,Natural gas rents (% of GDP),1989,0,,1
TON,Tonga,NY.GDP.NGAS.RT.ZS,Natural gas rents (% of GDP),1988,0,,1
TON,Tonga,NY.GDP.NGAS.RT.ZS,Natural gas rents (% of GDP),1987,0,,1
TON,Tonga,NY.GDP.NGAS.RT.ZS,Natural gas rents (% of GDP),1986,0,,1
TON,Tonga,NY.GDP.NGAS.RT.ZS,Natural gas rents (% of GDP),1985,0,,1
TON,Tonga,NY.GDP.NGAS.RT.ZS,Natural gas rents (% of GDP),1984,0,,1
TON,Tonga,NY.GDP.NGAS.RT.ZS,Natural gas rents (% of GDP),1983,0,,1
TON,Tonga,NY.GDP.NGAS.RT.ZS,Natural gas rents (% of GDP),1982,0,,1
TON,Tonga,NY.GDP.NGAS.RT.ZS,Natural gas rents (% of GDP),1981,0,,1
TON,Tonga,NY.GDP.NGAS.RT.ZS,Natural gas rents (% of GDP),1980,0,,1
TTO,Trinidad and Tobago,NY.GDP.NGAS.RT.ZS,Natural gas rents (% of GDP),2021,5.09452537557754,,1
TTO,Trinidad and Tobago,NY.GDP.NGAS.RT.ZS,Natural gas rents (% of GDP),2020,4.38267376233176,,1
TTO,Trinidad and Tobago,NY.GDP.NGAS.RT.ZS,Natural gas rents (% of GDP),2019,8.23659935274206,,1
TTO,Trinidad and Tobago,NY.GDP.NGAS.RT.ZS,Natural gas rents (% of GDP),2018,7.50401786552981,,1
TTO,Trinidad and Tobago,NY.GDP.NGAS.RT.ZS,Natural gas rents (% of GDP),2017,3.01281216994103,,1
TTO,Trinidad and Tobago,NY.GDP.NGAS.RT.ZS,Natural gas rents (% of GDP),2016,2.23549470018448,,1
TTO,Trinidad and Tobago,NY.GDP.NGAS.RT.ZS,Natural gas rents (% of GDP),2015,5.23561682641395,,1
TTO,Trinidad and Tobago,NY.GDP.NGAS.RT.ZS,Natural gas rents (% of GDP),2014,9.97338093351379,,1
TTO,Trinidad and Tobago,NY.GDP.NGAS.RT.ZS,Natural gas rents (% of GDP),2013,12.4709238479791,,1
TTO,Trinidad and Tobago,NY.GDP.NGAS.RT.ZS,Natural gas rents (% of GDP),2012,11.3897470587304,,1
TTO,Trinidad and Tobago,NY.GDP.NGAS.RT.ZS,Natural gas rents (% of GDP),2011,11.699135017833,,1
TTO,Trinidad and Tobago,NY.GDP.NGAS.RT.ZS,Natural gas rents (% of GDP),2010,6.15581814921932,,1
TTO,Trinidad and Tobago,NY.GDP.NGAS.RT.ZS,Natural gas rents (% of GDP),2009,9.64203595057167,,1
TTO,Trinidad and Tobago,NY.GDP.NGAS.RT.ZS,Natural gas rents (% of GDP),2008,5.83750090698681,,1
TTO,Trinidad and Tobago,NY.GDP.NGAS.RT.ZS,Natural gas rents (% of GDP),2007,6.68974803356777,,1
TTO,Trinidad and Tobago,NY.GDP.NGAS.RT.ZS,Natural gas rents (% of GDP),2006,6.12814812345329,,1
TTO,Trinidad and Tobago,NY.GDP.NGAS.RT.ZS,Natural gas rents (% of GDP),2005,4.25076767239782,,1
TTO,Trinidad and Tobago,NY.GDP.NGAS.RT.ZS,Natural gas rents (% of GDP),2004,2.36518324540915,,1
TTO,Trinidad and Tobago,NY.GDP.NGAS.RT.ZS,Natural gas rents (% of GDP),2003,2.66348882364855,,1
TTO,Trinidad and Tobago,NY.GDP.NGAS.RT.ZS,Natural gas rents (% of GDP),2002,2.88169357636383,,1
TTO,Trinidad and Tobago,NY.GDP.NGAS.RT.ZS,Natural gas rents (% of GDP),2001,3.30683344360185,,1
TTO,Trinidad and Tobago,NY.GDP.NGAS.RT.ZS,Natural gas rents (% of GDP),2000,3.34791429564949,,1
TTO,Trinidad and Tobago,NY.GDP.NGAS.RT.ZS,Natural gas rents (% of GDP),1999,1.85374826650399,,1
TTO,Trinidad and Tobago,NY.GDP.NGAS.RT.ZS,Natural gas rents (% of GDP),1998,1.13952718203698,,1
TTO,Trinidad and Tobago,NY.GDP.NGAS.RT.ZS,Natural gas rents (% of GDP),1997,1.56242998764938,,1
TTO,Trinidad and Tobago,NY.GDP.NGAS.RT.ZS,Natural gas rents (% of GDP),1996,1.44315146510097,,1
TTO,Trinidad and Tobago,NY.GDP.NGAS.RT.ZS,Natural gas rents (% of GDP),1995,1.33483319065797,,1
TTO,Trinidad and Tobago,NY.GDP.NGAS.RT.ZS,Natural gas rents (% of GDP),1994,1.54263993868097,,1
TTO,Trinidad and Tobago,NY.GDP.NGAS.RT.ZS,Natural gas rents (% of GDP),1993,1.64916315328289,,1
TTO,Trinidad and Tobago,NY.GDP.NGAS.RT.ZS,Natural gas rents (% of GDP),1992,1.0183039178995,,1
TTO,Trinidad and Tobago,NY.GDP.NGAS.RT.ZS,Natural gas rents (% of GDP),1991,1.20384806307992,,1
TTO,Trinidad and Tobago,NY.GDP.NGAS.RT.ZS,Natural gas rents (% of GDP),1990,1.37027101299972,,1
TTO,Trinidad and Tobago,NY.GDP.NGAS.RT.ZS,Natural gas rents (% of GDP),1989,1.15184127625465,,1
TTO,Trinidad and Tobago,NY.GDP.NGAS.RT.ZS,Natural gas rents (% of GDP),1988,0.862466177351588,,1
TTO,Trinidad and Tobago,NY.GDP.NGAS.RT.ZS,Natural gas rents (% of GDP),1987,0.854189026416529,,1
TTO,Trinidad and Tobago,NY.GDP.NGAS.RT.ZS,Natural gas rents (% of GDP),1986,1.22364988092933,,1
TTO,Trinidad and Tobago,NY.GDP.NGAS.RT.ZS,Natural gas rents (% of GDP),1985,1.34877000857305,,1
TTO,Trinidad and Tobago,NY.GDP.NGAS.RT.ZS,Natural gas rents (% of GDP),1984,1.16612545916778,,1
TTO,Trinidad and Tobago,NY.GDP.NGAS.RT.ZS,Natural gas rents (% of GDP),1983,0.690474610798764,,1
TTO,Trinidad and Tobago,NY.GDP.NGAS.RT.ZS,Natural gas rents (% of GDP),1982,0.0974168892508651,,1
TTO,Trinidad and Tobago,NY.GDP.NGAS.RT.ZS,Natural gas rents (% of GDP),1981,0.426980170070862,,1
TTO,Trinidad and Tobago,NY.GDP.NGAS.RT.ZS,Natural gas rents (% of GDP),1980,0.784883814689822,,1
TTO,Trinidad and Tobago,NY.GDP.NGAS.RT.ZS,Natural gas rents (% of GDP),1979,0.44848943245949,,1
TTO,Trinidad and Tobago,NY.GDP.NGAS.RT.ZS,Natural gas rents (% of GDP),1978,0.0787204095511784,,1
TTO,Trinidad and Tobago,NY.GDP.NGAS.RT.ZS,Natural gas rents (% of GDP),1977,0.0315894358864919,,1
TTO,Trinidad and Tobago,NY.GDP.NGAS.RT.ZS,Natural gas rents (% of GDP),1976,0.45496991835851,,1
TTO,Trinidad and Tobago,NY.GDP.NGAS.RT.ZS,Natural gas rents (% of GDP),1975,0.421542190449993,,1
TTO,Trinidad and Tobago,NY.GDP.NGAS.RT.ZS,Natural gas rents (% of GDP),1974,0.296274941034618,,1
TTO,Trinidad and Tobago,NY.GDP.NGAS.RT.ZS,Natural gas rents (% of GDP),1973,0.0682106020335483,,1
TTO,Trinidad and Tobago,NY.GDP.NGAS.RT.ZS,Natural gas rents (% of GDP),1972,0.0873096123598612,,1
TTO,Trinidad and Tobago,NY.GDP.NGAS.RT.ZS,Natural gas rents (% of GDP),1971,0.0109917596114109,,1
TTO,Trinidad and Tobago,NY.GDP.NGAS.RT.ZS,Natural gas rents (% of GDP),1970,0.00738985735901074,,1
TUN,Tunisia,NY.GDP.NGAS.RT.ZS,Natural gas rents (% of GDP),2021,0.490998034663024,,1
TUN,Tunisia,NY.GDP.NGAS.RT.ZS,Natural gas rents (% of GDP),2020,0.303269986625323,,1
TUN,Tunisia,NY.GDP.NGAS.RT.ZS,Natural gas rents (% of GDP),2019,0.308497305696956,,1
TUN,Tunisia,NY.GDP.NGAS.RT.ZS,Natural gas rents (% of GDP),2018,0.349896451978522,,1
TUN,Tunisia,NY.GDP.NGAS.RT.ZS,Natural gas rents (% of GDP),2017,0.236433459699936,,1
TUN,Tunisia,NY.GDP.NGAS.RT.ZS,Natural gas rents (% of GDP),2016,0.200869985868404,,1
TUN,Tunisia,NY.GDP.NGAS.RT.ZS,Natural gas rents (% of GDP),2015,0.273682848307775,,1
TUN,Tunisia,NY.GDP.NGAS.RT.ZS,Natural gas rents (% of GDP),2014,0.423423922784946,,1
TUN,Tunisia,NY.GDP.NGAS.RT.ZS,Natural gas rents (% of GDP),2013,0.377752029966356,,1
TUN,Tunisia,NY.GDP.NGAS.RT.ZS,Natural gas rents (% of GDP),2012,0.408148119994012,,1
TUN,Tunisia,NY.GDP.NGAS.RT.ZS,Natural gas rents (% of GDP),2011,0.401895741504081,,1
TUN,Tunisia,NY.GDP.NGAS.RT.ZS,Natural gas rents (% of GDP),2010,0.344709194218594,,1
TUN,Tunisia,NY.GDP.NGAS.RT.ZS,Natural gas rents (% of GDP),2009,0.433746795352291,,1
TUN,Tunisia,NY.GDP.NGAS.RT.ZS,Natural gas rents (% of GDP),2008,0.37588783467175,,1
TUN,Tunisia,NY.GDP.NGAS.RT.ZS,Natural gas rents (% of GDP),2007,0.319954538590018,,1
TUN,Tunisia,NY.GDP.NGAS.RT.ZS,Natural gas rents (% of GDP),2006,0.399209536359326,,1
TUN,Tunisia,NY.GDP.NGAS.RT.ZS,Natural gas rents (% of GDP),2005,0.399210558815731,,1
TUN,Tunisia,NY.GDP.NGAS.RT.ZS,Natural gas rents (% of GDP),2004,0.306609417741814,,1
TUN,Tunisia,NY.GDP.NGAS.RT.ZS,Natural gas rents (% of GDP),2003,0.309246533605607,,1
TUN,Tunisia,NY.GDP.NGAS.RT.ZS,Natural gas rents (% of GDP),2002,0.357072478190354,,1
TUN,Tunisia,NY.GDP.NGAS.RT.ZS,Natural gas rents (% of GDP),2001,0.457939517042706,,1
TUN,Tunisia,NY.GDP.NGAS.RT.ZS,Natural gas rents (% of GDP),2000,0.361382132616902,,1
TUN,Tunisia,NY.GDP.NGAS.RT.ZS,Natural gas rents (% of GDP),1999,0.259413813220188,,1
TUN,Tunisia,NY.GDP.NGAS.RT.ZS,Natural gas rents (% of GDP),1998,0.28758241584181,,1
TUN,Tunisia,NY.GDP.NGAS.RT.ZS,Natural gas rents (% of GDP),1997,0.284079753579198,,1
TUN,Tunisia,NY.GDP.NGAS.RT.ZS,Natural gas rents (% of GDP),1996,0.142407984533904,,1
TUN,Tunisia,NY.GDP.NGAS.RT.ZS,Natural gas rents (% of GDP),1995,0.0559094648997611,,1
TUN,Tunisia,NY.GDP.NGAS.RT.ZS,Natural gas rents (% of GDP),1994,0.0634952871073838,,1
TUN,Tunisia,NY.GDP.NGAS.RT.ZS,Natural gas rents (% of GDP),1993,0.0683268751244419,,1
TUN,Tunisia,NY.GDP.NGAS.RT.ZS,Natural gas rents (% of GDP),1992,0.0667369148861861,,1
TUN,Tunisia,NY.GDP.NGAS.RT.ZS,Natural gas rents (% of GDP),1991,0.0521038206147924,,1
TUN,Tunisia,NY.GDP.NGAS.RT.ZS,Natural gas rents (% of GDP),1990,0.077827792614973,,1
TUN,Tunisia,NY.GDP.NGAS.RT.ZS,Natural gas rents (% of GDP),1989,0.0901214819093223,,1
TUN,Tunisia,NY.GDP.NGAS.RT.ZS,Natural gas rents (% of GDP),1988,0.0898707880840895,,1
TUN,Tunisia,NY.GDP.NGAS.RT.ZS,Natural gas rents (% of GDP),1987,0.0991272609861777,,1
TUN,Tunisia,NY.GDP.NGAS.RT.ZS,Natural gas rents (% of GDP),1986,0.136241594900856,,1
TUN,Tunisia,NY.GDP.NGAS.RT.ZS,Natural gas rents (% of GDP),1985,0.135454573702938,,1
TUN,Tunisia,NY.GDP.NGAS.RT.ZS,Natural gas rents (% of GDP),1984,0.156513668014086,,1
TUN,Tunisia,NY.GDP.NGAS.RT.ZS,Natural gas rents (% of GDP),1983,0.175409954863708,,1
TUN,Tunisia,NY.GDP.NGAS.RT.ZS,Natural gas rents (% of GDP),1982,0.0595200451392078,,1
TUN,Tunisia,NY.GDP.NGAS.RT.ZS,Natural gas rents (% of GDP),1981,0.134610218046519,,1
TUN,Tunisia,NY.GDP.NGAS.RT.ZS,Natural gas rents (% of GDP),1980,0.140740155399833,,1
TUN,Tunisia,NY.GDP.NGAS.RT.ZS,Natural gas rents (% of GDP),1979,0.225100278429631,,1
TUN,Tunisia,NY.GDP.NGAS.RT.ZS,Natural gas rents (% of GDP),1978,0.194142955047072,,1
TUN,Tunisia,NY.GDP.NGAS.RT.ZS,Natural gas rents (% of GDP),1977,0.206977033299091,,1
TUN,Tunisia,NY.GDP.NGAS.RT.ZS,Natural gas rents (% of GDP),1976,0.201101980080812,,1
TUN,Tunisia,NY.GDP.NGAS.RT.ZS,Natural gas rents (% of GDP),1975,0.191387297539175,,1
TUN,Tunisia,NY.GDP.NGAS.RT.ZS,Natural gas rents (% of GDP),1974,0.126101965297509,,1
TUN,Tunisia,NY.GDP.NGAS.RT.ZS,Natural gas rents (% of GDP),1973,0.156395762554286,,1
TUN,Tunisia,NY.GDP.NGAS.RT.ZS,Natural gas rents (% of GDP),1972,0.156716135660847,,1
TUN,Tunisia,NY.GDP.NGAS.RT.ZS,Natural gas rents (% of GDP),1971,0.137621604601247,,1
TUN,Tunisia,NY.GDP.NGAS.RT.ZS,Natural gas rents (% of GDP),1970,0.123129314322068,,1
TUR,Turkiye,NY.GDP.NGAS.RT.ZS,Natural gas rents (% of GDP),2021,0.00748181207735284,,1
TUR,Turkiye,NY.GDP.NGAS.RT.ZS,Natural gas rents (% of GDP),2020,0.00167305173317492,,1
TUR,Turkiye,NY.GDP.NGAS.RT.ZS,Natural gas rents (% of GDP),2019,0.0033684737362644,,1
TUR,Turkiye,NY.GDP.NGAS.RT.ZS,Natural gas rents (% of GDP),2018,0.00428488563235785,,1
TUR,Turkiye,NY.GDP.NGAS.RT.ZS,Natural gas rents (% of GDP),2017,0.00201762233420955,,1
TUR,Turkiye,NY.GDP.NGAS.RT.ZS,Natural gas rents (% of GDP),2016,0.00150977307815817,,1
TUR,Turkiye,NY.GDP.NGAS.RT.ZS,Natural gas rents (% of GDP),2015,0.00265766995514825,,1
TUR,Turkiye,NY.GDP.NGAS.RT.ZS,Natural gas rents (% of GDP),2014,0.00416164956058869,,1
TUR,Turkiye,NY.GDP.NGAS.RT.ZS,Natural gas rents (% of GDP),2013,0.00639026156802496,,1
TUR,Turkiye,NY.GDP.NGAS.RT.ZS,Natural gas rents (% of GDP),2012,0.00842871898329215,,1
TUR,Turkiye,NY.GDP.NGAS.RT.ZS,Natural gas rents (% of GDP),2011,0.0100431107294415,,1
TUR,Turkiye,NY.GDP.NGAS.RT.ZS,Natural gas rents (% of GDP),2010,0.00645924834469729,,1
TUR,Turkiye,NY.GDP.NGAS.RT.ZS,Natural gas rents (% of GDP),2009,0.00860049948655527,,1
TUR,Turkiye,NY.GDP.NGAS.RT.ZS,Natural gas rents (% of GDP),2008,0.0143865495451754,,1
TUR,Turkiye,NY.GDP.NGAS.RT.ZS,Natural gas rents (% of GDP),2007,0.00898256462761152,,1
TUR,Turkiye,NY.GDP.NGAS.RT.ZS,Natural gas rents (% of GDP),2006,0.00955265456367318,,1
TUR,Turkiye,NY.GDP.NGAS.RT.ZS,Natural gas rents (% of GDP),2005,0.00453462995252325,,1
TUR,Turkiye,NY.GDP.NGAS.RT.ZS,Natural gas rents (% of GDP),2004,0.00523895731523814,,1
TUR,Turkiye,NY.GDP.NGAS.RT.ZS,Natural gas rents (% of GDP),2003,0.00615261685241545,,1
TUR,Turkiye,NY.GDP.NGAS.RT.ZS,Natural gas rents (% of GDP),2002,0.00498223321338877,,1
TUR,Turkiye,NY.GDP.NGAS.RT.ZS,Natural gas rents (% of GDP),2001,0.00622398720429633,,1
TUR,Turkiye,NY.GDP.NGAS.RT.ZS,Natural gas rents (% of GDP),2000,0.00457174516912643,,1
TUR,Turkiye,NY.GDP.NGAS.RT.ZS,Natural gas rents (% of GDP),1999,0.000828969896496573,,1
TUR,Turkiye,NY.GDP.NGAS.RT.ZS,Natural gas rents (% of GDP),1998,0.000498822883301683,,1
TUR,Turkiye,NY.GDP.NGAS.RT.ZS,Natural gas rents (% of GDP),1997,0.0030869842900994,,1
TUR,Turkiye,NY.GDP.NGAS.RT.ZS,Natural gas rents (% of GDP),1996,0.00243005197422621,,1
TUR,Turkiye,NY.GDP.NGAS.RT.ZS,Natural gas rents (% of GDP),1995,0.00238638560193092,,1
TUR,Turkiye,NY.GDP.NGAS.RT.ZS,Natural gas rents (% of GDP),1994,0.00183034200527921,,1
TUR,Turkiye,NY.GDP.NGAS.RT.ZS,Natural gas rents (% of GDP),1993,0.00137627418611021,,1
TUR,Turkiye,NY.GDP.NGAS.RT.ZS,Natural gas rents (% of GDP),1992,0.000693697155140426,,1
TUR,Turkiye,NY.GDP.NGAS.RT.ZS,Natural gas rents (% of GDP),1991,0.00140895763440889,,1
TUR,Turkiye,NY.GDP.NGAS.RT.ZS,Natural gas rents (% of GDP),1990,0.00206223586853295,,1
TUR,Turkiye,NY.GDP.NGAS.RT.ZS,Natural gas rents (% of GDP),1989,0.0015090965987559,,1
TUR,Turkiye,NY.GDP.NGAS.RT.ZS,Natural gas rents (% of GDP),1988,0.000954093705038254,,1
TUR,Turkiye,NY.GDP.NGAS.RT.ZS,Natural gas rents (% of GDP),1987,0.00335716697863026,,1
TUR,Turkiye,NY.GDP.NGAS.RT.ZS,Natural gas rents (% of GDP),1986,0.0113624861905771,,1
TUR,Turkiye,NY.GDP.NGAS.RT.ZS,Natural gas rents (% of GDP),1985,0.00187904670549223,,1
TUR,Turkiye,NY.GDP.NGAS.RT.ZS,Natural gas rents (% of GDP),1984,0.00135502509826089,,1
TUR,Turkiye,NY.GDP.NGAS.RT.ZS,Natural gas rents (% of GDP),1983,0.00249881406713819,,1
TUR,Turkiye,NY.GDP.NGAS.RT.ZS,Natural gas rents (% of GDP),1982,0.00082279795465204,,1
TUR,Turkiye,NY.GDP.NGAS.RT.ZS,Natural gas rents (% of GDP),1981,0.00107371949419083,,1
TUR,Turkiye,NY.GDP.NGAS.RT.ZS,Natural gas rents (% of GDP),1980,0.00203664977586871,,1
TUR,Turkiye,NY.GDP.NGAS.RT.ZS,Natural gas rents (% of GDP),1979,0.00143303389997144,,1
TUR,Turkiye,NY.GDP.NGAS.RT.ZS,Natural gas rents (% of GDP),1978,0.000842952383778082,,1
TUR,Turkiye,NY.GDP.NGAS.RT.ZS,Natural gas rents (% of GDP),1977,0.00071834606140658,,1
TUR,Turkiye,NY.GDP.NGAS.RT.ZS,Natural gas rents (% of GDP),1976,0.000666239881244398,,1
TUR,Turkiye,NY.GDP.NGAS.RT.ZS,Natural gas rents (% of GDP),1975,0.000254344099309778,,1
TUR,Turkiye,NY.GDP.NGAS.RT.ZS,Natural gas rents (% of GDP),1974,0.000141344338174577,,1
TUR,Turkiye,NY.GDP.NGAS.RT.ZS,Natural gas rents (% of GDP),1973,4.5894152307382e-05,,1
TUR,Turkiye,NY.GDP.NGAS.RT.ZS,Natural gas rents (% of GDP),1972,4.43133705096737e-05,,1
TUR,Turkiye,NY.GDP.NGAS.RT.ZS,Natural gas rents (% of GDP),1971,1.18826983142512e-05,,1
TUR,Turkiye,NY.GDP.NGAS.RT.ZS,Natural gas rents (% of GDP),1970,0,,1
TKM,Turkmenistan,NY.GDP.NGAS.RT.ZS,Natural gas rents (% of GDP),2019,7.64579312393199,,1
TKM,Turkmenistan,NY.GDP.NGAS.RT.ZS,Natural gas rents (% of GDP),2018,11.5296473840406,,1
TKM,Turkmenistan,NY.GDP.NGAS.RT.ZS,Natural gas rents (% of GDP),2017,7.45503774698666,,1
TKM,Turkmenistan,NY.GDP.NGAS.RT.ZS,Natural gas rents (% of GDP),2016,6.00228092118605,,1
TKM,Turkmenistan,NY.GDP.NGAS.RT.ZS,Natural gas rents (% of GDP),2015,10.5831552386189,,1
TKM,Turkmenistan,NY.GDP.NGAS.RT.ZS,Natural gas rents (% of GDP),2014,11.3460551548795,,1
TKM,Turkmenistan,NY.GDP.NGAS.RT.ZS,Natural gas rents (% of GDP),2013,16.3792738401097,,1
TKM,Turkmenistan,NY.GDP.NGAS.RT.ZS,Natural gas rents (% of GDP),2012,18.7387438033312,,1
TKM,Turkmenistan,NY.GDP.NGAS.RT.ZS,Natural gas rents (% of GDP),2011,20.2142716527897,,1
TKM,Turkmenistan,NY.GDP.NGAS.RT.ZS,Natural gas rents (% of GDP),2010,13.0365514101396,,1
TKM,Turkmenistan,NY.GDP.NGAS.RT.ZS,Natural gas rents (% of GDP),2009,12.6608257043539,,1
TKM,Turkmenistan,NY.GDP.NGAS.RT.ZS,Natural gas rents (% of GDP),2008,34.8737412958034,,1
TKM,Turkmenistan,NY.GDP.NGAS.RT.ZS,Natural gas rents (% of GDP),2007,29.1790627036662,,1
TKM,Turkmenistan,NY.GDP.NGAS.RT.ZS,Natural gas rents (% of GDP),2006,32.0004828721463,,1
TKM,Turkmenistan,NY.GDP.NGAS.RT.ZS,Natural gas rents (% of GDP),2005,18.2592836501092,,1
TKM,Turkmenistan,NY.GDP.NGAS.RT.ZS,Natural gas rents (% of GDP),2004,23.5927753799222,,1
TKM,Turkmenistan,NY.GDP.NGAS.RT.ZS,Natural gas rents (% of GDP),2003,30.9012594581728,,1
TKM,Turkmenistan,NY.GDP.NGAS.RT.ZS,Natural gas rents (% of GDP),2002,34.3293247239732,,1
TKM,Turkmenistan,NY.GDP.NGAS.RT.ZS,Natural gas rents (% of GDP),2001,55.0087709271248,,1
TKM,Turkmenistan,NY.GDP.NGAS.RT.ZS,Natural gas rents (% of GDP),2000,28.8052994112694,,1
TKM,Turkmenistan,NY.GDP.NGAS.RT.ZS,Natural gas rents (% of GDP),1999,2.62882151574485,,1
TKM,Turkmenistan,NY.GDP.NGAS.RT.ZS,Natural gas rents (% of GDP),1998,1.49915543442281,,1
TKM,Turkmenistan,NY.GDP.NGAS.RT.ZS,Natural gas rents (% of GDP),1997,23.5922993575762,,1
TKM,Turkmenistan,NY.GDP.NGAS.RT.ZS,Natural gas rents (% of GDP),1996,32.6758365783035,,1
TKM,Turkmenistan,NY.GDP.NGAS.RT.ZS,Natural gas rents (% of GDP),1995,28.3259964450915,,1
TKM,Turkmenistan,NY.GDP.NGAS.RT.ZS,Natural gas rents (% of GDP),1994,16.3380941906672,,1
TKM,Turkmenistan,NY.GDP.NGAS.RT.ZS,Natural gas rents (% of GDP),1993,24.677795374246,,1
TKM,Turkmenistan,NY.GDP.NGAS.RT.ZS,Natural gas rents (% of GDP),1992,9.70585230583617,,1
TKM,Turkmenistan,NY.GDP.NGAS.RT.ZS,Natural gas rents (% of GDP),1991,23.6347338350186,,1
TKM,Turkmenistan,NY.GDP.NGAS.RT.ZS,Natural gas rents (% of GDP),1990,38.1948209582931,,1
TKM,Turkmenistan,NY.GDP.NGAS.RT.ZS,Natural gas rents (% of GDP),1989,26.4777974814329,,1
TKM,Turkmenistan,NY.GDP.NGAS.RT.ZS,Natural gas rents (% of GDP),1988,23.1682614474906,,1
TKM,Turkmenistan,NY.GDP.NGAS.RT.ZS,Natural gas rents (% of GDP),1987,35.0774254555549,,1
TCA,Turks and Caicos Islands,NY.GDP.NGAS.RT.ZS,Natural gas rents (% of GDP),2021,0,,1
TCA,Turks and Caicos Islands,NY.GDP.NGAS.RT.ZS,Natural gas rents (% of GDP),2020,0,,1
TCA,Turks and Caicos Islands,NY.GDP.NGAS.RT.ZS,Natural gas rents (% of GDP),2019,0,,1
TCA,Turks and Caicos Islands,NY.GDP.NGAS.RT.ZS,Natural gas rents (% of GDP),2018,0,,1
TCA,Turks and Caicos Islands,NY.GDP.NGAS.RT.ZS,Natural gas rents (% of GDP),2017,0,,1
TCA,Turks and Caicos Islands,NY.GDP.NGAS.RT.ZS,Natural gas rents (% of GDP),2016,0,,1
TCA,Turks and Caicos Islands,NY.GDP.NGAS.RT.ZS,Natural gas rents (% of GDP),2015,0,,1
TCA,Turks and Caicos Islands,NY.GDP.NGAS.RT.ZS,Natural gas rents (% of GDP),2014,0,,1
TCA,Turks and Caicos Islands,NY.GDP.NGAS.RT.ZS,Natural gas rents (% of GDP),2013,0,,1
TCA,Turks and Caicos Islands,NY.GDP.NGAS.RT.ZS,Natural gas rents (% of GDP),2012,0,,1
TCA,Turks and Caicos Islands,NY.GDP.NGAS.RT.ZS,Natural gas rents (% of GDP),2011,0,,1
TCA,Turks and Caicos Islands,NY.GDP.NGAS.RT.ZS,Natural gas rents (% of GDP),2010,0,,1
TCA,Turks and Caicos Islands,NY.GDP.NGAS.RT.ZS,Natural gas rents (% of GDP),2009,0,,1
TCA,Turks and Caicos Islands,NY.GDP.NGAS.RT.ZS,Natural gas rents (% of GDP),2008,0,,1
TCA,Turks and Caicos Islands,NY.GDP.NGAS.RT.ZS,Natural gas rents (% of GDP),2007,0,,1
TCA,Turks and Caicos Islands,NY.GDP.NGAS.RT.ZS,Natural gas rents (% of GDP),2006,0,,1
TCA,Turks and Caicos Islands,NY.GDP.NGAS.RT.ZS,Natural gas rents (% of GDP),2005,0,,1
TCA,Turks and Caicos Islands,NY.GDP.NGAS.RT.ZS,Natural gas rents (% of GDP),2004,0,,1
TCA,Turks and Caicos Islands,NY.GDP.NGAS.RT.ZS,Natural gas rents (% of GDP),2003,0,,1
TCA,Turks and Caicos Islands,NY.GDP.NGAS.RT.ZS,Natural gas rents (% of GDP),2002,0,,1
TCA,Turks and Caicos Islands,NY.GDP.NGAS.RT.ZS,Natural gas rents (% of GDP),2001,0,,1
TUV,Tuvalu,NY.GDP.NGAS.RT.ZS,Natural gas rents (% of GDP),2021,0,,1
TUV,Tuvalu,NY.GDP.NGAS.RT.ZS,Natural gas rents (% of GDP),2020,0,,1
TUV,Tuvalu,NY.GDP.NGAS.RT.ZS,Natural gas rents (% of GDP),2019,0,,1
TUV,Tuvalu,NY.GDP.NGAS.RT.ZS,Natural gas rents (% of GDP),2018,0,,1
TUV,Tuvalu,NY.GDP.NGAS.RT.ZS,Natural gas rents (% of GDP),2017,0,,1
TUV,Tuvalu,NY.GDP.NGAS.RT.ZS,Natural gas rents (% of GDP),2016,0,,1
TUV,Tuvalu,NY.GDP.NGAS.RT.ZS,Natural gas rents (% of GDP),2015,0,,1
TUV,Tuvalu,NY.GDP.NGAS.RT.ZS,Natural gas rents (% of GDP),2014,0,,1
TUV,Tuvalu,NY.GDP.NGAS.RT.ZS,Natural gas rents (% of GDP),2013,0,,1
TUV,Tuvalu,NY.GDP.NGAS.RT.ZS,Natural gas rents (% of GDP),2012,0,,1
TUV,Tuvalu,NY.GDP.NGAS.RT.ZS,Natural gas rents (% of GDP),2011,0,,1
TUV,Tuvalu,NY.GDP.NGAS.RT.ZS,Natural gas rents (% of GDP),2010,0,,1
TUV,Tuvalu,NY.GDP.NGAS.RT.ZS,Natural gas rents (% of GDP),2009,0,,1
TUV,Tuvalu,NY.GDP.NGAS.RT.ZS,Natural gas rents (% of GDP),2008,0,,1
TUV,Tuvalu,NY.GDP.NGAS.RT.ZS,Natural gas rents (% of GDP),2007,0,,1
TUV,Tuvalu,NY.GDP.NGAS.RT.ZS,Natural gas rents (% of GDP),2006,0,,1
TUV,Tuvalu,NY.GDP.NGAS.RT.ZS,Natural gas rents (% of GDP),2005,0,,1
TUV,Tuvalu,NY.GDP.NGAS.RT.ZS,Natural gas rents (% of GDP),2004,0,,1
TUV,Tuvalu,NY.GDP.NGAS.RT.ZS,Natural gas rents (% of GDP),2003,0,,1
TUV,Tuvalu,NY.GDP.NGAS.RT.ZS,Natural gas rents (% of GDP),2002,0,,1
TUV,Tuvalu,NY.GDP.NGAS.RT.ZS,Natural gas rents (% of GDP),2001,0,,1
TUV,Tuvalu,NY.GDP.NGAS.RT.ZS,Natural gas rents (% of GDP),2000,0,,1
TUV,Tuvalu,NY.GDP.NGAS.RT.ZS,Natural gas rents (% of GDP),1999,0,,1
TUV,Tuvalu,NY.GDP.NGAS.RT.ZS,Natural gas rents (% of GDP),1998,0,,1
TUV,Tuvalu,NY.GDP.NGAS.RT.ZS,Natural gas rents (% of GDP),1997,0,,1
TUV,Tuvalu,NY.GDP.NGAS.RT.ZS,Natural gas rents (% of GDP),1996,0,,1
TUV,Tuvalu,NY.GDP.NGAS.RT.ZS,Natural gas rents (% of GDP),1995,0,,1
TUV,Tuvalu,NY.GDP.NGAS.RT.ZS,Natural gas rents (% of GDP),1994,0,,1
TUV,Tuvalu,NY.GDP.NGAS.RT.ZS,Natural gas rents (% of GDP),1993,0,,1
TUV,Tuvalu,NY.GDP.NGAS.RT.ZS,Natural gas rents (% of GDP),1992,0,,1
TUV,Tuvalu,NY.GDP.NGAS.RT.ZS,Natural gas rents (% of GDP),1991,0,,1
TUV,Tuvalu,NY.GDP.NGAS.RT.ZS,Natural gas rents (% of GDP),1990,0,,1
UGA,Uganda,NY.GDP.NGAS.RT.ZS,Natural gas rents (% of GDP),2021,0,,1
UGA,Uganda,NY.GDP.NGAS.RT.ZS,Natural gas rents (% of GDP),2020,0,,1
UGA,Uganda,NY.GDP.NGAS.RT.ZS,Natural gas rents (% of GDP),2019,0,,1
UGA,Uganda,NY.GDP.NGAS.RT.ZS,Natural gas rents (% of GDP),2018,0,,1
UGA,Uganda,NY.GDP.NGAS.RT.ZS,Natural gas rents (% of GDP),2017,0,,1
UGA,Uganda,NY.GDP.NGAS.RT.ZS,Natural gas rents (% of GDP),2016,0,,1
UGA,Uganda,NY.GDP.NGAS.RT.ZS,Natural gas rents (% of GDP),2015,0,,1
UGA,Uganda,NY.GDP.NGAS.RT.ZS,Natural gas rents (% of GDP),2014,0,,1
UGA,Uganda,NY.GDP.NGAS.RT.ZS,Natural gas rents (% of GDP),2013,0,,1
UGA,Uganda,NY.GDP.NGAS.RT.ZS,Natural gas rents (% of GDP),2012,0,,1
UGA,Uganda,NY.GDP.NGAS.RT.ZS,Natural gas rents (% of GDP),2011,0,,1
UGA,Uganda,NY.GDP.NGAS.RT.ZS,Natural gas rents (% of GDP),2010,0,,1
UGA,Uganda,NY.GDP.NGAS.RT.ZS,Natural gas rents (% of GDP),2009,0,,1
UGA,Uganda,NY.GDP.NGAS.RT.ZS,Natural gas rents (% of GDP),2008,0,,1
UGA,Uganda,NY.GDP.NGAS.RT.ZS,Natural gas rents (% of GDP),2007,0,,1
UGA,Uganda,NY.GDP.NGAS.RT.ZS,Natural gas rents (% of GDP),2006,0,,1
UGA,Uganda,NY.GDP.NGAS.RT.ZS,Natural gas rents (% of GDP),2005,0,,1
UGA,Uganda,NY.GDP.NGAS.RT.ZS,Natural gas rents (% of GDP),2004,0,,1
UGA,Uganda,NY.GDP.NGAS.RT.ZS,Natural gas rents (% of GDP),2003,0,,1
UGA,Uganda,NY.GDP.NGAS.RT.ZS,Natural gas rents (% of GDP),2002,0,,1
UGA,Uganda,NY.GDP.NGAS.RT.ZS,Natural gas rents (% of GDP),2001,0,,1
UGA,Uganda,NY.GDP.NGAS.RT.ZS,Natural gas rents (% of GDP),2000,0,,1
UGA,Uganda,NY.GDP.NGAS.RT.ZS,Natural gas rents (% of GDP),1999,0,,1
UGA,Uganda,NY.GDP.NGAS.RT.ZS,Natural gas rents (% of GDP),1998,0,,1
UGA,Uganda,NY.GDP.NGAS.RT.ZS,Natural gas rents (% of GDP),1997,0,,1
UGA,Uganda,NY.GDP.NGAS.RT.ZS,Natural gas rents (% of GDP),1996,0,,1
UGA,Uganda,NY.GDP.NGAS.RT.ZS,Natural gas rents (% of GDP),1995,0,,1
UGA,Uganda,NY.GDP.NGAS.RT.ZS,Natural gas rents (% of GDP),1994,0,,1
UGA,Uganda,NY.GDP.NGAS.RT.ZS,Natural gas rents (% of GDP),1993,0,,1
UGA,Uganda,NY.GDP.NGAS.RT.ZS,Natural gas rents (% of GDP),1992,0,,1
UGA,Uganda,NY.GDP.NGAS.RT.ZS,Natural gas rents (% of GDP),1991,0,,1
UGA,Uganda,NY.GDP.NGAS.RT.ZS,Natural gas rents (% of GDP),1990,0,,1
UGA,Uganda,NY.GDP.NGAS.RT.ZS,Natural gas rents (% of GDP),1989,0,,1
UGA,Uganda,NY.GDP.NGAS.RT.ZS,Natural gas rents (% of GDP),1988,0,,1
UGA,Uganda,NY.GDP.NGAS.RT.ZS,Natural gas rents (% of GDP),1987,0,,1
UGA,Uganda,NY.GDP.NGAS.RT.ZS,Natural gas rents (% of GDP),1986,0,,1
UGA,Uganda,NY.GDP.NGAS.RT.ZS,Natural gas rents (% of GDP),1985,0,,1
UGA,Uganda,NY.GDP.NGAS.RT.ZS,Natural gas rents (% of GDP),1984,0,,1
UGA,Uganda,NY.GDP.NGAS.RT.ZS,Natural gas rents (% of GDP),1983,0,,1
UGA,Uganda,NY.GDP.NGAS.RT.ZS,Natural gas rents (% of GDP),1982,0,,1
UGA,Uganda,NY.GDP.NGAS.RT.ZS,Natural gas rents (% of GDP),1981,0,,1
UGA,Uganda,NY.GDP.NGAS.RT.ZS,Natural gas rents (% of GDP),1980,0,,1
UKR,Ukraine,NY.GDP.NGAS.RT.ZS,Natural gas rents (% of GDP),2021,1.36437357344945,,1
UKR,Ukraine,NY.GDP.NGAS.RT.ZS,Natural gas rents (% of GDP),2020,0.329769533969389,,1
UKR,Ukraine,NY.GDP.NGAS.RT.ZS,Natural gas rents (% of GDP),2019,0.718231983949118,,1
UKR,Ukraine,NY.GDP.NGAS.RT.ZS,Natural gas rents (% of GDP),2018,1.22232291954122,,1
UKR,Ukraine,NY.GDP.NGAS.RT.ZS,Natural gas rents (% of GDP),2017,0.869406676082544,,1
UKR,Ukraine,NY.GDP.NGAS.RT.ZS,Natural gas rents (% of GDP),2016,0.739114578198655,,1
UKR,Ukraine,NY.GDP.NGAS.RT.ZS,Natural gas rents (% of GDP),2015,1.20086792163998,,1
UKR,Ukraine,NY.GDP.NGAS.RT.ZS,Natural gas rents (% of GDP),2014,1.17134594315961,,1
UKR,Ukraine,NY.GDP.NGAS.RT.ZS,Natural gas rents (% of GDP),2013,1.20490526300508,,1
UKR,Ukraine,NY.GDP.NGAS.RT.ZS,Natural gas rents (% of GDP),2012,1.20575144270603,,1
UKR,Ukraine,NY.GDP.NGAS.RT.ZS,Natural gas rents (% of GDP),2011,1.23771380213352,,1
UKR,Ukraine,NY.GDP.NGAS.RT.ZS,Natural gas rents (% of GDP),2010,0.945147583014386,,1
UKR,Ukraine,NY.GDP.NGAS.RT.ZS,Natural gas rents (% of GDP),2009,1.278878300454,,1
UKR,Ukraine,NY.GDP.NGAS.RT.ZS,Natural gas rents (% of GDP),2008,1.14737308736752,,1
UKR,Ukraine,NY.GDP.NGAS.RT.ZS,Natural gas rents (% of GDP),2007,0.786052400938078,,1
UKR,Ukraine,NY.GDP.NGAS.RT.ZS,Natural gas rents (% of GDP),2006,1.01163949753159,,1
UKR,Ukraine,NY.GDP.NGAS.RT.ZS,Natural gas rents (% of GDP),2005,0.565133000615534,,1
UKR,Ukraine,NY.GDP.NGAS.RT.ZS,Natural gas rents (% of GDP),2004,0.874680879938456,,1
UKR,Ukraine,NY.GDP.NGAS.RT.ZS,Natural gas rents (% of GDP),2003,1.3208144998747,,1
UKR,Ukraine,NY.GDP.NGAS.RT.ZS,Natural gas rents (% of GDP),2002,1.38139303823453,,1
UKR,Ukraine,NY.GDP.NGAS.RT.ZS,Natural gas rents (% of GDP),2001,2.00013758712954,,1
UKR,Ukraine,NY.GDP.NGAS.RT.ZS,Natural gas rents (% of GDP),2000,1.14885003502459,,1
UKR,Ukraine,NY.GDP.NGAS.RT.ZS,Natural gas rents (% of GDP),1999,0.1688299313581,,1
UKR,Ukraine,NY.GDP.NGAS.RT.ZS,Natural gas rents (% of GDP),1998,0.133262624449728,,1
UKR,Ukraine,NY.GDP.NGAS.RT.ZS,Natural gas rents (% of GDP),1997,0.902935129010198,,1
UKR,Ukraine,NY.GDP.NGAS.RT.ZS,Natural gas rents (% of GDP),1996,0.93888289899763,,1
UKR,Ukraine,NY.GDP.NGAS.RT.ZS,Natural gas rents (% of GDP),1995,0.873828939135118,,1
UKR,Ukraine,NY.GDP.NGAS.RT.ZS,Natural gas rents (% of GDP),1994,0.424451038594338,,1
UKR,Ukraine,NY.GDP.NGAS.RT.ZS,Natural gas rents (% of GDP),1993,0.365816258661968,,1
UKR,Ukraine,NY.GDP.NGAS.RT.ZS,Natural gas rents (% of GDP),1992,0.156482811154507,,1
UKR,Ukraine,NY.GDP.NGAS.RT.ZS,Natural gas rents (% of GDP),1991,0.327869967316772,,1
UKR,Ukraine,NY.GDP.NGAS.RT.ZS,Natural gas rents (% of GDP),1990,0.457655548938322,,1
UKR,Ukraine,NY.GDP.NGAS.RT.ZS,Natural gas rents (% of GDP),1989,0.313435589659731,,1
UKR,Ukraine,NY.GDP.NGAS.RT.ZS,Natural gas rents (% of GDP),1988,0.343253967157225,,1
UKR,Ukraine,NY.GDP.NGAS.RT.ZS,Natural gas rents (% of GDP),1987,0.496950139661843,,1
ARE,United Arab Emirates,NY.GDP.NGAS.RT.ZS,Natural gas rents (% of GDP),2021,1.96089498612487,,1
ARE,United Arab Emirates,NY.GDP.NGAS.RT.ZS,Natural gas rents (% of GDP),2020,1.47800034393077,,1
ARE,United Arab Emirates,NY.GDP.NGAS.RT.ZS,Natural gas rents (% of GDP),2019,1.21418377523218,,1
ARE,United Arab Emirates,NY.GDP.NGAS.RT.ZS,Natural gas rents (% of GDP),2018,1.08759822581719,,1
ARE,United Arab Emirates,NY.GDP.NGAS.RT.ZS,Natural gas rents (% of GDP),2017,0.82907663794894,,1
ARE,United Arab Emirates,NY.GDP.NGAS.RT.ZS,Natural gas rents (% of GDP),2016,0.724598673737908,,1
ARE,United Arab Emirates,NY.GDP.NGAS.RT.ZS,Natural gas rents (% of GDP),2015,0.944063472144973,,1
ARE,United Arab Emirates,NY.GDP.NGAS.RT.ZS,Natural gas rents (% of GDP),2014,1.02785418598527,,1
ARE,United Arab Emirates,NY.GDP.NGAS.RT.ZS,Natural gas rents (% of GDP),2013,1.13311451584915,,1
ARE,United Arab Emirates,NY.GDP.NGAS.RT.ZS,Natural gas rents (% of GDP),2012,1.14944917707313,,1
ARE,United Arab Emirates,NY.GDP.NGAS.RT.ZS,Natural gas rents (% of GDP),2011,1.17972038186238,,1
ARE,United Arab Emirates,NY.GDP.NGAS.RT.ZS,Natural gas rents (% of GDP),2010,1.09696752906347,,1
ARE,United Arab Emirates,NY.GDP.NGAS.RT.ZS,Natural gas rents (% of GDP),2009,1.29504191176003,,1
ARE,United Arab Emirates,NY.GDP.NGAS.RT.ZS,Natural gas rents (% of GDP),2008,1.04274122887812,,1
ARE,United Arab Emirates,NY.GDP.NGAS.RT.ZS,Natural gas rents (% of GDP),2007,1.21877202510384,,1
ARE,United Arab Emirates,NY.GDP.NGAS.RT.ZS,Natural gas rents (% of GDP),2006,1.32306915187906,,1
ARE,United Arab Emirates,NY.GDP.NGAS.RT.ZS,Natural gas rents (% of GDP),2005,1.39252709986089,,1
ARE,United Arab Emirates,NY.GDP.NGAS.RT.ZS,Natural gas rents (% of GDP),2004,1.3026745340904,,1
ARE,United Arab Emirates,NY.GDP.NGAS.RT.ZS,Natural gas rents (% of GDP),2003,1.40024746926002,,1
ARE,United Arab Emirates,NY.GDP.NGAS.RT.ZS,Natural gas rents (% of GDP),2002,1.59217479022602,,1
ARE,United Arab Emirates,NY.GDP.NGAS.RT.ZS,Natural gas rents (% of GDP),2001,1.79003505598156,,1
ARE,United Arab Emirates,NY.GDP.NGAS.RT.ZS,Natural gas rents (% of GDP),2000,1.5402537160529,,1
ARE,United Arab Emirates,NY.GDP.NGAS.RT.ZS,Natural gas rents (% of GDP),1999,1.48019075248212,,1
ARE,United Arab Emirates,NY.GDP.NGAS.RT.ZS,Natural gas rents (% of GDP),1998,1.69523548425714,,1
ARE,United Arab Emirates,NY.GDP.NGAS.RT.ZS,Natural gas rents (% of GDP),1997,1.71580198382946,,1
ARE,United Arab Emirates,NY.GDP.NGAS.RT.ZS,Natural gas rents (% of GDP),1996,1.60805442765848,,1
ARE,United Arab Emirates,NY.GDP.NGAS.RT.ZS,Natural gas rents (% of GDP),1995,1.52774715570848,,1
ARE,United Arab Emirates,NY.GDP.NGAS.RT.ZS,Natural gas rents (% of GDP),1994,1.29651248840557,,1
ARE,United Arab Emirates,NY.GDP.NGAS.RT.ZS,Natural gas rents (% of GDP),1993,1.34984304373982,,1
ARE,United Arab Emirates,NY.GDP.NGAS.RT.ZS,Natural gas rents (% of GDP),1992,1.44489185742813,,1
ARE,United Arab Emirates,NY.GDP.NGAS.RT.ZS,Natural gas rents (% of GDP),1991,1.42278115751413,,1
ARE,United Arab Emirates,NY.GDP.NGAS.RT.ZS,Natural gas rents (% of GDP),1990,1.28679743521128,,1
ARE,United Arab Emirates,NY.GDP.NGAS.RT.ZS,Natural gas rents (% of GDP),1989,1.47072835344582,,1
ARE,United Arab Emirates,NY.GDP.NGAS.RT.ZS,Natural gas rents (% of GDP),1988,1.39749832676632,,1
ARE,United Arab Emirates,NY.GDP.NGAS.RT.ZS,Natural gas rents (% of GDP),1987,1.41052878408729,,1
ARE,United Arab Emirates,NY.GDP.NGAS.RT.ZS,Natural gas rents (% of GDP),1986,1.353966078348,,1
ARE,United Arab Emirates,NY.GDP.NGAS.RT.ZS,Natural gas rents (% of GDP),1985,0.95386591130851,,1
ARE,United Arab Emirates,NY.GDP.NGAS.RT.ZS,Natural gas rents (% of GDP),1984,0.683106149097478,,1
ARE,United Arab Emirates,NY.GDP.NGAS.RT.ZS,Natural gas rents (% of GDP),1983,0.586418700981653,,1
ARE,United Arab Emirates,NY.GDP.NGAS.RT.ZS,Natural gas rents (% of GDP),1982,0.131548058305729,,1
ARE,United Arab Emirates,NY.GDP.NGAS.RT.ZS,Natural gas rents (% of GDP),1981,0.371555229070157,,1
ARE,United Arab Emirates,NY.GDP.NGAS.RT.ZS,Natural gas rents (% of GDP),1980,0.425602042225653,,1
ARE,United Arab Emirates,NY.GDP.NGAS.RT.ZS,Natural gas rents (% of GDP),1979,0.641714769412177,,1
ARE,United Arab Emirates,NY.GDP.NGAS.RT.ZS,Natural gas rents (% of GDP),1978,0.49838179224681,,1
ARE,United Arab Emirates,NY.GDP.NGAS.RT.ZS,Natural gas rents (% of GDP),1977,0.281350586820016,,1
ARE,United Arab Emirates,NY.GDP.NGAS.RT.ZS,Natural gas rents (% of GDP),1976,0.148005538855027,,1
ARE,United Arab Emirates,NY.GDP.NGAS.RT.ZS,Natural gas rents (% of GDP),1975,0.163466506683093,,1
GBR,United Kingdom,NY.GDP.NGAS.RT.ZS,Natural gas rents (% of GDP),2021,0.171321922432051,,1
GBR,United Kingdom,NY.GDP.NGAS.RT.ZS,Natural gas rents (% of GDP),2020,0.0426953236208568,,1
GBR,United Kingdom,NY.GDP.NGAS.RT.ZS,Natural gas rents (% of GDP),2019,0.0814119494544672,,1
GBR,United Kingdom,NY.GDP.NGAS.RT.ZS,Natural gas rents (% of GDP),2018,0.121001218593834,,1
GBR,United Kingdom,NY.GDP.NGAS.RT.ZS,Natural gas rents (% of GDP),2017,0.0834976128885108,,1
GBR,United Kingdom,NY.GDP.NGAS.RT.ZS,Natural gas rents (% of GDP),2016,0.0591498968196775,,1
GBR,United Kingdom,NY.GDP.NGAS.RT.ZS,Natural gas rents (% of GDP),2015,0.0887900272749926,,1
GBR,United Kingdom,NY.GDP.NGAS.RT.ZS,Natural gas rents (% of GDP),2014,0.107032122022792,,1
GBR,United Kingdom,NY.GDP.NGAS.RT.ZS,Natural gas rents (% of GDP),2013,0.168648172977962,,1
GBR,United Kingdom,NY.GDP.NGAS.RT.ZS,Natural gas rents (% of GDP),2012,0.188795515518294,,1
GBR,United Kingdom,NY.GDP.NGAS.RT.ZS,Natural gas rents (% of GDP),2011,0.21217311952712,,1
GBR,United Kingdom,NY.GDP.NGAS.RT.ZS,Natural gas rents (% of GDP),2010,0.185444706515816,,1
GBR,United Kingdom,NY.GDP.NGAS.RT.ZS,Natural gas rents (% of GDP),2009,0.21024175622231,,1
GBR,United Kingdom,NY.GDP.NGAS.RT.ZS,Natural gas rents (% of GDP),2008,0.290604342207015,,1
GBR,United Kingdom,NY.GDP.NGAS.RT.ZS,Natural gas rents (% of GDP),2007,0.157083452753946,,1
GBR,United Kingdom,NY.GDP.NGAS.RT.ZS,Natural gas rents (% of GDP),2006,0.1916673407739,,1
GBR,United Kingdom,NY.GDP.NGAS.RT.ZS,Natural gas rents (% of GDP),2005,0.101098531314747,,1
GBR,United Kingdom,NY.GDP.NGAS.RT.ZS,Natural gas rents (% of GDP),2004,0.137032225524508,,1
GBR,United Kingdom,NY.GDP.NGAS.RT.ZS,Natural gas rents (% of GDP),2003,0.193694812254787,,1
GBR,United Kingdom,NY.GDP.NGAS.RT.ZS,Natural gas rents (% of GDP),2002,0.206006587502172,,1
GBR,United Kingdom,NY.GDP.NGAS.RT.ZS,Natural gas rents (% of GDP),2001,0.297829106442769,,1
GBR,United Kingdom,NY.GDP.NGAS.RT.ZS,Natural gas rents (% of GDP),2000,0.143159542076019,,1
GBR,United Kingdom,NY.GDP.NGAS.RT.ZS,Natural gas rents (% of GDP),1999,0.0189209042663947,,1
GBR,United Kingdom,NY.GDP.NGAS.RT.ZS,Natural gas rents (% of GDP),1998,0.0178393478053867,,1
GBR,United Kingdom,NY.GDP.NGAS.RT.ZS,Natural gas rents (% of GDP),1997,0.139662354509984,,1
GBR,United Kingdom,NY.GDP.NGAS.RT.ZS,Natural gas rents (% of GDP),1996,0.148571663911289,,1
GBR,United Kingdom,NY.GDP.NGAS.RT.ZS,Natural gas rents (% of GDP),1995,0.13682766412971,,1
GBR,United Kingdom,NY.GDP.NGAS.RT.ZS,Natural gas rents (% of GDP),1994,0.0806664164223917,,1
GBR,United Kingdom,NY.GDP.NGAS.RT.ZS,Natural gas rents (% of GDP),1993,0.0837477499789455,,1
GBR,United Kingdom,NY.GDP.NGAS.RT.ZS,Natural gas rents (% of GDP),1992,0.0286257821232236,,1
GBR,United Kingdom,NY.GDP.NGAS.RT.ZS,Natural gas rents (% of GDP),1991,0.0567727275988582,,1
GBR,United Kingdom,NY.GDP.NGAS.RT.ZS,Natural gas rents (% of GDP),1990,0.0731797092545278,,1
GBR,United Kingdom,NY.GDP.NGAS.RT.ZS,Natural gas rents (% of GDP),1989,0.0495166513229391,,1
GBR,United Kingdom,NY.GDP.NGAS.RT.ZS,Natural gas rents (% of GDP),1988,0.0482441606655183,,1
GBR,United Kingdom,NY.GDP.NGAS.RT.ZS,Natural gas rents (% of GDP),1987,0.0693471580108446,,1
GBR,United Kingdom,NY.GDP.NGAS.RT.ZS,Natural gas rents (% of GDP),1986,0.155521445608748,,1
GBR,United Kingdom,NY.GDP.NGAS.RT.ZS,Natural gas rents (% of GDP),1985,0.180288938060924,,1
GBR,United Kingdom,NY.GDP.NGAS.RT.ZS,Natural gas rents (% of GDP),1984,0.187512895089207,,1
GBR,United Kingdom,NY.GDP.NGAS.RT.ZS,Natural gas rents (% of GDP),1983,0.182281821696475,,1
GBR,United Kingdom,NY.GDP.NGAS.RT.ZS,Natural gas rents (% of GDP),1982,0.0965944704534917,,1
GBR,United Kingdom,NY.GDP.NGAS.RT.ZS,Natural gas rents (% of GDP),1981,0.192756868660754,,1
GBR,United Kingdom,NY.GDP.NGAS.RT.ZS,Natural gas rents (% of GDP),1980,0.281028368656335,,1
GBR,United Kingdom,NY.GDP.NGAS.RT.ZS,Natural gas rents (% of GDP),1979,0.287370799914419,,1
GBR,United Kingdom,NY.GDP.NGAS.RT.ZS,Natural gas rents (% of GDP),1978,0.221740237637805,,1
GBR,United Kingdom,NY.GDP.NGAS.RT.ZS,Natural gas rents (% of GDP),1977,0.27165564800563,,1
GBR,United Kingdom,NY.GDP.NGAS.RT.ZS,Natural gas rents (% of GDP),1976,0.28990533168912,,1
GBR,United Kingdom,NY.GDP.NGAS.RT.ZS,Natural gas rents (% of GDP),1975,0.251084261482557,,1
GBR,United Kingdom,NY.GDP.NGAS.RT.ZS,Natural gas rents (% of GDP),1974,0.193250694070333,,1
GBR,United Kingdom,NY.GDP.NGAS.RT.ZS,Natural gas rents (% of GDP),1973,0.0543149684919987,,1
GBR,United Kingdom,NY.GDP.NGAS.RT.ZS,Natural gas rents (% of GDP),1972,0.069056556704709,,1
GBR,United Kingdom,NY.GDP.NGAS.RT.ZS,Natural gas rents (% of GDP),1971,0.0396288249599441,,1
GBR,United Kingdom,NY.GDP.NGAS.RT.ZS,Natural gas rents (% of GDP),1970,0.0215102849390893,,1
USA,United States,NY.GDP.NGAS.RT.ZS,Natural gas rents (% of GDP),2021,0.363207721748918,,1
USA,United States,NY.GDP.NGAS.RT.ZS,Natural gas rents (% of GDP),2020,0,,1
USA,United States,NY.GDP.NGAS.RT.ZS,Natural gas rents (% of GDP),2019,0,,1
USA,United States,NY.GDP.NGAS.RT.ZS,Natural gas rents (% of GDP),2018,0.00818925823914368,,1
USA,United States,NY.GDP.NGAS.RT.ZS,Natural gas rents (% of GDP),2017,0,,1
USA,United States,NY.GDP.NGAS.RT.ZS,Natural gas rents (% of GDP),2016,0,,1
USA,United States,NY.GDP.NGAS.RT.ZS,Natural gas rents (% of GDP),2015,0,,1
USA,United States,NY.GDP.NGAS.RT.ZS,Natural gas rents (% of GDP),2014,0.0523192680969993,,1
USA,United States,NY.GDP.NGAS.RT.ZS,Natural gas rents (% of GDP),2013,0,,1
USA,United States,NY.GDP.NGAS.RT.ZS,Natural gas rents (% of GDP),2012,0,,1
USA,United States,NY.GDP.NGAS.RT.ZS,Natural gas rents (% of GDP),2011,0,,1
USA,United States,NY.GDP.NGAS.RT.ZS,Natural gas rents (% of GDP),2010,0,,1
USA,United States,NY.GDP.NGAS.RT.ZS,Natural gas rents (% of GDP),2009,0.0450657683061133,,1
USA,United States,NY.GDP.NGAS.RT.ZS,Natural gas rents (% of GDP),2008,0.551540732489892,,1
USA,United States,NY.GDP.NGAS.RT.ZS,Natural gas rents (% of GDP),2007,0.339351155793805,,1
USA,United States,NY.GDP.NGAS.RT.ZS,Natural gas rents (% of GDP),2006,0.382513454180692,,1
USA,United States,NY.GDP.NGAS.RT.ZS,Natural gas rents (% of GDP),2005,0.797236904730241,,1
USA,United States,NY.GDP.NGAS.RT.ZS,Natural gas rents (% of GDP),2004,0.569511287090411,,1
USA,United States,NY.GDP.NGAS.RT.ZS,Natural gas rents (% of GDP),2003,0.612792290539168,,1
USA,United States,NY.GDP.NGAS.RT.ZS,Natural gas rents (% of GDP),2002,0.302755619486716,,1
USA,United States,NY.GDP.NGAS.RT.ZS,Natural gas rents (% of GDP),2001,0.466751378646037,,1
USA,United States,NY.GDP.NGAS.RT.ZS,Natural gas rents (% of GDP),2000,0.579475920941945,,1
USA,United States,NY.GDP.NGAS.RT.ZS,Natural gas rents (% of GDP),1999,0.25338309838657,,1
USA,United States,NY.GDP.NGAS.RT.ZS,Natural gas rents (% of GDP),1998,0.211303030343375,,1
USA,United States,NY.GDP.NGAS.RT.ZS,Natural gas rents (% of GDP),1997,0.321971098127724,,1
USA,United States,NY.GDP.NGAS.RT.ZS,Natural gas rents (% of GDP),1996,0.301639931615311,,1
USA,United States,NY.GDP.NGAS.RT.ZS,Natural gas rents (% of GDP),1995,0.156582984239874,,1
USA,United States,NY.GDP.NGAS.RT.ZS,Natural gas rents (% of GDP),1994,0.240785235961574,,1
USA,United States,NY.GDP.NGAS.RT.ZS,Natural gas rents (% of GDP),1993,0.307270497360323,,1
USA,United States,NY.GDP.NGAS.RT.ZS,Natural gas rents (% of GDP),1992,0.214792748649505,,1
USA,United States,NY.GDP.NGAS.RT.ZS,Natural gas rents (% of GDP),1991,0.125303136591617,,1
USA,United States,NY.GDP.NGAS.RT.ZS,Natural gas rents (% of GDP),1990,0.161037648738278,,1
USA,United States,NY.GDP.NGAS.RT.ZS,Natural gas rents (% of GDP),1989,0.18431805922785,,1
USA,United States,NY.GDP.NGAS.RT.ZS,Natural gas rents (% of GDP),1988,0.179156248622811,,1
USA,United States,NY.GDP.NGAS.RT.ZS,Natural gas rents (% of GDP),1987,0.276862781681907,,1
USA,United States,NY.GDP.NGAS.RT.ZS,Natural gas rents (% of GDP),1986,0.099748388635223,,1
USA,United States,NY.GDP.NGAS.RT.ZS,Natural gas rents (% of GDP),1985,0.459517748823951,,1
USA,United States,NY.GDP.NGAS.RT.ZS,Natural gas rents (% of GDP),1984,0.620408255950344,,1
USA,United States,NY.GDP.NGAS.RT.ZS,Natural gas rents (% of GDP),1983,0.582812921655813,,1
USA,United States,NY.GDP.NGAS.RT.ZS,Natural gas rents (% of GDP),1982,0.187008816496244,,1
USA,United States,NY.GDP.NGAS.RT.ZS,Natural gas rents (% of GDP),1981,1.00605281950038,,1
USA,United States,NY.GDP.NGAS.RT.ZS,Natural gas rents (% of GDP),1980,1.73021092303789,,1
USA,United States,NY.GDP.NGAS.RT.ZS,Natural gas rents (% of GDP),1979,1.82310670000573,,1
USA,United States,NY.GDP.NGAS.RT.ZS,Natural gas rents (% of GDP),1978,0.676187358589122,,1
USA,United States,NY.GDP.NGAS.RT.ZS,Natural gas rents (% of GDP),1977,0.779327725533135,,1
USA,United States,NY.GDP.NGAS.RT.ZS,Natural gas rents (% of GDP),1976,0.779312812908034,,1
USA,United States,NY.GDP.NGAS.RT.ZS,Natural gas rents (% of GDP),1975,0.834988622080964,,1
USA,United States,NY.GDP.NGAS.RT.ZS,Natural gas rents (% of GDP),1974,1.02526290817853,,1
USA,United States,NY.GDP.NGAS.RT.ZS,Natural gas rents (% of GDP),1973,0.107643076024198,,1
USA,United States,NY.GDP.NGAS.RT.ZS,Natural gas rents (% of GDP),1972,0.0454440051971043,,1
USA,United States,NY.GDP.NGAS.RT.ZS,Natural gas rents (% of GDP),1971,0.00255782266571012,,1
USA,United States,NY.GDP.NGAS.RT.ZS,Natural gas rents (% of GDP),1970,0,,1
URY,Uruguay,NY.GDP.NGAS.RT.ZS,Natural gas rents (% of GDP),2021,0,,1
URY,Uruguay,NY.GDP.NGAS.RT.ZS,Natural gas rents (% of GDP),2020,0,,1
URY,Uruguay,NY.GDP.NGAS.RT.ZS,Natural gas rents (% of GDP),2019,0,,1
URY,Uruguay,NY.GDP.NGAS.RT.ZS,Natural gas rents (% of GDP),2018,0,,1
URY,Uruguay,NY.GDP.NGAS.RT.ZS,Natural gas rents (% of GDP),2017,0,,1
URY,Uruguay,NY.GDP.NGAS.RT.ZS,Natural gas rents (% of GDP),2016,0,,1
URY,Uruguay,NY.GDP.NGAS.RT.ZS,Natural gas rents (% of GDP),2015,0,,1
URY,Uruguay,NY.GDP.NGAS.RT.ZS,Natural gas rents (% of GDP),2014,0,,1
URY,Uruguay,NY.GDP.NGAS.RT.ZS,Natural gas rents (% of GDP),2013,0,,1
URY,Uruguay,NY.GDP.NGAS.RT.ZS,Natural gas rents (% of GDP),2012,0,,1
URY,Uruguay,NY.GDP.NGAS.RT.ZS,Natural gas rents (% of GDP),2011,0,,1
URY,Uruguay,NY.GDP.NGAS.RT.ZS,Natural gas rents (% of GDP),2010,0,,1
URY,Uruguay,NY.GDP.NGAS.RT.ZS,Natural gas rents (% of GDP),2009,0,,1
URY,Uruguay,NY.GDP.NGAS.RT.ZS,Natural gas rents (% of GDP),2008,0,,1
URY,Uruguay,NY.GDP.NGAS.RT.ZS,Natural gas rents (% of GDP),2007,0,,1
URY,Uruguay,NY.GDP.NGAS.RT.ZS,Natural gas rents (% of GDP),2006,0,,1
URY,Uruguay,NY.GDP.NGAS.RT.ZS,Natural gas rents (% of GDP),2005,0,,1
URY,Uruguay,NY.GDP.NGAS.RT.ZS,Natural gas rents (% of GDP),2004,0,,1
URY,Uruguay,NY.GDP.NGAS.RT.ZS,Natural gas rents (% of GDP),2003,0,,1
URY,Uruguay,NY.GDP.NGAS.RT.ZS,Natural gas rents (% of GDP),2002,0,,1
URY,Uruguay,NY.GDP.NGAS.RT.ZS,Natural gas rents (% of GDP),2001,0,,1
URY,Uruguay,NY.GDP.NGAS.RT.ZS,Natural gas rents (% of GDP),2000,0,,1
URY,Uruguay,NY.GDP.NGAS.RT.ZS,Natural gas rents (% of GDP),1999,0,,1
URY,Uruguay,NY.GDP.NGAS.RT.ZS,Natural gas rents (% of GDP),1998,0,,1
URY,Uruguay,NY.GDP.NGAS.RT.ZS,Natural gas rents (% of GDP),1997,0,,1
URY,Uruguay,NY.GDP.NGAS.RT.ZS,Natural gas rents (% of GDP),1996,0,,1
URY,Uruguay,NY.GDP.NGAS.RT.ZS,Natural gas rents (% of GDP),1995,0,,1
URY,Uruguay,NY.GDP.NGAS.RT.ZS,Natural gas rents (% of GDP),1994,0,,1
URY,Uruguay,NY.GDP.NGAS.RT.ZS,Natural gas rents (% of GDP),1993,0,,1
URY,Uruguay,NY.GDP.NGAS.RT.ZS,Natural gas rents (% of GDP),1992,0,,1
URY,Uruguay,NY.GDP.NGAS.RT.ZS,Natural gas rents (% of GDP),1991,0,,1
URY,Uruguay,NY.GDP.NGAS.RT.ZS,Natural gas rents (% of GDP),1990,0,,1
URY,Uruguay,NY.GDP.NGAS.RT.ZS,Natural gas rents (% of GDP),1989,0,,1
URY,Uruguay,NY.GDP.NGAS.RT.ZS,Natural gas rents (% of GDP),1988,0,,1
URY,Uruguay,NY.GDP.NGAS.RT.ZS,Natural gas rents (% of GDP),1987,0,,1
URY,Uruguay,NY.GDP.NGAS.RT.ZS,Natural gas rents (% of GDP),1986,0,,1
URY,Uruguay,NY.GDP.NGAS.RT.ZS,Natural gas rents (% of GDP),1985,0,,1
URY,Uruguay,NY.GDP.NGAS.RT.ZS,Natural gas rents (% of GDP),1984,0,,1
URY,Uruguay,NY.GDP.NGAS.RT.ZS,Natural gas rents (% of GDP),1983,0,,1
URY,Uruguay,NY.GDP.NGAS.RT.ZS,Natural gas rents (% of GDP),1982,0,,1
URY,Uruguay,NY.GDP.NGAS.RT.ZS,Natural gas rents (% of GDP),1981,0,,1
URY,Uruguay,NY.GDP.NGAS.RT.ZS,Natural gas rents (% of GDP),1980,0,,1
URY,Uruguay,NY.GDP.NGAS.RT.ZS,Natural gas rents (% of GDP),1979,0,,1
URY,Uruguay,NY.GDP.NGAS.RT.ZS,Natural gas rents (% of GDP),1978,0,,1
URY,Uruguay,NY.GDP.NGAS.RT.ZS,Natural gas rents (% of GDP),1977,0,,1
URY,Uruguay,NY.GDP.NGAS.RT.ZS,Natural gas rents (% of GDP),1976,0,,1
URY,Uruguay,NY.GDP.NGAS.RT.ZS,Natural gas rents (% of GDP),1975,0,,1
URY,Uruguay,NY.GDP.NGAS.RT.ZS,Natural gas rents (% of GDP),1974,0,,1
URY,Uruguay,NY.GDP.NGAS.RT.ZS,Natural gas rents (% of GDP),1973,0,,1
URY,Uruguay,NY.GDP.NGAS.RT.ZS,Natural gas rents (% of GDP),1972,0,,1
URY,Uruguay,NY.GDP.NGAS.RT.ZS,Natural gas rents (% of GDP),1971,0,,1
UZB,Uzbekistan,NY.GDP.NGAS.RT.ZS,Natural gas rents (% of GDP),2021,11.0412650689481,,1
UZB,Uzbekistan,NY.GDP.NGAS.RT.ZS,Natural gas rents (% of GDP),2020,2.06722663890198,,1
UZB,Uzbekistan,NY.GDP.NGAS.RT.ZS,Natural gas rents (% of GDP),2019,5.07447370101394,,1
UZB,Uzbekistan,NY.GDP.NGAS.RT.ZS,Natural gas rents (% of GDP),2018,8.4367746464968,,1
UZB,Uzbekistan,NY.GDP.NGAS.RT.ZS,Natural gas rents (% of GDP),2017,4.10458310863666,,1
UZB,Uzbekistan,NY.GDP.NGAS.RT.ZS,Natural gas rents (% of GDP),2016,2.11753304648124,,1
UZB,Uzbekistan,NY.GDP.NGAS.RT.ZS,Natural gas rents (% of GDP),2015,3.57728670528244,,1
UZB,Uzbekistan,NY.GDP.NGAS.RT.ZS,Natural gas rents (% of GDP),2014,5.41544208670451,,1
UZB,Uzbekistan,NY.GDP.NGAS.RT.ZS,Natural gas rents (% of GDP),2013,8.31707283634849,,1
UZB,Uzbekistan,NY.GDP.NGAS.RT.ZS,Natural gas rents (% of GDP),2012,8.62348030793224,,1
UZB,Uzbekistan,NY.GDP.NGAS.RT.ZS,Natural gas rents (% of GDP),2011,9.11244807652977,,1
UZB,Uzbekistan,NY.GDP.NGAS.RT.ZS,Natural gas rents (% of GDP),2010,7.30039301916179,,1
UZB,Uzbekistan,NY.GDP.NGAS.RT.ZS,Natural gas rents (% of GDP),2009,11.9048370778636,,1
UZB,Uzbekistan,NY.GDP.NGAS.RT.ZS,Natural gas rents (% of GDP),2008,19.8143323526962,,1
UZB,Uzbekistan,NY.GDP.NGAS.RT.ZS,Natural gas rents (% of GDP),2007,13.8895336856133,,1
UZB,Uzbekistan,NY.GDP.NGAS.RT.ZS,Natural gas rents (% of GDP),2006,16.8322525714706,,1
UZB,Uzbekistan,NY.GDP.NGAS.RT.ZS,Natural gas rents (% of GDP),2005,8.92774487104872,,1
UZB,Uzbekistan,NY.GDP.NGAS.RT.ZS,Natural gas rents (% of GDP),2004,12.4022223973696,,1
UZB,Uzbekistan,NY.GDP.NGAS.RT.ZS,Natural gas rents (% of GDP),2003,16.3929079886423,,1
UZB,Uzbekistan,NY.GDP.NGAS.RT.ZS,Natural gas rents (% of GDP),2002,15.5837533463076,,1
UZB,Uzbekistan,NY.GDP.NGAS.RT.ZS,Natural gas rents (% of GDP),2001,19.2375600474741,,1
UZB,Uzbekistan,NY.GDP.NGAS.RT.ZS,Natural gas rents (% of GDP),2000,7.45483715071037,,1
UZB,Uzbekistan,NY.GDP.NGAS.RT.ZS,Natural gas rents (% of GDP),1999,0.940519568054424,,1
UZB,Uzbekistan,NY.GDP.NGAS.RT.ZS,Natural gas rents (% of GDP),1998,1.08190143918471,,1
UZB,Uzbekistan,NY.GDP.NGAS.RT.ZS,Natural gas rents (% of GDP),1997,7.56461013695163,,1
UZB,Uzbekistan,NY.GDP.NGAS.RT.ZS,Natural gas rents (% of GDP),1996,7.22864796010283,,1
UZB,Uzbekistan,NY.GDP.NGAS.RT.ZS,Natural gas rents (% of GDP),1995,7.82798715575388,,1
UZB,Uzbekistan,NY.GDP.NGAS.RT.ZS,Natural gas rents (% of GDP),1994,4.30130653782493,,1
UZB,Uzbekistan,NY.GDP.NGAS.RT.ZS,Natural gas rents (% of GDP),1993,4.15944088282499,,1
UZB,Uzbekistan,NY.GDP.NGAS.RT.ZS,Natural gas rents (% of GDP),1992,1.79627303783983,,1
UZB,Uzbekistan,NY.GDP.NGAS.RT.ZS,Natural gas rents (% of GDP),1991,2.98310942862483,,1
UZB,Uzbekistan,NY.GDP.NGAS.RT.ZS,Natural gas rents (% of GDP),1990,4.82786716694025,,1
VUT,Vanuatu,NY.GDP.NGAS.RT.ZS,Natural gas rents (% of GDP),2021,0,,1
VUT,Vanuatu,NY.GDP.NGAS.RT.ZS,Natural gas rents (% of GDP),2020,0,,1
VUT,Vanuatu,NY.GDP.NGAS.RT.ZS,Natural gas rents (% of GDP),2019,0,,1
VUT,Vanuatu,NY.GDP.NGAS.RT.ZS,Natural gas rents (% of GDP),2018,0,,1
VUT,Vanuatu,NY.GDP.NGAS.RT.ZS,Natural gas rents (% of GDP),2017,0,,1
VUT,Vanuatu,NY.GDP.NGAS.RT.ZS,Natural gas rents (% of GDP),2016,0,,1
VUT,Vanuatu,NY.GDP.NGAS.RT.ZS,Natural gas rents (% of GDP),2015,0,,1
VUT,Vanuatu,NY.GDP.NGAS.RT.ZS,Natural gas rents (% of GDP),2014,0,,1
VUT,Vanuatu,NY.GDP.NGAS.RT.ZS,Natural gas rents (% of GDP),2013,0,,1
VUT,Vanuatu,NY.GDP.NGAS.RT.ZS,Natural gas rents (% of GDP),2012,0,,1
VUT,Vanuatu,NY.GDP.NGAS.RT.ZS,Natural gas rents (% of GDP),2011,0,,1
VUT,Vanuatu,NY.GDP.NGAS.RT.ZS,Natural gas rents (% of GDP),2010,0,,1
VUT,Vanuatu,NY.GDP.NGAS.RT.ZS,Natural gas rents (% of GDP),2009,0,,1
VUT,Vanuatu,NY.GDP.NGAS.RT.ZS,Natural gas rents (% of GDP),2008,0,,1
VUT,Vanuatu,NY.GDP.NGAS.RT.ZS,Natural gas rents (% of GDP),2007,0,,1
VUT,Vanuatu,NY.GDP.NGAS.RT.ZS,Natural gas rents (% of GDP),2006,0,,1
VUT,Vanuatu,NY.GDP.NGAS.RT.ZS,Natural gas rents (% of GDP),2005,0,,1
VUT,Vanuatu,NY.GDP.NGAS.RT.ZS,Natural gas rents (% of GDP),2004,0,,1
VUT,Vanuatu,NY.GDP.NGAS.RT.ZS,Natural gas rents (% of GDP),2003,0,,1
VUT,Vanuatu,NY.GDP.NGAS.RT.ZS,Natural gas rents (% of GDP),2002,0,,1
VUT,Vanuatu,NY.GDP.NGAS.RT.ZS,Natural gas rents (% of GDP),2001,0,,1
VUT,Vanuatu,NY.GDP.NGAS.RT.ZS,Natural gas rents (% of GDP),2000,0,,1
VUT,Vanuatu,NY.GDP.NGAS.RT.ZS,Natural gas rents (% of GDP),1999,0,,1
VUT,Vanuatu,NY.GDP.NGAS.RT.ZS,Natural gas rents (% of GDP),1998,0,,1
VUT,Vanuatu,NY.GDP.NGAS.RT.ZS,Natural gas rents (% of GDP),1997,0,,1
VUT,Vanuatu,NY.GDP.NGAS.RT.ZS,Natural gas rents (% of GDP),1996,0,,1
VUT,Vanuatu,NY.GDP.NGAS.RT.ZS,Natural gas rents (% of GDP),1995,0,,1
VUT,Vanuatu,NY.GDP.NGAS.RT.ZS,Natural gas rents (% of GDP),1994,0,,1
VUT,Vanuatu,NY.GDP.NGAS.RT.ZS,Natural gas rents (% of GDP),1993,0,,1
VUT,Vanuatu,NY.GDP.NGAS.RT.ZS,Natural gas rents (% of GDP),1992,0,,1
VUT,Vanuatu,NY.GDP.NGAS.RT.ZS,Natural gas rents (% of GDP),1991,0,,1
VUT,Vanuatu,NY.GDP.NGAS.RT.ZS,Natural gas rents (% of GDP),1990,0,,1
VUT,Vanuatu,NY.GDP.NGAS.RT.ZS,Natural gas rents (% of GDP),1989,0,,1
VUT,Vanuatu,NY.GDP.NGAS.RT.ZS,Natural gas rents (% of GDP),1988,0,,1
VUT,Vanuatu,NY.GDP.NGAS.RT.ZS,Natural gas rents (% of GDP),1987,0,,1
VUT,Vanuatu,NY.GDP.NGAS.RT.ZS,Natural gas rents (% of GDP),1986,0,,1
VUT,Vanuatu,NY.GDP.NGAS.RT.ZS,Natural gas rents (% of GDP),1985,0,,1
VUT,Vanuatu,NY.GDP.NGAS.RT.ZS,Natural gas rents (% of GDP),1984,0,,1
VUT,Vanuatu,NY.GDP.NGAS.RT.ZS,Natural gas rents (% of GDP),1983,0,,1
VUT,Vanuatu,NY.GDP.NGAS.RT.ZS,Natural gas rents (% of GDP),1982,0,,1
VUT,Vanuatu,NY.GDP.NGAS.RT.ZS,Natural gas rents (% of GDP),1981,0,,1
VUT,Vanuatu,NY.GDP.NGAS.RT.ZS,Natural gas rents (% of GDP),1980,0,,1
VEN,"Venezuela, RB",NY.GDP.NGAS.RT.ZS,Natural gas rents (% of GDP),2014,0.377759593557882,,1
VEN,"Venezuela, RB",NY.GDP.NGAS.RT.ZS,Natural gas rents (% of GDP),2013,0.542256254471641,,1
VEN,"Venezuela, RB",NY.GDP.NGAS.RT.ZS,Natural gas rents (% of GDP),2012,0.501629536802643,,1
VEN,"Venezuela, RB",NY.GDP.NGAS.RT.ZS,Natural gas rents (% of GDP),2011,0.542388149685457,,1
VEN,"Venezuela, RB",NY.GDP.NGAS.RT.ZS,Natural gas rents (% of GDP),2010,0.193269710628376,,1
VEN,"Venezuela, RB",NY.GDP.NGAS.RT.ZS,Natural gas rents (% of GDP),2009,0.301357412680844,,1
VEN,"Venezuela, RB",NY.GDP.NGAS.RT.ZS,Natural gas rents (% of GDP),2008,0.299641057955094,,1
VEN,"Venezuela, RB",NY.GDP.NGAS.RT.ZS,Natural gas rents (% of GDP),2007,0.404644901272761,,1
VEN,"Venezuela, RB",NY.GDP.NGAS.RT.ZS,Natural gas rents (% of GDP),2006,0.415380969310995,,1
VEN,"Venezuela, RB",NY.GDP.NGAS.RT.ZS,Natural gas rents (% of GDP),2005,0.360365920832308,,1
VEN,"Venezuela, RB",NY.GDP.NGAS.RT.ZS,Natural gas rents (% of GDP),2004,0.282061313688956,,1
VEN,"Venezuela, RB",NY.GDP.NGAS.RT.ZS,Natural gas rents (% of GDP),2003,0.382225897512285,,1
VEN,"Venezuela, RB",NY.GDP.NGAS.RT.ZS,Natural gas rents (% of GDP),2002,0.485477997520281,,1
VEN,"Venezuela, RB",NY.GDP.NGAS.RT.ZS,Natural gas rents (% of GDP),2001,0.39389596845671,,1
VEN,"Venezuela, RB",NY.GDP.NGAS.RT.ZS,Natural gas rents (% of GDP),2000,0.450042899866886,,1
VEN,"Venezuela, RB",NY.GDP.NGAS.RT.ZS,Natural gas rents (% of GDP),1999,0.283966808667976,,1
VEN,"Venezuela, RB",NY.GDP.NGAS.RT.ZS,Natural gas rents (% of GDP),1998,0.239125734808664,,1
VEN,"Venezuela, RB",NY.GDP.NGAS.RT.ZS,Natural gas rents (% of GDP),1997,0.321044159074458,,1
VEN,"Venezuela, RB",NY.GDP.NGAS.RT.ZS,Natural gas rents (% of GDP),1996,0.385285716754203,,1
VEN,"Venezuela, RB",NY.GDP.NGAS.RT.ZS,Natural gas rents (% of GDP),1995,0.301335331109423,,1
VEN,"Venezuela, RB",NY.GDP.NGAS.RT.ZS,Natural gas rents (% of GDP),1994,0.430721441622802,,1
VEN,"Venezuela, RB",NY.GDP.NGAS.RT.ZS,Natural gas rents (% of GDP),1993,0.458932426262348,,1
VEN,"Venezuela, RB",NY.GDP.NGAS.RT.ZS,Natural gas rents (% of GDP),1992,0.352497341735256,,1
VEN,"Venezuela, RB",NY.GDP.NGAS.RT.ZS,Natural gas rents (% of GDP),1991,0.445770141075725,,1
VEN,"Venezuela, RB",NY.GDP.NGAS.RT.ZS,Natural gas rents (% of GDP),1990,0.589527278171202,,1
VEN,"Venezuela, RB",NY.GDP.NGAS.RT.ZS,Natural gas rents (% of GDP),1989,0.450309223788971,,1
VEN,"Venezuela, RB",NY.GDP.NGAS.RT.ZS,Natural gas rents (% of GDP),1988,0.241125957435017,,1
VEN,"Venezuela, RB",NY.GDP.NGAS.RT.ZS,Natural gas rents (% of GDP),1987,0.352194351676579,,1
VEN,"Venezuela, RB",NY.GDP.NGAS.RT.ZS,Natural gas rents (% of GDP),1986,0.374914979872589,,1
VEN,"Venezuela, RB",NY.GDP.NGAS.RT.ZS,Natural gas rents (% of GDP),1985,0.430841028316452,,1
VEN,"Venezuela, RB",NY.GDP.NGAS.RT.ZS,Natural gas rents (% of GDP),1984,0.458495277113724,,1
VEN,"Venezuela, RB",NY.GDP.NGAS.RT.ZS,Natural gas rents (% of GDP),1983,0.321512877718524,,1
VEN,"Venezuela, RB",NY.GDP.NGAS.RT.ZS,Natural gas rents (% of GDP),1982,0.0593193014721485,,1
VEN,"Venezuela, RB",NY.GDP.NGAS.RT.ZS,Natural gas rents (% of GDP),1981,0.269057008977634,,1
VEN,"Venezuela, RB",NY.GDP.NGAS.RT.ZS,Natural gas rents (% of GDP),1980,0.502397076823419,,1
VEN,"Venezuela, RB",NY.GDP.NGAS.RT.ZS,Natural gas rents (% of GDP),1979,0.239270669213099,,1
VEN,"Venezuela, RB",NY.GDP.NGAS.RT.ZS,Natural gas rents (% of GDP),1978,0.0381185769565808,,1
VEN,"Venezuela, RB",NY.GDP.NGAS.RT.ZS,Natural gas rents (% of GDP),1977,0.0175900508342194,,1
VEN,"Venezuela, RB",NY.GDP.NGAS.RT.ZS,Natural gas rents (% of GDP),1976,0.250621441153781,,1
VEN,"Venezuela, RB",NY.GDP.NGAS.RT.ZS,Natural gas rents (% of GDP),1975,0.277868294731859,,1
VEN,"Venezuela, RB",NY.GDP.NGAS.RT.ZS,Natural gas rents (% of GDP),1974,0.166026571081001,,1
VEN,"Venezuela, RB",NY.GDP.NGAS.RT.ZS,Natural gas rents (% of GDP),1973,0.0333148869118583,,1
VEN,"Venezuela, RB",NY.GDP.NGAS.RT.ZS,Natural gas rents (% of GDP),1972,0.0347966008003465,,1
VEN,"Venezuela, RB",NY.GDP.NGAS.RT.ZS,Natural gas rents (% of GDP),1971,0.0347657629542569,,1
VEN,"Venezuela, RB",NY.GDP.NGAS.RT.ZS,Natural gas rents (% of GDP),1970,0.0221370999607284,,1
VNM,Viet Nam,NY.GDP.NGAS.RT.ZS,Natural gas rents (% of GDP),2021,0.32730836109362,,1
VNM,Viet Nam,NY.GDP.NGAS.RT.ZS,Natural gas rents (% of GDP),2020,0.247961395343541,,1
VNM,Viet Nam,NY.GDP.NGAS.RT.ZS,Natural gas rents (% of GDP),2019,0.35996993743116,,1
VNM,Viet Nam,NY.GDP.NGAS.RT.ZS,Natural gas rents (% of GDP),2018,0.383369129367597,,1
VNM,Viet Nam,NY.GDP.NGAS.RT.ZS,Natural gas rents (% of GDP),2017,0.279611337213359,,1
VNM,Viet Nam,NY.GDP.NGAS.RT.ZS,Natural gas rents (% of GDP),2016,0.316021208374894,,1
VNM,Viet Nam,NY.GDP.NGAS.RT.ZS,Natural gas rents (% of GDP),2015,0.466993735594374,,1
VNM,Viet Nam,NY.GDP.NGAS.RT.ZS,Natural gas rents (% of GDP),2014,0.418562328391343,,1
VNM,Viet Nam,NY.GDP.NGAS.RT.ZS,Natural gas rents (% of GDP),2013,0.329556289592129,,1
VNM,Viet Nam,NY.GDP.NGAS.RT.ZS,Natural gas rents (% of GDP),2012,0.352929785663553,,1
VNM,Viet Nam,NY.GDP.NGAS.RT.ZS,Natural gas rents (% of GDP),2011,0.377816460476658,,1
VNM,Viet Nam,NY.GDP.NGAS.RT.ZS,Natural gas rents (% of GDP),2010,0.442109704259686,,1
VNM,Viet Nam,NY.GDP.NGAS.RT.ZS,Natural gas rents (% of GDP),2009,0.476843399378323,,1
VNM,Viet Nam,NY.GDP.NGAS.RT.ZS,Natural gas rents (% of GDP),2008,0.495591047514565,,1
VNM,Viet Nam,NY.GDP.NGAS.RT.ZS,Natural gas rents (% of GDP),2007,0.542522638408329,,1
VNM,Viet Nam,NY.GDP.NGAS.RT.ZS,Natural gas rents (% of GDP),2006,0.651803798316593,,1
VNM,Viet Nam,NY.GDP.NGAS.RT.ZS,Natural gas rents (% of GDP),2005,0.777553231191598,,1
VNM,Viet Nam,NY.GDP.NGAS.RT.ZS,Natural gas rents (% of GDP),2004,0.632871823685399,,1
VNM,Viet Nam,NY.GDP.NGAS.RT.ZS,Natural gas rents (% of GDP),2003,0.359617720346491,,1
VNM,Viet Nam,NY.GDP.NGAS.RT.ZS,Natural gas rents (% of GDP),2002,0.325384146459247,,1
VNM,Viet Nam,NY.GDP.NGAS.RT.ZS,Natural gas rents (% of GDP),2001,0.334655161102383,,1
VNM,Viet Nam,NY.GDP.NGAS.RT.ZS,Natural gas rents (% of GDP),2000,0.308186745265021,,1
VNM,Viet Nam,NY.GDP.NGAS.RT.ZS,Natural gas rents (% of GDP),1999,0.174791285743312,,1
VNM,Viet Nam,NY.GDP.NGAS.RT.ZS,Natural gas rents (% of GDP),1998,0.115708332859875,,1
VNM,Viet Nam,NY.GDP.NGAS.RT.ZS,Natural gas rents (% of GDP),1997,0.0957508180463169,,1
VNM,Viet Nam,NY.GDP.NGAS.RT.ZS,Natural gas rents (% of GDP),1996,0.0544804664709272,,1
VNM,Viet Nam,NY.GDP.NGAS.RT.ZS,Natural gas rents (% of GDP),1995,0.0281114362787644,,1
VNM,Viet Nam,NY.GDP.NGAS.RT.ZS,Natural gas rents (% of GDP),1994,0.0591653921620877,,1
VNM,Viet Nam,NY.GDP.NGAS.RT.ZS,Natural gas rents (% of GDP),1993,0.0644856479916332,,1
VNM,Viet Nam,NY.GDP.NGAS.RT.ZS,Natural gas rents (% of GDP),1992,0.0612690430513439,,1
VNM,Viet Nam,NY.GDP.NGAS.RT.ZS,Natural gas rents (% of GDP),1991,0.019978849108465,,1
VNM,Viet Nam,NY.GDP.NGAS.RT.ZS,Natural gas rents (% of GDP),1990,0.0196970870910082,,1
VNM,Viet Nam,NY.GDP.NGAS.RT.ZS,Natural gas rents (% of GDP),1989,0.012448122153879,,1
VNM,Viet Nam,NY.GDP.NGAS.RT.ZS,Natural gas rents (% of GDP),1988,0.00234468071873021,,1
VNM,Viet Nam,NY.GDP.NGAS.RT.ZS,Natural gas rents (% of GDP),1987,0.00256583104264377,,1
VNM,Viet Nam,NY.GDP.NGAS.RT.ZS,Natural gas rents (% of GDP),1986,0.00407404057323303,,1
VNM,Viet Nam,NY.GDP.NGAS.RT.ZS,Natural gas rents (% of GDP),1985,0.0047127406158542,,1
VIR,Virgin Islands (U.S.),NY.GDP.NGAS.RT.ZS,Natural gas rents (% of GDP),2020,0,,1
VIR,Virgin Islands (U.S.),NY.GDP.NGAS.RT.ZS,Natural gas rents (% of GDP),2019,0,,1
VIR,Virgin Islands (U.S.),NY.GDP.NGAS.RT.ZS,Natural gas rents (% of GDP),2018,0,,1
VIR,Virgin Islands (U.S.),NY.GDP.NGAS.RT.ZS,Natural gas rents (% of GDP),2017,0,,1
VIR,Virgin Islands (U.S.),NY.GDP.NGAS.RT.ZS,Natural gas rents (% of GDP),2016,0,,1
VIR,Virgin Islands (U.S.),NY.GDP.NGAS.RT.ZS,Natural gas rents (% of GDP),2015,0,,1
VIR,Virgin Islands (U.S.),NY.GDP.NGAS.RT.ZS,Natural gas rents (% of GDP),2014,0,,1
VIR,Virgin Islands (U.S.),NY.GDP.NGAS.RT.ZS,Natural gas rents (% of GDP),2013,0,,1
VIR,Virgin Islands (U.S.),NY.GDP.NGAS.RT.ZS,Natural gas rents (% of GDP),2012,0,,1
VIR,Virgin Islands (U.S.),NY.GDP.NGAS.RT.ZS,Natural gas rents (% of GDP),2011,0,,1
VIR,Virgin Islands (U.S.),NY.GDP.NGAS.RT.ZS,Natural gas rents (% of GDP),2010,0,,1
VIR,Virgin Islands (U.S.),NY.GDP.NGAS.RT.ZS,Natural gas rents (% of GDP),2009,0,,1
VIR,Virgin Islands (U.S.),NY.GDP.NGAS.RT.ZS,Natural gas rents (% of GDP),2008,0,,1
VIR,Virgin Islands (U.S.),NY.GDP.NGAS.RT.ZS,Natural gas rents (% of GDP),2007,0,,1
VIR,Virgin Islands (U.S.),NY.GDP.NGAS.RT.ZS,Natural gas rents (% of GDP),2006,0,,1
VIR,Virgin Islands (U.S.),NY.GDP.NGAS.RT.ZS,Natural gas rents (% of GDP),2005,0,,1
VIR,Virgin Islands (U.S.),NY.GDP.NGAS.RT.ZS,Natural gas rents (% of GDP),2004,0,,1
VIR,Virgin Islands (U.S.),NY.GDP.NGAS.RT.ZS,Natural gas rents (% of GDP),2003,0,,1
VIR,Virgin Islands (U.S.),NY.GDP.NGAS.RT.ZS,Natural gas rents (% of GDP),2002,0,,1
YEM,"Yemen, Rep.",NY.GDP.NGAS.RT.ZS,Natural gas rents (% of GDP),2016,0.000212589998147195,,1
YEM,"Yemen, Rep.",NY.GDP.NGAS.RT.ZS,Natural gas rents (% of GDP),2015,0.316743824319049,,1
YEM,"Yemen, Rep.",NY.GDP.NGAS.RT.ZS,Natural gas rents (% of GDP),2014,1.91026799289135,,1
YEM,"Yemen, Rep.",NY.GDP.NGAS.RT.ZS,Natural gas rents (% of GDP),2013,2.44022059158672,,1
YEM,"Yemen, Rep.",NY.GDP.NGAS.RT.ZS,Natural gas rents (% of GDP),2012,1.77261923895263,,1
YEM,"Yemen, Rep.",NY.GDP.NGAS.RT.ZS,Natural gas rents (% of GDP),2011,2.49897249768798,,1
YEM,"Yemen, Rep.",NY.GDP.NGAS.RT.ZS,Natural gas rents (% of GDP),2010,1.33046245575943,,1
YEM,"Yemen, Rep.",NY.GDP.NGAS.RT.ZS,Natural gas rents (% of GDP),2009,0.34401913744873,,1
YEM,"Yemen, Rep.",NY.GDP.NGAS.RT.ZS,Natural gas rents (% of GDP),2008,0.00755931381034597,,1
YEM,"Yemen, Rep.",NY.GDP.NGAS.RT.ZS,Natural gas rents (% of GDP),2007,0.0191707105432845,,1
YEM,"Yemen, Rep.",NY.GDP.NGAS.RT.ZS,Natural gas rents (% of GDP),2006,0.0329439969514385,,1
YEM,"Yemen, Rep.",NY.GDP.NGAS.RT.ZS,Natural gas rents (% of GDP),2005,0.0467874589438686,,1
YEM,"Yemen, Rep.",NY.GDP.NGAS.RT.ZS,Natural gas rents (% of GDP),2004,0.0586059833261406,,1
YEM,"Yemen, Rep.",NY.GDP.NGAS.RT.ZS,Natural gas rents (% of GDP),2003,0.0830008009874186,,1
YEM,"Yemen, Rep.",NY.GDP.NGAS.RT.ZS,Natural gas rents (% of GDP),2002,0.119427739621182,,1
YEM,"Yemen, Rep.",NY.GDP.NGAS.RT.ZS,Natural gas rents (% of GDP),2001,0.187195088402522,,1
YEM,"Yemen, Rep.",NY.GDP.NGAS.RT.ZS,Natural gas rents (% of GDP),2000,0.173347842113806,,1
YEM,"Yemen, Rep.",NY.GDP.NGAS.RT.ZS,Natural gas rents (% of GDP),1999,0.172609581345397,,1
YEM,"Yemen, Rep.",NY.GDP.NGAS.RT.ZS,Natural gas rents (% of GDP),1998,0.222015641497304,,1
YEM,"Yemen, Rep.",NY.GDP.NGAS.RT.ZS,Natural gas rents (% of GDP),1997,0.22287932921921,,1
YEM,"Yemen, Rep.",NY.GDP.NGAS.RT.ZS,Natural gas rents (% of GDP),1996,0.249749470215075,,1
YEM,"Yemen, Rep.",NY.GDP.NGAS.RT.ZS,Natural gas rents (% of GDP),1995,0.313436630816802,,1
YEM,"Yemen, Rep.",NY.GDP.NGAS.RT.ZS,Natural gas rents (% of GDP),1994,0.299836564433594,,1
YEM,"Yemen, Rep.",NY.GDP.NGAS.RT.ZS,Natural gas rents (% of GDP),1993,0.222483863863661,,1
YEM,"Yemen, Rep.",NY.GDP.NGAS.RT.ZS,Natural gas rents (% of GDP),1992,0.1783744892723,,1
YEM,"Yemen, Rep.",NY.GDP.NGAS.RT.ZS,Natural gas rents (% of GDP),1991,0.204139559585809,,1
YEM,"Yemen, Rep.",NY.GDP.NGAS.RT.ZS,Natural gas rents (% of GDP),1990,0.174279068674549,,1
ZMB,Zambia,NY.GDP.NGAS.RT.ZS,Natural gas rents (% of GDP),2021,0,,1
ZMB,Zambia,NY.GDP.NGAS.RT.ZS,Natural gas rents (% of GDP),2020,0,,1
ZMB,Zambia,NY.GDP.NGAS.RT.ZS,Natural gas rents (% of GDP),2019,0,,1
ZMB,Zambia,NY.GDP.NGAS.RT.ZS,Natural gas rents (% of GDP),2018,0,,1
ZMB,Zambia,NY.GDP.NGAS.RT.ZS,Natural gas rents (% of GDP),2017,0,,1
ZMB,Zambia,NY.GDP.NGAS.RT.ZS,Natural gas rents (% of GDP),2016,0,,1
ZMB,Zambia,NY.GDP.NGAS.RT.ZS,Natural gas rents (% of GDP),2015,0,,1
ZMB,Zambia,NY.GDP.NGAS.RT.ZS,Natural gas rents (% of GDP),2014,0,,1
ZMB,Zambia,NY.GDP.NGAS.RT.ZS,Natural gas rents (% of GDP),2013,0,,1
ZMB,Zambia,NY.GDP.NGAS.RT.ZS,Natural gas rents (% of GDP),2012,0,,1
ZMB,Zambia,NY.GDP.NGAS.RT.ZS,Natural gas rents (% of GDP),2011,0,,1
ZMB,Zambia,NY.GDP.NGAS.RT.ZS,Natural gas rents (% of GDP),2010,0,,1
ZMB,Zambia,NY.GDP.NGAS.RT.ZS,Natural gas rents (% of GDP),2009,0,,1
ZMB,Zambia,NY.GDP.NGAS.RT.ZS,Natural gas rents (% of GDP),2008,0,,1
ZMB,Zambia,NY.GDP.NGAS.RT.ZS,Natural gas rents (% of GDP),2007,0,,1
ZMB,Zambia,NY.GDP.NGAS.RT.ZS,Natural gas rents (% of GDP),2006,0,,1
ZMB,Zambia,NY.GDP.NGAS.RT.ZS,Natural gas rents (% of GDP),2005,0,,1
ZMB,Zambia,NY.GDP.NGAS.RT.ZS,Natural gas rents (% of GDP),2004,0,,1
ZMB,Zambia,NY.GDP.NGAS.RT.ZS,Natural gas rents (% of GDP),2003,0,,1
ZMB,Zambia,NY.GDP.NGAS.RT.ZS,Natural gas rents (% of GDP),2002,0,,1
ZMB,Zambia,NY.GDP.NGAS.RT.ZS,Natural gas rents (% of GDP),2001,0,,1
ZMB,Zambia,NY.GDP.NGAS.RT.ZS,Natural gas rents (% of GDP),2000,0,,1
ZMB,Zambia,NY.GDP.NGAS.RT.ZS,Natural gas rents (% of GDP),1999,0,,1
ZMB,Zambia,NY.GDP.NGAS.RT.ZS,Natural gas rents (% of GDP),1998,0,,1
ZMB,Zambia,NY.GDP.NGAS.RT.ZS,Natural gas rents (% of GDP),1997,0,,1
ZMB,Zambia,NY.GDP.NGAS.RT.ZS,Natural gas rents (% of GDP),1996,0,,1
ZMB,Zambia,NY.GDP.NGAS.RT.ZS,Natural gas rents (% of GDP),1995,0,,1
ZMB,Zambia,NY.GDP.NGAS.RT.ZS,Natural gas rents (% of GDP),1994,0,,1
ZMB,Zambia,NY.GDP.NGAS.RT.ZS,Natural gas rents (% of GDP),1993,0,,1
ZMB,Zambia,NY.GDP.NGAS.RT.ZS,Natural gas rents (% of GDP),1992,0,,1
ZMB,Zambia,NY.GDP.NGAS.RT.ZS,Natural gas rents (% of GDP),1991,0,,1
ZMB,Zambia,NY.GDP.NGAS.RT.ZS,Natural gas rents (% of GDP),1990,0,,1
ZMB,Zambia,NY.GDP.NGAS.RT.ZS,Natural gas rents (% of GDP),1989,0,,1
ZMB,Zambia,NY.GDP.NGAS.RT.ZS,Natural gas rents (% of GDP),1988,0,,1
ZMB,Zambia,NY.GDP.NGAS.RT.ZS,Natural gas rents (% of GDP),1987,0,,1
ZMB,Zambia,NY.GDP.NGAS.RT.ZS,Natural gas rents (% of GDP),1986,0,,1
ZMB,Zambia,NY.GDP.NGAS.RT.ZS,Natural gas rents (% of GDP),1985,0,,1
ZMB,Zambia,NY.GDP.NGAS.RT.ZS,Natural gas rents (% of GDP),1984,0,,1
ZMB,Zambia,NY.GDP.NGAS.RT.ZS,Natural gas rents (% of GDP),1983,0,,1
ZMB,Zambia,NY.GDP.NGAS.RT.ZS,Natural gas rents (% of GDP),1982,0,,1
ZMB,Zambia,NY.GDP.NGAS.RT.ZS,Natural gas rents (% of GDP),1981,0,,1
ZMB,Zambia,NY.GDP.NGAS.RT.ZS,Natural gas rents (% of GDP),1980,0,,1
ZMB,Zambia,NY.GDP.NGAS.RT.ZS,Natural gas rents (% of GDP),1979,0,,1
ZMB,Zambia,NY.GDP.NGAS.RT.ZS,Natural gas rents (% of GDP),1978,0,,1
ZMB,Zambia,NY.GDP.NGAS.RT.ZS,Natural gas rents (% of GDP),1977,0,,1
ZMB,Zambia,NY.GDP.NGAS.RT.ZS,Natural gas rents (% of GDP),1976,0,,1
ZMB,Zambia,NY.GDP.NGAS.RT.ZS,Natural gas rents (% of GDP),1975,0,,1
ZMB,Zambia,NY.GDP.NGAS.RT.ZS,Natural gas rents (% of GDP),1974,0,,1
ZMB,Zambia,NY.GDP.NGAS.RT.ZS,Natural gas rents (% of GDP),1973,0,,1
ZMB,Zambia,NY.GDP.NGAS.RT.ZS,Natural gas rents (% of GDP),1972,0,,1
ZMB,Zambia,NY.GDP.NGAS.RT.ZS,Natural gas rents (% of GDP),1971,0,,1
ZWE,Zimbabwe,NY.GDP.NGAS.RT.ZS,Natural gas rents (% of GDP),2021,0,,1
ZWE,Zimbabwe,NY.GDP.NGAS.RT.ZS,Natural gas rents (% of GDP),2020,0,,1
ZWE,Zimbabwe,NY.GDP.NGAS.RT.ZS,Natural gas rents (% of GDP),2019,0,,1
ZWE,Zimbabwe,NY.GDP.NGAS.RT.ZS,Natural gas rents (% of GDP),2018,0,,1
ZWE,Zimbabwe,NY.GDP.NGAS.RT.ZS,Natural gas rents (% of GDP),2017,0,,1
ZWE,Zimbabwe,NY.GDP.NGAS.RT.ZS,Natural gas rents (% of GDP),2016,0,,1
ZWE,Zimbabwe,NY.GDP.NGAS.RT.ZS,Natural gas rents (% of GDP),2015,0,,1
ZWE,Zimbabwe,NY.GDP.NGAS.RT.ZS,Natural gas rents (% of GDP),2014,0,,1
ZWE,Zimbabwe,NY.GDP.NGAS.RT.ZS,Natural gas rents (% of GDP),2013,0,,1
ZWE,Zimbabwe,NY.GDP.NGAS.RT.ZS,Natural gas rents (% of GDP),2012,0,,1
ZWE,Zimbabwe,NY.GDP.NGAS.RT.ZS,Natural gas rents (% of GDP),2011,0,,1
ZWE,Zimbabwe,NY.GDP.NGAS.RT.ZS,Natural gas rents (% of GDP),2010,0,,1
ZWE,Zimbabwe,NY.GDP.NGAS.RT.ZS,Natural gas rents (% of GDP),2009,0,,1
ZWE,Zimbabwe,NY.GDP.NGAS.RT.ZS,Natural gas rents (% of GDP),2008,0,,1
ZWE,Zimbabwe,NY.GDP.NGAS.RT.ZS,Natural gas rents (% of GDP),2007,0,,1
ZWE,Zimbabwe,NY.GDP.NGAS.RT.ZS,Natural gas rents (% of GDP),2006,0,,1
ZWE,Zimbabwe,NY.GDP.NGAS.RT.ZS,Natural gas rents (% of GDP),2005,0,,1
ZWE,Zimbabwe,NY.GDP.NGAS.RT.ZS,Natural gas rents (% of GDP),2004,0,,1
ZWE,Zimbabwe,NY.GDP.NGAS.RT.ZS,Natural gas rents (% of GDP),2003,0,,1
ZWE,Zimbabwe,NY.GDP.NGAS.RT.ZS,Natural gas rents (% of GDP),2002,0,,1
ZWE,Zimbabwe,NY.GDP.NGAS.RT.ZS,Natural gas rents (% of GDP),2001,0,,1
ZWE,Zimbabwe,NY.GDP.NGAS.RT.ZS,Natural gas rents (% of GDP),2000,0,,1
ZWE,Zimbabwe,NY.GDP.NGAS.RT.ZS,Natural gas rents (% of GDP),1999,0,,1
ZWE,Zimbabwe,NY.GDP.NGAS.RT.ZS,Natural gas rents (% of GDP),1998,0,,1
ZWE,Zimbabwe,NY.GDP.NGAS.RT.ZS,Natural gas rents (% of GDP),1997,0,,1
ZWE,Zimbabwe,NY.GDP.NGAS.RT.ZS,Natural gas rents (% of GDP),1996,0,,1
ZWE,Zimbabwe,NY.GDP.NGAS.RT.ZS,Natural gas rents (% of GDP),1995,0,,1
ZWE,Zimbabwe,NY.GDP.NGAS.RT.ZS,Natural gas rents (% of GDP),1994,0,,1
ZWE,Zimbabwe,NY.GDP.NGAS.RT.ZS,Natural gas rents (% of GDP),1993,0,,1
ZWE,Zimbabwe,NY.GDP.NGAS.RT.ZS,Natural gas rents (% of GDP),1992,0,,1
ZWE,Zimbabwe,NY.GDP.NGAS.RT.ZS,Natural gas rents (% of GDP),1991,0,,1
ZWE,Zimbabwe,NY.GDP.NGAS.RT.ZS,Natural gas rents (% of GDP),1990,0,,1
ZWE,Zimbabwe,NY.GDP.NGAS.RT.ZS,Natural gas rents (% of GDP),1989,0,,1
ZWE,Zimbabwe,NY.GDP.NGAS.RT.ZS,Natural gas rents (% of GDP),1988,0,,1
ZWE,Zimbabwe,NY.GDP.NGAS.RT.ZS,Natural gas rents (% of GDP),1987,0,,1
ZWE,Zimbabwe,NY.GDP.NGAS.RT.ZS,Natural gas rents (% of GDP),1986,0,,1
ZWE,Zimbabwe,NY.GDP.NGAS.RT.ZS,Natural gas rents (% of GDP),1985,0,,1
ZWE,Zimbabwe,NY.GDP.NGAS.RT.ZS,Natural gas rents (% of GDP),1984,0,,1
ZWE,Zimbabwe,NY.GDP.NGAS.RT.ZS,Natural gas rents (% of GDP),1983,0,,1
ZWE,Zimbabwe,NY.GDP.NGAS.RT.ZS,Natural gas rents (% of GDP),1982,0,,1
ZWE,Zimbabwe,NY.GDP.NGAS.RT.ZS,Natural gas rents (% of GDP),1981,0,,1
ZWE,Zimbabwe,NY.GDP.NGAS.RT.ZS,Natural gas rents (% of GDP),1980,0,,1
ZWE,Zimbabwe,NY.GDP.NGAS.RT.ZS,Natural gas rents (% of GDP),1979,0,,1
ZWE,Zimbabwe,NY.GDP.NGAS.RT.ZS,Natural gas rents (% of GDP),1978,0,,1
ZWE,Zimbabwe,NY.GDP.NGAS.RT.ZS,Natural gas rents (% of GDP),1977,0,,1
ZWE,Zimbabwe,NY.GDP.NGAS.RT.ZS,Natural gas rents (% of GDP),1976,0,,1
ZWE,Zimbabwe,NY.GDP.NGAS.RT.ZS,Natural gas rents (% of GDP),1975,0,,1
ZWE,Zimbabwe,NY.GDP.NGAS.RT.ZS,Natural gas rents (% of GDP),1974,0,,1
ZWE,Zimbabwe,NY.GDP.NGAS.RT.ZS,Natural gas rents (% of GDP),1973,0,,1
ZWE,Zimbabwe,NY.GDP.NGAS.RT.ZS,Natural gas rents (% of GDP),1972,0,,1
ZWE,Zimbabwe,NY.GDP.NGAS.RT.ZS,Natural gas rents (% of GDP),1971,0,,1
