country_code,country_name,indicator_code,indicator_name,year,value,unit,decimal
AFE,Africa Eastern and Southern,GB.XPD.RSDV.GD.ZS,Research and development expenditure (% of GDP),2010,0.586779084367876,,2
AFE,Africa Eastern and Southern,GB.XPD.RSDV.GD.ZS,Research and development expenditure (% of GDP),2007,0.659864661576848,,2
AFE,Africa Eastern and Southern,GB.XPD.RSDV.GD.ZS,Research and development expenditure (% of GDP),2005,0.626592924758238,,2
AFE,Africa Eastern and Southern,GB.XPD.RSDV.GD.ZS,Research and development expenditure (% of GDP),2004,0.626100578625712,,2
AFE,Africa Eastern and Southern,GB.XPD.RSDV.GD.ZS,Research and development expenditure (% of GDP),2003,0.594539921118996,,2
AFW,Africa Western and Central,GB.XPD.RSDV.GD.ZS,Research and development expenditure (% of GDP),2019,0.278252142202904,,2
AFW,Africa Western and Central,GB.XPD.RSDV.GD.ZS,Research and development expenditure (% of GDP),2007,0.152009194879664,,2
ARB,Arab World,GB.XPD.RSDV.GD.ZS,Research and development expenditure (% of GDP),2021,0.697916312422648,,2
ARB,Arab World,GB.XPD.RSDV.GD.ZS,Research and development expenditure (% of GDP),2020,0.701839355884964,,2
ARB,Arab World,GB.XPD.RSDV.GD.ZS,Research and development expenditure (% of GDP),2011,0.553661817120459,,2
CEB,Central Europe and the Baltics,GB.XPD.RSDV.GD.ZS,Research and development expenditure (% of GDP),2022,1.31269465137523,,2
CEB,Central Europe and the Baltics,GB.XPD.RSDV.GD.ZS,Research and development expenditure (% of GDP),2021,1.33065030724772,,2
CEB,Central Europe and the Baltics,GB.XPD.RSDV.GD.ZS,Research and development expenditure (% of GDP),2020,1.30792868291217,,2
CEB,Central Europe and the Baltics,GB.XPD.RSDV.GD.ZS,Research and development expenditure (% of GDP),2019,1.24787933328716,,2
CEB,Central Europe and the Baltics,GB.XPD.RSDV.GD.ZS,Research and development expenditure (% of GDP),2018,1.19333758224903,,2
CEB,Central Europe and the Baltics,GB.XPD.RSDV.GD.ZS,Research and development expenditure (% of GDP),2017,1.08633984077123,,2
CEB,Central Europe and the Baltics,GB.XPD.RSDV.GD.ZS,Research and development expenditure (% of GDP),2016,1.02647720261942,,2
CEB,Central Europe and the Baltics,GB.XPD.RSDV.GD.ZS,Research and development expenditure (% of GDP),2015,1.14114771793198,,2
CEB,Central Europe and the Baltics,GB.XPD.RSDV.GD.ZS,Research and development expenditure (% of GDP),2014,1.09109580261363,,2
CEB,Central Europe and the Baltics,GB.XPD.RSDV.GD.ZS,Research and development expenditure (% of GDP),2013,1.06559504996338,,2
CEB,Central Europe and the Baltics,GB.XPD.RSDV.GD.ZS,Research and development expenditure (% of GDP),2012,1.05262844564167,,2
CEB,Central Europe and the Baltics,GB.XPD.RSDV.GD.ZS,Research and development expenditure (% of GDP),2011,0.953447976991674,,2
CEB,Central Europe and the Baltics,GB.XPD.RSDV.GD.ZS,Research and development expenditure (% of GDP),2010,0.87215379023258,,2
CEB,Central Europe and the Baltics,GB.XPD.RSDV.GD.ZS,Research and development expenditure (% of GDP),2009,0.824542627110549,,2
CEB,Central Europe and the Baltics,GB.XPD.RSDV.GD.ZS,Research and development expenditure (% of GDP),2008,0.780852158547137,,2
CEB,Central Europe and the Baltics,GB.XPD.RSDV.GD.ZS,Research and development expenditure (% of GDP),2007,0.755530116884334,,2
CEB,Central Europe and the Baltics,GB.XPD.RSDV.GD.ZS,Research and development expenditure (% of GDP),2006,0.751262659264711,,2
CEB,Central Europe and the Baltics,GB.XPD.RSDV.GD.ZS,Research and development expenditure (% of GDP),2005,0.735030027184527,,2
CEB,Central Europe and the Baltics,GB.XPD.RSDV.GD.ZS,Research and development expenditure (% of GDP),2004,0.734040263274108,,2
CEB,Central Europe and the Baltics,GB.XPD.RSDV.GD.ZS,Research and development expenditure (% of GDP),2003,0.73085129607833,,2
CEB,Central Europe and the Baltics,GB.XPD.RSDV.GD.ZS,Research and development expenditure (% of GDP),2002,0.738595467307033,,2
CEB,Central Europe and the Baltics,GB.XPD.RSDV.GD.ZS,Research and development expenditure (% of GDP),2001,0.749544672396299,,2
CEB,Central Europe and the Baltics,GB.XPD.RSDV.GD.ZS,Research and development expenditure (% of GDP),2000,0.745471517360599,,2
CEB,Central Europe and the Baltics,GB.XPD.RSDV.GD.ZS,Research and development expenditure (% of GDP),1999,0.737009736316256,,2
CEB,Central Europe and the Baltics,GB.XPD.RSDV.GD.ZS,Research and development expenditure (% of GDP),1998,0.732519976676274,,2
CEB,Central Europe and the Baltics,GB.XPD.RSDV.GD.ZS,Research and development expenditure (% of GDP),1997,0.749990682397777,,2
CEB,Central Europe and the Baltics,GB.XPD.RSDV.GD.ZS,Research and development expenditure (% of GDP),1996,0.724108106272953,,2
EAR,Early-demographic dividend,GB.XPD.RSDV.GD.ZS,Research and development expenditure (% of GDP),2020,0.823362519521393,,2
EAR,Early-demographic dividend,GB.XPD.RSDV.GD.ZS,Research and development expenditure (% of GDP),2019,0.763520191467901,,2
EAR,Early-demographic dividend,GB.XPD.RSDV.GD.ZS,Research and development expenditure (% of GDP),2018,0.736572643022546,,2
EAR,Early-demographic dividend,GB.XPD.RSDV.GD.ZS,Research and development expenditure (% of GDP),2017,0.720939037424324,,2
EAR,Early-demographic dividend,GB.XPD.RSDV.GD.ZS,Research and development expenditure (% of GDP),2016,0.753106135026974,,2
EAR,Early-demographic dividend,GB.XPD.RSDV.GD.ZS,Research and development expenditure (% of GDP),2015,0.716482818649591,,2
EAR,Early-demographic dividend,GB.XPD.RSDV.GD.ZS,Research and development expenditure (% of GDP),2013,0.62149364471065,,2
EAR,Early-demographic dividend,GB.XPD.RSDV.GD.ZS,Research and development expenditure (% of GDP),2012,0.700380182969944,,2
EAR,Early-demographic dividend,GB.XPD.RSDV.GD.ZS,Research and development expenditure (% of GDP),2011,0.710900001916455,,2
EAR,Early-demographic dividend,GB.XPD.RSDV.GD.ZS,Research and development expenditure (% of GDP),2010,0.720515154083905,,2
EAR,Early-demographic dividend,GB.XPD.RSDV.GD.ZS,Research and development expenditure (% of GDP),2009,0.61458200348047,,2
EAR,Early-demographic dividend,GB.XPD.RSDV.GD.ZS,Research and development expenditure (% of GDP),2008,0.680477134527831,,2
EAR,Early-demographic dividend,GB.XPD.RSDV.GD.ZS,Research and development expenditure (% of GDP),2007,0.643559992768499,,2
EAR,Early-demographic dividend,GB.XPD.RSDV.GD.ZS,Research and development expenditure (% of GDP),2006,0.628832730941399,,2
EAR,Early-demographic dividend,GB.XPD.RSDV.GD.ZS,Research and development expenditure (% of GDP),2005,0.602268707349142,,2
EAR,Early-demographic dividend,GB.XPD.RSDV.GD.ZS,Research and development expenditure (% of GDP),2004,0.613681003059709,,2
EAR,Early-demographic dividend,GB.XPD.RSDV.GD.ZS,Research and development expenditure (% of GDP),2003,0.604360667456835,,2
EAR,Early-demographic dividend,GB.XPD.RSDV.GD.ZS,Research and development expenditure (% of GDP),2002,0.622448428664023,,2
EAR,Early-demographic dividend,GB.XPD.RSDV.GD.ZS,Research and development expenditure (% of GDP),2001,0.605678465802764,,2
EAR,Early-demographic dividend,GB.XPD.RSDV.GD.ZS,Research and development expenditure (% of GDP),2000,0.592287098189887,,2
EAR,Early-demographic dividend,GB.XPD.RSDV.GD.ZS,Research and development expenditure (% of GDP),1997,0.552775938074713,,2
EAS,East Asia & Pacific,GB.XPD.RSDV.GD.ZS,Research and development expenditure (% of GDP),2022,2.82855674974567,,2
EAS,East Asia & Pacific,GB.XPD.RSDV.GD.ZS,Research and development expenditure (% of GDP),2021,2.63617390243184,,2
EAS,East Asia & Pacific,GB.XPD.RSDV.GD.ZS,Research and development expenditure (% of GDP),2020,2.58570735599471,,2
EAS,East Asia & Pacific,GB.XPD.RSDV.GD.ZS,Research and development expenditure (% of GDP),2019,2.40105645942139,,2
EAS,East Asia & Pacific,GB.XPD.RSDV.GD.ZS,Research and development expenditure (% of GDP),2018,2.36176756840058,,2
EAS,East Asia & Pacific,GB.XPD.RSDV.GD.ZS,Research and development expenditure (% of GDP),2017,2.32062696054121,,2
EAS,East Asia & Pacific,GB.XPD.RSDV.GD.ZS,Research and development expenditure (% of GDP),2016,2.34324906227084,,2
EAS,East Asia & Pacific,GB.XPD.RSDV.GD.ZS,Research and development expenditure (% of GDP),2015,2.32510467983346,,2
EAS,East Asia & Pacific,GB.XPD.RSDV.GD.ZS,Research and development expenditure (% of GDP),2014,2.4763717684967,,2
EAS,East Asia & Pacific,GB.XPD.RSDV.GD.ZS,Research and development expenditure (% of GDP),2013,2.27951683548656,,2
EAS,East Asia & Pacific,GB.XPD.RSDV.GD.ZS,Research and development expenditure (% of GDP),2012,2.48353619845904,,2
EAS,East Asia & Pacific,GB.XPD.RSDV.GD.ZS,Research and development expenditure (% of GDP),2011,2.32887135089794,,2
EAS,East Asia & Pacific,GB.XPD.RSDV.GD.ZS,Research and development expenditure (% of GDP),2010,2.39654257840267,,2
EAS,East Asia & Pacific,GB.XPD.RSDV.GD.ZS,Research and development expenditure (% of GDP),2009,2.24742572897725,,2
EAS,East Asia & Pacific,GB.XPD.RSDV.GD.ZS,Research and development expenditure (% of GDP),2008,2.34899778426741,,2
EAS,East Asia & Pacific,GB.XPD.RSDV.GD.ZS,Research and development expenditure (% of GDP),2007,2.34636789993577,,2
EAS,East Asia & Pacific,GB.XPD.RSDV.GD.ZS,Research and development expenditure (% of GDP),2006,2.39454977708492,,2
EAS,East Asia & Pacific,GB.XPD.RSDV.GD.ZS,Research and development expenditure (% of GDP),2005,2.39353265085718,,2
EAS,East Asia & Pacific,GB.XPD.RSDV.GD.ZS,Research and development expenditure (% of GDP),2004,2.31143275351374,,2
EAS,East Asia & Pacific,GB.XPD.RSDV.GD.ZS,Research and development expenditure (% of GDP),2003,2.32503774514453,,2
EAS,East Asia & Pacific,GB.XPD.RSDV.GD.ZS,Research and development expenditure (% of GDP),2002,2.24274721477805,,2
EAS,East Asia & Pacific,GB.XPD.RSDV.GD.ZS,Research and development expenditure (% of GDP),2001,2.27732981766751,,2
EAS,East Asia & Pacific,GB.XPD.RSDV.GD.ZS,Research and development expenditure (% of GDP),2000,2.23158477402329,,2
EAS,East Asia & Pacific,GB.XPD.RSDV.GD.ZS,Research and development expenditure (% of GDP),1999,2.29546983317795,,2
EAS,East Asia & Pacific,GB.XPD.RSDV.GD.ZS,Research and development expenditure (% of GDP),1998,2.22632710001629,,2
EAS,East Asia & Pacific,GB.XPD.RSDV.GD.ZS,Research and development expenditure (% of GDP),1997,2.25962381273574,,2
EAS,East Asia & Pacific,GB.XPD.RSDV.GD.ZS,Research and development expenditure (% of GDP),1996,2.18445578216061,,2
EAP,East Asia & Pacific (excluding high income),GB.XPD.RSDV.GD.ZS,Research and development expenditure (% of GDP),2022,2.5080032382574,,2
EAP,East Asia & Pacific (excluding high income),GB.XPD.RSDV.GD.ZS,Research and development expenditure (% of GDP),2021,2.35197635135712,,2
EAP,East Asia & Pacific (excluding high income),GB.XPD.RSDV.GD.ZS,Research and development expenditure (% of GDP),2020,2.20114885696099,,2
EAP,East Asia & Pacific (excluding high income),GB.XPD.RSDV.GD.ZS,Research and development expenditure (% of GDP),2019,2.02767686439888,,2
EAP,East Asia & Pacific (excluding high income),GB.XPD.RSDV.GD.ZS,Research and development expenditure (% of GDP),2018,1.9155580870713,,2
EAP,East Asia & Pacific (excluding high income),GB.XPD.RSDV.GD.ZS,Research and development expenditure (% of GDP),2017,1.90349870730057,,2
EAP,East Asia & Pacific (excluding high income),GB.XPD.RSDV.GD.ZS,Research and development expenditure (% of GDP),2016,1.90649738312386,,2
EAP,East Asia & Pacific (excluding high income),GB.XPD.RSDV.GD.ZS,Research and development expenditure (% of GDP),2015,1.90812580771348,,2
EAP,East Asia & Pacific (excluding high income),GB.XPD.RSDV.GD.ZS,Research and development expenditure (% of GDP),2014,1.94307855880858,,2
EAP,East Asia & Pacific (excluding high income),GB.XPD.RSDV.GD.ZS,Research and development expenditure (% of GDP),2013,1.71175655422743,,2
EAP,East Asia & Pacific (excluding high income),GB.XPD.RSDV.GD.ZS,Research and development expenditure (% of GDP),2012,1.88122623315018,,2
EAP,East Asia & Pacific (excluding high income),GB.XPD.RSDV.GD.ZS,Research and development expenditure (% of GDP),2011,1.61625738946346,,2
EAP,East Asia & Pacific (excluding high income),GB.XPD.RSDV.GD.ZS,Research and development expenditure (% of GDP),2010,1.68531094912292,,2
EAP,East Asia & Pacific (excluding high income),GB.XPD.RSDV.GD.ZS,Research and development expenditure (% of GDP),2009,1.40380777269711,,2
EAP,East Asia & Pacific (excluding high income),GB.XPD.RSDV.GD.ZS,Research and development expenditure (% of GDP),2008,1.34581535770732,,2
EAP,East Asia & Pacific (excluding high income),GB.XPD.RSDV.GD.ZS,Research and development expenditure (% of GDP),2007,1.24677715214486,,2
EAP,East Asia & Pacific (excluding high income),GB.XPD.RSDV.GD.ZS,Research and development expenditure (% of GDP),2006,1.24929117013326,,2
EAP,East Asia & Pacific (excluding high income),GB.XPD.RSDV.GD.ZS,Research and development expenditure (% of GDP),2005,1.17879907411353,,2
EAP,East Asia & Pacific (excluding high income),GB.XPD.RSDV.GD.ZS,Research and development expenditure (% of GDP),2004,1.1066161470508,,2
EAP,East Asia & Pacific (excluding high income),GB.XPD.RSDV.GD.ZS,Research and development expenditure (% of GDP),2003,1.00542495098984,,2
EAP,East Asia & Pacific (excluding high income),GB.XPD.RSDV.GD.ZS,Research and development expenditure (% of GDP),2002,0.910531317628993,,2
EAP,East Asia & Pacific (excluding high income),GB.XPD.RSDV.GD.ZS,Research and development expenditure (% of GDP),2001,0.798871770384659,,2
EAP,East Asia & Pacific (excluding high income),GB.XPD.RSDV.GD.ZS,Research and development expenditure (% of GDP),2000,0.729039695052388,,2
EAP,East Asia & Pacific (excluding high income),GB.XPD.RSDV.GD.ZS,Research and development expenditure (% of GDP),1999,0.693086281006946,,2
EAP,East Asia & Pacific (excluding high income),GB.XPD.RSDV.GD.ZS,Research and development expenditure (% of GDP),1998,0.626773527661505,,2
EAP,East Asia & Pacific (excluding high income),GB.XPD.RSDV.GD.ZS,Research and development expenditure (% of GDP),1997,0.56409727532075,,2
EAP,East Asia & Pacific (excluding high income),GB.XPD.RSDV.GD.ZS,Research and development expenditure (% of GDP),1996,0.462361138496235,,2
TEA,East Asia & Pacific (IDA & IBRD countries),GB.XPD.RSDV.GD.ZS,Research and development expenditure (% of GDP),2022,2.50800323825739,,2
TEA,East Asia & Pacific (IDA & IBRD countries),GB.XPD.RSDV.GD.ZS,Research and development expenditure (% of GDP),2021,2.35197635135713,,2
TEA,East Asia & Pacific (IDA & IBRD countries),GB.XPD.RSDV.GD.ZS,Research and development expenditure (% of GDP),2020,2.20114885696099,,2
TEA,East Asia & Pacific (IDA & IBRD countries),GB.XPD.RSDV.GD.ZS,Research and development expenditure (% of GDP),2019,2.02767686439888,,2
TEA,East Asia & Pacific (IDA & IBRD countries),GB.XPD.RSDV.GD.ZS,Research and development expenditure (% of GDP),2018,1.9155580870713,,2
TEA,East Asia & Pacific (IDA & IBRD countries),GB.XPD.RSDV.GD.ZS,Research and development expenditure (% of GDP),2017,1.90349870730057,,2
TEA,East Asia & Pacific (IDA & IBRD countries),GB.XPD.RSDV.GD.ZS,Research and development expenditure (% of GDP),2016,1.90649738312386,,2
TEA,East Asia & Pacific (IDA & IBRD countries),GB.XPD.RSDV.GD.ZS,Research and development expenditure (% of GDP),2015,1.90812580771348,,2
TEA,East Asia & Pacific (IDA & IBRD countries),GB.XPD.RSDV.GD.ZS,Research and development expenditure (% of GDP),2014,1.94307855880858,,2
TEA,East Asia & Pacific (IDA & IBRD countries),GB.XPD.RSDV.GD.ZS,Research and development expenditure (% of GDP),2013,1.71175655422743,,2
TEA,East Asia & Pacific (IDA & IBRD countries),GB.XPD.RSDV.GD.ZS,Research and development expenditure (% of GDP),2012,1.88122623315018,,2
TEA,East Asia & Pacific (IDA & IBRD countries),GB.XPD.RSDV.GD.ZS,Research and development expenditure (% of GDP),2011,1.61625738946346,,2
TEA,East Asia & Pacific (IDA & IBRD countries),GB.XPD.RSDV.GD.ZS,Research and development expenditure (% of GDP),2010,1.68531094912292,,2
TEA,East Asia & Pacific (IDA & IBRD countries),GB.XPD.RSDV.GD.ZS,Research and development expenditure (% of GDP),2009,1.40380777269711,,2
TEA,East Asia & Pacific (IDA & IBRD countries),GB.XPD.RSDV.GD.ZS,Research and development expenditure (% of GDP),2008,1.34581535770732,,2
TEA,East Asia & Pacific (IDA & IBRD countries),GB.XPD.RSDV.GD.ZS,Research and development expenditure (% of GDP),2007,1.24677715214486,,2
TEA,East Asia & Pacific (IDA & IBRD countries),GB.XPD.RSDV.GD.ZS,Research and development expenditure (% of GDP),2006,1.24929117013326,,2
TEA,East Asia & Pacific (IDA & IBRD countries),GB.XPD.RSDV.GD.ZS,Research and development expenditure (% of GDP),2005,1.17879907411353,,2
TEA,East Asia & Pacific (IDA & IBRD countries),GB.XPD.RSDV.GD.ZS,Research and development expenditure (% of GDP),2004,1.1066161470508,,2
TEA,East Asia & Pacific (IDA & IBRD countries),GB.XPD.RSDV.GD.ZS,Research and development expenditure (% of GDP),2003,1.00542495098984,,2
TEA,East Asia & Pacific (IDA & IBRD countries),GB.XPD.RSDV.GD.ZS,Research and development expenditure (% of GDP),2002,0.910531317628993,,2
TEA,East Asia & Pacific (IDA & IBRD countries),GB.XPD.RSDV.GD.ZS,Research and development expenditure (% of GDP),2001,0.798871770384659,,2
TEA,East Asia & Pacific (IDA & IBRD countries),GB.XPD.RSDV.GD.ZS,Research and development expenditure (% of GDP),2000,0.729039695052388,,2
TEA,East Asia & Pacific (IDA & IBRD countries),GB.XPD.RSDV.GD.ZS,Research and development expenditure (% of GDP),1999,0.693086281006946,,2
TEA,East Asia & Pacific (IDA & IBRD countries),GB.XPD.RSDV.GD.ZS,Research and development expenditure (% of GDP),1998,0.626773527661505,,2
TEA,East Asia & Pacific (IDA & IBRD countries),GB.XPD.RSDV.GD.ZS,Research and development expenditure (% of GDP),1997,0.56409727532075,,2
TEA,East Asia & Pacific (IDA & IBRD countries),GB.XPD.RSDV.GD.ZS,Research and development expenditure (% of GDP),1996,0.462361138496235,,2
EMU,Euro area,GB.XPD.RSDV.GD.ZS,Research and development expenditure (% of GDP),2022,2.28025353698766,,2
EMU,Euro area,GB.XPD.RSDV.GD.ZS,Research and development expenditure (% of GDP),2021,2.29182485666024,,2
EMU,Euro area,GB.XPD.RSDV.GD.ZS,Research and development expenditure (% of GDP),2020,2.32864049520296,,2
EMU,Euro area,GB.XPD.RSDV.GD.ZS,Research and development expenditure (% of GDP),2019,2.25511820863473,,2
EMU,Euro area,GB.XPD.RSDV.GD.ZS,Research and development expenditure (% of GDP),2018,2.21210593376008,,2
EMU,Euro area,GB.XPD.RSDV.GD.ZS,Research and development expenditure (% of GDP),2017,2.17906025679569,,2
EMU,Euro area,GB.XPD.RSDV.GD.ZS,Research and development expenditure (% of GDP),2016,2.13915697315023,,2
EMU,Euro area,GB.XPD.RSDV.GD.ZS,Research and development expenditure (% of GDP),2015,2.13534859330667,,2
EMU,Euro area,GB.XPD.RSDV.GD.ZS,Research and development expenditure (% of GDP),2014,2.14554888352584,,2
EMU,Euro area,GB.XPD.RSDV.GD.ZS,Research and development expenditure (% of GDP),2013,2.11405459823651,,2
EMU,Euro area,GB.XPD.RSDV.GD.ZS,Research and development expenditure (% of GDP),2012,2.09528226696648,,2
EMU,Euro area,GB.XPD.RSDV.GD.ZS,Research and development expenditure (% of GDP),2011,2.03904575192516,,2
EMU,Euro area,GB.XPD.RSDV.GD.ZS,Research and development expenditure (% of GDP),2010,1.99326276130942,,2
EMU,Euro area,GB.XPD.RSDV.GD.ZS,Research and development expenditure (% of GDP),2009,1.98665599771627,,2
EMU,Euro area,GB.XPD.RSDV.GD.ZS,Research and development expenditure (% of GDP),2008,1.89006950236081,,2
EMU,Euro area,GB.XPD.RSDV.GD.ZS,Research and development expenditure (% of GDP),2007,1.80634964245776,,2
EMU,Euro area,GB.XPD.RSDV.GD.ZS,Research and development expenditure (% of GDP),2006,1.80096341626474,,2
EMU,Euro area,GB.XPD.RSDV.GD.ZS,Research and development expenditure (% of GDP),2005,1.78004147375882,,2
EMU,Euro area,GB.XPD.RSDV.GD.ZS,Research and development expenditure (% of GDP),2004,1.78336954181276,,2
EMU,Euro area,GB.XPD.RSDV.GD.ZS,Research and development expenditure (% of GDP),2003,1.80563268813265,,2
EMU,Euro area,GB.XPD.RSDV.GD.ZS,Research and development expenditure (% of GDP),2002,1.83726606672118,,2
EMU,Euro area,GB.XPD.RSDV.GD.ZS,Research and development expenditure (% of GDP),2001,1.79663514229583,,2
EMU,Euro area,GB.XPD.RSDV.GD.ZS,Research and development expenditure (% of GDP),2000,1.80783827208225,,2
EMU,Euro area,GB.XPD.RSDV.GD.ZS,Research and development expenditure (% of GDP),1999,1.76585759786303,,2
EMU,Euro area,GB.XPD.RSDV.GD.ZS,Research and development expenditure (% of GDP),1998,1.74111061817135,,2
EMU,Euro area,GB.XPD.RSDV.GD.ZS,Research and development expenditure (% of GDP),1997,1.71463864100312,,2
EMU,Euro area,GB.XPD.RSDV.GD.ZS,Research and development expenditure (% of GDP),1996,1.73989539747975,,2
ECS,Europe & Central Asia,GB.XPD.RSDV.GD.ZS,Research and development expenditure (% of GDP),2022,1.97183153667546,,2
ECS,Europe & Central Asia,GB.XPD.RSDV.GD.ZS,Research and development expenditure (% of GDP),2021,2.18510611754426,,2
ECS,Europe & Central Asia,GB.XPD.RSDV.GD.ZS,Research and development expenditure (% of GDP),2020,2.2004973536204,,2
ECS,Europe & Central Asia,GB.XPD.RSDV.GD.ZS,Research and development expenditure (% of GDP),2019,2.13391885912954,,2
ECS,Europe & Central Asia,GB.XPD.RSDV.GD.ZS,Research and development expenditure (% of GDP),2018,2.07614802000775,,2
ECS,Europe & Central Asia,GB.XPD.RSDV.GD.ZS,Research and development expenditure (% of GDP),2017,2.03761530702517,,2
ECS,Europe & Central Asia,GB.XPD.RSDV.GD.ZS,Research and development expenditure (% of GDP),2016,1.98485653786509,,2
ECS,Europe & Central Asia,GB.XPD.RSDV.GD.ZS,Research and development expenditure (% of GDP),2015,2.00029748572469,,2
ECS,Europe & Central Asia,GB.XPD.RSDV.GD.ZS,Research and development expenditure (% of GDP),2014,1.92965357378061,,2
ECS,Europe & Central Asia,GB.XPD.RSDV.GD.ZS,Research and development expenditure (% of GDP),2013,1.80890206203512,,2
ECS,Europe & Central Asia,GB.XPD.RSDV.GD.ZS,Research and development expenditure (% of GDP),2012,1.82742100518647,,2
ECS,Europe & Central Asia,GB.XPD.RSDV.GD.ZS,Research and development expenditure (% of GDP),2011,1.7830729059603,,2
ECS,Europe & Central Asia,GB.XPD.RSDV.GD.ZS,Research and development expenditure (% of GDP),2010,1.7765652879188,,2
ECS,Europe & Central Asia,GB.XPD.RSDV.GD.ZS,Research and development expenditure (% of GDP),2009,1.81402538867088,,2
ECS,Europe & Central Asia,GB.XPD.RSDV.GD.ZS,Research and development expenditure (% of GDP),2008,1.72248059705499,,2
ECS,Europe & Central Asia,GB.XPD.RSDV.GD.ZS,Research and development expenditure (% of GDP),2007,1.66047420443879,,2
ECS,Europe & Central Asia,GB.XPD.RSDV.GD.ZS,Research and development expenditure (% of GDP),2006,1.65946325152854,,2
ECS,Europe & Central Asia,GB.XPD.RSDV.GD.ZS,Research and development expenditure (% of GDP),2005,1.65131109968889,,2
ECS,Europe & Central Asia,GB.XPD.RSDV.GD.ZS,Research and development expenditure (% of GDP),2004,1.69618269506152,,2
ECS,Europe & Central Asia,GB.XPD.RSDV.GD.ZS,Research and development expenditure (% of GDP),2003,1.72105760672388,,2
ECS,Europe & Central Asia,GB.XPD.RSDV.GD.ZS,Research and development expenditure (% of GDP),2002,1.69563023191135,,2
ECS,Europe & Central Asia,GB.XPD.RSDV.GD.ZS,Research and development expenditure (% of GDP),2001,1.71907494289934,,2
ECS,Europe & Central Asia,GB.XPD.RSDV.GD.ZS,Research and development expenditure (% of GDP),2000,1.68274403756978,,2
ECS,Europe & Central Asia,GB.XPD.RSDV.GD.ZS,Research and development expenditure (% of GDP),1999,1.69835347706285,,2
ECS,Europe & Central Asia,GB.XPD.RSDV.GD.ZS,Research and development expenditure (% of GDP),1998,1.60444303553081,,2
ECS,Europe & Central Asia,GB.XPD.RSDV.GD.ZS,Research and development expenditure (% of GDP),1997,1.62807461368712,,2
ECS,Europe & Central Asia,GB.XPD.RSDV.GD.ZS,Research and development expenditure (% of GDP),1996,1.64392778551766,,2
ECA,Europe & Central Asia (excluding high income),GB.XPD.RSDV.GD.ZS,Research and development expenditure (% of GDP),2022,0.822972876784851,,2
ECA,Europe & Central Asia (excluding high income),GB.XPD.RSDV.GD.ZS,Research and development expenditure (% of GDP),2021,0.869407367068856,,2
ECA,Europe & Central Asia (excluding high income),GB.XPD.RSDV.GD.ZS,Research and development expenditure (% of GDP),2020,0.857322468271013,,2
ECA,Europe & Central Asia (excluding high income),GB.XPD.RSDV.GD.ZS,Research and development expenditure (% of GDP),2019,0.835654126608031,,2
ECA,Europe & Central Asia (excluding high income),GB.XPD.RSDV.GD.ZS,Research and development expenditure (% of GDP),2018,0.833148073431408,,2
ECA,Europe & Central Asia (excluding high income),GB.XPD.RSDV.GD.ZS,Research and development expenditure (% of GDP),2017,0.812238348738459,,2
ECA,Europe & Central Asia (excluding high income),GB.XPD.RSDV.GD.ZS,Research and development expenditure (% of GDP),2016,0.801747250458501,,2
ECA,Europe & Central Asia (excluding high income),GB.XPD.RSDV.GD.ZS,Research and development expenditure (% of GDP),2015,0.69453811825922,,2
ECA,Europe & Central Asia (excluding high income),GB.XPD.RSDV.GD.ZS,Research and development expenditure (% of GDP),2014,0.632740297787776,,2
ECA,Europe & Central Asia (excluding high income),GB.XPD.RSDV.GD.ZS,Research and development expenditure (% of GDP),2013,0.624658521022145,,2
ECA,Europe & Central Asia (excluding high income),GB.XPD.RSDV.GD.ZS,Research and development expenditure (% of GDP),2012,0.643351585203898,,2
ECA,Europe & Central Asia (excluding high income),GB.XPD.RSDV.GD.ZS,Research and development expenditure (% of GDP),2011,0.624174915613591,,2
ECA,Europe & Central Asia (excluding high income),GB.XPD.RSDV.GD.ZS,Research and development expenditure (% of GDP),2010,0.650758745231868,,2
ECA,Europe & Central Asia (excluding high income),GB.XPD.RSDV.GD.ZS,Research and development expenditure (% of GDP),2009,0.670339587181852,,2
ECA,Europe & Central Asia (excluding high income),GB.XPD.RSDV.GD.ZS,Research and development expenditure (% of GDP),2008,0.603569043856019,,2
ECA,Europe & Central Asia (excluding high income),GB.XPD.RSDV.GD.ZS,Research and development expenditure (% of GDP),2007,0.617225784375606,,2
ECA,Europe & Central Asia (excluding high income),GB.XPD.RSDV.GD.ZS,Research and development expenditure (% of GDP),2006,0.541400595632192,,2
ECA,Europe & Central Asia (excluding high income),GB.XPD.RSDV.GD.ZS,Research and development expenditure (% of GDP),2005,0.561483816532626,,2
ECA,Europe & Central Asia (excluding high income),GB.XPD.RSDV.GD.ZS,Research and development expenditure (% of GDP),2004,0.512511784403416,,2
ECA,Europe & Central Asia (excluding high income),GB.XPD.RSDV.GD.ZS,Research and development expenditure (% of GDP),2003,0.502323052222503,,2
ECA,Europe & Central Asia (excluding high income),GB.XPD.RSDV.GD.ZS,Research and development expenditure (% of GDP),2002,0.537312956909692,,2
ECA,Europe & Central Asia (excluding high income),GB.XPD.RSDV.GD.ZS,Research and development expenditure (% of GDP),2001,0.53706609953293,,2
ECA,Europe & Central Asia (excluding high income),GB.XPD.RSDV.GD.ZS,Research and development expenditure (% of GDP),2000,0.49733825350075,,2
ECA,Europe & Central Asia (excluding high income),GB.XPD.RSDV.GD.ZS,Research and development expenditure (% of GDP),1999,0.525355450315831,,2
ECA,Europe & Central Asia (excluding high income),GB.XPD.RSDV.GD.ZS,Research and development expenditure (% of GDP),1998,0.463770183379438,,2
ECA,Europe & Central Asia (excluding high income),GB.XPD.RSDV.GD.ZS,Research and development expenditure (% of GDP),1997,0.588266861912917,,2
ECA,Europe & Central Asia (excluding high income),GB.XPD.RSDV.GD.ZS,Research and development expenditure (% of GDP),1996,0.479388799159329,,2
TEC,Europe & Central Asia (IDA & IBRD countries),GB.XPD.RSDV.GD.ZS,Research and development expenditure (% of GDP),2022,0.938087208033391,,2
TEC,Europe & Central Asia (IDA & IBRD countries),GB.XPD.RSDV.GD.ZS,Research and development expenditure (% of GDP),2021,0.968268494338884,,2
TEC,Europe & Central Asia (IDA & IBRD countries),GB.XPD.RSDV.GD.ZS,Research and development expenditure (% of GDP),2020,1.00927821820048,,2
TEC,Europe & Central Asia (IDA & IBRD countries),GB.XPD.RSDV.GD.ZS,Research and development expenditure (% of GDP),2019,0.969342952502523,,2
TEC,Europe & Central Asia (IDA & IBRD countries),GB.XPD.RSDV.GD.ZS,Research and development expenditure (% of GDP),2018,0.931805949229434,,2
TEC,Europe & Central Asia (IDA & IBRD countries),GB.XPD.RSDV.GD.ZS,Research and development expenditure (% of GDP),2017,0.945492512818672,,2
TEC,Europe & Central Asia (IDA & IBRD countries),GB.XPD.RSDV.GD.ZS,Research and development expenditure (% of GDP),2016,0.918388237796215,,2
TEC,Europe & Central Asia (IDA & IBRD countries),GB.XPD.RSDV.GD.ZS,Research and development expenditure (% of GDP),2015,0.884104986093701,,2
TEC,Europe & Central Asia (IDA & IBRD countries),GB.XPD.RSDV.GD.ZS,Research and development expenditure (% of GDP),2014,0.86041721255584,,2
TEC,Europe & Central Asia (IDA & IBRD countries),GB.XPD.RSDV.GD.ZS,Research and development expenditure (% of GDP),2013,0.835125723583317,,2
TEC,Europe & Central Asia (IDA & IBRD countries),GB.XPD.RSDV.GD.ZS,Research and development expenditure (% of GDP),2012,0.848984313910026,,2
TEC,Europe & Central Asia (IDA & IBRD countries),GB.XPD.RSDV.GD.ZS,Research and development expenditure (% of GDP),2011,0.816222532378043,,2
TEC,Europe & Central Asia (IDA & IBRD countries),GB.XPD.RSDV.GD.ZS,Research and development expenditure (% of GDP),2010,0.854627071823836,,2
TEC,Europe & Central Asia (IDA & IBRD countries),GB.XPD.RSDV.GD.ZS,Research and development expenditure (% of GDP),2009,0.888137060820165,,2
TEC,Europe & Central Asia (IDA & IBRD countries),GB.XPD.RSDV.GD.ZS,Research and development expenditure (% of GDP),2008,0.790751520879328,,2
TEC,Europe & Central Asia (IDA & IBRD countries),GB.XPD.RSDV.GD.ZS,Research and development expenditure (% of GDP),2007,0.810014054277769,,2
TEC,Europe & Central Asia (IDA & IBRD countries),GB.XPD.RSDV.GD.ZS,Research and development expenditure (% of GDP),2006,0.756587502827839,,2
TEC,Europe & Central Asia (IDA & IBRD countries),GB.XPD.RSDV.GD.ZS,Research and development expenditure (% of GDP),2005,0.750246187194504,,2
TEC,Europe & Central Asia (IDA & IBRD countries),GB.XPD.RSDV.GD.ZS,Research and development expenditure (% of GDP),2004,0.759396649081438,,2
TEC,Europe & Central Asia (IDA & IBRD countries),GB.XPD.RSDV.GD.ZS,Research and development expenditure (% of GDP),2003,0.785918191173512,,2
TEC,Europe & Central Asia (IDA & IBRD countries),GB.XPD.RSDV.GD.ZS,Research and development expenditure (% of GDP),2002,0.787230252975777,,2
TEC,Europe & Central Asia (IDA & IBRD countries),GB.XPD.RSDV.GD.ZS,Research and development expenditure (% of GDP),2001,0.776335975754118,,2
TEC,Europe & Central Asia (IDA & IBRD countries),GB.XPD.RSDV.GD.ZS,Research and development expenditure (% of GDP),2000,0.696732705666805,,2
TEC,Europe & Central Asia (IDA & IBRD countries),GB.XPD.RSDV.GD.ZS,Research and development expenditure (% of GDP),1999,0.678821726509001,,2
TEC,Europe & Central Asia (IDA & IBRD countries),GB.XPD.RSDV.GD.ZS,Research and development expenditure (% of GDP),1998,0.652373044432616,,2
TEC,Europe & Central Asia (IDA & IBRD countries),GB.XPD.RSDV.GD.ZS,Research and development expenditure (% of GDP),1997,0.778484122569357,,2
TEC,Europe & Central Asia (IDA & IBRD countries),GB.XPD.RSDV.GD.ZS,Research and development expenditure (% of GDP),1996,0.734106189437792,,2
EUU,European Union,GB.XPD.RSDV.GD.ZS,Research and development expenditure (% of GDP),2022,2.24440968980663,,2
EUU,European Union,GB.XPD.RSDV.GD.ZS,Research and development expenditure (% of GDP),2021,2.26025718869412,,2
EUU,European Union,GB.XPD.RSDV.GD.ZS,Research and development expenditure (% of GDP),2020,2.29741266096236,,2
EUU,European Union,GB.XPD.RSDV.GD.ZS,Research and development expenditure (% of GDP),2019,2.22385754810503,,2
EUU,European Union,GB.XPD.RSDV.GD.ZS,Research and development expenditure (% of GDP),2018,2.18574564802255,,2
EUU,European Union,GB.XPD.RSDV.GD.ZS,Research and development expenditure (% of GDP),2017,2.15410830402009,,2
EUU,European Union,GB.XPD.RSDV.GD.ZS,Research and development expenditure (% of GDP),2016,2.11883813191431,,2
EUU,European Union,GB.XPD.RSDV.GD.ZS,Research and development expenditure (% of GDP),2015,2.11952130291191,,2
EUU,European Union,GB.XPD.RSDV.GD.ZS,Research and development expenditure (% of GDP),2014,2.11978109138094,,2
EUU,European Union,GB.XPD.RSDV.GD.ZS,Research and development expenditure (% of GDP),2013,2.09905288456177,,2
EUU,European Union,GB.XPD.RSDV.GD.ZS,Research and development expenditure (% of GDP),2012,2.07918431659607,,2
EUU,European Union,GB.XPD.RSDV.GD.ZS,Research and development expenditure (% of GDP),2011,2.01780849605102,,2
EUU,European Union,GB.XPD.RSDV.GD.ZS,Research and development expenditure (% of GDP),2010,1.97143903419087,,2
EUU,European Union,GB.XPD.RSDV.GD.ZS,Research and development expenditure (% of GDP),2009,1.97106455337956,,2
EUU,European Union,GB.XPD.RSDV.GD.ZS,Research and development expenditure (% of GDP),2008,1.87603732649158,,2
EUU,European Union,GB.XPD.RSDV.GD.ZS,Research and development expenditure (% of GDP),2007,1.7987905721678,,2
EUU,European Union,GB.XPD.RSDV.GD.ZS,Research and development expenditure (% of GDP),2006,1.80485761309707,,2
EUU,European Union,GB.XPD.RSDV.GD.ZS,Research and development expenditure (% of GDP),2005,1.78428608855657,,2
EUU,European Union,GB.XPD.RSDV.GD.ZS,Research and development expenditure (% of GDP),2004,1.79553511018056,,2
EUU,European Union,GB.XPD.RSDV.GD.ZS,Research and development expenditure (% of GDP),2003,1.82750481519153,,2
EUU,European Union,GB.XPD.RSDV.GD.ZS,Research and development expenditure (% of GDP),2002,1.79075194836823,,2
EUU,European Union,GB.XPD.RSDV.GD.ZS,Research and development expenditure (% of GDP),2001,1.82296493654565,,2
EUU,European Union,GB.XPD.RSDV.GD.ZS,Research and development expenditure (% of GDP),2000,1.76399479226432,,2
EUU,European Union,GB.XPD.RSDV.GD.ZS,Research and development expenditure (% of GDP),1999,1.78552282304374,,2
EUU,European Union,GB.XPD.RSDV.GD.ZS,Research and development expenditure (% of GDP),1998,1.69954269279242,,2
EUU,European Union,GB.XPD.RSDV.GD.ZS,Research and development expenditure (% of GDP),1997,1.7314387433111,,2
EUU,European Union,GB.XPD.RSDV.GD.ZS,Research and development expenditure (% of GDP),1996,1.69834691810478,,2
FCS,Fragile and conflict affected situations,GB.XPD.RSDV.GD.ZS,Research and development expenditure (% of GDP),2007,0.270892005323472,,2
,High income,GB.XPD.RSDV.GD.ZS,Research and development expenditure (% of GDP),2022,2.92221000743965,,2
,High income,GB.XPD.RSDV.GD.ZS,Research and development expenditure (% of GDP),2021,2.83450995800277,,2
,High income,GB.XPD.RSDV.GD.ZS,Research and development expenditure (% of GDP),2020,2.8736191769429,,2
,High income,GB.XPD.RSDV.GD.ZS,Research and development expenditure (% of GDP),2019,2.69819670583231,,2
,High income,GB.XPD.RSDV.GD.ZS,Research and development expenditure (% of GDP),2018,2.61762145130196,,2
,High income,GB.XPD.RSDV.GD.ZS,Research and development expenditure (% of GDP),2017,2.54303670815066,,2
,High income,GB.XPD.RSDV.GD.ZS,Research and development expenditure (% of GDP),2016,2.51257145889717,,2
,High income,GB.XPD.RSDV.GD.ZS,Research and development expenditure (% of GDP),2015,2.456804393145,,2
,High income,GB.XPD.RSDV.GD.ZS,Research and development expenditure (% of GDP),2014,2.42384451249419,,2
,High income,GB.XPD.RSDV.GD.ZS,Research and development expenditure (% of GDP),2013,2.32828390804923,,2
,High income,GB.XPD.RSDV.GD.ZS,Research and development expenditure (% of GDP),2012,2.33345288375312,,2
,High income,GB.XPD.RSDV.GD.ZS,Research and development expenditure (% of GDP),2011,2.3143776616878,,2
,High income,GB.XPD.RSDV.GD.ZS,Research and development expenditure (% of GDP),2010,2.32250163043972,,2
,High income,GB.XPD.RSDV.GD.ZS,Research and development expenditure (% of GDP),2009,2.3503548150272,,2
,High income,GB.XPD.RSDV.GD.ZS,Research and development expenditure (% of GDP),2008,2.27037464024375,,2
,High income,GB.XPD.RSDV.GD.ZS,Research and development expenditure (% of GDP),2007,2.20579933259752,,2
,High income,GB.XPD.RSDV.GD.ZS,Research and development expenditure (% of GDP),2006,2.20991448341739,,2
,High income,GB.XPD.RSDV.GD.ZS,Research and development expenditure (% of GDP),2005,2.18926001105738,,2
,High income,GB.XPD.RSDV.GD.ZS,Research and development expenditure (% of GDP),2004,2.18105982466653,,2
,High income,GB.XPD.RSDV.GD.ZS,Research and development expenditure (% of GDP),2003,2.23553629692652,,2
,High income,GB.XPD.RSDV.GD.ZS,Research and development expenditure (% of GDP),2002,2.26513628543696,,2
,High income,GB.XPD.RSDV.GD.ZS,Research and development expenditure (% of GDP),2001,2.32406387645219,,2
,High income,GB.XPD.RSDV.GD.ZS,Research and development expenditure (% of GDP),2000,2.29178280997533,,2
,High income,GB.XPD.RSDV.GD.ZS,Research and development expenditure (% of GDP),1999,2.23384076119956,,2
,High income,GB.XPD.RSDV.GD.ZS,Research and development expenditure (% of GDP),1998,2.16032520926217,,2
,High income,GB.XPD.RSDV.GD.ZS,Research and development expenditure (% of GDP),1997,2.15516570799632,,2
,High income,GB.XPD.RSDV.GD.ZS,Research and development expenditure (% of GDP),1996,2.12735905478046,,2
IBD,IBRD only,GB.XPD.RSDV.GD.ZS,Research and development expenditure (% of GDP),2022,1.95728771358364,,2
IBD,IBRD only,GB.XPD.RSDV.GD.ZS,Research and development expenditure (% of GDP),2021,1.84539472841072,,2
IBD,IBRD only,GB.XPD.RSDV.GD.ZS,Research and development expenditure (% of GDP),2020,1.62613322395595,,2
IBD,IBRD only,GB.XPD.RSDV.GD.ZS,Research and development expenditure (% of GDP),2019,1.47350537316208,,2
IBD,IBRD only,GB.XPD.RSDV.GD.ZS,Research and development expenditure (% of GDP),2018,1.40911659231628,,2
IBD,IBRD only,GB.XPD.RSDV.GD.ZS,Research and development expenditure (% of GDP),2017,1.35411041208777,,2
IBD,IBRD only,GB.XPD.RSDV.GD.ZS,Research and development expenditure (% of GDP),2016,1.38097096272838,,2
IBD,IBRD only,GB.XPD.RSDV.GD.ZS,Research and development expenditure (% of GDP),2015,1.36075302739884,,2
IBD,IBRD only,GB.XPD.RSDV.GD.ZS,Research and development expenditure (% of GDP),2014,1.31281327573985,,2
IBD,IBRD only,GB.XPD.RSDV.GD.ZS,Research and development expenditure (% of GDP),2013,1.18535357978909,,2
IBD,IBRD only,GB.XPD.RSDV.GD.ZS,Research and development expenditure (% of GDP),2012,1.18732152761863,,2
IBD,IBRD only,GB.XPD.RSDV.GD.ZS,Research and development expenditure (% of GDP),2011,1.0970768015904,,2
IBD,IBRD only,GB.XPD.RSDV.GD.ZS,Research and development expenditure (% of GDP),2010,1.08236731832955,,2
IBD,IBRD only,GB.XPD.RSDV.GD.ZS,Research and development expenditure (% of GDP),2009,1.01617919540459,,2
IBD,IBRD only,GB.XPD.RSDV.GD.ZS,Research and development expenditure (% of GDP),2008,0.933112861897706,,2
IBD,IBRD only,GB.XPD.RSDV.GD.ZS,Research and development expenditure (% of GDP),2007,0.885034069658788,,2
IBD,IBRD only,GB.XPD.RSDV.GD.ZS,Research and development expenditure (% of GDP),2006,0.857164429459881,,2
IBD,IBRD only,GB.XPD.RSDV.GD.ZS,Research and development expenditure (% of GDP),2005,0.825607210290857,,2
IBD,IBRD only,GB.XPD.RSDV.GD.ZS,Research and development expenditure (% of GDP),2004,0.796480369254932,,2
IBD,IBRD only,GB.XPD.RSDV.GD.ZS,Research and development expenditure (% of GDP),2003,0.766511228642142,,2
IBD,IBRD only,GB.XPD.RSDV.GD.ZS,Research and development expenditure (% of GDP),2002,0.726000310462295,,2
IBD,IBRD only,GB.XPD.RSDV.GD.ZS,Research and development expenditure (% of GDP),2001,0.676769429732186,,2
IBD,IBRD only,GB.XPD.RSDV.GD.ZS,Research and development expenditure (% of GDP),2000,0.652414866950821,,2
IBD,IBRD only,GB.XPD.RSDV.GD.ZS,Research and development expenditure (% of GDP),1999,0.583485385700684,,2
IBT,IDA & IBRD total,GB.XPD.RSDV.GD.ZS,Research and development expenditure (% of GDP),2022,1.93262622525041,,2
IBT,IDA & IBRD total,GB.XPD.RSDV.GD.ZS,Research and development expenditure (% of GDP),2021,1.81296359752071,,2
IBT,IDA & IBRD total,GB.XPD.RSDV.GD.ZS,Research and development expenditure (% of GDP),2020,1.61243400158291,,2
IBT,IDA & IBRD total,GB.XPD.RSDV.GD.ZS,Research and development expenditure (% of GDP),2019,1.42409291997317,,2
IBT,IDA & IBRD total,GB.XPD.RSDV.GD.ZS,Research and development expenditure (% of GDP),2018,1.39686369058352,,2
IBT,IDA & IBRD total,GB.XPD.RSDV.GD.ZS,Research and development expenditure (% of GDP),2017,1.32371871596929,,2
IBT,IDA & IBRD total,GB.XPD.RSDV.GD.ZS,Research and development expenditure (% of GDP),2016,1.36634807122558,,2
IBT,IDA & IBRD total,GB.XPD.RSDV.GD.ZS,Research and development expenditure (% of GDP),2015,1.33023315718534,,2
IBT,IDA & IBRD total,GB.XPD.RSDV.GD.ZS,Research and development expenditure (% of GDP),2014,1.30059747710152,,2
IBT,IDA & IBRD total,GB.XPD.RSDV.GD.ZS,Research and development expenditure (% of GDP),2013,1.1666134611483,,2
IBT,IDA & IBRD total,GB.XPD.RSDV.GD.ZS,Research and development expenditure (% of GDP),2012,1.18273326473231,,2
IBT,IDA & IBRD total,GB.XPD.RSDV.GD.ZS,Research and development expenditure (% of GDP),2011,1.08431799238795,,2
IBT,IDA & IBRD total,GB.XPD.RSDV.GD.ZS,Research and development expenditure (% of GDP),2010,1.06748290410684,,2
IBT,IDA & IBRD total,GB.XPD.RSDV.GD.ZS,Research and development expenditure (% of GDP),2009,1.00259991522151,,2
IBT,IDA & IBRD total,GB.XPD.RSDV.GD.ZS,Research and development expenditure (% of GDP),2008,0.923339695103195,,2
IBT,IDA & IBRD total,GB.XPD.RSDV.GD.ZS,Research and development expenditure (% of GDP),2007,0.855105074993912,,2
IBT,IDA & IBRD total,GB.XPD.RSDV.GD.ZS,Research and development expenditure (% of GDP),2006,0.851227405931429,,2
IBT,IDA & IBRD total,GB.XPD.RSDV.GD.ZS,Research and development expenditure (% of GDP),2005,0.809444676890122,,2
IBT,IDA & IBRD total,GB.XPD.RSDV.GD.ZS,Research and development expenditure (% of GDP),2004,0.787471373180733,,2
IBT,IDA & IBRD total,GB.XPD.RSDV.GD.ZS,Research and development expenditure (% of GDP),2003,0.760385346051764,,2
IBT,IDA & IBRD total,GB.XPD.RSDV.GD.ZS,Research and development expenditure (% of GDP),2002,0.708071931114499,,2
IBT,IDA & IBRD total,GB.XPD.RSDV.GD.ZS,Research and development expenditure (% of GDP),2001,0.662421308048839,,2
IBT,IDA & IBRD total,GB.XPD.RSDV.GD.ZS,Research and development expenditure (% of GDP),2000,0.636279148956455,,2
IDB,IDA blend,GB.XPD.RSDV.GD.ZS,Research and development expenditure (% of GDP),2019,0.240202663818926,,2
IDB,IDA blend,GB.XPD.RSDV.GD.ZS,Research and development expenditure (% of GDP),2007,0.289114982839005,,2
LTE,Late-demographic dividend,GB.XPD.RSDV.GD.ZS,Research and development expenditure (% of GDP),2022,2.16288694576639,,2
LTE,Late-demographic dividend,GB.XPD.RSDV.GD.ZS,Research and development expenditure (% of GDP),2021,2.05879350318793,,2
LTE,Late-demographic dividend,GB.XPD.RSDV.GD.ZS,Research and development expenditure (% of GDP),2020,1.95869679046714,,2
LTE,Late-demographic dividend,GB.XPD.RSDV.GD.ZS,Research and development expenditure (% of GDP),2019,1.80042856543326,,2
LTE,Late-demographic dividend,GB.XPD.RSDV.GD.ZS,Research and development expenditure (% of GDP),2018,1.6978483420787,,2
LTE,Late-demographic dividend,GB.XPD.RSDV.GD.ZS,Research and development expenditure (% of GDP),2017,1.67416579833317,,2
LTE,Late-demographic dividend,GB.XPD.RSDV.GD.ZS,Research and development expenditure (% of GDP),2016,1.68002730703969,,2
LTE,Late-demographic dividend,GB.XPD.RSDV.GD.ZS,Research and development expenditure (% of GDP),2015,1.61393706178742,,2
LTE,Late-demographic dividend,GB.XPD.RSDV.GD.ZS,Research and development expenditure (% of GDP),2014,1.5403367890626,,2
LTE,Late-demographic dividend,GB.XPD.RSDV.GD.ZS,Research and development expenditure (% of GDP),2013,1.47844987286814,,2
LTE,Late-demographic dividend,GB.XPD.RSDV.GD.ZS,Research and development expenditure (% of GDP),2012,1.43390504488175,,2
LTE,Late-demographic dividend,GB.XPD.RSDV.GD.ZS,Research and development expenditure (% of GDP),2011,1.29341520499433,,2
LTE,Late-demographic dividend,GB.XPD.RSDV.GD.ZS,Research and development expenditure (% of GDP),2010,1.320603709634,,2
LTE,Late-demographic dividend,GB.XPD.RSDV.GD.ZS,Research and development expenditure (% of GDP),2009,1.27740067828229,,2
LTE,Late-demographic dividend,GB.XPD.RSDV.GD.ZS,Research and development expenditure (% of GDP),2008,1.09945882571664,,2
LTE,Late-demographic dividend,GB.XPD.RSDV.GD.ZS,Research and development expenditure (% of GDP),2007,1.0624322178549,,2
LTE,Late-demographic dividend,GB.XPD.RSDV.GD.ZS,Research and development expenditure (% of GDP),2006,1.02949765218214,,2
LTE,Late-demographic dividend,GB.XPD.RSDV.GD.ZS,Research and development expenditure (% of GDP),2005,1.02203049804566,,2
LTE,Late-demographic dividend,GB.XPD.RSDV.GD.ZS,Research and development expenditure (% of GDP),2004,0.965531261412307,,2
LTE,Late-demographic dividend,GB.XPD.RSDV.GD.ZS,Research and development expenditure (% of GDP),2003,0.954092366236273,,2
LTE,Late-demographic dividend,GB.XPD.RSDV.GD.ZS,Research and development expenditure (% of GDP),2002,0.898295835761442,,2
LTE,Late-demographic dividend,GB.XPD.RSDV.GD.ZS,Research and development expenditure (% of GDP),2001,0.874142800145066,,2
LTE,Late-demographic dividend,GB.XPD.RSDV.GD.ZS,Research and development expenditure (% of GDP),2000,0.8256877586136,,2
LCN,Latin America & Caribbean,GB.XPD.RSDV.GD.ZS,Research and development expenditure (% of GDP),2020,0.618385164955573,,2
LCN,Latin America & Caribbean,GB.XPD.RSDV.GD.ZS,Research and development expenditure (% of GDP),2019,0.654558871741678,,2
LCN,Latin America & Caribbean,GB.XPD.RSDV.GD.ZS,Research and development expenditure (% of GDP),2018,0.6448557249508,,2
LCN,Latin America & Caribbean,GB.XPD.RSDV.GD.ZS,Research and development expenditure (% of GDP),2017,0.652356656449114,,2
LCN,Latin America & Caribbean,GB.XPD.RSDV.GD.ZS,Research and development expenditure (% of GDP),2016,0.721927240672058,,2
LCN,Latin America & Caribbean,GB.XPD.RSDV.GD.ZS,Research and development expenditure (% of GDP),2015,0.752741025181864,,2
LCN,Latin America & Caribbean,GB.XPD.RSDV.GD.ZS,Research and development expenditure (% of GDP),2014,0.753297285589305,,2
LCN,Latin America & Caribbean,GB.XPD.RSDV.GD.ZS,Research and development expenditure (% of GDP),2013,0.712901193695883,,2
LCN,Latin America & Caribbean,GB.XPD.RSDV.GD.ZS,Research and development expenditure (% of GDP),2012,0.680414264771169,,2
LCN,Latin America & Caribbean,GB.XPD.RSDV.GD.ZS,Research and development expenditure (% of GDP),2011,0.707895887421059,,2
LCN,Latin America & Caribbean,GB.XPD.RSDV.GD.ZS,Research and development expenditure (% of GDP),2010,0.732700620803165,,2
LCN,Latin America & Caribbean,GB.XPD.RSDV.GD.ZS,Research and development expenditure (% of GDP),2009,0.692113450759657,,2
LCN,Latin America & Caribbean,GB.XPD.RSDV.GD.ZS,Research and development expenditure (% of GDP),2008,0.666047345320351,,2
LCN,Latin America & Caribbean,GB.XPD.RSDV.GD.ZS,Research and development expenditure (% of GDP),2007,0.619154339858122,,2
LCN,Latin America & Caribbean,GB.XPD.RSDV.GD.ZS,Research and development expenditure (% of GDP),2006,0.582136814768682,,2
LCN,Latin America & Caribbean,GB.XPD.RSDV.GD.ZS,Research and development expenditure (% of GDP),2005,0.582472196125068,,2
LCN,Latin America & Caribbean,GB.XPD.RSDV.GD.ZS,Research and development expenditure (% of GDP),2004,0.555939974365173,,2
LCN,Latin America & Caribbean,GB.XPD.RSDV.GD.ZS,Research and development expenditure (% of GDP),2003,0.551250258098545,,2
LCN,Latin America & Caribbean,GB.XPD.RSDV.GD.ZS,Research and development expenditure (% of GDP),2002,0.515499326115108,,2
LCN,Latin America & Caribbean,GB.XPD.RSDV.GD.ZS,Research and development expenditure (% of GDP),2001,0.531166115066444,,2
LCN,Latin America & Caribbean,GB.XPD.RSDV.GD.ZS,Research and development expenditure (% of GDP),2000,0.55768548066503,,2
LAC,Latin America & Caribbean (excluding high income),GB.XPD.RSDV.GD.ZS,Research and development expenditure (% of GDP),2020,0.650949154437544,,2
LAC,Latin America & Caribbean (excluding high income),GB.XPD.RSDV.GD.ZS,Research and development expenditure (% of GDP),2019,0.686577211208729,,2
LAC,Latin America & Caribbean (excluding high income),GB.XPD.RSDV.GD.ZS,Research and development expenditure (% of GDP),2018,0.679304114781984,,2
LAC,Latin America & Caribbean (excluding high income),GB.XPD.RSDV.GD.ZS,Research and development expenditure (% of GDP),2017,0.685689399793149,,2
LAC,Latin America & Caribbean (excluding high income),GB.XPD.RSDV.GD.ZS,Research and development expenditure (% of GDP),2016,0.764677218276042,,2
LAC,Latin America & Caribbean (excluding high income),GB.XPD.RSDV.GD.ZS,Research and development expenditure (% of GDP),2015,0.81210651109328,,2
LAC,Latin America & Caribbean (excluding high income),GB.XPD.RSDV.GD.ZS,Research and development expenditure (% of GDP),2014,0.80602525155757,,2
LAC,Latin America & Caribbean (excluding high income),GB.XPD.RSDV.GD.ZS,Research and development expenditure (% of GDP),2013,0.770915931945052,,2
LAC,Latin America & Caribbean (excluding high income),GB.XPD.RSDV.GD.ZS,Research and development expenditure (% of GDP),2012,0.741983131183761,,2
LAC,Latin America & Caribbean (excluding high income),GB.XPD.RSDV.GD.ZS,Research and development expenditure (% of GDP),2011,0.772183325120629,,2
LAC,Latin America & Caribbean (excluding high income),GB.XPD.RSDV.GD.ZS,Research and development expenditure (% of GDP),2010,0.818317525006309,,2
LAC,Latin America & Caribbean (excluding high income),GB.XPD.RSDV.GD.ZS,Research and development expenditure (% of GDP),2009,0.773212876519987,,2
LAC,Latin America & Caribbean (excluding high income),GB.XPD.RSDV.GD.ZS,Research and development expenditure (% of GDP),2008,0.730321594603875,,2
LAC,Latin America & Caribbean (excluding high income),GB.XPD.RSDV.GD.ZS,Research and development expenditure (% of GDP),2007,0.678112584342134,,2
LAC,Latin America & Caribbean (excluding high income),GB.XPD.RSDV.GD.ZS,Research and development expenditure (% of GDP),2006,0.610366487008686,,2
LAC,Latin America & Caribbean (excluding high income),GB.XPD.RSDV.GD.ZS,Research and development expenditure (% of GDP),2005,0.616105502051125,,2
LAC,Latin America & Caribbean (excluding high income),GB.XPD.RSDV.GD.ZS,Research and development expenditure (% of GDP),2004,0.564507512345505,,2
LAC,Latin America & Caribbean (excluding high income),GB.XPD.RSDV.GD.ZS,Research and development expenditure (% of GDP),2003,0.55901379024671,,2
LAC,Latin America & Caribbean (excluding high income),GB.XPD.RSDV.GD.ZS,Research and development expenditure (% of GDP),2002,0.522034934100473,,2
LAC,Latin America & Caribbean (excluding high income),GB.XPD.RSDV.GD.ZS,Research and development expenditure (% of GDP),2001,0.534308410198722,,2
LAC,Latin America & Caribbean (excluding high income),GB.XPD.RSDV.GD.ZS,Research and development expenditure (% of GDP),2000,0.566278463215625,,2
TLA,Latin America & the Caribbean (IDA & IBRD countries),GB.XPD.RSDV.GD.ZS,Research and development expenditure (% of GDP),2020,0.621042076845482,,2
TLA,Latin America & the Caribbean (IDA & IBRD countries),GB.XPD.RSDV.GD.ZS,Research and development expenditure (% of GDP),2019,0.656755937352662,,2
TLA,Latin America & the Caribbean (IDA & IBRD countries),GB.XPD.RSDV.GD.ZS,Research and development expenditure (% of GDP),2018,0.647044917716034,,2
TLA,Latin America & the Caribbean (IDA & IBRD countries),GB.XPD.RSDV.GD.ZS,Research and development expenditure (% of GDP),2017,0.656592210399481,,2
TLA,Latin America & the Caribbean (IDA & IBRD countries),GB.XPD.RSDV.GD.ZS,Research and development expenditure (% of GDP),2016,0.729422964106261,,2
TLA,Latin America & the Caribbean (IDA & IBRD countries),GB.XPD.RSDV.GD.ZS,Research and development expenditure (% of GDP),2015,0.765565321050146,,2
TLA,Latin America & the Caribbean (IDA & IBRD countries),GB.XPD.RSDV.GD.ZS,Research and development expenditure (% of GDP),2014,0.757961846187191,,2
TLA,Latin America & the Caribbean (IDA & IBRD countries),GB.XPD.RSDV.GD.ZS,Research and development expenditure (% of GDP),2013,0.720805375935652,,2
TLA,Latin America & the Caribbean (IDA & IBRD countries),GB.XPD.RSDV.GD.ZS,Research and development expenditure (% of GDP),2012,0.683835366017265,,2
TLA,Latin America & the Caribbean (IDA & IBRD countries),GB.XPD.RSDV.GD.ZS,Research and development expenditure (% of GDP),2011,0.713087273511248,,2
TLA,Latin America & the Caribbean (IDA & IBRD countries),GB.XPD.RSDV.GD.ZS,Research and development expenditure (% of GDP),2010,0.734222349017901,,2
TLA,Latin America & the Caribbean (IDA & IBRD countries),GB.XPD.RSDV.GD.ZS,Research and development expenditure (% of GDP),2009,0.699167284841945,,2
TLA,Latin America & the Caribbean (IDA & IBRD countries),GB.XPD.RSDV.GD.ZS,Research and development expenditure (% of GDP),2008,0.668257143936811,,2
TLA,Latin America & the Caribbean (IDA & IBRD countries),GB.XPD.RSDV.GD.ZS,Research and development expenditure (% of GDP),2007,0.622708774920851,,2
TLA,Latin America & the Caribbean (IDA & IBRD countries),GB.XPD.RSDV.GD.ZS,Research and development expenditure (% of GDP),2006,0.585403150336092,,2
TLA,Latin America & the Caribbean (IDA & IBRD countries),GB.XPD.RSDV.GD.ZS,Research and development expenditure (% of GDP),2005,0.584092962506918,,2
TLA,Latin America & the Caribbean (IDA & IBRD countries),GB.XPD.RSDV.GD.ZS,Research and development expenditure (% of GDP),2004,0.556050036352226,,2
TLA,Latin America & the Caribbean (IDA & IBRD countries),GB.XPD.RSDV.GD.ZS,Research and development expenditure (% of GDP),2003,0.551633155329786,,2
TLA,Latin America & the Caribbean (IDA & IBRD countries),GB.XPD.RSDV.GD.ZS,Research and development expenditure (% of GDP),2002,0.515392513908195,,2
TLA,Latin America & the Caribbean (IDA & IBRD countries),GB.XPD.RSDV.GD.ZS,Research and development expenditure (% of GDP),2001,0.530582537138953,,2
TLA,Latin America & the Caribbean (IDA & IBRD countries),GB.XPD.RSDV.GD.ZS,Research and development expenditure (% of GDP),2000,0.558952344339144,,2
LMY,Low & middle income,GB.XPD.RSDV.GD.ZS,Research and development expenditure (% of GDP),2021,1.93851702263953,,2
LMY,Low & middle income,GB.XPD.RSDV.GD.ZS,Research and development expenditure (% of GDP),2020,1.67940125276729,,2
LMY,Low & middle income,GB.XPD.RSDV.GD.ZS,Research and development expenditure (% of GDP),2019,1.47461621898581,,2
LMY,Low & middle income,GB.XPD.RSDV.GD.ZS,Research and development expenditure (% of GDP),2018,1.45531268666766,,2
LMY,Low & middle income,GB.XPD.RSDV.GD.ZS,Research and development expenditure (% of GDP),2017,1.37127038450695,,2
LMY,Low & middle income,GB.XPD.RSDV.GD.ZS,Research and development expenditure (% of GDP),2016,1.42032447065698,,2
LMY,Low & middle income,GB.XPD.RSDV.GD.ZS,Research and development expenditure (% of GDP),2015,1.38117712727882,,2
LMY,Low & middle income,GB.XPD.RSDV.GD.ZS,Research and development expenditure (% of GDP),2014,1.36915869276829,,2
LMY,Low & middle income,GB.XPD.RSDV.GD.ZS,Research and development expenditure (% of GDP),2013,1.22244735938191,,2
LMY,Low & middle income,GB.XPD.RSDV.GD.ZS,Research and development expenditure (% of GDP),2012,1.25336791636806,,2
LMY,Low & middle income,GB.XPD.RSDV.GD.ZS,Research and development expenditure (% of GDP),2011,1.14053404876862,,2
LMY,Low & middle income,GB.XPD.RSDV.GD.ZS,Research and development expenditure (% of GDP),2010,1.12077643814019,,2
LMY,Low & middle income,GB.XPD.RSDV.GD.ZS,Research and development expenditure (% of GDP),2009,1.03145740694612,,2
LMY,Low & middle income,GB.XPD.RSDV.GD.ZS,Research and development expenditure (% of GDP),2008,0.958373251401371,,2
LMY,Low & middle income,GB.XPD.RSDV.GD.ZS,Research and development expenditure (% of GDP),2007,0.869702533068185,,2
LMY,Low & middle income,GB.XPD.RSDV.GD.ZS,Research and development expenditure (% of GDP),2006,0.860080313648484,,2
LMY,Low & middle income,GB.XPD.RSDV.GD.ZS,Research and development expenditure (% of GDP),2005,0.814932373348113,,2
LMY,Low & middle income,GB.XPD.RSDV.GD.ZS,Research and development expenditure (% of GDP),2004,0.770189443992916,,2
LMY,Low & middle income,GB.XPD.RSDV.GD.ZS,Research and development expenditure (% of GDP),2003,0.733248753029223,,2
LMY,Low & middle income,GB.XPD.RSDV.GD.ZS,Research and development expenditure (% of GDP),2002,0.680932985459218,,2
LMY,Low & middle income,GB.XPD.RSDV.GD.ZS,Research and development expenditure (% of GDP),2001,0.634087707252453,,2
LMY,Low & middle income,GB.XPD.RSDV.GD.ZS,Research and development expenditure (% of GDP),2000,0.616764678940791,,2
,Lower middle income,GB.XPD.RSDV.GD.ZS,Research and development expenditure (% of GDP),2019,0.543557565717942,,2
,Lower middle income,GB.XPD.RSDV.GD.ZS,Research and development expenditure (% of GDP),2015,0.546219360559185,,2
,Lower middle income,GB.XPD.RSDV.GD.ZS,Research and development expenditure (% of GDP),2013,0.54855243753284,,2
,Lower middle income,GB.XPD.RSDV.GD.ZS,Research and development expenditure (% of GDP),2011,0.589546086779673,,2
,Lower middle income,GB.XPD.RSDV.GD.ZS,Research and development expenditure (% of GDP),2007,0.575727941231584,,2
,Lower middle income,GB.XPD.RSDV.GD.ZS,Research and development expenditure (% of GDP),2002,0.524468546723875,,2
MEA,"Middle East, North Africa, Afghanistan & Pakistan",GB.XPD.RSDV.GD.ZS,Research and development expenditure (% of GDP),2021,1.34619726859862,,2
MEA,"Middle East, North Africa, Afghanistan & Pakistan",GB.XPD.RSDV.GD.ZS,Research and development expenditure (% of GDP),2005,0.725706003201757,,2
MNA,"Middle East, North Africa, Afghanistan & Pakistan (excluding high income)",GB.XPD.RSDV.GD.ZS,Research and development expenditure (% of GDP),2021,0.538755837378145,,2
MNA,"Middle East, North Africa, Afghanistan & Pakistan (excluding high income)",GB.XPD.RSDV.GD.ZS,Research and development expenditure (% of GDP),2019,0.493250414559265,,2
MNA,"Middle East, North Africa, Afghanistan & Pakistan (excluding high income)",GB.XPD.RSDV.GD.ZS,Research and development expenditure (% of GDP),2017,0.493582897675695,,2
MNA,"Middle East, North Africa, Afghanistan & Pakistan (excluding high income)",GB.XPD.RSDV.GD.ZS,Research and development expenditure (% of GDP),2015,0.39337320979552,,2
MNA,"Middle East, North Africa, Afghanistan & Pakistan (excluding high income)",GB.XPD.RSDV.GD.ZS,Research and development expenditure (% of GDP),2009,0.323783283861287,,2
MNA,"Middle East, North Africa, Afghanistan & Pakistan (excluding high income)",GB.XPD.RSDV.GD.ZS,Research and development expenditure (% of GDP),2005,0.399556830861665,,2
TMN,"Middle East, North Africa, Afghanistan & Pakistan (IDA & IBRD)",GB.XPD.RSDV.GD.ZS,Research and development expenditure (% of GDP),2021,0.538755837378145,,2
TMN,"Middle East, North Africa, Afghanistan & Pakistan (IDA & IBRD)",GB.XPD.RSDV.GD.ZS,Research and development expenditure (% of GDP),2019,0.493250414559265,,2
TMN,"Middle East, North Africa, Afghanistan & Pakistan (IDA & IBRD)",GB.XPD.RSDV.GD.ZS,Research and development expenditure (% of GDP),2017,0.493582897675696,,2
TMN,"Middle East, North Africa, Afghanistan & Pakistan (IDA & IBRD)",GB.XPD.RSDV.GD.ZS,Research and development expenditure (% of GDP),2015,0.39337320979552,,2
TMN,"Middle East, North Africa, Afghanistan & Pakistan (IDA & IBRD)",GB.XPD.RSDV.GD.ZS,Research and development expenditure (% of GDP),2009,0.323503886504332,,2
TMN,"Middle East, North Africa, Afghanistan & Pakistan (IDA & IBRD)",GB.XPD.RSDV.GD.ZS,Research and development expenditure (% of GDP),2005,0.399556830861665,,2
MIC,Middle income,GB.XPD.RSDV.GD.ZS,Research and development expenditure (% of GDP),2021,1.94149348670691,,2
MIC,Middle income,GB.XPD.RSDV.GD.ZS,Research and development expenditure (% of GDP),2020,1.68038332832138,,2
MIC,Middle income,GB.XPD.RSDV.GD.ZS,Research and development expenditure (% of GDP),2019,1.47660633617734,,2
MIC,Middle income,GB.XPD.RSDV.GD.ZS,Research and development expenditure (% of GDP),2018,1.45553907531613,,2
MIC,Middle income,GB.XPD.RSDV.GD.ZS,Research and development expenditure (% of GDP),2017,1.3731903367163,,2
MIC,Middle income,GB.XPD.RSDV.GD.ZS,Research and development expenditure (% of GDP),2016,1.42204083824701,,2
MIC,Middle income,GB.XPD.RSDV.GD.ZS,Research and development expenditure (% of GDP),2015,1.38548275349156,,2
MIC,Middle income,GB.XPD.RSDV.GD.ZS,Research and development expenditure (% of GDP),2014,1.37292848328776,,2
MIC,Middle income,GB.XPD.RSDV.GD.ZS,Research and development expenditure (% of GDP),2013,1.22244735938191,,2
MIC,Middle income,GB.XPD.RSDV.GD.ZS,Research and development expenditure (% of GDP),2012,1.25382117211775,,2
MIC,Middle income,GB.XPD.RSDV.GD.ZS,Research and development expenditure (% of GDP),2011,1.14127500561569,,2
MIC,Middle income,GB.XPD.RSDV.GD.ZS,Research and development expenditure (% of GDP),2010,1.12420080740965,,2
MIC,Middle income,GB.XPD.RSDV.GD.ZS,Research and development expenditure (% of GDP),2009,1.03567276717097,,2
MIC,Middle income,GB.XPD.RSDV.GD.ZS,Research and development expenditure (% of GDP),2008,0.963047095423244,,2
MIC,Middle income,GB.XPD.RSDV.GD.ZS,Research and development expenditure (% of GDP),2007,0.873323726169296,,2
MIC,Middle income,GB.XPD.RSDV.GD.ZS,Research and development expenditure (% of GDP),2006,0.86325953379486,,2
MIC,Middle income,GB.XPD.RSDV.GD.ZS,Research and development expenditure (% of GDP),2005,0.82088197783178,,2
MIC,Middle income,GB.XPD.RSDV.GD.ZS,Research and development expenditure (% of GDP),2004,0.774928518301239,,2
MIC,Middle income,GB.XPD.RSDV.GD.ZS,Research and development expenditure (% of GDP),2003,0.736687961641366,,2
MIC,Middle income,GB.XPD.RSDV.GD.ZS,Research and development expenditure (% of GDP),2002,0.683919691086628,,2
MIC,Middle income,GB.XPD.RSDV.GD.ZS,Research and development expenditure (% of GDP),2001,0.635766293549993,,2
MIC,Middle income,GB.XPD.RSDV.GD.ZS,Research and development expenditure (% of GDP),2000,0.617675595615037,,2
NAC,North America,GB.XPD.RSDV.GD.ZS,Research and development expenditure (% of GDP),2022,3.43850413234135,,2
NAC,North America,GB.XPD.RSDV.GD.ZS,Research and development expenditure (% of GDP),2021,3.35391944555289,,2
NAC,North America,GB.XPD.RSDV.GD.ZS,Research and development expenditure (% of GDP),2020,3.31509481732004,,2
NAC,North America,GB.XPD.RSDV.GD.ZS,Research and development expenditure (% of GDP),2019,3.04124023088312,,2
NAC,North America,GB.XPD.RSDV.GD.ZS,Research and development expenditure (% of GDP),2018,2.89244117461709,,2
NAC,North America,GB.XPD.RSDV.GD.ZS,Research and development expenditure (% of GDP),2017,2.79016033627039,,2
NAC,North America,GB.XPD.RSDV.GD.ZS,Research and development expenditure (% of GDP),2016,2.7530633784089,,2
NAC,North America,GB.XPD.RSDV.GD.ZS,Research and development expenditure (% of GDP),2015,2.68740372915854,,2
NAC,North America,GB.XPD.RSDV.GD.ZS,Research and development expenditure (% of GDP),2014,2.61527882483309,,2
NAC,North America,GB.XPD.RSDV.GD.ZS,Research and development expenditure (% of GDP),2013,2.59730653162244,,2
NAC,North America,GB.XPD.RSDV.GD.ZS,Research and development expenditure (% of GDP),2012,2.58093130595278,,2
NAC,North America,GB.XPD.RSDV.GD.ZS,Research and development expenditure (% of GDP),2011,2.63912484768229,,2
NAC,North America,GB.XPD.RSDV.GD.ZS,Research and development expenditure (% of GDP),2010,2.62715626492807,,2
NAC,North America,GB.XPD.RSDV.GD.ZS,Research and development expenditure (% of GDP),2009,2.71492618411278,,2
NAC,North America,GB.XPD.RSDV.GD.ZS,Research and development expenditure (% of GDP),2008,2.65916076705924,,2
NAC,North America,GB.XPD.RSDV.GD.ZS,Research and development expenditure (% of GDP),2007,2.54858897207152,,2
NAC,North America,GB.XPD.RSDV.GD.ZS,Research and development expenditure (% of GDP),2006,2.49293952109511,,2
NAC,North America,GB.XPD.RSDV.GD.ZS,Research and development expenditure (% of GDP),2005,2.45812840084043,,2
NAC,North America,GB.XPD.RSDV.GD.ZS,Research and development expenditure (% of GDP),2004,2.44891150793873,,2
NAC,North America,GB.XPD.RSDV.GD.ZS,Research and development expenditure (% of GDP),2003,2.50792931743028,,2
NAC,North America,GB.XPD.RSDV.GD.ZS,Research and development expenditure (% of GDP),2002,2.50998677048489,,2
NAC,North America,GB.XPD.RSDV.GD.ZS,Research and development expenditure (% of GDP),2001,2.59694140003108,,2
NAC,North America,GB.XPD.RSDV.GD.ZS,Research and development expenditure (% of GDP),2000,2.56826146539229,,2
NAC,North America,GB.XPD.RSDV.GD.ZS,Research and development expenditure (% of GDP),1999,2.49138674706044,,2
NAC,North America,GB.XPD.RSDV.GD.ZS,Research and development expenditure (% of GDP),1998,2.44483914931237,,2
NAC,North America,GB.XPD.RSDV.GD.ZS,Research and development expenditure (% of GDP),1997,2.415147558048,,2
NAC,North America,GB.XPD.RSDV.GD.ZS,Research and development expenditure (% of GDP),1996,2.38902998565091,,2
OED,OECD members,GB.XPD.RSDV.GD.ZS,Research and development expenditure (% of GDP),2022,3.02164929273705,,2
OED,OECD members,GB.XPD.RSDV.GD.ZS,Research and development expenditure (% of GDP),2021,2.91269609753033,,2
OED,OECD members,GB.XPD.RSDV.GD.ZS,Research and development expenditure (% of GDP),2020,2.93318397085631,,2
OED,OECD members,GB.XPD.RSDV.GD.ZS,Research and development expenditure (% of GDP),2019,2.72249782391517,,2
OED,OECD members,GB.XPD.RSDV.GD.ZS,Research and development expenditure (% of GDP),2018,2.65306580478881,,2
OED,OECD members,GB.XPD.RSDV.GD.ZS,Research and development expenditure (% of GDP),2017,2.54660676784489,,2
OED,OECD members,GB.XPD.RSDV.GD.ZS,Research and development expenditure (% of GDP),2016,2.52036949872702,,2
OED,OECD members,GB.XPD.RSDV.GD.ZS,Research and development expenditure (% of GDP),2015,2.47069812051561,,2
OED,OECD members,GB.XPD.RSDV.GD.ZS,Research and development expenditure (% of GDP),2014,2.44132068616424,,2
OED,OECD members,GB.XPD.RSDV.GD.ZS,Research and development expenditure (% of GDP),2013,2.36322834564663,,2
OED,OECD members,GB.XPD.RSDV.GD.ZS,Research and development expenditure (% of GDP),2012,2.37320990283056,,2
OED,OECD members,GB.XPD.RSDV.GD.ZS,Research and development expenditure (% of GDP),2011,2.35497245358003,,2
OED,OECD members,GB.XPD.RSDV.GD.ZS,Research and development expenditure (% of GDP),2010,2.32882819595656,,2
OED,OECD members,GB.XPD.RSDV.GD.ZS,Research and development expenditure (% of GDP),2009,2.36575837617309,,2
OED,OECD members,GB.XPD.RSDV.GD.ZS,Research and development expenditure (% of GDP),2008,2.28729282277679,,2
OED,OECD members,GB.XPD.RSDV.GD.ZS,Research and development expenditure (% of GDP),2007,2.20784895044202,,2
OED,OECD members,GB.XPD.RSDV.GD.ZS,Research and development expenditure (% of GDP),2006,2.20591792772974,,2
OED,OECD members,GB.XPD.RSDV.GD.ZS,Research and development expenditure (% of GDP),2005,2.18091012397089,,2
OED,OECD members,GB.XPD.RSDV.GD.ZS,Research and development expenditure (% of GDP),2004,2.16773469934089,,2
OED,OECD members,GB.XPD.RSDV.GD.ZS,Research and development expenditure (% of GDP),2003,2.21650887279095,,2
OED,OECD members,GB.XPD.RSDV.GD.ZS,Research and development expenditure (% of GDP),2002,2.22321073235264,,2
OED,OECD members,GB.XPD.RSDV.GD.ZS,Research and development expenditure (% of GDP),2001,2.27888758266523,,2
OED,OECD members,GB.XPD.RSDV.GD.ZS,Research and development expenditure (% of GDP),2000,2.24715784159424,,2
OED,OECD members,GB.XPD.RSDV.GD.ZS,Research and development expenditure (% of GDP),1999,2.2034739151615,,2
OED,OECD members,GB.XPD.RSDV.GD.ZS,Research and development expenditure (% of GDP),1998,2.13443158137539,,2
OED,OECD members,GB.XPD.RSDV.GD.ZS,Research and development expenditure (% of GDP),1997,2.12717630182779,,2
OED,OECD members,GB.XPD.RSDV.GD.ZS,Research and development expenditure (% of GDP),1996,2.10499037023405,,2
OSS,Other small states,GB.XPD.RSDV.GD.ZS,Research and development expenditure (% of GDP),2022,1.39994415962668,,2
OSS,Other small states,GB.XPD.RSDV.GD.ZS,Research and development expenditure (% of GDP),2021,1.43893855304179,,2
OSS,Other small states,GB.XPD.RSDV.GD.ZS,Research and development expenditure (% of GDP),2020,1.37085591611631,,2
OSS,Other small states,GB.XPD.RSDV.GD.ZS,Research and development expenditure (% of GDP),2019,1.21381597045452,,2
OSS,Other small states,GB.XPD.RSDV.GD.ZS,Research and development expenditure (% of GDP),2018,1.00140666161219,,2
OSS,Other small states,GB.XPD.RSDV.GD.ZS,Research and development expenditure (% of GDP),2017,1.05375592835922,,2
OSS,Other small states,GB.XPD.RSDV.GD.ZS,Research and development expenditure (% of GDP),2007,1.21936488772292,,2
OSS,Other small states,GB.XPD.RSDV.GD.ZS,Research and development expenditure (% of GDP),2006,1.31232871003986,,2
OSS,Other small states,GB.XPD.RSDV.GD.ZS,Research and development expenditure (% of GDP),2005,1.11902540285146,,2
OSS,Other small states,GB.XPD.RSDV.GD.ZS,Research and development expenditure (% of GDP),2004,0.450017021448257,,2
OSS,Other small states,GB.XPD.RSDV.GD.ZS,Research and development expenditure (% of GDP),2003,0.850884824795137,,2
OSS,Other small states,GB.XPD.RSDV.GD.ZS,Research and development expenditure (% of GDP),2002,0.857639938147016,,2
PST,Post-demographic dividend,GB.XPD.RSDV.GD.ZS,Research and development expenditure (% of GDP),2022,3.12126748381879,,2
PST,Post-demographic dividend,GB.XPD.RSDV.GD.ZS,Research and development expenditure (% of GDP),2021,2.99950050925561,,2
PST,Post-demographic dividend,GB.XPD.RSDV.GD.ZS,Research and development expenditure (% of GDP),2020,3.02510808311935,,2
PST,Post-demographic dividend,GB.XPD.RSDV.GD.ZS,Research and development expenditure (% of GDP),2019,2.80721179341059,,2
PST,Post-demographic dividend,GB.XPD.RSDV.GD.ZS,Research and development expenditure (% of GDP),2018,2.74742528683558,,2
PST,Post-demographic dividend,GB.XPD.RSDV.GD.ZS,Research and development expenditure (% of GDP),2017,2.63590116596787,,2
PST,Post-demographic dividend,GB.XPD.RSDV.GD.ZS,Research and development expenditure (% of GDP),2016,2.61421541776208,,2
PST,Post-demographic dividend,GB.XPD.RSDV.GD.ZS,Research and development expenditure (% of GDP),2015,2.56826331020622,,2
PST,Post-demographic dividend,GB.XPD.RSDV.GD.ZS,Research and development expenditure (% of GDP),2014,2.55034686622084,,2
PST,Post-demographic dividend,GB.XPD.RSDV.GD.ZS,Research and development expenditure (% of GDP),2013,2.46526819453322,,2
PST,Post-demographic dividend,GB.XPD.RSDV.GD.ZS,Research and development expenditure (% of GDP),2012,2.47436546097316,,2
PST,Post-demographic dividend,GB.XPD.RSDV.GD.ZS,Research and development expenditure (% of GDP),2011,2.45372441253894,,2
PST,Post-demographic dividend,GB.XPD.RSDV.GD.ZS,Research and development expenditure (% of GDP),2010,2.42407275657719,,2
PST,Post-demographic dividend,GB.XPD.RSDV.GD.ZS,Research and development expenditure (% of GDP),2009,2.45345821670119,,2
PST,Post-demographic dividend,GB.XPD.RSDV.GD.ZS,Research and development expenditure (% of GDP),2008,2.38474667111263,,2
PST,Post-demographic dividend,GB.XPD.RSDV.GD.ZS,Research and development expenditure (% of GDP),2007,2.30222437379458,,2
PST,Post-demographic dividend,GB.XPD.RSDV.GD.ZS,Research and development expenditure (% of GDP),2006,2.28900710738743,,2
PST,Post-demographic dividend,GB.XPD.RSDV.GD.ZS,Research and development expenditure (% of GDP),2005,2.25884927953572,,2
PST,Post-demographic dividend,GB.XPD.RSDV.GD.ZS,Research and development expenditure (% of GDP),2004,2.23768043482592,,2
PST,Post-demographic dividend,GB.XPD.RSDV.GD.ZS,Research and development expenditure (% of GDP),2003,2.2867426678678,,2
PST,Post-demographic dividend,GB.XPD.RSDV.GD.ZS,Research and development expenditure (% of GDP),2002,2.2976614843814,,2
PST,Post-demographic dividend,GB.XPD.RSDV.GD.ZS,Research and development expenditure (% of GDP),2001,2.35348135601591,,2
PST,Post-demographic dividend,GB.XPD.RSDV.GD.ZS,Research and development expenditure (% of GDP),2000,2.32125742005279,,2
PST,Post-demographic dividend,GB.XPD.RSDV.GD.ZS,Research and development expenditure (% of GDP),1999,2.26231133886924,,2
PST,Post-demographic dividend,GB.XPD.RSDV.GD.ZS,Research and development expenditure (% of GDP),1998,2.19397726820155,,2
PST,Post-demographic dividend,GB.XPD.RSDV.GD.ZS,Research and development expenditure (% of GDP),1997,2.19116755246104,,2
PST,Post-demographic dividend,GB.XPD.RSDV.GD.ZS,Research and development expenditure (% of GDP),1996,2.16221424707816,,2
SST,Small states,GB.XPD.RSDV.GD.ZS,Research and development expenditure (% of GDP),2018,0.862028635650121,,2
SST,Small states,GB.XPD.RSDV.GD.ZS,Research and development expenditure (% of GDP),2003,0.728959409166145,,2
SAS,South Asia,GB.XPD.RSDV.GD.ZS,Research and development expenditure (% of GDP),2020,0.629398082132028,,2
SAS,South Asia,GB.XPD.RSDV.GD.ZS,Research and development expenditure (% of GDP),2019,0.65942,,2
SAS,South Asia,GB.XPD.RSDV.GD.ZS,Research and development expenditure (% of GDP),2018,0.641760020059033,,2
SAS,South Asia,GB.XPD.RSDV.GD.ZS,Research and development expenditure (% of GDP),2017,0.64720145189609,,2
SAS,South Asia,GB.XPD.RSDV.GD.ZS,Research and development expenditure (% of GDP),2016,0.6495461545429,,2
SAS,South Asia,GB.XPD.RSDV.GD.ZS,Research and development expenditure (% of GDP),2015,0.670154902727138,,2
SAS,South Asia,GB.XPD.RSDV.GD.ZS,Research and development expenditure (% of GDP),2014,0.678034880905608,,2
SAS,South Asia,GB.XPD.RSDV.GD.ZS,Research and development expenditure (% of GDP),2013,0.682172287961583,,2
SAS,South Asia,GB.XPD.RSDV.GD.ZS,Research and development expenditure (% of GDP),2012,0.74399,,2
SAS,South Asia,GB.XPD.RSDV.GD.ZS,Research and development expenditure (% of GDP),2011,0.75502,,2
SAS,South Asia,GB.XPD.RSDV.GD.ZS,Research and development expenditure (% of GDP),2010,0.762064198284848,,2
SAS,South Asia,GB.XPD.RSDV.GD.ZS,Research and development expenditure (% of GDP),2009,0.827694335291312,,2
SAS,South Asia,GB.XPD.RSDV.GD.ZS,Research and development expenditure (% of GDP),2008,0.826499370275791,,2
SAS,South Asia,GB.XPD.RSDV.GD.ZS,Research and development expenditure (% of GDP),2007,0.80507,,2
SAS,South Asia,GB.XPD.RSDV.GD.ZS,Research and development expenditure (% of GDP),2006,0.78632736913797,,2
SAS,South Asia,GB.XPD.RSDV.GD.ZS,Research and development expenditure (% of GDP),2005,0.82411,,2
SAS,South Asia,GB.XPD.RSDV.GD.ZS,Research and development expenditure (% of GDP),2004,0.740626265197392,,2
SAS,South Asia,GB.XPD.RSDV.GD.ZS,Research and development expenditure (% of GDP),2003,0.71929,,2
SAS,South Asia,GB.XPD.RSDV.GD.ZS,Research and development expenditure (% of GDP),2002,0.72567,,2
SAS,South Asia,GB.XPD.RSDV.GD.ZS,Research and development expenditure (% of GDP),2001,0.73591,,2
SAS,South Asia,GB.XPD.RSDV.GD.ZS,Research and development expenditure (% of GDP),2000,0.736011405769646,,2
SAS,South Asia,GB.XPD.RSDV.GD.ZS,Research and development expenditure (% of GDP),1999,0.72413,,2
SAS,South Asia,GB.XPD.RSDV.GD.ZS,Research and development expenditure (% of GDP),1998,0.70379,,2
SAS,South Asia,GB.XPD.RSDV.GD.ZS,Research and development expenditure (% of GDP),1997,0.68669,,2
SAS,South Asia,GB.XPD.RSDV.GD.ZS,Research and development expenditure (% of GDP),1996,0.623488631237301,,2
TSA,South Asia (IDA & IBRD),GB.XPD.RSDV.GD.ZS,Research and development expenditure (% of GDP),2020,0.629398082132028,,2
TSA,South Asia (IDA & IBRD),GB.XPD.RSDV.GD.ZS,Research and development expenditure (% of GDP),2019,0.65942,,2
TSA,South Asia (IDA & IBRD),GB.XPD.RSDV.GD.ZS,Research and development expenditure (% of GDP),2018,0.641760020059033,,2
TSA,South Asia (IDA & IBRD),GB.XPD.RSDV.GD.ZS,Research and development expenditure (% of GDP),2017,0.64720145189609,,2
TSA,South Asia (IDA & IBRD),GB.XPD.RSDV.GD.ZS,Research and development expenditure (% of GDP),2016,0.6495461545429,,2
TSA,South Asia (IDA & IBRD),GB.XPD.RSDV.GD.ZS,Research and development expenditure (% of GDP),2015,0.670154902727138,,2
TSA,South Asia (IDA & IBRD),GB.XPD.RSDV.GD.ZS,Research and development expenditure (% of GDP),2014,0.678034880905608,,2
TSA,South Asia (IDA & IBRD),GB.XPD.RSDV.GD.ZS,Research and development expenditure (% of GDP),2013,0.682172287961583,,2
TSA,South Asia (IDA & IBRD),GB.XPD.RSDV.GD.ZS,Research and development expenditure (% of GDP),2012,0.74399,,2
TSA,South Asia (IDA & IBRD),GB.XPD.RSDV.GD.ZS,Research and development expenditure (% of GDP),2011,0.75502,,2
TSA,South Asia (IDA & IBRD),GB.XPD.RSDV.GD.ZS,Research and development expenditure (% of GDP),2010,0.762064198284848,,2
TSA,South Asia (IDA & IBRD),GB.XPD.RSDV.GD.ZS,Research and development expenditure (% of GDP),2009,0.827694335291312,,2
TSA,South Asia (IDA & IBRD),GB.XPD.RSDV.GD.ZS,Research and development expenditure (% of GDP),2008,0.826499370275792,,2
TSA,South Asia (IDA & IBRD),GB.XPD.RSDV.GD.ZS,Research and development expenditure (% of GDP),2007,0.80507,,2
TSA,South Asia (IDA & IBRD),GB.XPD.RSDV.GD.ZS,Research and development expenditure (% of GDP),2006,0.78632736913797,,2
TSA,South Asia (IDA & IBRD),GB.XPD.RSDV.GD.ZS,Research and development expenditure (% of GDP),2005,0.82411,,2
TSA,South Asia (IDA & IBRD),GB.XPD.RSDV.GD.ZS,Research and development expenditure (% of GDP),2004,0.740626265197392,,2
TSA,South Asia (IDA & IBRD),GB.XPD.RSDV.GD.ZS,Research and development expenditure (% of GDP),2003,0.71929,,2
TSA,South Asia (IDA & IBRD),GB.XPD.RSDV.GD.ZS,Research and development expenditure (% of GDP),2002,0.72567,,2
TSA,South Asia (IDA & IBRD),GB.XPD.RSDV.GD.ZS,Research and development expenditure (% of GDP),2001,0.73591,,2
TSA,South Asia (IDA & IBRD),GB.XPD.RSDV.GD.ZS,Research and development expenditure (% of GDP),2000,0.736011405769646,,2
TSA,South Asia (IDA & IBRD),GB.XPD.RSDV.GD.ZS,Research and development expenditure (% of GDP),1999,0.72413,,2
TSA,South Asia (IDA & IBRD),GB.XPD.RSDV.GD.ZS,Research and development expenditure (% of GDP),1998,0.70379,,2
TSA,South Asia (IDA & IBRD),GB.XPD.RSDV.GD.ZS,Research and development expenditure (% of GDP),1997,0.68669,,2
TSA,South Asia (IDA & IBRD),GB.XPD.RSDV.GD.ZS,Research and development expenditure (% of GDP),1996,0.623488631237301,,2
SSF,Sub-Saharan Africa,GB.XPD.RSDV.GD.ZS,Research and development expenditure (% of GDP),2007,0.443032271731838,,2
SSA,Sub-Saharan Africa (excluding high income),GB.XPD.RSDV.GD.ZS,Research and development expenditure (% of GDP),2007,0.450089934810528,,2
TSS,Sub-Saharan Africa (IDA & IBRD countries),GB.XPD.RSDV.GD.ZS,Research and development expenditure (% of GDP),2007,0.443032271731838,,2
,Upper middle income,GB.XPD.RSDV.GD.ZS,Research and development expenditure (% of GDP),2022,2.13573124575509,,2
,Upper middle income,GB.XPD.RSDV.GD.ZS,Research and development expenditure (% of GDP),2021,2.02190207629105,,2
,Upper middle income,GB.XPD.RSDV.GD.ZS,Research and development expenditure (% of GDP),2020,1.83356603715537,,2
,Upper middle income,GB.XPD.RSDV.GD.ZS,Research and development expenditure (% of GDP),2019,1.66708493929361,,2
,Upper middle income,GB.XPD.RSDV.GD.ZS,Research and development expenditure (% of GDP),2018,1.59460473666759,,2
,Upper middle income,GB.XPD.RSDV.GD.ZS,Research and development expenditure (% of GDP),2017,1.5178728358452,,2
,Upper middle income,GB.XPD.RSDV.GD.ZS,Research and development expenditure (% of GDP),2016,1.55026429251548,,2
,Upper middle income,GB.XPD.RSDV.GD.ZS,Research and development expenditure (% of GDP),2015,1.54748340196395,,2
,Upper middle income,GB.XPD.RSDV.GD.ZS,Research and development expenditure (% of GDP),2014,1.47291230333826,,2
,Upper middle income,GB.XPD.RSDV.GD.ZS,Research and development expenditure (% of GDP),2013,1.33612672276209,,2
,Upper middle income,GB.XPD.RSDV.GD.ZS,Research and development expenditure (% of GDP),2012,1.32988658499314,,2
,Upper middle income,GB.XPD.RSDV.GD.ZS,Research and development expenditure (% of GDP),2011,1.24170182375638,,2
,Upper middle income,GB.XPD.RSDV.GD.ZS,Research and development expenditure (% of GDP),2010,1.20210655038883,,2
,Upper middle income,GB.XPD.RSDV.GD.ZS,Research and development expenditure (% of GDP),2009,1.10094752175673,,2
,Upper middle income,GB.XPD.RSDV.GD.ZS,Research and development expenditure (% of GDP),2008,0.996671179692979,,2
,Upper middle income,GB.XPD.RSDV.GD.ZS,Research and development expenditure (% of GDP),2007,0.946915132282692,,2
,Upper middle income,GB.XPD.RSDV.GD.ZS,Research and development expenditure (% of GDP),2006,0.888647965417875,,2
,Upper middle income,GB.XPD.RSDV.GD.ZS,Research and development expenditure (% of GDP),2005,0.856554264708999,,2
,Upper middle income,GB.XPD.RSDV.GD.ZS,Research and development expenditure (% of GDP),2004,0.791335566424341,,2
,Upper middle income,GB.XPD.RSDV.GD.ZS,Research and development expenditure (% of GDP),2003,0.757730968641074,,2
,Upper middle income,GB.XPD.RSDV.GD.ZS,Research and development expenditure (% of GDP),2002,0.718971313662552,,2
,Upper middle income,GB.XPD.RSDV.GD.ZS,Research and development expenditure (% of GDP),2001,0.640780254060891,,2
,Upper middle income,GB.XPD.RSDV.GD.ZS,Research and development expenditure (% of GDP),2000,0.63137398743174,,2
WLD,World,GB.XPD.RSDV.GD.ZS,Research and development expenditure (% of GDP),2022,2.66992090554305,,2
WLD,World,GB.XPD.RSDV.GD.ZS,Research and development expenditure (% of GDP),2021,2.57547686486562,,2
WLD,World,GB.XPD.RSDV.GD.ZS,Research and development expenditure (% of GDP),2020,2.48028077886182,,2
WLD,World,GB.XPD.RSDV.GD.ZS,Research and development expenditure (% of GDP),2019,2.28960219224766,,2
WLD,World,GB.XPD.RSDV.GD.ZS,Research and development expenditure (% of GDP),2018,2.23194831470307,,2
WLD,World,GB.XPD.RSDV.GD.ZS,Research and development expenditure (% of GDP),2017,2.15516977876145,,2
WLD,World,GB.XPD.RSDV.GD.ZS,Research and development expenditure (% of GDP),2016,2.16123017249319,,2
WLD,World,GB.XPD.RSDV.GD.ZS,Research and development expenditure (% of GDP),2015,2.11559432042629,,2
WLD,World,GB.XPD.RSDV.GD.ZS,Research and development expenditure (% of GDP),2014,2.09849601973623,,2
WLD,World,GB.XPD.RSDV.GD.ZS,Research and development expenditure (% of GDP),2013,1.98594072759805,,2
WLD,World,GB.XPD.RSDV.GD.ZS,Research and development expenditure (% of GDP),2012,2.02271064409026,,2
WLD,World,GB.XPD.RSDV.GD.ZS,Research and development expenditure (% of GDP),2011,1.99091406442824,,2
WLD,World,GB.XPD.RSDV.GD.ZS,Research and development expenditure (% of GDP),2010,2.00724083904798,,2
WLD,World,GB.XPD.RSDV.GD.ZS,Research and development expenditure (% of GDP),2009,2.02146637701024,,2
WLD,World,GB.XPD.RSDV.GD.ZS,Research and development expenditure (% of GDP),2008,1.98340608620403,,2
WLD,World,GB.XPD.RSDV.GD.ZS,Research and development expenditure (% of GDP),2007,1.93014288092447,,2
WLD,World,GB.XPD.RSDV.GD.ZS,Research and development expenditure (% of GDP),2006,1.96409597873534,,2
WLD,World,GB.XPD.RSDV.GD.ZS,Research and development expenditure (% of GDP),2005,1.9513361774484,,2
WLD,World,GB.XPD.RSDV.GD.ZS,Research and development expenditure (% of GDP),2004,1.97011583252716,,2
WLD,World,GB.XPD.RSDV.GD.ZS,Research and development expenditure (% of GDP),2003,2.01809123813107,,2
WLD,World,GB.XPD.RSDV.GD.ZS,Research and development expenditure (% of GDP),2002,2.02765395255512,,2
WLD,World,GB.XPD.RSDV.GD.ZS,Research and development expenditure (% of GDP),2001,2.06313125402841,,2
WLD,World,GB.XPD.RSDV.GD.ZS,Research and development expenditure (% of GDP),2000,2.04573676067332,,2
WLD,World,GB.XPD.RSDV.GD.ZS,Research and development expenditure (% of GDP),1999,2.04725488125734,,2
WLD,World,GB.XPD.RSDV.GD.ZS,Research and development expenditure (% of GDP),1998,1.97150751589694,,2
WLD,World,GB.XPD.RSDV.GD.ZS,Research and development expenditure (% of GDP),1997,1.9621758775299,,2
WLD,World,GB.XPD.RSDV.GD.ZS,Research and development expenditure (% of GDP),1996,1.96428778916581,,2
ALB,Albania,GB.XPD.RSDV.GD.ZS,Research and development expenditure (% of GDP),2008,0.15412,,2
ALB,Albania,GB.XPD.RSDV.GD.ZS,Research and development expenditure (% of GDP),2007,0.08757,,2
DZA,Algeria,GB.XPD.RSDV.GD.ZS,Research and development expenditure (% of GDP),2017,0.47865,,2
DZA,Algeria,GB.XPD.RSDV.GD.ZS,Research and development expenditure (% of GDP),2005,0.06367,,2
DZA,Algeria,GB.XPD.RSDV.GD.ZS,Research and development expenditure (% of GDP),2004,0.15186,,2
DZA,Algeria,GB.XPD.RSDV.GD.ZS,Research and development expenditure (% of GDP),2003,0.18122,,2
DZA,Algeria,GB.XPD.RSDV.GD.ZS,Research and development expenditure (% of GDP),2002,0.33807,,2
DZA,Algeria,GB.XPD.RSDV.GD.ZS,Research and development expenditure (% of GDP),2001,0.21219,,2
ASM,American Samoa,GB.XPD.RSDV.GD.ZS,Research and development expenditure (% of GDP),2006,0.39552,,2
ASM,American Samoa,GB.XPD.RSDV.GD.ZS,Research and development expenditure (% of GDP),2005,0.36692,,2
ASM,American Samoa,GB.XPD.RSDV.GD.ZS,Research and development expenditure (% of GDP),2004,0.32528,,2
ASM,American Samoa,GB.XPD.RSDV.GD.ZS,Research and development expenditure (% of GDP),2003,0.18787,,2
AGO,Angola,GB.XPD.RSDV.GD.ZS,Research and development expenditure (% of GDP),2016,0.03229,,2
ARG,Argentina,GB.XPD.RSDV.GD.ZS,Research and development expenditure (% of GDP),2022,0.54947,,2
ARG,Argentina,GB.XPD.RSDV.GD.ZS,Research and development expenditure (% of GDP),2021,0.52216,,2
ARG,Argentina,GB.XPD.RSDV.GD.ZS,Research and development expenditure (% of GDP),2020,0.54126,,2
ARG,Argentina,GB.XPD.RSDV.GD.ZS,Research and development expenditure (% of GDP),2019,0.47813,,2
ARG,Argentina,GB.XPD.RSDV.GD.ZS,Research and development expenditure (% of GDP),2018,0.4883,,2
ARG,Argentina,GB.XPD.RSDV.GD.ZS,Research and development expenditure (% of GDP),2017,0.55631,,2
ARG,Argentina,GB.XPD.RSDV.GD.ZS,Research and development expenditure (% of GDP),2016,0.55815,,2
ARG,Argentina,GB.XPD.RSDV.GD.ZS,Research and development expenditure (% of GDP),2015,0.62262,,2
ARG,Argentina,GB.XPD.RSDV.GD.ZS,Research and development expenditure (% of GDP),2014,0.59396,,2
ARG,Argentina,GB.XPD.RSDV.GD.ZS,Research and development expenditure (% of GDP),2013,0.61849,,2
ARG,Argentina,GB.XPD.RSDV.GD.ZS,Research and development expenditure (% of GDP),2012,0.63491,,2
ARG,Argentina,GB.XPD.RSDV.GD.ZS,Research and development expenditure (% of GDP),2011,0.56597,,2
ARG,Argentina,GB.XPD.RSDV.GD.ZS,Research and development expenditure (% of GDP),2010,0.56104,,2
ARG,Argentina,GB.XPD.RSDV.GD.ZS,Research and development expenditure (% of GDP),2009,0.58398,,2
ARG,Argentina,GB.XPD.RSDV.GD.ZS,Research and development expenditure (% of GDP),2008,0.47055,,2
ARG,Argentina,GB.XPD.RSDV.GD.ZS,Research and development expenditure (% of GDP),2007,0.46007,,2
ARG,Argentina,GB.XPD.RSDV.GD.ZS,Research and development expenditure (% of GDP),2006,0.45216,,2
ARG,Argentina,GB.XPD.RSDV.GD.ZS,Research and development expenditure (% of GDP),2005,0.42074,,2
ARG,Argentina,GB.XPD.RSDV.GD.ZS,Research and development expenditure (% of GDP),2004,0.40376,,2
ARG,Argentina,GB.XPD.RSDV.GD.ZS,Research and development expenditure (% of GDP),2003,0.41013,,2
ARG,Argentina,GB.XPD.RSDV.GD.ZS,Research and development expenditure (% of GDP),2002,0.38886,,2
ARG,Argentina,GB.XPD.RSDV.GD.ZS,Research and development expenditure (% of GDP),2001,0.42461,,2
ARG,Argentina,GB.XPD.RSDV.GD.ZS,Research and development expenditure (% of GDP),2000,0.43884,,2
ARG,Argentina,GB.XPD.RSDV.GD.ZS,Research and development expenditure (% of GDP),1999,0.45337,,2
ARG,Argentina,GB.XPD.RSDV.GD.ZS,Research and development expenditure (% of GDP),1998,0.41131,,2
ARG,Argentina,GB.XPD.RSDV.GD.ZS,Research and development expenditure (% of GDP),1997,0.41959,,2
ARG,Argentina,GB.XPD.RSDV.GD.ZS,Research and development expenditure (% of GDP),1996,0.41749,,2
ARM,Armenia,GB.XPD.RSDV.GD.ZS,Research and development expenditure (% of GDP),2023,0.18115,,2
ARM,Armenia,GB.XPD.RSDV.GD.ZS,Research and development expenditure (% of GDP),2022,0.20955,,2
ARM,Armenia,GB.XPD.RSDV.GD.ZS,Research and development expenditure (% of GDP),2021,0.20557,,2
ARM,Armenia,GB.XPD.RSDV.GD.ZS,Research and development expenditure (% of GDP),2020,0.2092,,2
ARM,Armenia,GB.XPD.RSDV.GD.ZS,Research and development expenditure (% of GDP),2019,0.17854,,2
ARM,Armenia,GB.XPD.RSDV.GD.ZS,Research and development expenditure (% of GDP),2018,0.18876,,2
ARM,Armenia,GB.XPD.RSDV.GD.ZS,Research and development expenditure (% of GDP),2017,0.22788,,2
ARM,Armenia,GB.XPD.RSDV.GD.ZS,Research and development expenditure (% of GDP),2016,0.23305,,2
ARM,Armenia,GB.XPD.RSDV.GD.ZS,Research and development expenditure (% of GDP),2015,0.25002,,2
ARM,Armenia,GB.XPD.RSDV.GD.ZS,Research and development expenditure (% of GDP),2014,0.24151,,2
ARM,Armenia,GB.XPD.RSDV.GD.ZS,Research and development expenditure (% of GDP),2013,0.22216,,2
ARM,Armenia,GB.XPD.RSDV.GD.ZS,Research and development expenditure (% of GDP),2012,0.23853,,2
ARM,Armenia,GB.XPD.RSDV.GD.ZS,Research and development expenditure (% of GDP),2011,0.27014,,2
ARM,Armenia,GB.XPD.RSDV.GD.ZS,Research and development expenditure (% of GDP),2010,0.24139,,2
ARM,Armenia,GB.XPD.RSDV.GD.ZS,Research and development expenditure (% of GDP),2009,0.29093,,2
ARM,Armenia,GB.XPD.RSDV.GD.ZS,Research and development expenditure (% of GDP),2008,0.22438,,2
ARM,Armenia,GB.XPD.RSDV.GD.ZS,Research and development expenditure (% of GDP),2007,0.21107,,2
ARM,Armenia,GB.XPD.RSDV.GD.ZS,Research and development expenditure (% of GDP),2006,0.24057,,2
ARM,Armenia,GB.XPD.RSDV.GD.ZS,Research and development expenditure (% of GDP),2005,0.25761,,2
ARM,Armenia,GB.XPD.RSDV.GD.ZS,Research and development expenditure (% of GDP),2004,0.25659,,2
ARM,Armenia,GB.XPD.RSDV.GD.ZS,Research and development expenditure (% of GDP),2003,0.32109,,2
ARM,Armenia,GB.XPD.RSDV.GD.ZS,Research and development expenditure (% of GDP),2002,0.25255,,2
ARM,Armenia,GB.XPD.RSDV.GD.ZS,Research and development expenditure (% of GDP),2001,0.27987,,2
ARM,Armenia,GB.XPD.RSDV.GD.ZS,Research and development expenditure (% of GDP),2000,0.19106,,2
ARM,Armenia,GB.XPD.RSDV.GD.ZS,Research and development expenditure (% of GDP),1999,0.214,,2
ARM,Armenia,GB.XPD.RSDV.GD.ZS,Research and development expenditure (% of GDP),1998,0.22601,,2
ARM,Armenia,GB.XPD.RSDV.GD.ZS,Research and development expenditure (% of GDP),1997,0.18692,,2
AUS,Australia,GB.XPD.RSDV.GD.ZS,Research and development expenditure (% of GDP),2021,1.85509,,2
AUS,Australia,GB.XPD.RSDV.GD.ZS,Research and development expenditure (% of GDP),2019,1.8257,,2
AUS,Australia,GB.XPD.RSDV.GD.ZS,Research and development expenditure (% of GDP),2017,1.87919,,2
AUS,Australia,GB.XPD.RSDV.GD.ZS,Research and development expenditure (% of GDP),2015,1.91902,,2
AUS,Australia,GB.XPD.RSDV.GD.ZS,Research and development expenditure (% of GDP),2013,2.17709,,2
AUS,Australia,GB.XPD.RSDV.GD.ZS,Research and development expenditure (% of GDP),2011,2.23445,,2
AUS,Australia,GB.XPD.RSDV.GD.ZS,Research and development expenditure (% of GDP),2010,2.37009,,2
AUS,Australia,GB.XPD.RSDV.GD.ZS,Research and development expenditure (% of GDP),2008,2.39898,,2
AUS,Australia,GB.XPD.RSDV.GD.ZS,Research and development expenditure (% of GDP),2006,2.17862,,2
AUS,Australia,GB.XPD.RSDV.GD.ZS,Research and development expenditure (% of GDP),2004,1.84802,,2
AUS,Australia,GB.XPD.RSDV.GD.ZS,Research and development expenditure (% of GDP),2002,1.74654,,2
AUS,Australia,GB.XPD.RSDV.GD.ZS,Research and development expenditure (% of GDP),2000,1.57198,,2
AUS,Australia,GB.XPD.RSDV.GD.ZS,Research and development expenditure (% of GDP),1998,1.51351,,2
AUS,Australia,GB.XPD.RSDV.GD.ZS,Research and development expenditure (% of GDP),1996,1.66218,,2
AUT,Austria,GB.XPD.RSDV.GD.ZS,Research and development expenditure (% of GDP),2022,3.20048,,2
AUT,Austria,GB.XPD.RSDV.GD.ZS,Research and development expenditure (% of GDP),2021,3.26361,,2
AUT,Austria,GB.XPD.RSDV.GD.ZS,Research and development expenditure (% of GDP),2020,3.20278,,2
AUT,Austria,GB.XPD.RSDV.GD.ZS,Research and development expenditure (% of GDP),2019,3.13265,,2
AUT,Austria,GB.XPD.RSDV.GD.ZS,Research and development expenditure (% of GDP),2018,3.09182,,2
AUT,Austria,GB.XPD.RSDV.GD.ZS,Research and development expenditure (% of GDP),2017,3.05656,,2
AUT,Austria,GB.XPD.RSDV.GD.ZS,Research and development expenditure (% of GDP),2016,3.11655,,2
AUT,Austria,GB.XPD.RSDV.GD.ZS,Research and development expenditure (% of GDP),2015,3.04969,,2
AUT,Austria,GB.XPD.RSDV.GD.ZS,Research and development expenditure (% of GDP),2014,3.08429,,2
AUT,Austria,GB.XPD.RSDV.GD.ZS,Research and development expenditure (% of GDP),2013,2.95492,,2
AUT,Austria,GB.XPD.RSDV.GD.ZS,Research and development expenditure (% of GDP),2012,2.91472,,2
AUT,Austria,GB.XPD.RSDV.GD.ZS,Research and development expenditure (% of GDP),2011,2.66868,,2
AUT,Austria,GB.XPD.RSDV.GD.ZS,Research and development expenditure (% of GDP),2010,2.7261,,2
AUT,Austria,GB.XPD.RSDV.GD.ZS,Research and development expenditure (% of GDP),2009,2.59674,,2
AUT,Austria,GB.XPD.RSDV.GD.ZS,Research and development expenditure (% of GDP),2008,2.56945,,2
AUT,Austria,GB.XPD.RSDV.GD.ZS,Research and development expenditure (% of GDP),2007,2.41843,,2
AUT,Austria,GB.XPD.RSDV.GD.ZS,Research and development expenditure (% of GDP),2006,2.35923,,2
AUT,Austria,GB.XPD.RSDV.GD.ZS,Research and development expenditure (% of GDP),2005,2.37324,,2
AUT,Austria,GB.XPD.RSDV.GD.ZS,Research and development expenditure (% of GDP),2004,2.16612,,2
AUT,Austria,GB.XPD.RSDV.GD.ZS,Research and development expenditure (% of GDP),2003,2.17456,,2
AUT,Austria,GB.XPD.RSDV.GD.ZS,Research and development expenditure (% of GDP),2002,2.06598,,2
AUT,Austria,GB.XPD.RSDV.GD.ZS,Research and development expenditure (% of GDP),2001,1.9921,,2
AUT,Austria,GB.XPD.RSDV.GD.ZS,Research and development expenditure (% of GDP),2000,1.88602,,2
AUT,Austria,GB.XPD.RSDV.GD.ZS,Research and development expenditure (% of GDP),1999,1.84537,,2
AUT,Austria,GB.XPD.RSDV.GD.ZS,Research and development expenditure (% of GDP),1998,1.73155,,2
AUT,Austria,GB.XPD.RSDV.GD.ZS,Research and development expenditure (% of GDP),1997,1.65491,,2
AUT,Austria,GB.XPD.RSDV.GD.ZS,Research and development expenditure (% of GDP),1996,1.58077,,2
AZE,Azerbaijan,GB.XPD.RSDV.GD.ZS,Research and development expenditure (% of GDP),2023,0.18178,,2
AZE,Azerbaijan,GB.XPD.RSDV.GD.ZS,Research and development expenditure (% of GDP),2022,0.1513,,2
AZE,Azerbaijan,GB.XPD.RSDV.GD.ZS,Research and development expenditure (% of GDP),2021,0.20836,,2
AZE,Azerbaijan,GB.XPD.RSDV.GD.ZS,Research and development expenditure (% of GDP),2020,0.2239,,2
AZE,Azerbaijan,GB.XPD.RSDV.GD.ZS,Research and development expenditure (% of GDP),2019,0.20013,,2
AZE,Azerbaijan,GB.XPD.RSDV.GD.ZS,Research and development expenditure (% of GDP),2018,0.18416,,2
AZE,Azerbaijan,GB.XPD.RSDV.GD.ZS,Research and development expenditure (% of GDP),2017,0.18468,,2
AZE,Azerbaijan,GB.XPD.RSDV.GD.ZS,Research and development expenditure (% of GDP),2016,0.20637,,2
AZE,Azerbaijan,GB.XPD.RSDV.GD.ZS,Research and development expenditure (% of GDP),2015,0.22232,,2
AZE,Azerbaijan,GB.XPD.RSDV.GD.ZS,Research and development expenditure (% of GDP),2014,0.20978,,2
AZE,Azerbaijan,GB.XPD.RSDV.GD.ZS,Research and development expenditure (% of GDP),2013,0.20969,,2
AZE,Azerbaijan,GB.XPD.RSDV.GD.ZS,Research and development expenditure (% of GDP),2012,0.21427,,2
AZE,Azerbaijan,GB.XPD.RSDV.GD.ZS,Research and development expenditure (% of GDP),2011,0.21084,,2
AZE,Azerbaijan,GB.XPD.RSDV.GD.ZS,Research and development expenditure (% of GDP),2010,0.21848,,2
AZE,Azerbaijan,GB.XPD.RSDV.GD.ZS,Research and development expenditure (% of GDP),2009,0.24976,,2
AZE,Azerbaijan,GB.XPD.RSDV.GD.ZS,Research and development expenditure (% of GDP),2008,0.16554,,2
AZE,Azerbaijan,GB.XPD.RSDV.GD.ZS,Research and development expenditure (% of GDP),2007,0.17006,,2
AZE,Azerbaijan,GB.XPD.RSDV.GD.ZS,Research and development expenditure (% of GDP),2006,0.17165,,2
AZE,Azerbaijan,GB.XPD.RSDV.GD.ZS,Research and development expenditure (% of GDP),2005,0.21994,,2
AZE,Azerbaijan,GB.XPD.RSDV.GD.ZS,Research and development expenditure (% of GDP),2004,0.29831,,2
AZE,Azerbaijan,GB.XPD.RSDV.GD.ZS,Research and development expenditure (% of GDP),2003,0.32496,,2
AZE,Azerbaijan,GB.XPD.RSDV.GD.ZS,Research and development expenditure (% of GDP),2002,0.30155,,2
AZE,Azerbaijan,GB.XPD.RSDV.GD.ZS,Research and development expenditure (% of GDP),2001,0.34001,,2
AZE,Azerbaijan,GB.XPD.RSDV.GD.ZS,Research and development expenditure (% of GDP),2000,0.336,,2
AZE,Azerbaijan,GB.XPD.RSDV.GD.ZS,Research and development expenditure (% of GDP),1999,0.39289,,2
AZE,Azerbaijan,GB.XPD.RSDV.GD.ZS,Research and development expenditure (% of GDP),1998,0.42125,,2
AZE,Azerbaijan,GB.XPD.RSDV.GD.ZS,Research and development expenditure (% of GDP),1997,0.3695,,2
AZE,Azerbaijan,GB.XPD.RSDV.GD.ZS,Research and development expenditure (% of GDP),1996,0.23533,,2
BHR,Bahrain,GB.XPD.RSDV.GD.ZS,Research and development expenditure (% of GDP),2014,0.10116,,2
BLR,Belarus,GB.XPD.RSDV.GD.ZS,Research and development expenditure (% of GDP),2023,0.57843,,2
BLR,Belarus,GB.XPD.RSDV.GD.ZS,Research and development expenditure (% of GDP),2022,0.47477,,2
BLR,Belarus,GB.XPD.RSDV.GD.ZS,Research and development expenditure (% of GDP),2021,0.45981,,2
BLR,Belarus,GB.XPD.RSDV.GD.ZS,Research and development expenditure (% of GDP),2020,0.53901,,2
BLR,Belarus,GB.XPD.RSDV.GD.ZS,Research and development expenditure (% of GDP),2019,0.57733,,2
BLR,Belarus,GB.XPD.RSDV.GD.ZS,Research and development expenditure (% of GDP),2018,0.60443,,2
BLR,Belarus,GB.XPD.RSDV.GD.ZS,Research and development expenditure (% of GDP),2017,0.58411,,2
BLR,Belarus,GB.XPD.RSDV.GD.ZS,Research and development expenditure (% of GDP),2016,0.50063,,2
BLR,Belarus,GB.XPD.RSDV.GD.ZS,Research and development expenditure (% of GDP),2015,0.49999,,2
BLR,Belarus,GB.XPD.RSDV.GD.ZS,Research and development expenditure (% of GDP),2014,0.50548,,2
BLR,Belarus,GB.XPD.RSDV.GD.ZS,Research and development expenditure (% of GDP),2013,0.65191,,2
BLR,Belarus,GB.XPD.RSDV.GD.ZS,Research and development expenditure (% of GDP),2012,0.64603,,2
BLR,Belarus,GB.XPD.RSDV.GD.ZS,Research and development expenditure (% of GDP),2011,0.6776,,2
BLR,Belarus,GB.XPD.RSDV.GD.ZS,Research and development expenditure (% of GDP),2010,0.66913,,2
BLR,Belarus,GB.XPD.RSDV.GD.ZS,Research and development expenditure (% of GDP),2009,0.62167,,2
BLR,Belarus,GB.XPD.RSDV.GD.ZS,Research and development expenditure (% of GDP),2008,0.74147,,2
BLR,Belarus,GB.XPD.RSDV.GD.ZS,Research and development expenditure (% of GDP),2007,0.96203,,2
BLR,Belarus,GB.XPD.RSDV.GD.ZS,Research and development expenditure (% of GDP),2006,0.66065,,2
BLR,Belarus,GB.XPD.RSDV.GD.ZS,Research and development expenditure (% of GDP),2005,0.67852,,2
BLR,Belarus,GB.XPD.RSDV.GD.ZS,Research and development expenditure (% of GDP),2004,0.62759,,2
BLR,Belarus,GB.XPD.RSDV.GD.ZS,Research and development expenditure (% of GDP),2003,0.61147,,2
BLR,Belarus,GB.XPD.RSDV.GD.ZS,Research and development expenditure (% of GDP),2002,0.6209,,2
BLR,Belarus,GB.XPD.RSDV.GD.ZS,Research and development expenditure (% of GDP),2001,0.70876,,2
BLR,Belarus,GB.XPD.RSDV.GD.ZS,Research and development expenditure (% of GDP),2000,0.7221,,2
BLR,Belarus,GB.XPD.RSDV.GD.ZS,Research and development expenditure (% of GDP),1999,0.84523,,2
BLR,Belarus,GB.XPD.RSDV.GD.ZS,Research and development expenditure (% of GDP),1998,0.70578,,2
BLR,Belarus,GB.XPD.RSDV.GD.ZS,Research and development expenditure (% of GDP),1997,0.73,,2
BLR,Belarus,GB.XPD.RSDV.GD.ZS,Research and development expenditure (% of GDP),1996,0.99852,,2
BEL,Belgium,GB.XPD.RSDV.GD.ZS,Research and development expenditure (% of GDP),2022,3.40544,,2
BEL,Belgium,GB.XPD.RSDV.GD.ZS,Research and development expenditure (% of GDP),2021,3.39239,,2
BEL,Belgium,GB.XPD.RSDV.GD.ZS,Research and development expenditure (% of GDP),2020,3.39175,,2
BEL,Belgium,GB.XPD.RSDV.GD.ZS,Research and development expenditure (% of GDP),2019,3.1566,,2
BEL,Belgium,GB.XPD.RSDV.GD.ZS,Research and development expenditure (% of GDP),2018,2.86018,,2
BEL,Belgium,GB.XPD.RSDV.GD.ZS,Research and development expenditure (% of GDP),2017,2.66666,,2
BEL,Belgium,GB.XPD.RSDV.GD.ZS,Research and development expenditure (% of GDP),2016,2.52338,,2
BEL,Belgium,GB.XPD.RSDV.GD.ZS,Research and development expenditure (% of GDP),2015,2.42817,,2
BEL,Belgium,GB.XPD.RSDV.GD.ZS,Research and development expenditure (% of GDP),2014,2.37002,,2
BEL,Belgium,GB.XPD.RSDV.GD.ZS,Research and development expenditure (% of GDP),2013,2.33073,,2
BEL,Belgium,GB.XPD.RSDV.GD.ZS,Research and development expenditure (% of GDP),2012,2.28114,,2
BEL,Belgium,GB.XPD.RSDV.GD.ZS,Research and development expenditure (% of GDP),2011,2.17332,,2
BEL,Belgium,GB.XPD.RSDV.GD.ZS,Research and development expenditure (% of GDP),2010,2.06188,,2
BEL,Belgium,GB.XPD.RSDV.GD.ZS,Research and development expenditure (% of GDP),2009,1.9986,,2
BEL,Belgium,GB.XPD.RSDV.GD.ZS,Research and development expenditure (% of GDP),2008,1.93684,,2
BEL,Belgium,GB.XPD.RSDV.GD.ZS,Research and development expenditure (% of GDP),2007,1.84999,,2
BEL,Belgium,GB.XPD.RSDV.GD.ZS,Research and development expenditure (% of GDP),2006,1.82269,,2
BEL,Belgium,GB.XPD.RSDV.GD.ZS,Research and development expenditure (% of GDP),2005,1.79061,,2
BEL,Belgium,GB.XPD.RSDV.GD.ZS,Research and development expenditure (% of GDP),2004,1.8205,,2
BEL,Belgium,GB.XPD.RSDV.GD.ZS,Research and development expenditure (% of GDP),2003,1.84119,,2
BEL,Belgium,GB.XPD.RSDV.GD.ZS,Research and development expenditure (% of GDP),2002,1.90325,,2
BEL,Belgium,GB.XPD.RSDV.GD.ZS,Research and development expenditure (% of GDP),2001,2.03279,,2
BEL,Belgium,GB.XPD.RSDV.GD.ZS,Research and development expenditure (% of GDP),2000,1.9362,,2
BEL,Belgium,GB.XPD.RSDV.GD.ZS,Research and development expenditure (% of GDP),1999,1.90565,,2
BEL,Belgium,GB.XPD.RSDV.GD.ZS,Research and development expenditure (% of GDP),1998,1.83825,,2
BEL,Belgium,GB.XPD.RSDV.GD.ZS,Research and development expenditure (% of GDP),1997,1.80971,,2
BEL,Belgium,GB.XPD.RSDV.GD.ZS,Research and development expenditure (% of GDP),1996,1.74299,,2
BMU,Bermuda,GB.XPD.RSDV.GD.ZS,Research and development expenditure (% of GDP),2020,0.22546,,2
BMU,Bermuda,GB.XPD.RSDV.GD.ZS,Research and development expenditure (% of GDP),2019,0.26451,,2
BMU,Bermuda,GB.XPD.RSDV.GD.ZS,Research and development expenditure (% of GDP),2018,0.22851,,2
BMU,Bermuda,GB.XPD.RSDV.GD.ZS,Research and development expenditure (% of GDP),2015,0.19507,,2
BMU,Bermuda,GB.XPD.RSDV.GD.ZS,Research and development expenditure (% of GDP),2014,0.19083,,2
BMU,Bermuda,GB.XPD.RSDV.GD.ZS,Research and development expenditure (% of GDP),2013,0.1963,,2
BMU,Bermuda,GB.XPD.RSDV.GD.ZS,Research and development expenditure (% of GDP),2012,0.23355,,2
BMU,Bermuda,GB.XPD.RSDV.GD.ZS,Research and development expenditure (% of GDP),2011,0.26195,,2
BMU,Bermuda,GB.XPD.RSDV.GD.ZS,Research and development expenditure (% of GDP),2010,0.1805,,2
BMU,Bermuda,GB.XPD.RSDV.GD.ZS,Research and development expenditure (% of GDP),2009,0.18235,,2
BMU,Bermuda,GB.XPD.RSDV.GD.ZS,Research and development expenditure (% of GDP),2008,0.16848,,2
BMU,Bermuda,GB.XPD.RSDV.GD.ZS,Research and development expenditure (% of GDP),2007,0.16026,,2
BMU,Bermuda,GB.XPD.RSDV.GD.ZS,Research and development expenditure (% of GDP),1997,0.05885,,2
BOL,Bolivia,GB.XPD.RSDV.GD.ZS,Research and development expenditure (% of GDP),2009,0.157,,2
BOL,Bolivia,GB.XPD.RSDV.GD.ZS,Research and development expenditure (% of GDP),2002,0.27663,,2
BOL,Bolivia,GB.XPD.RSDV.GD.ZS,Research and development expenditure (% of GDP),2001,0.29358,,2
BOL,Bolivia,GB.XPD.RSDV.GD.ZS,Research and development expenditure (% of GDP),2000,0.28744,,2
BOL,Bolivia,GB.XPD.RSDV.GD.ZS,Research and development expenditure (% of GDP),1999,0.29836,,2
BOL,Bolivia,GB.XPD.RSDV.GD.ZS,Research and development expenditure (% of GDP),1998,0.29495,,2
BOL,Bolivia,GB.XPD.RSDV.GD.ZS,Research and development expenditure (% of GDP),1997,0.31577,,2
BOL,Bolivia,GB.XPD.RSDV.GD.ZS,Research and development expenditure (% of GDP),1996,0.32544,,2
BIH,Bosnia and Herzegovina,GB.XPD.RSDV.GD.ZS,Research and development expenditure (% of GDP),2023,0.19228,,2
BIH,Bosnia and Herzegovina,GB.XPD.RSDV.GD.ZS,Research and development expenditure (% of GDP),2022,0.18743,,2
BIH,Bosnia and Herzegovina,GB.XPD.RSDV.GD.ZS,Research and development expenditure (% of GDP),2021,0.19035,,2
BIH,Bosnia and Herzegovina,GB.XPD.RSDV.GD.ZS,Research and development expenditure (% of GDP),2020,0.20325,,2
BIH,Bosnia and Herzegovina,GB.XPD.RSDV.GD.ZS,Research and development expenditure (% of GDP),2019,0.19001,,2
BIH,Bosnia and Herzegovina,GB.XPD.RSDV.GD.ZS,Research and development expenditure (% of GDP),2018,0.19199,,2
BIH,Bosnia and Herzegovina,GB.XPD.RSDV.GD.ZS,Research and development expenditure (% of GDP),2017,0.1978,,2
BIH,Bosnia and Herzegovina,GB.XPD.RSDV.GD.ZS,Research and development expenditure (% of GDP),2016,0.21337,,2
BIH,Bosnia and Herzegovina,GB.XPD.RSDV.GD.ZS,Research and development expenditure (% of GDP),2015,0.21603,,2
BIH,Bosnia and Herzegovina,GB.XPD.RSDV.GD.ZS,Research and development expenditure (% of GDP),2014,0.25725,,2
BIH,Bosnia and Herzegovina,GB.XPD.RSDV.GD.ZS,Research and development expenditure (% of GDP),2013,0.32132,,2
BIH,Bosnia and Herzegovina,GB.XPD.RSDV.GD.ZS,Research and development expenditure (% of GDP),2012,0.26533,,2
BIH,Bosnia and Herzegovina,GB.XPD.RSDV.GD.ZS,Research and development expenditure (% of GDP),2009,0.02106,,2
BIH,Bosnia and Herzegovina,GB.XPD.RSDV.GD.ZS,Research and development expenditure (% of GDP),2008,0.01842,,2
BIH,Bosnia and Herzegovina,GB.XPD.RSDV.GD.ZS,Research and development expenditure (% of GDP),2007,0.02521,,2
BIH,Bosnia and Herzegovina,GB.XPD.RSDV.GD.ZS,Research and development expenditure (% of GDP),2006,0.01969,,2
BIH,Bosnia and Herzegovina,GB.XPD.RSDV.GD.ZS,Research and development expenditure (% of GDP),2005,0.02697,,2
BIH,Bosnia and Herzegovina,GB.XPD.RSDV.GD.ZS,Research and development expenditure (% of GDP),2004,0.0159,,2
BIH,Bosnia and Herzegovina,GB.XPD.RSDV.GD.ZS,Research and development expenditure (% of GDP),2003,0.01826,,2
BWA,Botswana,GB.XPD.RSDV.GD.ZS,Research and development expenditure (% of GDP),2013,0.561,,2
BWA,Botswana,GB.XPD.RSDV.GD.ZS,Research and development expenditure (% of GDP),2012,0.26759,,2
BWA,Botswana,GB.XPD.RSDV.GD.ZS,Research and development expenditure (% of GDP),2005,0.53286,,2
BRA,Brazil,GB.XPD.RSDV.GD.ZS,Research and development expenditure (% of GDP),2020,1.14526,,2
BRA,Brazil,GB.XPD.RSDV.GD.ZS,Research and development expenditure (% of GDP),2019,1.21096,,2
BRA,Brazil,GB.XPD.RSDV.GD.ZS,Research and development expenditure (% of GDP),2018,1.16769,,2
BRA,Brazil,GB.XPD.RSDV.GD.ZS,Research and development expenditure (% of GDP),2017,1.1175,,2
BRA,Brazil,GB.XPD.RSDV.GD.ZS,Research and development expenditure (% of GDP),2016,1.28637,,2
BRA,Brazil,GB.XPD.RSDV.GD.ZS,Research and development expenditure (% of GDP),2015,1.37093,,2
BRA,Brazil,GB.XPD.RSDV.GD.ZS,Research and development expenditure (% of GDP),2014,1.26971,,2
BRA,Brazil,GB.XPD.RSDV.GD.ZS,Research and development expenditure (% of GDP),2013,1.19567,,2
BRA,Brazil,GB.XPD.RSDV.GD.ZS,Research and development expenditure (% of GDP),2012,1.12684,,2
BRA,Brazil,GB.XPD.RSDV.GD.ZS,Research and development expenditure (% of GDP),2011,1.13966,,2
BRA,Brazil,GB.XPD.RSDV.GD.ZS,Research and development expenditure (% of GDP),2010,1.15992,,2
BRA,Brazil,GB.XPD.RSDV.GD.ZS,Research and development expenditure (% of GDP),2009,1.11866,,2
BRA,Brazil,GB.XPD.RSDV.GD.ZS,Research and development expenditure (% of GDP),2008,1.12904,,2
BRA,Brazil,GB.XPD.RSDV.GD.ZS,Research and development expenditure (% of GDP),2007,1.08138,,2
BRA,Brazil,GB.XPD.RSDV.GD.ZS,Research and development expenditure (% of GDP),2006,0.98807,,2
BRA,Brazil,GB.XPD.RSDV.GD.ZS,Research and development expenditure (% of GDP),2005,1.00246,,2
BRA,Brazil,GB.XPD.RSDV.GD.ZS,Research and development expenditure (% of GDP),2004,0.96343,,2
BRA,Brazil,GB.XPD.RSDV.GD.ZS,Research and development expenditure (% of GDP),2003,0.99939,,2
BRA,Brazil,GB.XPD.RSDV.GD.ZS,Research and development expenditure (% of GDP),2002,1.00968,,2
BRA,Brazil,GB.XPD.RSDV.GD.ZS,Research and development expenditure (% of GDP),2001,1.06198,,2
BRA,Brazil,GB.XPD.RSDV.GD.ZS,Research and development expenditure (% of GDP),2000,1.04751,,2
BRN,Brunei Darussalam,GB.XPD.RSDV.GD.ZS,Research and development expenditure (% of GDP),2018,0.27764,,2
BRN,Brunei Darussalam,GB.XPD.RSDV.GD.ZS,Research and development expenditure (% of GDP),2004,0.03701,,2
BRN,Brunei Darussalam,GB.XPD.RSDV.GD.ZS,Research and development expenditure (% of GDP),2003,0.01842,,2
BRN,Brunei Darussalam,GB.XPD.RSDV.GD.ZS,Research and development expenditure (% of GDP),2002,0.01592,,2
BGR,Bulgaria,GB.XPD.RSDV.GD.ZS,Research and development expenditure (% of GDP),2022,0.75421,,2
BGR,Bulgaria,GB.XPD.RSDV.GD.ZS,Research and development expenditure (% of GDP),2021,0.77278,,2
BGR,Bulgaria,GB.XPD.RSDV.GD.ZS,Research and development expenditure (% of GDP),2020,0.84967,,2
BGR,Bulgaria,GB.XPD.RSDV.GD.ZS,Research and development expenditure (% of GDP),2019,0.83274,,2
BGR,Bulgaria,GB.XPD.RSDV.GD.ZS,Research and development expenditure (% of GDP),2018,0.75413,,2
BGR,Bulgaria,GB.XPD.RSDV.GD.ZS,Research and development expenditure (% of GDP),2017,0.74037,,2
BGR,Bulgaria,GB.XPD.RSDV.GD.ZS,Research and development expenditure (% of GDP),2016,0.77009,,2
BGR,Bulgaria,GB.XPD.RSDV.GD.ZS,Research and development expenditure (% of GDP),2015,0.94947,,2
BGR,Bulgaria,GB.XPD.RSDV.GD.ZS,Research and development expenditure (% of GDP),2014,0.79007,,2
BGR,Bulgaria,GB.XPD.RSDV.GD.ZS,Research and development expenditure (% of GDP),2013,0.63424,,2
BGR,Bulgaria,GB.XPD.RSDV.GD.ZS,Research and development expenditure (% of GDP),2012,0.60039,,2
BGR,Bulgaria,GB.XPD.RSDV.GD.ZS,Research and development expenditure (% of GDP),2011,0.5295,,2
BGR,Bulgaria,GB.XPD.RSDV.GD.ZS,Research and development expenditure (% of GDP),2010,0.56299,,2
BGR,Bulgaria,GB.XPD.RSDV.GD.ZS,Research and development expenditure (% of GDP),2009,0.49338,,2
BGR,Bulgaria,GB.XPD.RSDV.GD.ZS,Research and development expenditure (% of GDP),2008,0.44731,,2
BGR,Bulgaria,GB.XPD.RSDV.GD.ZS,Research and development expenditure (% of GDP),2007,0.43003,,2
BGR,Bulgaria,GB.XPD.RSDV.GD.ZS,Research and development expenditure (% of GDP),2006,0.44216,,2
BGR,Bulgaria,GB.XPD.RSDV.GD.ZS,Research and development expenditure (% of GDP),2005,0.44269,,2
BGR,Bulgaria,GB.XPD.RSDV.GD.ZS,Research and development expenditure (% of GDP),2004,0.47086,,2
BGR,Bulgaria,GB.XPD.RSDV.GD.ZS,Research and development expenditure (% of GDP),2003,0.47222,,2
BGR,Bulgaria,GB.XPD.RSDV.GD.ZS,Research and development expenditure (% of GDP),2002,0.46473,,2
BGR,Bulgaria,GB.XPD.RSDV.GD.ZS,Research and development expenditure (% of GDP),2001,0.44709,,2
BGR,Bulgaria,GB.XPD.RSDV.GD.ZS,Research and development expenditure (% of GDP),2000,0.49517,,2
BGR,Bulgaria,GB.XPD.RSDV.GD.ZS,Research and development expenditure (% of GDP),1999,0.53688,,2
BGR,Bulgaria,GB.XPD.RSDV.GD.ZS,Research and development expenditure (% of GDP),1998,0.48223,,2
BGR,Bulgaria,GB.XPD.RSDV.GD.ZS,Research and development expenditure (% of GDP),1997,0.46548,,2
BGR,Bulgaria,GB.XPD.RSDV.GD.ZS,Research and development expenditure (% of GDP),1996,0.41826,,2
BFA,Burkina Faso,GB.XPD.RSDV.GD.ZS,Research and development expenditure (% of GDP),2021,0.25126,,2
BFA,Burkina Faso,GB.XPD.RSDV.GD.ZS,Research and development expenditure (% of GDP),2020,0.25116,,2
BFA,Burkina Faso,GB.XPD.RSDV.GD.ZS,Research and development expenditure (% of GDP),2019,0.17435,,2
BFA,Burkina Faso,GB.XPD.RSDV.GD.ZS,Research and development expenditure (% of GDP),2017,0.61361,,2
BFA,Burkina Faso,GB.XPD.RSDV.GD.ZS,Research and development expenditure (% of GDP),2014,0.19719,,2
BFA,Burkina Faso,GB.XPD.RSDV.GD.ZS,Research and development expenditure (% of GDP),2009,0.17787,,2
BFA,Burkina Faso,GB.XPD.RSDV.GD.ZS,Research and development expenditure (% of GDP),2008,0.16568,,2
BFA,Burkina Faso,GB.XPD.RSDV.GD.ZS,Research and development expenditure (% of GDP),2007,0.09836,,2
BFA,Burkina Faso,GB.XPD.RSDV.GD.ZS,Research and development expenditure (% of GDP),2005,0.15166,,2
BFA,Burkina Faso,GB.XPD.RSDV.GD.ZS,Research and development expenditure (% of GDP),2004,0.21514,,2
BFA,Burkina Faso,GB.XPD.RSDV.GD.ZS,Research and development expenditure (% of GDP),2003,0.24112,,2
BFA,Burkina Faso,GB.XPD.RSDV.GD.ZS,Research and development expenditure (% of GDP),2002,0.30111,,2
BFA,Burkina Faso,GB.XPD.RSDV.GD.ZS,Research and development expenditure (% of GDP),2001,0.16816,,2
BFA,Burkina Faso,GB.XPD.RSDV.GD.ZS,Research and development expenditure (% of GDP),1997,0.18104,,2
BFA,Burkina Faso,GB.XPD.RSDV.GD.ZS,Research and development expenditure (% of GDP),1996,0.15834,,2
BDI,Burundi,GB.XPD.RSDV.GD.ZS,Research and development expenditure (% of GDP),2018,0.21312,,2
BDI,Burundi,GB.XPD.RSDV.GD.ZS,Research and development expenditure (% of GDP),2012,0.10702,,2
BDI,Burundi,GB.XPD.RSDV.GD.ZS,Research and development expenditure (% of GDP),2010,0.13719,,2
BDI,Burundi,GB.XPD.RSDV.GD.ZS,Research and development expenditure (% of GDP),2009,0.14096,,2
BDI,Burundi,GB.XPD.RSDV.GD.ZS,Research and development expenditure (% of GDP),2008,0.15417,,2
BDI,Burundi,GB.XPD.RSDV.GD.ZS,Research and development expenditure (% of GDP),2007,0.20068,,2
CPV,Cabo Verde,GB.XPD.RSDV.GD.ZS,Research and development expenditure (% of GDP),2011,0.06622,,2
KHM,Cambodia,GB.XPD.RSDV.GD.ZS,Research and development expenditure (% of GDP),2015,0.11823,,2
KHM,Cambodia,GB.XPD.RSDV.GD.ZS,Research and development expenditure (% of GDP),2002,0.0498,,2
CAN,Canada,GB.XPD.RSDV.GD.ZS,Research and development expenditure (% of GDP),2023,1.70133,,2
CAN,Canada,GB.XPD.RSDV.GD.ZS,Research and development expenditure (% of GDP),2022,1.71166,,2
CAN,Canada,GB.XPD.RSDV.GD.ZS,Research and development expenditure (% of GDP),2021,1.86431,,2
CAN,Canada,GB.XPD.RSDV.GD.ZS,Research and development expenditure (% of GDP),2020,1.93414,,2
CAN,Canada,GB.XPD.RSDV.GD.ZS,Research and development expenditure (% of GDP),2019,1.75578,,2
CAN,Canada,GB.XPD.RSDV.GD.ZS,Research and development expenditure (% of GDP),2018,1.7372,,2
CAN,Canada,GB.XPD.RSDV.GD.ZS,Research and development expenditure (% of GDP),2017,1.68702,,2
CAN,Canada,GB.XPD.RSDV.GD.ZS,Research and development expenditure (% of GDP),2016,1.72903,,2
CAN,Canada,GB.XPD.RSDV.GD.ZS,Research and development expenditure (% of GDP),2015,1.69359,,2
CAN,Canada,GB.XPD.RSDV.GD.ZS,Research and development expenditure (% of GDP),2014,1.71483,,2
CAN,Canada,GB.XPD.RSDV.GD.ZS,Research and development expenditure (% of GDP),2013,1.70624,,2
CAN,Canada,GB.XPD.RSDV.GD.ZS,Research and development expenditure (% of GDP),2012,1.77304,,2
CAN,Canada,GB.XPD.RSDV.GD.ZS,Research and development expenditure (% of GDP),2011,1.78714,,2
CAN,Canada,GB.XPD.RSDV.GD.ZS,Research and development expenditure (% of GDP),2010,1.82504,,2
CAN,Canada,GB.XPD.RSDV.GD.ZS,Research and development expenditure (% of GDP),2009,1.91742,,2
CAN,Canada,GB.XPD.RSDV.GD.ZS,Research and development expenditure (% of GDP),2008,1.85578,,2
CAN,Canada,GB.XPD.RSDV.GD.ZS,Research and development expenditure (% of GDP),2007,1.90358,,2
CAN,Canada,GB.XPD.RSDV.GD.ZS,Research and development expenditure (% of GDP),2006,1.94304,,2
CAN,Canada,GB.XPD.RSDV.GD.ZS,Research and development expenditure (% of GDP),2005,1.97127,,2
CAN,Canada,GB.XPD.RSDV.GD.ZS,Research and development expenditure (% of GDP),2004,1.99734,,2
CAN,Canada,GB.XPD.RSDV.GD.ZS,Research and development expenditure (% of GDP),2003,1.96781,,2
CAN,Canada,GB.XPD.RSDV.GD.ZS,Research and development expenditure (% of GDP),2002,1.97171,,2
CAN,Canada,GB.XPD.RSDV.GD.ZS,Research and development expenditure (% of GDP),2001,2.02117,,2
CAN,Canada,GB.XPD.RSDV.GD.ZS,Research and development expenditure (% of GDP),2000,1.85848,,2
CAN,Canada,GB.XPD.RSDV.GD.ZS,Research and development expenditure (% of GDP),1999,1.74985,,2
CAN,Canada,GB.XPD.RSDV.GD.ZS,Research and development expenditure (% of GDP),1998,1.71051,,2
CAN,Canada,GB.XPD.RSDV.GD.ZS,Research and development expenditure (% of GDP),1997,1.61386,,2
CAN,Canada,GB.XPD.RSDV.GD.ZS,Research and development expenditure (% of GDP),1996,1.60682,,2
TCD,Chad,GB.XPD.RSDV.GD.ZS,Research and development expenditure (% of GDP),2016,0.3005,,2
CHL,Chile,GB.XPD.RSDV.GD.ZS,Research and development expenditure (% of GDP),2021,0.36041,,2
CHL,Chile,GB.XPD.RSDV.GD.ZS,Research and development expenditure (% of GDP),2020,0.33525,,2
CHL,Chile,GB.XPD.RSDV.GD.ZS,Research and development expenditure (% of GDP),2019,0.34243,,2
CHL,Chile,GB.XPD.RSDV.GD.ZS,Research and development expenditure (% of GDP),2018,0.36916,,2
CHL,Chile,GB.XPD.RSDV.GD.ZS,Research and development expenditure (% of GDP),2017,0.35679,,2
CHL,Chile,GB.XPD.RSDV.GD.ZS,Research and development expenditure (% of GDP),2016,0.37103,,2
CHL,Chile,GB.XPD.RSDV.GD.ZS,Research and development expenditure (% of GDP),2015,0.38296,,2
CHL,Chile,GB.XPD.RSDV.GD.ZS,Research and development expenditure (% of GDP),2014,0.37668,,2
CHL,Chile,GB.XPD.RSDV.GD.ZS,Research and development expenditure (% of GDP),2013,0.3903,,2
CHL,Chile,GB.XPD.RSDV.GD.ZS,Research and development expenditure (% of GDP),2012,0.36213,,2
CHL,Chile,GB.XPD.RSDV.GD.ZS,Research and development expenditure (% of GDP),2011,0.35288,,2
CHL,Chile,GB.XPD.RSDV.GD.ZS,Research and development expenditure (% of GDP),2010,0.33165,,2
CHL,Chile,GB.XPD.RSDV.GD.ZS,Research and development expenditure (% of GDP),2009,0.35403,,2
CHL,Chile,GB.XPD.RSDV.GD.ZS,Research and development expenditure (% of GDP),2008,0.37492,,2
CHL,Chile,GB.XPD.RSDV.GD.ZS,Research and development expenditure (% of GDP),2007,0.31143,,2
CHN,China,GB.XPD.RSDV.GD.ZS,Research and development expenditure (% of GDP),2022,2.55518,,2
CHN,China,GB.XPD.RSDV.GD.ZS,Research and development expenditure (% of GDP),2021,2.4326,,2
CHN,China,GB.XPD.RSDV.GD.ZS,Research and development expenditure (% of GDP),2020,2.40666,,2
CHN,China,GB.XPD.RSDV.GD.ZS,Research and development expenditure (% of GDP),2019,2.24463,,2
CHN,China,GB.XPD.RSDV.GD.ZS,Research and development expenditure (% of GDP),2018,2.14058,,2
CHN,China,GB.XPD.RSDV.GD.ZS,Research and development expenditure (% of GDP),2017,2.11603,,2
CHN,China,GB.XPD.RSDV.GD.ZS,Research and development expenditure (% of GDP),2016,2.10033,,2
CHN,China,GB.XPD.RSDV.GD.ZS,Research and development expenditure (% of GDP),2015,2.05701,,2
CHN,China,GB.XPD.RSDV.GD.ZS,Research and development expenditure (% of GDP),2014,2.02243,,2
CHN,China,GB.XPD.RSDV.GD.ZS,Research and development expenditure (% of GDP),2013,1.99786,,2
CHN,China,GB.XPD.RSDV.GD.ZS,Research and development expenditure (% of GDP),2012,1.91214,,2
CHN,China,GB.XPD.RSDV.GD.ZS,Research and development expenditure (% of GDP),2011,1.78034,,2
CHN,China,GB.XPD.RSDV.GD.ZS,Research and development expenditure (% of GDP),2010,1.71372,,2
CHN,China,GB.XPD.RSDV.GD.ZS,Research and development expenditure (% of GDP),2009,1.6648,,2
CHN,China,GB.XPD.RSDV.GD.ZS,Research and development expenditure (% of GDP),2008,1.44592,,2
CHN,China,GB.XPD.RSDV.GD.ZS,Research and development expenditure (% of GDP),2007,1.37369,,2
CHN,China,GB.XPD.RSDV.GD.ZS,Research and development expenditure (% of GDP),2006,1.36854,,2
CHN,China,GB.XPD.RSDV.GD.ZS,Research and development expenditure (% of GDP),2005,1.30792,,2
CHN,China,GB.XPD.RSDV.GD.ZS,Research and development expenditure (% of GDP),2004,1.21498,,2
CHN,China,GB.XPD.RSDV.GD.ZS,Research and development expenditure (% of GDP),2003,1.12037,,2
CHN,China,GB.XPD.RSDV.GD.ZS,Research and development expenditure (% of GDP),2002,1.05786,,2
CHN,China,GB.XPD.RSDV.GD.ZS,Research and development expenditure (% of GDP),2001,0.94033,,2
CHN,China,GB.XPD.RSDV.GD.ZS,Research and development expenditure (% of GDP),2000,0.89316,,2
CHN,China,GB.XPD.RSDV.GD.ZS,Research and development expenditure (% of GDP),1999,0.74963,,2
CHN,China,GB.XPD.RSDV.GD.ZS,Research and development expenditure (% of GDP),1998,0.64689,,2
CHN,China,GB.XPD.RSDV.GD.ZS,Research and development expenditure (% of GDP),1997,0.63873,,2
CHN,China,GB.XPD.RSDV.GD.ZS,Research and development expenditure (% of GDP),1996,0.56324,,2
COL,Colombia,GB.XPD.RSDV.GD.ZS,Research and development expenditure (% of GDP),2020,0.2894,,2
COL,Colombia,GB.XPD.RSDV.GD.ZS,Research and development expenditure (% of GDP),2019,0.32201,,2
COL,Colombia,GB.XPD.RSDV.GD.ZS,Research and development expenditure (% of GDP),2018,0.31233,,2
COL,Colombia,GB.XPD.RSDV.GD.ZS,Research and development expenditure (% of GDP),2017,0.26109,,2
COL,Colombia,GB.XPD.RSDV.GD.ZS,Research and development expenditure (% of GDP),2016,0.27051,,2
COL,Colombia,GB.XPD.RSDV.GD.ZS,Research and development expenditure (% of GDP),2015,0.36542,,2
COL,Colombia,GB.XPD.RSDV.GD.ZS,Research and development expenditure (% of GDP),2014,0.30317,,2
COL,Colombia,GB.XPD.RSDV.GD.ZS,Research and development expenditure (% of GDP),2013,0.25761,,2
COL,Colombia,GB.XPD.RSDV.GD.ZS,Research and development expenditure (% of GDP),2012,0.22116,,2
COL,Colombia,GB.XPD.RSDV.GD.ZS,Research and development expenditure (% of GDP),2011,0.19842,,2
COL,Colombia,GB.XPD.RSDV.GD.ZS,Research and development expenditure (% of GDP),2010,0.19358,,2
COL,Colombia,GB.XPD.RSDV.GD.ZS,Research and development expenditure (% of GDP),2009,0.19351,,2
COL,Colombia,GB.XPD.RSDV.GD.ZS,Research and development expenditure (% of GDP),2008,0.19541,,2
COL,Colombia,GB.XPD.RSDV.GD.ZS,Research and development expenditure (% of GDP),2007,0.18307,,2
COL,Colombia,GB.XPD.RSDV.GD.ZS,Research and development expenditure (% of GDP),2006,0.16427,,2
COL,Colombia,GB.XPD.RSDV.GD.ZS,Research and development expenditure (% of GDP),2005,0.16557,,2
COL,Colombia,GB.XPD.RSDV.GD.ZS,Research and development expenditure (% of GDP),2004,0.16964,,2
COL,Colombia,GB.XPD.RSDV.GD.ZS,Research and development expenditure (% of GDP),2003,0.17398,,2
COL,Colombia,GB.XPD.RSDV.GD.ZS,Research and development expenditure (% of GDP),2002,0.15559,,2
COL,Colombia,GB.XPD.RSDV.GD.ZS,Research and development expenditure (% of GDP),2001,0.1329,,2
COL,Colombia,GB.XPD.RSDV.GD.ZS,Research and development expenditure (% of GDP),2000,0.13106,,2
COD,"Congo, Dem. Rep.",GB.XPD.RSDV.GD.ZS,Research and development expenditure (% of GDP),2015,0.40638,,2
COD,"Congo, Dem. Rep.",GB.XPD.RSDV.GD.ZS,Research and development expenditure (% of GDP),2009,0.07822,,2
COD,"Congo, Dem. Rep.",GB.XPD.RSDV.GD.ZS,Research and development expenditure (% of GDP),2008,0.08253,,2
COD,"Congo, Dem. Rep.",GB.XPD.RSDV.GD.ZS,Research and development expenditure (% of GDP),2007,0.13609,,2
COD,"Congo, Dem. Rep.",GB.XPD.RSDV.GD.ZS,Research and development expenditure (% of GDP),2006,0.06044,,2
COD,"Congo, Dem. Rep.",GB.XPD.RSDV.GD.ZS,Research and development expenditure (% of GDP),2005,0.05799,,2
COD,"Congo, Dem. Rep.",GB.XPD.RSDV.GD.ZS,Research and development expenditure (% of GDP),2004,0.26777,,2
COG,"Congo, Rep.",GB.XPD.RSDV.GD.ZS,Research and development expenditure (% of GDP),2022,0.38339,,2
CRI,Costa Rica,GB.XPD.RSDV.GD.ZS,Research and development expenditure (% of GDP),2022,0.33789,,2
CRI,Costa Rica,GB.XPD.RSDV.GD.ZS,Research and development expenditure (% of GDP),2021,0.27385,,2
CRI,Costa Rica,GB.XPD.RSDV.GD.ZS,Research and development expenditure (% of GDP),2020,0.33002,,2
CRI,Costa Rica,GB.XPD.RSDV.GD.ZS,Research and development expenditure (% of GDP),2018,0.37144,,2
CRI,Costa Rica,GB.XPD.RSDV.GD.ZS,Research and development expenditure (% of GDP),2017,0.42587,,2
CRI,Costa Rica,GB.XPD.RSDV.GD.ZS,Research and development expenditure (% of GDP),2016,0.44335,,2
CRI,Costa Rica,GB.XPD.RSDV.GD.ZS,Research and development expenditure (% of GDP),2015,0.43665,,2
CRI,Costa Rica,GB.XPD.RSDV.GD.ZS,Research and development expenditure (% of GDP),2014,0.55627,,2
CRI,Costa Rica,GB.XPD.RSDV.GD.ZS,Research and development expenditure (% of GDP),2013,0.54253,,2
CRI,Costa Rica,GB.XPD.RSDV.GD.ZS,Research and development expenditure (% of GDP),2012,0.54713,,2
CRI,Costa Rica,GB.XPD.RSDV.GD.ZS,Research and development expenditure (% of GDP),2011,0.46235,,2
CRI,Costa Rica,GB.XPD.RSDV.GD.ZS,Research and development expenditure (% of GDP),2010,0.4799,,2
CRI,Costa Rica,GB.XPD.RSDV.GD.ZS,Research and development expenditure (% of GDP),2009,0.51718,,2
CRI,Costa Rica,GB.XPD.RSDV.GD.ZS,Research and development expenditure (% of GDP),2008,0.38593,,2
CRI,Costa Rica,GB.XPD.RSDV.GD.ZS,Research and development expenditure (% of GDP),2007,0.35655,,2
CRI,Costa Rica,GB.XPD.RSDV.GD.ZS,Research and development expenditure (% of GDP),2006,0.42693,,2
CRI,Costa Rica,GB.XPD.RSDV.GD.ZS,Research and development expenditure (% of GDP),2004,0.37288,,2
CRI,Costa Rica,GB.XPD.RSDV.GD.ZS,Research and development expenditure (% of GDP),2003,0.3619,,2
CRI,Costa Rica,GB.XPD.RSDV.GD.ZS,Research and development expenditure (% of GDP),2000,0.41135,,2
CRI,Costa Rica,GB.XPD.RSDV.GD.ZS,Research and development expenditure (% of GDP),1999,0.36759,,2
CRI,Costa Rica,GB.XPD.RSDV.GD.ZS,Research and development expenditure (% of GDP),1998,0.26526,,2
CRI,Costa Rica,GB.XPD.RSDV.GD.ZS,Research and development expenditure (% of GDP),1997,0.29569,,2
CRI,Costa Rica,GB.XPD.RSDV.GD.ZS,Research and development expenditure (% of GDP),1996,0.30221,,2
CIV,Cote d'Ivoire,GB.XPD.RSDV.GD.ZS,Research and development expenditure (% of GDP),2016,0.06975,,2
HRV,Croatia,GB.XPD.RSDV.GD.ZS,Research and development expenditure (% of GDP),2022,1.40323,,2
HRV,Croatia,GB.XPD.RSDV.GD.ZS,Research and development expenditure (% of GDP),2021,1.23124,,2
HRV,Croatia,GB.XPD.RSDV.GD.ZS,Research and development expenditure (% of GDP),2020,1.22989,,2
HRV,Croatia,GB.XPD.RSDV.GD.ZS,Research and development expenditure (% of GDP),2019,1.07027,,2
HRV,Croatia,GB.XPD.RSDV.GD.ZS,Research and development expenditure (% of GDP),2018,0.94312,,2
HRV,Croatia,GB.XPD.RSDV.GD.ZS,Research and development expenditure (% of GDP),2017,0.8415,,2
HRV,Croatia,GB.XPD.RSDV.GD.ZS,Research and development expenditure (% of GDP),2016,0.84433,,2
HRV,Croatia,GB.XPD.RSDV.GD.ZS,Research and development expenditure (% of GDP),2015,0.82378,,2
HRV,Croatia,GB.XPD.RSDV.GD.ZS,Research and development expenditure (% of GDP),2014,0.76902,,2
HRV,Croatia,GB.XPD.RSDV.GD.ZS,Research and development expenditure (% of GDP),2013,0.79513,,2
HRV,Croatia,GB.XPD.RSDV.GD.ZS,Research and development expenditure (% of GDP),2012,0.73725,,2
HRV,Croatia,GB.XPD.RSDV.GD.ZS,Research and development expenditure (% of GDP),2011,0.73646,,2
HRV,Croatia,GB.XPD.RSDV.GD.ZS,Research and development expenditure (% of GDP),2010,0.73055,,2
HRV,Croatia,GB.XPD.RSDV.GD.ZS,Research and development expenditure (% of GDP),2009,0.83304,,2
HRV,Croatia,GB.XPD.RSDV.GD.ZS,Research and development expenditure (% of GDP),2008,0.87568,,2
HRV,Croatia,GB.XPD.RSDV.GD.ZS,Research and development expenditure (% of GDP),2007,0.78299,,2
HRV,Croatia,GB.XPD.RSDV.GD.ZS,Research and development expenditure (% of GDP),2006,0.73211,,2
HRV,Croatia,GB.XPD.RSDV.GD.ZS,Research and development expenditure (% of GDP),2005,0.84776,,2
HRV,Croatia,GB.XPD.RSDV.GD.ZS,Research and development expenditure (% of GDP),2004,1.02002,,2
HRV,Croatia,GB.XPD.RSDV.GD.ZS,Research and development expenditure (% of GDP),2003,0.94069,,2
HRV,Croatia,GB.XPD.RSDV.GD.ZS,Research and development expenditure (% of GDP),2002,0.94087,,2
HRV,Croatia,GB.XPD.RSDV.GD.ZS,Research and development expenditure (% of GDP),2001,0.91762,,2
HRV,Croatia,GB.XPD.RSDV.GD.ZS,Research and development expenditure (% of GDP),2000,1.0425,,2
HRV,Croatia,GB.XPD.RSDV.GD.ZS,Research and development expenditure (% of GDP),1999,0.83179,,2
CUB,Cuba,GB.XPD.RSDV.GD.ZS,Research and development expenditure (% of GDP),2022,0.36012,,2
CUB,Cuba,GB.XPD.RSDV.GD.ZS,Research and development expenditure (% of GDP),2021,0.32282,,2
CUB,Cuba,GB.XPD.RSDV.GD.ZS,Research and development expenditure (% of GDP),2020,0.51838,,2
CUB,Cuba,GB.XPD.RSDV.GD.ZS,Research and development expenditure (% of GDP),2019,0.55308,,2
CUB,Cuba,GB.XPD.RSDV.GD.ZS,Research and development expenditure (% of GDP),2018,0.53691,,2
CUB,Cuba,GB.XPD.RSDV.GD.ZS,Research and development expenditure (% of GDP),2017,0.43066,,2
CUB,Cuba,GB.XPD.RSDV.GD.ZS,Research and development expenditure (% of GDP),2016,0.34223,,2
CUB,Cuba,GB.XPD.RSDV.GD.ZS,Research and development expenditure (% of GDP),2015,0.42854,,2
CUB,Cuba,GB.XPD.RSDV.GD.ZS,Research and development expenditure (% of GDP),2014,0.41596,,2
CUB,Cuba,GB.XPD.RSDV.GD.ZS,Research and development expenditure (% of GDP),2013,0.47467,,2
CUB,Cuba,GB.XPD.RSDV.GD.ZS,Research and development expenditure (% of GDP),2012,0.40716,,2
CUB,Cuba,GB.XPD.RSDV.GD.ZS,Research and development expenditure (% of GDP),2011,0.27192,,2
CUB,Cuba,GB.XPD.RSDV.GD.ZS,Research and development expenditure (% of GDP),2010,0.60767,,2
CUB,Cuba,GB.XPD.RSDV.GD.ZS,Research and development expenditure (% of GDP),2009,0.61485,,2
CUB,Cuba,GB.XPD.RSDV.GD.ZS,Research and development expenditure (% of GDP),2008,0.50061,,2
CUB,Cuba,GB.XPD.RSDV.GD.ZS,Research and development expenditure (% of GDP),2007,0.43615,,2
CUB,Cuba,GB.XPD.RSDV.GD.ZS,Research and development expenditure (% of GDP),2006,0.44139,,2
CUB,Cuba,GB.XPD.RSDV.GD.ZS,Research and development expenditure (% of GDP),2005,0.5492,,2
CUB,Cuba,GB.XPD.RSDV.GD.ZS,Research and development expenditure (% of GDP),2004,0.60231,,2
CUB,Cuba,GB.XPD.RSDV.GD.ZS,Research and development expenditure (% of GDP),2003,0.58243,,2
CUB,Cuba,GB.XPD.RSDV.GD.ZS,Research and development expenditure (% of GDP),2002,0.56445,,2
CUB,Cuba,GB.XPD.RSDV.GD.ZS,Research and development expenditure (% of GDP),2001,0.5653,,2
CUB,Cuba,GB.XPD.RSDV.GD.ZS,Research and development expenditure (% of GDP),2000,0.47865,,2
CUB,Cuba,GB.XPD.RSDV.GD.ZS,Research and development expenditure (% of GDP),1999,0.45832,,2
CUB,Cuba,GB.XPD.RSDV.GD.ZS,Research and development expenditure (% of GDP),1998,0.50124,,2
CUB,Cuba,GB.XPD.RSDV.GD.ZS,Research and development expenditure (% of GDP),1997,0.40172,,2
CUB,Cuba,GB.XPD.RSDV.GD.ZS,Research and development expenditure (% of GDP),1996,0.34736,,2
CYP,Cyprus,GB.XPD.RSDV.GD.ZS,Research and development expenditure (% of GDP),2022,0.74527,,2
CYP,Cyprus,GB.XPD.RSDV.GD.ZS,Research and development expenditure (% of GDP),2021,0.8003,,2
CYP,Cyprus,GB.XPD.RSDV.GD.ZS,Research and development expenditure (% of GDP),2020,0.83654,,2
CYP,Cyprus,GB.XPD.RSDV.GD.ZS,Research and development expenditure (% of GDP),2019,0.70945,,2
CYP,Cyprus,GB.XPD.RSDV.GD.ZS,Research and development expenditure (% of GDP),2018,0.61405,,2
CYP,Cyprus,GB.XPD.RSDV.GD.ZS,Research and development expenditure (% of GDP),2017,0.54259,,2
CYP,Cyprus,GB.XPD.RSDV.GD.ZS,Research and development expenditure (% of GDP),2016,0.5197,,2
CYP,Cyprus,GB.XPD.RSDV.GD.ZS,Research and development expenditure (% of GDP),2015,0.47529,,2
CYP,Cyprus,GB.XPD.RSDV.GD.ZS,Research and development expenditure (% of GDP),2014,0.51205,,2
CYP,Cyprus,GB.XPD.RSDV.GD.ZS,Research and development expenditure (% of GDP),2013,0.48485,,2
CYP,Cyprus,GB.XPD.RSDV.GD.ZS,Research and development expenditure (% of GDP),2012,0.43765,,2
CYP,Cyprus,GB.XPD.RSDV.GD.ZS,Research and development expenditure (% of GDP),2011,0.45263,,2
CYP,Cyprus,GB.XPD.RSDV.GD.ZS,Research and development expenditure (% of GDP),2010,0.44292,,2
CYP,Cyprus,GB.XPD.RSDV.GD.ZS,Research and development expenditure (% of GDP),2009,0.44437,,2
CYP,Cyprus,GB.XPD.RSDV.GD.ZS,Research and development expenditure (% of GDP),2008,0.38594,,2
CYP,Cyprus,GB.XPD.RSDV.GD.ZS,Research and development expenditure (% of GDP),2007,0.40007,,2
CYP,Cyprus,GB.XPD.RSDV.GD.ZS,Research and development expenditure (% of GDP),2006,0.38346,,2
CYP,Cyprus,GB.XPD.RSDV.GD.ZS,Research and development expenditure (% of GDP),2005,0.36727,,2
CYP,Cyprus,GB.XPD.RSDV.GD.ZS,Research and development expenditure (% of GDP),2004,0.33564,,2
CYP,Cyprus,GB.XPD.RSDV.GD.ZS,Research and development expenditure (% of GDP),2003,0.31834,,2
CYP,Cyprus,GB.XPD.RSDV.GD.ZS,Research and development expenditure (% of GDP),2002,0.27967,,2
CYP,Cyprus,GB.XPD.RSDV.GD.ZS,Research and development expenditure (% of GDP),2001,0.23694,,2
CYP,Cyprus,GB.XPD.RSDV.GD.ZS,Research and development expenditure (% of GDP),2000,0.2269,,2
CYP,Cyprus,GB.XPD.RSDV.GD.ZS,Research and development expenditure (% of GDP),1999,0.21806,,2
CYP,Cyprus,GB.XPD.RSDV.GD.ZS,Research and development expenditure (% of GDP),1998,0.20331,,2
CZE,Czechia,GB.XPD.RSDV.GD.ZS,Research and development expenditure (% of GDP),2022,1.9642,,2
CZE,Czechia,GB.XPD.RSDV.GD.ZS,Research and development expenditure (% of GDP),2021,1.99601,,2
CZE,Czechia,GB.XPD.RSDV.GD.ZS,Research and development expenditure (% of GDP),2020,1.98599,,2
CZE,Czechia,GB.XPD.RSDV.GD.ZS,Research and development expenditure (% of GDP),2019,1.92734,,2
CZE,Czechia,GB.XPD.RSDV.GD.ZS,Research and development expenditure (% of GDP),2018,1.89906,,2
CZE,Czechia,GB.XPD.RSDV.GD.ZS,Research and development expenditure (% of GDP),2017,1.76855,,2
CZE,Czechia,GB.XPD.RSDV.GD.ZS,Research and development expenditure (% of GDP),2016,1.67003,,2
CZE,Czechia,GB.XPD.RSDV.GD.ZS,Research and development expenditure (% of GDP),2015,1.91689,,2
CZE,Czechia,GB.XPD.RSDV.GD.ZS,Research and development expenditure (% of GDP),2014,1.95833,,2
CZE,Czechia,GB.XPD.RSDV.GD.ZS,Research and development expenditure (% of GDP),2013,1.87924,,2
CZE,Czechia,GB.XPD.RSDV.GD.ZS,Research and development expenditure (% of GDP),2012,1.76967,,2
CZE,Czechia,GB.XPD.RSDV.GD.ZS,Research and development expenditure (% of GDP),2011,1.54477,,2
CZE,Czechia,GB.XPD.RSDV.GD.ZS,Research and development expenditure (% of GDP),2010,1.3267,,2
CZE,Czechia,GB.XPD.RSDV.GD.ZS,Research and development expenditure (% of GDP),2009,1.28656,,2
CZE,Czechia,GB.XPD.RSDV.GD.ZS,Research and development expenditure (% of GDP),2008,1.23358,,2
CZE,Czechia,GB.XPD.RSDV.GD.ZS,Research and development expenditure (% of GDP),2007,1.29572,,2
CZE,Czechia,GB.XPD.RSDV.GD.ZS,Research and development expenditure (% of GDP),2006,1.22542,,2
CZE,Czechia,GB.XPD.RSDV.GD.ZS,Research and development expenditure (% of GDP),2005,1.161,,2
CZE,Czechia,GB.XPD.RSDV.GD.ZS,Research and development expenditure (% of GDP),2004,1.13935,,2
CZE,Czechia,GB.XPD.RSDV.GD.ZS,Research and development expenditure (% of GDP),2003,1.1421,,2
CZE,Czechia,GB.XPD.RSDV.GD.ZS,Research and development expenditure (% of GDP),2002,1.09819,,2
CZE,Czechia,GB.XPD.RSDV.GD.ZS,Research and development expenditure (% of GDP),2001,1.09871,,2
CZE,Czechia,GB.XPD.RSDV.GD.ZS,Research and development expenditure (% of GDP),2000,1.10997,,2
CZE,Czechia,GB.XPD.RSDV.GD.ZS,Research and development expenditure (% of GDP),1999,1.04957,,2
CZE,Czechia,GB.XPD.RSDV.GD.ZS,Research and development expenditure (% of GDP),1998,1.06022,,2
CZE,Czechia,GB.XPD.RSDV.GD.ZS,Research and development expenditure (% of GDP),1997,0.98819,,2
CZE,Czechia,GB.XPD.RSDV.GD.ZS,Research and development expenditure (% of GDP),1996,0.88912,,2
DNK,Denmark,GB.XPD.RSDV.GD.ZS,Research and development expenditure (% of GDP),2022,2.89051,,2
DNK,Denmark,GB.XPD.RSDV.GD.ZS,Research and development expenditure (% of GDP),2021,2.76142,,2
DNK,Denmark,GB.XPD.RSDV.GD.ZS,Research and development expenditure (% of GDP),2020,2.97258,,2
DNK,Denmark,GB.XPD.RSDV.GD.ZS,Research and development expenditure (% of GDP),2019,2.89685,,2
DNK,Denmark,GB.XPD.RSDV.GD.ZS,Research and development expenditure (% of GDP),2018,2.96603,,2
DNK,Denmark,GB.XPD.RSDV.GD.ZS,Research and development expenditure (% of GDP),2017,2.93124,,2
DNK,Denmark,GB.XPD.RSDV.GD.ZS,Research and development expenditure (% of GDP),2016,3.09283,,2
DNK,Denmark,GB.XPD.RSDV.GD.ZS,Research and development expenditure (% of GDP),2015,3.05497,,2
DNK,Denmark,GB.XPD.RSDV.GD.ZS,Research and development expenditure (% of GDP),2014,2.91409,,2
DNK,Denmark,GB.XPD.RSDV.GD.ZS,Research and development expenditure (% of GDP),2013,2.97048,,2
DNK,Denmark,GB.XPD.RSDV.GD.ZS,Research and development expenditure (% of GDP),2012,2.98125,,2
DNK,Denmark,GB.XPD.RSDV.GD.ZS,Research and development expenditure (% of GDP),2011,2.94465,,2
DNK,Denmark,GB.XPD.RSDV.GD.ZS,Research and development expenditure (% of GDP),2010,2.91707,,2
DNK,Denmark,GB.XPD.RSDV.GD.ZS,Research and development expenditure (% of GDP),2009,3.05514,,2
DNK,Denmark,GB.XPD.RSDV.GD.ZS,Research and development expenditure (% of GDP),2008,2.77346,,2
DNK,Denmark,GB.XPD.RSDV.GD.ZS,Research and development expenditure (% of GDP),2007,2.51541,,2
DNK,Denmark,GB.XPD.RSDV.GD.ZS,Research and development expenditure (% of GDP),2006,2.403,,2
DNK,Denmark,GB.XPD.RSDV.GD.ZS,Research and development expenditure (% of GDP),2005,2.39337,,2
DNK,Denmark,GB.XPD.RSDV.GD.ZS,Research and development expenditure (% of GDP),2004,2.41916,,2
DNK,Denmark,GB.XPD.RSDV.GD.ZS,Research and development expenditure (% of GDP),2003,2.51085,,2
DNK,Denmark,GB.XPD.RSDV.GD.ZS,Research and development expenditure (% of GDP),2002,2.44145,,2
DNK,Denmark,GB.XPD.RSDV.GD.ZS,Research and development expenditure (% of GDP),2001,2.32466,,2
DNK,Denmark,GB.XPD.RSDV.GD.ZS,Research and development expenditure (% of GDP),2000,2.1862,,2
DNK,Denmark,GB.XPD.RSDV.GD.ZS,Research and development expenditure (% of GDP),1999,2.12764,,2
DNK,Denmark,GB.XPD.RSDV.GD.ZS,Research and development expenditure (% of GDP),1998,2.00619,,2
DNK,Denmark,GB.XPD.RSDV.GD.ZS,Research and development expenditure (% of GDP),1997,1.88914,,2
DNK,Denmark,GB.XPD.RSDV.GD.ZS,Research and development expenditure (% of GDP),1996,1.80667,,2
ECU,Ecuador,GB.XPD.RSDV.GD.ZS,Research and development expenditure (% of GDP),2014,0.43839,,2
ECU,Ecuador,GB.XPD.RSDV.GD.ZS,Research and development expenditure (% of GDP),2013,0.37423,,2
ECU,Ecuador,GB.XPD.RSDV.GD.ZS,Research and development expenditure (% of GDP),2012,0.33308,,2
ECU,Ecuador,GB.XPD.RSDV.GD.ZS,Research and development expenditure (% of GDP),2011,0.34115,,2
ECU,Ecuador,GB.XPD.RSDV.GD.ZS,Research and development expenditure (% of GDP),2010,0.41127,,2
ECU,Ecuador,GB.XPD.RSDV.GD.ZS,Research and development expenditure (% of GDP),2009,0.41055,,2
ECU,Ecuador,GB.XPD.RSDV.GD.ZS,Research and development expenditure (% of GDP),2008,0.23011,,2
ECU,Ecuador,GB.XPD.RSDV.GD.ZS,Research and development expenditure (% of GDP),2007,0.13501,,2
ECU,Ecuador,GB.XPD.RSDV.GD.ZS,Research and development expenditure (% of GDP),2006,0.13176,,2
ECU,Ecuador,GB.XPD.RSDV.GD.ZS,Research and development expenditure (% of GDP),2003,0.06007,,2
ECU,Ecuador,GB.XPD.RSDV.GD.ZS,Research and development expenditure (% of GDP),2002,0.0584,,2
ECU,Ecuador,GB.XPD.RSDV.GD.ZS,Research and development expenditure (% of GDP),2001,0.05448,,2
ECU,Ecuador,GB.XPD.RSDV.GD.ZS,Research and development expenditure (% of GDP),1998,0.06517,,2
ECU,Ecuador,GB.XPD.RSDV.GD.ZS,Research and development expenditure (% of GDP),1997,0.06263,,2
ECU,Ecuador,GB.XPD.RSDV.GD.ZS,Research and development expenditure (% of GDP),1996,0.07406,,2
EGY,"Egypt, Arab Rep.",GB.XPD.RSDV.GD.ZS,Research and development expenditure (% of GDP),2023,1.03356,,2
EGY,"Egypt, Arab Rep.",GB.XPD.RSDV.GD.ZS,Research and development expenditure (% of GDP),2022,1.01968,,2
EGY,"Egypt, Arab Rep.",GB.XPD.RSDV.GD.ZS,Research and development expenditure (% of GDP),2021,0.91175,,2
EGY,"Egypt, Arab Rep.",GB.XPD.RSDV.GD.ZS,Research and development expenditure (% of GDP),2020,0.91564,,2
EGY,"Egypt, Arab Rep.",GB.XPD.RSDV.GD.ZS,Research and development expenditure (% of GDP),2019,0.79617,,2
EGY,"Egypt, Arab Rep.",GB.XPD.RSDV.GD.ZS,Research and development expenditure (% of GDP),2018,0.68839,,2
EGY,"Egypt, Arab Rep.",GB.XPD.RSDV.GD.ZS,Research and development expenditure (% of GDP),2017,0.64486,,2
EGY,"Egypt, Arab Rep.",GB.XPD.RSDV.GD.ZS,Research and development expenditure (% of GDP),2016,0.70848,,2
EGY,"Egypt, Arab Rep.",GB.XPD.RSDV.GD.ZS,Research and development expenditure (% of GDP),2015,0.71858,,2
EGY,"Egypt, Arab Rep.",GB.XPD.RSDV.GD.ZS,Research and development expenditure (% of GDP),2014,0.63649,,2
EGY,"Egypt, Arab Rep.",GB.XPD.RSDV.GD.ZS,Research and development expenditure (% of GDP),2013,0.63895,,2
EGY,"Egypt, Arab Rep.",GB.XPD.RSDV.GD.ZS,Research and development expenditure (% of GDP),2012,0.50899,,2
EGY,"Egypt, Arab Rep.",GB.XPD.RSDV.GD.ZS,Research and development expenditure (% of GDP),2011,0.53154,,2
EGY,"Egypt, Arab Rep.",GB.XPD.RSDV.GD.ZS,Research and development expenditure (% of GDP),2010,0.43345,,2
EGY,"Egypt, Arab Rep.",GB.XPD.RSDV.GD.ZS,Research and development expenditure (% of GDP),2009,0.43312,,2
EGY,"Egypt, Arab Rep.",GB.XPD.RSDV.GD.ZS,Research and development expenditure (% of GDP),2008,0.27024,,2
EGY,"Egypt, Arab Rep.",GB.XPD.RSDV.GD.ZS,Research and development expenditure (% of GDP),2007,0.2551,,2
EGY,"Egypt, Arab Rep.",GB.XPD.RSDV.GD.ZS,Research and development expenditure (% of GDP),2006,0.25903,,2
EGY,"Egypt, Arab Rep.",GB.XPD.RSDV.GD.ZS,Research and development expenditure (% of GDP),2005,0.24141,,2
EGY,"Egypt, Arab Rep.",GB.XPD.RSDV.GD.ZS,Research and development expenditure (% of GDP),2004,0.26994,,2
EGY,"Egypt, Arab Rep.",GB.XPD.RSDV.GD.ZS,Research and development expenditure (% of GDP),2000,0.19247,,2
EGY,"Egypt, Arab Rep.",GB.XPD.RSDV.GD.ZS,Research and development expenditure (% of GDP),1999,0.18651,,2
EGY,"Egypt, Arab Rep.",GB.XPD.RSDV.GD.ZS,Research and development expenditure (% of GDP),1998,0.1991,,2
EGY,"Egypt, Arab Rep.",GB.XPD.RSDV.GD.ZS,Research and development expenditure (% of GDP),1997,0.19756,,2
EGY,"Egypt, Arab Rep.",GB.XPD.RSDV.GD.ZS,Research and development expenditure (% of GDP),1996,0.2126,,2
SLV,El Salvador,GB.XPD.RSDV.GD.ZS,Research and development expenditure (% of GDP),2022,0.1428,,2
SLV,El Salvador,GB.XPD.RSDV.GD.ZS,Research and development expenditure (% of GDP),2021,0.16252,,2
SLV,El Salvador,GB.XPD.RSDV.GD.ZS,Research and development expenditure (% of GDP),2020,0.16299,,2
SLV,El Salvador,GB.XPD.RSDV.GD.ZS,Research and development expenditure (% of GDP),2019,0.17477,,2
SLV,El Salvador,GB.XPD.RSDV.GD.ZS,Research and development expenditure (% of GDP),2018,0.16531,,2
SLV,El Salvador,GB.XPD.RSDV.GD.ZS,Research and development expenditure (% of GDP),2017,0.18078,,2
SLV,El Salvador,GB.XPD.RSDV.GD.ZS,Research and development expenditure (% of GDP),2016,0.14493,,2
SLV,El Salvador,GB.XPD.RSDV.GD.ZS,Research and development expenditure (% of GDP),2015,0.14348,,2
SLV,El Salvador,GB.XPD.RSDV.GD.ZS,Research and development expenditure (% of GDP),2014,0.09377,,2
SLV,El Salvador,GB.XPD.RSDV.GD.ZS,Research and development expenditure (% of GDP),2013,0.06387,,2
SLV,El Salvador,GB.XPD.RSDV.GD.ZS,Research and development expenditure (% of GDP),2012,0.03397,,2
SLV,El Salvador,GB.XPD.RSDV.GD.ZS,Research and development expenditure (% of GDP),2011,0.0355,,2
SLV,El Salvador,GB.XPD.RSDV.GD.ZS,Research and development expenditure (% of GDP),2010,0.07806,,2
SLV,El Salvador,GB.XPD.RSDV.GD.ZS,Research and development expenditure (% of GDP),2009,0.0909,,2
SLV,El Salvador,GB.XPD.RSDV.GD.ZS,Research and development expenditure (% of GDP),2008,0.13399,,2
SLV,El Salvador,GB.XPD.RSDV.GD.ZS,Research and development expenditure (% of GDP),2007,0.1056,,2
SLV,El Salvador,GB.XPD.RSDV.GD.ZS,Research and development expenditure (% of GDP),1998,0.08818,,2
EST,Estonia,GB.XPD.RSDV.GD.ZS,Research and development expenditure (% of GDP),2022,1.78205,,2
EST,Estonia,GB.XPD.RSDV.GD.ZS,Research and development expenditure (% of GDP),2021,1.76766,,2
EST,Estonia,GB.XPD.RSDV.GD.ZS,Research and development expenditure (% of GDP),2020,1.75315,,2
EST,Estonia,GB.XPD.RSDV.GD.ZS,Research and development expenditure (% of GDP),2019,1.62058,,2
EST,Estonia,GB.XPD.RSDV.GD.ZS,Research and development expenditure (% of GDP),2018,1.40999,,2
EST,Estonia,GB.XPD.RSDV.GD.ZS,Research and development expenditure (% of GDP),2017,1.27685,,2
EST,Estonia,GB.XPD.RSDV.GD.ZS,Research and development expenditure (% of GDP),2016,1.24306,,2
EST,Estonia,GB.XPD.RSDV.GD.ZS,Research and development expenditure (% of GDP),2015,1.46777,,2
EST,Estonia,GB.XPD.RSDV.GD.ZS,Research and development expenditure (% of GDP),2014,1.43023,,2
EST,Estonia,GB.XPD.RSDV.GD.ZS,Research and development expenditure (% of GDP),2013,1.72412,,2
EST,Estonia,GB.XPD.RSDV.GD.ZS,Research and development expenditure (% of GDP),2012,2.12481,,2
EST,Estonia,GB.XPD.RSDV.GD.ZS,Research and development expenditure (% of GDP),2011,2.30522,,2
EST,Estonia,GB.XPD.RSDV.GD.ZS,Research and development expenditure (% of GDP),2010,1.57899,,2
EST,Estonia,GB.XPD.RSDV.GD.ZS,Research and development expenditure (% of GDP),2009,1.39679,,2
EST,Estonia,GB.XPD.RSDV.GD.ZS,Research and development expenditure (% of GDP),2008,1.25188,,2
EST,Estonia,GB.XPD.RSDV.GD.ZS,Research and development expenditure (% of GDP),2007,1.05874,,2
EST,Estonia,GB.XPD.RSDV.GD.ZS,Research and development expenditure (% of GDP),2006,1.11277,,2
EST,Estonia,GB.XPD.RSDV.GD.ZS,Research and development expenditure (% of GDP),2005,0.91705,,2
EST,Estonia,GB.XPD.RSDV.GD.ZS,Research and development expenditure (% of GDP),2004,0.84584,,2
EST,Estonia,GB.XPD.RSDV.GD.ZS,Research and development expenditure (% of GDP),2003,0.76465,,2
EST,Estonia,GB.XPD.RSDV.GD.ZS,Research and development expenditure (% of GDP),2002,0.71203,,2
EST,Estonia,GB.XPD.RSDV.GD.ZS,Research and development expenditure (% of GDP),2001,0.69839,,2
EST,Estonia,GB.XPD.RSDV.GD.ZS,Research and development expenditure (% of GDP),2000,0.6,,2
EST,Estonia,GB.XPD.RSDV.GD.ZS,Research and development expenditure (% of GDP),1999,0.67708,,2
EST,Estonia,GB.XPD.RSDV.GD.ZS,Research and development expenditure (% of GDP),1998,0.56501,,2
SWZ,Eswatini,GB.XPD.RSDV.GD.ZS,Research and development expenditure (% of GDP),2015,0.26754,,2
ETH,Ethiopia,GB.XPD.RSDV.GD.ZS,Research and development expenditure (% of GDP),2017,0.27437,,2
ETH,Ethiopia,GB.XPD.RSDV.GD.ZS,Research and development expenditure (% of GDP),2013,0.60474,,2
ETH,Ethiopia,GB.XPD.RSDV.GD.ZS,Research and development expenditure (% of GDP),2010,0.24137,,2
ETH,Ethiopia,GB.XPD.RSDV.GD.ZS,Research and development expenditure (% of GDP),2007,0.17089,,2
ETH,Ethiopia,GB.XPD.RSDV.GD.ZS,Research and development expenditure (% of GDP),2005,0.17917,,2
FRO,Faroe Islands,GB.XPD.RSDV.GD.ZS,Research and development expenditure (% of GDP),2003,0.85253,,2
FIN,Finland,GB.XPD.RSDV.GD.ZS,Research and development expenditure (% of GDP),2022,2.96469,,2
FIN,Finland,GB.XPD.RSDV.GD.ZS,Research and development expenditure (% of GDP),2021,2.9885,,2
FIN,Finland,GB.XPD.RSDV.GD.ZS,Research and development expenditure (% of GDP),2020,2.91243,,2
FIN,Finland,GB.XPD.RSDV.GD.ZS,Research and development expenditure (% of GDP),2019,2.79961,,2
FIN,Finland,GB.XPD.RSDV.GD.ZS,Research and development expenditure (% of GDP),2018,2.75749,,2
FIN,Finland,GB.XPD.RSDV.GD.ZS,Research and development expenditure (% of GDP),2017,2.72787,,2
FIN,Finland,GB.XPD.RSDV.GD.ZS,Research and development expenditure (% of GDP),2016,2.72442,,2
FIN,Finland,GB.XPD.RSDV.GD.ZS,Research and development expenditure (% of GDP),2015,2.87196,,2
FIN,Finland,GB.XPD.RSDV.GD.ZS,Research and development expenditure (% of GDP),2014,3.14751,,2
FIN,Finland,GB.XPD.RSDV.GD.ZS,Research and development expenditure (% of GDP),2013,3.27137,,2
FIN,Finland,GB.XPD.RSDV.GD.ZS,Research and development expenditure (% of GDP),2012,3.39832,,2
FIN,Finland,GB.XPD.RSDV.GD.ZS,Research and development expenditure (% of GDP),2011,3.61806,,2
FIN,Finland,GB.XPD.RSDV.GD.ZS,Research and development expenditure (% of GDP),2010,3.70532,,2
FIN,Finland,GB.XPD.RSDV.GD.ZS,Research and development expenditure (% of GDP),2009,3.73402,,2
FIN,Finland,GB.XPD.RSDV.GD.ZS,Research and development expenditure (% of GDP),2008,3.53697,,2
FIN,Finland,GB.XPD.RSDV.GD.ZS,Research and development expenditure (% of GDP),2007,3.33704,,2
FIN,Finland,GB.XPD.RSDV.GD.ZS,Research and development expenditure (% of GDP),2006,3.33216,,2
FIN,Finland,GB.XPD.RSDV.GD.ZS,Research and development expenditure (% of GDP),2005,3.3237,,2
FIN,Finland,GB.XPD.RSDV.GD.ZS,Research and development expenditure (% of GDP),2004,3.30907,,2
FIN,Finland,GB.XPD.RSDV.GD.ZS,Research and development expenditure (% of GDP),2003,3.29822,,2
FIN,Finland,GB.XPD.RSDV.GD.ZS,Research and development expenditure (% of GDP),2002,3.25308,,2
FIN,Finland,GB.XPD.RSDV.GD.ZS,Research and development expenditure (% of GDP),2001,3.19372,,2
FIN,Finland,GB.XPD.RSDV.GD.ZS,Research and development expenditure (% of GDP),2000,3.24138,,2
FIN,Finland,GB.XPD.RSDV.GD.ZS,Research and development expenditure (% of GDP),1999,3.05619,,2
FIN,Finland,GB.XPD.RSDV.GD.ZS,Research and development expenditure (% of GDP),1998,2.78443,,2
FIN,Finland,GB.XPD.RSDV.GD.ZS,Research and development expenditure (% of GDP),1997,2.62158,,2
FIN,Finland,GB.XPD.RSDV.GD.ZS,Research and development expenditure (% of GDP),1996,2.45256,,2
FRA,France,GB.XPD.RSDV.GD.ZS,Research and development expenditure (% of GDP),2022,2.23312,,2
FRA,France,GB.XPD.RSDV.GD.ZS,Research and development expenditure (% of GDP),2021,2.21808,,2
FRA,France,GB.XPD.RSDV.GD.ZS,Research and development expenditure (% of GDP),2020,2.27464,,2
FRA,France,GB.XPD.RSDV.GD.ZS,Research and development expenditure (% of GDP),2019,2.19179,,2
FRA,France,GB.XPD.RSDV.GD.ZS,Research and development expenditure (% of GDP),2018,2.19666,,2
FRA,France,GB.XPD.RSDV.GD.ZS,Research and development expenditure (% of GDP),2017,2.19888,,2
FRA,France,GB.XPD.RSDV.GD.ZS,Research and development expenditure (% of GDP),2016,2.22238,,2
FRA,France,GB.XPD.RSDV.GD.ZS,Research and development expenditure (% of GDP),2015,2.22702,,2
FRA,France,GB.XPD.RSDV.GD.ZS,Research and development expenditure (% of GDP),2014,2.27592,,2
FRA,France,GB.XPD.RSDV.GD.ZS,Research and development expenditure (% of GDP),2013,2.23703,,2
FRA,France,GB.XPD.RSDV.GD.ZS,Research and development expenditure (% of GDP),2012,2.22707,,2
FRA,France,GB.XPD.RSDV.GD.ZS,Research and development expenditure (% of GDP),2011,2.19161,,2
FRA,France,GB.XPD.RSDV.GD.ZS,Research and development expenditure (% of GDP),2010,2.17857,,2
FRA,France,GB.XPD.RSDV.GD.ZS,Research and development expenditure (% of GDP),2009,2.21207,,2
FRA,France,GB.XPD.RSDV.GD.ZS,Research and development expenditure (% of GDP),2008,2.06117,,2
FRA,France,GB.XPD.RSDV.GD.ZS,Research and development expenditure (% of GDP),2007,2.02451,,2
FRA,France,GB.XPD.RSDV.GD.ZS,Research and development expenditure (% of GDP),2006,2.05094,,2
FRA,France,GB.XPD.RSDV.GD.ZS,Research and development expenditure (% of GDP),2005,2.05151,,2
FRA,France,GB.XPD.RSDV.GD.ZS,Research and development expenditure (% of GDP),2004,2.09461,,2
FRA,France,GB.XPD.RSDV.GD.ZS,Research and development expenditure (% of GDP),2003,2.11994,,2
FRA,France,GB.XPD.RSDV.GD.ZS,Research and development expenditure (% of GDP),2002,2.17449,,2
FRA,France,GB.XPD.RSDV.GD.ZS,Research and development expenditure (% of GDP),2001,2.13804,,2
FRA,France,GB.XPD.RSDV.GD.ZS,Research and development expenditure (% of GDP),2000,2.09346,,2
FRA,France,GB.XPD.RSDV.GD.ZS,Research and development expenditure (% of GDP),1999,2.10767,,2
FRA,France,GB.XPD.RSDV.GD.ZS,Research and development expenditure (% of GDP),1998,2.09476,,2
FRA,France,GB.XPD.RSDV.GD.ZS,Research and development expenditure (% of GDP),1997,2.14699,,2
FRA,France,GB.XPD.RSDV.GD.ZS,Research and development expenditure (% of GDP),1996,2.2228,,2
GAB,Gabon,GB.XPD.RSDV.GD.ZS,Research and development expenditure (% of GDP),2009,0.57924,,2
GAB,Gabon,GB.XPD.RSDV.GD.ZS,Research and development expenditure (% of GDP),2008,0.5109,,2
GAB,Gabon,GB.XPD.RSDV.GD.ZS,Research and development expenditure (% of GDP),2007,0.41633,,2
GMB,"Gambia, The",GB.XPD.RSDV.GD.ZS,Research and development expenditure (% of GDP),2018,0.06933,,2
GMB,"Gambia, The",GB.XPD.RSDV.GD.ZS,Research and development expenditure (% of GDP),2011,0.0848,,2
GMB,"Gambia, The",GB.XPD.RSDV.GD.ZS,Research and development expenditure (% of GDP),2009,0.01086,,2
GMB,"Gambia, The",GB.XPD.RSDV.GD.ZS,Research and development expenditure (% of GDP),2008,0.01261,,2
GEO,Georgia,GB.XPD.RSDV.GD.ZS,Research and development expenditure (% of GDP),2023,0.25283,,2
GEO,Georgia,GB.XPD.RSDV.GD.ZS,Research and development expenditure (% of GDP),2022,0.2347,,2
GEO,Georgia,GB.XPD.RSDV.GD.ZS,Research and development expenditure (% of GDP),2021,0.24875,,2
GEO,Georgia,GB.XPD.RSDV.GD.ZS,Research and development expenditure (% of GDP),2020,0.29765,,2
GEO,Georgia,GB.XPD.RSDV.GD.ZS,Research and development expenditure (% of GDP),2019,0.28197,,2
GEO,Georgia,GB.XPD.RSDV.GD.ZS,Research and development expenditure (% of GDP),2018,0.27573,,2
GEO,Georgia,GB.XPD.RSDV.GD.ZS,Research and development expenditure (% of GDP),2017,0.26645,,2
GEO,Georgia,GB.XPD.RSDV.GD.ZS,Research and development expenditure (% of GDP),2016,0.28025,,2
GEO,Georgia,GB.XPD.RSDV.GD.ZS,Research and development expenditure (% of GDP),2015,0.29397,,2
GEO,Georgia,GB.XPD.RSDV.GD.ZS,Research and development expenditure (% of GDP),2014,0.16991,,2
GEO,Georgia,GB.XPD.RSDV.GD.ZS,Research and development expenditure (% of GDP),2013,0.0771,,2
GEO,Georgia,GB.XPD.RSDV.GD.ZS,Research and development expenditure (% of GDP),2005,0.17658,,2
GEO,Georgia,GB.XPD.RSDV.GD.ZS,Research and development expenditure (% of GDP),2004,0.2442,,2
GEO,Georgia,GB.XPD.RSDV.GD.ZS,Research and development expenditure (% of GDP),2003,0.2176,,2
GEO,Georgia,GB.XPD.RSDV.GD.ZS,Research and development expenditure (% of GDP),2002,0.18574,,2
GEO,Georgia,GB.XPD.RSDV.GD.ZS,Research and development expenditure (% of GDP),2001,0.23848,,2
GEO,Georgia,GB.XPD.RSDV.GD.ZS,Research and development expenditure (% of GDP),2000,0.2153,,2
GEO,Georgia,GB.XPD.RSDV.GD.ZS,Research and development expenditure (% of GDP),1999,0.28769,,2
GEO,Georgia,GB.XPD.RSDV.GD.ZS,Research and development expenditure (% of GDP),1998,0.35384,,2
GEO,Georgia,GB.XPD.RSDV.GD.ZS,Research and development expenditure (% of GDP),1997,0.3424,,2
GEO,Georgia,GB.XPD.RSDV.GD.ZS,Research and development expenditure (% of GDP),1996,0.33088,,2
DEU,Germany,GB.XPD.RSDV.GD.ZS,Research and development expenditure (% of GDP),2022,3.13236,,2
DEU,Germany,GB.XPD.RSDV.GD.ZS,Research and development expenditure (% of GDP),2021,3.12882,,2
DEU,Germany,GB.XPD.RSDV.GD.ZS,Research and development expenditure (% of GDP),2020,3.13136,,2
DEU,Germany,GB.XPD.RSDV.GD.ZS,Research and development expenditure (% of GDP),2019,3.16701,,2
DEU,Germany,GB.XPD.RSDV.GD.ZS,Research and development expenditure (% of GDP),2018,3.11011,,2
DEU,Germany,GB.XPD.RSDV.GD.ZS,Research and development expenditure (% of GDP),2017,3.0471,,2
DEU,Germany,GB.XPD.RSDV.GD.ZS,Research and development expenditure (% of GDP),2016,2.94039,,2
DEU,Germany,GB.XPD.RSDV.GD.ZS,Research and development expenditure (% of GDP),2015,2.93379,,2
DEU,Germany,GB.XPD.RSDV.GD.ZS,Research and development expenditure (% of GDP),2014,2.87784,,2
DEU,Germany,GB.XPD.RSDV.GD.ZS,Research and development expenditure (% of GDP),2013,2.83599,,2
DEU,Germany,GB.XPD.RSDV.GD.ZS,Research and development expenditure (% of GDP),2012,2.88166,,2
DEU,Germany,GB.XPD.RSDV.GD.ZS,Research and development expenditure (% of GDP),2011,2.80555,,2
DEU,Germany,GB.XPD.RSDV.GD.ZS,Research and development expenditure (% of GDP),2010,2.73024,,2
DEU,Germany,GB.XPD.RSDV.GD.ZS,Research and development expenditure (% of GDP),2009,2.74266,,2
DEU,Germany,GB.XPD.RSDV.GD.ZS,Research and development expenditure (% of GDP),2008,2.61513,,2
DEU,Germany,GB.XPD.RSDV.GD.ZS,Research and development expenditure (% of GDP),2007,2.46048,,2
DEU,Germany,GB.XPD.RSDV.GD.ZS,Research and development expenditure (% of GDP),2006,2.47232,,2
DEU,Germany,GB.XPD.RSDV.GD.ZS,Research and development expenditure (% of GDP),2005,2.44193,,2
DEU,Germany,GB.XPD.RSDV.GD.ZS,Research and development expenditure (% of GDP),2004,2.43519,,2
DEU,Germany,GB.XPD.RSDV.GD.ZS,Research and development expenditure (% of GDP),2003,2.47461,,2
DEU,Germany,GB.XPD.RSDV.GD.ZS,Research and development expenditure (% of GDP),2002,2.43622,,2
DEU,Germany,GB.XPD.RSDV.GD.ZS,Research and development expenditure (% of GDP),2001,2.40437,,2
DEU,Germany,GB.XPD.RSDV.GD.ZS,Research and development expenditure (% of GDP),2000,2.40982,,2
DEU,Germany,GB.XPD.RSDV.GD.ZS,Research and development expenditure (% of GDP),1999,2.34779,,2
DEU,Germany,GB.XPD.RSDV.GD.ZS,Research and development expenditure (% of GDP),1998,2.21613,,2
DEU,Germany,GB.XPD.RSDV.GD.ZS,Research and development expenditure (% of GDP),1997,2.18832,,2
DEU,Germany,GB.XPD.RSDV.GD.ZS,Research and development expenditure (% of GDP),1996,2.14461,,2
GHA,Ghana,GB.XPD.RSDV.GD.ZS,Research and development expenditure (% of GDP),2010,0.37655,,2
GHA,Ghana,GB.XPD.RSDV.GD.ZS,Research and development expenditure (% of GDP),2007,0.23157,,2
GRC,Greece,GB.XPD.RSDV.GD.ZS,Research and development expenditure (% of GDP),2022,1.48596,,2
GRC,Greece,GB.XPD.RSDV.GD.ZS,Research and development expenditure (% of GDP),2021,1.45782,,2
GRC,Greece,GB.XPD.RSDV.GD.ZS,Research and development expenditure (% of GDP),2020,1.51149,,2
GRC,Greece,GB.XPD.RSDV.GD.ZS,Research and development expenditure (% of GDP),2019,1.27499,,2
GRC,Greece,GB.XPD.RSDV.GD.ZS,Research and development expenditure (% of GDP),2018,1.21371,,2
GRC,Greece,GB.XPD.RSDV.GD.ZS,Research and development expenditure (% of GDP),2017,1.15228,,2
GRC,Greece,GB.XPD.RSDV.GD.ZS,Research and development expenditure (% of GDP),2016,1.00529,,2
GRC,Greece,GB.XPD.RSDV.GD.ZS,Research and development expenditure (% of GDP),2015,0.96605,,2
GRC,Greece,GB.XPD.RSDV.GD.ZS,Research and development expenditure (% of GDP),2014,0.83998,,2
GRC,Greece,GB.XPD.RSDV.GD.ZS,Research and development expenditure (% of GDP),2013,0.81478,,2
GRC,Greece,GB.XPD.RSDV.GD.ZS,Research and development expenditure (% of GDP),2012,0.71005,,2
GRC,Greece,GB.XPD.RSDV.GD.ZS,Research and development expenditure (% of GDP),2011,0.68426,,2
GRC,Greece,GB.XPD.RSDV.GD.ZS,Research and development expenditure (% of GDP),2010,0.60347,,2
GRC,Greece,GB.XPD.RSDV.GD.ZS,Research and development expenditure (% of GDP),2009,0.62557,,2
GRC,Greece,GB.XPD.RSDV.GD.ZS,Research and development expenditure (% of GDP),2008,0.66183,,2
GRC,Greece,GB.XPD.RSDV.GD.ZS,Research and development expenditure (% of GDP),2007,0.57655,,2
GRC,Greece,GB.XPD.RSDV.GD.ZS,Research and development expenditure (% of GDP),2006,0.56118,,2
GRC,Greece,GB.XPD.RSDV.GD.ZS,Research and development expenditure (% of GDP),2005,0.57896,,2
GRC,Greece,GB.XPD.RSDV.GD.ZS,Research and development expenditure (% of GDP),2004,0.5273,,2
GRC,Greece,GB.XPD.RSDV.GD.ZS,Research and development expenditure (% of GDP),2003,0.54654,,2
GRC,Greece,GB.XPD.RSDV.GD.ZS,Research and development expenditure (% of GDP),2001,0.55948,,2
GRC,Greece,GB.XPD.RSDV.GD.ZS,Research and development expenditure (% of GDP),1999,0.56823,,2
GRC,Greece,GB.XPD.RSDV.GD.ZS,Research and development expenditure (% of GDP),1997,0.4291,,2
GRL,Greenland,GB.XPD.RSDV.GD.ZS,Research and development expenditure (% of GDP),2004,0.64608,,2
GRL,Greenland,GB.XPD.RSDV.GD.ZS,Research and development expenditure (% of GDP),2003,0.50804,,2
GRL,Greenland,GB.XPD.RSDV.GD.ZS,Research and development expenditure (% of GDP),2002,0.55628,,2
GRL,Greenland,GB.XPD.RSDV.GD.ZS,Research and development expenditure (% of GDP),2001,0.52741,,2
GUM,Guam,GB.XPD.RSDV.GD.ZS,Research and development expenditure (% of GDP),2005,0.2561,,2
GUM,Guam,GB.XPD.RSDV.GD.ZS,Research and development expenditure (% of GDP),2004,0.25518,,2
GUM,Guam,GB.XPD.RSDV.GD.ZS,Research and development expenditure (% of GDP),2003,0.2657,,2
GTM,Guatemala,GB.XPD.RSDV.GD.ZS,Research and development expenditure (% of GDP),2021,0.05863,,2
GTM,Guatemala,GB.XPD.RSDV.GD.ZS,Research and development expenditure (% of GDP),2020,0.04888,,2
GTM,Guatemala,GB.XPD.RSDV.GD.ZS,Research and development expenditure (% of GDP),2019,0.02642,,2
GTM,Guatemala,GB.XPD.RSDV.GD.ZS,Research and development expenditure (% of GDP),2018,0.02938,,2
GTM,Guatemala,GB.XPD.RSDV.GD.ZS,Research and development expenditure (% of GDP),2017,0.02955,,2
GTM,Guatemala,GB.XPD.RSDV.GD.ZS,Research and development expenditure (% of GDP),2016,0.02311,,2
GTM,Guatemala,GB.XPD.RSDV.GD.ZS,Research and development expenditure (% of GDP),2015,0.03064,,2
GTM,Guatemala,GB.XPD.RSDV.GD.ZS,Research and development expenditure (% of GDP),2014,0.02949,,2
GTM,Guatemala,GB.XPD.RSDV.GD.ZS,Research and development expenditure (% of GDP),2013,0.03916,,2
GTM,Guatemala,GB.XPD.RSDV.GD.ZS,Research and development expenditure (% of GDP),2012,0.04543,,2
GTM,Guatemala,GB.XPD.RSDV.GD.ZS,Research and development expenditure (% of GDP),2011,0.04894,,2
GTM,Guatemala,GB.XPD.RSDV.GD.ZS,Research and development expenditure (% of GDP),2010,0.04421,,2
GTM,Guatemala,GB.XPD.RSDV.GD.ZS,Research and development expenditure (% of GDP),2009,0.0562,,2
GTM,Guatemala,GB.XPD.RSDV.GD.ZS,Research and development expenditure (% of GDP),2008,0.0629,,2
GTM,Guatemala,GB.XPD.RSDV.GD.ZS,Research and development expenditure (% of GDP),2007,0.06782,,2
GTM,Guatemala,GB.XPD.RSDV.GD.ZS,Research and development expenditure (% of GDP),2006,0.0501,,2
GTM,Guatemala,GB.XPD.RSDV.GD.ZS,Research and development expenditure (% of GDP),2005,0.03556,,2
HND,Honduras,GB.XPD.RSDV.GD.ZS,Research and development expenditure (% of GDP),2019,0.05997,,2
HND,Honduras,GB.XPD.RSDV.GD.ZS,Research and development expenditure (% of GDP),2018,0.06394,,2
HND,Honduras,GB.XPD.RSDV.GD.ZS,Research and development expenditure (% of GDP),2017,0.03994,,2
HND,Honduras,GB.XPD.RSDV.GD.ZS,Research and development expenditure (% of GDP),2015,0.01497,,2
HND,Honduras,GB.XPD.RSDV.GD.ZS,Research and development expenditure (% of GDP),2004,0.04155,,2
HND,Honduras,GB.XPD.RSDV.GD.ZS,Research and development expenditure (% of GDP),2003,0.04215,,2
HND,Honduras,GB.XPD.RSDV.GD.ZS,Research and development expenditure (% of GDP),2002,0.04181,,2
HND,Honduras,GB.XPD.RSDV.GD.ZS,Research and development expenditure (% of GDP),2001,0.03834,,2
HND,Honduras,GB.XPD.RSDV.GD.ZS,Research and development expenditure (% of GDP),2000,0.04453,,2
HKG,"Hong Kong SAR, China",GB.XPD.RSDV.GD.ZS,Research and development expenditure (% of GDP),2023,1.10339,,2
HKG,"Hong Kong SAR, China",GB.XPD.RSDV.GD.ZS,Research and development expenditure (% of GDP),2022,1.07288,,2
HKG,"Hong Kong SAR, China",GB.XPD.RSDV.GD.ZS,Research and development expenditure (% of GDP),2021,0.97026,,2
HKG,"Hong Kong SAR, China",GB.XPD.RSDV.GD.ZS,Research and development expenditure (% of GDP),2020,0.99236,,2
HKG,"Hong Kong SAR, China",GB.XPD.RSDV.GD.ZS,Research and development expenditure (% of GDP),2019,0.92557,,2
HKG,"Hong Kong SAR, China",GB.XPD.RSDV.GD.ZS,Research and development expenditure (% of GDP),2018,0.8633,,2
HKG,"Hong Kong SAR, China",GB.XPD.RSDV.GD.ZS,Research and development expenditure (% of GDP),2017,0.83519,,2
HKG,"Hong Kong SAR, China",GB.XPD.RSDV.GD.ZS,Research and development expenditure (% of GDP),2016,0.7915,,2
HKG,"Hong Kong SAR, China",GB.XPD.RSDV.GD.ZS,Research and development expenditure (% of GDP),2015,0.76183,,2
HKG,"Hong Kong SAR, China",GB.XPD.RSDV.GD.ZS,Research and development expenditure (% of GDP),2014,0.74014,,2
HKG,"Hong Kong SAR, China",GB.XPD.RSDV.GD.ZS,Research and development expenditure (% of GDP),2013,0.73017,,2
HKG,"Hong Kong SAR, China",GB.XPD.RSDV.GD.ZS,Research and development expenditure (% of GDP),2012,0.72733,,2
HKG,"Hong Kong SAR, China",GB.XPD.RSDV.GD.ZS,Research and development expenditure (% of GDP),2011,0.72086,,2
HKG,"Hong Kong SAR, China",GB.XPD.RSDV.GD.ZS,Research and development expenditure (% of GDP),2010,0.74946,,2
HKG,"Hong Kong SAR, China",GB.XPD.RSDV.GD.ZS,Research and development expenditure (% of GDP),2009,0.77342,,2
HKG,"Hong Kong SAR, China",GB.XPD.RSDV.GD.ZS,Research and development expenditure (% of GDP),2008,0.71996,,2
HKG,"Hong Kong SAR, China",GB.XPD.RSDV.GD.ZS,Research and development expenditure (% of GDP),2007,0.75161,,2
HKG,"Hong Kong SAR, China",GB.XPD.RSDV.GD.ZS,Research and development expenditure (% of GDP),2006,0.79468,,2
HKG,"Hong Kong SAR, China",GB.XPD.RSDV.GD.ZS,Research and development expenditure (% of GDP),2005,0.77343,,2
HKG,"Hong Kong SAR, China",GB.XPD.RSDV.GD.ZS,Research and development expenditure (% of GDP),2004,0.72176,,2
HKG,"Hong Kong SAR, China",GB.XPD.RSDV.GD.ZS,Research and development expenditure (% of GDP),2003,0.68027,,2
HKG,"Hong Kong SAR, China",GB.XPD.RSDV.GD.ZS,Research and development expenditure (% of GDP),2002,0.58147,,2
HKG,"Hong Kong SAR, China",GB.XPD.RSDV.GD.ZS,Research and development expenditure (% of GDP),2001,0.53645,,2
HKG,"Hong Kong SAR, China",GB.XPD.RSDV.GD.ZS,Research and development expenditure (% of GDP),2000,0.46493,,2
HKG,"Hong Kong SAR, China",GB.XPD.RSDV.GD.ZS,Research and development expenditure (% of GDP),1999,0.45767,,2
HKG,"Hong Kong SAR, China",GB.XPD.RSDV.GD.ZS,Research and development expenditure (% of GDP),1998,0.4283,,2
HUN,Hungary,GB.XPD.RSDV.GD.ZS,Research and development expenditure (% of GDP),2022,1.39473,,2
HUN,Hungary,GB.XPD.RSDV.GD.ZS,Research and development expenditure (% of GDP),2021,1.64379,,2
HUN,Hungary,GB.XPD.RSDV.GD.ZS,Research and development expenditure (% of GDP),2020,1.59252,,2
HUN,Hungary,GB.XPD.RSDV.GD.ZS,Research and development expenditure (% of GDP),2019,1.47291,,2
HUN,Hungary,GB.XPD.RSDV.GD.ZS,Research and development expenditure (% of GDP),2018,1.50775,,2
HUN,Hungary,GB.XPD.RSDV.GD.ZS,Research and development expenditure (% of GDP),2017,1.31702,,2
HUN,Hungary,GB.XPD.RSDV.GD.ZS,Research and development expenditure (% of GDP),2016,1.17987,,2
HUN,Hungary,GB.XPD.RSDV.GD.ZS,Research and development expenditure (% of GDP),2015,1.33959,,2
HUN,Hungary,GB.XPD.RSDV.GD.ZS,Research and development expenditure (% of GDP),2014,1.3446,,2
HUN,Hungary,GB.XPD.RSDV.GD.ZS,Research and development expenditure (% of GDP),2013,1.3841,,2
HUN,Hungary,GB.XPD.RSDV.GD.ZS,Research and development expenditure (% of GDP),2012,1.25423,,2
HUN,Hungary,GB.XPD.RSDV.GD.ZS,Research and development expenditure (% of GDP),2011,1.17925,,2
HUN,Hungary,GB.XPD.RSDV.GD.ZS,Research and development expenditure (% of GDP),2010,1.12865,,2
HUN,Hungary,GB.XPD.RSDV.GD.ZS,Research and development expenditure (% of GDP),2009,1.12802,,2
HUN,Hungary,GB.XPD.RSDV.GD.ZS,Research and development expenditure (% of GDP),2008,0.97757,,2
HUN,Hungary,GB.XPD.RSDV.GD.ZS,Research and development expenditure (% of GDP),2007,0.95445,,2
HUN,Hungary,GB.XPD.RSDV.GD.ZS,Research and development expenditure (% of GDP),2006,0.9774,,2
HUN,Hungary,GB.XPD.RSDV.GD.ZS,Research and development expenditure (% of GDP),2005,0.91951,,2
HUN,Hungary,GB.XPD.RSDV.GD.ZS,Research and development expenditure (% of GDP),2004,0.8599,,2
HUN,Hungary,GB.XPD.RSDV.GD.ZS,Research and development expenditure (% of GDP),2003,0.91883,,2
HUN,Hungary,GB.XPD.RSDV.GD.ZS,Research and development expenditure (% of GDP),2002,0.98355,,2
HUN,Hungary,GB.XPD.RSDV.GD.ZS,Research and development expenditure (% of GDP),2001,0.9131,,2
HUN,Hungary,GB.XPD.RSDV.GD.ZS,Research and development expenditure (% of GDP),2000,0.79096,,2
HUN,Hungary,GB.XPD.RSDV.GD.ZS,Research and development expenditure (% of GDP),1999,0.67186,,2
HUN,Hungary,GB.XPD.RSDV.GD.ZS,Research and development expenditure (% of GDP),1998,0.65711,,2
HUN,Hungary,GB.XPD.RSDV.GD.ZS,Research and development expenditure (% of GDP),1997,0.69895,,2
HUN,Hungary,GB.XPD.RSDV.GD.ZS,Research and development expenditure (% of GDP),1996,0.63027,,2
ISL,Iceland,GB.XPD.RSDV.GD.ZS,Research and development expenditure (% of GDP),2022,2.6004,,2
ISL,Iceland,GB.XPD.RSDV.GD.ZS,Research and development expenditure (% of GDP),2021,2.77875,,2
ISL,Iceland,GB.XPD.RSDV.GD.ZS,Research and development expenditure (% of GDP),2020,2.4864,,2
ISL,Iceland,GB.XPD.RSDV.GD.ZS,Research and development expenditure (% of GDP),2019,2.34018,,2
ISL,Iceland,GB.XPD.RSDV.GD.ZS,Research and development expenditure (% of GDP),2018,2.00081,,2
ISL,Iceland,GB.XPD.RSDV.GD.ZS,Research and development expenditure (% of GDP),2017,2.08365,,2
ISL,Iceland,GB.XPD.RSDV.GD.ZS,Research and development expenditure (% of GDP),2016,2.11011,,2
ISL,Iceland,GB.XPD.RSDV.GD.ZS,Research and development expenditure (% of GDP),2015,2.18138,,2
ISL,Iceland,GB.XPD.RSDV.GD.ZS,Research and development expenditure (% of GDP),2014,1.93616,,2
ISL,Iceland,GB.XPD.RSDV.GD.ZS,Research and development expenditure (% of GDP),2013,1.69238,,2
ISL,Iceland,GB.XPD.RSDV.GD.ZS,Research and development expenditure (% of GDP),2011,2.40367,,2
ISL,Iceland,GB.XPD.RSDV.GD.ZS,Research and development expenditure (% of GDP),2009,2.59713,,2
ISL,Iceland,GB.XPD.RSDV.GD.ZS,Research and development expenditure (% of GDP),2008,2.46414,,2
ISL,Iceland,GB.XPD.RSDV.GD.ZS,Research and development expenditure (% of GDP),2007,2.53294,,2
ISL,Iceland,GB.XPD.RSDV.GD.ZS,Research and development expenditure (% of GDP),2006,2.85266,,2
ISL,Iceland,GB.XPD.RSDV.GD.ZS,Research and development expenditure (% of GDP),2005,2.67969,,2
ISL,Iceland,GB.XPD.RSDV.GD.ZS,Research and development expenditure (% of GDP),2003,2.7055,,2
ISL,Iceland,GB.XPD.RSDV.GD.ZS,Research and development expenditure (% of GDP),2002,2.8212,,2
ISL,Iceland,GB.XPD.RSDV.GD.ZS,Research and development expenditure (% of GDP),2001,2.83989,,2
ISL,Iceland,GB.XPD.RSDV.GD.ZS,Research and development expenditure (% of GDP),2000,2.57201,,2
ISL,Iceland,GB.XPD.RSDV.GD.ZS,Research and development expenditure (% of GDP),1999,2.23506,,2
ISL,Iceland,GB.XPD.RSDV.GD.ZS,Research and development expenditure (% of GDP),1998,1.95099,,2
ISL,Iceland,GB.XPD.RSDV.GD.ZS,Research and development expenditure (% of GDP),1997,1.79808,,2
IND,India,GB.XPD.RSDV.GD.ZS,Research and development expenditure (% of GDP),2020,0.64558,,2
IND,India,GB.XPD.RSDV.GD.ZS,Research and development expenditure (% of GDP),2019,0.65942,,2
IND,India,GB.XPD.RSDV.GD.ZS,Research and development expenditure (% of GDP),2018,0.66001,,2
IND,India,GB.XPD.RSDV.GD.ZS,Research and development expenditure (% of GDP),2017,0.66603,,2
IND,India,GB.XPD.RSDV.GD.ZS,Research and development expenditure (% of GDP),2016,0.66984,,2
IND,India,GB.XPD.RSDV.GD.ZS,Research and development expenditure (% of GDP),2015,0.6931,,2
IND,India,GB.XPD.RSDV.GD.ZS,Research and development expenditure (% of GDP),2014,0.70159,,2
IND,India,GB.XPD.RSDV.GD.ZS,Research and development expenditure (% of GDP),2013,0.70642,,2
IND,India,GB.XPD.RSDV.GD.ZS,Research and development expenditure (% of GDP),2012,0.74399,,2
IND,India,GB.XPD.RSDV.GD.ZS,Research and development expenditure (% of GDP),2011,0.75502,,2
IND,India,GB.XPD.RSDV.GD.ZS,Research and development expenditure (% of GDP),2010,0.78849,,2
IND,India,GB.XPD.RSDV.GD.ZS,Research and development expenditure (% of GDP),2009,0.83314,,2
IND,India,GB.XPD.RSDV.GD.ZS,Research and development expenditure (% of GDP),2008,0.85876,,2
IND,India,GB.XPD.RSDV.GD.ZS,Research and development expenditure (% of GDP),2007,0.80507,,2
IND,India,GB.XPD.RSDV.GD.ZS,Research and development expenditure (% of GDP),2006,0.80473,,2
IND,India,GB.XPD.RSDV.GD.ZS,Research and development expenditure (% of GDP),2005,0.82411,,2
IND,India,GB.XPD.RSDV.GD.ZS,Research and development expenditure (% of GDP),2004,0.7569,,2
IND,India,GB.XPD.RSDV.GD.ZS,Research and development expenditure (% of GDP),2003,0.71929,,2
IND,India,GB.XPD.RSDV.GD.ZS,Research and development expenditure (% of GDP),2002,0.72567,,2
IND,India,GB.XPD.RSDV.GD.ZS,Research and development expenditure (% of GDP),2001,0.73591,,2
IND,India,GB.XPD.RSDV.GD.ZS,Research and development expenditure (% of GDP),2000,0.75699,,2
IND,India,GB.XPD.RSDV.GD.ZS,Research and development expenditure (% of GDP),1999,0.72413,,2
IND,India,GB.XPD.RSDV.GD.ZS,Research and development expenditure (% of GDP),1998,0.70379,,2
IND,India,GB.XPD.RSDV.GD.ZS,Research and development expenditure (% of GDP),1997,0.68669,,2
IND,India,GB.XPD.RSDV.GD.ZS,Research and development expenditure (% of GDP),1996,0.63905,,2
IDN,Indonesia,GB.XPD.RSDV.GD.ZS,Research and development expenditure (% of GDP),2020,0.28068,,2
IDN,Indonesia,GB.XPD.RSDV.GD.ZS,Research and development expenditure (% of GDP),2019,0.27129,,2
IDN,Indonesia,GB.XPD.RSDV.GD.ZS,Research and development expenditure (% of GDP),2018,0.22632,,2
IDN,Indonesia,GB.XPD.RSDV.GD.ZS,Research and development expenditure (% of GDP),2017,0.23805,,2
IDN,Indonesia,GB.XPD.RSDV.GD.ZS,Research and development expenditure (% of GDP),2016,0.24535,,2
IDN,Indonesia,GB.XPD.RSDV.GD.ZS,Research and development expenditure (% of GDP),2013,0.0847,,2
IDN,Indonesia,GB.XPD.RSDV.GD.ZS,Research and development expenditure (% of GDP),2009,0.08332,,2
IDN,Indonesia,GB.XPD.RSDV.GD.ZS,Research and development expenditure (% of GDP),2001,0.04756,,2
IDN,Indonesia,GB.XPD.RSDV.GD.ZS,Research and development expenditure (% of GDP),2000,0.06769,,2
IRN,"Iran, Islamic Rep.",GB.XPD.RSDV.GD.ZS,Research and development expenditure (% of GDP),2021,0.72665,,2
IRN,"Iran, Islamic Rep.",GB.XPD.RSDV.GD.ZS,Research and development expenditure (% of GDP),2019,0.78829,,2
IRN,"Iran, Islamic Rep.",GB.XPD.RSDV.GD.ZS,Research and development expenditure (% of GDP),2017,0.75983,,2
IRN,"Iran, Islamic Rep.",GB.XPD.RSDV.GD.ZS,Research and development expenditure (% of GDP),2015,0.39383,,2
IRN,"Iran, Islamic Rep.",GB.XPD.RSDV.GD.ZS,Research and development expenditure (% of GDP),2013,0.23601,,2
IRN,"Iran, Islamic Rep.",GB.XPD.RSDV.GD.ZS,Research and development expenditure (% of GDP),2012,0.29435,,2
IRN,"Iran, Islamic Rep.",GB.XPD.RSDV.GD.ZS,Research and development expenditure (% of GDP),2010,0.26442,,2
IRN,"Iran, Islamic Rep.",GB.XPD.RSDV.GD.ZS,Research and development expenditure (% of GDP),2009,0.27258,,2
IRN,"Iran, Islamic Rep.",GB.XPD.RSDV.GD.ZS,Research and development expenditure (% of GDP),2008,0.64647,,2
IRN,"Iran, Islamic Rep.",GB.XPD.RSDV.GD.ZS,Research and development expenditure (% of GDP),2006,0.55921,,2
IRN,"Iran, Islamic Rep.",GB.XPD.RSDV.GD.ZS,Research and development expenditure (% of GDP),2005,0.62284,,2
IRN,"Iran, Islamic Rep.",GB.XPD.RSDV.GD.ZS,Research and development expenditure (% of GDP),2004,0.50453,,2
IRN,"Iran, Islamic Rep.",GB.XPD.RSDV.GD.ZS,Research and development expenditure (% of GDP),2003,0.59484,,2
IRN,"Iran, Islamic Rep.",GB.XPD.RSDV.GD.ZS,Research and development expenditure (% of GDP),2002,0.49558,,2
IRN,"Iran, Islamic Rep.",GB.XPD.RSDV.GD.ZS,Research and development expenditure (% of GDP),2001,0.50218,,2
IRQ,Iraq,GB.XPD.RSDV.GD.ZS,Research and development expenditure (% of GDP),2021,0.0407,,2
IRQ,Iraq,GB.XPD.RSDV.GD.ZS,Research and development expenditure (% of GDP),2020,0.04053,,2
IRQ,Iraq,GB.XPD.RSDV.GD.ZS,Research and development expenditure (% of GDP),2019,0.03266,,2
IRQ,Iraq,GB.XPD.RSDV.GD.ZS,Research and development expenditure (% of GDP),2018,0.04279,,2
IRQ,Iraq,GB.XPD.RSDV.GD.ZS,Research and development expenditure (% of GDP),2017,0.04596,,2
IRQ,Iraq,GB.XPD.RSDV.GD.ZS,Research and development expenditure (% of GDP),2016,0.03737,,2
IRQ,Iraq,GB.XPD.RSDV.GD.ZS,Research and development expenditure (% of GDP),2015,0.04017,,2
IRQ,Iraq,GB.XPD.RSDV.GD.ZS,Research and development expenditure (% of GDP),2014,0.03835,,2
IRQ,Iraq,GB.XPD.RSDV.GD.ZS,Research and development expenditure (% of GDP),2011,0.03476,,2
IRQ,Iraq,GB.XPD.RSDV.GD.ZS,Research and development expenditure (% of GDP),2010,0.03684,,2
IRQ,Iraq,GB.XPD.RSDV.GD.ZS,Research and development expenditure (% of GDP),2009,0.04562,,2
IRQ,Iraq,GB.XPD.RSDV.GD.ZS,Research and development expenditure (% of GDP),2008,0.03435,,2
IRQ,Iraq,GB.XPD.RSDV.GD.ZS,Research and development expenditure (% of GDP),2007,0.04554,,2
IRL,Ireland,GB.XPD.RSDV.GD.ZS,Research and development expenditure (% of GDP),2022,0.96264,,2
IRL,Ireland,GB.XPD.RSDV.GD.ZS,Research and development expenditure (% of GDP),2021,1.11065,,2
IRL,Ireland,GB.XPD.RSDV.GD.ZS,Research and development expenditure (% of GDP),2020,1.14551,,2
IRL,Ireland,GB.XPD.RSDV.GD.ZS,Research and development expenditure (% of GDP),2019,1.16068,,2
IRL,Ireland,GB.XPD.RSDV.GD.ZS,Research and development expenditure (% of GDP),2018,1.10698,,2
IRL,Ireland,GB.XPD.RSDV.GD.ZS,Research and development expenditure (% of GDP),2017,1.24866,,2
IRL,Ireland,GB.XPD.RSDV.GD.ZS,Research and development expenditure (% of GDP),2016,1.17716,,2
IRL,Ireland,GB.XPD.RSDV.GD.ZS,Research and development expenditure (% of GDP),2015,1.17974,,2
IRL,Ireland,GB.XPD.RSDV.GD.ZS,Research and development expenditure (% of GDP),2014,1.51798,,2
IRL,Ireland,GB.XPD.RSDV.GD.ZS,Research and development expenditure (% of GDP),2013,1.56908,,2
IRL,Ireland,GB.XPD.RSDV.GD.ZS,Research and development expenditure (% of GDP),2012,1.56028,,2
IRL,Ireland,GB.XPD.RSDV.GD.ZS,Research and development expenditure (% of GDP),2011,1.55153,,2
IRL,Ireland,GB.XPD.RSDV.GD.ZS,Research and development expenditure (% of GDP),2010,1.59477,,2
IRL,Ireland,GB.XPD.RSDV.GD.ZS,Research and development expenditure (% of GDP),2009,1.61371,,2
IRL,Ireland,GB.XPD.RSDV.GD.ZS,Research and development expenditure (% of GDP),2008,1.39126,,2
IRL,Ireland,GB.XPD.RSDV.GD.ZS,Research and development expenditure (% of GDP),2007,1.23408,,2
IRL,Ireland,GB.XPD.RSDV.GD.ZS,Research and development expenditure (% of GDP),2006,1.19887,,2
IRL,Ireland,GB.XPD.RSDV.GD.ZS,Research and development expenditure (% of GDP),2005,1.19197,,2
IRL,Ireland,GB.XPD.RSDV.GD.ZS,Research and development expenditure (% of GDP),2004,1.17778,,2
IRL,Ireland,GB.XPD.RSDV.GD.ZS,Research and development expenditure (% of GDP),2003,1.12435,,2
IRL,Ireland,GB.XPD.RSDV.GD.ZS,Research and development expenditure (% of GDP),2002,1.05575,,2
IRL,Ireland,GB.XPD.RSDV.GD.ZS,Research and development expenditure (% of GDP),2001,1.05194,,2
IRL,Ireland,GB.XPD.RSDV.GD.ZS,Research and development expenditure (% of GDP),2000,1.08383,,2
IRL,Ireland,GB.XPD.RSDV.GD.ZS,Research and development expenditure (% of GDP),1999,1.15141,,2
IRL,Ireland,GB.XPD.RSDV.GD.ZS,Research and development expenditure (% of GDP),1998,1.20801,,2
IRL,Ireland,GB.XPD.RSDV.GD.ZS,Research and development expenditure (% of GDP),1997,1.24271,,2
IRL,Ireland,GB.XPD.RSDV.GD.ZS,Research and development expenditure (% of GDP),1996,1.27156,,2
ISR,Israel,GB.XPD.RSDV.GD.ZS,Research and development expenditure (% of GDP),2022,6.01924,,2
ISR,Israel,GB.XPD.RSDV.GD.ZS,Research and development expenditure (% of GDP),2021,5.78276,,2
ISR,Israel,GB.XPD.RSDV.GD.ZS,Research and development expenditure (% of GDP),2020,5.79681,,2
ISR,Israel,GB.XPD.RSDV.GD.ZS,Research and development expenditure (% of GDP),2019,5.33099,,2
ISR,Israel,GB.XPD.RSDV.GD.ZS,Research and development expenditure (% of GDP),2018,4.91451,,2
ISR,Israel,GB.XPD.RSDV.GD.ZS,Research and development expenditure (% of GDP),2017,4.74306,,2
ISR,Israel,GB.XPD.RSDV.GD.ZS,Research and development expenditure (% of GDP),2016,4.58822,,2
ISR,Israel,GB.XPD.RSDV.GD.ZS,Research and development expenditure (% of GDP),2015,4.29841,,2
ISR,Israel,GB.XPD.RSDV.GD.ZS,Research and development expenditure (% of GDP),2014,4.20531,,2
ISR,Israel,GB.XPD.RSDV.GD.ZS,Research and development expenditure (% of GDP),2013,4.11678,,2
ISR,Israel,GB.XPD.RSDV.GD.ZS,Research and development expenditure (% of GDP),2012,4.08052,,2
ISR,Israel,GB.XPD.RSDV.GD.ZS,Research and development expenditure (% of GDP),2011,3.93521,,2
ISR,Israel,GB.XPD.RSDV.GD.ZS,Research and development expenditure (% of GDP),2010,3.86329,,2
ISR,Israel,GB.XPD.RSDV.GD.ZS,Research and development expenditure (% of GDP),2009,4.04516,,2
ISR,Israel,GB.XPD.RSDV.GD.ZS,Research and development expenditure (% of GDP),2008,4.25512,,2
ISR,Israel,GB.XPD.RSDV.GD.ZS,Research and development expenditure (% of GDP),2007,4.29998,,2
ISR,Israel,GB.XPD.RSDV.GD.ZS,Research and development expenditure (% of GDP),2006,4.01998,,2
ISR,Israel,GB.XPD.RSDV.GD.ZS,Research and development expenditure (% of GDP),2005,3.92282,,2
ISR,Israel,GB.XPD.RSDV.GD.ZS,Research and development expenditure (% of GDP),2004,3.74903,,2
ISR,Israel,GB.XPD.RSDV.GD.ZS,Research and development expenditure (% of GDP),2003,3.76454,,2
ISR,Israel,GB.XPD.RSDV.GD.ZS,Research and development expenditure (% of GDP),2002,4.00064,,2
ISR,Israel,GB.XPD.RSDV.GD.ZS,Research and development expenditure (% of GDP),2001,4.0644,,2
ISR,Israel,GB.XPD.RSDV.GD.ZS,Research and development expenditure (% of GDP),2000,3.82652,,2
ISR,Israel,GB.XPD.RSDV.GD.ZS,Research and development expenditure (% of GDP),1999,3.22512,,2
ISR,Israel,GB.XPD.RSDV.GD.ZS,Research and development expenditure (% of GDP),1998,2.8187,,2
ISR,Israel,GB.XPD.RSDV.GD.ZS,Research and development expenditure (% of GDP),1997,2.70895,,2
ISR,Israel,GB.XPD.RSDV.GD.ZS,Research and development expenditure (% of GDP),1996,2.48851,,2
ITA,Italy,GB.XPD.RSDV.GD.ZS,Research and development expenditure (% of GDP),2022,1.39014,,2
ITA,Italy,GB.XPD.RSDV.GD.ZS,Research and development expenditure (% of GDP),2021,1.42658,,2
ITA,Italy,GB.XPD.RSDV.GD.ZS,Research and development expenditure (% of GDP),2020,1.5066,,2
ITA,Italy,GB.XPD.RSDV.GD.ZS,Research and development expenditure (% of GDP),2019,1.46159,,2
ITA,Italy,GB.XPD.RSDV.GD.ZS,Research and development expenditure (% of GDP),2018,1.42443,,2
ITA,Italy,GB.XPD.RSDV.GD.ZS,Research and development expenditure (% of GDP),2017,1.37013,,2
ITA,Italy,GB.XPD.RSDV.GD.ZS,Research and development expenditure (% of GDP),2016,1.36642,,2
ITA,Italy,GB.XPD.RSDV.GD.ZS,Research and development expenditure (% of GDP),2015,1.3385,,2
ITA,Italy,GB.XPD.RSDV.GD.ZS,Research and development expenditure (% of GDP),2014,1.3384,,2
ITA,Italy,GB.XPD.RSDV.GD.ZS,Research and development expenditure (% of GDP),2013,1.30107,,2
ITA,Italy,GB.XPD.RSDV.GD.ZS,Research and development expenditure (% of GDP),2012,1.26219,,2
ITA,Italy,GB.XPD.RSDV.GD.ZS,Research and development expenditure (% of GDP),2011,1.20155,,2
ITA,Italy,GB.XPD.RSDV.GD.ZS,Research and development expenditure (% of GDP),2010,1.21797,,2
ITA,Italy,GB.XPD.RSDV.GD.ZS,Research and development expenditure (% of GDP),2009,1.21787,,2
ITA,Italy,GB.XPD.RSDV.GD.ZS,Research and development expenditure (% of GDP),2008,1.15972,,2
ITA,Italy,GB.XPD.RSDV.GD.ZS,Research and development expenditure (% of GDP),2007,1.12899,,2
ITA,Italy,GB.XPD.RSDV.GD.ZS,Research and development expenditure (% of GDP),2006,1.08401,,2
ITA,Italy,GB.XPD.RSDV.GD.ZS,Research and development expenditure (% of GDP),2005,1.04435,,2
ITA,Italy,GB.XPD.RSDV.GD.ZS,Research and development expenditure (% of GDP),2004,1.05025,,2
ITA,Italy,GB.XPD.RSDV.GD.ZS,Research and development expenditure (% of GDP),2003,1.05894,,2
ITA,Italy,GB.XPD.RSDV.GD.ZS,Research and development expenditure (% of GDP),2002,1.08124,,2
ITA,Italy,GB.XPD.RSDV.GD.ZS,Research and development expenditure (% of GDP),2001,1.0407,,2
ITA,Italy,GB.XPD.RSDV.GD.ZS,Research and development expenditure (% of GDP),2000,1.00364,,2
ITA,Italy,GB.XPD.RSDV.GD.ZS,Research and development expenditure (% of GDP),1999,0.98065,,2
ITA,Italy,GB.XPD.RSDV.GD.ZS,Research and development expenditure (% of GDP),1998,1.00487,,2
ITA,Italy,GB.XPD.RSDV.GD.ZS,Research and development expenditure (% of GDP),1997,0.98769,,2
ITA,Italy,GB.XPD.RSDV.GD.ZS,Research and development expenditure (% of GDP),1996,0.9459,,2
JAM,Jamaica,GB.XPD.RSDV.GD.ZS,Research and development expenditure (% of GDP),2002,0.06096,,2
JAM,Jamaica,GB.XPD.RSDV.GD.ZS,Research and development expenditure (% of GDP),2001,0.0491,,2
JPN,Japan,GB.XPD.RSDV.GD.ZS,Research and development expenditure (% of GDP),2022,3.40537,,2
JPN,Japan,GB.XPD.RSDV.GD.ZS,Research and development expenditure (% of GDP),2021,3.27677,,2
JPN,Japan,GB.XPD.RSDV.GD.ZS,Research and development expenditure (% of GDP),2020,3.26458,,2
JPN,Japan,GB.XPD.RSDV.GD.ZS,Research and development expenditure (% of GDP),2019,3.21824,,2
JPN,Japan,GB.XPD.RSDV.GD.ZS,Research and development expenditure (% of GDP),2018,3.2192,,2
JPN,Japan,GB.XPD.RSDV.GD.ZS,Research and development expenditure (% of GDP),2017,3.16636,,2
JPN,Japan,GB.XPD.RSDV.GD.ZS,Research and development expenditure (% of GDP),2016,3.10666,,2
JPN,Japan,GB.XPD.RSDV.GD.ZS,Research and development expenditure (% of GDP),2015,3.24071,,2
JPN,Japan,GB.XPD.RSDV.GD.ZS,Research and development expenditure (% of GDP),2014,3.36788,,2
JPN,Japan,GB.XPD.RSDV.GD.ZS,Research and development expenditure (% of GDP),2013,3.27896,,2
JPN,Japan,GB.XPD.RSDV.GD.ZS,Research and development expenditure (% of GDP),2012,3.17371,,2
JPN,Japan,GB.XPD.RSDV.GD.ZS,Research and development expenditure (% of GDP),2011,3.20537,,2
JPN,Japan,GB.XPD.RSDV.GD.ZS,Research and development expenditure (% of GDP),2010,3.10495,,2
JPN,Japan,GB.XPD.RSDV.GD.ZS,Research and development expenditure (% of GDP),2009,3.1959,,2
JPN,Japan,GB.XPD.RSDV.GD.ZS,Research and development expenditure (% of GDP),2008,3.29224,,2
JPN,Japan,GB.XPD.RSDV.GD.ZS,Research and development expenditure (% of GDP),2007,3.29257,,2
JPN,Japan,GB.XPD.RSDV.GD.ZS,Research and development expenditure (% of GDP),2006,3.22766,,2
JPN,Japan,GB.XPD.RSDV.GD.ZS,Research and development expenditure (% of GDP),2005,3.13092,,2
JPN,Japan,GB.XPD.RSDV.GD.ZS,Research and development expenditure (% of GDP),2004,2.98125,,2
JPN,Japan,GB.XPD.RSDV.GD.ZS,Research and development expenditure (% of GDP),2003,2.9932,,2
JPN,Japan,GB.XPD.RSDV.GD.ZS,Research and development expenditure (% of GDP),2002,2.96514,,2
JPN,Japan,GB.XPD.RSDV.GD.ZS,Research and development expenditure (% of GDP),2001,2.92348,,2
JPN,Japan,GB.XPD.RSDV.GD.ZS,Research and development expenditure (% of GDP),2000,2.85841,,2
JPN,Japan,GB.XPD.RSDV.GD.ZS,Research and development expenditure (% of GDP),1999,2.84672,,2
JPN,Japan,GB.XPD.RSDV.GD.ZS,Research and development expenditure (% of GDP),1998,2.82745,,2
JPN,Japan,GB.XPD.RSDV.GD.ZS,Research and development expenditure (% of GDP),1997,2.72177,,2
JPN,Japan,GB.XPD.RSDV.GD.ZS,Research and development expenditure (% of GDP),1996,2.64303,,2
JOR,Jordan,GB.XPD.RSDV.GD.ZS,Research and development expenditure (% of GDP),2016,0.69547,,2
JOR,Jordan,GB.XPD.RSDV.GD.ZS,Research and development expenditure (% of GDP),2008,0.42154,,2
JOR,Jordan,GB.XPD.RSDV.GD.ZS,Research and development expenditure (% of GDP),2002,0.33689,,2
KAZ,Kazakhstan,GB.XPD.RSDV.GD.ZS,Research and development expenditure (% of GDP),2023,0.14472,,2
KAZ,Kazakhstan,GB.XPD.RSDV.GD.ZS,Research and development expenditure (% of GDP),2022,0.11715,,2
KAZ,Kazakhstan,GB.XPD.RSDV.GD.ZS,Research and development expenditure (% of GDP),2021,0.13023,,2
KAZ,Kazakhstan,GB.XPD.RSDV.GD.ZS,Research and development expenditure (% of GDP),2020,0.12602,,2
KAZ,Kazakhstan,GB.XPD.RSDV.GD.ZS,Research and development expenditure (% of GDP),2019,0.11841,,2
KAZ,Kazakhstan,GB.XPD.RSDV.GD.ZS,Research and development expenditure (% of GDP),2018,0.11683,,2
KAZ,Kazakhstan,GB.XPD.RSDV.GD.ZS,Research and development expenditure (% of GDP),2017,0.12667,,2
KAZ,Kazakhstan,GB.XPD.RSDV.GD.ZS,Research and development expenditure (% of GDP),2016,0.14179,,2
KAZ,Kazakhstan,GB.XPD.RSDV.GD.ZS,Research and development expenditure (% of GDP),2015,0.16951,,2
KAZ,Kazakhstan,GB.XPD.RSDV.GD.ZS,Research and development expenditure (% of GDP),2014,0.16722,,2
KAZ,Kazakhstan,GB.XPD.RSDV.GD.ZS,Research and development expenditure (% of GDP),2013,0.17132,,2
KAZ,Kazakhstan,GB.XPD.RSDV.GD.ZS,Research and development expenditure (% of GDP),2012,0.16525,,2
KAZ,Kazakhstan,GB.XPD.RSDV.GD.ZS,Research and development expenditure (% of GDP),2011,0.15349,,2
KAZ,Kazakhstan,GB.XPD.RSDV.GD.ZS,Research and development expenditure (% of GDP),2010,0.15341,,2
KAZ,Kazakhstan,GB.XPD.RSDV.GD.ZS,Research and development expenditure (% of GDP),2009,0.22924,,2
KAZ,Kazakhstan,GB.XPD.RSDV.GD.ZS,Research and development expenditure (% of GDP),2008,0.21654,,2
KAZ,Kazakhstan,GB.XPD.RSDV.GD.ZS,Research and development expenditure (% of GDP),2007,0.20884,,2
KAZ,Kazakhstan,GB.XPD.RSDV.GD.ZS,Research and development expenditure (% of GDP),2006,0.24281,,2
KAZ,Kazakhstan,GB.XPD.RSDV.GD.ZS,Research and development expenditure (% of GDP),2005,0.28361,,2
KAZ,Kazakhstan,GB.XPD.RSDV.GD.ZS,Research and development expenditure (% of GDP),2004,0.24837,,2
KAZ,Kazakhstan,GB.XPD.RSDV.GD.ZS,Research and development expenditure (% of GDP),2003,0.25246,,2
KAZ,Kazakhstan,GB.XPD.RSDV.GD.ZS,Research and development expenditure (% of GDP),2002,0.25509,,2
KAZ,Kazakhstan,GB.XPD.RSDV.GD.ZS,Research and development expenditure (% of GDP),2001,0.22009,,2
KAZ,Kazakhstan,GB.XPD.RSDV.GD.ZS,Research and development expenditure (% of GDP),2000,0.18104,,2
KAZ,Kazakhstan,GB.XPD.RSDV.GD.ZS,Research and development expenditure (% of GDP),1999,0.18383,,2
KAZ,Kazakhstan,GB.XPD.RSDV.GD.ZS,Research and development expenditure (% of GDP),1998,0.22039,,2
KAZ,Kazakhstan,GB.XPD.RSDV.GD.ZS,Research and development expenditure (% of GDP),1997,0.29337,,2
KEN,Kenya,GB.XPD.RSDV.GD.ZS,Research and development expenditure (% of GDP),2023,0.80874,,2
KEN,Kenya,GB.XPD.RSDV.GD.ZS,Research and development expenditure (% of GDP),2022,0.41019,,2
KEN,Kenya,GB.XPD.RSDV.GD.ZS,Research and development expenditure (% of GDP),2010,0.69222,,2
KEN,Kenya,GB.XPD.RSDV.GD.ZS,Research and development expenditure (% of GDP),2007,0.35521,,2
KOR,"Korea, Rep.",GB.XPD.RSDV.GD.ZS,Research and development expenditure (% of GDP),2022,5.21081,,2
KOR,"Korea, Rep.",GB.XPD.RSDV.GD.ZS,Research and development expenditure (% of GDP),2021,4.90988,,2
KOR,"Korea, Rep.",GB.XPD.RSDV.GD.ZS,Research and development expenditure (% of GDP),2020,4.79571,,2
KOR,"Korea, Rep.",GB.XPD.RSDV.GD.ZS,Research and development expenditure (% of GDP),2019,4.62703,,2
KOR,"Korea, Rep.",GB.XPD.RSDV.GD.ZS,Research and development expenditure (% of GDP),2018,4.51633,,2
KOR,"Korea, Rep.",GB.XPD.RSDV.GD.ZS,Research and development expenditure (% of GDP),2017,4.29206,,2
KOR,"Korea, Rep.",GB.XPD.RSDV.GD.ZS,Research and development expenditure (% of GDP),2016,3.98704,,2
KOR,"Korea, Rep.",GB.XPD.RSDV.GD.ZS,Research and development expenditure (% of GDP),2015,3.9782,,2
KOR,"Korea, Rep.",GB.XPD.RSDV.GD.ZS,Research and development expenditure (% of GDP),2014,4.07786,,2
KOR,"Korea, Rep.",GB.XPD.RSDV.GD.ZS,Research and development expenditure (% of GDP),2013,3.95124,,2
KOR,"Korea, Rep.",GB.XPD.RSDV.GD.ZS,Research and development expenditure (% of GDP),2012,3.8504,,2
KOR,"Korea, Rep.",GB.XPD.RSDV.GD.ZS,Research and development expenditure (% of GDP),2011,3.59199,,2
KOR,"Korea, Rep.",GB.XPD.RSDV.GD.ZS,Research and development expenditure (% of GDP),2010,3.31578,,2
KOR,"Korea, Rep.",GB.XPD.RSDV.GD.ZS,Research and development expenditure (% of GDP),2009,3.14669,,2
KOR,"Korea, Rep.",GB.XPD.RSDV.GD.ZS,Research and development expenditure (% of GDP),2008,2.98887,,2
KOR,"Korea, Rep.",GB.XPD.RSDV.GD.ZS,Research and development expenditure (% of GDP),2007,2.87258,,2
KOR,"Korea, Rep.",GB.XPD.RSDV.GD.ZS,Research and development expenditure (% of GDP),2006,2.71934,,2
KOR,"Korea, Rep.",GB.XPD.RSDV.GD.ZS,Research and development expenditure (% of GDP),2005,2.5229,,2
KOR,"Korea, Rep.",GB.XPD.RSDV.GD.ZS,Research and development expenditure (% of GDP),2004,2.44214,,2
KOR,"Korea, Rep.",GB.XPD.RSDV.GD.ZS,Research and development expenditure (% of GDP),2003,2.27722,,2
KOR,"Korea, Rep.",GB.XPD.RSDV.GD.ZS,Research and development expenditure (% of GDP),2002,2.20774,,2
KOR,"Korea, Rep.",GB.XPD.RSDV.GD.ZS,Research and development expenditure (% of GDP),2001,2.27865,,2
KOR,"Korea, Rep.",GB.XPD.RSDV.GD.ZS,Research and development expenditure (% of GDP),2000,2.12519,,2
KOR,"Korea, Rep.",GB.XPD.RSDV.GD.ZS,Research and development expenditure (% of GDP),1999,2.01567,,2
KOR,"Korea, Rep.",GB.XPD.RSDV.GD.ZS,Research and development expenditure (% of GDP),1998,2.11026,,2
KOR,"Korea, Rep.",GB.XPD.RSDV.GD.ZS,Research and development expenditure (% of GDP),1997,2.2483,,2
KOR,"Korea, Rep.",GB.XPD.RSDV.GD.ZS,Research and development expenditure (% of GDP),1996,2.21616,,2
KWT,Kuwait,GB.XPD.RSDV.GD.ZS,Research and development expenditure (% of GDP),2023,0.0976,,2
KWT,Kuwait,GB.XPD.RSDV.GD.ZS,Research and development expenditure (% of GDP),2022,0.08041,,2
KWT,Kuwait,GB.XPD.RSDV.GD.ZS,Research and development expenditure (% of GDP),2020,0.1839,,2
KWT,Kuwait,GB.XPD.RSDV.GD.ZS,Research and development expenditure (% of GDP),2019,0.18801,,2
KWT,Kuwait,GB.XPD.RSDV.GD.ZS,Research and development expenditure (% of GDP),2018,0.06349,,2
KWT,Kuwait,GB.XPD.RSDV.GD.ZS,Research and development expenditure (% of GDP),2017,0.0804,,2
KWT,Kuwait,GB.XPD.RSDV.GD.ZS,Research and development expenditure (% of GDP),2016,0.07985,,2
KWT,Kuwait,GB.XPD.RSDV.GD.ZS,Research and development expenditure (% of GDP),2015,0.0966,,2
KWT,Kuwait,GB.XPD.RSDV.GD.ZS,Research and development expenditure (% of GDP),2014,0.42705,,2
KWT,Kuwait,GB.XPD.RSDV.GD.ZS,Research and development expenditure (% of GDP),2013,0.30153,,2
KWT,Kuwait,GB.XPD.RSDV.GD.ZS,Research and development expenditure (% of GDP),2012,0.09721,,2
KWT,Kuwait,GB.XPD.RSDV.GD.ZS,Research and development expenditure (% of GDP),2011,0.09898,,2
KWT,Kuwait,GB.XPD.RSDV.GD.ZS,Research and development expenditure (% of GDP),2010,0.1014,,2
KWT,Kuwait,GB.XPD.RSDV.GD.ZS,Research and development expenditure (% of GDP),2009,0.11213,,2
KWT,Kuwait,GB.XPD.RSDV.GD.ZS,Research and development expenditure (% of GDP),2008,0.08551,,2
KWT,Kuwait,GB.XPD.RSDV.GD.ZS,Research and development expenditure (% of GDP),2007,0.08585,,2
KWT,Kuwait,GB.XPD.RSDV.GD.ZS,Research and development expenditure (% of GDP),2006,0.08479,,2
KWT,Kuwait,GB.XPD.RSDV.GD.ZS,Research and development expenditure (% of GDP),2005,0.10083,,2
KWT,Kuwait,GB.XPD.RSDV.GD.ZS,Research and development expenditure (% of GDP),2004,0.1301,,2
KWT,Kuwait,GB.XPD.RSDV.GD.ZS,Research and development expenditure (% of GDP),2003,0.14347,,2
KWT,Kuwait,GB.XPD.RSDV.GD.ZS,Research and development expenditure (% of GDP),2002,0.18001,,2
KWT,Kuwait,GB.XPD.RSDV.GD.ZS,Research and development expenditure (% of GDP),2001,0.17884,,2
KWT,Kuwait,GB.XPD.RSDV.GD.ZS,Research and development expenditure (% of GDP),2000,0.12542,,2
KWT,Kuwait,GB.XPD.RSDV.GD.ZS,Research and development expenditure (% of GDP),1999,0.19763,,2
KWT,Kuwait,GB.XPD.RSDV.GD.ZS,Research and development expenditure (% of GDP),1998,0.25796,,2
KWT,Kuwait,GB.XPD.RSDV.GD.ZS,Research and development expenditure (% of GDP),1997,0.20538,,2
KGZ,Kyrgyz Republic,GB.XPD.RSDV.GD.ZS,Research and development expenditure (% of GDP),2023,0.05876,,2
KGZ,Kyrgyz Republic,GB.XPD.RSDV.GD.ZS,Research and development expenditure (% of GDP),2022,0.06922,,2
KGZ,Kyrgyz Republic,GB.XPD.RSDV.GD.ZS,Research and development expenditure (% of GDP),2021,0.07102,,2
KGZ,Kyrgyz Republic,GB.XPD.RSDV.GD.ZS,Research and development expenditure (% of GDP),2020,0.08356,,2
KGZ,Kyrgyz Republic,GB.XPD.RSDV.GD.ZS,Research and development expenditure (% of GDP),2019,0.08535,,2
KGZ,Kyrgyz Republic,GB.XPD.RSDV.GD.ZS,Research and development expenditure (% of GDP),2018,0.10107,,2
KGZ,Kyrgyz Republic,GB.XPD.RSDV.GD.ZS,Research and development expenditure (% of GDP),2017,0.10707,,2
KGZ,Kyrgyz Republic,GB.XPD.RSDV.GD.ZS,Research and development expenditure (% of GDP),2016,0.11121,,2
KGZ,Kyrgyz Republic,GB.XPD.RSDV.GD.ZS,Research and development expenditure (% of GDP),2015,0.11903,,2
KGZ,Kyrgyz Republic,GB.XPD.RSDV.GD.ZS,Research and development expenditure (% of GDP),2014,0.12536,,2
KGZ,Kyrgyz Republic,GB.XPD.RSDV.GD.ZS,Research and development expenditure (% of GDP),2013,0.14914,,2
KGZ,Kyrgyz Republic,GB.XPD.RSDV.GD.ZS,Research and development expenditure (% of GDP),2012,0.1661,,2
KGZ,Kyrgyz Republic,GB.XPD.RSDV.GD.ZS,Research and development expenditure (% of GDP),2011,0.15633,,2
KGZ,Kyrgyz Republic,GB.XPD.RSDV.GD.ZS,Research and development expenditure (% of GDP),2010,0.15547,,2
KGZ,Kyrgyz Republic,GB.XPD.RSDV.GD.ZS,Research and development expenditure (% of GDP),2009,0.15997,,2
KGZ,Kyrgyz Republic,GB.XPD.RSDV.GD.ZS,Research and development expenditure (% of GDP),2008,0.19017,,2
KGZ,Kyrgyz Republic,GB.XPD.RSDV.GD.ZS,Research and development expenditure (% of GDP),2007,0.23425,,2
KGZ,Kyrgyz Republic,GB.XPD.RSDV.GD.ZS,Research and development expenditure (% of GDP),2006,0.23014,,2
KGZ,Kyrgyz Republic,GB.XPD.RSDV.GD.ZS,Research and development expenditure (% of GDP),2005,0.19861,,2
KGZ,Kyrgyz Republic,GB.XPD.RSDV.GD.ZS,Research and development expenditure (% of GDP),2004,0.19926,,2
KGZ,Kyrgyz Republic,GB.XPD.RSDV.GD.ZS,Research and development expenditure (% of GDP),2003,0.22272,,2
KGZ,Kyrgyz Republic,GB.XPD.RSDV.GD.ZS,Research and development expenditure (% of GDP),2002,0.1981,,2
KGZ,Kyrgyz Republic,GB.XPD.RSDV.GD.ZS,Research and development expenditure (% of GDP),2001,0.17189,,2
KGZ,Kyrgyz Republic,GB.XPD.RSDV.GD.ZS,Research and development expenditure (% of GDP),2000,0.15637,,2
KGZ,Kyrgyz Republic,GB.XPD.RSDV.GD.ZS,Research and development expenditure (% of GDP),1999,0.17992,,2
KGZ,Kyrgyz Republic,GB.XPD.RSDV.GD.ZS,Research and development expenditure (% of GDP),1998,0.21064,,2
KGZ,Kyrgyz Republic,GB.XPD.RSDV.GD.ZS,Research and development expenditure (% of GDP),1997,0.1939,,2
LAO,Lao PDR,GB.XPD.RSDV.GD.ZS,Research and development expenditure (% of GDP),2002,0.0371,,2
LVA,Latvia,GB.XPD.RSDV.GD.ZS,Research and development expenditure (% of GDP),2022,0.76382,,2
LVA,Latvia,GB.XPD.RSDV.GD.ZS,Research and development expenditure (% of GDP),2021,0.74622,,2
LVA,Latvia,GB.XPD.RSDV.GD.ZS,Research and development expenditure (% of GDP),2020,0.73439,,2
LVA,Latvia,GB.XPD.RSDV.GD.ZS,Research and development expenditure (% of GDP),2019,0.63847,,2
LVA,Latvia,GB.XPD.RSDV.GD.ZS,Research and development expenditure (% of GDP),2018,0.63869,,2
LVA,Latvia,GB.XPD.RSDV.GD.ZS,Research and development expenditure (% of GDP),2017,0.51104,,2
LVA,Latvia,GB.XPD.RSDV.GD.ZS,Research and development expenditure (% of GDP),2016,0.43514,,2
LVA,Latvia,GB.XPD.RSDV.GD.ZS,Research and development expenditure (% of GDP),2015,0.6194,,2
LVA,Latvia,GB.XPD.RSDV.GD.ZS,Research and development expenditure (% of GDP),2014,0.68908,,2
LVA,Latvia,GB.XPD.RSDV.GD.ZS,Research and development expenditure (% of GDP),2013,0.61321,,2
LVA,Latvia,GB.XPD.RSDV.GD.ZS,Research and development expenditure (% of GDP),2012,0.66307,,2
LVA,Latvia,GB.XPD.RSDV.GD.ZS,Research and development expenditure (% of GDP),2011,0.71562,,2
LVA,Latvia,GB.XPD.RSDV.GD.ZS,Research and development expenditure (% of GDP),2010,0.60571,,2
LVA,Latvia,GB.XPD.RSDV.GD.ZS,Research and development expenditure (% of GDP),2009,0.44858,,2
LVA,Latvia,GB.XPD.RSDV.GD.ZS,Research and development expenditure (% of GDP),2008,0.5772,,2
LVA,Latvia,GB.XPD.RSDV.GD.ZS,Research and development expenditure (% of GDP),2007,0.55107,,2
LVA,Latvia,GB.XPD.RSDV.GD.ZS,Research and development expenditure (% of GDP),2006,0.64691,,2
LVA,Latvia,GB.XPD.RSDV.GD.ZS,Research and development expenditure (% of GDP),2005,0.52707,,2
LVA,Latvia,GB.XPD.RSDV.GD.ZS,Research and development expenditure (% of GDP),2004,0.3984,,2
LVA,Latvia,GB.XPD.RSDV.GD.ZS,Research and development expenditure (% of GDP),2003,0.3593,,2
LVA,Latvia,GB.XPD.RSDV.GD.ZS,Research and development expenditure (% of GDP),2002,0.40843,,2
LVA,Latvia,GB.XPD.RSDV.GD.ZS,Research and development expenditure (% of GDP),2001,0.40263,,2
LVA,Latvia,GB.XPD.RSDV.GD.ZS,Research and development expenditure (% of GDP),2000,0.43483,,2
LVA,Latvia,GB.XPD.RSDV.GD.ZS,Research and development expenditure (% of GDP),1999,0.35183,,2
LVA,Latvia,GB.XPD.RSDV.GD.ZS,Research and development expenditure (% of GDP),1998,0.37922,,2
LVA,Latvia,GB.XPD.RSDV.GD.ZS,Research and development expenditure (% of GDP),1997,0.36627,,2
LVA,Latvia,GB.XPD.RSDV.GD.ZS,Research and development expenditure (% of GDP),1996,0.39689,,2
LSO,Lesotho,GB.XPD.RSDV.GD.ZS,Research and development expenditure (% of GDP),2015,0.05101,,2
LSO,Lesotho,GB.XPD.RSDV.GD.ZS,Research and development expenditure (% of GDP),2011,0.01255,,2
LSO,Lesotho,GB.XPD.RSDV.GD.ZS,Research and development expenditure (% of GDP),2009,0.0291,,2
LSO,Lesotho,GB.XPD.RSDV.GD.ZS,Research and development expenditure (% of GDP),2004,0.05532,,2
LSO,Lesotho,GB.XPD.RSDV.GD.ZS,Research and development expenditure (% of GDP),2003,0.04295,,2
LSO,Lesotho,GB.XPD.RSDV.GD.ZS,Research and development expenditure (% of GDP),2002,0.04185,,2
LIE,Liechtenstein,GB.XPD.RSDV.GD.ZS,Research and development expenditure (% of GDP),2019,5.86833,,2
LTU,Lithuania,GB.XPD.RSDV.GD.ZS,Research and development expenditure (% of GDP),2022,1.05319,,2
LTU,Lithuania,GB.XPD.RSDV.GD.ZS,Research and development expenditure (% of GDP),2021,1.10436,,2
LTU,Lithuania,GB.XPD.RSDV.GD.ZS,Research and development expenditure (% of GDP),2020,1.13261,,2
LTU,Lithuania,GB.XPD.RSDV.GD.ZS,Research and development expenditure (% of GDP),2019,0.99266,,2
LTU,Lithuania,GB.XPD.RSDV.GD.ZS,Research and development expenditure (% of GDP),2018,0.93662,,2
LTU,Lithuania,GB.XPD.RSDV.GD.ZS,Research and development expenditure (% of GDP),2017,0.89626,,2
LTU,Lithuania,GB.XPD.RSDV.GD.ZS,Research and development expenditure (% of GDP),2016,0.84241,,2
LTU,Lithuania,GB.XPD.RSDV.GD.ZS,Research and development expenditure (% of GDP),2015,1.04341,,2
LTU,Lithuania,GB.XPD.RSDV.GD.ZS,Research and development expenditure (% of GDP),2014,1.03011,,2
LTU,Lithuania,GB.XPD.RSDV.GD.ZS,Research and development expenditure (% of GDP),2013,0.94872,,2
LTU,Lithuania,GB.XPD.RSDV.GD.ZS,Research and development expenditure (% of GDP),2012,0.89304,,2
LTU,Lithuania,GB.XPD.RSDV.GD.ZS,Research and development expenditure (% of GDP),2011,0.90269,,2
LTU,Lithuania,GB.XPD.RSDV.GD.ZS,Research and development expenditure (% of GDP),2010,0.7833,,2
LTU,Lithuania,GB.XPD.RSDV.GD.ZS,Research and development expenditure (% of GDP),2009,0.83084,,2
LTU,Lithuania,GB.XPD.RSDV.GD.ZS,Research and development expenditure (% of GDP),2008,0.78932,,2
LTU,Lithuania,GB.XPD.RSDV.GD.ZS,Research and development expenditure (% of GDP),2007,0.80174,,2
LTU,Lithuania,GB.XPD.RSDV.GD.ZS,Research and development expenditure (% of GDP),2006,0.79204,,2
LTU,Lithuania,GB.XPD.RSDV.GD.ZS,Research and development expenditure (% of GDP),2005,0.74821,,2
LTU,Lithuania,GB.XPD.RSDV.GD.ZS,Research and development expenditure (% of GDP),2004,0.7514,,2
LTU,Lithuania,GB.XPD.RSDV.GD.ZS,Research and development expenditure (% of GDP),2003,0.66413,,2
LTU,Lithuania,GB.XPD.RSDV.GD.ZS,Research and development expenditure (% of GDP),2002,0.65755,,2
LTU,Lithuania,GB.XPD.RSDV.GD.ZS,Research and development expenditure (% of GDP),2001,0.66762,,2
LTU,Lithuania,GB.XPD.RSDV.GD.ZS,Research and development expenditure (% of GDP),2000,0.58553,,2
LTU,Lithuania,GB.XPD.RSDV.GD.ZS,Research and development expenditure (% of GDP),1999,0.50206,,2
LTU,Lithuania,GB.XPD.RSDV.GD.ZS,Research and development expenditure (% of GDP),1998,0.54381,,2
LTU,Lithuania,GB.XPD.RSDV.GD.ZS,Research and development expenditure (% of GDP),1997,0.53667,,2
LTU,Lithuania,GB.XPD.RSDV.GD.ZS,Research and development expenditure (% of GDP),1996,0.4917,,2
LUX,Luxembourg,GB.XPD.RSDV.GD.ZS,Research and development expenditure (% of GDP),2022,0.97653,,2
LUX,Luxembourg,GB.XPD.RSDV.GD.ZS,Research and development expenditure (% of GDP),2021,1.0412,,2
LUX,Luxembourg,GB.XPD.RSDV.GD.ZS,Research and development expenditure (% of GDP),2020,1.09584,,2
LUX,Luxembourg,GB.XPD.RSDV.GD.ZS,Research and development expenditure (% of GDP),2019,1.18177,,2
LUX,Luxembourg,GB.XPD.RSDV.GD.ZS,Research and development expenditure (% of GDP),2018,1.1718,,2
LUX,Luxembourg,GB.XPD.RSDV.GD.ZS,Research and development expenditure (% of GDP),2017,1.23898,,2
LUX,Luxembourg,GB.XPD.RSDV.GD.ZS,Research and development expenditure (% of GDP),2016,1.2669,,2
LUX,Luxembourg,GB.XPD.RSDV.GD.ZS,Research and development expenditure (% of GDP),2015,1.25226,,2
LUX,Luxembourg,GB.XPD.RSDV.GD.ZS,Research and development expenditure (% of GDP),2014,1.217,,2
LUX,Luxembourg,GB.XPD.RSDV.GD.ZS,Research and development expenditure (% of GDP),2013,1.23381,,2
LUX,Luxembourg,GB.XPD.RSDV.GD.ZS,Research and development expenditure (% of GDP),2012,1.20664,,2
LUX,Luxembourg,GB.XPD.RSDV.GD.ZS,Research and development expenditure (% of GDP),2011,1.42453,,2
LUX,Luxembourg,GB.XPD.RSDV.GD.ZS,Research and development expenditure (% of GDP),2010,1.42373,,2
LUX,Luxembourg,GB.XPD.RSDV.GD.ZS,Research and development expenditure (% of GDP),2009,1.58839,,2
LUX,Luxembourg,GB.XPD.RSDV.GD.ZS,Research and development expenditure (% of GDP),2008,1.54663,,2
LUX,Luxembourg,GB.XPD.RSDV.GD.ZS,Research and development expenditure (% of GDP),2007,1.57165,,2
LUX,Luxembourg,GB.XPD.RSDV.GD.ZS,Research and development expenditure (% of GDP),2006,1.64886,,2
LUX,Luxembourg,GB.XPD.RSDV.GD.ZS,Research and development expenditure (% of GDP),2005,1.55873,,2
LUX,Luxembourg,GB.XPD.RSDV.GD.ZS,Research and development expenditure (% of GDP),2004,1.58819,,2
LUX,Luxembourg,GB.XPD.RSDV.GD.ZS,Research and development expenditure (% of GDP),2003,1.6235,,2
LUX,Luxembourg,GB.XPD.RSDV.GD.ZS,Research and development expenditure (% of GDP),2000,1.58314,,2
MAC,"Macao SAR, China",GB.XPD.RSDV.GD.ZS,Research and development expenditure (% of GDP),2023,0.26378,,2
MAC,"Macao SAR, China",GB.XPD.RSDV.GD.ZS,Research and development expenditure (% of GDP),2022,0.43688,,2
MAC,"Macao SAR, China",GB.XPD.RSDV.GD.ZS,Research and development expenditure (% of GDP),2021,0.37318,,2
MAC,"Macao SAR, China",GB.XPD.RSDV.GD.ZS,Research and development expenditure (% of GDP),2020,0.45327,,2
MAC,"Macao SAR, China",GB.XPD.RSDV.GD.ZS,Research and development expenditure (% of GDP),2019,0.24721,,2
MAC,"Macao SAR, China",GB.XPD.RSDV.GD.ZS,Research and development expenditure (% of GDP),2018,0.20113,,2
MAC,"Macao SAR, China",GB.XPD.RSDV.GD.ZS,Research and development expenditure (% of GDP),2017,0.1721,,2
MAC,"Macao SAR, China",GB.XPD.RSDV.GD.ZS,Research and development expenditure (% of GDP),2016,0.23492,,2
MAC,"Macao SAR, China",GB.XPD.RSDV.GD.ZS,Research and development expenditure (% of GDP),2015,0.13649,,2
MAC,"Macao SAR, China",GB.XPD.RSDV.GD.ZS,Research and development expenditure (% of GDP),2014,0.08776,,2
MAC,"Macao SAR, China",GB.XPD.RSDV.GD.ZS,Research and development expenditure (% of GDP),2013,0.05117,,2
MAC,"Macao SAR, China",GB.XPD.RSDV.GD.ZS,Research and development expenditure (% of GDP),2012,0.04789,,2
MAC,"Macao SAR, China",GB.XPD.RSDV.GD.ZS,Research and development expenditure (% of GDP),2011,0.04427,,2
MAC,"Macao SAR, China",GB.XPD.RSDV.GD.ZS,Research and development expenditure (% of GDP),2010,0.05012,,2
MAC,"Macao SAR, China",GB.XPD.RSDV.GD.ZS,Research and development expenditure (% of GDP),2009,0.05407,,2
MAC,"Macao SAR, China",GB.XPD.RSDV.GD.ZS,Research and development expenditure (% of GDP),2008,0.10106,,2
MAC,"Macao SAR, China",GB.XPD.RSDV.GD.ZS,Research and development expenditure (% of GDP),2007,0.05684,,2
MAC,"Macao SAR, China",GB.XPD.RSDV.GD.ZS,Research and development expenditure (% of GDP),2006,0.0829,,2
MAC,"Macao SAR, China",GB.XPD.RSDV.GD.ZS,Research and development expenditure (% of GDP),2005,0.0876,,2
MAC,"Macao SAR, China",GB.XPD.RSDV.GD.ZS,Research and development expenditure (% of GDP),2004,0.05344,,2
MAC,"Macao SAR, China",GB.XPD.RSDV.GD.ZS,Research and development expenditure (% of GDP),2003,0.06244,,2
MAC,"Macao SAR, China",GB.XPD.RSDV.GD.ZS,Research and development expenditure (% of GDP),2002,0.06957,,2
MAC,"Macao SAR, China",GB.XPD.RSDV.GD.ZS,Research and development expenditure (% of GDP),2001,0.06224,,2
MDG,Madagascar,GB.XPD.RSDV.GD.ZS,Research and development expenditure (% of GDP),2017,0.01275,,2
MDG,Madagascar,GB.XPD.RSDV.GD.ZS,Research and development expenditure (% of GDP),2016,0.01264,,2
MDG,Madagascar,GB.XPD.RSDV.GD.ZS,Research and development expenditure (% of GDP),2014,0.01321,,2
MDG,Madagascar,GB.XPD.RSDV.GD.ZS,Research and development expenditure (% of GDP),2011,0.09067,,2
MDG,Madagascar,GB.XPD.RSDV.GD.ZS,Research and development expenditure (% of GDP),2010,0.09903,,2
MDG,Madagascar,GB.XPD.RSDV.GD.ZS,Research and development expenditure (% of GDP),2009,0.13054,,2
MDG,Madagascar,GB.XPD.RSDV.GD.ZS,Research and development expenditure (% of GDP),2008,0.11764,,2
MDG,Madagascar,GB.XPD.RSDV.GD.ZS,Research and development expenditure (% of GDP),2007,0.12091,,2
MDG,Madagascar,GB.XPD.RSDV.GD.ZS,Research and development expenditure (% of GDP),2006,0.14119,,2
MDG,Madagascar,GB.XPD.RSDV.GD.ZS,Research and development expenditure (% of GDP),2005,0.15096,,2
MDG,Madagascar,GB.XPD.RSDV.GD.ZS,Research and development expenditure (% of GDP),2004,0.1926,,2
MDG,Madagascar,GB.XPD.RSDV.GD.ZS,Research and development expenditure (% of GDP),2003,0.2907,,2
MDG,Madagascar,GB.XPD.RSDV.GD.ZS,Research and development expenditure (% of GDP),2002,0.20173,,2
MDG,Madagascar,GB.XPD.RSDV.GD.ZS,Research and development expenditure (% of GDP),2001,0.18175,,2
MDG,Madagascar,GB.XPD.RSDV.GD.ZS,Research and development expenditure (% of GDP),2000,0.10032,,2
MDG,Madagascar,GB.XPD.RSDV.GD.ZS,Research and development expenditure (% of GDP),1999,0.08342,,2
MDG,Madagascar,GB.XPD.RSDV.GD.ZS,Research and development expenditure (% of GDP),1998,0.0938,,2
MDG,Madagascar,GB.XPD.RSDV.GD.ZS,Research and development expenditure (% of GDP),1997,0.18325,,2
MYS,Malaysia,GB.XPD.RSDV.GD.ZS,Research and development expenditure (% of GDP),2020,0.95055,,2
MYS,Malaysia,GB.XPD.RSDV.GD.ZS,Research and development expenditure (% of GDP),2018,1.04026,,2
MYS,Malaysia,GB.XPD.RSDV.GD.ZS,Research and development expenditure (% of GDP),2016,1.41517,,2
MYS,Malaysia,GB.XPD.RSDV.GD.ZS,Research and development expenditure (% of GDP),2015,1.27945,,2
MYS,Malaysia,GB.XPD.RSDV.GD.ZS,Research and development expenditure (% of GDP),2014,1.26275,,2
MYS,Malaysia,GB.XPD.RSDV.GD.ZS,Research and development expenditure (% of GDP),2012,1.09269,,2
MYS,Malaysia,GB.XPD.RSDV.GD.ZS,Research and development expenditure (% of GDP),2011,1.03342,,2
MYS,Malaysia,GB.XPD.RSDV.GD.ZS,Research and development expenditure (% of GDP),2010,1.03608,,2
MYS,Malaysia,GB.XPD.RSDV.GD.ZS,Research and development expenditure (% of GDP),2009,1.01001,,2
MYS,Malaysia,GB.XPD.RSDV.GD.ZS,Research and development expenditure (% of GDP),2008,0.78847,,2
MYS,Malaysia,GB.XPD.RSDV.GD.ZS,Research and development expenditure (% of GDP),2006,0.61106,,2
MYS,Malaysia,GB.XPD.RSDV.GD.ZS,Research and development expenditure (% of GDP),2004,0.5999,,2
MYS,Malaysia,GB.XPD.RSDV.GD.ZS,Research and development expenditure (% of GDP),2002,0.65254,,2
MYS,Malaysia,GB.XPD.RSDV.GD.ZS,Research and development expenditure (% of GDP),2000,0.46899,,2
MYS,Malaysia,GB.XPD.RSDV.GD.ZS,Research and development expenditure (% of GDP),1998,0.39789,,2
MYS,Malaysia,GB.XPD.RSDV.GD.ZS,Research and development expenditure (% of GDP),1996,0.21645,,2
MLI,Mali,GB.XPD.RSDV.GD.ZS,Research and development expenditure (% of GDP),2021,0.17385,,2
MLI,Mali,GB.XPD.RSDV.GD.ZS,Research and development expenditure (% of GDP),2019,0.15768,,2
MLI,Mali,GB.XPD.RSDV.GD.ZS,Research and development expenditure (% of GDP),2017,0.29198,,2
MLI,Mali,GB.XPD.RSDV.GD.ZS,Research and development expenditure (% of GDP),2015,0.31462,,2
MLI,Mali,GB.XPD.RSDV.GD.ZS,Research and development expenditure (% of GDP),2010,0.5836,,2
MLI,Mali,GB.XPD.RSDV.GD.ZS,Research and development expenditure (% of GDP),2007,0.21855,,2
MLT,Malta,GB.XPD.RSDV.GD.ZS,Research and development expenditure (% of GDP),2022,0.60433,,2
MLT,Malta,GB.XPD.RSDV.GD.ZS,Research and development expenditure (% of GDP),2021,0.65205,,2
MLT,Malta,GB.XPD.RSDV.GD.ZS,Research and development expenditure (% of GDP),2020,0.64566,,2
MLT,Malta,GB.XPD.RSDV.GD.ZS,Research and development expenditure (% of GDP),2019,0.55993,,2
MLT,Malta,GB.XPD.RSDV.GD.ZS,Research and development expenditure (% of GDP),2018,0.57211,,2
MLT,Malta,GB.XPD.RSDV.GD.ZS,Research and development expenditure (% of GDP),2017,0.55232,,2
MLT,Malta,GB.XPD.RSDV.GD.ZS,Research and development expenditure (% of GDP),2016,0.55689,,2
MLT,Malta,GB.XPD.RSDV.GD.ZS,Research and development expenditure (% of GDP),2015,0.71515,,2
MLT,Malta,GB.XPD.RSDV.GD.ZS,Research and development expenditure (% of GDP),2014,0.69179,,2
MLT,Malta,GB.XPD.RSDV.GD.ZS,Research and development expenditure (% of GDP),2013,0.74336,,2
MLT,Malta,GB.XPD.RSDV.GD.ZS,Research and development expenditure (% of GDP),2012,0.80432,,2
MLT,Malta,GB.XPD.RSDV.GD.ZS,Research and development expenditure (% of GDP),2011,0.66506,,2
MLT,Malta,GB.XPD.RSDV.GD.ZS,Research and development expenditure (% of GDP),2010,0.58741,,2
MLT,Malta,GB.XPD.RSDV.GD.ZS,Research and development expenditure (% of GDP),2009,0.50739,,2
MLT,Malta,GB.XPD.RSDV.GD.ZS,Research and development expenditure (% of GDP),2008,0.52667,,2
MLT,Malta,GB.XPD.RSDV.GD.ZS,Research and development expenditure (% of GDP),2007,0.5454,,2
MLT,Malta,GB.XPD.RSDV.GD.ZS,Research and development expenditure (% of GDP),2006,0.57844,,2
MLT,Malta,GB.XPD.RSDV.GD.ZS,Research and development expenditure (% of GDP),2005,0.5282,,2
MLT,Malta,GB.XPD.RSDV.GD.ZS,Research and development expenditure (% of GDP),2004,0.48971,,2
MLT,Malta,GB.XPD.RSDV.GD.ZS,Research and development expenditure (% of GDP),2003,0.23743,,2
MLT,Malta,GB.XPD.RSDV.GD.ZS,Research and development expenditure (% of GDP),2002,0.2502,,2
MRT,Mauritania,GB.XPD.RSDV.GD.ZS,Research and development expenditure (% of GDP),2018,0.01019,,2
MUS,Mauritius,GB.XPD.RSDV.GD.ZS,Research and development expenditure (% of GDP),2023,0.23401,,2
MUS,Mauritius,GB.XPD.RSDV.GD.ZS,Research and development expenditure (% of GDP),2022,0.3083,,2
MUS,Mauritius,GB.XPD.RSDV.GD.ZS,Research and development expenditure (% of GDP),2021,0.36784,,2
MUS,Mauritius,GB.XPD.RSDV.GD.ZS,Research and development expenditure (% of GDP),2020,0.40299,,2
MUS,Mauritius,GB.XPD.RSDV.GD.ZS,Research and development expenditure (% of GDP),2019,0.35699,,2
MUS,Mauritius,GB.XPD.RSDV.GD.ZS,Research and development expenditure (% of GDP),2018,0.33387,,2
MUS,Mauritius,GB.XPD.RSDV.GD.ZS,Research and development expenditure (% of GDP),2017,0.35423,,2
MUS,Mauritius,GB.XPD.RSDV.GD.ZS,Research and development expenditure (% of GDP),2012,0.17773,,2
MUS,Mauritius,GB.XPD.RSDV.GD.ZS,Research and development expenditure (% of GDP),2005,0.35574,,2
MUS,Mauritius,GB.XPD.RSDV.GD.ZS,Research and development expenditure (% of GDP),2004,0.36329,,2
MUS,Mauritius,GB.XPD.RSDV.GD.ZS,Research and development expenditure (% of GDP),2003,0.32171,,2
MUS,Mauritius,GB.XPD.RSDV.GD.ZS,Research and development expenditure (% of GDP),2002,0.36317,,2
MUS,Mauritius,GB.XPD.RSDV.GD.ZS,Research and development expenditure (% of GDP),2001,0.35775,,2
MUS,Mauritius,GB.XPD.RSDV.GD.ZS,Research and development expenditure (% of GDP),2000,0.28025,,2
MUS,Mauritius,GB.XPD.RSDV.GD.ZS,Research and development expenditure (% of GDP),1999,0.30596,,2
MUS,Mauritius,GB.XPD.RSDV.GD.ZS,Research and development expenditure (% of GDP),1998,0.25831,,2
MUS,Mauritius,GB.XPD.RSDV.GD.ZS,Research and development expenditure (% of GDP),1997,0.27529,,2
MEX,Mexico,GB.XPD.RSDV.GD.ZS,Research and development expenditure (% of GDP),2023,0.26819,,2
MEX,Mexico,GB.XPD.RSDV.GD.ZS,Research and development expenditure (% of GDP),2022,0.25782,,2
MEX,Mexico,GB.XPD.RSDV.GD.ZS,Research and development expenditure (% of GDP),2021,0.27378,,2
MEX,Mexico,GB.XPD.RSDV.GD.ZS,Research and development expenditure (% of GDP),2020,0.29191,,2
MEX,Mexico,GB.XPD.RSDV.GD.ZS,Research and development expenditure (% of GDP),2019,0.27606,,2
MEX,Mexico,GB.XPD.RSDV.GD.ZS,Research and development expenditure (% of GDP),2018,0.29816,,2
MEX,Mexico,GB.XPD.RSDV.GD.ZS,Research and development expenditure (% of GDP),2017,0.31955,,2
MEX,Mexico,GB.XPD.RSDV.GD.ZS,Research and development expenditure (% of GDP),2016,0.37601,,2
MEX,Mexico,GB.XPD.RSDV.GD.ZS,Research and development expenditure (% of GDP),2015,0.41477,,2
MEX,Mexico,GB.XPD.RSDV.GD.ZS,Research and development expenditure (% of GDP),2014,0.41962,,2
MEX,Mexico,GB.XPD.RSDV.GD.ZS,Research and development expenditure (% of GDP),2013,0.40806,,2
MEX,Mexico,GB.XPD.RSDV.GD.ZS,Research and development expenditure (% of GDP),2012,0.40284,,2
MEX,Mexico,GB.XPD.RSDV.GD.ZS,Research and development expenditure (% of GDP),2011,0.45268,,2
MEX,Mexico,GB.XPD.RSDV.GD.ZS,Research and development expenditure (% of GDP),2010,0.47353,,2
MEX,Mexico,GB.XPD.RSDV.GD.ZS,Research and development expenditure (% of GDP),2009,0.45748,,2
MEX,Mexico,GB.XPD.RSDV.GD.ZS,Research and development expenditure (% of GDP),2008,0.42416,,2
MEX,Mexico,GB.XPD.RSDV.GD.ZS,Research and development expenditure (% of GDP),2007,0.38039,,2
MEX,Mexico,GB.XPD.RSDV.GD.ZS,Research and development expenditure (% of GDP),2006,0.35298,,2
MEX,Mexico,GB.XPD.RSDV.GD.ZS,Research and development expenditure (% of GDP),2005,0.38103,,2
MEX,Mexico,GB.XPD.RSDV.GD.ZS,Research and development expenditure (% of GDP),2004,0.37053,,2
MEX,Mexico,GB.XPD.RSDV.GD.ZS,Research and development expenditure (% of GDP),2003,0.37454,,2
MEX,Mexico,GB.XPD.RSDV.GD.ZS,Research and development expenditure (% of GDP),2002,0.33745,,2
MEX,Mexico,GB.XPD.RSDV.GD.ZS,Research and development expenditure (% of GDP),2001,0.30815,,2
MEX,Mexico,GB.XPD.RSDV.GD.ZS,Research and development expenditure (% of GDP),2000,0.29205,,2
MEX,Mexico,GB.XPD.RSDV.GD.ZS,Research and development expenditure (% of GDP),1999,0.32719,,2
MEX,Mexico,GB.XPD.RSDV.GD.ZS,Research and development expenditure (% of GDP),1998,0.28519,,2
MEX,Mexico,GB.XPD.RSDV.GD.ZS,Research and development expenditure (% of GDP),1997,0.26404,,2
MEX,Mexico,GB.XPD.RSDV.GD.ZS,Research and development expenditure (% of GDP),1996,0.23838,,2
MDA,Moldova,GB.XPD.RSDV.GD.ZS,Research and development expenditure (% of GDP),2023,0.22342,,2
MDA,Moldova,GB.XPD.RSDV.GD.ZS,Research and development expenditure (% of GDP),2022,0.22983,,2
MDA,Moldova,GB.XPD.RSDV.GD.ZS,Research and development expenditure (% of GDP),2021,0.23154,,2
MDA,Moldova,GB.XPD.RSDV.GD.ZS,Research and development expenditure (% of GDP),2020,0.23511,,2
MDA,Moldova,GB.XPD.RSDV.GD.ZS,Research and development expenditure (% of GDP),2019,0.24145,,2
MDA,Moldova,GB.XPD.RSDV.GD.ZS,Research and development expenditure (% of GDP),2018,0.25626,,2
MDA,Moldova,GB.XPD.RSDV.GD.ZS,Research and development expenditure (% of GDP),2017,0.25789,,2
MDA,Moldova,GB.XPD.RSDV.GD.ZS,Research and development expenditure (% of GDP),2016,0.28004,,2
MDA,Moldova,GB.XPD.RSDV.GD.ZS,Research and development expenditure (% of GDP),2015,0.30735,,2
MDA,Moldova,GB.XPD.RSDV.GD.ZS,Research and development expenditure (% of GDP),2014,0.31463,,2
MDA,Moldova,GB.XPD.RSDV.GD.ZS,Research and development expenditure (% of GDP),2013,0.29783,,2
MDA,Moldova,GB.XPD.RSDV.GD.ZS,Research and development expenditure (% of GDP),2012,0.34907,,2
MDA,Moldova,GB.XPD.RSDV.GD.ZS,Research and development expenditure (% of GDP),2011,0.33764,,2
MDA,Moldova,GB.XPD.RSDV.GD.ZS,Research and development expenditure (% of GDP),2010,0.3665,,2
MDA,Moldova,GB.XPD.RSDV.GD.ZS,Research and development expenditure (% of GDP),2009,0.52557,,2
MDA,Moldova,GB.XPD.RSDV.GD.ZS,Research and development expenditure (% of GDP),2008,0.53463,,2
MDA,Moldova,GB.XPD.RSDV.GD.ZS,Research and development expenditure (% of GDP),2007,0.54557,,2
MDA,Moldova,GB.XPD.RSDV.GD.ZS,Research and development expenditure (% of GDP),2006,0.40622,,2
MDA,Moldova,GB.XPD.RSDV.GD.ZS,Research and development expenditure (% of GDP),2005,0.39865,,2
MDA,Moldova,GB.XPD.RSDV.GD.ZS,Research and development expenditure (% of GDP),2004,0.34903,,2
MDA,Moldova,GB.XPD.RSDV.GD.ZS,Research and development expenditure (% of GDP),2003,0.32405,,2
MDA,Moldova,GB.XPD.RSDV.GD.ZS,Research and development expenditure (% of GDP),1997,0.80679,,2
MDA,Moldova,GB.XPD.RSDV.GD.ZS,Research and development expenditure (% of GDP),1996,0.87296,,2
MCO,Monaco,GB.XPD.RSDV.GD.ZS,Research and development expenditure (% of GDP),2005,0.03821,,2
MCO,Monaco,GB.XPD.RSDV.GD.ZS,Research and development expenditure (% of GDP),2004,0.03787,,2
MNG,Mongolia,GB.XPD.RSDV.GD.ZS,Research and development expenditure (% of GDP),2022,0.08365,,2
MNG,Mongolia,GB.XPD.RSDV.GD.ZS,Research and development expenditure (% of GDP),2021,0.10008,,2
MNG,Mongolia,GB.XPD.RSDV.GD.ZS,Research and development expenditure (% of GDP),2020,0.13301,,2
MNG,Mongolia,GB.XPD.RSDV.GD.ZS,Research and development expenditure (% of GDP),2019,0.0927,,2
MNG,Mongolia,GB.XPD.RSDV.GD.ZS,Research and development expenditure (% of GDP),2018,0.10161,,2
MNG,Mongolia,GB.XPD.RSDV.GD.ZS,Research and development expenditure (% of GDP),2017,0.1342,,2
MNG,Mongolia,GB.XPD.RSDV.GD.ZS,Research and development expenditure (% of GDP),2016,0.18345,,2
MNG,Mongolia,GB.XPD.RSDV.GD.ZS,Research and development expenditure (% of GDP),2015,0.1564,,2
MNG,Mongolia,GB.XPD.RSDV.GD.ZS,Research and development expenditure (% of GDP),2014,0.2234,,2
MNG,Mongolia,GB.XPD.RSDV.GD.ZS,Research and development expenditure (% of GDP),2013,0.23246,,2
MNG,Mongolia,GB.XPD.RSDV.GD.ZS,Research and development expenditure (% of GDP),2012,0.23913,,2
MNG,Mongolia,GB.XPD.RSDV.GD.ZS,Research and development expenditure (% of GDP),2011,0.23054,,2
MNG,Mongolia,GB.XPD.RSDV.GD.ZS,Research and development expenditure (% of GDP),2010,0.24438,,2
MNG,Mongolia,GB.XPD.RSDV.GD.ZS,Research and development expenditure (% of GDP),2009,0.30478,,2
MNG,Mongolia,GB.XPD.RSDV.GD.ZS,Research and development expenditure (% of GDP),2008,0.33667,,2
MNG,Mongolia,GB.XPD.RSDV.GD.ZS,Research and development expenditure (% of GDP),2007,0.23827,,2
MNG,Mongolia,GB.XPD.RSDV.GD.ZS,Research and development expenditure (% of GDP),2006,0.19121,,2
MNG,Mongolia,GB.XPD.RSDV.GD.ZS,Research and development expenditure (% of GDP),2005,0.23776,,2
MNG,Mongolia,GB.XPD.RSDV.GD.ZS,Research and development expenditure (% of GDP),2004,0.26777,,2
MNG,Mongolia,GB.XPD.RSDV.GD.ZS,Research and development expenditure (% of GDP),2003,0.2518,,2
MNG,Mongolia,GB.XPD.RSDV.GD.ZS,Research and development expenditure (% of GDP),2002,0.25173,,2
MNG,Mongolia,GB.XPD.RSDV.GD.ZS,Research and development expenditure (% of GDP),2001,0.26749,,2
MNG,Mongolia,GB.XPD.RSDV.GD.ZS,Research and development expenditure (% of GDP),2000,0.18757,,2
MNG,Mongolia,GB.XPD.RSDV.GD.ZS,Research and development expenditure (% of GDP),1999,0.15016,,2
MNG,Mongolia,GB.XPD.RSDV.GD.ZS,Research and development expenditure (% of GDP),1998,0.16643,,2
MNG,Mongolia,GB.XPD.RSDV.GD.ZS,Research and development expenditure (% of GDP),1997,0.16786,,2
MNE,Montenegro,GB.XPD.RSDV.GD.ZS,Research and development expenditure (% of GDP),2019,0.36328,,2
MNE,Montenegro,GB.XPD.RSDV.GD.ZS,Research and development expenditure (% of GDP),2018,0.50374,,2
MNE,Montenegro,GB.XPD.RSDV.GD.ZS,Research and development expenditure (% of GDP),2017,0.34898,,2
MNE,Montenegro,GB.XPD.RSDV.GD.ZS,Research and development expenditure (% of GDP),2016,0.32454,,2
MNE,Montenegro,GB.XPD.RSDV.GD.ZS,Research and development expenditure (% of GDP),2015,0.374,,2
MNE,Montenegro,GB.XPD.RSDV.GD.ZS,Research and development expenditure (% of GDP),2014,0.3632,,2
MNE,Montenegro,GB.XPD.RSDV.GD.ZS,Research and development expenditure (% of GDP),2013,0.37431,,2
MNE,Montenegro,GB.XPD.RSDV.GD.ZS,Research and development expenditure (% of GDP),2011,0.31485,,2
MNE,Montenegro,GB.XPD.RSDV.GD.ZS,Research and development expenditure (% of GDP),2007,1.14521,,2
MNE,Montenegro,GB.XPD.RSDV.GD.ZS,Research and development expenditure (% of GDP),2006,1.22991,,2
MNE,Montenegro,GB.XPD.RSDV.GD.ZS,Research and development expenditure (% of GDP),2005,0.92443,,2
MNE,Montenegro,GB.XPD.RSDV.GD.ZS,Research and development expenditure (% of GDP),2004,1.01874,,2
MNE,Montenegro,GB.XPD.RSDV.GD.ZS,Research and development expenditure (% of GDP),2003,0.79772,,2
MAR,Morocco,GB.XPD.RSDV.GD.ZS,Research and development expenditure (% of GDP),2010,0.66036,,2
MAR,Morocco,GB.XPD.RSDV.GD.ZS,Research and development expenditure (% of GDP),2006,0.54987,,2
MAR,Morocco,GB.XPD.RSDV.GD.ZS,Research and development expenditure (% of GDP),2003,0.56588,,2
MAR,Morocco,GB.XPD.RSDV.GD.ZS,Research and development expenditure (% of GDP),2002,0.47179,,2
MAR,Morocco,GB.XPD.RSDV.GD.ZS,Research and development expenditure (% of GDP),2001,0.5463,,2
MAR,Morocco,GB.XPD.RSDV.GD.ZS,Research and development expenditure (% of GDP),1998,0.24582,,2
MOZ,Mozambique,GB.XPD.RSDV.GD.ZS,Research and development expenditure (% of GDP),2015,0.30814,,2
MOZ,Mozambique,GB.XPD.RSDV.GD.ZS,Research and development expenditure (% of GDP),2010,0.37595,,2
MOZ,Mozambique,GB.XPD.RSDV.GD.ZS,Research and development expenditure (% of GDP),2008,0.13607,,2
MOZ,Mozambique,GB.XPD.RSDV.GD.ZS,Research and development expenditure (% of GDP),2006,0.3977,,2
MOZ,Mozambique,GB.XPD.RSDV.GD.ZS,Research and development expenditure (% of GDP),2002,0.35598,,2
MMR,Myanmar,GB.XPD.RSDV.GD.ZS,Research and development expenditure (% of GDP),2023,0.02376,,2
MMR,Myanmar,GB.XPD.RSDV.GD.ZS,Research and development expenditure (% of GDP),2022,0.03519,,2
MMR,Myanmar,GB.XPD.RSDV.GD.ZS,Research and development expenditure (% of GDP),2021,0.12402,,2
MMR,Myanmar,GB.XPD.RSDV.GD.ZS,Research and development expenditure (% of GDP),2020,0.15567,,2
MMR,Myanmar,GB.XPD.RSDV.GD.ZS,Research and development expenditure (% of GDP),2019,0.08341,,2
MMR,Myanmar,GB.XPD.RSDV.GD.ZS,Research and development expenditure (% of GDP),2018,0.05881,,2
MMR,Myanmar,GB.XPD.RSDV.GD.ZS,Research and development expenditure (% of GDP),2017,0.03218,,2
MMR,Myanmar,GB.XPD.RSDV.GD.ZS,Research and development expenditure (% of GDP),2002,0.16216,,2
MMR,Myanmar,GB.XPD.RSDV.GD.ZS,Research and development expenditure (% of GDP),2001,0.07144,,2
MMR,Myanmar,GB.XPD.RSDV.GD.ZS,Research and development expenditure (% of GDP),2000,0.11306,,2
MMR,Myanmar,GB.XPD.RSDV.GD.ZS,Research and development expenditure (% of GDP),1999,0.04406,,2
MMR,Myanmar,GB.XPD.RSDV.GD.ZS,Research and development expenditure (% of GDP),1998,0.03417,,2
MMR,Myanmar,GB.XPD.RSDV.GD.ZS,Research and development expenditure (% of GDP),1997,0.05985,,2
NAM,Namibia,GB.XPD.RSDV.GD.ZS,Research and development expenditure (% of GDP),2022,0.64647,,2
NAM,Namibia,GB.XPD.RSDV.GD.ZS,Research and development expenditure (% of GDP),2014,0.34986,,2
NAM,Namibia,GB.XPD.RSDV.GD.ZS,Research and development expenditure (% of GDP),2010,0.13963,,2
NPL,Nepal,GB.XPD.RSDV.GD.ZS,Research and development expenditure (% of GDP),2010,0.3022,,2
NPL,Nepal,GB.XPD.RSDV.GD.ZS,Research and development expenditure (% of GDP),2009,0.25924,,2
NPL,Nepal,GB.XPD.RSDV.GD.ZS,Research and development expenditure (% of GDP),2008,0.05439,,2
NLD,Netherlands,GB.XPD.RSDV.GD.ZS,Research and development expenditure (% of GDP),2022,2.25533,,2
NLD,Netherlands,GB.XPD.RSDV.GD.ZS,Research and development expenditure (% of GDP),2021,2.26877,,2
NLD,Netherlands,GB.XPD.RSDV.GD.ZS,Research and development expenditure (% of GDP),2020,2.32182,,2
NLD,Netherlands,GB.XPD.RSDV.GD.ZS,Research and development expenditure (% of GDP),2019,2.18435,,2
NLD,Netherlands,GB.XPD.RSDV.GD.ZS,Research and development expenditure (% of GDP),2018,2.1388,,2
NLD,Netherlands,GB.XPD.RSDV.GD.ZS,Research and development expenditure (% of GDP),2017,2.17857,,2
NLD,Netherlands,GB.XPD.RSDV.GD.ZS,Research and development expenditure (% of GDP),2016,2.15081,,2
NLD,Netherlands,GB.XPD.RSDV.GD.ZS,Research and development expenditure (% of GDP),2015,2.14606,,2
NLD,Netherlands,GB.XPD.RSDV.GD.ZS,Research and development expenditure (% of GDP),2014,2.1733,,2
NLD,Netherlands,GB.XPD.RSDV.GD.ZS,Research and development expenditure (% of GDP),2013,2.15606,,2
NLD,Netherlands,GB.XPD.RSDV.GD.ZS,Research and development expenditure (% of GDP),2012,1.91627,,2
NLD,Netherlands,GB.XPD.RSDV.GD.ZS,Research and development expenditure (% of GDP),2011,1.88131,,2
NLD,Netherlands,GB.XPD.RSDV.GD.ZS,Research and development expenditure (% of GDP),2010,1.70404,,2
NLD,Netherlands,GB.XPD.RSDV.GD.ZS,Research and development expenditure (% of GDP),2009,1.6657,,2
NLD,Netherlands,GB.XPD.RSDV.GD.ZS,Research and development expenditure (% of GDP),2008,1.62269,,2
NLD,Netherlands,GB.XPD.RSDV.GD.ZS,Research and development expenditure (% of GDP),2007,1.6703,,2
NLD,Netherlands,GB.XPD.RSDV.GD.ZS,Research and development expenditure (% of GDP),2006,1.74067,,2
NLD,Netherlands,GB.XPD.RSDV.GD.ZS,Research and development expenditure (% of GDP),2005,1.77388,,2
NLD,Netherlands,GB.XPD.RSDV.GD.ZS,Research and development expenditure (% of GDP),2004,1.78901,,2
NLD,Netherlands,GB.XPD.RSDV.GD.ZS,Research and development expenditure (% of GDP),2003,1.7839,,2
NLD,Netherlands,GB.XPD.RSDV.GD.ZS,Research and development expenditure (% of GDP),2002,1.74543,,2
NLD,Netherlands,GB.XPD.RSDV.GD.ZS,Research and development expenditure (% of GDP),2001,1.79609,,2
NLD,Netherlands,GB.XPD.RSDV.GD.ZS,Research and development expenditure (% of GDP),2000,1.7898,,2
NLD,Netherlands,GB.XPD.RSDV.GD.ZS,Research and development expenditure (% of GDP),1999,1.82282,,2
NLD,Netherlands,GB.XPD.RSDV.GD.ZS,Research and development expenditure (% of GDP),1998,1.74206,,2
NLD,Netherlands,GB.XPD.RSDV.GD.ZS,Research and development expenditure (% of GDP),1997,1.84477,,2
NLD,Netherlands,GB.XPD.RSDV.GD.ZS,Research and development expenditure (% of GDP),1996,1.84093,,2
NZL,New Zealand,GB.XPD.RSDV.GD.ZS,Research and development expenditure (% of GDP),2021,1.46569,,2
NZL,New Zealand,GB.XPD.RSDV.GD.ZS,Research and development expenditure (% of GDP),2019,1.40803,,2
NZL,New Zealand,GB.XPD.RSDV.GD.ZS,Research and development expenditure (% of GDP),2017,1.34905,,2
NZL,New Zealand,GB.XPD.RSDV.GD.ZS,Research and development expenditure (% of GDP),2015,1.22789,,2
NZL,New Zealand,GB.XPD.RSDV.GD.ZS,Research and development expenditure (% of GDP),2013,1.15337,,2
NZL,New Zealand,GB.XPD.RSDV.GD.ZS,Research and development expenditure (% of GDP),2011,1.23222,,2
NZL,New Zealand,GB.XPD.RSDV.GD.ZS,Research and development expenditure (% of GDP),2009,1.25214,,2
NZL,New Zealand,GB.XPD.RSDV.GD.ZS,Research and development expenditure (% of GDP),2007,1.15764,,2
NZL,New Zealand,GB.XPD.RSDV.GD.ZS,Research and development expenditure (% of GDP),2005,1.12043,,2
NZL,New Zealand,GB.XPD.RSDV.GD.ZS,Research and development expenditure (% of GDP),2003,1.14891,,2
NZL,New Zealand,GB.XPD.RSDV.GD.ZS,Research and development expenditure (% of GDP),2001,1.10029,,2
NZL,New Zealand,GB.XPD.RSDV.GD.ZS,Research and development expenditure (% of GDP),1999,0.96387,,2
NZL,New Zealand,GB.XPD.RSDV.GD.ZS,Research and development expenditure (% of GDP),1997,1.05649,,2
NIC,Nicaragua,GB.XPD.RSDV.GD.ZS,Research and development expenditure (% of GDP),2015,0.10742,,2
NIC,Nicaragua,GB.XPD.RSDV.GD.ZS,Research and development expenditure (% of GDP),2014,0.08935,,2
NIC,Nicaragua,GB.XPD.RSDV.GD.ZS,Research and development expenditure (% of GDP),2013,0.10284,,2
NIC,Nicaragua,GB.XPD.RSDV.GD.ZS,Research and development expenditure (% of GDP),2012,0.10449,,2
NIC,Nicaragua,GB.XPD.RSDV.GD.ZS,Research and development expenditure (% of GDP),2011,0.08344,,2
NIC,Nicaragua,GB.XPD.RSDV.GD.ZS,Research and development expenditure (% of GDP),2002,0.03493,,2
NIC,Nicaragua,GB.XPD.RSDV.GD.ZS,Research and development expenditure (% of GDP),1997,0.0651,,2
NGA,Nigeria,GB.XPD.RSDV.GD.ZS,Research and development expenditure (% of GDP),2019,0.28444,,2
NGA,Nigeria,GB.XPD.RSDV.GD.ZS,Research and development expenditure (% of GDP),2007,0.13223,,2
MKD,North Macedonia,GB.XPD.RSDV.GD.ZS,Research and development expenditure (% of GDP),2023,0.39502,,2
MKD,North Macedonia,GB.XPD.RSDV.GD.ZS,Research and development expenditure (% of GDP),2022,0.37975,,2
MKD,North Macedonia,GB.XPD.RSDV.GD.ZS,Research and development expenditure (% of GDP),2021,0.37252,,2
MKD,North Macedonia,GB.XPD.RSDV.GD.ZS,Research and development expenditure (% of GDP),2020,0.37264,,2
MKD,North Macedonia,GB.XPD.RSDV.GD.ZS,Research and development expenditure (% of GDP),2019,0.36783,,2
MKD,North Macedonia,GB.XPD.RSDV.GD.ZS,Research and development expenditure (% of GDP),2018,0.36367,,2
MKD,North Macedonia,GB.XPD.RSDV.GD.ZS,Research and development expenditure (% of GDP),2017,0.35439,,2
MKD,North Macedonia,GB.XPD.RSDV.GD.ZS,Research and development expenditure (% of GDP),2016,0.43585,,2
MKD,North Macedonia,GB.XPD.RSDV.GD.ZS,Research and development expenditure (% of GDP),2015,0.44412,,2
MKD,North Macedonia,GB.XPD.RSDV.GD.ZS,Research and development expenditure (% of GDP),2014,0.51646,,2
MKD,North Macedonia,GB.XPD.RSDV.GD.ZS,Research and development expenditure (% of GDP),2013,0.43894,,2
MKD,North Macedonia,GB.XPD.RSDV.GD.ZS,Research and development expenditure (% of GDP),2012,0.32676,,2
MKD,North Macedonia,GB.XPD.RSDV.GD.ZS,Research and development expenditure (% of GDP),2011,0.22276,,2
MKD,North Macedonia,GB.XPD.RSDV.GD.ZS,Research and development expenditure (% of GDP),2010,0.21634,,2
MKD,North Macedonia,GB.XPD.RSDV.GD.ZS,Research and development expenditure (% of GDP),2009,0.19679,,2
MKD,North Macedonia,GB.XPD.RSDV.GD.ZS,Research and development expenditure (% of GDP),2008,0.22358,,2
MKD,North Macedonia,GB.XPD.RSDV.GD.ZS,Research and development expenditure (% of GDP),2007,0.17093,,2
MKD,North Macedonia,GB.XPD.RSDV.GD.ZS,Research and development expenditure (% of GDP),2006,0.19373,,2
MKD,North Macedonia,GB.XPD.RSDV.GD.ZS,Research and development expenditure (% of GDP),2005,0.22825,,2
MKD,North Macedonia,GB.XPD.RSDV.GD.ZS,Research and development expenditure (% of GDP),2004,0.23237,,2
MKD,North Macedonia,GB.XPD.RSDV.GD.ZS,Research and development expenditure (% of GDP),2003,0.21064,,2
MKD,North Macedonia,GB.XPD.RSDV.GD.ZS,Research and development expenditure (% of GDP),2002,0.24461,,2
MKD,North Macedonia,GB.XPD.RSDV.GD.ZS,Research and development expenditure (% of GDP),2001,0.2931,,2
MKD,North Macedonia,GB.XPD.RSDV.GD.ZS,Research and development expenditure (% of GDP),2000,0.41888,,2
MKD,North Macedonia,GB.XPD.RSDV.GD.ZS,Research and development expenditure (% of GDP),1999,0.32809,,2
MKD,North Macedonia,GB.XPD.RSDV.GD.ZS,Research and development expenditure (% of GDP),1998,0.40842,,2
MKD,North Macedonia,GB.XPD.RSDV.GD.ZS,Research and development expenditure (% of GDP),1997,0.35911,,2
NOR,Norway,GB.XPD.RSDV.GD.ZS,Research and development expenditure (% of GDP),2022,1.55752,,2
NOR,Norway,GB.XPD.RSDV.GD.ZS,Research and development expenditure (% of GDP),2021,1.88764,,2
NOR,Norway,GB.XPD.RSDV.GD.ZS,Research and development expenditure (% of GDP),2020,2.24436,,2
NOR,Norway,GB.XPD.RSDV.GD.ZS,Research and development expenditure (% of GDP),2019,2.136,,2
NOR,Norway,GB.XPD.RSDV.GD.ZS,Research and development expenditure (% of GDP),2018,2.03482,,2
NOR,Norway,GB.XPD.RSDV.GD.ZS,Research and development expenditure (% of GDP),2017,2.08167,,2
NOR,Norway,GB.XPD.RSDV.GD.ZS,Research and development expenditure (% of GDP),2016,2.03287,,2
NOR,Norway,GB.XPD.RSDV.GD.ZS,Research and development expenditure (% of GDP),2015,1.9235,,2
NOR,Norway,GB.XPD.RSDV.GD.ZS,Research and development expenditure (% of GDP),2014,1.70369,,2
NOR,Norway,GB.XPD.RSDV.GD.ZS,Research and development expenditure (% of GDP),2013,1.64216,,2
NOR,Norway,GB.XPD.RSDV.GD.ZS,Research and development expenditure (% of GDP),2012,1.61053,,2
NOR,Norway,GB.XPD.RSDV.GD.ZS,Research and development expenditure (% of GDP),2011,1.61714,,2
NOR,Norway,GB.XPD.RSDV.GD.ZS,Research and development expenditure (% of GDP),2010,1.6412,,2
NOR,Norway,GB.XPD.RSDV.GD.ZS,Research and development expenditure (% of GDP),2009,1.71678,,2
NOR,Norway,GB.XPD.RSDV.GD.ZS,Research and development expenditure (% of GDP),2008,1.54556,,2
NOR,Norway,GB.XPD.RSDV.GD.ZS,Research and development expenditure (% of GDP),2007,1.55794,,2
NOR,Norway,GB.XPD.RSDV.GD.ZS,Research and development expenditure (% of GDP),2006,1.44972,,2
NOR,Norway,GB.XPD.RSDV.GD.ZS,Research and development expenditure (% of GDP),2005,1.47715,,2
NOR,Norway,GB.XPD.RSDV.GD.ZS,Research and development expenditure (% of GDP),2004,1.53975,,2
NOR,Norway,GB.XPD.RSDV.GD.ZS,Research and development expenditure (% of GDP),2003,1.67572,,2
NOR,Norway,GB.XPD.RSDV.GD.ZS,Research and development expenditure (% of GDP),2002,1.62645,,2
NOR,Norway,GB.XPD.RSDV.GD.ZS,Research and development expenditure (% of GDP),2001,1.5602,,2
NOR,Norway,GB.XPD.RSDV.GD.ZS,Research and development expenditure (% of GDP),1999,1.60437,,2
NOR,Norway,GB.XPD.RSDV.GD.ZS,Research and development expenditure (% of GDP),1997,1.5935,,2
OMN,Oman,GB.XPD.RSDV.GD.ZS,Research and development expenditure (% of GDP),2023,0.36729,,2
OMN,Oman,GB.XPD.RSDV.GD.ZS,Research and development expenditure (% of GDP),2022,0.27506,,2
OMN,Oman,GB.XPD.RSDV.GD.ZS,Research and development expenditure (% of GDP),2021,0.28978,,2
OMN,Oman,GB.XPD.RSDV.GD.ZS,Research and development expenditure (% of GDP),2020,0.31599,,2
OMN,Oman,GB.XPD.RSDV.GD.ZS,Research and development expenditure (% of GDP),2019,0.27255,,2
OMN,Oman,GB.XPD.RSDV.GD.ZS,Research and development expenditure (% of GDP),2018,0.19031,,2
OMN,Oman,GB.XPD.RSDV.GD.ZS,Research and development expenditure (% of GDP),2017,0.19925,,2
OMN,Oman,GB.XPD.RSDV.GD.ZS,Research and development expenditure (% of GDP),2016,0.22691,,2
OMN,Oman,GB.XPD.RSDV.GD.ZS,Research and development expenditure (% of GDP),2015,0.21866,,2
OMN,Oman,GB.XPD.RSDV.GD.ZS,Research and development expenditure (% of GDP),2014,0.18588,,2
OMN,Oman,GB.XPD.RSDV.GD.ZS,Research and development expenditure (% of GDP),2013,0.14854,,2
OMN,Oman,GB.XPD.RSDV.GD.ZS,Research and development expenditure (% of GDP),2012,0.18281,,2
OMN,Oman,GB.XPD.RSDV.GD.ZS,Research and development expenditure (% of GDP),2011,0.11962,,2
PAK,Pakistan,GB.XPD.RSDV.GD.ZS,Research and development expenditure (% of GDP),2023,0.16375,,2
PAK,Pakistan,GB.XPD.RSDV.GD.ZS,Research and development expenditure (% of GDP),2021,0.16431,,2
PAK,Pakistan,GB.XPD.RSDV.GD.ZS,Research and development expenditure (% of GDP),2019,0.17475,,2
PAK,Pakistan,GB.XPD.RSDV.GD.ZS,Research and development expenditure (% of GDP),2017,0.21214,,2
PAK,Pakistan,GB.XPD.RSDV.GD.ZS,Research and development expenditure (% of GDP),2015,0.22193,,2
PAK,Pakistan,GB.XPD.RSDV.GD.ZS,Research and development expenditure (% of GDP),2013,0.26179,,2
PAK,Pakistan,GB.XPD.RSDV.GD.ZS,Research and development expenditure (% of GDP),2011,0.30491,,2
PAK,Pakistan,GB.XPD.RSDV.GD.ZS,Research and development expenditure (% of GDP),2009,0.40218,,2
PAK,Pakistan,GB.XPD.RSDV.GD.ZS,Research and development expenditure (% of GDP),2007,0.52343,,2
PAK,Pakistan,GB.XPD.RSDV.GD.ZS,Research and development expenditure (% of GDP),2005,0.32946,,2
PAK,Pakistan,GB.XPD.RSDV.GD.ZS,Research and development expenditure (% of GDP),2002,0.16228,,2
PAK,Pakistan,GB.XPD.RSDV.GD.ZS,Research and development expenditure (% of GDP),2001,0.12408,,2
PAK,Pakistan,GB.XPD.RSDV.GD.ZS,Research and development expenditure (% of GDP),2000,0.09536,,2
PAK,Pakistan,GB.XPD.RSDV.GD.ZS,Research and development expenditure (% of GDP),1999,0.1159,,2
PAK,Pakistan,GB.XPD.RSDV.GD.ZS,Research and development expenditure (% of GDP),1998,0.10919,,2
PAK,Pakistan,GB.XPD.RSDV.GD.ZS,Research and development expenditure (% of GDP),1997,0.15565,,2
PAN,Panama,GB.XPD.RSDV.GD.ZS,Research and development expenditure (% of GDP),2023,0.15791,,2
PAN,Panama,GB.XPD.RSDV.GD.ZS,Research and development expenditure (% of GDP),2022,0.18243,,2
PAN,Panama,GB.XPD.RSDV.GD.ZS,Research and development expenditure (% of GDP),2021,0.17688,,2
PAN,Panama,GB.XPD.RSDV.GD.ZS,Research and development expenditure (% of GDP),2020,0.23235,,2
PAN,Panama,GB.XPD.RSDV.GD.ZS,Research and development expenditure (% of GDP),2019,0.13624,,2
PAN,Panama,GB.XPD.RSDV.GD.ZS,Research and development expenditure (% of GDP),2018,0.13359,,2
PAN,Panama,GB.XPD.RSDV.GD.ZS,Research and development expenditure (% of GDP),2017,0.1353,,2
PAN,Panama,GB.XPD.RSDV.GD.ZS,Research and development expenditure (% of GDP),2016,0.1324,,2
PAN,Panama,GB.XPD.RSDV.GD.ZS,Research and development expenditure (% of GDP),2015,0.10745,,2
PAN,Panama,GB.XPD.RSDV.GD.ZS,Research and development expenditure (% of GDP),2014,0.12295,,2
PAN,Panama,GB.XPD.RSDV.GD.ZS,Research and development expenditure (% of GDP),2013,0.06206,,2
PAN,Panama,GB.XPD.RSDV.GD.ZS,Research and development expenditure (% of GDP),2012,0.07534,,2
PAN,Panama,GB.XPD.RSDV.GD.ZS,Research and development expenditure (% of GDP),2011,0.17304,,2
PAN,Panama,GB.XPD.RSDV.GD.ZS,Research and development expenditure (% of GDP),2010,0.14453,,2
PAN,Panama,GB.XPD.RSDV.GD.ZS,Research and development expenditure (% of GDP),2009,0.1321,,2
PAN,Panama,GB.XPD.RSDV.GD.ZS,Research and development expenditure (% of GDP),2008,0.19065,,2
PAN,Panama,GB.XPD.RSDV.GD.ZS,Research and development expenditure (% of GDP),2007,0.18172,,2
PAN,Panama,GB.XPD.RSDV.GD.ZS,Research and development expenditure (% of GDP),2006,0.23537,,2
PAN,Panama,GB.XPD.RSDV.GD.ZS,Research and development expenditure (% of GDP),2005,0.23183,,2
PAN,Panama,GB.XPD.RSDV.GD.ZS,Research and development expenditure (% of GDP),2004,0.22646,,2
PAN,Panama,GB.XPD.RSDV.GD.ZS,Research and development expenditure (% of GDP),2003,0.32109,,2
PAN,Panama,GB.XPD.RSDV.GD.ZS,Research and development expenditure (% of GDP),2002,0.3422,,2
PAN,Panama,GB.XPD.RSDV.GD.ZS,Research and development expenditure (% of GDP),2001,0.36074,,2
PAN,Panama,GB.XPD.RSDV.GD.ZS,Research and development expenditure (% of GDP),2000,0.36264,,2
PAN,Panama,GB.XPD.RSDV.GD.ZS,Research and development expenditure (% of GDP),1999,0.27205,,2
PAN,Panama,GB.XPD.RSDV.GD.ZS,Research and development expenditure (% of GDP),1998,0.26922,,2
PAN,Panama,GB.XPD.RSDV.GD.ZS,Research and development expenditure (% of GDP),1997,0.29911,,2
PAN,Panama,GB.XPD.RSDV.GD.ZS,Research and development expenditure (% of GDP),1996,0.3101,,2
PNG,Papua New Guinea,GB.XPD.RSDV.GD.ZS,Research and development expenditure (% of GDP),2016,0.03158,,2
PRY,Paraguay,GB.XPD.RSDV.GD.ZS,Research and development expenditure (% of GDP),2022,0.11944,,2
PRY,Paraguay,GB.XPD.RSDV.GD.ZS,Research and development expenditure (% of GDP),2021,0.14398,,2
PRY,Paraguay,GB.XPD.RSDV.GD.ZS,Research and development expenditure (% of GDP),2020,0.15697,,2
PRY,Paraguay,GB.XPD.RSDV.GD.ZS,Research and development expenditure (% of GDP),2019,0.13751,,2
PRY,Paraguay,GB.XPD.RSDV.GD.ZS,Research and development expenditure (% of GDP),2018,0.14684,,2
PRY,Paraguay,GB.XPD.RSDV.GD.ZS,Research and development expenditure (% of GDP),2017,0.14888,,2
PRY,Paraguay,GB.XPD.RSDV.GD.ZS,Research and development expenditure (% of GDP),2016,0.11676,,2
PRY,Paraguay,GB.XPD.RSDV.GD.ZS,Research and development expenditure (% of GDP),2015,0.09674,,2
PRY,Paraguay,GB.XPD.RSDV.GD.ZS,Research and development expenditure (% of GDP),2014,0.07901,,2
PRY,Paraguay,GB.XPD.RSDV.GD.ZS,Research and development expenditure (% of GDP),2013,0.07163,,2
PRY,Paraguay,GB.XPD.RSDV.GD.ZS,Research and development expenditure (% of GDP),2012,0.06517,,2
PRY,Paraguay,GB.XPD.RSDV.GD.ZS,Research and development expenditure (% of GDP),2011,0.04216,,2
PRY,Paraguay,GB.XPD.RSDV.GD.ZS,Research and development expenditure (% of GDP),2008,0.04113,,2
PRY,Paraguay,GB.XPD.RSDV.GD.ZS,Research and development expenditure (% of GDP),2005,0.06091,,2
PRY,Paraguay,GB.XPD.RSDV.GD.ZS,Research and development expenditure (% of GDP),2004,0.06066,,2
PRY,Paraguay,GB.XPD.RSDV.GD.ZS,Research and development expenditure (% of GDP),2003,0.06135,,2
PRY,Paraguay,GB.XPD.RSDV.GD.ZS,Research and development expenditure (% of GDP),2002,0.07493,,2
PRY,Paraguay,GB.XPD.RSDV.GD.ZS,Research and development expenditure (% of GDP),2001,0.06699,,2
PER,Peru,GB.XPD.RSDV.GD.ZS,Research and development expenditure (% of GDP),2022,0.16178,,2
PER,Peru,GB.XPD.RSDV.GD.ZS,Research and development expenditure (% of GDP),2021,0.13752,,2
PER,Peru,GB.XPD.RSDV.GD.ZS,Research and development expenditure (% of GDP),2020,0.17229,,2
PER,Peru,GB.XPD.RSDV.GD.ZS,Research and development expenditure (% of GDP),2019,0.15696,,2
PER,Peru,GB.XPD.RSDV.GD.ZS,Research and development expenditure (% of GDP),2018,0.12683,,2
PER,Peru,GB.XPD.RSDV.GD.ZS,Research and development expenditure (% of GDP),2017,0.12085,,2
PER,Peru,GB.XPD.RSDV.GD.ZS,Research and development expenditure (% of GDP),2016,0.12008,,2
PER,Peru,GB.XPD.RSDV.GD.ZS,Research and development expenditure (% of GDP),2015,0.11702,,2
PER,Peru,GB.XPD.RSDV.GD.ZS,Research and development expenditure (% of GDP),2014,0.10805,,2
PER,Peru,GB.XPD.RSDV.GD.ZS,Research and development expenditure (% of GDP),2013,0.08174,,2
PER,Peru,GB.XPD.RSDV.GD.ZS,Research and development expenditure (% of GDP),2012,0.0553,,2
PER,Peru,GB.XPD.RSDV.GD.ZS,Research and development expenditure (% of GDP),2011,0.08282,,2
PER,Peru,GB.XPD.RSDV.GD.ZS,Research and development expenditure (% of GDP),2004,0.15578,,2
PER,Peru,GB.XPD.RSDV.GD.ZS,Research and development expenditure (% of GDP),2003,0.10813,,2
PER,Peru,GB.XPD.RSDV.GD.ZS,Research and development expenditure (% of GDP),2002,0.10614,,2
PER,Peru,GB.XPD.RSDV.GD.ZS,Research and development expenditure (% of GDP),2001,0.11096,,2
PER,Peru,GB.XPD.RSDV.GD.ZS,Research and development expenditure (% of GDP),2000,0.11266,,2
PER,Peru,GB.XPD.RSDV.GD.ZS,Research and development expenditure (% of GDP),1999,0.09849,,2
PER,Peru,GB.XPD.RSDV.GD.ZS,Research and development expenditure (% of GDP),1998,0.10072,,2
PER,Peru,GB.XPD.RSDV.GD.ZS,Research and development expenditure (% of GDP),1997,0.0836,,2
PHL,Philippines,GB.XPD.RSDV.GD.ZS,Research and development expenditure (% of GDP),2018,0.32222,,2
PHL,Philippines,GB.XPD.RSDV.GD.ZS,Research and development expenditure (% of GDP),2015,0.15683,,2
PHL,Philippines,GB.XPD.RSDV.GD.ZS,Research and development expenditure (% of GDP),2013,0.13207,,2
PHL,Philippines,GB.XPD.RSDV.GD.ZS,Research and development expenditure (% of GDP),2011,0.11222,,2
PHL,Philippines,GB.XPD.RSDV.GD.ZS,Research and development expenditure (% of GDP),2009,0.10901,,2
PHL,Philippines,GB.XPD.RSDV.GD.ZS,Research and development expenditure (% of GDP),2007,0.10498,,2
PHL,Philippines,GB.XPD.RSDV.GD.ZS,Research and development expenditure (% of GDP),2005,0.10692,,2
PHL,Philippines,GB.XPD.RSDV.GD.ZS,Research and development expenditure (% of GDP),2003,0.12527,,2
PHL,Philippines,GB.XPD.RSDV.GD.ZS,Research and development expenditure (% of GDP),2002,0.13263,,2
POL,Poland,GB.XPD.RSDV.GD.ZS,Research and development expenditure (% of GDP),2022,1.45383,,2
POL,Poland,GB.XPD.RSDV.GD.ZS,Research and development expenditure (% of GDP),2021,1.43183,,2
POL,Poland,GB.XPD.RSDV.GD.ZS,Research and development expenditure (% of GDP),2020,1.38608,,2
POL,Poland,GB.XPD.RSDV.GD.ZS,Research and development expenditure (% of GDP),2019,1.32335,,2
POL,Poland,GB.XPD.RSDV.GD.ZS,Research and development expenditure (% of GDP),2018,1.2061,,2
POL,Poland,GB.XPD.RSDV.GD.ZS,Research and development expenditure (% of GDP),2017,1.03785,,2
POL,Poland,GB.XPD.RSDV.GD.ZS,Research and development expenditure (% of GDP),2016,0.96821,,2
POL,Poland,GB.XPD.RSDV.GD.ZS,Research and development expenditure (% of GDP),2015,1.00423,,2
POL,Poland,GB.XPD.RSDV.GD.ZS,Research and development expenditure (% of GDP),2014,0.95076,,2
POL,Poland,GB.XPD.RSDV.GD.ZS,Research and development expenditure (% of GDP),2013,0.88483,,2
POL,Poland,GB.XPD.RSDV.GD.ZS,Research and development expenditure (% of GDP),2012,0.88997,,2
POL,Poland,GB.XPD.RSDV.GD.ZS,Research and development expenditure (% of GDP),2011,0.75221,,2
POL,Poland,GB.XPD.RSDV.GD.ZS,Research and development expenditure (% of GDP),2010,0.72619,,2
POL,Poland,GB.XPD.RSDV.GD.ZS,Research and development expenditure (% of GDP),2009,0.66106,,2
POL,Poland,GB.XPD.RSDV.GD.ZS,Research and development expenditure (% of GDP),2008,0.59944,,2
POL,Poland,GB.XPD.RSDV.GD.ZS,Research and development expenditure (% of GDP),2007,0.56193,,2
POL,Poland,GB.XPD.RSDV.GD.ZS,Research and development expenditure (% of GDP),2006,0.55102,,2
POL,Poland,GB.XPD.RSDV.GD.ZS,Research and development expenditure (% of GDP),2005,0.56278,,2
POL,Poland,GB.XPD.RSDV.GD.ZS,Research and development expenditure (% of GDP),2004,0.5525,,2
POL,Poland,GB.XPD.RSDV.GD.ZS,Research and development expenditure (% of GDP),2003,0.53806,,2
POL,Poland,GB.XPD.RSDV.GD.ZS,Research and development expenditure (% of GDP),2002,0.55675,,2
POL,Poland,GB.XPD.RSDV.GD.ZS,Research and development expenditure (% of GDP),2001,0.62159,,2
POL,Poland,GB.XPD.RSDV.GD.ZS,Research and development expenditure (% of GDP),2000,0.64078,,2
POL,Poland,GB.XPD.RSDV.GD.ZS,Research and development expenditure (% of GDP),1999,0.68055,,2
POL,Poland,GB.XPD.RSDV.GD.ZS,Research and development expenditure (% of GDP),1998,0.65971,,2
POL,Poland,GB.XPD.RSDV.GD.ZS,Research and development expenditure (% of GDP),1997,0.64315,,2
POL,Poland,GB.XPD.RSDV.GD.ZS,Research and development expenditure (% of GDP),1996,0.63937,,2
PRT,Portugal,GB.XPD.RSDV.GD.ZS,Research and development expenditure (% of GDP),2022,1.70179,,2
PRT,Portugal,GB.XPD.RSDV.GD.ZS,Research and development expenditure (% of GDP),2021,1.67051,,2
PRT,Portugal,GB.XPD.RSDV.GD.ZS,Research and development expenditure (% of GDP),2020,1.61392,,2
PRT,Portugal,GB.XPD.RSDV.GD.ZS,Research and development expenditure (% of GDP),2019,1.39562,,2
PRT,Portugal,GB.XPD.RSDV.GD.ZS,Research and development expenditure (% of GDP),2018,1.34955,,2
PRT,Portugal,GB.XPD.RSDV.GD.ZS,Research and development expenditure (% of GDP),2017,1.31928,,2
PRT,Portugal,GB.XPD.RSDV.GD.ZS,Research and development expenditure (% of GDP),2016,1.28075,,2
PRT,Portugal,GB.XPD.RSDV.GD.ZS,Research and development expenditure (% of GDP),2015,1.2433,,2
PRT,Portugal,GB.XPD.RSDV.GD.ZS,Research and development expenditure (% of GDP),2014,1.28992,,2
PRT,Portugal,GB.XPD.RSDV.GD.ZS,Research and development expenditure (% of GDP),2013,1.32468,,2
PRT,Portugal,GB.XPD.RSDV.GD.ZS,Research and development expenditure (% of GDP),2012,1.37861,,2
PRT,Portugal,GB.XPD.RSDV.GD.ZS,Research and development expenditure (% of GDP),2011,1.45741,,2
PRT,Portugal,GB.XPD.RSDV.GD.ZS,Research and development expenditure (% of GDP),2010,1.53529,,2
PRT,Portugal,GB.XPD.RSDV.GD.ZS,Research and development expenditure (% of GDP),2009,1.58001,,2
PRT,Portugal,GB.XPD.RSDV.GD.ZS,Research and development expenditure (% of GDP),2008,1.44335,,2
PRT,Portugal,GB.XPD.RSDV.GD.ZS,Research and development expenditure (% of GDP),2007,1.12417,,2
PRT,Portugal,GB.XPD.RSDV.GD.ZS,Research and development expenditure (% of GDP),2006,0.95448,,2
PRT,Portugal,GB.XPD.RSDV.GD.ZS,Research and development expenditure (% of GDP),2005,0.75755,,2
PRT,Portugal,GB.XPD.RSDV.GD.ZS,Research and development expenditure (% of GDP),2004,0.7293,,2
PRT,Portugal,GB.XPD.RSDV.GD.ZS,Research and development expenditure (% of GDP),2003,0.69802,,2
PRT,Portugal,GB.XPD.RSDV.GD.ZS,Research and development expenditure (% of GDP),2002,0.72183,,2
PRT,Portugal,GB.XPD.RSDV.GD.ZS,Research and development expenditure (% of GDP),2001,0.76482,,2
PRT,Portugal,GB.XPD.RSDV.GD.ZS,Research and development expenditure (% of GDP),2000,0.72156,,2
PRT,Portugal,GB.XPD.RSDV.GD.ZS,Research and development expenditure (% of GDP),1999,0.68121,,2
PRT,Portugal,GB.XPD.RSDV.GD.ZS,Research and development expenditure (% of GDP),1998,0.62486,,2
PRT,Portugal,GB.XPD.RSDV.GD.ZS,Research and development expenditure (% of GDP),1997,0.56374,,2
PRT,Portugal,GB.XPD.RSDV.GD.ZS,Research and development expenditure (% of GDP),1996,0.5495,,2
PRI,Puerto Rico (US),GB.XPD.RSDV.GD.ZS,Research and development expenditure (% of GDP),2015,0.42883,,2
PRI,Puerto Rico (US),GB.XPD.RSDV.GD.ZS,Research and development expenditure (% of GDP),2013,0.43859,,2
PRI,Puerto Rico (US),GB.XPD.RSDV.GD.ZS,Research and development expenditure (% of GDP),2009,0.45131,,2
QAT,Qatar,GB.XPD.RSDV.GD.ZS,Research and development expenditure (% of GDP),2021,0.68058,,2
QAT,Qatar,GB.XPD.RSDV.GD.ZS,Research and development expenditure (% of GDP),2018,0.53129,,2
QAT,Qatar,GB.XPD.RSDV.GD.ZS,Research and development expenditure (% of GDP),2015,0.51883,,2
QAT,Qatar,GB.XPD.RSDV.GD.ZS,Research and development expenditure (% of GDP),2012,0.4786,,2
ROU,Romania,GB.XPD.RSDV.GD.ZS,Research and development expenditure (% of GDP),2022,0.45881,,2
ROU,Romania,GB.XPD.RSDV.GD.ZS,Research and development expenditure (% of GDP),2021,0.47234,,2
ROU,Romania,GB.XPD.RSDV.GD.ZS,Research and development expenditure (% of GDP),2020,0.46538,,2
ROU,Romania,GB.XPD.RSDV.GD.ZS,Research and development expenditure (% of GDP),2019,0.47616,,2
ROU,Romania,GB.XPD.RSDV.GD.ZS,Research and development expenditure (% of GDP),2018,0.49729,,2
ROU,Romania,GB.XPD.RSDV.GD.ZS,Research and development expenditure (% of GDP),2017,0.50693,,2
ROU,Romania,GB.XPD.RSDV.GD.ZS,Research and development expenditure (% of GDP),2016,0.48864,,2
ROU,Romania,GB.XPD.RSDV.GD.ZS,Research and development expenditure (% of GDP),2015,0.48796,,2
ROU,Romania,GB.XPD.RSDV.GD.ZS,Research and development expenditure (% of GDP),2014,0.38208,,2
ROU,Romania,GB.XPD.RSDV.GD.ZS,Research and development expenditure (% of GDP),2013,0.39024,,2
ROU,Romania,GB.XPD.RSDV.GD.ZS,Research and development expenditure (% of GDP),2012,0.4624,,2
ROU,Romania,GB.XPD.RSDV.GD.ZS,Research and development expenditure (% of GDP),2011,0.47459,,2
ROU,Romania,GB.XPD.RSDV.GD.ZS,Research and development expenditure (% of GDP),2010,0.44666,,2
ROU,Romania,GB.XPD.RSDV.GD.ZS,Research and development expenditure (% of GDP),2009,0.44395,,2
ROU,Romania,GB.XPD.RSDV.GD.ZS,Research and development expenditure (% of GDP),2008,0.55215,,2
ROU,Romania,GB.XPD.RSDV.GD.ZS,Research and development expenditure (% of GDP),2007,0.51148,,2
ROU,Romania,GB.XPD.RSDV.GD.ZS,Research and development expenditure (% of GDP),2006,0.45682,,2
ROU,Romania,GB.XPD.RSDV.GD.ZS,Research and development expenditure (% of GDP),2005,0.41262,,2
ROU,Romania,GB.XPD.RSDV.GD.ZS,Research and development expenditure (% of GDP),2004,0.38942,,2
ROU,Romania,GB.XPD.RSDV.GD.ZS,Research and development expenditure (% of GDP),2003,0.39708,,2
ROU,Romania,GB.XPD.RSDV.GD.ZS,Research and development expenditure (% of GDP),2002,0.37721,,2
ROU,Romania,GB.XPD.RSDV.GD.ZS,Research and development expenditure (% of GDP),2001,0.39129,,2
ROU,Romania,GB.XPD.RSDV.GD.ZS,Research and development expenditure (% of GDP),2000,0.36626,,2
ROU,Romania,GB.XPD.RSDV.GD.ZS,Research and development expenditure (% of GDP),1999,0.39832,,2
ROU,Romania,GB.XPD.RSDV.GD.ZS,Research and development expenditure (% of GDP),1998,0.49541,,2
ROU,Romania,GB.XPD.RSDV.GD.ZS,Research and development expenditure (% of GDP),1997,0.57451,,2
ROU,Romania,GB.XPD.RSDV.GD.ZS,Research and development expenditure (% of GDP),1996,0.67472,,2
RUS,Russian Federation,GB.XPD.RSDV.GD.ZS,Research and development expenditure (% of GDP),2022,0.92527,,2
RUS,Russian Federation,GB.XPD.RSDV.GD.ZS,Research and development expenditure (% of GDP),2021,0.95857,,2
RUS,Russian Federation,GB.XPD.RSDV.GD.ZS,Research and development expenditure (% of GDP),2020,1.09099,,2
RUS,Russian Federation,GB.XPD.RSDV.GD.ZS,Research and development expenditure (% of GDP),2019,1.03531,,2
RUS,Russian Federation,GB.XPD.RSDV.GD.ZS,Research and development expenditure (% of GDP),2018,0.99002,,2
RUS,Russian Federation,GB.XPD.RSDV.GD.ZS,Research and development expenditure (% of GDP),2017,1.10967,,2
RUS,Russian Federation,GB.XPD.RSDV.GD.ZS,Research and development expenditure (% of GDP),2016,1.10238,,2
RUS,Russian Federation,GB.XPD.RSDV.GD.ZS,Research and development expenditure (% of GDP),2015,1.10085,,2
RUS,Russian Federation,GB.XPD.RSDV.GD.ZS,Research and development expenditure (% of GDP),2014,1.07241,,2
RUS,Russian Federation,GB.XPD.RSDV.GD.ZS,Research and development expenditure (% of GDP),2013,1.02732,,2
RUS,Russian Federation,GB.XPD.RSDV.GD.ZS,Research and development expenditure (% of GDP),2012,1.02766,,2
RUS,Russian Federation,GB.XPD.RSDV.GD.ZS,Research and development expenditure (% of GDP),2011,1.01545,,2
RUS,Russian Federation,GB.XPD.RSDV.GD.ZS,Research and development expenditure (% of GDP),2010,1.1302,,2
RUS,Russian Federation,GB.XPD.RSDV.GD.ZS,Research and development expenditure (% of GDP),2009,1.25192,,2
RUS,Russian Federation,GB.XPD.RSDV.GD.ZS,Research and development expenditure (% of GDP),2008,1.04435,,2
RUS,Russian Federation,GB.XPD.RSDV.GD.ZS,Research and development expenditure (% of GDP),2007,1.11611,,2
RUS,Russian Federation,GB.XPD.RSDV.GD.ZS,Research and development expenditure (% of GDP),2006,1.07294,,2
RUS,Russian Federation,GB.XPD.RSDV.GD.ZS,Research and development expenditure (% of GDP),2005,1.06797,,2
RUS,Russian Federation,GB.XPD.RSDV.GD.ZS,Research and development expenditure (% of GDP),2004,1.15133,,2
RUS,Russian Federation,GB.XPD.RSDV.GD.ZS,Research and development expenditure (% of GDP),2003,1.28603,,2
RUS,Russian Federation,GB.XPD.RSDV.GD.ZS,Research and development expenditure (% of GDP),2002,1.24652,,2
RUS,Russian Federation,GB.XPD.RSDV.GD.ZS,Research and development expenditure (% of GDP),2001,1.17694,,2
RUS,Russian Federation,GB.XPD.RSDV.GD.ZS,Research and development expenditure (% of GDP),2000,1.04983,,2
RUS,Russian Federation,GB.XPD.RSDV.GD.ZS,Research and development expenditure (% of GDP),1999,0.99623,,2
RUS,Russian Federation,GB.XPD.RSDV.GD.ZS,Research and development expenditure (% of GDP),1998,0.95383,,2
RUS,Russian Federation,GB.XPD.RSDV.GD.ZS,Research and development expenditure (% of GDP),1997,1.04374,,2
RUS,Russian Federation,GB.XPD.RSDV.GD.ZS,Research and development expenditure (% of GDP),1996,0.96592,,2
RWA,Rwanda,GB.XPD.RSDV.GD.ZS,Research and development expenditure (% of GDP),2023,0.79445,,2
RWA,Rwanda,GB.XPD.RSDV.GD.ZS,Research and development expenditure (% of GDP),2019,0.75853,,2
RWA,Rwanda,GB.XPD.RSDV.GD.ZS,Research and development expenditure (% of GDP),2016,0.64945,,2
SAU,Saudi Arabia,GB.XPD.RSDV.GD.ZS,Research and development expenditure (% of GDP),2023,0.56486,,2
SAU,Saudi Arabia,GB.XPD.RSDV.GD.ZS,Research and development expenditure (% of GDP),2022,0.46317,,2
SAU,Saudi Arabia,GB.XPD.RSDV.GD.ZS,Research and development expenditure (% of GDP),2021,0.44266,,2
SAU,Saudi Arabia,GB.XPD.RSDV.GD.ZS,Research and development expenditure (% of GDP),2020,0.49802,,2
SAU,Saudi Arabia,GB.XPD.RSDV.GD.ZS,Research and development expenditure (% of GDP),2013,0.80736,,2
SAU,Saudi Arabia,GB.XPD.RSDV.GD.ZS,Research and development expenditure (% of GDP),2012,0.8699,,2
SAU,Saudi Arabia,GB.XPD.RSDV.GD.ZS,Research and development expenditure (% of GDP),2011,0.89068,,2
SAU,Saudi Arabia,GB.XPD.RSDV.GD.ZS,Research and development expenditure (% of GDP),2010,0.884,,2
SAU,Saudi Arabia,GB.XPD.RSDV.GD.ZS,Research and development expenditure (% of GDP),2009,0.07338,,2
SAU,Saudi Arabia,GB.XPD.RSDV.GD.ZS,Research and development expenditure (% of GDP),2008,0.04902,,2
SAU,Saudi Arabia,GB.XPD.RSDV.GD.ZS,Research and development expenditure (% of GDP),2007,0.04521,,2
SAU,Saudi Arabia,GB.XPD.RSDV.GD.ZS,Research and development expenditure (% of GDP),2006,0.04245,,2
SAU,Saudi Arabia,GB.XPD.RSDV.GD.ZS,Research and development expenditure (% of GDP),2005,0.0423,,2
SAU,Saudi Arabia,GB.XPD.RSDV.GD.ZS,Research and development expenditure (% of GDP),2004,0.05315,,2
SAU,Saudi Arabia,GB.XPD.RSDV.GD.ZS,Research and development expenditure (% of GDP),2003,0.06233,,2
SEN,Senegal,GB.XPD.RSDV.GD.ZS,Research and development expenditure (% of GDP),2015,0.5772,,2
SEN,Senegal,GB.XPD.RSDV.GD.ZS,Research and development expenditure (% of GDP),2010,0.4343,,2
SEN,Senegal,GB.XPD.RSDV.GD.ZS,Research and development expenditure (% of GDP),2008,0.29374,,2
SRB,Serbia,GB.XPD.RSDV.GD.ZS,Research and development expenditure (% of GDP),2023,0.95005,,2
SRB,Serbia,GB.XPD.RSDV.GD.ZS,Research and development expenditure (% of GDP),2022,0.96616,,2
SRB,Serbia,GB.XPD.RSDV.GD.ZS,Research and development expenditure (% of GDP),2021,0.99379,,2
SRB,Serbia,GB.XPD.RSDV.GD.ZS,Research and development expenditure (% of GDP),2020,0.90558,,2
SRB,Serbia,GB.XPD.RSDV.GD.ZS,Research and development expenditure (% of GDP),2019,0.88667,,2
SRB,Serbia,GB.XPD.RSDV.GD.ZS,Research and development expenditure (% of GDP),2018,0.91891,,2
SRB,Serbia,GB.XPD.RSDV.GD.ZS,Research and development expenditure (% of GDP),2017,0.87238,,2
SRB,Serbia,GB.XPD.RSDV.GD.ZS,Research and development expenditure (% of GDP),2016,0.83822,,2
SRB,Serbia,GB.XPD.RSDV.GD.ZS,Research and development expenditure (% of GDP),2015,0.8109,,2
SRB,Serbia,GB.XPD.RSDV.GD.ZS,Research and development expenditure (% of GDP),2014,0.72309,,2
SRB,Serbia,GB.XPD.RSDV.GD.ZS,Research and development expenditure (% of GDP),2013,0.68367,,2
SRB,Serbia,GB.XPD.RSDV.GD.ZS,Research and development expenditure (% of GDP),2012,0.85316,,2
SRB,Serbia,GB.XPD.RSDV.GD.ZS,Research and development expenditure (% of GDP),2011,0.68334,,2
SRB,Serbia,GB.XPD.RSDV.GD.ZS,Research and development expenditure (% of GDP),2010,0.70228,,2
SRB,Serbia,GB.XPD.RSDV.GD.ZS,Research and development expenditure (% of GDP),2009,0.8173,,2
SRB,Serbia,GB.XPD.RSDV.GD.ZS,Research and development expenditure (% of GDP),2008,0.66966,,2
SRB,Serbia,GB.XPD.RSDV.GD.ZS,Research and development expenditure (% of GDP),2007,0.57877,,2
SRB,Serbia,GB.XPD.RSDV.GD.ZS,Research and development expenditure (% of GDP),2006,0.43985,,2
SRB,Serbia,GB.XPD.RSDV.GD.ZS,Research and development expenditure (% of GDP),2005,0.3953,,2
SRB,Serbia,GB.XPD.RSDV.GD.ZS,Research and development expenditure (% of GDP),2004,0.28953,,2
SRB,Serbia,GB.XPD.RSDV.GD.ZS,Research and development expenditure (% of GDP),2003,0.49138,,2
SRB,Serbia,GB.XPD.RSDV.GD.ZS,Research and development expenditure (% of GDP),2002,0.63968,,2
SRB,Serbia,GB.XPD.RSDV.GD.ZS,Research and development expenditure (% of GDP),2001,0.30401,,2
SRB,Serbia,GB.XPD.RSDV.GD.ZS,Research and development expenditure (% of GDP),2000,0.85424,,2
SRB,Serbia,GB.XPD.RSDV.GD.ZS,Research and development expenditure (% of GDP),1999,0.94682,,2
SRB,Serbia,GB.XPD.RSDV.GD.ZS,Research and development expenditure (% of GDP),1998,0.75301,,2
SRB,Serbia,GB.XPD.RSDV.GD.ZS,Research and development expenditure (% of GDP),1997,0.70915,,2
SYC,Seychelles,GB.XPD.RSDV.GD.ZS,Research and development expenditure (% of GDP),2016,0.2017,,2
SYC,Seychelles,GB.XPD.RSDV.GD.ZS,Research and development expenditure (% of GDP),2005,0.28393,,2
SYC,Seychelles,GB.XPD.RSDV.GD.ZS,Research and development expenditure (% of GDP),2004,0.32574,,2
SYC,Seychelles,GB.XPD.RSDV.GD.ZS,Research and development expenditure (% of GDP),2003,0.38707,,2
SYC,Seychelles,GB.XPD.RSDV.GD.ZS,Research and development expenditure (% of GDP),2002,0.3826,,2
SYC,Seychelles,GB.XPD.RSDV.GD.ZS,Research and development expenditure (% of GDP),2001,0.39968,,2
SGP,Singapore,GB.XPD.RSDV.GD.ZS,Research and development expenditure (% of GDP),2020,2.15626,,2
SGP,Singapore,GB.XPD.RSDV.GD.ZS,Research and development expenditure (% of GDP),2019,1.88474,,2
SGP,Singapore,GB.XPD.RSDV.GD.ZS,Research and development expenditure (% of GDP),2018,1.80947,,2
SGP,Singapore,GB.XPD.RSDV.GD.ZS,Research and development expenditure (% of GDP),2017,1.89913,,2
SGP,Singapore,GB.XPD.RSDV.GD.ZS,Research and development expenditure (% of GDP),2016,2.07276,,2
SGP,Singapore,GB.XPD.RSDV.GD.ZS,Research and development expenditure (% of GDP),2015,2.17445,,2
SGP,Singapore,GB.XPD.RSDV.GD.ZS,Research and development expenditure (% of GDP),2014,2.08228,,2
SGP,Singapore,GB.XPD.RSDV.GD.ZS,Research and development expenditure (% of GDP),2013,1.92104,,2
SGP,Singapore,GB.XPD.RSDV.GD.ZS,Research and development expenditure (% of GDP),2012,1.91833,,2
SGP,Singapore,GB.XPD.RSDV.GD.ZS,Research and development expenditure (% of GDP),2011,2.06955,,2
SGP,Singapore,GB.XPD.RSDV.GD.ZS,Research and development expenditure (% of GDP),2010,1.92918,,2
SGP,Singapore,GB.XPD.RSDV.GD.ZS,Research and development expenditure (% of GDP),2009,2.1279,,2
SGP,Singapore,GB.XPD.RSDV.GD.ZS,Research and development expenditure (% of GDP),2008,2.59674,,2
SGP,Singapore,GB.XPD.RSDV.GD.ZS,Research and development expenditure (% of GDP),2007,2.31986,,2
SGP,Singapore,GB.XPD.RSDV.GD.ZS,Research and development expenditure (% of GDP),2006,2.11656,,2
SGP,Singapore,GB.XPD.RSDV.GD.ZS,Research and development expenditure (% of GDP),2005,2.14806,,2
SGP,Singapore,GB.XPD.RSDV.GD.ZS,Research and development expenditure (% of GDP),2004,2.07859,,2
SGP,Singapore,GB.XPD.RSDV.GD.ZS,Research and development expenditure (% of GDP),2003,1.99679,,2
SGP,Singapore,GB.XPD.RSDV.GD.ZS,Research and development expenditure (% of GDP),2002,2.03282,,2
SGP,Singapore,GB.XPD.RSDV.GD.ZS,Research and development expenditure (% of GDP),2001,2.0093,,2
SGP,Singapore,GB.XPD.RSDV.GD.ZS,Research and development expenditure (% of GDP),2000,1.81699,,2
SGP,Singapore,GB.XPD.RSDV.GD.ZS,Research and development expenditure (% of GDP),1999,1.81624,,2
SGP,Singapore,GB.XPD.RSDV.GD.ZS,Research and development expenditure (% of GDP),1998,1.73707,,2
SGP,Singapore,GB.XPD.RSDV.GD.ZS,Research and development expenditure (% of GDP),1997,1.41564,,2
SGP,Singapore,GB.XPD.RSDV.GD.ZS,Research and development expenditure (% of GDP),1996,1.31991,,2
SVK,Slovak Republic,GB.XPD.RSDV.GD.ZS,Research and development expenditure (% of GDP),2022,0.97939,,2
SVK,Slovak Republic,GB.XPD.RSDV.GD.ZS,Research and development expenditure (% of GDP),2021,0.91611,,2
SVK,Slovak Republic,GB.XPD.RSDV.GD.ZS,Research and development expenditure (% of GDP),2020,0.89773,,2
SVK,Slovak Republic,GB.XPD.RSDV.GD.ZS,Research and development expenditure (% of GDP),2019,0.8224,,2
SVK,Slovak Republic,GB.XPD.RSDV.GD.ZS,Research and development expenditure (% of GDP),2018,0.83555,,2
SVK,Slovak Republic,GB.XPD.RSDV.GD.ZS,Research and development expenditure (% of GDP),2017,0.88456,,2
SVK,Slovak Republic,GB.XPD.RSDV.GD.ZS,Research and development expenditure (% of GDP),2016,0.78857,,2
SVK,Slovak Republic,GB.XPD.RSDV.GD.ZS,Research and development expenditure (% of GDP),2015,1.15727,,2
SVK,Slovak Republic,GB.XPD.RSDV.GD.ZS,Research and development expenditure (% of GDP),2014,0.877,,2
SVK,Slovak Republic,GB.XPD.RSDV.GD.ZS,Research and development expenditure (% of GDP),2013,0.82005,,2
SVK,Slovak Republic,GB.XPD.RSDV.GD.ZS,Research and development expenditure (% of GDP),2012,0.79461,,2
SVK,Slovak Republic,GB.XPD.RSDV.GD.ZS,Research and development expenditure (% of GDP),2011,0.65255,,2
SVK,Slovak Republic,GB.XPD.RSDV.GD.ZS,Research and development expenditure (% of GDP),2010,0.6055,,2
SVK,Slovak Republic,GB.XPD.RSDV.GD.ZS,Research and development expenditure (% of GDP),2009,0.47272,,2
SVK,Slovak Republic,GB.XPD.RSDV.GD.ZS,Research and development expenditure (% of GDP),2008,0.46137,,2
SVK,Slovak Republic,GB.XPD.RSDV.GD.ZS,Research and development expenditure (% of GDP),2007,0.44746,,2
SVK,Slovak Republic,GB.XPD.RSDV.GD.ZS,Research and development expenditure (% of GDP),2006,0.47488,,2
SVK,Slovak Republic,GB.XPD.RSDV.GD.ZS,Research and development expenditure (% of GDP),2005,0.49332,,2
SVK,Slovak Republic,GB.XPD.RSDV.GD.ZS,Research and development expenditure (% of GDP),2004,0.50069,,2
SVK,Slovak Republic,GB.XPD.RSDV.GD.ZS,Research and development expenditure (% of GDP),2003,0.56145,,2
SVK,Slovak Republic,GB.XPD.RSDV.GD.ZS,Research and development expenditure (% of GDP),2002,0.56314,,2
SVK,Slovak Republic,GB.XPD.RSDV.GD.ZS,Research and development expenditure (% of GDP),2001,0.62465,,2
SVK,Slovak Republic,GB.XPD.RSDV.GD.ZS,Research and development expenditure (% of GDP),2000,0.63807,,2
SVK,Slovak Republic,GB.XPD.RSDV.GD.ZS,Research and development expenditure (% of GDP),1999,0.64475,,2
SVK,Slovak Republic,GB.XPD.RSDV.GD.ZS,Research and development expenditure (% of GDP),1998,0.76541,,2
SVK,Slovak Republic,GB.XPD.RSDV.GD.ZS,Research and development expenditure (% of GDP),1997,1.05108,,2
SVK,Slovak Republic,GB.XPD.RSDV.GD.ZS,Research and development expenditure (% of GDP),1996,0.88963,,2
SVN,Slovenia,GB.XPD.RSDV.GD.ZS,Research and development expenditure (% of GDP),2022,2.09525,,2
SVN,Slovenia,GB.XPD.RSDV.GD.ZS,Research and development expenditure (% of GDP),2021,2.128,,2
SVN,Slovenia,GB.XPD.RSDV.GD.ZS,Research and development expenditure (% of GDP),2020,2.14156,,2
SVN,Slovenia,GB.XPD.RSDV.GD.ZS,Research and development expenditure (% of GDP),2019,2.03922,,2
SVN,Slovenia,GB.XPD.RSDV.GD.ZS,Research and development expenditure (% of GDP),2018,1.94593,,2
SVN,Slovenia,GB.XPD.RSDV.GD.ZS,Research and development expenditure (% of GDP),2017,1.8653,,2
SVN,Slovenia,GB.XPD.RSDV.GD.ZS,Research and development expenditure (% of GDP),2016,2.00764,,2
SVN,Slovenia,GB.XPD.RSDV.GD.ZS,Research and development expenditure (% of GDP),2015,2.19565,,2
SVN,Slovenia,GB.XPD.RSDV.GD.ZS,Research and development expenditure (% of GDP),2014,2.36548,,2
SVN,Slovenia,GB.XPD.RSDV.GD.ZS,Research and development expenditure (% of GDP),2013,2.56487,,2
SVN,Slovenia,GB.XPD.RSDV.GD.ZS,Research and development expenditure (% of GDP),2012,2.56061,,2
SVN,Slovenia,GB.XPD.RSDV.GD.ZS,Research and development expenditure (% of GDP),2011,2.41297,,2
SVN,Slovenia,GB.XPD.RSDV.GD.ZS,Research and development expenditure (% of GDP),2010,2.05133,,2
SVN,Slovenia,GB.XPD.RSDV.GD.ZS,Research and development expenditure (% of GDP),2009,1.81184,,2
SVN,Slovenia,GB.XPD.RSDV.GD.ZS,Research and development expenditure (% of GDP),2008,1.62673,,2
SVN,Slovenia,GB.XPD.RSDV.GD.ZS,Research and development expenditure (% of GDP),2007,1.42703,,2
SVN,Slovenia,GB.XPD.RSDV.GD.ZS,Research and development expenditure (% of GDP),2006,1.53705,,2
SVN,Slovenia,GB.XPD.RSDV.GD.ZS,Research and development expenditure (% of GDP),2005,1.41778,,2
SVN,Slovenia,GB.XPD.RSDV.GD.ZS,Research and development expenditure (% of GDP),2004,1.37026,,2
SVN,Slovenia,GB.XPD.RSDV.GD.ZS,Research and development expenditure (% of GDP),2003,1.24792,,2
SVN,Slovenia,GB.XPD.RSDV.GD.ZS,Research and development expenditure (% of GDP),2002,1.44325,,2
SVN,Slovenia,GB.XPD.RSDV.GD.ZS,Research and development expenditure (% of GDP),2001,1.46767,,2
SVN,Slovenia,GB.XPD.RSDV.GD.ZS,Research and development expenditure (% of GDP),2000,1.35982,,2
SVN,Slovenia,GB.XPD.RSDV.GD.ZS,Research and development expenditure (% of GDP),1999,1.33688,,2
SVN,Slovenia,GB.XPD.RSDV.GD.ZS,Research and development expenditure (% of GDP),1998,1.30515,,2
SVN,Slovenia,GB.XPD.RSDV.GD.ZS,Research and development expenditure (% of GDP),1997,1.24643,,2
SVN,Slovenia,GB.XPD.RSDV.GD.ZS,Research and development expenditure (% of GDP),1996,1.26473,,2
ZAF,South Africa,GB.XPD.RSDV.GD.ZS,Research and development expenditure (% of GDP),2022,0.61729,,2
ZAF,South Africa,GB.XPD.RSDV.GD.ZS,Research and development expenditure (% of GDP),2021,0.61503,,2
ZAF,South Africa,GB.XPD.RSDV.GD.ZS,Research and development expenditure (% of GDP),2020,0.6024,,2
ZAF,South Africa,GB.XPD.RSDV.GD.ZS,Research and development expenditure (% of GDP),2019,0.61304,,2
ZAF,South Africa,GB.XPD.RSDV.GD.ZS,Research and development expenditure (% of GDP),2018,0.68586,,2
ZAF,South Africa,GB.XPD.RSDV.GD.ZS,Research and development expenditure (% of GDP),2017,0.76257,,2
ZAF,South Africa,GB.XPD.RSDV.GD.ZS,Research and development expenditure (% of GDP),2016,0.74992,,2
ZAF,South Africa,GB.XPD.RSDV.GD.ZS,Research and development expenditure (% of GDP),2015,0.73147,,2
ZAF,South Africa,GB.XPD.RSDV.GD.ZS,Research and development expenditure (% of GDP),2014,0.70987,,2
ZAF,South Africa,GB.XPD.RSDV.GD.ZS,Research and development expenditure (% of GDP),2013,0.6633,,2
ZAF,South Africa,GB.XPD.RSDV.GD.ZS,Research and development expenditure (% of GDP),2012,0.66934,,2
ZAF,South Africa,GB.XPD.RSDV.GD.ZS,Research and development expenditure (% of GDP),2011,0.66753,,2
ZAF,South Africa,GB.XPD.RSDV.GD.ZS,Research and development expenditure (% of GDP),2010,0.66284,,2
ZAF,South Africa,GB.XPD.RSDV.GD.ZS,Research and development expenditure (% of GDP),2009,0.74993,,2
ZAF,South Africa,GB.XPD.RSDV.GD.ZS,Research and development expenditure (% of GDP),2008,0.80567,,2
ZAF,South Africa,GB.XPD.RSDV.GD.ZS,Research and development expenditure (% of GDP),2007,0.79364,,2
ZAF,South Africa,GB.XPD.RSDV.GD.ZS,Research and development expenditure (% of GDP),2006,0.80291,,2
ZAF,South Africa,GB.XPD.RSDV.GD.ZS,Research and development expenditure (% of GDP),2005,0.77024,,2
ZAF,South Africa,GB.XPD.RSDV.GD.ZS,Research and development expenditure (% of GDP),2004,0.72681,,2
ZAF,South Africa,GB.XPD.RSDV.GD.ZS,Research and development expenditure (% of GDP),2003,0.6765,,2
ZAF,South Africa,GB.XPD.RSDV.GD.ZS,Research and development expenditure (% of GDP),2001,0.64224,,2
ZAF,South Africa,GB.XPD.RSDV.GD.ZS,Research and development expenditure (% of GDP),1997,0.52694,,2
ESP,Spain,GB.XPD.RSDV.GD.ZS,Research and development expenditure (% of GDP),2022,1.43532,,2
ESP,Spain,GB.XPD.RSDV.GD.ZS,Research and development expenditure (% of GDP),2021,1.41122,,2
ESP,Spain,GB.XPD.RSDV.GD.ZS,Research and development expenditure (% of GDP),2020,1.4091,,2
ESP,Spain,GB.XPD.RSDV.GD.ZS,Research and development expenditure (% of GDP),2019,1.25025,,2
ESP,Spain,GB.XPD.RSDV.GD.ZS,Research and development expenditure (% of GDP),2018,1.24151,,2
ESP,Spain,GB.XPD.RSDV.GD.ZS,Research and development expenditure (% of GDP),2017,1.20977,,2
ESP,Spain,GB.XPD.RSDV.GD.ZS,Research and development expenditure (% of GDP),2016,1.18986,,2
ESP,Spain,GB.XPD.RSDV.GD.ZS,Research and development expenditure (% of GDP),2015,1.22179,,2
ESP,Spain,GB.XPD.RSDV.GD.ZS,Research and development expenditure (% of GDP),2014,1.24159,,2
ESP,Spain,GB.XPD.RSDV.GD.ZS,Research and development expenditure (% of GDP),2013,1.27482,,2
ESP,Spain,GB.XPD.RSDV.GD.ZS,Research and development expenditure (% of GDP),2012,1.29876,,2
ESP,Spain,GB.XPD.RSDV.GD.ZS,Research and development expenditure (% of GDP),2011,1.33341,,2
ESP,Spain,GB.XPD.RSDV.GD.ZS,Research and development expenditure (% of GDP),2010,1.35996,,2
ESP,Spain,GB.XPD.RSDV.GD.ZS,Research and development expenditure (% of GDP),2009,1.36364,,2
ESP,Spain,GB.XPD.RSDV.GD.ZS,Research and development expenditure (% of GDP),2008,1.325,,2
ESP,Spain,GB.XPD.RSDV.GD.ZS,Research and development expenditure (% of GDP),2007,1.24053,,2
ESP,Spain,GB.XPD.RSDV.GD.ZS,Research and development expenditure (% of GDP),2006,1.17702,,2
ESP,Spain,GB.XPD.RSDV.GD.ZS,Research and development expenditure (% of GDP),2005,1.09956,,2
ESP,Spain,GB.XPD.RSDV.GD.ZS,Research and development expenditure (% of GDP),2004,1.04089,,2
ESP,Spain,GB.XPD.RSDV.GD.ZS,Research and development expenditure (% of GDP),2003,1.02373,,2
ESP,Spain,GB.XPD.RSDV.GD.ZS,Research and development expenditure (% of GDP),2002,0.95971,,2
ESP,Spain,GB.XPD.RSDV.GD.ZS,Research and development expenditure (% of GDP),2001,0.88833,,2
ESP,Spain,GB.XPD.RSDV.GD.ZS,Research and development expenditure (% of GDP),2000,0.88276,,2
ESP,Spain,GB.XPD.RSDV.GD.ZS,Research and development expenditure (% of GDP),1999,0.83854,,2
ESP,Spain,GB.XPD.RSDV.GD.ZS,Research and development expenditure (% of GDP),1998,0.84804,,2
ESP,Spain,GB.XPD.RSDV.GD.ZS,Research and development expenditure (% of GDP),1997,0.77781,,2
ESP,Spain,GB.XPD.RSDV.GD.ZS,Research and development expenditure (% of GDP),1996,0.78753,,2
LKA,Sri Lanka,GB.XPD.RSDV.GD.ZS,Research and development expenditure (% of GDP),2022,0.10506,,2
LKA,Sri Lanka,GB.XPD.RSDV.GD.ZS,Research and development expenditure (% of GDP),2020,0.11616,,2
LKA,Sri Lanka,GB.XPD.RSDV.GD.ZS,Research and development expenditure (% of GDP),2018,0.11949,,2
LKA,Sri Lanka,GB.XPD.RSDV.GD.ZS,Research and development expenditure (% of GDP),2017,0.11818,,2
LKA,Sri Lanka,GB.XPD.RSDV.GD.ZS,Research and development expenditure (% of GDP),2016,0.12034,,2
LKA,Sri Lanka,GB.XPD.RSDV.GD.ZS,Research and development expenditure (% of GDP),2015,0.10291,,2
LKA,Sri Lanka,GB.XPD.RSDV.GD.ZS,Research and development expenditure (% of GDP),2014,0.09605,,2
LKA,Sri Lanka,GB.XPD.RSDV.GD.ZS,Research and development expenditure (% of GDP),2013,0.0973,,2
LKA,Sri Lanka,GB.XPD.RSDV.GD.ZS,Research and development expenditure (% of GDP),2010,0.13241,,2
LKA,Sri Lanka,GB.XPD.RSDV.GD.ZS,Research and development expenditure (% of GDP),2008,0.11444,,2
LKA,Sri Lanka,GB.XPD.RSDV.GD.ZS,Research and development expenditure (% of GDP),2006,0.1742,,2
LKA,Sri Lanka,GB.XPD.RSDV.GD.ZS,Research and development expenditure (% of GDP),2004,0.1821,,2
LKA,Sri Lanka,GB.XPD.RSDV.GD.ZS,Research and development expenditure (% of GDP),2000,0.14392,,2
LKA,Sri Lanka,GB.XPD.RSDV.GD.ZS,Research and development expenditure (% of GDP),1996,0.18356,,2
LCA,St. Lucia,GB.XPD.RSDV.GD.ZS,Research and development expenditure (% of GDP),1999,0.27374,,2
LCA,St. Lucia,GB.XPD.RSDV.GD.ZS,Research and development expenditure (% of GDP),1998,0.57395,,2
VCT,St. Vincent and the Grenadines,GB.XPD.RSDV.GD.ZS,Research and development expenditure (% of GDP),2002,0.1139,,2
VCT,St. Vincent and the Grenadines,GB.XPD.RSDV.GD.ZS,Research and development expenditure (% of GDP),2001,0.04008,,2
SDN,Sudan,GB.XPD.RSDV.GD.ZS,Research and development expenditure (% of GDP),2005,0.225,,2
SDN,Sudan,GB.XPD.RSDV.GD.ZS,Research and development expenditure (% of GDP),2004,0.23825,,2
SDN,Sudan,GB.XPD.RSDV.GD.ZS,Research and development expenditure (% of GDP),2003,0.2808,,2
SDN,Sudan,GB.XPD.RSDV.GD.ZS,Research and development expenditure (% of GDP),2002,0.32247,,2
SDN,Sudan,GB.XPD.RSDV.GD.ZS,Research and development expenditure (% of GDP),2001,0.37483,,2
SDN,Sudan,GB.XPD.RSDV.GD.ZS,Research and development expenditure (% of GDP),2000,0.47277,,2
SDN,Sudan,GB.XPD.RSDV.GD.ZS,Research and development expenditure (% of GDP),1999,0.53007,,2
SWE,Sweden,GB.XPD.RSDV.GD.ZS,Research and development expenditure (% of GDP),2022,3.40822,,2
SWE,Sweden,GB.XPD.RSDV.GD.ZS,Research and development expenditure (% of GDP),2021,3.40216,,2
SWE,Sweden,GB.XPD.RSDV.GD.ZS,Research and development expenditure (% of GDP),2020,3.4896,,2
SWE,Sweden,GB.XPD.RSDV.GD.ZS,Research and development expenditure (% of GDP),2019,3.38758,,2
SWE,Sweden,GB.XPD.RSDV.GD.ZS,Research and development expenditure (% of GDP),2018,3.32106,,2
SWE,Sweden,GB.XPD.RSDV.GD.ZS,Research and development expenditure (% of GDP),2017,3.36279,,2
SWE,Sweden,GB.XPD.RSDV.GD.ZS,Research and development expenditure (% of GDP),2016,3.24736,,2
SWE,Sweden,GB.XPD.RSDV.GD.ZS,Research and development expenditure (% of GDP),2015,3.21903,,2
SWE,Sweden,GB.XPD.RSDV.GD.ZS,Research and development expenditure (% of GDP),2014,3.10184,,2
SWE,Sweden,GB.XPD.RSDV.GD.ZS,Research and development expenditure (% of GDP),2013,3.26042,,2
SWE,Sweden,GB.XPD.RSDV.GD.ZS,Research and development expenditure (% of GDP),2012,3.23025,,2
SWE,Sweden,GB.XPD.RSDV.GD.ZS,Research and development expenditure (% of GDP),2011,3.18702,,2
SWE,Sweden,GB.XPD.RSDV.GD.ZS,Research and development expenditure (% of GDP),2010,3.16789,,2
SWE,Sweden,GB.XPD.RSDV.GD.ZS,Research and development expenditure (% of GDP),2009,3.39528,,2
SWE,Sweden,GB.XPD.RSDV.GD.ZS,Research and development expenditure (% of GDP),2008,3.46999,,2
SWE,Sweden,GB.XPD.RSDV.GD.ZS,Research and development expenditure (% of GDP),2007,3.23383,,2
SWE,Sweden,GB.XPD.RSDV.GD.ZS,Research and development expenditure (% of GDP),2006,3.475,,2
SWE,Sweden,GB.XPD.RSDV.GD.ZS,Research and development expenditure (% of GDP),2005,3.35958,,2
SWE,Sweden,GB.XPD.RSDV.GD.ZS,Research and development expenditure (% of GDP),2004,3.36129,,2
SWE,Sweden,GB.XPD.RSDV.GD.ZS,Research and development expenditure (% of GDP),2003,3.57948,,2
SWE,Sweden,GB.XPD.RSDV.GD.ZS,Research and development expenditure (% of GDP),2001,3.8738,,2
SWE,Sweden,GB.XPD.RSDV.GD.ZS,Research and development expenditure (% of GDP),1999,3.38132,,2
SWE,Sweden,GB.XPD.RSDV.GD.ZS,Research and development expenditure (% of GDP),1997,3.27394,,2
CHE,Switzerland,GB.XPD.RSDV.GD.ZS,Research and development expenditure (% of GDP),2021,3.30645,,2
CHE,Switzerland,GB.XPD.RSDV.GD.ZS,Research and development expenditure (% of GDP),2019,3.1968,,2
CHE,Switzerland,GB.XPD.RSDV.GD.ZS,Research and development expenditure (% of GDP),2017,3.07698,,2
CHE,Switzerland,GB.XPD.RSDV.GD.ZS,Research and development expenditure (% of GDP),2015,3.07832,,2
CHE,Switzerland,GB.XPD.RSDV.GD.ZS,Research and development expenditure (% of GDP),2012,2.87457,,2
CHE,Switzerland,GB.XPD.RSDV.GD.ZS,Research and development expenditure (% of GDP),2008,2.65296,,2
CHE,Switzerland,GB.XPD.RSDV.GD.ZS,Research and development expenditure (% of GDP),2004,2.60818,,2
CHE,Switzerland,GB.XPD.RSDV.GD.ZS,Research and development expenditure (% of GDP),2000,2.26386,,2
CHE,Switzerland,GB.XPD.RSDV.GD.ZS,Research and development expenditure (% of GDP),1996,2.37649,,2
SYR,Syrian Arab Republic,GB.XPD.RSDV.GD.ZS,Research and development expenditure (% of GDP),2022,0.07306,,2
SYR,Syrian Arab Republic,GB.XPD.RSDV.GD.ZS,Research and development expenditure (% of GDP),2015,0.01942,,2
TJK,Tajikistan,GB.XPD.RSDV.GD.ZS,Research and development expenditure (% of GDP),2020,0.08969,,2
TJK,Tajikistan,GB.XPD.RSDV.GD.ZS,Research and development expenditure (% of GDP),2019,0.09367,,2
TJK,Tajikistan,GB.XPD.RSDV.GD.ZS,Research and development expenditure (% of GDP),2018,0.09401,,2
TJK,Tajikistan,GB.XPD.RSDV.GD.ZS,Research and development expenditure (% of GDP),2017,0.10957,,2
TJK,Tajikistan,GB.XPD.RSDV.GD.ZS,Research and development expenditure (% of GDP),2016,0.10622,,2
TJK,Tajikistan,GB.XPD.RSDV.GD.ZS,Research and development expenditure (% of GDP),2015,0.1034,,2
TJK,Tajikistan,GB.XPD.RSDV.GD.ZS,Research and development expenditure (% of GDP),2014,0.11624,,2
TJK,Tajikistan,GB.XPD.RSDV.GD.ZS,Research and development expenditure (% of GDP),2013,0.11851,,2
TJK,Tajikistan,GB.XPD.RSDV.GD.ZS,Research and development expenditure (% of GDP),2012,0.11432,,2
TJK,Tajikistan,GB.XPD.RSDV.GD.ZS,Research and development expenditure (% of GDP),2011,0.12148,,2
TJK,Tajikistan,GB.XPD.RSDV.GD.ZS,Research and development expenditure (% of GDP),2010,0.08914,,2
TJK,Tajikistan,GB.XPD.RSDV.GD.ZS,Research and development expenditure (% of GDP),2009,0.08577,,2
TJK,Tajikistan,GB.XPD.RSDV.GD.ZS,Research and development expenditure (% of GDP),2008,0.06983,,2
TJK,Tajikistan,GB.XPD.RSDV.GD.ZS,Research and development expenditure (% of GDP),2007,0.06778,,2
TJK,Tajikistan,GB.XPD.RSDV.GD.ZS,Research and development expenditure (% of GDP),2006,0.10732,,2
TJK,Tajikistan,GB.XPD.RSDV.GD.ZS,Research and development expenditure (% of GDP),2005,0.0957,,2
TJK,Tajikistan,GB.XPD.RSDV.GD.ZS,Research and development expenditure (% of GDP),2004,0.06697,,2
TJK,Tajikistan,GB.XPD.RSDV.GD.ZS,Research and development expenditure (% of GDP),2003,0.06885,,2
TJK,Tajikistan,GB.XPD.RSDV.GD.ZS,Research and development expenditure (% of GDP),2002,0.07068,,2
TJK,Tajikistan,GB.XPD.RSDV.GD.ZS,Research and development expenditure (% of GDP),2001,0.08953,,2
TZA,Tanzania,GB.XPD.RSDV.GD.ZS,Research and development expenditure (% of GDP),2013,0.51456,,2
TZA,Tanzania,GB.XPD.RSDV.GD.ZS,Research and development expenditure (% of GDP),2010,0.37307,,2
TZA,Tanzania,GB.XPD.RSDV.GD.ZS,Research and development expenditure (% of GDP),2007,0.33462,,2
THA,Thailand,GB.XPD.RSDV.GD.ZS,Research and development expenditure (% of GDP),2022,1.15902,,2
THA,Thailand,GB.XPD.RSDV.GD.ZS,Research and development expenditure (% of GDP),2021,1.20807,,2
THA,Thailand,GB.XPD.RSDV.GD.ZS,Research and development expenditure (% of GDP),2020,1.32818,,2
THA,Thailand,GB.XPD.RSDV.GD.ZS,Research and development expenditure (% of GDP),2019,1.14317,,2
THA,Thailand,GB.XPD.RSDV.GD.ZS,Research and development expenditure (% of GDP),2018,1.11374,,2
THA,Thailand,GB.XPD.RSDV.GD.ZS,Research and development expenditure (% of GDP),2017,1.00166,,2
THA,Thailand,GB.XPD.RSDV.GD.ZS,Research and development expenditure (% of GDP),2016,0.77829,,2
THA,Thailand,GB.XPD.RSDV.GD.ZS,Research and development expenditure (% of GDP),2015,0.61609,,2
THA,Thailand,GB.XPD.RSDV.GD.ZS,Research and development expenditure (% of GDP),2014,0.47988,,2
THA,Thailand,GB.XPD.RSDV.GD.ZS,Research and development expenditure (% of GDP),2013,0.44164,,2
THA,Thailand,GB.XPD.RSDV.GD.ZS,Research and development expenditure (% of GDP),2011,0.36146,,2
THA,Thailand,GB.XPD.RSDV.GD.ZS,Research and development expenditure (% of GDP),2009,0.23455,,2
THA,Thailand,GB.XPD.RSDV.GD.ZS,Research and development expenditure (% of GDP),2008,0.20331,,2
THA,Thailand,GB.XPD.RSDV.GD.ZS,Research and development expenditure (% of GDP),2007,0.2008,,2
THA,Thailand,GB.XPD.RSDV.GD.ZS,Research and development expenditure (% of GDP),2006,0.23271,,2
THA,Thailand,GB.XPD.RSDV.GD.ZS,Research and development expenditure (% of GDP),2005,0.21889,,2
THA,Thailand,GB.XPD.RSDV.GD.ZS,Research and development expenditure (% of GDP),2004,0.23828,,2
THA,Thailand,GB.XPD.RSDV.GD.ZS,Research and development expenditure (% of GDP),2003,0.24534,,2
THA,Thailand,GB.XPD.RSDV.GD.ZS,Research and development expenditure (% of GDP),2002,0.23055,,2
THA,Thailand,GB.XPD.RSDV.GD.ZS,Research and development expenditure (% of GDP),2001,0.25231,,2
THA,Thailand,GB.XPD.RSDV.GD.ZS,Research and development expenditure (% of GDP),2000,0.24471,,2
THA,Thailand,GB.XPD.RSDV.GD.ZS,Research and development expenditure (% of GDP),1999,0.24836,,2
THA,Thailand,GB.XPD.RSDV.GD.ZS,Research and development expenditure (% of GDP),1997,0.10214,,2
THA,Thailand,GB.XPD.RSDV.GD.ZS,Research and development expenditure (% of GDP),1996,0.11918,,2
TGO,Togo,GB.XPD.RSDV.GD.ZS,Research and development expenditure (% of GDP),2014,0.19074,,2
TGO,Togo,GB.XPD.RSDV.GD.ZS,Research and development expenditure (% of GDP),2012,0.15973,,2
TGO,Togo,GB.XPD.RSDV.GD.ZS,Research and development expenditure (% of GDP),2010,0.16962,,2
TTO,Trinidad and Tobago,GB.XPD.RSDV.GD.ZS,Research and development expenditure (% of GDP),2022,0.0478,,2
TTO,Trinidad and Tobago,GB.XPD.RSDV.GD.ZS,Research and development expenditure (% of GDP),2021,0.05374,,2
TTO,Trinidad and Tobago,GB.XPD.RSDV.GD.ZS,Research and development expenditure (% of GDP),2020,0.06512,,2
TTO,Trinidad and Tobago,GB.XPD.RSDV.GD.ZS,Research and development expenditure (% of GDP),2019,0.0596,,2
TTO,Trinidad and Tobago,GB.XPD.RSDV.GD.ZS,Research and development expenditure (% of GDP),2018,0.08139,,2
TTO,Trinidad and Tobago,GB.XPD.RSDV.GD.ZS,Research and development expenditure (% of GDP),2017,0.08519,,2
TTO,Trinidad and Tobago,GB.XPD.RSDV.GD.ZS,Research and development expenditure (% of GDP),2016,0.08626,,2
TTO,Trinidad and Tobago,GB.XPD.RSDV.GD.ZS,Research and development expenditure (% of GDP),2015,0.07996,,2
TTO,Trinidad and Tobago,GB.XPD.RSDV.GD.ZS,Research and development expenditure (% of GDP),2014,0.07599,,2
TTO,Trinidad and Tobago,GB.XPD.RSDV.GD.ZS,Research and development expenditure (% of GDP),2013,0.05382,,2
TTO,Trinidad and Tobago,GB.XPD.RSDV.GD.ZS,Research and development expenditure (% of GDP),2012,0.04126,,2
TTO,Trinidad and Tobago,GB.XPD.RSDV.GD.ZS,Research and development expenditure (% of GDP),2011,0.04024,,2
TTO,Trinidad and Tobago,GB.XPD.RSDV.GD.ZS,Research and development expenditure (% of GDP),2010,0.04771,,2
TTO,Trinidad and Tobago,GB.XPD.RSDV.GD.ZS,Research and development expenditure (% of GDP),2009,0.05665,,2
TTO,Trinidad and Tobago,GB.XPD.RSDV.GD.ZS,Research and development expenditure (% of GDP),2008,0.03072,,2
TTO,Trinidad and Tobago,GB.XPD.RSDV.GD.ZS,Research and development expenditure (% of GDP),2007,0.05922,,2
TTO,Trinidad and Tobago,GB.XPD.RSDV.GD.ZS,Research and development expenditure (% of GDP),2006,0.07233,,2
TTO,Trinidad and Tobago,GB.XPD.RSDV.GD.ZS,Research and development expenditure (% of GDP),2005,0.11431,,2
TTO,Trinidad and Tobago,GB.XPD.RSDV.GD.ZS,Research and development expenditure (% of GDP),2004,0.11441,,2
TTO,Trinidad and Tobago,GB.XPD.RSDV.GD.ZS,Research and development expenditure (% of GDP),2003,0.11501,,2
TTO,Trinidad and Tobago,GB.XPD.RSDV.GD.ZS,Research and development expenditure (% of GDP),2002,0.13178,,2
TTO,Trinidad and Tobago,GB.XPD.RSDV.GD.ZS,Research and development expenditure (% of GDP),2001,0.10417,,2
TTO,Trinidad and Tobago,GB.XPD.RSDV.GD.ZS,Research and development expenditure (% of GDP),2000,0.108,,2
TTO,Trinidad and Tobago,GB.XPD.RSDV.GD.ZS,Research and development expenditure (% of GDP),1999,0.12292,,2
TTO,Trinidad and Tobago,GB.XPD.RSDV.GD.ZS,Research and development expenditure (% of GDP),1998,0.12715,,2
TTO,Trinidad and Tobago,GB.XPD.RSDV.GD.ZS,Research and development expenditure (% of GDP),1997,0.11553,,2
TTO,Trinidad and Tobago,GB.XPD.RSDV.GD.ZS,Research and development expenditure (% of GDP),1996,0.10325,,2
TUN,Tunisia,GB.XPD.RSDV.GD.ZS,Research and development expenditure (% of GDP),2019,0.74658,,2
TUN,Tunisia,GB.XPD.RSDV.GD.ZS,Research and development expenditure (% of GDP),2018,0.71645,,2
TUN,Tunisia,GB.XPD.RSDV.GD.ZS,Research and development expenditure (% of GDP),2017,0.69954,,2
TUN,Tunisia,GB.XPD.RSDV.GD.ZS,Research and development expenditure (% of GDP),2016,0.56539,,2
TUN,Tunisia,GB.XPD.RSDV.GD.ZS,Research and development expenditure (% of GDP),2015,0.59413,,2
TUN,Tunisia,GB.XPD.RSDV.GD.ZS,Research and development expenditure (% of GDP),2014,0.61988,,2
TUN,Tunisia,GB.XPD.RSDV.GD.ZS,Research and development expenditure (% of GDP),2013,0.637,,2
TUN,Tunisia,GB.XPD.RSDV.GD.ZS,Research and development expenditure (% of GDP),2012,0.64937,,2
TUN,Tunisia,GB.XPD.RSDV.GD.ZS,Research and development expenditure (% of GDP),2011,0.67458,,2
TUN,Tunisia,GB.XPD.RSDV.GD.ZS,Research and development expenditure (% of GDP),2010,0.65806,,2
TUN,Tunisia,GB.XPD.RSDV.GD.ZS,Research and development expenditure (% of GDP),2009,0.70644,,2
TUN,Tunisia,GB.XPD.RSDV.GD.ZS,Research and development expenditure (% of GDP),2008,0.63933,,2
TUN,Tunisia,GB.XPD.RSDV.GD.ZS,Research and development expenditure (% of GDP),2007,0.6654,,2
TUN,Tunisia,GB.XPD.RSDV.GD.ZS,Research and development expenditure (% of GDP),2006,0.67729,,2
TUN,Tunisia,GB.XPD.RSDV.GD.ZS,Research and development expenditure (% of GDP),2005,0.71195,,2
TUN,Tunisia,GB.XPD.RSDV.GD.ZS,Research and development expenditure (% of GDP),2004,0.73095,,2
TUN,Tunisia,GB.XPD.RSDV.GD.ZS,Research and development expenditure (% of GDP),2003,0.65044,,2
TUN,Tunisia,GB.XPD.RSDV.GD.ZS,Research and development expenditure (% of GDP),2002,0.54302,,2
TUR,Turkiye,GB.XPD.RSDV.GD.ZS,Research and development expenditure (% of GDP),2022,1.32343,,2
TUR,Turkiye,GB.XPD.RSDV.GD.ZS,Research and development expenditure (% of GDP),2021,1.40209,,2
TUR,Turkiye,GB.XPD.RSDV.GD.ZS,Research and development expenditure (% of GDP),2020,1.36748,,2
TUR,Turkiye,GB.XPD.RSDV.GD.ZS,Research and development expenditure (% of GDP),2019,1.3196,,2
TUR,Turkiye,GB.XPD.RSDV.GD.ZS,Research and development expenditure (% of GDP),2018,1.27093,,2
TUR,Turkiye,GB.XPD.RSDV.GD.ZS,Research and development expenditure (% of GDP),2017,1.17632,,2
TUR,Turkiye,GB.XPD.RSDV.GD.ZS,Research and development expenditure (% of GDP),2016,1.11979,,2
TUR,Turkiye,GB.XPD.RSDV.GD.ZS,Research and development expenditure (% of GDP),2015,0.96732,,2
TUR,Turkiye,GB.XPD.RSDV.GD.ZS,Research and development expenditure (% of GDP),2014,0.8564,,2
TUR,Turkiye,GB.XPD.RSDV.GD.ZS,Research and development expenditure (% of GDP),2013,0.81206,,2
TUR,Turkiye,GB.XPD.RSDV.GD.ZS,Research and development expenditure (% of GDP),2012,0.82595,,2
TUR,Turkiye,GB.XPD.RSDV.GD.ZS,Research and development expenditure (% of GDP),2011,0.79393,,2
TUR,Turkiye,GB.XPD.RSDV.GD.ZS,Research and development expenditure (% of GDP),2010,0.79369,,2
TUR,Turkiye,GB.XPD.RSDV.GD.ZS,Research and development expenditure (% of GDP),2009,0.80362,,2
TUR,Turkiye,GB.XPD.RSDV.GD.ZS,Research and development expenditure (% of GDP),2008,0.68741,,2
TUR,Turkiye,GB.XPD.RSDV.GD.ZS,Research and development expenditure (% of GDP),2007,0.68616,,2
TUR,Turkiye,GB.XPD.RSDV.GD.ZS,Research and development expenditure (% of GDP),2006,0.55292,,2
TUR,Turkiye,GB.XPD.RSDV.GD.ZS,Research and development expenditure (% of GDP),2005,0.56381,,2
TUR,Turkiye,GB.XPD.RSDV.GD.ZS,Research and development expenditure (% of GDP),2004,0.49713,,2
TUR,Turkiye,GB.XPD.RSDV.GD.ZS,Research and development expenditure (% of GDP),2003,0.46532,,2
TUR,Turkiye,GB.XPD.RSDV.GD.ZS,Research and development expenditure (% of GDP),2002,0.50904,,2
TUR,Turkiye,GB.XPD.RSDV.GD.ZS,Research and development expenditure (% of GDP),2001,0.52247,,2
TUR,Turkiye,GB.XPD.RSDV.GD.ZS,Research and development expenditure (% of GDP),2000,0.46558,,2
TUR,Turkiye,GB.XPD.RSDV.GD.ZS,Research and development expenditure (% of GDP),1999,0.45557,,2
TUR,Turkiye,GB.XPD.RSDV.GD.ZS,Research and development expenditure (% of GDP),1998,0.36198,,2
TUR,Turkiye,GB.XPD.RSDV.GD.ZS,Research and development expenditure (% of GDP),1997,0.49168,,2
TUR,Turkiye,GB.XPD.RSDV.GD.ZS,Research and development expenditure (% of GDP),1996,0.45159,,2
TKM,Turkmenistan,GB.XPD.RSDV.GD.ZS,Research and development expenditure (% of GDP),2022,0.14,,2
TKM,Turkmenistan,GB.XPD.RSDV.GD.ZS,Research and development expenditure (% of GDP),2021,0.1,,2
TKM,Turkmenistan,GB.XPD.RSDV.GD.ZS,Research and development expenditure (% of GDP),2020,0.13,,2
TKM,Turkmenistan,GB.XPD.RSDV.GD.ZS,Research and development expenditure (% of GDP),2019,0.11,,2
TKM,Turkmenistan,GB.XPD.RSDV.GD.ZS,Research and development expenditure (% of GDP),2018,0.08,,2
TKM,Turkmenistan,GB.XPD.RSDV.GD.ZS,Research and development expenditure (% of GDP),2017,0.09,,2
TKM,Turkmenistan,GB.XPD.RSDV.GD.ZS,Research and development expenditure (% of GDP),2016,0.16,,2
TKM,Turkmenistan,GB.XPD.RSDV.GD.ZS,Research and development expenditure (% of GDP),2015,0.11,,2
UGA,Uganda,GB.XPD.RSDV.GD.ZS,Research and development expenditure (% of GDP),2023,0.3109,,2
UGA,Uganda,GB.XPD.RSDV.GD.ZS,Research and development expenditure (% of GDP),2014,0.14265,,2
UGA,Uganda,GB.XPD.RSDV.GD.ZS,Research and development expenditure (% of GDP),2010,0.3599,,2
UGA,Uganda,GB.XPD.RSDV.GD.ZS,Research and development expenditure (% of GDP),2009,0.25547,,2
UGA,Uganda,GB.XPD.RSDV.GD.ZS,Research and development expenditure (% of GDP),2008,0.32632,,2
UGA,Uganda,GB.XPD.RSDV.GD.ZS,Research and development expenditure (% of GDP),2007,0.38821,,2
UGA,Uganda,GB.XPD.RSDV.GD.ZS,Research and development expenditure (% of GDP),2006,0.30033,,2
UGA,Uganda,GB.XPD.RSDV.GD.ZS,Research and development expenditure (% of GDP),2005,0.21514,,2
UGA,Uganda,GB.XPD.RSDV.GD.ZS,Research and development expenditure (% of GDP),2004,0.26056,,2
UGA,Uganda,GB.XPD.RSDV.GD.ZS,Research and development expenditure (% of GDP),2003,0.25612,,2
UGA,Uganda,GB.XPD.RSDV.GD.ZS,Research and development expenditure (% of GDP),2002,0.36756,,2
UKR,Ukraine,GB.XPD.RSDV.GD.ZS,Research and development expenditure (% of GDP),2023,0.32653,,2
UKR,Ukraine,GB.XPD.RSDV.GD.ZS,Research and development expenditure (% of GDP),2022,0.32673,,2
UKR,Ukraine,GB.XPD.RSDV.GD.ZS,Research and development expenditure (% of GDP),2021,0.38478,,2
UKR,Ukraine,GB.XPD.RSDV.GD.ZS,Research and development expenditure (% of GDP),2020,0.40318,,2
UKR,Ukraine,GB.XPD.RSDV.GD.ZS,Research and development expenditure (% of GDP),2019,0.43384,,2
UKR,Ukraine,GB.XPD.RSDV.GD.ZS,Research and development expenditure (% of GDP),2018,0.47113,,2
UKR,Ukraine,GB.XPD.RSDV.GD.ZS,Research and development expenditure (% of GDP),2017,0.44879,,2
UKR,Ukraine,GB.XPD.RSDV.GD.ZS,Research and development expenditure (% of GDP),2016,0.48339,,2
UKR,Ukraine,GB.XPD.RSDV.GD.ZS,Research and development expenditure (% of GDP),2015,0.61477,,2
UKR,Ukraine,GB.XPD.RSDV.GD.ZS,Research and development expenditure (% of GDP),2014,0.65034,,2
UKR,Ukraine,GB.XPD.RSDV.GD.ZS,Research and development expenditure (% of GDP),2013,0.733,,2
UKR,Ukraine,GB.XPD.RSDV.GD.ZS,Research and development expenditure (% of GDP),2012,0.72363,,2
UKR,Ukraine,GB.XPD.RSDV.GD.ZS,Research and development expenditure (% of GDP),2011,0.7109,,2
UKR,Ukraine,GB.XPD.RSDV.GD.ZS,Research and development expenditure (% of GDP),2010,0.80279,,2
UKR,Ukraine,GB.XPD.RSDV.GD.ZS,Research and development expenditure (% of GDP),2009,0.82596,,2
UKR,Ukraine,GB.XPD.RSDV.GD.ZS,Research and development expenditure (% of GDP),2008,0.80991,,2
UKR,Ukraine,GB.XPD.RSDV.GD.ZS,Research and development expenditure (% of GDP),2007,0.81869,,2
UKR,Ukraine,GB.XPD.RSDV.GD.ZS,Research and development expenditure (% of GDP),2006,0.91403,,2
UKR,Ukraine,GB.XPD.RSDV.GD.ZS,Research and development expenditure (% of GDP),2005,0.99518,,2
UKR,Ukraine,GB.XPD.RSDV.GD.ZS,Research and development expenditure (% of GDP),2004,1.04392,,2
UKR,Ukraine,GB.XPD.RSDV.GD.ZS,Research and development expenditure (% of GDP),2003,1.07166,,2
UKR,Ukraine,GB.XPD.RSDV.GD.ZS,Research and development expenditure (% of GDP),2002,0.96269,,2
UKR,Ukraine,GB.XPD.RSDV.GD.ZS,Research and development expenditure (% of GDP),2001,0.98944,,2
UKR,Ukraine,GB.XPD.RSDV.GD.ZS,Research and development expenditure (% of GDP),2000,0.92904,,2
UKR,Ukraine,GB.XPD.RSDV.GD.ZS,Research and development expenditure (% of GDP),1999,0.96968,,2
UKR,Ukraine,GB.XPD.RSDV.GD.ZS,Research and development expenditure (% of GDP),1998,1.06993,,2
UKR,Ukraine,GB.XPD.RSDV.GD.ZS,Research and development expenditure (% of GDP),1997,1.1923,,2
ARE,United Arab Emirates,GB.XPD.RSDV.GD.ZS,Research and development expenditure (% of GDP),2021,1.49469,,2
ARE,United Arab Emirates,GB.XPD.RSDV.GD.ZS,Research and development expenditure (% of GDP),2020,1.48831,,2
ARE,United Arab Emirates,GB.XPD.RSDV.GD.ZS,Research and development expenditure (% of GDP),2019,1.31065,,2
ARE,United Arab Emirates,GB.XPD.RSDV.GD.ZS,Research and development expenditure (% of GDP),2018,1.26389,,2
ARE,United Arab Emirates,GB.XPD.RSDV.GD.ZS,Research and development expenditure (% of GDP),2016,0.9318,,2
ARE,United Arab Emirates,GB.XPD.RSDV.GD.ZS,Research and development expenditure (% of GDP),2015,0.8657,,2
ARE,United Arab Emirates,GB.XPD.RSDV.GD.ZS,Research and development expenditure (% of GDP),2014,0.67523,,2
ARE,United Arab Emirates,GB.XPD.RSDV.GD.ZS,Research and development expenditure (% of GDP),2011,0.47252,,2
GBR,United Kingdom,GB.XPD.RSDV.GD.ZS,Research and development expenditure (% of GDP),2021,2.89711,,2
GBR,United Kingdom,GB.XPD.RSDV.GD.ZS,Research and development expenditure (% of GDP),2020,2.93883,,2
GBR,United Kingdom,GB.XPD.RSDV.GD.ZS,Research and development expenditure (% of GDP),2019,2.6708,,2
GBR,United Kingdom,GB.XPD.RSDV.GD.ZS,Research and development expenditure (% of GDP),2018,2.71124,,2
GBR,United Kingdom,GB.XPD.RSDV.GD.ZS,Research and development expenditure (% of GDP),2017,2.32602,,2
GBR,United Kingdom,GB.XPD.RSDV.GD.ZS,Research and development expenditure (% of GDP),2016,2.32052,,2
GBR,United Kingdom,GB.XPD.RSDV.GD.ZS,Research and development expenditure (% of GDP),2015,2.27566,,2
GBR,United Kingdom,GB.XPD.RSDV.GD.ZS,Research and development expenditure (% of GDP),2014,2.26488,,2
GBR,United Kingdom,GB.XPD.RSDV.GD.ZS,Research and development expenditure (% of GDP),2013,1.62096,,2
GBR,United Kingdom,GB.XPD.RSDV.GD.ZS,Research and development expenditure (% of GDP),2012,1.57587,,2
GBR,United Kingdom,GB.XPD.RSDV.GD.ZS,Research and development expenditure (% of GDP),2011,1.64681,,2
GBR,United Kingdom,GB.XPD.RSDV.GD.ZS,Research and development expenditure (% of GDP),2010,1.63886,,2
GBR,United Kingdom,GB.XPD.RSDV.GD.ZS,Research and development expenditure (% of GDP),2009,1.66991,,2
GBR,United Kingdom,GB.XPD.RSDV.GD.ZS,Research and development expenditure (% of GDP),2008,1.60901,,2
GBR,United Kingdom,GB.XPD.RSDV.GD.ZS,Research and development expenditure (% of GDP),2007,1.6183,,2
GBR,United Kingdom,GB.XPD.RSDV.GD.ZS,Research and development expenditure (% of GDP),2006,1.57626,,2
GBR,United Kingdom,GB.XPD.RSDV.GD.ZS,Research and development expenditure (% of GDP),2005,1.55004,,2
GBR,United Kingdom,GB.XPD.RSDV.GD.ZS,Research and development expenditure (% of GDP),2004,1.53089,,2
GBR,United Kingdom,GB.XPD.RSDV.GD.ZS,Research and development expenditure (% of GDP),2003,1.58131,,2
GBR,United Kingdom,GB.XPD.RSDV.GD.ZS,Research and development expenditure (% of GDP),2002,1.61383,,2
GBR,United Kingdom,GB.XPD.RSDV.GD.ZS,Research and development expenditure (% of GDP),2001,1.59545,,2
GBR,United Kingdom,GB.XPD.RSDV.GD.ZS,Research and development expenditure (% of GDP),2000,1.60963,,2
GBR,United Kingdom,GB.XPD.RSDV.GD.ZS,Research and development expenditure (% of GDP),1999,1.62269,,2
GBR,United Kingdom,GB.XPD.RSDV.GD.ZS,Research and development expenditure (% of GDP),1998,1.54777,,2
GBR,United Kingdom,GB.XPD.RSDV.GD.ZS,Research and development expenditure (% of GDP),1997,1.53729,,2
GBR,United Kingdom,GB.XPD.RSDV.GD.ZS,Research and development expenditure (% of GDP),1996,1.5754,,2
USA,United States,GB.XPD.RSDV.GD.ZS,Research and development expenditure (% of GDP),2022,3.58623,,2
USA,United States,GB.XPD.RSDV.GD.ZS,Research and development expenditure (% of GDP),2021,3.48313,,2
USA,United States,GB.XPD.RSDV.GD.ZS,Research and development expenditure (% of GDP),2020,3.42467,,2
USA,United States,GB.XPD.RSDV.GD.ZS,Research and development expenditure (% of GDP),2019,3.14704,,2
USA,United States,GB.XPD.RSDV.GD.ZS,Research and development expenditure (% of GDP),2018,2.99045,,2
USA,United States,GB.XPD.RSDV.GD.ZS,Research and development expenditure (% of GDP),2017,2.88357,,2
USA,United States,GB.XPD.RSDV.GD.ZS,Research and development expenditure (% of GDP),2016,2.83676,,2
USA,United States,GB.XPD.RSDV.GD.ZS,Research and development expenditure (% of GDP),2015,2.77328,,2
USA,United States,GB.XPD.RSDV.GD.ZS,Research and development expenditure (% of GDP),2014,2.70881,,2
USA,United States,GB.XPD.RSDV.GD.ZS,Research and development expenditure (% of GDP),2013,2.69592,,2
USA,United States,GB.XPD.RSDV.GD.ZS,Research and development expenditure (% of GDP),2012,2.67273,,2
USA,United States,GB.XPD.RSDV.GD.ZS,Research and development expenditure (% of GDP),2011,2.73803,,2
USA,United States,GB.XPD.RSDV.GD.ZS,Research and development expenditure (% of GDP),2010,2.71444,,2
USA,United States,GB.XPD.RSDV.GD.ZS,Research and development expenditure (% of GDP),2009,2.79181,,2
USA,United States,GB.XPD.RSDV.GD.ZS,Research and development expenditure (% of GDP),2008,2.74481,,2
USA,United States,GB.XPD.RSDV.GD.ZS,Research and development expenditure (% of GDP),2007,2.61516,,2
USA,United States,GB.XPD.RSDV.GD.ZS,Research and development expenditure (% of GDP),2006,2.54545,,2
USA,United States,GB.XPD.RSDV.GD.ZS,Research and development expenditure (% of GDP),2005,2.50193,,2
USA,United States,GB.XPD.RSDV.GD.ZS,Research and development expenditure (% of GDP),2004,2.48686,,2
USA,United States,GB.XPD.RSDV.GD.ZS,Research and development expenditure (% of GDP),2003,2.55015,,2
USA,United States,GB.XPD.RSDV.GD.ZS,Research and development expenditure (% of GDP),2002,2.54745,,2
USA,United States,GB.XPD.RSDV.GD.ZS,Research and development expenditure (% of GDP),2001,2.63715,,2
USA,United States,GB.XPD.RSDV.GD.ZS,Research and development expenditure (% of GDP),2000,2.61983,,2
USA,United States,GB.XPD.RSDV.GD.ZS,Research and development expenditure (% of GDP),1999,2.54362,,2
USA,United States,GB.XPD.RSDV.GD.ZS,Research and development expenditure (% of GDP),1998,2.49621,,2
USA,United States,GB.XPD.RSDV.GD.ZS,Research and development expenditure (% of GDP),1997,2.47714,,2
USA,United States,GB.XPD.RSDV.GD.ZS,Research and development expenditure (% of GDP),1996,2.45013,,2
URY,Uruguay,GB.XPD.RSDV.GD.ZS,Research and development expenditure (% of GDP),2022,0.62592,,2
URY,Uruguay,GB.XPD.RSDV.GD.ZS,Research and development expenditure (% of GDP),2021,0.61447,,2
URY,Uruguay,GB.XPD.RSDV.GD.ZS,Research and development expenditure (% of GDP),2020,0.67468,,2
URY,Uruguay,GB.XPD.RSDV.GD.ZS,Research and development expenditure (% of GDP),2019,0.56805,,2
URY,Uruguay,GB.XPD.RSDV.GD.ZS,Research and development expenditure (% of GDP),2018,0.50484,,2
URY,Uruguay,GB.XPD.RSDV.GD.ZS,Research and development expenditure (% of GDP),2017,0.44052,,2
URY,Uruguay,GB.XPD.RSDV.GD.ZS,Research and development expenditure (% of GDP),2016,0.37391,,2
URY,Uruguay,GB.XPD.RSDV.GD.ZS,Research and development expenditure (% of GDP),2015,0.35109,,2
URY,Uruguay,GB.XPD.RSDV.GD.ZS,Research and development expenditure (% of GDP),2014,0.31707,,2
URY,Uruguay,GB.XPD.RSDV.GD.ZS,Research and development expenditure (% of GDP),2013,0.29118,,2
URY,Uruguay,GB.XPD.RSDV.GD.ZS,Research and development expenditure (% of GDP),2012,0.30808,,2
URY,Uruguay,GB.XPD.RSDV.GD.ZS,Research and development expenditure (% of GDP),2011,0.32962,,2
URY,Uruguay,GB.XPD.RSDV.GD.ZS,Research and development expenditure (% of GDP),2010,0.32882,,2
URY,Uruguay,GB.XPD.RSDV.GD.ZS,Research and development expenditure (% of GDP),2009,0.40239,,2
URY,Uruguay,GB.XPD.RSDV.GD.ZS,Research and development expenditure (% of GDP),2008,0.37441,,2
URY,Uruguay,GB.XPD.RSDV.GD.ZS,Research and development expenditure (% of GDP),2007,0.42159,,2
URY,Uruguay,GB.XPD.RSDV.GD.ZS,Research and development expenditure (% of GDP),2006,0.36385,,2
URY,Uruguay,GB.XPD.RSDV.GD.ZS,Research and development expenditure (% of GDP),2005,0.46031,,2
URY,Uruguay,GB.XPD.RSDV.GD.ZS,Research and development expenditure (% of GDP),2002,0.23818,,2
URY,Uruguay,GB.XPD.RSDV.GD.ZS,Research and development expenditure (% of GDP),2000,0.20925,,2
URY,Uruguay,GB.XPD.RSDV.GD.ZS,Research and development expenditure (% of GDP),1999,0.22417,,2
URY,Uruguay,GB.XPD.RSDV.GD.ZS,Research and development expenditure (% of GDP),1998,0.19186,,2
URY,Uruguay,GB.XPD.RSDV.GD.ZS,Research and development expenditure (% of GDP),1997,0.34994,,2
URY,Uruguay,GB.XPD.RSDV.GD.ZS,Research and development expenditure (% of GDP),1996,0.26501,,2
UZB,Uzbekistan,GB.XPD.RSDV.GD.ZS,Research and development expenditure (% of GDP),2023,0.12527,,2
UZB,Uzbekistan,GB.XPD.RSDV.GD.ZS,Research and development expenditure (% of GDP),2022,0.15874,,2
UZB,Uzbekistan,GB.XPD.RSDV.GD.ZS,Research and development expenditure (% of GDP),2021,0.1316,,2
UZB,Uzbekistan,GB.XPD.RSDV.GD.ZS,Research and development expenditure (% of GDP),2020,0.1385,,2
UZB,Uzbekistan,GB.XPD.RSDV.GD.ZS,Research and development expenditure (% of GDP),2019,0.11306,,2
UZB,Uzbekistan,GB.XPD.RSDV.GD.ZS,Research and development expenditure (% of GDP),2018,0.12394,,2
UZB,Uzbekistan,GB.XPD.RSDV.GD.ZS,Research and development expenditure (% of GDP),2017,0.14834,,2
UZB,Uzbekistan,GB.XPD.RSDV.GD.ZS,Research and development expenditure (% of GDP),2016,0.17238,,2
UZB,Uzbekistan,GB.XPD.RSDV.GD.ZS,Research and development expenditure (% of GDP),2015,0.16497,,2
UZB,Uzbekistan,GB.XPD.RSDV.GD.ZS,Research and development expenditure (% of GDP),2014,0.15335,,2
UZB,Uzbekistan,GB.XPD.RSDV.GD.ZS,Research and development expenditure (% of GDP),2013,0.155,,2
UZB,Uzbekistan,GB.XPD.RSDV.GD.ZS,Research and development expenditure (% of GDP),2012,0.15512,,2
UZB,Uzbekistan,GB.XPD.RSDV.GD.ZS,Research and development expenditure (% of GDP),2011,0.14877,,2
UZB,Uzbekistan,GB.XPD.RSDV.GD.ZS,Research and development expenditure (% of GDP),2010,0.1543,,2
UZB,Uzbekistan,GB.XPD.RSDV.GD.ZS,Research and development expenditure (% of GDP),2009,0.20315,,2
UZB,Uzbekistan,GB.XPD.RSDV.GD.ZS,Research and development expenditure (% of GDP),2008,0.19354,,2
UZB,Uzbekistan,GB.XPD.RSDV.GD.ZS,Research and development expenditure (% of GDP),2007,0.21721,,2
UZB,Uzbekistan,GB.XPD.RSDV.GD.ZS,Research and development expenditure (% of GDP),2006,0.22395,,2
UZB,Uzbekistan,GB.XPD.RSDV.GD.ZS,Research and development expenditure (% of GDP),2005,0.23741,,2
UZB,Uzbekistan,GB.XPD.RSDV.GD.ZS,Research and development expenditure (% of GDP),2004,0.27041,,2
UZB,Uzbekistan,GB.XPD.RSDV.GD.ZS,Research and development expenditure (% of GDP),2003,0.26825,,2
UZB,Uzbekistan,GB.XPD.RSDV.GD.ZS,Research and development expenditure (% of GDP),2002,0.29356,,2
UZB,Uzbekistan,GB.XPD.RSDV.GD.ZS,Research and development expenditure (% of GDP),2001,0.34544,,2
UZB,Uzbekistan,GB.XPD.RSDV.GD.ZS,Research and development expenditure (% of GDP),2000,0.36063,,2
VEN,"Venezuela, RB",GB.XPD.RSDV.GD.ZS,Research and development expenditure (% of GDP),2016,0.69,,2
VEN,"Venezuela, RB",GB.XPD.RSDV.GD.ZS,Research and development expenditure (% of GDP),2015,0.44,,2
VEN,"Venezuela, RB",GB.XPD.RSDV.GD.ZS,Research and development expenditure (% of GDP),2014,0.33713,,2
VEN,"Venezuela, RB",GB.XPD.RSDV.GD.ZS,Research and development expenditure (% of GDP),2013,0.31853,,2
VEN,"Venezuela, RB",GB.XPD.RSDV.GD.ZS,Research and development expenditure (% of GDP),2012,0.2501,,2
VEN,"Venezuela, RB",GB.XPD.RSDV.GD.ZS,Research and development expenditure (% of GDP),2011,0.15296,,2
VEN,"Venezuela, RB",GB.XPD.RSDV.GD.ZS,Research and development expenditure (% of GDP),2010,0.18823,,2
VEN,"Venezuela, RB",GB.XPD.RSDV.GD.ZS,Research and development expenditure (% of GDP),2009,0.24014,,2
VEN,"Venezuela, RB",GB.XPD.RSDV.GD.ZS,Research and development expenditure (% of GDP),2008,0.23803,,2
VEN,"Venezuela, RB",GB.XPD.RSDV.GD.ZS,Research and development expenditure (% of GDP),2007,0.2011,,2
VEN,"Venezuela, RB",GB.XPD.RSDV.GD.ZS,Research and development expenditure (% of GDP),2006,0.31742,,2
VEN,"Venezuela, RB",GB.XPD.RSDV.GD.ZS,Research and development expenditure (% of GDP),2005,0.18907,,2
VNM,Viet Nam,GB.XPD.RSDV.GD.ZS,Research and development expenditure (% of GDP),2021,0.42494,,2
VNM,Viet Nam,GB.XPD.RSDV.GD.ZS,Research and development expenditure (% of GDP),2019,0.41652,,2
VNM,Viet Nam,GB.XPD.RSDV.GD.ZS,Research and development expenditure (% of GDP),2017,0.41895,,2
VNM,Viet Nam,GB.XPD.RSDV.GD.ZS,Research and development expenditure (% of GDP),2015,0.35629,,2
VNM,Viet Nam,GB.XPD.RSDV.GD.ZS,Research and development expenditure (% of GDP),2013,0.29932,,2
VNM,Viet Nam,GB.XPD.RSDV.GD.ZS,Research and development expenditure (% of GDP),2011,0.14955,,2
VNM,Viet Nam,GB.XPD.RSDV.GD.ZS,Research and development expenditure (% of GDP),2002,0.19273,,2
VIR,Virgin Islands (U.S.),GB.XPD.RSDV.GD.ZS,Research and development expenditure (% of GDP),2007,0.02717,,2
VIR,Virgin Islands (U.S.),GB.XPD.RSDV.GD.ZS,Research and development expenditure (% of GDP),2006,0.03122,,2
VIR,Virgin Islands (U.S.),GB.XPD.RSDV.GD.ZS,Research and development expenditure (% of GDP),2005,0.02936,,2
VIR,Virgin Islands (U.S.),GB.XPD.RSDV.GD.ZS,Research and development expenditure (% of GDP),2004,0.03424,,2
VIR,Virgin Islands (U.S.),GB.XPD.RSDV.GD.ZS,Research and development expenditure (% of GDP),2003,0.03776,,2
VIR,Virgin Islands (U.S.),GB.XPD.RSDV.GD.ZS,Research and development expenditure (% of GDP),2002,0.06617,,2
PSE,West Bank and Gaza,GB.XPD.RSDV.GD.ZS,Research and development expenditure (% of GDP),2013,0.45434,,2
PSE,West Bank and Gaza,GB.XPD.RSDV.GD.ZS,Research and development expenditure (% of GDP),2010,0.36156,,2
PSE,West Bank and Gaza,GB.XPD.RSDV.GD.ZS,Research and development expenditure (% of GDP),2009,0.35646,,2
PSE,West Bank and Gaza,GB.XPD.RSDV.GD.ZS,Research and development expenditure (% of GDP),2008,0.14914,,2
PSE,West Bank and Gaza,GB.XPD.RSDV.GD.ZS,Research and development expenditure (% of GDP),2007,0.19723,,2
ZMB,Zambia,GB.XPD.RSDV.GD.ZS,Research and development expenditure (% of GDP),2008,0.27819,,2
ZMB,Zambia,GB.XPD.RSDV.GD.ZS,Research and development expenditure (% of GDP),2005,0.02493,,2
ZMB,Zambia,GB.XPD.RSDV.GD.ZS,Research and development expenditure (% of GDP),2004,0.02223,,2
ZMB,Zambia,GB.XPD.RSDV.GD.ZS,Research and development expenditure (% of GDP),2003,0.00847,,2
ZMB,Zambia,GB.XPD.RSDV.GD.ZS,Research and development expenditure (% of GDP),2002,0.00544,,2
ZMB,Zambia,GB.XPD.RSDV.GD.ZS,Research and development expenditure (% of GDP),1997,0.00737,,2
ZMB,Zambia,GB.XPD.RSDV.GD.ZS,Research and development expenditure (% of GDP),1996,0.01104,,2
