country_code,country_name,indicator_code,indicator_name,year,value,unit,decimal
CEB,Central Europe and the Baltics,SP.POP.SCIE.RD.P6,Researchers in R&D (per million people),2022,3296.66244307403,,0
CEB,Central Europe and the Baltics,SP.POP.SCIE.RD.P6,Researchers in R&D (per million people),2021,3147.71702963511,,0
CEB,Central Europe and the Baltics,SP.POP.SCIE.RD.P6,Researchers in R&D (per million people),2020,2956.41895157371,,0
CEB,Central Europe and the Baltics,SP.POP.SCIE.RD.P6,Researchers in R&D (per million people),2019,2843.83022348261,,0
CEB,Central Europe and the Baltics,SP.POP.SCIE.RD.P6,Researchers in R&D (per million people),2018,2746.40178336029,,0
CEB,Central Europe and the Baltics,SP.POP.SCIE.RD.P6,Researchers in R&D (per million people),2017,2563.30148952353,,0
CEB,Central Europe and the Baltics,SP.POP.SCIE.RD.P6,Researchers in R&D (per million people),2016,2239.72613725369,,0
CEB,Central Europe and the Baltics,SP.POP.SCIE.RD.P6,Researchers in R&D (per million people),2015,2146.74488072421,,0
CEB,Central Europe and the Baltics,SP.POP.SCIE.RD.P6,Researchers in R&D (per million people),2014,2108.06478546315,,0
CEB,Central Europe and the Baltics,SP.POP.SCIE.RD.P6,Researchers in R&D (per million people),2013,2001.90286415388,,0
CEB,Central Europe and the Baltics,SP.POP.SCIE.RD.P6,Researchers in R&D (per million people),2012,1926.05782834838,,0
CEB,Central Europe and the Baltics,SP.POP.SCIE.RD.P6,Researchers in R&D (per million people),2011,1853.73361686531,,0
CEB,Central Europe and the Baltics,SP.POP.SCIE.RD.P6,Researchers in R&D (per million people),2010,1839.07179130886,,0
CEB,Central Europe and the Baltics,SP.POP.SCIE.RD.P6,Researchers in R&D (per million people),2009,1767.59924725686,,0
CEB,Central Europe and the Baltics,SP.POP.SCIE.RD.P6,Researchers in R&D (per million people),2008,1751.04927639105,,0
CEB,Central Europe and the Baltics,SP.POP.SCIE.RD.P6,Researchers in R&D (per million people),2007,1685.44596635355,,0
CEB,Central Europe and the Baltics,SP.POP.SCIE.RD.P6,Researchers in R&D (per million people),2006,1620.8824865457,,0
CEB,Central Europe and the Baltics,SP.POP.SCIE.RD.P6,Researchers in R&D (per million people),2005,1613.70002900392,,0
CEB,Central Europe and the Baltics,SP.POP.SCIE.RD.P6,Researchers in R&D (per million people),2004,1494.20179041627,,0
CEB,Central Europe and the Baltics,SP.POP.SCIE.RD.P6,Researchers in R&D (per million people),2003,1424.62430506076,,0
CEB,Central Europe and the Baltics,SP.POP.SCIE.RD.P6,Researchers in R&D (per million people),2002,1412.75615577233,,0
CEB,Central Europe and the Baltics,SP.POP.SCIE.RD.P6,Researchers in R&D (per million people),2001,1391.74805486875,,0
CEB,Central Europe and the Baltics,SP.POP.SCIE.RD.P6,Researchers in R&D (per million people),2000,1377.07852720069,,0
CEB,Central Europe and the Baltics,SP.POP.SCIE.RD.P6,Researchers in R&D (per million people),1999,1384.27870483453,,0
CEB,Central Europe and the Baltics,SP.POP.SCIE.RD.P6,Researchers in R&D (per million people),1998,1408.71561554187,,0
CEB,Central Europe and the Baltics,SP.POP.SCIE.RD.P6,Researchers in R&D (per million people),1997,1399.05654958344,,0
CEB,Central Europe and the Baltics,SP.POP.SCIE.RD.P6,Researchers in R&D (per million people),1996,1410.6136447341,,0
EAR,Early-demographic dividend,SP.POP.SCIE.RD.P6,Researchers in R&D (per million people),2020,385.951221292971,,0
EAR,Early-demographic dividend,SP.POP.SCIE.RD.P6,Researchers in R&D (per million people),2018,329.8411445102,,0
EAR,Early-demographic dividend,SP.POP.SCIE.RD.P6,Researchers in R&D (per million people),2015,309.51212176135,,0
EAR,Early-demographic dividend,SP.POP.SCIE.RD.P6,Researchers in R&D (per million people),2005,180.559050459637,,0
EAS,East Asia & Pacific,SP.POP.SCIE.RD.P6,Researchers in R&D (per million people),2022,2304.40427945212,,0
EAS,East Asia & Pacific,SP.POP.SCIE.RD.P6,Researchers in R&D (per million people),2021,2102.64718822903,,0
EAS,East Asia & Pacific,SP.POP.SCIE.RD.P6,Researchers in R&D (per million people),2020,1839.09362625821,,0
EAS,East Asia & Pacific,SP.POP.SCIE.RD.P6,Researchers in R&D (per million people),2019,1720.6069016903,,0
EAS,East Asia & Pacific,SP.POP.SCIE.RD.P6,Researchers in R&D (per million people),2018,1537.04680443279,,0
EAS,East Asia & Pacific,SP.POP.SCIE.RD.P6,Researchers in R&D (per million people),2017,1489.63812290506,,0
EAS,East Asia & Pacific,SP.POP.SCIE.RD.P6,Researchers in R&D (per million people),2016,1522.18771268532,,0
EAS,East Asia & Pacific,SP.POP.SCIE.RD.P6,Researchers in R&D (per million people),2015,1543.15542304269,,0
EAS,East Asia & Pacific,SP.POP.SCIE.RD.P6,Researchers in R&D (per million people),2014,1641.78544916549,,0
EAS,East Asia & Pacific,SP.POP.SCIE.RD.P6,Researchers in R&D (per million people),2013,1465.65650949496,,0
EAS,East Asia & Pacific,SP.POP.SCIE.RD.P6,Researchers in R&D (per million people),2012,1567.70345712545,,0
EAS,East Asia & Pacific,SP.POP.SCIE.RD.P6,Researchers in R&D (per million people),2011,1394.76569061372,,0
EAS,East Asia & Pacific,SP.POP.SCIE.RD.P6,Researchers in R&D (per million people),2010,1471.68017837487,,0
EAS,East Asia & Pacific,SP.POP.SCIE.RD.P6,Researchers in R&D (per million people),2009,1121.5524251653,,0
EAS,East Asia & Pacific,SP.POP.SCIE.RD.P6,Researchers in R&D (per million people),2008,1688.80907190376,,0
EAS,East Asia & Pacific,SP.POP.SCIE.RD.P6,Researchers in R&D (per million people),2007,1449.07380228845,,0
EAS,East Asia & Pacific,SP.POP.SCIE.RD.P6,Researchers in R&D (per million people),2006,1454.3677983571,,0
EAS,East Asia & Pacific,SP.POP.SCIE.RD.P6,Researchers in R&D (per million people),2005,1249.43827056641,,0
EAS,East Asia & Pacific,SP.POP.SCIE.RD.P6,Researchers in R&D (per million people),2004,1220.68347119439,,0
EAS,East Asia & Pacific,SP.POP.SCIE.RD.P6,Researchers in R&D (per million people),2003,1065.63443378871,,0
EAS,East Asia & Pacific,SP.POP.SCIE.RD.P6,Researchers in R&D (per million people),2002,978.439383939929,,0
EAS,East Asia & Pacific,SP.POP.SCIE.RD.P6,Researchers in R&D (per million people),2001,910.541777717813,,0
EAS,East Asia & Pacific,SP.POP.SCIE.RD.P6,Researchers in R&D (per million people),2000,934.012770901935,,0
EAS,East Asia & Pacific,SP.POP.SCIE.RD.P6,Researchers in R&D (per million people),1999,859.228160955119,,0
EAS,East Asia & Pacific,SP.POP.SCIE.RD.P6,Researchers in R&D (per million people),1998,870.800992244599,,0
EAS,East Asia & Pacific,SP.POP.SCIE.RD.P6,Researchers in R&D (per million people),1997,882.953257066031,,0
EAS,East Asia & Pacific,SP.POP.SCIE.RD.P6,Researchers in R&D (per million people),1996,897.965464886747,,0
EAP,East Asia & Pacific (excluding high income),SP.POP.SCIE.RD.P6,Researchers in R&D (per million people),2022,1783.36902463718,,0
EAP,East Asia & Pacific (excluding high income),SP.POP.SCIE.RD.P6,Researchers in R&D (per million people),2021,1574.67143354107,,0
EAP,East Asia & Pacific (excluding high income),SP.POP.SCIE.RD.P6,Researchers in R&D (per million people),2020,1373.74587830065,,0
EAP,East Asia & Pacific (excluding high income),SP.POP.SCIE.RD.P6,Researchers in R&D (per million people),2019,1258.99559865245,,0
EAP,East Asia & Pacific (excluding high income),SP.POP.SCIE.RD.P6,Researchers in R&D (per million people),2018,1092.61398843962,,0
EAP,East Asia & Pacific (excluding high income),SP.POP.SCIE.RD.P6,Researchers in R&D (per million people),2017,1033.74202275589,,0
EAP,East Asia & Pacific (excluding high income),SP.POP.SCIE.RD.P6,Researchers in R&D (per million people),2016,1067.2876605696,,0
EAP,East Asia & Pacific (excluding high income),SP.POP.SCIE.RD.P6,Researchers in R&D (per million people),2015,1067.01889080476,,0
EAP,East Asia & Pacific (excluding high income),SP.POP.SCIE.RD.P6,Researchers in R&D (per million people),2014,1113.22619756965,,0
EAP,East Asia & Pacific (excluding high income),SP.POP.SCIE.RD.P6,Researchers in R&D (per million people),2013,988.180504000522,,0
EAP,East Asia & Pacific (excluding high income),SP.POP.SCIE.RD.P6,Researchers in R&D (per million people),2012,1044.86502001173,,0
EAP,East Asia & Pacific (excluding high income),SP.POP.SCIE.RD.P6,Researchers in R&D (per million people),2011,907.993800815338,,0
EAP,East Asia & Pacific (excluding high income),SP.POP.SCIE.RD.P6,Researchers in R&D (per million people),2010,910.471570028839,,0
EAP,East Asia & Pacific (excluding high income),SP.POP.SCIE.RD.P6,Researchers in R&D (per million people),2009,695.473951278306,,0
EAP,East Asia & Pacific (excluding high income),SP.POP.SCIE.RD.P6,Researchers in R&D (per million people),2008,1185.38385816256,,0
EAP,East Asia & Pacific (excluding high income),SP.POP.SCIE.RD.P6,Researchers in R&D (per million people),2007,980.660561223548,,0
EAP,East Asia & Pacific (excluding high income),SP.POP.SCIE.RD.P6,Researchers in R&D (per million people),2006,920.13701826978,,0
EAP,East Asia & Pacific (excluding high income),SP.POP.SCIE.RD.P6,Researchers in R&D (per million people),2005,785.040321989598,,0
EAP,East Asia & Pacific (excluding high income),SP.POP.SCIE.RD.P6,Researchers in R&D (per million people),2004,709.488308210953,,0
EAP,East Asia & Pacific (excluding high income),SP.POP.SCIE.RD.P6,Researchers in R&D (per million people),2003,615.212019064266,,0
EAP,East Asia & Pacific (excluding high income),SP.POP.SCIE.RD.P6,Researchers in R&D (per million people),2002,542.808826187397,,0
EAP,East Asia & Pacific (excluding high income),SP.POP.SCIE.RD.P6,Researchers in R&D (per million people),2001,501.515060371933,,0
EAP,East Asia & Pacific (excluding high income),SP.POP.SCIE.RD.P6,Researchers in R&D (per million people),2000,496.586860431784,,0
EAP,East Asia & Pacific (excluding high income),SP.POP.SCIE.RD.P6,Researchers in R&D (per million people),1999,397.751558821605,,0
EAP,East Asia & Pacific (excluding high income),SP.POP.SCIE.RD.P6,Researchers in R&D (per million people),1998,372.820348019524,,0
EAP,East Asia & Pacific (excluding high income),SP.POP.SCIE.RD.P6,Researchers in R&D (per million people),1997,442.520208092577,,0
EAP,East Asia & Pacific (excluding high income),SP.POP.SCIE.RD.P6,Researchers in R&D (per million people),1996,425.444542669836,,0
TEA,East Asia & Pacific (IDA & IBRD countries),SP.POP.SCIE.RD.P6,Researchers in R&D (per million people),2022,1783.36902463718,,0
TEA,East Asia & Pacific (IDA & IBRD countries),SP.POP.SCIE.RD.P6,Researchers in R&D (per million people),2021,1574.67143354107,,0
TEA,East Asia & Pacific (IDA & IBRD countries),SP.POP.SCIE.RD.P6,Researchers in R&D (per million people),2020,1373.74587830065,,0
TEA,East Asia & Pacific (IDA & IBRD countries),SP.POP.SCIE.RD.P6,Researchers in R&D (per million people),2019,1258.99559865245,,0
TEA,East Asia & Pacific (IDA & IBRD countries),SP.POP.SCIE.RD.P6,Researchers in R&D (per million people),2018,1092.61398843962,,0
TEA,East Asia & Pacific (IDA & IBRD countries),SP.POP.SCIE.RD.P6,Researchers in R&D (per million people),2017,1033.74202275589,,0
TEA,East Asia & Pacific (IDA & IBRD countries),SP.POP.SCIE.RD.P6,Researchers in R&D (per million people),2016,1067.2876605696,,0
TEA,East Asia & Pacific (IDA & IBRD countries),SP.POP.SCIE.RD.P6,Researchers in R&D (per million people),2015,1067.01889080476,,0
TEA,East Asia & Pacific (IDA & IBRD countries),SP.POP.SCIE.RD.P6,Researchers in R&D (per million people),2014,1113.22619756965,,0
TEA,East Asia & Pacific (IDA & IBRD countries),SP.POP.SCIE.RD.P6,Researchers in R&D (per million people),2013,988.180504000522,,0
TEA,East Asia & Pacific (IDA & IBRD countries),SP.POP.SCIE.RD.P6,Researchers in R&D (per million people),2012,1044.86502001173,,0
TEA,East Asia & Pacific (IDA & IBRD countries),SP.POP.SCIE.RD.P6,Researchers in R&D (per million people),2011,907.993800815338,,0
TEA,East Asia & Pacific (IDA & IBRD countries),SP.POP.SCIE.RD.P6,Researchers in R&D (per million people),2010,910.471570028839,,0
TEA,East Asia & Pacific (IDA & IBRD countries),SP.POP.SCIE.RD.P6,Researchers in R&D (per million people),2009,695.473951278306,,0
TEA,East Asia & Pacific (IDA & IBRD countries),SP.POP.SCIE.RD.P6,Researchers in R&D (per million people),2008,1185.38385816256,,0
TEA,East Asia & Pacific (IDA & IBRD countries),SP.POP.SCIE.RD.P6,Researchers in R&D (per million people),2007,980.660561223548,,0
TEA,East Asia & Pacific (IDA & IBRD countries),SP.POP.SCIE.RD.P6,Researchers in R&D (per million people),2006,920.13701826978,,0
TEA,East Asia & Pacific (IDA & IBRD countries),SP.POP.SCIE.RD.P6,Researchers in R&D (per million people),2005,785.040321989598,,0
TEA,East Asia & Pacific (IDA & IBRD countries),SP.POP.SCIE.RD.P6,Researchers in R&D (per million people),2004,709.488308210953,,0
TEA,East Asia & Pacific (IDA & IBRD countries),SP.POP.SCIE.RD.P6,Researchers in R&D (per million people),2003,615.212019064266,,0
TEA,East Asia & Pacific (IDA & IBRD countries),SP.POP.SCIE.RD.P6,Researchers in R&D (per million people),2002,542.808826187397,,0
TEA,East Asia & Pacific (IDA & IBRD countries),SP.POP.SCIE.RD.P6,Researchers in R&D (per million people),2001,501.515060371933,,0
TEA,East Asia & Pacific (IDA & IBRD countries),SP.POP.SCIE.RD.P6,Researchers in R&D (per million people),2000,496.586860431784,,0
TEA,East Asia & Pacific (IDA & IBRD countries),SP.POP.SCIE.RD.P6,Researchers in R&D (per million people),1999,397.751558821605,,0
TEA,East Asia & Pacific (IDA & IBRD countries),SP.POP.SCIE.RD.P6,Researchers in R&D (per million people),1998,372.820348019524,,0
TEA,East Asia & Pacific (IDA & IBRD countries),SP.POP.SCIE.RD.P6,Researchers in R&D (per million people),1997,442.520208092577,,0
TEA,East Asia & Pacific (IDA & IBRD countries),SP.POP.SCIE.RD.P6,Researchers in R&D (per million people),1996,425.444542669836,,0
EMU,Euro area,SP.POP.SCIE.RD.P6,Researchers in R&D (per million people),2022,4790.70673628051,,0
EMU,Euro area,SP.POP.SCIE.RD.P6,Researchers in R&D (per million people),2021,4573.77850464741,,0
EMU,Euro area,SP.POP.SCIE.RD.P6,Researchers in R&D (per million people),2020,4381.73540596698,,0
EMU,Euro area,SP.POP.SCIE.RD.P6,Researchers in R&D (per million people),2019,4325.26283590883,,0
EMU,Euro area,SP.POP.SCIE.RD.P6,Researchers in R&D (per million people),2018,4168.41142801078,,0
EMU,Euro area,SP.POP.SCIE.RD.P6,Researchers in R&D (per million people),2017,4009.41635397358,,0
EMU,Euro area,SP.POP.SCIE.RD.P6,Researchers in R&D (per million people),2016,3838.79961591611,,0
EMU,Euro area,SP.POP.SCIE.RD.P6,Researchers in R&D (per million people),2015,3749.57827560271,,0
EMU,Euro area,SP.POP.SCIE.RD.P6,Researchers in R&D (per million people),2014,3588.71202739687,,0
EMU,Euro area,SP.POP.SCIE.RD.P6,Researchers in R&D (per million people),2013,3553.35466367525,,0
EMU,Euro area,SP.POP.SCIE.RD.P6,Researchers in R&D (per million people),2012,3495.99545660524,,0
EMU,Euro area,SP.POP.SCIE.RD.P6,Researchers in R&D (per million people),2011,3365.59737403799,,0
EMU,Euro area,SP.POP.SCIE.RD.P6,Researchers in R&D (per million people),2010,3329.04489368584,,0
EMU,Euro area,SP.POP.SCIE.RD.P6,Researchers in R&D (per million people),2009,3219.83225320839,,0
EMU,Euro area,SP.POP.SCIE.RD.P6,Researchers in R&D (per million people),2008,3145.74508689221,,0
EMU,Euro area,SP.POP.SCIE.RD.P6,Researchers in R&D (per million people),2007,2973.35675931374,,0
EMU,Euro area,SP.POP.SCIE.RD.P6,Researchers in R&D (per million people),2006,2857.32107723198,,0
EMU,Euro area,SP.POP.SCIE.RD.P6,Researchers in R&D (per million people),2005,2740.36719339431,,0
EMU,Euro area,SP.POP.SCIE.RD.P6,Researchers in R&D (per million people),2004,2713.1015090123,,0
EMU,Euro area,SP.POP.SCIE.RD.P6,Researchers in R&D (per million people),2003,2482.58848889466,,0
EMU,Euro area,SP.POP.SCIE.RD.P6,Researchers in R&D (per million people),2002,2489.44462533457,,0
EMU,Euro area,SP.POP.SCIE.RD.P6,Researchers in R&D (per million people),2001,2393.14939156857,,0
EMU,Euro area,SP.POP.SCIE.RD.P6,Researchers in R&D (per million people),2000,2367.15528228759,,0
EMU,Euro area,SP.POP.SCIE.RD.P6,Researchers in R&D (per million people),1999,2221.90842955811,,0
EMU,Euro area,SP.POP.SCIE.RD.P6,Researchers in R&D (per million people),1998,2155.89939007981,,0
EMU,Euro area,SP.POP.SCIE.RD.P6,Researchers in R&D (per million people),1997,2091.54397113758,,0
EMU,Euro area,SP.POP.SCIE.RD.P6,Researchers in R&D (per million people),1996,2129.10930509391,,0
ECS,Europe & Central Asia,SP.POP.SCIE.RD.P6,Researchers in R&D (per million people),2022,3466.11242011436,,0
ECS,Europe & Central Asia,SP.POP.SCIE.RD.P6,Researchers in R&D (per million people),2021,3346.27863438287,,0
ECS,Europe & Central Asia,SP.POP.SCIE.RD.P6,Researchers in R&D (per million people),2020,3191.1050267162,,0
ECS,Europe & Central Asia,SP.POP.SCIE.RD.P6,Researchers in R&D (per million people),2019,3181.24502772033,,0
ECS,Europe & Central Asia,SP.POP.SCIE.RD.P6,Researchers in R&D (per million people),2018,3093.26276114167,,0
ECS,Europe & Central Asia,SP.POP.SCIE.RD.P6,Researchers in R&D (per million people),2017,3129.11852943395,,0
ECS,Europe & Central Asia,SP.POP.SCIE.RD.P6,Researchers in R&D (per million people),2016,3011.65271380487,,0
ECS,Europe & Central Asia,SP.POP.SCIE.RD.P6,Researchers in R&D (per million people),2015,2992.51073138026,,0
ECS,Europe & Central Asia,SP.POP.SCIE.RD.P6,Researchers in R&D (per million people),2014,2884.34589116323,,0
ECS,Europe & Central Asia,SP.POP.SCIE.RD.P6,Researchers in R&D (per million people),2013,2845.94311812249,,0
ECS,Europe & Central Asia,SP.POP.SCIE.RD.P6,Researchers in R&D (per million people),2012,2809.38894330275,,0
ECS,Europe & Central Asia,SP.POP.SCIE.RD.P6,Researchers in R&D (per million people),2011,2732.31560965416,,0
ECS,Europe & Central Asia,SP.POP.SCIE.RD.P6,Researchers in R&D (per million people),2010,2706.06002307146,,0
ECS,Europe & Central Asia,SP.POP.SCIE.RD.P6,Researchers in R&D (per million people),2009,2653.3461413523,,0
ECS,Europe & Central Asia,SP.POP.SCIE.RD.P6,Researchers in R&D (per million people),2008,2631.5115134014,,0
ECS,Europe & Central Asia,SP.POP.SCIE.RD.P6,Researchers in R&D (per million people),2007,2561.2208367634,,0
ECS,Europe & Central Asia,SP.POP.SCIE.RD.P6,Researchers in R&D (per million people),2006,2561.3297482136,,0
ECS,Europe & Central Asia,SP.POP.SCIE.RD.P6,Researchers in R&D (per million people),2005,2570.083702912,,0
ECS,Europe & Central Asia,SP.POP.SCIE.RD.P6,Researchers in R&D (per million people),2004,2518.30559059584,,0
ECS,Europe & Central Asia,SP.POP.SCIE.RD.P6,Researchers in R&D (per million people),2003,2399.19395134292,,0
ECS,Europe & Central Asia,SP.POP.SCIE.RD.P6,Researchers in R&D (per million people),2002,2339.59243333508,,0
ECS,Europe & Central Asia,SP.POP.SCIE.RD.P6,Researchers in R&D (per million people),2001,2330.85842484525,,0
ECS,Europe & Central Asia,SP.POP.SCIE.RD.P6,Researchers in R&D (per million people),2000,2257.10025564865,,0
ECS,Europe & Central Asia,SP.POP.SCIE.RD.P6,Researchers in R&D (per million people),1999,2271.25667366714,,0
ECS,Europe & Central Asia,SP.POP.SCIE.RD.P6,Researchers in R&D (per million people),1998,2173.29491784748,,0
ECS,Europe & Central Asia,SP.POP.SCIE.RD.P6,Researchers in R&D (per million people),1997,2233.55618705017,,0
ECS,Europe & Central Asia,SP.POP.SCIE.RD.P6,Researchers in R&D (per million people),1996,2273.59941282051,,0
ECA,Europe & Central Asia (excluding high income),SP.POP.SCIE.RD.P6,Researchers in R&D (per million people),2022,1483.914431765,,0
ECA,Europe & Central Asia (excluding high income),SP.POP.SCIE.RD.P6,Researchers in R&D (per million people),2021,1398.02492657409,,0
ECA,Europe & Central Asia (excluding high income),SP.POP.SCIE.RD.P6,Researchers in R&D (per million people),2020,1310.15463772479,,0
ECA,Europe & Central Asia (excluding high income),SP.POP.SCIE.RD.P6,Researchers in R&D (per million people),2019,1211.18486549031,,0
ECA,Europe & Central Asia (excluding high income),SP.POP.SCIE.RD.P6,Researchers in R&D (per million people),2018,1155.87537683556,,0
ECA,Europe & Central Asia (excluding high income),SP.POP.SCIE.RD.P6,Researchers in R&D (per million people),2017,1089.14559968975,,0
ECA,Europe & Central Asia (excluding high income),SP.POP.SCIE.RD.P6,Researchers in R&D (per million people),2016,1042.01213404802,,0
ECA,Europe & Central Asia (excluding high income),SP.POP.SCIE.RD.P6,Researchers in R&D (per million people),2015,987.035601539407,,0
ECA,Europe & Central Asia (excluding high income),SP.POP.SCIE.RD.P6,Researchers in R&D (per million people),2014,984.880767987918,,0
ECA,Europe & Central Asia (excluding high income),SP.POP.SCIE.RD.P6,Researchers in R&D (per million people),2013,998.978693058609,,0
ECA,Europe & Central Asia (excluding high income),SP.POP.SCIE.RD.P6,Researchers in R&D (per million people),2012,979.918658239196,,0
ECA,Europe & Central Asia (excluding high income),SP.POP.SCIE.RD.P6,Researchers in R&D (per million people),2011,939.393564223223,,0
ECA,Europe & Central Asia (excluding high income),SP.POP.SCIE.RD.P6,Researchers in R&D (per million people),2010,910.901283969754,,0
ECA,Europe & Central Asia (excluding high income),SP.POP.SCIE.RD.P6,Researchers in R&D (per million people),2009,883.440233769942,,0
ECA,Europe & Central Asia (excluding high income),SP.POP.SCIE.RD.P6,Researchers in R&D (per million people),2008,872.68310727538,,0
ECA,Europe & Central Asia (excluding high income),SP.POP.SCIE.RD.P6,Researchers in R&D (per million people),2007,854.447470353006,,0
ECA,Europe & Central Asia (excluding high income),SP.POP.SCIE.RD.P6,Researchers in R&D (per million people),2006,853.03083781493,,0
TEC,Europe & Central Asia (IDA & IBRD countries),SP.POP.SCIE.RD.P6,Researchers in R&D (per million people),2022,2079.71217571437,,0
TEC,Europe & Central Asia (IDA & IBRD countries),SP.POP.SCIE.RD.P6,Researchers in R&D (per million people),2021,2012.86434057985,,0
TEC,Europe & Central Asia (IDA & IBRD countries),SP.POP.SCIE.RD.P6,Researchers in R&D (per million people),2020,1960.00631372005,,0
TEC,Europe & Central Asia (IDA & IBRD countries),SP.POP.SCIE.RD.P6,Researchers in R&D (per million people),2019,1924.46708772711,,0
TEC,Europe & Central Asia (IDA & IBRD countries),SP.POP.SCIE.RD.P6,Researchers in R&D (per million people),2018,1920.02987562621,,0
TEC,Europe & Central Asia (IDA & IBRD countries),SP.POP.SCIE.RD.P6,Researchers in R&D (per million people),2017,1892.97132064413,,0
TEC,Europe & Central Asia (IDA & IBRD countries),SP.POP.SCIE.RD.P6,Researchers in R&D (per million people),2016,1859.08193157961,,0
TEC,Europe & Central Asia (IDA & IBRD countries),SP.POP.SCIE.RD.P6,Researchers in R&D (per million people),2015,1864.71164200667,,0
TEC,Europe & Central Asia (IDA & IBRD countries),SP.POP.SCIE.RD.P6,Researchers in R&D (per million people),2014,1845.58081204162,,0
TEC,Europe & Central Asia (IDA & IBRD countries),SP.POP.SCIE.RD.P6,Researchers in R&D (per million people),2013,1827.77692467216,,0
TEC,Europe & Central Asia (IDA & IBRD countries),SP.POP.SCIE.RD.P6,Researchers in R&D (per million people),2012,1823.45620589225,,0
TEC,Europe & Central Asia (IDA & IBRD countries),SP.POP.SCIE.RD.P6,Researchers in R&D (per million people),2011,1815.11189329987,,0
TEC,Europe & Central Asia (IDA & IBRD countries),SP.POP.SCIE.RD.P6,Researchers in R&D (per million people),2010,1801.09287571712,,0
TEC,Europe & Central Asia (IDA & IBRD countries),SP.POP.SCIE.RD.P6,Researchers in R&D (per million people),2009,1784.60924191104,,0
TEC,Europe & Central Asia (IDA & IBRD countries),SP.POP.SCIE.RD.P6,Researchers in R&D (per million people),2008,1797.83388793981,,0
TEC,Europe & Central Asia (IDA & IBRD countries),SP.POP.SCIE.RD.P6,Researchers in R&D (per million people),2007,1828.67298480959,,0
TEC,Europe & Central Asia (IDA & IBRD countries),SP.POP.SCIE.RD.P6,Researchers in R&D (per million people),2006,1866.71290732208,,0
TEC,Europe & Central Asia (IDA & IBRD countries),SP.POP.SCIE.RD.P6,Researchers in R&D (per million people),2005,1941.41976757141,,0
TEC,Europe & Central Asia (IDA & IBRD countries),SP.POP.SCIE.RD.P6,Researchers in R&D (per million people),2004,1956.18329925068,,0
TEC,Europe & Central Asia (IDA & IBRD countries),SP.POP.SCIE.RD.P6,Researchers in R&D (per million people),2003,1970.689074019,,0
TEC,Europe & Central Asia (IDA & IBRD countries),SP.POP.SCIE.RD.P6,Researchers in R&D (per million people),2002,2008.66742208824,,0
TEC,Europe & Central Asia (IDA & IBRD countries),SP.POP.SCIE.RD.P6,Researchers in R&D (per million people),2001,2036.76921286273,,0
TEC,Europe & Central Asia (IDA & IBRD countries),SP.POP.SCIE.RD.P6,Researchers in R&D (per million people),2000,2046.21238314449,,0
EUU,European Union,SP.POP.SCIE.RD.P6,Researchers in R&D (per million people),2022,4647.13287937224,,0
EUU,European Union,SP.POP.SCIE.RD.P6,Researchers in R&D (per million people),2021,4425.4157665106,,0
EUU,European Union,SP.POP.SCIE.RD.P6,Researchers in R&D (per million people),2020,4224.858723808,,0
EUU,European Union,SP.POP.SCIE.RD.P6,Researchers in R&D (per million people),2019,4156.38236312723,,0
EUU,European Union,SP.POP.SCIE.RD.P6,Researchers in R&D (per million people),2018,4010.21477914675,,0
EUU,European Union,SP.POP.SCIE.RD.P6,Researchers in R&D (per million people),2017,3847.48755768484,,0
EUU,European Union,SP.POP.SCIE.RD.P6,Researchers in R&D (per million people),2016,3645.04905407233,,0
EUU,European Union,SP.POP.SCIE.RD.P6,Researchers in R&D (per million people),2015,3545.2977624552,,0
EUU,European Union,SP.POP.SCIE.RD.P6,Researchers in R&D (per million people),2014,3404.38921802772,,0
EUU,European Union,SP.POP.SCIE.RD.P6,Researchers in R&D (per million people),2013,3343.49590963891,,0
EUU,European Union,SP.POP.SCIE.RD.P6,Researchers in R&D (per million people),2012,3246.03288485884,,0
EUU,European Union,SP.POP.SCIE.RD.P6,Researchers in R&D (per million people),2011,3124.20635216897,,0
EUU,European Union,SP.POP.SCIE.RD.P6,Researchers in R&D (per million people),2010,3088.082857303,,0
EUU,European Union,SP.POP.SCIE.RD.P6,Researchers in R&D (per million people),2009,2986.45705049587,,0
EUU,European Union,SP.POP.SCIE.RD.P6,Researchers in R&D (per million people),2008,2932.41443919156,,0
EUU,European Union,SP.POP.SCIE.RD.P6,Researchers in R&D (per million people),2007,2770.56750145769,,0
EUU,European Union,SP.POP.SCIE.RD.P6,Researchers in R&D (per million people),2006,2689.75774496016,,0
EUU,European Union,SP.POP.SCIE.RD.P6,Researchers in R&D (per million people),2005,2600.79293808856,,0
EUU,European Union,SP.POP.SCIE.RD.P6,Researchers in R&D (per million people),2004,2526.9740529138,,0
EUU,European Union,SP.POP.SCIE.RD.P6,Researchers in R&D (per million people),2003,2337.73293497193,,0
EUU,European Union,SP.POP.SCIE.RD.P6,Researchers in R&D (per million people),2002,2264.20574096846,,0
EUU,European Union,SP.POP.SCIE.RD.P6,Researchers in R&D (per million people),2001,2234.08079178207,,0
EUU,European Union,SP.POP.SCIE.RD.P6,Researchers in R&D (per million people),2000,2117.3813117101,,0
EUU,European Union,SP.POP.SCIE.RD.P6,Researchers in R&D (per million people),1999,2090.02153372709,,0
EUU,European Union,SP.POP.SCIE.RD.P6,Researchers in R&D (per million people),1998,1971.53422435216,,0
EUU,European Union,SP.POP.SCIE.RD.P6,Researchers in R&D (per million people),1997,1985.27889639129,,0
EUU,European Union,SP.POP.SCIE.RD.P6,Researchers in R&D (per million people),1996,1960.44029809699,,0
,High income,SP.POP.SCIE.RD.P6,Researchers in R&D (per million people),2021,4480.60774663299,,0
,High income,SP.POP.SCIE.RD.P6,Researchers in R&D (per million people),2020,4238.73937110299,,0
,High income,SP.POP.SCIE.RD.P6,Researchers in R&D (per million people),2019,4258.84445281343,,0
,High income,SP.POP.SCIE.RD.P6,Researchers in R&D (per million people),2018,4131.04319334159,,0
,High income,SP.POP.SCIE.RD.P6,Researchers in R&D (per million people),2017,4020.23174908603,,0
,High income,SP.POP.SCIE.RD.P6,Researchers in R&D (per million people),2016,3886.65797262232,,0
,High income,SP.POP.SCIE.RD.P6,Researchers in R&D (per million people),2015,3873.65382988404,,0
,High income,SP.POP.SCIE.RD.P6,Researchers in R&D (per million people),2014,3824.10747794218,,0
,High income,SP.POP.SCIE.RD.P6,Researchers in R&D (per million people),2013,3736.02734929567,,0
,High income,SP.POP.SCIE.RD.P6,Researchers in R&D (per million people),2012,3659.80426211751,,0
,High income,SP.POP.SCIE.RD.P6,Researchers in R&D (per million people),2011,3615.48593472261,,0
,High income,SP.POP.SCIE.RD.P6,Researchers in R&D (per million people),2010,3590.45604299763,,0
,High income,SP.POP.SCIE.RD.P6,Researchers in R&D (per million people),2009,3565.79823164463,,0
,High income,SP.POP.SCIE.RD.P6,Researchers in R&D (per million people),2008,3534.47350175068,,0
,High income,SP.POP.SCIE.RD.P6,Researchers in R&D (per million people),2007,3470.96090982342,,0
,High income,SP.POP.SCIE.RD.P6,Researchers in R&D (per million people),2006,3481.78170954892,,0
,High income,SP.POP.SCIE.RD.P6,Researchers in R&D (per million people),2005,3383.09718991529,,0
,High income,SP.POP.SCIE.RD.P6,Researchers in R&D (per million people),2004,3337.5975573945,,0
,High income,SP.POP.SCIE.RD.P6,Researchers in R&D (per million people),2003,3278.62344434436,,0
,High income,SP.POP.SCIE.RD.P6,Researchers in R&D (per million people),2002,3166.1510428792,,0
,High income,SP.POP.SCIE.RD.P6,Researchers in R&D (per million people),2001,3154.07013640274,,0
,High income,SP.POP.SCIE.RD.P6,Researchers in R&D (per million people),2000,3075.64508138173,,0
,High income,SP.POP.SCIE.RD.P6,Researchers in R&D (per million people),1999,3015.54823951444,,0
,High income,SP.POP.SCIE.RD.P6,Researchers in R&D (per million people),1998,2955.54339182854,,0
,High income,SP.POP.SCIE.RD.P6,Researchers in R&D (per million people),1997,2921.84139386571,,0
,High income,SP.POP.SCIE.RD.P6,Researchers in R&D (per million people),1996,2928.45792499805,,0
IBD,IBRD only,SP.POP.SCIE.RD.P6,Researchers in R&D (per million people),2020,974.374840153822,,0
IBD,IBRD only,SP.POP.SCIE.RD.P6,Researchers in R&D (per million people),2018,847.030959809919,,0
IBD,IBRD only,SP.POP.SCIE.RD.P6,Researchers in R&D (per million people),2015,785.801670436886,,0
IBD,IBRD only,SP.POP.SCIE.RD.P6,Researchers in R&D (per million people),2010,682.59459276164,,0
IBD,IBRD only,SP.POP.SCIE.RD.P6,Researchers in R&D (per million people),2005,624.05657474121,,0
IBD,IBRD only,SP.POP.SCIE.RD.P6,Researchers in R&D (per million people),2000,497.226893331939,,0
IBD,IBRD only,SP.POP.SCIE.RD.P6,Researchers in R&D (per million people),1998,464.386694697773,,0
IBD,IBRD only,SP.POP.SCIE.RD.P6,Researchers in R&D (per million people),1996,526.376303261553,,0
IBT,IDA & IBRD total,SP.POP.SCIE.RD.P6,Researchers in R&D (per million people),2015,719.187194478328,,0
IBT,IDA & IBRD total,SP.POP.SCIE.RD.P6,Researchers in R&D (per million people),2010,627.458342803077,,0
IBT,IDA & IBRD total,SP.POP.SCIE.RD.P6,Researchers in R&D (per million people),2005,576.134491241277,,0
IDB,IDA blend,SP.POP.SCIE.RD.P6,Researchers in R&D (per million people),2019,215.922319792477,,0
IDB,IDA blend,SP.POP.SCIE.RD.P6,Researchers in R&D (per million people),2007,123.802887785302,,0
LTE,Late-demographic dividend,SP.POP.SCIE.RD.P6,Researchers in R&D (per million people),2022,1907.28178405292,,0
LTE,Late-demographic dividend,SP.POP.SCIE.RD.P6,Researchers in R&D (per million people),2021,1729.44887632602,,0
LTE,Late-demographic dividend,SP.POP.SCIE.RD.P6,Researchers in R&D (per million people),2020,1682.87302418599,,0
LTE,Late-demographic dividend,SP.POP.SCIE.RD.P6,Researchers in R&D (per million people),2019,1577.47654610358,,0
LTE,Late-demographic dividend,SP.POP.SCIE.RD.P6,Researchers in R&D (per million people),2018,1481.66046276242,,0
LTE,Late-demographic dividend,SP.POP.SCIE.RD.P6,Researchers in R&D (per million people),2017,1324.38936089374,,0
LTE,Late-demographic dividend,SP.POP.SCIE.RD.P6,Researchers in R&D (per million people),2016,1346.24660804941,,0
LTE,Late-demographic dividend,SP.POP.SCIE.RD.P6,Researchers in R&D (per million people),2015,1276.26307585236,,0
LTE,Late-demographic dividend,SP.POP.SCIE.RD.P6,Researchers in R&D (per million people),2014,1217.31852870057,,0
LTE,Late-demographic dividend,SP.POP.SCIE.RD.P6,Researchers in R&D (per million people),2013,1152.67787235944,,0
LTE,Late-demographic dividend,SP.POP.SCIE.RD.P6,Researchers in R&D (per million people),2012,1186.53715204691,,0
LTE,Late-demographic dividend,SP.POP.SCIE.RD.P6,Researchers in R&D (per million people),2011,1112.98299847332,,0
LTE,Late-demographic dividend,SP.POP.SCIE.RD.P6,Researchers in R&D (per million people),2010,1060.07120252662,,0
LTE,Late-demographic dividend,SP.POP.SCIE.RD.P6,Researchers in R&D (per million people),2009,1010.45439396375,,0
LTE,Late-demographic dividend,SP.POP.SCIE.RD.P6,Researchers in R&D (per million people),2008,1249.30221324151,,0
LTE,Late-demographic dividend,SP.POP.SCIE.RD.P6,Researchers in R&D (per million people),2007,1162.3329109467,,0
LTE,Late-demographic dividend,SP.POP.SCIE.RD.P6,Researchers in R&D (per million people),2006,1074.16953254162,,0
LTE,Late-demographic dividend,SP.POP.SCIE.RD.P6,Researchers in R&D (per million people),2005,1017.37101732098,,0
LTE,Late-demographic dividend,SP.POP.SCIE.RD.P6,Researchers in R&D (per million people),2004,922.803408116131,,0
LTE,Late-demographic dividend,SP.POP.SCIE.RD.P6,Researchers in R&D (per million people),2003,879.102512791911,,0
LTE,Late-demographic dividend,SP.POP.SCIE.RD.P6,Researchers in R&D (per million people),2002,834.863699198013,,0
LTE,Late-demographic dividend,SP.POP.SCIE.RD.P6,Researchers in R&D (per million people),2001,822.300987440524,,0
LTE,Late-demographic dividend,SP.POP.SCIE.RD.P6,Researchers in R&D (per million people),2000,798.922494713576,,0
LTE,Late-demographic dividend,SP.POP.SCIE.RD.P6,Researchers in R&D (per million people),1999,740.670264468224,,0
LTE,Late-demographic dividend,SP.POP.SCIE.RD.P6,Researchers in R&D (per million people),1998,731.774754207582,,0
LTE,Late-demographic dividend,SP.POP.SCIE.RD.P6,Researchers in R&D (per million people),1997,811.401335797457,,0
LTE,Late-demographic dividend,SP.POP.SCIE.RD.P6,Researchers in R&D (per million people),1996,794.291270282939,,0
LCN,Latin America & Caribbean,SP.POP.SCIE.RD.P6,Researchers in R&D (per million people),2014,582.691393644504,,0
LCN,Latin America & Caribbean,SP.POP.SCIE.RD.P6,Researchers in R&D (per million people),2013,561.112998511686,,0
LCN,Latin America & Caribbean,SP.POP.SCIE.RD.P6,Researchers in R&D (per million people),2012,582.631882365115,,0
LCN,Latin America & Caribbean,SP.POP.SCIE.RD.P6,Researchers in R&D (per million people),2011,573.99606836999,,0
LCN,Latin America & Caribbean,SP.POP.SCIE.RD.P6,Researchers in R&D (per million people),2010,540.766374471365,,0
LCN,Latin America & Caribbean,SP.POP.SCIE.RD.P6,Researchers in R&D (per million people),2009,510.263368127076,,0
LCN,Latin America & Caribbean,SP.POP.SCIE.RD.P6,Researchers in R&D (per million people),2008,487.923131125271,,0
LCN,Latin America & Caribbean,SP.POP.SCIE.RD.P6,Researchers in R&D (per million people),2007,472.649084503284,,0
LCN,Latin America & Caribbean,SP.POP.SCIE.RD.P6,Researchers in R&D (per million people),2006,460.120148480415,,0
LCN,Latin America & Caribbean,SP.POP.SCIE.RD.P6,Researchers in R&D (per million people),2005,461.238916110719,,0
LCN,Latin America & Caribbean,SP.POP.SCIE.RD.P6,Researchers in R&D (per million people),2003,382.764632435085,,0
LCN,Latin America & Caribbean,SP.POP.SCIE.RD.P6,Researchers in R&D (per million people),2002,357.673708656542,,0
LCN,Latin America & Caribbean,SP.POP.SCIE.RD.P6,Researchers in R&D (per million people),2001,308.037555218886,,0
LCN,Latin America & Caribbean,SP.POP.SCIE.RD.P6,Researchers in R&D (per million people),2000,298.460538992096,,0
LAC,Latin America & Caribbean (excluding high income),SP.POP.SCIE.RD.P6,Researchers in R&D (per million people),2014,613.649934505699,,0
LAC,Latin America & Caribbean (excluding high income),SP.POP.SCIE.RD.P6,Researchers in R&D (per million people),2013,592.278551400361,,0
LAC,Latin America & Caribbean (excluding high income),SP.POP.SCIE.RD.P6,Researchers in R&D (per million people),2012,620.383813823595,,0
LAC,Latin America & Caribbean (excluding high income),SP.POP.SCIE.RD.P6,Researchers in R&D (per million people),2011,615.444347091277,,0
LAC,Latin America & Caribbean (excluding high income),SP.POP.SCIE.RD.P6,Researchers in R&D (per million people),2010,576.679093923113,,0
LAC,Latin America & Caribbean (excluding high income),SP.POP.SCIE.RD.P6,Researchers in R&D (per million people),2009,549.458906960023,,0
LAC,Latin America & Caribbean (excluding high income),SP.POP.SCIE.RD.P6,Researchers in R&D (per million people),2008,522.647682880447,,0
LAC,Latin America & Caribbean (excluding high income),SP.POP.SCIE.RD.P6,Researchers in R&D (per million people),2007,505.168018493483,,0
LAC,Latin America & Caribbean (excluding high income),SP.POP.SCIE.RD.P6,Researchers in R&D (per million people),2006,487.022733131495,,0
LAC,Latin America & Caribbean (excluding high income),SP.POP.SCIE.RD.P6,Researchers in R&D (per million people),2005,494.821255331192,,0
LAC,Latin America & Caribbean (excluding high income),SP.POP.SCIE.RD.P6,Researchers in R&D (per million people),2004,481.451535022288,,0
LAC,Latin America & Caribbean (excluding high income),SP.POP.SCIE.RD.P6,Researchers in R&D (per million people),2003,410.309911729264,,0
LAC,Latin America & Caribbean (excluding high income),SP.POP.SCIE.RD.P6,Researchers in R&D (per million people),2002,381.039393354914,,0
LAC,Latin America & Caribbean (excluding high income),SP.POP.SCIE.RD.P6,Researchers in R&D (per million people),2001,327.354325149704,,0
LAC,Latin America & Caribbean (excluding high income),SP.POP.SCIE.RD.P6,Researchers in R&D (per million people),2000,318.784768758364,,0
TLA,Latin America & the Caribbean (IDA & IBRD countries),SP.POP.SCIE.RD.P6,Researchers in R&D (per million people),2014,582.691393644504,,0
TLA,Latin America & the Caribbean (IDA & IBRD countries),SP.POP.SCIE.RD.P6,Researchers in R&D (per million people),2013,563.282246645249,,0
TLA,Latin America & the Caribbean (IDA & IBRD countries),SP.POP.SCIE.RD.P6,Researchers in R&D (per million people),2012,582.631882365115,,0
TLA,Latin America & the Caribbean (IDA & IBRD countries),SP.POP.SCIE.RD.P6,Researchers in R&D (per million people),2011,573.99606836999,,0
TLA,Latin America & the Caribbean (IDA & IBRD countries),SP.POP.SCIE.RD.P6,Researchers in R&D (per million people),2010,540.766374471366,,0
TLA,Latin America & the Caribbean (IDA & IBRD countries),SP.POP.SCIE.RD.P6,Researchers in R&D (per million people),2009,510.263368127076,,0
TLA,Latin America & the Caribbean (IDA & IBRD countries),SP.POP.SCIE.RD.P6,Researchers in R&D (per million people),2008,487.923131125271,,0
TLA,Latin America & the Caribbean (IDA & IBRD countries),SP.POP.SCIE.RD.P6,Researchers in R&D (per million people),2007,472.649084503284,,0
TLA,Latin America & the Caribbean (IDA & IBRD countries),SP.POP.SCIE.RD.P6,Researchers in R&D (per million people),2006,460.120148480414,,0
TLA,Latin America & the Caribbean (IDA & IBRD countries),SP.POP.SCIE.RD.P6,Researchers in R&D (per million people),2005,461.238916110719,,0
TLA,Latin America & the Caribbean (IDA & IBRD countries),SP.POP.SCIE.RD.P6,Researchers in R&D (per million people),2004,446.513076849097,,0
TLA,Latin America & the Caribbean (IDA & IBRD countries),SP.POP.SCIE.RD.P6,Researchers in R&D (per million people),2003,382.764632435085,,0
TLA,Latin America & the Caribbean (IDA & IBRD countries),SP.POP.SCIE.RD.P6,Researchers in R&D (per million people),2002,357.673708656542,,0
TLA,Latin America & the Caribbean (IDA & IBRD countries),SP.POP.SCIE.RD.P6,Researchers in R&D (per million people),2001,308.037555218886,,0
TLA,Latin America & the Caribbean (IDA & IBRD countries),SP.POP.SCIE.RD.P6,Researchers in R&D (per million people),2000,298.460538992096,,0
LMY,Low & middle income,SP.POP.SCIE.RD.P6,Researchers in R&D (per million people),2015,626.156047185382,,0
LMY,Low & middle income,SP.POP.SCIE.RD.P6,Researchers in R&D (per million people),2010,537.634190360114,,0
,Lower middle income,SP.POP.SCIE.RD.P6,Researchers in R&D (per million people),2015,266.581392754698,,0
MEA,"Middle East, North Africa, Afghanistan & Pakistan",SP.POP.SCIE.RD.P6,Researchers in R&D (per million people),2021,857.770980276279,,0
MEA,"Middle East, North Africa, Afghanistan & Pakistan",SP.POP.SCIE.RD.P6,Researchers in R&D (per million people),2019,719.045710484371,,0
MEA,"Middle East, North Africa, Afghanistan & Pakistan",SP.POP.SCIE.RD.P6,Researchers in R&D (per million people),2017,623.546991469878,,0
MEA,"Middle East, North Africa, Afghanistan & Pakistan",SP.POP.SCIE.RD.P6,Researchers in R&D (per million people),2015,471.02234051523,,0
MNA,"Middle East, North Africa, Afghanistan & Pakistan (excluding high income)",SP.POP.SCIE.RD.P6,Researchers in R&D (per million people),2021,830.795069047066,,0
MNA,"Middle East, North Africa, Afghanistan & Pakistan (excluding high income)",SP.POP.SCIE.RD.P6,Researchers in R&D (per million people),2019,691.375466041428,,0
MNA,"Middle East, North Africa, Afghanistan & Pakistan (excluding high income)",SP.POP.SCIE.RD.P6,Researchers in R&D (per million people),2017,626.559035302757,,0
MNA,"Middle East, North Africa, Afghanistan & Pakistan (excluding high income)",SP.POP.SCIE.RD.P6,Researchers in R&D (per million people),2015,441.343705069749,,0
MNA,"Middle East, North Africa, Afghanistan & Pakistan (excluding high income)",SP.POP.SCIE.RD.P6,Researchers in R&D (per million people),2009,359.054998084986,,0
TMN,"Middle East, North Africa, Afghanistan & Pakistan (IDA & IBRD)",SP.POP.SCIE.RD.P6,Researchers in R&D (per million people),2021,830.795069047066,,0
TMN,"Middle East, North Africa, Afghanistan & Pakistan (IDA & IBRD)",SP.POP.SCIE.RD.P6,Researchers in R&D (per million people),2019,691.375466041428,,0
TMN,"Middle East, North Africa, Afghanistan & Pakistan (IDA & IBRD)",SP.POP.SCIE.RD.P6,Researchers in R&D (per million people),2017,626.559035302757,,0
TMN,"Middle East, North Africa, Afghanistan & Pakistan (IDA & IBRD)",SP.POP.SCIE.RD.P6,Researchers in R&D (per million people),2015,441.343705069749,,0
TMN,"Middle East, North Africa, Afghanistan & Pakistan (IDA & IBRD)",SP.POP.SCIE.RD.P6,Researchers in R&D (per million people),2009,361.021608610144,,0
MIC,Middle income,SP.POP.SCIE.RD.P6,Researchers in R&D (per million people),2020,875.283144329561,,0
MIC,Middle income,SP.POP.SCIE.RD.P6,Researchers in R&D (per million people),2018,738.504871687327,,0
MIC,Middle income,SP.POP.SCIE.RD.P6,Researchers in R&D (per million people),2015,648.774109692415,,0
MIC,Middle income,SP.POP.SCIE.RD.P6,Researchers in R&D (per million people),2010,555.623250565741,,0
MIC,Middle income,SP.POP.SCIE.RD.P6,Researchers in R&D (per million people),2005,469.415886269215,,0
NAC,North America,SP.POP.SCIE.RD.P6,Researchers in R&D (per million people),2021,4885.75528279161,,0
NAC,North America,SP.POP.SCIE.RD.P6,Researchers in R&D (per million people),2020,4535.24877100525,,0
NAC,North America,SP.POP.SCIE.RD.P6,Researchers in R&D (per million people),2019,4325.7488563704,,0
NAC,North America,SP.POP.SCIE.RD.P6,Researchers in R&D (per million people),2018,4276.38960864208,,0
NAC,North America,SP.POP.SCIE.RD.P6,Researchers in R&D (per million people),2017,3981.66076923223,,0
NAC,North America,SP.POP.SCIE.RD.P6,Researchers in R&D (per million people),2016,3868.36288626828,,0
NAC,North America,SP.POP.SCIE.RD.P6,Researchers in R&D (per million people),2015,3926.7418704055,,0
NAC,North America,SP.POP.SCIE.RD.P6,Researchers in R&D (per million people),2014,3897.95953665356,,0
NAC,North America,SP.POP.SCIE.RD.P6,Researchers in R&D (per million people),2013,3817.6834373398,,0
NAC,North America,SP.POP.SCIE.RD.P6,Researchers in R&D (per million people),2012,3743.01358535951,,0
NAC,North America,SP.POP.SCIE.RD.P6,Researchers in R&D (per million people),2011,3772.53694993324,,0
NAC,North America,SP.POP.SCIE.RD.P6,Researchers in R&D (per million people),2010,3660.4057136891,,0
NAC,North America,SP.POP.SCIE.RD.P6,Researchers in R&D (per million people),2009,3857.19537799373,,0
NAC,North America,SP.POP.SCIE.RD.P6,Researchers in R&D (per million people),2008,3772.80404210971,,0
NAC,North America,SP.POP.SCIE.RD.P6,Researchers in R&D (per million people),2007,3646.94071825939,,0
NAC,North America,SP.POP.SCIE.RD.P6,Researchers in R&D (per million people),2006,3667.27437112598,,0
NAC,North America,SP.POP.SCIE.RD.P6,Researchers in R&D (per million people),2005,3626.59330932403,,0
NAC,North America,SP.POP.SCIE.RD.P6,Researchers in R&D (per million people),2004,3680.3695172631,,0
NAC,North America,SP.POP.SCIE.RD.P6,Researchers in R&D (per million people),2003,3789.80023355823,,0
NAC,North America,SP.POP.SCIE.RD.P6,Researchers in R&D (per million people),2002,3588.62227353779,,0
NAC,North America,SP.POP.SCIE.RD.P6,Researchers in R&D (per million people),2001,3544.87528291696,,0
NAC,North America,SP.POP.SCIE.RD.P6,Researchers in R&D (per million people),2000,3490.0542408194,,0
NAC,North America,SP.POP.SCIE.RD.P6,Researchers in R&D (per million people),1999,3455.02756173757,,0
NAC,North America,SP.POP.SCIE.RD.P6,Researchers in R&D (per million people),1998,3387.60203610383,,0
NAC,North America,SP.POP.SCIE.RD.P6,Researchers in R&D (per million people),1997,3225.28950214987,,0
NAC,North America,SP.POP.SCIE.RD.P6,Researchers in R&D (per million people),1996,3119.51353257458,,0
OED,OECD members,SP.POP.SCIE.RD.P6,Researchers in R&D (per million people),2021,4320.3784156567,,0
OED,OECD members,SP.POP.SCIE.RD.P6,Researchers in R&D (per million people),2020,4073.88629873554,,0
OED,OECD members,SP.POP.SCIE.RD.P6,Researchers in R&D (per million people),2019,3987.45211474469,,0
OED,OECD members,SP.POP.SCIE.RD.P6,Researchers in R&D (per million people),2018,3859.07340573737,,0
OED,OECD members,SP.POP.SCIE.RD.P6,Researchers in R&D (per million people),2017,3603.83346365644,,0
OED,OECD members,SP.POP.SCIE.RD.P6,Researchers in R&D (per million people),2016,3459.57210413128,,0
OED,OECD members,SP.POP.SCIE.RD.P6,Researchers in R&D (per million people),2015,3448.25989965467,,0
OED,OECD members,SP.POP.SCIE.RD.P6,Researchers in R&D (per million people),2014,3379.48549727143,,0
OED,OECD members,SP.POP.SCIE.RD.P6,Researchers in R&D (per million people),2013,3301.54277511728,,0
OED,OECD members,SP.POP.SCIE.RD.P6,Researchers in R&D (per million people),2012,3350.08081776978,,0
OED,OECD members,SP.POP.SCIE.RD.P6,Researchers in R&D (per million people),2011,3302.0593654895,,0
OED,OECD members,SP.POP.SCIE.RD.P6,Researchers in R&D (per million people),2010,3260.79923374087,,0
OED,OECD members,SP.POP.SCIE.RD.P6,Researchers in R&D (per million people),2009,3247.98160246924,,0
OED,OECD members,SP.POP.SCIE.RD.P6,Researchers in R&D (per million people),2008,3215.38771125893,,0
OED,OECD members,SP.POP.SCIE.RD.P6,Researchers in R&D (per million people),2007,3125.44192429406,,0
OED,OECD members,SP.POP.SCIE.RD.P6,Researchers in R&D (per million people),2006,3140.68633518031,,0
OED,OECD members,SP.POP.SCIE.RD.P6,Researchers in R&D (per million people),2005,3044.87455620344,,0
OED,OECD members,SP.POP.SCIE.RD.P6,Researchers in R&D (per million people),2004,2994.67215666683,,0
OED,OECD members,SP.POP.SCIE.RD.P6,Researchers in R&D (per million people),2003,2921.60465392592,,0
OED,OECD members,SP.POP.SCIE.RD.P6,Researchers in R&D (per million people),2002,2804.05530028696,,0
OED,OECD members,SP.POP.SCIE.RD.P6,Researchers in R&D (per million people),2001,2772.65842748055,,0
OED,OECD members,SP.POP.SCIE.RD.P6,Researchers in R&D (per million people),2000,2701.45006553394,,0
OED,OECD members,SP.POP.SCIE.RD.P6,Researchers in R&D (per million people),1999,2653.64228596206,,0
OED,OECD members,SP.POP.SCIE.RD.P6,Researchers in R&D (per million people),1998,2585.04261739963,,0
OED,OECD members,SP.POP.SCIE.RD.P6,Researchers in R&D (per million people),1997,2499.0486732368,,0
OED,OECD members,SP.POP.SCIE.RD.P6,Researchers in R&D (per million people),1996,2470.77674583636,,0
PST,Post-demographic dividend,SP.POP.SCIE.RD.P6,Researchers in R&D (per million people),2021,4903.94161190445,,0
PST,Post-demographic dividend,SP.POP.SCIE.RD.P6,Researchers in R&D (per million people),2020,4646.03256066321,,0
PST,Post-demographic dividend,SP.POP.SCIE.RD.P6,Researchers in R&D (per million people),2019,4565.11100776302,,0
PST,Post-demographic dividend,SP.POP.SCIE.RD.P6,Researchers in R&D (per million people),2018,4444.43747702598,,0
PST,Post-demographic dividend,SP.POP.SCIE.RD.P6,Researchers in R&D (per million people),2017,4286.12440560443,,0
PST,Post-demographic dividend,SP.POP.SCIE.RD.P6,Researchers in R&D (per million people),2016,4143.91166626002,,0
PST,Post-demographic dividend,SP.POP.SCIE.RD.P6,Researchers in R&D (per million people),2015,4128.91826110738,,0
PST,Post-demographic dividend,SP.POP.SCIE.RD.P6,Researchers in R&D (per million people),2014,4046.6868695169,,0
PST,Post-demographic dividend,SP.POP.SCIE.RD.P6,Researchers in R&D (per million people),2013,3954.51726846268,,0
PST,Post-demographic dividend,SP.POP.SCIE.RD.P6,Researchers in R&D (per million people),2012,3869.69802331619,,0
PST,Post-demographic dividend,SP.POP.SCIE.RD.P6,Researchers in R&D (per million people),2011,3829.91928365764,,0
PST,Post-demographic dividend,SP.POP.SCIE.RD.P6,Researchers in R&D (per million people),2010,3782.60180557297,,0
PST,Post-demographic dividend,SP.POP.SCIE.RD.P6,Researchers in R&D (per million people),2009,3774.2570399821,,0
PST,Post-demographic dividend,SP.POP.SCIE.RD.P6,Researchers in R&D (per million people),2008,3725.25271064252,,0
PST,Post-demographic dividend,SP.POP.SCIE.RD.P6,Researchers in R&D (per million people),2007,3601.6453954742,,0
PST,Post-demographic dividend,SP.POP.SCIE.RD.P6,Researchers in R&D (per million people),2006,3571.04332526764,,0
PST,Post-demographic dividend,SP.POP.SCIE.RD.P6,Researchers in R&D (per million people),2005,3569.68308505666,,0
PST,Post-demographic dividend,SP.POP.SCIE.RD.P6,Researchers in R&D (per million people),2004,3506.47761163262,,0
PST,Post-demographic dividend,SP.POP.SCIE.RD.P6,Researchers in R&D (per million people),2003,3434.94501019276,,0
PST,Post-demographic dividend,SP.POP.SCIE.RD.P6,Researchers in R&D (per million people),2002,3305.19339332881,,0
PST,Post-demographic dividend,SP.POP.SCIE.RD.P6,Researchers in R&D (per million people),2001,3268.40788266949,,0
PST,Post-demographic dividend,SP.POP.SCIE.RD.P6,Researchers in R&D (per million people),2000,3184.1990863761,,0
PST,Post-demographic dividend,SP.POP.SCIE.RD.P6,Researchers in R&D (per million people),1999,3118.49679596092,,0
PST,Post-demographic dividend,SP.POP.SCIE.RD.P6,Researchers in R&D (per million people),1998,3034.68595695661,,0
PST,Post-demographic dividend,SP.POP.SCIE.RD.P6,Researchers in R&D (per million people),1997,2944.97624515935,,0
PST,Post-demographic dividend,SP.POP.SCIE.RD.P6,Researchers in R&D (per million people),1996,2917.16040077594,,0
SAS,South Asia,SP.POP.SCIE.RD.P6,Researchers in R&D (per million people),2020,256.825157725473,,0
SAS,South Asia,SP.POP.SCIE.RD.P6,Researchers in R&D (per million people),2018,247.697205482982,,0
SAS,South Asia,SP.POP.SCIE.RD.P6,Researchers in R&D (per million people),2015,212.609130741671,,0
SAS,South Asia,SP.POP.SCIE.RD.P6,Researchers in R&D (per million people),2010,155.309017011634,,0
SAS,South Asia,SP.POP.SCIE.RD.P6,Researchers in R&D (per million people),2005,135.14649,,0
SAS,South Asia,SP.POP.SCIE.RD.P6,Researchers in R&D (per million people),2000,111.021125572941,,0
SAS,South Asia,SP.POP.SCIE.RD.P6,Researchers in R&D (per million people),1998,116.49341,,0
SAS,South Asia,SP.POP.SCIE.RD.P6,Researchers in R&D (per million people),1996,154.675615188746,,0
TSA,South Asia (IDA & IBRD),SP.POP.SCIE.RD.P6,Researchers in R&D (per million people),2020,256.825157725473,,0
TSA,South Asia (IDA & IBRD),SP.POP.SCIE.RD.P6,Researchers in R&D (per million people),2018,247.697205482982,,0
TSA,South Asia (IDA & IBRD),SP.POP.SCIE.RD.P6,Researchers in R&D (per million people),2015,212.609130741671,,0
TSA,South Asia (IDA & IBRD),SP.POP.SCIE.RD.P6,Researchers in R&D (per million people),2010,155.309017011634,,0
TSA,South Asia (IDA & IBRD),SP.POP.SCIE.RD.P6,Researchers in R&D (per million people),2005,135.14649,,0
TSA,South Asia (IDA & IBRD),SP.POP.SCIE.RD.P6,Researchers in R&D (per million people),2000,111.021125572941,,0
TSA,South Asia (IDA & IBRD),SP.POP.SCIE.RD.P6,Researchers in R&D (per million people),1998,116.49341,,0
TSA,South Asia (IDA & IBRD),SP.POP.SCIE.RD.P6,Researchers in R&D (per million people),1996,154.675615188746,,0
,Upper middle income,SP.POP.SCIE.RD.P6,Researchers in R&D (per million people),2022,1645.50868737531,,0
,Upper middle income,SP.POP.SCIE.RD.P6,Researchers in R&D (per million people),2021,1503.44190323887,,0
,Upper middle income,SP.POP.SCIE.RD.P6,Researchers in R&D (per million people),2020,1282.81411400432,,0
,Upper middle income,SP.POP.SCIE.RD.P6,Researchers in R&D (per million people),2019,1222.64127027281,,0
,Upper middle income,SP.POP.SCIE.RD.P6,Researchers in R&D (per million people),2018,1091.69344700294,,0
,Upper middle income,SP.POP.SCIE.RD.P6,Researchers in R&D (per million people),2017,994.625165433929,,0
,Upper middle income,SP.POP.SCIE.RD.P6,Researchers in R&D (per million people),2016,974.634617471413,,0
,Upper middle income,SP.POP.SCIE.RD.P6,Researchers in R&D (per million people),2015,1017.41348015015,,0
,Upper middle income,SP.POP.SCIE.RD.P6,Researchers in R&D (per million people),2014,972.175903880015,,0
,Upper middle income,SP.POP.SCIE.RD.P6,Researchers in R&D (per million people),2013,939.044399595732,,0
,Upper middle income,SP.POP.SCIE.RD.P6,Researchers in R&D (per million people),2012,933.283423033905,,0
,Upper middle income,SP.POP.SCIE.RD.P6,Researchers in R&D (per million people),2011,878.414150781156,,0
,Upper middle income,SP.POP.SCIE.RD.P6,Researchers in R&D (per million people),2010,827.152452676533,,0
,Upper middle income,SP.POP.SCIE.RD.P6,Researchers in R&D (per million people),2009,703.299319497803,,0
,Upper middle income,SP.POP.SCIE.RD.P6,Researchers in R&D (per million people),2008,995.176494901626,,0
,Upper middle income,SP.POP.SCIE.RD.P6,Researchers in R&D (per million people),2007,904.920794823043,,0
,Upper middle income,SP.POP.SCIE.RD.P6,Researchers in R&D (per million people),2006,816.908076322553,,0
,Upper middle income,SP.POP.SCIE.RD.P6,Researchers in R&D (per million people),2005,732.08513256127,,0
,Upper middle income,SP.POP.SCIE.RD.P6,Researchers in R&D (per million people),2004,647.741632653206,,0
,Upper middle income,SP.POP.SCIE.RD.P6,Researchers in R&D (per million people),2003,587.614458768993,,0
,Upper middle income,SP.POP.SCIE.RD.P6,Researchers in R&D (per million people),2002,568.25212500713,,0
,Upper middle income,SP.POP.SCIE.RD.P6,Researchers in R&D (per million people),2001,474.739957559867,,0
,Upper middle income,SP.POP.SCIE.RD.P6,Researchers in R&D (per million people),2000,463.636602751412,,0
,Upper middle income,SP.POP.SCIE.RD.P6,Researchers in R&D (per million people),1997,431.891580078253,,0
WLD,World,SP.POP.SCIE.RD.P6,Researchers in R&D (per million people),2018,1516.09005066035,,0
WLD,World,SP.POP.SCIE.RD.P6,Researchers in R&D (per million people),2015,1375.28725371756,,0
WLD,World,SP.POP.SCIE.RD.P6,Researchers in R&D (per million people),2010,1261.25477187436,,0
WLD,World,SP.POP.SCIE.RD.P6,Researchers in R&D (per million people),2005,1190.14252936741,,0
WLD,World,SP.POP.SCIE.RD.P6,Researchers in R&D (per million people),2000,1076.26394147649,,0
ALB,Albania,SP.POP.SCIE.RD.P6,Researchers in R&D (per million people),2008,155.23568,,0
DZA,Algeria,SP.POP.SCIE.RD.P6,Researchers in R&D (per million people),2017,821.66519,,0
DZA,Algeria,SP.POP.SCIE.RD.P6,Researchers in R&D (per million people),2005,170.18968,,0
ASM,American Samoa,SP.POP.SCIE.RD.P6,Researchers in R&D (per million people),2005,105.76042,,0
ASM,American Samoa,SP.POP.SCIE.RD.P6,Researchers in R&D (per million people),2004,158.16111,,0
ASM,American Samoa,SP.POP.SCIE.RD.P6,Researchers in R&D (per million people),2003,420.77949,,0
ASM,American Samoa,SP.POP.SCIE.RD.P6,Researchers in R&D (per million people),2002,87.58715,,0
AGO,Angola,SP.POP.SCIE.RD.P6,Researchers in R&D (per million people),2016,18.93579,,0
AGO,Angola,SP.POP.SCIE.RD.P6,Researchers in R&D (per million people),2011,48.42677,,0
ARG,Argentina,SP.POP.SCIE.RD.P6,Researchers in R&D (per million people),2022,1296.45435,,0
ARG,Argentina,SP.POP.SCIE.RD.P6,Researchers in R&D (per million people),2021,1288.13477,,0
ARG,Argentina,SP.POP.SCIE.RD.P6,Researchers in R&D (per million people),2020,1250.48347,,0
ARG,Argentina,SP.POP.SCIE.RD.P6,Researchers in R&D (per million people),2019,1224.69939,,0
ARG,Argentina,SP.POP.SCIE.RD.P6,Researchers in R&D (per million people),2018,1220.93622,,0
ARG,Argentina,SP.POP.SCIE.RD.P6,Researchers in R&D (per million people),2017,1206.01905,,0
ARG,Argentina,SP.POP.SCIE.RD.P6,Researchers in R&D (per million people),2016,1254.06674,,0
ARG,Argentina,SP.POP.SCIE.RD.P6,Researchers in R&D (per million people),2015,1225.50983,,0
ARG,Argentina,SP.POP.SCIE.RD.P6,Researchers in R&D (per million people),2014,1202.47388,,0
ARG,Argentina,SP.POP.SCIE.RD.P6,Researchers in R&D (per million people),2013,1193.37333,,0
ARG,Argentina,SP.POP.SCIE.RD.P6,Researchers in R&D (per million people),2012,1197.6554,,0
ARG,Argentina,SP.POP.SCIE.RD.P6,Researchers in R&D (per million people),2011,1175.37229,,0
ARG,Argentina,SP.POP.SCIE.RD.P6,Researchers in R&D (per million people),2010,1119.05035,,0
ARG,Argentina,SP.POP.SCIE.RD.P6,Researchers in R&D (per million people),2009,1031.64133,,0
ARG,Argentina,SP.POP.SCIE.RD.P6,Researchers in R&D (per million people),2008,1032.67483,,0
ARG,Argentina,SP.POP.SCIE.RD.P6,Researchers in R&D (per million people),2007,971.29008,,0
ARG,Argentina,SP.POP.SCIE.RD.P6,Researchers in R&D (per million people),2006,888.89168,,0
ARG,Argentina,SP.POP.SCIE.RD.P6,Researchers in R&D (per million people),2005,816.8412,,0
ARG,Argentina,SP.POP.SCIE.RD.P6,Researchers in R&D (per million people),2004,763.13901,,0
ARG,Argentina,SP.POP.SCIE.RD.P6,Researchers in R&D (per million people),2003,715.84326,,0
ARG,Argentina,SP.POP.SCIE.RD.P6,Researchers in R&D (per million people),2002,689.51093,,0
ARG,Argentina,SP.POP.SCIE.RD.P6,Researchers in R&D (per million people),2001,685.59721,,0
ARG,Argentina,SP.POP.SCIE.RD.P6,Researchers in R&D (per million people),2000,713.92711,,0
ARG,Argentina,SP.POP.SCIE.RD.P6,Researchers in R&D (per million people),1999,710.82614,,0
ARG,Argentina,SP.POP.SCIE.RD.P6,Researchers in R&D (per million people),1998,702.90202,,0
ARG,Argentina,SP.POP.SCIE.RD.P6,Researchers in R&D (per million people),1997,694.1551,,0
ARM,Armenia,SP.POP.SCIE.RD.P6,Researchers in R&D (per million people),2023,1039.84774,,0
ARM,Armenia,SP.POP.SCIE.RD.P6,Researchers in R&D (per million people),2022,1187.43401,,0
AUS,Australia,SP.POP.SCIE.RD.P6,Researchers in R&D (per million people),2010,4568.56658,,0
AUS,Australia,SP.POP.SCIE.RD.P6,Researchers in R&D (per million people),2008,4379.63519,,0
AUS,Australia,SP.POP.SCIE.RD.P6,Researchers in R&D (per million people),2006,4269.01789,,0
AUS,Australia,SP.POP.SCIE.RD.P6,Researchers in R&D (per million people),2004,4073.65927,,0
AUS,Australia,SP.POP.SCIE.RD.P6,Researchers in R&D (per million people),2002,3755.80266,,0
AUS,Australia,SP.POP.SCIE.RD.P6,Researchers in R&D (per million people),2000,3470.70203,,0
AUS,Australia,SP.POP.SCIE.RD.P6,Researchers in R&D (per million people),1998,3379.7753,,0
AUS,Australia,SP.POP.SCIE.RD.P6,Researchers in R&D (per million people),1996,3353.7053,,0
AUT,Austria,SP.POP.SCIE.RD.P6,Researchers in R&D (per million people),2022,6658.54873,,0
AUT,Austria,SP.POP.SCIE.RD.P6,Researchers in R&D (per million people),2021,6323.00331,,0
AUT,Austria,SP.POP.SCIE.RD.P6,Researchers in R&D (per million people),2020,5829.2859,,0
AUT,Austria,SP.POP.SCIE.RD.P6,Researchers in R&D (per million people),2019,5958.85643,,0
AUT,Austria,SP.POP.SCIE.RD.P6,Researchers in R&D (per million people),2018,5682.44087,,0
AUT,Austria,SP.POP.SCIE.RD.P6,Researchers in R&D (per million people),2017,5416.07999,,0
AUT,Austria,SP.POP.SCIE.RD.P6,Researchers in R&D (per million people),2016,5400.34772,,0
AUT,Austria,SP.POP.SCIE.RD.P6,Researchers in R&D (per million people),2015,5073.42857,,0
AUT,Austria,SP.POP.SCIE.RD.P6,Researchers in R&D (per million people),2014,5009.44199,,0
AUT,Austria,SP.POP.SCIE.RD.P6,Researchers in R&D (per million people),2013,4782.1241,,0
AUT,Austria,SP.POP.SCIE.RD.P6,Researchers in R&D (per million people),2012,4720.81116,,0
AUT,Austria,SP.POP.SCIE.RD.P6,Researchers in R&D (per million people),2011,4430.53569,,0
AUT,Austria,SP.POP.SCIE.RD.P6,Researchers in R&D (per million people),2010,4379.18237,,0
AUT,Austria,SP.POP.SCIE.RD.P6,Researchers in R&D (per million people),2009,4157.93027,,0
AUT,Austria,SP.POP.SCIE.RD.P6,Researchers in R&D (per million people),2008,4152.75477,,0
AUT,Austria,SP.POP.SCIE.RD.P6,Researchers in R&D (per million people),2007,3823.63127,,0
AUT,Austria,SP.POP.SCIE.RD.P6,Researchers in R&D (per million people),2006,3536.82275,,0
AUT,Austria,SP.POP.SCIE.RD.P6,Researchers in R&D (per million people),2005,3470.7262,,0
AUT,Austria,SP.POP.SCIE.RD.P6,Researchers in R&D (per million people),2004,3186.95396,,0
AUT,Austria,SP.POP.SCIE.RD.P6,Researchers in R&D (per million people),2002,2992.22105,,0
AUT,Austria,SP.POP.SCIE.RD.P6,Researchers in R&D (per million people),1998,2347.32828,,0
AZE,Azerbaijan,SP.POP.SCIE.RD.P6,Researchers in R&D (per million people),2023,1663.3395,,0
AZE,Azerbaijan,SP.POP.SCIE.RD.P6,Researchers in R&D (per million people),2022,1702.31299,,0
AZE,Azerbaijan,SP.POP.SCIE.RD.P6,Researchers in R&D (per million people),2021,1743.43016,,0
AZE,Azerbaijan,SP.POP.SCIE.RD.P6,Researchers in R&D (per million people),2020,1732.37308,,0
AZE,Azerbaijan,SP.POP.SCIE.RD.P6,Researchers in R&D (per million people),2019,1715.46385,,0
BHR,Bahrain,SP.POP.SCIE.RD.P6,Researchers in R&D (per million people),2014,384.09339,,0
BLR,Belarus,SP.POP.SCIE.RD.P6,Researchers in R&D (per million people),2023,1504.35265,,0
BLR,Belarus,SP.POP.SCIE.RD.P6,Researchers in R&D (per million people),2022,1434.19007,,0
BLR,Belarus,SP.POP.SCIE.RD.P6,Researchers in R&D (per million people),2021,1439.1965,,0
BLR,Belarus,SP.POP.SCIE.RD.P6,Researchers in R&D (per million people),2020,1473.37761,,0
BEL,Belgium,SP.POP.SCIE.RD.P6,Researchers in R&D (per million people),2022,6983.19007,,0
BEL,Belgium,SP.POP.SCIE.RD.P6,Researchers in R&D (per million people),2021,6596.70594,,0
BEL,Belgium,SP.POP.SCIE.RD.P6,Researchers in R&D (per million people),2020,5418.91258,,0
BEL,Belgium,SP.POP.SCIE.RD.P6,Researchers in R&D (per million people),2019,5290.87935,,0
BEL,Belgium,SP.POP.SCIE.RD.P6,Researchers in R&D (per million people),2018,5040.00069,,0
BEL,Belgium,SP.POP.SCIE.RD.P6,Researchers in R&D (per million people),2017,4757.30821,,0
BEL,Belgium,SP.POP.SCIE.RD.P6,Researchers in R&D (per million people),2016,4798.32663,,0
BEL,Belgium,SP.POP.SCIE.RD.P6,Researchers in R&D (per million people),2015,4731.81573,,0
BEL,Belgium,SP.POP.SCIE.RD.P6,Researchers in R&D (per million people),2014,4544.86674,,0
BEL,Belgium,SP.POP.SCIE.RD.P6,Researchers in R&D (per million people),2013,4161.62059,,0
BEL,Belgium,SP.POP.SCIE.RD.P6,Researchers in R&D (per million people),2012,4116.61624,,0
BEL,Belgium,SP.POP.SCIE.RD.P6,Researchers in R&D (per million people),2011,3880.19574,,0
BEL,Belgium,SP.POP.SCIE.RD.P6,Researchers in R&D (per million people),2010,3755.63584,,0
BEL,Belgium,SP.POP.SCIE.RD.P6,Researchers in R&D (per million people),2009,3554.67756,,0
BEL,Belgium,SP.POP.SCIE.RD.P6,Researchers in R&D (per million people),2008,3447.86531,,0
BEL,Belgium,SP.POP.SCIE.RD.P6,Researchers in R&D (per million people),2007,3431.0838,,0
BEL,Belgium,SP.POP.SCIE.RD.P6,Researchers in R&D (per million people),2006,3318.08595,,0
BEL,Belgium,SP.POP.SCIE.RD.P6,Researchers in R&D (per million people),2005,3173.07923,,0
BEL,Belgium,SP.POP.SCIE.RD.P6,Researchers in R&D (per million people),2004,3116.44787,,0
BEL,Belgium,SP.POP.SCIE.RD.P6,Researchers in R&D (per million people),2003,2985.44684,,0
BEL,Belgium,SP.POP.SCIE.RD.P6,Researchers in R&D (per million people),2002,2974.5959,,0
BEL,Belgium,SP.POP.SCIE.RD.P6,Researchers in R&D (per million people),2001,3140.73254,,0
BEL,Belgium,SP.POP.SCIE.RD.P6,Researchers in R&D (per million people),2000,2982.55342,,0
BEL,Belgium,SP.POP.SCIE.RD.P6,Researchers in R&D (per million people),1999,2910.88176,,0
BEL,Belgium,SP.POP.SCIE.RD.P6,Researchers in R&D (per million people),1998,2707.1088,,0
BEL,Belgium,SP.POP.SCIE.RD.P6,Researchers in R&D (per million people),1997,2582.2631,,0
BEL,Belgium,SP.POP.SCIE.RD.P6,Researchers in R&D (per million people),1996,2477.43906,,0
BOL,Bolivia,SP.POP.SCIE.RD.P6,Researchers in R&D (per million people),2021,63.0569,,0
BOL,Bolivia,SP.POP.SCIE.RD.P6,Researchers in R&D (per million people),2019,58.8279,,0
BOL,Bolivia,SP.POP.SCIE.RD.P6,Researchers in R&D (per million people),2017,49.89826,,0
BOL,Bolivia,SP.POP.SCIE.RD.P6,Researchers in R&D (per million people),2010,162.98202,,0
BOL,Bolivia,SP.POP.SCIE.RD.P6,Researchers in R&D (per million people),2009,143.15295,,0
BOL,Bolivia,SP.POP.SCIE.RD.P6,Researchers in R&D (per million people),2002,117.83207,,0
BOL,Bolivia,SP.POP.SCIE.RD.P6,Researchers in R&D (per million people),2001,120.97677,,0
BOL,Bolivia,SP.POP.SCIE.RD.P6,Researchers in R&D (per million people),2000,70.31278,,0
BOL,Bolivia,SP.POP.SCIE.RD.P6,Researchers in R&D (per million people),1999,71.54516,,0
BOL,Bolivia,SP.POP.SCIE.RD.P6,Researchers in R&D (per million people),1998,71.59781,,0
BIH,Bosnia and Herzegovina,SP.POP.SCIE.RD.P6,Researchers in R&D (per million people),2023,669.76765,,0
BIH,Bosnia and Herzegovina,SP.POP.SCIE.RD.P6,Researchers in R&D (per million people),2022,540.14789,,0
BIH,Bosnia and Herzegovina,SP.POP.SCIE.RD.P6,Researchers in R&D (per million people),2021,445.69281,,0
BIH,Bosnia and Herzegovina,SP.POP.SCIE.RD.P6,Researchers in R&D (per million people),2020,446.11618,,0
BIH,Bosnia and Herzegovina,SP.POP.SCIE.RD.P6,Researchers in R&D (per million people),2019,451.01282,,0
BIH,Bosnia and Herzegovina,SP.POP.SCIE.RD.P6,Researchers in R&D (per million people),2018,459.76526,,0
BIH,Bosnia and Herzegovina,SP.POP.SCIE.RD.P6,Researchers in R&D (per million people),2017,471.50932,,0
BIH,Bosnia and Herzegovina,SP.POP.SCIE.RD.P6,Researchers in R&D (per million people),2016,406.85468,,0
BIH,Bosnia and Herzegovina,SP.POP.SCIE.RD.P6,Researchers in R&D (per million people),2015,353.6653,,0
BIH,Bosnia and Herzegovina,SP.POP.SCIE.RD.P6,Researchers in R&D (per million people),2014,283.73763,,0
BIH,Bosnia and Herzegovina,SP.POP.SCIE.RD.P6,Researchers in R&D (per million people),2013,228.0143,,0
BIH,Bosnia and Herzegovina,SP.POP.SCIE.RD.P6,Researchers in R&D (per million people),2012,155.74572,,0
BIH,Bosnia and Herzegovina,SP.POP.SCIE.RD.P6,Researchers in R&D (per million people),2007,184.20563,,0
BIH,Bosnia and Herzegovina,SP.POP.SCIE.RD.P6,Researchers in R&D (per million people),2006,164.44144,,0
BIH,Bosnia and Herzegovina,SP.POP.SCIE.RD.P6,Researchers in R&D (per million people),2005,61.48538,,0
BIH,Bosnia and Herzegovina,SP.POP.SCIE.RD.P6,Researchers in R&D (per million people),2004,57.25219,,0
BIH,Bosnia and Herzegovina,SP.POP.SCIE.RD.P6,Researchers in R&D (per million people),2003,55.34689,,0
BWA,Botswana,SP.POP.SCIE.RD.P6,Researchers in R&D (per million people),2013,179.77334,,0
BWA,Botswana,SP.POP.SCIE.RD.P6,Researchers in R&D (per million people),2012,168.08972,,0
BRA,Brazil,SP.POP.SCIE.RD.P6,Researchers in R&D (per million people),2014,903.20079,,0
BRA,Brazil,SP.POP.SCIE.RD.P6,Researchers in R&D (per million people),2013,852.71699,,0
BRA,Brazil,SP.POP.SCIE.RD.P6,Researchers in R&D (per million people),2012,801.40894,,0
BRA,Brazil,SP.POP.SCIE.RD.P6,Researchers in R&D (per million people),2011,749.17174,,0
BRA,Brazil,SP.POP.SCIE.RD.P6,Researchers in R&D (per million people),2010,696.09998,,0
BRA,Brazil,SP.POP.SCIE.RD.P6,Researchers in R&D (per million people),2009,634.14103,,0
BRA,Brazil,SP.POP.SCIE.RD.P6,Researchers in R&D (per million people),2008,598.65285,,0
BRA,Brazil,SP.POP.SCIE.RD.P6,Researchers in R&D (per million people),2007,562.55469,,0
BRA,Brazil,SP.POP.SCIE.RD.P6,Researchers in R&D (per million people),2006,550.49741,,0
BRA,Brazil,SP.POP.SCIE.RD.P6,Researchers in R&D (per million people),2005,515.766,,0
BRA,Brazil,SP.POP.SCIE.RD.P6,Researchers in R&D (per million people),2004,489.27106,,0
BRA,Brazil,SP.POP.SCIE.RD.P6,Researchers in R&D (per million people),2003,428.48507,,0
BRA,Brazil,SP.POP.SCIE.RD.P6,Researchers in R&D (per million people),2002,403.16475,,0
BRA,Brazil,SP.POP.SCIE.RD.P6,Researchers in R&D (per million people),2001,341.27926,,0
BRA,Brazil,SP.POP.SCIE.RD.P6,Researchers in R&D (per million people),2000,298.53981,,0
BRN,Brunei Darussalam,SP.POP.SCIE.RD.P6,Researchers in R&D (per million people),2022,506.18125,,0
BRN,Brunei Darussalam,SP.POP.SCIE.RD.P6,Researchers in R&D (per million people),2004,291.27185,,0
BRN,Brunei Darussalam,SP.POP.SCIE.RD.P6,Researchers in R&D (per million people),2003,285.35738,,0
BRN,Brunei Darussalam,SP.POP.SCIE.RD.P6,Researchers in R&D (per million people),2002,293.97005,,0
BGR,Bulgaria,SP.POP.SCIE.RD.P6,Researchers in R&D (per million people),2022,2557.19806,,0
BGR,Bulgaria,SP.POP.SCIE.RD.P6,Researchers in R&D (per million people),2021,2346.69591,,0
BGR,Bulgaria,SP.POP.SCIE.RD.P6,Researchers in R&D (per million people),2020,2401.16918,,0
BGR,Bulgaria,SP.POP.SCIE.RD.P6,Researchers in R&D (per million people),2019,2420.08954,,0
BGR,Bulgaria,SP.POP.SCIE.RD.P6,Researchers in R&D (per million people),2018,2343.48736,,0
BGR,Bulgaria,SP.POP.SCIE.RD.P6,Researchers in R&D (per million people),2017,2125.46017,,0
BGR,Bulgaria,SP.POP.SCIE.RD.P6,Researchers in R&D (per million people),2016,2236.855,,0
BGR,Bulgaria,SP.POP.SCIE.RD.P6,Researchers in R&D (per million people),2015,1976.75906,,0
BGR,Bulgaria,SP.POP.SCIE.RD.P6,Researchers in R&D (per million people),2014,1822.03088,,0
BGR,Bulgaria,SP.POP.SCIE.RD.P6,Researchers in R&D (per million people),2013,1685.20345,,0
BGR,Bulgaria,SP.POP.SCIE.RD.P6,Researchers in R&D (per million people),2012,1537.4066,,0
BGR,Bulgaria,SP.POP.SCIE.RD.P6,Researchers in R&D (per million people),2011,1606.20566,,0
BGR,Bulgaria,SP.POP.SCIE.RD.P6,Researchers in R&D (per million people),2010,1470.69323,,0
BGR,Bulgaria,SP.POP.SCIE.RD.P6,Researchers in R&D (per million people),2009,1593.43114,,0
BGR,Bulgaria,SP.POP.SCIE.RD.P6,Researchers in R&D (per million people),2008,1505.75099,,0
BGR,Bulgaria,SP.POP.SCIE.RD.P6,Researchers in R&D (per million people),2007,1471.47888,,0
BGR,Bulgaria,SP.POP.SCIE.RD.P6,Researchers in R&D (per million people),2006,1348.08734,,0
BGR,Bulgaria,SP.POP.SCIE.RD.P6,Researchers in R&D (per million people),2005,1301.70634,,0
BGR,Bulgaria,SP.POP.SCIE.RD.P6,Researchers in R&D (per million people),2004,1263.77329,,0
BGR,Bulgaria,SP.POP.SCIE.RD.P6,Researchers in R&D (per million people),2003,1224.19554,,0
BGR,Bulgaria,SP.POP.SCIE.RD.P6,Researchers in R&D (per million people),2002,1168.80197,,0
BGR,Bulgaria,SP.POP.SCIE.RD.P6,Researchers in R&D (per million people),2001,1157.05434,,0
BGR,Bulgaria,SP.POP.SCIE.RD.P6,Researchers in R&D (per million people),2000,1179.69599,,0
BGR,Bulgaria,SP.POP.SCIE.RD.P6,Researchers in R&D (per million people),1999,1306.20445,,0
BGR,Bulgaria,SP.POP.SCIE.RD.P6,Researchers in R&D (per million people),1998,1464.18095,,0
BGR,Bulgaria,SP.POP.SCIE.RD.P6,Researchers in R&D (per million people),1997,1450.78139,,0
BGR,Bulgaria,SP.POP.SCIE.RD.P6,Researchers in R&D (per million people),1996,1771.85422,,0
BFA,Burkina Faso,SP.POP.SCIE.RD.P6,Researchers in R&D (per million people),2010,46.5781,,0
BDI,Burundi,SP.POP.SCIE.RD.P6,Researchers in R&D (per million people),2018,22.4816,,0
BDI,Burundi,SP.POP.SCIE.RD.P6,Researchers in R&D (per million people),2012,19.57969,,0
CPV,Cabo Verde,SP.POP.SCIE.RD.P6,Researchers in R&D (per million people),2014,124.92558,,0
CPV,Cabo Verde,SP.POP.SCIE.RD.P6,Researchers in R&D (per million people),2011,48.91143,,0
CPV,Cabo Verde,SP.POP.SCIE.RD.P6,Researchers in R&D (per million people),2002,129.37196,,0
CPV,Cabo Verde,SP.POP.SCIE.RD.P6,Researchers in R&D (per million people),2001,98.50987,,0
KHM,Cambodia,SP.POP.SCIE.RD.P6,Researchers in R&D (per million people),2015,30.38923,,0
KHM,Cambodia,SP.POP.SCIE.RD.P6,Researchers in R&D (per million people),2002,17.47676,,0
CAN,Canada,SP.POP.SCIE.RD.P6,Researchers in R&D (per million people),2021,5411.82682,,0
CAN,Canada,SP.POP.SCIE.RD.P6,Researchers in R&D (per million people),2020,5155.65021,,0
CAN,Canada,SP.POP.SCIE.RD.P6,Researchers in R&D (per million people),2019,4850.93689,,0
CAN,Canada,SP.POP.SCIE.RD.P6,Researchers in R&D (per million people),2018,4715.91861,,0
CAN,Canada,SP.POP.SCIE.RD.P6,Researchers in R&D (per million people),2017,4429.05796,,0
CAN,Canada,SP.POP.SCIE.RD.P6,Researchers in R&D (per million people),2016,4400.49278,,0
CAN,Canada,SP.POP.SCIE.RD.P6,Researchers in R&D (per million people),2015,4545.96875,,0
CAN,Canada,SP.POP.SCIE.RD.P6,Researchers in R&D (per million people),2014,4564.22043,,0
CAN,Canada,SP.POP.SCIE.RD.P6,Researchers in R&D (per million people),2013,4647.61399,,0
CAN,Canada,SP.POP.SCIE.RD.P6,Researchers in R&D (per million people),2012,4652.42914,,0
CAN,Canada,SP.POP.SCIE.RD.P6,Researchers in R&D (per million people),2011,4802.7188,,0
CAN,Canada,SP.POP.SCIE.RD.P6,Researchers in R&D (per million people),2010,4664.07888,,0
CAN,Canada,SP.POP.SCIE.RD.P6,Researchers in R&D (per million people),2009,4466.14043,,0
CAN,Canada,SP.POP.SCIE.RD.P6,Researchers in R&D (per million people),2008,4725.99112,,0
CAN,Canada,SP.POP.SCIE.RD.P6,Researchers in R&D (per million people),2007,4596.69506,,0
CAN,Canada,SP.POP.SCIE.RD.P6,Researchers in R&D (per million people),2006,4315.13916,,0
CAN,Canada,SP.POP.SCIE.RD.P6,Researchers in R&D (per million people),2005,4234.36344,,0
CAN,Canada,SP.POP.SCIE.RD.P6,Researchers in R&D (per million people),2004,4076.68444,,0
CAN,Canada,SP.POP.SCIE.RD.P6,Researchers in R&D (per million people),2003,3888.4744,,0
CAN,Canada,SP.POP.SCIE.RD.P6,Researchers in R&D (per million people),2002,3695.33994,,0
CAN,Canada,SP.POP.SCIE.RD.P6,Researchers in R&D (per million people),2001,3688.26825,,0
CAN,Canada,SP.POP.SCIE.RD.P6,Researchers in R&D (per million people),2000,3510.48256,,0
CAN,Canada,SP.POP.SCIE.RD.P6,Researchers in R&D (per million people),1999,3238.35328,,0
CAN,Canada,SP.POP.SCIE.RD.P6,Researchers in R&D (per million people),1998,3153.03798,,0
CAN,Canada,SP.POP.SCIE.RD.P6,Researchers in R&D (per million people),1997,3114.23872,,0
CAN,Canada,SP.POP.SCIE.RD.P6,Researchers in R&D (per million people),1996,3055.67247,,0
TCD,Chad,SP.POP.SCIE.RD.P6,Researchers in R&D (per million people),2016,56.72121,,0
CHL,Chile,SP.POP.SCIE.RD.P6,Researchers in R&D (per million people),2021,638.83802,,0
CHL,Chile,SP.POP.SCIE.RD.P6,Researchers in R&D (per million people),2020,515.32026,,0
CHL,Chile,SP.POP.SCIE.RD.P6,Researchers in R&D (per million people),2019,507.31033,,0
CHL,Chile,SP.POP.SCIE.RD.P6,Researchers in R&D (per million people),2018,523.65457,,0
CHL,Chile,SP.POP.SCIE.RD.P6,Researchers in R&D (per million people),2017,494.62971,,0
CHL,Chile,SP.POP.SCIE.RD.P6,Researchers in R&D (per million people),2016,495.36438,,0
CHL,Chile,SP.POP.SCIE.RD.P6,Researchers in R&D (per million people),2015,455.29183,,0
CHL,Chile,SP.POP.SCIE.RD.P6,Researchers in R&D (per million people),2014,426.80476,,0
CHL,Chile,SP.POP.SCIE.RD.P6,Researchers in R&D (per million people),2013,334.78846,,0
CHL,Chile,SP.POP.SCIE.RD.P6,Researchers in R&D (per million people),2012,389.87508,,0
CHL,Chile,SP.POP.SCIE.RD.P6,Researchers in R&D (per million people),2011,352.01898,,0
CHL,Chile,SP.POP.SCIE.RD.P6,Researchers in R&D (per million people),2010,318.2091,,0
CHL,Chile,SP.POP.SCIE.RD.P6,Researchers in R&D (per million people),2009,287.11073,,0
CHL,Chile,SP.POP.SCIE.RD.P6,Researchers in R&D (per million people),2008,355.67666,,0
CHL,Chile,SP.POP.SCIE.RD.P6,Researchers in R&D (per million people),2007,334.61639,,0
CHN,China,SP.POP.SCIE.RD.P6,Researchers in R&D (per million people),2022,1849.23669,,0
CHN,China,SP.POP.SCIE.RD.P6,Researchers in R&D (per million people),2021,1685.97511,,0
CHN,China,SP.POP.SCIE.RD.P6,Researchers in R&D (per million people),2020,1600.30633,,0
CHN,China,SP.POP.SCIE.RD.P6,Researchers in R&D (per million people),2019,1483.85803,,0
CHN,China,SP.POP.SCIE.RD.P6,Researchers in R&D (per million people),2018,1317.48914,,0
CHN,China,SP.POP.SCIE.RD.P6,Researchers in R&D (per million people),2017,1235.84935,,0
CHN,China,SP.POP.SCIE.RD.P6,Researchers in R&D (per million people),2016,1208.86205,,0
CHN,China,SP.POP.SCIE.RD.P6,Researchers in R&D (per million people),2015,1162.7108,,0
CHN,China,SP.POP.SCIE.RD.P6,Researchers in R&D (per million people),2014,1101.80087,,0
CHN,China,SP.POP.SCIE.RD.P6,Researchers in R&D (per million people),2013,1079.63795,,0
CHN,China,SP.POP.SCIE.RD.P6,Researchers in R&D (per million people),2012,1028.98334,,0
CHN,China,SP.POP.SCIE.RD.P6,Researchers in R&D (per million people),2011,972.01743,,0
CHN,China,SP.POP.SCIE.RD.P6,Researchers in R&D (per million people),2010,898.85545,,0
CHN,China,SP.POP.SCIE.RD.P6,Researchers in R&D (per million people),2009,861.24883,,0
CHN,China,SP.POP.SCIE.RD.P6,Researchers in R&D (per million people),2008,1197.58885,,0
CHN,China,SP.POP.SCIE.RD.P6,Researchers in R&D (per million people),2007,1076.73747,,0
CHN,China,SP.POP.SCIE.RD.P6,Researchers in R&D (per million people),2006,931.20148,,0
CHN,China,SP.POP.SCIE.RD.P6,Researchers in R&D (per million people),2005,856.65892,,0
CHN,China,SP.POP.SCIE.RD.P6,Researchers in R&D (per million people),2004,713.42588,,0
CHN,China,SP.POP.SCIE.RD.P6,Researchers in R&D (per million people),2003,667.9285,,0
CHN,China,SP.POP.SCIE.RD.P6,Researchers in R&D (per million people),2002,631.73478,,0
CHN,China,SP.POP.SCIE.RD.P6,Researchers in R&D (per million people),2001,582.78825,,0
CHN,China,SP.POP.SCIE.RD.P6,Researchers in R&D (per million people),2000,549.57477,,0
CHN,China,SP.POP.SCIE.RD.P6,Researchers in R&D (per million people),1999,422.97614,,0
CHN,China,SP.POP.SCIE.RD.P6,Researchers in R&D (per million people),1998,389.62565,,0
CHN,China,SP.POP.SCIE.RD.P6,Researchers in R&D (per million people),1997,476.21305,,0
CHN,China,SP.POP.SCIE.RD.P6,Researchers in R&D (per million people),1996,447.0994,,0
COL,Colombia,SP.POP.SCIE.RD.P6,Researchers in R&D (per million people),2017,90.24729,,0
COL,Colombia,SP.POP.SCIE.RD.P6,Researchers in R&D (per million people),2016,91.2603,,0
COL,Colombia,SP.POP.SCIE.RD.P6,Researchers in R&D (per million people),2015,70.66931,,0
COL,Colombia,SP.POP.SCIE.RD.P6,Researchers in R&D (per million people),2014,59.05478,,0
COL,Colombia,SP.POP.SCIE.RD.P6,Researchers in R&D (per million people),2013,58.0547,,0
COD,"Congo, Dem. Rep.",SP.POP.SCIE.RD.P6,Researchers in R&D (per million people),2015,10.10515,,0
COG,"Congo, Rep.",SP.POP.SCIE.RD.P6,Researchers in R&D (per million people),2022,126.96941,,0
COG,"Congo, Rep.",SP.POP.SCIE.RD.P6,Researchers in R&D (per million people),2000,33.11951,,0
COG,"Congo, Rep.",SP.POP.SCIE.RD.P6,Researchers in R&D (per million people),1999,36.82931,,0
COG,"Congo, Rep.",SP.POP.SCIE.RD.P6,Researchers in R&D (per million people),1998,41.31475,,0
COG,"Congo, Rep.",SP.POP.SCIE.RD.P6,Researchers in R&D (per million people),1997,49.73577,,0
COG,"Congo, Rep.",SP.POP.SCIE.RD.P6,Researchers in R&D (per million people),1996,50.92475,,0
CRI,Costa Rica,SP.POP.SCIE.RD.P6,Researchers in R&D (per million people),2022,462.47421,,0
CRI,Costa Rica,SP.POP.SCIE.RD.P6,Researchers in R&D (per million people),2021,406.58119,,0
CRI,Costa Rica,SP.POP.SCIE.RD.P6,Researchers in R&D (per million people),2020,371.97029,,0
CRI,Costa Rica,SP.POP.SCIE.RD.P6,Researchers in R&D (per million people),2018,349.49117,,0
CRI,Costa Rica,SP.POP.SCIE.RD.P6,Researchers in R&D (per million people),2017,385.02378,,0
CRI,Costa Rica,SP.POP.SCIE.RD.P6,Researchers in R&D (per million people),2016,531.44617,,0
CRI,Costa Rica,SP.POP.SCIE.RD.P6,Researchers in R&D (per million people),2015,500.97138,,0
CRI,Costa Rica,SP.POP.SCIE.RD.P6,Researchers in R&D (per million people),2014,574.91761,,0
CRI,Costa Rica,SP.POP.SCIE.RD.P6,Researchers in R&D (per million people),2013,359.00481,,0
CRI,Costa Rica,SP.POP.SCIE.RD.P6,Researchers in R&D (per million people),2012,340.94423,,0
CRI,Costa Rica,SP.POP.SCIE.RD.P6,Researchers in R&D (per million people),2011,410.68891,,0
CRI,Costa Rica,SP.POP.SCIE.RD.P6,Researchers in R&D (per million people),2010,385.92478,,0
CRI,Costa Rica,SP.POP.SCIE.RD.P6,Researchers in R&D (per million people),2009,343.38493,,0
CRI,Costa Rica,SP.POP.SCIE.RD.P6,Researchers in R&D (per million people),2008,264.17779,,0
CRI,Costa Rica,SP.POP.SCIE.RD.P6,Researchers in R&D (per million people),2005,124.52761,,0
CRI,Costa Rica,SP.POP.SCIE.RD.P6,Researchers in R&D (per million people),2004,110.07807,,0
CRI,Costa Rica,SP.POP.SCIE.RD.P6,Researchers in R&D (per million people),2003,133.40471,,0
CIV,Cote d'Ivoire,SP.POP.SCIE.RD.P6,Researchers in R&D (per million people),2005,63.99303,,0
HRV,Croatia,SP.POP.SCIE.RD.P6,Researchers in R&D (per million people),2022,2534.42425,,0
HRV,Croatia,SP.POP.SCIE.RD.P6,Researchers in R&D (per million people),2021,2414.42218,,0
HRV,Croatia,SP.POP.SCIE.RD.P6,Researchers in R&D (per million people),2020,2295.44402,,0
HRV,Croatia,SP.POP.SCIE.RD.P6,Researchers in R&D (per million people),2019,2203.55061,,0
HRV,Croatia,SP.POP.SCIE.RD.P6,Researchers in R&D (per million people),2018,1973.01528,,0
HRV,Croatia,SP.POP.SCIE.RD.P6,Researchers in R&D (per million people),2017,1900.86092,,0
HRV,Croatia,SP.POP.SCIE.RD.P6,Researchers in R&D (per million people),2016,1871.39921,,0
HRV,Croatia,SP.POP.SCIE.RD.P6,Researchers in R&D (per million people),2015,1513.83841,,0
HRV,Croatia,SP.POP.SCIE.RD.P6,Researchers in R&D (per million people),2014,1445.04267,,0
HRV,Croatia,SP.POP.SCIE.RD.P6,Researchers in R&D (per million people),2013,1535.62032,,0
HRV,Croatia,SP.POP.SCIE.RD.P6,Researchers in R&D (per million people),2012,1567.46167,,0
HRV,Croatia,SP.POP.SCIE.RD.P6,Researchers in R&D (per million people),2011,1594.22493,,0
HRV,Croatia,SP.POP.SCIE.RD.P6,Researchers in R&D (per million people),2010,1649.24941,,0
HRV,Croatia,SP.POP.SCIE.RD.P6,Researchers in R&D (per million people),2009,1606.76105,,0
HRV,Croatia,SP.POP.SCIE.RD.P6,Researchers in R&D (per million people),2008,1551.807,,0
HRV,Croatia,SP.POP.SCIE.RD.P6,Researchers in R&D (per million people),2007,1419.96782,,0
HRV,Croatia,SP.POP.SCIE.RD.P6,Researchers in R&D (per million people),2006,1338.95518,,0
HRV,Croatia,SP.POP.SCIE.RD.P6,Researchers in R&D (per million people),2005,1327.97321,,0
HRV,Croatia,SP.POP.SCIE.RD.P6,Researchers in R&D (per million people),2004,1657.56476,,0
HRV,Croatia,SP.POP.SCIE.RD.P6,Researchers in R&D (per million people),2003,1361.17206,,0
HRV,Croatia,SP.POP.SCIE.RD.P6,Researchers in R&D (per million people),2002,1990.8424,,0
HRV,Croatia,SP.POP.SCIE.RD.P6,Researchers in R&D (per million people),2001,1549.19173,,0
HRV,Croatia,SP.POP.SCIE.RD.P6,Researchers in R&D (per million people),2000,1554.71759,,0
HRV,Croatia,SP.POP.SCIE.RD.P6,Researchers in R&D (per million people),1999,1250.71645,,0
HRV,Croatia,SP.POP.SCIE.RD.P6,Researchers in R&D (per million people),1998,1058.21383,,0
CUB,Cuba,SP.POP.SCIE.RD.P6,Researchers in R&D (per million people),2023,1968.33703,,0
CUB,Cuba,SP.POP.SCIE.RD.P6,Researchers in R&D (per million people),2022,2079.08182,,0
CUB,Cuba,SP.POP.SCIE.RD.P6,Researchers in R&D (per million people),2021,2099.70203,,0
CUB,Cuba,SP.POP.SCIE.RD.P6,Researchers in R&D (per million people),2020,2121.90949,,0
CUB,Cuba,SP.POP.SCIE.RD.P6,Researchers in R&D (per million people),2019,2136.67708,,0
CUB,Cuba,SP.POP.SCIE.RD.P6,Researchers in R&D (per million people),2018,2053.96588,,0
CYP,Cyprus,SP.POP.SCIE.RD.P6,Researchers in R&D (per million people),2022,1727.63497,,0
CYP,Cyprus,SP.POP.SCIE.RD.P6,Researchers in R&D (per million people),2021,1743.06674,,0
CYP,Cyprus,SP.POP.SCIE.RD.P6,Researchers in R&D (per million people),2020,1739.85507,,0
CYP,Cyprus,SP.POP.SCIE.RD.P6,Researchers in R&D (per million people),2019,1657.72538,,0
CYP,Cyprus,SP.POP.SCIE.RD.P6,Researchers in R&D (per million people),2018,1408.18017,,0
CYP,Cyprus,SP.POP.SCIE.RD.P6,Researchers in R&D (per million people),2017,1209.63685,,0
CYP,Cyprus,SP.POP.SCIE.RD.P6,Researchers in R&D (per million people),2016,1058.56405,,0
CYP,Cyprus,SP.POP.SCIE.RD.P6,Researchers in R&D (per million people),2015,1010.61619,,0
CYP,Cyprus,SP.POP.SCIE.RD.P6,Researchers in R&D (per million people),2014,1051.28205,,0
CYP,Cyprus,SP.POP.SCIE.RD.P6,Researchers in R&D (per million people),2013,1026.70353,,0
CYP,Cyprus,SP.POP.SCIE.RD.P6,Researchers in R&D (per million people),2012,1022.02872,,0
CYP,Cyprus,SP.POP.SCIE.RD.P6,Researchers in R&D (per million people),2011,1091.99036,,0
CYP,Cyprus,SP.POP.SCIE.RD.P6,Researchers in R&D (per million people),2010,1104.81725,,0
CYP,Cyprus,SP.POP.SCIE.RD.P6,Researchers in R&D (per million people),2009,1095.4538,,0
CYP,Cyprus,SP.POP.SCIE.RD.P6,Researchers in R&D (per million people),2008,1038.21427,,0
CYP,Cyprus,SP.POP.SCIE.RD.P6,Researchers in R&D (per million people),2007,1054.20653,,0
CYP,Cyprus,SP.POP.SCIE.RD.P6,Researchers in R&D (per million people),2006,1005.35878,,0
CYP,Cyprus,SP.POP.SCIE.RD.P6,Researchers in R&D (per million people),2005,930.33788,,0
CYP,Cyprus,SP.POP.SCIE.RD.P6,Researchers in R&D (per million people),2004,806.48173,,0
CYP,Cyprus,SP.POP.SCIE.RD.P6,Researchers in R&D (per million people),2003,686.54374,,0
CYP,Cyprus,SP.POP.SCIE.RD.P6,Researchers in R&D (per million people),2002,616.5499,,0
CYP,Cyprus,SP.POP.SCIE.RD.P6,Researchers in R&D (per million people),2001,477.38582,,0
CYP,Cyprus,SP.POP.SCIE.RD.P6,Researchers in R&D (per million people),2000,438.81436,,0
CYP,Cyprus,SP.POP.SCIE.RD.P6,Researchers in R&D (per million people),1999,407.11007,,0
CYP,Cyprus,SP.POP.SCIE.RD.P6,Researchers in R&D (per million people),1998,349.5183,,0
CZE,Czechia,SP.POP.SCIE.RD.P6,Researchers in R&D (per million people),2022,4696.68437,,0
CZE,Czechia,SP.POP.SCIE.RD.P6,Researchers in R&D (per million people),2021,4560.45106,,0
CZE,Czechia,SP.POP.SCIE.RD.P6,Researchers in R&D (per million people),2020,4187.18471,,0
CZE,Czechia,SP.POP.SCIE.RD.P6,Researchers in R&D (per million people),2019,4027.58714,,0
CZE,Czechia,SP.POP.SCIE.RD.P6,Researchers in R&D (per million people),2018,3906.6782,,0
CZE,Czechia,SP.POP.SCIE.RD.P6,Researchers in R&D (per million people),2017,3718.34571,,0
CZE,Czechia,SP.POP.SCIE.RD.P6,Researchers in R&D (per million people),2016,3546.92776,,0
CZE,Czechia,SP.POP.SCIE.RD.P6,Researchers in R&D (per million people),2015,3619.16017,,0
CZE,Czechia,SP.POP.SCIE.RD.P6,Researchers in R&D (per million people),2014,3428.30846,,0
CZE,Czechia,SP.POP.SCIE.RD.P6,Researchers in R&D (per million people),2013,3260.83143,,0
CZE,Czechia,SP.POP.SCIE.RD.P6,Researchers in R&D (per million people),2012,3162.1117,,0
CZE,Czechia,SP.POP.SCIE.RD.P6,Researchers in R&D (per million people),2011,2925.87928,,0
CZE,Czechia,SP.POP.SCIE.RD.P6,Researchers in R&D (per million people),2010,2799.12504,,0
CZE,Czechia,SP.POP.SCIE.RD.P6,Researchers in R&D (per million people),2009,2765.27088,,0
CZE,Czechia,SP.POP.SCIE.RD.P6,Researchers in R&D (per million people),2008,2876.01839,,0
CZE,Czechia,SP.POP.SCIE.RD.P6,Researchers in R&D (per million people),2007,2701.68545,,0
CZE,Czechia,SP.POP.SCIE.RD.P6,Researchers in R&D (per million people),2006,2552.57872,,0
CZE,Czechia,SP.POP.SCIE.RD.P6,Researchers in R&D (per million people),2005,2353.41029,,0
CZE,Czechia,SP.POP.SCIE.RD.P6,Researchers in R&D (per million people),2004,1589.73189,,0
CZE,Czechia,SP.POP.SCIE.RD.P6,Researchers in R&D (per million people),2003,1543.13456,,0
CZE,Czechia,SP.POP.SCIE.RD.P6,Researchers in R&D (per million people),2002,1463.13284,,0
CZE,Czechia,SP.POP.SCIE.RD.P6,Researchers in R&D (per million people),2001,1465.05243,,0
CZE,Czechia,SP.POP.SCIE.RD.P6,Researchers in R&D (per million people),2000,1352.21409,,0
CZE,Czechia,SP.POP.SCIE.RD.P6,Researchers in R&D (per million people),1999,1319.35303,,0
CZE,Czechia,SP.POP.SCIE.RD.P6,Researchers in R&D (per million people),1998,1223.32114,,0
CZE,Czechia,SP.POP.SCIE.RD.P6,Researchers in R&D (per million people),1997,1222.7761,,0
CZE,Czechia,SP.POP.SCIE.RD.P6,Researchers in R&D (per million people),1996,1258.0318,,0
DNK,Denmark,SP.POP.SCIE.RD.P6,Researchers in R&D (per million people),2022,8735.60064,,0
DNK,Denmark,SP.POP.SCIE.RD.P6,Researchers in R&D (per million people),2021,7708.2373,,0
DNK,Denmark,SP.POP.SCIE.RD.P6,Researchers in R&D (per million people),2020,7651.2843,,0
DNK,Denmark,SP.POP.SCIE.RD.P6,Researchers in R&D (per million people),2019,7693.54905,,0
DNK,Denmark,SP.POP.SCIE.RD.P6,Researchers in R&D (per million people),2018,7597.52556,,0
DNK,Denmark,SP.POP.SCIE.RD.P6,Researchers in R&D (per million people),2017,7647.61749,,0
DNK,Denmark,SP.POP.SCIE.RD.P6,Researchers in R&D (per million people),2016,7852.0565,,0
DNK,Denmark,SP.POP.SCIE.RD.P6,Researchers in R&D (per million people),2015,7566.45783,,0
DNK,Denmark,SP.POP.SCIE.RD.P6,Researchers in R&D (per million people),2014,7358.18842,,0
DNK,Denmark,SP.POP.SCIE.RD.P6,Researchers in R&D (per million people),2013,7115.41931,,0
DNK,Denmark,SP.POP.SCIE.RD.P6,Researchers in R&D (per million people),2012,7181.8507,,0
DNK,Denmark,SP.POP.SCIE.RD.P6,Researchers in R&D (per million people),2011,7045.77406,,0
DNK,Denmark,SP.POP.SCIE.RD.P6,Researchers in R&D (per million people),2010,6763.58309,,0
DNK,Denmark,SP.POP.SCIE.RD.P6,Researchers in R&D (per million people),2009,6674.9003,,0
DNK,Denmark,SP.POP.SCIE.RD.P6,Researchers in R&D (per million people),2008,6519.6824,,0
DNK,Denmark,SP.POP.SCIE.RD.P6,Researchers in R&D (per million people),2007,5539.33467,,0
DNK,Denmark,SP.POP.SCIE.RD.P6,Researchers in R&D (per million people),2006,5314.72934,,0
DNK,Denmark,SP.POP.SCIE.RD.P6,Researchers in R&D (per million people),2005,5207.24681,,0
DNK,Denmark,SP.POP.SCIE.RD.P6,Researchers in R&D (per million people),2004,4847.79783,,0
DNK,Denmark,SP.POP.SCIE.RD.P6,Researchers in R&D (per million people),2003,4621.86049,,0
DNK,Denmark,SP.POP.SCIE.RD.P6,Researchers in R&D (per million people),2002,4758.77798,,0
DNK,Denmark,SP.POP.SCIE.RD.P6,Researchers in R&D (per million people),2001,3636.56281,,0
DNK,Denmark,SP.POP.SCIE.RD.P6,Researchers in R&D (per million people),1999,3565.39014,,0
DNK,Denmark,SP.POP.SCIE.RD.P6,Researchers in R&D (per million people),1997,3319.53904,,0
DNK,Denmark,SP.POP.SCIE.RD.P6,Researchers in R&D (per million people),1996,3180.15253,,0
DOM,Dominican Republic,SP.POP.SCIE.RD.P6,Researchers in R&D (per million people),2022,20.03771,,0
DOM,Dominican Republic,SP.POP.SCIE.RD.P6,Researchers in R&D (per million people),2021,23.40074,,0
DOM,Dominican Republic,SP.POP.SCIE.RD.P6,Researchers in R&D (per million people),2020,24.56941,,0
ECU,Ecuador,SP.POP.SCIE.RD.P6,Researchers in R&D (per million people),2014,400.26149,,0
ECU,Ecuador,SP.POP.SCIE.RD.P6,Researchers in R&D (per million people),2013,350.98087,,0
ECU,Ecuador,SP.POP.SCIE.RD.P6,Researchers in R&D (per million people),2012,281.58285,,0
ECU,Ecuador,SP.POP.SCIE.RD.P6,Researchers in R&D (per million people),2011,180.01141,,0
ECU,Ecuador,SP.POP.SCIE.RD.P6,Researchers in R&D (per million people),2010,141.13492,,0
ECU,Ecuador,SP.POP.SCIE.RD.P6,Researchers in R&D (per million people),2009,118.28189,,0
ECU,Ecuador,SP.POP.SCIE.RD.P6,Researchers in R&D (per million people),2008,103.21122,,0
ECU,Ecuador,SP.POP.SCIE.RD.P6,Researchers in R&D (per million people),2007,65.03887,,0
ECU,Ecuador,SP.POP.SCIE.RD.P6,Researchers in R&D (per million people),2006,70.53158,,0
ECU,Ecuador,SP.POP.SCIE.RD.P6,Researchers in R&D (per million people),2003,48.66397,,0
ECU,Ecuador,SP.POP.SCIE.RD.P6,Researchers in R&D (per million people),2002,42.23367,,0
ECU,Ecuador,SP.POP.SCIE.RD.P6,Researchers in R&D (per million people),2001,40.16034,,0
ECU,Ecuador,SP.POP.SCIE.RD.P6,Researchers in R&D (per million people),1998,83.52213,,0
ECU,Ecuador,SP.POP.SCIE.RD.P6,Researchers in R&D (per million people),1997,78.17639,,0
ECU,Ecuador,SP.POP.SCIE.RD.P6,Researchers in R&D (per million people),1996,84.01608,,0
EGY,"Egypt, Arab Rep.",SP.POP.SCIE.RD.P6,Researchers in R&D (per million people),2023,845.3181,,0
EGY,"Egypt, Arab Rep.",SP.POP.SCIE.RD.P6,Researchers in R&D (per million people),2022,829.2751,,0
EGY,"Egypt, Arab Rep.",SP.POP.SCIE.RD.P6,Researchers in R&D (per million people),2021,808.43512,,0
EGY,"Egypt, Arab Rep.",SP.POP.SCIE.RD.P6,Researchers in R&D (per million people),2020,790.65531,,0
EGY,"Egypt, Arab Rep.",SP.POP.SCIE.RD.P6,Researchers in R&D (per million people),2019,776.5619,,0
EGY,"Egypt, Arab Rep.",SP.POP.SCIE.RD.P6,Researchers in R&D (per million people),2018,645.44342,,0
EGY,"Egypt, Arab Rep.",SP.POP.SCIE.RD.P6,Researchers in R&D (per million people),2017,636.00218,,0
EGY,"Egypt, Arab Rep.",SP.POP.SCIE.RD.P6,Researchers in R&D (per million people),2016,646.99675,,0
EGY,"Egypt, Arab Rep.",SP.POP.SCIE.RD.P6,Researchers in R&D (per million people),2015,631.04334,,0
EGY,"Egypt, Arab Rep.",SP.POP.SCIE.RD.P6,Researchers in R&D (per million people),2014,632.88092,,0
EGY,"Egypt, Arab Rep.",SP.POP.SCIE.RD.P6,Researchers in R&D (per million people),2013,505.91384,,0
EGY,"Egypt, Arab Rep.",SP.POP.SCIE.RD.P6,Researchers in R&D (per million people),2012,485.09394,,0
EGY,"Egypt, Arab Rep.",SP.POP.SCIE.RD.P6,Researchers in R&D (per million people),2011,461.59381,,0
EGY,"Egypt, Arab Rep.",SP.POP.SCIE.RD.P6,Researchers in R&D (per million people),2010,461.31975,,0
EGY,"Egypt, Arab Rep.",SP.POP.SCIE.RD.P6,Researchers in R&D (per million people),2009,405.67613,,0
EGY,"Egypt, Arab Rep.",SP.POP.SCIE.RD.P6,Researchers in R&D (per million people),2008,410.61485,,0
EGY,"Egypt, Arab Rep.",SP.POP.SCIE.RD.P6,Researchers in R&D (per million people),2007,591.25817,,0
SLV,El Salvador,SP.POP.SCIE.RD.P6,Researchers in R&D (per million people),2022,57.61826,,0
SLV,El Salvador,SP.POP.SCIE.RD.P6,Researchers in R&D (per million people),2021,65.31984,,0
SLV,El Salvador,SP.POP.SCIE.RD.P6,Researchers in R&D (per million people),2020,59.77671,,0
SLV,El Salvador,SP.POP.SCIE.RD.P6,Researchers in R&D (per million people),2019,75.70551,,0
SLV,El Salvador,SP.POP.SCIE.RD.P6,Researchers in R&D (per million people),2018,73.49466,,0
SLV,El Salvador,SP.POP.SCIE.RD.P6,Researchers in R&D (per million people),2017,65.55077,,0
SLV,El Salvador,SP.POP.SCIE.RD.P6,Researchers in R&D (per million people),2016,67.49915,,0
SLV,El Salvador,SP.POP.SCIE.RD.P6,Researchers in R&D (per million people),2015,64.78066,,0
EST,Estonia,SP.POP.SCIE.RD.P6,Researchers in R&D (per million people),2022,4654.85436,,0
EST,Estonia,SP.POP.SCIE.RD.P6,Researchers in R&D (per million people),2021,4036.13127,,0
EST,Estonia,SP.POP.SCIE.RD.P6,Researchers in R&D (per million people),2020,3836.37969,,0
EST,Estonia,SP.POP.SCIE.RD.P6,Researchers in R&D (per million people),2019,3770.42028,,0
EST,Estonia,SP.POP.SCIE.RD.P6,Researchers in R&D (per million people),2018,3766.08146,,0
EST,Estonia,SP.POP.SCIE.RD.P6,Researchers in R&D (per million people),2017,3552.46537,,0
EST,Estonia,SP.POP.SCIE.RD.P6,Researchers in R&D (per million people),2016,3296.37262,,0
EST,Estonia,SP.POP.SCIE.RD.P6,Researchers in R&D (per million people),2015,3188.49188,,0
EST,Estonia,SP.POP.SCIE.RD.P6,Researchers in R&D (per million people),2014,3285.59355,,0
EST,Estonia,SP.POP.SCIE.RD.P6,Researchers in R&D (per million people),2013,3338.3961,,0
EST,Estonia,SP.POP.SCIE.RD.P6,Researchers in R&D (per million people),2012,3457.75569,,0
EST,Estonia,SP.POP.SCIE.RD.P6,Researchers in R&D (per million people),2011,3392.80584,,0
EST,Estonia,SP.POP.SCIE.RD.P6,Researchers in R&D (per million people),2010,3057.78287,,0
EST,Estonia,SP.POP.SCIE.RD.P6,Researchers in R&D (per million people),2009,3229.67528,,0
EST,Estonia,SP.POP.SCIE.RD.P6,Researchers in R&D (per million people),2008,2972.93057,,0
EST,Estonia,SP.POP.SCIE.RD.P6,Researchers in R&D (per million people),2007,2747.58209,,0
EST,Estonia,SP.POP.SCIE.RD.P6,Researchers in R&D (per million people),2006,2600.75424,,0
EST,Estonia,SP.POP.SCIE.RD.P6,Researchers in R&D (per million people),2005,2451.18781,,0
EST,Estonia,SP.POP.SCIE.RD.P6,Researchers in R&D (per million people),2004,2465.56876,,0
EST,Estonia,SP.POP.SCIE.RD.P6,Researchers in R&D (per million people),2003,2193.7335,,0
EST,Estonia,SP.POP.SCIE.RD.P6,Researchers in R&D (per million people),2002,2210.91668,,0
EST,Estonia,SP.POP.SCIE.RD.P6,Researchers in R&D (per million people),2001,1924.96306,,0
EST,Estonia,SP.POP.SCIE.RD.P6,Researchers in R&D (per million people),2000,1902.60055,,0
EST,Estonia,SP.POP.SCIE.RD.P6,Researchers in R&D (per million people),1999,2135.26422,,0
EST,Estonia,SP.POP.SCIE.RD.P6,Researchers in R&D (per million people),1998,2102.37983,,0
SWZ,Eswatini,SP.POP.SCIE.RD.P6,Researchers in R&D (per million people),2015,137.91577,,0
ETH,Ethiopia,SP.POP.SCIE.RD.P6,Researchers in R&D (per million people),2017,89.03843,,0
ETH,Ethiopia,SP.POP.SCIE.RD.P6,Researchers in R&D (per million people),2013,43.9301,,0
ETH,Ethiopia,SP.POP.SCIE.RD.P6,Researchers in R&D (per million people),2010,41.46809,,0
ETH,Ethiopia,SP.POP.SCIE.RD.P6,Researchers in R&D (per million people),2007,19.72278,,0
ETH,Ethiopia,SP.POP.SCIE.RD.P6,Researchers in R&D (per million people),2005,20.82551,,0
FRO,Faroe Islands,SP.POP.SCIE.RD.P6,Researchers in R&D (per million people),2003,1824.74008,,0
FIN,Finland,SP.POP.SCIE.RD.P6,Researchers in R&D (per million people),2022,8073.14567,,0
FIN,Finland,SP.POP.SCIE.RD.P6,Researchers in R&D (per million people),2021,7870.42868,,0
FIN,Finland,SP.POP.SCIE.RD.P6,Researchers in R&D (per million people),2020,7548.32504,,0
FIN,Finland,SP.POP.SCIE.RD.P6,Researchers in R&D (per million people),2019,7245.85837,,0
FIN,Finland,SP.POP.SCIE.RD.P6,Researchers in R&D (per million people),2018,6872.68968,,0
FIN,Finland,SP.POP.SCIE.RD.P6,Researchers in R&D (per million people),2017,6731.45341,,0
FIN,Finland,SP.POP.SCIE.RD.P6,Researchers in R&D (per million people),2016,6543.69993,,0
FIN,Finland,SP.POP.SCIE.RD.P6,Researchers in R&D (per million people),2015,6855.97138,,0
FIN,Finland,SP.POP.SCIE.RD.P6,Researchers in R&D (per million people),2014,7022.1865,,0
FIN,Finland,SP.POP.SCIE.RD.P6,Researchers in R&D (per million people),2013,7222.80668,,0
FIN,Finland,SP.POP.SCIE.RD.P6,Researchers in R&D (per million people),2012,7492.46096,,0
FIN,Finland,SP.POP.SCIE.RD.P6,Researchers in R&D (per million people),2011,7441.97757,,0
FIN,Finland,SP.POP.SCIE.RD.P6,Researchers in R&D (per million people),2010,7740.92101,,0
FIN,Finland,SP.POP.SCIE.RD.P6,Researchers in R&D (per million people),2009,7669.28354,,0
FIN,Finland,SP.POP.SCIE.RD.P6,Researchers in R&D (per million people),2008,7712.31606,,0
FIN,Finland,SP.POP.SCIE.RD.P6,Researchers in R&D (per million people),2007,7390.55027,,0
FIN,Finland,SP.POP.SCIE.RD.P6,Researchers in R&D (per million people),2006,7689.18984,,0
FIN,Finland,SP.POP.SCIE.RD.P6,Researchers in R&D (per million people),2005,7558.69966,,0
FIN,Finland,SP.POP.SCIE.RD.P6,Researchers in R&D (per million people),2004,7855.56192,,0
FRA,France,SP.POP.SCIE.RD.P6,Researchers in R&D (per million people),2022,5181.84576,,0
FRA,France,SP.POP.SCIE.RD.P6,Researchers in R&D (per million people),2021,5058.05374,,0
FRA,France,SP.POP.SCIE.RD.P6,Researchers in R&D (per million people),2020,4883.2219,,0
FRA,France,SP.POP.SCIE.RD.P6,Researchers in R&D (per million people),2019,4773.97249,,0
FRA,France,SP.POP.SCIE.RD.P6,Researchers in R&D (per million people),2018,4670.53241,,0
FRA,France,SP.POP.SCIE.RD.P6,Researchers in R&D (per million people),2017,4546.76212,,0
FRA,France,SP.POP.SCIE.RD.P6,Researchers in R&D (per million people),2016,4392.04699,,0
FRA,France,SP.POP.SCIE.RD.P6,Researchers in R&D (per million people),2015,4310.70957,,0
FRA,France,SP.POP.SCIE.RD.P6,Researchers in R&D (per million people),2014,4210.03605,,0
FRA,France,SP.POP.SCIE.RD.P6,Researchers in R&D (per million people),2013,4133.56261,,0
FRA,France,SP.POP.SCIE.RD.P6,Researchers in R&D (per million people),2012,4052.17043,,0
FRA,France,SP.POP.SCIE.RD.P6,Researchers in R&D (per million people),2011,3920.65709,,0
FRA,France,SP.POP.SCIE.RD.P6,Researchers in R&D (per million people),2010,3849.5934,,0
FRA,France,SP.POP.SCIE.RD.P6,Researchers in R&D (per million people),2009,3722.99987,,0
FRA,France,SP.POP.SCIE.RD.P6,Researchers in R&D (per million people),2008,3636.48425,,0
FRA,France,SP.POP.SCIE.RD.P6,Researchers in R&D (per million people),2007,3563.56539,,0
FRA,France,SP.POP.SCIE.RD.P6,Researchers in R&D (per million people),2006,3405.181,,0
FRA,France,SP.POP.SCIE.RD.P6,Researchers in R&D (per million people),2005,3297.84746,,0
FRA,France,SP.POP.SCIE.RD.P6,Researchers in R&D (per million people),2004,3320.66694,,0
FRA,France,SP.POP.SCIE.RD.P6,Researchers in R&D (per million people),2003,3184.63585,,0
FRA,France,SP.POP.SCIE.RD.P6,Researchers in R&D (per million people),2002,3100.95366,,0
FRA,France,SP.POP.SCIE.RD.P6,Researchers in R&D (per million people),2001,2971.39049,,0
FRA,France,SP.POP.SCIE.RD.P6,Researchers in R&D (per million people),2000,2902.95091,,0
FRA,France,SP.POP.SCIE.RD.P6,Researchers in R&D (per million people),1999,2723.93306,,0
FRA,France,SP.POP.SCIE.RD.P6,Researchers in R&D (per million people),1998,2654.5869,,0
FRA,France,SP.POP.SCIE.RD.P6,Researchers in R&D (per million people),1997,2646.3481,,0
FRA,France,SP.POP.SCIE.RD.P6,Researchers in R&D (per million people),1996,2656.27136,,0
GMB,"Gambia, The",SP.POP.SCIE.RD.P6,Researchers in R&D (per million people),2018,50.8608,,0
GMB,"Gambia, The",SP.POP.SCIE.RD.P6,Researchers in R&D (per million people),2011,29.97933,,0
GMB,"Gambia, The",SP.POP.SCIE.RD.P6,Researchers in R&D (per million people),2009,97.05758,,0
GMB,"Gambia, The",SP.POP.SCIE.RD.P6,Researchers in R&D (per million people),2008,86.52267,,0
GEO,Georgia,SP.POP.SCIE.RD.P6,Researchers in R&D (per million people),2023,1768.16486,,0
GEO,Georgia,SP.POP.SCIE.RD.P6,Researchers in R&D (per million people),2022,1808.99963,,0
GEO,Georgia,SP.POP.SCIE.RD.P6,Researchers in R&D (per million people),2021,1702.96062,,0
GEO,Georgia,SP.POP.SCIE.RD.P6,Researchers in R&D (per million people),2020,1799.17121,,0
GEO,Georgia,SP.POP.SCIE.RD.P6,Researchers in R&D (per million people),2019,1788.43187,,0
GEO,Georgia,SP.POP.SCIE.RD.P6,Researchers in R&D (per million people),2018,1544.7177,,0
GEO,Georgia,SP.POP.SCIE.RD.P6,Researchers in R&D (per million people),2017,1381.93128,,0
GEO,Georgia,SP.POP.SCIE.RD.P6,Researchers in R&D (per million people),2016,1383.73676,,0
GEO,Georgia,SP.POP.SCIE.RD.P6,Researchers in R&D (per million people),2015,1359.02229,,0
GEO,Georgia,SP.POP.SCIE.RD.P6,Researchers in R&D (per million people),2014,1126.78154,,0
GEO,Georgia,SP.POP.SCIE.RD.P6,Researchers in R&D (per million people),2013,599.63656,,0
DEU,Germany,SP.POP.SCIE.RD.P6,Researchers in R&D (per million people),2022,5787.44181,,0
DEU,Germany,SP.POP.SCIE.RD.P6,Researchers in R&D (per million people),2021,5520.57631,,0
DEU,Germany,SP.POP.SCIE.RD.P6,Researchers in R&D (per million people),2020,5390.05249,,0
DEU,Germany,SP.POP.SCIE.RD.P6,Researchers in R&D (per million people),2019,5398.63462,,0
DEU,Germany,SP.POP.SCIE.RD.P6,Researchers in R&D (per million people),2018,5209.2143,,0
DEU,Germany,SP.POP.SCIE.RD.P6,Researchers in R&D (per million people),2017,5058.39528,,0
DEU,Germany,SP.POP.SCIE.RD.P6,Researchers in R&D (per million people),2016,4839.84645,,0
DEU,Germany,SP.POP.SCIE.RD.P6,Researchers in R&D (per million people),2015,4755.29531,,0
DEU,Germany,SP.POP.SCIE.RD.P6,Researchers in R&D (per million people),2014,4336.01915,,0
DEU,Germany,SP.POP.SCIE.RD.P6,Researchers in R&D (per million people),2013,4380.38742,,0
DEU,Germany,SP.POP.SCIE.RD.P6,Researchers in R&D (per million people),2012,4355.567,,0
DEU,Germany,SP.POP.SCIE.RD.P6,Researchers in R&D (per million people),2011,4191.51741,,0
DEU,Germany,SP.POP.SCIE.RD.P6,Researchers in R&D (per million people),2010,4056.42386,,0
DEU,Germany,SP.POP.SCIE.RD.P6,Researchers in R&D (per million people),2009,3916.78276,,0
DEU,Germany,SP.POP.SCIE.RD.P6,Researchers in R&D (per million people),2008,3726.67445,,0
DEU,Germany,SP.POP.SCIE.RD.P6,Researchers in R&D (per million people),2007,3573.67338,,0
DEU,Germany,SP.POP.SCIE.RD.P6,Researchers in R&D (per million people),2006,3411.78697,,0
DEU,Germany,SP.POP.SCIE.RD.P6,Researchers in R&D (per million people),2005,3315.75626,,0
DEU,Germany,SP.POP.SCIE.RD.P6,Researchers in R&D (per million people),2004,3290.96185,,0
DEU,Germany,SP.POP.SCIE.RD.P6,Researchers in R&D (per million people),2003,3275.18656,,0
DEU,Germany,SP.POP.SCIE.RD.P6,Researchers in R&D (per million people),2002,3240.75467,,0
DEU,Germany,SP.POP.SCIE.RD.P6,Researchers in R&D (per million people),2001,3230.26868,,0
DEU,Germany,SP.POP.SCIE.RD.P6,Researchers in R&D (per million people),2000,3154.48437,,0
DEU,Germany,SP.POP.SCIE.RD.P6,Researchers in R&D (per million people),1999,3120.9,,0
DEU,Germany,SP.POP.SCIE.RD.P6,Researchers in R&D (per million people),1998,2884.30523,,0
DEU,Germany,SP.POP.SCIE.RD.P6,Researchers in R&D (per million people),1997,2862.8306,,0
DEU,Germany,SP.POP.SCIE.RD.P6,Researchers in R&D (per million people),1996,2801.62099,,0
GHA,Ghana,SP.POP.SCIE.RD.P6,Researchers in R&D (per million people),2015,87.47972,,0
GHA,Ghana,SP.POP.SCIE.RD.P6,Researchers in R&D (per million people),2010,37.36945,,0
GHA,Ghana,SP.POP.SCIE.RD.P6,Researchers in R&D (per million people),2007,16.80827,,0
GRC,Greece,SP.POP.SCIE.RD.P6,Researchers in R&D (per million people),2022,4926.78077,,0
GRC,Greece,SP.POP.SCIE.RD.P6,Researchers in R&D (per million people),2021,4244.36826,,0
GRC,Greece,SP.POP.SCIE.RD.P6,Researchers in R&D (per million people),2020,4008.18457,,0
GRC,Greece,SP.POP.SCIE.RD.P6,Researchers in R&D (per million people),2019,3644.60084,,0
GRC,Greece,SP.POP.SCIE.RD.P6,Researchers in R&D (per million people),2018,3416.08087,,0
GRC,Greece,SP.POP.SCIE.RD.P6,Researchers in R&D (per million people),2017,3250.61522,,0
GRC,Greece,SP.POP.SCIE.RD.P6,Researchers in R&D (per million people),2016,2726.60076,,0
GRC,Greece,SP.POP.SCIE.RD.P6,Researchers in R&D (per million people),2015,3196.52298,,0
GRC,Greece,SP.POP.SCIE.RD.P6,Researchers in R&D (per million people),2014,2733.92303,,0
GRC,Greece,SP.POP.SCIE.RD.P6,Researchers in R&D (per million people),2013,2655.47213,,0
GRC,Greece,SP.POP.SCIE.RD.P6,Researchers in R&D (per million people),2012,2236.28739,,0
GRC,Greece,SP.POP.SCIE.RD.P6,Researchers in R&D (per million people),2011,2217.3345,,0
GRC,Greece,SP.POP.SCIE.RD.P6,Researchers in R&D (per million people),2007,1904.75068,,0
GRC,Greece,SP.POP.SCIE.RD.P6,Researchers in R&D (per million people),2006,1809.7524,,0
GRC,Greece,SP.POP.SCIE.RD.P6,Researchers in R&D (per million people),2005,1787.19397,,0
GRC,Greece,SP.POP.SCIE.RD.P6,Researchers in R&D (per million people),2003,1433.39172,,0
GRC,Greece,SP.POP.SCIE.RD.P6,Researchers in R&D (per million people),2001,1329.34234,,0
GRC,Greece,SP.POP.SCIE.RD.P6,Researchers in R&D (per million people),1999,1378.09346,,0
GRC,Greece,SP.POP.SCIE.RD.P6,Researchers in R&D (per million people),1997,1034.83571,,0
GRL,Greenland,SP.POP.SCIE.RD.P6,Researchers in R&D (per million people),2004,701.94574,,0
GRL,Greenland,SP.POP.SCIE.RD.P6,Researchers in R&D (per million people),2003,647.48328,,0
GRL,Greenland,SP.POP.SCIE.RD.P6,Researchers in R&D (per million people),2002,539.79435,,0
GRL,Greenland,SP.POP.SCIE.RD.P6,Researchers in R&D (per million people),2001,536.23111,,0
GUM,Guam,SP.POP.SCIE.RD.P6,Researchers in R&D (per million people),2005,292.48496,,0
GUM,Guam,SP.POP.SCIE.RD.P6,Researchers in R&D (per million people),2004,305.79544,,0
GUM,Guam,SP.POP.SCIE.RD.P6,Researchers in R&D (per million people),2003,276.47221,,0
GTM,Guatemala,SP.POP.SCIE.RD.P6,Researchers in R&D (per million people),2021,14.52588,,0
GTM,Guatemala,SP.POP.SCIE.RD.P6,Researchers in R&D (per million people),2020,17.2968,,0
GTM,Guatemala,SP.POP.SCIE.RD.P6,Researchers in R&D (per million people),2019,14.95967,,0
GTM,Guatemala,SP.POP.SCIE.RD.P6,Researchers in R&D (per million people),2018,13.28356,,0
GTM,Guatemala,SP.POP.SCIE.RD.P6,Researchers in R&D (per million people),2017,14.49246,,0
GTM,Guatemala,SP.POP.SCIE.RD.P6,Researchers in R&D (per million people),2016,22.71149,,0
GTM,Guatemala,SP.POP.SCIE.RD.P6,Researchers in R&D (per million people),2015,22.74408,,0
GTM,Guatemala,SP.POP.SCIE.RD.P6,Researchers in R&D (per million people),2014,20.79155,,0
GTM,Guatemala,SP.POP.SCIE.RD.P6,Researchers in R&D (per million people),2013,17.78271,,0
GTM,Guatemala,SP.POP.SCIE.RD.P6,Researchers in R&D (per million people),2012,27.51046,,0
GTM,Guatemala,SP.POP.SCIE.RD.P6,Researchers in R&D (per million people),2011,25.2655,,0
GTM,Guatemala,SP.POP.SCIE.RD.P6,Researchers in R&D (per million people),2010,25.28604,,0
GTM,Guatemala,SP.POP.SCIE.RD.P6,Researchers in R&D (per million people),2009,39.35924,,0
GTM,Guatemala,SP.POP.SCIE.RD.P6,Researchers in R&D (per million people),2008,39.14498,,0
GTM,Guatemala,SP.POP.SCIE.RD.P6,Researchers in R&D (per million people),2007,34.56902,,0
GTM,Guatemala,SP.POP.SCIE.RD.P6,Researchers in R&D (per million people),2006,24.57335,,0
GTM,Guatemala,SP.POP.SCIE.RD.P6,Researchers in R&D (per million people),2005,29.96244,,0
HND,Honduras,SP.POP.SCIE.RD.P6,Researchers in R&D (per million people),2019,187.83669,,0
HND,Honduras,SP.POP.SCIE.RD.P6,Researchers in R&D (per million people),2018,201.94053,,0
HND,Honduras,SP.POP.SCIE.RD.P6,Researchers in R&D (per million people),2017,34.42048,,0
HND,Honduras,SP.POP.SCIE.RD.P6,Researchers in R&D (per million people),2015,22.29506,,0
HKG,"Hong Kong SAR, China",SP.POP.SCIE.RD.P6,Researchers in R&D (per million people),2023,5273.74369,,0
HKG,"Hong Kong SAR, China",SP.POP.SCIE.RD.P6,Researchers in R&D (per million people),2022,4815.20071,,0
HKG,"Hong Kong SAR, China",SP.POP.SCIE.RD.P6,Researchers in R&D (per million people),2021,4591.73346,,0
HKG,"Hong Kong SAR, China",SP.POP.SCIE.RD.P6,Researchers in R&D (per million people),2020,4355.79712,,0
HKG,"Hong Kong SAR, China",SP.POP.SCIE.RD.P6,Researchers in R&D (per million people),2019,4240.38811,,0
HKG,"Hong Kong SAR, China",SP.POP.SCIE.RD.P6,Researchers in R&D (per million people),2018,3978.17159,,0
HKG,"Hong Kong SAR, China",SP.POP.SCIE.RD.P6,Researchers in R&D (per million people),2017,3720.22457,,0
HKG,"Hong Kong SAR, China",SP.POP.SCIE.RD.P6,Researchers in R&D (per million people),2016,3668.25742,,0
HKG,"Hong Kong SAR, China",SP.POP.SCIE.RD.P6,Researchers in R&D (per million people),2015,3487.89638,,0
HKG,"Hong Kong SAR, China",SP.POP.SCIE.RD.P6,Researchers in R&D (per million people),2014,3512.80511,,0
HKG,"Hong Kong SAR, China",SP.POP.SCIE.RD.P6,Researchers in R&D (per million people),2013,3309.70489,,0
HKG,"Hong Kong SAR, China",SP.POP.SCIE.RD.P6,Researchers in R&D (per million people),2012,3137.56656,,0
HKG,"Hong Kong SAR, China",SP.POP.SCIE.RD.P6,Researchers in R&D (per million people),2011,3036.83266,,0
HKG,"Hong Kong SAR, China",SP.POP.SCIE.RD.P6,Researchers in R&D (per million people),2010,3062.54396,,0
HKG,"Hong Kong SAR, China",SP.POP.SCIE.RD.P6,Researchers in R&D (per million people),2009,2737.39051,,0
HKG,"Hong Kong SAR, China",SP.POP.SCIE.RD.P6,Researchers in R&D (per million people),2008,2636.81534,,0
HKG,"Hong Kong SAR, China",SP.POP.SCIE.RD.P6,Researchers in R&D (per million people),2007,2815.15829,,0
HKG,"Hong Kong SAR, China",SP.POP.SCIE.RD.P6,Researchers in R&D (per million people),2006,2649.43577,,0
HKG,"Hong Kong SAR, China",SP.POP.SCIE.RD.P6,Researchers in R&D (per million people),2005,2612.0206,,0
HKG,"Hong Kong SAR, China",SP.POP.SCIE.RD.P6,Researchers in R&D (per million people),2004,2122.33356,,0
HKG,"Hong Kong SAR, China",SP.POP.SCIE.RD.P6,Researchers in R&D (per million people),2003,1972.70024,,0
HKG,"Hong Kong SAR, China",SP.POP.SCIE.RD.P6,Researchers in R&D (per million people),2002,1564.3458,,0
HKG,"Hong Kong SAR, China",SP.POP.SCIE.RD.P6,Researchers in R&D (per million people),2001,1355.89935,,0
HKG,"Hong Kong SAR, China",SP.POP.SCIE.RD.P6,Researchers in R&D (per million people),2000,1160.05084,,0
HKG,"Hong Kong SAR, China",SP.POP.SCIE.RD.P6,Researchers in R&D (per million people),1999,1205.55046,,0
HKG,"Hong Kong SAR, China",SP.POP.SCIE.RD.P6,Researchers in R&D (per million people),1998,1053.71375,,0
HUN,Hungary,SP.POP.SCIE.RD.P6,Researchers in R&D (per million people),2022,4725.1504,,0
HUN,Hungary,SP.POP.SCIE.RD.P6,Researchers in R&D (per million people),2021,4452.48668,,0
HUN,Hungary,SP.POP.SCIE.RD.P6,Researchers in R&D (per million people),2020,4309.61589,,0
HUN,Hungary,SP.POP.SCIE.RD.P6,Researchers in R&D (per million people),2019,4021.15293,,0
HUN,Hungary,SP.POP.SCIE.RD.P6,Researchers in R&D (per million people),2018,3846.48666,,0
HUN,Hungary,SP.POP.SCIE.RD.P6,Researchers in R&D (per million people),2017,2902.24254,,0
HUN,Hungary,SP.POP.SCIE.RD.P6,Researchers in R&D (per million people),2016,2625.94197,,0
HUN,Hungary,SP.POP.SCIE.RD.P6,Researchers in R&D (per million people),2015,2569.66887,,0
HUN,Hungary,SP.POP.SCIE.RD.P6,Researchers in R&D (per million people),2014,2654.79529,,0
HUN,Hungary,SP.POP.SCIE.RD.P6,Researchers in R&D (per million people),2013,2527.84945,,0
HUN,Hungary,SP.POP.SCIE.RD.P6,Researchers in R&D (per million people),2012,2400.89424,,0
HUN,Hungary,SP.POP.SCIE.RD.P6,Researchers in R&D (per million people),2011,2309.99213,,0
HUN,Hungary,SP.POP.SCIE.RD.P6,Researchers in R&D (per million people),2010,2135.63344,,0
HUN,Hungary,SP.POP.SCIE.RD.P6,Researchers in R&D (per million people),2009,2004.50214,,0
HUN,Hungary,SP.POP.SCIE.RD.P6,Researchers in R&D (per million people),2008,1845.99803,,0
HUN,Hungary,SP.POP.SCIE.RD.P6,Researchers in R&D (per million people),2007,1731.42684,,0
HUN,Hungary,SP.POP.SCIE.RD.P6,Researchers in R&D (per million people),2006,1745.00319,,0
HUN,Hungary,SP.POP.SCIE.RD.P6,Researchers in R&D (per million people),2005,1575.84829,,0
HUN,Hungary,SP.POP.SCIE.RD.P6,Researchers in R&D (per million people),2004,1476.26637,,0
HUN,Hungary,SP.POP.SCIE.RD.P6,Researchers in R&D (per million people),2003,1499.67591,,0
HUN,Hungary,SP.POP.SCIE.RD.P6,Researchers in R&D (per million people),2002,1473.69545,,0
HUN,Hungary,SP.POP.SCIE.RD.P6,Researchers in R&D (per million people),2001,1440.86103,,0
HUN,Hungary,SP.POP.SCIE.RD.P6,Researchers in R&D (per million people),2000,1411.99814,,0
HUN,Hungary,SP.POP.SCIE.RD.P6,Researchers in R&D (per million people),1999,1228.7746,,0
HUN,Hungary,SP.POP.SCIE.RD.P6,Researchers in R&D (per million people),1998,1142.65899,,0
HUN,Hungary,SP.POP.SCIE.RD.P6,Researchers in R&D (per million people),1997,1083.88096,,0
HUN,Hungary,SP.POP.SCIE.RD.P6,Researchers in R&D (per million people),1996,1009.14592,,0
ISL,Iceland,SP.POP.SCIE.RD.P6,Researchers in R&D (per million people),2022,6863.54747,,0
ISL,Iceland,SP.POP.SCIE.RD.P6,Researchers in R&D (per million people),2021,6941.30115,,0
ISL,Iceland,SP.POP.SCIE.RD.P6,Researchers in R&D (per million people),2018,5645.66563,,0
ISL,Iceland,SP.POP.SCIE.RD.P6,Researchers in R&D (per million people),2017,5979.72684,,0
ISL,Iceland,SP.POP.SCIE.RD.P6,Researchers in R&D (per million people),2013,5739.72216,,0
ISL,Iceland,SP.POP.SCIE.RD.P6,Researchers in R&D (per million people),2011,7088.82137,,0
ISL,Iceland,SP.POP.SCIE.RD.P6,Researchers in R&D (per million people),2009,7841.17942,,0
ISL,Iceland,SP.POP.SCIE.RD.P6,Researchers in R&D (per million people),2008,7313.20175,,0
ISL,Iceland,SP.POP.SCIE.RD.P6,Researchers in R&D (per million people),2007,7175.58294,,0
ISL,Iceland,SP.POP.SCIE.RD.P6,Researchers in R&D (per million people),2006,7999.30666,,0
ISL,Iceland,SP.POP.SCIE.RD.P6,Researchers in R&D (per million people),2005,7337.75322,,0
ISL,Iceland,SP.POP.SCIE.RD.P6,Researchers in R&D (per million people),2003,6643.65474,,0
ISL,Iceland,SP.POP.SCIE.RD.P6,Researchers in R&D (per million people),2001,6560.18798,,0
ISL,Iceland,SP.POP.SCIE.RD.P6,Researchers in R&D (per million people),1999,5720.28444,,0
ISL,Iceland,SP.POP.SCIE.RD.P6,Researchers in R&D (per million people),1998,5191.01854,,0
ISL,Iceland,SP.POP.SCIE.RD.P6,Researchers in R&D (per million people),1997,4967.78663,,0
ISL,Iceland,SP.POP.SCIE.RD.P6,Researchers in R&D (per million people),1996,3320.88313,,0
IND,India,SP.POP.SCIE.RD.P6,Researchers in R&D (per million people),2020,259.26325,,0
IND,India,SP.POP.SCIE.RD.P6,Researchers in R&D (per million people),2018,250.00794,,0
IND,India,SP.POP.SCIE.RD.P6,Researchers in R&D (per million people),2015,214.34935,,0
IND,India,SP.POP.SCIE.RD.P6,Researchers in R&D (per million people),2010,156.19059,,0
IND,India,SP.POP.SCIE.RD.P6,Researchers in R&D (per million people),2005,135.14649,,0
IND,India,SP.POP.SCIE.RD.P6,Researchers in R&D (per million people),2000,110.62568,,0
IND,India,SP.POP.SCIE.RD.P6,Researchers in R&D (per million people),1998,116.49341,,0
IND,India,SP.POP.SCIE.RD.P6,Researchers in R&D (per million people),1996,153.94902,,0
IDN,Indonesia,SP.POP.SCIE.RD.P6,Researchers in R&D (per million people),2020,395.34168,,0
IDN,Indonesia,SP.POP.SCIE.RD.P6,Researchers in R&D (per million people),2019,387.17063,,0
IDN,Indonesia,SP.POP.SCIE.RD.P6,Researchers in R&D (per million people),2018,215.18755,,0
IDN,Indonesia,SP.POP.SCIE.RD.P6,Researchers in R&D (per million people),2017,214.08281,,0
IDN,Indonesia,SP.POP.SCIE.RD.P6,Researchers in R&D (per million people),2016,177.73496,,0
IDN,Indonesia,SP.POP.SCIE.RD.P6,Researchers in R&D (per million people),2009,88.33347,,0
IDN,Indonesia,SP.POP.SCIE.RD.P6,Researchers in R&D (per million people),2001,196.3356,,0
IDN,Indonesia,SP.POP.SCIE.RD.P6,Researchers in R&D (per million people),2000,209.65817,,0
IRN,"Iran, Islamic Rep.",SP.POP.SCIE.RD.P6,Researchers in R&D (per million people),2021,2239.74005,,0
IRN,"Iran, Islamic Rep.",SP.POP.SCIE.RD.P6,Researchers in R&D (per million people),2019,1588.4273,,0
IRN,"Iran, Islamic Rep.",SP.POP.SCIE.RD.P6,Researchers in R&D (per million people),2017,1409.14676,,0
IRN,"Iran, Islamic Rep.",SP.POP.SCIE.RD.P6,Researchers in R&D (per million people),2015,789.46238,,0
IRN,"Iran, Islamic Rep.",SP.POP.SCIE.RD.P6,Researchers in R&D (per million people),2013,650.49973,,0
IRN,"Iran, Islamic Rep.",SP.POP.SCIE.RD.P6,Researchers in R&D (per million people),2012,667.69317,,0
IRN,"Iran, Islamic Rep.",SP.POP.SCIE.RD.P6,Researchers in R&D (per million people),2010,712.4395,,0
IRN,"Iran, Islamic Rep.",SP.POP.SCIE.RD.P6,Researchers in R&D (per million people),2009,687.77269,,0
IRN,"Iran, Islamic Rep.",SP.POP.SCIE.RD.P6,Researchers in R&D (per million people),2008,723.09305,,0
IRN,"Iran, Islamic Rep.",SP.POP.SCIE.RD.P6,Researchers in R&D (per million people),2006,695.93817,,0
IRQ,Iraq,SP.POP.SCIE.RD.P6,Researchers in R&D (per million people),2021,164.28484,,0
IRQ,Iraq,SP.POP.SCIE.RD.P6,Researchers in R&D (per million people),2020,136.59963,,0
IRQ,Iraq,SP.POP.SCIE.RD.P6,Researchers in R&D (per million people),2019,118.26846,,0
IRQ,Iraq,SP.POP.SCIE.RD.P6,Researchers in R&D (per million people),2018,107.3521,,0
IRQ,Iraq,SP.POP.SCIE.RD.P6,Researchers in R&D (per million people),2017,102.2908,,0
IRQ,Iraq,SP.POP.SCIE.RD.P6,Researchers in R&D (per million people),2016,62.30752,,0
IRQ,Iraq,SP.POP.SCIE.RD.P6,Researchers in R&D (per million people),2015,63.15466,,0
IRQ,Iraq,SP.POP.SCIE.RD.P6,Researchers in R&D (per million people),2014,66.44057,,0
IRQ,Iraq,SP.POP.SCIE.RD.P6,Researchers in R&D (per million people),2011,429.8312,,0
IRQ,Iraq,SP.POP.SCIE.RD.P6,Researchers in R&D (per million people),2010,420.64715,,0
IRQ,Iraq,SP.POP.SCIE.RD.P6,Researchers in R&D (per million people),2009,407.43142,,0
IRQ,Iraq,SP.POP.SCIE.RD.P6,Researchers in R&D (per million people),2008,391.66134,,0
IRQ,Iraq,SP.POP.SCIE.RD.P6,Researchers in R&D (per million people),2007,370.8675,,0
IRL,Ireland,SP.POP.SCIE.RD.P6,Researchers in R&D (per million people),2022,5511.65804,,0
IRL,Ireland,SP.POP.SCIE.RD.P6,Researchers in R&D (per million people),2021,5213.43167,,0
IRL,Ireland,SP.POP.SCIE.RD.P6,Researchers in R&D (per million people),2020,5196.11055,,0
IRL,Ireland,SP.POP.SCIE.RD.P6,Researchers in R&D (per million people),2019,4961.4389,,0
IRL,Ireland,SP.POP.SCIE.RD.P6,Researchers in R&D (per million people),2018,4656.77702,,0
IRL,Ireland,SP.POP.SCIE.RD.P6,Researchers in R&D (per million people),2017,5114.19434,,0
IRL,Ireland,SP.POP.SCIE.RD.P6,Researchers in R&D (per million people),2016,5143.85544,,0
IRL,Ireland,SP.POP.SCIE.RD.P6,Researchers in R&D (per million people),2015,5242.06636,,0
IRL,Ireland,SP.POP.SCIE.RD.P6,Researchers in R&D (per million people),2014,5290.95054,,0
IRL,Ireland,SP.POP.SCIE.RD.P6,Researchers in R&D (per million people),2013,5141.73776,,0
IRL,Ireland,SP.POP.SCIE.RD.P6,Researchers in R&D (per million people),2012,4873.66344,,0
IRL,Ireland,SP.POP.SCIE.RD.P6,Researchers in R&D (per million people),2011,3341.4018,,0
IRL,Ireland,SP.POP.SCIE.RD.P6,Researchers in R&D (per million people),2010,3116.61747,,0
IRL,Ireland,SP.POP.SCIE.RD.P6,Researchers in R&D (per million people),2009,3139.86576,,0
IRL,Ireland,SP.POP.SCIE.RD.P6,Researchers in R&D (per million people),2008,3256.66919,,0
IRL,Ireland,SP.POP.SCIE.RD.P6,Researchers in R&D (per million people),2007,2929.08877,,0
IRL,Ireland,SP.POP.SCIE.RD.P6,Researchers in R&D (per million people),2006,2895.65117,,0
IRL,Ireland,SP.POP.SCIE.RD.P6,Researchers in R&D (per million people),2005,2821.26494,,0
IRL,Ireland,SP.POP.SCIE.RD.P6,Researchers in R&D (per million people),2004,2735.33169,,0
IRL,Ireland,SP.POP.SCIE.RD.P6,Researchers in R&D (per million people),2003,2534.61201,,0
IRL,Ireland,SP.POP.SCIE.RD.P6,Researchers in R&D (per million people),2002,2406.49548,,0
IRL,Ireland,SP.POP.SCIE.RD.P6,Researchers in R&D (per million people),2001,2336.65114,,0
IRL,Ireland,SP.POP.SCIE.RD.P6,Researchers in R&D (per million people),2000,2255.69685,,0
IRL,Ireland,SP.POP.SCIE.RD.P6,Researchers in R&D (per million people),1999,2111.48773,,0
IRL,Ireland,SP.POP.SCIE.RD.P6,Researchers in R&D (per million people),1998,2091.11026,,0
IRL,Ireland,SP.POP.SCIE.RD.P6,Researchers in R&D (per million people),1997,1929.23033,,0
IRL,Ireland,SP.POP.SCIE.RD.P6,Researchers in R&D (per million people),1996,1771.6011,,0
ITA,Italy,SP.POP.SCIE.RD.P6,Researchers in R&D (per million people),2022,2795.53412,,0
ITA,Italy,SP.POP.SCIE.RD.P6,Researchers in R&D (per million people),2021,2658.8949,,0
ITA,Italy,SP.POP.SCIE.RD.P6,Researchers in R&D (per million people),2020,2614.68181,,0
ITA,Italy,SP.POP.SCIE.RD.P6,Researchers in R&D (per million people),2019,2670.65345,,0
ITA,Italy,SP.POP.SCIE.RD.P6,Researchers in R&D (per million people),2018,2524.31271,,0
ITA,Italy,SP.POP.SCIE.RD.P6,Researchers in R&D (per million people),2017,2322.42382,,0
ITA,Italy,SP.POP.SCIE.RD.P6,Researchers in R&D (per million people),2016,2209.59265,,0
ITA,Italy,SP.POP.SCIE.RD.P6,Researchers in R&D (per million people),2015,2075.80841,,0
ITA,Italy,SP.POP.SCIE.RD.P6,Researchers in R&D (per million people),2014,1947.34437,,0
ITA,Italy,SP.POP.SCIE.RD.P6,Researchers in R&D (per million people),2013,1916.30366,,0
ITA,Italy,SP.POP.SCIE.RD.P6,Researchers in R&D (per million people),2012,1831.34278,,0
ITA,Italy,SP.POP.SCIE.RD.P6,Researchers in R&D (per million people),2011,1760.64483,,0
ITA,Italy,SP.POP.SCIE.RD.P6,Researchers in R&D (per million people),2010,1722.66807,,0
ITA,Italy,SP.POP.SCIE.RD.P6,Researchers in R&D (per million people),2009,1703.84695,,0
ITA,Italy,SP.POP.SCIE.RD.P6,Researchers in R&D (per million people),2008,1613.51417,,0
ITA,Italy,SP.POP.SCIE.RD.P6,Researchers in R&D (per million people),2007,1579.89282,,0
ITA,Italy,SP.POP.SCIE.RD.P6,Researchers in R&D (per million people),2006,1507.90404,,0
ITA,Italy,SP.POP.SCIE.RD.P6,Researchers in R&D (per million people),2005,1412.59398,,0
ITA,Italy,SP.POP.SCIE.RD.P6,Researchers in R&D (per million people),2004,1242.48468,,0
ITA,Italy,SP.POP.SCIE.RD.P6,Researchers in R&D (per million people),2003,1222.71837,,0
ITA,Italy,SP.POP.SCIE.RD.P6,Researchers in R&D (per million people),2002,1242.88215,,0
ITA,Italy,SP.POP.SCIE.RD.P6,Researchers in R&D (per million people),2001,1164.25597,,0
ITA,Italy,SP.POP.SCIE.RD.P6,Researchers in R&D (per million people),2000,1154.70198,,0
ITA,Italy,SP.POP.SCIE.RD.P6,Researchers in R&D (per million people),1999,1137.5056,,0
ITA,Italy,SP.POP.SCIE.RD.P6,Researchers in R&D (per million people),1998,1142.51929,,0
ITA,Italy,SP.POP.SCIE.RD.P6,Researchers in R&D (per million people),1997,1148.96073,,0
ITA,Italy,SP.POP.SCIE.RD.P6,Researchers in R&D (per million people),1996,1337.61364,,0
JPN,Japan,SP.POP.SCIE.RD.P6,Researchers in R&D (per million people),2022,5629.79566,,0
JPN,Japan,SP.POP.SCIE.RD.P6,Researchers in R&D (per million people),2021,5589.76698,,0
JPN,Japan,SP.POP.SCIE.RD.P6,Researchers in R&D (per million people),2020,5450.44287,,0
JPN,Japan,SP.POP.SCIE.RD.P6,Researchers in R&D (per million people),2019,5376.11987,,0
JPN,Japan,SP.POP.SCIE.RD.P6,Researchers in R&D (per million people),2018,5339.51713,,0
JPN,Japan,SP.POP.SCIE.RD.P6,Researchers in R&D (per million people),2017,5319.83455,,0
JPN,Japan,SP.POP.SCIE.RD.P6,Researchers in R&D (per million people),2016,5232.70894,,0
JPN,Japan,SP.POP.SCIE.RD.P6,Researchers in R&D (per million people),2015,5198.48902,,0
JPN,Japan,SP.POP.SCIE.RD.P6,Researchers in R&D (per million people),2014,5351.53211,,0
JPN,Japan,SP.POP.SCIE.RD.P6,Researchers in R&D (per million people),2013,5166.83422,,0
JPN,Japan,SP.POP.SCIE.RD.P6,Researchers in R&D (per million people),2012,5048.63399,,0
JPN,Japan,SP.POP.SCIE.RD.P6,Researchers in R&D (per million people),2011,5123.33234,,0
JPN,Japan,SP.POP.SCIE.RD.P6,Researchers in R&D (per million people),2010,5117.18164,,0
JPN,Japan,SP.POP.SCIE.RD.P6,Researchers in R&D (per million people),2009,5114.01193,,0
JPN,Japan,SP.POP.SCIE.RD.P6,Researchers in R&D (per million people),2008,5125.12165,,0
JPN,Japan,SP.POP.SCIE.RD.P6,Researchers in R&D (per million people),2007,5344.2381,,0
JPN,Japan,SP.POP.SCIE.RD.P6,Researchers in R&D (per million people),2006,5352.83117,,0
JPN,Japan,SP.POP.SCIE.RD.P6,Researchers in R&D (per million people),2005,5322.47485,,0
JPN,Japan,SP.POP.SCIE.RD.P6,Researchers in R&D (per million people),2004,5117.27802,,0
JPN,Japan,SP.POP.SCIE.RD.P6,Researchers in R&D (per million people),2003,5113.02549,,0
JPN,Japan,SP.POP.SCIE.RD.P6,Researchers in R&D (per million people),2002,4891.16889,,0
JPN,Japan,SP.POP.SCIE.RD.P6,Researchers in R&D (per million people),2001,5136.2064,,0
JPN,Japan,SP.POP.SCIE.RD.P6,Researchers in R&D (per million people),2000,5102.41299,,0
JPN,Japan,SP.POP.SCIE.RD.P6,Researchers in R&D (per million people),1999,5201.03384,,0
JPN,Japan,SP.POP.SCIE.RD.P6,Researchers in R&D (per million people),1998,5164.5008,,0
JPN,Japan,SP.POP.SCIE.RD.P6,Researchers in R&D (per million people),1997,4959.03285,,0
JPN,Japan,SP.POP.SCIE.RD.P6,Researchers in R&D (per million people),1996,4906.38735,,0
JOR,Jordan,SP.POP.SCIE.RD.P6,Researchers in R&D (per million people),2017,576.00927,,0
JOR,Jordan,SP.POP.SCIE.RD.P6,Researchers in R&D (per million people),2016,572.41702,,0
JOR,Jordan,SP.POP.SCIE.RD.P6,Researchers in R&D (per million people),2015,254.19597,,0
JOR,Jordan,SP.POP.SCIE.RD.P6,Researchers in R&D (per million people),1998,1779.75136,,0
KAZ,Kazakhstan,SP.POP.SCIE.RD.P6,Researchers in R&D (per million people),2023,693.05803,,0
KAZ,Kazakhstan,SP.POP.SCIE.RD.P6,Researchers in R&D (per million people),2022,661.69455,,0
KAZ,Kazakhstan,SP.POP.SCIE.RD.P6,Researchers in R&D (per million people),2021,609.97284,,0
KAZ,Kazakhstan,SP.POP.SCIE.RD.P6,Researchers in R&D (per million people),2020,668.82871,,0
KAZ,Kazakhstan,SP.POP.SCIE.RD.P6,Researchers in R&D (per million people),2019,619.64887,,0
KAZ,Kazakhstan,SP.POP.SCIE.RD.P6,Researchers in R&D (per million people),2018,650.01155,,0
KAZ,Kazakhstan,SP.POP.SCIE.RD.P6,Researchers in R&D (per million people),2017,650.77119,,0
KAZ,Kazakhstan,SP.POP.SCIE.RD.P6,Researchers in R&D (per million people),2016,678.87213,,0
KAZ,Kazakhstan,SP.POP.SCIE.RD.P6,Researchers in R&D (per million people),2015,760.84725,,0
KAZ,Kazakhstan,SP.POP.SCIE.RD.P6,Researchers in R&D (per million people),2014,781.43387,,0
KAZ,Kazakhstan,SP.POP.SCIE.RD.P6,Researchers in R&D (per million people),2013,720.18538,,0
KAZ,Kazakhstan,SP.POP.SCIE.RD.P6,Researchers in R&D (per million people),2012,596.79809,,0
KAZ,Kazakhstan,SP.POP.SCIE.RD.P6,Researchers in R&D (per million people),2011,375.48738,,0
KAZ,Kazakhstan,SP.POP.SCIE.RD.P6,Researchers in R&D (per million people),2010,360.06018,,0
KAZ,Kazakhstan,SP.POP.SCIE.RD.P6,Researchers in R&D (per million people),2009,338.66777,,0
KAZ,Kazakhstan,SP.POP.SCIE.RD.P6,Researchers in R&D (per million people),2008,365.52061,,0
KAZ,Kazakhstan,SP.POP.SCIE.RD.P6,Researchers in R&D (per million people),2007,394.65661,,0
KEN,Kenya,SP.POP.SCIE.RD.P6,Researchers in R&D (per million people),2023,200.85225,,0
KEN,Kenya,SP.POP.SCIE.RD.P6,Researchers in R&D (per million people),2022,168.60477,,0
KEN,Kenya,SP.POP.SCIE.RD.P6,Researchers in R&D (per million people),2010,226.90023,,0
KEN,Kenya,SP.POP.SCIE.RD.P6,Researchers in R&D (per million people),2007,56.1911,,0
KOR,"Korea, Rep.",SP.POP.SCIE.RD.P6,Researchers in R&D (per million people),2022,9434.7613,,0
KOR,"Korea, Rep.",SP.POP.SCIE.RD.P6,Researchers in R&D (per million people),2021,9071.4503,,0
KOR,"Korea, Rep.",SP.POP.SCIE.RD.P6,Researchers in R&D (per million people),2020,8620.009,,0
KOR,"Korea, Rep.",SP.POP.SCIE.RD.P6,Researchers in R&D (per million people),2019,8328.96727,,0
KOR,"Korea, Rep.",SP.POP.SCIE.RD.P6,Researchers in R&D (per million people),2018,7918.46916,,0
KOR,"Korea, Rep.",SP.POP.SCIE.RD.P6,Researchers in R&D (per million people),2017,7453.21918,,0
KOR,"Korea, Rep.",SP.POP.SCIE.RD.P6,Researchers in R&D (per million people),2016,7057.16003,,0
KOR,"Korea, Rep.",SP.POP.SCIE.RD.P6,Researchers in R&D (per million people),2015,7020.43916,,0
KOR,"Korea, Rep.",SP.POP.SCIE.RD.P6,Researchers in R&D (per million people),2014,6867.33385,,0
KOR,"Korea, Rep.",SP.POP.SCIE.RD.P6,Researchers in R&D (per million people),2013,6457.88851,,0
KOR,"Korea, Rep.",SP.POP.SCIE.RD.P6,Researchers in R&D (per million people),2012,6393.34374,,0
KOR,"Korea, Rep.",SP.POP.SCIE.RD.P6,Researchers in R&D (per million people),2011,5908.82443,,0
KOR,"Korea, Rep.",SP.POP.SCIE.RD.P6,Researchers in R&D (per million people),2010,5429.43919,,0
KOR,"Korea, Rep.",SP.POP.SCIE.RD.P6,Researchers in R&D (per million people),2009,5037.92837,,0
KOR,"Korea, Rep.",SP.POP.SCIE.RD.P6,Researchers in R&D (per million people),2008,4892.49313,,0
KOR,"Korea, Rep.",SP.POP.SCIE.RD.P6,Researchers in R&D (per million people),2007,4614.74679,,0
KOR,"Korea, Rep.",SP.POP.SCIE.RD.P6,Researchers in R&D (per million people),2006,4173.2456,,0
KOR,"Korea, Rep.",SP.POP.SCIE.RD.P6,Researchers in R&D (per million people),2005,3763.23464,,0
KOR,"Korea, Rep.",SP.POP.SCIE.RD.P6,Researchers in R&D (per million people),2004,3281.04385,,0
KOR,"Korea, Rep.",SP.POP.SCIE.RD.P6,Researchers in R&D (per million people),2003,3189.96825,,0
KOR,"Korea, Rep.",SP.POP.SCIE.RD.P6,Researchers in R&D (per million people),2002,3007.81714,,0
KOR,"Korea, Rep.",SP.POP.SCIE.RD.P6,Researchers in R&D (per million people),2001,2906.71111,,0
KOR,"Korea, Rep.",SP.POP.SCIE.RD.P6,Researchers in R&D (per million people),2000,2324.08478,,0
KOR,"Korea, Rep.",SP.POP.SCIE.RD.P6,Researchers in R&D (per million people),1999,2161.01827,,0
KOR,"Korea, Rep.",SP.POP.SCIE.RD.P6,Researchers in R&D (per million people),1998,2007.82828,,0
KOR,"Korea, Rep.",SP.POP.SCIE.RD.P6,Researchers in R&D (per million people),1997,2241.82853,,0
KOR,"Korea, Rep.",SP.POP.SCIE.RD.P6,Researchers in R&D (per million people),1996,2186.08907,,0
KWT,Kuwait,SP.POP.SCIE.RD.P6,Researchers in R&D (per million people),2023,159.38516,,0
KWT,Kuwait,SP.POP.SCIE.RD.P6,Researchers in R&D (per million people),2022,176.25862,,0
KWT,Kuwait,SP.POP.SCIE.RD.P6,Researchers in R&D (per million people),2020,165.97953,,0
KWT,Kuwait,SP.POP.SCIE.RD.P6,Researchers in R&D (per million people),2019,175.34012,,0
KWT,Kuwait,SP.POP.SCIE.RD.P6,Researchers in R&D (per million people),2018,502.98169,,0
KWT,Kuwait,SP.POP.SCIE.RD.P6,Researchers in R&D (per million people),2017,498.31295,,0
KWT,Kuwait,SP.POP.SCIE.RD.P6,Researchers in R&D (per million people),2016,481.99315,,0
KWT,Kuwait,SP.POP.SCIE.RD.P6,Researchers in R&D (per million people),2015,405.49843,,0
KWT,Kuwait,SP.POP.SCIE.RD.P6,Researchers in R&D (per million people),2014,637.96147,,0
KWT,Kuwait,SP.POP.SCIE.RD.P6,Researchers in R&D (per million people),2012,135.22051,,0
KWT,Kuwait,SP.POP.SCIE.RD.P6,Researchers in R&D (per million people),2011,136.13419,,0
KWT,Kuwait,SP.POP.SCIE.RD.P6,Researchers in R&D (per million people),2010,141.92742,,0
KWT,Kuwait,SP.POP.SCIE.RD.P6,Researchers in R&D (per million people),2009,147.61475,,0
KWT,Kuwait,SP.POP.SCIE.RD.P6,Researchers in R&D (per million people),2008,156.22965,,0
KWT,Kuwait,SP.POP.SCIE.RD.P6,Researchers in R&D (per million people),2007,193.74141,,0
KWT,Kuwait,SP.POP.SCIE.RD.P6,Researchers in R&D (per million people),2006,170.93793,,0
KWT,Kuwait,SP.POP.SCIE.RD.P6,Researchers in R&D (per million people),2005,176.11884,,0
KWT,Kuwait,SP.POP.SCIE.RD.P6,Researchers in R&D (per million people),2004,174.76497,,0
KWT,Kuwait,SP.POP.SCIE.RD.P6,Researchers in R&D (per million people),2003,171.66419,,0
KWT,Kuwait,SP.POP.SCIE.RD.P6,Researchers in R&D (per million people),2002,170.06803,,0
KWT,Kuwait,SP.POP.SCIE.RD.P6,Researchers in R&D (per million people),2001,169.54601,,0
KWT,Kuwait,SP.POP.SCIE.RD.P6,Researchers in R&D (per million people),2000,168.07987,,0
KWT,Kuwait,SP.POP.SCIE.RD.P6,Researchers in R&D (per million people),1999,174.10772,,0
KWT,Kuwait,SP.POP.SCIE.RD.P6,Researchers in R&D (per million people),1998,181.69805,,0
KWT,Kuwait,SP.POP.SCIE.RD.P6,Researchers in R&D (per million people),1997,189.29425,,0
LAO,Lao PDR,SP.POP.SCIE.RD.P6,Researchers in R&D (per million people),2002,15.62884,,0
LVA,Latvia,SP.POP.SCIE.RD.P6,Researchers in R&D (per million people),2022,2270.07923,,0
LVA,Latvia,SP.POP.SCIE.RD.P6,Researchers in R&D (per million people),2021,2395.27344,,0
LVA,Latvia,SP.POP.SCIE.RD.P6,Researchers in R&D (per million people),2020,2134.06006,,0
LVA,Latvia,SP.POP.SCIE.RD.P6,Researchers in R&D (per million people),2019,1891.24705,,0
LVA,Latvia,SP.POP.SCIE.RD.P6,Researchers in R&D (per million people),2018,1786.2773,,0
LVA,Latvia,SP.POP.SCIE.RD.P6,Researchers in R&D (per million people),2017,1785.24003,,0
LVA,Latvia,SP.POP.SCIE.RD.P6,Researchers in R&D (per million people),2016,1600.57848,,0
LVA,Latvia,SP.POP.SCIE.RD.P6,Researchers in R&D (per million people),2015,1818.82619,,0
LVA,Latvia,SP.POP.SCIE.RD.P6,Researchers in R&D (per million people),2014,1872.26628,,0
LVA,Latvia,SP.POP.SCIE.RD.P6,Researchers in R&D (per million people),2013,1790.85926,,0
LVA,Latvia,SP.POP.SCIE.RD.P6,Researchers in R&D (per million people),2012,1908.95404,,0
LVA,Latvia,SP.POP.SCIE.RD.P6,Researchers in R&D (per million people),2011,1902.3667,,0
LVA,Latvia,SP.POP.SCIE.RD.P6,Researchers in R&D (per million people),2010,1836.97506,,0
LVA,Latvia,SP.POP.SCIE.RD.P6,Researchers in R&D (per million people),2009,1673.90361,,0
LVA,Latvia,SP.POP.SCIE.RD.P6,Researchers in R&D (per million people),2008,1993.41671,,0
LVA,Latvia,SP.POP.SCIE.RD.P6,Researchers in R&D (per million people),2007,1881.56079,,0
LVA,Latvia,SP.POP.SCIE.RD.P6,Researchers in R&D (per million people),2006,1765.58108,,0
LVA,Latvia,SP.POP.SCIE.RD.P6,Researchers in R&D (per million people),2005,1458.12295,,0
LVA,Latvia,SP.POP.SCIE.RD.P6,Researchers in R&D (per million people),2004,1459.48929,,0
LVA,Latvia,SP.POP.SCIE.RD.P6,Researchers in R&D (per million people),2003,1392.33083,,0
LVA,Latvia,SP.POP.SCIE.RD.P6,Researchers in R&D (per million people),2002,1486.06326,,0
LVA,Latvia,SP.POP.SCIE.RD.P6,Researchers in R&D (per million people),2001,1485.32998,,0
LVA,Latvia,SP.POP.SCIE.RD.P6,Researchers in R&D (per million people),2000,1600.9967,,0
LVA,Latvia,SP.POP.SCIE.RD.P6,Researchers in R&D (per million people),1999,1094.45031,,0
LVA,Latvia,SP.POP.SCIE.RD.P6,Researchers in R&D (per million people),1998,1056.15768,,0
LVA,Latvia,SP.POP.SCIE.RD.P6,Researchers in R&D (per million people),1997,1067.30045,,0
LVA,Latvia,SP.POP.SCIE.RD.P6,Researchers in R&D (per million people),1996,1149.21172,,0
LSO,Lesotho,SP.POP.SCIE.RD.P6,Researchers in R&D (per million people),2015,23.73201,,0
LSO,Lesotho,SP.POP.SCIE.RD.P6,Researchers in R&D (per million people),2011,5.93738,,0
LSO,Lesotho,SP.POP.SCIE.RD.P6,Researchers in R&D (per million people),2009,23.20733,,0
LSO,Lesotho,SP.POP.SCIE.RD.P6,Researchers in R&D (per million people),2004,10.10478,,0
LSO,Lesotho,SP.POP.SCIE.RD.P6,Researchers in R&D (per million people),2003,7.53445,,0
LSO,Lesotho,SP.POP.SCIE.RD.P6,Researchers in R&D (per million people),2002,6.0045,,0
LIE,Liechtenstein,SP.POP.SCIE.RD.P6,Researchers in R&D (per million people),2023,18129.75165,,0
LIE,Liechtenstein,SP.POP.SCIE.RD.P6,Researchers in R&D (per million people),2019,20047.04652,,0
LTU,Lithuania,SP.POP.SCIE.RD.P6,Researchers in R&D (per million people),2022,4153.6584,,0
LTU,Lithuania,SP.POP.SCIE.RD.P6,Researchers in R&D (per million people),2021,3946.51068,,0
LTU,Lithuania,SP.POP.SCIE.RD.P6,Researchers in R&D (per million people),2020,3643.24539,,0
LTU,Lithuania,SP.POP.SCIE.RD.P6,Researchers in R&D (per million people),2019,3445.30515,,0
LTU,Lithuania,SP.POP.SCIE.RD.P6,Researchers in R&D (per million people),2018,3180.95498,,0
LTU,Lithuania,SP.POP.SCIE.RD.P6,Researchers in R&D (per million people),2017,3068.33424,,0
LTU,Lithuania,SP.POP.SCIE.RD.P6,Researchers in R&D (per million people),2016,2950.39665,,0
LTU,Lithuania,SP.POP.SCIE.RD.P6,Researchers in R&D (per million people),2015,2794.92116,,0
LTU,Lithuania,SP.POP.SCIE.RD.P6,Researchers in R&D (per million people),2014,3082.27902,,0
LTU,Lithuania,SP.POP.SCIE.RD.P6,Researchers in R&D (per million people),2013,2878.7497,,0
LTU,Lithuania,SP.POP.SCIE.RD.P6,Researchers in R&D (per million people),2012,2670.60517,,0
LTU,Lithuania,SP.POP.SCIE.RD.P6,Researchers in R&D (per million people),2011,2748.0311,,0
LTU,Lithuania,SP.POP.SCIE.RD.P6,Researchers in R&D (per million people),2010,2736.49225,,0
LTU,Lithuania,SP.POP.SCIE.RD.P6,Researchers in R&D (per million people),2009,2666.31995,,0
LTU,Lithuania,SP.POP.SCIE.RD.P6,Researchers in R&D (per million people),2008,2624.8157,,0
LTU,Lithuania,SP.POP.SCIE.RD.P6,Researchers in R&D (per million people),2007,2605.27005,,0
LTU,Lithuania,SP.POP.SCIE.RD.P6,Researchers in R&D (per million people),2006,2425.77892,,0
LTU,Lithuania,SP.POP.SCIE.RD.P6,Researchers in R&D (per million people),2005,2276.39834,,0
LTU,Lithuania,SP.POP.SCIE.RD.P6,Researchers in R&D (per million people),2004,2164.46077,,0
LTU,Lithuania,SP.POP.SCIE.RD.P6,Researchers in R&D (per million people),2003,1924.81452,,0
LTU,Lithuania,SP.POP.SCIE.RD.P6,Researchers in R&D (per million people),2002,1830.39639,,0
LTU,Lithuania,SP.POP.SCIE.RD.P6,Researchers in R&D (per million people),2001,2313.80264,,0
LTU,Lithuania,SP.POP.SCIE.RD.P6,Researchers in R&D (per million people),2000,2215.11542,,0
LTU,Lithuania,SP.POP.SCIE.RD.P6,Researchers in R&D (per million people),1999,2415.60995,,0
LTU,Lithuania,SP.POP.SCIE.RD.P6,Researchers in R&D (per million people),1998,2369.25296,,0
LTU,Lithuania,SP.POP.SCIE.RD.P6,Researchers in R&D (per million people),1997,2175.00297,,0
LTU,Lithuania,SP.POP.SCIE.RD.P6,Researchers in R&D (per million people),1996,2084.56665,,0
LUX,Luxembourg,SP.POP.SCIE.RD.P6,Researchers in R&D (per million people),2022,4879.24254,,0
LUX,Luxembourg,SP.POP.SCIE.RD.P6,Researchers in R&D (per million people),2021,4939.08633,,0
LUX,Luxembourg,SP.POP.SCIE.RD.P6,Researchers in R&D (per million people),2020,4688.80483,,0
LUX,Luxembourg,SP.POP.SCIE.RD.P6,Researchers in R&D (per million people),2019,5090.81552,,0
LUX,Luxembourg,SP.POP.SCIE.RD.P6,Researchers in R&D (per million people),2018,4754.92191,,0
LUX,Luxembourg,SP.POP.SCIE.RD.P6,Researchers in R&D (per million people),2017,4969.23004,,0
LUX,Luxembourg,SP.POP.SCIE.RD.P6,Researchers in R&D (per million people),2016,4802.1785,,0
LUX,Luxembourg,SP.POP.SCIE.RD.P6,Researchers in R&D (per million people),2015,4636.38043,,0
LUX,Luxembourg,SP.POP.SCIE.RD.P6,Researchers in R&D (per million people),2014,4782.93933,,0
LUX,Luxembourg,SP.POP.SCIE.RD.P6,Researchers in R&D (per million people),2013,4661.60191,,0
LUX,Luxembourg,SP.POP.SCIE.RD.P6,Researchers in R&D (per million people),2012,4401.98152,,0
LUX,Luxembourg,SP.POP.SCIE.RD.P6,Researchers in R&D (per million people),2011,5525.72816,,0
LUX,Luxembourg,SP.POP.SCIE.RD.P6,Researchers in R&D (per million people),2010,5200.13851,,0
LUX,Luxembourg,SP.POP.SCIE.RD.P6,Researchers in R&D (per million people),2009,4852.27924,,0
LUX,Luxembourg,SP.POP.SCIE.RD.P6,Researchers in R&D (per million people),2008,4725.37233,,0
LUX,Luxembourg,SP.POP.SCIE.RD.P6,Researchers in R&D (per million people),2007,4618.93667,,0
LUX,Luxembourg,SP.POP.SCIE.RD.P6,Researchers in R&D (per million people),2006,4377.13881,,0
LUX,Luxembourg,SP.POP.SCIE.RD.P6,Researchers in R&D (per million people),2005,4826.35315,,0
LUX,Luxembourg,SP.POP.SCIE.RD.P6,Researchers in R&D (per million people),2004,4461.66893,,0
LUX,Luxembourg,SP.POP.SCIE.RD.P6,Researchers in R&D (per million people),2003,4345.49954,,0
LUX,Luxembourg,SP.POP.SCIE.RD.P6,Researchers in R&D (per million people),2000,3800.20738,,0
MAC,"Macao SAR, China",SP.POP.SCIE.RD.P6,Researchers in R&D (per million people),2023,3826.96528,,0
MAC,"Macao SAR, China",SP.POP.SCIE.RD.P6,Researchers in R&D (per million people),2022,3498.4859,,0
MAC,"Macao SAR, China",SP.POP.SCIE.RD.P6,Researchers in R&D (per million people),2021,4092.52683,,0
MAC,"Macao SAR, China",SP.POP.SCIE.RD.P6,Researchers in R&D (per million people),2020,3826.01324,,0
MAC,"Macao SAR, China",SP.POP.SCIE.RD.P6,Researchers in R&D (per million people),2019,3587.54147,,0
MAC,"Macao SAR, China",SP.POP.SCIE.RD.P6,Researchers in R&D (per million people),2018,3428.95417,,0
MAC,"Macao SAR, China",SP.POP.SCIE.RD.P6,Researchers in R&D (per million people),2017,3137.49004,,0
MAC,"Macao SAR, China",SP.POP.SCIE.RD.P6,Researchers in R&D (per million people),2016,2583.54081,,0
MAC,"Macao SAR, China",SP.POP.SCIE.RD.P6,Researchers in R&D (per million people),2015,1247.7184,,0
MAC,"Macao SAR, China",SP.POP.SCIE.RD.P6,Researchers in R&D (per million people),2014,1007.1702,,0
MAC,"Macao SAR, China",SP.POP.SCIE.RD.P6,Researchers in R&D (per million people),2013,889.14744,,0
MAC,"Macao SAR, China",SP.POP.SCIE.RD.P6,Researchers in R&D (per million people),2012,714.10035,,0
MAC,"Macao SAR, China",SP.POP.SCIE.RD.P6,Researchers in R&D (per million people),2011,590.60719,,0
MAC,"Macao SAR, China",SP.POP.SCIE.RD.P6,Researchers in R&D (per million people),2010,628.84194,,0
MAC,"Macao SAR, China",SP.POP.SCIE.RD.P6,Researchers in R&D (per million people),2009,552.53708,,0
MAC,"Macao SAR, China",SP.POP.SCIE.RD.P6,Researchers in R&D (per million people),2008,378.38481,,0
MAC,"Macao SAR, China",SP.POP.SCIE.RD.P6,Researchers in R&D (per million people),2007,379.66089,,0
MAC,"Macao SAR, China",SP.POP.SCIE.RD.P6,Researchers in R&D (per million people),2006,546.976,,0
MAC,"Macao SAR, China",SP.POP.SCIE.RD.P6,Researchers in R&D (per million people),2005,608.64833,,0
MAC,"Macao SAR, China",SP.POP.SCIE.RD.P6,Researchers in R&D (per million people),2004,513.86424,,0
MAC,"Macao SAR, China",SP.POP.SCIE.RD.P6,Researchers in R&D (per million people),2003,317.62574,,0
MAC,"Macao SAR, China",SP.POP.SCIE.RD.P6,Researchers in R&D (per million people),2002,233.57521,,0
MAC,"Macao SAR, China",SP.POP.SCIE.RD.P6,Researchers in R&D (per million people),2001,259.35069,,0
MDG,Madagascar,SP.POP.SCIE.RD.P6,Researchers in R&D (per million people),2018,32.94427,,0
MDG,Madagascar,SP.POP.SCIE.RD.P6,Researchers in R&D (per million people),2017,29.61421,,0
MDG,Madagascar,SP.POP.SCIE.RD.P6,Researchers in R&D (per million people),2016,23.87432,,0
MDG,Madagascar,SP.POP.SCIE.RD.P6,Researchers in R&D (per million people),2011,49.14874,,0
MDG,Madagascar,SP.POP.SCIE.RD.P6,Researchers in R&D (per million people),2010,50.26629,,0
MDG,Madagascar,SP.POP.SCIE.RD.P6,Researchers in R&D (per million people),2009,43.80387,,0
MDG,Madagascar,SP.POP.SCIE.RD.P6,Researchers in R&D (per million people),2008,45.1091,,0
MDG,Madagascar,SP.POP.SCIE.RD.P6,Researchers in R&D (per million people),2007,46.80207,,0
MDG,Madagascar,SP.POP.SCIE.RD.P6,Researchers in R&D (per million people),2006,46.24168,,0
MDG,Madagascar,SP.POP.SCIE.RD.P6,Researchers in R&D (per million people),2005,46.56194,,0
MDG,Madagascar,SP.POP.SCIE.RD.P6,Researchers in R&D (per million people),2004,46.25,,0
MDG,Madagascar,SP.POP.SCIE.RD.P6,Researchers in R&D (per million people),2003,45.70833,,0
MDG,Madagascar,SP.POP.SCIE.RD.P6,Researchers in R&D (per million people),2002,45.57217,,0
MDG,Madagascar,SP.POP.SCIE.RD.P6,Researchers in R&D (per million people),2001,49.00259,,0
MDG,Madagascar,SP.POP.SCIE.RD.P6,Researchers in R&D (per million people),2000,14.76191,,0
MDG,Madagascar,SP.POP.SCIE.RD.P6,Researchers in R&D (per million people),1999,14.41915,,0
MDG,Madagascar,SP.POP.SCIE.RD.P6,Researchers in R&D (per million people),1998,13.98026,,0
MWI,Malawi,SP.POP.SCIE.RD.P6,Researchers in R&D (per million people),2010,50.11331,,0
MWI,Malawi,SP.POP.SCIE.RD.P6,Researchers in R&D (per million people),2007,30.31564,,0
MYS,Malaysia,SP.POP.SCIE.RD.P6,Researchers in R&D (per million people),2020,711.51035,,0
MYS,Malaysia,SP.POP.SCIE.RD.P6,Researchers in R&D (per million people),2018,2110.44315,,0
MYS,Malaysia,SP.POP.SCIE.RD.P6,Researchers in R&D (per million people),2016,2334.07987,,0
MYS,Malaysia,SP.POP.SCIE.RD.P6,Researchers in R&D (per million people),2015,2256.60241,,0
MYS,Malaysia,SP.POP.SCIE.RD.P6,Researchers in R&D (per million people),2014,2015.97275,,0
MYS,Malaysia,SP.POP.SCIE.RD.P6,Researchers in R&D (per million people),2012,1769.90749,,0
MYS,Malaysia,SP.POP.SCIE.RD.P6,Researchers in R&D (per million people),2011,1633.85555,,0
MYS,Malaysia,SP.POP.SCIE.RD.P6,Researchers in R&D (per million people),2010,1452.73369,,0
MYS,Malaysia,SP.POP.SCIE.RD.P6,Researchers in R&D (per million people),2009,1063.03522,,0
MYS,Malaysia,SP.POP.SCIE.RD.P6,Researchers in R&D (per million people),2008,598.97222,,0
MYS,Malaysia,SP.POP.SCIE.RD.P6,Researchers in R&D (per million people),2006,371.05001,,0
MYS,Malaysia,SP.POP.SCIE.RD.P6,Researchers in R&D (per million people),2004,507.42811,,0
MYS,Malaysia,SP.POP.SCIE.RD.P6,Researchers in R&D (per million people),2002,300.56079,,0
MYS,Malaysia,SP.POP.SCIE.RD.P6,Researchers in R&D (per million people),2000,282.98354,,0
MYS,Malaysia,SP.POP.SCIE.RD.P6,Researchers in R&D (per million people),1998,157.86504,,0
MYS,Malaysia,SP.POP.SCIE.RD.P6,Researchers in R&D (per million people),1996,91.99322,,0
MLI,Mali,SP.POP.SCIE.RD.P6,Researchers in R&D (per million people),2021,28.66941,,0
MLI,Mali,SP.POP.SCIE.RD.P6,Researchers in R&D (per million people),2019,55.22467,,0
MLI,Mali,SP.POP.SCIE.RD.P6,Researchers in R&D (per million people),2017,31.19803,,0
MLI,Mali,SP.POP.SCIE.RD.P6,Researchers in R&D (per million people),2015,29.38677,,0
MLI,Mali,SP.POP.SCIE.RD.P6,Researchers in R&D (per million people),2010,28.21129,,0
MLI,Mali,SP.POP.SCIE.RD.P6,Researchers in R&D (per million people),2006,37.28082,,0
MLT,Malta,SP.POP.SCIE.RD.P6,Researchers in R&D (per million people),2022,2427.56223,,0
MLT,Malta,SP.POP.SCIE.RD.P6,Researchers in R&D (per million people),2021,2157.55518,,0
MLT,Malta,SP.POP.SCIE.RD.P6,Researchers in R&D (per million people),2020,1964.91528,,0
MLT,Malta,SP.POP.SCIE.RD.P6,Researchers in R&D (per million people),2019,1902.71628,,0
MLT,Malta,SP.POP.SCIE.RD.P6,Researchers in R&D (per million people),2018,1904.9221,,0
MLT,Malta,SP.POP.SCIE.RD.P6,Researchers in R&D (per million people),2017,2027.40143,,0
MLT,Malta,SP.POP.SCIE.RD.P6,Researchers in R&D (per million people),2016,1989.5946,,0
MLT,Malta,SP.POP.SCIE.RD.P6,Researchers in R&D (per million people),2015,1865.25574,,0
MLT,Malta,SP.POP.SCIE.RD.P6,Researchers in R&D (per million people),2014,1835.3282,,0
MLT,Malta,SP.POP.SCIE.RD.P6,Researchers in R&D (per million people),2013,1880.46422,,0
MLT,Malta,SP.POP.SCIE.RD.P6,Researchers in R&D (per million people),2012,1968.67504,,0
MLT,Malta,SP.POP.SCIE.RD.P6,Researchers in R&D (per million people),2011,1761.13695,,0
MLT,Malta,SP.POP.SCIE.RD.P6,Researchers in R&D (per million people),2010,1391.94851,,0
MLT,Malta,SP.POP.SCIE.RD.P6,Researchers in R&D (per million people),2009,1176.53223,,0
MLT,Malta,SP.POP.SCIE.RD.P6,Researchers in R&D (per million people),2008,1294.07262,,0
MLT,Malta,SP.POP.SCIE.RD.P6,Researchers in R&D (per million people),2007,1181.74634,,0
MLT,Malta,SP.POP.SCIE.RD.P6,Researchers in R&D (per million people),2006,1256.70565,,0
MLT,Malta,SP.POP.SCIE.RD.P6,Researchers in R&D (per million people),2005,1162.44361,,0
MLT,Malta,SP.POP.SCIE.RD.P6,Researchers in R&D (per million people),2004,1064.62987,,0
MLT,Malta,SP.POP.SCIE.RD.P6,Researchers in R&D (per million people),2003,678.26433,,0
MLT,Malta,SP.POP.SCIE.RD.P6,Researchers in R&D (per million people),2002,672.92087,,0
MUS,Mauritius,SP.POP.SCIE.RD.P6,Researchers in R&D (per million people),2023,852.67511,,0
MUS,Mauritius,SP.POP.SCIE.RD.P6,Researchers in R&D (per million people),2022,578.6005,,0
MUS,Mauritius,SP.POP.SCIE.RD.P6,Researchers in R&D (per million people),2021,564.33636,,0
MUS,Mauritius,SP.POP.SCIE.RD.P6,Researchers in R&D (per million people),2020,558.19237,,0
MUS,Mauritius,SP.POP.SCIE.RD.P6,Researchers in R&D (per million people),2019,543.55651,,0
MUS,Mauritius,SP.POP.SCIE.RD.P6,Researchers in R&D (per million people),2018,465.4988,,0
MUS,Mauritius,SP.POP.SCIE.RD.P6,Researchers in R&D (per million people),2012,176.93358,,0
MEX,Mexico,SP.POP.SCIE.RD.P6,Researchers in R&D (per million people),2023,272.31856,,0
MEX,Mexico,SP.POP.SCIE.RD.P6,Researchers in R&D (per million people),2022,273.66785,,0
MEX,Mexico,SP.POP.SCIE.RD.P6,Researchers in R&D (per million people),2021,273.14814,,0
MEX,Mexico,SP.POP.SCIE.RD.P6,Researchers in R&D (per million people),2020,281.59287,,0
MEX,Mexico,SP.POP.SCIE.RD.P6,Researchers in R&D (per million people),2019,282.18884,,0
MEX,Mexico,SP.POP.SCIE.RD.P6,Researchers in R&D (per million people),2018,278.43618,,0
MEX,Mexico,SP.POP.SCIE.RD.P6,Researchers in R&D (per million people),2017,273.56869,,0
MEX,Mexico,SP.POP.SCIE.RD.P6,Researchers in R&D (per million people),2016,319.5511,,0
MEX,Mexico,SP.POP.SCIE.RD.P6,Researchers in R&D (per million people),2015,284.58114,,0
MEX,Mexico,SP.POP.SCIE.RD.P6,Researchers in R&D (per million people),2014,262.92059,,0
MEX,Mexico,SP.POP.SCIE.RD.P6,Researchers in R&D (per million people),2013,254.46546,,0
MEX,Mexico,SP.POP.SCIE.RD.P6,Researchers in R&D (per million people),2012,250.69335,,0
MEX,Mexico,SP.POP.SCIE.RD.P6,Researchers in R&D (per million people),2011,348.02663,,0
MEX,Mexico,SP.POP.SCIE.RD.P6,Researchers in R&D (per million people),2010,341.23898,,0
MEX,Mexico,SP.POP.SCIE.RD.P6,Researchers in R&D (per million people),2009,386.49816,,0
MEX,Mexico,SP.POP.SCIE.RD.P6,Researchers in R&D (per million people),2008,343.53328,,0
MEX,Mexico,SP.POP.SCIE.RD.P6,Researchers in R&D (per million people),2007,351.25363,,0
MEX,Mexico,SP.POP.SCIE.RD.P6,Researchers in R&D (per million people),2006,340.43454,,0
MEX,Mexico,SP.POP.SCIE.RD.P6,Researchers in R&D (per million people),2005,417.90546,,0
MEX,Mexico,SP.POP.SCIE.RD.P6,Researchers in R&D (per million people),2004,383.11111,,0
MEX,Mexico,SP.POP.SCIE.RD.P6,Researchers in R&D (per million people),2003,328.13432,,0
MEX,Mexico,SP.POP.SCIE.RD.P6,Researchers in R&D (per million people),2002,308.76297,,0
MEX,Mexico,SP.POP.SCIE.RD.P6,Researchers in R&D (per million people),2001,235.3859,,0
MEX,Mexico,SP.POP.SCIE.RD.P6,Researchers in R&D (per million people),2000,227.09051,,0
MEX,Mexico,SP.POP.SCIE.RD.P6,Researchers in R&D (per million people),1999,227.07752,,0
MEX,Mexico,SP.POP.SCIE.RD.P6,Researchers in R&D (per million people),1998,219.74652,,0
MEX,Mexico,SP.POP.SCIE.RD.P6,Researchers in R&D (per million people),1997,229.69194,,0
MEX,Mexico,SP.POP.SCIE.RD.P6,Researchers in R&D (per million people),1996,217.03384,,0
MDA,Moldova,SP.POP.SCIE.RD.P6,Researchers in R&D (per million people),2023,717.41595,,0
MDA,Moldova,SP.POP.SCIE.RD.P6,Researchers in R&D (per million people),2022,768.02221,,0
MDA,Moldova,SP.POP.SCIE.RD.P6,Researchers in R&D (per million people),2021,781.24167,,0
MDA,Moldova,SP.POP.SCIE.RD.P6,Researchers in R&D (per million people),2020,774.67919,,0
MDA,Moldova,SP.POP.SCIE.RD.P6,Researchers in R&D (per million people),2019,823.53362,,0
MDA,Moldova,SP.POP.SCIE.RD.P6,Researchers in R&D (per million people),2018,903.41782,,0
MDA,Moldova,SP.POP.SCIE.RD.P6,Researchers in R&D (per million people),2017,923.49386,,0
MDA,Moldova,SP.POP.SCIE.RD.P6,Researchers in R&D (per million people),2016,912.00965,,0
MDA,Moldova,SP.POP.SCIE.RD.P6,Researchers in R&D (per million people),2015,946.48296,,0
MDA,Moldova,SP.POP.SCIE.RD.P6,Researchers in R&D (per million people),2014,925.31215,,0
MDA,Moldova,SP.POP.SCIE.RD.P6,Researchers in R&D (per million people),2013,736.90187,,0
MDA,Moldova,SP.POP.SCIE.RD.P6,Researchers in R&D (per million people),2012,768.63843,,0
MDA,Moldova,SP.POP.SCIE.RD.P6,Researchers in R&D (per million people),2011,777.15332,,0
MDA,Moldova,SP.POP.SCIE.RD.P6,Researchers in R&D (per million people),2010,760.16606,,0
MDA,Moldova,SP.POP.SCIE.RD.P6,Researchers in R&D (per million people),2009,801.95946,,0
MDA,Moldova,SP.POP.SCIE.RD.P6,Researchers in R&D (per million people),2008,820.94705,,0
MDA,Moldova,SP.POP.SCIE.RD.P6,Researchers in R&D (per million people),2007,723.79793,,0
MDA,Moldova,SP.POP.SCIE.RD.P6,Researchers in R&D (per million people),2006,698.34114,,0
MDA,Moldova,SP.POP.SCIE.RD.P6,Researchers in R&D (per million people),2005,717.41311,,0
MDA,Moldova,SP.POP.SCIE.RD.P6,Researchers in R&D (per million people),2004,755.38437,,0
MDA,Moldova,SP.POP.SCIE.RD.P6,Researchers in R&D (per million people),2003,756.43007,,0
MCO,Monaco,SP.POP.SCIE.RD.P6,Researchers in R&D (per million people),2005,309.90455,,0
MCO,Monaco,SP.POP.SCIE.RD.P6,Researchers in R&D (per million people),2004,278.23291,,0
MNG,Mongolia,SP.POP.SCIE.RD.P6,Researchers in R&D (per million people),2022,535.37392,,0
MNG,Mongolia,SP.POP.SCIE.RD.P6,Researchers in R&D (per million people),2021,681.35643,,0
MNG,Mongolia,SP.POP.SCIE.RD.P6,Researchers in R&D (per million people),2020,332.37478,,0
MNE,Montenegro,SP.POP.SCIE.RD.P6,Researchers in R&D (per million people),2019,764.41883,,0
MNE,Montenegro,SP.POP.SCIE.RD.P6,Researchers in R&D (per million people),2018,775.01569,,0
MNE,Montenegro,SP.POP.SCIE.RD.P6,Researchers in R&D (per million people),2017,708.80379,,0
MNE,Montenegro,SP.POP.SCIE.RD.P6,Researchers in R&D (per million people),2016,716.88365,,0
MNE,Montenegro,SP.POP.SCIE.RD.P6,Researchers in R&D (per million people),2015,830.62949,,0
MNE,Montenegro,SP.POP.SCIE.RD.P6,Researchers in R&D (per million people),2014,665.31497,,0
MNE,Montenegro,SP.POP.SCIE.RD.P6,Researchers in R&D (per million people),2013,637.60412,,0
MNE,Montenegro,SP.POP.SCIE.RD.P6,Researchers in R&D (per million people),2011,642.96419,,0
MAR,Morocco,SP.POP.SCIE.RD.P6,Researchers in R&D (per million people),2016,1083.42555,,0
MAR,Morocco,SP.POP.SCIE.RD.P6,Researchers in R&D (per million people),2014,1030.14364,,0
MAR,Morocco,SP.POP.SCIE.RD.P6,Researchers in R&D (per million people),2012,853.0081,,0
MAR,Morocco,SP.POP.SCIE.RD.P6,Researchers in R&D (per million people),2011,847.79094,,0
MAR,Morocco,SP.POP.SCIE.RD.P6,Researchers in R&D (per million people),2010,721.98655,,0
MAR,Morocco,SP.POP.SCIE.RD.P6,Researchers in R&D (per million people),2008,659.40797,,0
MAR,Morocco,SP.POP.SCIE.RD.P6,Researchers in R&D (per million people),2007,644.48667,,0
MAR,Morocco,SP.POP.SCIE.RD.P6,Researchers in R&D (per million people),2006,653.41079,,0
MOZ,Mozambique,SP.POP.SCIE.RD.P6,Researchers in R&D (per million people),2015,44.41136,,0
MOZ,Mozambique,SP.POP.SCIE.RD.P6,Researchers in R&D (per million people),2010,40.21198,,0
MOZ,Mozambique,SP.POP.SCIE.RD.P6,Researchers in R&D (per million people),2009,12.3366,,0
MOZ,Mozambique,SP.POP.SCIE.RD.P6,Researchers in R&D (per million people),2008,20.60081,,0
MOZ,Mozambique,SP.POP.SCIE.RD.P6,Researchers in R&D (per million people),2006,16.40562,,0
MMR,Myanmar,SP.POP.SCIE.RD.P6,Researchers in R&D (per million people),2023,28.00891,,0
MMR,Myanmar,SP.POP.SCIE.RD.P6,Researchers in R&D (per million people),2022,26.39711,,0
MMR,Myanmar,SP.POP.SCIE.RD.P6,Researchers in R&D (per million people),2021,19.11376,,0
MMR,Myanmar,SP.POP.SCIE.RD.P6,Researchers in R&D (per million people),2020,32.80625,,0
MMR,Myanmar,SP.POP.SCIE.RD.P6,Researchers in R&D (per million people),2019,30.40636,,0
MMR,Myanmar,SP.POP.SCIE.RD.P6,Researchers in R&D (per million people),2018,34.1151,,0
MMR,Myanmar,SP.POP.SCIE.RD.P6,Researchers in R&D (per million people),2017,30.01847,,0
MMR,Myanmar,SP.POP.SCIE.RD.P6,Researchers in R&D (per million people),2002,18.19315,,0
MMR,Myanmar,SP.POP.SCIE.RD.P6,Researchers in R&D (per million people),2001,12.60543,,0
MMR,Myanmar,SP.POP.SCIE.RD.P6,Researchers in R&D (per million people),1999,11.45303,,0
MMR,Myanmar,SP.POP.SCIE.RD.P6,Researchers in R&D (per million people),1998,7.63882,,0
MMR,Myanmar,SP.POP.SCIE.RD.P6,Researchers in R&D (per million people),1997,7.57511,,0
NAM,Namibia,SP.POP.SCIE.RD.P6,Researchers in R&D (per million people),2022,224.81068,,0
NAM,Namibia,SP.POP.SCIE.RD.P6,Researchers in R&D (per million people),2014,148.91896,,0
NPL,Nepal,SP.POP.SCIE.RD.P6,Researchers in R&D (per million people),2002,59.65797,,0
NLD,Netherlands,SP.POP.SCIE.RD.P6,Researchers in R&D (per million people),2022,6319.17518,,0
NLD,Netherlands,SP.POP.SCIE.RD.P6,Researchers in R&D (per million people),2021,6003.86605,,0
NLD,Netherlands,SP.POP.SCIE.RD.P6,Researchers in R&D (per million people),2020,5799.27532,,0
NLD,Netherlands,SP.POP.SCIE.RD.P6,Researchers in R&D (per million people),2019,5592.12175,,0
NLD,Netherlands,SP.POP.SCIE.RD.P6,Researchers in R&D (per million people),2018,5496.79039,,0
NLD,Netherlands,SP.POP.SCIE.RD.P6,Researchers in R&D (per million people),2017,5273.17623,,0
NLD,Netherlands,SP.POP.SCIE.RD.P6,Researchers in R&D (per million people),2016,5109.20509,,0
NLD,Netherlands,SP.POP.SCIE.RD.P6,Researchers in R&D (per million people),2015,4891.78146,,0
NLD,Netherlands,SP.POP.SCIE.RD.P6,Researchers in R&D (per million people),2014,4926.09272,,0
NLD,Netherlands,SP.POP.SCIE.RD.P6,Researchers in R&D (per million people),2013,4887.39056,,0
NLD,Netherlands,SP.POP.SCIE.RD.P6,Researchers in R&D (per million people),2012,4336.14629,,0
NLD,Netherlands,SP.POP.SCIE.RD.P6,Researchers in R&D (per million people),2011,3648.13368,,0
NLD,Netherlands,SP.POP.SCIE.RD.P6,Researchers in R&D (per million people),2010,3210.02025,,0
NLD,Netherlands,SP.POP.SCIE.RD.P6,Researchers in R&D (per million people),2009,2822.24977,,0
NLD,Netherlands,SP.POP.SCIE.RD.P6,Researchers in R&D (per million people),2008,3063.96158,,0
NLD,Netherlands,SP.POP.SCIE.RD.P6,Researchers in R&D (per million people),2007,3093.10821,,0
NLD,Netherlands,SP.POP.SCIE.RD.P6,Researchers in R&D (per million people),2006,3224.9245,,0
NLD,Netherlands,SP.POP.SCIE.RD.P6,Researchers in R&D (per million people),2005,2908.98454,,0
NLD,Netherlands,SP.POP.SCIE.RD.P6,Researchers in R&D (per million people),2004,2951.21244,,0
NLD,Netherlands,SP.POP.SCIE.RD.P6,Researchers in R&D (per million people),2003,2681.97594,,0
NLD,Netherlands,SP.POP.SCIE.RD.P6,Researchers in R&D (per million people),2002,2701.16441,,0
NLD,Netherlands,SP.POP.SCIE.RD.P6,Researchers in R&D (per million people),2001,2828.29837,,0
NLD,Netherlands,SP.POP.SCIE.RD.P6,Researchers in R&D (per million people),2000,2637.93221,,0
NLD,Netherlands,SP.POP.SCIE.RD.P6,Researchers in R&D (per million people),1999,2631.55841,,0
NLD,Netherlands,SP.POP.SCIE.RD.P6,Researchers in R&D (per million people),1998,2478.35144,,0
NLD,Netherlands,SP.POP.SCIE.RD.P6,Researchers in R&D (per million people),1997,2427.11356,,0
NLD,Netherlands,SP.POP.SCIE.RD.P6,Researchers in R&D (per million people),1996,2277.62765,,0
NZL,New Zealand,SP.POP.SCIE.RD.P6,Researchers in R&D (per million people),2021,5094.76159,,0
NZL,New Zealand,SP.POP.SCIE.RD.P6,Researchers in R&D (per million people),2019,5665.38305,,0
NZL,New Zealand,SP.POP.SCIE.RD.P6,Researchers in R&D (per million people),2017,5035.55839,,0
NZL,New Zealand,SP.POP.SCIE.RD.P6,Researchers in R&D (per million people),2015,5476.90357,,0
NZL,New Zealand,SP.POP.SCIE.RD.P6,Researchers in R&D (per million people),2013,4043.95577,,0
NZL,New Zealand,SP.POP.SCIE.RD.P6,Researchers in R&D (per million people),2011,3731.3373,,0
NZL,New Zealand,SP.POP.SCIE.RD.P6,Researchers in R&D (per million people),2009,3760.38719,,0
NZL,New Zealand,SP.POP.SCIE.RD.P6,Researchers in R&D (per million people),2007,3472.58808,,0
NZL,New Zealand,SP.POP.SCIE.RD.P6,Researchers in R&D (per million people),2005,3159.23406,,0
NZL,New Zealand,SP.POP.SCIE.RD.P6,Researchers in R&D (per million people),2003,3100.17298,,0
NZL,New Zealand,SP.POP.SCIE.RD.P6,Researchers in R&D (per million people),2001,2669.46316,,0
NZL,New Zealand,SP.POP.SCIE.RD.P6,Researchers in R&D (per million people),1999,2292.23305,,0
NZL,New Zealand,SP.POP.SCIE.RD.P6,Researchers in R&D (per million people),1997,2200.13553,,0
NIC,Nicaragua,SP.POP.SCIE.RD.P6,Researchers in R&D (per million people),1997,71.26696,,0
NER,Niger,SP.POP.SCIE.RD.P6,Researchers in R&D (per million people),2013,26.93895,,0
NER,Niger,SP.POP.SCIE.RD.P6,Researchers in R&D (per million people),2005,7.47846,,0
NER,Niger,SP.POP.SCIE.RD.P6,Researchers in R&D (per million people),2004,8.13744,,0
NER,Niger,SP.POP.SCIE.RD.P6,Researchers in R&D (per million people),2003,7.95687,,0
NER,Niger,SP.POP.SCIE.RD.P6,Researchers in R&D (per million people),2002,8.57341,,0
NER,Niger,SP.POP.SCIE.RD.P6,Researchers in R&D (per million people),2001,9.30768,,0
NGA,Nigeria,SP.POP.SCIE.RD.P6,Researchers in R&D (per million people),2019,22.12011,,0
NGA,Nigeria,SP.POP.SCIE.RD.P6,Researchers in R&D (per million people),2007,37.55812,,0
MKD,North Macedonia,SP.POP.SCIE.RD.P6,Researchers in R&D (per million people),2023,922.47062,,0
MKD,North Macedonia,SP.POP.SCIE.RD.P6,Researchers in R&D (per million people),2022,730.898,,0
MKD,North Macedonia,SP.POP.SCIE.RD.P6,Researchers in R&D (per million people),2021,843.87245,,0
MKD,North Macedonia,SP.POP.SCIE.RD.P6,Researchers in R&D (per million people),2020,868.87807,,0
MKD,North Macedonia,SP.POP.SCIE.RD.P6,Researchers in R&D (per million people),2019,858.75424,,0
MKD,North Macedonia,SP.POP.SCIE.RD.P6,Researchers in R&D (per million people),2018,862.45303,,0
MKD,North Macedonia,SP.POP.SCIE.RD.P6,Researchers in R&D (per million people),2017,778.17311,,0
MKD,North Macedonia,SP.POP.SCIE.RD.P6,Researchers in R&D (per million people),2016,901.84402,,0
MKD,North Macedonia,SP.POP.SCIE.RD.P6,Researchers in R&D (per million people),2015,897.16346,,0
MKD,North Macedonia,SP.POP.SCIE.RD.P6,Researchers in R&D (per million people),2014,867.52011,,0
MKD,North Macedonia,SP.POP.SCIE.RD.P6,Researchers in R&D (per million people),2013,693.84909,,0
MKD,North Macedonia,SP.POP.SCIE.RD.P6,Researchers in R&D (per million people),2012,623.86927,,0
MKD,North Macedonia,SP.POP.SCIE.RD.P6,Researchers in R&D (per million people),2011,450.8086,,0
MKD,North Macedonia,SP.POP.SCIE.RD.P6,Researchers in R&D (per million people),2010,535.89171,,0
MKD,North Macedonia,SP.POP.SCIE.RD.P6,Researchers in R&D (per million people),2009,432.44594,,0
MKD,North Macedonia,SP.POP.SCIE.RD.P6,Researchers in R&D (per million people),2008,466.13087,,0
MKD,North Macedonia,SP.POP.SCIE.RD.P6,Researchers in R&D (per million people),2007,497.29935,,0
MKD,North Macedonia,SP.POP.SCIE.RD.P6,Researchers in R&D (per million people),2006,507.84433,,0
MKD,North Macedonia,SP.POP.SCIE.RD.P6,Researchers in R&D (per million people),2005,532.93852,,0
MKD,North Macedonia,SP.POP.SCIE.RD.P6,Researchers in R&D (per million people),2004,512.77378,,0
MKD,North Macedonia,SP.POP.SCIE.RD.P6,Researchers in R&D (per million people),2003,537.99609,,0
MKD,North Macedonia,SP.POP.SCIE.RD.P6,Researchers in R&D (per million people),2002,562.07826,,0
MKD,North Macedonia,SP.POP.SCIE.RD.P6,Researchers in R&D (per million people),2001,601.44074,,0
MKD,North Macedonia,SP.POP.SCIE.RD.P6,Researchers in R&D (per million people),2000,645.46332,,0
MKD,North Macedonia,SP.POP.SCIE.RD.P6,Researchers in R&D (per million people),1999,663.60475,,0
MKD,North Macedonia,SP.POP.SCIE.RD.P6,Researchers in R&D (per million people),1998,676.75616,,0
MKD,North Macedonia,SP.POP.SCIE.RD.P6,Researchers in R&D (per million people),1997,606.0126,,0
NOR,Norway,SP.POP.SCIE.RD.P6,Researchers in R&D (per million people),2022,7394.79171,,0
NOR,Norway,SP.POP.SCIE.RD.P6,Researchers in R&D (per million people),2021,7228.72168,,0
NOR,Norway,SP.POP.SCIE.RD.P6,Researchers in R&D (per million people),2020,6766.01432,,0
NOR,Norway,SP.POP.SCIE.RD.P6,Researchers in R&D (per million people),2019,6737.55318,,0
NOR,Norway,SP.POP.SCIE.RD.P6,Researchers in R&D (per million people),2018,6484.23611,,0
NOR,Norway,SP.POP.SCIE.RD.P6,Researchers in R&D (per million people),2017,6396.1696,,0
NOR,Norway,SP.POP.SCIE.RD.P6,Researchers in R&D (per million people),2016,6120.84923,,0
NOR,Norway,SP.POP.SCIE.RD.P6,Researchers in R&D (per million people),2015,5929.85725,,0
NOR,Norway,SP.POP.SCIE.RD.P6,Researchers in R&D (per million people),2014,5722.57126,,0
NOR,Norway,SP.POP.SCIE.RD.P6,Researchers in R&D (per million people),2013,5605.02472,,0
NOR,Norway,SP.POP.SCIE.RD.P6,Researchers in R&D (per million people),2012,5584.13377,,0
NOR,Norway,SP.POP.SCIE.RD.P6,Researchers in R&D (per million people),2011,5533.91801,,0
NOR,Norway,SP.POP.SCIE.RD.P6,Researchers in R&D (per million people),2010,5444.69765,,0
NOR,Norway,SP.POP.SCIE.RD.P6,Researchers in R&D (per million people),2009,5474.54077,,0
NOR,Norway,SP.POP.SCIE.RD.P6,Researchers in R&D (per million people),2008,5399.5311,,0
NOR,Norway,SP.POP.SCIE.RD.P6,Researchers in R&D (per million people),2007,5202.07257,,0
NOR,Norway,SP.POP.SCIE.RD.P6,Researchers in R&D (per million people),2006,4866.24486,,0
NOR,Norway,SP.POP.SCIE.RD.P6,Researchers in R&D (per million people),2005,4602.55542,,0
NOR,Norway,SP.POP.SCIE.RD.P6,Researchers in R&D (per million people),2004,4514.09712,,0
NOR,Norway,SP.POP.SCIE.RD.P6,Researchers in R&D (per million people),2003,4513.7416,,0
NOR,Norway,SP.POP.SCIE.RD.P6,Researchers in R&D (per million people),2001,4371.19907,,0
NOR,Norway,SP.POP.SCIE.RD.P6,Researchers in R&D (per million people),1999,4115.69293,,0
NOR,Norway,SP.POP.SCIE.RD.P6,Researchers in R&D (per million people),1997,3981.76176,,0
OMN,Oman,SP.POP.SCIE.RD.P6,Researchers in R&D (per million people),2023,655.14938,,0
OMN,Oman,SP.POP.SCIE.RD.P6,Researchers in R&D (per million people),2022,383.13404,,0
OMN,Oman,SP.POP.SCIE.RD.P6,Researchers in R&D (per million people),2021,332.10768,,0
OMN,Oman,SP.POP.SCIE.RD.P6,Researchers in R&D (per million people),2020,374.1444,,0
OMN,Oman,SP.POP.SCIE.RD.P6,Researchers in R&D (per million people),2019,382.86992,,0
OMN,Oman,SP.POP.SCIE.RD.P6,Researchers in R&D (per million people),2018,296.18652,,0
OMN,Oman,SP.POP.SCIE.RD.P6,Researchers in R&D (per million people),2017,251.8909,,0
OMN,Oman,SP.POP.SCIE.RD.P6,Researchers in R&D (per million people),2016,250.29605,,0
OMN,Oman,SP.POP.SCIE.RD.P6,Researchers in R&D (per million people),2015,222.38615,,0
OMN,Oman,SP.POP.SCIE.RD.P6,Researchers in R&D (per million people),2014,182.47683,,0
OMN,Oman,SP.POP.SCIE.RD.P6,Researchers in R&D (per million people),2013,132.90674,,0
OMN,Oman,SP.POP.SCIE.RD.P6,Researchers in R&D (per million people),2012,180.02625,,0
OMN,Oman,SP.POP.SCIE.RD.P6,Researchers in R&D (per million people),2011,172.68707,,0
PAK,Pakistan,SP.POP.SCIE.RD.P6,Researchers in R&D (per million people),2023,473.71632,,0
PAK,Pakistan,SP.POP.SCIE.RD.P6,Researchers in R&D (per million people),2021,401.38994,,0
PAK,Pakistan,SP.POP.SCIE.RD.P6,Researchers in R&D (per million people),2019,362.3767,,0
PAK,Pakistan,SP.POP.SCIE.RD.P6,Researchers in R&D (per million people),2017,314.96263,,0
PAK,Pakistan,SP.POP.SCIE.RD.P6,Researchers in R&D (per million people),2015,257.67288,,0
PAK,Pakistan,SP.POP.SCIE.RD.P6,Researchers in R&D (per million people),2013,144.40494,,0
PAK,Pakistan,SP.POP.SCIE.RD.P6,Researchers in R&D (per million people),2011,130.07654,,0
PAK,Pakistan,SP.POP.SCIE.RD.P6,Researchers in R&D (per million people),2009,143.85657,,0
PAK,Pakistan,SP.POP.SCIE.RD.P6,Researchers in R&D (per million people),2007,144.82577,,0
PAK,Pakistan,SP.POP.SCIE.RD.P6,Researchers in R&D (per million people),2005,73.17722,,0
PAK,Pakistan,SP.POP.SCIE.RD.P6,Researchers in R&D (per million people),1997,70.9917,,0
PAN,Panama,SP.POP.SCIE.RD.P6,Researchers in R&D (per million people),2023,253.27142,,0
PAN,Panama,SP.POP.SCIE.RD.P6,Researchers in R&D (per million people),2022,142.28474,,0
PAN,Panama,SP.POP.SCIE.RD.P6,Researchers in R&D (per million people),2021,134.74424,,0
PAN,Panama,SP.POP.SCIE.RD.P6,Researchers in R&D (per million people),2020,167.55608,,0
PAN,Panama,SP.POP.SCIE.RD.P6,Researchers in R&D (per million people),2019,110.65703,,0
PAN,Panama,SP.POP.SCIE.RD.P6,Researchers in R&D (per million people),2018,107.17185,,0
PAN,Panama,SP.POP.SCIE.RD.P6,Researchers in R&D (per million people),2017,105.81058,,0
PAN,Panama,SP.POP.SCIE.RD.P6,Researchers in R&D (per million people),2016,96.8879,,0
PAN,Panama,SP.POP.SCIE.RD.P6,Researchers in R&D (per million people),2015,90.68303,,0
PAN,Panama,SP.POP.SCIE.RD.P6,Researchers in R&D (per million people),2014,92.78364,,0
PAN,Panama,SP.POP.SCIE.RD.P6,Researchers in R&D (per million people),2013,39.55467,,0
PAN,Panama,SP.POP.SCIE.RD.P6,Researchers in R&D (per million people),2012,38.1076,,0
PAN,Panama,SP.POP.SCIE.RD.P6,Researchers in R&D (per million people),2011,119.64866,,0
PAN,Panama,SP.POP.SCIE.RD.P6,Researchers in R&D (per million people),2009,111.53858,,0
PAN,Panama,SP.POP.SCIE.RD.P6,Researchers in R&D (per million people),2008,133.47221,,0
PAN,Panama,SP.POP.SCIE.RD.P6,Researchers in R&D (per million people),2007,167.93435,,0
PAN,Panama,SP.POP.SCIE.RD.P6,Researchers in R&D (per million people),2006,106.46073,,0
PAN,Panama,SP.POP.SCIE.RD.P6,Researchers in R&D (per million people),2005,104.8111,,0
PAN,Panama,SP.POP.SCIE.RD.P6,Researchers in R&D (per million people),2004,86.01913,,0
PAN,Panama,SP.POP.SCIE.RD.P6,Researchers in R&D (per million people),2003,96.2208,,0
PAN,Panama,SP.POP.SCIE.RD.P6,Researchers in R&D (per million people),2002,95.82846,,0
PAN,Panama,SP.POP.SCIE.RD.P6,Researchers in R&D (per million people),2001,90.7959,,0
PAN,Panama,SP.POP.SCIE.RD.P6,Researchers in R&D (per million people),2000,95.9425,,0
PAN,Panama,SP.POP.SCIE.RD.P6,Researchers in R&D (per million people),1999,98.53929,,0
PAN,Panama,SP.POP.SCIE.RD.P6,Researchers in R&D (per million people),1998,160.89987,,0
PAN,Panama,SP.POP.SCIE.RD.P6,Researchers in R&D (per million people),1997,116.3712,,0
PAN,Panama,SP.POP.SCIE.RD.P6,Researchers in R&D (per million people),1996,113.61824,,0
PNG,Papua New Guinea,SP.POP.SCIE.RD.P6,Researchers in R&D (per million people),2016,33.15884,,0
PRY,Paraguay,SP.POP.SCIE.RD.P6,Researchers in R&D (per million people),2022,133.19638,,0
PRY,Paraguay,SP.POP.SCIE.RD.P6,Researchers in R&D (per million people),2021,142.72905,,0
PRY,Paraguay,SP.POP.SCIE.RD.P6,Researchers in R&D (per million people),2020,141.19046,,0
PRY,Paraguay,SP.POP.SCIE.RD.P6,Researchers in R&D (per million people),2019,169.35536,,0
PRY,Paraguay,SP.POP.SCIE.RD.P6,Researchers in R&D (per million people),2018,152.27558,,0
PRY,Paraguay,SP.POP.SCIE.RD.P6,Researchers in R&D (per million people),2017,147.43833,,0
PRY,Paraguay,SP.POP.SCIE.RD.P6,Researchers in R&D (per million people),2016,132.3061,,0
PRY,Paraguay,SP.POP.SCIE.RD.P6,Researchers in R&D (per million people),2015,199.86552,,0
PRY,Paraguay,SP.POP.SCIE.RD.P6,Researchers in R&D (per million people),2014,166.70785,,0
PRY,Paraguay,SP.POP.SCIE.RD.P6,Researchers in R&D (per million people),2012,184.63997,,0
PRY,Paraguay,SP.POP.SCIE.RD.P6,Researchers in R&D (per million people),2011,54.89543,,0
PRY,Paraguay,SP.POP.SCIE.RD.P6,Researchers in R&D (per million people),2008,83.42281,,0
PRY,Paraguay,SP.POP.SCIE.RD.P6,Researchers in R&D (per million people),2005,77.36216,,0
PRY,Paraguay,SP.POP.SCIE.RD.P6,Researchers in R&D (per million people),2004,92.40942,,0
PRY,Paraguay,SP.POP.SCIE.RD.P6,Researchers in R&D (per million people),2003,86.56907,,0
PRY,Paraguay,SP.POP.SCIE.RD.P6,Researchers in R&D (per million people),2002,87.04033,,0
PRY,Paraguay,SP.POP.SCIE.RD.P6,Researchers in R&D (per million people),2001,93.41644,,0
PHL,Philippines,SP.POP.SCIE.RD.P6,Researchers in R&D (per million people),2018,170.21271,,0
PHL,Philippines,SP.POP.SCIE.RD.P6,Researchers in R&D (per million people),2015,103.17345,,0
PHL,Philippines,SP.POP.SCIE.RD.P6,Researchers in R&D (per million people),2013,182.5933,,0
PHL,Philippines,SP.POP.SCIE.RD.P6,Researchers in R&D (per million people),2011,82.55979,,0
PHL,Philippines,SP.POP.SCIE.RD.P6,Researchers in R&D (per million people),2009,80.30929,,0
PHL,Philippines,SP.POP.SCIE.RD.P6,Researchers in R&D (per million people),2007,77.12363,,0
PHL,Philippines,SP.POP.SCIE.RD.P6,Researchers in R&D (per million people),2005,79.06465,,0
PHL,Philippines,SP.POP.SCIE.RD.P6,Researchers in R&D (per million people),2003,69.84969,,0
PHL,Philippines,SP.POP.SCIE.RD.P6,Researchers in R&D (per million people),2002,53.17147,,0
POL,Poland,SP.POP.SCIE.RD.P6,Researchers in R&D (per million people),2022,3721.07204,,0
POL,Poland,SP.POP.SCIE.RD.P6,Researchers in R&D (per million people),2021,3558.20467,,0
POL,Poland,SP.POP.SCIE.RD.P6,Researchers in R&D (per million people),2020,3260.15498,,0
POL,Poland,SP.POP.SCIE.RD.P6,Researchers in R&D (per million people),2019,3159.06604,,0
POL,Poland,SP.POP.SCIE.RD.P6,Researchers in R&D (per million people),2018,3079.49249,,0
POL,Poland,SP.POP.SCIE.RD.P6,Researchers in R&D (per million people),2017,2994.85672,,0
POL,Poland,SP.POP.SCIE.RD.P6,Researchers in R&D (per million people),2016,2304.00747,,0
POL,Poland,SP.POP.SCIE.RD.P6,Researchers in R&D (per million people),2015,2158.37831,,0
POL,Poland,SP.POP.SCIE.RD.P6,Researchers in R&D (per million people),2014,2054.74753,,0
POL,Poland,SP.POP.SCIE.RD.P6,Researchers in R&D (per million people),2013,1868.31303,,0
POL,Poland,SP.POP.SCIE.RD.P6,Researchers in R&D (per million people),2012,1752.07893,,0
POL,Poland,SP.POP.SCIE.RD.P6,Researchers in R&D (per million people),2011,1679.90071,,0
POL,Poland,SP.POP.SCIE.RD.P6,Researchers in R&D (per million people),2010,1697.02812,,0
POL,Poland,SP.POP.SCIE.RD.P6,Researchers in R&D (per million people),2009,1608.44328,,0
POL,Poland,SP.POP.SCIE.RD.P6,Researchers in R&D (per million people),2008,1626.3818,,0
POL,Poland,SP.POP.SCIE.RD.P6,Researchers in R&D (per million people),2007,1614.00137,,0
POL,Poland,SP.POP.SCIE.RD.P6,Researchers in R&D (per million people),2006,1563.45879,,0
POL,Poland,SP.POP.SCIE.RD.P6,Researchers in R&D (per million people),2005,1629.60294,,0
POL,Poland,SP.POP.SCIE.RD.P6,Researchers in R&D (per million people),2004,1595.82994,,0
POL,Poland,SP.POP.SCIE.RD.P6,Researchers in R&D (per million people),2003,1533.19754,,0
POL,Poland,SP.POP.SCIE.RD.P6,Researchers in R&D (per million people),2002,1483.34389,,0
POL,Poland,SP.POP.SCIE.RD.P6,Researchers in R&D (per million people),2001,1467.79064,,0
POL,Poland,SP.POP.SCIE.RD.P6,Researchers in R&D (per million people),2000,1441.97757,,0
POL,Poland,SP.POP.SCIE.RD.P6,Researchers in R&D (per million people),1999,1472.95828,,0
POL,Poland,SP.POP.SCIE.RD.P6,Researchers in R&D (per million people),1998,1465.27746,,0
POL,Poland,SP.POP.SCIE.RD.P6,Researchers in R&D (per million people),1997,1449.61312,,0
POL,Poland,SP.POP.SCIE.RD.P6,Researchers in R&D (per million people),1996,1367.8676,,0
PRT,Portugal,SP.POP.SCIE.RD.P6,Researchers in R&D (per million people),2022,5686.65428,,0
PRT,Portugal,SP.POP.SCIE.RD.P6,Researchers in R&D (per million people),2021,5430.93667,,0
PRT,Portugal,SP.POP.SCIE.RD.P6,Researchers in R&D (per million people),2020,5131.43982,,0
PRT,Portugal,SP.POP.SCIE.RD.P6,Researchers in R&D (per million people),2019,4859.21726,,0
PRT,Portugal,SP.POP.SCIE.RD.P6,Researchers in R&D (per million people),2018,4614.40041,,0
PRT,Portugal,SP.POP.SCIE.RD.P6,Researchers in R&D (per million people),2017,4348.10903,,0
PRT,Portugal,SP.POP.SCIE.RD.P6,Researchers in R&D (per million people),2016,3992.10969,,0
PRT,Portugal,SP.POP.SCIE.RD.P6,Researchers in R&D (per million people),2015,3724.60014,,0
PRT,Portugal,SP.POP.SCIE.RD.P6,Researchers in R&D (per million people),2014,3658.36239,,0
PRT,Portugal,SP.POP.SCIE.RD.P6,Researchers in R&D (per million people),2013,3605.75824,,0
PRT,Portugal,SP.POP.SCIE.RD.P6,Researchers in R&D (per million people),2012,4032.33558,,0
PRT,Portugal,SP.POP.SCIE.RD.P6,Researchers in R&D (per million people),2011,4166.14892,,0
PRT,Portugal,SP.POP.SCIE.RD.P6,Researchers in R&D (per million people),2010,3923.75527,,0
PRT,Portugal,SP.POP.SCIE.RD.P6,Researchers in R&D (per million people),2009,3768.61566,,0
PRT,Portugal,SP.POP.SCIE.RD.P6,Researchers in R&D (per million people),2008,3827.16557,,0
PRT,Portugal,SP.POP.SCIE.RD.P6,Researchers in R&D (per million people),2007,2674.3872,,0
PRT,Portugal,SP.POP.SCIE.RD.P6,Researchers in R&D (per million people),2006,2344.86601,,0
PRT,Portugal,SP.POP.SCIE.RD.P6,Researchers in R&D (per million people),2005,2013.3272,,0
PRT,Portugal,SP.POP.SCIE.RD.P6,Researchers in R&D (per million people),2004,1975.6442,,0
PRT,Portugal,SP.POP.SCIE.RD.P6,Researchers in R&D (per million people),2003,1939.08763,,0
PRT,Portugal,SP.POP.SCIE.RD.P6,Researchers in R&D (per million people),2002,1827.5988,,0
PRT,Portugal,SP.POP.SCIE.RD.P6,Researchers in R&D (per million people),2001,1717.30179,,0
PRT,Portugal,SP.POP.SCIE.RD.P6,Researchers in R&D (per million people),2000,1633.81566,,0
PRT,Portugal,SP.POP.SCIE.RD.P6,Researchers in R&D (per million people),1999,1546.5656,,0
PRT,Portugal,SP.POP.SCIE.RD.P6,Researchers in R&D (per million people),1998,1450.22471,,0
PRT,Portugal,SP.POP.SCIE.RD.P6,Researchers in R&D (per million people),1997,1352.48105,,0
PRT,Portugal,SP.POP.SCIE.RD.P6,Researchers in R&D (per million people),1996,1255.99385,,0
PRI,Puerto Rico (US),SP.POP.SCIE.RD.P6,Researchers in R&D (per million people),2015,332.37777,,0
PRI,Puerto Rico (US),SP.POP.SCIE.RD.P6,Researchers in R&D (per million people),2013,264.68411,,0
QAT,Qatar,SP.POP.SCIE.RD.P6,Researchers in R&D (per million people),2021,947.77921,,0
QAT,Qatar,SP.POP.SCIE.RD.P6,Researchers in R&D (per million people),2018,585.61288,,0
QAT,Qatar,SP.POP.SCIE.RD.P6,Researchers in R&D (per million people),2015,643.91403,,0
QAT,Qatar,SP.POP.SCIE.RD.P6,Researchers in R&D (per million people),2012,647.4387,,0
ROU,Romania,SP.POP.SCIE.RD.P6,Researchers in R&D (per million people),2022,998.72545,,0
ROU,Romania,SP.POP.SCIE.RD.P6,Researchers in R&D (per million people),2021,988.67695,,0
ROU,Romania,SP.POP.SCIE.RD.P6,Researchers in R&D (per million people),2020,942.32049,,0
ROU,Romania,SP.POP.SCIE.RD.P6,Researchers in R&D (per million people),2019,887.46612,,0
ROU,Romania,SP.POP.SCIE.RD.P6,Researchers in R&D (per million people),2018,876.17129,,0
ROU,Romania,SP.POP.SCIE.RD.P6,Researchers in R&D (per million people),2017,887.74694,,0
ROU,Romania,SP.POP.SCIE.RD.P6,Researchers in R&D (per million people),2016,910.44851,,0
ROU,Romania,SP.POP.SCIE.RD.P6,Researchers in R&D (per million people),2015,876.41011,,0
ROU,Romania,SP.POP.SCIE.RD.P6,Researchers in R&D (per million people),2014,904.75745,,0
ROU,Romania,SP.POP.SCIE.RD.P6,Researchers in R&D (per million people),2013,923.69506,,0
ROU,Romania,SP.POP.SCIE.RD.P6,Researchers in R&D (per million people),2012,891.59994,,0
ROU,Romania,SP.POP.SCIE.RD.P6,Researchers in R&D (per million people),2011,789.87506,,0
ROU,Romania,SP.POP.SCIE.RD.P6,Researchers in R&D (per million people),2010,964.52527,,0
ROU,Romania,SP.POP.SCIE.RD.P6,Researchers in R&D (per million people),2009,933.38509,,0
ROU,Romania,SP.POP.SCIE.RD.P6,Researchers in R&D (per million people),2008,932.80168,,0
ROU,Romania,SP.POP.SCIE.RD.P6,Researchers in R&D (per million people),2007,897.74358,,0
ROU,Romania,SP.POP.SCIE.RD.P6,Researchers in R&D (per million people),2006,900.56598,,0
ROU,Romania,SP.POP.SCIE.RD.P6,Researchers in R&D (per million people),2005,1077.55642,,0
ROU,Romania,SP.POP.SCIE.RD.P6,Researchers in R&D (per million people),2004,988.65988,,0
ROU,Romania,SP.POP.SCIE.RD.P6,Researchers in R&D (per million people),2003,966.74922,,0
ROU,Romania,SP.POP.SCIE.RD.P6,Researchers in R&D (per million people),2002,928.25307,,0
ROU,Romania,SP.POP.SCIE.RD.P6,Researchers in R&D (per million people),2001,897.21217,,0
ROU,Romania,SP.POP.SCIE.RD.P6,Researchers in R&D (per million people),2000,926.23746,,0
ROU,Romania,SP.POP.SCIE.RD.P6,Researchers in R&D (per million people),1999,1056.12086,,0
ROU,Romania,SP.POP.SCIE.RD.P6,Researchers in R&D (per million people),1998,1230.48005,,0
ROU,Romania,SP.POP.SCIE.RD.P6,Researchers in R&D (per million people),1997,1264.78609,,0
ROU,Romania,SP.POP.SCIE.RD.P6,Researchers in R&D (per million people),1996,1340.54887,,0
RUS,Russian Federation,SP.POP.SCIE.RD.P6,Researchers in R&D (per million people),2022,2683.9498,,0
RUS,Russian Federation,SP.POP.SCIE.RD.P6,Researchers in R&D (per million people),2021,2662.4691,,0
RUS,Russian Federation,SP.POP.SCIE.RD.P6,Researchers in R&D (per million people),2020,2710.16353,,0
RUS,Russian Federation,SP.POP.SCIE.RD.P6,Researchers in R&D (per million people),2019,2734.68619,,0
RUS,Russian Federation,SP.POP.SCIE.RD.P6,Researchers in R&D (per million people),2018,2772.63667,,0
RUS,Russian Federation,SP.POP.SCIE.RD.P6,Researchers in R&D (per million people),2017,2811.96725,,0
RUS,Russian Federation,SP.POP.SCIE.RD.P6,Researchers in R&D (per million people),2016,2946.99732,,0
RUS,Russian Federation,SP.POP.SCIE.RD.P6,Researchers in R&D (per million people),2015,3096.02745,,0
RUS,Russian Federation,SP.POP.SCIE.RD.P6,Researchers in R&D (per million people),2014,3072.93883,,0
RUS,Russian Federation,SP.POP.SCIE.RD.P6,Researchers in R&D (per million people),2013,3050.2782,,0
RUS,Russian Federation,SP.POP.SCIE.RD.P6,Researchers in R&D (per million people),2012,3075.21492,,0
RUS,Russian Federation,SP.POP.SCIE.RD.P6,Researchers in R&D (per million people),2011,3109.37401,,0
RUS,Russian Federation,SP.POP.SCIE.RD.P6,Researchers in R&D (per million people),2010,3071.56116,,0
RUS,Russian Federation,SP.POP.SCIE.RD.P6,Researchers in R&D (per million people),2009,3075.23481,,0
RUS,Russian Federation,SP.POP.SCIE.RD.P6,Researchers in R&D (per million people),2008,3137.57879,,0
RUS,Russian Federation,SP.POP.SCIE.RD.P6,Researchers in R&D (per million people),2007,3259.50421,,0
RUS,Russian Federation,SP.POP.SCIE.RD.P6,Researchers in R&D (per million people),2006,3218.09388,,0
RUS,Russian Federation,SP.POP.SCIE.RD.P6,Researchers in R&D (per million people),2005,3206.1882,,0
RUS,Russian Federation,SP.POP.SCIE.RD.P6,Researchers in R&D (per million people),2004,3283.69795,,0
RUS,Russian Federation,SP.POP.SCIE.RD.P6,Researchers in R&D (per million people),2003,3335.95046,,0
RUS,Russian Federation,SP.POP.SCIE.RD.P6,Researchers in R&D (per million people),2002,3375.24439,,0
RUS,Russian Federation,SP.POP.SCIE.RD.P6,Researchers in R&D (per million people),2001,3452.78814,,0
RUS,Russian Federation,SP.POP.SCIE.RD.P6,Researchers in R&D (per million people),2000,3446.16801,,0
RUS,Russian Federation,SP.POP.SCIE.RD.P6,Researchers in R&D (per million people),1999,3368.95669,,0
RUS,Russian Federation,SP.POP.SCIE.RD.P6,Researchers in R&D (per million people),1998,3333.54675,,0
RUS,Russian Federation,SP.POP.SCIE.RD.P6,Researchers in R&D (per million people),1997,3598.52212,,0
RUS,Russian Federation,SP.POP.SCIE.RD.P6,Researchers in R&D (per million people),1996,3792.63573,,0
RWA,Rwanda,SP.POP.SCIE.RD.P6,Researchers in R&D (per million people),2023,133.11989,,0
RWA,Rwanda,SP.POP.SCIE.RD.P6,Researchers in R&D (per million people),2019,58.74162,,0
RWA,Rwanda,SP.POP.SCIE.RD.P6,Researchers in R&D (per million people),2016,13.73163,,0
RWA,Rwanda,SP.POP.SCIE.RD.P6,Researchers in R&D (per million people),2013,15.33961,,0
RWA,Rwanda,SP.POP.SCIE.RD.P6,Researchers in R&D (per million people),2009,12.40437,,0
RWA,Rwanda,SP.POP.SCIE.RD.P6,Researchers in R&D (per million people),2008,10.72696,,0
SAU,Saudi Arabia,SP.POP.SCIE.RD.P6,Researchers in R&D (per million people),2023,1120.62603,,0
SAU,Saudi Arabia,SP.POP.SCIE.RD.P6,Researchers in R&D (per million people),2022,958.18871,,0
SAU,Saudi Arabia,SP.POP.SCIE.RD.P6,Researchers in R&D (per million people),2021,794.29927,,0
SAU,Saudi Arabia,SP.POP.SCIE.RD.P6,Researchers in R&D (per million people),2020,512.05775,,0
SEN,Senegal,SP.POP.SCIE.RD.P6,Researchers in R&D (per million people),2015,572.42133,,0
SEN,Senegal,SP.POP.SCIE.RD.P6,Researchers in R&D (per million people),2010,374.80287,,0
SEN,Senegal,SP.POP.SCIE.RD.P6,Researchers in R&D (per million people),2008,380.18698,,0
SEN,Senegal,SP.POP.SCIE.RD.P6,Researchers in R&D (per million people),2007,281.68285,,0
SEN,Senegal,SP.POP.SCIE.RD.P6,Researchers in R&D (per million people),2006,264.90036,,0
SRB,Serbia,SP.POP.SCIE.RD.P6,Researchers in R&D (per million people),2023,2515.31463,,0
SRB,Serbia,SP.POP.SCIE.RD.P6,Researchers in R&D (per million people),2022,2349.67681,,0
SRB,Serbia,SP.POP.SCIE.RD.P6,Researchers in R&D (per million people),2021,2206.70833,,0
SRB,Serbia,SP.POP.SCIE.RD.P6,Researchers in R&D (per million people),2020,2149.85336,,0
SRB,Serbia,SP.POP.SCIE.RD.P6,Researchers in R&D (per million people),2019,2087.27636,,0
SRB,Serbia,SP.POP.SCIE.RD.P6,Researchers in R&D (per million people),2018,2075.98604,,0
SRB,Serbia,SP.POP.SCIE.RD.P6,Researchers in R&D (per million people),2017,2067.73261,,0
SRB,Serbia,SP.POP.SCIE.RD.P6,Researchers in R&D (per million people),2016,2121.8924,,0
SRB,Serbia,SP.POP.SCIE.RD.P6,Researchers in R&D (per million people),2015,2060.14765,,0
SRB,Serbia,SP.POP.SCIE.RD.P6,Researchers in R&D (per million people),2014,1822.70033,,0
SRB,Serbia,SP.POP.SCIE.RD.P6,Researchers in R&D (per million people),2013,1718.61748,,0
SRB,Serbia,SP.POP.SCIE.RD.P6,Researchers in R&D (per million people),2012,1635.37121,,0
SRB,Serbia,SP.POP.SCIE.RD.P6,Researchers in R&D (per million people),2011,1616.19262,,0
SRB,Serbia,SP.POP.SCIE.RD.P6,Researchers in R&D (per million people),2010,1503.41256,,0
SRB,Serbia,SP.POP.SCIE.RD.P6,Researchers in R&D (per million people),2009,1423.86226,,0
SRB,Serbia,SP.POP.SCIE.RD.P6,Researchers in R&D (per million people),2008,1354.72005,,0
SRB,Serbia,SP.POP.SCIE.RD.P6,Researchers in R&D (per million people),2007,1190.39138,,0
SYC,Seychelles,SP.POP.SCIE.RD.P6,Researchers in R&D (per million people),2005,146.54162,,0
SGP,Singapore,SP.POP.SCIE.RD.P6,Researchers in R&D (per million people),2021,7916.99926,,0
SGP,Singapore,SP.POP.SCIE.RD.P6,Researchers in R&D (per million people),2020,7503.32643,,0
SGP,Singapore,SP.POP.SCIE.RD.P6,Researchers in R&D (per million people),2019,7509.61271,,0
SGP,Singapore,SP.POP.SCIE.RD.P6,Researchers in R&D (per million people),2018,7002.45715,,0
SGP,Singapore,SP.POP.SCIE.RD.P6,Researchers in R&D (per million people),2017,6950.10748,,0
SGP,Singapore,SP.POP.SCIE.RD.P6,Researchers in R&D (per million people),2016,7052.85651,,0
SGP,Singapore,SP.POP.SCIE.RD.P6,Researchers in R&D (per million people),2015,7134.93412,,0
SGP,Singapore,SP.POP.SCIE.RD.P6,Researchers in R&D (per million people),2014,6756.24778,,0
SGP,Singapore,SP.POP.SCIE.RD.P6,Researchers in R&D (per million people),2013,6734.96456,,0
SGP,Singapore,SP.POP.SCIE.RD.P6,Researchers in R&D (per million people),2012,6514.09973,,0
SGP,Singapore,SP.POP.SCIE.RD.P6,Researchers in R&D (per million people),2011,6578.63079,,0
SGP,Singapore,SP.POP.SCIE.RD.P6,Researchers in R&D (per million people),2010,6368.34517,,0
SGP,Singapore,SP.POP.SCIE.RD.P6,Researchers in R&D (per million people),2009,6219.94574,,0
SGP,Singapore,SP.POP.SCIE.RD.P6,Researchers in R&D (per million people),2008,5916.30242,,0
SGP,Singapore,SP.POP.SCIE.RD.P6,Researchers in R&D (per million people),2007,6083.98319,,0
SGP,Singapore,SP.POP.SCIE.RD.P6,Researchers in R&D (per million people),2006,5785.80782,,0
SGP,Singapore,SP.POP.SCIE.RD.P6,Researchers in R&D (per million people),2005,5650.62317,,0
SGP,Singapore,SP.POP.SCIE.RD.P6,Researchers in R&D (per million people),2004,5164.84335,,0
SGP,Singapore,SP.POP.SCIE.RD.P6,Researchers in R&D (per million people),2003,4835.52476,,0
SGP,Singapore,SP.POP.SCIE.RD.P6,Researchers in R&D (per million people),2002,4363.37967,,0
SGP,Singapore,SP.POP.SCIE.RD.P6,Researchers in R&D (per million people),2001,4103.63436,,0
SGP,Singapore,SP.POP.SCIE.RD.P6,Researchers in R&D (per million people),2000,4167.62655,,0
SGP,Singapore,SP.POP.SCIE.RD.P6,Researchers in R&D (per million people),1999,3195.81732,,0
SGP,Singapore,SP.POP.SCIE.RD.P6,Researchers in R&D (per million people),1998,2951.84056,,0
SGP,Singapore,SP.POP.SCIE.RD.P6,Researchers in R&D (per million people),1997,2599.84477,,0
SGP,Singapore,SP.POP.SCIE.RD.P6,Researchers in R&D (per million people),1996,2532.4262,,0
SVK,Slovak Republic,SP.POP.SCIE.RD.P6,Researchers in R&D (per million people),2022,3387.47411,,0
SVK,Slovak Republic,SP.POP.SCIE.RD.P6,Researchers in R&D (per million people),2021,3211.13115,,0
SVK,Slovak Republic,SP.POP.SCIE.RD.P6,Researchers in R&D (per million people),2020,3167.43232,,0
SVK,Slovak Republic,SP.POP.SCIE.RD.P6,Researchers in R&D (per million people),2019,3116.82472,,0
SVK,Slovak Republic,SP.POP.SCIE.RD.P6,Researchers in R&D (per million people),2018,3003.38839,,0
SVK,Slovak Republic,SP.POP.SCIE.RD.P6,Researchers in R&D (per million people),2017,2803.05136,,0
SVK,Slovak Republic,SP.POP.SCIE.RD.P6,Researchers in R&D (per million people),2016,2609.14992,,0
SVK,Slovak Republic,SP.POP.SCIE.RD.P6,Researchers in R&D (per million people),2015,2658.90096,,0
SVK,Slovak Republic,SP.POP.SCIE.RD.P6,Researchers in R&D (per million people),2014,2723.67121,,0
SVK,Slovak Republic,SP.POP.SCIE.RD.P6,Researchers in R&D (per million people),2013,2723.15005,,0
SVK,Slovak Republic,SP.POP.SCIE.RD.P6,Researchers in R&D (per million people),2012,2827.14865,,0
SVK,Slovak Republic,SP.POP.SCIE.RD.P6,Researchers in R&D (per million people),2011,2840.91952,,0
SVK,Slovak Republic,SP.POP.SCIE.RD.P6,Researchers in R&D (per million people),2010,2817.3661,,0
SVK,Slovak Republic,SP.POP.SCIE.RD.P6,Researchers in R&D (per million people),2009,2469.7369,,0
SVK,Slovak Republic,SP.POP.SCIE.RD.P6,Researchers in R&D (per million people),2008,2340.90823,,0
SVK,Slovak Republic,SP.POP.SCIE.RD.P6,Researchers in R&D (per million people),2007,2297.64491,,0
SVK,Slovak Republic,SP.POP.SCIE.RD.P6,Researchers in R&D (per million people),2006,2190.13371,,0
SVK,Slovak Republic,SP.POP.SCIE.RD.P6,Researchers in R&D (per million people),2005,2031.13681,,0
SVK,Slovak Republic,SP.POP.SCIE.RD.P6,Researchers in R&D (per million people),2004,1993.83051,,0
SVK,Slovak Republic,SP.POP.SCIE.RD.P6,Researchers in R&D (per million people),2003,1790.43354,,0
SVK,Slovak Republic,SP.POP.SCIE.RD.P6,Researchers in R&D (per million people),2002,1706.99261,,0
SVK,Slovak Republic,SP.POP.SCIE.RD.P6,Researchers in R&D (per million people),2001,1781.46308,,0
SVK,Slovak Republic,SP.POP.SCIE.RD.P6,Researchers in R&D (per million people),2000,1850.51312,,0
SVK,Slovak Republic,SP.POP.SCIE.RD.P6,Researchers in R&D (per million people),1999,1711.85647,,0
SVK,Slovak Republic,SP.POP.SCIE.RD.P6,Researchers in R&D (per million people),1998,1888.15391,,0
SVK,Slovak Republic,SP.POP.SCIE.RD.P6,Researchers in R&D (per million people),1997,1862.07768,,0
SVK,Slovak Republic,SP.POP.SCIE.RD.P6,Researchers in R&D (per million people),1996,1868.13993,,0
SVN,Slovenia,SP.POP.SCIE.RD.P6,Researchers in R&D (per million people),2022,5370.37458,,0
SVN,Slovenia,SP.POP.SCIE.RD.P6,Researchers in R&D (per million people),2021,5235.17998,,0
SVN,Slovenia,SP.POP.SCIE.RD.P6,Researchers in R&D (per million people),2020,5187.16109,,0
SVN,Slovenia,SP.POP.SCIE.RD.P6,Researchers in R&D (per million people),2019,5060.56961,,0
SVN,Slovenia,SP.POP.SCIE.RD.P6,Researchers in R&D (per million people),2018,4880.49036,,0
SVN,Slovenia,SP.POP.SCIE.RD.P6,Researchers in R&D (per million people),2017,4510.81305,,0
SVN,Slovenia,SP.POP.SCIE.RD.P6,Researchers in R&D (per million people),2016,3939.83347,,0
SVN,Slovenia,SP.POP.SCIE.RD.P6,Researchers in R&D (per million people),2015,3836.54008,,0
SVN,Slovenia,SP.POP.SCIE.RD.P6,Researchers in R&D (per million people),2014,4166.88131,,0
SVN,Slovenia,SP.POP.SCIE.RD.P6,Researchers in R&D (per million people),2013,4236.51087,,0
SVN,Slovenia,SP.POP.SCIE.RD.P6,Researchers in R&D (per million people),2012,4330.67354,,0
SVN,Slovenia,SP.POP.SCIE.RD.P6,Researchers in R&D (per million people),2011,4287.95887,,0
SVN,Slovenia,SP.POP.SCIE.RD.P6,Researchers in R&D (per million people),2010,3770.38211,,0
SVN,Slovenia,SP.POP.SCIE.RD.P6,Researchers in R&D (per million people),2009,3671.25911,,0
SVN,Slovenia,SP.POP.SCIE.RD.P6,Researchers in R&D (per million people),2008,3477.77233,,0
SVN,Slovenia,SP.POP.SCIE.RD.P6,Researchers in R&D (per million people),2007,3115.13903,,0
SVN,Slovenia,SP.POP.SCIE.RD.P6,Researchers in R&D (per million people),2006,2928.65083,,0
SVN,Slovenia,SP.POP.SCIE.RD.P6,Researchers in R&D (per million people),2005,2634.49569,,0
SVN,Slovenia,SP.POP.SCIE.RD.P6,Researchers in R&D (per million people),2004,2021.91495,,0
SVN,Slovenia,SP.POP.SCIE.RD.P6,Researchers in R&D (per million people),2003,1895.25158,,0
SVN,Slovenia,SP.POP.SCIE.RD.P6,Researchers in R&D (per million people),2002,2331.11354,,0
SVN,Slovenia,SP.POP.SCIE.RD.P6,Researchers in R&D (per million people),2001,2262.53562,,0
SVN,Slovenia,SP.POP.SCIE.RD.P6,Researchers in R&D (per million people),2000,2183.7261,,0
SVN,Slovenia,SP.POP.SCIE.RD.P6,Researchers in R&D (per million people),1999,2239.48814,,0
SVN,Slovenia,SP.POP.SCIE.RD.P6,Researchers in R&D (per million people),1998,2160.49912,,0
SVN,Slovenia,SP.POP.SCIE.RD.P6,Researchers in R&D (per million people),1997,2025.7301,,0
SVN,Slovenia,SP.POP.SCIE.RD.P6,Researchers in R&D (per million people),1996,2257.90178,,0
ZAF,South Africa,SP.POP.SCIE.RD.P6,Researchers in R&D (per million people),2022,444.16281,,0
ZAF,South Africa,SP.POP.SCIE.RD.P6,Researchers in R&D (per million people),2021,454.79773,,0
ZAF,South Africa,SP.POP.SCIE.RD.P6,Researchers in R&D (per million people),2020,459.98774,,0
ZAF,South Africa,SP.POP.SCIE.RD.P6,Researchers in R&D (per million people),2019,479.86558,,0
ZAF,South Africa,SP.POP.SCIE.RD.P6,Researchers in R&D (per million people),2018,500.79079,,0
ZAF,South Africa,SP.POP.SCIE.RD.P6,Researchers in R&D (per million people),2017,516.53674,,0
ZAF,South Africa,SP.POP.SCIE.RD.P6,Researchers in R&D (per million people),2016,481.99586,,0
ZAF,South Africa,SP.POP.SCIE.RD.P6,Researchers in R&D (per million people),2015,466.56084,,0
ZAF,South Africa,SP.POP.SCIE.RD.P6,Researchers in R&D (per million people),2014,427.63838,,0
ZAF,South Africa,SP.POP.SCIE.RD.P6,Researchers in R&D (per million people),2013,430.44849,,0
ZAF,South Africa,SP.POP.SCIE.RD.P6,Researchers in R&D (per million people),2012,400.95517,,0
ZAF,South Africa,SP.POP.SCIE.RD.P6,Researchers in R&D (per million people),2011,381.96714,,0
ZAF,South Africa,SP.POP.SCIE.RD.P6,Researchers in R&D (per million people),2010,359.80904,,0
ZAF,South Africa,SP.POP.SCIE.RD.P6,Researchers in R&D (per million people),2009,384.84932,,0
ZAF,South Africa,SP.POP.SCIE.RD.P6,Researchers in R&D (per million people),2008,381.59248,,0
ZAF,South Africa,SP.POP.SCIE.RD.P6,Researchers in R&D (per million people),2007,384.41697,,0
ZAF,South Africa,SP.POP.SCIE.RD.P6,Researchers in R&D (per million people),2006,373.41244,,0
ZAF,South Africa,SP.POP.SCIE.RD.P6,Researchers in R&D (per million people),2005,351.38625,,0
ZAF,South Africa,SP.POP.SCIE.RD.P6,Researchers in R&D (per million people),2004,367.54743,,0
ZAF,South Africa,SP.POP.SCIE.RD.P6,Researchers in R&D (per million people),2003,292.80758,,0
ZAF,South Africa,SP.POP.SCIE.RD.P6,Researchers in R&D (per million people),2001,299.48395,,0
ZAF,South Africa,SP.POP.SCIE.RD.P6,Researchers in R&D (per million people),1997,188.02634,,0
ESP,Spain,SP.POP.SCIE.RD.P6,Researchers in R&D (per million people),2022,3387.49657,,0
ESP,Spain,SP.POP.SCIE.RD.P6,Researchers in R&D (per million people),2021,3229.64887,,0
ESP,Spain,SP.POP.SCIE.RD.P6,Researchers in R&D (per million people),2020,3051.64642,,0
ESP,Spain,SP.POP.SCIE.RD.P6,Researchers in R&D (per million people),2019,3048.15265,,0
ESP,Spain,SP.POP.SCIE.RD.P6,Researchers in R&D (per million people),2018,2984.29629,,0
ESP,Spain,SP.POP.SCIE.RD.P6,Researchers in R&D (per million people),2017,2847.3656,,0
ESP,Spain,SP.POP.SCIE.RD.P6,Researchers in R&D (per million people),2016,2712.74943,,0
ESP,Spain,SP.POP.SCIE.RD.P6,Researchers in R&D (per million people),2015,2622.53289,,0
ESP,Spain,SP.POP.SCIE.RD.P6,Researchers in R&D (per million people),2014,2614.44648,,0
ESP,Spain,SP.POP.SCIE.RD.P6,Researchers in R&D (per million people),2013,2623.64689,,0
ESP,Spain,SP.POP.SCIE.RD.P6,Researchers in R&D (per million people),2012,2693.39973,,0
ESP,Spain,SP.POP.SCIE.RD.P6,Researchers in R&D (per million people),2011,2775.30203,,0
ESP,Spain,SP.POP.SCIE.RD.P6,Researchers in R&D (per million people),2010,2879.99747,,0
ESP,Spain,SP.POP.SCIE.RD.P6,Researchers in R&D (per million people),2009,2876.51477,,0
ESP,Spain,SP.POP.SCIE.RD.P6,Researchers in R&D (per million people),2008,2850.35985,,0
ESP,Spain,SP.POP.SCIE.RD.P6,Researchers in R&D (per million people),2007,2720.22197,,0
ESP,Spain,SP.POP.SCIE.RD.P6,Researchers in R&D (per million people),2006,2613.24064,,0
ESP,Spain,SP.POP.SCIE.RD.P6,Researchers in R&D (per million people),2005,2516.19827,,0
ESP,Spain,SP.POP.SCIE.RD.P6,Researchers in R&D (per million people),2004,2356.18397,,0
ESP,Spain,SP.POP.SCIE.RD.P6,Researchers in R&D (per million people),2003,2195.10581,,0
ESP,Spain,SP.POP.SCIE.RD.P6,Researchers in R&D (per million people),2002,2014.3626,,0
ESP,Spain,SP.POP.SCIE.RD.P6,Researchers in R&D (per million people),2001,1947.04358,,0
ESP,Spain,SP.POP.SCIE.RD.P6,Researchers in R&D (per million people),2000,1874.09659,,0
ESP,Spain,SP.POP.SCIE.RD.P6,Researchers in R&D (per million people),1999,1512.15158,,0
ESP,Spain,SP.POP.SCIE.RD.P6,Researchers in R&D (per million people),1998,1487.41148,,0
ESP,Spain,SP.POP.SCIE.RD.P6,Researchers in R&D (per million people),1997,1336.11001,,0
ESP,Spain,SP.POP.SCIE.RD.P6,Researchers in R&D (per million people),1996,1286.11531,,0
LKA,Sri Lanka,SP.POP.SCIE.RD.P6,Researchers in R&D (per million people),2022,94.4866,,0
LKA,Sri Lanka,SP.POP.SCIE.RD.P6,Researchers in R&D (per million people),2020,100.80931,,0
LKA,Sri Lanka,SP.POP.SCIE.RD.P6,Researchers in R&D (per million people),2018,101.11335,,0
LKA,Sri Lanka,SP.POP.SCIE.RD.P6,Researchers in R&D (per million people),2017,102.17296,,0
LKA,Sri Lanka,SP.POP.SCIE.RD.P6,Researchers in R&D (per million people),2016,102.9348,,0
LKA,Sri Lanka,SP.POP.SCIE.RD.P6,Researchers in R&D (per million people),2015,102.40151,,0
LKA,Sri Lanka,SP.POP.SCIE.RD.P6,Researchers in R&D (per million people),2014,95.87685,,0
LKA,Sri Lanka,SP.POP.SCIE.RD.P6,Researchers in R&D (per million people),2013,107.04016,,0
LKA,Sri Lanka,SP.POP.SCIE.RD.P6,Researchers in R&D (per million people),2010,102.80578,,0
LKA,Sri Lanka,SP.POP.SCIE.RD.P6,Researchers in R&D (per million people),2008,95.90583,,0
LKA,Sri Lanka,SP.POP.SCIE.RD.P6,Researchers in R&D (per million people),2006,90.37763,,0
LKA,Sri Lanka,SP.POP.SCIE.RD.P6,Researchers in R&D (per million people),2004,133.79126,,0
LKA,Sri Lanka,SP.POP.SCIE.RD.P6,Researchers in R&D (per million people),2000,132.70514,,0
LKA,Sri Lanka,SP.POP.SCIE.RD.P6,Researchers in R&D (per million people),1996,194.43149,,0
SWE,Sweden,SP.POP.SCIE.RD.P6,Researchers in R&D (per million people),2022,8623.7461,,0
SWE,Sweden,SP.POP.SCIE.RD.P6,Researchers in R&D (per million people),2021,8159.79705,,0
SWE,Sweden,SP.POP.SCIE.RD.P6,Researchers in R&D (per million people),2020,7754.64384,,0
SWE,Sweden,SP.POP.SCIE.RD.P6,Researchers in R&D (per million people),2019,7685.83827,,0
SWE,Sweden,SP.POP.SCIE.RD.P6,Researchers in R&D (per million people),2018,7425.66896,,0
SWE,Sweden,SP.POP.SCIE.RD.P6,Researchers in R&D (per million people),2017,7316.6476,,0
SWE,Sweden,SP.POP.SCIE.RD.P6,Researchers in R&D (per million people),2016,7143.443,,0
SWE,Sweden,SP.POP.SCIE.RD.P6,Researchers in R&D (per million people),2015,6846.13413,,0
SWE,Sweden,SP.POP.SCIE.RD.P6,Researchers in R&D (per million people),2014,6909.46438,,0
SWE,Sweden,SP.POP.SCIE.RD.P6,Researchers in R&D (per million people),2013,6717.6193,,0
SWE,Sweden,SP.POP.SCIE.RD.P6,Researchers in R&D (per million people),2012,5196.71759,,0
SWE,Sweden,SP.POP.SCIE.RD.P6,Researchers in R&D (per million people),2011,5172.47477,,0
SWE,Sweden,SP.POP.SCIE.RD.P6,Researchers in R&D (per million people),2010,5279.17412,,0
SWE,Sweden,SP.POP.SCIE.RD.P6,Researchers in R&D (per million people),2009,5110.718,,0
SWE,Sweden,SP.POP.SCIE.RD.P6,Researchers in R&D (per million people),2008,5468.69683,,0
SWE,Sweden,SP.POP.SCIE.RD.P6,Researchers in R&D (per million people),2007,5026.89783,,0
SWE,Sweden,SP.POP.SCIE.RD.P6,Researchers in R&D (per million people),2006,6159.34885,,0
SWE,Sweden,SP.POP.SCIE.RD.P6,Researchers in R&D (per million people),2005,6103.30894,,0
SWE,Sweden,SP.POP.SCIE.RD.P6,Researchers in R&D (per million people),2004,5434.9691,,0
SWE,Sweden,SP.POP.SCIE.RD.P6,Researchers in R&D (per million people),2003,5389.38189,,0
SWE,Sweden,SP.POP.SCIE.RD.P6,Researchers in R&D (per million people),2001,5177.98913,,0
SWE,Sweden,SP.POP.SCIE.RD.P6,Researchers in R&D (per million people),1999,4508.76656,,0
SWE,Sweden,SP.POP.SCIE.RD.P6,Researchers in R&D (per million people),1997,4169.89584,,0
CHE,Switzerland,SP.POP.SCIE.RD.P6,Researchers in R&D (per million people),2021,6021.39855,,0
CHE,Switzerland,SP.POP.SCIE.RD.P6,Researchers in R&D (per million people),2019,5561.73019,,0
CHE,Switzerland,SP.POP.SCIE.RD.P6,Researchers in R&D (per million people),2017,5257.33424,,0
CHE,Switzerland,SP.POP.SCIE.RD.P6,Researchers in R&D (per million people),2015,5308.73305,,0
CHE,Switzerland,SP.POP.SCIE.RD.P6,Researchers in R&D (per million people),2012,4497.48676,,0
CHE,Switzerland,SP.POP.SCIE.RD.P6,Researchers in R&D (per million people),2008,3313.52642,,0
CHE,Switzerland,SP.POP.SCIE.RD.P6,Researchers in R&D (per million people),2004,3451.74588,,0
CHE,Switzerland,SP.POP.SCIE.RD.P6,Researchers in R&D (per million people),2000,3643.69175,,0
CHE,Switzerland,SP.POP.SCIE.RD.P6,Researchers in R&D (per million people),1996,3130.03604,,0
SYR,Syrian Arab Republic,SP.POP.SCIE.RD.P6,Researchers in R&D (per million people),2022,139.93785,,0
SYR,Syrian Arab Republic,SP.POP.SCIE.RD.P6,Researchers in R&D (per million people),2015,83.04849,,0
TZA,Tanzania,SP.POP.SCIE.RD.P6,Researchers in R&D (per million people),2013,19.31703,,0
TZA,Tanzania,SP.POP.SCIE.RD.P6,Researchers in R&D (per million people),2010,36.24107,,0
THA,Thailand,SP.POP.SCIE.RD.P6,Researchers in R&D (per million people),2022,1863.07585,,0
THA,Thailand,SP.POP.SCIE.RD.P6,Researchers in R&D (per million people),2021,1695.79586,,0
THA,Thailand,SP.POP.SCIE.RD.P6,Researchers in R&D (per million people),2020,2018.34788,,0
THA,Thailand,SP.POP.SCIE.RD.P6,Researchers in R&D (per million people),2019,1744.16222,,0
THA,Thailand,SP.POP.SCIE.RD.P6,Researchers in R&D (per million people),2018,1712.15367,,0
THA,Thailand,SP.POP.SCIE.RD.P6,Researchers in R&D (per million people),2017,1315.74983,,0
THA,Thailand,SP.POP.SCIE.RD.P6,Researchers in R&D (per million people),2016,1179.07394,,0
THA,Thailand,SP.POP.SCIE.RD.P6,Researchers in R&D (per million people),2015,844.08077,,0
THA,Thailand,SP.POP.SCIE.RD.P6,Researchers in R&D (per million people),2014,941.80061,,0
THA,Thailand,SP.POP.SCIE.RD.P6,Researchers in R&D (per million people),2013,773.81018,,0
THA,Thailand,SP.POP.SCIE.RD.P6,Researchers in R&D (per million people),2011,528.55687,,0
THA,Thailand,SP.POP.SCIE.RD.P6,Researchers in R&D (per million people),2009,324.12834,,0
THA,Thailand,SP.POP.SCIE.RD.P6,Researchers in R&D (per million people),2007,320.05038,,0
THA,Thailand,SP.POP.SCIE.RD.P6,Researchers in R&D (per million people),2005,311.93079,,0
THA,Thailand,SP.POP.SCIE.RD.P6,Researchers in R&D (per million people),2003,280.52762,,0
THA,Thailand,SP.POP.SCIE.RD.P6,Researchers in R&D (per million people),2001,279.59954,,0
THA,Thailand,SP.POP.SCIE.RD.P6,Researchers in R&D (per million people),1999,168.24107,,0
THA,Thailand,SP.POP.SCIE.RD.P6,Researchers in R&D (per million people),1997,73.08507,,0
THA,Thailand,SP.POP.SCIE.RD.P6,Researchers in R&D (per million people),1996,101.45653,,0
TGO,Togo,SP.POP.SCIE.RD.P6,Researchers in R&D (per million people),2023,41.39064,,0
TGO,Togo,SP.POP.SCIE.RD.P6,Researchers in R&D (per million people),2022,43.2285,,0
TGO,Togo,SP.POP.SCIE.RD.P6,Researchers in R&D (per million people),2021,43.68693,,0
TGO,Togo,SP.POP.SCIE.RD.P6,Researchers in R&D (per million people),2020,44.10873,,0
TGO,Togo,SP.POP.SCIE.RD.P6,Researchers in R&D (per million people),2019,45.29645,,0
TGO,Togo,SP.POP.SCIE.RD.P6,Researchers in R&D (per million people),2018,46.47372,,0
TGO,Togo,SP.POP.SCIE.RD.P6,Researchers in R&D (per million people),2017,37.49789,,0
TGO,Togo,SP.POP.SCIE.RD.P6,Researchers in R&D (per million people),2016,31.14208,,0
TGO,Togo,SP.POP.SCIE.RD.P6,Researchers in R&D (per million people),2015,34.96857,,0
TGO,Togo,SP.POP.SCIE.RD.P6,Researchers in R&D (per million people),2014,36.81025,,0
TGO,Togo,SP.POP.SCIE.RD.P6,Researchers in R&D (per million people),2012,34.58561,,0
TGO,Togo,SP.POP.SCIE.RD.P6,Researchers in R&D (per million people),2011,33.30328,,0
TGO,Togo,SP.POP.SCIE.RD.P6,Researchers in R&D (per million people),2010,33.17308,,0
TGO,Togo,SP.POP.SCIE.RD.P6,Researchers in R&D (per million people),2007,35.399,,0
TGO,Togo,SP.POP.SCIE.RD.P6,Researchers in R&D (per million people),2006,22.97503,,0
TGO,Togo,SP.POP.SCIE.RD.P6,Researchers in R&D (per million people),2005,32.23686,,0
TGO,Togo,SP.POP.SCIE.RD.P6,Researchers in R&D (per million people),2004,24.36325,,0
TGO,Togo,SP.POP.SCIE.RD.P6,Researchers in R&D (per million people),2003,25.90716,,0
TTO,Trinidad and Tobago,SP.POP.SCIE.RD.P6,Researchers in R&D (per million people),2022,492.71552,,0
TTO,Trinidad and Tobago,SP.POP.SCIE.RD.P6,Researchers in R&D (per million people),2021,539.19183,,0
TTO,Trinidad and Tobago,SP.POP.SCIE.RD.P6,Researchers in R&D (per million people),2020,604.73029,,0
TTO,Trinidad and Tobago,SP.POP.SCIE.RD.P6,Researchers in R&D (per million people),2019,459.95724,,0
TTO,Trinidad and Tobago,SP.POP.SCIE.RD.P6,Researchers in R&D (per million people),2018,543.60048,,0
TTO,Trinidad and Tobago,SP.POP.SCIE.RD.P6,Researchers in R&D (per million people),2017,496.90234,,0
TUN,Tunisia,SP.POP.SCIE.RD.P6,Researchers in R&D (per million people),2022,1703.91532,,0
TUN,Tunisia,SP.POP.SCIE.RD.P6,Researchers in R&D (per million people),2021,1610.3428,,0
TUN,Tunisia,SP.POP.SCIE.RD.P6,Researchers in R&D (per million people),2020,1644.57277,,0
TUN,Tunisia,SP.POP.SCIE.RD.P6,Researchers in R&D (per million people),2019,1726.2166,,0
TUN,Tunisia,SP.POP.SCIE.RD.P6,Researchers in R&D (per million people),2018,1789.95356,,0
TUN,Tunisia,SP.POP.SCIE.RD.P6,Researchers in R&D (per million people),2017,1919.04269,,0
TUN,Tunisia,SP.POP.SCIE.RD.P6,Researchers in R&D (per million people),2016,1969.10018,,0
TUN,Tunisia,SP.POP.SCIE.RD.P6,Researchers in R&D (per million people),2015,1774.94539,,0
TUN,Tunisia,SP.POP.SCIE.RD.P6,Researchers in R&D (per million people),2014,1795.0618,,0
TUN,Tunisia,SP.POP.SCIE.RD.P6,Researchers in R&D (per million people),2013,1781.88853,,0
TUN,Tunisia,SP.POP.SCIE.RD.P6,Researchers in R&D (per million people),2012,1614.44868,,0
TUN,Tunisia,SP.POP.SCIE.RD.P6,Researchers in R&D (per million people),2011,1420.37634,,0
TUN,Tunisia,SP.POP.SCIE.RD.P6,Researchers in R&D (per million people),2010,1375.49899,,0
TUN,Tunisia,SP.POP.SCIE.RD.P6,Researchers in R&D (per million people),2009,1480.83462,,0
TUN,Tunisia,SP.POP.SCIE.RD.P6,Researchers in R&D (per million people),2008,1208.60937,,0
TUN,Tunisia,SP.POP.SCIE.RD.P6,Researchers in R&D (per million people),2007,1078.62762,,0
TUR,Turkiye,SP.POP.SCIE.RD.P6,Researchers in R&D (per million people),2022,2478.67633,,0
TUR,Turkiye,SP.POP.SCIE.RD.P6,Researchers in R&D (per million people),2021,2209.69913,,0
TUR,Turkiye,SP.POP.SCIE.RD.P6,Researchers in R&D (per million people),2020,1964.65668,,0
TUR,Turkiye,SP.POP.SCIE.RD.P6,Researchers in R&D (per million people),2019,1737.57621,,0
TUR,Turkiye,SP.POP.SCIE.RD.P6,Researchers in R&D (per million people),2018,1585.08328,,0
TUR,Turkiye,SP.POP.SCIE.RD.P6,Researchers in R&D (per million people),2017,1420.59574,,0
TUR,Turkiye,SP.POP.SCIE.RD.P6,Researchers in R&D (per million people),2016,1263.789,,0
TUR,Turkiye,SP.POP.SCIE.RD.P6,Researchers in R&D (per million people),2015,1136.18026,,0
TUR,Turkiye,SP.POP.SCIE.RD.P6,Researchers in R&D (per million people),2014,1163.53689,,0
TUR,Turkiye,SP.POP.SCIE.RD.P6,Researchers in R&D (per million people),2013,1175.90164,,0
TUR,Turkiye,SP.POP.SCIE.RD.P6,Researchers in R&D (per million people),2012,1100.18611,,0
TUR,Turkiye,SP.POP.SCIE.RD.P6,Researchers in R&D (per million people),2011,977.26304,,0
TUR,Turkiye,SP.POP.SCIE.RD.P6,Researchers in R&D (per million people),2010,882.50416,,0
TUR,Turkiye,SP.POP.SCIE.RD.P6,Researchers in R&D (per million people),2009,801.95239,,0
TUR,Turkiye,SP.POP.SCIE.RD.P6,Researchers in R&D (per million people),2008,742.74528,,0
TUR,Turkiye,SP.POP.SCIE.RD.P6,Researchers in R&D (per million people),2007,705.52013,,0
TUR,Turkiye,SP.POP.SCIE.RD.P6,Researchers in R&D (per million people),2006,612.17385,,0
TUR,Turkiye,SP.POP.SCIE.RD.P6,Researchers in R&D (per million people),2005,567.50023,,0
TUR,Turkiye,SP.POP.SCIE.RD.P6,Researchers in R&D (per million people),2004,496.59332,,0
TUR,Turkiye,SP.POP.SCIE.RD.P6,Researchers in R&D (per million people),2003,484.24236,,0
TUR,Turkiye,SP.POP.SCIE.RD.P6,Researchers in R&D (per million people),2002,360.00407,,0
TUR,Turkiye,SP.POP.SCIE.RD.P6,Researchers in R&D (per million people),2001,344.81485,,0
TUR,Turkiye,SP.POP.SCIE.RD.P6,Researchers in R&D (per million people),2000,355.04829,,0
TUR,Turkiye,SP.POP.SCIE.RD.P6,Researchers in R&D (per million people),1999,312.68431,,0
TUR,Turkiye,SP.POP.SCIE.RD.P6,Researchers in R&D (per million people),1998,298.97969,,0
TUR,Turkiye,SP.POP.SCIE.RD.P6,Researchers in R&D (per million people),1997,302.97728,,0
TUR,Turkiye,SP.POP.SCIE.RD.P6,Researchers in R&D (per million people),1996,294.0892,,0
UGA,Uganda,SP.POP.SCIE.RD.P6,Researchers in R&D (per million people),2023,12.44448,,0
UGA,Uganda,SP.POP.SCIE.RD.P6,Researchers in R&D (per million people),2014,28.67676,,0
UGA,Uganda,SP.POP.SCIE.RD.P6,Researchers in R&D (per million people),2010,39.56548,,0
UKR,Ukraine,SP.POP.SCIE.RD.P6,Researchers in R&D (per million people),2022,586.07925,,0
UKR,Ukraine,SP.POP.SCIE.RD.P6,Researchers in R&D (per million people),2021,774.07275,,0
UKR,Ukraine,SP.POP.SCIE.RD.P6,Researchers in R&D (per million people),2020,846.24846,,0
UKR,Ukraine,SP.POP.SCIE.RD.P6,Researchers in R&D (per million people),2019,880.55411,,0
UKR,Ukraine,SP.POP.SCIE.RD.P6,Researchers in R&D (per million people),2018,988.07663,,0
UKR,Ukraine,SP.POP.SCIE.RD.P6,Researchers in R&D (per million people),2017,994.07744,,0
UKR,Ukraine,SP.POP.SCIE.RD.P6,Researchers in R&D (per million people),2016,1037.24086,,0
UKR,Ukraine,SP.POP.SCIE.RD.P6,Researchers in R&D (per million people),2015,1005.99722,,0
UKR,Ukraine,SP.POP.SCIE.RD.P6,Researchers in R&D (per million people),2014,1002.50854,,0
UKR,Ukraine,SP.POP.SCIE.RD.P6,Researchers in R&D (per million people),2013,1139.62164,,0
UKR,Ukraine,SP.POP.SCIE.RD.P6,Researchers in R&D (per million people),2012,1210.04567,,0
UKR,Ukraine,SP.POP.SCIE.RD.P6,Researchers in R&D (per million people),2011,1237.47634,,0
UKR,Ukraine,SP.POP.SCIE.RD.P6,Researchers in R&D (per million people),2010,1306.70104,,0
UKR,Ukraine,SP.POP.SCIE.RD.P6,Researchers in R&D (per million people),2009,1324.32376,,0
UKR,Ukraine,SP.POP.SCIE.RD.P6,Researchers in R&D (per million people),2008,1404.84115,,0
UKR,Ukraine,SP.POP.SCIE.RD.P6,Researchers in R&D (per million people),2007,1430.03134,,0
UKR,Ukraine,SP.POP.SCIE.RD.P6,Researchers in R&D (per million people),2006,1451.9222,,0
ARE,United Arab Emirates,SP.POP.SCIE.RD.P6,Researchers in R&D (per million people),2021,2606.78477,,0
ARE,United Arab Emirates,SP.POP.SCIE.RD.P6,Researchers in R&D (per million people),2020,2581.47405,,0
ARE,United Arab Emirates,SP.POP.SCIE.RD.P6,Researchers in R&D (per million people),2019,2476.63113,,0
ARE,United Arab Emirates,SP.POP.SCIE.RD.P6,Researchers in R&D (per million people),2018,2464.56964,,0
ARE,United Arab Emirates,SP.POP.SCIE.RD.P6,Researchers in R&D (per million people),2016,2509.55341,,0
ARE,United Arab Emirates,SP.POP.SCIE.RD.P6,Researchers in R&D (per million people),2015,2168.42732,,0
GBR,United Kingdom,SP.POP.SCIE.RD.P6,Researchers in R&D (per million people),2017,4472.69458,,0
GBR,United Kingdom,SP.POP.SCIE.RD.P6,Researchers in R&D (per million people),2016,4434.65942,,0
GBR,United Kingdom,SP.POP.SCIE.RD.P6,Researchers in R&D (per million people),2015,4389.5625,,0
GBR,United Kingdom,SP.POP.SCIE.RD.P6,Researchers in R&D (per million people),2014,4280.79983,,0
GBR,United Kingdom,SP.POP.SCIE.RD.P6,Researchers in R&D (per million people),2013,4171.80763,,0
GBR,United Kingdom,SP.POP.SCIE.RD.P6,Researchers in R&D (per million people),2012,4017.98198,,0
GBR,United Kingdom,SP.POP.SCIE.RD.P6,Researchers in R&D (per million people),2011,3973.02377,,0
GBR,United Kingdom,SP.POP.SCIE.RD.P6,Researchers in R&D (per million people),2010,4089.20558,,0
GBR,United Kingdom,SP.POP.SCIE.RD.P6,Researchers in R&D (per million people),2009,4113.41572,,0
GBR,United Kingdom,SP.POP.SCIE.RD.P6,Researchers in R&D (per million people),2008,4077.28663,,0
GBR,United Kingdom,SP.POP.SCIE.RD.P6,Researchers in R&D (per million people),2007,4122.71329,,0
GBR,United Kingdom,SP.POP.SCIE.RD.P6,Researchers in R&D (per million people),2006,4176.43751,,0
GBR,United Kingdom,SP.POP.SCIE.RD.P6,Researchers in R&D (per million people),2005,4117.74512,,0
GBR,United Kingdom,SP.POP.SCIE.RD.P6,Researchers in R&D (per million people),2004,3818.23524,,0
GBR,United Kingdom,SP.POP.SCIE.RD.P6,Researchers in R&D (per million people),2003,3631.25708,,0
GBR,United Kingdom,SP.POP.SCIE.RD.P6,Researchers in R&D (per million people),2002,3335.62719,,0
GBR,United Kingdom,SP.POP.SCIE.RD.P6,Researchers in R&D (per million people),2001,3078.40932,,0
GBR,United Kingdom,SP.POP.SCIE.RD.P6,Researchers in R&D (per million people),2000,2893.37563,,0
GBR,United Kingdom,SP.POP.SCIE.RD.P6,Researchers in R&D (per million people),1999,2853.23907,,0
GBR,United Kingdom,SP.POP.SCIE.RD.P6,Researchers in R&D (per million people),1998,2694.02542,,0
GBR,United Kingdom,SP.POP.SCIE.RD.P6,Researchers in R&D (per million people),1997,2495.08042,,0
GBR,United Kingdom,SP.POP.SCIE.RD.P6,Researchers in R&D (per million people),1996,2485.75438,,0
USA,United States,SP.POP.SCIE.RD.P6,Researchers in R&D (per million people),2021,4825.1804,,0
USA,United States,SP.POP.SCIE.RD.P6,Researchers in R&D (per million people),2020,4464.09495,,0
USA,United States,SP.POP.SCIE.RD.P6,Researchers in R&D (per million people),2019,4265.92083,,0
USA,United States,SP.POP.SCIE.RD.P6,Researchers in R&D (per million people),2018,4226.79136,,0
USA,United States,SP.POP.SCIE.RD.P6,Researchers in R&D (per million people),2017,3931.60035,,0
USA,United States,SP.POP.SCIE.RD.P6,Researchers in R&D (per million people),2016,3809.11997,,0
USA,United States,SP.POP.SCIE.RD.P6,Researchers in R&D (per million people),2015,3858.04036,,0
USA,United States,SP.POP.SCIE.RD.P6,Researchers in R&D (per million people),2014,3824.01193,,0
USA,United States,SP.POP.SCIE.RD.P6,Researchers in R&D (per million people),2013,3725.75931,,0
USA,United States,SP.POP.SCIE.RD.P6,Researchers in R&D (per million people),2012,3642.58414,,0
USA,United States,SP.POP.SCIE.RD.P6,Researchers in R&D (per million people),2011,3659.09511,,0
USA,United States,SP.POP.SCIE.RD.P6,Researchers in R&D (per million people),2010,3550.08505,,0
USA,United States,SP.POP.SCIE.RD.P6,Researchers in R&D (per million people),2009,3790.4393,,0
USA,United States,SP.POP.SCIE.RD.P6,Researchers in R&D (per million people),2008,3668.58989,,0
USA,United States,SP.POP.SCIE.RD.P6,Researchers in R&D (per million people),2007,3543.24508,,0
USA,United States,SP.POP.SCIE.RD.P6,Researchers in R&D (per million people),2006,3596.55336,,0
USA,United States,SP.POP.SCIE.RD.P6,Researchers in R&D (per million people),2005,3560.28174,,0
USA,United States,SP.POP.SCIE.RD.P6,Researchers in R&D (per million people),2004,3637.14002,,0
USA,United States,SP.POP.SCIE.RD.P6,Researchers in R&D (per million people),2003,3779.03771,,0
USA,United States,SP.POP.SCIE.RD.P6,Researchers in R&D (per million people),2002,3576.98706,,0
USA,United States,SP.POP.SCIE.RD.P6,Researchers in R&D (per million people),2001,3529.26596,,0
USA,United States,SP.POP.SCIE.RD.P6,Researchers in R&D (per million people),2000,3487.83262,,0
USA,United States,SP.POP.SCIE.RD.P6,Researchers in R&D (per million people),1999,3478.63413,,0
USA,United States,SP.POP.SCIE.RD.P6,Researchers in R&D (per million people),1998,3413.24357,,0
USA,United States,SP.POP.SCIE.RD.P6,Researchers in R&D (per million people),1997,3237.46993,,0
USA,United States,SP.POP.SCIE.RD.P6,Researchers in R&D (per million people),1996,3126.53057,,0
URY,Uruguay,SP.POP.SCIE.RD.P6,Researchers in R&D (per million people),2023,902.41575,,0
URY,Uruguay,SP.POP.SCIE.RD.P6,Researchers in R&D (per million people),2022,880.30452,,0
URY,Uruguay,SP.POP.SCIE.RD.P6,Researchers in R&D (per million people),2021,845.8214,,0
URY,Uruguay,SP.POP.SCIE.RD.P6,Researchers in R&D (per million people),2020,820.55725,,0
URY,Uruguay,SP.POP.SCIE.RD.P6,Researchers in R&D (per million people),2019,803.42212,,0
URY,Uruguay,SP.POP.SCIE.RD.P6,Researchers in R&D (per million people),2018,787.06548,,0
URY,Uruguay,SP.POP.SCIE.RD.P6,Researchers in R&D (per million people),2017,756.67885,,0
URY,Uruguay,SP.POP.SCIE.RD.P6,Researchers in R&D (per million people),2016,739.46982,,0
URY,Uruguay,SP.POP.SCIE.RD.P6,Researchers in R&D (per million people),2015,687.09204,,0
URY,Uruguay,SP.POP.SCIE.RD.P6,Researchers in R&D (per million people),2014,664.34395,,0
URY,Uruguay,SP.POP.SCIE.RD.P6,Researchers in R&D (per million people),2013,651.49701,,0
URY,Uruguay,SP.POP.SCIE.RD.P6,Researchers in R&D (per million people),2012,647.29155,,0
URY,Uruguay,SP.POP.SCIE.RD.P6,Researchers in R&D (per million people),2011,628.67776,,0
URY,Uruguay,SP.POP.SCIE.RD.P6,Researchers in R&D (per million people),2010,637.83958,,0
URY,Uruguay,SP.POP.SCIE.RD.P6,Researchers in R&D (per million people),2009,565.96314,,0
URY,Uruguay,SP.POP.SCIE.RD.P6,Researchers in R&D (per million people),2008,433.22906,,0
URY,Uruguay,SP.POP.SCIE.RD.P6,Researchers in R&D (per million people),2002,378.96957,,0
URY,Uruguay,SP.POP.SCIE.RD.P6,Researchers in R&D (per million people),2000,282.62753,,0
URY,Uruguay,SP.POP.SCIE.RD.P6,Researchers in R&D (per million people),1999,223.02794,,0
UZB,Uzbekistan,SP.POP.SCIE.RD.P6,Researchers in R&D (per million people),2023,542.07268,,0
UZB,Uzbekistan,SP.POP.SCIE.RD.P6,Researchers in R&D (per million people),2022,543.83922,,0
UZB,Uzbekistan,SP.POP.SCIE.RD.P6,Researchers in R&D (per million people),2021,523.87885,,0
UZB,Uzbekistan,SP.POP.SCIE.RD.P6,Researchers in R&D (per million people),2020,426.4918,,0
UZB,Uzbekistan,SP.POP.SCIE.RD.P6,Researchers in R&D (per million people),2019,422.11189,,0
UZB,Uzbekistan,SP.POP.SCIE.RD.P6,Researchers in R&D (per million people),2018,481.96007,,0
UZB,Uzbekistan,SP.POP.SCIE.RD.P6,Researchers in R&D (per million people),2017,501.98291,,0
UZB,Uzbekistan,SP.POP.SCIE.RD.P6,Researchers in R&D (per million people),2016,512.96908,,0
UZB,Uzbekistan,SP.POP.SCIE.RD.P6,Researchers in R&D (per million people),2015,504.73687,,0
UZB,Uzbekistan,SP.POP.SCIE.RD.P6,Researchers in R&D (per million people),2014,508.96456,,0
UZB,Uzbekistan,SP.POP.SCIE.RD.P6,Researchers in R&D (per million people),2013,514.76473,,0
UZB,Uzbekistan,SP.POP.SCIE.RD.P6,Researchers in R&D (per million people),2012,520.30903,,0
UZB,Uzbekistan,SP.POP.SCIE.RD.P6,Researchers in R&D (per million people),2011,582.25635,,0
UZB,Uzbekistan,SP.POP.SCIE.RD.P6,Researchers in R&D (per million people),2010,551.74753,,0
UZB,Uzbekistan,SP.POP.SCIE.RD.P6,Researchers in R&D (per million people),2009,580.2566,,0
UZB,Uzbekistan,SP.POP.SCIE.RD.P6,Researchers in R&D (per million people),2008,587.88058,,0
UZB,Uzbekistan,SP.POP.SCIE.RD.P6,Researchers in R&D (per million people),2007,563.73574,,0
UZB,Uzbekistan,SP.POP.SCIE.RD.P6,Researchers in R&D (per million people),2006,571.67593,,0
UZB,Uzbekistan,SP.POP.SCIE.RD.P6,Researchers in R&D (per million people),2005,638.4791,,0
UZB,Uzbekistan,SP.POP.SCIE.RD.P6,Researchers in R&D (per million people),2004,583.10334,,0
UZB,Uzbekistan,SP.POP.SCIE.RD.P6,Researchers in R&D (per million people),2003,592.78249,,0
UZB,Uzbekistan,SP.POP.SCIE.RD.P6,Researchers in R&D (per million people),2002,635.0763,,0
UZB,Uzbekistan,SP.POP.SCIE.RD.P6,Researchers in R&D (per million people),2001,618.85551,,0
UZB,Uzbekistan,SP.POP.SCIE.RD.P6,Researchers in R&D (per million people),2000,665.80742,,0
VEN,"Venezuela, RB",SP.POP.SCIE.RD.P6,Researchers in R&D (per million people),2023,179.95961,,0
VEN,"Venezuela, RB",SP.POP.SCIE.RD.P6,Researchers in R&D (per million people),2022,350.37843,,0
VEN,"Venezuela, RB",SP.POP.SCIE.RD.P6,Researchers in R&D (per million people),2021,276.3565,,0
VEN,"Venezuela, RB",SP.POP.SCIE.RD.P6,Researchers in R&D (per million people),2020,289.59954,,0
VEN,"Venezuela, RB",SP.POP.SCIE.RD.P6,Researchers in R&D (per million people),2019,230.87605,,0
VEN,"Venezuela, RB",SP.POP.SCIE.RD.P6,Researchers in R&D (per million people),2016,291.69278,,0
VEN,"Venezuela, RB",SP.POP.SCIE.RD.P6,Researchers in R&D (per million people),2015,246.15054,,0
VEN,"Venezuela, RB",SP.POP.SCIE.RD.P6,Researchers in R&D (per million people),2014,272.27029,,0
VEN,"Venezuela, RB",SP.POP.SCIE.RD.P6,Researchers in R&D (per million people),2013,364.33159,,0
VEN,"Venezuela, RB",SP.POP.SCIE.RD.P6,Researchers in R&D (per million people),2012,295.73383,,0
VEN,"Venezuela, RB",SP.POP.SCIE.RD.P6,Researchers in R&D (per million people),2011,231.7288,,0
VEN,"Venezuela, RB",SP.POP.SCIE.RD.P6,Researchers in R&D (per million people),2010,202.71225,,0
VEN,"Venezuela, RB",SP.POP.SCIE.RD.P6,Researchers in R&D (per million people),2009,184.39061,,0
VEN,"Venezuela, RB",SP.POP.SCIE.RD.P6,Researchers in R&D (per million people),2008,188.85344,,0
VEN,"Venezuela, RB",SP.POP.SCIE.RD.P6,Researchers in R&D (per million people),2007,164.09665,,0
VEN,"Venezuela, RB",SP.POP.SCIE.RD.P6,Researchers in R&D (per million people),2006,147.25143,,0
VEN,"Venezuela, RB",SP.POP.SCIE.RD.P6,Researchers in R&D (per million people),2005,122.2736,,0
VEN,"Venezuela, RB",SP.POP.SCIE.RD.P6,Researchers in R&D (per million people),2004,105.25189,,0
VEN,"Venezuela, RB",SP.POP.SCIE.RD.P6,Researchers in R&D (per million people),2003,95.45289,,0
VEN,"Venezuela, RB",SP.POP.SCIE.RD.P6,Researchers in R&D (per million people),2002,69.86922,,0
VEN,"Venezuela, RB",SP.POP.SCIE.RD.P6,Researchers in R&D (per million people),2001,71.13539,,0
VEN,"Venezuela, RB",SP.POP.SCIE.RD.P6,Researchers in R&D (per million people),2000,61.52819,,0
VEN,"Venezuela, RB",SP.POP.SCIE.RD.P6,Researchers in R&D (per million people),1999,56.05112,,0
VEN,"Venezuela, RB",SP.POP.SCIE.RD.P6,Researchers in R&D (per million people),1998,49.59925,,0
VNM,Viet Nam,SP.POP.SCIE.RD.P6,Researchers in R&D (per million people),2021,767.88667,,0
VNM,Viet Nam,SP.POP.SCIE.RD.P6,Researchers in R&D (per million people),2019,754.61752,,0
VNM,Viet Nam,SP.POP.SCIE.RD.P6,Researchers in R&D (per million people),2017,707.70007,,0
VNM,Viet Nam,SP.POP.SCIE.RD.P6,Researchers in R&D (per million people),2015,681.68167,,0
VNM,Viet Nam,SP.POP.SCIE.RD.P6,Researchers in R&D (per million people),2013,684.84168,,0
VNM,Viet Nam,SP.POP.SCIE.RD.P6,Researchers in R&D (per million people),2002,119.01999,,0
PSE,West Bank and Gaza,SP.POP.SCIE.RD.P6,Researchers in R&D (per million people),2013,584.35347,,0
PSE,West Bank and Gaza,SP.POP.SCIE.RD.P6,Researchers in R&D (per million people),2010,330.6725,,0
PSE,West Bank and Gaza,SP.POP.SCIE.RD.P6,Researchers in R&D (per million people),2009,146.32938,,0
PSE,West Bank and Gaza,SP.POP.SCIE.RD.P6,Researchers in R&D (per million people),2008,95.94897,,0
PSE,West Bank and Gaza,SP.POP.SCIE.RD.P6,Researchers in R&D (per million people),2007,75.87829,,0
ZMB,Zambia,SP.POP.SCIE.RD.P6,Researchers in R&D (per million people),2008,41.90146,,0
ZMB,Zambia,SP.POP.SCIE.RD.P6,Researchers in R&D (per million people),1999,55.79382,,0
ZMB,Zambia,SP.POP.SCIE.RD.P6,Researchers in R&D (per million people),1998,56.4222,,0
ZMB,Zambia,SP.POP.SCIE.RD.P6,Researchers in R&D (per million people),1997,54.29949,,0
ZMB,Zambia,SP.POP.SCIE.RD.P6,Researchers in R&D (per million people),1996,50.04499,,0
ZWE,Zimbabwe,SP.POP.SCIE.RD.P6,Researchers in R&D (per million people),2012,95.1253,,0
