country_code,country_name,indicator_code,indicator_name,year,value,unit,decimal
AFE,Africa Eastern and Southern,IP.JRN.ARTC.SC,Scientific and technical journal articles,2022,32147.61,,0
AFE,Africa Eastern and Southern,IP.JRN.ARTC.SC,Scientific and technical journal articles,2021,29748.14,,0
AFE,Africa Eastern and Southern,IP.JRN.ARTC.SC,Scientific and technical journal articles,2020,26673.16,,0
AFE,Africa Eastern and Southern,IP.JRN.ARTC.SC,Scientific and technical journal articles,2019,23744.2,,0
AFE,Africa Eastern and Southern,IP.JRN.ARTC.SC,Scientific and technical journal articles,2018,20808.34,,0
AFE,Africa Eastern and Southern,IP.JRN.ARTC.SC,Scientific and technical journal articles,2017,19423.29,,0
AFE,Africa Eastern and Southern,IP.JRN.ARTC.SC,Scientific and technical journal articles,2016,17736.93,,0
AFE,Africa Eastern and Southern,IP.JRN.ARTC.SC,Scientific and technical journal articles,2015,16096.75,,0
AFE,Africa Eastern and Southern,IP.JRN.ARTC.SC,Scientific and technical journal articles,2014,14981.82,,0
AFE,Africa Eastern and Southern,IP.JRN.ARTC.SC,Scientific and technical journal articles,2013,13788.03,,0
AFE,Africa Eastern and Southern,IP.JRN.ARTC.SC,Scientific and technical journal articles,2012,12813.96,,0
AFE,Africa Eastern and Southern,IP.JRN.ARTC.SC,Scientific and technical journal articles,2011,11759.097192885,,0
AFE,Africa Eastern and Southern,IP.JRN.ARTC.SC,Scientific and technical journal articles,2010,10865.3778012311,,0
AFE,Africa Eastern and Southern,IP.JRN.ARTC.SC,Scientific and technical journal articles,2009,9986.74143008882,,0
AFE,Africa Eastern and Southern,IP.JRN.ARTC.SC,Scientific and technical journal articles,2008,8918.09969792829,,0
AFE,Africa Eastern and Southern,IP.JRN.ARTC.SC,Scientific and technical journal articles,2007,8499.3421312698,,0
AFE,Africa Eastern and Southern,IP.JRN.ARTC.SC,Scientific and technical journal articles,2006,8028.56003540229,,0
AFE,Africa Eastern and Southern,IP.JRN.ARTC.SC,Scientific and technical journal articles,2005,7229.67072358123,,0
AFE,Africa Eastern and Southern,IP.JRN.ARTC.SC,Scientific and technical journal articles,2004,6777.70190840899,,0
AFE,Africa Eastern and Southern,IP.JRN.ARTC.SC,Scientific and technical journal articles,2003,6094.2076821748,,0
AFE,Africa Eastern and Southern,IP.JRN.ARTC.SC,Scientific and technical journal articles,2002,6130.32790551615,,0
AFE,Africa Eastern and Southern,IP.JRN.ARTC.SC,Scientific and technical journal articles,2001,5746.20838370241,,0
AFE,Africa Eastern and Southern,IP.JRN.ARTC.SC,Scientific and technical journal articles,2000,5498.8978694626,,0
AFE,Africa Eastern and Southern,IP.JRN.ARTC.SC,Scientific and technical journal articles,1999,5584.81345977634,,0
AFE,Africa Eastern and Southern,IP.JRN.ARTC.SC,Scientific and technical journal articles,1998,5436.0491497116,,0
AFE,Africa Eastern and Southern,IP.JRN.ARTC.SC,Scientific and technical journal articles,1997,5410.08165403097,,0
AFE,Africa Eastern and Southern,IP.JRN.ARTC.SC,Scientific and technical journal articles,1996,5343.78251636869,,0
AFW,Africa Western and Central,IP.JRN.ARTC.SC,Scientific and technical journal articles,2022,16427.93,,0
AFW,Africa Western and Central,IP.JRN.ARTC.SC,Scientific and technical journal articles,2021,15600.59,,0
AFW,Africa Western and Central,IP.JRN.ARTC.SC,Scientific and technical journal articles,2020,13262.46,,0
AFW,Africa Western and Central,IP.JRN.ARTC.SC,Scientific and technical journal articles,2019,11283.85,,0
AFW,Africa Western and Central,IP.JRN.ARTC.SC,Scientific and technical journal articles,2018,9461.42,,0
AFW,Africa Western and Central,IP.JRN.ARTC.SC,Scientific and technical journal articles,2017,7951.93,,0
AFW,Africa Western and Central,IP.JRN.ARTC.SC,Scientific and technical journal articles,2016,7091.34,,0
AFW,Africa Western and Central,IP.JRN.ARTC.SC,Scientific and technical journal articles,2015,6326.3,,0
AFW,Africa Western and Central,IP.JRN.ARTC.SC,Scientific and technical journal articles,2014,6056.44,,0
AFW,Africa Western and Central,IP.JRN.ARTC.SC,Scientific and technical journal articles,2013,5346.36,,0
AFW,Africa Western and Central,IP.JRN.ARTC.SC,Scientific and technical journal articles,2012,5198.13,,0
AFW,Africa Western and Central,IP.JRN.ARTC.SC,Scientific and technical journal articles,2011,5326.41,,0
AFW,Africa Western and Central,IP.JRN.ARTC.SC,Scientific and technical journal articles,2010,4841.57,,0
AFW,Africa Western and Central,IP.JRN.ARTC.SC,Scientific and technical journal articles,2009,4459.39,,0
AFW,Africa Western and Central,IP.JRN.ARTC.SC,Scientific and technical journal articles,2008,3749.59,,0
AFW,Africa Western and Central,IP.JRN.ARTC.SC,Scientific and technical journal articles,2007,3510.25,,0
AFW,Africa Western and Central,IP.JRN.ARTC.SC,Scientific and technical journal articles,2006,3235.49,,0
AFW,Africa Western and Central,IP.JRN.ARTC.SC,Scientific and technical journal articles,2005,2966.44,,0
AFW,Africa Western and Central,IP.JRN.ARTC.SC,Scientific and technical journal articles,2004,2524.39,,0
AFW,Africa Western and Central,IP.JRN.ARTC.SC,Scientific and technical journal articles,2003,2329.83,,0
AFW,Africa Western and Central,IP.JRN.ARTC.SC,Scientific and technical journal articles,2002,2095.6,,0
AFW,Africa Western and Central,IP.JRN.ARTC.SC,Scientific and technical journal articles,2001,1868.87534834432,,0
AFW,Africa Western and Central,IP.JRN.ARTC.SC,Scientific and technical journal articles,2000,1776.33218222457,,0
AFW,Africa Western and Central,IP.JRN.ARTC.SC,Scientific and technical journal articles,1999,1834.9538675682,,0
AFW,Africa Western and Central,IP.JRN.ARTC.SC,Scientific and technical journal articles,1998,1786.24430323058,,0
AFW,Africa Western and Central,IP.JRN.ARTC.SC,Scientific and technical journal articles,1997,1760.23249477238,,0
AFW,Africa Western and Central,IP.JRN.ARTC.SC,Scientific and technical journal articles,1996,1644.63453959234,,0
ARB,Arab World,IP.JRN.ARTC.SC,Scientific and technical journal articles,2022,107804.99,,0
ARB,Arab World,IP.JRN.ARTC.SC,Scientific and technical journal articles,2021,93956.92,,0
ARB,Arab World,IP.JRN.ARTC.SC,Scientific and technical journal articles,2020,76668.96,,0
ARB,Arab World,IP.JRN.ARTC.SC,Scientific and technical journal articles,2019,67135.88,,0
ARB,Arab World,IP.JRN.ARTC.SC,Scientific and technical journal articles,2018,55701.93,,0
ARB,Arab World,IP.JRN.ARTC.SC,Scientific and technical journal articles,2017,48844.78,,0
ARB,Arab World,IP.JRN.ARTC.SC,Scientific and technical journal articles,2016,45310.22,,0
ARB,Arab World,IP.JRN.ARTC.SC,Scientific and technical journal articles,2015,39907.31,,0
ARB,Arab World,IP.JRN.ARTC.SC,Scientific and technical journal articles,2014,36837.68,,0
ARB,Arab World,IP.JRN.ARTC.SC,Scientific and technical journal articles,2013,34224.99,,0
ARB,Arab World,IP.JRN.ARTC.SC,Scientific and technical journal articles,2012,31112.57,,0
ARB,Arab World,IP.JRN.ARTC.SC,Scientific and technical journal articles,2011,27347.11,,0
ARB,Arab World,IP.JRN.ARTC.SC,Scientific and technical journal articles,2010,24361.41,,0
ARB,Arab World,IP.JRN.ARTC.SC,Scientific and technical journal articles,2009,21842.44,,0
ARB,Arab World,IP.JRN.ARTC.SC,Scientific and technical journal articles,2008,18419.92,,0
ARB,Arab World,IP.JRN.ARTC.SC,Scientific and technical journal articles,2007,16099.580968969,,0
ARB,Arab World,IP.JRN.ARTC.SC,Scientific and technical journal articles,2006,14635.5553896822,,0
ARB,Arab World,IP.JRN.ARTC.SC,Scientific and technical journal articles,2005,12967.4423044422,,0
ARB,Arab World,IP.JRN.ARTC.SC,Scientific and technical journal articles,2004,12028.6217755129,,0
ARB,Arab World,IP.JRN.ARTC.SC,Scientific and technical journal articles,2003,11215.5090912889,,0
ARB,Arab World,IP.JRN.ARTC.SC,Scientific and technical journal articles,2002,9809.14174472403,,0
ARB,Arab World,IP.JRN.ARTC.SC,Scientific and technical journal articles,2001,9431.9593851907,,0
ARB,Arab World,IP.JRN.ARTC.SC,Scientific and technical journal articles,2000,8731.41356399869,,0
ARB,Arab World,IP.JRN.ARTC.SC,Scientific and technical journal articles,1999,7919.37721059639,,0
ARB,Arab World,IP.JRN.ARTC.SC,Scientific and technical journal articles,1998,7911.83622294394,,0
ARB,Arab World,IP.JRN.ARTC.SC,Scientific and technical journal articles,1997,7411.8807431584,,0
ARB,Arab World,IP.JRN.ARTC.SC,Scientific and technical journal articles,1996,7023.40986464853,,0
CSS,Caribbean small states,IP.JRN.ARTC.SC,Scientific and technical journal articles,2022,528.79,,0
CSS,Caribbean small states,IP.JRN.ARTC.SC,Scientific and technical journal articles,2021,534.33,,0
CSS,Caribbean small states,IP.JRN.ARTC.SC,Scientific and technical journal articles,2020,506.35,,0
CSS,Caribbean small states,IP.JRN.ARTC.SC,Scientific and technical journal articles,2019,473.96,,0
CSS,Caribbean small states,IP.JRN.ARTC.SC,Scientific and technical journal articles,2018,439.79,,0
CSS,Caribbean small states,IP.JRN.ARTC.SC,Scientific and technical journal articles,2017,444.8,,0
CSS,Caribbean small states,IP.JRN.ARTC.SC,Scientific and technical journal articles,2016,397.28,,0
CSS,Caribbean small states,IP.JRN.ARTC.SC,Scientific and technical journal articles,2015,320.67,,0
CSS,Caribbean small states,IP.JRN.ARTC.SC,Scientific and technical journal articles,2014,412.47,,0
CSS,Caribbean small states,IP.JRN.ARTC.SC,Scientific and technical journal articles,2013,325.56,,0
CSS,Caribbean small states,IP.JRN.ARTC.SC,Scientific and technical journal articles,2012,347.66,,0
CSS,Caribbean small states,IP.JRN.ARTC.SC,Scientific and technical journal articles,2011,325.54,,0
CSS,Caribbean small states,IP.JRN.ARTC.SC,Scientific and technical journal articles,2010,323.9,,0
CSS,Caribbean small states,IP.JRN.ARTC.SC,Scientific and technical journal articles,2009,311.56,,0
CSS,Caribbean small states,IP.JRN.ARTC.SC,Scientific and technical journal articles,2008,273.752876977096,,0
CSS,Caribbean small states,IP.JRN.ARTC.SC,Scientific and technical journal articles,2007,289.028279483297,,0
CSS,Caribbean small states,IP.JRN.ARTC.SC,Scientific and technical journal articles,2006,229.252067069071,,0
CSS,Caribbean small states,IP.JRN.ARTC.SC,Scientific and technical journal articles,2005,266.694639438865,,0
CSS,Caribbean small states,IP.JRN.ARTC.SC,Scientific and technical journal articles,2004,219.33932840058,,0
CSS,Caribbean small states,IP.JRN.ARTC.SC,Scientific and technical journal articles,2003,199.848737624389,,0
CSS,Caribbean small states,IP.JRN.ARTC.SC,Scientific and technical journal articles,2002,177.109715052166,,0
CSS,Caribbean small states,IP.JRN.ARTC.SC,Scientific and technical journal articles,2001,181.866152811525,,0
CSS,Caribbean small states,IP.JRN.ARTC.SC,Scientific and technical journal articles,2000,140.070571008426,,0
CSS,Caribbean small states,IP.JRN.ARTC.SC,Scientific and technical journal articles,1999,134.080105776274,,0
CSS,Caribbean small states,IP.JRN.ARTC.SC,Scientific and technical journal articles,1998,139.089197864592,,0
CSS,Caribbean small states,IP.JRN.ARTC.SC,Scientific and technical journal articles,1997,126.788251431583,,0
CSS,Caribbean small states,IP.JRN.ARTC.SC,Scientific and technical journal articles,1996,111.77754993256,,0
CEB,Central Europe and the Baltics,IP.JRN.ARTC.SC,Scientific and technical journal articles,2022,98889.51,,0
CEB,Central Europe and the Baltics,IP.JRN.ARTC.SC,Scientific and technical journal articles,2021,105413.09,,0
CEB,Central Europe and the Baltics,IP.JRN.ARTC.SC,Scientific and technical journal articles,2020,97538.69,,0
CEB,Central Europe and the Baltics,IP.JRN.ARTC.SC,Scientific and technical journal articles,2019,95681.72,,0
CEB,Central Europe and the Baltics,IP.JRN.ARTC.SC,Scientific and technical journal articles,2018,89559.85,,0
CEB,Central Europe and the Baltics,IP.JRN.ARTC.SC,Scientific and technical journal articles,2017,88914.24,,0
CEB,Central Europe and the Baltics,IP.JRN.ARTC.SC,Scientific and technical journal articles,2016,87470.5,,0
CEB,Central Europe and the Baltics,IP.JRN.ARTC.SC,Scientific and technical journal articles,2015,86912.83,,0
CEB,Central Europe and the Baltics,IP.JRN.ARTC.SC,Scientific and technical journal articles,2014,83037.76,,0
CEB,Central Europe and the Baltics,IP.JRN.ARTC.SC,Scientific and technical journal articles,2013,79215.79,,0
CEB,Central Europe and the Baltics,IP.JRN.ARTC.SC,Scientific and technical journal articles,2012,77414.47,,0
CEB,Central Europe and the Baltics,IP.JRN.ARTC.SC,Scientific and technical journal articles,2011,74681.85,,0
CEB,Central Europe and the Baltics,IP.JRN.ARTC.SC,Scientific and technical journal articles,2010,70956.31,,0
CEB,Central Europe and the Baltics,IP.JRN.ARTC.SC,Scientific and technical journal articles,2009,67000.33,,0
CEB,Central Europe and the Baltics,IP.JRN.ARTC.SC,Scientific and technical journal articles,2008,64908.38,,0
CEB,Central Europe and the Baltics,IP.JRN.ARTC.SC,Scientific and technical journal articles,2007,57830.97,,0
CEB,Central Europe and the Baltics,IP.JRN.ARTC.SC,Scientific and technical journal articles,2006,53261.04,,0
CEB,Central Europe and the Baltics,IP.JRN.ARTC.SC,Scientific and technical journal articles,2005,49807.07,,0
CEB,Central Europe and the Baltics,IP.JRN.ARTC.SC,Scientific and technical journal articles,2004,44248.98,,0
CEB,Central Europe and the Baltics,IP.JRN.ARTC.SC,Scientific and technical journal articles,2003,40549.65,,0
CEB,Central Europe and the Baltics,IP.JRN.ARTC.SC,Scientific and technical journal articles,2002,38188.08,,0
CEB,Central Europe and the Baltics,IP.JRN.ARTC.SC,Scientific and technical journal articles,2001,35550.74,,0
CEB,Central Europe and the Baltics,IP.JRN.ARTC.SC,Scientific and technical journal articles,2000,33683,,0
CEB,Central Europe and the Baltics,IP.JRN.ARTC.SC,Scientific and technical journal articles,1999,31107.24,,0
CEB,Central Europe and the Baltics,IP.JRN.ARTC.SC,Scientific and technical journal articles,1998,30307.64,,0
CEB,Central Europe and the Baltics,IP.JRN.ARTC.SC,Scientific and technical journal articles,1997,29131.52,,0
CEB,Central Europe and the Baltics,IP.JRN.ARTC.SC,Scientific and technical journal articles,1996,28442.05,,0
EAR,Early-demographic dividend,IP.JRN.ARTC.SC,Scientific and technical journal articles,2022,541101.88,,0
EAR,Early-demographic dividend,IP.JRN.ARTC.SC,Scientific and technical journal articles,2021,502414.28,,0
EAR,Early-demographic dividend,IP.JRN.ARTC.SC,Scientific and technical journal articles,2020,429598.48,,0
EAR,Early-demographic dividend,IP.JRN.ARTC.SC,Scientific and technical journal articles,2019,391092.69,,0
EAR,Early-demographic dividend,IP.JRN.ARTC.SC,Scientific and technical journal articles,2018,349873.93,,0
EAR,Early-demographic dividend,IP.JRN.ARTC.SC,Scientific and technical journal articles,2017,311591.64,,0
EAR,Early-demographic dividend,IP.JRN.ARTC.SC,Scientific and technical journal articles,2016,289058.62,,0
EAR,Early-demographic dividend,IP.JRN.ARTC.SC,Scientific and technical journal articles,2015,262238.67,,0
EAR,Early-demographic dividend,IP.JRN.ARTC.SC,Scientific and technical journal articles,2014,246659.81,,0
EAR,Early-demographic dividend,IP.JRN.ARTC.SC,Scientific and technical journal articles,2013,227491.97,,0
EAR,Early-demographic dividend,IP.JRN.ARTC.SC,Scientific and technical journal articles,2012,214999.4,,0
EAR,Early-demographic dividend,IP.JRN.ARTC.SC,Scientific and technical journal articles,2011,200340.291817911,,0
EAR,Early-demographic dividend,IP.JRN.ARTC.SC,Scientific and technical journal articles,2010,177061.63354478,,0
EAR,Early-demographic dividend,IP.JRN.ARTC.SC,Scientific and technical journal articles,2009,159975.69591913,,0
EAR,Early-demographic dividend,IP.JRN.ARTC.SC,Scientific and technical journal articles,2008,142573.411514025,,0
EAR,Early-demographic dividend,IP.JRN.ARTC.SC,Scientific and technical journal articles,2007,128247.002027625,,0
EAR,Early-demographic dividend,IP.JRN.ARTC.SC,Scientific and technical journal articles,2006,116765.28613831,,0
EAR,Early-demographic dividend,IP.JRN.ARTC.SC,Scientific and technical journal articles,2005,101922.533745332,,0
EAR,Early-demographic dividend,IP.JRN.ARTC.SC,Scientific and technical journal articles,2004,90751.0397895865,,0
EAR,Early-demographic dividend,IP.JRN.ARTC.SC,Scientific and technical journal articles,2003,82414.911457461,,0
EAR,Early-demographic dividend,IP.JRN.ARTC.SC,Scientific and technical journal articles,2002,74370.1900158968,,0
EAR,Early-demographic dividend,IP.JRN.ARTC.SC,Scientific and technical journal articles,2001,67381.1884482176,,0
EAR,Early-demographic dividend,IP.JRN.ARTC.SC,Scientific and technical journal articles,2000,62913.6759537101,,0
EAR,Early-demographic dividend,IP.JRN.ARTC.SC,Scientific and technical journal articles,1999,59988.0477714647,,0
EAR,Early-demographic dividend,IP.JRN.ARTC.SC,Scientific and technical journal articles,1998,57062.3295889677,,0
EAR,Early-demographic dividend,IP.JRN.ARTC.SC,Scientific and technical journal articles,1997,55865.1562407753,,0
EAR,Early-demographic dividend,IP.JRN.ARTC.SC,Scientific and technical journal articles,1996,53177.3754229868,,0
EAS,East Asia & Pacific,IP.JRN.ARTC.SC,Scientific and technical journal articles,2022,1294313.09653981,,0
EAS,East Asia & Pacific,IP.JRN.ARTC.SC,Scientific and technical journal articles,2021,1170380.29588931,,0
EAS,East Asia & Pacific,IP.JRN.ARTC.SC,Scientific and technical journal articles,2020,1043143.59775039,,0
EAS,East Asia & Pacific,IP.JRN.ARTC.SC,Scientific and technical journal articles,2019,980962.541960228,,0
EAS,East Asia & Pacific,IP.JRN.ARTC.SC,Scientific and technical journal articles,2018,872743.270222718,,0
EAS,East Asia & Pacific,IP.JRN.ARTC.SC,Scientific and technical journal articles,2017,791571.034227269,,0
EAS,East Asia & Pacific,IP.JRN.ARTC.SC,Scientific and technical journal articles,2016,749824.343158372,,0
EAS,East Asia & Pacific,IP.JRN.ARTC.SC,Scientific and technical journal articles,2015,713383.549145216,,0
EAS,East Asia & Pacific,IP.JRN.ARTC.SC,Scientific and technical journal articles,2014,689579.923287446,,0
EAS,East Asia & Pacific,IP.JRN.ARTC.SC,Scientific and technical journal articles,2013,655985.306846888,,0
EAS,East Asia & Pacific,IP.JRN.ARTC.SC,Scientific and technical journal articles,2012,622404.723941333,,0
EAS,East Asia & Pacific,IP.JRN.ARTC.SC,Scientific and technical journal articles,2011,613237.216498075,,0
EAS,East Asia & Pacific,IP.JRN.ARTC.SC,Scientific and technical journal articles,2010,584273.914206839,,0
EAS,East Asia & Pacific,IP.JRN.ARTC.SC,Scientific and technical journal articles,2009,546848.858884115,,0
EAS,East Asia & Pacific,IP.JRN.ARTC.SC,Scientific and technical journal articles,2008,497999.699423236,,0
EAS,East Asia & Pacific,IP.JRN.ARTC.SC,Scientific and technical journal articles,2007,454958.118944049,,0
EAS,East Asia & Pacific,IP.JRN.ARTC.SC,Scientific and technical journal articles,2006,429159.419069291,,0
EAS,East Asia & Pacific,IP.JRN.ARTC.SC,Scientific and technical journal articles,2005,387916.004122762,,0
EAS,East Asia & Pacific,IP.JRN.ARTC.SC,Scientific and technical journal articles,2004,320509.266231878,,0
EAS,East Asia & Pacific,IP.JRN.ARTC.SC,Scientific and technical journal articles,2003,273132.614500073,,0
EAS,East Asia & Pacific,IP.JRN.ARTC.SC,Scientific and technical journal articles,2002,248146.890215244,,0
EAS,East Asia & Pacific,IP.JRN.ARTC.SC,Scientific and technical journal articles,2001,237265.371385416,,0
EAS,East Asia & Pacific,IP.JRN.ARTC.SC,Scientific and technical journal articles,2000,215660.568289702,,0
EAS,East Asia & Pacific,IP.JRN.ARTC.SC,Scientific and technical journal articles,1999,200340.729769102,,0
EAS,East Asia & Pacific,IP.JRN.ARTC.SC,Scientific and technical journal articles,1998,192525.820749357,,0
EAS,East Asia & Pacific,IP.JRN.ARTC.SC,Scientific and technical journal articles,1997,183859.146983654,,0
EAS,East Asia & Pacific,IP.JRN.ARTC.SC,Scientific and technical journal articles,1996,171297.009330396,,0
EAP,East Asia & Pacific (excluding high income),IP.JRN.ARTC.SC,Scientific and technical journal articles,2022,991725.68,,0
EAP,East Asia & Pacific (excluding high income),IP.JRN.ARTC.SC,Scientific and technical journal articles,2021,863913.98,,0
EAP,East Asia & Pacific (excluding high income),IP.JRN.ARTC.SC,Scientific and technical journal articles,2020,754573.6,,0
EAP,East Asia & Pacific (excluding high income),IP.JRN.ARTC.SC,Scientific and technical journal articles,2019,694424.96,,0
EAP,East Asia & Pacific (excluding high income),IP.JRN.ARTC.SC,Scientific and technical journal articles,2018,594293.53,,0
EAP,East Asia & Pacific (excluding high income),IP.JRN.ARTC.SC,Scientific and technical journal articles,2017,518822.52,,0
EAP,East Asia & Pacific (excluding high income),IP.JRN.ARTC.SC,Scientific and technical journal articles,2016,477116.99,,0
EAP,East Asia & Pacific (excluding high income),IP.JRN.ARTC.SC,Scientific and technical journal articles,2015,442047.73,,0
EAP,East Asia & Pacific (excluding high income),IP.JRN.ARTC.SC,Scientific and technical journal articles,2014,416806.04,,0
EAP,East Asia & Pacific (excluding high income),IP.JRN.ARTC.SC,Scientific and technical journal articles,2013,384404.68,,0
EAP,East Asia & Pacific (excluding high income),IP.JRN.ARTC.SC,Scientific and technical journal articles,2012,355804.54,,0
EAP,East Asia & Pacific (excluding high income),IP.JRN.ARTC.SC,Scientific and technical journal articles,2011,348635.399044937,,0
EAP,East Asia & Pacific (excluding high income),IP.JRN.ARTC.SC,Scientific and technical journal articles,2010,330568.556236402,,0
EAP,East Asia & Pacific (excluding high income),IP.JRN.ARTC.SC,Scientific and technical journal articles,2009,302661.672524774,,0
EAP,East Asia & Pacific (excluding high income),IP.JRN.ARTC.SC,Scientific and technical journal articles,2008,261974.843461524,,0
EAP,East Asia & Pacific (excluding high income),IP.JRN.ARTC.SC,Scientific and technical journal articles,2007,224221.420819485,,0
EAP,East Asia & Pacific (excluding high income),IP.JRN.ARTC.SC,Scientific and technical journal articles,2006,202492.088703617,,0
EAP,East Asia & Pacific (excluding high income),IP.JRN.ARTC.SC,Scientific and technical journal articles,2005,173794.486211808,,0
EAP,East Asia & Pacific (excluding high income),IP.JRN.ARTC.SC,Scientific and technical journal articles,2004,128095.290394964,,0
EAP,East Asia & Pacific (excluding high income),IP.JRN.ARTC.SC,Scientific and technical journal articles,2003,93996.8360497877,,0
EAP,East Asia & Pacific (excluding high income),IP.JRN.ARTC.SC,Scientific and technical journal articles,2002,80014.8478392013,,0
EAP,East Asia & Pacific (excluding high income),IP.JRN.ARTC.SC,Scientific and technical journal articles,2001,74706.7531429417,,0
EAP,East Asia & Pacific (excluding high income),IP.JRN.ARTC.SC,Scientific and technical journal articles,2000,57407.2583400872,,0
EAP,East Asia & Pacific (excluding high income),IP.JRN.ARTC.SC,Scientific and technical journal articles,1999,48482.9427679891,,0
EAP,East Asia & Pacific (excluding high income),IP.JRN.ARTC.SC,Scientific and technical journal articles,1998,46845.5040406627,,0
EAP,East Asia & Pacific (excluding high income),IP.JRN.ARTC.SC,Scientific and technical journal articles,1997,40284.4387947809,,0
EAP,East Asia & Pacific (excluding high income),IP.JRN.ARTC.SC,Scientific and technical journal articles,1996,36169.474407637,,0
TEA,East Asia & Pacific (IDA & IBRD countries),IP.JRN.ARTC.SC,Scientific and technical journal articles,2022,991470.328324497,,0
TEA,East Asia & Pacific (IDA & IBRD countries),IP.JRN.ARTC.SC,Scientific and technical journal articles,2021,863675.970709972,,0
TEA,East Asia & Pacific (IDA & IBRD countries),IP.JRN.ARTC.SC,Scientific and technical journal articles,2020,754404.144636526,,0
TEA,East Asia & Pacific (IDA & IBRD countries),IP.JRN.ARTC.SC,Scientific and technical journal articles,2019,694287.133985583,,0
TEA,East Asia & Pacific (IDA & IBRD countries),IP.JRN.ARTC.SC,Scientific and technical journal articles,2018,594210.725394068,,0
TEA,East Asia & Pacific (IDA & IBRD countries),IP.JRN.ARTC.SC,Scientific and technical journal articles,2017,518772.391075057,,0
TEA,East Asia & Pacific (IDA & IBRD countries),IP.JRN.ARTC.SC,Scientific and technical journal articles,2016,477078.7,,0
TEA,East Asia & Pacific (IDA & IBRD countries),IP.JRN.ARTC.SC,Scientific and technical journal articles,2015,442014.66,,0
TEA,East Asia & Pacific (IDA & IBRD countries),IP.JRN.ARTC.SC,Scientific and technical journal articles,2014,416794.39,,0
TEA,East Asia & Pacific (IDA & IBRD countries),IP.JRN.ARTC.SC,Scientific and technical journal articles,2013,384400.11,,0
TEA,East Asia & Pacific (IDA & IBRD countries),IP.JRN.ARTC.SC,Scientific and technical journal articles,2012,355789.41,,0
TEA,East Asia & Pacific (IDA & IBRD countries),IP.JRN.ARTC.SC,Scientific and technical journal articles,2011,348630.469073861,,0
TEA,East Asia & Pacific (IDA & IBRD countries),IP.JRN.ARTC.SC,Scientific and technical journal articles,2010,330566.117927129,,0
TEA,East Asia & Pacific (IDA & IBRD countries),IP.JRN.ARTC.SC,Scientific and technical journal articles,2009,302658.304973569,,0
TEA,East Asia & Pacific (IDA & IBRD countries),IP.JRN.ARTC.SC,Scientific and technical journal articles,2008,261968.649531745,,0
TEA,East Asia & Pacific (IDA & IBRD countries),IP.JRN.ARTC.SC,Scientific and technical journal articles,2007,224223.466785622,,0
TEA,East Asia & Pacific (IDA & IBRD countries),IP.JRN.ARTC.SC,Scientific and technical journal articles,2006,202495.128537672,,0
TEA,East Asia & Pacific (IDA & IBRD countries),IP.JRN.ARTC.SC,Scientific and technical journal articles,2005,173801.293400451,,0
TEA,East Asia & Pacific (IDA & IBRD countries),IP.JRN.ARTC.SC,Scientific and technical journal articles,2004,128096.611504089,,0
TEA,East Asia & Pacific (IDA & IBRD countries),IP.JRN.ARTC.SC,Scientific and technical journal articles,2003,93997.5790193028,,0
TEA,East Asia & Pacific (IDA & IBRD countries),IP.JRN.ARTC.SC,Scientific and technical journal articles,2002,80015.5546705882,,0
TEA,East Asia & Pacific (IDA & IBRD countries),IP.JRN.ARTC.SC,Scientific and technical journal articles,2001,74709.8663681798,,0
TEA,East Asia & Pacific (IDA & IBRD countries),IP.JRN.ARTC.SC,Scientific and technical journal articles,2000,57408.1367720932,,0
TEA,East Asia & Pacific (IDA & IBRD countries),IP.JRN.ARTC.SC,Scientific and technical journal articles,1999,48484.4759700272,,0
TEA,East Asia & Pacific (IDA & IBRD countries),IP.JRN.ARTC.SC,Scientific and technical journal articles,1998,46846.3264998811,,0
TEA,East Asia & Pacific (IDA & IBRD countries),IP.JRN.ARTC.SC,Scientific and technical journal articles,1997,40284.5576653956,,0
TEA,East Asia & Pacific (IDA & IBRD countries),IP.JRN.ARTC.SC,Scientific and technical journal articles,1996,36170.1341846869,,0
EMU,Euro area,IP.JRN.ARTC.SC,Scientific and technical journal articles,2022,485477,,0
EMU,Euro area,IP.JRN.ARTC.SC,Scientific and technical journal articles,2021,502374.43,,0
EMU,Euro area,IP.JRN.ARTC.SC,Scientific and technical journal articles,2020,469341.02,,0
EMU,Euro area,IP.JRN.ARTC.SC,Scientific and technical journal articles,2019,453704.98,,0
EMU,Euro area,IP.JRN.ARTC.SC,Scientific and technical journal articles,2018,439361.75,,0
EMU,Euro area,IP.JRN.ARTC.SC,Scientific and technical journal articles,2017,436622.28,,0
EMU,Euro area,IP.JRN.ARTC.SC,Scientific and technical journal articles,2016,434928.26,,0
EMU,Euro area,IP.JRN.ARTC.SC,Scientific and technical journal articles,2015,433525.18,,0
EMU,Euro area,IP.JRN.ARTC.SC,Scientific and technical journal articles,2014,432501.95,,0
EMU,Euro area,IP.JRN.ARTC.SC,Scientific and technical journal articles,2013,424998.56,,0
EMU,Euro area,IP.JRN.ARTC.SC,Scientific and technical journal articles,2012,417599.4,,0
EMU,Euro area,IP.JRN.ARTC.SC,Scientific and technical journal articles,2011,402546.35,,0
EMU,Euro area,IP.JRN.ARTC.SC,Scientific and technical journal articles,2010,387592.34,,0
EMU,Euro area,IP.JRN.ARTC.SC,Scientific and technical journal articles,2009,379306.25,,0
EMU,Euro area,IP.JRN.ARTC.SC,Scientific and technical journal articles,2008,363977.34,,0
EMU,Euro area,IP.JRN.ARTC.SC,Scientific and technical journal articles,2007,347113.66,,0
EMU,Euro area,IP.JRN.ARTC.SC,Scientific and technical journal articles,2006,332160.32,,0
EMU,Euro area,IP.JRN.ARTC.SC,Scientific and technical journal articles,2005,315843.06,,0
EMU,Euro area,IP.JRN.ARTC.SC,Scientific and technical journal articles,2004,285867.09,,0
EMU,Euro area,IP.JRN.ARTC.SC,Scientific and technical journal articles,2003,270110.61,,0
EMU,Euro area,IP.JRN.ARTC.SC,Scientific and technical journal articles,2002,257670.53,,0
EMU,Euro area,IP.JRN.ARTC.SC,Scientific and technical journal articles,2001,249509.06,,0
EMU,Euro area,IP.JRN.ARTC.SC,Scientific and technical journal articles,2000,242034.35,,0
EMU,Euro area,IP.JRN.ARTC.SC,Scientific and technical journal articles,1999,231834.37,,0
EMU,Euro area,IP.JRN.ARTC.SC,Scientific and technical journal articles,1998,233552.52,,0
EMU,Euro area,IP.JRN.ARTC.SC,Scientific and technical journal articles,1997,231703.99,,0
EMU,Euro area,IP.JRN.ARTC.SC,Scientific and technical journal articles,1996,220530.18,,0
ECS,Europe & Central Asia,IP.JRN.ARTC.SC,Scientific and technical journal articles,2022,913901.439008398,,0
ECS,Europe & Central Asia,IP.JRN.ARTC.SC,Scientific and technical journal articles,2021,955184.787392384,,0
ECS,Europe & Central Asia,IP.JRN.ARTC.SC,Scientific and technical journal articles,2020,890956.15104762,,0
ECS,Europe & Central Asia,IP.JRN.ARTC.SC,Scientific and technical journal articles,2019,862798.217449542,,0
ECS,Europe & Central Asia,IP.JRN.ARTC.SC,Scientific and technical journal articles,2018,819402.337821159,,0
ECS,Europe & Central Asia,IP.JRN.ARTC.SC,Scientific and technical journal articles,2017,802851.812299825,,0
ECS,Europe & Central Asia,IP.JRN.ARTC.SC,Scientific and technical journal articles,2016,791472.358812431,,0
ECS,Europe & Central Asia,IP.JRN.ARTC.SC,Scientific and technical journal articles,2015,775207.79686165,,0
ECS,Europe & Central Asia,IP.JRN.ARTC.SC,Scientific and technical journal articles,2014,759417.550112229,,0
ECS,Europe & Central Asia,IP.JRN.ARTC.SC,Scientific and technical journal articles,2013,739445.164919255,,0
ECS,Europe & Central Asia,IP.JRN.ARTC.SC,Scientific and technical journal articles,2012,722787.984499217,,0
ECS,Europe & Central Asia,IP.JRN.ARTC.SC,Scientific and technical journal articles,2011,696401.890667386,,0
ECS,Europe & Central Asia,IP.JRN.ARTC.SC,Scientific and technical journal articles,2010,670534.226471663,,0
ECS,Europe & Central Asia,IP.JRN.ARTC.SC,Scientific and technical journal articles,2009,653925.081769462,,0
ECS,Europe & Central Asia,IP.JRN.ARTC.SC,Scientific and technical journal articles,2008,626930.848947594,,0
ECS,Europe & Central Asia,IP.JRN.ARTC.SC,Scientific and technical journal articles,2007,601404.255140224,,0
ECS,Europe & Central Asia,IP.JRN.ARTC.SC,Scientific and technical journal articles,2006,576060.092090821,,0
ECS,Europe & Central Asia,IP.JRN.ARTC.SC,Scientific and technical journal articles,2005,554553.400615754,,0
ECS,Europe & Central Asia,IP.JRN.ARTC.SC,Scientific and technical journal articles,2004,509082.82600528,,0
ECS,Europe & Central Asia,IP.JRN.ARTC.SC,Scientific and technical journal articles,2003,480737.007385234,,0
ECS,Europe & Central Asia,IP.JRN.ARTC.SC,Scientific and technical journal articles,2002,462184.513959732,,0
ECS,Europe & Central Asia,IP.JRN.ARTC.SC,Scientific and technical journal articles,2001,449434.549662815,,0
ECS,Europe & Central Asia,IP.JRN.ARTC.SC,Scientific and technical journal articles,2000,436795.260397264,,0
ECS,Europe & Central Asia,IP.JRN.ARTC.SC,Scientific and technical journal articles,1999,417760.629969343,,0
ECS,Europe & Central Asia,IP.JRN.ARTC.SC,Scientific and technical journal articles,1998,422262.874129352,,0
ECS,Europe & Central Asia,IP.JRN.ARTC.SC,Scientific and technical journal articles,1997,418041.194606576,,0
ECS,Europe & Central Asia,IP.JRN.ARTC.SC,Scientific and technical journal articles,1996,402413.960780704,,0
ECA,Europe & Central Asia (excluding high income),IP.JRN.ARTC.SC,Scientific and technical journal articles,2022,84114.97,,0
ECA,Europe & Central Asia (excluding high income),IP.JRN.ARTC.SC,Scientific and technical journal articles,2021,80665.06,,0
ECA,Europe & Central Asia (excluding high income),IP.JRN.ARTC.SC,Scientific and technical journal articles,2020,70513.47,,0
ECA,Europe & Central Asia (excluding high income),IP.JRN.ARTC.SC,Scientific and technical journal articles,2019,65802.74,,0
ECA,Europe & Central Asia (excluding high income),IP.JRN.ARTC.SC,Scientific and technical journal articles,2018,56836.2,,0
ECA,Europe & Central Asia (excluding high income),IP.JRN.ARTC.SC,Scientific and technical journal articles,2017,54364.46,,0
ECA,Europe & Central Asia (excluding high income),IP.JRN.ARTC.SC,Scientific and technical journal articles,2016,54568.6,,0
ECA,Europe & Central Asia (excluding high income),IP.JRN.ARTC.SC,Scientific and technical journal articles,2015,50717.69,,0
ECA,Europe & Central Asia (excluding high income),IP.JRN.ARTC.SC,Scientific and technical journal articles,2014,48425.51,,0
ECA,Europe & Central Asia (excluding high income),IP.JRN.ARTC.SC,Scientific and technical journal articles,2013,47948.52,,0
ECA,Europe & Central Asia (excluding high income),IP.JRN.ARTC.SC,Scientific and technical journal articles,2012,45804.1,,0
ECA,Europe & Central Asia (excluding high income),IP.JRN.ARTC.SC,Scientific and technical journal articles,2011,43254.69,,0
ECA,Europe & Central Asia (excluding high income),IP.JRN.ARTC.SC,Scientific and technical journal articles,2010,40953.72,,0
ECA,Europe & Central Asia (excluding high income),IP.JRN.ARTC.SC,Scientific and technical journal articles,2009,38764.79,,0
ECA,Europe & Central Asia (excluding high income),IP.JRN.ARTC.SC,Scientific and technical journal articles,2008,34871.51,,0
ECA,Europe & Central Asia (excluding high income),IP.JRN.ARTC.SC,Scientific and technical journal articles,2007,33976.6744963163,,0
ECA,Europe & Central Asia (excluding high income),IP.JRN.ARTC.SC,Scientific and technical journal articles,2006,31318.9922322314,,0
ECA,Europe & Central Asia (excluding high income),IP.JRN.ARTC.SC,Scientific and technical journal articles,2005,30411.7940926647,,0
ECA,Europe & Central Asia (excluding high income),IP.JRN.ARTC.SC,Scientific and technical journal articles,2004,27897.0390444819,,0
ECA,Europe & Central Asia (excluding high income),IP.JRN.ARTC.SC,Scientific and technical journal articles,2003,24803.2218224458,,0
ECA,Europe & Central Asia (excluding high income),IP.JRN.ARTC.SC,Scientific and technical journal articles,2002,22313.9942090811,,0
ECA,Europe & Central Asia (excluding high income),IP.JRN.ARTC.SC,Scientific and technical journal articles,2001,20392.6887247072,,0
ECA,Europe & Central Asia (excluding high income),IP.JRN.ARTC.SC,Scientific and technical journal articles,2000,16903.3558782595,,0
ECA,Europe & Central Asia (excluding high income),IP.JRN.ARTC.SC,Scientific and technical journal articles,1999,16630.6009063232,,0
ECA,Europe & Central Asia (excluding high income),IP.JRN.ARTC.SC,Scientific and technical journal articles,1998,16620.0332748332,,0
ECA,Europe & Central Asia (excluding high income),IP.JRN.ARTC.SC,Scientific and technical journal articles,1997,16014.9152845875,,0
ECA,Europe & Central Asia (excluding high income),IP.JRN.ARTC.SC,Scientific and technical journal articles,1996,15202.4075263508,,0
TEC,Europe & Central Asia (IDA & IBRD countries),IP.JRN.ARTC.SC,Scientific and technical journal articles,2022,227899.81,,0
TEC,Europe & Central Asia (IDA & IBRD countries),IP.JRN.ARTC.SC,Scientific and technical journal articles,2021,245451.11,,0
TEC,Europe & Central Asia (IDA & IBRD countries),IP.JRN.ARTC.SC,Scientific and technical journal articles,2020,223829.54,,0
TEC,Europe & Central Asia (IDA & IBRD countries),IP.JRN.ARTC.SC,Scientific and technical journal articles,2019,212876.1,,0
TEC,Europe & Central Asia (IDA & IBRD countries),IP.JRN.ARTC.SC,Scientific and technical journal articles,2018,187315.48,,0
TEC,Europe & Central Asia (IDA & IBRD countries),IP.JRN.ARTC.SC,Scientific and technical journal articles,2017,174024.17,,0
TEC,Europe & Central Asia (IDA & IBRD countries),IP.JRN.ARTC.SC,Scientific and technical journal articles,2016,166041.96,,0
TEC,Europe & Central Asia (IDA & IBRD countries),IP.JRN.ARTC.SC,Scientific and technical journal articles,2015,152426.34,,0
TEC,Europe & Central Asia (IDA & IBRD countries),IP.JRN.ARTC.SC,Scientific and technical journal articles,2014,140779.61,,0
TEC,Europe & Central Asia (IDA & IBRD countries),IP.JRN.ARTC.SC,Scientific and technical journal articles,2013,133199.56,,0
TEC,Europe & Central Asia (IDA & IBRD countries),IP.JRN.ARTC.SC,Scientific and technical journal articles,2012,126982.61,,0
TEC,Europe & Central Asia (IDA & IBRD countries),IP.JRN.ARTC.SC,Scientific and technical journal articles,2011,121909.49,,0
TEC,Europe & Central Asia (IDA & IBRD countries),IP.JRN.ARTC.SC,Scientific and technical journal articles,2010,116426.09,,0
TEC,Europe & Central Asia (IDA & IBRD countries),IP.JRN.ARTC.SC,Scientific and technical journal articles,2009,111623.85,,0
TEC,Europe & Central Asia (IDA & IBRD countries),IP.JRN.ARTC.SC,Scientific and technical journal articles,2008,104583.76,,0
TEC,Europe & Central Asia (IDA & IBRD countries),IP.JRN.ARTC.SC,Scientific and technical journal articles,2007,97987.7034976742,,0
TEC,Europe & Central Asia (IDA & IBRD countries),IP.JRN.ARTC.SC,Scientific and technical journal articles,2006,92470.380455462,,0
TEC,Europe & Central Asia (IDA & IBRD countries),IP.JRN.ARTC.SC,Scientific and technical journal articles,2005,93955.262640451,,0
TEC,Europe & Central Asia (IDA & IBRD countries),IP.JRN.ARTC.SC,Scientific and technical journal articles,2004,89201.6608658808,,0
TEC,Europe & Central Asia (IDA & IBRD countries),IP.JRN.ARTC.SC,Scientific and technical journal articles,2003,83385.8266941074,,0
TEC,Europe & Central Asia (IDA & IBRD countries),IP.JRN.ARTC.SC,Scientific and technical journal articles,2002,80912.2864714154,,0
TEC,Europe & Central Asia (IDA & IBRD countries),IP.JRN.ARTC.SC,Scientific and technical journal articles,2001,77723.5857107797,,0
TEC,Europe & Central Asia (IDA & IBRD countries),IP.JRN.ARTC.SC,Scientific and technical journal articles,2000,69011.2310429158,,0
TEC,Europe & Central Asia (IDA & IBRD countries),IP.JRN.ARTC.SC,Scientific and technical journal articles,1999,67168.0508155151,,0
TEC,Europe & Central Asia (IDA & IBRD countries),IP.JRN.ARTC.SC,Scientific and technical journal articles,1998,68665.8632500963,,0
TEC,Europe & Central Asia (IDA & IBRD countries),IP.JRN.ARTC.SC,Scientific and technical journal articles,1997,66713.4781830892,,0
TEC,Europe & Central Asia (IDA & IBRD countries),IP.JRN.ARTC.SC,Scientific and technical journal articles,1996,66810.3517782762,,0
EUU,European Union,IP.JRN.ARTC.SC,Scientific and technical journal articles,2022,601005.69,,0
EUU,European Union,IP.JRN.ARTC.SC,Scientific and technical journal articles,2021,623771.67,,0
EUU,European Union,IP.JRN.ARTC.SC,Scientific and technical journal articles,2020,583137.84,,0
EUU,European Union,IP.JRN.ARTC.SC,Scientific and technical journal articles,2019,565671.96,,0
EUU,European Union,IP.JRN.ARTC.SC,Scientific and technical journal articles,2018,546323.77,,0
EUU,European Union,IP.JRN.ARTC.SC,Scientific and technical journal articles,2017,542190.59,,0
EUU,European Union,IP.JRN.ARTC.SC,Scientific and technical journal articles,2016,539703.12,,0
EUU,European Union,IP.JRN.ARTC.SC,Scientific and technical journal articles,2015,537776.96,,0
EUU,European Union,IP.JRN.ARTC.SC,Scientific and technical journal articles,2014,532906.16,,0
EUU,European Union,IP.JRN.ARTC.SC,Scientific and technical journal articles,2013,520062.01,,0
EUU,European Union,IP.JRN.ARTC.SC,Scientific and technical journal articles,2012,509747.79,,0
EUU,European Union,IP.JRN.ARTC.SC,Scientific and technical journal articles,2011,490006.71,,0
EUU,European Union,IP.JRN.ARTC.SC,Scientific and technical journal articles,2010,471464.23,,0
EUU,European Union,IP.JRN.ARTC.SC,Scientific and technical journal articles,2009,459076.52,,0
EUU,European Union,IP.JRN.ARTC.SC,Scientific and technical journal articles,2008,440519.51,,0
EUU,European Union,IP.JRN.ARTC.SC,Scientific and technical journal articles,2007,418517.98,,0
EUU,European Union,IP.JRN.ARTC.SC,Scientific and technical journal articles,2006,399969.29,,0
EUU,European Union,IP.JRN.ARTC.SC,Scientific and technical journal articles,2005,380153.54,,0
EUU,European Union,IP.JRN.ARTC.SC,Scientific and technical journal articles,2004,344586.24,,0
EUU,European Union,IP.JRN.ARTC.SC,Scientific and technical journal articles,2003,324674.17,,0
EUU,European Union,IP.JRN.ARTC.SC,Scientific and technical journal articles,2002,309718.88,,0
EUU,European Union,IP.JRN.ARTC.SC,Scientific and technical journal articles,2001,299798.25,,0
EUU,European Union,IP.JRN.ARTC.SC,Scientific and technical journal articles,2000,290457.92,,0
EUU,European Union,IP.JRN.ARTC.SC,Scientific and technical journal articles,1999,277469.44,,0
EUU,European Union,IP.JRN.ARTC.SC,Scientific and technical journal articles,1998,278593.71,,0
EUU,European Union,IP.JRN.ARTC.SC,Scientific and technical journal articles,1997,276007.01,,0
EUU,European Union,IP.JRN.ARTC.SC,Scientific and technical journal articles,1996,262891.05,,0
FCS,Fragile and conflict affected situations,IP.JRN.ARTC.SC,Scientific and technical journal articles,2022,52346.56,,0
FCS,Fragile and conflict affected situations,IP.JRN.ARTC.SC,Scientific and technical journal articles,2021,50823.28,,0
FCS,Fragile and conflict affected situations,IP.JRN.ARTC.SC,Scientific and technical journal articles,2020,42063.61,,0
FCS,Fragile and conflict affected situations,IP.JRN.ARTC.SC,Scientific and technical journal articles,2019,36627.28,,0
FCS,Fragile and conflict affected situations,IP.JRN.ARTC.SC,Scientific and technical journal articles,2018,28083.75,,0
FCS,Fragile and conflict affected situations,IP.JRN.ARTC.SC,Scientific and technical journal articles,2017,23190.37,,0
FCS,Fragile and conflict affected situations,IP.JRN.ARTC.SC,Scientific and technical journal articles,2016,19725.95,,0
FCS,Fragile and conflict affected situations,IP.JRN.ARTC.SC,Scientific and technical journal articles,2015,18012.88,,0
FCS,Fragile and conflict affected situations,IP.JRN.ARTC.SC,Scientific and technical journal articles,2014,17765.84,,0
FCS,Fragile and conflict affected situations,IP.JRN.ARTC.SC,Scientific and technical journal articles,2013,16866.54,,0
FCS,Fragile and conflict affected situations,IP.JRN.ARTC.SC,Scientific and technical journal articles,2012,15943.06,,0
FCS,Fragile and conflict affected situations,IP.JRN.ARTC.SC,Scientific and technical journal articles,2011,15190.6163747326,,0
FCS,Fragile and conflict affected situations,IP.JRN.ARTC.SC,Scientific and technical journal articles,2010,14699.7359931302,,0
FCS,Fragile and conflict affected situations,IP.JRN.ARTC.SC,Scientific and technical journal articles,2009,13661.5344938749,,0
FCS,Fragile and conflict affected situations,IP.JRN.ARTC.SC,Scientific and technical journal articles,2008,12912.0397113116,,0
FCS,Fragile and conflict affected situations,IP.JRN.ARTC.SC,Scientific and technical journal articles,2007,11858.9055078985,,0
FCS,Fragile and conflict affected situations,IP.JRN.ARTC.SC,Scientific and technical journal articles,2006,11422.2256733109,,0
FCS,Fragile and conflict affected situations,IP.JRN.ARTC.SC,Scientific and technical journal articles,2005,11460.4411123401,,0
FCS,Fragile and conflict affected situations,IP.JRN.ARTC.SC,Scientific and technical journal articles,2004,10480.3216164002,,0
FCS,Fragile and conflict affected situations,IP.JRN.ARTC.SC,Scientific and technical journal articles,2003,10299.0860846113,,0
FCS,Fragile and conflict affected situations,IP.JRN.ARTC.SC,Scientific and technical journal articles,2002,9972.00028163253,,0
FCS,Fragile and conflict affected situations,IP.JRN.ARTC.SC,Scientific and technical journal articles,2001,10550.5196820865,,0
FCS,Fragile and conflict affected situations,IP.JRN.ARTC.SC,Scientific and technical journal articles,2000,9217.14391993906,,0
FCS,Fragile and conflict affected situations,IP.JRN.ARTC.SC,Scientific and technical journal articles,1999,8995.98513176692,,0
FCS,Fragile and conflict affected situations,IP.JRN.ARTC.SC,Scientific and technical journal articles,1998,9604.01422172781,,0
FCS,Fragile and conflict affected situations,IP.JRN.ARTC.SC,Scientific and technical journal articles,1997,9352.62040948599,,0
FCS,Fragile and conflict affected situations,IP.JRN.ARTC.SC,Scientific and technical journal articles,1996,8622.04294812486,,0
HPC,Heavily indebted poor countries (HIPC),IP.JRN.ARTC.SC,Scientific and technical journal articles,2022,19426.27,,0
HPC,Heavily indebted poor countries (HIPC),IP.JRN.ARTC.SC,Scientific and technical journal articles,2021,16850.66,,0
HPC,Heavily indebted poor countries (HIPC),IP.JRN.ARTC.SC,Scientific and technical journal articles,2020,13352.79,,0
HPC,Heavily indebted poor countries (HIPC),IP.JRN.ARTC.SC,Scientific and technical journal articles,2019,10610.82,,0
HPC,Heavily indebted poor countries (HIPC),IP.JRN.ARTC.SC,Scientific and technical journal articles,2018,9120.81,,0
HPC,Heavily indebted poor countries (HIPC),IP.JRN.ARTC.SC,Scientific and technical journal articles,2017,7907.05,,0
HPC,Heavily indebted poor countries (HIPC),IP.JRN.ARTC.SC,Scientific and technical journal articles,2016,6873.18,,0
HPC,Heavily indebted poor countries (HIPC),IP.JRN.ARTC.SC,Scientific and technical journal articles,2015,6098.63,,0
HPC,Heavily indebted poor countries (HIPC),IP.JRN.ARTC.SC,Scientific and technical journal articles,2014,5624.52,,0
HPC,Heavily indebted poor countries (HIPC),IP.JRN.ARTC.SC,Scientific and technical journal articles,2013,4955.01,,0
HPC,Heavily indebted poor countries (HIPC),IP.JRN.ARTC.SC,Scientific and technical journal articles,2012,4538.04,,0
HPC,Heavily indebted poor countries (HIPC),IP.JRN.ARTC.SC,Scientific and technical journal articles,2011,4174.18830735732,,0
HPC,Heavily indebted poor countries (HIPC),IP.JRN.ARTC.SC,Scientific and technical journal articles,2010,3735.64805638322,,0
HPC,Heavily indebted poor countries (HIPC),IP.JRN.ARTC.SC,Scientific and technical journal articles,2009,3350.55381213559,,0
HPC,Heavily indebted poor countries (HIPC),IP.JRN.ARTC.SC,Scientific and technical journal articles,2008,3089.20103432061,,0
HPC,Heavily indebted poor countries (HIPC),IP.JRN.ARTC.SC,Scientific and technical journal articles,2007,2971.11486471556,,0
HPC,Heavily indebted poor countries (HIPC),IP.JRN.ARTC.SC,Scientific and technical journal articles,2006,2585.75883847192,,0
HPC,Heavily indebted poor countries (HIPC),IP.JRN.ARTC.SC,Scientific and technical journal articles,2005,2331.6284855911,,0
HPC,Heavily indebted poor countries (HIPC),IP.JRN.ARTC.SC,Scientific and technical journal articles,2004,2077.5081339048,,0
HPC,Heavily indebted poor countries (HIPC),IP.JRN.ARTC.SC,Scientific and technical journal articles,2003,1935.47910640936,,0
HPC,Heavily indebted poor countries (HIPC),IP.JRN.ARTC.SC,Scientific and technical journal articles,2002,1730.67702713888,,0
HPC,Heavily indebted poor countries (HIPC),IP.JRN.ARTC.SC,Scientific and technical journal articles,2001,1603.70545891378,,0
HPC,Heavily indebted poor countries (HIPC),IP.JRN.ARTC.SC,Scientific and technical journal articles,2000,1524.29943205294,,0
HPC,Heavily indebted poor countries (HIPC),IP.JRN.ARTC.SC,Scientific and technical journal articles,1999,1656.55213007223,,0
HPC,Heavily indebted poor countries (HIPC),IP.JRN.ARTC.SC,Scientific and technical journal articles,1998,1624.67014072986,,0
HPC,Heavily indebted poor countries (HIPC),IP.JRN.ARTC.SC,Scientific and technical journal articles,1997,1568.63147391175,,0
HPC,Heavily indebted poor countries (HIPC),IP.JRN.ARTC.SC,Scientific and technical journal articles,1996,1441.0329636367,,0
,High income,IP.JRN.ARTC.SC,Scientific and technical journal articles,2022,1732436.38699097,,0
,High income,IP.JRN.ARTC.SC,Scientific and technical journal articles,2021,1792702.81925907,,0
,High income,IP.JRN.ARTC.SC,Scientific and technical journal articles,2020,1692296.54511726,,0
,High income,IP.JRN.ARTC.SC,Scientific and technical journal articles,2019,1653333.05596203,,0
,High income,IP.JRN.ARTC.SC,Scientific and technical journal articles,2018,1600417.47672781,,0
,High income,IP.JRN.ARTC.SC,Scientific and technical journal articles,2017,1569410.95504834,,0
,High income,IP.JRN.ARTC.SC,Scientific and technical journal articles,2016,1553461.74591022,,0
,High income,IP.JRN.ARTC.SC,Scientific and technical journal articles,2015,1536961.24595166,,0
,High income,IP.JRN.ARTC.SC,Scientific and technical journal articles,2014,1520086.68954271,,0
,High income,IP.JRN.ARTC.SC,Scientific and technical journal articles,2013,1493085.45760285,,0
,High income,IP.JRN.ARTC.SC,Scientific and technical journal articles,2012,1469794.9297024,,0
,High income,IP.JRN.ARTC.SC,Scientific and technical journal articles,2011,1436035.28263627,,0
,High income,IP.JRN.ARTC.SC,Scientific and technical journal articles,2010,1385173.69025368,,0
,High income,IP.JRN.ARTC.SC,Scientific and technical journal articles,2009,1349339.19060309,,0
,High income,IP.JRN.ARTC.SC,Scientific and technical journal articles,2008,1310188.73751268,,0
,High income,IP.JRN.ARTC.SC,Scientific and technical journal articles,2007,1274198.85258482,,0
,High income,IP.JRN.ARTC.SC,Scientific and technical journal articles,2006,1243247.66434193,,0
,High income,IP.JRN.ARTC.SC,Scientific and technical journal articles,2005,1201692.41941781,,0
,High income,IP.JRN.ARTC.SC,Scientific and technical journal articles,2004,1100434.34510633,,0
,High income,IP.JRN.ARTC.SC,Scientific and technical journal articles,2003,1032905.34350939,,0
,High income,IP.JRN.ARTC.SC,Scientific and technical journal articles,2002,986759.745321713,,0
,High income,IP.JRN.ARTC.SC,Scientific and technical journal articles,2001,952188.644668568,,0
,High income,IP.JRN.ARTC.SC,Scientific and technical journal articles,2000,938424.213215863,,0
,High income,IP.JRN.ARTC.SC,Scientific and technical journal articles,1999,900832.363993388,,0
,High income,IP.JRN.ARTC.SC,Scientific and technical journal articles,1998,905683.218867752,,0
,High income,IP.JRN.ARTC.SC,Scientific and technical journal articles,1997,909799.062530668,,0
,High income,IP.JRN.ARTC.SC,Scientific and technical journal articles,1996,888670.992939621,,0
IBD,IBRD only,IP.JRN.ARTC.SC,Scientific and technical journal articles,2022,1696518.88682578,,0
IBD,IBRD only,IP.JRN.ARTC.SC,Scientific and technical journal articles,2021,1557260.28149642,,0
IBD,IBRD only,IP.JRN.ARTC.SC,Scientific and technical journal articles,2020,1374849.28733096,,0
IBD,IBRD only,IP.JRN.ARTC.SC,Scientific and technical journal articles,2019,1272303.91217058,,0
IBD,IBRD only,IP.JRN.ARTC.SC,Scientific and technical journal articles,2018,1121732.64617267,,0
IBD,IBRD only,IP.JRN.ARTC.SC,Scientific and technical journal articles,2017,1000067.13476437,,0
IBD,IBRD only,IP.JRN.ARTC.SC,Scientific and technical journal articles,2016,931190.03,,0
IBD,IBRD only,IP.JRN.ARTC.SC,Scientific and technical journal articles,2015,857635.58,,0
IBD,IBRD only,IP.JRN.ARTC.SC,Scientific and technical journal articles,2014,808159.21,,0
IBD,IBRD only,IP.JRN.ARTC.SC,Scientific and technical journal articles,2013,748629.23,,0
IBD,IBRD only,IP.JRN.ARTC.SC,Scientific and technical journal articles,2012,703316.43,,0
IBD,IBRD only,IP.JRN.ARTC.SC,Scientific and technical journal articles,2011,674297.29,,0
IBD,IBRD only,IP.JRN.ARTC.SC,Scientific and technical journal articles,2010,627305.588429484,,0
IBD,IBRD only,IP.JRN.ARTC.SC,Scientific and technical journal articles,2009,576586.052767898,,0
IBD,IBRD only,IP.JRN.ARTC.SC,Scientific and technical journal articles,2008,512036.091928268,,0
IBD,IBRD only,IP.JRN.ARTC.SC,Scientific and technical journal articles,2007,448527.912231928,,0
IBD,IBRD only,IP.JRN.ARTC.SC,Scientific and technical journal articles,2006,409490.895529596,,0
IBD,IBRD only,IP.JRN.ARTC.SC,Scientific and technical journal articles,2005,362867.477789547,,0
IBD,IBRD only,IP.JRN.ARTC.SC,Scientific and technical journal articles,2004,300459.660437168,,0
IBD,IBRD only,IP.JRN.ARTC.SC,Scientific and technical journal articles,2003,252774.961139526,,0
IBD,IBRD only,IP.JRN.ARTC.SC,Scientific and technical journal articles,2002,229464.38047483,,0
IBD,IBRD only,IP.JRN.ARTC.SC,Scientific and technical journal articles,2001,213920.170343329,,0
IBD,IBRD only,IP.JRN.ARTC.SC,Scientific and technical journal articles,2000,183892.523219272,,0
IBD,IBRD only,IP.JRN.ARTC.SC,Scientific and technical journal articles,1999,169541.217039369,,0
IBD,IBRD only,IP.JRN.ARTC.SC,Scientific and technical journal articles,1998,166017.999529629,,0
IBD,IBRD only,IP.JRN.ARTC.SC,Scientific and technical journal articles,1997,155191.931613948,,0
IBD,IBRD only,IP.JRN.ARTC.SC,Scientific and technical journal articles,1996,147327.347005738,,0
IBT,IDA & IBRD total,IP.JRN.ARTC.SC,Scientific and technical journal articles,2022,1766789.83728882,,0
IBT,IDA & IBRD total,IP.JRN.ARTC.SC,Scientific and technical journal articles,2021,1623683.70277176,,0
IBT,IDA & IBRD total,IP.JRN.ARTC.SC,Scientific and technical journal articles,2020,1427789.24232344,,0
IBT,IDA & IBRD total,IP.JRN.ARTC.SC,Scientific and technical journal articles,2019,1317872.99597018,,0
IBT,IDA & IBRD total,IP.JRN.ARTC.SC,Scientific and technical journal articles,2018,1158090.27765089,,0
IBT,IDA & IBRD total,IP.JRN.ARTC.SC,Scientific and technical journal articles,2017,1032045.24586851,,0
IBT,IDA & IBRD total,IP.JRN.ARTC.SC,Scientific and technical journal articles,2016,958868.27,,0
IBT,IDA & IBRD total,IP.JRN.ARTC.SC,Scientific and technical journal articles,2015,881613.4,,0
IBT,IDA & IBRD total,IP.JRN.ARTC.SC,Scientific and technical journal articles,2014,830895.09,,0
IBT,IDA & IBRD total,IP.JRN.ARTC.SC,Scientific and technical journal articles,2013,769339.53,,0
IBT,IDA & IBRD total,IP.JRN.ARTC.SC,Scientific and technical journal articles,2012,722706.89,,0
IBT,IDA & IBRD total,IP.JRN.ARTC.SC,Scientific and technical journal articles,2011,692608.525031131,,0
IBT,IDA & IBRD total,IP.JRN.ARTC.SC,Scientific and technical journal articles,2010,644161.025374301,,0
IBT,IDA & IBRD total,IP.JRN.ARTC.SC,Scientific and technical journal articles,2009,591560.451644807,,0
IBT,IDA & IBRD total,IP.JRN.ARTC.SC,Scientific and technical journal articles,2008,525099.209928335,,0
IBT,IDA & IBRD total,IP.JRN.ARTC.SC,Scientific and technical journal articles,2007,460344.873911842,,0
IBT,IDA & IBRD total,IP.JRN.ARTC.SC,Scientific and technical journal articles,2006,419915.539808995,,0
IBT,IDA & IBRD total,IP.JRN.ARTC.SC,Scientific and technical journal articles,2005,372063.360283021,,0
IBT,IDA & IBRD total,IP.JRN.ARTC.SC,Scientific and technical journal articles,2004,308240.328425449,,0
IBT,IDA & IBRD total,IP.JRN.ARTC.SC,Scientific and technical journal articles,2003,259804.322977653,,0
IBT,IDA & IBRD total,IP.JRN.ARTC.SC,Scientific and technical journal articles,2002,235893.299255733,,0
IBT,IDA & IBRD total,IP.JRN.ARTC.SC,Scientific and technical journal articles,2001,220013.347442796,,0
IBT,IDA & IBRD total,IP.JRN.ARTC.SC,Scientific and technical journal articles,2000,189560.414365226,,0
IBT,IDA & IBRD total,IP.JRN.ARTC.SC,Scientific and technical journal articles,1999,175172.208392332,,0
IBT,IDA & IBRD total,IP.JRN.ARTC.SC,Scientific and technical journal articles,1998,171430.796987457,,0
IBT,IDA & IBRD total,IP.JRN.ARTC.SC,Scientific and technical journal articles,1997,160578.156938705,,0
IBT,IDA & IBRD total,IP.JRN.ARTC.SC,Scientific and technical journal articles,1996,152326.462649173,,0
IDB,IDA blend,IP.JRN.ARTC.SC,Scientific and technical journal articles,2022,39179.71,,0
IDB,IDA blend,IP.JRN.ARTC.SC,Scientific and technical journal articles,2021,37310.13,,0
IDB,IDA blend,IP.JRN.ARTC.SC,Scientific and technical journal articles,2020,30504.98,,0
IDB,IDA blend,IP.JRN.ARTC.SC,Scientific and technical journal articles,2019,26582.11,,0
IDB,IDA blend,IP.JRN.ARTC.SC,Scientific and technical journal articles,2018,21529.48,,0
IDB,IDA blend,IP.JRN.ARTC.SC,Scientific and technical journal articles,2017,18955.2,,0
IDB,IDA blend,IP.JRN.ARTC.SC,Scientific and technical journal articles,2016,16324.64,,0
IDB,IDA blend,IP.JRN.ARTC.SC,Scientific and technical journal articles,2015,14366.83,,0
IDB,IDA blend,IP.JRN.ARTC.SC,Scientific and technical journal articles,2014,13525.9,,0
IDB,IDA blend,IP.JRN.ARTC.SC,Scientific and technical journal articles,2013,12662.92,,0
IDB,IDA blend,IP.JRN.ARTC.SC,Scientific and technical journal articles,2012,11786.5,,0
IDB,IDA blend,IP.JRN.ARTC.SC,Scientific and technical journal articles,2011,11637.1,,0
IDB,IDA blend,IP.JRN.ARTC.SC,Scientific and technical journal articles,2010,10677.4,,0
IDB,IDA blend,IP.JRN.ARTC.SC,Scientific and technical journal articles,2009,9557.84,,0
IDB,IDA blend,IP.JRN.ARTC.SC,Scientific and technical journal articles,2008,8084.59582195128,,0
IDB,IDA blend,IP.JRN.ARTC.SC,Scientific and technical journal articles,2007,7208.72226956767,,0
IDB,IDA blend,IP.JRN.ARTC.SC,Scientific and technical journal articles,2006,6377.80926659505,,0
IDB,IDA blend,IP.JRN.ARTC.SC,Scientific and technical journal articles,2005,5658.42995519793,,0
IDB,IDA blend,IP.JRN.ARTC.SC,Scientific and technical journal articles,2004,4668.81592846751,,0
IDB,IDA blend,IP.JRN.ARTC.SC,Scientific and technical journal articles,2003,4185.2832774164,,0
IDB,IDA blend,IP.JRN.ARTC.SC,Scientific and technical journal articles,2002,3951.96337550199,,0
IDB,IDA blend,IP.JRN.ARTC.SC,Scientific and technical journal articles,2001,3717.90611400627,,0
IDB,IDA blend,IP.JRN.ARTC.SC,Scientific and technical journal articles,2000,3353.72305564395,,0
IDB,IDA blend,IP.JRN.ARTC.SC,Scientific and technical journal articles,1999,3288.49216334774,,0
IDB,IDA blend,IP.JRN.ARTC.SC,Scientific and technical journal articles,1998,3154.90602530175,,0
IDB,IDA blend,IP.JRN.ARTC.SC,Scientific and technical journal articles,1997,3176.31000110049,,0
IDB,IDA blend,IP.JRN.ARTC.SC,Scientific and technical journal articles,1996,2980.64365598338,,0
IDX,IDA only,IP.JRN.ARTC.SC,Scientific and technical journal articles,2022,31091.23,,0
IDX,IDA only,IP.JRN.ARTC.SC,Scientific and technical journal articles,2021,29113.28,,0
IDX,IDA only,IP.JRN.ARTC.SC,Scientific and technical journal articles,2020,22434.97,,0
IDX,IDA only,IP.JRN.ARTC.SC,Scientific and technical journal articles,2019,18986.97,,0
IDX,IDA only,IP.JRN.ARTC.SC,Scientific and technical journal articles,2018,14828.15,,0
IDX,IDA only,IP.JRN.ARTC.SC,Scientific and technical journal articles,2017,13022.91,,0
IDX,IDA only,IP.JRN.ARTC.SC,Scientific and technical journal articles,2016,11353.6,,0
IDX,IDA only,IP.JRN.ARTC.SC,Scientific and technical journal articles,2015,9610.99,,0
IDX,IDA only,IP.JRN.ARTC.SC,Scientific and technical journal articles,2014,9209.98,,0
IDX,IDA only,IP.JRN.ARTC.SC,Scientific and technical journal articles,2013,8047.38,,0
IDX,IDA only,IP.JRN.ARTC.SC,Scientific and technical journal articles,2012,7603.96,,0
IDX,IDA only,IP.JRN.ARTC.SC,Scientific and technical journal articles,2011,6674.00921477428,,0
IDX,IDA only,IP.JRN.ARTC.SC,Scientific and technical journal articles,2010,6177.90701609668,,0
IDX,IDA only,IP.JRN.ARTC.SC,Scientific and technical journal articles,2009,5416.43149973835,,0
IDX,IDA only,IP.JRN.ARTC.SC,Scientific and technical journal articles,2008,4978.42641184379,,0
IDX,IDA only,IP.JRN.ARTC.SC,Scientific and technical journal articles,2007,4611.18992710017,,0
IDX,IDA only,IP.JRN.ARTC.SC,Scientific and technical journal articles,2006,4050.15790765127,,0
IDX,IDA only,IP.JRN.ARTC.SC,Scientific and technical journal articles,2005,3540.09679147611,,0
IDX,IDA only,IP.JRN.ARTC.SC,Scientific and technical journal articles,2004,3115.10827083992,,0
IDX,IDA only,IP.JRN.ARTC.SC,Scientific and technical journal articles,2003,2846.09743379553,,0
IDX,IDA only,IP.JRN.ARTC.SC,Scientific and technical journal articles,2002,2477.20312756952,,0
IDX,IDA only,IP.JRN.ARTC.SC,Scientific and technical journal articles,2001,2375.721939639,,0
IDX,IDA only,IP.JRN.ARTC.SC,Scientific and technical journal articles,2000,2315.38601570815,,0
IDX,IDA only,IP.JRN.ARTC.SC,Scientific and technical journal articles,1999,2343.83270197096,,0
IDX,IDA only,IP.JRN.ARTC.SC,Scientific and technical journal articles,1998,2259.33348184345,,0
IDX,IDA only,IP.JRN.ARTC.SC,Scientific and technical journal articles,1997,2210.47573634938,,0
IDX,IDA only,IP.JRN.ARTC.SC,Scientific and technical journal articles,1996,2018.61692221971,,0
IDA,IDA total,IP.JRN.ARTC.SC,Scientific and technical journal articles,2022,70270.94,,0
IDA,IDA total,IP.JRN.ARTC.SC,Scientific and technical journal articles,2021,66423.41,,0
IDA,IDA total,IP.JRN.ARTC.SC,Scientific and technical journal articles,2020,52939.95,,0
IDA,IDA total,IP.JRN.ARTC.SC,Scientific and technical journal articles,2019,45569.08,,0
IDA,IDA total,IP.JRN.ARTC.SC,Scientific and technical journal articles,2018,36357.63,,0
IDA,IDA total,IP.JRN.ARTC.SC,Scientific and technical journal articles,2017,31978.11,,0
IDA,IDA total,IP.JRN.ARTC.SC,Scientific and technical journal articles,2016,27678.24,,0
IDA,IDA total,IP.JRN.ARTC.SC,Scientific and technical journal articles,2015,23977.82,,0
IDA,IDA total,IP.JRN.ARTC.SC,Scientific and technical journal articles,2014,22735.88,,0
IDA,IDA total,IP.JRN.ARTC.SC,Scientific and technical journal articles,2013,20710.3,,0
IDA,IDA total,IP.JRN.ARTC.SC,Scientific and technical journal articles,2012,19390.46,,0
IDA,IDA total,IP.JRN.ARTC.SC,Scientific and technical journal articles,2011,18311.2131725059,,0
IDA,IDA total,IP.JRN.ARTC.SC,Scientific and technical journal articles,2010,16855.3872510221,,0
IDA,IDA total,IP.JRN.ARTC.SC,Scientific and technical journal articles,2009,14974.3451941346,,0
IDA,IDA total,IP.JRN.ARTC.SC,Scientific and technical journal articles,2008,13063.0209778162,,0
IDA,IDA total,IP.JRN.ARTC.SC,Scientific and technical journal articles,2007,11818.6132225372,,0
IDA,IDA total,IP.JRN.ARTC.SC,Scientific and technical journal articles,2006,10427.0301677851,,0
IDA,IDA total,IP.JRN.ARTC.SC,Scientific and technical journal articles,2005,9198.09129448017,,0
IDA,IDA total,IP.JRN.ARTC.SC,Scientific and technical journal articles,2004,7782.12098541728,,0
IDA,IDA total,IP.JRN.ARTC.SC,Scientific and technical journal articles,2003,7029.3837671697,,0
IDA,IDA total,IP.JRN.ARTC.SC,Scientific and technical journal articles,2002,6428.85006409767,,0
IDA,IDA total,IP.JRN.ARTC.SC,Scientific and technical journal articles,2001,6092.96637173085,,0
IDA,IDA total,IP.JRN.ARTC.SC,Scientific and technical journal articles,2000,5667.29369555419,,0
IDA,IDA total,IP.JRN.ARTC.SC,Scientific and technical journal articles,1999,5630.01859579409,,0
IDA,IDA total,IP.JRN.ARTC.SC,Scientific and technical journal articles,1998,5411.95020996068,,0
IDA,IDA total,IP.JRN.ARTC.SC,Scientific and technical journal articles,1997,5385.03048772378,,0
IDA,IDA total,IP.JRN.ARTC.SC,Scientific and technical journal articles,1996,4998.10381007525,,0
LTE,Late-demographic dividend,IP.JRN.ARTC.SC,Scientific and technical journal articles,2022,1242762.03206264,,0
LTE,Late-demographic dividend,IP.JRN.ARTC.SC,Scientific and technical journal articles,2021,1133413.89740208,,0
LTE,Late-demographic dividend,IP.JRN.ARTC.SC,Scientific and technical journal articles,2020,1009470.16566363,,0
LTE,Late-demographic dividend,IP.JRN.ARTC.SC,Scientific and technical journal articles,2019,937044.285233225,,0
LTE,Late-demographic dividend,IP.JRN.ARTC.SC,Scientific and technical journal articles,2018,821454.457351206,,0
LTE,Late-demographic dividend,IP.JRN.ARTC.SC,Scientific and technical journal articles,2017,737323.157465953,,0
LTE,Late-demographic dividend,IP.JRN.ARTC.SC,Scientific and technical journal articles,2016,689053.739754857,,0
LTE,Late-demographic dividend,IP.JRN.ARTC.SC,Scientific and technical journal articles,2015,638066.414613411,,0
LTE,Late-demographic dividend,IP.JRN.ARTC.SC,Scientific and technical journal articles,2014,602036.283885207,,0
LTE,Late-demographic dividend,IP.JRN.ARTC.SC,Scientific and technical journal articles,2013,557309.499644841,,0
LTE,Late-demographic dividend,IP.JRN.ARTC.SC,Scientific and technical journal articles,2012,521986.266947173,,0
LTE,Late-demographic dividend,IP.JRN.ARTC.SC,Scientific and technical journal articles,2011,504911.459697802,,0
LTE,Late-demographic dividend,IP.JRN.ARTC.SC,Scientific and technical journal articles,2010,478475.428152264,,0
LTE,Late-demographic dividend,IP.JRN.ARTC.SC,Scientific and technical journal articles,2009,441404.233235192,,0
LTE,Late-demographic dividend,IP.JRN.ARTC.SC,Scientific and technical journal articles,2008,392518.739352123,,0
LTE,Late-demographic dividend,IP.JRN.ARTC.SC,Scientific and technical journal articles,2007,341094.004337048,,0
LTE,Late-demographic dividend,IP.JRN.ARTC.SC,Scientific and technical journal articles,2006,312389.241544184,,0
LTE,Late-demographic dividend,IP.JRN.ARTC.SC,Scientific and technical journal articles,2005,277430.866155048,,0
LTE,Late-demographic dividend,IP.JRN.ARTC.SC,Scientific and technical journal articles,2004,224261.975650182,,0
LTE,Late-demographic dividend,IP.JRN.ARTC.SC,Scientific and technical journal articles,2003,183118.16601894,,0
LTE,Late-demographic dividend,IP.JRN.ARTC.SC,Scientific and technical journal articles,2002,166801.392007692,,0
LTE,Late-demographic dividend,IP.JRN.ARTC.SC,Scientific and technical journal articles,2001,156897.111065808,,0
LTE,Late-demographic dividend,IP.JRN.ARTC.SC,Scientific and technical journal articles,2000,132076.164601958,,0
LTE,Late-demographic dividend,IP.JRN.ARTC.SC,Scientific and technical journal articles,1999,119404.329344685,,0
LTE,Late-demographic dividend,IP.JRN.ARTC.SC,Scientific and technical journal articles,1998,118149.200658803,,0
LTE,Late-demographic dividend,IP.JRN.ARTC.SC,Scientific and technical journal articles,1997,108545.131356291,,0
LTE,Late-demographic dividend,IP.JRN.ARTC.SC,Scientific and technical journal articles,1996,103068.537464338,,0
LCN,Latin America & Caribbean,IP.JRN.ARTC.SC,Scientific and technical journal articles,2022,130281.860852255,,0
LCN,Latin America & Caribbean,IP.JRN.ARTC.SC,Scientific and technical journal articles,2021,139629.316272165,,0
LCN,Latin America & Caribbean,IP.JRN.ARTC.SC,Scientific and technical journal articles,2020,131508.497489413,,0
LCN,Latin America & Caribbean,IP.JRN.ARTC.SC,Scientific and technical journal articles,2019,121991.346207811,,0
LCN,Latin America & Caribbean,IP.JRN.ARTC.SC,Scientific and technical journal articles,2018,113889.334699102,,0
LCN,Latin America & Caribbean,IP.JRN.ARTC.SC,Scientific and technical journal articles,2017,106042.13723115,,0
LCN,Latin America & Caribbean,IP.JRN.ARTC.SC,Scientific and technical journal articles,2016,100110.268948407,,0
LCN,Latin America & Caribbean,IP.JRN.ARTC.SC,Scientific and technical journal articles,2015,94686.3472027181,,0
LCN,Latin America & Caribbean,IP.JRN.ARTC.SC,Scientific and technical journal articles,2014,92552.0969436056,,0
LCN,Latin America & Caribbean,IP.JRN.ARTC.SC,Scientific and technical journal articles,2013,87228.8877000021,,0
LCN,Latin America & Caribbean,IP.JRN.ARTC.SC,Scientific and technical journal articles,2012,84087.4223372956,,0
LCN,Latin America & Caribbean,IP.JRN.ARTC.SC,Scientific and technical journal articles,2011,77631.8630565786,,0
LCN,Latin America & Caribbean,IP.JRN.ARTC.SC,Scientific and technical journal articles,2010,73523.4395653715,,0
LCN,Latin America & Caribbean,IP.JRN.ARTC.SC,Scientific and technical journal articles,2009,68714.9030366593,,0
LCN,Latin America & Caribbean,IP.JRN.ARTC.SC,Scientific and technical journal articles,2008,63908.8297356486,,0
LCN,Latin America & Caribbean,IP.JRN.ARTC.SC,Scientific and technical journal articles,2007,56453.2693723567,,0
LCN,Latin America & Caribbean,IP.JRN.ARTC.SC,Scientific and technical journal articles,2006,53417.5289492621,,0
LCN,Latin America & Caribbean,IP.JRN.ARTC.SC,Scientific and technical journal articles,2005,43748.7151694721,,0
LCN,Latin America & Caribbean,IP.JRN.ARTC.SC,Scientific and technical journal articles,2004,38911.3605895089,,0
LCN,Latin America & Caribbean,IP.JRN.ARTC.SC,Scientific and technical journal articles,2003,35617.0824217297,,0
LCN,Latin America & Caribbean,IP.JRN.ARTC.SC,Scientific and technical journal articles,2002,33235.3541688949,,0
LCN,Latin America & Caribbean,IP.JRN.ARTC.SC,Scientific and technical journal articles,2001,29527.8156477329,,0
LCN,Latin America & Caribbean,IP.JRN.ARTC.SC,Scientific and technical journal articles,2000,27559.3813639644,,0
LCN,Latin America & Caribbean,IP.JRN.ARTC.SC,Scientific and technical journal articles,1999,25578.4038610591,,0
LCN,Latin America & Caribbean,IP.JRN.ARTC.SC,Scientific and technical journal articles,1998,23845.0573052471,,0
LCN,Latin America & Caribbean,IP.JRN.ARTC.SC,Scientific and technical journal articles,1997,22349.4902793637,,0
LCN,Latin America & Caribbean,IP.JRN.ARTC.SC,Scientific and technical journal articles,1996,19352.4981202917,,0
LAC,Latin America & Caribbean (excluding high income),IP.JRN.ARTC.SC,Scientific and technical journal articles,2022,117450.7,,0
LAC,Latin America & Caribbean (excluding high income),IP.JRN.ARTC.SC,Scientific and technical journal articles,2021,125621.97,,0
LAC,Latin America & Caribbean (excluding high income),IP.JRN.ARTC.SC,Scientific and technical journal articles,2020,118706.05,,0
LAC,Latin America & Caribbean (excluding high income),IP.JRN.ARTC.SC,Scientific and technical journal articles,2019,110278.48,,0
LAC,Latin America & Caribbean (excluding high income),IP.JRN.ARTC.SC,Scientific and technical journal articles,2018,102947.99,,0
LAC,Latin America & Caribbean (excluding high income),IP.JRN.ARTC.SC,Scientific and technical journal articles,2017,95757.01,,0
LAC,Latin America & Caribbean (excluding high income),IP.JRN.ARTC.SC,Scientific and technical journal articles,2016,90015.63,,0
LAC,Latin America & Caribbean (excluding high income),IP.JRN.ARTC.SC,Scientific and technical journal articles,2015,85395.64,,0
LAC,Latin America & Caribbean (excluding high income),IP.JRN.ARTC.SC,Scientific and technical journal articles,2014,83143.51,,0
LAC,Latin America & Caribbean (excluding high income),IP.JRN.ARTC.SC,Scientific and technical journal articles,2013,78989.28,,0
LAC,Latin America & Caribbean (excluding high income),IP.JRN.ARTC.SC,Scientific and technical journal articles,2012,75660.27,,0
LAC,Latin America & Caribbean (excluding high income),IP.JRN.ARTC.SC,Scientific and technical journal articles,2011,69884.72,,0
LAC,Latin America & Caribbean (excluding high income),IP.JRN.ARTC.SC,Scientific and technical journal articles,2010,65857.56,,0
LAC,Latin America & Caribbean (excluding high income),IP.JRN.ARTC.SC,Scientific and technical journal articles,2009,61262.84,,0
LAC,Latin America & Caribbean (excluding high income),IP.JRN.ARTC.SC,Scientific and technical journal articles,2008,56752.1067990169,,0
LAC,Latin America & Caribbean (excluding high income),IP.JRN.ARTC.SC,Scientific and technical journal articles,2007,50070.0635479747,,0
LAC,Latin America & Caribbean (excluding high income),IP.JRN.ARTC.SC,Scientific and technical journal articles,2006,47275.3423274519,,0
LAC,Latin America & Caribbean (excluding high income),IP.JRN.ARTC.SC,Scientific and technical journal articles,2005,38416.3818563396,,0
LAC,Latin America & Caribbean (excluding high income),IP.JRN.ARTC.SC,Scientific and technical journal articles,2004,34227.6300031792,,0
LAC,Latin America & Caribbean (excluding high income),IP.JRN.ARTC.SC,Scientific and technical journal articles,2003,31098.2010317667,,0
LAC,Latin America & Caribbean (excluding high income),IP.JRN.ARTC.SC,Scientific and technical journal articles,2002,29007.1150830791,,0
LAC,Latin America & Caribbean (excluding high income),IP.JRN.ARTC.SC,Scientific and technical journal articles,2001,25791.2633886864,,0
LAC,Latin America & Caribbean (excluding high income),IP.JRN.ARTC.SC,Scientific and technical journal articles,2000,24038.5184107522,,0
LAC,Latin America & Caribbean (excluding high income),IP.JRN.ARTC.SC,Scientific and technical journal articles,1999,22222.7749145156,,0
LAC,Latin America & Caribbean (excluding high income),IP.JRN.ARTC.SC,Scientific and technical journal articles,1998,20589.3978828524,,0
LAC,Latin America & Caribbean (excluding high income),IP.JRN.ARTC.SC,Scientific and technical journal articles,1997,18999.761355687,,0
LAC,Latin America & Caribbean (excluding high income),IP.JRN.ARTC.SC,Scientific and technical journal articles,1996,16369.3963839234,,0
TLA,Latin America & the Caribbean (IDA & IBRD countries),IP.JRN.ARTC.SC,Scientific and technical journal articles,2022,128337.29,,0
TLA,Latin America & the Caribbean (IDA & IBRD countries),IP.JRN.ARTC.SC,Scientific and technical journal articles,2021,137376.91,,0
TLA,Latin America & the Caribbean (IDA & IBRD countries),IP.JRN.ARTC.SC,Scientific and technical journal articles,2020,129412.22,,0
TLA,Latin America & the Caribbean (IDA & IBRD countries),IP.JRN.ARTC.SC,Scientific and technical journal articles,2019,120170.75,,0
TLA,Latin America & the Caribbean (IDA & IBRD countries),IP.JRN.ARTC.SC,Scientific and technical journal articles,2018,112032.21,,0
TLA,Latin America & the Caribbean (IDA & IBRD countries),IP.JRN.ARTC.SC,Scientific and technical journal articles,2017,104210.9,,0
TLA,Latin America & the Caribbean (IDA & IBRD countries),IP.JRN.ARTC.SC,Scientific and technical journal articles,2016,98237.19,,0
TLA,Latin America & the Caribbean (IDA & IBRD countries),IP.JRN.ARTC.SC,Scientific and technical journal articles,2015,92656.98,,0
TLA,Latin America & the Caribbean (IDA & IBRD countries),IP.JRN.ARTC.SC,Scientific and technical journal articles,2014,90372.43,,0
TLA,Latin America & the Caribbean (IDA & IBRD countries),IP.JRN.ARTC.SC,Scientific and technical journal articles,2013,84977.77,,0
TLA,Latin America & the Caribbean (IDA & IBRD countries),IP.JRN.ARTC.SC,Scientific and technical journal articles,2012,81846.48,,0
TLA,Latin America & the Caribbean (IDA & IBRD countries),IP.JRN.ARTC.SC,Scientific and technical journal articles,2011,75403.05,,0
TLA,Latin America & the Caribbean (IDA & IBRD countries),IP.JRN.ARTC.SC,Scientific and technical journal articles,2010,71438.24,,0
TLA,Latin America & the Caribbean (IDA & IBRD countries),IP.JRN.ARTC.SC,Scientific and technical journal articles,2009,66570.97,,0
TLA,Latin America & the Caribbean (IDA & IBRD countries),IP.JRN.ARTC.SC,Scientific and technical journal articles,2008,61986.5121817357,,0
TLA,Latin America & the Caribbean (IDA & IBRD countries),IP.JRN.ARTC.SC,Scientific and technical journal articles,2007,54613.3170264237,,0
TLA,Latin America & the Caribbean (IDA & IBRD countries),IP.JRN.ARTC.SC,Scientific and technical journal articles,2006,51434.4064080195,,0
TLA,Latin America & the Caribbean (IDA & IBRD countries),IP.JRN.ARTC.SC,Scientific and technical journal articles,2005,42165.2129216443,,0
TLA,Latin America & the Caribbean (IDA & IBRD countries),IP.JRN.ARTC.SC,Scientific and technical journal articles,2004,37567.6109529021,,0
TLA,Latin America & the Caribbean (IDA & IBRD countries),IP.JRN.ARTC.SC,Scientific and technical journal articles,2003,34242.7066162931,,0
TLA,Latin America & the Caribbean (IDA & IBRD countries),IP.JRN.ARTC.SC,Scientific and technical journal articles,2002,31814.0242305369,,0
TLA,Latin America & the Caribbean (IDA & IBRD countries),IP.JRN.ARTC.SC,Scientific and technical journal articles,2001,28079.6502576753,,0
TLA,Latin America & the Caribbean (IDA & IBRD countries),IP.JRN.ARTC.SC,Scientific and technical journal articles,2000,26191.7217180171,,0
TLA,Latin America & the Caribbean (IDA & IBRD countries),IP.JRN.ARTC.SC,Scientific and technical journal articles,1999,24205.0394199925,,0
TLA,Latin America & the Caribbean (IDA & IBRD countries),IP.JRN.ARTC.SC,Scientific and technical journal articles,1998,22500.7772525137,,0
TLA,Latin America & the Caribbean (IDA & IBRD countries),IP.JRN.ARTC.SC,Scientific and technical journal articles,1997,21176.0533277677,,0
TLA,Latin America & the Caribbean (IDA & IBRD countries),IP.JRN.ARTC.SC,Scientific and technical journal articles,1996,18338.7578497122,,0
LDC,Least developed countries: UN classification,IP.JRN.ARTC.SC,Scientific and technical journal articles,2022,23806.72,,0
LDC,Least developed countries: UN classification,IP.JRN.ARTC.SC,Scientific and technical journal articles,2021,22616.83,,0
LDC,Least developed countries: UN classification,IP.JRN.ARTC.SC,Scientific and technical journal articles,2020,17212.64,,0
LDC,Least developed countries: UN classification,IP.JRN.ARTC.SC,Scientific and technical journal articles,2019,14554.24,,0
LDC,Least developed countries: UN classification,IP.JRN.ARTC.SC,Scientific and technical journal articles,2018,11091.92,,0
LDC,Least developed countries: UN classification,IP.JRN.ARTC.SC,Scientific and technical journal articles,2017,9940.99,,0
LDC,Least developed countries: UN classification,IP.JRN.ARTC.SC,Scientific and technical journal articles,2016,8488.31,,0
LDC,Least developed countries: UN classification,IP.JRN.ARTC.SC,Scientific and technical journal articles,2015,7470.28,,0
LDC,Least developed countries: UN classification,IP.JRN.ARTC.SC,Scientific and technical journal articles,2014,7354.53,,0
LDC,Least developed countries: UN classification,IP.JRN.ARTC.SC,Scientific and technical journal articles,2013,6164.73,,0
LDC,Least developed countries: UN classification,IP.JRN.ARTC.SC,Scientific and technical journal articles,2012,5881.86,,0
LDC,Least developed countries: UN classification,IP.JRN.ARTC.SC,Scientific and technical journal articles,2011,5144.00953710537,,0
LDC,Least developed countries: UN classification,IP.JRN.ARTC.SC,Scientific and technical journal articles,2010,4785.85341589261,,0
LDC,Least developed countries: UN classification,IP.JRN.ARTC.SC,Scientific and technical journal articles,2009,4233.12972927613,,0
LDC,Least developed countries: UN classification,IP.JRN.ARTC.SC,Scientific and technical journal articles,2008,3802.85968348195,,0
LDC,Least developed countries: UN classification,IP.JRN.ARTC.SC,Scientific and technical journal articles,2007,3595.40185760761,,0
LDC,Least developed countries: UN classification,IP.JRN.ARTC.SC,Scientific and technical journal articles,2006,3121.09496895726,,0
LDC,Least developed countries: UN classification,IP.JRN.ARTC.SC,Scientific and technical journal articles,2005,2666.67607937923,,0
LDC,Least developed countries: UN classification,IP.JRN.ARTC.SC,Scientific and technical journal articles,2004,2365.72839782831,,0
LDC,Least developed countries: UN classification,IP.JRN.ARTC.SC,Scientific and technical journal articles,2003,2189.64958559568,,0
LDC,Least developed countries: UN classification,IP.JRN.ARTC.SC,Scientific and technical journal articles,2002,1865.93779418528,,0
LDC,Least developed countries: UN classification,IP.JRN.ARTC.SC,Scientific and technical journal articles,2001,1818.70571438877,,0
LDC,Least developed countries: UN classification,IP.JRN.ARTC.SC,Scientific and technical journal articles,2000,1725.61481348252,,0
LDC,Least developed countries: UN classification,IP.JRN.ARTC.SC,Scientific and technical journal articles,1999,1758.66749991238,,0
LDC,Least developed countries: UN classification,IP.JRN.ARTC.SC,Scientific and technical journal articles,1998,1725.89543058987,,0
LDC,Least developed countries: UN classification,IP.JRN.ARTC.SC,Scientific and technical journal articles,1997,1640.07093713271,,0
LDC,Least developed countries: UN classification,IP.JRN.ARTC.SC,Scientific and technical journal articles,1996,1518.86706546614,,0
LMY,Low & middle income,IP.JRN.ARTC.SC,Scientific and technical journal articles,2022,1605912.33,,0
LMY,Low & middle income,IP.JRN.ARTC.SC,Scientific and technical journal articles,2021,1442271.82,,0
LMY,Low & middle income,IP.JRN.ARTC.SC,Scientific and technical journal articles,2020,1260286.42,,0
LMY,Low & middle income,IP.JRN.ARTC.SC,Scientific and technical journal articles,2019,1158772.26,,0
LMY,Low & middle income,IP.JRN.ARTC.SC,Scientific and technical journal articles,2018,1016884.69,,0
LMY,Low & middle income,IP.JRN.ARTC.SC,Scientific and technical journal articles,2017,902668.51,,0
LMY,Low & middle income,IP.JRN.ARTC.SC,Scientific and technical journal articles,2016,838269.88,,0
LMY,Low & middle income,IP.JRN.ARTC.SC,Scientific and technical journal articles,2015,771864.92,,0
LMY,Low & middle income,IP.JRN.ARTC.SC,Scientific and technical journal articles,2014,730563.05,,0
LMY,Low & middle income,IP.JRN.ARTC.SC,Scientific and technical journal articles,2013,677544.98,,0
LMY,Low & middle income,IP.JRN.ARTC.SC,Scientific and technical journal articles,2012,634903.1,,0
LMY,Low & middle income,IP.JRN.ARTC.SC,Scientific and technical journal articles,2011,608145.664255165,,0
LMY,Low & middle income,IP.JRN.ARTC.SC,Scientific and technical journal articles,2010,562844.242270961,,0
LMY,Low & middle income,IP.JRN.ARTC.SC,Scientific and technical journal articles,2009,513157.523821552,,0
LMY,Low & middle income,IP.JRN.ARTC.SC,Scientific and technical journal articles,2008,449938.909270046,,0
LMY,Low & middle income,IP.JRN.ARTC.SC,Scientific and technical journal articles,2007,391591.514485955,,0
LMY,Low & middle income,IP.JRN.ARTC.SC,Scientific and technical journal articles,2006,354473.474756378,,0
LMY,Low & middle income,IP.JRN.ARTC.SC,Scientific and technical journal articles,2005,304742.276731659,,0
LMY,Low & middle income,IP.JRN.ARTC.SC,Scientific and technical journal articles,2004,243608.755441659,,0
LMY,Low & middle income,IP.JRN.ARTC.SC,Scientific and technical journal articles,2003,198137.95757113,,0
LMY,Low & middle income,IP.JRN.ARTC.SC,Scientific and technical journal articles,2002,174688.609599429,,0
LMY,Low & middle income,IP.JRN.ARTC.SC,Scientific and technical journal articles,2001,160662.320771057,,0
LMY,Low & middle income,IP.JRN.ARTC.SC,Scientific and technical journal articles,2000,135634.087732449,,0
LMY,Low & middle income,IP.JRN.ARTC.SC,Scientific and technical journal articles,1999,122932.092407324,,0
LMY,Low & middle income,IP.JRN.ARTC.SC,Scientific and technical journal articles,1998,117792.196099666,,0
LMY,Low & middle income,IP.JRN.ARTC.SC,Scientific and technical journal articles,1997,108008.621984285,,0
LMY,Low & middle income,IP.JRN.ARTC.SC,Scientific and technical journal articles,1996,99095.4039502346,,0
,Low income,IP.JRN.ARTC.SC,Scientific and technical journal articles,2022,5663.8,,0
,Low income,IP.JRN.ARTC.SC,Scientific and technical journal articles,2021,5437.12,,0
,Low income,IP.JRN.ARTC.SC,Scientific and technical journal articles,2020,4286.29,,0
,Low income,IP.JRN.ARTC.SC,Scientific and technical journal articles,2019,3661.18,,0
,Low income,IP.JRN.ARTC.SC,Scientific and technical journal articles,2018,3263.82,,0
,Low income,IP.JRN.ARTC.SC,Scientific and technical journal articles,2017,2871.91,,0
,Low income,IP.JRN.ARTC.SC,Scientific and technical journal articles,2016,2691.56,,0
,Low income,IP.JRN.ARTC.SC,Scientific and technical journal articles,2015,2420.77,,0
,Low income,IP.JRN.ARTC.SC,Scientific and technical journal articles,2014,2227.92,,0
,Low income,IP.JRN.ARTC.SC,Scientific and technical journal articles,2013,2115.1,,0
,Low income,IP.JRN.ARTC.SC,Scientific and technical journal articles,2012,2046.38,,0
,Low income,IP.JRN.ARTC.SC,Scientific and technical journal articles,2011,1941.56,,0
,Low income,IP.JRN.ARTC.SC,Scientific and technical journal articles,2010,1797.52982401518,,0
,Low income,IP.JRN.ARTC.SC,Scientific and technical journal articles,2009,1492.12500015464,,0
,Low income,IP.JRN.ARTC.SC,Scientific and technical journal articles,2008,1348.34503293916,,0
,Low income,IP.JRN.ARTC.SC,Scientific and technical journal articles,2007,1297.8437178325,,0
,Low income,IP.JRN.ARTC.SC,Scientific and technical journal articles,2006,1088.28330034424,,0
,Low income,IP.JRN.ARTC.SC,Scientific and technical journal articles,2005,996.368902829669,,0
,Low income,IP.JRN.ARTC.SC,Scientific and technical journal articles,2004,932.36048995241,,0
,Low income,IP.JRN.ARTC.SC,Scientific and technical journal articles,2003,799.806636068147,,0
,Low income,IP.JRN.ARTC.SC,Scientific and technical journal articles,2002,680.643273425646,,0
,Low income,IP.JRN.ARTC.SC,Scientific and technical journal articles,2001,732.63734502743,,0
,Low income,IP.JRN.ARTC.SC,Scientific and technical journal articles,2000,667.21540521402,,0
,Low income,IP.JRN.ARTC.SC,Scientific and technical journal articles,1999,673.65024324276,,0
,Low income,IP.JRN.ARTC.SC,Scientific and technical journal articles,1998,711.546520245091,,0
,Low income,IP.JRN.ARTC.SC,Scientific and technical journal articles,1997,609.470880385551,,0
,Low income,IP.JRN.ARTC.SC,Scientific and technical journal articles,1996,568.606360726115,,0
,Lower middle income,IP.JRN.ARTC.SC,Scientific and technical journal articles,2022,325451.24,,0
,Lower middle income,IP.JRN.ARTC.SC,Scientific and technical journal articles,2021,289527.22,,0
,Lower middle income,IP.JRN.ARTC.SC,Scientific and technical journal articles,2020,239851.72,,0
,Lower middle income,IP.JRN.ARTC.SC,Scientific and technical journal articles,2019,213108.98,,0
,Lower middle income,IP.JRN.ARTC.SC,Scientific and technical journal articles,2018,195791.83,,0
,Lower middle income,IP.JRN.ARTC.SC,Scientific and technical journal articles,2017,170761.51,,0
,Lower middle income,IP.JRN.ARTC.SC,Scientific and technical journal articles,2016,159358.05,,0
,Lower middle income,IP.JRN.ARTC.SC,Scientific and technical journal articles,2015,142358.21,,0
,Lower middle income,IP.JRN.ARTC.SC,Scientific and technical journal articles,2014,133066.23,,0
,Lower middle income,IP.JRN.ARTC.SC,Scientific and technical journal articles,2013,121014.66,,0
,Lower middle income,IP.JRN.ARTC.SC,Scientific and technical journal articles,2012,113939.68,,0
,Lower middle income,IP.JRN.ARTC.SC,Scientific and technical journal articles,2011,104526.33442228,,0
,Lower middle income,IP.JRN.ARTC.SC,Scientific and technical journal articles,2010,90588.1484814148,,0
,Lower middle income,IP.JRN.ARTC.SC,Scientific and technical journal articles,2009,80604.8974252841,,0
,Lower middle income,IP.JRN.ARTC.SC,Scientific and technical journal articles,2008,71368.703447037,,0
,Lower middle income,IP.JRN.ARTC.SC,Scientific and technical journal articles,2007,62791.4568870183,,0
,Lower middle income,IP.JRN.ARTC.SC,Scientific and technical journal articles,2006,56205.5025038644,,0
,Lower middle income,IP.JRN.ARTC.SC,Scientific and technical journal articles,2005,49278.4285458663,,0
,Lower middle income,IP.JRN.ARTC.SC,Scientific and technical journal articles,2004,43103.8467738724,,0
,Lower middle income,IP.JRN.ARTC.SC,Scientific and technical journal articles,2003,40093.5880405742,,0
,Lower middle income,IP.JRN.ARTC.SC,Scientific and technical journal articles,2002,36534.5607329278,,0
,Lower middle income,IP.JRN.ARTC.SC,Scientific and technical journal articles,2001,34012.5767452347,,0
,Lower middle income,IP.JRN.ARTC.SC,Scientific and technical journal articles,2000,32001.3478057761,,0
,Lower middle income,IP.JRN.ARTC.SC,Scientific and technical journal articles,1999,30771.727554628,,0
,Lower middle income,IP.JRN.ARTC.SC,Scientific and technical journal articles,1998,29168.8720503968,,0
,Lower middle income,IP.JRN.ARTC.SC,Scientific and technical journal articles,1997,28600.4597953215,,0
,Lower middle income,IP.JRN.ARTC.SC,Scientific and technical journal articles,1996,27437.7276867336,,0
MEA,"Middle East, North Africa, Afghanistan & Pakistan",IP.JRN.ARTC.SC,Scientific and technical journal articles,2022,206923.89,,0
MEA,"Middle East, North Africa, Afghanistan & Pakistan",IP.JRN.ARTC.SC,Scientific and technical journal articles,2021,189279.87,,0
MEA,"Middle East, North Africa, Afghanistan & Pakistan",IP.JRN.ARTC.SC,Scientific and technical journal articles,2020,164496.17,,0
MEA,"Middle East, North Africa, Afghanistan & Pakistan",IP.JRN.ARTC.SC,Scientific and technical journal articles,2019,150419.47,,0
MEA,"Middle East, North Africa, Afghanistan & Pakistan",IP.JRN.ARTC.SC,Scientific and technical journal articles,2018,129637.36,,0
MEA,"Middle East, North Africa, Afghanistan & Pakistan",IP.JRN.ARTC.SC,Scientific and technical journal articles,2017,118477.8,,0
MEA,"Middle East, North Africa, Afghanistan & Pakistan",IP.JRN.ARTC.SC,Scientific and technical journal articles,2016,109047.82,,0
MEA,"Middle East, North Africa, Afghanistan & Pakistan",IP.JRN.ARTC.SC,Scientific and technical journal articles,2015,97238.2,,0
MEA,"Middle East, North Africa, Afghanistan & Pakistan",IP.JRN.ARTC.SC,Scientific and technical journal articles,2014,91778.6,,0
MEA,"Middle East, North Africa, Afghanistan & Pakistan",IP.JRN.ARTC.SC,Scientific and technical journal articles,2013,85139.93,,0
MEA,"Middle East, North Africa, Afghanistan & Pakistan",IP.JRN.ARTC.SC,Scientific and technical journal articles,2012,80697.02,,0
MEA,"Middle East, North Africa, Afghanistan & Pakistan",IP.JRN.ARTC.SC,Scientific and technical journal articles,2011,75792.35,,0
MEA,"Middle East, North Africa, Afghanistan & Pakistan",IP.JRN.ARTC.SC,Scientific and technical journal articles,2010,65557.18,,0
MEA,"Middle East, North Africa, Afghanistan & Pakistan",IP.JRN.ARTC.SC,Scientific and technical journal articles,2009,58321.74,,0
MEA,"Middle East, North Africa, Afghanistan & Pakistan",IP.JRN.ARTC.SC,Scientific and technical journal articles,2008,50772.82,,0
MEA,"Middle East, North Africa, Afghanistan & Pakistan",IP.JRN.ARTC.SC,Scientific and technical journal articles,2007,43652.16,,0
MEA,"Middle East, North Africa, Afghanistan & Pakistan",IP.JRN.ARTC.SC,Scientific and technical journal articles,2006,38664.04,,0
MEA,"Middle East, North Africa, Afghanistan & Pakistan",IP.JRN.ARTC.SC,Scientific and technical journal articles,2005,33005.63,,0
MEA,"Middle East, North Africa, Afghanistan & Pakistan",IP.JRN.ARTC.SC,Scientific and technical journal articles,2004,29357.75,,0
MEA,"Middle East, North Africa, Afghanistan & Pakistan",IP.JRN.ARTC.SC,Scientific and technical journal articles,2003,26519.32,,0
MEA,"Middle East, North Africa, Afghanistan & Pakistan",IP.JRN.ARTC.SC,Scientific and technical journal articles,2002,23575.72,,0
MEA,"Middle East, North Africa, Afghanistan & Pakistan",IP.JRN.ARTC.SC,Scientific and technical journal articles,2001,21929.97,,0
MEA,"Middle East, North Africa, Afghanistan & Pakistan",IP.JRN.ARTC.SC,Scientific and technical journal articles,2000,20644.4,,0
MEA,"Middle East, North Africa, Afghanistan & Pakistan",IP.JRN.ARTC.SC,Scientific and technical journal articles,1999,18569.45,,0
MEA,"Middle East, North Africa, Afghanistan & Pakistan",IP.JRN.ARTC.SC,Scientific and technical journal articles,1998,18308.59,,0
MEA,"Middle East, North Africa, Afghanistan & Pakistan",IP.JRN.ARTC.SC,Scientific and technical journal articles,1997,17786.4121378837,,0
MEA,"Middle East, North Africa, Afghanistan & Pakistan",IP.JRN.ARTC.SC,Scientific and technical journal articles,1996,16757.2686819576,,0
MNA,"Middle East, North Africa, Afghanistan & Pakistan (excluding high income)",IP.JRN.ARTC.SC,Scientific and technical journal articles,2022,152441.77,,0
MNA,"Middle East, North Africa, Afghanistan & Pakistan (excluding high income)",IP.JRN.ARTC.SC,Scientific and technical journal articles,2021,140781.88,,0
MNA,"Middle East, North Africa, Afghanistan & Pakistan (excluding high income)",IP.JRN.ARTC.SC,Scientific and technical journal articles,2020,123782.94,,0
MNA,"Middle East, North Africa, Afghanistan & Pakistan (excluding high income)",IP.JRN.ARTC.SC,Scientific and technical journal articles,2019,115131.6,,0
MNA,"Middle East, North Africa, Afghanistan & Pakistan (excluding high income)",IP.JRN.ARTC.SC,Scientific and technical journal articles,2018,98871.98,,0
MNA,"Middle East, North Africa, Afghanistan & Pakistan (excluding high income)",IP.JRN.ARTC.SC,Scientific and technical journal articles,2017,89419.15,,0
MNA,"Middle East, North Africa, Afghanistan & Pakistan (excluding high income)",IP.JRN.ARTC.SC,Scientific and technical journal articles,2016,81044.48,,0
MNA,"Middle East, North Africa, Afghanistan & Pakistan (excluding high income)",IP.JRN.ARTC.SC,Scientific and technical journal articles,2015,70505.1,,0
MNA,"Middle East, North Africa, Afghanistan & Pakistan (excluding high income)",IP.JRN.ARTC.SC,Scientific and technical journal articles,2014,66657.17,,0
MNA,"Middle East, North Africa, Afghanistan & Pakistan (excluding high income)",IP.JRN.ARTC.SC,Scientific and technical journal articles,2013,61993.46,,0
MNA,"Middle East, North Africa, Afghanistan & Pakistan (excluding high income)",IP.JRN.ARTC.SC,Scientific and technical journal articles,2012,59197.32,,0
MNA,"Middle East, North Africa, Afghanistan & Pakistan (excluding high income)",IP.JRN.ARTC.SC,Scientific and technical journal articles,2011,56035.88,,0
MNA,"Middle East, North Africa, Afghanistan & Pakistan (excluding high income)",IP.JRN.ARTC.SC,Scientific and technical journal articles,2010,47615.42,,0
MNA,"Middle East, North Africa, Afghanistan & Pakistan (excluding high income)",IP.JRN.ARTC.SC,Scientific and technical journal articles,2009,41190.13,,0
MNA,"Middle East, North Africa, Afghanistan & Pakistan (excluding high income)",IP.JRN.ARTC.SC,Scientific and technical journal articles,2008,34355.23,,0
MNA,"Middle East, North Africa, Afghanistan & Pakistan (excluding high income)",IP.JRN.ARTC.SC,Scientific and technical journal articles,2007,27907.65,,0
MNA,"Middle East, North Africa, Afghanistan & Pakistan (excluding high income)",IP.JRN.ARTC.SC,Scientific and technical journal articles,2006,23214.2,,0
MNA,"Middle East, North Africa, Afghanistan & Pakistan (excluding high income)",IP.JRN.ARTC.SC,Scientific and technical journal articles,2005,18552.42,,0
MNA,"Middle East, North Africa, Afghanistan & Pakistan (excluding high income)",IP.JRN.ARTC.SC,Scientific and technical journal articles,2004,15337.64,,0
MNA,"Middle East, North Africa, Afghanistan & Pakistan (excluding high income)",IP.JRN.ARTC.SC,Scientific and technical journal articles,2003,13098.55,,0
MNA,"Middle East, North Africa, Afghanistan & Pakistan (excluding high income)",IP.JRN.ARTC.SC,Scientific and technical journal articles,2002,10883.66,,0
MNA,"Middle East, North Africa, Afghanistan & Pakistan (excluding high income)",IP.JRN.ARTC.SC,Scientific and technical journal articles,2001,9622.45,,0
MNA,"Middle East, North Africa, Afghanistan & Pakistan (excluding high income)",IP.JRN.ARTC.SC,Scientific and technical journal articles,2000,8488.59,,0
MNA,"Middle East, North Africa, Afghanistan & Pakistan (excluding high income)",IP.JRN.ARTC.SC,Scientific and technical journal articles,1999,7371.66,,0
MNA,"Middle East, North Africa, Afghanistan & Pakistan (excluding high income)",IP.JRN.ARTC.SC,Scientific and technical journal articles,1998,6866.27,,0
MNA,"Middle East, North Africa, Afghanistan & Pakistan (excluding high income)",IP.JRN.ARTC.SC,Scientific and technical journal articles,1997,6286.88964081218,,0
MNA,"Middle East, North Africa, Afghanistan & Pakistan (excluding high income)",IP.JRN.ARTC.SC,Scientific and technical journal articles,1996,5639.41220651442,,0
TMN,"Middle East, North Africa, Afghanistan & Pakistan (IDA & IBRD)",IP.JRN.ARTC.SC,Scientific and technical journal articles,2022,151727.19,,0
TMN,"Middle East, North Africa, Afghanistan & Pakistan (IDA & IBRD)",IP.JRN.ARTC.SC,Scientific and technical journal articles,2021,140153.05,,0
TMN,"Middle East, North Africa, Afghanistan & Pakistan (IDA & IBRD)",IP.JRN.ARTC.SC,Scientific and technical journal articles,2020,123260.8,,0
TMN,"Middle East, North Africa, Afghanistan & Pakistan (IDA & IBRD)",IP.JRN.ARTC.SC,Scientific and technical journal articles,2019,114658.22,,0
TMN,"Middle East, North Africa, Afghanistan & Pakistan (IDA & IBRD)",IP.JRN.ARTC.SC,Scientific and technical journal articles,2018,98485.4,,0
TMN,"Middle East, North Africa, Afghanistan & Pakistan (IDA & IBRD)",IP.JRN.ARTC.SC,Scientific and technical journal articles,2017,89089.67,,0
TMN,"Middle East, North Africa, Afghanistan & Pakistan (IDA & IBRD)",IP.JRN.ARTC.SC,Scientific and technical journal articles,2016,80805.63,,0
TMN,"Middle East, North Africa, Afghanistan & Pakistan (IDA & IBRD)",IP.JRN.ARTC.SC,Scientific and technical journal articles,2015,70282.75,,0
TMN,"Middle East, North Africa, Afghanistan & Pakistan (IDA & IBRD)",IP.JRN.ARTC.SC,Scientific and technical journal articles,2014,66422.87,,0
TMN,"Middle East, North Africa, Afghanistan & Pakistan (IDA & IBRD)",IP.JRN.ARTC.SC,Scientific and technical journal articles,2013,61764.72,,0
TMN,"Middle East, North Africa, Afghanistan & Pakistan (IDA & IBRD)",IP.JRN.ARTC.SC,Scientific and technical journal articles,2012,58991.49,,0
TMN,"Middle East, North Africa, Afghanistan & Pakistan (IDA & IBRD)",IP.JRN.ARTC.SC,Scientific and technical journal articles,2011,55828.6,,0
TMN,"Middle East, North Africa, Afghanistan & Pakistan (IDA & IBRD)",IP.JRN.ARTC.SC,Scientific and technical journal articles,2010,47422.98,,0
TMN,"Middle East, North Africa, Afghanistan & Pakistan (IDA & IBRD)",IP.JRN.ARTC.SC,Scientific and technical journal articles,2009,41014.47,,0
TMN,"Middle East, North Africa, Afghanistan & Pakistan (IDA & IBRD)",IP.JRN.ARTC.SC,Scientific and technical journal articles,2008,34204.02,,0
TMN,"Middle East, North Africa, Afghanistan & Pakistan (IDA & IBRD)",IP.JRN.ARTC.SC,Scientific and technical journal articles,2007,27758.22,,0
TMN,"Middle East, North Africa, Afghanistan & Pakistan (IDA & IBRD)",IP.JRN.ARTC.SC,Scientific and technical journal articles,2006,23100.22,,0
TMN,"Middle East, North Africa, Afghanistan & Pakistan (IDA & IBRD)",IP.JRN.ARTC.SC,Scientific and technical journal articles,2005,18449.03,,0
TMN,"Middle East, North Africa, Afghanistan & Pakistan (IDA & IBRD)",IP.JRN.ARTC.SC,Scientific and technical journal articles,2004,15233.75,,0
TMN,"Middle East, North Africa, Afghanistan & Pakistan (IDA & IBRD)",IP.JRN.ARTC.SC,Scientific and technical journal articles,2003,13010.81,,0
TMN,"Middle East, North Africa, Afghanistan & Pakistan (IDA & IBRD)",IP.JRN.ARTC.SC,Scientific and technical journal articles,2002,10792.48,,0
TMN,"Middle East, North Africa, Afghanistan & Pakistan (IDA & IBRD)",IP.JRN.ARTC.SC,Scientific and technical journal articles,2001,9563.64,,0
TMN,"Middle East, North Africa, Afghanistan & Pakistan (IDA & IBRD)",IP.JRN.ARTC.SC,Scientific and technical journal articles,2000,8420.91,,0
TMN,"Middle East, North Africa, Afghanistan & Pakistan (IDA & IBRD)",IP.JRN.ARTC.SC,Scientific and technical journal articles,1999,7303.67,,0
TMN,"Middle East, North Africa, Afghanistan & Pakistan (IDA & IBRD)",IP.JRN.ARTC.SC,Scientific and technical journal articles,1998,6820.67,,0
TMN,"Middle East, North Africa, Afghanistan & Pakistan (IDA & IBRD)",IP.JRN.ARTC.SC,Scientific and technical journal articles,1997,6240.63783984605,,0
TMN,"Middle East, North Africa, Afghanistan & Pakistan (IDA & IBRD)",IP.JRN.ARTC.SC,Scientific and technical journal articles,1996,5604.60326450511,,0
MIC,Middle income,IP.JRN.ARTC.SC,Scientific and technical journal articles,2022,1600248.53,,0
MIC,Middle income,IP.JRN.ARTC.SC,Scientific and technical journal articles,2021,1436834.7,,0
MIC,Middle income,IP.JRN.ARTC.SC,Scientific and technical journal articles,2020,1256000.13,,0
MIC,Middle income,IP.JRN.ARTC.SC,Scientific and technical journal articles,2019,1155111.08,,0
MIC,Middle income,IP.JRN.ARTC.SC,Scientific and technical journal articles,2018,1013620.87,,0
MIC,Middle income,IP.JRN.ARTC.SC,Scientific and technical journal articles,2017,899796.6,,0
MIC,Middle income,IP.JRN.ARTC.SC,Scientific and technical journal articles,2016,835578.32,,0
MIC,Middle income,IP.JRN.ARTC.SC,Scientific and technical journal articles,2015,769444.15,,0
MIC,Middle income,IP.JRN.ARTC.SC,Scientific and technical journal articles,2014,728335.13,,0
MIC,Middle income,IP.JRN.ARTC.SC,Scientific and technical journal articles,2013,675429.88,,0
MIC,Middle income,IP.JRN.ARTC.SC,Scientific and technical journal articles,2012,632856.72,,0
MIC,Middle income,IP.JRN.ARTC.SC,Scientific and technical journal articles,2011,606204.104300958,,0
MIC,Middle income,IP.JRN.ARTC.SC,Scientific and technical journal articles,2010,561046.712987404,,0
MIC,Middle income,IP.JRN.ARTC.SC,Scientific and technical journal articles,2009,511665.276584077,,0
MIC,Middle income,IP.JRN.ARTC.SC,Scientific and technical journal articles,2008,448590.490319986,,0
MIC,Middle income,IP.JRN.ARTC.SC,Scientific and technical journal articles,2007,390293.83953179,,0
MIC,Middle income,IP.JRN.ARTC.SC,Scientific and technical journal articles,2006,353385.862510437,,0
MIC,Middle income,IP.JRN.ARTC.SC,Scientific and technical journal articles,2005,303746.120521121,,0
MIC,Middle income,IP.JRN.ARTC.SC,Scientific and technical journal articles,2004,242675.750621793,,0
MIC,Middle income,IP.JRN.ARTC.SC,Scientific and technical journal articles,2003,197337.327268692,,0
MIC,Middle income,IP.JRN.ARTC.SC,Scientific and technical journal articles,2002,174007.417741145,,0
MIC,Middle income,IP.JRN.ARTC.SC,Scientific and technical journal articles,2001,159928.785032274,,0
MIC,Middle income,IP.JRN.ARTC.SC,Scientific and technical journal articles,2000,134965.932500529,,0
MIC,Middle income,IP.JRN.ARTC.SC,Scientific and technical journal articles,1999,122257.302496313,,0
MIC,Middle income,IP.JRN.ARTC.SC,Scientific and technical journal articles,1998,117079.281638954,,0
MIC,Middle income,IP.JRN.ARTC.SC,Scientific and technical journal articles,1997,107397.90863488,,0
MIC,Middle income,IP.JRN.ARTC.SC,Scientific and technical journal articles,1996,98525.6550846371,,0
NAC,North America,IP.JRN.ARTC.SC,Scientific and technical journal articles,2022,526483.460852057,,0
NAC,North America,IP.JRN.ARTC.SC,Scientific and technical journal articles,2021,542231.832635947,,0
NAC,North America,IP.JRN.ARTC.SC,Scientific and technical journal articles,2020,523014.156006312,,0
NAC,North America,IP.JRN.ARTC.SC,Scientific and technical journal articles,2019,516121.284684455,,0
NAC,North America,IP.JRN.ARTC.SC,Scientific and technical journal articles,2018,510906.360408993,,0
NAC,North America,IP.JRN.ARTC.SC,Scientific and technical journal articles,2017,502111.531049123,,0
NAC,North America,IP.JRN.ARTC.SC,Scientific and technical journal articles,2016,498961.4646206,,0
NAC,North America,IP.JRN.ARTC.SC,Scientific and technical journal articles,2015,498391.200268312,,0
NAC,North America,IP.JRN.ARTC.SC,Scientific and technical journal articles,2014,495361.935945284,,0
NAC,North America,IP.JRN.ARTC.SC,Scientific and technical journal articles,2013,492197.956970914,,0
NAC,North America,IP.JRN.ARTC.SC,Scientific and technical journal articles,2012,490015.167543754,,0
NAC,North America,IP.JRN.ARTC.SC,Scientific and technical journal articles,2011,484636.043221436,,0
NAC,North America,IP.JRN.ARTC.SC,Scientific and technical journal articles,2010,470584.091864371,,0
NAC,North America,IP.JRN.ARTC.SC,Scientific and technical journal articles,2009,459968.389304147,,0
NAC,North America,IP.JRN.ARTC.SC,Scientific and technical journal articles,2008,453135.939038699,,0
NAC,North America,IP.JRN.ARTC.SC,Scientific and technical journal articles,2007,448367.646492074,,0
NAC,North America,IP.JRN.ARTC.SC,Scientific and technical journal articles,2006,444927.456974123,,0
NAC,North America,IP.JRN.ARTC.SC,Scientific and technical journal articles,2005,438327.739296253,,0
NAC,North America,IP.JRN.ARTC.SC,Scientific and technical journal articles,2004,403035.851257555,,0
NAC,North America,IP.JRN.ARTC.SC,Scientific and technical journal articles,2003,375281.382486105,,0
NAC,North America,IP.JRN.ARTC.SC,Scientific and technical journal articles,2002,357469.773151772,,0
NAC,North America,IP.JRN.ARTC.SC,Scientific and technical journal articles,2001,340449.628647052,,0
NAC,North America,IP.JRN.ARTC.SC,Scientific and technical journal articles,2000,340787.430461177,,0
NAC,North America,IP.JRN.ARTC.SC,Scientific and technical journal articles,1999,329494.72401647,,0
NAC,North America,IP.JRN.ARTC.SC,Scientific and technical journal articles,1998,335779.444053135,,0
NAC,North America,IP.JRN.ARTC.SC,Scientific and technical journal articles,1997,345475.068248842,,0
NAC,North America,IP.JRN.ARTC.SC,Scientific and technical journal articles,1996,348285.092453269,,0
OED,OECD members,IP.JRN.ARTC.SC,Scientific and technical journal articles,2022,1608166.35,,0
OED,OECD members,IP.JRN.ARTC.SC,Scientific and technical journal articles,2021,1654242.66,,0
OED,OECD members,IP.JRN.ARTC.SC,Scientific and technical journal articles,2020,1564618.56,,0
OED,OECD members,IP.JRN.ARTC.SC,Scientific and technical journal articles,2019,1530685.75,,0
OED,OECD members,IP.JRN.ARTC.SC,Scientific and technical journal articles,2018,1492089.44,,0
OED,OECD members,IP.JRN.ARTC.SC,Scientific and technical journal articles,2017,1468917.87,,0
OED,OECD members,IP.JRN.ARTC.SC,Scientific and technical journal articles,2016,1462075.56,,0
OED,OECD members,IP.JRN.ARTC.SC,Scientific and technical journal articles,2015,1450629.76,,0
OED,OECD members,IP.JRN.ARTC.SC,Scientific and technical journal articles,2014,1438124.44,,0
OED,OECD members,IP.JRN.ARTC.SC,Scientific and technical journal articles,2013,1415754.18,,0
OED,OECD members,IP.JRN.ARTC.SC,Scientific and technical journal articles,2012,1393567.19,,0
OED,OECD members,IP.JRN.ARTC.SC,Scientific and technical journal articles,2011,1358890.02,,0
OED,OECD members,IP.JRN.ARTC.SC,Scientific and technical journal articles,2010,1312450.9,,0
OED,OECD members,IP.JRN.ARTC.SC,Scientific and technical journal articles,2009,1279782.73,,0
OED,OECD members,IP.JRN.ARTC.SC,Scientific and technical journal articles,2008,1244132.33,,0
OED,OECD members,IP.JRN.ARTC.SC,Scientific and technical journal articles,2007,1213419.55,,0
OED,OECD members,IP.JRN.ARTC.SC,Scientific and technical journal articles,2006,1185746.41,,0
OED,OECD members,IP.JRN.ARTC.SC,Scientific and technical journal articles,2005,1140834.89,,0
OED,OECD members,IP.JRN.ARTC.SC,Scientific and technical journal articles,2004,1042935.21,,0
OED,OECD members,IP.JRN.ARTC.SC,Scientific and technical journal articles,2003,977722.87,,0
OED,OECD members,IP.JRN.ARTC.SC,Scientific and technical journal articles,2002,930636.92,,0
OED,OECD members,IP.JRN.ARTC.SC,Scientific and technical journal articles,2001,894938.55,,0
OED,OECD members,IP.JRN.ARTC.SC,Scientific and technical journal articles,2000,884778.95,,0
OED,OECD members,IP.JRN.ARTC.SC,Scientific and technical journal articles,1999,849274.34,,0
OED,OECD members,IP.JRN.ARTC.SC,Scientific and technical journal articles,1998,851735.8,,0
OED,OECD members,IP.JRN.ARTC.SC,Scientific and technical journal articles,1997,856824.37,,0
OED,OECD members,IP.JRN.ARTC.SC,Scientific and technical journal articles,1996,836075.28,,0
OSS,Other small states,IP.JRN.ARTC.SC,Scientific and technical journal articles,2022,6306.54,,0
OSS,Other small states,IP.JRN.ARTC.SC,Scientific and technical journal articles,2021,5998.81,,0
OSS,Other small states,IP.JRN.ARTC.SC,Scientific and technical journal articles,2020,5491.07,,0
OSS,Other small states,IP.JRN.ARTC.SC,Scientific and technical journal articles,2019,5062.76,,0
OSS,Other small states,IP.JRN.ARTC.SC,Scientific and technical journal articles,2018,4798.71,,0
OSS,Other small states,IP.JRN.ARTC.SC,Scientific and technical journal articles,2017,4677.75,,0
OSS,Other small states,IP.JRN.ARTC.SC,Scientific and technical journal articles,2016,4415.01,,0
OSS,Other small states,IP.JRN.ARTC.SC,Scientific and technical journal articles,2015,4052.85,,0
OSS,Other small states,IP.JRN.ARTC.SC,Scientific and technical journal articles,2014,4087.56,,0
OSS,Other small states,IP.JRN.ARTC.SC,Scientific and technical journal articles,2013,3836.84,,0
OSS,Other small states,IP.JRN.ARTC.SC,Scientific and technical journal articles,2012,3654.08,,0
OSS,Other small states,IP.JRN.ARTC.SC,Scientific and technical journal articles,2011,3254.95320158968,,0
OSS,Other small states,IP.JRN.ARTC.SC,Scientific and technical journal articles,2010,3214.93750708898,,0
OSS,Other small states,IP.JRN.ARTC.SC,Scientific and technical journal articles,2009,2723.31855158413,,0
OSS,Other small states,IP.JRN.ARTC.SC,Scientific and technical journal articles,2008,2482.02387102832,,0
OSS,Other small states,IP.JRN.ARTC.SC,Scientific and technical journal articles,2007,2213.48640397463,,0
OSS,Other small states,IP.JRN.ARTC.SC,Scientific and technical journal articles,2006,1945.41373159181,,0
OSS,Other small states,IP.JRN.ARTC.SC,Scientific and technical journal articles,2005,1678.9267396986,,0
OSS,Other small states,IP.JRN.ARTC.SC,Scientific and technical journal articles,2004,1432.36372019105,,0
OSS,Other small states,IP.JRN.ARTC.SC,Scientific and technical journal articles,2003,1238.52972527626,,0
OSS,Other small states,IP.JRN.ARTC.SC,Scientific and technical journal articles,2002,1222.24644340341,,0
OSS,Other small states,IP.JRN.ARTC.SC,Scientific and technical journal articles,2001,1074.09848432465,,0
OSS,Other small states,IP.JRN.ARTC.SC,Scientific and technical journal articles,2000,1029.53367309184,,0
OSS,Other small states,IP.JRN.ARTC.SC,Scientific and technical journal articles,1999,1022.3610895953,,0
OSS,Other small states,IP.JRN.ARTC.SC,Scientific and technical journal articles,1998,983.952729406179,,0
OSS,Other small states,IP.JRN.ARTC.SC,Scientific and technical journal articles,1997,895.3924496052,,0
OSS,Other small states,IP.JRN.ARTC.SC,Scientific and technical journal articles,1996,862.787757344285,,0
PSS,Pacific island small states,IP.JRN.ARTC.SC,Scientific and technical journal articles,2022,275.163346837119,,0
PSS,Pacific island small states,IP.JRN.ARTC.SC,Scientific and technical journal articles,2021,280.404553443541,,0
PSS,Pacific island small states,IP.JRN.ARTC.SC,Scientific and technical journal articles,2020,262.351508465867,,0
PSS,Pacific island small states,IP.JRN.ARTC.SC,Scientific and technical journal articles,2019,213.221262973384,,0
PSS,Pacific island small states,IP.JRN.ARTC.SC,Scientific and technical journal articles,2018,219.284379353291,,0
PSS,Pacific island small states,IP.JRN.ARTC.SC,Scientific and technical journal articles,2017,195.633214631671,,0
PSS,Pacific island small states,IP.JRN.ARTC.SC,Scientific and technical journal articles,2016,217.26,,0
PSS,Pacific island small states,IP.JRN.ARTC.SC,Scientific and technical journal articles,2015,157.44,,0
PSS,Pacific island small states,IP.JRN.ARTC.SC,Scientific and technical journal articles,2014,158.38,,0
PSS,Pacific island small states,IP.JRN.ARTC.SC,Scientific and technical journal articles,2013,113.4,,0
PSS,Pacific island small states,IP.JRN.ARTC.SC,Scientific and technical journal articles,2012,89.79,,0
PSS,Pacific island small states,IP.JRN.ARTC.SC,Scientific and technical journal articles,2011,98.9258163380282,,0
PSS,Pacific island small states,IP.JRN.ARTC.SC,Scientific and technical journal articles,2010,117.459115400532,,0
PSS,Pacific island small states,IP.JRN.ARTC.SC,Scientific and technical journal articles,2009,92.5035006616044,,0
PSS,Pacific island small states,IP.JRN.ARTC.SC,Scientific and technical journal articles,2008,93.1342988403351,,0
PSS,Pacific island small states,IP.JRN.ARTC.SC,Scientific and technical journal articles,2007,118.997024168294,,0
PSS,Pacific island small states,IP.JRN.ARTC.SC,Scientific and technical journal articles,2006,126.881526357476,,0
PSS,Pacific island small states,IP.JRN.ARTC.SC,Scientific and technical journal articles,2005,104.60831836303,,0
PSS,Pacific island small states,IP.JRN.ARTC.SC,Scientific and technical journal articles,2004,90.0120437362844,,0
PSS,Pacific island small states,IP.JRN.ARTC.SC,Scientific and technical journal articles,2003,70.358056311913,,0
PSS,Pacific island small states,IP.JRN.ARTC.SC,Scientific and technical journal articles,2002,59.0109975953398,,0
PSS,Pacific island small states,IP.JRN.ARTC.SC,Scientific and technical journal articles,2001,61.8425187168506,,0
PSS,Pacific island small states,IP.JRN.ARTC.SC,Scientific and technical journal articles,2000,55.5604310536901,,0
PSS,Pacific island small states,IP.JRN.ARTC.SC,Scientific and technical journal articles,1999,55.1729503256907,,0
PSS,Pacific island small states,IP.JRN.ARTC.SC,Scientific and technical journal articles,1998,46.4761606528156,,0
PSS,Pacific island small states,IP.JRN.ARTC.SC,Scientific and technical journal articles,1997,45.2629275434047,,0
PSS,Pacific island small states,IP.JRN.ARTC.SC,Scientific and technical journal articles,1996,31.439096966619,,0
PST,Post-demographic dividend,IP.JRN.ARTC.SC,Scientific and technical journal articles,2022,1494927.61519073,,0
PST,Post-demographic dividend,IP.JRN.ARTC.SC,Scientific and technical journal articles,2021,1541942.28311894,,0
PST,Post-demographic dividend,IP.JRN.ARTC.SC,Scientific and technical journal articles,2020,1464700.00995938,,0
PST,Post-demographic dividend,IP.JRN.ARTC.SC,Scientific and technical journal articles,2019,1437452.86084633,,0
PST,Post-demographic dividend,IP.JRN.ARTC.SC,Scientific and technical journal articles,2018,1405071.86068381,,0
PST,Post-demographic dividend,IP.JRN.ARTC.SC,Scientific and technical journal articles,2017,1384536.30539877,,0
PST,Post-demographic dividend,IP.JRN.ARTC.SC,Scientific and technical journal articles,2016,1375065.86002649,,0
PST,Post-demographic dividend,IP.JRN.ARTC.SC,Scientific and technical journal articles,2015,1370020.28416845,,0
PST,Post-demographic dividend,IP.JRN.ARTC.SC,Scientific and technical journal articles,2014,1361848.72503947,,0
PST,Post-demographic dividend,IP.JRN.ARTC.SC,Scientific and technical journal articles,2013,1345485.6934938,,0
PST,Post-demographic dividend,IP.JRN.ARTC.SC,Scientific and technical journal articles,2012,1327275.44011075,,0
PST,Post-demographic dividend,IP.JRN.ARTC.SC,Scientific and technical journal articles,2011,1297098.8721221,,0
PST,Post-demographic dividend,IP.JRN.ARTC.SC,Scientific and technical journal articles,2010,1253085.15780358,,0
PST,Post-demographic dividend,IP.JRN.ARTC.SC,Scientific and technical journal articles,2009,1224194.50270741,,0
PST,Post-demographic dividend,IP.JRN.ARTC.SC,Scientific and technical journal articles,2008,1191237.03452159,,0
PST,Post-demographic dividend,IP.JRN.ARTC.SC,Scientific and technical journal articles,2007,1164528.57156932,,0
PST,Post-demographic dividend,IP.JRN.ARTC.SC,Scientific and technical journal articles,2006,1139308.29699954,,0
PST,Post-demographic dividend,IP.JRN.ARTC.SC,Scientific and technical journal articles,2005,1101237.50547307,,0
PST,Post-demographic dividend,IP.JRN.ARTC.SC,Scientific and technical journal articles,2004,1007239.90799277,,0
PST,Post-demographic dividend,IP.JRN.ARTC.SC,Scientific and technical journal articles,2003,946952.142393428,,0
PST,Post-demographic dividend,IP.JRN.ARTC.SC,Scientific and technical journal articles,2002,903514.614068842,,0
PST,Post-demographic dividend,IP.JRN.ARTC.SC,Scientific and technical journal articles,2001,872891.774899031,,0
PST,Post-demographic dividend,IP.JRN.ARTC.SC,Scientific and technical journal articles,2000,865082.855171831,,0
PST,Post-demographic dividend,IP.JRN.ARTC.SC,Scientific and technical journal articles,1999,831000.613586063,,0
PST,Post-demographic dividend,IP.JRN.ARTC.SC,Scientific and technical journal articles,1998,835281.376166961,,0
PST,Post-demographic dividend,IP.JRN.ARTC.SC,Scientific and technical journal articles,1997,840833.134301395,,0
PST,Post-demographic dividend,IP.JRN.ARTC.SC,Scientific and technical journal articles,1996,819991.931447552,,0
PRE,Pre-demographic dividend,IP.JRN.ARTC.SC,Scientific and technical journal articles,2022,33284.33,,0
PRE,Pre-demographic dividend,IP.JRN.ARTC.SC,Scientific and technical journal articles,2021,30716.42,,0
PRE,Pre-demographic dividend,IP.JRN.ARTC.SC,Scientific and technical journal articles,2020,24021.34,,0
PRE,Pre-demographic dividend,IP.JRN.ARTC.SC,Scientific and technical journal articles,2019,20525.39,,0
PRE,Pre-demographic dividend,IP.JRN.ARTC.SC,Scientific and technical journal articles,2018,15632.92,,0
PRE,Pre-demographic dividend,IP.JRN.ARTC.SC,Scientific and technical journal articles,2017,12534.75,,0
PRE,Pre-demographic dividend,IP.JRN.ARTC.SC,Scientific and technical journal articles,2016,10662.03,,0
PRE,Pre-demographic dividend,IP.JRN.ARTC.SC,Scientific and technical journal articles,2015,9456.72,,0
PRE,Pre-demographic dividend,IP.JRN.ARTC.SC,Scientific and technical journal articles,2014,9071.45,,0
PRE,Pre-demographic dividend,IP.JRN.ARTC.SC,Scientific and technical journal articles,2013,8170.82,,0
PRE,Pre-demographic dividend,IP.JRN.ARTC.SC,Scientific and technical journal articles,2012,7925.29,,0
PRE,Pre-demographic dividend,IP.JRN.ARTC.SC,Scientific and technical journal articles,2011,7926.4,,0
PRE,Pre-demographic dividend,IP.JRN.ARTC.SC,Scientific and technical journal articles,2010,7202.7821067588,,0
PRE,Pre-demographic dividend,IP.JRN.ARTC.SC,Scientific and technical journal articles,2009,6405.01905970891,,0
PRE,Pre-demographic dividend,IP.JRN.ARTC.SC,Scientific and technical journal articles,2008,5469.09777583731,,0
PRE,Pre-demographic dividend,IP.JRN.ARTC.SC,Scientific and technical journal articles,2007,5188.89956072298,,0
PRE,Pre-demographic dividend,IP.JRN.ARTC.SC,Scientific and technical journal articles,2006,4674.49581759281,,0
PRE,Pre-demographic dividend,IP.JRN.ARTC.SC,Scientific and technical journal articles,2005,4186.08489610325,,0
PRE,Pre-demographic dividend,IP.JRN.ARTC.SC,Scientific and technical journal articles,2004,3622.53691128768,,0
PRE,Pre-demographic dividend,IP.JRN.ARTC.SC,Scientific and technical journal articles,2003,3356.08932917805,,0
PRE,Pre-demographic dividend,IP.JRN.ARTC.SC,Scientific and technical journal articles,2002,3069.15530938912,,0
PRE,Pre-demographic dividend,IP.JRN.ARTC.SC,Scientific and technical journal articles,2001,2802.36628919084,,0
PRE,Pre-demographic dividend,IP.JRN.ARTC.SC,Scientific and technical journal articles,2000,2633.67979335396,,0
PRE,Pre-demographic dividend,IP.JRN.ARTC.SC,Scientific and technical journal articles,1999,2639.89184580787,,0
PRE,Pre-demographic dividend,IP.JRN.ARTC.SC,Scientific and technical journal articles,1998,2576.01791936638,,0
PRE,Pre-demographic dividend,IP.JRN.ARTC.SC,Scientific and technical journal articles,1997,2598.28471860242,,0
PRE,Pre-demographic dividend,IP.JRN.ARTC.SC,Scientific and technical journal articles,1996,2459.58642446305,,0
SST,Small states,IP.JRN.ARTC.SC,Scientific and technical journal articles,2022,7110.65871213032,,0
SST,Small states,IP.JRN.ARTC.SC,Scientific and technical journal articles,2021,6813.63529831065,,0
SST,Small states,IP.JRN.ARTC.SC,Scientific and technical journal articles,2020,6259.83570834548,,0
SST,Small states,IP.JRN.ARTC.SC,Scientific and technical journal articles,2019,5750.0173260318,,0
SST,Small states,IP.JRN.ARTC.SC,Scientific and technical journal articles,2018,5457.82002085869,,0
SST,Small states,IP.JRN.ARTC.SC,Scientific and technical journal articles,2017,5318.25697901008,,0
SST,Small states,IP.JRN.ARTC.SC,Scientific and technical journal articles,2016,5029.55,,0
SST,Small states,IP.JRN.ARTC.SC,Scientific and technical journal articles,2015,4530.96,,0
SST,Small states,IP.JRN.ARTC.SC,Scientific and technical journal articles,2014,4658.41,,0
SST,Small states,IP.JRN.ARTC.SC,Scientific and technical journal articles,2013,4275.8,,0
SST,Small states,IP.JRN.ARTC.SC,Scientific and technical journal articles,2012,4091.53,,0
SST,Small states,IP.JRN.ARTC.SC,Scientific and technical journal articles,2011,3679.21279356572,,0
SST,Small states,IP.JRN.ARTC.SC,Scientific and technical journal articles,2010,3655.72911654435,,0
SST,Small states,IP.JRN.ARTC.SC,Scientific and technical journal articles,2009,3127.01143399043,,0
SST,Small states,IP.JRN.ARTC.SC,Scientific and technical journal articles,2008,2848.45791720533,,0
SST,Small states,IP.JRN.ARTC.SC,Scientific and technical journal articles,2007,2620.39672911312,,0
SST,Small states,IP.JRN.ARTC.SC,Scientific and technical journal articles,2006,2300.50435426072,,0
SST,Small states,IP.JRN.ARTC.SC,Scientific and technical journal articles,2005,2051.03021650296,,0
SST,Small states,IP.JRN.ARTC.SC,Scientific and technical journal articles,2004,1742.19847441654,,0
SST,Small states,IP.JRN.ARTC.SC,Scientific and technical journal articles,2003,1509.24032585375,,0
SST,Small states,IP.JRN.ARTC.SC,Scientific and technical journal articles,2002,1458.54594475119,,0
SST,Small states,IP.JRN.ARTC.SC,Scientific and technical journal articles,2001,1318.47674995257,,0
SST,Small states,IP.JRN.ARTC.SC,Scientific and technical journal articles,2000,1225.65209743181,,0
SST,Small states,IP.JRN.ARTC.SC,Scientific and technical journal articles,1999,1212.05048194914,,0
SST,Small states,IP.JRN.ARTC.SC,Scientific and technical journal articles,1998,1170.30652547918,,0
SST,Small states,IP.JRN.ARTC.SC,Scientific and technical journal articles,1997,1068.13976097568,,0
SST,Small states,IP.JRN.ARTC.SC,Scientific and technical journal articles,1996,1006.81559454131,,0
SAS,South Asia,IP.JRN.ARTC.SC,Scientific and technical journal articles,2022,218779.83,,0
SAS,South Asia,IP.JRN.ARTC.SC,Scientific and technical journal articles,2021,191677.99,,0
SAS,South Asia,IP.JRN.ARTC.SC,Scientific and technical journal articles,2020,156946.96,,0
SAS,South Asia,IP.JRN.ARTC.SC,Scientific and technical journal articles,2019,140852.78,,0
SAS,South Asia,IP.JRN.ARTC.SC,Scientific and technical journal articles,2018,135776.72,,0
SAS,South Asia,IP.JRN.ARTC.SC,Scientific and technical journal articles,2017,118572.9,,0
SAS,South Asia,IP.JRN.ARTC.SC,Scientific and technical journal articles,2016,111876.52,,0
SAS,South Asia,IP.JRN.ARTC.SC,Scientific and technical journal articles,2015,101809.62,,0
SAS,South Asia,IP.JRN.ARTC.SC,Scientific and technical journal articles,2014,95487.53,,0
SAS,South Asia,IP.JRN.ARTC.SC,Scientific and technical journal articles,2013,85862.98,,0
SAS,South Asia,IP.JRN.ARTC.SC,Scientific and technical journal articles,2012,81084.81,,0
SAS,South Asia,IP.JRN.ARTC.SC,Scientific and technical journal articles,2011,73751.41,,0
SAS,South Asia,IP.JRN.ARTC.SC,Scientific and technical journal articles,2010,62600.67,,0
SAS,South Asia,IP.JRN.ARTC.SC,Scientific and technical journal articles,2009,55246.74,,0
SAS,South Asia,IP.JRN.ARTC.SC,Scientific and technical journal articles,2008,49688.62,,0
SAS,South Asia,IP.JRN.ARTC.SC,Scientific and technical journal articles,2007,43756.28,,0
SAS,South Asia,IP.JRN.ARTC.SC,Scientific and technical journal articles,2006,39252.77,,0
SAS,South Asia,IP.JRN.ARTC.SC,Scientific and technical journal articles,2005,33967.79,,0
SAS,South Asia,IP.JRN.ARTC.SC,Scientific and technical journal articles,2004,29589.72,,0
SAS,South Asia,IP.JRN.ARTC.SC,Scientific and technical journal articles,2003,27636.71,,0
SAS,South Asia,IP.JRN.ARTC.SC,Scientific and technical journal articles,2002,25108.93,,0
SAS,South Asia,IP.JRN.ARTC.SC,Scientific and technical journal articles,2001,23303.35,,0
SAS,South Asia,IP.JRN.ARTC.SC,Scientific and technical journal articles,2000,22164.47,,0
SAS,South Asia,IP.JRN.ARTC.SC,Scientific and technical journal articles,1999,21541.09,,0
SAS,South Asia,IP.JRN.ARTC.SC,Scientific and technical journal articles,1998,20397.27,,0
SAS,South Asia,IP.JRN.ARTC.SC,Scientific and technical journal articles,1997,20026.77,,0
SAS,South Asia,IP.JRN.ARTC.SC,Scientific and technical journal articles,1996,19506.32,,0
TSA,South Asia (IDA & IBRD),IP.JRN.ARTC.SC,Scientific and technical journal articles,2022,218779.83,,0
TSA,South Asia (IDA & IBRD),IP.JRN.ARTC.SC,Scientific and technical journal articles,2021,191677.99,,0
TSA,South Asia (IDA & IBRD),IP.JRN.ARTC.SC,Scientific and technical journal articles,2020,156946.96,,0
TSA,South Asia (IDA & IBRD),IP.JRN.ARTC.SC,Scientific and technical journal articles,2019,140852.78,,0
TSA,South Asia (IDA & IBRD),IP.JRN.ARTC.SC,Scientific and technical journal articles,2018,135776.72,,0
TSA,South Asia (IDA & IBRD),IP.JRN.ARTC.SC,Scientific and technical journal articles,2017,118572.9,,0
TSA,South Asia (IDA & IBRD),IP.JRN.ARTC.SC,Scientific and technical journal articles,2016,111876.52,,0
TSA,South Asia (IDA & IBRD),IP.JRN.ARTC.SC,Scientific and technical journal articles,2015,101809.62,,0
TSA,South Asia (IDA & IBRD),IP.JRN.ARTC.SC,Scientific and technical journal articles,2014,95487.53,,0
TSA,South Asia (IDA & IBRD),IP.JRN.ARTC.SC,Scientific and technical journal articles,2013,85862.98,,0
TSA,South Asia (IDA & IBRD),IP.JRN.ARTC.SC,Scientific and technical journal articles,2012,81084.81,,0
TSA,South Asia (IDA & IBRD),IP.JRN.ARTC.SC,Scientific and technical journal articles,2011,73751.41,,0
TSA,South Asia (IDA & IBRD),IP.JRN.ARTC.SC,Scientific and technical journal articles,2010,62600.67,,0
TSA,South Asia (IDA & IBRD),IP.JRN.ARTC.SC,Scientific and technical journal articles,2009,55246.74,,0
TSA,South Asia (IDA & IBRD),IP.JRN.ARTC.SC,Scientific and technical journal articles,2008,49688.62,,0
TSA,South Asia (IDA & IBRD),IP.JRN.ARTC.SC,Scientific and technical journal articles,2007,43756.28,,0
TSA,South Asia (IDA & IBRD),IP.JRN.ARTC.SC,Scientific and technical journal articles,2006,39252.77,,0
TSA,South Asia (IDA & IBRD),IP.JRN.ARTC.SC,Scientific and technical journal articles,2005,33967.79,,0
TSA,South Asia (IDA & IBRD),IP.JRN.ARTC.SC,Scientific and technical journal articles,2004,29589.72,,0
TSA,South Asia (IDA & IBRD),IP.JRN.ARTC.SC,Scientific and technical journal articles,2003,27636.71,,0
TSA,South Asia (IDA & IBRD),IP.JRN.ARTC.SC,Scientific and technical journal articles,2002,25108.93,,0
TSA,South Asia (IDA & IBRD),IP.JRN.ARTC.SC,Scientific and technical journal articles,2001,23303.35,,0
TSA,South Asia (IDA & IBRD),IP.JRN.ARTC.SC,Scientific and technical journal articles,2000,22164.47,,0
TSA,South Asia (IDA & IBRD),IP.JRN.ARTC.SC,Scientific and technical journal articles,1999,21541.09,,0
TSA,South Asia (IDA & IBRD),IP.JRN.ARTC.SC,Scientific and technical journal articles,1998,20397.27,,0
TSA,South Asia (IDA & IBRD),IP.JRN.ARTC.SC,Scientific and technical journal articles,1997,20026.77,,0
TSA,South Asia (IDA & IBRD),IP.JRN.ARTC.SC,Scientific and technical journal articles,1996,19506.32,,0
SSF,Sub-Saharan Africa,IP.JRN.ARTC.SC,Scientific and technical journal articles,2022,48575.54,,0
SSF,Sub-Saharan Africa,IP.JRN.ARTC.SC,Scientific and technical journal articles,2021,45348.73,,0
SSF,Sub-Saharan Africa,IP.JRN.ARTC.SC,Scientific and technical journal articles,2020,39935.62,,0
SSF,Sub-Saharan Africa,IP.JRN.ARTC.SC,Scientific and technical journal articles,2019,35028.05,,0
SSF,Sub-Saharan Africa,IP.JRN.ARTC.SC,Scientific and technical journal articles,2018,30269.76,,0
SSF,Sub-Saharan Africa,IP.JRN.ARTC.SC,Scientific and technical journal articles,2017,27375.22,,0
SSF,Sub-Saharan Africa,IP.JRN.ARTC.SC,Scientific and technical journal articles,2016,24828.27,,0
SSF,Sub-Saharan Africa,IP.JRN.ARTC.SC,Scientific and technical journal articles,2015,22423.05,,0
SSF,Sub-Saharan Africa,IP.JRN.ARTC.SC,Scientific and technical journal articles,2014,21038.26,,0
SSF,Sub-Saharan Africa,IP.JRN.ARTC.SC,Scientific and technical journal articles,2013,19134.39,,0
SSF,Sub-Saharan Africa,IP.JRN.ARTC.SC,Scientific and technical journal articles,2012,18012.09,,0
SSF,Sub-Saharan Africa,IP.JRN.ARTC.SC,Scientific and technical journal articles,2011,17085.5232504829,,0
SSF,Sub-Saharan Africa,IP.JRN.ARTC.SC,Scientific and technical journal articles,2010,15706.9527397672,,0
SSF,Sub-Saharan Africa,IP.JRN.ARTC.SC,Scientific and technical journal articles,2009,14446.135798509,,0
SSF,Sub-Saharan Africa,IP.JRN.ARTC.SC,Scientific and technical journal articles,2008,12667.6691882574,,0
SSF,Sub-Saharan Africa,IP.JRN.ARTC.SC,Scientific and technical journal articles,2007,12009.5580500198,,0
SSF,Sub-Saharan Africa,IP.JRN.ARTC.SC,Scientific and technical journal articles,2006,11264.0081554929,,0
SSF,Sub-Saharan Africa,IP.JRN.ARTC.SC,Scientific and technical journal articles,2005,10196.0793901992,,0
SSF,Sub-Saharan Africa,IP.JRN.ARTC.SC,Scientific and technical journal articles,2004,9302.03159056753,,0
SSF,Sub-Saharan Africa,IP.JRN.ARTC.SC,Scientific and technical journal articles,2003,8423.98332829224,,0
SSF,Sub-Saharan Africa,IP.JRN.ARTC.SC,Scientific and technical journal articles,2002,8225.87372036632,,0
SSF,Sub-Saharan Africa,IP.JRN.ARTC.SC,Scientific and technical journal articles,2001,7615.03671003629,,0
SSF,Sub-Saharan Africa,IP.JRN.ARTC.SC,Scientific and technical journal articles,2000,7275.19370065296,,0
SSF,Sub-Saharan Africa,IP.JRN.ARTC.SC,Scientific and technical journal articles,1999,7419.70866170903,,0
SSF,Sub-Saharan Africa,IP.JRN.ARTC.SC,Scientific and technical journal articles,1998,7222.23623119369,,0
SSF,Sub-Saharan Africa,IP.JRN.ARTC.SC,Scientific and technical journal articles,1997,7170.26963547652,,0
SSF,Sub-Saharan Africa,IP.JRN.ARTC.SC,Scientific and technical journal articles,1996,6988.38876638677,,0
SSA,Sub-Saharan Africa (excluding high income),IP.JRN.ARTC.SC,Scientific and technical journal articles,2022,41399.38,,0
SSA,Sub-Saharan Africa (excluding high income),IP.JRN.ARTC.SC,Scientific and technical journal articles,2021,39610.94,,0
SSA,Sub-Saharan Africa (excluding high income),IP.JRN.ARTC.SC,Scientific and technical journal articles,2020,35763.4,,0
SSA,Sub-Saharan Africa (excluding high income),IP.JRN.ARTC.SC,Scientific and technical journal articles,2019,32281.7,,0
SSA,Sub-Saharan Africa (excluding high income),IP.JRN.ARTC.SC,Scientific and technical journal articles,2018,28158.27,,0
SSA,Sub-Saharan Africa (excluding high income),IP.JRN.ARTC.SC,Scientific and technical journal articles,2017,25732.47,,0
SSA,Sub-Saharan Africa (excluding high income),IP.JRN.ARTC.SC,Scientific and technical journal articles,2016,23647.66,,0
SSA,Sub-Saharan Africa (excluding high income),IP.JRN.ARTC.SC,Scientific and technical journal articles,2015,21389.14,,0
SSA,Sub-Saharan Africa (excluding high income),IP.JRN.ARTC.SC,Scientific and technical journal articles,2014,20043.29,,0
SSA,Sub-Saharan Africa (excluding high income),IP.JRN.ARTC.SC,Scientific and technical journal articles,2013,18346.06,,0
SSA,Sub-Saharan Africa (excluding high income),IP.JRN.ARTC.SC,Scientific and technical journal articles,2012,17352.06,,0
SSA,Sub-Saharan Africa (excluding high income),IP.JRN.ARTC.SC,Scientific and technical journal articles,2011,16583.5869706896,,0
SSA,Sub-Saharan Africa (excluding high income),IP.JRN.ARTC.SC,Scientific and technical journal articles,2010,15248.3465211421,,0
SSA,Sub-Saharan Africa (excluding high income),IP.JRN.ARTC.SC,Scientific and technical journal articles,2009,14031.379145531,,0
SSA,Sub-Saharan Africa (excluding high income),IP.JRN.ARTC.SC,Scientific and technical journal articles,2008,12296.6713326586,,0
SSA,Sub-Saharan Africa (excluding high income),IP.JRN.ARTC.SC,Scientific and technical journal articles,2007,11665.7019457446,,0
SSA,Sub-Saharan Africa (excluding high income),IP.JRN.ARTC.SC,Scientific and technical journal articles,2006,10977.3462710808,,0
SSA,Sub-Saharan Africa (excluding high income),IP.JRN.ARTC.SC,Scientific and technical journal articles,2005,9967.98064262429,,0
SSA,Sub-Saharan Africa (excluding high income),IP.JRN.ARTC.SC,Scientific and technical journal articles,2004,9084.54068722771,,0
SSA,Sub-Saharan Africa (excluding high income),IP.JRN.ARTC.SC,Scientific and technical journal articles,2003,8204.76158910957,,0
SSA,Sub-Saharan Africa (excluding high income),IP.JRN.ARTC.SC,Scientific and technical journal articles,2002,8018.22178033583,,0
SSA,Sub-Saharan Africa (excluding high income),IP.JRN.ARTC.SC,Scientific and technical journal articles,2001,7439.32910063629,,0
SSA,Sub-Saharan Africa (excluding high income),IP.JRN.ARTC.SC,Scientific and technical journal articles,2000,7104.96430283796,,0
SSA,Sub-Saharan Africa (excluding high income),IP.JRN.ARTC.SC,Scientific and technical journal articles,1999,7232.14204126083,,0
SSA,Sub-Saharan Africa (excluding high income),IP.JRN.ARTC.SC,Scientific and technical journal articles,1998,7062.56171803455,,0
SSA,Sub-Saharan Africa (excluding high income),IP.JRN.ARTC.SC,Scientific and technical journal articles,1997,7006.96249795321,,0
SSA,Sub-Saharan Africa (excluding high income),IP.JRN.ARTC.SC,Scientific and technical journal articles,1996,6815.77667265268,,0
TSS,Sub-Saharan Africa (IDA & IBRD countries),IP.JRN.ARTC.SC,Scientific and technical journal articles,2022,48575.54,,0
TSS,Sub-Saharan Africa (IDA & IBRD countries),IP.JRN.ARTC.SC,Scientific and technical journal articles,2021,45348.73,,0
TSS,Sub-Saharan Africa (IDA & IBRD countries),IP.JRN.ARTC.SC,Scientific and technical journal articles,2020,39935.62,,0
TSS,Sub-Saharan Africa (IDA & IBRD countries),IP.JRN.ARTC.SC,Scientific and technical journal articles,2019,35028.05,,0
TSS,Sub-Saharan Africa (IDA & IBRD countries),IP.JRN.ARTC.SC,Scientific and technical journal articles,2018,30269.76,,0
TSS,Sub-Saharan Africa (IDA & IBRD countries),IP.JRN.ARTC.SC,Scientific and technical journal articles,2017,27375.22,,0
TSS,Sub-Saharan Africa (IDA & IBRD countries),IP.JRN.ARTC.SC,Scientific and technical journal articles,2016,24828.27,,0
TSS,Sub-Saharan Africa (IDA & IBRD countries),IP.JRN.ARTC.SC,Scientific and technical journal articles,2015,22423.05,,0
TSS,Sub-Saharan Africa (IDA & IBRD countries),IP.JRN.ARTC.SC,Scientific and technical journal articles,2014,21038.26,,0
TSS,Sub-Saharan Africa (IDA & IBRD countries),IP.JRN.ARTC.SC,Scientific and technical journal articles,2013,19134.39,,0
TSS,Sub-Saharan Africa (IDA & IBRD countries),IP.JRN.ARTC.SC,Scientific and technical journal articles,2012,18012.09,,0
TSS,Sub-Saharan Africa (IDA & IBRD countries),IP.JRN.ARTC.SC,Scientific and technical journal articles,2011,17085.5232504829,,0
TSS,Sub-Saharan Africa (IDA & IBRD countries),IP.JRN.ARTC.SC,Scientific and technical journal articles,2010,15706.9527397672,,0
TSS,Sub-Saharan Africa (IDA & IBRD countries),IP.JRN.ARTC.SC,Scientific and technical journal articles,2009,14446.135798509,,0
TSS,Sub-Saharan Africa (IDA & IBRD countries),IP.JRN.ARTC.SC,Scientific and technical journal articles,2008,12667.6691882574,,0
TSS,Sub-Saharan Africa (IDA & IBRD countries),IP.JRN.ARTC.SC,Scientific and technical journal articles,2007,12009.5580500198,,0
TSS,Sub-Saharan Africa (IDA & IBRD countries),IP.JRN.ARTC.SC,Scientific and technical journal articles,2006,11264.0081554929,,0
TSS,Sub-Saharan Africa (IDA & IBRD countries),IP.JRN.ARTC.SC,Scientific and technical journal articles,2005,10196.0793901992,,0
TSS,Sub-Saharan Africa (IDA & IBRD countries),IP.JRN.ARTC.SC,Scientific and technical journal articles,2004,9302.03159056753,,0
TSS,Sub-Saharan Africa (IDA & IBRD countries),IP.JRN.ARTC.SC,Scientific and technical journal articles,2003,8423.98332829224,,0
TSS,Sub-Saharan Africa (IDA & IBRD countries),IP.JRN.ARTC.SC,Scientific and technical journal articles,2002,8225.87372036632,,0
TSS,Sub-Saharan Africa (IDA & IBRD countries),IP.JRN.ARTC.SC,Scientific and technical journal articles,2001,7615.03671003629,,0
TSS,Sub-Saharan Africa (IDA & IBRD countries),IP.JRN.ARTC.SC,Scientific and technical journal articles,2000,7275.19370065296,,0
TSS,Sub-Saharan Africa (IDA & IBRD countries),IP.JRN.ARTC.SC,Scientific and technical journal articles,1999,7419.70866170903,,0
TSS,Sub-Saharan Africa (IDA & IBRD countries),IP.JRN.ARTC.SC,Scientific and technical journal articles,1998,7222.23623119369,,0
TSS,Sub-Saharan Africa (IDA & IBRD countries),IP.JRN.ARTC.SC,Scientific and technical journal articles,1997,7170.26963547652,,0
TSS,Sub-Saharan Africa (IDA & IBRD countries),IP.JRN.ARTC.SC,Scientific and technical journal articles,1996,6988.38876638677,,0
,Upper middle income,IP.JRN.ARTC.SC,Scientific and technical journal articles,2022,1274797.29,,0
,Upper middle income,IP.JRN.ARTC.SC,Scientific and technical journal articles,2021,1147307.48,,0
,Upper middle income,IP.JRN.ARTC.SC,Scientific and technical journal articles,2020,1016148.41,,0
,Upper middle income,IP.JRN.ARTC.SC,Scientific and technical journal articles,2019,942002.1,,0
,Upper middle income,IP.JRN.ARTC.SC,Scientific and technical journal articles,2018,817829.04,,0
,Upper middle income,IP.JRN.ARTC.SC,Scientific and technical journal articles,2017,729035.09,,0
,Upper middle income,IP.JRN.ARTC.SC,Scientific and technical journal articles,2016,676220.27,,0
,Upper middle income,IP.JRN.ARTC.SC,Scientific and technical journal articles,2015,627085.94,,0
,Upper middle income,IP.JRN.ARTC.SC,Scientific and technical journal articles,2014,595268.9,,0
,Upper middle income,IP.JRN.ARTC.SC,Scientific and technical journal articles,2013,554415.22,,0
,Upper middle income,IP.JRN.ARTC.SC,Scientific and technical journal articles,2012,518917.04,,0
,Upper middle income,IP.JRN.ARTC.SC,Scientific and technical journal articles,2011,501677.70867113,,0
,Upper middle income,IP.JRN.ARTC.SC,Scientific and technical journal articles,2010,470458.426264635,,0
,Upper middle income,IP.JRN.ARTC.SC,Scientific and technical journal articles,2009,431060.283227684,,0
,Upper middle income,IP.JRN.ARTC.SC,Scientific and technical journal articles,2008,377221.709167358,,0
,Upper middle income,IP.JRN.ARTC.SC,Scientific and technical journal articles,2007,327502.215078568,,0
,Upper middle income,IP.JRN.ARTC.SC,Scientific and technical journal articles,2006,297186.438912869,,0
,Upper middle income,IP.JRN.ARTC.SC,Scientific and technical journal articles,2005,254463.61254968,,0
,Upper middle income,IP.JRN.ARTC.SC,Scientific and technical journal articles,2004,199532.76298743,,0
,Upper middle income,IP.JRN.ARTC.SC,Scientific and technical journal articles,2003,157163.458734139,,0
,Upper middle income,IP.JRN.ARTC.SC,Scientific and technical journal articles,2002,137390.832569572,,0
,Upper middle income,IP.JRN.ARTC.SC,Scientific and technical journal articles,2001,125836.691497551,,0
,Upper middle income,IP.JRN.ARTC.SC,Scientific and technical journal articles,2000,102865.840395984,,0
,Upper middle income,IP.JRN.ARTC.SC,Scientific and technical journal articles,1999,91379.043675489,,0
,Upper middle income,IP.JRN.ARTC.SC,Scientific and technical journal articles,1998,87811.259667533,,0
,Upper middle income,IP.JRN.ARTC.SC,Scientific and technical journal articles,1997,78688.9173810677,,0
,Upper middle income,IP.JRN.ARTC.SC,Scientific and technical journal articles,1996,70976.9055149704,,0
WLD,World,IP.JRN.ARTC.SC,Scientific and technical journal articles,2022,3338192.0931256,,0
WLD,World,IP.JRN.ARTC.SC,Scientific and technical journal articles,2021,3232975.46771774,,0
WLD,World,IP.JRN.ARTC.SC,Scientific and technical journal articles,2020,2949388.62865188,,0
WLD,World,IP.JRN.ARTC.SC,Scientific and technical journal articles,2019,2807631.35487856,,0
WLD,World,IP.JRN.ARTC.SC,Scientific and technical journal articles,2018,2612261.58710554,,0
WLD,World,IP.JRN.ARTC.SC,Scientific and technical journal articles,2017,2466771.641904,,0
WLD,World,IP.JRN.ARTC.SC,Scientific and technical journal articles,2016,2385953.08553572,,0
WLD,World,IP.JRN.ARTC.SC,Scientific and technical journal articles,2015,2303012.25681916,,0
WLD,World,IP.JRN.ARTC.SC,Scientific and technical journal articles,2014,2245110.80515491,,0
WLD,World,IP.JRN.ARTC.SC,Scientific and technical journal articles,2013,2164924.33514989,,0
WLD,World,IP.JRN.ARTC.SC,Scientific and technical journal articles,2012,2099069.25390584,,0
WLD,World,IP.JRN.ARTC.SC,Scientific and technical journal articles,2011,2038487.25548141,,0
WLD,World,IP.JRN.ARTC.SC,Scientific and technical journal articles,2010,1942730.99766715,,0
WLD,World,IP.JRN.ARTC.SC,Scientific and technical journal articles,2009,1857464.9242895,,0
WLD,World,IP.JRN.ARTC.SC,Scientific and technical journal articles,2008,1755164.10583693,,0
WLD,World,IP.JRN.ARTC.SC,Scientific and technical journal articles,2007,1660716.48306377,,0
WLD,World,IP.JRN.ARTC.SC,Scientific and technical journal articles,2006,1592885.58316919,,0
WLD,World,IP.JRN.ARTC.SC,Scientific and technical journal articles,2005,1501851.26898811,,0
WLD,World,IP.JRN.ARTC.SC,Scientific and technical journal articles,2004,1339926.8363341,,0
WLD,World,IP.JRN.ARTC.SC,Scientific and technical journal articles,2003,1227472.50631751,,0
WLD,World,IP.JRN.ARTC.SC,Scientific and technical journal articles,2002,1158053.20089688,,0
WLD,World,IP.JRN.ARTC.SC,Scientific and technical journal articles,2001,1109595.69381821,,0
WLD,World,IP.JRN.ARTC.SC,Scientific and technical journal articles,2000,1070987.63771165,,0
WLD,World,IP.JRN.ARTC.SC,Scientific and technical journal articles,1999,1020812.71574676,,0
WLD,World,IP.JRN.ARTC.SC,Scientific and technical journal articles,1998,1020454.11821884,,0
WLD,World,IP.JRN.ARTC.SC,Scientific and technical journal articles,1997,1014859.36134057,,0
WLD,World,IP.JRN.ARTC.SC,Scientific and technical journal articles,1996,984792.067356539,,0
AFG,Afghanistan,IP.JRN.ARTC.SC,Scientific and technical journal articles,2022,169.19,,0
AFG,Afghanistan,IP.JRN.ARTC.SC,Scientific and technical journal articles,2021,177.39,,0
AFG,Afghanistan,IP.JRN.ARTC.SC,Scientific and technical journal articles,2020,145.71,,0
AFG,Afghanistan,IP.JRN.ARTC.SC,Scientific and technical journal articles,2019,139.36,,0
AFG,Afghanistan,IP.JRN.ARTC.SC,Scientific and technical journal articles,2018,90.34,,0
AFG,Afghanistan,IP.JRN.ARTC.SC,Scientific and technical journal articles,2017,72.4,,0
AFG,Afghanistan,IP.JRN.ARTC.SC,Scientific and technical journal articles,2016,59.55,,0
AFG,Afghanistan,IP.JRN.ARTC.SC,Scientific and technical journal articles,2015,21.19,,0
AFG,Afghanistan,IP.JRN.ARTC.SC,Scientific and technical journal articles,2014,35.01,,0
AFG,Afghanistan,IP.JRN.ARTC.SC,Scientific and technical journal articles,2013,27.31,,0
AFG,Afghanistan,IP.JRN.ARTC.SC,Scientific and technical journal articles,2012,34.65,,0
AFG,Afghanistan,IP.JRN.ARTC.SC,Scientific and technical journal articles,2011,41.62,,0
AFG,Afghanistan,IP.JRN.ARTC.SC,Scientific and technical journal articles,2010,27.68,,0
AFG,Afghanistan,IP.JRN.ARTC.SC,Scientific and technical journal articles,2009,26.14,,0
AFG,Afghanistan,IP.JRN.ARTC.SC,Scientific and technical journal articles,2008,12.5,,0
AFG,Afghanistan,IP.JRN.ARTC.SC,Scientific and technical journal articles,2007,14.23,,0
AFG,Afghanistan,IP.JRN.ARTC.SC,Scientific and technical journal articles,2006,13.86,,0
AFG,Afghanistan,IP.JRN.ARTC.SC,Scientific and technical journal articles,2005,9.15,,0
AFG,Afghanistan,IP.JRN.ARTC.SC,Scientific and technical journal articles,2004,6.75,,0
AFG,Afghanistan,IP.JRN.ARTC.SC,Scientific and technical journal articles,2003,7.34,,0
AFG,Afghanistan,IP.JRN.ARTC.SC,Scientific and technical journal articles,2002,5.5,,0
AFG,Afghanistan,IP.JRN.ARTC.SC,Scientific and technical journal articles,2001,1,,0
AFG,Afghanistan,IP.JRN.ARTC.SC,Scientific and technical journal articles,2000,4,,0
AFG,Afghanistan,IP.JRN.ARTC.SC,Scientific and technical journal articles,1999,0.67,,0
AFG,Afghanistan,IP.JRN.ARTC.SC,Scientific and technical journal articles,1998,2.73,,0
AFG,Afghanistan,IP.JRN.ARTC.SC,Scientific and technical journal articles,1997,0,,0
AFG,Afghanistan,IP.JRN.ARTC.SC,Scientific and technical journal articles,1996,0.13,,0
ALB,Albania,IP.JRN.ARTC.SC,Scientific and technical journal articles,2022,238.59,,0
ALB,Albania,IP.JRN.ARTC.SC,Scientific and technical journal articles,2021,241.09,,0
ALB,Albania,IP.JRN.ARTC.SC,Scientific and technical journal articles,2020,167.16,,0
ALB,Albania,IP.JRN.ARTC.SC,Scientific and technical journal articles,2019,203.1,,0
ALB,Albania,IP.JRN.ARTC.SC,Scientific and technical journal articles,2018,170.56,,0
ALB,Albania,IP.JRN.ARTC.SC,Scientific and technical journal articles,2017,133.42,,0
ALB,Albania,IP.JRN.ARTC.SC,Scientific and technical journal articles,2016,165.44,,0
ALB,Albania,IP.JRN.ARTC.SC,Scientific and technical journal articles,2015,159.48,,0
ALB,Albania,IP.JRN.ARTC.SC,Scientific and technical journal articles,2014,154.14,,0
ALB,Albania,IP.JRN.ARTC.SC,Scientific and technical journal articles,2013,148.81,,0
ALB,Albania,IP.JRN.ARTC.SC,Scientific and technical journal articles,2012,150.63,,0
ALB,Albania,IP.JRN.ARTC.SC,Scientific and technical journal articles,2011,140.71,,0
ALB,Albania,IP.JRN.ARTC.SC,Scientific and technical journal articles,2010,124.83,,0
ALB,Albania,IP.JRN.ARTC.SC,Scientific and technical journal articles,2009,68.72,,0
ALB,Albania,IP.JRN.ARTC.SC,Scientific and technical journal articles,2008,52.48,,0
ALB,Albania,IP.JRN.ARTC.SC,Scientific and technical journal articles,2007,41.9,,0
ALB,Albania,IP.JRN.ARTC.SC,Scientific and technical journal articles,2006,26.35,,0
ALB,Albania,IP.JRN.ARTC.SC,Scientific and technical journal articles,2005,25.77,,0
ALB,Albania,IP.JRN.ARTC.SC,Scientific and technical journal articles,2004,17.91,,0
ALB,Albania,IP.JRN.ARTC.SC,Scientific and technical journal articles,2003,22.68,,0
ALB,Albania,IP.JRN.ARTC.SC,Scientific and technical journal articles,2002,24.53,,0
ALB,Albania,IP.JRN.ARTC.SC,Scientific and technical journal articles,2001,18.38,,0
ALB,Albania,IP.JRN.ARTC.SC,Scientific and technical journal articles,2000,22.34,,0
ALB,Albania,IP.JRN.ARTC.SC,Scientific and technical journal articles,1999,23.84,,0
ALB,Albania,IP.JRN.ARTC.SC,Scientific and technical journal articles,1998,31.89,,0
ALB,Albania,IP.JRN.ARTC.SC,Scientific and technical journal articles,1997,26.52,,0
ALB,Albania,IP.JRN.ARTC.SC,Scientific and technical journal articles,1996,36.82,,0
DZA,Algeria,IP.JRN.ARTC.SC,Scientific and technical journal articles,2022,7606.65,,0
DZA,Algeria,IP.JRN.ARTC.SC,Scientific and technical journal articles,2021,6839,,0
DZA,Algeria,IP.JRN.ARTC.SC,Scientific and technical journal articles,2020,5709.84,,0
DZA,Algeria,IP.JRN.ARTC.SC,Scientific and technical journal articles,2019,6230.58,,0
DZA,Algeria,IP.JRN.ARTC.SC,Scientific and technical journal articles,2018,5291.25,,0
DZA,Algeria,IP.JRN.ARTC.SC,Scientific and technical journal articles,2017,5141.7,,0
DZA,Algeria,IP.JRN.ARTC.SC,Scientific and technical journal articles,2016,4447.92,,0
DZA,Algeria,IP.JRN.ARTC.SC,Scientific and technical journal articles,2015,4070.79,,0
DZA,Algeria,IP.JRN.ARTC.SC,Scientific and technical journal articles,2014,3618.61,,0
DZA,Algeria,IP.JRN.ARTC.SC,Scientific and technical journal articles,2013,3397.03,,0
DZA,Algeria,IP.JRN.ARTC.SC,Scientific and technical journal articles,2012,2998.95,,0
DZA,Algeria,IP.JRN.ARTC.SC,Scientific and technical journal articles,2011,2405.01,,0
DZA,Algeria,IP.JRN.ARTC.SC,Scientific and technical journal articles,2010,2093.41,,0
DZA,Algeria,IP.JRN.ARTC.SC,Scientific and technical journal articles,2009,2115.44,,0
DZA,Algeria,IP.JRN.ARTC.SC,Scientific and technical journal articles,2008,1748.91,,0
DZA,Algeria,IP.JRN.ARTC.SC,Scientific and technical journal articles,2007,1396.35,,0
DZA,Algeria,IP.JRN.ARTC.SC,Scientific and technical journal articles,2006,1273.35,,0
DZA,Algeria,IP.JRN.ARTC.SC,Scientific and technical journal articles,2005,896.8,,0
DZA,Algeria,IP.JRN.ARTC.SC,Scientific and technical journal articles,2004,856.74,,0
DZA,Algeria,IP.JRN.ARTC.SC,Scientific and technical journal articles,2003,635.4,,0
DZA,Algeria,IP.JRN.ARTC.SC,Scientific and technical journal articles,2002,488.66,,0
DZA,Algeria,IP.JRN.ARTC.SC,Scientific and technical journal articles,2001,447.43,,0
DZA,Algeria,IP.JRN.ARTC.SC,Scientific and technical journal articles,2000,381.8,,0
DZA,Algeria,IP.JRN.ARTC.SC,Scientific and technical journal articles,1999,311,,0
DZA,Algeria,IP.JRN.ARTC.SC,Scientific and technical journal articles,1998,300.8,,0
DZA,Algeria,IP.JRN.ARTC.SC,Scientific and technical journal articles,1997,258.62,,0
DZA,Algeria,IP.JRN.ARTC.SC,Scientific and technical journal articles,1996,224.92,,0
AND,Andorra,IP.JRN.ARTC.SC,Scientific and technical journal articles,2022,9.6,,0
AND,Andorra,IP.JRN.ARTC.SC,Scientific and technical journal articles,2021,9.44,,0
AND,Andorra,IP.JRN.ARTC.SC,Scientific and technical journal articles,2020,8.14,,0
AND,Andorra,IP.JRN.ARTC.SC,Scientific and technical journal articles,2019,5.41,,0
AND,Andorra,IP.JRN.ARTC.SC,Scientific and technical journal articles,2018,3.19,,0
AND,Andorra,IP.JRN.ARTC.SC,Scientific and technical journal articles,2017,1.67,,0
AND,Andorra,IP.JRN.ARTC.SC,Scientific and technical journal articles,2016,7.83,,0
AND,Andorra,IP.JRN.ARTC.SC,Scientific and technical journal articles,2015,7.96,,0
AND,Andorra,IP.JRN.ARTC.SC,Scientific and technical journal articles,2014,4.18,,0
AND,Andorra,IP.JRN.ARTC.SC,Scientific and technical journal articles,2013,5.26,,0
AND,Andorra,IP.JRN.ARTC.SC,Scientific and technical journal articles,2012,4.53,,0
AND,Andorra,IP.JRN.ARTC.SC,Scientific and technical journal articles,2011,0.88,,0
AND,Andorra,IP.JRN.ARTC.SC,Scientific and technical journal articles,2010,1.2,,0
AND,Andorra,IP.JRN.ARTC.SC,Scientific and technical journal articles,2009,2.55,,0
AND,Andorra,IP.JRN.ARTC.SC,Scientific and technical journal articles,2008,1.68,,0
AND,Andorra,IP.JRN.ARTC.SC,Scientific and technical journal articles,2007,6.23,,0
AND,Andorra,IP.JRN.ARTC.SC,Scientific and technical journal articles,2006,5.02,,0
AND,Andorra,IP.JRN.ARTC.SC,Scientific and technical journal articles,2005,4.93,,0
AND,Andorra,IP.JRN.ARTC.SC,Scientific and technical journal articles,2004,1.31,,0
AND,Andorra,IP.JRN.ARTC.SC,Scientific and technical journal articles,2003,4.7,,0
AND,Andorra,IP.JRN.ARTC.SC,Scientific and technical journal articles,2002,0.5,,0
AND,Andorra,IP.JRN.ARTC.SC,Scientific and technical journal articles,2001,2.64,,0
AND,Andorra,IP.JRN.ARTC.SC,Scientific and technical journal articles,2000,0,,0
AND,Andorra,IP.JRN.ARTC.SC,Scientific and technical journal articles,1999,0,,0
AND,Andorra,IP.JRN.ARTC.SC,Scientific and technical journal articles,1998,2.08,,0
AND,Andorra,IP.JRN.ARTC.SC,Scientific and technical journal articles,1997,0.87,,0
AND,Andorra,IP.JRN.ARTC.SC,Scientific and technical journal articles,1996,2,,0
AGO,Angola,IP.JRN.ARTC.SC,Scientific and technical journal articles,2022,44.99,,0
AGO,Angola,IP.JRN.ARTC.SC,Scientific and technical journal articles,2021,42.35,,0
AGO,Angola,IP.JRN.ARTC.SC,Scientific and technical journal articles,2020,48.51,,0
AGO,Angola,IP.JRN.ARTC.SC,Scientific and technical journal articles,2019,36.39,,0
AGO,Angola,IP.JRN.ARTC.SC,Scientific and technical journal articles,2018,29.7,,0
AGO,Angola,IP.JRN.ARTC.SC,Scientific and technical journal articles,2017,55.13,,0
AGO,Angola,IP.JRN.ARTC.SC,Scientific and technical journal articles,2016,37.81,,0
AGO,Angola,IP.JRN.ARTC.SC,Scientific and technical journal articles,2015,32.12,,0
AGO,Angola,IP.JRN.ARTC.SC,Scientific and technical journal articles,2014,34.57,,0
AGO,Angola,IP.JRN.ARTC.SC,Scientific and technical journal articles,2013,23.85,,0
AGO,Angola,IP.JRN.ARTC.SC,Scientific and technical journal articles,2012,21.3,,0
AGO,Angola,IP.JRN.ARTC.SC,Scientific and technical journal articles,2011,17.78,,0
AGO,Angola,IP.JRN.ARTC.SC,Scientific and technical journal articles,2010,14.68,,0
AGO,Angola,IP.JRN.ARTC.SC,Scientific and technical journal articles,2009,13.78,,0
AGO,Angola,IP.JRN.ARTC.SC,Scientific and technical journal articles,2008,11.85,,0
AGO,Angola,IP.JRN.ARTC.SC,Scientific and technical journal articles,2007,10.16,,0
AGO,Angola,IP.JRN.ARTC.SC,Scientific and technical journal articles,2006,12.57,,0
AGO,Angola,IP.JRN.ARTC.SC,Scientific and technical journal articles,2005,10.04,,0
AGO,Angola,IP.JRN.ARTC.SC,Scientific and technical journal articles,2004,9.73,,0
AGO,Angola,IP.JRN.ARTC.SC,Scientific and technical journal articles,2003,5.89,,0
AGO,Angola,IP.JRN.ARTC.SC,Scientific and technical journal articles,2002,16.13,,0
AGO,Angola,IP.JRN.ARTC.SC,Scientific and technical journal articles,2001,9.58,,0
AGO,Angola,IP.JRN.ARTC.SC,Scientific and technical journal articles,2000,6.08,,0
AGO,Angola,IP.JRN.ARTC.SC,Scientific and technical journal articles,1999,3.93,,0
AGO,Angola,IP.JRN.ARTC.SC,Scientific and technical journal articles,1998,4.11,,0
AGO,Angola,IP.JRN.ARTC.SC,Scientific and technical journal articles,1997,7.33,,0
AGO,Angola,IP.JRN.ARTC.SC,Scientific and technical journal articles,1996,5.95,,0
ATG,Antigua and Barbuda,IP.JRN.ARTC.SC,Scientific and technical journal articles,2022,7.02,,0
ATG,Antigua and Barbuda,IP.JRN.ARTC.SC,Scientific and technical journal articles,2021,7.43,,0
ATG,Antigua and Barbuda,IP.JRN.ARTC.SC,Scientific and technical journal articles,2020,6.56,,0
ATG,Antigua and Barbuda,IP.JRN.ARTC.SC,Scientific and technical journal articles,2019,6.32,,0
ATG,Antigua and Barbuda,IP.JRN.ARTC.SC,Scientific and technical journal articles,2018,4.64,,0
ATG,Antigua and Barbuda,IP.JRN.ARTC.SC,Scientific and technical journal articles,2017,5.45,,0
ATG,Antigua and Barbuda,IP.JRN.ARTC.SC,Scientific and technical journal articles,2016,4.34,,0
ATG,Antigua and Barbuda,IP.JRN.ARTC.SC,Scientific and technical journal articles,2015,3.3,,0
ATG,Antigua and Barbuda,IP.JRN.ARTC.SC,Scientific and technical journal articles,2014,1.7,,0
ATG,Antigua and Barbuda,IP.JRN.ARTC.SC,Scientific and technical journal articles,2013,2.72,,0
ATG,Antigua and Barbuda,IP.JRN.ARTC.SC,Scientific and technical journal articles,2012,2.08,,0
ATG,Antigua and Barbuda,IP.JRN.ARTC.SC,Scientific and technical journal articles,2011,0.85,,0
ATG,Antigua and Barbuda,IP.JRN.ARTC.SC,Scientific and technical journal articles,2010,2.19,,0
ATG,Antigua and Barbuda,IP.JRN.ARTC.SC,Scientific and technical journal articles,2009,3.78,,0
ATG,Antigua and Barbuda,IP.JRN.ARTC.SC,Scientific and technical journal articles,2008,5.29,,0
ATG,Antigua and Barbuda,IP.JRN.ARTC.SC,Scientific and technical journal articles,2007,5.25,,0
ATG,Antigua and Barbuda,IP.JRN.ARTC.SC,Scientific and technical journal articles,2006,1.58,,0
ATG,Antigua and Barbuda,IP.JRN.ARTC.SC,Scientific and technical journal articles,2005,1.79,,0
ATG,Antigua and Barbuda,IP.JRN.ARTC.SC,Scientific and technical journal articles,2004,0.67,,0
ATG,Antigua and Barbuda,IP.JRN.ARTC.SC,Scientific and technical journal articles,2003,1.83,,0
ATG,Antigua and Barbuda,IP.JRN.ARTC.SC,Scientific and technical journal articles,2002,2.08,,0
ATG,Antigua and Barbuda,IP.JRN.ARTC.SC,Scientific and technical journal articles,2001,1,,0
ATG,Antigua and Barbuda,IP.JRN.ARTC.SC,Scientific and technical journal articles,2000,0.25,,0
ATG,Antigua and Barbuda,IP.JRN.ARTC.SC,Scientific and technical journal articles,1999,1.2,,0
ATG,Antigua and Barbuda,IP.JRN.ARTC.SC,Scientific and technical journal articles,1998,0.13,,0
ATG,Antigua and Barbuda,IP.JRN.ARTC.SC,Scientific and technical journal articles,1997,1.14,,0
ATG,Antigua and Barbuda,IP.JRN.ARTC.SC,Scientific and technical journal articles,1996,0,,0
ARG,Argentina,IP.JRN.ARTC.SC,Scientific and technical journal articles,2022,9122.18,,0
ARG,Argentina,IP.JRN.ARTC.SC,Scientific and technical journal articles,2021,9980.73,,0
ARG,Argentina,IP.JRN.ARTC.SC,Scientific and technical journal articles,2020,9999.61,,0
ARG,Argentina,IP.JRN.ARTC.SC,Scientific and technical journal articles,2019,9223.65,,0
ARG,Argentina,IP.JRN.ARTC.SC,Scientific and technical journal articles,2018,9234.47,,0
ARG,Argentina,IP.JRN.ARTC.SC,Scientific and technical journal articles,2017,8793.98,,0
ARG,Argentina,IP.JRN.ARTC.SC,Scientific and technical journal articles,2016,8601.99,,0
ARG,Argentina,IP.JRN.ARTC.SC,Scientific and technical journal articles,2015,8393.72,,0
ARG,Argentina,IP.JRN.ARTC.SC,Scientific and technical journal articles,2014,8330.4,,0
ARG,Argentina,IP.JRN.ARTC.SC,Scientific and technical journal articles,2013,7945.07,,0
ARG,Argentina,IP.JRN.ARTC.SC,Scientific and technical journal articles,2012,7803.52,,0
ARG,Argentina,IP.JRN.ARTC.SC,Scientific and technical journal articles,2011,7625.07,,0
ARG,Argentina,IP.JRN.ARTC.SC,Scientific and technical journal articles,2010,7153.65,,0
ARG,Argentina,IP.JRN.ARTC.SC,Scientific and technical journal articles,2009,6819.11,,0
ARG,Argentina,IP.JRN.ARTC.SC,Scientific and technical journal articles,2008,6229.5,,0
ARG,Argentina,IP.JRN.ARTC.SC,Scientific and technical journal articles,2007,5682.94,,0
ARG,Argentina,IP.JRN.ARTC.SC,Scientific and technical journal articles,2006,5574.16,,0
ARG,Argentina,IP.JRN.ARTC.SC,Scientific and technical journal articles,2005,4883.23,,0
ARG,Argentina,IP.JRN.ARTC.SC,Scientific and technical journal articles,2004,4604.3,,0
ARG,Argentina,IP.JRN.ARTC.SC,Scientific and technical journal articles,2003,4484.81,,0
ARG,Argentina,IP.JRN.ARTC.SC,Scientific and technical journal articles,2002,4681.53,,0
ARG,Argentina,IP.JRN.ARTC.SC,Scientific and technical journal articles,2001,4356.17,,0
ARG,Argentina,IP.JRN.ARTC.SC,Scientific and technical journal articles,2000,4231.85,,0
ARG,Argentina,IP.JRN.ARTC.SC,Scientific and technical journal articles,1999,4017.86,,0
ARG,Argentina,IP.JRN.ARTC.SC,Scientific and technical journal articles,1998,3724.97,,0
ARG,Argentina,IP.JRN.ARTC.SC,Scientific and technical journal articles,1997,3768.19,,0
ARG,Argentina,IP.JRN.ARTC.SC,Scientific and technical journal articles,1996,3385.12,,0
ARM,Armenia,IP.JRN.ARTC.SC,Scientific and technical journal articles,2022,655.3,,0
ARM,Armenia,IP.JRN.ARTC.SC,Scientific and technical journal articles,2021,576.14,,0
ARM,Armenia,IP.JRN.ARTC.SC,Scientific and technical journal articles,2020,622.39,,0
ARM,Armenia,IP.JRN.ARTC.SC,Scientific and technical journal articles,2019,627.03,,0
ARM,Armenia,IP.JRN.ARTC.SC,Scientific and technical journal articles,2018,524.57,,0
ARM,Armenia,IP.JRN.ARTC.SC,Scientific and technical journal articles,2017,539.3,,0
ARM,Armenia,IP.JRN.ARTC.SC,Scientific and technical journal articles,2016,536.98,,0
ARM,Armenia,IP.JRN.ARTC.SC,Scientific and technical journal articles,2015,534.03,,0
ARM,Armenia,IP.JRN.ARTC.SC,Scientific and technical journal articles,2014,540.71,,0
ARM,Armenia,IP.JRN.ARTC.SC,Scientific and technical journal articles,2013,532.37,,0
ARM,Armenia,IP.JRN.ARTC.SC,Scientific and technical journal articles,2012,548.98,,0
ARM,Armenia,IP.JRN.ARTC.SC,Scientific and technical journal articles,2011,588.71,,0
ARM,Armenia,IP.JRN.ARTC.SC,Scientific and technical journal articles,2010,493.99,,0
ARM,Armenia,IP.JRN.ARTC.SC,Scientific and technical journal articles,2009,438.63,,0
ARM,Armenia,IP.JRN.ARTC.SC,Scientific and technical journal articles,2008,384.85,,0
ARM,Armenia,IP.JRN.ARTC.SC,Scientific and technical journal articles,2007,405.91,,0
ARM,Armenia,IP.JRN.ARTC.SC,Scientific and technical journal articles,2006,358.51,,0
ARM,Armenia,IP.JRN.ARTC.SC,Scientific and technical journal articles,2005,394.95,,0
ARM,Armenia,IP.JRN.ARTC.SC,Scientific and technical journal articles,2004,344.62,,0
ARM,Armenia,IP.JRN.ARTC.SC,Scientific and technical journal articles,2003,323.45,,0
ARM,Armenia,IP.JRN.ARTC.SC,Scientific and technical journal articles,2002,319.06,,0
ARM,Armenia,IP.JRN.ARTC.SC,Scientific and technical journal articles,2001,323.2,,0
ARM,Armenia,IP.JRN.ARTC.SC,Scientific and technical journal articles,2000,348.04,,0
ARM,Armenia,IP.JRN.ARTC.SC,Scientific and technical journal articles,1999,266.47,,0
ARM,Armenia,IP.JRN.ARTC.SC,Scientific and technical journal articles,1998,277.22,,0
ARM,Armenia,IP.JRN.ARTC.SC,Scientific and technical journal articles,1997,262.14,,0
ARM,Armenia,IP.JRN.ARTC.SC,Scientific and technical journal articles,1996,333.15,,0
AUS,Australia,IP.JRN.ARTC.SC,Scientific and technical journal articles,2022,62305.03,,0
AUS,Australia,IP.JRN.ARTC.SC,Scientific and technical journal articles,2021,61975.95,,0
AUS,Australia,IP.JRN.ARTC.SC,Scientific and technical journal articles,2020,58870.89,,0
AUS,Australia,IP.JRN.ARTC.SC,Scientific and technical journal articles,2019,58770.26,,0
AUS,Australia,IP.JRN.ARTC.SC,Scientific and technical journal articles,2018,56691.37,,0
AUS,Australia,IP.JRN.ARTC.SC,Scientific and technical journal articles,2017,55219.84,,0
AUS,Australia,IP.JRN.ARTC.SC,Scientific and technical journal articles,2016,55173.81,,0
AUS,Australia,IP.JRN.ARTC.SC,Scientific and technical journal articles,2015,54235.21,,0
AUS,Australia,IP.JRN.ARTC.SC,Scientific and technical journal articles,2014,52854.67,,0
AUS,Australia,IP.JRN.ARTC.SC,Scientific and technical journal articles,2013,50921.2,,0
AUS,Australia,IP.JRN.ARTC.SC,Scientific and technical journal articles,2012,46728.07,,0
AUS,Australia,IP.JRN.ARTC.SC,Scientific and technical journal articles,2011,45374.3,,0
AUS,Australia,IP.JRN.ARTC.SC,Scientific and technical journal articles,2010,42096.62,,0
AUS,Australia,IP.JRN.ARTC.SC,Scientific and technical journal articles,2009,39537.36,,0
AUS,Australia,IP.JRN.ARTC.SC,Scientific and technical journal articles,2008,37767.96,,0
AUS,Australia,IP.JRN.ARTC.SC,Scientific and technical journal articles,2007,36315.46,,0
AUS,Australia,IP.JRN.ARTC.SC,Scientific and technical journal articles,2006,34320.11,,0
AUS,Australia,IP.JRN.ARTC.SC,Scientific and technical journal articles,2005,31994.97,,0
AUS,Australia,IP.JRN.ARTC.SC,Scientific and technical journal articles,2004,28033.19,,0
AUS,Australia,IP.JRN.ARTC.SC,Scientific and technical journal articles,2003,25877.1,,0
AUS,Australia,IP.JRN.ARTC.SC,Scientific and technical journal articles,2002,24502.31,,0
AUS,Australia,IP.JRN.ARTC.SC,Scientific and technical journal articles,2001,23969.95,,0
AUS,Australia,IP.JRN.ARTC.SC,Scientific and technical journal articles,2000,23495.94,,0
AUS,Australia,IP.JRN.ARTC.SC,Scientific and technical journal articles,1999,22207,,0
AUS,Australia,IP.JRN.ARTC.SC,Scientific and technical journal articles,1998,21981.46,,0
AUS,Australia,IP.JRN.ARTC.SC,Scientific and technical journal articles,1997,21727.72,,0
AUS,Australia,IP.JRN.ARTC.SC,Scientific and technical journal articles,1996,20800.25,,0
AUT,Austria,IP.JRN.ARTC.SC,Scientific and technical journal articles,2022,14537.08,,0
AUT,Austria,IP.JRN.ARTC.SC,Scientific and technical journal articles,2021,14969.64,,0
AUT,Austria,IP.JRN.ARTC.SC,Scientific and technical journal articles,2020,14005.41,,0
AUT,Austria,IP.JRN.ARTC.SC,Scientific and technical journal articles,2019,13708.07,,0
AUT,Austria,IP.JRN.ARTC.SC,Scientific and technical journal articles,2018,13121.29,,0
AUT,Austria,IP.JRN.ARTC.SC,Scientific and technical journal articles,2017,13072.27,,0
AUT,Austria,IP.JRN.ARTC.SC,Scientific and technical journal articles,2016,12976.33,,0
AUT,Austria,IP.JRN.ARTC.SC,Scientific and technical journal articles,2015,13137.08,,0
AUT,Austria,IP.JRN.ARTC.SC,Scientific and technical journal articles,2014,12632.76,,0
AUT,Austria,IP.JRN.ARTC.SC,Scientific and technical journal articles,2013,12414.79,,0
AUT,Austria,IP.JRN.ARTC.SC,Scientific and technical journal articles,2012,12181.72,,0
AUT,Austria,IP.JRN.ARTC.SC,Scientific and technical journal articles,2011,11806.83,,0
AUT,Austria,IP.JRN.ARTC.SC,Scientific and technical journal articles,2010,11211.53,,0
AUT,Austria,IP.JRN.ARTC.SC,Scientific and technical journal articles,2009,10977.59,,0
AUT,Austria,IP.JRN.ARTC.SC,Scientific and technical journal articles,2008,10426.33,,0
AUT,Austria,IP.JRN.ARTC.SC,Scientific and technical journal articles,2007,9930.95,,0
AUT,Austria,IP.JRN.ARTC.SC,Scientific and technical journal articles,2006,9235.59,,0
AUT,Austria,IP.JRN.ARTC.SC,Scientific and technical journal articles,2005,9013.02,,0
AUT,Austria,IP.JRN.ARTC.SC,Scientific and technical journal articles,2004,8157.43,,0
AUT,Austria,IP.JRN.ARTC.SC,Scientific and technical journal articles,2003,7972.47,,0
AUT,Austria,IP.JRN.ARTC.SC,Scientific and technical journal articles,2002,7505.6,,0
AUT,Austria,IP.JRN.ARTC.SC,Scientific and technical journal articles,2001,7073.06,,0
AUT,Austria,IP.JRN.ARTC.SC,Scientific and technical journal articles,2000,6614.6,,0
AUT,Austria,IP.JRN.ARTC.SC,Scientific and technical journal articles,1999,6264.67,,0
AUT,Austria,IP.JRN.ARTC.SC,Scientific and technical journal articles,1998,6222.3,,0
AUT,Austria,IP.JRN.ARTC.SC,Scientific and technical journal articles,1997,6304.13,,0
AUT,Austria,IP.JRN.ARTC.SC,Scientific and technical journal articles,1996,5949.63,,0
AZE,Azerbaijan,IP.JRN.ARTC.SC,Scientific and technical journal articles,2022,1174.57,,0
AZE,Azerbaijan,IP.JRN.ARTC.SC,Scientific and technical journal articles,2021,1014.28,,0
AZE,Azerbaijan,IP.JRN.ARTC.SC,Scientific and technical journal articles,2020,1033.88,,0
AZE,Azerbaijan,IP.JRN.ARTC.SC,Scientific and technical journal articles,2019,924.14,,0
AZE,Azerbaijan,IP.JRN.ARTC.SC,Scientific and technical journal articles,2018,810.68,,0
AZE,Azerbaijan,IP.JRN.ARTC.SC,Scientific and technical journal articles,2017,732.12,,0
AZE,Azerbaijan,IP.JRN.ARTC.SC,Scientific and technical journal articles,2016,592.94,,0
AZE,Azerbaijan,IP.JRN.ARTC.SC,Scientific and technical journal articles,2015,449.94,,0
AZE,Azerbaijan,IP.JRN.ARTC.SC,Scientific and technical journal articles,2014,391.27,,0
AZE,Azerbaijan,IP.JRN.ARTC.SC,Scientific and technical journal articles,2013,476.47,,0
AZE,Azerbaijan,IP.JRN.ARTC.SC,Scientific and technical journal articles,2012,679.97,,0
AZE,Azerbaijan,IP.JRN.ARTC.SC,Scientific and technical journal articles,2011,640.75,,0
AZE,Azerbaijan,IP.JRN.ARTC.SC,Scientific and technical journal articles,2010,603.88,,0
AZE,Azerbaijan,IP.JRN.ARTC.SC,Scientific and technical journal articles,2009,630.91,,0
AZE,Azerbaijan,IP.JRN.ARTC.SC,Scientific and technical journal articles,2008,482.58,,0
AZE,Azerbaijan,IP.JRN.ARTC.SC,Scientific and technical journal articles,2007,416.03,,0
AZE,Azerbaijan,IP.JRN.ARTC.SC,Scientific and technical journal articles,2006,285.61,,0
AZE,Azerbaijan,IP.JRN.ARTC.SC,Scientific and technical journal articles,2005,359.53,,0
AZE,Azerbaijan,IP.JRN.ARTC.SC,Scientific and technical journal articles,2004,369.87,,0
AZE,Azerbaijan,IP.JRN.ARTC.SC,Scientific and technical journal articles,2003,287.37,,0
AZE,Azerbaijan,IP.JRN.ARTC.SC,Scientific and technical journal articles,2002,255.89,,0
AZE,Azerbaijan,IP.JRN.ARTC.SC,Scientific and technical journal articles,2001,168.62,,0
AZE,Azerbaijan,IP.JRN.ARTC.SC,Scientific and technical journal articles,2000,158.76,,0
AZE,Azerbaijan,IP.JRN.ARTC.SC,Scientific and technical journal articles,1999,165.6,,0
AZE,Azerbaijan,IP.JRN.ARTC.SC,Scientific and technical journal articles,1998,172.07,,0
AZE,Azerbaijan,IP.JRN.ARTC.SC,Scientific and technical journal articles,1997,210.93,,0
AZE,Azerbaijan,IP.JRN.ARTC.SC,Scientific and technical journal articles,1996,220.9,,0
BHS,"Bahamas, The",IP.JRN.ARTC.SC,Scientific and technical journal articles,2022,17.75,,0
BHS,"Bahamas, The",IP.JRN.ARTC.SC,Scientific and technical journal articles,2021,22.14,,0
BHS,"Bahamas, The",IP.JRN.ARTC.SC,Scientific and technical journal articles,2020,21.42,,0
BHS,"Bahamas, The",IP.JRN.ARTC.SC,Scientific and technical journal articles,2019,19,,0
BHS,"Bahamas, The",IP.JRN.ARTC.SC,Scientific and technical journal articles,2018,20.64,,0
BHS,"Bahamas, The",IP.JRN.ARTC.SC,Scientific and technical journal articles,2017,20.78,,0
BHS,"Bahamas, The",IP.JRN.ARTC.SC,Scientific and technical journal articles,2016,13.91,,0
BHS,"Bahamas, The",IP.JRN.ARTC.SC,Scientific and technical journal articles,2015,12.77,,0
BHS,"Bahamas, The",IP.JRN.ARTC.SC,Scientific and technical journal articles,2014,15.89,,0
BHS,"Bahamas, The",IP.JRN.ARTC.SC,Scientific and technical journal articles,2013,18.89,,0
BHS,"Bahamas, The",IP.JRN.ARTC.SC,Scientific and technical journal articles,2012,8.01,,0
BHS,"Bahamas, The",IP.JRN.ARTC.SC,Scientific and technical journal articles,2011,10.78,,0
BHS,"Bahamas, The",IP.JRN.ARTC.SC,Scientific and technical journal articles,2010,9.2,,0
BHS,"Bahamas, The",IP.JRN.ARTC.SC,Scientific and technical journal articles,2009,9.83,,0
BHS,"Bahamas, The",IP.JRN.ARTC.SC,Scientific and technical journal articles,2008,6.05,,0
BHS,"Bahamas, The",IP.JRN.ARTC.SC,Scientific and technical journal articles,2007,11.14,,0
BHS,"Bahamas, The",IP.JRN.ARTC.SC,Scientific and technical journal articles,2006,6.12,,0
BHS,"Bahamas, The",IP.JRN.ARTC.SC,Scientific and technical journal articles,2005,7.37,,0
BHS,"Bahamas, The",IP.JRN.ARTC.SC,Scientific and technical journal articles,2004,3.03,,0
BHS,"Bahamas, The",IP.JRN.ARTC.SC,Scientific and technical journal articles,2003,3.66,,0
BHS,"Bahamas, The",IP.JRN.ARTC.SC,Scientific and technical journal articles,2002,5.13,,0
BHS,"Bahamas, The",IP.JRN.ARTC.SC,Scientific and technical journal articles,2001,5.19,,0
BHS,"Bahamas, The",IP.JRN.ARTC.SC,Scientific and technical journal articles,2000,1.7,,0
BHS,"Bahamas, The",IP.JRN.ARTC.SC,Scientific and technical journal articles,1999,2.7,,0
BHS,"Bahamas, The",IP.JRN.ARTC.SC,Scientific and technical journal articles,1998,4.1,,0
BHS,"Bahamas, The",IP.JRN.ARTC.SC,Scientific and technical journal articles,1997,3.08,,0
BHS,"Bahamas, The",IP.JRN.ARTC.SC,Scientific and technical journal articles,1996,2.9,,0
BHR,Bahrain,IP.JRN.ARTC.SC,Scientific and technical journal articles,2022,671.6,,0
BHR,Bahrain,IP.JRN.ARTC.SC,Scientific and technical journal articles,2021,650.35,,0
BHR,Bahrain,IP.JRN.ARTC.SC,Scientific and technical journal articles,2020,509,,0
BHR,Bahrain,IP.JRN.ARTC.SC,Scientific and technical journal articles,2019,465.67,,0
BHR,Bahrain,IP.JRN.ARTC.SC,Scientific and technical journal articles,2018,337.97,,0
BHR,Bahrain,IP.JRN.ARTC.SC,Scientific and technical journal articles,2017,255.57,,0
BHR,Bahrain,IP.JRN.ARTC.SC,Scientific and technical journal articles,2016,234.78,,0
BHR,Bahrain,IP.JRN.ARTC.SC,Scientific and technical journal articles,2015,180.86,,0
BHR,Bahrain,IP.JRN.ARTC.SC,Scientific and technical journal articles,2014,214.55,,0
BHR,Bahrain,IP.JRN.ARTC.SC,Scientific and technical journal articles,2013,241.91,,0
BHR,Bahrain,IP.JRN.ARTC.SC,Scientific and technical journal articles,2012,159.51,,0
BHR,Bahrain,IP.JRN.ARTC.SC,Scientific and technical journal articles,2011,180.98,,0
BHR,Bahrain,IP.JRN.ARTC.SC,Scientific and technical journal articles,2010,213,,0
BHR,Bahrain,IP.JRN.ARTC.SC,Scientific and technical journal articles,2009,189.71,,0
BHR,Bahrain,IP.JRN.ARTC.SC,Scientific and technical journal articles,2008,160.23,,0
BHR,Bahrain,IP.JRN.ARTC.SC,Scientific and technical journal articles,2007,177.24,,0
BHR,Bahrain,IP.JRN.ARTC.SC,Scientific and technical journal articles,2006,182.09,,0
BHR,Bahrain,IP.JRN.ARTC.SC,Scientific and technical journal articles,2005,161.53,,0
BHR,Bahrain,IP.JRN.ARTC.SC,Scientific and technical journal articles,2004,142.48,,0
BHR,Bahrain,IP.JRN.ARTC.SC,Scientific and technical journal articles,2003,132.81,,0
BHR,Bahrain,IP.JRN.ARTC.SC,Scientific and technical journal articles,2002,71,,0
BHR,Bahrain,IP.JRN.ARTC.SC,Scientific and technical journal articles,2001,83.76,,0
BHR,Bahrain,IP.JRN.ARTC.SC,Scientific and technical journal articles,2000,85.53,,0
BHR,Bahrain,IP.JRN.ARTC.SC,Scientific and technical journal articles,1999,89.99,,0
BHR,Bahrain,IP.JRN.ARTC.SC,Scientific and technical journal articles,1998,90.92,,0
BHR,Bahrain,IP.JRN.ARTC.SC,Scientific and technical journal articles,1997,71.24,,0
BHR,Bahrain,IP.JRN.ARTC.SC,Scientific and technical journal articles,1996,92.81,,0
BGD,Bangladesh,IP.JRN.ARTC.SC,Scientific and technical journal articles,2022,7056.17,,0
BGD,Bangladesh,IP.JRN.ARTC.SC,Scientific and technical journal articles,2021,7551.78,,0
BGD,Bangladesh,IP.JRN.ARTC.SC,Scientific and technical journal articles,2020,5121.48,,0
BGD,Bangladesh,IP.JRN.ARTC.SC,Scientific and technical journal articles,2019,5204.89,,0
BGD,Bangladesh,IP.JRN.ARTC.SC,Scientific and technical journal articles,2018,3182.44,,0
BGD,Bangladesh,IP.JRN.ARTC.SC,Scientific and technical journal articles,2017,3126.85,,0
BGD,Bangladesh,IP.JRN.ARTC.SC,Scientific and technical journal articles,2016,2590.98,,0
BGD,Bangladesh,IP.JRN.ARTC.SC,Scientific and technical journal articles,2015,2182.74,,0
BGD,Bangladesh,IP.JRN.ARTC.SC,Scientific and technical journal articles,2014,2408.26,,0
BGD,Bangladesh,IP.JRN.ARTC.SC,Scientific and technical journal articles,2013,1787.42,,0
BGD,Bangladesh,IP.JRN.ARTC.SC,Scientific and technical journal articles,2012,1921.35,,0
BGD,Bangladesh,IP.JRN.ARTC.SC,Scientific and technical journal articles,2011,1391.46,,0
BGD,Bangladesh,IP.JRN.ARTC.SC,Scientific and technical journal articles,2010,1426.96,,0
BGD,Bangladesh,IP.JRN.ARTC.SC,Scientific and technical journal articles,2009,1159.19,,0
BGD,Bangladesh,IP.JRN.ARTC.SC,Scientific and technical journal articles,2008,1056.49,,0
BGD,Bangladesh,IP.JRN.ARTC.SC,Scientific and technical journal articles,2007,871.17,,0
BGD,Bangladesh,IP.JRN.ARTC.SC,Scientific and technical journal articles,2006,740.2,,0
BGD,Bangladesh,IP.JRN.ARTC.SC,Scientific and technical journal articles,2005,593.35,,0
BGD,Bangladesh,IP.JRN.ARTC.SC,Scientific and technical journal articles,2004,531.3,,0
BGD,Bangladesh,IP.JRN.ARTC.SC,Scientific and technical journal articles,2003,493.64,,0
BGD,Bangladesh,IP.JRN.ARTC.SC,Scientific and technical journal articles,2002,420.78,,0
BGD,Bangladesh,IP.JRN.ARTC.SC,Scientific and technical journal articles,2001,434.28,,0
BGD,Bangladesh,IP.JRN.ARTC.SC,Scientific and technical journal articles,2000,444.19,,0
BGD,Bangladesh,IP.JRN.ARTC.SC,Scientific and technical journal articles,1999,407.26,,0
BGD,Bangladesh,IP.JRN.ARTC.SC,Scientific and technical journal articles,1998,389.76,,0
BGD,Bangladesh,IP.JRN.ARTC.SC,Scientific and technical journal articles,1997,396.28,,0
BGD,Bangladesh,IP.JRN.ARTC.SC,Scientific and technical journal articles,1996,368.49,,0
BRB,Barbados,IP.JRN.ARTC.SC,Scientific and technical journal articles,2022,72.38,,0
BRB,Barbados,IP.JRN.ARTC.SC,Scientific and technical journal articles,2021,55.51,,0
BRB,Barbados,IP.JRN.ARTC.SC,Scientific and technical journal articles,2020,61.93,,0
BRB,Barbados,IP.JRN.ARTC.SC,Scientific and technical journal articles,2019,53.74,,0
BRB,Barbados,IP.JRN.ARTC.SC,Scientific and technical journal articles,2018,48.22,,0
BRB,Barbados,IP.JRN.ARTC.SC,Scientific and technical journal articles,2017,50.16,,0
BRB,Barbados,IP.JRN.ARTC.SC,Scientific and technical journal articles,2016,54.32,,0
BRB,Barbados,IP.JRN.ARTC.SC,Scientific and technical journal articles,2015,55.17,,0
BRB,Barbados,IP.JRN.ARTC.SC,Scientific and technical journal articles,2014,45.47,,0
BRB,Barbados,IP.JRN.ARTC.SC,Scientific and technical journal articles,2013,41.83,,0
BRB,Barbados,IP.JRN.ARTC.SC,Scientific and technical journal articles,2012,48.49,,0
BRB,Barbados,IP.JRN.ARTC.SC,Scientific and technical journal articles,2011,35.82,,0
BRB,Barbados,IP.JRN.ARTC.SC,Scientific and technical journal articles,2010,30.06,,0
BRB,Barbados,IP.JRN.ARTC.SC,Scientific and technical journal articles,2009,37.63,,0
BRB,Barbados,IP.JRN.ARTC.SC,Scientific and technical journal articles,2008,46.14,,0
BRB,Barbados,IP.JRN.ARTC.SC,Scientific and technical journal articles,2007,49.79,,0
BRB,Barbados,IP.JRN.ARTC.SC,Scientific and technical journal articles,2006,49.71,,0
BRB,Barbados,IP.JRN.ARTC.SC,Scientific and technical journal articles,2005,37.07,,0
BRB,Barbados,IP.JRN.ARTC.SC,Scientific and technical journal articles,2004,54.09,,0
BRB,Barbados,IP.JRN.ARTC.SC,Scientific and technical journal articles,2003,46.11,,0
BRB,Barbados,IP.JRN.ARTC.SC,Scientific and technical journal articles,2002,38,,0
BRB,Barbados,IP.JRN.ARTC.SC,Scientific and technical journal articles,2001,43.08,,0
BRB,Barbados,IP.JRN.ARTC.SC,Scientific and technical journal articles,2000,27.79,,0
BRB,Barbados,IP.JRN.ARTC.SC,Scientific and technical journal articles,1999,28.87,,0
BRB,Barbados,IP.JRN.ARTC.SC,Scientific and technical journal articles,1998,29.19,,0
BRB,Barbados,IP.JRN.ARTC.SC,Scientific and technical journal articles,1997,24.5,,0
BRB,Barbados,IP.JRN.ARTC.SC,Scientific and technical journal articles,1996,19.25,,0
BLR,Belarus,IP.JRN.ARTC.SC,Scientific and technical journal articles,2022,1519.37,,0
BLR,Belarus,IP.JRN.ARTC.SC,Scientific and technical journal articles,2021,1597.03,,0
BLR,Belarus,IP.JRN.ARTC.SC,Scientific and technical journal articles,2020,1521.33,,0
BLR,Belarus,IP.JRN.ARTC.SC,Scientific and technical journal articles,2019,1502.43,,0
BLR,Belarus,IP.JRN.ARTC.SC,Scientific and technical journal articles,2018,1228.81,,0
BLR,Belarus,IP.JRN.ARTC.SC,Scientific and technical journal articles,2017,1080.38,,0
BLR,Belarus,IP.JRN.ARTC.SC,Scientific and technical journal articles,2016,1008.15,,0
BLR,Belarus,IP.JRN.ARTC.SC,Scientific and technical journal articles,2015,988.28,,0
BLR,Belarus,IP.JRN.ARTC.SC,Scientific and technical journal articles,2014,1059.93,,0
BLR,Belarus,IP.JRN.ARTC.SC,Scientific and technical journal articles,2013,1107.04,,0
BLR,Belarus,IP.JRN.ARTC.SC,Scientific and technical journal articles,2012,1043.1,,0
BLR,Belarus,IP.JRN.ARTC.SC,Scientific and technical journal articles,2011,1114.89,,0
BLR,Belarus,IP.JRN.ARTC.SC,Scientific and technical journal articles,2010,1054.44,,0
BLR,Belarus,IP.JRN.ARTC.SC,Scientific and technical journal articles,2009,1205.3,,0
BLR,Belarus,IP.JRN.ARTC.SC,Scientific and technical journal articles,2008,1070.73,,0
BLR,Belarus,IP.JRN.ARTC.SC,Scientific and technical journal articles,2007,1310.09,,0
BLR,Belarus,IP.JRN.ARTC.SC,Scientific and technical journal articles,2006,1210.16,,0
BLR,Belarus,IP.JRN.ARTC.SC,Scientific and technical journal articles,2005,1339.42,,0
BLR,Belarus,IP.JRN.ARTC.SC,Scientific and technical journal articles,2004,1285.37,,0
BLR,Belarus,IP.JRN.ARTC.SC,Scientific and technical journal articles,2003,1279.07,,0
BLR,Belarus,IP.JRN.ARTC.SC,Scientific and technical journal articles,2002,1325.49,,0
BLR,Belarus,IP.JRN.ARTC.SC,Scientific and technical journal articles,2001,1330.16,,0
BLR,Belarus,IP.JRN.ARTC.SC,Scientific and technical journal articles,2000,1203.02,,0
BLR,Belarus,IP.JRN.ARTC.SC,Scientific and technical journal articles,1999,1133.6,,0
BLR,Belarus,IP.JRN.ARTC.SC,Scientific and technical journal articles,1998,1312.38,,0
BLR,Belarus,IP.JRN.ARTC.SC,Scientific and technical journal articles,1997,1352.75,,0
BLR,Belarus,IP.JRN.ARTC.SC,Scientific and technical journal articles,1996,1285.54,,0
BEL,Belgium,IP.JRN.ARTC.SC,Scientific and technical journal articles,2022,17612.3,,0
BEL,Belgium,IP.JRN.ARTC.SC,Scientific and technical journal articles,2021,18319.58,,0
BEL,Belgium,IP.JRN.ARTC.SC,Scientific and technical journal articles,2020,16947.47,,0
BEL,Belgium,IP.JRN.ARTC.SC,Scientific and technical journal articles,2019,16644.86,,0
BEL,Belgium,IP.JRN.ARTC.SC,Scientific and technical journal articles,2018,16529.95,,0
BEL,Belgium,IP.JRN.ARTC.SC,Scientific and technical journal articles,2017,16305.94,,0
BEL,Belgium,IP.JRN.ARTC.SC,Scientific and technical journal articles,2016,16792.56,,0
BEL,Belgium,IP.JRN.ARTC.SC,Scientific and technical journal articles,2015,16730.49,,0
BEL,Belgium,IP.JRN.ARTC.SC,Scientific and technical journal articles,2014,16888.19,,0
BEL,Belgium,IP.JRN.ARTC.SC,Scientific and technical journal articles,2013,16589.95,,0
BEL,Belgium,IP.JRN.ARTC.SC,Scientific and technical journal articles,2012,16327.84,,0
BEL,Belgium,IP.JRN.ARTC.SC,Scientific and technical journal articles,2011,15583.08,,0
BEL,Belgium,IP.JRN.ARTC.SC,Scientific and technical journal articles,2010,15080.34,,0
BEL,Belgium,IP.JRN.ARTC.SC,Scientific and technical journal articles,2009,14799.65,,0
BEL,Belgium,IP.JRN.ARTC.SC,Scientific and technical journal articles,2008,14332.71,,0
BEL,Belgium,IP.JRN.ARTC.SC,Scientific and technical journal articles,2007,13622.59,,0
BEL,Belgium,IP.JRN.ARTC.SC,Scientific and technical journal articles,2006,13014.6,,0
BEL,Belgium,IP.JRN.ARTC.SC,Scientific and technical journal articles,2005,12766.14,,0
BEL,Belgium,IP.JRN.ARTC.SC,Scientific and technical journal articles,2004,11535.55,,0
BEL,Belgium,IP.JRN.ARTC.SC,Scientific and technical journal articles,2003,10883.66,,0
BEL,Belgium,IP.JRN.ARTC.SC,Scientific and technical journal articles,2002,10242.87,,0
BEL,Belgium,IP.JRN.ARTC.SC,Scientific and technical journal articles,2001,9951.02,,0
BEL,Belgium,IP.JRN.ARTC.SC,Scientific and technical journal articles,2000,9593.02,,0
BEL,Belgium,IP.JRN.ARTC.SC,Scientific and technical journal articles,1999,9244.92,,0
BEL,Belgium,IP.JRN.ARTC.SC,Scientific and technical journal articles,1998,9409.54,,0
BEL,Belgium,IP.JRN.ARTC.SC,Scientific and technical journal articles,1997,9009.03,,0
BEL,Belgium,IP.JRN.ARTC.SC,Scientific and technical journal articles,1996,8826.61,,0
BLZ,Belize,IP.JRN.ARTC.SC,Scientific and technical journal articles,2022,17.74,,0
BLZ,Belize,IP.JRN.ARTC.SC,Scientific and technical journal articles,2021,12.52,,0
BLZ,Belize,IP.JRN.ARTC.SC,Scientific and technical journal articles,2020,17.62,,0
BLZ,Belize,IP.JRN.ARTC.SC,Scientific and technical journal articles,2019,10.21,,0
BLZ,Belize,IP.JRN.ARTC.SC,Scientific and technical journal articles,2018,9.74,,0
BLZ,Belize,IP.JRN.ARTC.SC,Scientific and technical journal articles,2017,11.55,,0
BLZ,Belize,IP.JRN.ARTC.SC,Scientific and technical journal articles,2016,5.88,,0
BLZ,Belize,IP.JRN.ARTC.SC,Scientific and technical journal articles,2015,7.64,,0
BLZ,Belize,IP.JRN.ARTC.SC,Scientific and technical journal articles,2014,5.16,,0
BLZ,Belize,IP.JRN.ARTC.SC,Scientific and technical journal articles,2013,7.75,,0
BLZ,Belize,IP.JRN.ARTC.SC,Scientific and technical journal articles,2012,8.3,,0
BLZ,Belize,IP.JRN.ARTC.SC,Scientific and technical journal articles,2011,2.26,,0
BLZ,Belize,IP.JRN.ARTC.SC,Scientific and technical journal articles,2010,10.82,,0
BLZ,Belize,IP.JRN.ARTC.SC,Scientific and technical journal articles,2009,8.51,,0
BLZ,Belize,IP.JRN.ARTC.SC,Scientific and technical journal articles,2008,3.64,,0
BLZ,Belize,IP.JRN.ARTC.SC,Scientific and technical journal articles,2007,2.23,,0
BLZ,Belize,IP.JRN.ARTC.SC,Scientific and technical journal articles,2006,4.83,,0
BLZ,Belize,IP.JRN.ARTC.SC,Scientific and technical journal articles,2005,5.83,,0
BLZ,Belize,IP.JRN.ARTC.SC,Scientific and technical journal articles,2004,4.92,,0
BLZ,Belize,IP.JRN.ARTC.SC,Scientific and technical journal articles,2003,4.76,,0
BLZ,Belize,IP.JRN.ARTC.SC,Scientific and technical journal articles,2002,1.91,,0
BLZ,Belize,IP.JRN.ARTC.SC,Scientific and technical journal articles,2001,2,,0
BLZ,Belize,IP.JRN.ARTC.SC,Scientific and technical journal articles,2000,0.62,,0
BLZ,Belize,IP.JRN.ARTC.SC,Scientific and technical journal articles,1999,2.23,,0
BLZ,Belize,IP.JRN.ARTC.SC,Scientific and technical journal articles,1998,3.95,,0
BLZ,Belize,IP.JRN.ARTC.SC,Scientific and technical journal articles,1997,3.28,,0
BLZ,Belize,IP.JRN.ARTC.SC,Scientific and technical journal articles,1996,1.96,,0
BEN,Benin,IP.JRN.ARTC.SC,Scientific and technical journal articles,2022,413.69,,0
BEN,Benin,IP.JRN.ARTC.SC,Scientific and technical journal articles,2021,381.61,,0
BEN,Benin,IP.JRN.ARTC.SC,Scientific and technical journal articles,2020,317.18,,0
BEN,Benin,IP.JRN.ARTC.SC,Scientific and technical journal articles,2019,276.96,,0
BEN,Benin,IP.JRN.ARTC.SC,Scientific and technical journal articles,2018,233.16,,0
BEN,Benin,IP.JRN.ARTC.SC,Scientific and technical journal articles,2017,207.64,,0
BEN,Benin,IP.JRN.ARTC.SC,Scientific and technical journal articles,2016,173.32,,0
BEN,Benin,IP.JRN.ARTC.SC,Scientific and technical journal articles,2015,180,,0
BEN,Benin,IP.JRN.ARTC.SC,Scientific and technical journal articles,2014,179.52,,0
BEN,Benin,IP.JRN.ARTC.SC,Scientific and technical journal articles,2013,178.78,,0
BEN,Benin,IP.JRN.ARTC.SC,Scientific and technical journal articles,2012,143.3,,0
BEN,Benin,IP.JRN.ARTC.SC,Scientific and technical journal articles,2011,128.9,,0
BEN,Benin,IP.JRN.ARTC.SC,Scientific and technical journal articles,2010,105.59,,0
BEN,Benin,IP.JRN.ARTC.SC,Scientific and technical journal articles,2009,117.63,,0
BEN,Benin,IP.JRN.ARTC.SC,Scientific and technical journal articles,2008,92.83,,0
BEN,Benin,IP.JRN.ARTC.SC,Scientific and technical journal articles,2007,93.97,,0
BEN,Benin,IP.JRN.ARTC.SC,Scientific and technical journal articles,2006,77.59,,0
BEN,Benin,IP.JRN.ARTC.SC,Scientific and technical journal articles,2005,60.94,,0
BEN,Benin,IP.JRN.ARTC.SC,Scientific and technical journal articles,2004,60.84,,0
BEN,Benin,IP.JRN.ARTC.SC,Scientific and technical journal articles,2003,46.42,,0
BEN,Benin,IP.JRN.ARTC.SC,Scientific and technical journal articles,2002,44.73,,0
BEN,Benin,IP.JRN.ARTC.SC,Scientific and technical journal articles,2001,42.87,,0
BEN,Benin,IP.JRN.ARTC.SC,Scientific and technical journal articles,2000,45.48,,0
BEN,Benin,IP.JRN.ARTC.SC,Scientific and technical journal articles,1999,42.5,,0
BEN,Benin,IP.JRN.ARTC.SC,Scientific and technical journal articles,1998,40.3,,0
BEN,Benin,IP.JRN.ARTC.SC,Scientific and technical journal articles,1997,45.95,,0
BEN,Benin,IP.JRN.ARTC.SC,Scientific and technical journal articles,1996,28.51,,0
BTN,Bhutan,IP.JRN.ARTC.SC,Scientific and technical journal articles,2022,115.3,,0
BTN,Bhutan,IP.JRN.ARTC.SC,Scientific and technical journal articles,2021,105.03,,0
BTN,Bhutan,IP.JRN.ARTC.SC,Scientific and technical journal articles,2020,82.17,,0
BTN,Bhutan,IP.JRN.ARTC.SC,Scientific and technical journal articles,2019,56.06,,0
BTN,Bhutan,IP.JRN.ARTC.SC,Scientific and technical journal articles,2018,53,,0
BTN,Bhutan,IP.JRN.ARTC.SC,Scientific and technical journal articles,2017,47.63,,0
BTN,Bhutan,IP.JRN.ARTC.SC,Scientific and technical journal articles,2016,43.67,,0
BTN,Bhutan,IP.JRN.ARTC.SC,Scientific and technical journal articles,2015,26.15,,0
BTN,Bhutan,IP.JRN.ARTC.SC,Scientific and technical journal articles,2014,28.36,,0
BTN,Bhutan,IP.JRN.ARTC.SC,Scientific and technical journal articles,2013,28.2,,0
BTN,Bhutan,IP.JRN.ARTC.SC,Scientific and technical journal articles,2012,16.22,,0
BTN,Bhutan,IP.JRN.ARTC.SC,Scientific and technical journal articles,2011,16.25,,0
BTN,Bhutan,IP.JRN.ARTC.SC,Scientific and technical journal articles,2010,18.46,,0
BTN,Bhutan,IP.JRN.ARTC.SC,Scientific and technical journal articles,2009,9.55,,0
BTN,Bhutan,IP.JRN.ARTC.SC,Scientific and technical journal articles,2008,6.64,,0
BTN,Bhutan,IP.JRN.ARTC.SC,Scientific and technical journal articles,2007,8.58,,0
BTN,Bhutan,IP.JRN.ARTC.SC,Scientific and technical journal articles,2006,17.38,,0
BTN,Bhutan,IP.JRN.ARTC.SC,Scientific and technical journal articles,2005,5.98,,0
BTN,Bhutan,IP.JRN.ARTC.SC,Scientific and technical journal articles,2004,9.36,,0
BTN,Bhutan,IP.JRN.ARTC.SC,Scientific and technical journal articles,2003,3.66,,0
BTN,Bhutan,IP.JRN.ARTC.SC,Scientific and technical journal articles,2002,6.23,,0
BTN,Bhutan,IP.JRN.ARTC.SC,Scientific and technical journal articles,2001,1,,0
BTN,Bhutan,IP.JRN.ARTC.SC,Scientific and technical journal articles,2000,1.08,,0
BTN,Bhutan,IP.JRN.ARTC.SC,Scientific and technical journal articles,1999,0.96,,0
BTN,Bhutan,IP.JRN.ARTC.SC,Scientific and technical journal articles,1998,2.6,,0
BTN,Bhutan,IP.JRN.ARTC.SC,Scientific and technical journal articles,1997,3.17,,0
BTN,Bhutan,IP.JRN.ARTC.SC,Scientific and technical journal articles,1996,2.46,,0
BOL,Bolivia,IP.JRN.ARTC.SC,Scientific and technical journal articles,2022,188.02,,0
BOL,Bolivia,IP.JRN.ARTC.SC,Scientific and technical journal articles,2021,176.29,,0
BOL,Bolivia,IP.JRN.ARTC.SC,Scientific and technical journal articles,2020,178.44,,0
BOL,Bolivia,IP.JRN.ARTC.SC,Scientific and technical journal articles,2019,134.03,,0
BOL,Bolivia,IP.JRN.ARTC.SC,Scientific and technical journal articles,2018,110.67,,0
BOL,Bolivia,IP.JRN.ARTC.SC,Scientific and technical journal articles,2017,92.6,,0
BOL,Bolivia,IP.JRN.ARTC.SC,Scientific and technical journal articles,2016,92.83,,0
BOL,Bolivia,IP.JRN.ARTC.SC,Scientific and technical journal articles,2015,89.18,,0
BOL,Bolivia,IP.JRN.ARTC.SC,Scientific and technical journal articles,2014,89.46,,0
BOL,Bolivia,IP.JRN.ARTC.SC,Scientific and technical journal articles,2013,90.53,,0
BOL,Bolivia,IP.JRN.ARTC.SC,Scientific and technical journal articles,2012,86.1,,0
BOL,Bolivia,IP.JRN.ARTC.SC,Scientific and technical journal articles,2011,82.48,,0
BOL,Bolivia,IP.JRN.ARTC.SC,Scientific and technical journal articles,2010,79.43,,0
BOL,Bolivia,IP.JRN.ARTC.SC,Scientific and technical journal articles,2009,85.38,,0
BOL,Bolivia,IP.JRN.ARTC.SC,Scientific and technical journal articles,2008,93.85,,0
BOL,Bolivia,IP.JRN.ARTC.SC,Scientific and technical journal articles,2007,85.95,,0
BOL,Bolivia,IP.JRN.ARTC.SC,Scientific and technical journal articles,2006,69.72,,0
BOL,Bolivia,IP.JRN.ARTC.SC,Scientific and technical journal articles,2005,63.68,,0
BOL,Bolivia,IP.JRN.ARTC.SC,Scientific and technical journal articles,2004,46.6,,0
BOL,Bolivia,IP.JRN.ARTC.SC,Scientific and technical journal articles,2003,50.8,,0
BOL,Bolivia,IP.JRN.ARTC.SC,Scientific and technical journal articles,2002,46.61,,0
BOL,Bolivia,IP.JRN.ARTC.SC,Scientific and technical journal articles,2001,42.27,,0
BOL,Bolivia,IP.JRN.ARTC.SC,Scientific and technical journal articles,2000,37.82,,0
BOL,Bolivia,IP.JRN.ARTC.SC,Scientific and technical journal articles,1999,53.82,,0
BOL,Bolivia,IP.JRN.ARTC.SC,Scientific and technical journal articles,1998,39.05,,0
BOL,Bolivia,IP.JRN.ARTC.SC,Scientific and technical journal articles,1997,39.32,,0
BOL,Bolivia,IP.JRN.ARTC.SC,Scientific and technical journal articles,1996,28.73,,0
BIH,Bosnia and Herzegovina,IP.JRN.ARTC.SC,Scientific and technical journal articles,2022,1039.36,,0
BIH,Bosnia and Herzegovina,IP.JRN.ARTC.SC,Scientific and technical journal articles,2021,1122.99,,0
BIH,Bosnia and Herzegovina,IP.JRN.ARTC.SC,Scientific and technical journal articles,2020,1004.72,,0
BIH,Bosnia and Herzegovina,IP.JRN.ARTC.SC,Scientific and technical journal articles,2019,829.49,,0
BIH,Bosnia and Herzegovina,IP.JRN.ARTC.SC,Scientific and technical journal articles,2018,761.17,,0
BIH,Bosnia and Herzegovina,IP.JRN.ARTC.SC,Scientific and technical journal articles,2017,748.93,,0
BIH,Bosnia and Herzegovina,IP.JRN.ARTC.SC,Scientific and technical journal articles,2016,584.92,,0
BIH,Bosnia and Herzegovina,IP.JRN.ARTC.SC,Scientific and technical journal articles,2015,584.17,,0
BIH,Bosnia and Herzegovina,IP.JRN.ARTC.SC,Scientific and technical journal articles,2014,491.61,,0
BIH,Bosnia and Herzegovina,IP.JRN.ARTC.SC,Scientific and technical journal articles,2013,490.13,,0
BIH,Bosnia and Herzegovina,IP.JRN.ARTC.SC,Scientific and technical journal articles,2012,550.32,,0
BIH,Bosnia and Herzegovina,IP.JRN.ARTC.SC,Scientific and technical journal articles,2011,551.18,,0
BIH,Bosnia and Herzegovina,IP.JRN.ARTC.SC,Scientific and technical journal articles,2010,491.73,,0
BIH,Bosnia and Herzegovina,IP.JRN.ARTC.SC,Scientific and technical journal articles,2009,458.34,,0
BIH,Bosnia and Herzegovina,IP.JRN.ARTC.SC,Scientific and technical journal articles,2008,398.8,,0
BIH,Bosnia and Herzegovina,IP.JRN.ARTC.SC,Scientific and technical journal articles,2007,324.95,,0
BIH,Bosnia and Herzegovina,IP.JRN.ARTC.SC,Scientific and technical journal articles,2006,298.29,,0
BIH,Bosnia and Herzegovina,IP.JRN.ARTC.SC,Scientific and technical journal articles,2005,256.37,,0
BIH,Bosnia and Herzegovina,IP.JRN.ARTC.SC,Scientific and technical journal articles,2004,208.97,,0
BIH,Bosnia and Herzegovina,IP.JRN.ARTC.SC,Scientific and technical journal articles,2003,155.74,,0
BIH,Bosnia and Herzegovina,IP.JRN.ARTC.SC,Scientific and technical journal articles,2002,113.91,,0
BIH,Bosnia and Herzegovina,IP.JRN.ARTC.SC,Scientific and technical journal articles,2001,68.64,,0
BIH,Bosnia and Herzegovina,IP.JRN.ARTC.SC,Scientific and technical journal articles,2000,76.59,,0
BIH,Bosnia and Herzegovina,IP.JRN.ARTC.SC,Scientific and technical journal articles,1999,107.02,,0
BIH,Bosnia and Herzegovina,IP.JRN.ARTC.SC,Scientific and technical journal articles,1998,42.43,,0
BIH,Bosnia and Herzegovina,IP.JRN.ARTC.SC,Scientific and technical journal articles,1997,43.07,,0
BIH,Bosnia and Herzegovina,IP.JRN.ARTC.SC,Scientific and technical journal articles,1996,33.17,,0
BWA,Botswana,IP.JRN.ARTC.SC,Scientific and technical journal articles,2022,392.69,,0
BWA,Botswana,IP.JRN.ARTC.SC,Scientific and technical journal articles,2021,386.48,,0
BWA,Botswana,IP.JRN.ARTC.SC,Scientific and technical journal articles,2020,324.27,,0
BWA,Botswana,IP.JRN.ARTC.SC,Scientific and technical journal articles,2019,308.55,,0
BWA,Botswana,IP.JRN.ARTC.SC,Scientific and technical journal articles,2018,285.21,,0
BWA,Botswana,IP.JRN.ARTC.SC,Scientific and technical journal articles,2017,240.19,,0
BWA,Botswana,IP.JRN.ARTC.SC,Scientific and technical journal articles,2016,236.02,,0
BWA,Botswana,IP.JRN.ARTC.SC,Scientific and technical journal articles,2015,163.66,,0
BWA,Botswana,IP.JRN.ARTC.SC,Scientific and technical journal articles,2014,204.79,,0
BWA,Botswana,IP.JRN.ARTC.SC,Scientific and technical journal articles,2013,167.45,,0
BWA,Botswana,IP.JRN.ARTC.SC,Scientific and technical journal articles,2012,159.99,,0
BWA,Botswana,IP.JRN.ARTC.SC,Scientific and technical journal articles,2011,167.78,,0
BWA,Botswana,IP.JRN.ARTC.SC,Scientific and technical journal articles,2010,163.97,,0
BWA,Botswana,IP.JRN.ARTC.SC,Scientific and technical journal articles,2009,167.66,,0
BWA,Botswana,IP.JRN.ARTC.SC,Scientific and technical journal articles,2008,165.71,,0
BWA,Botswana,IP.JRN.ARTC.SC,Scientific and technical journal articles,2007,152.42,,0
BWA,Botswana,IP.JRN.ARTC.SC,Scientific and technical journal articles,2006,185.14,,0
BWA,Botswana,IP.JRN.ARTC.SC,Scientific and technical journal articles,2005,123.61,,0
BWA,Botswana,IP.JRN.ARTC.SC,Scientific and technical journal articles,2004,133.42,,0
BWA,Botswana,IP.JRN.ARTC.SC,Scientific and technical journal articles,2003,122.34,,0
BWA,Botswana,IP.JRN.ARTC.SC,Scientific and technical journal articles,2002,121.09,,0
BWA,Botswana,IP.JRN.ARTC.SC,Scientific and technical journal articles,2001,102.48,,0
BWA,Botswana,IP.JRN.ARTC.SC,Scientific and technical journal articles,2000,111.88,,0
BWA,Botswana,IP.JRN.ARTC.SC,Scientific and technical journal articles,1999,88.82,,0
BWA,Botswana,IP.JRN.ARTC.SC,Scientific and technical journal articles,1998,87.79,,0
BWA,Botswana,IP.JRN.ARTC.SC,Scientific and technical journal articles,1997,73.06,,0
BWA,Botswana,IP.JRN.ARTC.SC,Scientific and technical journal articles,1996,74.49,,0
BRA,Brazil,IP.JRN.ARTC.SC,Scientific and technical journal articles,2022,67030.59,,0
BRA,Brazil,IP.JRN.ARTC.SC,Scientific and technical journal articles,2021,73727.34,,0
BRA,Brazil,IP.JRN.ARTC.SC,Scientific and technical journal articles,2020,70490.47,,0
BRA,Brazil,IP.JRN.ARTC.SC,Scientific and technical journal articles,2019,66506.17,,0
BRA,Brazil,IP.JRN.ARTC.SC,Scientific and technical journal articles,2018,63130.11,,0
BRA,Brazil,IP.JRN.ARTC.SC,Scientific and technical journal articles,2017,59143.03,,0
BRA,Brazil,IP.JRN.ARTC.SC,Scientific and technical journal articles,2016,55719.12,,0
BRA,Brazil,IP.JRN.ARTC.SC,Scientific and technical journal articles,2015,53504.24,,0
BRA,Brazil,IP.JRN.ARTC.SC,Scientific and technical journal articles,2014,52367.03,,0
BRA,Brazil,IP.JRN.ARTC.SC,Scientific and technical journal articles,2013,50197.15,,0
BRA,Brazil,IP.JRN.ARTC.SC,Scientific and technical journal articles,2012,48166.15,,0
BRA,Brazil,IP.JRN.ARTC.SC,Scientific and technical journal articles,2011,44155.52,,0
BRA,Brazil,IP.JRN.ARTC.SC,Scientific and technical journal articles,2010,41760.03,,0
BRA,Brazil,IP.JRN.ARTC.SC,Scientific and technical journal articles,2009,38510.99,,0
BRA,Brazil,IP.JRN.ARTC.SC,Scientific and technical journal articles,2008,35574.01,,0
BRA,Brazil,IP.JRN.ARTC.SC,Scientific and technical journal articles,2007,31153.54,,0
BRA,Brazil,IP.JRN.ARTC.SC,Scientific and technical journal articles,2006,28610.05,,0
BRA,Brazil,IP.JRN.ARTC.SC,Scientific and technical journal articles,2005,22460.22,,0
BRA,Brazil,IP.JRN.ARTC.SC,Scientific and technical journal articles,2004,19960.57,,0
BRA,Brazil,IP.JRN.ARTC.SC,Scientific and technical journal articles,2003,17730.62,,0
BRA,Brazil,IP.JRN.ARTC.SC,Scientific and technical journal articles,2002,16156.58,,0
BRA,Brazil,IP.JRN.ARTC.SC,Scientific and technical journal articles,2001,13914.7,,0
BRA,Brazil,IP.JRN.ARTC.SC,Scientific and technical journal articles,2000,12800.36,,0
BRA,Brazil,IP.JRN.ARTC.SC,Scientific and technical journal articles,1999,11423.81,,0
BRA,Brazil,IP.JRN.ARTC.SC,Scientific and technical journal articles,1998,10498.24,,0
BRA,Brazil,IP.JRN.ARTC.SC,Scientific and technical journal articles,1997,9303.48,,0
BRA,Brazil,IP.JRN.ARTC.SC,Scientific and technical journal articles,1996,7645.85,,0
BRN,Brunei Darussalam,IP.JRN.ARTC.SC,Scientific and technical journal articles,2022,414.38,,0
BRN,Brunei Darussalam,IP.JRN.ARTC.SC,Scientific and technical journal articles,2021,335.16,,0
BRN,Brunei Darussalam,IP.JRN.ARTC.SC,Scientific and technical journal articles,2020,292.63,,0
BRN,Brunei Darussalam,IP.JRN.ARTC.SC,Scientific and technical journal articles,2019,230.03,,0
BRN,Brunei Darussalam,IP.JRN.ARTC.SC,Scientific and technical journal articles,2018,294.39,,0
BRN,Brunei Darussalam,IP.JRN.ARTC.SC,Scientific and technical journal articles,2017,200.95,,0
BRN,Brunei Darussalam,IP.JRN.ARTC.SC,Scientific and technical journal articles,2016,220.47,,0
BRN,Brunei Darussalam,IP.JRN.ARTC.SC,Scientific and technical journal articles,2015,174.11,,0
BRN,Brunei Darussalam,IP.JRN.ARTC.SC,Scientific and technical journal articles,2014,186.05,,0
BRN,Brunei Darussalam,IP.JRN.ARTC.SC,Scientific and technical journal articles,2013,123.02,,0
BRN,Brunei Darussalam,IP.JRN.ARTC.SC,Scientific and technical journal articles,2012,116.39,,0
BRN,Brunei Darussalam,IP.JRN.ARTC.SC,Scientific and technical journal articles,2011,79.69,,0
BRN,Brunei Darussalam,IP.JRN.ARTC.SC,Scientific and technical journal articles,2010,58.16,,0
BRN,Brunei Darussalam,IP.JRN.ARTC.SC,Scientific and technical journal articles,2009,51.01,,0
BRN,Brunei Darussalam,IP.JRN.ARTC.SC,Scientific and technical journal articles,2008,50.67,,0
BRN,Brunei Darussalam,IP.JRN.ARTC.SC,Scientific and technical journal articles,2007,43.81,,0
BRN,Brunei Darussalam,IP.JRN.ARTC.SC,Scientific and technical journal articles,2006,41.66,,0
BRN,Brunei Darussalam,IP.JRN.ARTC.SC,Scientific and technical journal articles,2005,35.14,,0
BRN,Brunei Darussalam,IP.JRN.ARTC.SC,Scientific and technical journal articles,2004,37.87,,0
BRN,Brunei Darussalam,IP.JRN.ARTC.SC,Scientific and technical journal articles,2003,37.66,,0
BRN,Brunei Darussalam,IP.JRN.ARTC.SC,Scientific and technical journal articles,2002,24.27,,0
BRN,Brunei Darussalam,IP.JRN.ARTC.SC,Scientific and technical journal articles,2001,32,,0
BRN,Brunei Darussalam,IP.JRN.ARTC.SC,Scientific and technical journal articles,2000,38.26,,0
BRN,Brunei Darussalam,IP.JRN.ARTC.SC,Scientific and technical journal articles,1999,37.16,,0
BRN,Brunei Darussalam,IP.JRN.ARTC.SC,Scientific and technical journal articles,1998,41.61,,0
BRN,Brunei Darussalam,IP.JRN.ARTC.SC,Scientific and technical journal articles,1997,26.68,,0
BRN,Brunei Darussalam,IP.JRN.ARTC.SC,Scientific and technical journal articles,1996,34.91,,0
BGR,Bulgaria,IP.JRN.ARTC.SC,Scientific and technical journal articles,2022,4784.13,,0
BGR,Bulgaria,IP.JRN.ARTC.SC,Scientific and technical journal articles,2021,4858.99,,0
BGR,Bulgaria,IP.JRN.ARTC.SC,Scientific and technical journal articles,2020,4559.2,,0
BGR,Bulgaria,IP.JRN.ARTC.SC,Scientific and technical journal articles,2019,4302.46,,0
BGR,Bulgaria,IP.JRN.ARTC.SC,Scientific and technical journal articles,2018,3375.36,,0
BGR,Bulgaria,IP.JRN.ARTC.SC,Scientific and technical journal articles,2017,2963.85,,0
BGR,Bulgaria,IP.JRN.ARTC.SC,Scientific and technical journal articles,2016,2544.29,,0
BGR,Bulgaria,IP.JRN.ARTC.SC,Scientific and technical journal articles,2015,2554.77,,0
BGR,Bulgaria,IP.JRN.ARTC.SC,Scientific and technical journal articles,2014,2661.88,,0
BGR,Bulgaria,IP.JRN.ARTC.SC,Scientific and technical journal articles,2013,2680.44,,0
BGR,Bulgaria,IP.JRN.ARTC.SC,Scientific and technical journal articles,2012,2648.91,,0
BGR,Bulgaria,IP.JRN.ARTC.SC,Scientific and technical journal articles,2011,2459,,0
BGR,Bulgaria,IP.JRN.ARTC.SC,Scientific and technical journal articles,2010,2606.28,,0
BGR,Bulgaria,IP.JRN.ARTC.SC,Scientific and technical journal articles,2009,2682.99,,0
BGR,Bulgaria,IP.JRN.ARTC.SC,Scientific and technical journal articles,2008,2345.31,,0
BGR,Bulgaria,IP.JRN.ARTC.SC,Scientific and technical journal articles,2007,2469.59,,0
BGR,Bulgaria,IP.JRN.ARTC.SC,Scientific and technical journal articles,2006,1932.09,,0
BGR,Bulgaria,IP.JRN.ARTC.SC,Scientific and technical journal articles,2005,2032.9,,0
BGR,Bulgaria,IP.JRN.ARTC.SC,Scientific and technical journal articles,2004,1850.12,,0
BGR,Bulgaria,IP.JRN.ARTC.SC,Scientific and technical journal articles,2003,1714.23,,0
BGR,Bulgaria,IP.JRN.ARTC.SC,Scientific and technical journal articles,2002,1680.94,,0
BGR,Bulgaria,IP.JRN.ARTC.SC,Scientific and technical journal articles,2001,1657.78,,0
BGR,Bulgaria,IP.JRN.ARTC.SC,Scientific and technical journal articles,2000,1676.87,,0
BGR,Bulgaria,IP.JRN.ARTC.SC,Scientific and technical journal articles,1999,1800.04,,0
BGR,Bulgaria,IP.JRN.ARTC.SC,Scientific and technical journal articles,1998,1764.7,,0
BGR,Bulgaria,IP.JRN.ARTC.SC,Scientific and technical journal articles,1997,1753.32,,0
BGR,Bulgaria,IP.JRN.ARTC.SC,Scientific and technical journal articles,1996,1909.71,,0
BFA,Burkina Faso,IP.JRN.ARTC.SC,Scientific and technical journal articles,2022,411.23,,0
BFA,Burkina Faso,IP.JRN.ARTC.SC,Scientific and technical journal articles,2021,331.81,,0
BFA,Burkina Faso,IP.JRN.ARTC.SC,Scientific and technical journal articles,2020,261.62,,0
BFA,Burkina Faso,IP.JRN.ARTC.SC,Scientific and technical journal articles,2019,261.75,,0
BFA,Burkina Faso,IP.JRN.ARTC.SC,Scientific and technical journal articles,2018,254.91,,0
BFA,Burkina Faso,IP.JRN.ARTC.SC,Scientific and technical journal articles,2017,208.93,,0
BFA,Burkina Faso,IP.JRN.ARTC.SC,Scientific and technical journal articles,2016,205.94,,0
BFA,Burkina Faso,IP.JRN.ARTC.SC,Scientific and technical journal articles,2015,192.98,,0
BFA,Burkina Faso,IP.JRN.ARTC.SC,Scientific and technical journal articles,2014,169.34,,0
BFA,Burkina Faso,IP.JRN.ARTC.SC,Scientific and technical journal articles,2013,163.87,,0
BFA,Burkina Faso,IP.JRN.ARTC.SC,Scientific and technical journal articles,2012,189,,0
BFA,Burkina Faso,IP.JRN.ARTC.SC,Scientific and technical journal articles,2011,150.19,,0
BFA,Burkina Faso,IP.JRN.ARTC.SC,Scientific and technical journal articles,2010,124.54,,0
BFA,Burkina Faso,IP.JRN.ARTC.SC,Scientific and technical journal articles,2009,129.04,,0
BFA,Burkina Faso,IP.JRN.ARTC.SC,Scientific and technical journal articles,2008,119.4,,0
BFA,Burkina Faso,IP.JRN.ARTC.SC,Scientific and technical journal articles,2007,105.16,,0
BFA,Burkina Faso,IP.JRN.ARTC.SC,Scientific and technical journal articles,2006,99.37,,0
BFA,Burkina Faso,IP.JRN.ARTC.SC,Scientific and technical journal articles,2005,72.52,,0
BFA,Burkina Faso,IP.JRN.ARTC.SC,Scientific and technical journal articles,2004,71.32,,0
BFA,Burkina Faso,IP.JRN.ARTC.SC,Scientific and technical journal articles,2003,76.54,,0
BFA,Burkina Faso,IP.JRN.ARTC.SC,Scientific and technical journal articles,2002,71.81,,0
BFA,Burkina Faso,IP.JRN.ARTC.SC,Scientific and technical journal articles,2001,63.92,,0
BFA,Burkina Faso,IP.JRN.ARTC.SC,Scientific and technical journal articles,2000,48.5,,0
BFA,Burkina Faso,IP.JRN.ARTC.SC,Scientific and technical journal articles,1999,61.62,,0
BFA,Burkina Faso,IP.JRN.ARTC.SC,Scientific and technical journal articles,1998,84.78,,0
BFA,Burkina Faso,IP.JRN.ARTC.SC,Scientific and technical journal articles,1997,52.2,,0
BFA,Burkina Faso,IP.JRN.ARTC.SC,Scientific and technical journal articles,1996,36.72,,0
BDI,Burundi,IP.JRN.ARTC.SC,Scientific and technical journal articles,2022,27.99,,0
BDI,Burundi,IP.JRN.ARTC.SC,Scientific and technical journal articles,2021,26.93,,0
BDI,Burundi,IP.JRN.ARTC.SC,Scientific and technical journal articles,2020,35.24,,0
BDI,Burundi,IP.JRN.ARTC.SC,Scientific and technical journal articles,2019,29.9,,0
BDI,Burundi,IP.JRN.ARTC.SC,Scientific and technical journal articles,2018,20.41,,0
BDI,Burundi,IP.JRN.ARTC.SC,Scientific and technical journal articles,2017,13.19,,0
BDI,Burundi,IP.JRN.ARTC.SC,Scientific and technical journal articles,2016,11.72,,0
BDI,Burundi,IP.JRN.ARTC.SC,Scientific and technical journal articles,2015,12.5,,0
BDI,Burundi,IP.JRN.ARTC.SC,Scientific and technical journal articles,2014,12.91,,0
BDI,Burundi,IP.JRN.ARTC.SC,Scientific and technical journal articles,2013,14.28,,0
BDI,Burundi,IP.JRN.ARTC.SC,Scientific and technical journal articles,2012,10.65,,0
BDI,Burundi,IP.JRN.ARTC.SC,Scientific and technical journal articles,2011,10.02,,0
BDI,Burundi,IP.JRN.ARTC.SC,Scientific and technical journal articles,2010,12.37,,0
BDI,Burundi,IP.JRN.ARTC.SC,Scientific and technical journal articles,2009,3.33,,0
BDI,Burundi,IP.JRN.ARTC.SC,Scientific and technical journal articles,2008,2.54,,0
BDI,Burundi,IP.JRN.ARTC.SC,Scientific and technical journal articles,2007,4.48,,0
BDI,Burundi,IP.JRN.ARTC.SC,Scientific and technical journal articles,2006,5.63,,0
BDI,Burundi,IP.JRN.ARTC.SC,Scientific and technical journal articles,2005,4.3,,0
BDI,Burundi,IP.JRN.ARTC.SC,Scientific and technical journal articles,2004,5.02,,0
BDI,Burundi,IP.JRN.ARTC.SC,Scientific and technical journal articles,2003,4.42,,0
BDI,Burundi,IP.JRN.ARTC.SC,Scientific and technical journal articles,2002,0.93,,0
BDI,Burundi,IP.JRN.ARTC.SC,Scientific and technical journal articles,2001,3.58,,0
BDI,Burundi,IP.JRN.ARTC.SC,Scientific and technical journal articles,2000,1.65,,0
BDI,Burundi,IP.JRN.ARTC.SC,Scientific and technical journal articles,1999,6.1,,0
BDI,Burundi,IP.JRN.ARTC.SC,Scientific and technical journal articles,1998,3.81,,0
BDI,Burundi,IP.JRN.ARTC.SC,Scientific and technical journal articles,1997,13.35,,0
BDI,Burundi,IP.JRN.ARTC.SC,Scientific and technical journal articles,1996,9.82,,0
CPV,Cabo Verde,IP.JRN.ARTC.SC,Scientific and technical journal articles,2022,22.01,,0
CPV,Cabo Verde,IP.JRN.ARTC.SC,Scientific and technical journal articles,2021,23.6,,0
CPV,Cabo Verde,IP.JRN.ARTC.SC,Scientific and technical journal articles,2020,20.9,,0
CPV,Cabo Verde,IP.JRN.ARTC.SC,Scientific and technical journal articles,2019,13.9,,0
CPV,Cabo Verde,IP.JRN.ARTC.SC,Scientific and technical journal articles,2018,8.94,,0
CPV,Cabo Verde,IP.JRN.ARTC.SC,Scientific and technical journal articles,2017,14.24,,0
CPV,Cabo Verde,IP.JRN.ARTC.SC,Scientific and technical journal articles,2016,8.78,,0
CPV,Cabo Verde,IP.JRN.ARTC.SC,Scientific and technical journal articles,2015,11.85,,0
CPV,Cabo Verde,IP.JRN.ARTC.SC,Scientific and technical journal articles,2014,8.77,,0
CPV,Cabo Verde,IP.JRN.ARTC.SC,Scientific and technical journal articles,2013,7.6,,0
CPV,Cabo Verde,IP.JRN.ARTC.SC,Scientific and technical journal articles,2012,3.88,,0
CPV,Cabo Verde,IP.JRN.ARTC.SC,Scientific and technical journal articles,2011,2.7,,0
CPV,Cabo Verde,IP.JRN.ARTC.SC,Scientific and technical journal articles,2010,3.05,,0
CPV,Cabo Verde,IP.JRN.ARTC.SC,Scientific and technical journal articles,2009,5.04,,0
CPV,Cabo Verde,IP.JRN.ARTC.SC,Scientific and technical journal articles,2008,2.47,,0
CPV,Cabo Verde,IP.JRN.ARTC.SC,Scientific and technical journal articles,2007,3.67,,0
CPV,Cabo Verde,IP.JRN.ARTC.SC,Scientific and technical journal articles,2006,4.14,,0
CPV,Cabo Verde,IP.JRN.ARTC.SC,Scientific and technical journal articles,2005,0.37,,0
CPV,Cabo Verde,IP.JRN.ARTC.SC,Scientific and technical journal articles,2004,0.75,,0
CPV,Cabo Verde,IP.JRN.ARTC.SC,Scientific and technical journal articles,2003,1.39,,0
CPV,Cabo Verde,IP.JRN.ARTC.SC,Scientific and technical journal articles,2002,0.17,,0
CPV,Cabo Verde,IP.JRN.ARTC.SC,Scientific and technical journal articles,2001,0.67,,0
CPV,Cabo Verde,IP.JRN.ARTC.SC,Scientific and technical journal articles,2000,0.25,,0
CPV,Cabo Verde,IP.JRN.ARTC.SC,Scientific and technical journal articles,1999,1.48,,0
CPV,Cabo Verde,IP.JRN.ARTC.SC,Scientific and technical journal articles,1998,0.2,,0
CPV,Cabo Verde,IP.JRN.ARTC.SC,Scientific and technical journal articles,1997,0.5,,0
CPV,Cabo Verde,IP.JRN.ARTC.SC,Scientific and technical journal articles,1996,0.53,,0
KHM,Cambodia,IP.JRN.ARTC.SC,Scientific and technical journal articles,2022,203.2,,0
KHM,Cambodia,IP.JRN.ARTC.SC,Scientific and technical journal articles,2021,171.26,,0
KHM,Cambodia,IP.JRN.ARTC.SC,Scientific and technical journal articles,2020,163.05,,0
KHM,Cambodia,IP.JRN.ARTC.SC,Scientific and technical journal articles,2019,145.71,,0
KHM,Cambodia,IP.JRN.ARTC.SC,Scientific and technical journal articles,2018,147.68,,0
KHM,Cambodia,IP.JRN.ARTC.SC,Scientific and technical journal articles,2017,125.22,,0
KHM,Cambodia,IP.JRN.ARTC.SC,Scientific and technical journal articles,2016,125.21,,0
KHM,Cambodia,IP.JRN.ARTC.SC,Scientific and technical journal articles,2015,111.49,,0
KHM,Cambodia,IP.JRN.ARTC.SC,Scientific and technical journal articles,2014,93.44,,0
KHM,Cambodia,IP.JRN.ARTC.SC,Scientific and technical journal articles,2013,85.39,,0
KHM,Cambodia,IP.JRN.ARTC.SC,Scientific and technical journal articles,2012,77.26,,0
KHM,Cambodia,IP.JRN.ARTC.SC,Scientific and technical journal articles,2011,71.36,,0
KHM,Cambodia,IP.JRN.ARTC.SC,Scientific and technical journal articles,2010,55.85,,0
KHM,Cambodia,IP.JRN.ARTC.SC,Scientific and technical journal articles,2009,65.22,,0
KHM,Cambodia,IP.JRN.ARTC.SC,Scientific and technical journal articles,2008,51.44,,0
KHM,Cambodia,IP.JRN.ARTC.SC,Scientific and technical journal articles,2007,51.81,,0
KHM,Cambodia,IP.JRN.ARTC.SC,Scientific and technical journal articles,2006,44.33,,0
KHM,Cambodia,IP.JRN.ARTC.SC,Scientific and technical journal articles,2005,35.52,,0
KHM,Cambodia,IP.JRN.ARTC.SC,Scientific and technical journal articles,2004,36.55,,0
KHM,Cambodia,IP.JRN.ARTC.SC,Scientific and technical journal articles,2003,23.91,,0
KHM,Cambodia,IP.JRN.ARTC.SC,Scientific and technical journal articles,2002,24.24,,0
KHM,Cambodia,IP.JRN.ARTC.SC,Scientific and technical journal articles,2001,13.24,,0
KHM,Cambodia,IP.JRN.ARTC.SC,Scientific and technical journal articles,2000,12.15,,0
KHM,Cambodia,IP.JRN.ARTC.SC,Scientific and technical journal articles,1999,10.18,,0
KHM,Cambodia,IP.JRN.ARTC.SC,Scientific and technical journal articles,1998,8.79,,0
KHM,Cambodia,IP.JRN.ARTC.SC,Scientific and technical journal articles,1997,6.79,,0
KHM,Cambodia,IP.JRN.ARTC.SC,Scientific and technical journal articles,1996,4.94,,0
CMR,Cameroon,IP.JRN.ARTC.SC,Scientific and technical journal articles,2022,1506.03,,0
CMR,Cameroon,IP.JRN.ARTC.SC,Scientific and technical journal articles,2021,1338.46,,0
CMR,Cameroon,IP.JRN.ARTC.SC,Scientific and technical journal articles,2020,1108.11,,0
CMR,Cameroon,IP.JRN.ARTC.SC,Scientific and technical journal articles,2019,933.48,,0
CMR,Cameroon,IP.JRN.ARTC.SC,Scientific and technical journal articles,2018,873.26,,0
CMR,Cameroon,IP.JRN.ARTC.SC,Scientific and technical journal articles,2017,795.89,,0
CMR,Cameroon,IP.JRN.ARTC.SC,Scientific and technical journal articles,2016,673.48,,0
CMR,Cameroon,IP.JRN.ARTC.SC,Scientific and technical journal articles,2015,596.57,,0
CMR,Cameroon,IP.JRN.ARTC.SC,Scientific and technical journal articles,2014,565.1,,0
CMR,Cameroon,IP.JRN.ARTC.SC,Scientific and technical journal articles,2013,468.51,,0
CMR,Cameroon,IP.JRN.ARTC.SC,Scientific and technical journal articles,2012,408.48,,0
CMR,Cameroon,IP.JRN.ARTC.SC,Scientific and technical journal articles,2011,402.04,,0
CMR,Cameroon,IP.JRN.ARTC.SC,Scientific and technical journal articles,2010,355.08,,0
CMR,Cameroon,IP.JRN.ARTC.SC,Scientific and technical journal articles,2009,344.09,,0
CMR,Cameroon,IP.JRN.ARTC.SC,Scientific and technical journal articles,2008,318.54,,0
CMR,Cameroon,IP.JRN.ARTC.SC,Scientific and technical journal articles,2007,301.64,,0
CMR,Cameroon,IP.JRN.ARTC.SC,Scientific and technical journal articles,2006,316.33,,0
CMR,Cameroon,IP.JRN.ARTC.SC,Scientific and technical journal articles,2005,283.86,,0
CMR,Cameroon,IP.JRN.ARTC.SC,Scientific and technical journal articles,2004,212.83,,0
CMR,Cameroon,IP.JRN.ARTC.SC,Scientific and technical journal articles,2003,212.67,,0
CMR,Cameroon,IP.JRN.ARTC.SC,Scientific and technical journal articles,2002,191.66,,0
CMR,Cameroon,IP.JRN.ARTC.SC,Scientific and technical journal articles,2001,152.21,,0
CMR,Cameroon,IP.JRN.ARTC.SC,Scientific and technical journal articles,2000,118.07,,0
CMR,Cameroon,IP.JRN.ARTC.SC,Scientific and technical journal articles,1999,122.21,,0
CMR,Cameroon,IP.JRN.ARTC.SC,Scientific and technical journal articles,1998,129.96,,0
CMR,Cameroon,IP.JRN.ARTC.SC,Scientific and technical journal articles,1997,130.21,,0
CMR,Cameroon,IP.JRN.ARTC.SC,Scientific and technical journal articles,1996,117.49,,0
CAN,Canada,IP.JRN.ARTC.SC,Scientific and technical journal articles,2022,69051.87,,0
CAN,Canada,IP.JRN.ARTC.SC,Scientific and technical journal articles,2021,69684.17,,0
CAN,Canada,IP.JRN.ARTC.SC,Scientific and technical journal articles,2020,65331.55,,0
CAN,Canada,IP.JRN.ARTC.SC,Scientific and technical journal articles,2019,64546.67,,0
CAN,Canada,IP.JRN.ARTC.SC,Scientific and technical journal articles,2018,63648.46,,0
CAN,Canada,IP.JRN.ARTC.SC,Scientific and technical journal articles,2017,61601.66,,0
CAN,Canada,IP.JRN.ARTC.SC,Scientific and technical journal articles,2016,61324.12,,0
CAN,Canada,IP.JRN.ARTC.SC,Scientific and technical journal articles,2015,61391.62,,0
CAN,Canada,IP.JRN.ARTC.SC,Scientific and technical journal articles,2014,60858.96,,0
CAN,Canada,IP.JRN.ARTC.SC,Scientific and technical journal articles,2013,60074.83,,0
CAN,Canada,IP.JRN.ARTC.SC,Scientific and technical journal articles,2012,59761.57,,0
CAN,Canada,IP.JRN.ARTC.SC,Scientific and technical journal articles,2011,57715.63,,0
CAN,Canada,IP.JRN.ARTC.SC,Scientific and technical journal articles,2010,56793.27,,0
CAN,Canada,IP.JRN.ARTC.SC,Scientific and technical journal articles,2009,55876.68,,0
CAN,Canada,IP.JRN.ARTC.SC,Scientific and technical journal articles,2008,53779.61,,0
CAN,Canada,IP.JRN.ARTC.SC,Scientific and technical journal articles,2007,51979.5,,0
CAN,Canada,IP.JRN.ARTC.SC,Scientific and technical journal articles,2006,50605.96,,0
CAN,Canada,IP.JRN.ARTC.SC,Scientific and technical journal articles,2005,47844.97,,0
CAN,Canada,IP.JRN.ARTC.SC,Scientific and technical journal articles,2004,42633.37,,0
CAN,Canada,IP.JRN.ARTC.SC,Scientific and technical journal articles,2003,38722.16,,0
CAN,Canada,IP.JRN.ARTC.SC,Scientific and technical journal articles,2002,36459.85,,0
CAN,Canada,IP.JRN.ARTC.SC,Scientific and technical journal articles,2001,33653.44,,0
CAN,Canada,IP.JRN.ARTC.SC,Scientific and technical journal articles,2000,34252.57,,0
CAN,Canada,IP.JRN.ARTC.SC,Scientific and technical journal articles,1999,32493.5,,0
CAN,Canada,IP.JRN.ARTC.SC,Scientific and technical journal articles,1998,33117.69,,0
CAN,Canada,IP.JRN.ARTC.SC,Scientific and technical journal articles,1997,34295.03,,0
CAN,Canada,IP.JRN.ARTC.SC,Scientific and technical journal articles,1996,34829.82,,0
CAF,Central African Republic,IP.JRN.ARTC.SC,Scientific and technical journal articles,2022,19.82,,0
CAF,Central African Republic,IP.JRN.ARTC.SC,Scientific and technical journal articles,2021,15.27,,0
CAF,Central African Republic,IP.JRN.ARTC.SC,Scientific and technical journal articles,2020,19.56,,0
CAF,Central African Republic,IP.JRN.ARTC.SC,Scientific and technical journal articles,2019,16.74,,0
CAF,Central African Republic,IP.JRN.ARTC.SC,Scientific and technical journal articles,2018,21.89,,0
CAF,Central African Republic,IP.JRN.ARTC.SC,Scientific and technical journal articles,2017,18.45,,0
CAF,Central African Republic,IP.JRN.ARTC.SC,Scientific and technical journal articles,2016,27.42,,0
CAF,Central African Republic,IP.JRN.ARTC.SC,Scientific and technical journal articles,2015,12.65,,0
CAF,Central African Republic,IP.JRN.ARTC.SC,Scientific and technical journal articles,2014,17.22,,0
CAF,Central African Republic,IP.JRN.ARTC.SC,Scientific and technical journal articles,2013,12.59,,0
CAF,Central African Republic,IP.JRN.ARTC.SC,Scientific and technical journal articles,2012,10.58,,0
CAF,Central African Republic,IP.JRN.ARTC.SC,Scientific and technical journal articles,2011,15.27,,0
CAF,Central African Republic,IP.JRN.ARTC.SC,Scientific and technical journal articles,2010,14.24,,0
CAF,Central African Republic,IP.JRN.ARTC.SC,Scientific and technical journal articles,2009,11.05,,0
CAF,Central African Republic,IP.JRN.ARTC.SC,Scientific and technical journal articles,2008,10.14,,0
CAF,Central African Republic,IP.JRN.ARTC.SC,Scientific and technical journal articles,2007,8.41,,0
CAF,Central African Republic,IP.JRN.ARTC.SC,Scientific and technical journal articles,2006,13.25,,0
CAF,Central African Republic,IP.JRN.ARTC.SC,Scientific and technical journal articles,2005,8.36,,0
CAF,Central African Republic,IP.JRN.ARTC.SC,Scientific and technical journal articles,2004,10.4,,0
CAF,Central African Republic,IP.JRN.ARTC.SC,Scientific and technical journal articles,2003,10.41,,0
CAF,Central African Republic,IP.JRN.ARTC.SC,Scientific and technical journal articles,2002,3.72,,0
CAF,Central African Republic,IP.JRN.ARTC.SC,Scientific and technical journal articles,2001,6.87,,0
CAF,Central African Republic,IP.JRN.ARTC.SC,Scientific and technical journal articles,2000,6.13,,0
CAF,Central African Republic,IP.JRN.ARTC.SC,Scientific and technical journal articles,1999,9.82,,0
CAF,Central African Republic,IP.JRN.ARTC.SC,Scientific and technical journal articles,1998,13.89,,0
CAF,Central African Republic,IP.JRN.ARTC.SC,Scientific and technical journal articles,1997,10.34,,0
CAF,Central African Republic,IP.JRN.ARTC.SC,Scientific and technical journal articles,1996,8.37,,0
TCD,Chad,IP.JRN.ARTC.SC,Scientific and technical journal articles,2022,28.87,,0
TCD,Chad,IP.JRN.ARTC.SC,Scientific and technical journal articles,2021,24.68,,0
TCD,Chad,IP.JRN.ARTC.SC,Scientific and technical journal articles,2020,13.56,,0
TCD,Chad,IP.JRN.ARTC.SC,Scientific and technical journal articles,2019,14.33,,0
TCD,Chad,IP.JRN.ARTC.SC,Scientific and technical journal articles,2018,16.89,,0
TCD,Chad,IP.JRN.ARTC.SC,Scientific and technical journal articles,2017,15.12,,0
TCD,Chad,IP.JRN.ARTC.SC,Scientific and technical journal articles,2016,10.64,,0
TCD,Chad,IP.JRN.ARTC.SC,Scientific and technical journal articles,2015,9.36,,0
TCD,Chad,IP.JRN.ARTC.SC,Scientific and technical journal articles,2014,8.66,,0
TCD,Chad,IP.JRN.ARTC.SC,Scientific and technical journal articles,2013,5.01,,0
TCD,Chad,IP.JRN.ARTC.SC,Scientific and technical journal articles,2012,4.56,,0
TCD,Chad,IP.JRN.ARTC.SC,Scientific and technical journal articles,2011,7.06,,0
TCD,Chad,IP.JRN.ARTC.SC,Scientific and technical journal articles,2010,3.84,,0
TCD,Chad,IP.JRN.ARTC.SC,Scientific and technical journal articles,2009,9.3,,0
TCD,Chad,IP.JRN.ARTC.SC,Scientific and technical journal articles,2008,6.21,,0
TCD,Chad,IP.JRN.ARTC.SC,Scientific and technical journal articles,2007,4.32,,0
TCD,Chad,IP.JRN.ARTC.SC,Scientific and technical journal articles,2006,9.91,,0
TCD,Chad,IP.JRN.ARTC.SC,Scientific and technical journal articles,2005,9.04,,0
TCD,Chad,IP.JRN.ARTC.SC,Scientific and technical journal articles,2004,11.52,,0
TCD,Chad,IP.JRN.ARTC.SC,Scientific and technical journal articles,2003,4.54,,0
TCD,Chad,IP.JRN.ARTC.SC,Scientific and technical journal articles,2002,4.42,,0
TCD,Chad,IP.JRN.ARTC.SC,Scientific and technical journal articles,2001,4.51,,0
TCD,Chad,IP.JRN.ARTC.SC,Scientific and technical journal articles,2000,2.79,,0
TCD,Chad,IP.JRN.ARTC.SC,Scientific and technical journal articles,1999,3.58,,0
TCD,Chad,IP.JRN.ARTC.SC,Scientific and technical journal articles,1998,1.5,,0
TCD,Chad,IP.JRN.ARTC.SC,Scientific and technical journal articles,1997,3.25,,0
TCD,Chad,IP.JRN.ARTC.SC,Scientific and technical journal articles,1996,1.01,,0
CHL,Chile,IP.JRN.ARTC.SC,Scientific and technical journal articles,2022,9057.77,,0
CHL,Chile,IP.JRN.ARTC.SC,Scientific and technical journal articles,2021,9990.88,,0
CHL,Chile,IP.JRN.ARTC.SC,Scientific and technical journal articles,2020,9032.26,,0
CHL,Chile,IP.JRN.ARTC.SC,Scientific and technical journal articles,2019,8012.18,,0
CHL,Chile,IP.JRN.ARTC.SC,Scientific and technical journal articles,2018,7572.42,,0
CHL,Chile,IP.JRN.ARTC.SC,Scientific and technical journal articles,2017,6921.66,,0
CHL,Chile,IP.JRN.ARTC.SC,Scientific and technical journal articles,2016,6774.99,,0
CHL,Chile,IP.JRN.ARTC.SC,Scientific and technical journal articles,2015,6161.44,,0
CHL,Chile,IP.JRN.ARTC.SC,Scientific and technical journal articles,2014,5871.42,,0
CHL,Chile,IP.JRN.ARTC.SC,Scientific and technical journal articles,2013,5099.24,,0
CHL,Chile,IP.JRN.ARTC.SC,Scientific and technical journal articles,2012,5059.05,,0
CHL,Chile,IP.JRN.ARTC.SC,Scientific and technical journal articles,2011,4534.62,,0
CHL,Chile,IP.JRN.ARTC.SC,Scientific and technical journal articles,2010,4235.52,,0
CHL,Chile,IP.JRN.ARTC.SC,Scientific and technical journal articles,2009,3981.25,,0
CHL,Chile,IP.JRN.ARTC.SC,Scientific and technical journal articles,2008,3759.34,,0
CHL,Chile,IP.JRN.ARTC.SC,Scientific and technical journal articles,2007,3293.8,,0
CHL,Chile,IP.JRN.ARTC.SC,Scientific and technical journal articles,2006,3132.37,,0
CHL,Chile,IP.JRN.ARTC.SC,Scientific and technical journal articles,2005,2533.92,,0
CHL,Chile,IP.JRN.ARTC.SC,Scientific and technical journal articles,2004,2248.21,,0
CHL,Chile,IP.JRN.ARTC.SC,Scientific and technical journal articles,2003,2100.02,,0
CHL,Chile,IP.JRN.ARTC.SC,Scientific and technical journal articles,2002,2060.22,,0
CHL,Chile,IP.JRN.ARTC.SC,Scientific and technical journal articles,2001,1646.31,,0
CHL,Chile,IP.JRN.ARTC.SC,Scientific and technical journal articles,2000,1552.28,,0
CHL,Chile,IP.JRN.ARTC.SC,Scientific and technical journal articles,1999,1498.84,,0
CHL,Chile,IP.JRN.ARTC.SC,Scientific and technical journal articles,1998,1366.28,,0
CHL,Chile,IP.JRN.ARTC.SC,Scientific and technical journal articles,1997,1422.85,,0
CHL,Chile,IP.JRN.ARTC.SC,Scientific and technical journal articles,1996,1293.65,,0
CHN,China,IP.JRN.ARTC.SC,Scientific and technical journal articles,2022,898949.09,,0
CHN,China,IP.JRN.ARTC.SC,Scientific and technical journal articles,2021,766200.41,,0
CHN,China,IP.JRN.ARTC.SC,Scientific and technical journal articles,2020,672734.7,,0
CHN,China,IP.JRN.ARTC.SC,Scientific and technical journal articles,2019,617494.48,,0
CHN,China,IP.JRN.ARTC.SC,Scientific and technical journal articles,2018,532295.26,,0
CHN,China,IP.JRN.ARTC.SC,Scientific and technical journal articles,2017,468712.74,,0
CHN,China,IP.JRN.ARTC.SC,Scientific and technical journal articles,2016,436613.57,,0
CHN,China,IP.JRN.ARTC.SC,Scientific and technical journal articles,2015,406733.9,,0
CHN,China,IP.JRN.ARTC.SC,Scientific and technical journal articles,2014,385100.77,,0
CHN,China,IP.JRN.ARTC.SC,Scientific and technical journal articles,2013,355650.59,,0
CHN,China,IP.JRN.ARTC.SC,Scientific and technical journal articles,2012,329067.39,,0
CHN,China,IP.JRN.ARTC.SC,Scientific and technical journal articles,2011,323331.81,,0
CHN,China,IP.JRN.ARTC.SC,Scientific and technical journal articles,2010,309193.41,,0
CHN,China,IP.JRN.ARTC.SC,Scientific and technical journal articles,2009,285755.68,,0
CHN,China,IP.JRN.ARTC.SC,Scientific and technical journal articles,2008,248120.21,,0
CHN,China,IP.JRN.ARTC.SC,Scientific and technical journal articles,2007,213648.18,,0
CHN,China,IP.JRN.ARTC.SC,Scientific and technical journal articles,2006,192881.56,,0
CHN,China,IP.JRN.ARTC.SC,Scientific and technical journal articles,2005,165867.16,,0
CHN,China,IP.JRN.ARTC.SC,Scientific and technical journal articles,2004,121751.14,,0
CHN,China,IP.JRN.ARTC.SC,Scientific and technical journal articles,2003,88585.08,,0
CHN,China,IP.JRN.ARTC.SC,Scientific and technical journal articles,2002,75171.18,,0
CHN,China,IP.JRN.ARTC.SC,Scientific and technical journal articles,2001,70675.54,,0
CHN,China,IP.JRN.ARTC.SC,Scientific and technical journal articles,2000,53284.78,,0
CHN,China,IP.JRN.ARTC.SC,Scientific and technical journal articles,1999,45192.17,,0
CHN,China,IP.JRN.ARTC.SC,Scientific and technical journal articles,1998,43775.33,,0
CHN,China,IP.JRN.ARTC.SC,Scientific and technical journal articles,1997,37424.8,,0
CHN,China,IP.JRN.ARTC.SC,Scientific and technical journal articles,1996,33621.11,,0
COL,Colombia,IP.JRN.ARTC.SC,Scientific and technical journal articles,2022,9683.4,,0
COL,Colombia,IP.JRN.ARTC.SC,Scientific and technical journal articles,2021,10300.11,,0
COL,Colombia,IP.JRN.ARTC.SC,Scientific and technical journal articles,2020,9599.78,,0
COL,Colombia,IP.JRN.ARTC.SC,Scientific and technical journal articles,2019,8752.82,,0
COL,Colombia,IP.JRN.ARTC.SC,Scientific and technical journal articles,2018,7531.98,,0
COL,Colombia,IP.JRN.ARTC.SC,Scientific and technical journal articles,2017,6701.16,,0
COL,Colombia,IP.JRN.ARTC.SC,Scientific and technical journal articles,2016,6417.19,,0
COL,Colombia,IP.JRN.ARTC.SC,Scientific and technical journal articles,2015,5383.5,,0
COL,Colombia,IP.JRN.ARTC.SC,Scientific and technical journal articles,2014,4993.33,,0
COL,Colombia,IP.JRN.ARTC.SC,Scientific and technical journal articles,2013,4525.2,,0
COL,Colombia,IP.JRN.ARTC.SC,Scientific and technical journal articles,2012,4076.94,,0
COL,Colombia,IP.JRN.ARTC.SC,Scientific and technical journal articles,2011,3541.93,,0
COL,Colombia,IP.JRN.ARTC.SC,Scientific and technical journal articles,2010,3169.79,,0
COL,Colombia,IP.JRN.ARTC.SC,Scientific and technical journal articles,2009,2705.91,,0
COL,Colombia,IP.JRN.ARTC.SC,Scientific and technical journal articles,2008,2357.93,,0
COL,Colombia,IP.JRN.ARTC.SC,Scientific and technical journal articles,2007,1562.09,,0
COL,Colombia,IP.JRN.ARTC.SC,Scientific and technical journal articles,2006,1449.56,,0
COL,Colombia,IP.JRN.ARTC.SC,Scientific and technical journal articles,2005,988.47,,0
COL,Colombia,IP.JRN.ARTC.SC,Scientific and technical journal articles,2004,858.09,,0
COL,Colombia,IP.JRN.ARTC.SC,Scientific and technical journal articles,2003,713.03,,0
COL,Colombia,IP.JRN.ARTC.SC,Scientific and technical journal articles,2002,680.85,,0
COL,Colombia,IP.JRN.ARTC.SC,Scientific and technical journal articles,2001,533.64,,0
COL,Colombia,IP.JRN.ARTC.SC,Scientific and technical journal articles,2000,535.48,,0
COL,Colombia,IP.JRN.ARTC.SC,Scientific and technical journal articles,1999,463.17,,0
COL,Colombia,IP.JRN.ARTC.SC,Scientific and technical journal articles,1998,394.84,,0
COL,Colombia,IP.JRN.ARTC.SC,Scientific and technical journal articles,1997,406.22,,0
COL,Colombia,IP.JRN.ARTC.SC,Scientific and technical journal articles,1996,362.45,,0
COM,Comoros,IP.JRN.ARTC.SC,Scientific and technical journal articles,2022,3.74,,0
COM,Comoros,IP.JRN.ARTC.SC,Scientific and technical journal articles,2021,4.82,,0
COM,Comoros,IP.JRN.ARTC.SC,Scientific and technical journal articles,2020,3.51,,0
COM,Comoros,IP.JRN.ARTC.SC,Scientific and technical journal articles,2019,3.79,,0
COM,Comoros,IP.JRN.ARTC.SC,Scientific and technical journal articles,2018,3.07,,0
COM,Comoros,IP.JRN.ARTC.SC,Scientific and technical journal articles,2017,3.89,,0
COM,Comoros,IP.JRN.ARTC.SC,Scientific and technical journal articles,2016,4.84,,0
COM,Comoros,IP.JRN.ARTC.SC,Scientific and technical journal articles,2015,1.74,,0
COM,Comoros,IP.JRN.ARTC.SC,Scientific and technical journal articles,2014,1.51,,0
COM,Comoros,IP.JRN.ARTC.SC,Scientific and technical journal articles,2013,8.93,,0
COM,Comoros,IP.JRN.ARTC.SC,Scientific and technical journal articles,2012,1.2,,0
COM,Comoros,IP.JRN.ARTC.SC,Scientific and technical journal articles,2011,3.95,,0
COM,Comoros,IP.JRN.ARTC.SC,Scientific and technical journal articles,2010,2.15,,0
COM,Comoros,IP.JRN.ARTC.SC,Scientific and technical journal articles,2009,0.76,,0
COM,Comoros,IP.JRN.ARTC.SC,Scientific and technical journal articles,2008,0.74,,0
COM,Comoros,IP.JRN.ARTC.SC,Scientific and technical journal articles,2007,3.59,,0
COM,Comoros,IP.JRN.ARTC.SC,Scientific and technical journal articles,2006,1.17,,0
COM,Comoros,IP.JRN.ARTC.SC,Scientific and technical journal articles,2005,2.4,,0
COM,Comoros,IP.JRN.ARTC.SC,Scientific and technical journal articles,2004,1.17,,0
COM,Comoros,IP.JRN.ARTC.SC,Scientific and technical journal articles,2003,0.33,,0
COM,Comoros,IP.JRN.ARTC.SC,Scientific and technical journal articles,2002,0.2,,0
COM,Comoros,IP.JRN.ARTC.SC,Scientific and technical journal articles,2001,0.2,,0
COM,Comoros,IP.JRN.ARTC.SC,Scientific and technical journal articles,2000,0.98,,0
COM,Comoros,IP.JRN.ARTC.SC,Scientific and technical journal articles,1999,1.25,,0
COM,Comoros,IP.JRN.ARTC.SC,Scientific and technical journal articles,1998,0.13,,0
COM,Comoros,IP.JRN.ARTC.SC,Scientific and technical journal articles,1997,1.29,,0
COM,Comoros,IP.JRN.ARTC.SC,Scientific and technical journal articles,1996,0.9,,0
COD,"Congo, Dem. Rep.",IP.JRN.ARTC.SC,Scientific and technical journal articles,2022,237.5,,0
COD,"Congo, Dem. Rep.",IP.JRN.ARTC.SC,Scientific and technical journal articles,2021,213.24,,0
COD,"Congo, Dem. Rep.",IP.JRN.ARTC.SC,Scientific and technical journal articles,2020,175.79,,0
COD,"Congo, Dem. Rep.",IP.JRN.ARTC.SC,Scientific and technical journal articles,2019,138.67,,0
COD,"Congo, Dem. Rep.",IP.JRN.ARTC.SC,Scientific and technical journal articles,2018,141.87,,0
COD,"Congo, Dem. Rep.",IP.JRN.ARTC.SC,Scientific and technical journal articles,2017,123.04,,0
COD,"Congo, Dem. Rep.",IP.JRN.ARTC.SC,Scientific and technical journal articles,2016,97.2,,0
COD,"Congo, Dem. Rep.",IP.JRN.ARTC.SC,Scientific and technical journal articles,2015,98.77,,0
COD,"Congo, Dem. Rep.",IP.JRN.ARTC.SC,Scientific and technical journal articles,2014,86.12,,0
COD,"Congo, Dem. Rep.",IP.JRN.ARTC.SC,Scientific and technical journal articles,2013,67.57,,0
COD,"Congo, Dem. Rep.",IP.JRN.ARTC.SC,Scientific and technical journal articles,2012,70.06,,0
COD,"Congo, Dem. Rep.",IP.JRN.ARTC.SC,Scientific and technical journal articles,2011,45.72,,0
COD,"Congo, Dem. Rep.",IP.JRN.ARTC.SC,Scientific and technical journal articles,2010,52.94,,0
COD,"Congo, Dem. Rep.",IP.JRN.ARTC.SC,Scientific and technical journal articles,2009,44.55,,0
COD,"Congo, Dem. Rep.",IP.JRN.ARTC.SC,Scientific and technical journal articles,2008,39.97,,0
COD,"Congo, Dem. Rep.",IP.JRN.ARTC.SC,Scientific and technical journal articles,2007,31.47,,0
COD,"Congo, Dem. Rep.",IP.JRN.ARTC.SC,Scientific and technical journal articles,2006,24.58,,0
COD,"Congo, Dem. Rep.",IP.JRN.ARTC.SC,Scientific and technical journal articles,2005,22.85,,0
COD,"Congo, Dem. Rep.",IP.JRN.ARTC.SC,Scientific and technical journal articles,2004,13.8,,0
COD,"Congo, Dem. Rep.",IP.JRN.ARTC.SC,Scientific and technical journal articles,2003,15.24,,0
COD,"Congo, Dem. Rep.",IP.JRN.ARTC.SC,Scientific and technical journal articles,2002,11.52,,0
COD,"Congo, Dem. Rep.",IP.JRN.ARTC.SC,Scientific and technical journal articles,2001,9.05,,0
COD,"Congo, Dem. Rep.",IP.JRN.ARTC.SC,Scientific and technical journal articles,2000,15.01,,0
COD,"Congo, Dem. Rep.",IP.JRN.ARTC.SC,Scientific and technical journal articles,1999,16.27,,0
COD,"Congo, Dem. Rep.",IP.JRN.ARTC.SC,Scientific and technical journal articles,1998,18.03,,0
COD,"Congo, Dem. Rep.",IP.JRN.ARTC.SC,Scientific and technical journal articles,1997,19.8,,0
COD,"Congo, Dem. Rep.",IP.JRN.ARTC.SC,Scientific and technical journal articles,1996,14.55,,0
COG,"Congo, Rep.",IP.JRN.ARTC.SC,Scientific and technical journal articles,2022,90.39,,0
COG,"Congo, Rep.",IP.JRN.ARTC.SC,Scientific and technical journal articles,2021,88.68,,0
COG,"Congo, Rep.",IP.JRN.ARTC.SC,Scientific and technical journal articles,2020,75.72,,0
COG,"Congo, Rep.",IP.JRN.ARTC.SC,Scientific and technical journal articles,2019,76.77,,0
COG,"Congo, Rep.",IP.JRN.ARTC.SC,Scientific and technical journal articles,2018,62.22,,0
COG,"Congo, Rep.",IP.JRN.ARTC.SC,Scientific and technical journal articles,2017,66.74,,0
COG,"Congo, Rep.",IP.JRN.ARTC.SC,Scientific and technical journal articles,2016,76.62,,0
COG,"Congo, Rep.",IP.JRN.ARTC.SC,Scientific and technical journal articles,2015,78.11,,0
COG,"Congo, Rep.",IP.JRN.ARTC.SC,Scientific and technical journal articles,2014,70.56,,0
COG,"Congo, Rep.",IP.JRN.ARTC.SC,Scientific and technical journal articles,2013,51.36,,0
COG,"Congo, Rep.",IP.JRN.ARTC.SC,Scientific and technical journal articles,2012,54.44,,0
COG,"Congo, Rep.",IP.JRN.ARTC.SC,Scientific and technical journal articles,2011,46.01,,0
COG,"Congo, Rep.",IP.JRN.ARTC.SC,Scientific and technical journal articles,2010,41.36,,0
COG,"Congo, Rep.",IP.JRN.ARTC.SC,Scientific and technical journal articles,2009,40.4,,0
COG,"Congo, Rep.",IP.JRN.ARTC.SC,Scientific and technical journal articles,2008,48.67,,0
COG,"Congo, Rep.",IP.JRN.ARTC.SC,Scientific and technical journal articles,2007,46.38,,0
COG,"Congo, Rep.",IP.JRN.ARTC.SC,Scientific and technical journal articles,2006,46.19,,0
COG,"Congo, Rep.",IP.JRN.ARTC.SC,Scientific and technical journal articles,2005,45.62,,0
COG,"Congo, Rep.",IP.JRN.ARTC.SC,Scientific and technical journal articles,2004,41.04,,0
COG,"Congo, Rep.",IP.JRN.ARTC.SC,Scientific and technical journal articles,2003,34.59,,0
COG,"Congo, Rep.",IP.JRN.ARTC.SC,Scientific and technical journal articles,2002,23.93,,0
COG,"Congo, Rep.",IP.JRN.ARTC.SC,Scientific and technical journal articles,2001,15.8,,0
COG,"Congo, Rep.",IP.JRN.ARTC.SC,Scientific and technical journal articles,2000,17.35,,0
COG,"Congo, Rep.",IP.JRN.ARTC.SC,Scientific and technical journal articles,1999,23.01,,0
COG,"Congo, Rep.",IP.JRN.ARTC.SC,Scientific and technical journal articles,1998,20.67,,0
COG,"Congo, Rep.",IP.JRN.ARTC.SC,Scientific and technical journal articles,1997,11.29,,0
COG,"Congo, Rep.",IP.JRN.ARTC.SC,Scientific and technical journal articles,1996,24.29,,0
CRI,Costa Rica,IP.JRN.ARTC.SC,Scientific and technical journal articles,2022,711.36,,0
CRI,Costa Rica,IP.JRN.ARTC.SC,Scientific and technical journal articles,2021,753.03,,0
CRI,Costa Rica,IP.JRN.ARTC.SC,Scientific and technical journal articles,2020,702.29,,0
CRI,Costa Rica,IP.JRN.ARTC.SC,Scientific and technical journal articles,2019,631.94,,0
CRI,Costa Rica,IP.JRN.ARTC.SC,Scientific and technical journal articles,2018,542.38,,0
CRI,Costa Rica,IP.JRN.ARTC.SC,Scientific and technical journal articles,2017,483.69,,0
CRI,Costa Rica,IP.JRN.ARTC.SC,Scientific and technical journal articles,2016,425.5,,0
CRI,Costa Rica,IP.JRN.ARTC.SC,Scientific and technical journal articles,2015,363.09,,0
CRI,Costa Rica,IP.JRN.ARTC.SC,Scientific and technical journal articles,2014,365.39,,0
CRI,Costa Rica,IP.JRN.ARTC.SC,Scientific and technical journal articles,2013,275.45,,0
CRI,Costa Rica,IP.JRN.ARTC.SC,Scientific and technical journal articles,2012,311.7,,0
CRI,Costa Rica,IP.JRN.ARTC.SC,Scientific and technical journal articles,2011,266.45,,0
CRI,Costa Rica,IP.JRN.ARTC.SC,Scientific and technical journal articles,2010,272.47,,0
CRI,Costa Rica,IP.JRN.ARTC.SC,Scientific and technical journal articles,2009,250.87,,0
CRI,Costa Rica,IP.JRN.ARTC.SC,Scientific and technical journal articles,2008,246.75,,0
CRI,Costa Rica,IP.JRN.ARTC.SC,Scientific and technical journal articles,2007,232.82,,0
CRI,Costa Rica,IP.JRN.ARTC.SC,Scientific and technical journal articles,2006,226.8,,0
CRI,Costa Rica,IP.JRN.ARTC.SC,Scientific and technical journal articles,2005,219.47,,0
CRI,Costa Rica,IP.JRN.ARTC.SC,Scientific and technical journal articles,2004,219.26,,0
CRI,Costa Rica,IP.JRN.ARTC.SC,Scientific and technical journal articles,2003,154.49,,0
CRI,Costa Rica,IP.JRN.ARTC.SC,Scientific and technical journal articles,2002,162.07,,0
CRI,Costa Rica,IP.JRN.ARTC.SC,Scientific and technical journal articles,2001,169.1,,0
CRI,Costa Rica,IP.JRN.ARTC.SC,Scientific and technical journal articles,2000,121.83,,0
CRI,Costa Rica,IP.JRN.ARTC.SC,Scientific and technical journal articles,1999,127.05,,0
CRI,Costa Rica,IP.JRN.ARTC.SC,Scientific and technical journal articles,1998,157.79,,0
CRI,Costa Rica,IP.JRN.ARTC.SC,Scientific and technical journal articles,1997,166.95,,0
CRI,Costa Rica,IP.JRN.ARTC.SC,Scientific and technical journal articles,1996,158.45,,0
CIV,Cote d'Ivoire,IP.JRN.ARTC.SC,Scientific and technical journal articles,2022,297.65,,0
CIV,Cote d'Ivoire,IP.JRN.ARTC.SC,Scientific and technical journal articles,2021,334.45,,0
CIV,Cote d'Ivoire,IP.JRN.ARTC.SC,Scientific and technical journal articles,2020,249.23,,0
CIV,Cote d'Ivoire,IP.JRN.ARTC.SC,Scientific and technical journal articles,2019,241.19,,0
CIV,Cote d'Ivoire,IP.JRN.ARTC.SC,Scientific and technical journal articles,2018,248.35,,0
CIV,Cote d'Ivoire,IP.JRN.ARTC.SC,Scientific and technical journal articles,2017,205.54,,0
CIV,Cote d'Ivoire,IP.JRN.ARTC.SC,Scientific and technical journal articles,2016,174.13,,0
CIV,Cote d'Ivoire,IP.JRN.ARTC.SC,Scientific and technical journal articles,2015,177.4,,0
CIV,Cote d'Ivoire,IP.JRN.ARTC.SC,Scientific and technical journal articles,2014,181.43,,0
CIV,Cote d'Ivoire,IP.JRN.ARTC.SC,Scientific and technical journal articles,2013,157.68,,0
CIV,Cote d'Ivoire,IP.JRN.ARTC.SC,Scientific and technical journal articles,2012,185.59,,0
CIV,Cote d'Ivoire,IP.JRN.ARTC.SC,Scientific and technical journal articles,2011,180.31,,0
CIV,Cote d'Ivoire,IP.JRN.ARTC.SC,Scientific and technical journal articles,2010,155.06,,0
CIV,Cote d'Ivoire,IP.JRN.ARTC.SC,Scientific and technical journal articles,2009,150,,0
CIV,Cote d'Ivoire,IP.JRN.ARTC.SC,Scientific and technical journal articles,2008,165.66,,0
CIV,Cote d'Ivoire,IP.JRN.ARTC.SC,Scientific and technical journal articles,2007,119.18,,0
CIV,Cote d'Ivoire,IP.JRN.ARTC.SC,Scientific and technical journal articles,2006,100.1,,0
CIV,Cote d'Ivoire,IP.JRN.ARTC.SC,Scientific and technical journal articles,2005,102.07,,0
CIV,Cote d'Ivoire,IP.JRN.ARTC.SC,Scientific and technical journal articles,2004,107.13,,0
CIV,Cote d'Ivoire,IP.JRN.ARTC.SC,Scientific and technical journal articles,2003,99.37,,0
CIV,Cote d'Ivoire,IP.JRN.ARTC.SC,Scientific and technical journal articles,2002,78.97,,0
CIV,Cote d'Ivoire,IP.JRN.ARTC.SC,Scientific and technical journal articles,2001,81.14,,0
CIV,Cote d'Ivoire,IP.JRN.ARTC.SC,Scientific and technical journal articles,2000,75.76,,0
CIV,Cote d'Ivoire,IP.JRN.ARTC.SC,Scientific and technical journal articles,1999,108.1,,0
CIV,Cote d'Ivoire,IP.JRN.ARTC.SC,Scientific and technical journal articles,1998,99.19,,0
CIV,Cote d'Ivoire,IP.JRN.ARTC.SC,Scientific and technical journal articles,1997,114.9,,0
CIV,Cote d'Ivoire,IP.JRN.ARTC.SC,Scientific and technical journal articles,1996,79.05,,0
HRV,Croatia,IP.JRN.ARTC.SC,Scientific and technical journal articles,2022,5711.14,,0
HRV,Croatia,IP.JRN.ARTC.SC,Scientific and technical journal articles,2021,5782.73,,0
HRV,Croatia,IP.JRN.ARTC.SC,Scientific and technical journal articles,2020,5066.8,,0
HRV,Croatia,IP.JRN.ARTC.SC,Scientific and technical journal articles,2019,4751.25,,0
HRV,Croatia,IP.JRN.ARTC.SC,Scientific and technical journal articles,2018,4721.48,,0
HRV,Croatia,IP.JRN.ARTC.SC,Scientific and technical journal articles,2017,4433.35,,0
HRV,Croatia,IP.JRN.ARTC.SC,Scientific and technical journal articles,2016,4068.08,,0
HRV,Croatia,IP.JRN.ARTC.SC,Scientific and technical journal articles,2015,4115.56,,0
HRV,Croatia,IP.JRN.ARTC.SC,Scientific and technical journal articles,2014,4062.94,,0
HRV,Croatia,IP.JRN.ARTC.SC,Scientific and technical journal articles,2013,4241.78,,0
HRV,Croatia,IP.JRN.ARTC.SC,Scientific and technical journal articles,2012,4442.57,,0
HRV,Croatia,IP.JRN.ARTC.SC,Scientific and technical journal articles,2011,4522.9,,0
HRV,Croatia,IP.JRN.ARTC.SC,Scientific and technical journal articles,2010,3971.29,,0
HRV,Croatia,IP.JRN.ARTC.SC,Scientific and technical journal articles,2009,4128.56,,0
HRV,Croatia,IP.JRN.ARTC.SC,Scientific and technical journal articles,2008,3738.88,,0
HRV,Croatia,IP.JRN.ARTC.SC,Scientific and technical journal articles,2007,3505.63,,0
HRV,Croatia,IP.JRN.ARTC.SC,Scientific and technical journal articles,2006,3016.93,,0
HRV,Croatia,IP.JRN.ARTC.SC,Scientific and technical journal articles,2005,3024.3,,0
HRV,Croatia,IP.JRN.ARTC.SC,Scientific and technical journal articles,2004,2511.21,,0
HRV,Croatia,IP.JRN.ARTC.SC,Scientific and technical journal articles,2003,2375.59,,0
HRV,Croatia,IP.JRN.ARTC.SC,Scientific and technical journal articles,2002,2124.29,,0
HRV,Croatia,IP.JRN.ARTC.SC,Scientific and technical journal articles,2001,1878.8,,0
HRV,Croatia,IP.JRN.ARTC.SC,Scientific and technical journal articles,2000,1828.44,,0
HRV,Croatia,IP.JRN.ARTC.SC,Scientific and technical journal articles,1999,1547.68,,0
HRV,Croatia,IP.JRN.ARTC.SC,Scientific and technical journal articles,1998,1495.5,,0
HRV,Croatia,IP.JRN.ARTC.SC,Scientific and technical journal articles,1997,1403.3,,0
HRV,Croatia,IP.JRN.ARTC.SC,Scientific and technical journal articles,1996,1469.22,,0
CUB,Cuba,IP.JRN.ARTC.SC,Scientific and technical journal articles,2022,1237.5,,0
CUB,Cuba,IP.JRN.ARTC.SC,Scientific and technical journal articles,2021,1532.31,,0
CUB,Cuba,IP.JRN.ARTC.SC,Scientific and technical journal articles,2020,1366.16,,0
CUB,Cuba,IP.JRN.ARTC.SC,Scientific and technical journal articles,2019,1115.94,,0
CUB,Cuba,IP.JRN.ARTC.SC,Scientific and technical journal articles,2018,1167.92,,0
CUB,Cuba,IP.JRN.ARTC.SC,Scientific and technical journal articles,2017,1134.65,,0
CUB,Cuba,IP.JRN.ARTC.SC,Scientific and technical journal articles,2016,1158.34,,0
CUB,Cuba,IP.JRN.ARTC.SC,Scientific and technical journal articles,2015,1342.36,,0
CUB,Cuba,IP.JRN.ARTC.SC,Scientific and technical journal articles,2014,1471.66,,0
CUB,Cuba,IP.JRN.ARTC.SC,Scientific and technical journal articles,2013,1570.27,,0
CUB,Cuba,IP.JRN.ARTC.SC,Scientific and technical journal articles,2012,1526.64,,0
CUB,Cuba,IP.JRN.ARTC.SC,Scientific and technical journal articles,2011,1520.7,,0
CUB,Cuba,IP.JRN.ARTC.SC,Scientific and technical journal articles,2010,1293.77,,0
CUB,Cuba,IP.JRN.ARTC.SC,Scientific and technical journal articles,2009,1419.43,,0
CUB,Cuba,IP.JRN.ARTC.SC,Scientific and technical journal articles,2008,1163.54,,0
CUB,Cuba,IP.JRN.ARTC.SC,Scientific and technical journal articles,2007,1096.51,,0
CUB,Cuba,IP.JRN.ARTC.SC,Scientific and technical journal articles,2006,1224.99,,0
CUB,Cuba,IP.JRN.ARTC.SC,Scientific and technical journal articles,2005,967.02,,0
CUB,Cuba,IP.JRN.ARTC.SC,Scientific and technical journal articles,2004,789.67,,0
CUB,Cuba,IP.JRN.ARTC.SC,Scientific and technical journal articles,2003,793.22,,0
CUB,Cuba,IP.JRN.ARTC.SC,Scientific and technical journal articles,2002,953.97,,0
CUB,Cuba,IP.JRN.ARTC.SC,Scientific and technical journal articles,2001,1003.81,,0
CUB,Cuba,IP.JRN.ARTC.SC,Scientific and technical journal articles,2000,956.5,,0
CUB,Cuba,IP.JRN.ARTC.SC,Scientific and technical journal articles,1999,949.4,,0
CUB,Cuba,IP.JRN.ARTC.SC,Scientific and technical journal articles,1998,888.57,,0
CUB,Cuba,IP.JRN.ARTC.SC,Scientific and technical journal articles,1997,698.71,,0
CUB,Cuba,IP.JRN.ARTC.SC,Scientific and technical journal articles,1996,576.43,,0
CYP,Cyprus,IP.JRN.ARTC.SC,Scientific and technical journal articles,2022,1866.52,,0
CYP,Cyprus,IP.JRN.ARTC.SC,Scientific and technical journal articles,2021,1733.92,,0
CYP,Cyprus,IP.JRN.ARTC.SC,Scientific and technical journal articles,2020,1466.69,,0
CYP,Cyprus,IP.JRN.ARTC.SC,Scientific and technical journal articles,2019,1351.09,,0
CYP,Cyprus,IP.JRN.ARTC.SC,Scientific and technical journal articles,2018,1296.14,,0
CYP,Cyprus,IP.JRN.ARTC.SC,Scientific and technical journal articles,2017,1223.71,,0
CYP,Cyprus,IP.JRN.ARTC.SC,Scientific and technical journal articles,2016,1071.31,,0
CYP,Cyprus,IP.JRN.ARTC.SC,Scientific and technical journal articles,2015,937.96,,0
CYP,Cyprus,IP.JRN.ARTC.SC,Scientific and technical journal articles,2014,914.61,,0
CYP,Cyprus,IP.JRN.ARTC.SC,Scientific and technical journal articles,2013,964.53,,0
CYP,Cyprus,IP.JRN.ARTC.SC,Scientific and technical journal articles,2012,798.85,,0
CYP,Cyprus,IP.JRN.ARTC.SC,Scientific and technical journal articles,2011,759.41,,0
CYP,Cyprus,IP.JRN.ARTC.SC,Scientific and technical journal articles,2010,712,,0
CYP,Cyprus,IP.JRN.ARTC.SC,Scientific and technical journal articles,2009,654.5,,0
CYP,Cyprus,IP.JRN.ARTC.SC,Scientific and technical journal articles,2008,508.23,,0
CYP,Cyprus,IP.JRN.ARTC.SC,Scientific and technical journal articles,2007,433.39,,0
CYP,Cyprus,IP.JRN.ARTC.SC,Scientific and technical journal articles,2006,353.72,,0
CYP,Cyprus,IP.JRN.ARTC.SC,Scientific and technical journal articles,2005,318.12,,0
CYP,Cyprus,IP.JRN.ARTC.SC,Scientific and technical journal articles,2004,256.78,,0
CYP,Cyprus,IP.JRN.ARTC.SC,Scientific and technical journal articles,2003,178.13,,0
CYP,Cyprus,IP.JRN.ARTC.SC,Scientific and technical journal articles,2002,196.94,,0
CYP,Cyprus,IP.JRN.ARTC.SC,Scientific and technical journal articles,2001,134.94,,0
CYP,Cyprus,IP.JRN.ARTC.SC,Scientific and technical journal articles,2000,158.13,,0
CYP,Cyprus,IP.JRN.ARTC.SC,Scientific and technical journal articles,1999,118.22,,0
CYP,Cyprus,IP.JRN.ARTC.SC,Scientific and technical journal articles,1998,111.63,,0
CYP,Cyprus,IP.JRN.ARTC.SC,Scientific and technical journal articles,1997,118.96,,0
CYP,Cyprus,IP.JRN.ARTC.SC,Scientific and technical journal articles,1996,94.99,,0
CZE,Czechia,IP.JRN.ARTC.SC,Scientific and technical journal articles,2022,14425.23,,0
CZE,Czechia,IP.JRN.ARTC.SC,Scientific and technical journal articles,2021,15882.75,,0
CZE,Czechia,IP.JRN.ARTC.SC,Scientific and technical journal articles,2020,15501.35,,0
CZE,Czechia,IP.JRN.ARTC.SC,Scientific and technical journal articles,2019,16546.99,,0
CZE,Czechia,IP.JRN.ARTC.SC,Scientific and technical journal articles,2018,15899.72,,0
CZE,Czechia,IP.JRN.ARTC.SC,Scientific and technical journal articles,2017,16387.57,,0
CZE,Czechia,IP.JRN.ARTC.SC,Scientific and technical journal articles,2016,16418.09,,0
CZE,Czechia,IP.JRN.ARTC.SC,Scientific and technical journal articles,2015,16488.26,,0
CZE,Czechia,IP.JRN.ARTC.SC,Scientific and technical journal articles,2014,15039.45,,0
CZE,Czechia,IP.JRN.ARTC.SC,Scientific and technical journal articles,2013,13764.71,,0
CZE,Czechia,IP.JRN.ARTC.SC,Scientific and technical journal articles,2012,13617.94,,0
CZE,Czechia,IP.JRN.ARTC.SC,Scientific and technical journal articles,2011,13384.8,,0
CZE,Czechia,IP.JRN.ARTC.SC,Scientific and technical journal articles,2010,12461.34,,0
CZE,Czechia,IP.JRN.ARTC.SC,Scientific and technical journal articles,2009,11107.58,,0
CZE,Czechia,IP.JRN.ARTC.SC,Scientific and technical journal articles,2008,10752.64,,0
CZE,Czechia,IP.JRN.ARTC.SC,Scientific and technical journal articles,2007,10022.53,,0
CZE,Czechia,IP.JRN.ARTC.SC,Scientific and technical journal articles,2006,8785.97,,0
CZE,Czechia,IP.JRN.ARTC.SC,Scientific and technical journal articles,2005,7858.01,,0
CZE,Czechia,IP.JRN.ARTC.SC,Scientific and technical journal articles,2004,6989.49,,0
CZE,Czechia,IP.JRN.ARTC.SC,Scientific and technical journal articles,2003,6396.07,,0
CZE,Czechia,IP.JRN.ARTC.SC,Scientific and technical journal articles,2002,6038.75,,0
CZE,Czechia,IP.JRN.ARTC.SC,Scientific and technical journal articles,2001,5742.18,,0
CZE,Czechia,IP.JRN.ARTC.SC,Scientific and technical journal articles,2000,5330.3,,0
CZE,Czechia,IP.JRN.ARTC.SC,Scientific and technical journal articles,1999,4929.16,,0
CZE,Czechia,IP.JRN.ARTC.SC,Scientific and technical journal articles,1998,4599.59,,0
CZE,Czechia,IP.JRN.ARTC.SC,Scientific and technical journal articles,1997,4616.99,,0
CZE,Czechia,IP.JRN.ARTC.SC,Scientific and technical journal articles,1996,4361.86,,0
DNK,Denmark,IP.JRN.ARTC.SC,Scientific and technical journal articles,2022,16126.02,,0
DNK,Denmark,IP.JRN.ARTC.SC,Scientific and technical journal articles,2021,16242.39,,0
DNK,Denmark,IP.JRN.ARTC.SC,Scientific and technical journal articles,2020,15427.2,,0
DNK,Denmark,IP.JRN.ARTC.SC,Scientific and technical journal articles,2019,15073.24,,0
DNK,Denmark,IP.JRN.ARTC.SC,Scientific and technical journal articles,2018,14802.91,,0
DNK,Denmark,IP.JRN.ARTC.SC,Scientific and technical journal articles,2017,14654.73,,0
DNK,Denmark,IP.JRN.ARTC.SC,Scientific and technical journal articles,2016,14395.75,,0
DNK,Denmark,IP.JRN.ARTC.SC,Scientific and technical journal articles,2015,14343.41,,0
DNK,Denmark,IP.JRN.ARTC.SC,Scientific and technical journal articles,2014,14140.3,,0
DNK,Denmark,IP.JRN.ARTC.SC,Scientific and technical journal articles,2013,12912.29,,0
DNK,Denmark,IP.JRN.ARTC.SC,Scientific and technical journal articles,2012,12398.11,,0
DNK,Denmark,IP.JRN.ARTC.SC,Scientific and technical journal articles,2011,11432.71,,0
DNK,Denmark,IP.JRN.ARTC.SC,Scientific and technical journal articles,2010,10314.12,,0
DNK,Denmark,IP.JRN.ARTC.SC,Scientific and technical journal articles,2009,9790.04,,0
DNK,Denmark,IP.JRN.ARTC.SC,Scientific and technical journal articles,2008,9294.1,,0
DNK,Denmark,IP.JRN.ARTC.SC,Scientific and technical journal articles,2007,9044.64,,0
DNK,Denmark,IP.JRN.ARTC.SC,Scientific and technical journal articles,2006,8685.4,,0
DNK,Denmark,IP.JRN.ARTC.SC,Scientific and technical journal articles,2005,8466.21,,0
DNK,Denmark,IP.JRN.ARTC.SC,Scientific and technical journal articles,2004,7939.76,,0
DNK,Denmark,IP.JRN.ARTC.SC,Scientific and technical journal articles,2003,7565.75,,0
DNK,Denmark,IP.JRN.ARTC.SC,Scientific and technical journal articles,2002,7190.23,,0
DNK,Denmark,IP.JRN.ARTC.SC,Scientific and technical journal articles,2001,7158.33,,0
DNK,Denmark,IP.JRN.ARTC.SC,Scientific and technical journal articles,2000,7180.91,,0
DNK,Denmark,IP.JRN.ARTC.SC,Scientific and technical journal articles,1999,6717.74,,0
DNK,Denmark,IP.JRN.ARTC.SC,Scientific and technical journal articles,1998,6822.62,,0
DNK,Denmark,IP.JRN.ARTC.SC,Scientific and technical journal articles,1997,7107.29,,0
DNK,Denmark,IP.JRN.ARTC.SC,Scientific and technical journal articles,1996,6360.3,,0
DJI,Djibouti,IP.JRN.ARTC.SC,Scientific and technical journal articles,2022,13.16,,0
DJI,Djibouti,IP.JRN.ARTC.SC,Scientific and technical journal articles,2021,8.2,,0
DJI,Djibouti,IP.JRN.ARTC.SC,Scientific and technical journal articles,2020,10.48,,0
DJI,Djibouti,IP.JRN.ARTC.SC,Scientific and technical journal articles,2019,4.88,,0
DJI,Djibouti,IP.JRN.ARTC.SC,Scientific and technical journal articles,2018,6.54,,0
DJI,Djibouti,IP.JRN.ARTC.SC,Scientific and technical journal articles,2017,5.24,,0
DJI,Djibouti,IP.JRN.ARTC.SC,Scientific and technical journal articles,2016,4.19,,0
DJI,Djibouti,IP.JRN.ARTC.SC,Scientific and technical journal articles,2015,5.71,,0
DJI,Djibouti,IP.JRN.ARTC.SC,Scientific and technical journal articles,2014,7.51,,0
DJI,Djibouti,IP.JRN.ARTC.SC,Scientific and technical journal articles,2013,6.45,,0
DJI,Djibouti,IP.JRN.ARTC.SC,Scientific and technical journal articles,2012,7.42,,0
DJI,Djibouti,IP.JRN.ARTC.SC,Scientific and technical journal articles,2011,4.24,,0
DJI,Djibouti,IP.JRN.ARTC.SC,Scientific and technical journal articles,2010,6.87,,0
DJI,Djibouti,IP.JRN.ARTC.SC,Scientific and technical journal articles,2009,8.12,,0
DJI,Djibouti,IP.JRN.ARTC.SC,Scientific and technical journal articles,2008,3.32,,0
DJI,Djibouti,IP.JRN.ARTC.SC,Scientific and technical journal articles,2007,3.28,,0
DJI,Djibouti,IP.JRN.ARTC.SC,Scientific and technical journal articles,2006,2.71,,0
DJI,Djibouti,IP.JRN.ARTC.SC,Scientific and technical journal articles,2005,3.71,,0
DJI,Djibouti,IP.JRN.ARTC.SC,Scientific and technical journal articles,2004,1.88,,0
DJI,Djibouti,IP.JRN.ARTC.SC,Scientific and technical journal articles,2003,1.33,,0
DJI,Djibouti,IP.JRN.ARTC.SC,Scientific and technical journal articles,2002,1.28,,0
DJI,Djibouti,IP.JRN.ARTC.SC,Scientific and technical journal articles,2001,0.64,,0
DJI,Djibouti,IP.JRN.ARTC.SC,Scientific and technical journal articles,2000,2,,0
DJI,Djibouti,IP.JRN.ARTC.SC,Scientific and technical journal articles,1999,0.17,,0
DJI,Djibouti,IP.JRN.ARTC.SC,Scientific and technical journal articles,1998,1.93,,0
DJI,Djibouti,IP.JRN.ARTC.SC,Scientific and technical journal articles,1997,5,,0
DJI,Djibouti,IP.JRN.ARTC.SC,Scientific and technical journal articles,1996,3.11,,0
DMA,Dominica,IP.JRN.ARTC.SC,Scientific and technical journal articles,2022,5.17,,0
DMA,Dominica,IP.JRN.ARTC.SC,Scientific and technical journal articles,2021,6.91,,0
DMA,Dominica,IP.JRN.ARTC.SC,Scientific and technical journal articles,2020,5.46,,0
DMA,Dominica,IP.JRN.ARTC.SC,Scientific and technical journal articles,2019,5.15,,0
DMA,Dominica,IP.JRN.ARTC.SC,Scientific and technical journal articles,2018,11.83,,0
DMA,Dominica,IP.JRN.ARTC.SC,Scientific and technical journal articles,2017,12,,0
DMA,Dominica,IP.JRN.ARTC.SC,Scientific and technical journal articles,2016,10.8,,0
DMA,Dominica,IP.JRN.ARTC.SC,Scientific and technical journal articles,2015,10.28,,0
DMA,Dominica,IP.JRN.ARTC.SC,Scientific and technical journal articles,2014,9.21,,0
DMA,Dominica,IP.JRN.ARTC.SC,Scientific and technical journal articles,2013,12.08,,0
DMA,Dominica,IP.JRN.ARTC.SC,Scientific and technical journal articles,2012,11.84,,0
DMA,Dominica,IP.JRN.ARTC.SC,Scientific and technical journal articles,2011,6.94,,0
DMA,Dominica,IP.JRN.ARTC.SC,Scientific and technical journal articles,2010,8.78,,0
DMA,Dominica,IP.JRN.ARTC.SC,Scientific and technical journal articles,2009,4.22,,0
DMA,Dominica,IP.JRN.ARTC.SC,Scientific and technical journal articles,2008,5.22,,0
DMA,Dominica,IP.JRN.ARTC.SC,Scientific and technical journal articles,2007,3.94,,0
DMA,Dominica,IP.JRN.ARTC.SC,Scientific and technical journal articles,2006,4.19,,0
DMA,Dominica,IP.JRN.ARTC.SC,Scientific and technical journal articles,2005,5.27,,0
DMA,Dominica,IP.JRN.ARTC.SC,Scientific and technical journal articles,2004,2.16,,0
DMA,Dominica,IP.JRN.ARTC.SC,Scientific and technical journal articles,2003,4.58,,0
DMA,Dominica,IP.JRN.ARTC.SC,Scientific and technical journal articles,2002,2,,0
DMA,Dominica,IP.JRN.ARTC.SC,Scientific and technical journal articles,2001,4.26,,0
DMA,Dominica,IP.JRN.ARTC.SC,Scientific and technical journal articles,2000,0,,0
DMA,Dominica,IP.JRN.ARTC.SC,Scientific and technical journal articles,1999,0,,0
DMA,Dominica,IP.JRN.ARTC.SC,Scientific and technical journal articles,1998,3.81,,0
DMA,Dominica,IP.JRN.ARTC.SC,Scientific and technical journal articles,1997,0.64,,0
DMA,Dominica,IP.JRN.ARTC.SC,Scientific and technical journal articles,1996,1.65,,0
DOM,Dominican Republic,IP.JRN.ARTC.SC,Scientific and technical journal articles,2022,109.82,,0
DOM,Dominican Republic,IP.JRN.ARTC.SC,Scientific and technical journal articles,2021,112.22,,0
DOM,Dominican Republic,IP.JRN.ARTC.SC,Scientific and technical journal articles,2020,90.86,,0
DOM,Dominican Republic,IP.JRN.ARTC.SC,Scientific and technical journal articles,2019,71.11,,0
DOM,Dominican Republic,IP.JRN.ARTC.SC,Scientific and technical journal articles,2018,54.97,,0
DOM,Dominican Republic,IP.JRN.ARTC.SC,Scientific and technical journal articles,2017,48.5,,0
DOM,Dominican Republic,IP.JRN.ARTC.SC,Scientific and technical journal articles,2016,36.46,,0
DOM,Dominican Republic,IP.JRN.ARTC.SC,Scientific and technical journal articles,2015,34.66,,0
DOM,Dominican Republic,IP.JRN.ARTC.SC,Scientific and technical journal articles,2014,42.42,,0
DOM,Dominican Republic,IP.JRN.ARTC.SC,Scientific and technical journal articles,2013,40.72,,0
DOM,Dominican Republic,IP.JRN.ARTC.SC,Scientific and technical journal articles,2012,25.65,,0
DOM,Dominican Republic,IP.JRN.ARTC.SC,Scientific and technical journal articles,2011,19.39,,0
DOM,Dominican Republic,IP.JRN.ARTC.SC,Scientific and technical journal articles,2010,17.26,,0
DOM,Dominican Republic,IP.JRN.ARTC.SC,Scientific and technical journal articles,2009,15.46,,0
DOM,Dominican Republic,IP.JRN.ARTC.SC,Scientific and technical journal articles,2008,16.52,,0
DOM,Dominican Republic,IP.JRN.ARTC.SC,Scientific and technical journal articles,2007,21.12,,0
DOM,Dominican Republic,IP.JRN.ARTC.SC,Scientific and technical journal articles,2006,18.1,,0
DOM,Dominican Republic,IP.JRN.ARTC.SC,Scientific and technical journal articles,2005,13.88,,0
DOM,Dominican Republic,IP.JRN.ARTC.SC,Scientific and technical journal articles,2004,13.74,,0
DOM,Dominican Republic,IP.JRN.ARTC.SC,Scientific and technical journal articles,2003,11.53,,0
DOM,Dominican Republic,IP.JRN.ARTC.SC,Scientific and technical journal articles,2002,8.46,,0
DOM,Dominican Republic,IP.JRN.ARTC.SC,Scientific and technical journal articles,2001,8.14,,0
DOM,Dominican Republic,IP.JRN.ARTC.SC,Scientific and technical journal articles,2000,13.3,,0
DOM,Dominican Republic,IP.JRN.ARTC.SC,Scientific and technical journal articles,1999,10.66,,0
DOM,Dominican Republic,IP.JRN.ARTC.SC,Scientific and technical journal articles,1998,9.98,,0
DOM,Dominican Republic,IP.JRN.ARTC.SC,Scientific and technical journal articles,1997,12.84,,0
DOM,Dominican Republic,IP.JRN.ARTC.SC,Scientific and technical journal articles,1996,21.24,,0
ECU,Ecuador,IP.JRN.ARTC.SC,Scientific and technical journal articles,2022,3573.97,,0
ECU,Ecuador,IP.JRN.ARTC.SC,Scientific and technical journal articles,2021,3095.23,,0
ECU,Ecuador,IP.JRN.ARTC.SC,Scientific and technical journal articles,2020,2930.96,,0
ECU,Ecuador,IP.JRN.ARTC.SC,Scientific and technical journal articles,2019,2457.62,,0
ECU,Ecuador,IP.JRN.ARTC.SC,Scientific and technical journal articles,2018,2166.56,,0
ECU,Ecuador,IP.JRN.ARTC.SC,Scientific and technical journal articles,2017,1599.51,,0
ECU,Ecuador,IP.JRN.ARTC.SC,Scientific and technical journal articles,2016,1152.65,,0
ECU,Ecuador,IP.JRN.ARTC.SC,Scientific and technical journal articles,2015,657.3,,0
ECU,Ecuador,IP.JRN.ARTC.SC,Scientific and technical journal articles,2014,406.82,,0
ECU,Ecuador,IP.JRN.ARTC.SC,Scientific and technical journal articles,2013,261.98,,0
ECU,Ecuador,IP.JRN.ARTC.SC,Scientific and technical journal articles,2012,244.88,,0
ECU,Ecuador,IP.JRN.ARTC.SC,Scientific and technical journal articles,2011,171.31,,0
ECU,Ecuador,IP.JRN.ARTC.SC,Scientific and technical journal articles,2010,192.46,,0
ECU,Ecuador,IP.JRN.ARTC.SC,Scientific and technical journal articles,2009,180.38,,0
ECU,Ecuador,IP.JRN.ARTC.SC,Scientific and technical journal articles,2008,154.2,,0
ECU,Ecuador,IP.JRN.ARTC.SC,Scientific and technical journal articles,2007,143.06,,0
ECU,Ecuador,IP.JRN.ARTC.SC,Scientific and technical journal articles,2006,135.16,,0
ECU,Ecuador,IP.JRN.ARTC.SC,Scientific and technical journal articles,2005,133.34,,0
ECU,Ecuador,IP.JRN.ARTC.SC,Scientific and technical journal articles,2004,93.53,,0
ECU,Ecuador,IP.JRN.ARTC.SC,Scientific and technical journal articles,2003,98.81,,0
ECU,Ecuador,IP.JRN.ARTC.SC,Scientific and technical journal articles,2002,91.3,,0
ECU,Ecuador,IP.JRN.ARTC.SC,Scientific and technical journal articles,2001,60.41,,0
ECU,Ecuador,IP.JRN.ARTC.SC,Scientific and technical journal articles,2000,73.7,,0
ECU,Ecuador,IP.JRN.ARTC.SC,Scientific and technical journal articles,1999,66.82,,0
ECU,Ecuador,IP.JRN.ARTC.SC,Scientific and technical journal articles,1998,94.52,,0
ECU,Ecuador,IP.JRN.ARTC.SC,Scientific and technical journal articles,1997,99.62,,0
ECU,Ecuador,IP.JRN.ARTC.SC,Scientific and technical journal articles,1996,56.78,,0
EGY,"Egypt, Arab Rep.",IP.JRN.ARTC.SC,Scientific and technical journal articles,2022,24025,,0
EGY,"Egypt, Arab Rep.",IP.JRN.ARTC.SC,Scientific and technical journal articles,2021,21379.39,,0
EGY,"Egypt, Arab Rep.",IP.JRN.ARTC.SC,Scientific and technical journal articles,2020,18009.29,,0
EGY,"Egypt, Arab Rep.",IP.JRN.ARTC.SC,Scientific and technical journal articles,2019,15448.49,,0
EGY,"Egypt, Arab Rep.",IP.JRN.ARTC.SC,Scientific and technical journal articles,2018,13196.84,,0
EGY,"Egypt, Arab Rep.",IP.JRN.ARTC.SC,Scientific and technical journal articles,2017,11187.53,,0
EGY,"Egypt, Arab Rep.",IP.JRN.ARTC.SC,Scientific and technical journal articles,2016,11127.39,,0
EGY,"Egypt, Arab Rep.",IP.JRN.ARTC.SC,Scientific and technical journal articles,2015,9709.94,,0
EGY,"Egypt, Arab Rep.",IP.JRN.ARTC.SC,Scientific and technical journal articles,2014,9014.75,,0
EGY,"Egypt, Arab Rep.",IP.JRN.ARTC.SC,Scientific and technical journal articles,2013,8509.71,,0
EGY,"Egypt, Arab Rep.",IP.JRN.ARTC.SC,Scientific and technical journal articles,2012,8281.32,,0
EGY,"Egypt, Arab Rep.",IP.JRN.ARTC.SC,Scientific and technical journal articles,2011,7169.3,,0
EGY,"Egypt, Arab Rep.",IP.JRN.ARTC.SC,Scientific and technical journal articles,2010,6574.14,,0
EGY,"Egypt, Arab Rep.",IP.JRN.ARTC.SC,Scientific and technical journal articles,2009,6012.69,,0
EGY,"Egypt, Arab Rep.",IP.JRN.ARTC.SC,Scientific and technical journal articles,2008,4857.26,,0
EGY,"Egypt, Arab Rep.",IP.JRN.ARTC.SC,Scientific and technical journal articles,2007,4425.22,,0
EGY,"Egypt, Arab Rep.",IP.JRN.ARTC.SC,Scientific and technical journal articles,2006,3939.67,,0
EGY,"Egypt, Arab Rep.",IP.JRN.ARTC.SC,Scientific and technical journal articles,2005,3617.7,,0
EGY,"Egypt, Arab Rep.",IP.JRN.ARTC.SC,Scientific and technical journal articles,2004,3560.45,,0
EGY,"Egypt, Arab Rep.",IP.JRN.ARTC.SC,Scientific and technical journal articles,2003,3554.55,,0
EGY,"Egypt, Arab Rep.",IP.JRN.ARTC.SC,Scientific and technical journal articles,2002,3020.31,,0
EGY,"Egypt, Arab Rep.",IP.JRN.ARTC.SC,Scientific and technical journal articles,2001,2953.45,,0
EGY,"Egypt, Arab Rep.",IP.JRN.ARTC.SC,Scientific and technical journal articles,2000,2682.75,,0
EGY,"Egypt, Arab Rep.",IP.JRN.ARTC.SC,Scientific and technical journal articles,1999,2404.74,,0
EGY,"Egypt, Arab Rep.",IP.JRN.ARTC.SC,Scientific and technical journal articles,1998,2402.36,,0
EGY,"Egypt, Arab Rep.",IP.JRN.ARTC.SC,Scientific and technical journal articles,1997,2342.28,,0
EGY,"Egypt, Arab Rep.",IP.JRN.ARTC.SC,Scientific and technical journal articles,1996,2351.45,,0
SLV,El Salvador,IP.JRN.ARTC.SC,Scientific and technical journal articles,2022,54.79,,0
SLV,El Salvador,IP.JRN.ARTC.SC,Scientific and technical journal articles,2021,33.42,,0
SLV,El Salvador,IP.JRN.ARTC.SC,Scientific and technical journal articles,2020,19.21,,0
SLV,El Salvador,IP.JRN.ARTC.SC,Scientific and technical journal articles,2019,25.85,,0
SLV,El Salvador,IP.JRN.ARTC.SC,Scientific and technical journal articles,2018,46.52,,0
SLV,El Salvador,IP.JRN.ARTC.SC,Scientific and technical journal articles,2017,29.67,,0
SLV,El Salvador,IP.JRN.ARTC.SC,Scientific and technical journal articles,2016,29.01,,0
SLV,El Salvador,IP.JRN.ARTC.SC,Scientific and technical journal articles,2015,24.62,,0
SLV,El Salvador,IP.JRN.ARTC.SC,Scientific and technical journal articles,2014,18.89,,0
SLV,El Salvador,IP.JRN.ARTC.SC,Scientific and technical journal articles,2013,15.39,,0
SLV,El Salvador,IP.JRN.ARTC.SC,Scientific and technical journal articles,2012,19.87,,0
SLV,El Salvador,IP.JRN.ARTC.SC,Scientific and technical journal articles,2011,17.51,,0
SLV,El Salvador,IP.JRN.ARTC.SC,Scientific and technical journal articles,2010,20.07,,0
SLV,El Salvador,IP.JRN.ARTC.SC,Scientific and technical journal articles,2009,15.11,,0
SLV,El Salvador,IP.JRN.ARTC.SC,Scientific and technical journal articles,2008,20.19,,0
SLV,El Salvador,IP.JRN.ARTC.SC,Scientific and technical journal articles,2007,14.88,,0
SLV,El Salvador,IP.JRN.ARTC.SC,Scientific and technical journal articles,2006,19.24,,0
SLV,El Salvador,IP.JRN.ARTC.SC,Scientific and technical journal articles,2005,14.77,,0
SLV,El Salvador,IP.JRN.ARTC.SC,Scientific and technical journal articles,2004,18.14,,0
SLV,El Salvador,IP.JRN.ARTC.SC,Scientific and technical journal articles,2003,6.68,,0
SLV,El Salvador,IP.JRN.ARTC.SC,Scientific and technical journal articles,2002,13.78,,0
SLV,El Salvador,IP.JRN.ARTC.SC,Scientific and technical journal articles,2001,8.39,,0
SLV,El Salvador,IP.JRN.ARTC.SC,Scientific and technical journal articles,2000,2.95,,0
SLV,El Salvador,IP.JRN.ARTC.SC,Scientific and technical journal articles,1999,4.79,,0
SLV,El Salvador,IP.JRN.ARTC.SC,Scientific and technical journal articles,1998,2.14,,0
SLV,El Salvador,IP.JRN.ARTC.SC,Scientific and technical journal articles,1997,4.04,,0
SLV,El Salvador,IP.JRN.ARTC.SC,Scientific and technical journal articles,1996,4.23,,0
GNQ,Equatorial Guinea,IP.JRN.ARTC.SC,Scientific and technical journal articles,2022,2.99,,0
GNQ,Equatorial Guinea,IP.JRN.ARTC.SC,Scientific and technical journal articles,2021,4.42,,0
GNQ,Equatorial Guinea,IP.JRN.ARTC.SC,Scientific and technical journal articles,2020,1.7,,0
GNQ,Equatorial Guinea,IP.JRN.ARTC.SC,Scientific and technical journal articles,2019,4.07,,0
GNQ,Equatorial Guinea,IP.JRN.ARTC.SC,Scientific and technical journal articles,2018,2.6,,0
GNQ,Equatorial Guinea,IP.JRN.ARTC.SC,Scientific and technical journal articles,2017,2.96,,0
GNQ,Equatorial Guinea,IP.JRN.ARTC.SC,Scientific and technical journal articles,2016,4.85,,0
GNQ,Equatorial Guinea,IP.JRN.ARTC.SC,Scientific and technical journal articles,2015,4.05,,0
GNQ,Equatorial Guinea,IP.JRN.ARTC.SC,Scientific and technical journal articles,2014,2.36,,0
GNQ,Equatorial Guinea,IP.JRN.ARTC.SC,Scientific and technical journal articles,2013,2.14,,0
GNQ,Equatorial Guinea,IP.JRN.ARTC.SC,Scientific and technical journal articles,2012,2.32,,0
GNQ,Equatorial Guinea,IP.JRN.ARTC.SC,Scientific and technical journal articles,2011,1.71,,0
GNQ,Equatorial Guinea,IP.JRN.ARTC.SC,Scientific and technical journal articles,2010,2.86,,0
GNQ,Equatorial Guinea,IP.JRN.ARTC.SC,Scientific and technical journal articles,2009,1.97,,0
GNQ,Equatorial Guinea,IP.JRN.ARTC.SC,Scientific and technical journal articles,2008,1.23,,0
GNQ,Equatorial Guinea,IP.JRN.ARTC.SC,Scientific and technical journal articles,2007,3.23,,0
GNQ,Equatorial Guinea,IP.JRN.ARTC.SC,Scientific and technical journal articles,2006,3.22,,0
GNQ,Equatorial Guinea,IP.JRN.ARTC.SC,Scientific and technical journal articles,2005,0.74,,0
GNQ,Equatorial Guinea,IP.JRN.ARTC.SC,Scientific and technical journal articles,2004,4.1,,0
GNQ,Equatorial Guinea,IP.JRN.ARTC.SC,Scientific and technical journal articles,2003,0.82,,0
GNQ,Equatorial Guinea,IP.JRN.ARTC.SC,Scientific and technical journal articles,2002,0.46,,0
GNQ,Equatorial Guinea,IP.JRN.ARTC.SC,Scientific and technical journal articles,2001,1.67,,0
GNQ,Equatorial Guinea,IP.JRN.ARTC.SC,Scientific and technical journal articles,2000,0,,0
GNQ,Equatorial Guinea,IP.JRN.ARTC.SC,Scientific and technical journal articles,1999,2.19,,0
GNQ,Equatorial Guinea,IP.JRN.ARTC.SC,Scientific and technical journal articles,1998,0,,0
GNQ,Equatorial Guinea,IP.JRN.ARTC.SC,Scientific and technical journal articles,1997,1.27,,0
GNQ,Equatorial Guinea,IP.JRN.ARTC.SC,Scientific and technical journal articles,1996,0.83,,0
ERI,Eritrea,IP.JRN.ARTC.SC,Scientific and technical journal articles,2022,34.32,,0
ERI,Eritrea,IP.JRN.ARTC.SC,Scientific and technical journal articles,2021,32.82,,0
ERI,Eritrea,IP.JRN.ARTC.SC,Scientific and technical journal articles,2020,37.68,,0
ERI,Eritrea,IP.JRN.ARTC.SC,Scientific and technical journal articles,2019,26.56,,0
ERI,Eritrea,IP.JRN.ARTC.SC,Scientific and technical journal articles,2018,21.47,,0
ERI,Eritrea,IP.JRN.ARTC.SC,Scientific and technical journal articles,2017,13.65,,0
ERI,Eritrea,IP.JRN.ARTC.SC,Scientific and technical journal articles,2016,8.86,,0
ERI,Eritrea,IP.JRN.ARTC.SC,Scientific and technical journal articles,2015,10.34,,0
ERI,Eritrea,IP.JRN.ARTC.SC,Scientific and technical journal articles,2014,7.65,,0
ERI,Eritrea,IP.JRN.ARTC.SC,Scientific and technical journal articles,2013,10.52,,0
ERI,Eritrea,IP.JRN.ARTC.SC,Scientific and technical journal articles,2012,4.25,,0
ERI,Eritrea,IP.JRN.ARTC.SC,Scientific and technical journal articles,2011,11.6,,0
ERI,Eritrea,IP.JRN.ARTC.SC,Scientific and technical journal articles,2010,10.47,,0
ERI,Eritrea,IP.JRN.ARTC.SC,Scientific and technical journal articles,2009,6.96,,0
ERI,Eritrea,IP.JRN.ARTC.SC,Scientific and technical journal articles,2008,9.5,,0
ERI,Eritrea,IP.JRN.ARTC.SC,Scientific and technical journal articles,2007,17.15,,0
ERI,Eritrea,IP.JRN.ARTC.SC,Scientific and technical journal articles,2006,20.62,,0
ERI,Eritrea,IP.JRN.ARTC.SC,Scientific and technical journal articles,2005,11.76,,0
ERI,Eritrea,IP.JRN.ARTC.SC,Scientific and technical journal articles,2004,11.69,,0
ERI,Eritrea,IP.JRN.ARTC.SC,Scientific and technical journal articles,2003,14.3,,0
ERI,Eritrea,IP.JRN.ARTC.SC,Scientific and technical journal articles,2002,11.83,,0
ERI,Eritrea,IP.JRN.ARTC.SC,Scientific and technical journal articles,2001,6.68,,0
ERI,Eritrea,IP.JRN.ARTC.SC,Scientific and technical journal articles,2000,4.58,,0
ERI,Eritrea,IP.JRN.ARTC.SC,Scientific and technical journal articles,1999,3.99,,0
ERI,Eritrea,IP.JRN.ARTC.SC,Scientific and technical journal articles,1998,10.34,,0
ERI,Eritrea,IP.JRN.ARTC.SC,Scientific and technical journal articles,1997,0.98,,0
ERI,Eritrea,IP.JRN.ARTC.SC,Scientific and technical journal articles,1996,3.99,,0
EST,Estonia,IP.JRN.ARTC.SC,Scientific and technical journal articles,2022,1842.31,,0
EST,Estonia,IP.JRN.ARTC.SC,Scientific and technical journal articles,2021,1877.57,,0
EST,Estonia,IP.JRN.ARTC.SC,Scientific and technical journal articles,2020,1794.38,,0
EST,Estonia,IP.JRN.ARTC.SC,Scientific and technical journal articles,2019,1694.02,,0
EST,Estonia,IP.JRN.ARTC.SC,Scientific and technical journal articles,2018,1503.59,,0
EST,Estonia,IP.JRN.ARTC.SC,Scientific and technical journal articles,2017,1589.67,,0
EST,Estonia,IP.JRN.ARTC.SC,Scientific and technical journal articles,2016,1575.25,,0
EST,Estonia,IP.JRN.ARTC.SC,Scientific and technical journal articles,2015,1544.89,,0
EST,Estonia,IP.JRN.ARTC.SC,Scientific and technical journal articles,2014,1687.96,,0
EST,Estonia,IP.JRN.ARTC.SC,Scientific and technical journal articles,2013,1450.11,,0
EST,Estonia,IP.JRN.ARTC.SC,Scientific and technical journal articles,2012,1497.43,,0
EST,Estonia,IP.JRN.ARTC.SC,Scientific and technical journal articles,2011,1397.32,,0
EST,Estonia,IP.JRN.ARTC.SC,Scientific and technical journal articles,2010,1416.28,,0
EST,Estonia,IP.JRN.ARTC.SC,Scientific and technical journal articles,2009,1166.8,,0
EST,Estonia,IP.JRN.ARTC.SC,Scientific and technical journal articles,2008,1143.75,,0
EST,Estonia,IP.JRN.ARTC.SC,Scientific and technical journal articles,2007,1079.02,,0
EST,Estonia,IP.JRN.ARTC.SC,Scientific and technical journal articles,2006,901.46,,0
EST,Estonia,IP.JRN.ARTC.SC,Scientific and technical journal articles,2005,720.21,,0
EST,Estonia,IP.JRN.ARTC.SC,Scientific and technical journal articles,2004,636.57,,0
EST,Estonia,IP.JRN.ARTC.SC,Scientific and technical journal articles,2003,571.1,,0
EST,Estonia,IP.JRN.ARTC.SC,Scientific and technical journal articles,2002,509.77,,0
EST,Estonia,IP.JRN.ARTC.SC,Scientific and technical journal articles,2001,516.3,,0
EST,Estonia,IP.JRN.ARTC.SC,Scientific and technical journal articles,2000,464.97,,0
EST,Estonia,IP.JRN.ARTC.SC,Scientific and technical journal articles,1999,484.81,,0
EST,Estonia,IP.JRN.ARTC.SC,Scientific and technical journal articles,1998,459.91,,0
EST,Estonia,IP.JRN.ARTC.SC,Scientific and technical journal articles,1997,404.39,,0
EST,Estonia,IP.JRN.ARTC.SC,Scientific and technical journal articles,1996,417.38,,0
SWZ,Eswatini,IP.JRN.ARTC.SC,Scientific and technical journal articles,2022,43.19,,0
SWZ,Eswatini,IP.JRN.ARTC.SC,Scientific and technical journal articles,2021,39.75,,0
SWZ,Eswatini,IP.JRN.ARTC.SC,Scientific and technical journal articles,2020,36.63,,0
SWZ,Eswatini,IP.JRN.ARTC.SC,Scientific and technical journal articles,2019,33.67,,0
SWZ,Eswatini,IP.JRN.ARTC.SC,Scientific and technical journal articles,2018,29.4,,0
SWZ,Eswatini,IP.JRN.ARTC.SC,Scientific and technical journal articles,2017,28.79,,0
SWZ,Eswatini,IP.JRN.ARTC.SC,Scientific and technical journal articles,2016,18.78,,0
SWZ,Eswatini,IP.JRN.ARTC.SC,Scientific and technical journal articles,2015,15.25,,0
SWZ,Eswatini,IP.JRN.ARTC.SC,Scientific and technical journal articles,2014,10.71,,0
SWZ,Eswatini,IP.JRN.ARTC.SC,Scientific and technical journal articles,2013,17.34,,0
SWZ,Eswatini,IP.JRN.ARTC.SC,Scientific and technical journal articles,2012,15.62,,0
SWZ,Eswatini,IP.JRN.ARTC.SC,Scientific and technical journal articles,2011,20.81,,0
SWZ,Eswatini,IP.JRN.ARTC.SC,Scientific and technical journal articles,2010,20.5,,0
SWZ,Eswatini,IP.JRN.ARTC.SC,Scientific and technical journal articles,2009,11.94,,0
SWZ,Eswatini,IP.JRN.ARTC.SC,Scientific and technical journal articles,2008,9.36,,0
SWZ,Eswatini,IP.JRN.ARTC.SC,Scientific and technical journal articles,2007,6.96,,0
SWZ,Eswatini,IP.JRN.ARTC.SC,Scientific and technical journal articles,2006,10.26,,0
SWZ,Eswatini,IP.JRN.ARTC.SC,Scientific and technical journal articles,2005,12.7,,0
SWZ,Eswatini,IP.JRN.ARTC.SC,Scientific and technical journal articles,2004,11.85,,0
SWZ,Eswatini,IP.JRN.ARTC.SC,Scientific and technical journal articles,2003,6.6,,0
SWZ,Eswatini,IP.JRN.ARTC.SC,Scientific and technical journal articles,2002,12.32,,0
SWZ,Eswatini,IP.JRN.ARTC.SC,Scientific and technical journal articles,2001,5.64,,0
SWZ,Eswatini,IP.JRN.ARTC.SC,Scientific and technical journal articles,2000,7.75,,0
SWZ,Eswatini,IP.JRN.ARTC.SC,Scientific and technical journal articles,1999,12.53,,0
SWZ,Eswatini,IP.JRN.ARTC.SC,Scientific and technical journal articles,1998,16.33,,0
SWZ,Eswatini,IP.JRN.ARTC.SC,Scientific and technical journal articles,1997,12.38,,0
SWZ,Eswatini,IP.JRN.ARTC.SC,Scientific and technical journal articles,1996,8.67,,0
ETH,Ethiopia,IP.JRN.ARTC.SC,Scientific and technical journal articles,2022,7155.92,,0
ETH,Ethiopia,IP.JRN.ARTC.SC,Scientific and technical journal articles,2021,5716,,0
ETH,Ethiopia,IP.JRN.ARTC.SC,Scientific and technical journal articles,2020,4141.92,,0
ETH,Ethiopia,IP.JRN.ARTC.SC,Scientific and technical journal articles,2019,2735.23,,0
ETH,Ethiopia,IP.JRN.ARTC.SC,Scientific and technical journal articles,2018,2100.47,,0
ETH,Ethiopia,IP.JRN.ARTC.SC,Scientific and technical journal articles,2017,1630.8,,0
ETH,Ethiopia,IP.JRN.ARTC.SC,Scientific and technical journal articles,2016,1168.41,,0
ETH,Ethiopia,IP.JRN.ARTC.SC,Scientific and technical journal articles,2015,1014.8,,0
ETH,Ethiopia,IP.JRN.ARTC.SC,Scientific and technical journal articles,2014,985.33,,0
ETH,Ethiopia,IP.JRN.ARTC.SC,Scientific and technical journal articles,2013,771.42,,0
ETH,Ethiopia,IP.JRN.ARTC.SC,Scientific and technical journal articles,2012,650.03,,0
ETH,Ethiopia,IP.JRN.ARTC.SC,Scientific and technical journal articles,2011,492.24,,0
ETH,Ethiopia,IP.JRN.ARTC.SC,Scientific and technical journal articles,2010,445.78,,0
ETH,Ethiopia,IP.JRN.ARTC.SC,Scientific and technical journal articles,2009,408.2,,0
ETH,Ethiopia,IP.JRN.ARTC.SC,Scientific and technical journal articles,2008,360.35,,0
ETH,Ethiopia,IP.JRN.ARTC.SC,Scientific and technical journal articles,2007,331.52,,0
ETH,Ethiopia,IP.JRN.ARTC.SC,Scientific and technical journal articles,2006,277.91,,0
ETH,Ethiopia,IP.JRN.ARTC.SC,Scientific and technical journal articles,2005,223.2,,0
ETH,Ethiopia,IP.JRN.ARTC.SC,Scientific and technical journal articles,2004,212.46,,0
ETH,Ethiopia,IP.JRN.ARTC.SC,Scientific and technical journal articles,2003,209.63,,0
ETH,Ethiopia,IP.JRN.ARTC.SC,Scientific and technical journal articles,2002,201.74,,0
ETH,Ethiopia,IP.JRN.ARTC.SC,Scientific and technical journal articles,2001,171.82,,0
ETH,Ethiopia,IP.JRN.ARTC.SC,Scientific and technical journal articles,2000,165.79,,0
ETH,Ethiopia,IP.JRN.ARTC.SC,Scientific and technical journal articles,1999,186.89,,0
ETH,Ethiopia,IP.JRN.ARTC.SC,Scientific and technical journal articles,1998,154.66,,0
ETH,Ethiopia,IP.JRN.ARTC.SC,Scientific and technical journal articles,1997,161.04,,0
ETH,Ethiopia,IP.JRN.ARTC.SC,Scientific and technical journal articles,1996,170.12,,0
FJI,Fiji,IP.JRN.ARTC.SC,Scientific and technical journal articles,2022,212.83,,0
FJI,Fiji,IP.JRN.ARTC.SC,Scientific and technical journal articles,2021,206.51,,0
FJI,Fiji,IP.JRN.ARTC.SC,Scientific and technical journal articles,2020,183.38,,0
FJI,Fiji,IP.JRN.ARTC.SC,Scientific and technical journal articles,2019,160.31,,0
FJI,Fiji,IP.JRN.ARTC.SC,Scientific and technical journal articles,2018,162.94,,0
FJI,Fiji,IP.JRN.ARTC.SC,Scientific and technical journal articles,2017,140.07,,0
FJI,Fiji,IP.JRN.ARTC.SC,Scientific and technical journal articles,2016,166.91,,0
FJI,Fiji,IP.JRN.ARTC.SC,Scientific and technical journal articles,2015,101.27,,0
FJI,Fiji,IP.JRN.ARTC.SC,Scientific and technical journal articles,2014,118.24,,0
FJI,Fiji,IP.JRN.ARTC.SC,Scientific and technical journal articles,2013,83.39,,0
FJI,Fiji,IP.JRN.ARTC.SC,Scientific and technical journal articles,2012,64.66,,0
FJI,Fiji,IP.JRN.ARTC.SC,Scientific and technical journal articles,2011,65.93,,0
FJI,Fiji,IP.JRN.ARTC.SC,Scientific and technical journal articles,2010,69.39,,0
FJI,Fiji,IP.JRN.ARTC.SC,Scientific and technical journal articles,2009,64.74,,0
FJI,Fiji,IP.JRN.ARTC.SC,Scientific and technical journal articles,2008,71.53,,0
FJI,Fiji,IP.JRN.ARTC.SC,Scientific and technical journal articles,2007,85.84,,0
FJI,Fiji,IP.JRN.ARTC.SC,Scientific and technical journal articles,2006,85.96,,0
FJI,Fiji,IP.JRN.ARTC.SC,Scientific and technical journal articles,2005,58.23,,0
FJI,Fiji,IP.JRN.ARTC.SC,Scientific and technical journal articles,2004,61.34,,0
FJI,Fiji,IP.JRN.ARTC.SC,Scientific and technical journal articles,2003,44.63,,0
FJI,Fiji,IP.JRN.ARTC.SC,Scientific and technical journal articles,2002,37.81,,0
FJI,Fiji,IP.JRN.ARTC.SC,Scientific and technical journal articles,2001,39.6,,0
FJI,Fiji,IP.JRN.ARTC.SC,Scientific and technical journal articles,2000,27.07,,0
FJI,Fiji,IP.JRN.ARTC.SC,Scientific and technical journal articles,1999,22.84,,0
FJI,Fiji,IP.JRN.ARTC.SC,Scientific and technical journal articles,1998,22.28,,0
FJI,Fiji,IP.JRN.ARTC.SC,Scientific and technical journal articles,1997,20.76,,0
FJI,Fiji,IP.JRN.ARTC.SC,Scientific and technical journal articles,1996,17.36,,0
FIN,Finland,IP.JRN.ARTC.SC,Scientific and technical journal articles,2022,12012.73,,0
FIN,Finland,IP.JRN.ARTC.SC,Scientific and technical journal articles,2021,11810.95,,0
FIN,Finland,IP.JRN.ARTC.SC,Scientific and technical journal articles,2020,11315.41,,0
FIN,Finland,IP.JRN.ARTC.SC,Scientific and technical journal articles,2019,11414.95,,0
FIN,Finland,IP.JRN.ARTC.SC,Scientific and technical journal articles,2018,11150.48,,0
FIN,Finland,IP.JRN.ARTC.SC,Scientific and technical journal articles,2017,10979.67,,0
FIN,Finland,IP.JRN.ARTC.SC,Scientific and technical journal articles,2016,11298.48,,0
FIN,Finland,IP.JRN.ARTC.SC,Scientific and technical journal articles,2015,11122.9,,0
FIN,Finland,IP.JRN.ARTC.SC,Scientific and technical journal articles,2014,11283.46,,0
FIN,Finland,IP.JRN.ARTC.SC,Scientific and technical journal articles,2013,10837.45,,0
FIN,Finland,IP.JRN.ARTC.SC,Scientific and technical journal articles,2012,10587.78,,0
FIN,Finland,IP.JRN.ARTC.SC,Scientific and technical journal articles,2011,10343.68,,0
FIN,Finland,IP.JRN.ARTC.SC,Scientific and technical journal articles,2010,10072.37,,0
FIN,Finland,IP.JRN.ARTC.SC,Scientific and technical journal articles,2009,10026.71,,0
FIN,Finland,IP.JRN.ARTC.SC,Scientific and technical journal articles,2008,9647.85,,0
FIN,Finland,IP.JRN.ARTC.SC,Scientific and technical journal articles,2007,9450.35,,0
FIN,Finland,IP.JRN.ARTC.SC,Scientific and technical journal articles,2006,9476.9,,0
FIN,Finland,IP.JRN.ARTC.SC,Scientific and technical journal articles,2005,9211.78,,0
FIN,Finland,IP.JRN.ARTC.SC,Scientific and technical journal articles,2004,8820.77,,0
FIN,Finland,IP.JRN.ARTC.SC,Scientific and technical journal articles,2003,8091.63,,0
FIN,Finland,IP.JRN.ARTC.SC,Scientific and technical journal articles,2002,7849.93,,0
FIN,Finland,IP.JRN.ARTC.SC,Scientific and technical journal articles,2001,7767.57,,0
FIN,Finland,IP.JRN.ARTC.SC,Scientific and technical journal articles,2000,7504.8,,0
FIN,Finland,IP.JRN.ARTC.SC,Scientific and technical journal articles,1999,6932.89,,0
FIN,Finland,IP.JRN.ARTC.SC,Scientific and technical journal articles,1998,6928.39,,0
FIN,Finland,IP.JRN.ARTC.SC,Scientific and technical journal articles,1997,6940.03,,0
FIN,Finland,IP.JRN.ARTC.SC,Scientific and technical journal articles,1996,6576.37,,0
FRA,France,IP.JRN.ARTC.SC,Scientific and technical journal articles,2022,65888.42,,0
FRA,France,IP.JRN.ARTC.SC,Scientific and technical journal articles,2021,69471.16,,0
FRA,France,IP.JRN.ARTC.SC,Scientific and technical journal articles,2020,67560.3,,0
FRA,France,IP.JRN.ARTC.SC,Scientific and technical journal articles,2019,68294.1,,0
FRA,France,IP.JRN.ARTC.SC,Scientific and technical journal articles,2018,69234.08,,0
FRA,France,IP.JRN.ARTC.SC,Scientific and technical journal articles,2017,70699.91,,0
FRA,France,IP.JRN.ARTC.SC,Scientific and technical journal articles,2016,71971.68,,0
FRA,France,IP.JRN.ARTC.SC,Scientific and technical journal articles,2015,72732.87,,0
FRA,France,IP.JRN.ARTC.SC,Scientific and technical journal articles,2014,73314.26,,0
FRA,France,IP.JRN.ARTC.SC,Scientific and technical journal articles,2013,73455.58,,0
FRA,France,IP.JRN.ARTC.SC,Scientific and technical journal articles,2012,72430.66,,0
FRA,France,IP.JRN.ARTC.SC,Scientific and technical journal articles,2011,70701.69,,0
FRA,France,IP.JRN.ARTC.SC,Scientific and technical journal articles,2010,68992.83,,0
FRA,France,IP.JRN.ARTC.SC,Scientific and technical journal articles,2009,68546.59,,0
FRA,France,IP.JRN.ARTC.SC,Scientific and technical journal articles,2008,66839.35,,0
FRA,France,IP.JRN.ARTC.SC,Scientific and technical journal articles,2007,63765.35,,0
FRA,France,IP.JRN.ARTC.SC,Scientific and technical journal articles,2006,62862.38,,0
FRA,France,IP.JRN.ARTC.SC,Scientific and technical journal articles,2005,59947.65,,0
FRA,France,IP.JRN.ARTC.SC,Scientific and technical journal articles,2004,55363.06,,0
FRA,France,IP.JRN.ARTC.SC,Scientific and technical journal articles,2003,53080.93,,0
FRA,France,IP.JRN.ARTC.SC,Scientific and technical journal articles,2002,51494.97,,0
FRA,France,IP.JRN.ARTC.SC,Scientific and technical journal articles,2001,50801.94,,0
FRA,France,IP.JRN.ARTC.SC,Scientific and technical journal articles,2000,50006.98,,0
FRA,France,IP.JRN.ARTC.SC,Scientific and technical journal articles,1999,49210.64,,0
FRA,France,IP.JRN.ARTC.SC,Scientific and technical journal articles,1998,49672.35,,0
FRA,France,IP.JRN.ARTC.SC,Scientific and technical journal articles,1997,49416.52,,0
FRA,France,IP.JRN.ARTC.SC,Scientific and technical journal articles,1996,46610.69,,0
GAB,Gabon,IP.JRN.ARTC.SC,Scientific and technical journal articles,2022,95.12,,0
GAB,Gabon,IP.JRN.ARTC.SC,Scientific and technical journal articles,2021,92.54,,0
GAB,Gabon,IP.JRN.ARTC.SC,Scientific and technical journal articles,2020,62.1,,0
GAB,Gabon,IP.JRN.ARTC.SC,Scientific and technical journal articles,2019,76.27,,0
GAB,Gabon,IP.JRN.ARTC.SC,Scientific and technical journal articles,2018,61.46,,0
GAB,Gabon,IP.JRN.ARTC.SC,Scientific and technical journal articles,2017,61.38,,0
GAB,Gabon,IP.JRN.ARTC.SC,Scientific and technical journal articles,2016,59.25,,0
GAB,Gabon,IP.JRN.ARTC.SC,Scientific and technical journal articles,2015,61.03,,0
GAB,Gabon,IP.JRN.ARTC.SC,Scientific and technical journal articles,2014,60.1,,0
GAB,Gabon,IP.JRN.ARTC.SC,Scientific and technical journal articles,2013,54.08,,0
GAB,Gabon,IP.JRN.ARTC.SC,Scientific and technical journal articles,2012,50.52,,0
GAB,Gabon,IP.JRN.ARTC.SC,Scientific and technical journal articles,2011,57.18,,0
GAB,Gabon,IP.JRN.ARTC.SC,Scientific and technical journal articles,2010,42.93,,0
GAB,Gabon,IP.JRN.ARTC.SC,Scientific and technical journal articles,2009,50.45,,0
GAB,Gabon,IP.JRN.ARTC.SC,Scientific and technical journal articles,2008,41.52,,0
GAB,Gabon,IP.JRN.ARTC.SC,Scientific and technical journal articles,2007,33.15,,0
GAB,Gabon,IP.JRN.ARTC.SC,Scientific and technical journal articles,2006,42.17,,0
GAB,Gabon,IP.JRN.ARTC.SC,Scientific and technical journal articles,2005,48.89,,0
GAB,Gabon,IP.JRN.ARTC.SC,Scientific and technical journal articles,2004,32.45,,0
GAB,Gabon,IP.JRN.ARTC.SC,Scientific and technical journal articles,2003,26.9,,0
GAB,Gabon,IP.JRN.ARTC.SC,Scientific and technical journal articles,2002,29.88,,0
GAB,Gabon,IP.JRN.ARTC.SC,Scientific and technical journal articles,2001,28.73,,0
GAB,Gabon,IP.JRN.ARTC.SC,Scientific and technical journal articles,2000,23.61,,0
GAB,Gabon,IP.JRN.ARTC.SC,Scientific and technical journal articles,1999,36.5,,0
GAB,Gabon,IP.JRN.ARTC.SC,Scientific and technical journal articles,1998,33.26,,0
GAB,Gabon,IP.JRN.ARTC.SC,Scientific and technical journal articles,1997,29.5,,0
GAB,Gabon,IP.JRN.ARTC.SC,Scientific and technical journal articles,1996,21.65,,0
GMB,"Gambia, The",IP.JRN.ARTC.SC,Scientific and technical journal articles,2022,78.46,,0
GMB,"Gambia, The",IP.JRN.ARTC.SC,Scientific and technical journal articles,2021,80.5,,0
GMB,"Gambia, The",IP.JRN.ARTC.SC,Scientific and technical journal articles,2020,60.99,,0
GMB,"Gambia, The",IP.JRN.ARTC.SC,Scientific and technical journal articles,2019,51.16,,0
GMB,"Gambia, The",IP.JRN.ARTC.SC,Scientific and technical journal articles,2018,35.71,,0
GMB,"Gambia, The",IP.JRN.ARTC.SC,Scientific and technical journal articles,2017,46.96,,0
GMB,"Gambia, The",IP.JRN.ARTC.SC,Scientific and technical journal articles,2016,52.33,,0
GMB,"Gambia, The",IP.JRN.ARTC.SC,Scientific and technical journal articles,2015,41.96,,0
GMB,"Gambia, The",IP.JRN.ARTC.SC,Scientific and technical journal articles,2014,46.24,,0
GMB,"Gambia, The",IP.JRN.ARTC.SC,Scientific and technical journal articles,2013,45.65,,0
GMB,"Gambia, The",IP.JRN.ARTC.SC,Scientific and technical journal articles,2012,37.11,,0
GMB,"Gambia, The",IP.JRN.ARTC.SC,Scientific and technical journal articles,2011,33.81,,0
GMB,"Gambia, The",IP.JRN.ARTC.SC,Scientific and technical journal articles,2010,45.39,,0
GMB,"Gambia, The",IP.JRN.ARTC.SC,Scientific and technical journal articles,2009,38.47,,0
GMB,"Gambia, The",IP.JRN.ARTC.SC,Scientific and technical journal articles,2008,43.22,,0
GMB,"Gambia, The",IP.JRN.ARTC.SC,Scientific and technical journal articles,2007,36.46,,0
GMB,"Gambia, The",IP.JRN.ARTC.SC,Scientific and technical journal articles,2006,44,,0
GMB,"Gambia, The",IP.JRN.ARTC.SC,Scientific and technical journal articles,2005,37.35,,0
GMB,"Gambia, The",IP.JRN.ARTC.SC,Scientific and technical journal articles,2004,36.92,,0
GMB,"Gambia, The",IP.JRN.ARTC.SC,Scientific and technical journal articles,2003,31.85,,0
GMB,"Gambia, The",IP.JRN.ARTC.SC,Scientific and technical journal articles,2002,25.78,,0
GMB,"Gambia, The",IP.JRN.ARTC.SC,Scientific and technical journal articles,2001,35.31,,0
GMB,"Gambia, The",IP.JRN.ARTC.SC,Scientific and technical journal articles,2000,27.9,,0
GMB,"Gambia, The",IP.JRN.ARTC.SC,Scientific and technical journal articles,1999,34.27,,0
GMB,"Gambia, The",IP.JRN.ARTC.SC,Scientific and technical journal articles,1998,33.33,,0
GMB,"Gambia, The",IP.JRN.ARTC.SC,Scientific and technical journal articles,1997,32.73,,0
GMB,"Gambia, The",IP.JRN.ARTC.SC,Scientific and technical journal articles,1996,37.61,,0
GEO,Georgia,IP.JRN.ARTC.SC,Scientific and technical journal articles,2022,598.53,,0
GEO,Georgia,IP.JRN.ARTC.SC,Scientific and technical journal articles,2021,657.35,,0
GEO,Georgia,IP.JRN.ARTC.SC,Scientific and technical journal articles,2020,619.47,,0
GEO,Georgia,IP.JRN.ARTC.SC,Scientific and technical journal articles,2019,621.16,,0
GEO,Georgia,IP.JRN.ARTC.SC,Scientific and technical journal articles,2018,548.01,,0
GEO,Georgia,IP.JRN.ARTC.SC,Scientific and technical journal articles,2017,542.95,,0
GEO,Georgia,IP.JRN.ARTC.SC,Scientific and technical journal articles,2016,592.01,,0
GEO,Georgia,IP.JRN.ARTC.SC,Scientific and technical journal articles,2015,490.4,,0
GEO,Georgia,IP.JRN.ARTC.SC,Scientific and technical journal articles,2014,460.12,,0
GEO,Georgia,IP.JRN.ARTC.SC,Scientific and technical journal articles,2013,470.11,,0
GEO,Georgia,IP.JRN.ARTC.SC,Scientific and technical journal articles,2012,452.71,,0
GEO,Georgia,IP.JRN.ARTC.SC,Scientific and technical journal articles,2011,479.16,,0
GEO,Georgia,IP.JRN.ARTC.SC,Scientific and technical journal articles,2010,344.56,,0
GEO,Georgia,IP.JRN.ARTC.SC,Scientific and technical journal articles,2009,440.68,,0
GEO,Georgia,IP.JRN.ARTC.SC,Scientific and technical journal articles,2008,409.08,,0
GEO,Georgia,IP.JRN.ARTC.SC,Scientific and technical journal articles,2007,357.88,,0
GEO,Georgia,IP.JRN.ARTC.SC,Scientific and technical journal articles,2006,441.69,,0
GEO,Georgia,IP.JRN.ARTC.SC,Scientific and technical journal articles,2005,423.6,,0
GEO,Georgia,IP.JRN.ARTC.SC,Scientific and technical journal articles,2004,314.64,,0
GEO,Georgia,IP.JRN.ARTC.SC,Scientific and technical journal articles,2003,252.78,,0
GEO,Georgia,IP.JRN.ARTC.SC,Scientific and technical journal articles,2002,258.71,,0
GEO,Georgia,IP.JRN.ARTC.SC,Scientific and technical journal articles,2001,231.08,,0
GEO,Georgia,IP.JRN.ARTC.SC,Scientific and technical journal articles,2000,262.72,,0
GEO,Georgia,IP.JRN.ARTC.SC,Scientific and technical journal articles,1999,247.35,,0
GEO,Georgia,IP.JRN.ARTC.SC,Scientific and technical journal articles,1998,243.6,,0
GEO,Georgia,IP.JRN.ARTC.SC,Scientific and technical journal articles,1997,258.71,,0
GEO,Georgia,IP.JRN.ARTC.SC,Scientific and technical journal articles,1996,216.91,,0
DEU,Germany,IP.JRN.ARTC.SC,Scientific and technical journal articles,2022,113976.3,,0
DEU,Germany,IP.JRN.ARTC.SC,Scientific and technical journal articles,2021,119603.62,,0
DEU,Germany,IP.JRN.ARTC.SC,Scientific and technical journal articles,2020,112179.45,,0
DEU,Germany,IP.JRN.ARTC.SC,Scientific and technical journal articles,2019,113491.66,,0
DEU,Germany,IP.JRN.ARTC.SC,Scientific and technical journal articles,2018,111308.13,,0
DEU,Germany,IP.JRN.ARTC.SC,Scientific and technical journal articles,2017,111426.61,,0
DEU,Germany,IP.JRN.ARTC.SC,Scientific and technical journal articles,2016,110725.54,,0
DEU,Germany,IP.JRN.ARTC.SC,Scientific and technical journal articles,2015,108479.28,,0
DEU,Germany,IP.JRN.ARTC.SC,Scientific and technical journal articles,2014,108118.23,,0
DEU,Germany,IP.JRN.ARTC.SC,Scientific and technical journal articles,2013,106118.13,,0
DEU,Germany,IP.JRN.ARTC.SC,Scientific and technical journal articles,2012,105639.02,,0
DEU,Germany,IP.JRN.ARTC.SC,Scientific and technical journal articles,2011,101238.25,,0
DEU,Germany,IP.JRN.ARTC.SC,Scientific and technical journal articles,2010,98512.11,,0
DEU,Germany,IP.JRN.ARTC.SC,Scientific and technical journal articles,2009,96399.98,,0
DEU,Germany,IP.JRN.ARTC.SC,Scientific and technical journal articles,2008,93343.56,,0
DEU,Germany,IP.JRN.ARTC.SC,Scientific and technical journal articles,2007,90199.02,,0
DEU,Germany,IP.JRN.ARTC.SC,Scientific and technical journal articles,2006,87144.84,,0
DEU,Germany,IP.JRN.ARTC.SC,Scientific and technical journal articles,2005,85127.72,,0
DEU,Germany,IP.JRN.ARTC.SC,Scientific and technical journal articles,2004,77210.07,,0
DEU,Germany,IP.JRN.ARTC.SC,Scientific and technical journal articles,2003,74319.9,,0
DEU,Germany,IP.JRN.ARTC.SC,Scientific and technical journal articles,2002,71994.35,,0
DEU,Germany,IP.JRN.ARTC.SC,Scientific and technical journal articles,2001,71531.01,,0
DEU,Germany,IP.JRN.ARTC.SC,Scientific and technical journal articles,2000,69738.56,,0
DEU,Germany,IP.JRN.ARTC.SC,Scientific and technical journal articles,1999,67533.92,,0
DEU,Germany,IP.JRN.ARTC.SC,Scientific and technical journal articles,1998,69447.96,,0
DEU,Germany,IP.JRN.ARTC.SC,Scientific and technical journal articles,1997,68275.18,,0
DEU,Germany,IP.JRN.ARTC.SC,Scientific and technical journal articles,1996,64230.05,,0
GHA,Ghana,IP.JRN.ARTC.SC,Scientific and technical journal articles,2022,3075.26,,0
GHA,Ghana,IP.JRN.ARTC.SC,Scientific and technical journal articles,2021,2559.56,,0
GHA,Ghana,IP.JRN.ARTC.SC,Scientific and technical journal articles,2020,2076.52,,0
GHA,Ghana,IP.JRN.ARTC.SC,Scientific and technical journal articles,2019,1656.45,,0
GHA,Ghana,IP.JRN.ARTC.SC,Scientific and technical journal articles,2018,1363.5,,0
GHA,Ghana,IP.JRN.ARTC.SC,Scientific and technical journal articles,2017,1116.58,,0
GHA,Ghana,IP.JRN.ARTC.SC,Scientific and technical journal articles,2016,1008,,0
GHA,Ghana,IP.JRN.ARTC.SC,Scientific and technical journal articles,2015,786.31,,0
GHA,Ghana,IP.JRN.ARTC.SC,Scientific and technical journal articles,2014,623.17,,0
GHA,Ghana,IP.JRN.ARTC.SC,Scientific and technical journal articles,2013,580.35,,0
GHA,Ghana,IP.JRN.ARTC.SC,Scientific and technical journal articles,2012,514.3,,0
GHA,Ghana,IP.JRN.ARTC.SC,Scientific and technical journal articles,2011,409.64,,0
GHA,Ghana,IP.JRN.ARTC.SC,Scientific and technical journal articles,2010,355.3,,0
GHA,Ghana,IP.JRN.ARTC.SC,Scientific and technical journal articles,2009,307.36,,0
GHA,Ghana,IP.JRN.ARTC.SC,Scientific and technical journal articles,2008,254.85,,0
GHA,Ghana,IP.JRN.ARTC.SC,Scientific and technical journal articles,2007,234.56,,0
GHA,Ghana,IP.JRN.ARTC.SC,Scientific and technical journal articles,2006,188.01,,0
GHA,Ghana,IP.JRN.ARTC.SC,Scientific and technical journal articles,2005,189.04,,0
GHA,Ghana,IP.JRN.ARTC.SC,Scientific and technical journal articles,2004,173.48,,0
GHA,Ghana,IP.JRN.ARTC.SC,Scientific and technical journal articles,2003,149.24,,0
GHA,Ghana,IP.JRN.ARTC.SC,Scientific and technical journal articles,2002,148.88,,0
GHA,Ghana,IP.JRN.ARTC.SC,Scientific and technical journal articles,2001,117.26,,0
GHA,Ghana,IP.JRN.ARTC.SC,Scientific and technical journal articles,2000,139.15,,0
GHA,Ghana,IP.JRN.ARTC.SC,Scientific and technical journal articles,1999,129.11,,0
GHA,Ghana,IP.JRN.ARTC.SC,Scientific and technical journal articles,1998,130.02,,0
GHA,Ghana,IP.JRN.ARTC.SC,Scientific and technical journal articles,1997,135.69,,0
GHA,Ghana,IP.JRN.ARTC.SC,Scientific and technical journal articles,1996,124.99,,0
GRC,Greece,IP.JRN.ARTC.SC,Scientific and technical journal articles,2022,15105.34,,0
GRC,Greece,IP.JRN.ARTC.SC,Scientific and technical journal articles,2021,14749.19,,0
GRC,Greece,IP.JRN.ARTC.SC,Scientific and technical journal articles,2020,12756.02,,0
GRC,Greece,IP.JRN.ARTC.SC,Scientific and technical journal articles,2019,11908.61,,0
GRC,Greece,IP.JRN.ARTC.SC,Scientific and technical journal articles,2018,11287.46,,0
GRC,Greece,IP.JRN.ARTC.SC,Scientific and technical journal articles,2017,11146.65,,0
GRC,Greece,IP.JRN.ARTC.SC,Scientific and technical journal articles,2016,11175.8,,0
GRC,Greece,IP.JRN.ARTC.SC,Scientific and technical journal articles,2015,11331.18,,0
GRC,Greece,IP.JRN.ARTC.SC,Scientific and technical journal articles,2014,11537,,0
GRC,Greece,IP.JRN.ARTC.SC,Scientific and technical journal articles,2013,11775.12,,0
GRC,Greece,IP.JRN.ARTC.SC,Scientific and technical journal articles,2012,11842.68,,0
GRC,Greece,IP.JRN.ARTC.SC,Scientific and technical journal articles,2011,11931.57,,0
GRC,Greece,IP.JRN.ARTC.SC,Scientific and technical journal articles,2010,11935.23,,0
GRC,Greece,IP.JRN.ARTC.SC,Scientific and technical journal articles,2009,12048.84,,0
GRC,Greece,IP.JRN.ARTC.SC,Scientific and technical journal articles,2008,11787.68,,0
GRC,Greece,IP.JRN.ARTC.SC,Scientific and technical journal articles,2007,11128.2,,0
GRC,Greece,IP.JRN.ARTC.SC,Scientific and technical journal articles,2006,10644.78,,0
GRC,Greece,IP.JRN.ARTC.SC,Scientific and technical journal articles,2005,9227.1,,0
GRC,Greece,IP.JRN.ARTC.SC,Scientific and technical journal articles,2004,7935.37,,0
GRC,Greece,IP.JRN.ARTC.SC,Scientific and technical journal articles,2003,6768.16,,0
GRC,Greece,IP.JRN.ARTC.SC,Scientific and technical journal articles,2002,6408.11,,0
GRC,Greece,IP.JRN.ARTC.SC,Scientific and technical journal articles,2001,5720.28,,0
GRC,Greece,IP.JRN.ARTC.SC,Scientific and technical journal articles,2000,5285.59,,0
GRC,Greece,IP.JRN.ARTC.SC,Scientific and technical journal articles,1999,4573.08,,0
GRC,Greece,IP.JRN.ARTC.SC,Scientific and technical journal articles,1998,4572.31,,0
GRC,Greece,IP.JRN.ARTC.SC,Scientific and technical journal articles,1997,4411.82,,0
GRC,Greece,IP.JRN.ARTC.SC,Scientific and technical journal articles,1996,4063.96,,0
GRL,Greenland,IP.JRN.ARTC.SC,Scientific and technical journal articles,2022,30.55,,0
GRL,Greenland,IP.JRN.ARTC.SC,Scientific and technical journal articles,2021,35.19,,0
GRL,Greenland,IP.JRN.ARTC.SC,Scientific and technical journal articles,2020,29.34,,0
GRL,Greenland,IP.JRN.ARTC.SC,Scientific and technical journal articles,2019,28.41,,0
GRL,Greenland,IP.JRN.ARTC.SC,Scientific and technical journal articles,2018,31.51,,0
GRL,Greenland,IP.JRN.ARTC.SC,Scientific and technical journal articles,2017,25.88,,0
GRL,Greenland,IP.JRN.ARTC.SC,Scientific and technical journal articles,2016,23.8,,0
GRL,Greenland,IP.JRN.ARTC.SC,Scientific and technical journal articles,2015,29.22,,0
GRL,Greenland,IP.JRN.ARTC.SC,Scientific and technical journal articles,2014,23.84,,0
GRL,Greenland,IP.JRN.ARTC.SC,Scientific and technical journal articles,2013,31.57,,0
GRL,Greenland,IP.JRN.ARTC.SC,Scientific and technical journal articles,2012,25.44,,0
GRL,Greenland,IP.JRN.ARTC.SC,Scientific and technical journal articles,2011,17.55,,0
GRL,Greenland,IP.JRN.ARTC.SC,Scientific and technical journal articles,2010,21.35,,0
GRL,Greenland,IP.JRN.ARTC.SC,Scientific and technical journal articles,2009,11.79,,0
GRL,Greenland,IP.JRN.ARTC.SC,Scientific and technical journal articles,2008,15.94,,0
GRL,Greenland,IP.JRN.ARTC.SC,Scientific and technical journal articles,2007,15.91,,0
GRL,Greenland,IP.JRN.ARTC.SC,Scientific and technical journal articles,2006,14.22,,0
GRL,Greenland,IP.JRN.ARTC.SC,Scientific and technical journal articles,2005,15.56,,0
GRL,Greenland,IP.JRN.ARTC.SC,Scientific and technical journal articles,2004,28.53,,0
GRL,Greenland,IP.JRN.ARTC.SC,Scientific and technical journal articles,2003,11.81,,0
GRL,Greenland,IP.JRN.ARTC.SC,Scientific and technical journal articles,2002,11.86,,0
GRL,Greenland,IP.JRN.ARTC.SC,Scientific and technical journal articles,2001,9.11,,0
GRL,Greenland,IP.JRN.ARTC.SC,Scientific and technical journal articles,2000,11.91,,0
GRL,Greenland,IP.JRN.ARTC.SC,Scientific and technical journal articles,1999,4.68,,0
GRL,Greenland,IP.JRN.ARTC.SC,Scientific and technical journal articles,1998,9.75,,0
GRL,Greenland,IP.JRN.ARTC.SC,Scientific and technical journal articles,1997,7.88,,0
GRL,Greenland,IP.JRN.ARTC.SC,Scientific and technical journal articles,1996,5.27,,0
GRD,Grenada,IP.JRN.ARTC.SC,Scientific and technical journal articles,2022,52.76,,0
GRD,Grenada,IP.JRN.ARTC.SC,Scientific and technical journal articles,2021,61.74,,0
GRD,Grenada,IP.JRN.ARTC.SC,Scientific and technical journal articles,2020,57.66,,0
GRD,Grenada,IP.JRN.ARTC.SC,Scientific and technical journal articles,2019,58.19,,0
GRD,Grenada,IP.JRN.ARTC.SC,Scientific and technical journal articles,2018,46.65,,0
GRD,Grenada,IP.JRN.ARTC.SC,Scientific and technical journal articles,2017,56.14,,0
GRD,Grenada,IP.JRN.ARTC.SC,Scientific and technical journal articles,2016,36.97,,0
GRD,Grenada,IP.JRN.ARTC.SC,Scientific and technical journal articles,2015,33.62,,0
GRD,Grenada,IP.JRN.ARTC.SC,Scientific and technical journal articles,2014,55.26,,0
GRD,Grenada,IP.JRN.ARTC.SC,Scientific and technical journal articles,2013,34.5,,0
GRD,Grenada,IP.JRN.ARTC.SC,Scientific and technical journal articles,2012,29.85,,0
GRD,Grenada,IP.JRN.ARTC.SC,Scientific and technical journal articles,2011,23.02,,0
GRD,Grenada,IP.JRN.ARTC.SC,Scientific and technical journal articles,2010,17.49,,0
GRD,Grenada,IP.JRN.ARTC.SC,Scientific and technical journal articles,2009,17.53,,0
GRD,Grenada,IP.JRN.ARTC.SC,Scientific and technical journal articles,2008,23.41,,0
GRD,Grenada,IP.JRN.ARTC.SC,Scientific and technical journal articles,2007,21.24,,0
GRD,Grenada,IP.JRN.ARTC.SC,Scientific and technical journal articles,2006,12.48,,0
GRD,Grenada,IP.JRN.ARTC.SC,Scientific and technical journal articles,2005,4.69,,0
GRD,Grenada,IP.JRN.ARTC.SC,Scientific and technical journal articles,2004,4.18,,0
GRD,Grenada,IP.JRN.ARTC.SC,Scientific and technical journal articles,2003,5.4,,0
GRD,Grenada,IP.JRN.ARTC.SC,Scientific and technical journal articles,2002,1.92,,0
GRD,Grenada,IP.JRN.ARTC.SC,Scientific and technical journal articles,2001,2.79,,0
GRD,Grenada,IP.JRN.ARTC.SC,Scientific and technical journal articles,2000,1.04,,0
GRD,Grenada,IP.JRN.ARTC.SC,Scientific and technical journal articles,1999,1.2,,0
GRD,Grenada,IP.JRN.ARTC.SC,Scientific and technical journal articles,1998,1.75,,0
GRD,Grenada,IP.JRN.ARTC.SC,Scientific and technical journal articles,1997,1.8,,0
GRD,Grenada,IP.JRN.ARTC.SC,Scientific and technical journal articles,1996,2.19,,0
GTM,Guatemala,IP.JRN.ARTC.SC,Scientific and technical journal articles,2022,121.38,,0
GTM,Guatemala,IP.JRN.ARTC.SC,Scientific and technical journal articles,2021,124.03,,0
GTM,Guatemala,IP.JRN.ARTC.SC,Scientific and technical journal articles,2020,123.82,,0
GTM,Guatemala,IP.JRN.ARTC.SC,Scientific and technical journal articles,2019,95.12,,0
GTM,Guatemala,IP.JRN.ARTC.SC,Scientific and technical journal articles,2018,106.75,,0
GTM,Guatemala,IP.JRN.ARTC.SC,Scientific and technical journal articles,2017,105.53,,0
GTM,Guatemala,IP.JRN.ARTC.SC,Scientific and technical journal articles,2016,91.55,,0
GTM,Guatemala,IP.JRN.ARTC.SC,Scientific and technical journal articles,2015,85.69,,0
GTM,Guatemala,IP.JRN.ARTC.SC,Scientific and technical journal articles,2014,63.06,,0
GTM,Guatemala,IP.JRN.ARTC.SC,Scientific and technical journal articles,2013,72.98,,0
GTM,Guatemala,IP.JRN.ARTC.SC,Scientific and technical journal articles,2012,67.55,,0
GTM,Guatemala,IP.JRN.ARTC.SC,Scientific and technical journal articles,2011,44.39,,0
GTM,Guatemala,IP.JRN.ARTC.SC,Scientific and technical journal articles,2010,52,,0
GTM,Guatemala,IP.JRN.ARTC.SC,Scientific and technical journal articles,2009,55.78,,0
GTM,Guatemala,IP.JRN.ARTC.SC,Scientific and technical journal articles,2008,36.23,,0
GTM,Guatemala,IP.JRN.ARTC.SC,Scientific and technical journal articles,2007,32.06,,0
GTM,Guatemala,IP.JRN.ARTC.SC,Scientific and technical journal articles,2006,36.47,,0
GTM,Guatemala,IP.JRN.ARTC.SC,Scientific and technical journal articles,2005,46.75,,0
GTM,Guatemala,IP.JRN.ARTC.SC,Scientific and technical journal articles,2004,28.55,,0
GTM,Guatemala,IP.JRN.ARTC.SC,Scientific and technical journal articles,2003,26.71,,0
GTM,Guatemala,IP.JRN.ARTC.SC,Scientific and technical journal articles,2002,23.92,,0
GTM,Guatemala,IP.JRN.ARTC.SC,Scientific and technical journal articles,2001,23.84,,0
GTM,Guatemala,IP.JRN.ARTC.SC,Scientific and technical journal articles,2000,24.13,,0
GTM,Guatemala,IP.JRN.ARTC.SC,Scientific and technical journal articles,1999,29.73,,0
GTM,Guatemala,IP.JRN.ARTC.SC,Scientific and technical journal articles,1998,29.89,,0
GTM,Guatemala,IP.JRN.ARTC.SC,Scientific and technical journal articles,1997,30.84,,0
GTM,Guatemala,IP.JRN.ARTC.SC,Scientific and technical journal articles,1996,42.21,,0
GIN,Guinea,IP.JRN.ARTC.SC,Scientific and technical journal articles,2022,47.18,,0
GIN,Guinea,IP.JRN.ARTC.SC,Scientific and technical journal articles,2021,48.47,,0
GIN,Guinea,IP.JRN.ARTC.SC,Scientific and technical journal articles,2020,40.58,,0
GIN,Guinea,IP.JRN.ARTC.SC,Scientific and technical journal articles,2019,34.43,,0
GIN,Guinea,IP.JRN.ARTC.SC,Scientific and technical journal articles,2018,27.85,,0
GIN,Guinea,IP.JRN.ARTC.SC,Scientific and technical journal articles,2017,36.5,,0
GIN,Guinea,IP.JRN.ARTC.SC,Scientific and technical journal articles,2016,38.66,,0
GIN,Guinea,IP.JRN.ARTC.SC,Scientific and technical journal articles,2015,27.61,,0
GIN,Guinea,IP.JRN.ARTC.SC,Scientific and technical journal articles,2014,20.42,,0
GIN,Guinea,IP.JRN.ARTC.SC,Scientific and technical journal articles,2013,10.51,,0
GIN,Guinea,IP.JRN.ARTC.SC,Scientific and technical journal articles,2012,11.65,,0
GIN,Guinea,IP.JRN.ARTC.SC,Scientific and technical journal articles,2011,10.5,,0
GIN,Guinea,IP.JRN.ARTC.SC,Scientific and technical journal articles,2010,11.55,,0
GIN,Guinea,IP.JRN.ARTC.SC,Scientific and technical journal articles,2009,11.83,,0
GIN,Guinea,IP.JRN.ARTC.SC,Scientific and technical journal articles,2008,12.04,,0
GIN,Guinea,IP.JRN.ARTC.SC,Scientific and technical journal articles,2007,14.11,,0
GIN,Guinea,IP.JRN.ARTC.SC,Scientific and technical journal articles,2006,16.78,,0
GIN,Guinea,IP.JRN.ARTC.SC,Scientific and technical journal articles,2005,6.9,,0
GIN,Guinea,IP.JRN.ARTC.SC,Scientific and technical journal articles,2004,10.91,,0
GIN,Guinea,IP.JRN.ARTC.SC,Scientific and technical journal articles,2003,5.66,,0
GIN,Guinea,IP.JRN.ARTC.SC,Scientific and technical journal articles,2002,10.4,,0
GIN,Guinea,IP.JRN.ARTC.SC,Scientific and technical journal articles,2001,14.28,,0
GIN,Guinea,IP.JRN.ARTC.SC,Scientific and technical journal articles,2000,3.11,,0
GIN,Guinea,IP.JRN.ARTC.SC,Scientific and technical journal articles,1999,3.85,,0
GIN,Guinea,IP.JRN.ARTC.SC,Scientific and technical journal articles,1998,5.14,,0
GIN,Guinea,IP.JRN.ARTC.SC,Scientific and technical journal articles,1997,4.23,,0
GIN,Guinea,IP.JRN.ARTC.SC,Scientific and technical journal articles,1996,8.02,,0
GNB,Guinea-Bissau,IP.JRN.ARTC.SC,Scientific and technical journal articles,2022,14.77,,0
GNB,Guinea-Bissau,IP.JRN.ARTC.SC,Scientific and technical journal articles,2021,14.11,,0
GNB,Guinea-Bissau,IP.JRN.ARTC.SC,Scientific and technical journal articles,2020,16.91,,0
GNB,Guinea-Bissau,IP.JRN.ARTC.SC,Scientific and technical journal articles,2019,14.05,,0
GNB,Guinea-Bissau,IP.JRN.ARTC.SC,Scientific and technical journal articles,2018,15.58,,0
GNB,Guinea-Bissau,IP.JRN.ARTC.SC,Scientific and technical journal articles,2017,16.62,,0
GNB,Guinea-Bissau,IP.JRN.ARTC.SC,Scientific and technical journal articles,2016,11.07,,0
GNB,Guinea-Bissau,IP.JRN.ARTC.SC,Scientific and technical journal articles,2015,9.68,,0
GNB,Guinea-Bissau,IP.JRN.ARTC.SC,Scientific and technical journal articles,2014,17.74,,0
GNB,Guinea-Bissau,IP.JRN.ARTC.SC,Scientific and technical journal articles,2013,12.09,,0
GNB,Guinea-Bissau,IP.JRN.ARTC.SC,Scientific and technical journal articles,2012,12.8,,0
GNB,Guinea-Bissau,IP.JRN.ARTC.SC,Scientific and technical journal articles,2011,10.38,,0
GNB,Guinea-Bissau,IP.JRN.ARTC.SC,Scientific and technical journal articles,2010,5.8,,0
GNB,Guinea-Bissau,IP.JRN.ARTC.SC,Scientific and technical journal articles,2009,8.29,,0
GNB,Guinea-Bissau,IP.JRN.ARTC.SC,Scientific and technical journal articles,2008,6.29,,0
GNB,Guinea-Bissau,IP.JRN.ARTC.SC,Scientific and technical journal articles,2007,12.14,,0
GNB,Guinea-Bissau,IP.JRN.ARTC.SC,Scientific and technical journal articles,2006,6.74,,0
GNB,Guinea-Bissau,IP.JRN.ARTC.SC,Scientific and technical journal articles,2005,9.39,,0
GNB,Guinea-Bissau,IP.JRN.ARTC.SC,Scientific and technical journal articles,2004,10.64,,0
GNB,Guinea-Bissau,IP.JRN.ARTC.SC,Scientific and technical journal articles,2003,8.01,,0
GNB,Guinea-Bissau,IP.JRN.ARTC.SC,Scientific and technical journal articles,2002,5.09,,0
GNB,Guinea-Bissau,IP.JRN.ARTC.SC,Scientific and technical journal articles,2001,2.23,,0
GNB,Guinea-Bissau,IP.JRN.ARTC.SC,Scientific and technical journal articles,2000,1.48,,0
GNB,Guinea-Bissau,IP.JRN.ARTC.SC,Scientific and technical journal articles,1999,7.48,,0
GNB,Guinea-Bissau,IP.JRN.ARTC.SC,Scientific and technical journal articles,1998,2.4,,0
GNB,Guinea-Bissau,IP.JRN.ARTC.SC,Scientific and technical journal articles,1997,4.42,,0
GNB,Guinea-Bissau,IP.JRN.ARTC.SC,Scientific and technical journal articles,1996,2.29,,0
GUY,Guyana,IP.JRN.ARTC.SC,Scientific and technical journal articles,2022,28.87,,0
GUY,Guyana,IP.JRN.ARTC.SC,Scientific and technical journal articles,2021,29.95,,0
GUY,Guyana,IP.JRN.ARTC.SC,Scientific and technical journal articles,2020,25.06,,0
GUY,Guyana,IP.JRN.ARTC.SC,Scientific and technical journal articles,2019,17.09,,0
GUY,Guyana,IP.JRN.ARTC.SC,Scientific and technical journal articles,2018,14.89,,0
GUY,Guyana,IP.JRN.ARTC.SC,Scientific and technical journal articles,2017,17.45,,0
GUY,Guyana,IP.JRN.ARTC.SC,Scientific and technical journal articles,2016,13.58,,0
GUY,Guyana,IP.JRN.ARTC.SC,Scientific and technical journal articles,2015,9.85,,0
GUY,Guyana,IP.JRN.ARTC.SC,Scientific and technical journal articles,2014,12.11,,0
GUY,Guyana,IP.JRN.ARTC.SC,Scientific and technical journal articles,2013,13.74,,0
GUY,Guyana,IP.JRN.ARTC.SC,Scientific and technical journal articles,2012,13.39,,0
GUY,Guyana,IP.JRN.ARTC.SC,Scientific and technical journal articles,2011,10.65,,0
GUY,Guyana,IP.JRN.ARTC.SC,Scientific and technical journal articles,2010,20.13,,0
GUY,Guyana,IP.JRN.ARTC.SC,Scientific and technical journal articles,2009,10.23,,0
GUY,Guyana,IP.JRN.ARTC.SC,Scientific and technical journal articles,2008,10.07,,0
GUY,Guyana,IP.JRN.ARTC.SC,Scientific and technical journal articles,2007,12.11,,0
GUY,Guyana,IP.JRN.ARTC.SC,Scientific and technical journal articles,2006,9.64,,0
GUY,Guyana,IP.JRN.ARTC.SC,Scientific and technical journal articles,2005,20.19,,0
GUY,Guyana,IP.JRN.ARTC.SC,Scientific and technical journal articles,2004,11.3,,0
GUY,Guyana,IP.JRN.ARTC.SC,Scientific and technical journal articles,2003,7.29,,0
GUY,Guyana,IP.JRN.ARTC.SC,Scientific and technical journal articles,2002,7.86,,0
GUY,Guyana,IP.JRN.ARTC.SC,Scientific and technical journal articles,2001,8.31,,0
GUY,Guyana,IP.JRN.ARTC.SC,Scientific and technical journal articles,2000,10.27,,0
GUY,Guyana,IP.JRN.ARTC.SC,Scientific and technical journal articles,1999,8.78,,0
GUY,Guyana,IP.JRN.ARTC.SC,Scientific and technical journal articles,1998,5.18,,0
GUY,Guyana,IP.JRN.ARTC.SC,Scientific and technical journal articles,1997,11.68,,0
GUY,Guyana,IP.JRN.ARTC.SC,Scientific and technical journal articles,1996,3.95,,0
HTI,Haiti,IP.JRN.ARTC.SC,Scientific and technical journal articles,2022,37.56,,0
HTI,Haiti,IP.JRN.ARTC.SC,Scientific and technical journal articles,2021,40.18,,0
HTI,Haiti,IP.JRN.ARTC.SC,Scientific and technical journal articles,2020,41.75,,0
HTI,Haiti,IP.JRN.ARTC.SC,Scientific and technical journal articles,2019,35.07,,0
HTI,Haiti,IP.JRN.ARTC.SC,Scientific and technical journal articles,2018,31.58,,0
HTI,Haiti,IP.JRN.ARTC.SC,Scientific and technical journal articles,2017,42.22,,0
HTI,Haiti,IP.JRN.ARTC.SC,Scientific and technical journal articles,2016,32.5,,0
HTI,Haiti,IP.JRN.ARTC.SC,Scientific and technical journal articles,2015,33.84,,0
HTI,Haiti,IP.JRN.ARTC.SC,Scientific and technical journal articles,2014,36.71,,0
HTI,Haiti,IP.JRN.ARTC.SC,Scientific and technical journal articles,2013,29.38,,0
HTI,Haiti,IP.JRN.ARTC.SC,Scientific and technical journal articles,2012,16.87,,0
HTI,Haiti,IP.JRN.ARTC.SC,Scientific and technical journal articles,2011,18.13,,0
HTI,Haiti,IP.JRN.ARTC.SC,Scientific and technical journal articles,2010,14.55,,0
HTI,Haiti,IP.JRN.ARTC.SC,Scientific and technical journal articles,2009,11.67,,0
HTI,Haiti,IP.JRN.ARTC.SC,Scientific and technical journal articles,2008,7.02,,0
HTI,Haiti,IP.JRN.ARTC.SC,Scientific and technical journal articles,2007,10.52,,0
HTI,Haiti,IP.JRN.ARTC.SC,Scientific and technical journal articles,2006,14.05,,0
HTI,Haiti,IP.JRN.ARTC.SC,Scientific and technical journal articles,2005,8.17,,0
HTI,Haiti,IP.JRN.ARTC.SC,Scientific and technical journal articles,2004,6.32,,0
HTI,Haiti,IP.JRN.ARTC.SC,Scientific and technical journal articles,2003,4.93,,0
HTI,Haiti,IP.JRN.ARTC.SC,Scientific and technical journal articles,2002,6.03,,0
HTI,Haiti,IP.JRN.ARTC.SC,Scientific and technical journal articles,2001,4.69,,0
HTI,Haiti,IP.JRN.ARTC.SC,Scientific and technical journal articles,2000,5.46,,0
HTI,Haiti,IP.JRN.ARTC.SC,Scientific and technical journal articles,1999,0.81,,0
HTI,Haiti,IP.JRN.ARTC.SC,Scientific and technical journal articles,1998,5.93,,0
HTI,Haiti,IP.JRN.ARTC.SC,Scientific and technical journal articles,1997,3.53,,0
HTI,Haiti,IP.JRN.ARTC.SC,Scientific and technical journal articles,1996,2.01,,0
HND,Honduras,IP.JRN.ARTC.SC,Scientific and technical journal articles,2022,159.18,,0
HND,Honduras,IP.JRN.ARTC.SC,Scientific and technical journal articles,2021,112.68,,0
HND,Honduras,IP.JRN.ARTC.SC,Scientific and technical journal articles,2020,114.94,,0
HND,Honduras,IP.JRN.ARTC.SC,Scientific and technical journal articles,2019,78.07,,0
HND,Honduras,IP.JRN.ARTC.SC,Scientific and technical journal articles,2018,46.74,,0
HND,Honduras,IP.JRN.ARTC.SC,Scientific and technical journal articles,2017,45.54,,0
HND,Honduras,IP.JRN.ARTC.SC,Scientific and technical journal articles,2016,32.64,,0
HND,Honduras,IP.JRN.ARTC.SC,Scientific and technical journal articles,2015,30.92,,0
HND,Honduras,IP.JRN.ARTC.SC,Scientific and technical journal articles,2014,25.36,,0
HND,Honduras,IP.JRN.ARTC.SC,Scientific and technical journal articles,2013,19.55,,0
HND,Honduras,IP.JRN.ARTC.SC,Scientific and technical journal articles,2012,26.42,,0
HND,Honduras,IP.JRN.ARTC.SC,Scientific and technical journal articles,2011,19.1,,0
HND,Honduras,IP.JRN.ARTC.SC,Scientific and technical journal articles,2010,21.96,,0
HND,Honduras,IP.JRN.ARTC.SC,Scientific and technical journal articles,2009,16.52,,0
HND,Honduras,IP.JRN.ARTC.SC,Scientific and technical journal articles,2008,17.67,,0
HND,Honduras,IP.JRN.ARTC.SC,Scientific and technical journal articles,2007,12.07,,0
HND,Honduras,IP.JRN.ARTC.SC,Scientific and technical journal articles,2006,11.3,,0
HND,Honduras,IP.JRN.ARTC.SC,Scientific and technical journal articles,2005,13.95,,0
HND,Honduras,IP.JRN.ARTC.SC,Scientific and technical journal articles,2004,13.44,,0
HND,Honduras,IP.JRN.ARTC.SC,Scientific and technical journal articles,2003,10.25,,0
HND,Honduras,IP.JRN.ARTC.SC,Scientific and technical journal articles,2002,10.26,,0
HND,Honduras,IP.JRN.ARTC.SC,Scientific and technical journal articles,2001,7.7,,0
HND,Honduras,IP.JRN.ARTC.SC,Scientific and technical journal articles,2000,12.87,,0
HND,Honduras,IP.JRN.ARTC.SC,Scientific and technical journal articles,1999,19.06,,0
HND,Honduras,IP.JRN.ARTC.SC,Scientific and technical journal articles,1998,11.6,,0
HND,Honduras,IP.JRN.ARTC.SC,Scientific and technical journal articles,1997,13.97,,0
HND,Honduras,IP.JRN.ARTC.SC,Scientific and technical journal articles,1996,9.21,,0
HUN,Hungary,IP.JRN.ARTC.SC,Scientific and technical journal articles,2022,8801.72,,0
HUN,Hungary,IP.JRN.ARTC.SC,Scientific and technical journal articles,2021,8387.03,,0
HUN,Hungary,IP.JRN.ARTC.SC,Scientific and technical journal articles,2020,7762.07,,0
HUN,Hungary,IP.JRN.ARTC.SC,Scientific and technical journal articles,2019,7377.59,,0
HUN,Hungary,IP.JRN.ARTC.SC,Scientific and technical journal articles,2018,6875.82,,0
HUN,Hungary,IP.JRN.ARTC.SC,Scientific and technical journal articles,2017,6766.09,,0
HUN,Hungary,IP.JRN.ARTC.SC,Scientific and technical journal articles,2016,6531.06,,0
HUN,Hungary,IP.JRN.ARTC.SC,Scientific and technical journal articles,2015,6586.04,,0
HUN,Hungary,IP.JRN.ARTC.SC,Scientific and technical journal articles,2014,6670.04,,0
HUN,Hungary,IP.JRN.ARTC.SC,Scientific and technical journal articles,2013,6306.37,,0
HUN,Hungary,IP.JRN.ARTC.SC,Scientific and technical journal articles,2012,6506.75,,0
HUN,Hungary,IP.JRN.ARTC.SC,Scientific and technical journal articles,2011,6441.42,,0
HUN,Hungary,IP.JRN.ARTC.SC,Scientific and technical journal articles,2010,5954.49,,0
HUN,Hungary,IP.JRN.ARTC.SC,Scientific and technical journal articles,2009,6045.91,,0
HUN,Hungary,IP.JRN.ARTC.SC,Scientific and technical journal articles,2008,6481.82,,0
HUN,Hungary,IP.JRN.ARTC.SC,Scientific and technical journal articles,2007,5890.22,,0
HUN,Hungary,IP.JRN.ARTC.SC,Scientific and technical journal articles,2006,5608.48,,0
HUN,Hungary,IP.JRN.ARTC.SC,Scientific and technical journal articles,2005,5598.55,,0
HUN,Hungary,IP.JRN.ARTC.SC,Scientific and technical journal articles,2004,4884.44,,0
HUN,Hungary,IP.JRN.ARTC.SC,Scientific and technical journal articles,2003,4652.86,,0
HUN,Hungary,IP.JRN.ARTC.SC,Scientific and technical journal articles,2002,4628.75,,0
HUN,Hungary,IP.JRN.ARTC.SC,Scientific and technical journal articles,2001,4347.95,,0
HUN,Hungary,IP.JRN.ARTC.SC,Scientific and technical journal articles,2000,4411.53,,0
HUN,Hungary,IP.JRN.ARTC.SC,Scientific and technical journal articles,1999,3982.13,,0
HUN,Hungary,IP.JRN.ARTC.SC,Scientific and technical journal articles,1998,4342.56,,0
HUN,Hungary,IP.JRN.ARTC.SC,Scientific and technical journal articles,1997,3905.61,,0
HUN,Hungary,IP.JRN.ARTC.SC,Scientific and technical journal articles,1996,3514.48,,0
ISL,Iceland,IP.JRN.ARTC.SC,Scientific and technical journal articles,2022,765.6,,0
ISL,Iceland,IP.JRN.ARTC.SC,Scientific and technical journal articles,2021,751.67,,0
ISL,Iceland,IP.JRN.ARTC.SC,Scientific and technical journal articles,2020,686.83,,0
ISL,Iceland,IP.JRN.ARTC.SC,Scientific and technical journal articles,2019,680.46,,0
ISL,Iceland,IP.JRN.ARTC.SC,Scientific and technical journal articles,2018,720.82,,0
ISL,Iceland,IP.JRN.ARTC.SC,Scientific and technical journal articles,2017,641.27,,0
ISL,Iceland,IP.JRN.ARTC.SC,Scientific and technical journal articles,2016,674.43,,0
ISL,Iceland,IP.JRN.ARTC.SC,Scientific and technical journal articles,2015,615.26,,0
ISL,Iceland,IP.JRN.ARTC.SC,Scientific and technical journal articles,2014,597.31,,0
ISL,Iceland,IP.JRN.ARTC.SC,Scientific and technical journal articles,2013,589.16,,0
ISL,Iceland,IP.JRN.ARTC.SC,Scientific and technical journal articles,2012,645.19,,0
ISL,Iceland,IP.JRN.ARTC.SC,Scientific and technical journal articles,2011,548.23,,0
ISL,Iceland,IP.JRN.ARTC.SC,Scientific and technical journal articles,2010,568.75,,0
ISL,Iceland,IP.JRN.ARTC.SC,Scientific and technical journal articles,2009,480.44,,0
ISL,Iceland,IP.JRN.ARTC.SC,Scientific and technical journal articles,2008,423.6,,0
ISL,Iceland,IP.JRN.ARTC.SC,Scientific and technical journal articles,2007,382.37,,0
ISL,Iceland,IP.JRN.ARTC.SC,Scientific and technical journal articles,2006,386.39,,0
ISL,Iceland,IP.JRN.ARTC.SC,Scientific and technical journal articles,2005,363.08,,0
ISL,Iceland,IP.JRN.ARTC.SC,Scientific and technical journal articles,2004,307.44,,0
ISL,Iceland,IP.JRN.ARTC.SC,Scientific and technical journal articles,2003,262.25,,0
ISL,Iceland,IP.JRN.ARTC.SC,Scientific and technical journal articles,2002,306.4,,0
ISL,Iceland,IP.JRN.ARTC.SC,Scientific and technical journal articles,2001,239.09,,0
ISL,Iceland,IP.JRN.ARTC.SC,Scientific and technical journal articles,2000,220.1,,0
ISL,Iceland,IP.JRN.ARTC.SC,Scientific and technical journal articles,1999,228.5,,0
ISL,Iceland,IP.JRN.ARTC.SC,Scientific and technical journal articles,1998,234.29,,0
ISL,Iceland,IP.JRN.ARTC.SC,Scientific and technical journal articles,1997,224.04,,0
ISL,Iceland,IP.JRN.ARTC.SC,Scientific and technical journal articles,1996,205.42,,0
IND,India,IP.JRN.ARTC.SC,Scientific and technical journal articles,2022,207390.38,,0
IND,India,IP.JRN.ARTC.SC,Scientific and technical journal articles,2021,179806.22,,0
IND,India,IP.JRN.ARTC.SC,Scientific and technical journal articles,2020,148409.55,,0
IND,India,IP.JRN.ARTC.SC,Scientific and technical journal articles,2019,132819.62,,0
IND,India,IP.JRN.ARTC.SC,Scientific and technical journal articles,2018,130234.95,,0
IND,India,IP.JRN.ARTC.SC,Scientific and technical journal articles,2017,113508.58,,0
IND,India,IP.JRN.ARTC.SC,Scientific and technical journal articles,2016,107483.91,,0
IND,India,IP.JRN.ARTC.SC,Scientific and technical journal articles,2015,98300.94,,0
IND,India,IP.JRN.ARTC.SC,Scientific and technical journal articles,2014,91832.04,,0
IND,India,IP.JRN.ARTC.SC,Scientific and technical journal articles,2013,82849.43,,0
IND,India,IP.JRN.ARTC.SC,Scientific and technical journal articles,2012,78135.08,,0
IND,India,IP.JRN.ARTC.SC,Scientific and technical journal articles,2011,71374.74,,0
IND,India,IP.JRN.ARTC.SC,Scientific and technical journal articles,2010,60265.62,,0
IND,India,IP.JRN.ARTC.SC,Scientific and technical journal articles,2009,53200.44,,0
IND,India,IP.JRN.ARTC.SC,Scientific and technical journal articles,2008,47758.02,,0
IND,India,IP.JRN.ARTC.SC,Scientific and technical journal articles,2007,42045.44,,0
IND,India,IP.JRN.ARTC.SC,Scientific and technical journal articles,2006,37739.98,,0
IND,India,IP.JRN.ARTC.SC,Scientific and technical journal articles,2005,32733.84,,0
IND,India,IP.JRN.ARTC.SC,Scientific and technical journal articles,2004,28557.33,,0
IND,India,IP.JRN.ARTC.SC,Scientific and technical journal articles,2003,26637.84,,0
IND,India,IP.JRN.ARTC.SC,Scientific and technical journal articles,2002,24313.44,,0
IND,India,IP.JRN.ARTC.SC,Scientific and technical journal articles,2001,22532.95,,0
IND,India,IP.JRN.ARTC.SC,Scientific and technical journal articles,2000,21408.98,,0
IND,India,IP.JRN.ARTC.SC,Scientific and technical journal articles,1999,20837.67,,0
IND,India,IP.JRN.ARTC.SC,Scientific and technical journal articles,1998,19717.89,,0
IND,India,IP.JRN.ARTC.SC,Scientific and technical journal articles,1997,19348.5,,0
IND,India,IP.JRN.ARTC.SC,Scientific and technical journal articles,1996,18904.78,,0
IDN,Indonesia,IP.JRN.ARTC.SC,Scientific and technical journal articles,2022,31947.1,,0
IDN,Indonesia,IP.JRN.ARTC.SC,Scientific and technical journal articles,2021,39566.05,,0
IDN,Indonesia,IP.JRN.ARTC.SC,Scientific and technical journal articles,2020,32895.71,,0
IDN,Indonesia,IP.JRN.ARTC.SC,Scientific and technical journal articles,2019,31005.34,,0
IDN,Indonesia,IP.JRN.ARTC.SC,Scientific and technical journal articles,2018,21795.18,,0
IDN,Indonesia,IP.JRN.ARTC.SC,Scientific and technical journal articles,2017,13002.06,,0
IDN,Indonesia,IP.JRN.ARTC.SC,Scientific and technical journal articles,2016,6753.72,,0
IDN,Indonesia,IP.JRN.ARTC.SC,Scientific and technical journal articles,2015,4474.1,,0
IDN,Indonesia,IP.JRN.ARTC.SC,Scientific and technical journal articles,2014,3354.32,,0
IDN,Indonesia,IP.JRN.ARTC.SC,Scientific and technical journal articles,2013,2815.34,,0
IDN,Indonesia,IP.JRN.ARTC.SC,Scientific and technical journal articles,2012,2111.14,,0
IDN,Indonesia,IP.JRN.ARTC.SC,Scientific and technical journal articles,2011,1942.53,,0
IDN,Indonesia,IP.JRN.ARTC.SC,Scientific and technical journal articles,2010,1446.09,,0
IDN,Indonesia,IP.JRN.ARTC.SC,Scientific and technical journal articles,2009,1094.5,,0
IDN,Indonesia,IP.JRN.ARTC.SC,Scientific and technical journal articles,2008,771.94,,0
IDN,Indonesia,IP.JRN.ARTC.SC,Scientific and technical journal articles,2007,658.13,,0
IDN,Indonesia,IP.JRN.ARTC.SC,Scientific and technical journal articles,2006,729.9,,0
IDN,Indonesia,IP.JRN.ARTC.SC,Scientific and technical journal articles,2005,604.42,,0
IDN,Indonesia,IP.JRN.ARTC.SC,Scientific and technical journal articles,2004,472.22,,0
IDN,Indonesia,IP.JRN.ARTC.SC,Scientific and technical journal articles,2003,386.76,,0
IDN,Indonesia,IP.JRN.ARTC.SC,Scientific and technical journal articles,2002,386,,0
IDN,Indonesia,IP.JRN.ARTC.SC,Scientific and technical journal articles,2001,330.1,,0
IDN,Indonesia,IP.JRN.ARTC.SC,Scientific and technical journal articles,2000,398.08,,0
IDN,Indonesia,IP.JRN.ARTC.SC,Scientific and technical journal articles,1999,335.51,,0
IDN,Indonesia,IP.JRN.ARTC.SC,Scientific and technical journal articles,1998,327.98,,0
IDN,Indonesia,IP.JRN.ARTC.SC,Scientific and technical journal articles,1997,317.04,,0
IDN,Indonesia,IP.JRN.ARTC.SC,Scientific and technical journal articles,1996,304.04,,0
IRN,"Iran, Islamic Rep.",IP.JRN.ARTC.SC,Scientific and technical journal articles,2022,60939.82,,0
IRN,"Iran, Islamic Rep.",IP.JRN.ARTC.SC,Scientific and technical journal articles,2021,59374.36,,0
IRN,"Iran, Islamic Rep.",IP.JRN.ARTC.SC,Scientific and technical journal articles,2020,56966,,0
IRN,"Iran, Islamic Rep.",IP.JRN.ARTC.SC,Scientific and technical journal articles,2019,54505.54,,0
IRN,"Iran, Islamic Rep.",IP.JRN.ARTC.SC,Scientific and technical journal articles,2018,48707.42,,0
IRN,"Iran, Islamic Rep.",IP.JRN.ARTC.SC,Scientific and technical journal articles,2017,45826.76,,0
IRN,"Iran, Islamic Rep.",IP.JRN.ARTC.SC,Scientific and technical journal articles,2016,41932.91,,0
IRN,"Iran, Islamic Rep.",IP.JRN.ARTC.SC,Scientific and technical journal articles,2015,36885.35,,0
IRN,"Iran, Islamic Rep.",IP.JRN.ARTC.SC,Scientific and technical journal articles,2014,35447.71,,0
IRN,"Iran, Islamic Rep.",IP.JRN.ARTC.SC,Scientific and technical journal articles,2013,32380.6,,0
IRN,"Iran, Islamic Rep.",IP.JRN.ARTC.SC,Scientific and technical journal articles,2012,31462.35,,0
IRN,"Iran, Islamic Rep.",IP.JRN.ARTC.SC,Scientific and technical journal articles,2011,31161.44,,0
IRN,"Iran, Islamic Rep.",IP.JRN.ARTC.SC,Scientific and technical journal articles,2010,24792.45,,0
IRN,"Iran, Islamic Rep.",IP.JRN.ARTC.SC,Scientific and technical journal articles,2009,20425.58,,0
IRN,"Iran, Islamic Rep.",IP.JRN.ARTC.SC,Scientific and technical journal articles,2008,16845.65,,0
IRN,"Iran, Islamic Rep.",IP.JRN.ARTC.SC,Scientific and technical journal articles,2007,12987.19,,0
IRN,"Iran, Islamic Rep.",IP.JRN.ARTC.SC,Scientific and technical journal articles,2006,10011.67,,0
IRN,"Iran, Islamic Rep.",IP.JRN.ARTC.SC,Scientific and technical journal articles,2005,7142.47,,0
IRN,"Iran, Islamic Rep.",IP.JRN.ARTC.SC,Scientific and technical journal articles,2004,5176.16,,0
IRN,"Iran, Islamic Rep.",IP.JRN.ARTC.SC,Scientific and technical journal articles,2003,3906.51,,0
IRN,"Iran, Islamic Rep.",IP.JRN.ARTC.SC,Scientific and technical journal articles,2002,2753.06,,0
IRN,"Iran, Islamic Rep.",IP.JRN.ARTC.SC,Scientific and technical journal articles,2001,1910.45,,0
IRN,"Iran, Islamic Rep.",IP.JRN.ARTC.SC,Scientific and technical journal articles,2000,1559.17,,0
IRN,"Iran, Islamic Rep.",IP.JRN.ARTC.SC,Scientific and technical journal articles,1999,1181.4,,0
IRN,"Iran, Islamic Rep.",IP.JRN.ARTC.SC,Scientific and technical journal articles,1998,969.12,,0
IRN,"Iran, Islamic Rep.",IP.JRN.ARTC.SC,Scientific and technical journal articles,1997,860.98,,0
IRN,"Iran, Islamic Rep.",IP.JRN.ARTC.SC,Scientific and technical journal articles,1996,649.35,,0
IRQ,Iraq,IP.JRN.ARTC.SC,Scientific and technical journal articles,2022,13407.6,,0
IRQ,Iraq,IP.JRN.ARTC.SC,Scientific and technical journal articles,2021,11401.67,,0
IRQ,Iraq,IP.JRN.ARTC.SC,Scientific and technical journal articles,2020,7521.02,,0
IRQ,Iraq,IP.JRN.ARTC.SC,Scientific and technical journal articles,2019,6385.65,,0
IRQ,Iraq,IP.JRN.ARTC.SC,Scientific and technical journal articles,2018,3475.9,,0
IRQ,Iraq,IP.JRN.ARTC.SC,Scientific and technical journal articles,2017,1971.46,,0
IRQ,Iraq,IP.JRN.ARTC.SC,Scientific and technical journal articles,2016,1193.62,,0
IRQ,Iraq,IP.JRN.ARTC.SC,Scientific and technical journal articles,2015,839.57,,0
IRQ,Iraq,IP.JRN.ARTC.SC,Scientific and technical journal articles,2014,806.21,,0
IRQ,Iraq,IP.JRN.ARTC.SC,Scientific and technical journal articles,2013,805.37,,0
IRQ,Iraq,IP.JRN.ARTC.SC,Scientific and technical journal articles,2012,842.4,,0
IRQ,Iraq,IP.JRN.ARTC.SC,Scientific and technical journal articles,2011,597.39,,0
IRQ,Iraq,IP.JRN.ARTC.SC,Scientific and technical journal articles,2010,536.05,,0
IRQ,Iraq,IP.JRN.ARTC.SC,Scientific and technical journal articles,2009,363.38,,0
IRQ,Iraq,IP.JRN.ARTC.SC,Scientific and technical journal articles,2008,306.62,,0
IRQ,Iraq,IP.JRN.ARTC.SC,Scientific and technical journal articles,2007,243.08,,0
IRQ,Iraq,IP.JRN.ARTC.SC,Scientific and technical journal articles,2006,249.48,,0
IRQ,Iraq,IP.JRN.ARTC.SC,Scientific and technical journal articles,2005,141.51,,0
IRQ,Iraq,IP.JRN.ARTC.SC,Scientific and technical journal articles,2004,92.74,,0
IRQ,Iraq,IP.JRN.ARTC.SC,Scientific and technical journal articles,2003,120.69,,0
IRQ,Iraq,IP.JRN.ARTC.SC,Scientific and technical journal articles,2002,103.31,,0
IRQ,Iraq,IP.JRN.ARTC.SC,Scientific and technical journal articles,2001,89.11,,0
IRQ,Iraq,IP.JRN.ARTC.SC,Scientific and technical journal articles,2000,91.98,,0
IRQ,Iraq,IP.JRN.ARTC.SC,Scientific and technical journal articles,1999,60.65,,0
IRQ,Iraq,IP.JRN.ARTC.SC,Scientific and technical journal articles,1998,67.98,,0
IRQ,Iraq,IP.JRN.ARTC.SC,Scientific and technical journal articles,1997,79.67,,0
IRQ,Iraq,IP.JRN.ARTC.SC,Scientific and technical journal articles,1996,72.92,,0
IRL,Ireland,IP.JRN.ARTC.SC,Scientific and technical journal articles,2022,9254.27,,0
IRL,Ireland,IP.JRN.ARTC.SC,Scientific and technical journal articles,2021,9437,,0
IRL,Ireland,IP.JRN.ARTC.SC,Scientific and technical journal articles,2020,8513.7,,0
IRL,Ireland,IP.JRN.ARTC.SC,Scientific and technical journal articles,2019,7999.14,,0
IRL,Ireland,IP.JRN.ARTC.SC,Scientific and technical journal articles,2018,7457.08,,0
IRL,Ireland,IP.JRN.ARTC.SC,Scientific and technical journal articles,2017,7288.93,,0
IRL,Ireland,IP.JRN.ARTC.SC,Scientific and technical journal articles,2016,7148.95,,0
IRL,Ireland,IP.JRN.ARTC.SC,Scientific and technical journal articles,2015,6896.82,,0
IRL,Ireland,IP.JRN.ARTC.SC,Scientific and technical journal articles,2014,7186.57,,0
IRL,Ireland,IP.JRN.ARTC.SC,Scientific and technical journal articles,2013,7077.4,,0
IRL,Ireland,IP.JRN.ARTC.SC,Scientific and technical journal articles,2012,7018.56,,0
IRL,Ireland,IP.JRN.ARTC.SC,Scientific and technical journal articles,2011,7200.18,,0
IRL,Ireland,IP.JRN.ARTC.SC,Scientific and technical journal articles,2010,6940.92,,0
IRL,Ireland,IP.JRN.ARTC.SC,Scientific and technical journal articles,2009,6354.6,,0
IRL,Ireland,IP.JRN.ARTC.SC,Scientific and technical journal articles,2008,5737.71,,0
IRL,Ireland,IP.JRN.ARTC.SC,Scientific and technical journal articles,2007,5507.74,,0
IRL,Ireland,IP.JRN.ARTC.SC,Scientific and technical journal articles,2006,4914.54,,0
IRL,Ireland,IP.JRN.ARTC.SC,Scientific and technical journal articles,2005,4770.06,,0
IRL,Ireland,IP.JRN.ARTC.SC,Scientific and technical journal articles,2004,3851.1,,0
IRL,Ireland,IP.JRN.ARTC.SC,Scientific and technical journal articles,2003,3156.78,,0
IRL,Ireland,IP.JRN.ARTC.SC,Scientific and technical journal articles,2002,3039.39,,0
IRL,Ireland,IP.JRN.ARTC.SC,Scientific and technical journal articles,2001,2776.33,,0
IRL,Ireland,IP.JRN.ARTC.SC,Scientific and technical journal articles,2000,2607.75,,0
IRL,Ireland,IP.JRN.ARTC.SC,Scientific and technical journal articles,1999,2289.87,,0
IRL,Ireland,IP.JRN.ARTC.SC,Scientific and technical journal articles,1998,2314.16,,0
IRL,Ireland,IP.JRN.ARTC.SC,Scientific and technical journal articles,1997,2188.73,,0
IRL,Ireland,IP.JRN.ARTC.SC,Scientific and technical journal articles,1996,2121.52,,0
ISR,Israel,IP.JRN.ARTC.SC,Scientific and technical journal articles,2022,15417.46,,0
ISR,Israel,IP.JRN.ARTC.SC,Scientific and technical journal articles,2021,15132.89,,0
ISR,Israel,IP.JRN.ARTC.SC,Scientific and technical journal articles,2020,13675.43,,0
ISR,Israel,IP.JRN.ARTC.SC,Scientific and technical journal articles,2019,13267.72,,0
ISR,Israel,IP.JRN.ARTC.SC,Scientific and technical journal articles,2018,12752.3,,0
ISR,Israel,IP.JRN.ARTC.SC,Scientific and technical journal articles,2017,12507.34,,0
ISR,Israel,IP.JRN.ARTC.SC,Scientific and technical journal articles,2016,12479.66,,0
ISR,Israel,IP.JRN.ARTC.SC,Scientific and technical journal articles,2015,12249.84,,0
ISR,Israel,IP.JRN.ARTC.SC,Scientific and technical journal articles,2014,12086.64,,0
ISR,Israel,IP.JRN.ARTC.SC,Scientific and technical journal articles,2013,11390.71,,0
ISR,Israel,IP.JRN.ARTC.SC,Scientific and technical journal articles,2012,11614.79,,0
ISR,Israel,IP.JRN.ARTC.SC,Scientific and technical journal articles,2011,11268.18,,0
ISR,Israel,IP.JRN.ARTC.SC,Scientific and technical journal articles,2010,10959.72,,0
ISR,Israel,IP.JRN.ARTC.SC,Scientific and technical journal articles,2009,11233.23,,0
ISR,Israel,IP.JRN.ARTC.SC,Scientific and technical journal articles,2008,11395.53,,0
ISR,Israel,IP.JRN.ARTC.SC,Scientific and technical journal articles,2007,11256.78,,0
ISR,Israel,IP.JRN.ARTC.SC,Scientific and technical journal articles,2006,11226.15,,0
ISR,Israel,IP.JRN.ARTC.SC,Scientific and technical journal articles,2005,10573.52,,0
ISR,Israel,IP.JRN.ARTC.SC,Scientific and technical journal articles,2004,10463.49,,0
ISR,Israel,IP.JRN.ARTC.SC,Scientific and technical journal articles,2003,9934.33,,0
ISR,Israel,IP.JRN.ARTC.SC,Scientific and technical journal articles,2002,9681.29,,0
ISR,Israel,IP.JRN.ARTC.SC,Scientific and technical journal articles,2001,9369.95,,0
ISR,Israel,IP.JRN.ARTC.SC,Scientific and technical journal articles,2000,9345.74,,0
ISR,Israel,IP.JRN.ARTC.SC,Scientific and technical journal articles,1999,8493.43,,0
ISR,Israel,IP.JRN.ARTC.SC,Scientific and technical journal articles,1998,8511.28,,0
ISR,Israel,IP.JRN.ARTC.SC,Scientific and technical journal articles,1997,8740.54,,0
ISR,Israel,IP.JRN.ARTC.SC,Scientific and technical journal articles,1996,8390.48,,0
ITA,Italy,IP.JRN.ARTC.SC,Scientific and technical journal articles,2022,90585.64,,0
ITA,Italy,IP.JRN.ARTC.SC,Scientific and technical journal articles,2021,92877.32,,0
ITA,Italy,IP.JRN.ARTC.SC,Scientific and technical journal articles,2020,86301.61,,0
ITA,Italy,IP.JRN.ARTC.SC,Scientific and technical journal articles,2019,78131.55,,0
ITA,Italy,IP.JRN.ARTC.SC,Scientific and technical journal articles,2018,73693.73,,0
ITA,Italy,IP.JRN.ARTC.SC,Scientific and technical journal articles,2017,72117.06,,0
ITA,Italy,IP.JRN.ARTC.SC,Scientific and technical journal articles,2016,70793.77,,0
ITA,Italy,IP.JRN.ARTC.SC,Scientific and technical journal articles,2015,70947.03,,0
ITA,Italy,IP.JRN.ARTC.SC,Scientific and technical journal articles,2014,69089.63,,0
ITA,Italy,IP.JRN.ARTC.SC,Scientific and technical journal articles,2013,67380.42,,0
ITA,Italy,IP.JRN.ARTC.SC,Scientific and technical journal articles,2012,64130.5,,0
ITA,Italy,IP.JRN.ARTC.SC,Scientific and technical journal articles,2011,60521.84,,0
ITA,Italy,IP.JRN.ARTC.SC,Scientific and technical journal articles,2010,58776.67,,0
ITA,Italy,IP.JRN.ARTC.SC,Scientific and technical journal articles,2009,58491.98,,0
ITA,Italy,IP.JRN.ARTC.SC,Scientific and technical journal articles,2008,56415.8,,0
ITA,Italy,IP.JRN.ARTC.SC,Scientific and technical journal articles,2007,54347.87,,0
ITA,Italy,IP.JRN.ARTC.SC,Scientific and technical journal articles,2006,51002.2,,0
ITA,Italy,IP.JRN.ARTC.SC,Scientific and technical journal articles,2005,48093.98,,0
ITA,Italy,IP.JRN.ARTC.SC,Scientific and technical journal articles,2004,44567.15,,0
ITA,Italy,IP.JRN.ARTC.SC,Scientific and technical journal articles,2003,42549.05,,0
ITA,Italy,IP.JRN.ARTC.SC,Scientific and technical journal articles,2002,39094.52,,0
ITA,Italy,IP.JRN.ARTC.SC,Scientific and technical journal articles,2001,37419.9,,0
ITA,Italy,IP.JRN.ARTC.SC,Scientific and technical journal articles,2000,36209.65,,0
ITA,Italy,IP.JRN.ARTC.SC,Scientific and technical journal articles,1999,34282.2,,0
ITA,Italy,IP.JRN.ARTC.SC,Scientific and technical journal articles,1998,34127.6,,0
ITA,Italy,IP.JRN.ARTC.SC,Scientific and technical journal articles,1997,35158.03,,0
ITA,Italy,IP.JRN.ARTC.SC,Scientific and technical journal articles,1996,34243.84,,0
JAM,Jamaica,IP.JRN.ARTC.SC,Scientific and technical journal articles,2022,168.07,,0
JAM,Jamaica,IP.JRN.ARTC.SC,Scientific and technical journal articles,2021,212.21,,0
JAM,Jamaica,IP.JRN.ARTC.SC,Scientific and technical journal articles,2020,172.21,,0
JAM,Jamaica,IP.JRN.ARTC.SC,Scientific and technical journal articles,2019,152.88,,0
JAM,Jamaica,IP.JRN.ARTC.SC,Scientific and technical journal articles,2018,197.8,,0
JAM,Jamaica,IP.JRN.ARTC.SC,Scientific and technical journal articles,2017,168.53,,0
JAM,Jamaica,IP.JRN.ARTC.SC,Scientific and technical journal articles,2016,162.19,,0
JAM,Jamaica,IP.JRN.ARTC.SC,Scientific and technical journal articles,2015,155.26,,0
JAM,Jamaica,IP.JRN.ARTC.SC,Scientific and technical journal articles,2014,208.67,,0
JAM,Jamaica,IP.JRN.ARTC.SC,Scientific and technical journal articles,2013,201.42,,0
JAM,Jamaica,IP.JRN.ARTC.SC,Scientific and technical journal articles,2012,206.96,,0
JAM,Jamaica,IP.JRN.ARTC.SC,Scientific and technical journal articles,2011,199.55,,0
JAM,Jamaica,IP.JRN.ARTC.SC,Scientific and technical journal articles,2010,173.98,,0
JAM,Jamaica,IP.JRN.ARTC.SC,Scientific and technical journal articles,2009,206.93,,0
JAM,Jamaica,IP.JRN.ARTC.SC,Scientific and technical journal articles,2008,221.42,,0
JAM,Jamaica,IP.JRN.ARTC.SC,Scientific and technical journal articles,2007,174.49,,0
JAM,Jamaica,IP.JRN.ARTC.SC,Scientific and technical journal articles,2006,144.2,,0
JAM,Jamaica,IP.JRN.ARTC.SC,Scientific and technical journal articles,2005,145.14,,0
JAM,Jamaica,IP.JRN.ARTC.SC,Scientific and technical journal articles,2004,168.78,,0
JAM,Jamaica,IP.JRN.ARTC.SC,Scientific and technical journal articles,2003,141.52,,0
JAM,Jamaica,IP.JRN.ARTC.SC,Scientific and technical journal articles,2002,147.92,,0
JAM,Jamaica,IP.JRN.ARTC.SC,Scientific and technical journal articles,2001,151.66,,0
JAM,Jamaica,IP.JRN.ARTC.SC,Scientific and technical journal articles,2000,107.05,,0
JAM,Jamaica,IP.JRN.ARTC.SC,Scientific and technical journal articles,1999,113.34,,0
JAM,Jamaica,IP.JRN.ARTC.SC,Scientific and technical journal articles,1998,95.74,,0
JAM,Jamaica,IP.JRN.ARTC.SC,Scientific and technical journal articles,1997,107.26,,0
JAM,Jamaica,IP.JRN.ARTC.SC,Scientific and technical journal articles,1996,125.32,,0
JPN,Japan,IP.JRN.ARTC.SC,Scientific and technical journal articles,2022,103722.96,,0
JPN,Japan,IP.JRN.ARTC.SC,Scientific and technical journal articles,2021,109074.89,,0
JPN,Japan,IP.JRN.ARTC.SC,Scientific and technical journal articles,2020,102788.11,,0
JPN,Japan,IP.JRN.ARTC.SC,Scientific and technical journal articles,2019,104005.62,,0
JPN,Japan,IP.JRN.ARTC.SC,Scientific and technical journal articles,2018,103957.43,,0
JPN,Japan,IP.JRN.ARTC.SC,Scientific and technical journal articles,2017,102425.45,,0
JPN,Japan,IP.JRN.ARTC.SC,Scientific and technical journal articles,2016,102449.32,,0
JPN,Japan,IP.JRN.ARTC.SC,Scientific and technical journal articles,2015,102018.5,,0
JPN,Japan,IP.JRN.ARTC.SC,Scientific and technical journal articles,2014,105286.6,,0
JPN,Japan,IP.JRN.ARTC.SC,Scientific and technical journal articles,2013,108551.11,,0
JPN,Japan,IP.JRN.ARTC.SC,Scientific and technical journal articles,2012,109040.04,,0
JPN,Japan,IP.JRN.ARTC.SC,Scientific and technical journal articles,2011,110457.48,,0
JPN,Japan,IP.JRN.ARTC.SC,Scientific and technical journal articles,2010,108732.89,,0
JPN,Japan,IP.JRN.ARTC.SC,Scientific and technical journal articles,2009,109026.54,,0
JPN,Japan,IP.JRN.ARTC.SC,Scientific and technical journal articles,2008,107614.13,,0
JPN,Japan,IP.JRN.ARTC.SC,Scientific and technical journal articles,2007,109140.33,,0
JPN,Japan,IP.JRN.ARTC.SC,Scientific and technical journal articles,2006,113533.15,,0
JPN,Japan,IP.JRN.ARTC.SC,Scientific and technical journal articles,2005,112257.28,,0
JPN,Japan,IP.JRN.ARTC.SC,Scientific and technical journal articles,2004,103829.66,,0
JPN,Japan,IP.JRN.ARTC.SC,Scientific and technical journal articles,2003,101381.97,,0
JPN,Japan,IP.JRN.ARTC.SC,Scientific and technical journal articles,2002,98144.51,,0
JPN,Japan,IP.JRN.ARTC.SC,Scientific and technical journal articles,2001,96102.98,,0
JPN,Japan,IP.JRN.ARTC.SC,Scientific and technical journal articles,2000,96607.21,,0
JPN,Japan,IP.JRN.ARTC.SC,Scientific and technical journal articles,1999,94194.57,,0
JPN,Japan,IP.JRN.ARTC.SC,Scientific and technical journal articles,1998,92245.79,,0
JPN,Japan,IP.JRN.ARTC.SC,Scientific and technical journal articles,1997,91890.26,,0
JPN,Japan,IP.JRN.ARTC.SC,Scientific and technical journal articles,1996,88807.36,,0
JOR,Jordan,IP.JRN.ARTC.SC,Scientific and technical journal articles,2022,5249.35,,0
JOR,Jordan,IP.JRN.ARTC.SC,Scientific and technical journal articles,2021,4068.98,,0
JOR,Jordan,IP.JRN.ARTC.SC,Scientific and technical journal articles,2020,3373.47,,0
JOR,Jordan,IP.JRN.ARTC.SC,Scientific and technical journal articles,2019,3009.79,,0
JOR,Jordan,IP.JRN.ARTC.SC,Scientific and technical journal articles,2018,2472.02,,0
JOR,Jordan,IP.JRN.ARTC.SC,Scientific and technical journal articles,2017,1994.89,,0
JOR,Jordan,IP.JRN.ARTC.SC,Scientific and technical journal articles,2016,1672.05,,0
JOR,Jordan,IP.JRN.ARTC.SC,Scientific and technical journal articles,2015,1421.99,,0
JOR,Jordan,IP.JRN.ARTC.SC,Scientific and technical journal articles,2014,1368.51,,0
JOR,Jordan,IP.JRN.ARTC.SC,Scientific and technical journal articles,2013,1403.65,,0
JOR,Jordan,IP.JRN.ARTC.SC,Scientific and technical journal articles,2012,1380.32,,0
JOR,Jordan,IP.JRN.ARTC.SC,Scientific and technical journal articles,2011,1416.08,,0
JOR,Jordan,IP.JRN.ARTC.SC,Scientific and technical journal articles,2010,1435.45,,0
JOR,Jordan,IP.JRN.ARTC.SC,Scientific and technical journal articles,2009,1282.14,,0
JOR,Jordan,IP.JRN.ARTC.SC,Scientific and technical journal articles,2008,1240.07,,0
JOR,Jordan,IP.JRN.ARTC.SC,Scientific and technical journal articles,2007,1037.22,,0
JOR,Jordan,IP.JRN.ARTC.SC,Scientific and technical journal articles,2006,916.62,,0
JOR,Jordan,IP.JRN.ARTC.SC,Scientific and technical journal articles,2005,788.65,,0
JOR,Jordan,IP.JRN.ARTC.SC,Scientific and technical journal articles,2004,742.46,,0
JOR,Jordan,IP.JRN.ARTC.SC,Scientific and technical journal articles,2003,657.18,,0
JOR,Jordan,IP.JRN.ARTC.SC,Scientific and technical journal articles,2002,589.94,,0
JOR,Jordan,IP.JRN.ARTC.SC,Scientific and technical journal articles,2001,539.78,,0
JOR,Jordan,IP.JRN.ARTC.SC,Scientific and technical journal articles,2000,536.58,,0
JOR,Jordan,IP.JRN.ARTC.SC,Scientific and technical journal articles,1999,476.6,,0
JOR,Jordan,IP.JRN.ARTC.SC,Scientific and technical journal articles,1998,457.61,,0
JOR,Jordan,IP.JRN.ARTC.SC,Scientific and technical journal articles,1997,403.39,,0
JOR,Jordan,IP.JRN.ARTC.SC,Scientific and technical journal articles,1996,348.08,,0
KAZ,Kazakhstan,IP.JRN.ARTC.SC,Scientific and technical journal articles,2022,3550.75,,0
KAZ,Kazakhstan,IP.JRN.ARTC.SC,Scientific and technical journal articles,2021,3294.93,,0
KAZ,Kazakhstan,IP.JRN.ARTC.SC,Scientific and technical journal articles,2020,2907,,0
KAZ,Kazakhstan,IP.JRN.ARTC.SC,Scientific and technical journal articles,2019,2413.12,,0
KAZ,Kazakhstan,IP.JRN.ARTC.SC,Scientific and technical journal articles,2018,1973.65,,0
KAZ,Kazakhstan,IP.JRN.ARTC.SC,Scientific and technical journal articles,2017,1690.02,,0
KAZ,Kazakhstan,IP.JRN.ARTC.SC,Scientific and technical journal articles,2016,1470.61,,0
KAZ,Kazakhstan,IP.JRN.ARTC.SC,Scientific and technical journal articles,2015,1110.37,,0
KAZ,Kazakhstan,IP.JRN.ARTC.SC,Scientific and technical journal articles,2014,906.72,,0
KAZ,Kazakhstan,IP.JRN.ARTC.SC,Scientific and technical journal articles,2013,621.51,,0
KAZ,Kazakhstan,IP.JRN.ARTC.SC,Scientific and technical journal articles,2012,447.55,,0
KAZ,Kazakhstan,IP.JRN.ARTC.SC,Scientific and technical journal articles,2011,381.98,,0
KAZ,Kazakhstan,IP.JRN.ARTC.SC,Scientific and technical journal articles,2010,321.99,,0
KAZ,Kazakhstan,IP.JRN.ARTC.SC,Scientific and technical journal articles,2009,272.7,,0
KAZ,Kazakhstan,IP.JRN.ARTC.SC,Scientific and technical journal articles,2008,239.01,,0
KAZ,Kazakhstan,IP.JRN.ARTC.SC,Scientific and technical journal articles,2007,228.35,,0
KAZ,Kazakhstan,IP.JRN.ARTC.SC,Scientific and technical journal articles,2006,230.76,,0
KAZ,Kazakhstan,IP.JRN.ARTC.SC,Scientific and technical journal articles,2005,250.5,,0
KAZ,Kazakhstan,IP.JRN.ARTC.SC,Scientific and technical journal articles,2004,241.46,,0
KAZ,Kazakhstan,IP.JRN.ARTC.SC,Scientific and technical journal articles,2003,254.88,,0
KAZ,Kazakhstan,IP.JRN.ARTC.SC,Scientific and technical journal articles,2002,230.31,,0
KAZ,Kazakhstan,IP.JRN.ARTC.SC,Scientific and technical journal articles,2001,204.41,,0
KAZ,Kazakhstan,IP.JRN.ARTC.SC,Scientific and technical journal articles,2000,192.97,,0
KAZ,Kazakhstan,IP.JRN.ARTC.SC,Scientific and technical journal articles,1999,163.63,,0
KAZ,Kazakhstan,IP.JRN.ARTC.SC,Scientific and technical journal articles,1998,211.91,,0
KAZ,Kazakhstan,IP.JRN.ARTC.SC,Scientific and technical journal articles,1997,166.55,,0
KAZ,Kazakhstan,IP.JRN.ARTC.SC,Scientific and technical journal articles,1996,229.71,,0
KEN,Kenya,IP.JRN.ARTC.SC,Scientific and technical journal articles,2022,2007.14,,0
KEN,Kenya,IP.JRN.ARTC.SC,Scientific and technical journal articles,2021,1976.72,,0
KEN,Kenya,IP.JRN.ARTC.SC,Scientific and technical journal articles,2020,1786.27,,0
KEN,Kenya,IP.JRN.ARTC.SC,Scientific and technical journal articles,2019,1463.07,,0
KEN,Kenya,IP.JRN.ARTC.SC,Scientific and technical journal articles,2018,1334.77,,0
KEN,Kenya,IP.JRN.ARTC.SC,Scientific and technical journal articles,2017,1191.38,,0
KEN,Kenya,IP.JRN.ARTC.SC,Scientific and technical journal articles,2016,1100.23,,0
KEN,Kenya,IP.JRN.ARTC.SC,Scientific and technical journal articles,2015,1001.89,,0
KEN,Kenya,IP.JRN.ARTC.SC,Scientific and technical journal articles,2014,935.73,,0
KEN,Kenya,IP.JRN.ARTC.SC,Scientific and technical journal articles,2013,853.74,,0
KEN,Kenya,IP.JRN.ARTC.SC,Scientific and technical journal articles,2012,791.58,,0
KEN,Kenya,IP.JRN.ARTC.SC,Scientific and technical journal articles,2011,830.81,,0
KEN,Kenya,IP.JRN.ARTC.SC,Scientific and technical journal articles,2010,750.61,,0
KEN,Kenya,IP.JRN.ARTC.SC,Scientific and technical journal articles,2009,702.74,,0
KEN,Kenya,IP.JRN.ARTC.SC,Scientific and technical journal articles,2008,591.12,,0
KEN,Kenya,IP.JRN.ARTC.SC,Scientific and technical journal articles,2007,545.79,,0
KEN,Kenya,IP.JRN.ARTC.SC,Scientific and technical journal articles,2006,483.57,,0
KEN,Kenya,IP.JRN.ARTC.SC,Scientific and technical journal articles,2005,460.56,,0
KEN,Kenya,IP.JRN.ARTC.SC,Scientific and technical journal articles,2004,450.54,,0
KEN,Kenya,IP.JRN.ARTC.SC,Scientific and technical journal articles,2003,424.62,,0
KEN,Kenya,IP.JRN.ARTC.SC,Scientific and technical journal articles,2002,441.14,,0
KEN,Kenya,IP.JRN.ARTC.SC,Scientific and technical journal articles,2001,404.9,,0
KEN,Kenya,IP.JRN.ARTC.SC,Scientific and technical journal articles,2000,360.08,,0
KEN,Kenya,IP.JRN.ARTC.SC,Scientific and technical journal articles,1999,362.13,,0
KEN,Kenya,IP.JRN.ARTC.SC,Scientific and technical journal articles,1998,360.51,,0
KEN,Kenya,IP.JRN.ARTC.SC,Scientific and technical journal articles,1997,409.19,,0
KEN,Kenya,IP.JRN.ARTC.SC,Scientific and technical journal articles,1996,392.39,,0
KIR,Kiribati,IP.JRN.ARTC.SC,Scientific and technical journal articles,2022,2.03,,0
KIR,Kiribati,IP.JRN.ARTC.SC,Scientific and technical journal articles,2021,2.36,,0
KIR,Kiribati,IP.JRN.ARTC.SC,Scientific and technical journal articles,2020,3.71,,0
KIR,Kiribati,IP.JRN.ARTC.SC,Scientific and technical journal articles,2019,3.97,,0
KIR,Kiribati,IP.JRN.ARTC.SC,Scientific and technical journal articles,2018,0.62,,0
KIR,Kiribati,IP.JRN.ARTC.SC,Scientific and technical journal articles,2017,2.54,,0
KIR,Kiribati,IP.JRN.ARTC.SC,Scientific and technical journal articles,2016,2.17,,0
KIR,Kiribati,IP.JRN.ARTC.SC,Scientific and technical journal articles,2015,1.48,,0
KIR,Kiribati,IP.JRN.ARTC.SC,Scientific and technical journal articles,2014,1.94,,0
KIR,Kiribati,IP.JRN.ARTC.SC,Scientific and technical journal articles,2013,1.05,,0
KIR,Kiribati,IP.JRN.ARTC.SC,Scientific and technical journal articles,2012,1,,0
KIR,Kiribati,IP.JRN.ARTC.SC,Scientific and technical journal articles,2011,0,,0
KIR,Kiribati,IP.JRN.ARTC.SC,Scientific and technical journal articles,2010,0.33,,0
KIR,Kiribati,IP.JRN.ARTC.SC,Scientific and technical journal articles,2009,0.33,,0
KIR,Kiribati,IP.JRN.ARTC.SC,Scientific and technical journal articles,2008,0,,0
KIR,Kiribati,IP.JRN.ARTC.SC,Scientific and technical journal articles,2007,2.12,,0
KIR,Kiribati,IP.JRN.ARTC.SC,Scientific and technical journal articles,2006,0.36,,0
KIR,Kiribati,IP.JRN.ARTC.SC,Scientific and technical journal articles,2005,0,,0
KIR,Kiribati,IP.JRN.ARTC.SC,Scientific and technical journal articles,2004,0,,0
KIR,Kiribati,IP.JRN.ARTC.SC,Scientific and technical journal articles,2003,0.11,,0
KIR,Kiribati,IP.JRN.ARTC.SC,Scientific and technical journal articles,2002,0,,0
KIR,Kiribati,IP.JRN.ARTC.SC,Scientific and technical journal articles,2001,0.5,,0
KIR,Kiribati,IP.JRN.ARTC.SC,Scientific and technical journal articles,2000,0,,0
KIR,Kiribati,IP.JRN.ARTC.SC,Scientific and technical journal articles,1999,0,,0
KIR,Kiribati,IP.JRN.ARTC.SC,Scientific and technical journal articles,1998,0,,0
KIR,Kiribati,IP.JRN.ARTC.SC,Scientific and technical journal articles,1997,0.33,,0
KIR,Kiribati,IP.JRN.ARTC.SC,Scientific and technical journal articles,1996,0.17,,0
PRK,"Korea, Dem. People's Rep.",IP.JRN.ARTC.SC,Scientific and technical journal articles,2022,263.49,,0
PRK,"Korea, Dem. People's Rep.",IP.JRN.ARTC.SC,Scientific and technical journal articles,2021,245.09,,0
PRK,"Korea, Dem. People's Rep.",IP.JRN.ARTC.SC,Scientific and technical journal articles,2020,177.26,,0
PRK,"Korea, Dem. People's Rep.",IP.JRN.ARTC.SC,Scientific and technical journal articles,2019,144.61,,0
PRK,"Korea, Dem. People's Rep.",IP.JRN.ARTC.SC,Scientific and technical journal articles,2018,89.9,,0
PRK,"Korea, Dem. People's Rep.",IP.JRN.ARTC.SC,Scientific and technical journal articles,2017,56.6,,0
PRK,"Korea, Dem. People's Rep.",IP.JRN.ARTC.SC,Scientific and technical journal articles,2016,42.06,,0
PRK,"Korea, Dem. People's Rep.",IP.JRN.ARTC.SC,Scientific and technical journal articles,2015,39.01,,0
PRK,"Korea, Dem. People's Rep.",IP.JRN.ARTC.SC,Scientific and technical journal articles,2014,16.73,,0
PRK,"Korea, Dem. People's Rep.",IP.JRN.ARTC.SC,Scientific and technical journal articles,2013,9.11,,0
PRK,"Korea, Dem. People's Rep.",IP.JRN.ARTC.SC,Scientific and technical journal articles,2012,17.88,,0
PRK,"Korea, Dem. People's Rep.",IP.JRN.ARTC.SC,Scientific and technical journal articles,2011,7.52,,0
PRK,"Korea, Dem. People's Rep.",IP.JRN.ARTC.SC,Scientific and technical journal articles,2010,8.31,,0
PRK,"Korea, Dem. People's Rep.",IP.JRN.ARTC.SC,Scientific and technical journal articles,2009,6.74,,0
PRK,"Korea, Dem. People's Rep.",IP.JRN.ARTC.SC,Scientific and technical journal articles,2008,10.46,,0
PRK,"Korea, Dem. People's Rep.",IP.JRN.ARTC.SC,Scientific and technical journal articles,2007,6.4,,0
PRK,"Korea, Dem. People's Rep.",IP.JRN.ARTC.SC,Scientific and technical journal articles,2006,2.18,,0
PRK,"Korea, Dem. People's Rep.",IP.JRN.ARTC.SC,Scientific and technical journal articles,2005,4.31,,0
PRK,"Korea, Dem. People's Rep.",IP.JRN.ARTC.SC,Scientific and technical journal articles,2004,1.89,,0
PRK,"Korea, Dem. People's Rep.",IP.JRN.ARTC.SC,Scientific and technical journal articles,2003,1.33,,0
PRK,"Korea, Dem. People's Rep.",IP.JRN.ARTC.SC,Scientific and technical journal articles,2002,1.33,,0
PRK,"Korea, Dem. People's Rep.",IP.JRN.ARTC.SC,Scientific and technical journal articles,2001,0.17,,0
PRK,"Korea, Dem. People's Rep.",IP.JRN.ARTC.SC,Scientific and technical journal articles,2000,1.6,,0
PRK,"Korea, Dem. People's Rep.",IP.JRN.ARTC.SC,Scientific and technical journal articles,1999,0.56,,0
PRK,"Korea, Dem. People's Rep.",IP.JRN.ARTC.SC,Scientific and technical journal articles,1998,1.2,,0
PRK,"Korea, Dem. People's Rep.",IP.JRN.ARTC.SC,Scientific and technical journal articles,1997,1.38,,0
PRK,"Korea, Dem. People's Rep.",IP.JRN.ARTC.SC,Scientific and technical journal articles,1996,1.15,,0
KOR,"Korea, Rep.",IP.JRN.ARTC.SC,Scientific and technical journal articles,2022,76935.71,,0
KOR,"Korea, Rep.",IP.JRN.ARTC.SC,Scientific and technical journal articles,2021,77566.47,,0
KOR,"Korea, Rep.",IP.JRN.ARTC.SC,Scientific and technical journal articles,2020,73255.78,,0
KOR,"Korea, Rep.",IP.JRN.ARTC.SC,Scientific and technical journal articles,2019,70701.85,,0
KOR,"Korea, Rep.",IP.JRN.ARTC.SC,Scientific and technical journal articles,2018,66892.64,,0
KOR,"Korea, Rep.",IP.JRN.ARTC.SC,Scientific and technical journal articles,2017,64096.89,,0
KOR,"Korea, Rep.",IP.JRN.ARTC.SC,Scientific and technical journal articles,2016,62915.13,,0
KOR,"Korea, Rep.",IP.JRN.ARTC.SC,Scientific and technical journal articles,2015,62722.77,,0
KOR,"Korea, Rep.",IP.JRN.ARTC.SC,Scientific and technical journal articles,2014,60152.58,,0
KOR,"Korea, Rep.",IP.JRN.ARTC.SC,Scientific and technical journal articles,2013,57320.12,,0
KOR,"Korea, Rep.",IP.JRN.ARTC.SC,Scientific and technical journal articles,2012,56100.89,,0
KOR,"Korea, Rep.",IP.JRN.ARTC.SC,Scientific and technical journal articles,2011,53624.1,,0
KOR,"Korea, Rep.",IP.JRN.ARTC.SC,Scientific and technical journal articles,2010,50338.95,,0
KOR,"Korea, Rep.",IP.JRN.ARTC.SC,Scientific and technical journal articles,2009,45957.42,,0
KOR,"Korea, Rep.",IP.JRN.ARTC.SC,Scientific and technical journal articles,2008,43923.63,,0
KOR,"Korea, Rep.",IP.JRN.ARTC.SC,Scientific and technical journal articles,2007,41317.08,,0
KOR,"Korea, Rep.",IP.JRN.ARTC.SC,Scientific and technical journal articles,2006,37247.49,,0
KOR,"Korea, Rep.",IP.JRN.ARTC.SC,Scientific and technical journal articles,2005,32097.53,,0
KOR,"Korea, Rep.",IP.JRN.ARTC.SC,Scientific and technical journal articles,2004,27741.08,,0
KOR,"Korea, Rep.",IP.JRN.ARTC.SC,Scientific and technical journal articles,2003,23879.88,,0
KOR,"Korea, Rep.",IP.JRN.ARTC.SC,Scientific and technical journal articles,2002,20023.41,,0
KOR,"Korea, Rep.",IP.JRN.ARTC.SC,Scientific and technical journal articles,2001,18435.81,,0
KOR,"Korea, Rep.",IP.JRN.ARTC.SC,Scientific and technical journal articles,2000,15875.05,,0
KOR,"Korea, Rep.",IP.JRN.ARTC.SC,Scientific and technical journal articles,1999,14682.76,,0
KOR,"Korea, Rep.",IP.JRN.ARTC.SC,Scientific and technical journal articles,1998,12158.34,,0
KOR,"Korea, Rep.",IP.JRN.ARTC.SC,Scientific and technical journal articles,1997,11237.92,,0
KOR,"Korea, Rep.",IP.JRN.ARTC.SC,Scientific and technical journal articles,1996,8866.52,,0
XKX,Kosovo,IP.JRN.ARTC.SC,Scientific and technical journal articles,2022,428.36,,0
XKX,Kosovo,IP.JRN.ARTC.SC,Scientific and technical journal articles,2021,306.41,,0
XKX,Kosovo,IP.JRN.ARTC.SC,Scientific and technical journal articles,2020,267.8,,0
XKX,Kosovo,IP.JRN.ARTC.SC,Scientific and technical journal articles,2019,272.56,,0
XKX,Kosovo,IP.JRN.ARTC.SC,Scientific and technical journal articles,2018,257.91,,0
XKX,Kosovo,IP.JRN.ARTC.SC,Scientific and technical journal articles,2017,218.35,,0
XKX,Kosovo,IP.JRN.ARTC.SC,Scientific and technical journal articles,2016,180.01,,0
XKX,Kosovo,IP.JRN.ARTC.SC,Scientific and technical journal articles,2015,131.94,,0
XKX,Kosovo,IP.JRN.ARTC.SC,Scientific and technical journal articles,2014,115.81,,0
XKX,Kosovo,IP.JRN.ARTC.SC,Scientific and technical journal articles,2013,121.59,,0
XKX,Kosovo,IP.JRN.ARTC.SC,Scientific and technical journal articles,2012,112.95,,0
XKX,Kosovo,IP.JRN.ARTC.SC,Scientific and technical journal articles,2011,106.33,,0
XKX,Kosovo,IP.JRN.ARTC.SC,Scientific and technical journal articles,2010,113.66,,0
XKX,Kosovo,IP.JRN.ARTC.SC,Scientific and technical journal articles,2009,99.75,,0
XKX,Kosovo,IP.JRN.ARTC.SC,Scientific and technical journal articles,2008,57.5,,0
XKX,Kosovo,IP.JRN.ARTC.SC,Scientific and technical journal articles,2007,0,,0
XKX,Kosovo,IP.JRN.ARTC.SC,Scientific and technical journal articles,2006,0,,0
XKX,Kosovo,IP.JRN.ARTC.SC,Scientific and technical journal articles,2005,0,,0
XKX,Kosovo,IP.JRN.ARTC.SC,Scientific and technical journal articles,2004,0,,0
XKX,Kosovo,IP.JRN.ARTC.SC,Scientific and technical journal articles,2003,0,,0
XKX,Kosovo,IP.JRN.ARTC.SC,Scientific and technical journal articles,2002,0,,0
XKX,Kosovo,IP.JRN.ARTC.SC,Scientific and technical journal articles,2001,0,,0
XKX,Kosovo,IP.JRN.ARTC.SC,Scientific and technical journal articles,2000,0,,0
XKX,Kosovo,IP.JRN.ARTC.SC,Scientific and technical journal articles,1999,0,,0
XKX,Kosovo,IP.JRN.ARTC.SC,Scientific and technical journal articles,1998,0,,0
XKX,Kosovo,IP.JRN.ARTC.SC,Scientific and technical journal articles,1997,0,,0
XKX,Kosovo,IP.JRN.ARTC.SC,Scientific and technical journal articles,1996,0,,0
KWT,Kuwait,IP.JRN.ARTC.SC,Scientific and technical journal articles,2022,1334.56,,0
KWT,Kuwait,IP.JRN.ARTC.SC,Scientific and technical journal articles,2021,1255.18,,0
KWT,Kuwait,IP.JRN.ARTC.SC,Scientific and technical journal articles,2020,1134.46,,0
KWT,Kuwait,IP.JRN.ARTC.SC,Scientific and technical journal articles,2019,1162.19,,0
KWT,Kuwait,IP.JRN.ARTC.SC,Scientific and technical journal articles,2018,1001.08,,0
KWT,Kuwait,IP.JRN.ARTC.SC,Scientific and technical journal articles,2017,850.76,,0
KWT,Kuwait,IP.JRN.ARTC.SC,Scientific and technical journal articles,2016,816.43,,0
KWT,Kuwait,IP.JRN.ARTC.SC,Scientific and technical journal articles,2015,864.37,,0
KWT,Kuwait,IP.JRN.ARTC.SC,Scientific and technical journal articles,2014,784.11,,0
KWT,Kuwait,IP.JRN.ARTC.SC,Scientific and technical journal articles,2013,871.03,,0
KWT,Kuwait,IP.JRN.ARTC.SC,Scientific and technical journal articles,2012,823.4,,0
KWT,Kuwait,IP.JRN.ARTC.SC,Scientific and technical journal articles,2011,795.37,,0
KWT,Kuwait,IP.JRN.ARTC.SC,Scientific and technical journal articles,2010,744.62,,0
KWT,Kuwait,IP.JRN.ARTC.SC,Scientific and technical journal articles,2009,801.72,,0
KWT,Kuwait,IP.JRN.ARTC.SC,Scientific and technical journal articles,2008,765.34,,0
KWT,Kuwait,IP.JRN.ARTC.SC,Scientific and technical journal articles,2007,727.61,,0
KWT,Kuwait,IP.JRN.ARTC.SC,Scientific and technical journal articles,2006,656.42,,0
KWT,Kuwait,IP.JRN.ARTC.SC,Scientific and technical journal articles,2005,626.7,,0
KWT,Kuwait,IP.JRN.ARTC.SC,Scientific and technical journal articles,2004,569.37,,0
KWT,Kuwait,IP.JRN.ARTC.SC,Scientific and technical journal articles,2003,535.29,,0
KWT,Kuwait,IP.JRN.ARTC.SC,Scientific and technical journal articles,2002,512.71,,0
KWT,Kuwait,IP.JRN.ARTC.SC,Scientific and technical journal articles,2001,526.06,,0
KWT,Kuwait,IP.JRN.ARTC.SC,Scientific and technical journal articles,2000,505.73,,0
KWT,Kuwait,IP.JRN.ARTC.SC,Scientific and technical journal articles,1999,562.61,,0
KWT,Kuwait,IP.JRN.ARTC.SC,Scientific and technical journal articles,1998,544.42,,0
KWT,Kuwait,IP.JRN.ARTC.SC,Scientific and technical journal articles,1997,489.87,,0
KWT,Kuwait,IP.JRN.ARTC.SC,Scientific and technical journal articles,1996,475.08,,0
KGZ,Kyrgyz Republic,IP.JRN.ARTC.SC,Scientific and technical journal articles,2022,236.83,,0
KGZ,Kyrgyz Republic,IP.JRN.ARTC.SC,Scientific and technical journal articles,2021,252.43,,0
KGZ,Kyrgyz Republic,IP.JRN.ARTC.SC,Scientific and technical journal articles,2020,209.59,,0
KGZ,Kyrgyz Republic,IP.JRN.ARTC.SC,Scientific and technical journal articles,2019,186.15,,0
KGZ,Kyrgyz Republic,IP.JRN.ARTC.SC,Scientific and technical journal articles,2018,135.02,,0
KGZ,Kyrgyz Republic,IP.JRN.ARTC.SC,Scientific and technical journal articles,2017,115.48,,0
KGZ,Kyrgyz Republic,IP.JRN.ARTC.SC,Scientific and technical journal articles,2016,106.29,,0
KGZ,Kyrgyz Republic,IP.JRN.ARTC.SC,Scientific and technical journal articles,2015,48.24,,0
KGZ,Kyrgyz Republic,IP.JRN.ARTC.SC,Scientific and technical journal articles,2014,50.81,,0
KGZ,Kyrgyz Republic,IP.JRN.ARTC.SC,Scientific and technical journal articles,2013,56.04,,0
KGZ,Kyrgyz Republic,IP.JRN.ARTC.SC,Scientific and technical journal articles,2012,51.95,,0
KGZ,Kyrgyz Republic,IP.JRN.ARTC.SC,Scientific and technical journal articles,2011,49.58,,0
KGZ,Kyrgyz Republic,IP.JRN.ARTC.SC,Scientific and technical journal articles,2010,34.82,,0
KGZ,Kyrgyz Republic,IP.JRN.ARTC.SC,Scientific and technical journal articles,2009,34.73,,0
KGZ,Kyrgyz Republic,IP.JRN.ARTC.SC,Scientific and technical journal articles,2008,51.57,,0
KGZ,Kyrgyz Republic,IP.JRN.ARTC.SC,Scientific and technical journal articles,2007,38.24,,0
KGZ,Kyrgyz Republic,IP.JRN.ARTC.SC,Scientific and technical journal articles,2006,52.87,,0
KGZ,Kyrgyz Republic,IP.JRN.ARTC.SC,Scientific and technical journal articles,2005,44.83,,0
KGZ,Kyrgyz Republic,IP.JRN.ARTC.SC,Scientific and technical journal articles,2004,34.11,,0
KGZ,Kyrgyz Republic,IP.JRN.ARTC.SC,Scientific and technical journal articles,2003,21.7,,0
KGZ,Kyrgyz Republic,IP.JRN.ARTC.SC,Scientific and technical journal articles,2002,29.46,,0
KGZ,Kyrgyz Republic,IP.JRN.ARTC.SC,Scientific and technical journal articles,2001,30.72,,0
KGZ,Kyrgyz Republic,IP.JRN.ARTC.SC,Scientific and technical journal articles,2000,28.88,,0
KGZ,Kyrgyz Republic,IP.JRN.ARTC.SC,Scientific and technical journal articles,1999,30.98,,0
KGZ,Kyrgyz Republic,IP.JRN.ARTC.SC,Scientific and technical journal articles,1998,31.64,,0
KGZ,Kyrgyz Republic,IP.JRN.ARTC.SC,Scientific and technical journal articles,1997,25.89,,0
KGZ,Kyrgyz Republic,IP.JRN.ARTC.SC,Scientific and technical journal articles,1996,26.37,,0
LAO,Lao PDR,IP.JRN.ARTC.SC,Scientific and technical journal articles,2022,83.93,,0
LAO,Lao PDR,IP.JRN.ARTC.SC,Scientific and technical journal articles,2021,87.11,,0
LAO,Lao PDR,IP.JRN.ARTC.SC,Scientific and technical journal articles,2020,90.23,,0
LAO,Lao PDR,IP.JRN.ARTC.SC,Scientific and technical journal articles,2019,94.68,,0
LAO,Lao PDR,IP.JRN.ARTC.SC,Scientific and technical journal articles,2018,89.81,,0
LAO,Lao PDR,IP.JRN.ARTC.SC,Scientific and technical journal articles,2017,78.82,,0
LAO,Lao PDR,IP.JRN.ARTC.SC,Scientific and technical journal articles,2016,89,,0
LAO,Lao PDR,IP.JRN.ARTC.SC,Scientific and technical journal articles,2015,70.96,,0
LAO,Lao PDR,IP.JRN.ARTC.SC,Scientific and technical journal articles,2014,56.61,,0
LAO,Lao PDR,IP.JRN.ARTC.SC,Scientific and technical journal articles,2013,72.11,,0
LAO,Lao PDR,IP.JRN.ARTC.SC,Scientific and technical journal articles,2012,62.81,,0
LAO,Lao PDR,IP.JRN.ARTC.SC,Scientific and technical journal articles,2011,49.51,,0
LAO,Lao PDR,IP.JRN.ARTC.SC,Scientific and technical journal articles,2010,43.5,,0
LAO,Lao PDR,IP.JRN.ARTC.SC,Scientific and technical journal articles,2009,41.96,,0
LAO,Lao PDR,IP.JRN.ARTC.SC,Scientific and technical journal articles,2008,34.68,,0
LAO,Lao PDR,IP.JRN.ARTC.SC,Scientific and technical journal articles,2007,28.22,,0
LAO,Lao PDR,IP.JRN.ARTC.SC,Scientific and technical journal articles,2006,41.42,,0
LAO,Lao PDR,IP.JRN.ARTC.SC,Scientific and technical journal articles,2005,24.14,,0
LAO,Lao PDR,IP.JRN.ARTC.SC,Scientific and technical journal articles,2004,37.96,,0
LAO,Lao PDR,IP.JRN.ARTC.SC,Scientific and technical journal articles,2003,17.72,,0
LAO,Lao PDR,IP.JRN.ARTC.SC,Scientific and technical journal articles,2002,12.29,,0
LAO,Lao PDR,IP.JRN.ARTC.SC,Scientific and technical journal articles,2001,7.01,,0
LAO,Lao PDR,IP.JRN.ARTC.SC,Scientific and technical journal articles,2000,8.57,,0
LAO,Lao PDR,IP.JRN.ARTC.SC,Scientific and technical journal articles,1999,6.17,,0
LAO,Lao PDR,IP.JRN.ARTC.SC,Scientific and technical journal articles,1998,8.15,,0
LAO,Lao PDR,IP.JRN.ARTC.SC,Scientific and technical journal articles,1997,4.06,,0
LAO,Lao PDR,IP.JRN.ARTC.SC,Scientific and technical journal articles,1996,4.43,,0
LVA,Latvia,IP.JRN.ARTC.SC,Scientific and technical journal articles,2022,1690.44,,0
LVA,Latvia,IP.JRN.ARTC.SC,Scientific and technical journal articles,2021,1903.51,,0
LVA,Latvia,IP.JRN.ARTC.SC,Scientific and technical journal articles,2020,1549.52,,0
LVA,Latvia,IP.JRN.ARTC.SC,Scientific and technical journal articles,2019,1603.35,,0
LVA,Latvia,IP.JRN.ARTC.SC,Scientific and technical journal articles,2018,1448.69,,0
LVA,Latvia,IP.JRN.ARTC.SC,Scientific and technical journal articles,2017,1557.08,,0
LVA,Latvia,IP.JRN.ARTC.SC,Scientific and technical journal articles,2016,1347.95,,0
LVA,Latvia,IP.JRN.ARTC.SC,Scientific and technical journal articles,2015,1398.7,,0
LVA,Latvia,IP.JRN.ARTC.SC,Scientific and technical journal articles,2014,1163.27,,0
LVA,Latvia,IP.JRN.ARTC.SC,Scientific and technical journal articles,2013,1192.04,,0
LVA,Latvia,IP.JRN.ARTC.SC,Scientific and technical journal articles,2012,1147.24,,0
LVA,Latvia,IP.JRN.ARTC.SC,Scientific and technical journal articles,2011,1270.69,,0
LVA,Latvia,IP.JRN.ARTC.SC,Scientific and technical journal articles,2010,810.5,,0
LVA,Latvia,IP.JRN.ARTC.SC,Scientific and technical journal articles,2009,713.04,,0
LVA,Latvia,IP.JRN.ARTC.SC,Scientific and technical journal articles,2008,651.28,,0
LVA,Latvia,IP.JRN.ARTC.SC,Scientific and technical journal articles,2007,501.77,,0
LVA,Latvia,IP.JRN.ARTC.SC,Scientific and technical journal articles,2006,396.55,,0
LVA,Latvia,IP.JRN.ARTC.SC,Scientific and technical journal articles,2005,455.19,,0
LVA,Latvia,IP.JRN.ARTC.SC,Scientific and technical journal articles,2004,301.42,,0
LVA,Latvia,IP.JRN.ARTC.SC,Scientific and technical journal articles,2003,292.97,,0
LVA,Latvia,IP.JRN.ARTC.SC,Scientific and technical journal articles,2002,371.27,,0
LVA,Latvia,IP.JRN.ARTC.SC,Scientific and technical journal articles,2001,355.23,,0
LVA,Latvia,IP.JRN.ARTC.SC,Scientific and technical journal articles,2000,292.69,,0
LVA,Latvia,IP.JRN.ARTC.SC,Scientific and technical journal articles,1999,332.08,,0
LVA,Latvia,IP.JRN.ARTC.SC,Scientific and technical journal articles,1998,328.14,,0
LVA,Latvia,IP.JRN.ARTC.SC,Scientific and technical journal articles,1997,411.93,,0
LVA,Latvia,IP.JRN.ARTC.SC,Scientific and technical journal articles,1996,339.74,,0
LBN,Lebanon,IP.JRN.ARTC.SC,Scientific and technical journal articles,2022,2091.17,,0
LBN,Lebanon,IP.JRN.ARTC.SC,Scientific and technical journal articles,2021,2207.34,,0
LBN,Lebanon,IP.JRN.ARTC.SC,Scientific and technical journal articles,2020,2236.68,,0
LBN,Lebanon,IP.JRN.ARTC.SC,Scientific and technical journal articles,2019,2096.33,,0
LBN,Lebanon,IP.JRN.ARTC.SC,Scientific and technical journal articles,2018,1907.25,,0
LBN,Lebanon,IP.JRN.ARTC.SC,Scientific and technical journal articles,2017,1561.41,,0
LBN,Lebanon,IP.JRN.ARTC.SC,Scientific and technical journal articles,2016,1472.02,,0
LBN,Lebanon,IP.JRN.ARTC.SC,Scientific and technical journal articles,2015,1301.39,,0
LBN,Lebanon,IP.JRN.ARTC.SC,Scientific and technical journal articles,2014,1219.11,,0
LBN,Lebanon,IP.JRN.ARTC.SC,Scientific and technical journal articles,2013,1099.86,,0
LBN,Lebanon,IP.JRN.ARTC.SC,Scientific and technical journal articles,2012,1023.86,,0
LBN,Lebanon,IP.JRN.ARTC.SC,Scientific and technical journal articles,2011,882.47,,0
LBN,Lebanon,IP.JRN.ARTC.SC,Scientific and technical journal articles,2010,799.05,,0
LBN,Lebanon,IP.JRN.ARTC.SC,Scientific and technical journal articles,2009,788.92,,0
LBN,Lebanon,IP.JRN.ARTC.SC,Scientific and technical journal articles,2008,740.45,,0
LBN,Lebanon,IP.JRN.ARTC.SC,Scientific and technical journal articles,2007,661.79,,0
LBN,Lebanon,IP.JRN.ARTC.SC,Scientific and technical journal articles,2006,648.85,,0
LBN,Lebanon,IP.JRN.ARTC.SC,Scientific and technical journal articles,2005,577.01,,0
LBN,Lebanon,IP.JRN.ARTC.SC,Scientific and technical journal articles,2004,499.4,,0
LBN,Lebanon,IP.JRN.ARTC.SC,Scientific and technical journal articles,2003,471.77,,0
LBN,Lebanon,IP.JRN.ARTC.SC,Scientific and technical journal articles,2002,395.95,,0
LBN,Lebanon,IP.JRN.ARTC.SC,Scientific and technical journal articles,2001,435.09,,0
LBN,Lebanon,IP.JRN.ARTC.SC,Scientific and technical journal articles,2000,414.71,,0
LBN,Lebanon,IP.JRN.ARTC.SC,Scientific and technical journal articles,1999,310.32,,0
LBN,Lebanon,IP.JRN.ARTC.SC,Scientific and technical journal articles,1998,276.74,,0
LBN,Lebanon,IP.JRN.ARTC.SC,Scientific and technical journal articles,1997,258,,0
LBN,Lebanon,IP.JRN.ARTC.SC,Scientific and technical journal articles,1996,222.34,,0
LSO,Lesotho,IP.JRN.ARTC.SC,Scientific and technical journal articles,2022,47.96,,0
LSO,Lesotho,IP.JRN.ARTC.SC,Scientific and technical journal articles,2021,43.94,,0
LSO,Lesotho,IP.JRN.ARTC.SC,Scientific and technical journal articles,2020,34.31,,0
LSO,Lesotho,IP.JRN.ARTC.SC,Scientific and technical journal articles,2019,37.74,,0
LSO,Lesotho,IP.JRN.ARTC.SC,Scientific and technical journal articles,2018,21.11,,0
LSO,Lesotho,IP.JRN.ARTC.SC,Scientific and technical journal articles,2017,24.87,,0
LSO,Lesotho,IP.JRN.ARTC.SC,Scientific and technical journal articles,2016,21.59,,0
LSO,Lesotho,IP.JRN.ARTC.SC,Scientific and technical journal articles,2015,16.51,,0
LSO,Lesotho,IP.JRN.ARTC.SC,Scientific and technical journal articles,2014,11.63,,0
LSO,Lesotho,IP.JRN.ARTC.SC,Scientific and technical journal articles,2013,15.19,,0
LSO,Lesotho,IP.JRN.ARTC.SC,Scientific and technical journal articles,2012,21.26,,0
LSO,Lesotho,IP.JRN.ARTC.SC,Scientific and technical journal articles,2011,14.64,,0
LSO,Lesotho,IP.JRN.ARTC.SC,Scientific and technical journal articles,2010,12.18,,0
LSO,Lesotho,IP.JRN.ARTC.SC,Scientific and technical journal articles,2009,11.45,,0
LSO,Lesotho,IP.JRN.ARTC.SC,Scientific and technical journal articles,2008,11.92,,0
LSO,Lesotho,IP.JRN.ARTC.SC,Scientific and technical journal articles,2007,9.75,,0
LSO,Lesotho,IP.JRN.ARTC.SC,Scientific and technical journal articles,2006,11.92,,0
LSO,Lesotho,IP.JRN.ARTC.SC,Scientific and technical journal articles,2005,7.03,,0
LSO,Lesotho,IP.JRN.ARTC.SC,Scientific and technical journal articles,2004,5.38,,0
LSO,Lesotho,IP.JRN.ARTC.SC,Scientific and technical journal articles,2003,6.43,,0
LSO,Lesotho,IP.JRN.ARTC.SC,Scientific and technical journal articles,2002,12.58,,0
LSO,Lesotho,IP.JRN.ARTC.SC,Scientific and technical journal articles,2001,12.25,,0
LSO,Lesotho,IP.JRN.ARTC.SC,Scientific and technical journal articles,2000,8.17,,0
LSO,Lesotho,IP.JRN.ARTC.SC,Scientific and technical journal articles,1999,8.39,,0
LSO,Lesotho,IP.JRN.ARTC.SC,Scientific and technical journal articles,1998,2.25,,0
LSO,Lesotho,IP.JRN.ARTC.SC,Scientific and technical journal articles,1997,9.75,,0
LSO,Lesotho,IP.JRN.ARTC.SC,Scientific and technical journal articles,1996,9.5,,0
LBR,Liberia,IP.JRN.ARTC.SC,Scientific and technical journal articles,2022,25.91,,0
LBR,Liberia,IP.JRN.ARTC.SC,Scientific and technical journal articles,2021,26.16,,0
LBR,Liberia,IP.JRN.ARTC.SC,Scientific and technical journal articles,2020,10.6,,0
LBR,Liberia,IP.JRN.ARTC.SC,Scientific and technical journal articles,2019,21.98,,0
LBR,Liberia,IP.JRN.ARTC.SC,Scientific and technical journal articles,2018,25.33,,0
LBR,Liberia,IP.JRN.ARTC.SC,Scientific and technical journal articles,2017,21.09,,0
LBR,Liberia,IP.JRN.ARTC.SC,Scientific and technical journal articles,2016,17.19,,0
LBR,Liberia,IP.JRN.ARTC.SC,Scientific and technical journal articles,2015,10.71,,0
LBR,Liberia,IP.JRN.ARTC.SC,Scientific and technical journal articles,2014,9.45,,0
LBR,Liberia,IP.JRN.ARTC.SC,Scientific and technical journal articles,2013,3.46,,0
LBR,Liberia,IP.JRN.ARTC.SC,Scientific and technical journal articles,2012,7.47,,0
LBR,Liberia,IP.JRN.ARTC.SC,Scientific and technical journal articles,2011,9.22,,0
LBR,Liberia,IP.JRN.ARTC.SC,Scientific and technical journal articles,2010,4.36,,0
LBR,Liberia,IP.JRN.ARTC.SC,Scientific and technical journal articles,2009,2.33,,0
LBR,Liberia,IP.JRN.ARTC.SC,Scientific and technical journal articles,2008,2.14,,0
LBR,Liberia,IP.JRN.ARTC.SC,Scientific and technical journal articles,2007,4.15,,0
LBR,Liberia,IP.JRN.ARTC.SC,Scientific and technical journal articles,2006,3.55,,0
LBR,Liberia,IP.JRN.ARTC.SC,Scientific and technical journal articles,2005,1.08,,0
LBR,Liberia,IP.JRN.ARTC.SC,Scientific and technical journal articles,2004,1.42,,0
LBR,Liberia,IP.JRN.ARTC.SC,Scientific and technical journal articles,2003,1,,0
LBR,Liberia,IP.JRN.ARTC.SC,Scientific and technical journal articles,2002,0.69,,0
LBR,Liberia,IP.JRN.ARTC.SC,Scientific and technical journal articles,2001,0,,0
LBR,Liberia,IP.JRN.ARTC.SC,Scientific and technical journal articles,2000,1,,0
LBR,Liberia,IP.JRN.ARTC.SC,Scientific and technical journal articles,1999,0,,0
LBR,Liberia,IP.JRN.ARTC.SC,Scientific and technical journal articles,1998,0.63,,0
LBR,Liberia,IP.JRN.ARTC.SC,Scientific and technical journal articles,1997,0,,0
LBR,Liberia,IP.JRN.ARTC.SC,Scientific and technical journal articles,1996,1.14,,0
LBY,Libya,IP.JRN.ARTC.SC,Scientific and technical journal articles,2022,407.95,,0
LBY,Libya,IP.JRN.ARTC.SC,Scientific and technical journal articles,2021,456.28,,0
LBY,Libya,IP.JRN.ARTC.SC,Scientific and technical journal articles,2020,245.96,,0
LBY,Libya,IP.JRN.ARTC.SC,Scientific and technical journal articles,2019,186.16,,0
LBY,Libya,IP.JRN.ARTC.SC,Scientific and technical journal articles,2018,167.84,,0
LBY,Libya,IP.JRN.ARTC.SC,Scientific and technical journal articles,2017,162.62,,0
LBY,Libya,IP.JRN.ARTC.SC,Scientific and technical journal articles,2016,140.44,,0
LBY,Libya,IP.JRN.ARTC.SC,Scientific and technical journal articles,2015,175.79,,0
LBY,Libya,IP.JRN.ARTC.SC,Scientific and technical journal articles,2014,194.48,,0
LBY,Libya,IP.JRN.ARTC.SC,Scientific and technical journal articles,2013,203.74,,0
LBY,Libya,IP.JRN.ARTC.SC,Scientific and technical journal articles,2012,152.3,,0
LBY,Libya,IP.JRN.ARTC.SC,Scientific and technical journal articles,2011,125.53,,0
LBY,Libya,IP.JRN.ARTC.SC,Scientific and technical journal articles,2010,296.69,,0
LBY,Libya,IP.JRN.ARTC.SC,Scientific and technical journal articles,2009,238.83,,0
LBY,Libya,IP.JRN.ARTC.SC,Scientific and technical journal articles,2008,135.11,,0
LBY,Libya,IP.JRN.ARTC.SC,Scientific and technical journal articles,2007,117.74,,0
LBY,Libya,IP.JRN.ARTC.SC,Scientific and technical journal articles,2006,92.37,,0
LBY,Libya,IP.JRN.ARTC.SC,Scientific and technical journal articles,2005,77.46,,0
LBY,Libya,IP.JRN.ARTC.SC,Scientific and technical journal articles,2004,65.62,,0
LBY,Libya,IP.JRN.ARTC.SC,Scientific and technical journal articles,2003,52.05,,0
LBY,Libya,IP.JRN.ARTC.SC,Scientific and technical journal articles,2002,41.14,,0
LBY,Libya,IP.JRN.ARTC.SC,Scientific and technical journal articles,2001,45.89,,0
LBY,Libya,IP.JRN.ARTC.SC,Scientific and technical journal articles,2000,61.41,,0
LBY,Libya,IP.JRN.ARTC.SC,Scientific and technical journal articles,1999,39.42,,0
LBY,Libya,IP.JRN.ARTC.SC,Scientific and technical journal articles,1998,54.13,,0
LBY,Libya,IP.JRN.ARTC.SC,Scientific and technical journal articles,1997,41.98,,0
LBY,Libya,IP.JRN.ARTC.SC,Scientific and technical journal articles,1996,36.86,,0
LIE,Liechtenstein,IP.JRN.ARTC.SC,Scientific and technical journal articles,2022,40.79,,0
LIE,Liechtenstein,IP.JRN.ARTC.SC,Scientific and technical journal articles,2021,40.21,,0
LIE,Liechtenstein,IP.JRN.ARTC.SC,Scientific and technical journal articles,2020,40.39,,0
LIE,Liechtenstein,IP.JRN.ARTC.SC,Scientific and technical journal articles,2019,31.85,,0
LIE,Liechtenstein,IP.JRN.ARTC.SC,Scientific and technical journal articles,2018,30.99,,0
LIE,Liechtenstein,IP.JRN.ARTC.SC,Scientific and technical journal articles,2017,36.1,,0
LIE,Liechtenstein,IP.JRN.ARTC.SC,Scientific and technical journal articles,2016,45.34,,0
LIE,Liechtenstein,IP.JRN.ARTC.SC,Scientific and technical journal articles,2015,32.83,,0
LIE,Liechtenstein,IP.JRN.ARTC.SC,Scientific and technical journal articles,2014,40.29,,0
LIE,Liechtenstein,IP.JRN.ARTC.SC,Scientific and technical journal articles,2013,31.48,,0
LIE,Liechtenstein,IP.JRN.ARTC.SC,Scientific and technical journal articles,2012,30.76,,0
LIE,Liechtenstein,IP.JRN.ARTC.SC,Scientific and technical journal articles,2011,38.97,,0
LIE,Liechtenstein,IP.JRN.ARTC.SC,Scientific and technical journal articles,2010,37.86,,0
LIE,Liechtenstein,IP.JRN.ARTC.SC,Scientific and technical journal articles,2009,23.71,,0
LIE,Liechtenstein,IP.JRN.ARTC.SC,Scientific and technical journal articles,2008,39.95,,0
LIE,Liechtenstein,IP.JRN.ARTC.SC,Scientific and technical journal articles,2007,25.08,,0
LIE,Liechtenstein,IP.JRN.ARTC.SC,Scientific and technical journal articles,2006,35.42,,0
LIE,Liechtenstein,IP.JRN.ARTC.SC,Scientific and technical journal articles,2005,34.57,,0
LIE,Liechtenstein,IP.JRN.ARTC.SC,Scientific and technical journal articles,2004,20.79,,0
LIE,Liechtenstein,IP.JRN.ARTC.SC,Scientific and technical journal articles,2003,16.02,,0
LIE,Liechtenstein,IP.JRN.ARTC.SC,Scientific and technical journal articles,2002,7.65,,0
LIE,Liechtenstein,IP.JRN.ARTC.SC,Scientific and technical journal articles,2001,8.22,,0
LIE,Liechtenstein,IP.JRN.ARTC.SC,Scientific and technical journal articles,2000,15.87,,0
LIE,Liechtenstein,IP.JRN.ARTC.SC,Scientific and technical journal articles,1999,18.12,,0
LIE,Liechtenstein,IP.JRN.ARTC.SC,Scientific and technical journal articles,1998,4.5,,0
LIE,Liechtenstein,IP.JRN.ARTC.SC,Scientific and technical journal articles,1997,17.51,,0
LIE,Liechtenstein,IP.JRN.ARTC.SC,Scientific and technical journal articles,1996,12.08,,0
LTU,Lithuania,IP.JRN.ARTC.SC,Scientific and technical journal articles,2022,3132.62,,0
LTU,Lithuania,IP.JRN.ARTC.SC,Scientific and technical journal articles,2021,3102.55,,0
LTU,Lithuania,IP.JRN.ARTC.SC,Scientific and technical journal articles,2020,2888.91,,0
LTU,Lithuania,IP.JRN.ARTC.SC,Scientific and technical journal articles,2019,2594.62,,0
LTU,Lithuania,IP.JRN.ARTC.SC,Scientific and technical journal articles,2018,2353.94,,0
LTU,Lithuania,IP.JRN.ARTC.SC,Scientific and technical journal articles,2017,2400.43,,0
LTU,Lithuania,IP.JRN.ARTC.SC,Scientific and technical journal articles,2016,2335.81,,0
LTU,Lithuania,IP.JRN.ARTC.SC,Scientific and technical journal articles,2015,2474.04,,0
LTU,Lithuania,IP.JRN.ARTC.SC,Scientific and technical journal articles,2014,2444.28,,0
LTU,Lithuania,IP.JRN.ARTC.SC,Scientific and technical journal articles,2013,2240.39,,0
LTU,Lithuania,IP.JRN.ARTC.SC,Scientific and technical journal articles,2012,2247.28,,0
LTU,Lithuania,IP.JRN.ARTC.SC,Scientific and technical journal articles,2011,2443.84,,0
LTU,Lithuania,IP.JRN.ARTC.SC,Scientific and technical journal articles,2010,2338.86,,0
LTU,Lithuania,IP.JRN.ARTC.SC,Scientific and technical journal articles,2009,2297.94,,0
LTU,Lithuania,IP.JRN.ARTC.SC,Scientific and technical journal articles,2008,2532.98,,0
LTU,Lithuania,IP.JRN.ARTC.SC,Scientific and technical journal articles,2007,1701.79,,0
LTU,Lithuania,IP.JRN.ARTC.SC,Scientific and technical journal articles,2006,1771.04,,0
LTU,Lithuania,IP.JRN.ARTC.SC,Scientific and technical journal articles,2005,1523.8,,0
LTU,Lithuania,IP.JRN.ARTC.SC,Scientific and technical journal articles,2004,1271.25,,0
LTU,Lithuania,IP.JRN.ARTC.SC,Scientific and technical journal articles,2003,969.21,,0
LTU,Lithuania,IP.JRN.ARTC.SC,Scientific and technical journal articles,2002,998.87,,0
LTU,Lithuania,IP.JRN.ARTC.SC,Scientific and technical journal articles,2001,638.61,,0
LTU,Lithuania,IP.JRN.ARTC.SC,Scientific and technical journal articles,2000,598.97,,0
LTU,Lithuania,IP.JRN.ARTC.SC,Scientific and technical journal articles,1999,574.27,,0
LTU,Lithuania,IP.JRN.ARTC.SC,Scientific and technical journal articles,1998,537.7,,0
LTU,Lithuania,IP.JRN.ARTC.SC,Scientific and technical journal articles,1997,471.62,,0
LTU,Lithuania,IP.JRN.ARTC.SC,Scientific and technical journal articles,1996,426.08,,0
LUX,Luxembourg,IP.JRN.ARTC.SC,Scientific and technical journal articles,2022,1170.6,,0
LUX,Luxembourg,IP.JRN.ARTC.SC,Scientific and technical journal articles,2021,1075.91,,0
LUX,Luxembourg,IP.JRN.ARTC.SC,Scientific and technical journal articles,2020,980.18,,0
LUX,Luxembourg,IP.JRN.ARTC.SC,Scientific and technical journal articles,2019,955.34,,0
LUX,Luxembourg,IP.JRN.ARTC.SC,Scientific and technical journal articles,2018,911.61,,0
LUX,Luxembourg,IP.JRN.ARTC.SC,Scientific and technical journal articles,2017,831.12,,0
LUX,Luxembourg,IP.JRN.ARTC.SC,Scientific and technical journal articles,2016,874.4,,0
LUX,Luxembourg,IP.JRN.ARTC.SC,Scientific and technical journal articles,2015,816.06,,0
LUX,Luxembourg,IP.JRN.ARTC.SC,Scientific and technical journal articles,2014,876.26,,0
LUX,Luxembourg,IP.JRN.ARTC.SC,Scientific and technical journal articles,2013,765.94,,0
LUX,Luxembourg,IP.JRN.ARTC.SC,Scientific and technical journal articles,2012,593.83,,0
LUX,Luxembourg,IP.JRN.ARTC.SC,Scientific and technical journal articles,2011,587.83,,0
LUX,Luxembourg,IP.JRN.ARTC.SC,Scientific and technical journal articles,2010,452.89,,0
LUX,Luxembourg,IP.JRN.ARTC.SC,Scientific and technical journal articles,2009,395.45,,0
LUX,Luxembourg,IP.JRN.ARTC.SC,Scientific and technical journal articles,2008,323.29,,0
LUX,Luxembourg,IP.JRN.ARTC.SC,Scientific and technical journal articles,2007,220.51,,0
LUX,Luxembourg,IP.JRN.ARTC.SC,Scientific and technical journal articles,2006,204.56,,0
LUX,Luxembourg,IP.JRN.ARTC.SC,Scientific and technical journal articles,2005,165.29,,0
LUX,Luxembourg,IP.JRN.ARTC.SC,Scientific and technical journal articles,2004,156.39,,0
LUX,Luxembourg,IP.JRN.ARTC.SC,Scientific and technical journal articles,2003,88.93,,0
LUX,Luxembourg,IP.JRN.ARTC.SC,Scientific and technical journal articles,2002,83.08,,0
LUX,Luxembourg,IP.JRN.ARTC.SC,Scientific and technical journal articles,2001,67.06,,0
LUX,Luxembourg,IP.JRN.ARTC.SC,Scientific and technical journal articles,2000,65.28,,0
LUX,Luxembourg,IP.JRN.ARTC.SC,Scientific and technical journal articles,1999,53.72,,0
LUX,Luxembourg,IP.JRN.ARTC.SC,Scientific and technical journal articles,1998,56.21,,0
LUX,Luxembourg,IP.JRN.ARTC.SC,Scientific and technical journal articles,1997,50.48,,0
LUX,Luxembourg,IP.JRN.ARTC.SC,Scientific and technical journal articles,1996,46.91,,0
MDG,Madagascar,IP.JRN.ARTC.SC,Scientific and technical journal articles,2022,156.66,,0
MDG,Madagascar,IP.JRN.ARTC.SC,Scientific and technical journal articles,2021,174.2,,0
MDG,Madagascar,IP.JRN.ARTC.SC,Scientific and technical journal articles,2020,175.76,,0
MDG,Madagascar,IP.JRN.ARTC.SC,Scientific and technical journal articles,2019,122.45,,0
MDG,Madagascar,IP.JRN.ARTC.SC,Scientific and technical journal articles,2018,124.8,,0
MDG,Madagascar,IP.JRN.ARTC.SC,Scientific and technical journal articles,2017,133.24,,0
MDG,Madagascar,IP.JRN.ARTC.SC,Scientific and technical journal articles,2016,100.7,,0
MDG,Madagascar,IP.JRN.ARTC.SC,Scientific and technical journal articles,2015,106.35,,0
MDG,Madagascar,IP.JRN.ARTC.SC,Scientific and technical journal articles,2014,113.92,,0
MDG,Madagascar,IP.JRN.ARTC.SC,Scientific and technical journal articles,2013,112.7,,0
MDG,Madagascar,IP.JRN.ARTC.SC,Scientific and technical journal articles,2012,94.11,,0
MDG,Madagascar,IP.JRN.ARTC.SC,Scientific and technical journal articles,2011,96.42,,0
MDG,Madagascar,IP.JRN.ARTC.SC,Scientific and technical journal articles,2010,80.16,,0
MDG,Madagascar,IP.JRN.ARTC.SC,Scientific and technical journal articles,2009,85.76,,0
MDG,Madagascar,IP.JRN.ARTC.SC,Scientific and technical journal articles,2008,82.64,,0
MDG,Madagascar,IP.JRN.ARTC.SC,Scientific and technical journal articles,2007,109.04,,0
MDG,Madagascar,IP.JRN.ARTC.SC,Scientific and technical journal articles,2006,61.29,,0
MDG,Madagascar,IP.JRN.ARTC.SC,Scientific and technical journal articles,2005,57.31,,0
MDG,Madagascar,IP.JRN.ARTC.SC,Scientific and technical journal articles,2004,49.41,,0
MDG,Madagascar,IP.JRN.ARTC.SC,Scientific and technical journal articles,2003,65.45,,0
MDG,Madagascar,IP.JRN.ARTC.SC,Scientific and technical journal articles,2002,41.2,,0
MDG,Madagascar,IP.JRN.ARTC.SC,Scientific and technical journal articles,2001,61.8,,0
MDG,Madagascar,IP.JRN.ARTC.SC,Scientific and technical journal articles,2000,60.66,,0
MDG,Madagascar,IP.JRN.ARTC.SC,Scientific and technical journal articles,1999,58.99,,0
MDG,Madagascar,IP.JRN.ARTC.SC,Scientific and technical journal articles,1998,37.06,,0
MDG,Madagascar,IP.JRN.ARTC.SC,Scientific and technical journal articles,1997,34.39,,0
MDG,Madagascar,IP.JRN.ARTC.SC,Scientific and technical journal articles,1996,51.93,,0
MWI,Malawi,IP.JRN.ARTC.SC,Scientific and technical journal articles,2022,361.73,,0
MWI,Malawi,IP.JRN.ARTC.SC,Scientific and technical journal articles,2021,371.88,,0
MWI,Malawi,IP.JRN.ARTC.SC,Scientific and technical journal articles,2020,291.02,,0
MWI,Malawi,IP.JRN.ARTC.SC,Scientific and technical journal articles,2019,252.4,,0
MWI,Malawi,IP.JRN.ARTC.SC,Scientific and technical journal articles,2018,245.97,,0
MWI,Malawi,IP.JRN.ARTC.SC,Scientific and technical journal articles,2017,234.81,,0
MWI,Malawi,IP.JRN.ARTC.SC,Scientific and technical journal articles,2016,195.41,,0
MWI,Malawi,IP.JRN.ARTC.SC,Scientific and technical journal articles,2015,178.8,,0
MWI,Malawi,IP.JRN.ARTC.SC,Scientific and technical journal articles,2014,171.69,,0
MWI,Malawi,IP.JRN.ARTC.SC,Scientific and technical journal articles,2013,135.58,,0
MWI,Malawi,IP.JRN.ARTC.SC,Scientific and technical journal articles,2012,157.59,,0
MWI,Malawi,IP.JRN.ARTC.SC,Scientific and technical journal articles,2011,141.15,,0
MWI,Malawi,IP.JRN.ARTC.SC,Scientific and technical journal articles,2010,126.77,,0
MWI,Malawi,IP.JRN.ARTC.SC,Scientific and technical journal articles,2009,106.44,,0
MWI,Malawi,IP.JRN.ARTC.SC,Scientific and technical journal articles,2008,112.38,,0
MWI,Malawi,IP.JRN.ARTC.SC,Scientific and technical journal articles,2007,130.35,,0
MWI,Malawi,IP.JRN.ARTC.SC,Scientific and technical journal articles,2006,87.43,,0
MWI,Malawi,IP.JRN.ARTC.SC,Scientific and technical journal articles,2005,85.61,,0
MWI,Malawi,IP.JRN.ARTC.SC,Scientific and technical journal articles,2004,82.28,,0
MWI,Malawi,IP.JRN.ARTC.SC,Scientific and technical journal articles,2003,75.56,,0
MWI,Malawi,IP.JRN.ARTC.SC,Scientific and technical journal articles,2002,78.31,,0
MWI,Malawi,IP.JRN.ARTC.SC,Scientific and technical journal articles,2001,75.35,,0
MWI,Malawi,IP.JRN.ARTC.SC,Scientific and technical journal articles,2000,65.37,,0
MWI,Malawi,IP.JRN.ARTC.SC,Scientific and technical journal articles,1999,53.95,,0
MWI,Malawi,IP.JRN.ARTC.SC,Scientific and technical journal articles,1998,49.86,,0
MWI,Malawi,IP.JRN.ARTC.SC,Scientific and technical journal articles,1997,55.62,,0
MWI,Malawi,IP.JRN.ARTC.SC,Scientific and technical journal articles,1996,60.08,,0
MYS,Malaysia,IP.JRN.ARTC.SC,Scientific and technical journal articles,2022,26506.35,,0
MYS,Malaysia,IP.JRN.ARTC.SC,Scientific and technical journal articles,2021,26302.68,,0
MYS,Malaysia,IP.JRN.ARTC.SC,Scientific and technical journal articles,2020,21993.06,,0
MYS,Malaysia,IP.JRN.ARTC.SC,Scientific and technical journal articles,2019,21651.72,,0
MYS,Malaysia,IP.JRN.ARTC.SC,Scientific and technical journal articles,2018,19992.49,,0
MYS,Malaysia,IP.JRN.ARTC.SC,Scientific and technical journal articles,2017,19900.96,,0
MYS,Malaysia,IP.JRN.ARTC.SC,Scientific and technical journal articles,2016,18747.44,,0
MYS,Malaysia,IP.JRN.ARTC.SC,Scientific and technical journal articles,2015,18099.96,,0
MYS,Malaysia,IP.JRN.ARTC.SC,Scientific and technical journal articles,2014,16608.39,,0
MYS,Malaysia,IP.JRN.ARTC.SC,Scientific and technical journal articles,2013,15008.95,,0
MYS,Malaysia,IP.JRN.ARTC.SC,Scientific and technical journal articles,2012,14203.57,,0
MYS,Malaysia,IP.JRN.ARTC.SC,Scientific and technical journal articles,2011,13550.23,,0
MYS,Malaysia,IP.JRN.ARTC.SC,Scientific and technical journal articles,2010,10937.69,,0
MYS,Malaysia,IP.JRN.ARTC.SC,Scientific and technical journal articles,2009,7850.72,,0
MYS,Malaysia,IP.JRN.ARTC.SC,Scientific and technical journal articles,2008,5859.36,,0
MYS,Malaysia,IP.JRN.ARTC.SC,Scientific and technical journal articles,2007,3763.96,,0
MYS,Malaysia,IP.JRN.ARTC.SC,Scientific and technical journal articles,2006,3210.77,,0
MYS,Malaysia,IP.JRN.ARTC.SC,Scientific and technical journal articles,2005,2508.56,,0
MYS,Malaysia,IP.JRN.ARTC.SC,Scientific and technical journal articles,2004,2093.36,,0
MYS,Malaysia,IP.JRN.ARTC.SC,Scientific and technical journal articles,2003,1761.55,,0
MYS,Malaysia,IP.JRN.ARTC.SC,Scientific and technical journal articles,2002,1484.43,,0
MYS,Malaysia,IP.JRN.ARTC.SC,Scientific and technical journal articles,2001,1170.75,,0
MYS,Malaysia,IP.JRN.ARTC.SC,Scientific and technical journal articles,2000,1327.34,,0
MYS,Malaysia,IP.JRN.ARTC.SC,Scientific and technical journal articles,1999,993.41,,0
MYS,Malaysia,IP.JRN.ARTC.SC,Scientific and technical journal articles,1998,921.2,,0
MYS,Malaysia,IP.JRN.ARTC.SC,Scientific and technical journal articles,1997,887.13,,0
MYS,Malaysia,IP.JRN.ARTC.SC,Scientific and technical journal articles,1996,800.64,,0
MDV,Maldives,IP.JRN.ARTC.SC,Scientific and technical journal articles,2022,35.87,,0
MDV,Maldives,IP.JRN.ARTC.SC,Scientific and technical journal articles,2021,25.26,,0
MDV,Maldives,IP.JRN.ARTC.SC,Scientific and technical journal articles,2020,24.84,,0
MDV,Maldives,IP.JRN.ARTC.SC,Scientific and technical journal articles,2019,10.97,,0
MDV,Maldives,IP.JRN.ARTC.SC,Scientific and technical journal articles,2018,7.15,,0
MDV,Maldives,IP.JRN.ARTC.SC,Scientific and technical journal articles,2017,7.06,,0
MDV,Maldives,IP.JRN.ARTC.SC,Scientific and technical journal articles,2016,6.8,,0
MDV,Maldives,IP.JRN.ARTC.SC,Scientific and technical journal articles,2015,7.08,,0
MDV,Maldives,IP.JRN.ARTC.SC,Scientific and technical journal articles,2014,5.87,,0
MDV,Maldives,IP.JRN.ARTC.SC,Scientific and technical journal articles,2013,7.04,,0
MDV,Maldives,IP.JRN.ARTC.SC,Scientific and technical journal articles,2012,8.08,,0
MDV,Maldives,IP.JRN.ARTC.SC,Scientific and technical journal articles,2011,7.4,,0
MDV,Maldives,IP.JRN.ARTC.SC,Scientific and technical journal articles,2010,3.26,,0
MDV,Maldives,IP.JRN.ARTC.SC,Scientific and technical journal articles,2009,3.95,,0
MDV,Maldives,IP.JRN.ARTC.SC,Scientific and technical journal articles,2008,0.92,,0
MDV,Maldives,IP.JRN.ARTC.SC,Scientific and technical journal articles,2007,4.83,,0
MDV,Maldives,IP.JRN.ARTC.SC,Scientific and technical journal articles,2006,4.63,,0
MDV,Maldives,IP.JRN.ARTC.SC,Scientific and technical journal articles,2005,3.71,,0
MDV,Maldives,IP.JRN.ARTC.SC,Scientific and technical journal articles,2004,1.67,,0
MDV,Maldives,IP.JRN.ARTC.SC,Scientific and technical journal articles,2003,2.42,,0
MDV,Maldives,IP.JRN.ARTC.SC,Scientific and technical journal articles,2002,1,,0
MDV,Maldives,IP.JRN.ARTC.SC,Scientific and technical journal articles,2001,5.08,,0
MDV,Maldives,IP.JRN.ARTC.SC,Scientific and technical journal articles,2000,0.5,,0
MDV,Maldives,IP.JRN.ARTC.SC,Scientific and technical journal articles,1999,2,,0
MDV,Maldives,IP.JRN.ARTC.SC,Scientific and technical journal articles,1998,2.14,,0
MDV,Maldives,IP.JRN.ARTC.SC,Scientific and technical journal articles,1997,1,,0
MDV,Maldives,IP.JRN.ARTC.SC,Scientific and technical journal articles,1996,7.08,,0
MLI,Mali,IP.JRN.ARTC.SC,Scientific and technical journal articles,2022,118.09,,0
MLI,Mali,IP.JRN.ARTC.SC,Scientific and technical journal articles,2021,112.89,,0
MLI,Mali,IP.JRN.ARTC.SC,Scientific and technical journal articles,2020,99.3,,0
MLI,Mali,IP.JRN.ARTC.SC,Scientific and technical journal articles,2019,91.85,,0
MLI,Mali,IP.JRN.ARTC.SC,Scientific and technical journal articles,2018,87.24,,0
MLI,Mali,IP.JRN.ARTC.SC,Scientific and technical journal articles,2017,98.94,,0
MLI,Mali,IP.JRN.ARTC.SC,Scientific and technical journal articles,2016,77.24,,0
MLI,Mali,IP.JRN.ARTC.SC,Scientific and technical journal articles,2015,66.05,,0
MLI,Mali,IP.JRN.ARTC.SC,Scientific and technical journal articles,2014,70.27,,0
MLI,Mali,IP.JRN.ARTC.SC,Scientific and technical journal articles,2013,61.61,,0
MLI,Mali,IP.JRN.ARTC.SC,Scientific and technical journal articles,2012,84.82,,0
MLI,Mali,IP.JRN.ARTC.SC,Scientific and technical journal articles,2011,86.07,,0
MLI,Mali,IP.JRN.ARTC.SC,Scientific and technical journal articles,2010,73.83,,0
MLI,Mali,IP.JRN.ARTC.SC,Scientific and technical journal articles,2009,68.91,,0
MLI,Mali,IP.JRN.ARTC.SC,Scientific and technical journal articles,2008,65.19,,0
MLI,Mali,IP.JRN.ARTC.SC,Scientific and technical journal articles,2007,67.75,,0
MLI,Mali,IP.JRN.ARTC.SC,Scientific and technical journal articles,2006,65.61,,0
MLI,Mali,IP.JRN.ARTC.SC,Scientific and technical journal articles,2005,40.93,,0
MLI,Mali,IP.JRN.ARTC.SC,Scientific and technical journal articles,2004,34.55,,0
MLI,Mali,IP.JRN.ARTC.SC,Scientific and technical journal articles,2003,35.36,,0
MLI,Mali,IP.JRN.ARTC.SC,Scientific and technical journal articles,2002,32.91,,0
MLI,Mali,IP.JRN.ARTC.SC,Scientific and technical journal articles,2001,28.39,,0
MLI,Mali,IP.JRN.ARTC.SC,Scientific and technical journal articles,2000,16.01,,0
MLI,Mali,IP.JRN.ARTC.SC,Scientific and technical journal articles,1999,22.48,,0
MLI,Mali,IP.JRN.ARTC.SC,Scientific and technical journal articles,1998,40.47,,0
MLI,Mali,IP.JRN.ARTC.SC,Scientific and technical journal articles,1997,21.45,,0
MLI,Mali,IP.JRN.ARTC.SC,Scientific and technical journal articles,1996,31.72,,0
MLT,Malta,IP.JRN.ARTC.SC,Scientific and technical journal articles,2022,593.57,,0
MLT,Malta,IP.JRN.ARTC.SC,Scientific and technical journal articles,2021,528.43,,0
MLT,Malta,IP.JRN.ARTC.SC,Scientific and technical journal articles,2020,506.7,,0
MLT,Malta,IP.JRN.ARTC.SC,Scientific and technical journal articles,2019,426.22,,0
MLT,Malta,IP.JRN.ARTC.SC,Scientific and technical journal articles,2018,445.9,,0
MLT,Malta,IP.JRN.ARTC.SC,Scientific and technical journal articles,2017,422.04,,0
MLT,Malta,IP.JRN.ARTC.SC,Scientific and technical journal articles,2016,359.9,,0
MLT,Malta,IP.JRN.ARTC.SC,Scientific and technical journal articles,2015,330.89,,0
MLT,Malta,IP.JRN.ARTC.SC,Scientific and technical journal articles,2014,289.77,,0
MLT,Malta,IP.JRN.ARTC.SC,Scientific and technical journal articles,2013,292.87,,0
MLT,Malta,IP.JRN.ARTC.SC,Scientific and technical journal articles,2012,248.87,,0
MLT,Malta,IP.JRN.ARTC.SC,Scientific and technical journal articles,2011,197.48,,0
MLT,Malta,IP.JRN.ARTC.SC,Scientific and technical journal articles,2010,194.46,,0
MLT,Malta,IP.JRN.ARTC.SC,Scientific and technical journal articles,2009,168.7,,0
MLT,Malta,IP.JRN.ARTC.SC,Scientific and technical journal articles,2008,179.3,,0
MLT,Malta,IP.JRN.ARTC.SC,Scientific and technical journal articles,2007,107.77,,0
MLT,Malta,IP.JRN.ARTC.SC,Scientific and technical journal articles,2006,92.55,,0
MLT,Malta,IP.JRN.ARTC.SC,Scientific and technical journal articles,2005,81.15,,0
MLT,Malta,IP.JRN.ARTC.SC,Scientific and technical journal articles,2004,60.88,,0
MLT,Malta,IP.JRN.ARTC.SC,Scientific and technical journal articles,2003,82.7,,0
MLT,Malta,IP.JRN.ARTC.SC,Scientific and technical journal articles,2002,56.47,,0
MLT,Malta,IP.JRN.ARTC.SC,Scientific and technical journal articles,2001,55.48,,0
MLT,Malta,IP.JRN.ARTC.SC,Scientific and technical journal articles,2000,45.34,,0
MLT,Malta,IP.JRN.ARTC.SC,Scientific and technical journal articles,1999,57.01,,0
MLT,Malta,IP.JRN.ARTC.SC,Scientific and technical journal articles,1998,53.68,,0
MLT,Malta,IP.JRN.ARTC.SC,Scientific and technical journal articles,1997,50.58,,0
MLT,Malta,IP.JRN.ARTC.SC,Scientific and technical journal articles,1996,40.61,,0
MHL,Marshall Islands,IP.JRN.ARTC.SC,Scientific and technical journal articles,2022,2.24,,0
MHL,Marshall Islands,IP.JRN.ARTC.SC,Scientific and technical journal articles,2021,2.97,,0
MHL,Marshall Islands,IP.JRN.ARTC.SC,Scientific and technical journal articles,2020,1.86,,0
MHL,Marshall Islands,IP.JRN.ARTC.SC,Scientific and technical journal articles,2019,3.02,,0
MHL,Marshall Islands,IP.JRN.ARTC.SC,Scientific and technical journal articles,2018,2.51,,0
MHL,Marshall Islands,IP.JRN.ARTC.SC,Scientific and technical journal articles,2017,0.72,,0
MHL,Marshall Islands,IP.JRN.ARTC.SC,Scientific and technical journal articles,2016,1.39,,0
MHL,Marshall Islands,IP.JRN.ARTC.SC,Scientific and technical journal articles,2015,3.59,,0
MHL,Marshall Islands,IP.JRN.ARTC.SC,Scientific and technical journal articles,2014,1.19,,0
MHL,Marshall Islands,IP.JRN.ARTC.SC,Scientific and technical journal articles,2013,1.33,,0
MHL,Marshall Islands,IP.JRN.ARTC.SC,Scientific and technical journal articles,2012,1.49,,0
MHL,Marshall Islands,IP.JRN.ARTC.SC,Scientific and technical journal articles,2011,1.48,,0
MHL,Marshall Islands,IP.JRN.ARTC.SC,Scientific and technical journal articles,2010,3,,0
MHL,Marshall Islands,IP.JRN.ARTC.SC,Scientific and technical journal articles,2009,1.72,,0
MHL,Marshall Islands,IP.JRN.ARTC.SC,Scientific and technical journal articles,2008,0.56,,0
MHL,Marshall Islands,IP.JRN.ARTC.SC,Scientific and technical journal articles,2007,1.54,,0
MHL,Marshall Islands,IP.JRN.ARTC.SC,Scientific and technical journal articles,2006,3.78,,0
MHL,Marshall Islands,IP.JRN.ARTC.SC,Scientific and technical journal articles,2005,4.83,,0
MHL,Marshall Islands,IP.JRN.ARTC.SC,Scientific and technical journal articles,2004,0.83,,0
MHL,Marshall Islands,IP.JRN.ARTC.SC,Scientific and technical journal articles,2003,3.83,,0
MHL,Marshall Islands,IP.JRN.ARTC.SC,Scientific and technical journal articles,2002,1,,0
MHL,Marshall Islands,IP.JRN.ARTC.SC,Scientific and technical journal articles,2001,2.08,,0
MHL,Marshall Islands,IP.JRN.ARTC.SC,Scientific and technical journal articles,2000,2.13,,0
MHL,Marshall Islands,IP.JRN.ARTC.SC,Scientific and technical journal articles,1999,1,,0
MHL,Marshall Islands,IP.JRN.ARTC.SC,Scientific and technical journal articles,1998,0.7,,0
MHL,Marshall Islands,IP.JRN.ARTC.SC,Scientific and technical journal articles,1997,2.46,,0
MHL,Marshall Islands,IP.JRN.ARTC.SC,Scientific and technical journal articles,1996,0.75,,0
MRT,Mauritania,IP.JRN.ARTC.SC,Scientific and technical journal articles,2022,26.47,,0
MRT,Mauritania,IP.JRN.ARTC.SC,Scientific and technical journal articles,2021,36.65,,0
MRT,Mauritania,IP.JRN.ARTC.SC,Scientific and technical journal articles,2020,22.25,,0
MRT,Mauritania,IP.JRN.ARTC.SC,Scientific and technical journal articles,2019,20.63,,0
MRT,Mauritania,IP.JRN.ARTC.SC,Scientific and technical journal articles,2018,16.72,,0
MRT,Mauritania,IP.JRN.ARTC.SC,Scientific and technical journal articles,2017,11.4,,0
MRT,Mauritania,IP.JRN.ARTC.SC,Scientific and technical journal articles,2016,15.13,,0
MRT,Mauritania,IP.JRN.ARTC.SC,Scientific and technical journal articles,2015,14.3,,0
MRT,Mauritania,IP.JRN.ARTC.SC,Scientific and technical journal articles,2014,12.19,,0
MRT,Mauritania,IP.JRN.ARTC.SC,Scientific and technical journal articles,2013,15.17,,0
MRT,Mauritania,IP.JRN.ARTC.SC,Scientific and technical journal articles,2012,12.99,,0
MRT,Mauritania,IP.JRN.ARTC.SC,Scientific and technical journal articles,2011,13.44,,0
MRT,Mauritania,IP.JRN.ARTC.SC,Scientific and technical journal articles,2010,5.23,,0
MRT,Mauritania,IP.JRN.ARTC.SC,Scientific and technical journal articles,2009,7.3,,0
MRT,Mauritania,IP.JRN.ARTC.SC,Scientific and technical journal articles,2008,4.44,,0
MRT,Mauritania,IP.JRN.ARTC.SC,Scientific and technical journal articles,2007,9.21,,0
MRT,Mauritania,IP.JRN.ARTC.SC,Scientific and technical journal articles,2006,7.28,,0
MRT,Mauritania,IP.JRN.ARTC.SC,Scientific and technical journal articles,2005,10.96,,0
MRT,Mauritania,IP.JRN.ARTC.SC,Scientific and technical journal articles,2004,6.39,,0
MRT,Mauritania,IP.JRN.ARTC.SC,Scientific and technical journal articles,2003,4.95,,0
MRT,Mauritania,IP.JRN.ARTC.SC,Scientific and technical journal articles,2002,6.9,,0
MRT,Mauritania,IP.JRN.ARTC.SC,Scientific and technical journal articles,2001,7.27,,0
MRT,Mauritania,IP.JRN.ARTC.SC,Scientific and technical journal articles,2000,6.33,,0
MRT,Mauritania,IP.JRN.ARTC.SC,Scientific and technical journal articles,1999,6.81,,0
MRT,Mauritania,IP.JRN.ARTC.SC,Scientific and technical journal articles,1998,4.95,,0
MRT,Mauritania,IP.JRN.ARTC.SC,Scientific and technical journal articles,1997,6.79,,0
MRT,Mauritania,IP.JRN.ARTC.SC,Scientific and technical journal articles,1996,4.98,,0
MUS,Mauritius,IP.JRN.ARTC.SC,Scientific and technical journal articles,2022,238.86,,0
MUS,Mauritius,IP.JRN.ARTC.SC,Scientific and technical journal articles,2021,193.76,,0
MUS,Mauritius,IP.JRN.ARTC.SC,Scientific and technical journal articles,2020,193.23,,0
MUS,Mauritius,IP.JRN.ARTC.SC,Scientific and technical journal articles,2019,236.54,,0
MUS,Mauritius,IP.JRN.ARTC.SC,Scientific and technical journal articles,2018,133.59,,0
MUS,Mauritius,IP.JRN.ARTC.SC,Scientific and technical journal articles,2017,167.13,,0
MUS,Mauritius,IP.JRN.ARTC.SC,Scientific and technical journal articles,2016,155.07,,0
MUS,Mauritius,IP.JRN.ARTC.SC,Scientific and technical journal articles,2015,120.65,,0
MUS,Mauritius,IP.JRN.ARTC.SC,Scientific and technical journal articles,2014,122.34,,0
MUS,Mauritius,IP.JRN.ARTC.SC,Scientific and technical journal articles,2013,121.12,,0
MUS,Mauritius,IP.JRN.ARTC.SC,Scientific and technical journal articles,2012,115.62,,0
MUS,Mauritius,IP.JRN.ARTC.SC,Scientific and technical journal articles,2011,63.59,,0
MUS,Mauritius,IP.JRN.ARTC.SC,Scientific and technical journal articles,2010,84.8,,0
MUS,Mauritius,IP.JRN.ARTC.SC,Scientific and technical journal articles,2009,79.6,,0
MUS,Mauritius,IP.JRN.ARTC.SC,Scientific and technical journal articles,2008,69.89,,0
MUS,Mauritius,IP.JRN.ARTC.SC,Scientific and technical journal articles,2007,53.09,,0
MUS,Mauritius,IP.JRN.ARTC.SC,Scientific and technical journal articles,2006,59.03,,0
MUS,Mauritius,IP.JRN.ARTC.SC,Scientific and technical journal articles,2005,75.47,,0
MUS,Mauritius,IP.JRN.ARTC.SC,Scientific and technical journal articles,2004,56.68,,0
MUS,Mauritius,IP.JRN.ARTC.SC,Scientific and technical journal articles,2003,42.07,,0
MUS,Mauritius,IP.JRN.ARTC.SC,Scientific and technical journal articles,2002,63.47,,0
MUS,Mauritius,IP.JRN.ARTC.SC,Scientific and technical journal articles,2001,45.79,,0
MUS,Mauritius,IP.JRN.ARTC.SC,Scientific and technical journal articles,2000,53.71,,0
MUS,Mauritius,IP.JRN.ARTC.SC,Scientific and technical journal articles,1999,47.21,,0
MUS,Mauritius,IP.JRN.ARTC.SC,Scientific and technical journal articles,1998,22.47,,0
MUS,Mauritius,IP.JRN.ARTC.SC,Scientific and technical journal articles,1997,17.17,,0
MUS,Mauritius,IP.JRN.ARTC.SC,Scientific and technical journal articles,1996,14,,0
MEX,Mexico,IP.JRN.ARTC.SC,Scientific and technical journal articles,2022,21027.1,,0
MEX,Mexico,IP.JRN.ARTC.SC,Scientific and technical journal articles,2021,21753.88,,0
MEX,Mexico,IP.JRN.ARTC.SC,Scientific and technical journal articles,2020,20363.28,,0
MEX,Mexico,IP.JRN.ARTC.SC,Scientific and technical journal articles,2019,18991.67,,0
MEX,Mexico,IP.JRN.ARTC.SC,Scientific and technical journal articles,2018,17182.13,,0
MEX,Mexico,IP.JRN.ARTC.SC,Scientific and technical journal articles,2017,16177.94,,0
MEX,Mexico,IP.JRN.ARTC.SC,Scientific and technical journal articles,2016,15194.65,,0
MEX,Mexico,IP.JRN.ARTC.SC,Scientific and technical journal articles,2015,14570.29,,0
MEX,Mexico,IP.JRN.ARTC.SC,Scientific and technical journal articles,2014,14167.62,,0
MEX,Mexico,IP.JRN.ARTC.SC,Scientific and technical journal articles,2013,13186.8,,0
MEX,Mexico,IP.JRN.ARTC.SC,Scientific and technical journal articles,2012,12602.76,,0
MEX,Mexico,IP.JRN.ARTC.SC,Scientific and technical journal articles,2011,11751.8,,0
MEX,Mexico,IP.JRN.ARTC.SC,Scientific and technical journal articles,2010,11244.42,,0
MEX,Mexico,IP.JRN.ARTC.SC,Scientific and technical journal articles,2009,10632.1,,0
MEX,Mexico,IP.JRN.ARTC.SC,Scientific and technical journal articles,2008,10353.88,,0
MEX,Mexico,IP.JRN.ARTC.SC,Scientific and technical journal articles,2007,9586.6,,0
MEX,Mexico,IP.JRN.ARTC.SC,Scientific and technical journal articles,2006,9437.14,,0
MEX,Mexico,IP.JRN.ARTC.SC,Scientific and technical journal articles,2005,8304.1,,0
MEX,Mexico,IP.JRN.ARTC.SC,Scientific and technical journal articles,2004,7301.35,,0
MEX,Mexico,IP.JRN.ARTC.SC,Scientific and technical journal articles,2003,6705.18,,0
MEX,Mexico,IP.JRN.ARTC.SC,Scientific and technical journal articles,2002,5962.27,,0
MEX,Mexico,IP.JRN.ARTC.SC,Scientific and technical journal articles,2001,5434.53,,0
MEX,Mexico,IP.JRN.ARTC.SC,Scientific and technical journal articles,2000,5026.99,,0
MEX,Mexico,IP.JRN.ARTC.SC,Scientific and technical journal articles,1999,4873.62,,0
MEX,Mexico,IP.JRN.ARTC.SC,Scientific and technical journal articles,1998,4656.51,,0
MEX,Mexico,IP.JRN.ARTC.SC,Scientific and technical journal articles,1997,4350.81,,0
MEX,Mexico,IP.JRN.ARTC.SC,Scientific and technical journal articles,1996,3945.12,,0
FSM,"Micronesia, Fed. Sts.",IP.JRN.ARTC.SC,Scientific and technical journal articles,2022,3.39,,0
FSM,"Micronesia, Fed. Sts.",IP.JRN.ARTC.SC,Scientific and technical journal articles,2021,2.24,,0
FSM,"Micronesia, Fed. Sts.",IP.JRN.ARTC.SC,Scientific and technical journal articles,2020,7.57,,0
FSM,"Micronesia, Fed. Sts.",IP.JRN.ARTC.SC,Scientific and technical journal articles,2019,2.32,,0
FSM,"Micronesia, Fed. Sts.",IP.JRN.ARTC.SC,Scientific and technical journal articles,2018,4.37,,0
FSM,"Micronesia, Fed. Sts.",IP.JRN.ARTC.SC,Scientific and technical journal articles,2017,6.58,,0
FSM,"Micronesia, Fed. Sts.",IP.JRN.ARTC.SC,Scientific and technical journal articles,2016,3.81,,0
FSM,"Micronesia, Fed. Sts.",IP.JRN.ARTC.SC,Scientific and technical journal articles,2015,6.75,,0
FSM,"Micronesia, Fed. Sts.",IP.JRN.ARTC.SC,Scientific and technical journal articles,2014,3.33,,0
FSM,"Micronesia, Fed. Sts.",IP.JRN.ARTC.SC,Scientific and technical journal articles,2013,4.85,,0
FSM,"Micronesia, Fed. Sts.",IP.JRN.ARTC.SC,Scientific and technical journal articles,2012,4.63,,0
FSM,"Micronesia, Fed. Sts.",IP.JRN.ARTC.SC,Scientific and technical journal articles,2011,4.94,,0
FSM,"Micronesia, Fed. Sts.",IP.JRN.ARTC.SC,Scientific and technical journal articles,2010,14.38,,0
FSM,"Micronesia, Fed. Sts.",IP.JRN.ARTC.SC,Scientific and technical journal articles,2009,4.04,,0
FSM,"Micronesia, Fed. Sts.",IP.JRN.ARTC.SC,Scientific and technical journal articles,2008,4.31,,0
FSM,"Micronesia, Fed. Sts.",IP.JRN.ARTC.SC,Scientific and technical journal articles,2007,7.69,,0
FSM,"Micronesia, Fed. Sts.",IP.JRN.ARTC.SC,Scientific and technical journal articles,2006,2,,0
FSM,"Micronesia, Fed. Sts.",IP.JRN.ARTC.SC,Scientific and technical journal articles,2005,7.96,,0
FSM,"Micronesia, Fed. Sts.",IP.JRN.ARTC.SC,Scientific and technical journal articles,2004,2.4,,0
FSM,"Micronesia, Fed. Sts.",IP.JRN.ARTC.SC,Scientific and technical journal articles,2003,2.26,,0
FSM,"Micronesia, Fed. Sts.",IP.JRN.ARTC.SC,Scientific and technical journal articles,2002,0,,0
FSM,"Micronesia, Fed. Sts.",IP.JRN.ARTC.SC,Scientific and technical journal articles,2001,1.08,,0
FSM,"Micronesia, Fed. Sts.",IP.JRN.ARTC.SC,Scientific and technical journal articles,2000,4.29,,0
FSM,"Micronesia, Fed. Sts.",IP.JRN.ARTC.SC,Scientific and technical journal articles,1999,2.92,,0
FSM,"Micronesia, Fed. Sts.",IP.JRN.ARTC.SC,Scientific and technical journal articles,1998,5.27,,0
FSM,"Micronesia, Fed. Sts.",IP.JRN.ARTC.SC,Scientific and technical journal articles,1997,1,,0
FSM,"Micronesia, Fed. Sts.",IP.JRN.ARTC.SC,Scientific and technical journal articles,1996,2.08,,0
MDA,Moldova,IP.JRN.ARTC.SC,Scientific and technical journal articles,2022,283.96,,0
MDA,Moldova,IP.JRN.ARTC.SC,Scientific and technical journal articles,2021,287.95,,0
MDA,Moldova,IP.JRN.ARTC.SC,Scientific and technical journal articles,2020,298.55,,0
MDA,Moldova,IP.JRN.ARTC.SC,Scientific and technical journal articles,2019,274.4,,0
MDA,Moldova,IP.JRN.ARTC.SC,Scientific and technical journal articles,2018,211.47,,0
MDA,Moldova,IP.JRN.ARTC.SC,Scientific and technical journal articles,2017,239.49,,0
MDA,Moldova,IP.JRN.ARTC.SC,Scientific and technical journal articles,2016,292.07,,0
MDA,Moldova,IP.JRN.ARTC.SC,Scientific and technical journal articles,2015,190.6,,0
MDA,Moldova,IP.JRN.ARTC.SC,Scientific and technical journal articles,2014,206.09,,0
MDA,Moldova,IP.JRN.ARTC.SC,Scientific and technical journal articles,2013,212.96,,0
MDA,Moldova,IP.JRN.ARTC.SC,Scientific and technical journal articles,2012,203.1,,0
MDA,Moldova,IP.JRN.ARTC.SC,Scientific and technical journal articles,2011,188.17,,0
MDA,Moldova,IP.JRN.ARTC.SC,Scientific and technical journal articles,2010,173.69,,0
MDA,Moldova,IP.JRN.ARTC.SC,Scientific and technical journal articles,2009,181.42,,0
MDA,Moldova,IP.JRN.ARTC.SC,Scientific and technical journal articles,2008,163.87,,0
MDA,Moldova,IP.JRN.ARTC.SC,Scientific and technical journal articles,2007,143.57,,0
MDA,Moldova,IP.JRN.ARTC.SC,Scientific and technical journal articles,2006,147.08,,0
MDA,Moldova,IP.JRN.ARTC.SC,Scientific and technical journal articles,2005,206.59,,0
MDA,Moldova,IP.JRN.ARTC.SC,Scientific and technical journal articles,2004,133.25,,0
MDA,Moldova,IP.JRN.ARTC.SC,Scientific and technical journal articles,2003,159.94,,0
MDA,Moldova,IP.JRN.ARTC.SC,Scientific and technical journal articles,2002,154.36,,0
MDA,Moldova,IP.JRN.ARTC.SC,Scientific and technical journal articles,2001,152.9,,0
MDA,Moldova,IP.JRN.ARTC.SC,Scientific and technical journal articles,2000,191.46,,0
MDA,Moldova,IP.JRN.ARTC.SC,Scientific and technical journal articles,1999,155.44,,0
MDA,Moldova,IP.JRN.ARTC.SC,Scientific and technical journal articles,1998,161.36,,0
MDA,Moldova,IP.JRN.ARTC.SC,Scientific and technical journal articles,1997,168.8,,0
MDA,Moldova,IP.JRN.ARTC.SC,Scientific and technical journal articles,1996,212.33,,0
MCO,Monaco,IP.JRN.ARTC.SC,Scientific and technical journal articles,2022,57.07,,0
MCO,Monaco,IP.JRN.ARTC.SC,Scientific and technical journal articles,2021,57.44,,0
MCO,Monaco,IP.JRN.ARTC.SC,Scientific and technical journal articles,2020,50.06,,0
MCO,Monaco,IP.JRN.ARTC.SC,Scientific and technical journal articles,2019,47.7,,0
MCO,Monaco,IP.JRN.ARTC.SC,Scientific and technical journal articles,2018,46.8,,0
MCO,Monaco,IP.JRN.ARTC.SC,Scientific and technical journal articles,2017,50.85,,0
MCO,Monaco,IP.JRN.ARTC.SC,Scientific and technical journal articles,2016,42.91,,0
MCO,Monaco,IP.JRN.ARTC.SC,Scientific and technical journal articles,2015,43,,0
MCO,Monaco,IP.JRN.ARTC.SC,Scientific and technical journal articles,2014,39.62,,0
MCO,Monaco,IP.JRN.ARTC.SC,Scientific and technical journal articles,2013,37.72,,0
MCO,Monaco,IP.JRN.ARTC.SC,Scientific and technical journal articles,2012,30.41,,0
MCO,Monaco,IP.JRN.ARTC.SC,Scientific and technical journal articles,2011,48.33,,0
MCO,Monaco,IP.JRN.ARTC.SC,Scientific and technical journal articles,2010,43.25,,0
MCO,Monaco,IP.JRN.ARTC.SC,Scientific and technical journal articles,2009,44.84,,0
MCO,Monaco,IP.JRN.ARTC.SC,Scientific and technical journal articles,2008,34.39,,0
MCO,Monaco,IP.JRN.ARTC.SC,Scientific and technical journal articles,2007,32.12,,0
MCO,Monaco,IP.JRN.ARTC.SC,Scientific and technical journal articles,2006,34.08,,0
MCO,Monaco,IP.JRN.ARTC.SC,Scientific and technical journal articles,2005,37.54,,0
MCO,Monaco,IP.JRN.ARTC.SC,Scientific and technical journal articles,2004,40.1,,0
MCO,Monaco,IP.JRN.ARTC.SC,Scientific and technical journal articles,2003,26.67,,0
MCO,Monaco,IP.JRN.ARTC.SC,Scientific and technical journal articles,2002,23.94,,0
MCO,Monaco,IP.JRN.ARTC.SC,Scientific and technical journal articles,2001,25.93,,0
MCO,Monaco,IP.JRN.ARTC.SC,Scientific and technical journal articles,2000,13.79,,0
MCO,Monaco,IP.JRN.ARTC.SC,Scientific and technical journal articles,1999,20.94,,0
MCO,Monaco,IP.JRN.ARTC.SC,Scientific and technical journal articles,1998,27.79,,0
MCO,Monaco,IP.JRN.ARTC.SC,Scientific and technical journal articles,1997,24.52,,0
MCO,Monaco,IP.JRN.ARTC.SC,Scientific and technical journal articles,1996,19.7,,0
MNG,Mongolia,IP.JRN.ARTC.SC,Scientific and technical journal articles,2022,262.05,,0
MNG,Mongolia,IP.JRN.ARTC.SC,Scientific and technical journal articles,2021,283.96,,0
MNG,Mongolia,IP.JRN.ARTC.SC,Scientific and technical journal articles,2020,214.2,,0
MNG,Mongolia,IP.JRN.ARTC.SC,Scientific and technical journal articles,2019,193.54,,0
MNG,Mongolia,IP.JRN.ARTC.SC,Scientific and technical journal articles,2018,152.35,,0
MNG,Mongolia,IP.JRN.ARTC.SC,Scientific and technical journal articles,2017,150.84,,0
MNG,Mongolia,IP.JRN.ARTC.SC,Scientific and technical journal articles,2016,117.4,,0
MNG,Mongolia,IP.JRN.ARTC.SC,Scientific and technical journal articles,2015,101.76,,0
MNG,Mongolia,IP.JRN.ARTC.SC,Scientific and technical journal articles,2014,115.38,,0
MNG,Mongolia,IP.JRN.ARTC.SC,Scientific and technical journal articles,2013,162.96,,0
MNG,Mongolia,IP.JRN.ARTC.SC,Scientific and technical journal articles,2012,127.91,,0
MNG,Mongolia,IP.JRN.ARTC.SC,Scientific and technical journal articles,2011,101.83,,0
MNG,Mongolia,IP.JRN.ARTC.SC,Scientific and technical journal articles,2010,89.87,,0
MNG,Mongolia,IP.JRN.ARTC.SC,Scientific and technical journal articles,2009,100.08,,0
MNG,Mongolia,IP.JRN.ARTC.SC,Scientific and technical journal articles,2008,95.92,,0
MNG,Mongolia,IP.JRN.ARTC.SC,Scientific and technical journal articles,2007,112.66,,0
MNG,Mongolia,IP.JRN.ARTC.SC,Scientific and technical journal articles,2006,53.23,,0
MNG,Mongolia,IP.JRN.ARTC.SC,Scientific and technical journal articles,2005,39.99,,0
MNG,Mongolia,IP.JRN.ARTC.SC,Scientific and technical journal articles,2004,35.14,,0
MNG,Mongolia,IP.JRN.ARTC.SC,Scientific and technical journal articles,2003,38.34,,0
MNG,Mongolia,IP.JRN.ARTC.SC,Scientific and technical journal articles,2002,27.45,,0
MNG,Mongolia,IP.JRN.ARTC.SC,Scientific and technical journal articles,2001,26.94,,0
MNG,Mongolia,IP.JRN.ARTC.SC,Scientific and technical journal articles,2000,26.82,,0
MNG,Mongolia,IP.JRN.ARTC.SC,Scientific and technical journal articles,1999,21.37,,0
MNG,Mongolia,IP.JRN.ARTC.SC,Scientific and technical journal articles,1998,22.14,,0
MNG,Mongolia,IP.JRN.ARTC.SC,Scientific and technical journal articles,1997,17.64,,0
MNG,Mongolia,IP.JRN.ARTC.SC,Scientific and technical journal articles,1996,20.58,,0
MNE,Montenegro,IP.JRN.ARTC.SC,Scientific and technical journal articles,2022,294.93,,0
MNE,Montenegro,IP.JRN.ARTC.SC,Scientific and technical journal articles,2021,313.93,,0
MNE,Montenegro,IP.JRN.ARTC.SC,Scientific and technical journal articles,2020,317.08,,0
MNE,Montenegro,IP.JRN.ARTC.SC,Scientific and technical journal articles,2019,281.21,,0
MNE,Montenegro,IP.JRN.ARTC.SC,Scientific and technical journal articles,2018,256.39,,0
MNE,Montenegro,IP.JRN.ARTC.SC,Scientific and technical journal articles,2017,284.32,,0
MNE,Montenegro,IP.JRN.ARTC.SC,Scientific and technical journal articles,2016,241.08,,0
MNE,Montenegro,IP.JRN.ARTC.SC,Scientific and technical journal articles,2015,224.21,,0
MNE,Montenegro,IP.JRN.ARTC.SC,Scientific and technical journal articles,2014,199.17,,0
MNE,Montenegro,IP.JRN.ARTC.SC,Scientific and technical journal articles,2013,190.08,,0
MNE,Montenegro,IP.JRN.ARTC.SC,Scientific and technical journal articles,2012,159.13,,0
MNE,Montenegro,IP.JRN.ARTC.SC,Scientific and technical journal articles,2011,138.33,,0
MNE,Montenegro,IP.JRN.ARTC.SC,Scientific and technical journal articles,2010,110.51,,0
MNE,Montenegro,IP.JRN.ARTC.SC,Scientific and technical journal articles,2009,73.23,,0
MNE,Montenegro,IP.JRN.ARTC.SC,Scientific and technical journal articles,2008,67.19,,0
MNE,Montenegro,IP.JRN.ARTC.SC,Scientific and technical journal articles,2007,64.85,,0
MNE,Montenegro,IP.JRN.ARTC.SC,Scientific and technical journal articles,2006,0,,0
MNE,Montenegro,IP.JRN.ARTC.SC,Scientific and technical journal articles,2005,0,,0
MNE,Montenegro,IP.JRN.ARTC.SC,Scientific and technical journal articles,2004,0,,0
MNE,Montenegro,IP.JRN.ARTC.SC,Scientific and technical journal articles,2003,0,,0
MNE,Montenegro,IP.JRN.ARTC.SC,Scientific and technical journal articles,2002,0,,0
MNE,Montenegro,IP.JRN.ARTC.SC,Scientific and technical journal articles,2001,0,,0
MNE,Montenegro,IP.JRN.ARTC.SC,Scientific and technical journal articles,2000,0,,0
MNE,Montenegro,IP.JRN.ARTC.SC,Scientific and technical journal articles,1999,0,,0
MNE,Montenegro,IP.JRN.ARTC.SC,Scientific and technical journal articles,1998,0,,0
MNE,Montenegro,IP.JRN.ARTC.SC,Scientific and technical journal articles,1997,0,,0
MNE,Montenegro,IP.JRN.ARTC.SC,Scientific and technical journal articles,1996,0,,0
MAR,Morocco,IP.JRN.ARTC.SC,Scientific and technical journal articles,2022,8445.14,,0
MAR,Morocco,IP.JRN.ARTC.SC,Scientific and technical journal articles,2021,7388.64,,0
MAR,Morocco,IP.JRN.ARTC.SC,Scientific and technical journal articles,2020,6360.45,,0
MAR,Morocco,IP.JRN.ARTC.SC,Scientific and technical journal articles,2019,5511.7,,0
MAR,Morocco,IP.JRN.ARTC.SC,Scientific and technical journal articles,2018,4792.31,,0
MAR,Morocco,IP.JRN.ARTC.SC,Scientific and technical journal articles,2017,4017.29,,0
MAR,Morocco,IP.JRN.ARTC.SC,Scientific and technical journal articles,2016,3652.98,,0
MAR,Morocco,IP.JRN.ARTC.SC,Scientific and technical journal articles,2015,2485.77,,0
MAR,Morocco,IP.JRN.ARTC.SC,Scientific and technical journal articles,2014,2484.83,,0
MAR,Morocco,IP.JRN.ARTC.SC,Scientific and technical journal articles,2013,2160.84,,0
MAR,Morocco,IP.JRN.ARTC.SC,Scientific and technical journal articles,2012,2118.55,,0
MAR,Morocco,IP.JRN.ARTC.SC,Scientific and technical journal articles,2011,1887.25,,0
MAR,Morocco,IP.JRN.ARTC.SC,Scientific and technical journal articles,2010,1594.9,,0
MAR,Morocco,IP.JRN.ARTC.SC,Scientific and technical journal articles,2009,1456.62,,0
MAR,Morocco,IP.JRN.ARTC.SC,Scientific and technical journal articles,2008,1207.63,,0
MAR,Morocco,IP.JRN.ARTC.SC,Scientific and technical journal articles,2007,1024.79,,0
MAR,Morocco,IP.JRN.ARTC.SC,Scientific and technical journal articles,2006,978.47,,0
MAR,Morocco,IP.JRN.ARTC.SC,Scientific and technical journal articles,2005,922.82,,0
MAR,Morocco,IP.JRN.ARTC.SC,Scientific and technical journal articles,2004,968.55,,0
MAR,Morocco,IP.JRN.ARTC.SC,Scientific and technical journal articles,2003,929.48,,0
MAR,Morocco,IP.JRN.ARTC.SC,Scientific and technical journal articles,2002,950.81,,0
MAR,Morocco,IP.JRN.ARTC.SC,Scientific and technical journal articles,2001,968.97,,0
MAR,Morocco,IP.JRN.ARTC.SC,Scientific and technical journal articles,2000,870.34,,0
MAR,Morocco,IP.JRN.ARTC.SC,Scientific and technical journal articles,1999,812.79,,0
MAR,Morocco,IP.JRN.ARTC.SC,Scientific and technical journal articles,1998,678.9,,0
MAR,Morocco,IP.JRN.ARTC.SC,Scientific and technical journal articles,1997,607.37,,0
MAR,Morocco,IP.JRN.ARTC.SC,Scientific and technical journal articles,1996,505.62,,0
MOZ,Mozambique,IP.JRN.ARTC.SC,Scientific and technical journal articles,2022,194.32,,0
MOZ,Mozambique,IP.JRN.ARTC.SC,Scientific and technical journal articles,2021,219.67,,0
MOZ,Mozambique,IP.JRN.ARTC.SC,Scientific and technical journal articles,2020,176.28,,0
MOZ,Mozambique,IP.JRN.ARTC.SC,Scientific and technical journal articles,2019,155.23,,0
MOZ,Mozambique,IP.JRN.ARTC.SC,Scientific and technical journal articles,2018,150.7,,0
MOZ,Mozambique,IP.JRN.ARTC.SC,Scientific and technical journal articles,2017,133,,0
MOZ,Mozambique,IP.JRN.ARTC.SC,Scientific and technical journal articles,2016,109.95,,0
MOZ,Mozambique,IP.JRN.ARTC.SC,Scientific and technical journal articles,2015,105.17,,0
MOZ,Mozambique,IP.JRN.ARTC.SC,Scientific and technical journal articles,2014,87.45,,0
MOZ,Mozambique,IP.JRN.ARTC.SC,Scientific and technical journal articles,2013,69.92,,0
MOZ,Mozambique,IP.JRN.ARTC.SC,Scientific and technical journal articles,2012,63.44,,0
MOZ,Mozambique,IP.JRN.ARTC.SC,Scientific and technical journal articles,2011,74.34,,0
MOZ,Mozambique,IP.JRN.ARTC.SC,Scientific and technical journal articles,2010,46.66,,0
MOZ,Mozambique,IP.JRN.ARTC.SC,Scientific and technical journal articles,2009,58.37,,0
MOZ,Mozambique,IP.JRN.ARTC.SC,Scientific and technical journal articles,2008,48.7,,0
MOZ,Mozambique,IP.JRN.ARTC.SC,Scientific and technical journal articles,2007,42.63,,0
MOZ,Mozambique,IP.JRN.ARTC.SC,Scientific and technical journal articles,2006,44.56,,0
MOZ,Mozambique,IP.JRN.ARTC.SC,Scientific and technical journal articles,2005,38.87,,0
MOZ,Mozambique,IP.JRN.ARTC.SC,Scientific and technical journal articles,2004,32.25,,0
MOZ,Mozambique,IP.JRN.ARTC.SC,Scientific and technical journal articles,2003,26.25,,0
MOZ,Mozambique,IP.JRN.ARTC.SC,Scientific and technical journal articles,2002,23.8,,0
MOZ,Mozambique,IP.JRN.ARTC.SC,Scientific and technical journal articles,2001,32.12,,0
MOZ,Mozambique,IP.JRN.ARTC.SC,Scientific and technical journal articles,2000,22.54,,0
MOZ,Mozambique,IP.JRN.ARTC.SC,Scientific and technical journal articles,1999,21.68,,0
MOZ,Mozambique,IP.JRN.ARTC.SC,Scientific and technical journal articles,1998,26.12,,0
MOZ,Mozambique,IP.JRN.ARTC.SC,Scientific and technical journal articles,1997,20.66,,0
MOZ,Mozambique,IP.JRN.ARTC.SC,Scientific and technical journal articles,1996,13.02,,0
MMR,Myanmar,IP.JRN.ARTC.SC,Scientific and technical journal articles,2022,163.39,,0
MMR,Myanmar,IP.JRN.ARTC.SC,Scientific and technical journal articles,2021,273.83,,0
MMR,Myanmar,IP.JRN.ARTC.SC,Scientific and technical journal articles,2020,429.75,,0
MMR,Myanmar,IP.JRN.ARTC.SC,Scientific and technical journal articles,2019,289.25,,0
MMR,Myanmar,IP.JRN.ARTC.SC,Scientific and technical journal articles,2018,233.92,,0
MMR,Myanmar,IP.JRN.ARTC.SC,Scientific and technical journal articles,2017,149.82,,0
MMR,Myanmar,IP.JRN.ARTC.SC,Scientific and technical journal articles,2016,86.18,,0
MMR,Myanmar,IP.JRN.ARTC.SC,Scientific and technical journal articles,2015,73.41,,0
MMR,Myanmar,IP.JRN.ARTC.SC,Scientific and technical journal articles,2014,45.94,,0
MMR,Myanmar,IP.JRN.ARTC.SC,Scientific and technical journal articles,2013,34.32,,0
MMR,Myanmar,IP.JRN.ARTC.SC,Scientific and technical journal articles,2012,38.6,,0
MMR,Myanmar,IP.JRN.ARTC.SC,Scientific and technical journal articles,2011,96.42,,0
MMR,Myanmar,IP.JRN.ARTC.SC,Scientific and technical journal articles,2010,50.98,,0
MMR,Myanmar,IP.JRN.ARTC.SC,Scientific and technical journal articles,2009,87.8,,0
MMR,Myanmar,IP.JRN.ARTC.SC,Scientific and technical journal articles,2008,60.76,,0
MMR,Myanmar,IP.JRN.ARTC.SC,Scientific and technical journal articles,2007,37.23,,0
MMR,Myanmar,IP.JRN.ARTC.SC,Scientific and technical journal articles,2006,29.36,,0
MMR,Myanmar,IP.JRN.ARTC.SC,Scientific and technical journal articles,2005,50.8,,0
MMR,Myanmar,IP.JRN.ARTC.SC,Scientific and technical journal articles,2004,16.84,,0
MMR,Myanmar,IP.JRN.ARTC.SC,Scientific and technical journal articles,2003,12.02,,0
MMR,Myanmar,IP.JRN.ARTC.SC,Scientific and technical journal articles,2002,11.62,,0
MMR,Myanmar,IP.JRN.ARTC.SC,Scientific and technical journal articles,2001,11.31,,0
MMR,Myanmar,IP.JRN.ARTC.SC,Scientific and technical journal articles,2000,14.82,,0
MMR,Myanmar,IP.JRN.ARTC.SC,Scientific and technical journal articles,1999,12.98,,0
MMR,Myanmar,IP.JRN.ARTC.SC,Scientific and technical journal articles,1998,11.41,,0
MMR,Myanmar,IP.JRN.ARTC.SC,Scientific and technical journal articles,1997,12.44,,0
MMR,Myanmar,IP.JRN.ARTC.SC,Scientific and technical journal articles,1996,5.7,,0
NAM,Namibia,IP.JRN.ARTC.SC,Scientific and technical journal articles,2022,219.77,,0
NAM,Namibia,IP.JRN.ARTC.SC,Scientific and technical journal articles,2021,230.62,,0
NAM,Namibia,IP.JRN.ARTC.SC,Scientific and technical journal articles,2020,203.62,,0
NAM,Namibia,IP.JRN.ARTC.SC,Scientific and technical journal articles,2019,157.84,,0
NAM,Namibia,IP.JRN.ARTC.SC,Scientific and technical journal articles,2018,160.59,,0
NAM,Namibia,IP.JRN.ARTC.SC,Scientific and technical journal articles,2017,114.24,,0
NAM,Namibia,IP.JRN.ARTC.SC,Scientific and technical journal articles,2016,100.59,,0
NAM,Namibia,IP.JRN.ARTC.SC,Scientific and technical journal articles,2015,100.28,,0
NAM,Namibia,IP.JRN.ARTC.SC,Scientific and technical journal articles,2014,91.97,,0
NAM,Namibia,IP.JRN.ARTC.SC,Scientific and technical journal articles,2013,85.49,,0
NAM,Namibia,IP.JRN.ARTC.SC,Scientific and technical journal articles,2012,64.47,,0
NAM,Namibia,IP.JRN.ARTC.SC,Scientific and technical journal articles,2011,49.14,,0
NAM,Namibia,IP.JRN.ARTC.SC,Scientific and technical journal articles,2010,37.81,,0
NAM,Namibia,IP.JRN.ARTC.SC,Scientific and technical journal articles,2009,31.89,,0
NAM,Namibia,IP.JRN.ARTC.SC,Scientific and technical journal articles,2008,33.07,,0
NAM,Namibia,IP.JRN.ARTC.SC,Scientific and technical journal articles,2007,40.1,,0
NAM,Namibia,IP.JRN.ARTC.SC,Scientific and technical journal articles,2006,35.78,,0
NAM,Namibia,IP.JRN.ARTC.SC,Scientific and technical journal articles,2005,53.48,,0
NAM,Namibia,IP.JRN.ARTC.SC,Scientific and technical journal articles,2004,32.65,,0
NAM,Namibia,IP.JRN.ARTC.SC,Scientific and technical journal articles,2003,46.11,,0
NAM,Namibia,IP.JRN.ARTC.SC,Scientific and technical journal articles,2002,36.39,,0
NAM,Namibia,IP.JRN.ARTC.SC,Scientific and technical journal articles,2001,45.23,,0
NAM,Namibia,IP.JRN.ARTC.SC,Scientific and technical journal articles,2000,20.76,,0
NAM,Namibia,IP.JRN.ARTC.SC,Scientific and technical journal articles,1999,29.23,,0
NAM,Namibia,IP.JRN.ARTC.SC,Scientific and technical journal articles,1998,46,,0
NAM,Namibia,IP.JRN.ARTC.SC,Scientific and technical journal articles,1997,30.79,,0
NAM,Namibia,IP.JRN.ARTC.SC,Scientific and technical journal articles,1996,18.5,,0
NRU,Nauru,IP.JRN.ARTC.SC,Scientific and technical journal articles,2022,0.27,,0
NRU,Nauru,IP.JRN.ARTC.SC,Scientific and technical journal articles,2021,0,,0
NRU,Nauru,IP.JRN.ARTC.SC,Scientific and technical journal articles,2020,0.9,,0
NRU,Nauru,IP.JRN.ARTC.SC,Scientific and technical journal articles,2019,0.33,,0
NRU,Nauru,IP.JRN.ARTC.SC,Scientific and technical journal articles,2018,0,,0
NRU,Nauru,IP.JRN.ARTC.SC,Scientific and technical journal articles,2017,0,,0
NRU,Nauru,IP.JRN.ARTC.SC,Scientific and technical journal articles,2016,0.47,,0
NRU,Nauru,IP.JRN.ARTC.SC,Scientific and technical journal articles,2015,0.33,,0
NRU,Nauru,IP.JRN.ARTC.SC,Scientific and technical journal articles,2014,0.37,,0
NRU,Nauru,IP.JRN.ARTC.SC,Scientific and technical journal articles,2013,0.34,,0
NRU,Nauru,IP.JRN.ARTC.SC,Scientific and technical journal articles,2012,0.5,,0
NRU,Nauru,IP.JRN.ARTC.SC,Scientific and technical journal articles,2011,0.74,,0
NRU,Nauru,IP.JRN.ARTC.SC,Scientific and technical journal articles,2010,0,,0
NRU,Nauru,IP.JRN.ARTC.SC,Scientific and technical journal articles,2009,0.67,,0
NRU,Nauru,IP.JRN.ARTC.SC,Scientific and technical journal articles,2008,0,,0
NRU,Nauru,IP.JRN.ARTC.SC,Scientific and technical journal articles,2007,0,,0
NRU,Nauru,IP.JRN.ARTC.SC,Scientific and technical journal articles,2006,0.27,,0
NRU,Nauru,IP.JRN.ARTC.SC,Scientific and technical journal articles,2005,0.5,,0
NRU,Nauru,IP.JRN.ARTC.SC,Scientific and technical journal articles,2004,0.23,,0
NRU,Nauru,IP.JRN.ARTC.SC,Scientific and technical journal articles,2003,0,,0
NRU,Nauru,IP.JRN.ARTC.SC,Scientific and technical journal articles,2002,0,,0
NRU,Nauru,IP.JRN.ARTC.SC,Scientific and technical journal articles,2001,0.33,,0
NRU,Nauru,IP.JRN.ARTC.SC,Scientific and technical journal articles,2000,0,,0
NRU,Nauru,IP.JRN.ARTC.SC,Scientific and technical journal articles,1999,0,,0
NRU,Nauru,IP.JRN.ARTC.SC,Scientific and technical journal articles,1998,0.14,,0
NRU,Nauru,IP.JRN.ARTC.SC,Scientific and technical journal articles,1997,0.25,,0
NRU,Nauru,IP.JRN.ARTC.SC,Scientific and technical journal articles,1996,0,,0
NPL,Nepal,IP.JRN.ARTC.SC,Scientific and technical journal articles,2022,1699.22,,0
NPL,Nepal,IP.JRN.ARTC.SC,Scientific and technical journal articles,2021,1797.2,,0
NPL,Nepal,IP.JRN.ARTC.SC,Scientific and technical journal articles,2020,1513.19,,0
NPL,Nepal,IP.JRN.ARTC.SC,Scientific and technical journal articles,2019,1054.19,,0
NPL,Nepal,IP.JRN.ARTC.SC,Scientific and technical journal articles,2018,840.67,,0
NPL,Nepal,IP.JRN.ARTC.SC,Scientific and technical journal articles,2017,693.49,,0
NPL,Nepal,IP.JRN.ARTC.SC,Scientific and technical journal articles,2016,627.01,,0
NPL,Nepal,IP.JRN.ARTC.SC,Scientific and technical journal articles,2015,539.03,,0
NPL,Nepal,IP.JRN.ARTC.SC,Scientific and technical journal articles,2014,507.32,,0
NPL,Nepal,IP.JRN.ARTC.SC,Scientific and technical journal articles,2013,458.01,,0
NPL,Nepal,IP.JRN.ARTC.SC,Scientific and technical journal articles,2012,395.9,,0
NPL,Nepal,IP.JRN.ARTC.SC,Scientific and technical journal articles,2011,390.74,,0
NPL,Nepal,IP.JRN.ARTC.SC,Scientific and technical journal articles,2010,381.93,,0
NPL,Nepal,IP.JRN.ARTC.SC,Scientific and technical journal articles,2009,387.07,,0
NPL,Nepal,IP.JRN.ARTC.SC,Scientific and technical journal articles,2008,353.61,,0
NPL,Nepal,IP.JRN.ARTC.SC,Scientific and technical journal articles,2007,388.75,,0
NPL,Nepal,IP.JRN.ARTC.SC,Scientific and technical journal articles,2006,361.82,,0
NPL,Nepal,IP.JRN.ARTC.SC,Scientific and technical journal articles,2005,295.24,,0
NPL,Nepal,IP.JRN.ARTC.SC,Scientific and technical journal articles,2004,224.77,,0
NPL,Nepal,IP.JRN.ARTC.SC,Scientific and technical journal articles,2003,234.29,,0
NPL,Nepal,IP.JRN.ARTC.SC,Scientific and technical journal articles,2002,121.98,,0
NPL,Nepal,IP.JRN.ARTC.SC,Scientific and technical journal articles,2001,114.36,,0
NPL,Nepal,IP.JRN.ARTC.SC,Scientific and technical journal articles,2000,100.36,,0
NPL,Nepal,IP.JRN.ARTC.SC,Scientific and technical journal articles,1999,85.08,,0
NPL,Nepal,IP.JRN.ARTC.SC,Scientific and technical journal articles,1998,85.87,,0
NPL,Nepal,IP.JRN.ARTC.SC,Scientific and technical journal articles,1997,65.65,,0
NPL,Nepal,IP.JRN.ARTC.SC,Scientific and technical journal articles,1996,55.62,,0
NLD,Netherlands,IP.JRN.ARTC.SC,Scientific and technical journal articles,2022,34311.17,,0
NLD,Netherlands,IP.JRN.ARTC.SC,Scientific and technical journal articles,2021,34933.42,,0
NLD,Netherlands,IP.JRN.ARTC.SC,Scientific and technical journal articles,2020,33060.81,,0
NLD,Netherlands,IP.JRN.ARTC.SC,Scientific and technical journal articles,2019,32282.4,,0
NLD,Netherlands,IP.JRN.ARTC.SC,Scientific and technical journal articles,2018,32093.15,,0
NLD,Netherlands,IP.JRN.ARTC.SC,Scientific and technical journal articles,2017,31643.49,,0
NLD,Netherlands,IP.JRN.ARTC.SC,Scientific and technical journal articles,2016,31496.18,,0
NLD,Netherlands,IP.JRN.ARTC.SC,Scientific and technical journal articles,2015,31744.65,,0
NLD,Netherlands,IP.JRN.ARTC.SC,Scientific and technical journal articles,2014,31939.52,,0
NLD,Netherlands,IP.JRN.ARTC.SC,Scientific and technical journal articles,2013,31621.17,,0
NLD,Netherlands,IP.JRN.ARTC.SC,Scientific and technical journal articles,2012,31031.95,,0
NLD,Netherlands,IP.JRN.ARTC.SC,Scientific and technical journal articles,2011,30229.23,,0
NLD,Netherlands,IP.JRN.ARTC.SC,Scientific and technical journal articles,2010,29400.04,,0
NLD,Netherlands,IP.JRN.ARTC.SC,Scientific and technical journal articles,2009,28747.75,,0
NLD,Netherlands,IP.JRN.ARTC.SC,Scientific and technical journal articles,2008,26794.65,,0
NLD,Netherlands,IP.JRN.ARTC.SC,Scientific and technical journal articles,2007,25817.72,,0
NLD,Netherlands,IP.JRN.ARTC.SC,Scientific and technical journal articles,2006,25054.53,,0
NLD,Netherlands,IP.JRN.ARTC.SC,Scientific and technical journal articles,2005,24421.03,,0
NLD,Netherlands,IP.JRN.ARTC.SC,Scientific and technical journal articles,2004,21716.81,,0
NLD,Netherlands,IP.JRN.ARTC.SC,Scientific and technical journal articles,2003,20265.99,,0
NLD,Netherlands,IP.JRN.ARTC.SC,Scientific and technical journal articles,2002,19627.11,,0
NLD,Netherlands,IP.JRN.ARTC.SC,Scientific and technical journal articles,2001,18769.03,,0
NLD,Netherlands,IP.JRN.ARTC.SC,Scientific and technical journal articles,2000,18865.25,,0
NLD,Netherlands,IP.JRN.ARTC.SC,Scientific and technical journal articles,1999,17751.63,,0
NLD,Netherlands,IP.JRN.ARTC.SC,Scientific and technical journal articles,1998,18778.35,,0
NLD,Netherlands,IP.JRN.ARTC.SC,Scientific and technical journal articles,1997,18654.85,,0
NLD,Netherlands,IP.JRN.ARTC.SC,Scientific and technical journal articles,1996,18565.62,,0
NZL,New Zealand,IP.JRN.ARTC.SC,Scientific and technical journal articles,2022,9213.62,,0
NZL,New Zealand,IP.JRN.ARTC.SC,Scientific and technical journal articles,2021,9152.02,,0
NZL,New Zealand,IP.JRN.ARTC.SC,Scientific and technical journal articles,2020,8813.47,,0
NZL,New Zealand,IP.JRN.ARTC.SC,Scientific and technical journal articles,2019,8890.78,,0
NZL,New Zealand,IP.JRN.ARTC.SC,Scientific and technical journal articles,2018,8396.44,,0
NZL,New Zealand,IP.JRN.ARTC.SC,Scientific and technical journal articles,2017,8178.13,,0
NZL,New Zealand,IP.JRN.ARTC.SC,Scientific and technical journal articles,2016,8203.8,,0
NZL,New Zealand,IP.JRN.ARTC.SC,Scientific and technical journal articles,2015,7892.26,,0
NZL,New Zealand,IP.JRN.ARTC.SC,Scientific and technical journal articles,2014,7997.3,,0
NZL,New Zealand,IP.JRN.ARTC.SC,Scientific and technical journal articles,2013,7808.07,,0
NZL,New Zealand,IP.JRN.ARTC.SC,Scientific and technical journal articles,2012,7759.43,,0
NZL,New Zealand,IP.JRN.ARTC.SC,Scientific and technical journal articles,2011,7675.32,,0
NZL,New Zealand,IP.JRN.ARTC.SC,Scientific and technical journal articles,2010,6962.2,,0
NZL,New Zealand,IP.JRN.ARTC.SC,Scientific and technical journal articles,2009,6683.61,,0
NZL,New Zealand,IP.JRN.ARTC.SC,Scientific and technical journal articles,2008,6434.48,,0
NZL,New Zealand,IP.JRN.ARTC.SC,Scientific and technical journal articles,2007,6148.62,,0
NZL,New Zealand,IP.JRN.ARTC.SC,Scientific and technical journal articles,2006,5769.72,,0
NZL,New Zealand,IP.JRN.ARTC.SC,Scientific and technical journal articles,2005,5448.08,,0
NZL,New Zealand,IP.JRN.ARTC.SC,Scientific and technical journal articles,2004,4947.7,,0
NZL,New Zealand,IP.JRN.ARTC.SC,Scientific and technical journal articles,2003,4522.51,,0
NZL,New Zealand,IP.JRN.ARTC.SC,Scientific and technical journal articles,2002,4373.95,,0
NZL,New Zealand,IP.JRN.ARTC.SC,Scientific and technical journal articles,2001,4412.78,,0
NZL,New Zealand,IP.JRN.ARTC.SC,Scientific and technical journal articles,2000,4324.72,,0
NZL,New Zealand,IP.JRN.ARTC.SC,Scientific and technical journal articles,1999,4361.2,,0
NZL,New Zealand,IP.JRN.ARTC.SC,Scientific and technical journal articles,1998,4110.31,,0
NZL,New Zealand,IP.JRN.ARTC.SC,Scientific and technical journal articles,1997,4027.97,,0
NZL,New Zealand,IP.JRN.ARTC.SC,Scientific and technical journal articles,1996,3749.47,,0
NIC,Nicaragua,IP.JRN.ARTC.SC,Scientific and technical journal articles,2022,41.45,,0
NIC,Nicaragua,IP.JRN.ARTC.SC,Scientific and technical journal articles,2021,45.56,,0
NIC,Nicaragua,IP.JRN.ARTC.SC,Scientific and technical journal articles,2020,39.21,,0
NIC,Nicaragua,IP.JRN.ARTC.SC,Scientific and technical journal articles,2019,35.85,,0
NIC,Nicaragua,IP.JRN.ARTC.SC,Scientific and technical journal articles,2018,43.03,,0
NIC,Nicaragua,IP.JRN.ARTC.SC,Scientific and technical journal articles,2017,42.41,,0
NIC,Nicaragua,IP.JRN.ARTC.SC,Scientific and technical journal articles,2016,37.77,,0
NIC,Nicaragua,IP.JRN.ARTC.SC,Scientific and technical journal articles,2015,27.42,,0
NIC,Nicaragua,IP.JRN.ARTC.SC,Scientific and technical journal articles,2014,33.56,,0
NIC,Nicaragua,IP.JRN.ARTC.SC,Scientific and technical journal articles,2013,28.96,,0
NIC,Nicaragua,IP.JRN.ARTC.SC,Scientific and technical journal articles,2012,31.53,,0
NIC,Nicaragua,IP.JRN.ARTC.SC,Scientific and technical journal articles,2011,30.44,,0
NIC,Nicaragua,IP.JRN.ARTC.SC,Scientific and technical journal articles,2010,30.46,,0
NIC,Nicaragua,IP.JRN.ARTC.SC,Scientific and technical journal articles,2009,27.96,,0
NIC,Nicaragua,IP.JRN.ARTC.SC,Scientific and technical journal articles,2008,27.39,,0
NIC,Nicaragua,IP.JRN.ARTC.SC,Scientific and technical journal articles,2007,22.5,,0
NIC,Nicaragua,IP.JRN.ARTC.SC,Scientific and technical journal articles,2006,33.78,,0
NIC,Nicaragua,IP.JRN.ARTC.SC,Scientific and technical journal articles,2005,21.86,,0
NIC,Nicaragua,IP.JRN.ARTC.SC,Scientific and technical journal articles,2004,17.2,,0
NIC,Nicaragua,IP.JRN.ARTC.SC,Scientific and technical journal articles,2003,14.66,,0
NIC,Nicaragua,IP.JRN.ARTC.SC,Scientific and technical journal articles,2002,7.63,,0
NIC,Nicaragua,IP.JRN.ARTC.SC,Scientific and technical journal articles,2001,10.86,,0
NIC,Nicaragua,IP.JRN.ARTC.SC,Scientific and technical journal articles,2000,14.14,,0
NIC,Nicaragua,IP.JRN.ARTC.SC,Scientific and technical journal articles,1999,8.78,,0
NIC,Nicaragua,IP.JRN.ARTC.SC,Scientific and technical journal articles,1998,13.59,,0
NIC,Nicaragua,IP.JRN.ARTC.SC,Scientific and technical journal articles,1997,19.79,,0
NIC,Nicaragua,IP.JRN.ARTC.SC,Scientific and technical journal articles,1996,15.86,,0
NER,Niger,IP.JRN.ARTC.SC,Scientific and technical journal articles,2022,73.56,,0
NER,Niger,IP.JRN.ARTC.SC,Scientific and technical journal articles,2021,56.76,,0
NER,Niger,IP.JRN.ARTC.SC,Scientific and technical journal articles,2020,67.78,,0
NER,Niger,IP.JRN.ARTC.SC,Scientific and technical journal articles,2019,63.64,,0
NER,Niger,IP.JRN.ARTC.SC,Scientific and technical journal articles,2018,65.89,,0
NER,Niger,IP.JRN.ARTC.SC,Scientific and technical journal articles,2017,57.14,,0
NER,Niger,IP.JRN.ARTC.SC,Scientific and technical journal articles,2016,51.13,,0
NER,Niger,IP.JRN.ARTC.SC,Scientific and technical journal articles,2015,52.98,,0
NER,Niger,IP.JRN.ARTC.SC,Scientific and technical journal articles,2014,48.31,,0
NER,Niger,IP.JRN.ARTC.SC,Scientific and technical journal articles,2013,31.32,,0
NER,Niger,IP.JRN.ARTC.SC,Scientific and technical journal articles,2012,30.76,,0
NER,Niger,IP.JRN.ARTC.SC,Scientific and technical journal articles,2011,31.39,,0
NER,Niger,IP.JRN.ARTC.SC,Scientific and technical journal articles,2010,67.79,,0
NER,Niger,IP.JRN.ARTC.SC,Scientific and technical journal articles,2009,53.57,,0
NER,Niger,IP.JRN.ARTC.SC,Scientific and technical journal articles,2008,27.05,,0
NER,Niger,IP.JRN.ARTC.SC,Scientific and technical journal articles,2007,29.41,,0
NER,Niger,IP.JRN.ARTC.SC,Scientific and technical journal articles,2006,29.42,,0
NER,Niger,IP.JRN.ARTC.SC,Scientific and technical journal articles,2005,21.52,,0
NER,Niger,IP.JRN.ARTC.SC,Scientific and technical journal articles,2004,22.46,,0
NER,Niger,IP.JRN.ARTC.SC,Scientific and technical journal articles,2003,23.92,,0
NER,Niger,IP.JRN.ARTC.SC,Scientific and technical journal articles,2002,20.16,,0
NER,Niger,IP.JRN.ARTC.SC,Scientific and technical journal articles,2001,25.78,,0
NER,Niger,IP.JRN.ARTC.SC,Scientific and technical journal articles,2000,24.98,,0
NER,Niger,IP.JRN.ARTC.SC,Scientific and technical journal articles,1999,27.63,,0
NER,Niger,IP.JRN.ARTC.SC,Scientific and technical journal articles,1998,35.46,,0
NER,Niger,IP.JRN.ARTC.SC,Scientific and technical journal articles,1997,37.3,,0
NER,Niger,IP.JRN.ARTC.SC,Scientific and technical journal articles,1996,19.32,,0
NGA,Nigeria,IP.JRN.ARTC.SC,Scientific and technical journal articles,2022,9408.02,,0
NGA,Nigeria,IP.JRN.ARTC.SC,Scientific and technical journal articles,2021,9422.75,,0
NGA,Nigeria,IP.JRN.ARTC.SC,Scientific and technical journal articles,2020,8170.31,,0
NGA,Nigeria,IP.JRN.ARTC.SC,Scientific and technical journal articles,2019,6894.13,,0
NGA,Nigeria,IP.JRN.ARTC.SC,Scientific and technical journal articles,2018,5528.59,,0
NGA,Nigeria,IP.JRN.ARTC.SC,Scientific and technical journal articles,2017,4502.59,,0
NGA,Nigeria,IP.JRN.ARTC.SC,Scientific and technical journal articles,2016,3958.74,,0
NGA,Nigeria,IP.JRN.ARTC.SC,Scientific and technical journal articles,2015,3561.88,,0
NGA,Nigeria,IP.JRN.ARTC.SC,Scientific and technical journal articles,2014,3554.04,,0
NGA,Nigeria,IP.JRN.ARTC.SC,Scientific and technical journal articles,2013,3137.77,,0
NGA,Nigeria,IP.JRN.ARTC.SC,Scientific and technical journal articles,2012,3114.14,,0
NGA,Nigeria,IP.JRN.ARTC.SC,Scientific and technical journal articles,2011,3410.07,,0
NGA,Nigeria,IP.JRN.ARTC.SC,Scientific and technical journal articles,2010,3173.35,,0
NGA,Nigeria,IP.JRN.ARTC.SC,Scientific and technical journal articles,2009,2871.93,,0
NGA,Nigeria,IP.JRN.ARTC.SC,Scientific and technical journal articles,2008,2267.25,,0
NGA,Nigeria,IP.JRN.ARTC.SC,Scientific and technical journal articles,2007,2141.08,,0
NGA,Nigeria,IP.JRN.ARTC.SC,Scientific and technical journal articles,2006,1958.42,,0
NGA,Nigeria,IP.JRN.ARTC.SC,Scientific and technical journal articles,2005,1784.91,,0
NGA,Nigeria,IP.JRN.ARTC.SC,Scientific and technical journal articles,2004,1475.89,,0
NGA,Nigeria,IP.JRN.ARTC.SC,Scientific and technical journal articles,2003,1321.22,,0
NGA,Nigeria,IP.JRN.ARTC.SC,Scientific and technical journal articles,2002,1208.14,,0
NGA,Nigeria,IP.JRN.ARTC.SC,Scientific and technical journal articles,2001,1058.73,,0
NGA,Nigeria,IP.JRN.ARTC.SC,Scientific and technical journal articles,2000,1036.35,,0
NGA,Nigeria,IP.JRN.ARTC.SC,Scientific and technical journal articles,1999,962.82,,0
NGA,Nigeria,IP.JRN.ARTC.SC,Scientific and technical journal articles,1998,884.83,,0
NGA,Nigeria,IP.JRN.ARTC.SC,Scientific and technical journal articles,1997,924.25,,0
NGA,Nigeria,IP.JRN.ARTC.SC,Scientific and technical journal articles,1996,908.53,,0
MKD,North Macedonia,IP.JRN.ARTC.SC,Scientific and technical journal articles,2022,532.17,,0
MKD,North Macedonia,IP.JRN.ARTC.SC,Scientific and technical journal articles,2021,440.8,,0
MKD,North Macedonia,IP.JRN.ARTC.SC,Scientific and technical journal articles,2020,444.11,,0
MKD,North Macedonia,IP.JRN.ARTC.SC,Scientific and technical journal articles,2019,467.73,,0
MKD,North Macedonia,IP.JRN.ARTC.SC,Scientific and technical journal articles,2018,448.02,,0
MKD,North Macedonia,IP.JRN.ARTC.SC,Scientific and technical journal articles,2017,467.11,,0
MKD,North Macedonia,IP.JRN.ARTC.SC,Scientific and technical journal articles,2016,441.03,,0
MKD,North Macedonia,IP.JRN.ARTC.SC,Scientific and technical journal articles,2015,480.78,,0
MKD,North Macedonia,IP.JRN.ARTC.SC,Scientific and technical journal articles,2014,493.09,,0
MKD,North Macedonia,IP.JRN.ARTC.SC,Scientific and technical journal articles,2013,467.06,,0
MKD,North Macedonia,IP.JRN.ARTC.SC,Scientific and technical journal articles,2012,477.66,,0
MKD,North Macedonia,IP.JRN.ARTC.SC,Scientific and technical journal articles,2011,462.76,,0
MKD,North Macedonia,IP.JRN.ARTC.SC,Scientific and technical journal articles,2010,355.48,,0
MKD,North Macedonia,IP.JRN.ARTC.SC,Scientific and technical journal articles,2009,324.34,,0
MKD,North Macedonia,IP.JRN.ARTC.SC,Scientific and technical journal articles,2008,294.38,,0
MKD,North Macedonia,IP.JRN.ARTC.SC,Scientific and technical journal articles,2007,259.48,,0
MKD,North Macedonia,IP.JRN.ARTC.SC,Scientific and technical journal articles,2006,196.89,,0
MKD,North Macedonia,IP.JRN.ARTC.SC,Scientific and technical journal articles,2005,174.76,,0
MKD,North Macedonia,IP.JRN.ARTC.SC,Scientific and technical journal articles,2004,137.14,,0
MKD,North Macedonia,IP.JRN.ARTC.SC,Scientific and technical journal articles,2003,132.74,,0
MKD,North Macedonia,IP.JRN.ARTC.SC,Scientific and technical journal articles,2002,127.16,,0
MKD,North Macedonia,IP.JRN.ARTC.SC,Scientific and technical journal articles,2001,141.39,,0
MKD,North Macedonia,IP.JRN.ARTC.SC,Scientific and technical journal articles,2000,124.53,,0
MKD,North Macedonia,IP.JRN.ARTC.SC,Scientific and technical journal articles,1999,93.02,,0
MKD,North Macedonia,IP.JRN.ARTC.SC,Scientific and technical journal articles,1998,93.16,,0
MKD,North Macedonia,IP.JRN.ARTC.SC,Scientific and technical journal articles,1997,118.79,,0
MKD,North Macedonia,IP.JRN.ARTC.SC,Scientific and technical journal articles,1996,80.17,,0
NOR,Norway,IP.JRN.ARTC.SC,Scientific and technical journal articles,2022,14068.95,,0
NOR,Norway,IP.JRN.ARTC.SC,Scientific and technical journal articles,2021,14194.52,,0
NOR,Norway,IP.JRN.ARTC.SC,Scientific and technical journal articles,2020,13480.21,,0
NOR,Norway,IP.JRN.ARTC.SC,Scientific and technical journal articles,2019,12827.31,,0
NOR,Norway,IP.JRN.ARTC.SC,Scientific and technical journal articles,2018,12413.22,,0
NOR,Norway,IP.JRN.ARTC.SC,Scientific and technical journal articles,2017,11973.4,,0
NOR,Norway,IP.JRN.ARTC.SC,Scientific and technical journal articles,2016,11388.28,,0
NOR,Norway,IP.JRN.ARTC.SC,Scientific and technical journal articles,2015,10715.99,,0
NOR,Norway,IP.JRN.ARTC.SC,Scientific and technical journal articles,2014,10660.66,,0
NOR,Norway,IP.JRN.ARTC.SC,Scientific and technical journal articles,2013,10371.73,,0
NOR,Norway,IP.JRN.ARTC.SC,Scientific and technical journal articles,2012,10328.16,,0
NOR,Norway,IP.JRN.ARTC.SC,Scientific and technical journal articles,2011,9707.54,,0
NOR,Norway,IP.JRN.ARTC.SC,Scientific and technical journal articles,2010,9078.32,,0
NOR,Norway,IP.JRN.ARTC.SC,Scientific and technical journal articles,2009,8868.25,,0
NOR,Norway,IP.JRN.ARTC.SC,Scientific and technical journal articles,2008,7992.95,,0
NOR,Norway,IP.JRN.ARTC.SC,Scientific and technical journal articles,2007,7799.09,,0
NOR,Norway,IP.JRN.ARTC.SC,Scientific and technical journal articles,2006,7248.79,,0
NOR,Norway,IP.JRN.ARTC.SC,Scientific and technical journal articles,2005,6829.89,,0
NOR,Norway,IP.JRN.ARTC.SC,Scientific and technical journal articles,2004,5842.12,,0
NOR,Norway,IP.JRN.ARTC.SC,Scientific and technical journal articles,2003,5343.55,,0
NOR,Norway,IP.JRN.ARTC.SC,Scientific and technical journal articles,2002,5168.99,,0
NOR,Norway,IP.JRN.ARTC.SC,Scientific and technical journal articles,2001,5159.27,,0
NOR,Norway,IP.JRN.ARTC.SC,Scientific and technical journal articles,2000,5063.27,,0
NOR,Norway,IP.JRN.ARTC.SC,Scientific and technical journal articles,1999,4792.49,,0
NOR,Norway,IP.JRN.ARTC.SC,Scientific and technical journal articles,1998,5207.28,,0
NOR,Norway,IP.JRN.ARTC.SC,Scientific and technical journal articles,1997,5158.2,,0
NOR,Norway,IP.JRN.ARTC.SC,Scientific and technical journal articles,1996,4790.04,,0
OMN,Oman,IP.JRN.ARTC.SC,Scientific and technical journal articles,2022,1588.15,,0
OMN,Oman,IP.JRN.ARTC.SC,Scientific and technical journal articles,2021,1399.09,,0
OMN,Oman,IP.JRN.ARTC.SC,Scientific and technical journal articles,2020,1074.58,,0
OMN,Oman,IP.JRN.ARTC.SC,Scientific and technical journal articles,2019,982.36,,0
OMN,Oman,IP.JRN.ARTC.SC,Scientific and technical journal articles,2018,846.25,,0
OMN,Oman,IP.JRN.ARTC.SC,Scientific and technical journal articles,2017,787.97,,0
OMN,Oman,IP.JRN.ARTC.SC,Scientific and technical journal articles,2016,771.58,,0
OMN,Oman,IP.JRN.ARTC.SC,Scientific and technical journal articles,2015,762.02,,0
OMN,Oman,IP.JRN.ARTC.SC,Scientific and technical journal articles,2014,691.48,,0
OMN,Oman,IP.JRN.ARTC.SC,Scientific and technical journal articles,2013,670.52,,0
OMN,Oman,IP.JRN.ARTC.SC,Scientific and technical journal articles,2012,603.03,,0
OMN,Oman,IP.JRN.ARTC.SC,Scientific and technical journal articles,2011,600.64,,0
OMN,Oman,IP.JRN.ARTC.SC,Scientific and technical journal articles,2010,538.26,,0
OMN,Oman,IP.JRN.ARTC.SC,Scientific and technical journal articles,2009,486.47,,0
OMN,Oman,IP.JRN.ARTC.SC,Scientific and technical journal articles,2008,448.65,,0
OMN,Oman,IP.JRN.ARTC.SC,Scientific and technical journal articles,2007,413.64,,0
OMN,Oman,IP.JRN.ARTC.SC,Scientific and technical journal articles,2006,352.29,,0
OMN,Oman,IP.JRN.ARTC.SC,Scientific and technical journal articles,2005,327.26,,0
OMN,Oman,IP.JRN.ARTC.SC,Scientific and technical journal articles,2004,310.3,,0
OMN,Oman,IP.JRN.ARTC.SC,Scientific and technical journal articles,2003,303.69,,0
OMN,Oman,IP.JRN.ARTC.SC,Scientific and technical journal articles,2002,247.47,,0
OMN,Oman,IP.JRN.ARTC.SC,Scientific and technical journal articles,2001,236.03,,0
OMN,Oman,IP.JRN.ARTC.SC,Scientific and technical journal articles,2000,208.8,,0
OMN,Oman,IP.JRN.ARTC.SC,Scientific and technical journal articles,1999,148.2,,0
OMN,Oman,IP.JRN.ARTC.SC,Scientific and technical journal articles,1998,157.74,,0
OMN,Oman,IP.JRN.ARTC.SC,Scientific and technical journal articles,1997,123.5,,0
OMN,Oman,IP.JRN.ARTC.SC,Scientific and technical journal articles,1996,118.37,,0
PAK,Pakistan,IP.JRN.ARTC.SC,Scientific and technical journal articles,2022,22642.68,,0
PAK,Pakistan,IP.JRN.ARTC.SC,Scientific and technical journal articles,2021,20753.75,,0
PAK,Pakistan,IP.JRN.ARTC.SC,Scientific and technical journal articles,2020,16977.89,,0
PAK,Pakistan,IP.JRN.ARTC.SC,Scientific and technical journal articles,2019,15378.21,,0
PAK,Pakistan,IP.JRN.ARTC.SC,Scientific and technical journal articles,2018,12370.03,,0
PAK,Pakistan,IP.JRN.ARTC.SC,Scientific and technical journal articles,2017,11152.3,,0
PAK,Pakistan,IP.JRN.ARTC.SC,Scientific and technical journal articles,2016,9294.65,,0
PAK,Pakistan,IP.JRN.ARTC.SC,Scientific and technical journal articles,2015,8116.95,,0
PAK,Pakistan,IP.JRN.ARTC.SC,Scientific and technical journal articles,2014,7322.71,,0
PAK,Pakistan,IP.JRN.ARTC.SC,Scientific and technical journal articles,2013,7175.1,,0
PAK,Pakistan,IP.JRN.ARTC.SC,Scientific and technical journal articles,2012,6483.15,,0
PAK,Pakistan,IP.JRN.ARTC.SC,Scientific and technical journal articles,2011,6069.82,,0
PAK,Pakistan,IP.JRN.ARTC.SC,Scientific and technical journal articles,2010,5470.45,,0
PAK,Pakistan,IP.JRN.ARTC.SC,Scientific and technical journal articles,2009,4827.6,,0
PAK,Pakistan,IP.JRN.ARTC.SC,Scientific and technical journal articles,2008,4076.38,,0
PAK,Pakistan,IP.JRN.ARTC.SC,Scientific and technical journal articles,2007,3335.15,,0
PAK,Pakistan,IP.JRN.ARTC.SC,Scientific and technical journal articles,2006,2796.17,,0
PAK,Pakistan,IP.JRN.ARTC.SC,Scientific and technical journal articles,2005,2356.02,,0
PAK,Pakistan,IP.JRN.ARTC.SC,Scientific and technical journal articles,2004,1730.34,,0
PAK,Pakistan,IP.JRN.ARTC.SC,Scientific and technical journal articles,2003,1465.01,,0
PAK,Pakistan,IP.JRN.ARTC.SC,Scientific and technical journal articles,2002,1350.92,,0
PAK,Pakistan,IP.JRN.ARTC.SC,Scientific and technical journal articles,2001,1233.34,,0
PAK,Pakistan,IP.JRN.ARTC.SC,Scientific and technical journal articles,2000,1036.55,,0
PAK,Pakistan,IP.JRN.ARTC.SC,Scientific and technical journal articles,1999,989.48,,0
PAK,Pakistan,IP.JRN.ARTC.SC,Scientific and technical journal articles,1998,954.57,,0
PAK,Pakistan,IP.JRN.ARTC.SC,Scientific and technical journal articles,1997,801.83,,0
PAK,Pakistan,IP.JRN.ARTC.SC,Scientific and technical journal articles,1996,727.91,,0
PLW,Palau,IP.JRN.ARTC.SC,Scientific and technical journal articles,2022,6.45,,0
PLW,Palau,IP.JRN.ARTC.SC,Scientific and technical journal articles,2021,5.61,,0
PLW,Palau,IP.JRN.ARTC.SC,Scientific and technical journal articles,2020,6.52,,0
PLW,Palau,IP.JRN.ARTC.SC,Scientific and technical journal articles,2019,6.1,,0
PLW,Palau,IP.JRN.ARTC.SC,Scientific and technical journal articles,2018,6.51,,0
PLW,Palau,IP.JRN.ARTC.SC,Scientific and technical journal articles,2017,5.96,,0
PLW,Palau,IP.JRN.ARTC.SC,Scientific and technical journal articles,2016,3.3,,0
PLW,Palau,IP.JRN.ARTC.SC,Scientific and technical journal articles,2015,5.61,,0
PLW,Palau,IP.JRN.ARTC.SC,Scientific and technical journal articles,2014,4.71,,0
PLW,Palau,IP.JRN.ARTC.SC,Scientific and technical journal articles,2013,4.2,,0
PLW,Palau,IP.JRN.ARTC.SC,Scientific and technical journal articles,2012,2.25,,0
PLW,Palau,IP.JRN.ARTC.SC,Scientific and technical journal articles,2011,1.85,,0
PLW,Palau,IP.JRN.ARTC.SC,Scientific and technical journal articles,2010,5.17,,0
PLW,Palau,IP.JRN.ARTC.SC,Scientific and technical journal articles,2009,2.73,,0
PLW,Palau,IP.JRN.ARTC.SC,Scientific and technical journal articles,2008,3.71,,0
PLW,Palau,IP.JRN.ARTC.SC,Scientific and technical journal articles,2007,7.97,,0
PLW,Palau,IP.JRN.ARTC.SC,Scientific and technical journal articles,2006,4.79,,0
PLW,Palau,IP.JRN.ARTC.SC,Scientific and technical journal articles,2005,10.48,,0
PLW,Palau,IP.JRN.ARTC.SC,Scientific and technical journal articles,2004,2.88,,0
PLW,Palau,IP.JRN.ARTC.SC,Scientific and technical journal articles,2003,1.83,,0
PLW,Palau,IP.JRN.ARTC.SC,Scientific and technical journal articles,2002,1.83,,0
PLW,Palau,IP.JRN.ARTC.SC,Scientific and technical journal articles,2001,3.09,,0
PLW,Palau,IP.JRN.ARTC.SC,Scientific and technical journal articles,2000,2.33,,0
PLW,Palau,IP.JRN.ARTC.SC,Scientific and technical journal articles,1999,0,,0
PLW,Palau,IP.JRN.ARTC.SC,Scientific and technical journal articles,1998,1.5,,0
PLW,Palau,IP.JRN.ARTC.SC,Scientific and technical journal articles,1997,0.92,,0
PLW,Palau,IP.JRN.ARTC.SC,Scientific and technical journal articles,1996,1.29,,0
PAN,Panama,IP.JRN.ARTC.SC,Scientific and technical journal articles,2022,376.12,,0
PAN,Panama,IP.JRN.ARTC.SC,Scientific and technical journal articles,2021,290.26,,0
PAN,Panama,IP.JRN.ARTC.SC,Scientific and technical journal articles,2020,264.98,,0
PAN,Panama,IP.JRN.ARTC.SC,Scientific and technical journal articles,2019,261.7,,0
PAN,Panama,IP.JRN.ARTC.SC,Scientific and technical journal articles,2018,175.81,,0
PAN,Panama,IP.JRN.ARTC.SC,Scientific and technical journal articles,2017,175.99,,0
PAN,Panama,IP.JRN.ARTC.SC,Scientific and technical journal articles,2016,154.78,,0
PAN,Panama,IP.JRN.ARTC.SC,Scientific and technical journal articles,2015,164.37,,0
PAN,Panama,IP.JRN.ARTC.SC,Scientific and technical journal articles,2014,166.51,,0
PAN,Panama,IP.JRN.ARTC.SC,Scientific and technical journal articles,2013,155.37,,0
PAN,Panama,IP.JRN.ARTC.SC,Scientific and technical journal articles,2012,155.83,,0
PAN,Panama,IP.JRN.ARTC.SC,Scientific and technical journal articles,2011,130.16,,0
PAN,Panama,IP.JRN.ARTC.SC,Scientific and technical journal articles,2010,118.76,,0
PAN,Panama,IP.JRN.ARTC.SC,Scientific and technical journal articles,2009,118.74,,0
PAN,Panama,IP.JRN.ARTC.SC,Scientific and technical journal articles,2008,118.4,,0
PAN,Panama,IP.JRN.ARTC.SC,Scientific and technical journal articles,2007,100.21,,0
PAN,Panama,IP.JRN.ARTC.SC,Scientific and technical journal articles,2006,83.53,,0
PAN,Panama,IP.JRN.ARTC.SC,Scientific and technical journal articles,2005,79.6,,0
PAN,Panama,IP.JRN.ARTC.SC,Scientific and technical journal articles,2004,65.36,,0
PAN,Panama,IP.JRN.ARTC.SC,Scientific and technical journal articles,2003,64.62,,0
PAN,Panama,IP.JRN.ARTC.SC,Scientific and technical journal articles,2002,50.59,,0
PAN,Panama,IP.JRN.ARTC.SC,Scientific and technical journal articles,2001,59.24,,0
PAN,Panama,IP.JRN.ARTC.SC,Scientific and technical journal articles,2000,42.75,,0
PAN,Panama,IP.JRN.ARTC.SC,Scientific and technical journal articles,1999,50.56,,0
PAN,Panama,IP.JRN.ARTC.SC,Scientific and technical journal articles,1998,49.16,,0
PAN,Panama,IP.JRN.ARTC.SC,Scientific and technical journal articles,1997,46.94,,0
PAN,Panama,IP.JRN.ARTC.SC,Scientific and technical journal articles,1996,65.89,,0
PNG,Papua New Guinea,IP.JRN.ARTC.SC,Scientific and technical journal articles,2022,83.33,,0
PNG,Papua New Guinea,IP.JRN.ARTC.SC,Scientific and technical journal articles,2021,83.64,,0
PNG,Papua New Guinea,IP.JRN.ARTC.SC,Scientific and technical journal articles,2020,60.17,,0
PNG,Papua New Guinea,IP.JRN.ARTC.SC,Scientific and technical journal articles,2019,71.07,,0
PNG,Papua New Guinea,IP.JRN.ARTC.SC,Scientific and technical journal articles,2018,61.16,,0
PNG,Papua New Guinea,IP.JRN.ARTC.SC,Scientific and technical journal articles,2017,62,,0
PNG,Papua New Guinea,IP.JRN.ARTC.SC,Scientific and technical journal articles,2016,59.81,,0
PNG,Papua New Guinea,IP.JRN.ARTC.SC,Scientific and technical journal articles,2015,58.96,,0
PNG,Papua New Guinea,IP.JRN.ARTC.SC,Scientific and technical journal articles,2014,62.9,,0
PNG,Papua New Guinea,IP.JRN.ARTC.SC,Scientific and technical journal articles,2013,53.22,,0
PNG,Papua New Guinea,IP.JRN.ARTC.SC,Scientific and technical journal articles,2012,61.17,,0
PNG,Papua New Guinea,IP.JRN.ARTC.SC,Scientific and technical journal articles,2011,41.6,,0
PNG,Papua New Guinea,IP.JRN.ARTC.SC,Scientific and technical journal articles,2010,49.73,,0
PNG,Papua New Guinea,IP.JRN.ARTC.SC,Scientific and technical journal articles,2009,40.02,,0
PNG,Papua New Guinea,IP.JRN.ARTC.SC,Scientific and technical journal articles,2008,59,,0
PNG,Papua New Guinea,IP.JRN.ARTC.SC,Scientific and technical journal articles,2007,60.76,,0
PNG,Papua New Guinea,IP.JRN.ARTC.SC,Scientific and technical journal articles,2006,48.87,,0
PNG,Papua New Guinea,IP.JRN.ARTC.SC,Scientific and technical journal articles,2005,37.26,,0
PNG,Papua New Guinea,IP.JRN.ARTC.SC,Scientific and technical journal articles,2004,42.64,,0
PNG,Papua New Guinea,IP.JRN.ARTC.SC,Scientific and technical journal articles,2003,54.18,,0
PNG,Papua New Guinea,IP.JRN.ARTC.SC,Scientific and technical journal articles,2002,51.99,,0
PNG,Papua New Guinea,IP.JRN.ARTC.SC,Scientific and technical journal articles,2001,76.27,,0
PNG,Papua New Guinea,IP.JRN.ARTC.SC,Scientific and technical journal articles,2000,64.24,,0
PNG,Papua New Guinea,IP.JRN.ARTC.SC,Scientific and technical journal articles,1999,69.88,,0
PNG,Papua New Guinea,IP.JRN.ARTC.SC,Scientific and technical journal articles,1998,73.97,,0
PNG,Papua New Guinea,IP.JRN.ARTC.SC,Scientific and technical journal articles,1997,73.82,,0
PNG,Papua New Guinea,IP.JRN.ARTC.SC,Scientific and technical journal articles,1996,86.16,,0
PRY,Paraguay,IP.JRN.ARTC.SC,Scientific and technical journal articles,2022,208.68,,0
PRY,Paraguay,IP.JRN.ARTC.SC,Scientific and technical journal articles,2021,190.01,,0
PRY,Paraguay,IP.JRN.ARTC.SC,Scientific and technical journal articles,2020,173.48,,0
PRY,Paraguay,IP.JRN.ARTC.SC,Scientific and technical journal articles,2019,167.73,,0
PRY,Paraguay,IP.JRN.ARTC.SC,Scientific and technical journal articles,2018,104.89,,0
PRY,Paraguay,IP.JRN.ARTC.SC,Scientific and technical journal articles,2017,140.84,,0
PRY,Paraguay,IP.JRN.ARTC.SC,Scientific and technical journal articles,2016,102.38,,0
PRY,Paraguay,IP.JRN.ARTC.SC,Scientific and technical journal articles,2015,94.74,,0
PRY,Paraguay,IP.JRN.ARTC.SC,Scientific and technical journal articles,2014,63.16,,0
PRY,Paraguay,IP.JRN.ARTC.SC,Scientific and technical journal articles,2013,60.16,,0
PRY,Paraguay,IP.JRN.ARTC.SC,Scientific and technical journal articles,2012,55.91,,0
PRY,Paraguay,IP.JRN.ARTC.SC,Scientific and technical journal articles,2011,49.15,,0
PRY,Paraguay,IP.JRN.ARTC.SC,Scientific and technical journal articles,2010,34.25,,0
PRY,Paraguay,IP.JRN.ARTC.SC,Scientific and technical journal articles,2009,29.67,,0
PRY,Paraguay,IP.JRN.ARTC.SC,Scientific and technical journal articles,2008,32.01,,0
PRY,Paraguay,IP.JRN.ARTC.SC,Scientific and technical journal articles,2007,29.18,,0
PRY,Paraguay,IP.JRN.ARTC.SC,Scientific and technical journal articles,2006,26.82,,0
PRY,Paraguay,IP.JRN.ARTC.SC,Scientific and technical journal articles,2005,25.96,,0
PRY,Paraguay,IP.JRN.ARTC.SC,Scientific and technical journal articles,2004,25.2,,0
PRY,Paraguay,IP.JRN.ARTC.SC,Scientific and technical journal articles,2003,17.83,,0
PRY,Paraguay,IP.JRN.ARTC.SC,Scientific and technical journal articles,2002,12.65,,0
PRY,Paraguay,IP.JRN.ARTC.SC,Scientific and technical journal articles,2001,17.91,,0
PRY,Paraguay,IP.JRN.ARTC.SC,Scientific and technical journal articles,2000,13.35,,0
PRY,Paraguay,IP.JRN.ARTC.SC,Scientific and technical journal articles,1999,15.93,,0
PRY,Paraguay,IP.JRN.ARTC.SC,Scientific and technical journal articles,1998,17.24,,0
PRY,Paraguay,IP.JRN.ARTC.SC,Scientific and technical journal articles,1997,14.84,,0
PRY,Paraguay,IP.JRN.ARTC.SC,Scientific and technical journal articles,1996,15.6,,0
PER,Peru,IP.JRN.ARTC.SC,Scientific and technical journal articles,2022,4584.96,,0
PER,Peru,IP.JRN.ARTC.SC,Scientific and technical journal articles,2021,4064.96,,0
PER,Peru,IP.JRN.ARTC.SC,Scientific and technical journal articles,2020,2892.98,,0
PER,Peru,IP.JRN.ARTC.SC,Scientific and technical journal articles,2019,2332.04,,0
PER,Peru,IP.JRN.ARTC.SC,Scientific and technical journal articles,2018,1700.86,,0
PER,Peru,IP.JRN.ARTC.SC,Scientific and technical journal articles,2017,1389.87,,0
PER,Peru,IP.JRN.ARTC.SC,Scientific and technical journal articles,2016,1071.41,,0
PER,Peru,IP.JRN.ARTC.SC,Scientific and technical journal articles,2015,899.29,,0
PER,Peru,IP.JRN.ARTC.SC,Scientific and technical journal articles,2014,745.61,,0
PER,Peru,IP.JRN.ARTC.SC,Scientific and technical journal articles,2013,667.12,,0
PER,Peru,IP.JRN.ARTC.SC,Scientific and technical journal articles,2012,641.35,,0
PER,Peru,IP.JRN.ARTC.SC,Scientific and technical journal articles,2011,596.78,,0
PER,Peru,IP.JRN.ARTC.SC,Scientific and technical journal articles,2010,553.93,,0
PER,Peru,IP.JRN.ARTC.SC,Scientific and technical journal articles,2009,491.52,,0
PER,Peru,IP.JRN.ARTC.SC,Scientific and technical journal articles,2008,406.39,,0
PER,Peru,IP.JRN.ARTC.SC,Scientific and technical journal articles,2007,402.49,,0
PER,Peru,IP.JRN.ARTC.SC,Scientific and technical journal articles,2006,441.15,,0
PER,Peru,IP.JRN.ARTC.SC,Scientific and technical journal articles,2005,302.14,,0
PER,Peru,IP.JRN.ARTC.SC,Scientific and technical journal articles,2004,265.08,,0
PER,Peru,IP.JRN.ARTC.SC,Scientific and technical journal articles,2003,267.77,,0
PER,Peru,IP.JRN.ARTC.SC,Scientific and technical journal articles,2002,191.96,,0
PER,Peru,IP.JRN.ARTC.SC,Scientific and technical journal articles,2001,196.66,,0
PER,Peru,IP.JRN.ARTC.SC,Scientific and technical journal articles,2000,172.38,,0
PER,Peru,IP.JRN.ARTC.SC,Scientific and technical journal articles,1999,160.92,,0
PER,Peru,IP.JRN.ARTC.SC,Scientific and technical journal articles,1998,93.7,,0
PER,Peru,IP.JRN.ARTC.SC,Scientific and technical journal articles,1997,117.75,,0
PER,Peru,IP.JRN.ARTC.SC,Scientific and technical journal articles,1996,121.87,,0
PHL,Philippines,IP.JRN.ARTC.SC,Scientific and technical journal articles,2022,3961.49,,0
PHL,Philippines,IP.JRN.ARTC.SC,Scientific and technical journal articles,2021,4052.93,,0
PHL,Philippines,IP.JRN.ARTC.SC,Scientific and technical journal articles,2020,3262.82,,0
PHL,Philippines,IP.JRN.ARTC.SC,Scientific and technical journal articles,2019,3379.76,,0
PHL,Philippines,IP.JRN.ARTC.SC,Scientific and technical journal articles,2018,2121.3,,0
PHL,Philippines,IP.JRN.ARTC.SC,Scientific and technical journal articles,2017,1992.04,,0
PHL,Philippines,IP.JRN.ARTC.SC,Scientific and technical journal articles,2016,1654.64,,0
PHL,Philippines,IP.JRN.ARTC.SC,Scientific and technical journal articles,2015,1365.11,,0
PHL,Philippines,IP.JRN.ARTC.SC,Scientific and technical journal articles,2014,1038.82,,0
PHL,Philippines,IP.JRN.ARTC.SC,Scientific and technical journal articles,2013,935.46,,0
PHL,Philippines,IP.JRN.ARTC.SC,Scientific and technical journal articles,2012,820.31,,0
PHL,Philippines,IP.JRN.ARTC.SC,Scientific and technical journal articles,2011,878.82,,0
PHL,Philippines,IP.JRN.ARTC.SC,Scientific and technical journal articles,2010,679.82,,0
PHL,Philippines,IP.JRN.ARTC.SC,Scientific and technical journal articles,2009,595.33,,0
PHL,Philippines,IP.JRN.ARTC.SC,Scientific and technical journal articles,2008,545.02,,0
PHL,Philippines,IP.JRN.ARTC.SC,Scientific and technical journal articles,2007,492.66,,0
PHL,Philippines,IP.JRN.ARTC.SC,Scientific and technical journal articles,2006,445.82,,0
PHL,Philippines,IP.JRN.ARTC.SC,Scientific and technical journal articles,2005,457.51,,0
PHL,Philippines,IP.JRN.ARTC.SC,Scientific and technical journal articles,2004,389.09,,0
PHL,Philippines,IP.JRN.ARTC.SC,Scientific and technical journal articles,2003,375.35,,0
PHL,Philippines,IP.JRN.ARTC.SC,Scientific and technical journal articles,2002,407.82,,0
PHL,Philippines,IP.JRN.ARTC.SC,Scientific and technical journal articles,2001,304.03,,0
PHL,Philippines,IP.JRN.ARTC.SC,Scientific and technical journal articles,2000,345.72,,0
PHL,Philippines,IP.JRN.ARTC.SC,Scientific and technical journal articles,1999,281.43,,0
PHL,Philippines,IP.JRN.ARTC.SC,Scientific and technical journal articles,1998,302.08,,0
PHL,Philippines,IP.JRN.ARTC.SC,Scientific and technical journal articles,1997,298.25,,0
PHL,Philippines,IP.JRN.ARTC.SC,Scientific and technical journal articles,1996,264.21,,0
POL,Poland,IP.JRN.ARTC.SC,Scientific and technical journal articles,2022,37368.15,,0
POL,Poland,IP.JRN.ARTC.SC,Scientific and technical journal articles,2021,41280.7,,0
POL,Poland,IP.JRN.ARTC.SC,Scientific and technical journal articles,2020,38445.19,,0
POL,Poland,IP.JRN.ARTC.SC,Scientific and technical journal articles,2019,36493.83,,0
POL,Poland,IP.JRN.ARTC.SC,Scientific and technical journal articles,2018,35457.24,,0
POL,Poland,IP.JRN.ARTC.SC,Scientific and technical journal articles,2017,33886.6,,0
POL,Poland,IP.JRN.ARTC.SC,Scientific and technical journal articles,2016,34267.43,,0
POL,Poland,IP.JRN.ARTC.SC,Scientific and technical journal articles,2015,32723.75,,0
POL,Poland,IP.JRN.ARTC.SC,Scientific and technical journal articles,2014,31104.41,,0
POL,Poland,IP.JRN.ARTC.SC,Scientific and technical journal articles,2013,29634.94,,0
POL,Poland,IP.JRN.ARTC.SC,Scientific and technical journal articles,2012,27711.05,,0
POL,Poland,IP.JRN.ARTC.SC,Scientific and technical journal articles,2011,25612.69,,0
POL,Poland,IP.JRN.ARTC.SC,Scientific and technical journal articles,2010,24723.17,,0
POL,Poland,IP.JRN.ARTC.SC,Scientific and technical journal articles,2009,23783.14,,0
POL,Poland,IP.JRN.ARTC.SC,Scientific and technical journal articles,2008,23900.02,,0
POL,Poland,IP.JRN.ARTC.SC,Scientific and technical journal articles,2007,22093.36,,0
POL,Poland,IP.JRN.ARTC.SC,Scientific and technical journal articles,2006,22224.04,,0
POL,Poland,IP.JRN.ARTC.SC,Scientific and technical journal articles,2005,20405.04,,0
POL,Poland,IP.JRN.ARTC.SC,Scientific and technical journal articles,2004,18896.41,,0
POL,Poland,IP.JRN.ARTC.SC,Scientific and technical journal articles,2003,16749.52,,0
POL,Poland,IP.JRN.ARTC.SC,Scientific and technical journal articles,2002,15613.41,,0
POL,Poland,IP.JRN.ARTC.SC,Scientific and technical journal articles,2001,14359.62,,0
POL,Poland,IP.JRN.ARTC.SC,Scientific and technical journal articles,2000,12984.35,,0
POL,Poland,IP.JRN.ARTC.SC,Scientific and technical journal articles,1999,11933.1,,0
POL,Poland,IP.JRN.ARTC.SC,Scientific and technical journal articles,1998,11369.23,,0
POL,Poland,IP.JRN.ARTC.SC,Scientific and technical journal articles,1997,11075.57,,0
POL,Poland,IP.JRN.ARTC.SC,Scientific and technical journal articles,1996,11065.53,,0
PRT,Portugal,IP.JRN.ARTC.SC,Scientific and technical journal articles,2022,19622.76,,0
PRT,Portugal,IP.JRN.ARTC.SC,Scientific and technical journal articles,2021,19600.42,,0
PRT,Portugal,IP.JRN.ARTC.SC,Scientific and technical journal articles,2020,17269.64,,0
PRT,Portugal,IP.JRN.ARTC.SC,Scientific and technical journal articles,2019,16534.56,,0
PRT,Portugal,IP.JRN.ARTC.SC,Scientific and technical journal articles,2018,14906.3,,0
PRT,Portugal,IP.JRN.ARTC.SC,Scientific and technical journal articles,2017,14405.2,,0
PRT,Portugal,IP.JRN.ARTC.SC,Scientific and technical journal articles,2016,14398.94,,0
PRT,Portugal,IP.JRN.ARTC.SC,Scientific and technical journal articles,2015,14810.29,,0
PRT,Portugal,IP.JRN.ARTC.SC,Scientific and technical journal articles,2014,14438.03,,0
PRT,Portugal,IP.JRN.ARTC.SC,Scientific and technical journal articles,2013,13889.26,,0
PRT,Portugal,IP.JRN.ARTC.SC,Scientific and technical journal articles,2012,13001.8,,0
PRT,Portugal,IP.JRN.ARTC.SC,Scientific and technical journal articles,2011,11915.85,,0
PRT,Portugal,IP.JRN.ARTC.SC,Scientific and technical journal articles,2010,10632.46,,0
PRT,Portugal,IP.JRN.ARTC.SC,Scientific and technical journal articles,2009,9560.16,,0
PRT,Portugal,IP.JRN.ARTC.SC,Scientific and technical journal articles,2008,8752.22,,0
PRT,Portugal,IP.JRN.ARTC.SC,Scientific and technical journal articles,2007,7678.64,,0
PRT,Portugal,IP.JRN.ARTC.SC,Scientific and technical journal articles,2006,7264.79,,0
PRT,Portugal,IP.JRN.ARTC.SC,Scientific and technical journal articles,2005,5961.16,,0
PRT,Portugal,IP.JRN.ARTC.SC,Scientific and technical journal articles,2004,5230.92,,0
PRT,Portugal,IP.JRN.ARTC.SC,Scientific and technical journal articles,2003,4672.02,,0
PRT,Portugal,IP.JRN.ARTC.SC,Scientific and technical journal articles,2002,4058.67,,0
PRT,Portugal,IP.JRN.ARTC.SC,Scientific and technical journal articles,2001,3822.28,,0
PRT,Portugal,IP.JRN.ARTC.SC,Scientific and technical journal articles,2000,3328.54,,0
PRT,Portugal,IP.JRN.ARTC.SC,Scientific and technical journal articles,1999,3129.07,,0
PRT,Portugal,IP.JRN.ARTC.SC,Scientific and technical journal articles,1998,2840.16,,0
PRT,Portugal,IP.JRN.ARTC.SC,Scientific and technical journal articles,1997,2619.11,,0
PRT,Portugal,IP.JRN.ARTC.SC,Scientific and technical journal articles,1996,2210.65,,0
PRI,Puerto Rico (US),IP.JRN.ARTC.SC,Scientific and technical journal articles,2022,569.66,,0
PRI,Puerto Rico (US),IP.JRN.ARTC.SC,Scientific and technical journal articles,2021,569.71,,0
PRI,Puerto Rico (US),IP.JRN.ARTC.SC,Scientific and technical journal articles,2020,587.91,,0
PRI,Puerto Rico (US),IP.JRN.ARTC.SC,Scientific and technical journal articles,2019,573.61,,0
PRI,Puerto Rico (US),IP.JRN.ARTC.SC,Scientific and technical journal articles,2018,563.96,,0
PRI,Puerto Rico (US),IP.JRN.ARTC.SC,Scientific and technical journal articles,2017,578.41,,0
PRI,Puerto Rico (US),IP.JRN.ARTC.SC,Scientific and technical journal articles,2016,608.88,,0
PRI,Puerto Rico (US),IP.JRN.ARTC.SC,Scientific and technical journal articles,2015,587.27,,0
PRI,Puerto Rico (US),IP.JRN.ARTC.SC,Scientific and technical journal articles,2014,607.11,,0
PRI,Puerto Rico (US),IP.JRN.ARTC.SC,Scientific and technical journal articles,2013,581.84,,0
PRI,Puerto Rico (US),IP.JRN.ARTC.SC,Scientific and technical journal articles,2012,629.06,,0
PRI,Puerto Rico (US),IP.JRN.ARTC.SC,Scientific and technical journal articles,2011,626.03,,0
PRI,Puerto Rico (US),IP.JRN.ARTC.SC,Scientific and technical journal articles,2010,714.7,,0
PRI,Puerto Rico (US),IP.JRN.ARTC.SC,Scientific and technical journal articles,2009,651.56,,0
PRI,Puerto Rico (US),IP.JRN.ARTC.SC,Scientific and technical journal articles,2008,694.03,,0
PRI,Puerto Rico (US),IP.JRN.ARTC.SC,Scientific and technical journal articles,2007,680.45,,0
PRI,Puerto Rico (US),IP.JRN.ARTC.SC,Scientific and technical journal articles,2006,702.95,,0
PRI,Puerto Rico (US),IP.JRN.ARTC.SC,Scientific and technical journal articles,2005,568.93,,0
PRI,Puerto Rico (US),IP.JRN.ARTC.SC,Scientific and technical journal articles,2004,515.31,,0
PRI,Puerto Rico (US),IP.JRN.ARTC.SC,Scientific and technical journal articles,2003,544.78,,0
PRI,Puerto Rico (US),IP.JRN.ARTC.SC,Scientific and technical journal articles,2002,431.7,,0
PRI,Puerto Rico (US),IP.JRN.ARTC.SC,Scientific and technical journal articles,2001,412.04,,0
PRI,Puerto Rico (US),IP.JRN.ARTC.SC,Scientific and technical journal articles,2000,384.14,,0
PRI,Puerto Rico (US),IP.JRN.ARTC.SC,Scientific and technical journal articles,1999,397.75,,0
PRI,Puerto Rico (US),IP.JRN.ARTC.SC,Scientific and technical journal articles,1998,429.68,,0
PRI,Puerto Rico (US),IP.JRN.ARTC.SC,Scientific and technical journal articles,1997,451.09,,0
PRI,Puerto Rico (US),IP.JRN.ARTC.SC,Scientific and technical journal articles,1996,416.61,,0
QAT,Qatar,IP.JRN.ARTC.SC,Scientific and technical journal articles,2022,2649.64,,0
QAT,Qatar,IP.JRN.ARTC.SC,Scientific and technical journal articles,2021,2655.23,,0
QAT,Qatar,IP.JRN.ARTC.SC,Scientific and technical journal articles,2020,2333.06,,0
QAT,Qatar,IP.JRN.ARTC.SC,Scientific and technical journal articles,2019,1838.24,,0
QAT,Qatar,IP.JRN.ARTC.SC,Scientific and technical journal articles,2018,1555.68,,0
QAT,Qatar,IP.JRN.ARTC.SC,Scientific and technical journal articles,2017,1424.46,,0
QAT,Qatar,IP.JRN.ARTC.SC,Scientific and technical journal articles,2016,1437.58,,0
QAT,Qatar,IP.JRN.ARTC.SC,Scientific and technical journal articles,2015,1192.34,,0
QAT,Qatar,IP.JRN.ARTC.SC,Scientific and technical journal articles,2014,1120.5,,0
QAT,Qatar,IP.JRN.ARTC.SC,Scientific and technical journal articles,2013,798.6,,0
QAT,Qatar,IP.JRN.ARTC.SC,Scientific and technical journal articles,2012,610.64,,0
QAT,Qatar,IP.JRN.ARTC.SC,Scientific and technical journal articles,2011,459.57,,0
QAT,Qatar,IP.JRN.ARTC.SC,Scientific and technical journal articles,2010,400.2,,0
QAT,Qatar,IP.JRN.ARTC.SC,Scientific and technical journal articles,2009,323.5,,0
QAT,Qatar,IP.JRN.ARTC.SC,Scientific and technical journal articles,2008,296.22,,0
QAT,Qatar,IP.JRN.ARTC.SC,Scientific and technical journal articles,2007,219.37,,0
QAT,Qatar,IP.JRN.ARTC.SC,Scientific and technical journal articles,2006,190.37,,0
QAT,Qatar,IP.JRN.ARTC.SC,Scientific and technical journal articles,2005,164.89,,0
QAT,Qatar,IP.JRN.ARTC.SC,Scientific and technical journal articles,2004,136.67,,0
QAT,Qatar,IP.JRN.ARTC.SC,Scientific and technical journal articles,2003,106.83,,0
QAT,Qatar,IP.JRN.ARTC.SC,Scientific and technical journal articles,2002,89.35,,0
QAT,Qatar,IP.JRN.ARTC.SC,Scientific and technical journal articles,2001,75.39,,0
QAT,Qatar,IP.JRN.ARTC.SC,Scientific and technical journal articles,2000,44.06,,0
QAT,Qatar,IP.JRN.ARTC.SC,Scientific and technical journal articles,1999,44.13,,0
QAT,Qatar,IP.JRN.ARTC.SC,Scientific and technical journal articles,1998,54.33,,0
QAT,Qatar,IP.JRN.ARTC.SC,Scientific and technical journal articles,1997,44.04,,0
QAT,Qatar,IP.JRN.ARTC.SC,Scientific and technical journal articles,1996,45.52,,0
ROU,Romania,IP.JRN.ARTC.SC,Scientific and technical journal articles,2022,11669.69,,0
ROU,Romania,IP.JRN.ARTC.SC,Scientific and technical journal articles,2021,12021.69,,0
ROU,Romania,IP.JRN.ARTC.SC,Scientific and technical journal articles,2020,10334.95,,0
ROU,Romania,IP.JRN.ARTC.SC,Scientific and technical journal articles,2019,10705.93,,0
ROU,Romania,IP.JRN.ARTC.SC,Scientific and technical journal articles,2018,9295.6,,0
ROU,Romania,IP.JRN.ARTC.SC,Scientific and technical journal articles,2017,9734.81,,0
ROU,Romania,IP.JRN.ARTC.SC,Scientific and technical journal articles,2016,9456.26,,0
ROU,Romania,IP.JRN.ARTC.SC,Scientific and technical journal articles,2015,10357.99,,0
ROU,Romania,IP.JRN.ARTC.SC,Scientific and technical journal articles,2014,9746.12,,0
ROU,Romania,IP.JRN.ARTC.SC,Scientific and technical journal articles,2013,9740.94,,0
ROU,Romania,IP.JRN.ARTC.SC,Scientific and technical journal articles,2012,9844.05,,0
ROU,Romania,IP.JRN.ARTC.SC,Scientific and technical journal articles,2011,9663.13,,0
ROU,Romania,IP.JRN.ARTC.SC,Scientific and technical journal articles,2010,9877.38,,0
ROU,Romania,IP.JRN.ARTC.SC,Scientific and technical journal articles,2009,8722.51,,0
ROU,Romania,IP.JRN.ARTC.SC,Scientific and technical journal articles,2008,6995.64,,0
ROU,Romania,IP.JRN.ARTC.SC,Scientific and technical journal articles,2007,4987.51,,0
ROU,Romania,IP.JRN.ARTC.SC,Scientific and technical journal articles,2006,3642.27,,0
ROU,Romania,IP.JRN.ARTC.SC,Scientific and technical journal articles,2005,3323.06,,0
ROU,Romania,IP.JRN.ARTC.SC,Scientific and technical journal articles,2004,2691.68,,0
ROU,Romania,IP.JRN.ARTC.SC,Scientific and technical journal articles,2003,2516.91,,0
ROU,Romania,IP.JRN.ARTC.SC,Scientific and technical journal articles,2002,2320.07,,0
ROU,Romania,IP.JRN.ARTC.SC,Scientific and technical journal articles,2001,2281.16,,0
ROU,Romania,IP.JRN.ARTC.SC,Scientific and technical journal articles,2000,2269.76,,0
ROU,Romania,IP.JRN.ARTC.SC,Scientific and technical journal articles,1999,2070.08,,0
ROU,Romania,IP.JRN.ARTC.SC,Scientific and technical journal articles,1998,2138.49,,0
ROU,Romania,IP.JRN.ARTC.SC,Scientific and technical journal articles,1997,2040.62,,0
ROU,Romania,IP.JRN.ARTC.SC,Scientific and technical journal articles,1996,1763.94,,0
RUS,Russian Federation,IP.JRN.ARTC.SC,Scientific and technical journal articles,2022,84251.73,,0
RUS,Russian Federation,IP.JRN.ARTC.SC,Scientific and technical journal articles,2021,100841.94,,0
RUS,Russian Federation,IP.JRN.ARTC.SC,Scientific and technical journal articles,2020,94909.93,,0
RUS,Russian Federation,IP.JRN.ARTC.SC,Scientific and technical journal articles,2019,90819.89,,0
RUS,Russian Federation,IP.JRN.ARTC.SC,Scientific and technical journal articles,2018,77629.6,,0
RUS,Russian Federation,IP.JRN.ARTC.SC,Scientific and technical journal articles,2017,68641.1,,0
RUS,Russian Federation,IP.JRN.ARTC.SC,Scientific and technical journal articles,2016,61137.3,,0
RUS,Russian Federation,IP.JRN.ARTC.SC,Scientific and technical journal articles,2015,51956.58,,0
RUS,Russian Federation,IP.JRN.ARTC.SC,Scientific and technical journal articles,2014,44778.75,,0
RUS,Russian Federation,IP.JRN.ARTC.SC,Scientific and technical journal articles,2013,38952.94,,0
RUS,Russian Federation,IP.JRN.ARTC.SC,Scientific and technical journal articles,2012,36531.93,,0
RUS,Russian Federation,IP.JRN.ARTC.SC,Scientific and technical journal articles,2011,36397.08,,0
RUS,Russian Federation,IP.JRN.ARTC.SC,Scientific and technical journal articles,2010,34294.25,,0
RUS,Russian Federation,IP.JRN.ARTC.SC,Scientific and technical journal articles,2009,33541.86,,0
RUS,Russian Federation,IP.JRN.ARTC.SC,Scientific and technical journal articles,2008,32732.4,,0
RUS,Russian Federation,IP.JRN.ARTC.SC,Scientific and technical journal articles,2007,30957.09,,0
RUS,Russian Federation,IP.JRN.ARTC.SC,Scientific and technical journal articles,2006,30269.91,,0
RUS,Russian Federation,IP.JRN.ARTC.SC,Scientific and technical journal articles,2005,34561.84,,0
RUS,Russian Federation,IP.JRN.ARTC.SC,Scientific and technical journal articles,2004,35079.43,,0
RUS,Russian Federation,IP.JRN.ARTC.SC,Scientific and technical journal articles,2003,34851.82,,0
RUS,Russian Federation,IP.JRN.ARTC.SC,Scientific and technical journal articles,2002,36335.6,,0
RUS,Russian Federation,IP.JRN.ARTC.SC,Scientific and technical journal articles,2001,36554.8,,0
RUS,Russian Federation,IP.JRN.ARTC.SC,Scientific and technical journal articles,2000,32706.64,,0
RUS,Russian Federation,IP.JRN.ARTC.SC,Scientific and technical journal articles,1999,32578.24,,0
RUS,Russian Federation,IP.JRN.ARTC.SC,Scientific and technical journal articles,1998,34621.11,,0
RUS,Russian Federation,IP.JRN.ARTC.SC,Scientific and technical journal articles,1997,33775.49,,0
RUS,Russian Federation,IP.JRN.ARTC.SC,Scientific and technical journal articles,1996,34671.81,,0
RWA,Rwanda,IP.JRN.ARTC.SC,Scientific and technical journal articles,2022,352.94,,0
RWA,Rwanda,IP.JRN.ARTC.SC,Scientific and technical journal articles,2021,328.92,,0
RWA,Rwanda,IP.JRN.ARTC.SC,Scientific and technical journal articles,2020,264.98,,0
RWA,Rwanda,IP.JRN.ARTC.SC,Scientific and technical journal articles,2019,197.72,,0
RWA,Rwanda,IP.JRN.ARTC.SC,Scientific and technical journal articles,2018,173.12,,0
RWA,Rwanda,IP.JRN.ARTC.SC,Scientific and technical journal articles,2017,127.74,,0
RWA,Rwanda,IP.JRN.ARTC.SC,Scientific and technical journal articles,2016,130.22,,0
RWA,Rwanda,IP.JRN.ARTC.SC,Scientific and technical journal articles,2015,102.51,,0
RWA,Rwanda,IP.JRN.ARTC.SC,Scientific and technical journal articles,2014,96.5,,0
RWA,Rwanda,IP.JRN.ARTC.SC,Scientific and technical journal articles,2013,88.22,,0
RWA,Rwanda,IP.JRN.ARTC.SC,Scientific and technical journal articles,2012,53.75,,0
RWA,Rwanda,IP.JRN.ARTC.SC,Scientific and technical journal articles,2011,47.07,,0
RWA,Rwanda,IP.JRN.ARTC.SC,Scientific and technical journal articles,2010,44.95,,0
RWA,Rwanda,IP.JRN.ARTC.SC,Scientific and technical journal articles,2009,34.79,,0
RWA,Rwanda,IP.JRN.ARTC.SC,Scientific and technical journal articles,2008,29.22,,0
RWA,Rwanda,IP.JRN.ARTC.SC,Scientific and technical journal articles,2007,20.51,,0
RWA,Rwanda,IP.JRN.ARTC.SC,Scientific and technical journal articles,2006,19.01,,0
RWA,Rwanda,IP.JRN.ARTC.SC,Scientific and technical journal articles,2005,6.78,,0
RWA,Rwanda,IP.JRN.ARTC.SC,Scientific and technical journal articles,2004,9.13,,0
RWA,Rwanda,IP.JRN.ARTC.SC,Scientific and technical journal articles,2003,7.16,,0
RWA,Rwanda,IP.JRN.ARTC.SC,Scientific and technical journal articles,2002,3.73,,0
RWA,Rwanda,IP.JRN.ARTC.SC,Scientific and technical journal articles,2001,4.14,,0
RWA,Rwanda,IP.JRN.ARTC.SC,Scientific and technical journal articles,2000,3.19,,0
RWA,Rwanda,IP.JRN.ARTC.SC,Scientific and technical journal articles,1999,2.4,,0
RWA,Rwanda,IP.JRN.ARTC.SC,Scientific and technical journal articles,1998,9.42,,0
RWA,Rwanda,IP.JRN.ARTC.SC,Scientific and technical journal articles,1997,8.4,,0
RWA,Rwanda,IP.JRN.ARTC.SC,Scientific and technical journal articles,1996,7.88,,0
WSM,Samoa,IP.JRN.ARTC.SC,Scientific and technical journal articles,2022,16.2,,0
WSM,Samoa,IP.JRN.ARTC.SC,Scientific and technical journal articles,2021,23.76,,0
WSM,Samoa,IP.JRN.ARTC.SC,Scientific and technical journal articles,2020,21.41,,0
WSM,Samoa,IP.JRN.ARTC.SC,Scientific and technical journal articles,2019,8.56,,0
WSM,Samoa,IP.JRN.ARTC.SC,Scientific and technical journal articles,2018,11.8,,0
WSM,Samoa,IP.JRN.ARTC.SC,Scientific and technical journal articles,2017,9.42,,0
WSM,Samoa,IP.JRN.ARTC.SC,Scientific and technical journal articles,2016,7.37,,0
WSM,Samoa,IP.JRN.ARTC.SC,Scientific and technical journal articles,2015,10.17,,0
WSM,Samoa,IP.JRN.ARTC.SC,Scientific and technical journal articles,2014,10.24,,0
WSM,Samoa,IP.JRN.ARTC.SC,Scientific and technical journal articles,2013,4.42,,0
WSM,Samoa,IP.JRN.ARTC.SC,Scientific and technical journal articles,2012,2.51,,0
WSM,Samoa,IP.JRN.ARTC.SC,Scientific and technical journal articles,2011,5.65,,0
WSM,Samoa,IP.JRN.ARTC.SC,Scientific and technical journal articles,2010,5.65,,0
WSM,Samoa,IP.JRN.ARTC.SC,Scientific and technical journal articles,2009,5.38,,0
WSM,Samoa,IP.JRN.ARTC.SC,Scientific and technical journal articles,2008,3.63,,0
WSM,Samoa,IP.JRN.ARTC.SC,Scientific and technical journal articles,2007,4.61,,0
WSM,Samoa,IP.JRN.ARTC.SC,Scientific and technical journal articles,2006,11.88,,0
WSM,Samoa,IP.JRN.ARTC.SC,Scientific and technical journal articles,2005,4.59,,0
WSM,Samoa,IP.JRN.ARTC.SC,Scientific and technical journal articles,2004,4.85,,0
WSM,Samoa,IP.JRN.ARTC.SC,Scientific and technical journal articles,2003,4.82,,0
WSM,Samoa,IP.JRN.ARTC.SC,Scientific and technical journal articles,2002,7.28,,0
WSM,Samoa,IP.JRN.ARTC.SC,Scientific and technical journal articles,2001,7.84,,0
WSM,Samoa,IP.JRN.ARTC.SC,Scientific and technical journal articles,2000,6.67,,0
WSM,Samoa,IP.JRN.ARTC.SC,Scientific and technical journal articles,1999,6.47,,0
WSM,Samoa,IP.JRN.ARTC.SC,Scientific and technical journal articles,1998,4.5,,0
WSM,Samoa,IP.JRN.ARTC.SC,Scientific and technical journal articles,1997,4.45,,0
WSM,Samoa,IP.JRN.ARTC.SC,Scientific and technical journal articles,1996,2.67,,0
SMR,San Marino,IP.JRN.ARTC.SC,Scientific and technical journal articles,2022,19.12,,0
SMR,San Marino,IP.JRN.ARTC.SC,Scientific and technical journal articles,2021,16.1,,0
SMR,San Marino,IP.JRN.ARTC.SC,Scientific and technical journal articles,2020,10.15,,0
SMR,San Marino,IP.JRN.ARTC.SC,Scientific and technical journal articles,2019,11.96,,0
SMR,San Marino,IP.JRN.ARTC.SC,Scientific and technical journal articles,2018,12.12,,0
SMR,San Marino,IP.JRN.ARTC.SC,Scientific and technical journal articles,2017,14.31,,0
SMR,San Marino,IP.JRN.ARTC.SC,Scientific and technical journal articles,2016,8.56,,0
SMR,San Marino,IP.JRN.ARTC.SC,Scientific and technical journal articles,2015,7.25,,0
SMR,San Marino,IP.JRN.ARTC.SC,Scientific and technical journal articles,2014,4.9,,0
SMR,San Marino,IP.JRN.ARTC.SC,Scientific and technical journal articles,2013,7.03,,0
SMR,San Marino,IP.JRN.ARTC.SC,Scientific and technical journal articles,2012,3.66,,0
SMR,San Marino,IP.JRN.ARTC.SC,Scientific and technical journal articles,2011,2.33,,0
SMR,San Marino,IP.JRN.ARTC.SC,Scientific and technical journal articles,2010,1.3,,0
SMR,San Marino,IP.JRN.ARTC.SC,Scientific and technical journal articles,2009,1.21,,0
SMR,San Marino,IP.JRN.ARTC.SC,Scientific and technical journal articles,2008,3.76,,0
SMR,San Marino,IP.JRN.ARTC.SC,Scientific and technical journal articles,2007,2.42,,0
SMR,San Marino,IP.JRN.ARTC.SC,Scientific and technical journal articles,2006,0.67,,0
SMR,San Marino,IP.JRN.ARTC.SC,Scientific and technical journal articles,2005,1.33,,0
SMR,San Marino,IP.JRN.ARTC.SC,Scientific and technical journal articles,2004,1.58,,0
SMR,San Marino,IP.JRN.ARTC.SC,Scientific and technical journal articles,2003,0.17,,0
SMR,San Marino,IP.JRN.ARTC.SC,Scientific and technical journal articles,2002,0,,0
SMR,San Marino,IP.JRN.ARTC.SC,Scientific and technical journal articles,2001,1.09,,0
SMR,San Marino,IP.JRN.ARTC.SC,Scientific and technical journal articles,2000,1.5,,0
SMR,San Marino,IP.JRN.ARTC.SC,Scientific and technical journal articles,1999,0.08,,0
SMR,San Marino,IP.JRN.ARTC.SC,Scientific and technical journal articles,1998,2.84,,0
SMR,San Marino,IP.JRN.ARTC.SC,Scientific and technical journal articles,1997,0.46,,0
SMR,San Marino,IP.JRN.ARTC.SC,Scientific and technical journal articles,1996,3.03,,0
STP,Sao Tome and Principe,IP.JRN.ARTC.SC,Scientific and technical journal articles,2022,3.8,,0
STP,Sao Tome and Principe,IP.JRN.ARTC.SC,Scientific and technical journal articles,2021,2.96,,0
STP,Sao Tome and Principe,IP.JRN.ARTC.SC,Scientific and technical journal articles,2020,2.78,,0
STP,Sao Tome and Principe,IP.JRN.ARTC.SC,Scientific and technical journal articles,2019,2.37,,0
STP,Sao Tome and Principe,IP.JRN.ARTC.SC,Scientific and technical journal articles,2018,0.86,,0
STP,Sao Tome and Principe,IP.JRN.ARTC.SC,Scientific and technical journal articles,2017,0.88,,0
STP,Sao Tome and Principe,IP.JRN.ARTC.SC,Scientific and technical journal articles,2016,1.12,,0
STP,Sao Tome and Principe,IP.JRN.ARTC.SC,Scientific and technical journal articles,2015,1.42,,0
STP,Sao Tome and Principe,IP.JRN.ARTC.SC,Scientific and technical journal articles,2014,1.24,,0
STP,Sao Tome and Principe,IP.JRN.ARTC.SC,Scientific and technical journal articles,2013,0.16,,0
STP,Sao Tome and Principe,IP.JRN.ARTC.SC,Scientific and technical journal articles,2012,0.52,,0
STP,Sao Tome and Principe,IP.JRN.ARTC.SC,Scientific and technical journal articles,2011,0,,0
STP,Sao Tome and Principe,IP.JRN.ARTC.SC,Scientific and technical journal articles,2010,2.23,,0
STP,Sao Tome and Principe,IP.JRN.ARTC.SC,Scientific and technical journal articles,2009,1.78,,0
STP,Sao Tome and Principe,IP.JRN.ARTC.SC,Scientific and technical journal articles,2008,0,,0
STP,Sao Tome and Principe,IP.JRN.ARTC.SC,Scientific and technical journal articles,2007,1.31,,0
STP,Sao Tome and Principe,IP.JRN.ARTC.SC,Scientific and technical journal articles,2006,0.97,,0
STP,Sao Tome and Principe,IP.JRN.ARTC.SC,Scientific and technical journal articles,2005,0.25,,0
STP,Sao Tome and Principe,IP.JRN.ARTC.SC,Scientific and technical journal articles,2004,0.58,,0
STP,Sao Tome and Principe,IP.JRN.ARTC.SC,Scientific and technical journal articles,2003,1.77,,0
STP,Sao Tome and Principe,IP.JRN.ARTC.SC,Scientific and technical journal articles,2002,0.78,,0
STP,Sao Tome and Principe,IP.JRN.ARTC.SC,Scientific and technical journal articles,2001,0.83,,0
STP,Sao Tome and Principe,IP.JRN.ARTC.SC,Scientific and technical journal articles,2000,0.37,,0
STP,Sao Tome and Principe,IP.JRN.ARTC.SC,Scientific and technical journal articles,1999,0,,0
STP,Sao Tome and Principe,IP.JRN.ARTC.SC,Scientific and technical journal articles,1998,0.05,,0
STP,Sao Tome and Principe,IP.JRN.ARTC.SC,Scientific and technical journal articles,1997,1,,0
STP,Sao Tome and Principe,IP.JRN.ARTC.SC,Scientific and technical journal articles,1996,1.67,,0
SAU,Saudi Arabia,IP.JRN.ARTC.SC,Scientific and technical journal articles,2022,25825.3,,0
SAU,Saudi Arabia,IP.JRN.ARTC.SC,Scientific and technical journal articles,2021,21610.2,,0
SAU,Saudi Arabia,IP.JRN.ARTC.SC,Scientific and technical journal articles,2020,17012.12,,0
SAU,Saudi Arabia,IP.JRN.ARTC.SC,Scientific and technical journal articles,2019,13007.68,,0
SAU,Saudi Arabia,IP.JRN.ARTC.SC,Scientific and technical journal articles,2018,10745.38,,0
SAU,Saudi Arabia,IP.JRN.ARTC.SC,Scientific and technical journal articles,2017,9944.06,,0
SAU,Saudi Arabia,IP.JRN.ARTC.SC,Scientific and technical journal articles,2016,9340.69,,0
SAU,Saudi Arabia,IP.JRN.ARTC.SC,Scientific and technical journal articles,2015,8838.53,,0
SAU,Saudi Arabia,IP.JRN.ARTC.SC,Scientific and technical journal articles,2014,8119.83,,0
SAU,Saudi Arabia,IP.JRN.ARTC.SC,Scientific and technical journal articles,2013,7117.79,,0
SAU,Saudi Arabia,IP.JRN.ARTC.SC,Scientific and technical journal articles,2012,5832.1,,0
SAU,Saudi Arabia,IP.JRN.ARTC.SC,Scientific and technical journal articles,2011,4831.03,,0
SAU,Saudi Arabia,IP.JRN.ARTC.SC,Scientific and technical journal articles,2010,3626.81,,0
SAU,Saudi Arabia,IP.JRN.ARTC.SC,Scientific and technical journal articles,2009,2883.94,,0
SAU,Saudi Arabia,IP.JRN.ARTC.SC,Scientific and technical journal articles,2008,2265.61,,0
SAU,Saudi Arabia,IP.JRN.ARTC.SC,Scientific and technical journal articles,2007,2053.72,,0
SAU,Saudi Arabia,IP.JRN.ARTC.SC,Scientific and technical journal articles,2006,1914.28,,0
SAU,Saudi Arabia,IP.JRN.ARTC.SC,Scientific and technical journal articles,2005,1799.39,,0
SAU,Saudi Arabia,IP.JRN.ARTC.SC,Scientific and technical journal articles,2004,1773.82,,0
SAU,Saudi Arabia,IP.JRN.ARTC.SC,Scientific and technical journal articles,2003,1778.5,,0
SAU,Saudi Arabia,IP.JRN.ARTC.SC,Scientific and technical journal articles,2002,1640.28,,0
SAU,Saudi Arabia,IP.JRN.ARTC.SC,Scientific and technical journal articles,2001,1584.38,,0
SAU,Saudi Arabia,IP.JRN.ARTC.SC,Scientific and technical journal articles,2000,1595.72,,0
SAU,Saudi Arabia,IP.JRN.ARTC.SC,Scientific and technical journal articles,1999,1554.64,,0
SAU,Saudi Arabia,IP.JRN.ARTC.SC,Scientific and technical journal articles,1998,1709.29,,0
SAU,Saudi Arabia,IP.JRN.ARTC.SC,Scientific and technical journal articles,1997,1697.16,,0
SAU,Saudi Arabia,IP.JRN.ARTC.SC,Scientific and technical journal articles,1996,1660.42,,0
SEN,Senegal,IP.JRN.ARTC.SC,Scientific and technical journal articles,2022,450.9,,0
SEN,Senegal,IP.JRN.ARTC.SC,Scientific and technical journal articles,2021,421.32,,0
SEN,Senegal,IP.JRN.ARTC.SC,Scientific and technical journal articles,2020,413.42,,0
SEN,Senegal,IP.JRN.ARTC.SC,Scientific and technical journal articles,2019,377.31,,0
SEN,Senegal,IP.JRN.ARTC.SC,Scientific and technical journal articles,2018,384.95,,0
SEN,Senegal,IP.JRN.ARTC.SC,Scientific and technical journal articles,2017,339.19,,0
SEN,Senegal,IP.JRN.ARTC.SC,Scientific and technical journal articles,2016,333.11,,0
SEN,Senegal,IP.JRN.ARTC.SC,Scientific and technical journal articles,2015,328.18,,0
SEN,Senegal,IP.JRN.ARTC.SC,Scientific and technical journal articles,2014,296.3,,0
SEN,Senegal,IP.JRN.ARTC.SC,Scientific and technical journal articles,2013,275.66,,0
SEN,Senegal,IP.JRN.ARTC.SC,Scientific and technical journal articles,2012,260.75,,0
SEN,Senegal,IP.JRN.ARTC.SC,Scientific and technical journal articles,2011,261.02,,0
SEN,Senegal,IP.JRN.ARTC.SC,Scientific and technical journal articles,2010,189.46,,0
SEN,Senegal,IP.JRN.ARTC.SC,Scientific and technical journal articles,2009,179.1,,0
SEN,Senegal,IP.JRN.ARTC.SC,Scientific and technical journal articles,2008,208.91,,0
SEN,Senegal,IP.JRN.ARTC.SC,Scientific and technical journal articles,2007,207.76,,0
SEN,Senegal,IP.JRN.ARTC.SC,Scientific and technical journal articles,2006,168.2,,0
SEN,Senegal,IP.JRN.ARTC.SC,Scientific and technical journal articles,2005,202.96,,0
SEN,Senegal,IP.JRN.ARTC.SC,Scientific and technical journal articles,2004,169.83,,0
SEN,Senegal,IP.JRN.ARTC.SC,Scientific and technical journal articles,2003,206.16,,0
SEN,Senegal,IP.JRN.ARTC.SC,Scientific and technical journal articles,2002,164.22,,0
SEN,Senegal,IP.JRN.ARTC.SC,Scientific and technical journal articles,2001,149.31,,0
SEN,Senegal,IP.JRN.ARTC.SC,Scientific and technical journal articles,2000,145.79,,0
SEN,Senegal,IP.JRN.ARTC.SC,Scientific and technical journal articles,1999,183.89,,0
SEN,Senegal,IP.JRN.ARTC.SC,Scientific and technical journal articles,1998,171.65,,0
SEN,Senegal,IP.JRN.ARTC.SC,Scientific and technical journal articles,1997,154.89,,0
SEN,Senegal,IP.JRN.ARTC.SC,Scientific and technical journal articles,1996,154.33,,0
SRB,Serbia,IP.JRN.ARTC.SC,Scientific and technical journal articles,2022,5379.47,,0
SRB,Serbia,IP.JRN.ARTC.SC,Scientific and technical journal articles,2021,5275.05,,0
SRB,Serbia,IP.JRN.ARTC.SC,Scientific and technical journal articles,2020,4736.72,,0
SRB,Serbia,IP.JRN.ARTC.SC,Scientific and technical journal articles,2019,5062.2,,0
SRB,Serbia,IP.JRN.ARTC.SC,Scientific and technical journal articles,2018,4837.37,,0
SRB,Serbia,IP.JRN.ARTC.SC,Scientific and technical journal articles,2017,4918.08,,0
SRB,Serbia,IP.JRN.ARTC.SC,Scientific and technical journal articles,2016,5030.89,,0
SRB,Serbia,IP.JRN.ARTC.SC,Scientific and technical journal articles,2015,4895.14,,0
SRB,Serbia,IP.JRN.ARTC.SC,Scientific and technical journal articles,2014,5069.3,,0
SRB,Serbia,IP.JRN.ARTC.SC,Scientific and technical journal articles,2013,5274.97,,0
SRB,Serbia,IP.JRN.ARTC.SC,Scientific and technical journal articles,2012,5912.23,,0
SRB,Serbia,IP.JRN.ARTC.SC,Scientific and technical journal articles,2011,4820,,0
SRB,Serbia,IP.JRN.ARTC.SC,Scientific and technical journal articles,2010,4072.49,,0
SRB,Serbia,IP.JRN.ARTC.SC,Scientific and technical journal articles,2009,3735.46,,0
SRB,Serbia,IP.JRN.ARTC.SC,Scientific and technical journal articles,2008,3116.55,,0
SRB,Serbia,IP.JRN.ARTC.SC,Scientific and technical journal articles,2007,2990.22,,0
SRB,Serbia,IP.JRN.ARTC.SC,Scientific and technical journal articles,2006,0,,0
SRB,Serbia,IP.JRN.ARTC.SC,Scientific and technical journal articles,2005,0,,0
SRB,Serbia,IP.JRN.ARTC.SC,Scientific and technical journal articles,2004,0,,0
SRB,Serbia,IP.JRN.ARTC.SC,Scientific and technical journal articles,2003,0,,0
SRB,Serbia,IP.JRN.ARTC.SC,Scientific and technical journal articles,2002,0,,0
SRB,Serbia,IP.JRN.ARTC.SC,Scientific and technical journal articles,2001,0,,0
SRB,Serbia,IP.JRN.ARTC.SC,Scientific and technical journal articles,2000,0,,0
SRB,Serbia,IP.JRN.ARTC.SC,Scientific and technical journal articles,1999,0,,0
SRB,Serbia,IP.JRN.ARTC.SC,Scientific and technical journal articles,1998,0,,0
SRB,Serbia,IP.JRN.ARTC.SC,Scientific and technical journal articles,1997,0,,0
SRB,Serbia,IP.JRN.ARTC.SC,Scientific and technical journal articles,1996,0,,0
SYC,Seychelles,IP.JRN.ARTC.SC,Scientific and technical journal articles,2022,20.24,,0
SYC,Seychelles,IP.JRN.ARTC.SC,Scientific and technical journal articles,2021,21.79,,0
SYC,Seychelles,IP.JRN.ARTC.SC,Scientific and technical journal articles,2020,30.3,,0
SYC,Seychelles,IP.JRN.ARTC.SC,Scientific and technical journal articles,2019,11.12,,0
SYC,Seychelles,IP.JRN.ARTC.SC,Scientific and technical journal articles,2018,11.02,,0
SYC,Seychelles,IP.JRN.ARTC.SC,Scientific and technical journal articles,2017,11.95,,0
SYC,Seychelles,IP.JRN.ARTC.SC,Scientific and technical journal articles,2016,12.2,,0
SYC,Seychelles,IP.JRN.ARTC.SC,Scientific and technical journal articles,2015,19.11,,0
SYC,Seychelles,IP.JRN.ARTC.SC,Scientific and technical journal articles,2014,9.64,,0
SYC,Seychelles,IP.JRN.ARTC.SC,Scientific and technical journal articles,2013,16.91,,0
SYC,Seychelles,IP.JRN.ARTC.SC,Scientific and technical journal articles,2012,10,,0
SYC,Seychelles,IP.JRN.ARTC.SC,Scientific and technical journal articles,2011,9.7,,0
SYC,Seychelles,IP.JRN.ARTC.SC,Scientific and technical journal articles,2010,12.83,,0
SYC,Seychelles,IP.JRN.ARTC.SC,Scientific and technical journal articles,2009,6.56,,0
SYC,Seychelles,IP.JRN.ARTC.SC,Scientific and technical journal articles,2008,10.65,,0
SYC,Seychelles,IP.JRN.ARTC.SC,Scientific and technical journal articles,2007,12.34,,0
SYC,Seychelles,IP.JRN.ARTC.SC,Scientific and technical journal articles,2006,8.76,,0
SYC,Seychelles,IP.JRN.ARTC.SC,Scientific and technical journal articles,2005,4.91,,0
SYC,Seychelles,IP.JRN.ARTC.SC,Scientific and technical journal articles,2004,5.04,,0
SYC,Seychelles,IP.JRN.ARTC.SC,Scientific and technical journal articles,2003,9.6,,0
SYC,Seychelles,IP.JRN.ARTC.SC,Scientific and technical journal articles,2002,5.92,,0
SYC,Seychelles,IP.JRN.ARTC.SC,Scientific and technical journal articles,2001,3.9,,0
SYC,Seychelles,IP.JRN.ARTC.SC,Scientific and technical journal articles,2000,4.45,,0
SYC,Seychelles,IP.JRN.ARTC.SC,Scientific and technical journal articles,1999,0.68,,0
SYC,Seychelles,IP.JRN.ARTC.SC,Scientific and technical journal articles,1998,5.03,,0
SYC,Seychelles,IP.JRN.ARTC.SC,Scientific and technical journal articles,1997,2.28,,0
SYC,Seychelles,IP.JRN.ARTC.SC,Scientific and technical journal articles,1996,2.5,,0
SLE,Sierra Leone,IP.JRN.ARTC.SC,Scientific and technical journal articles,2022,86.77,,0
SLE,Sierra Leone,IP.JRN.ARTC.SC,Scientific and technical journal articles,2021,78.52,,0
SLE,Sierra Leone,IP.JRN.ARTC.SC,Scientific and technical journal articles,2020,63.9,,0
SLE,Sierra Leone,IP.JRN.ARTC.SC,Scientific and technical journal articles,2019,52.07,,0
SLE,Sierra Leone,IP.JRN.ARTC.SC,Scientific and technical journal articles,2018,41.07,,0
SLE,Sierra Leone,IP.JRN.ARTC.SC,Scientific and technical journal articles,2017,41.74,,0
SLE,Sierra Leone,IP.JRN.ARTC.SC,Scientific and technical journal articles,2016,47.14,,0
SLE,Sierra Leone,IP.JRN.ARTC.SC,Scientific and technical journal articles,2015,32.75,,0
SLE,Sierra Leone,IP.JRN.ARTC.SC,Scientific and technical journal articles,2014,20.18,,0
SLE,Sierra Leone,IP.JRN.ARTC.SC,Scientific and technical journal articles,2013,14.58,,0
SLE,Sierra Leone,IP.JRN.ARTC.SC,Scientific and technical journal articles,2012,14.65,,0
SLE,Sierra Leone,IP.JRN.ARTC.SC,Scientific and technical journal articles,2011,10.62,,0
SLE,Sierra Leone,IP.JRN.ARTC.SC,Scientific and technical journal articles,2010,12.08,,0
SLE,Sierra Leone,IP.JRN.ARTC.SC,Scientific and technical journal articles,2009,8.96,,0
SLE,Sierra Leone,IP.JRN.ARTC.SC,Scientific and technical journal articles,2008,7.71,,0
SLE,Sierra Leone,IP.JRN.ARTC.SC,Scientific and technical journal articles,2007,4.72,,0
SLE,Sierra Leone,IP.JRN.ARTC.SC,Scientific and technical journal articles,2006,5.46,,0
SLE,Sierra Leone,IP.JRN.ARTC.SC,Scientific and technical journal articles,2005,4.01,,0
SLE,Sierra Leone,IP.JRN.ARTC.SC,Scientific and technical journal articles,2004,5.42,,0
SLE,Sierra Leone,IP.JRN.ARTC.SC,Scientific and technical journal articles,2003,2.81,,0
SLE,Sierra Leone,IP.JRN.ARTC.SC,Scientific and technical journal articles,2002,2.46,,0
SLE,Sierra Leone,IP.JRN.ARTC.SC,Scientific and technical journal articles,2001,4.83,,0
SLE,Sierra Leone,IP.JRN.ARTC.SC,Scientific and technical journal articles,2000,4.51,,0
SLE,Sierra Leone,IP.JRN.ARTC.SC,Scientific and technical journal articles,1999,4.12,,0
SLE,Sierra Leone,IP.JRN.ARTC.SC,Scientific and technical journal articles,1998,12.89,,0
SLE,Sierra Leone,IP.JRN.ARTC.SC,Scientific and technical journal articles,1997,16.51,,0
SLE,Sierra Leone,IP.JRN.ARTC.SC,Scientific and technical journal articles,1996,10.91,,0
SGP,Singapore,IP.JRN.ARTC.SC,Scientific and technical journal articles,2022,12700.34,,0
SGP,Singapore,IP.JRN.ARTC.SC,Scientific and technical journal articles,2021,12611.05,,0
SGP,Singapore,IP.JRN.ARTC.SC,Scientific and technical journal articles,2020,12347.41,,0
SGP,Singapore,IP.JRN.ARTC.SC,Scientific and technical journal articles,2019,12086.28,,0
SGP,Singapore,IP.JRN.ARTC.SC,Scientific and technical journal articles,2018,12072.15,,0
SGP,Singapore,IP.JRN.ARTC.SC,Scientific and technical journal articles,2017,12189.62,,0
SGP,Singapore,IP.JRN.ARTC.SC,Scientific and technical journal articles,2016,12074.78,,0
SGP,Singapore,IP.JRN.ARTC.SC,Scientific and technical journal articles,2015,11536.92,,0
SGP,Singapore,IP.JRN.ARTC.SC,Scientific and technical journal articles,2014,11333.21,,0
SGP,Singapore,IP.JRN.ARTC.SC,Scientific and technical journal articles,2013,11085.5,,0
SGP,Singapore,IP.JRN.ARTC.SC,Scientific and technical journal articles,2012,10823.23,,0
SGP,Singapore,IP.JRN.ARTC.SC,Scientific and technical journal articles,2011,10208.42,,0
SGP,Singapore,IP.JRN.ARTC.SC,Scientific and technical journal articles,2010,9957.9,,0
SGP,Singapore,IP.JRN.ARTC.SC,Scientific and technical journal articles,2009,9004.41,,0
SGP,Singapore,IP.JRN.ARTC.SC,Scientific and technical journal articles,2008,8706.65,,0
SGP,Singapore,IP.JRN.ARTC.SC,Scientific and technical journal articles,2007,8184.89,,0
SGP,Singapore,IP.JRN.ARTC.SC,Scientific and technical journal articles,2006,8422.64,,0
SGP,Singapore,IP.JRN.ARTC.SC,Scientific and technical journal articles,2005,8104.46,,0
SGP,Singapore,IP.JRN.ARTC.SC,Scientific and technical journal articles,2004,7569.13,,0
SGP,Singapore,IP.JRN.ARTC.SC,Scientific and technical journal articles,2003,6216.66,,0
SGP,Singapore,IP.JRN.ARTC.SC,Scientific and technical journal articles,2002,5494.59,,0
SGP,Singapore,IP.JRN.ARTC.SC,Scientific and technical journal articles,2001,4917.06,,0
SGP,Singapore,IP.JRN.ARTC.SC,Scientific and technical journal articles,2000,4812.54,,0
SGP,Singapore,IP.JRN.ARTC.SC,Scientific and technical journal articles,1999,4040.11,,0
SGP,Singapore,IP.JRN.ARTC.SC,Scientific and technical journal articles,1998,3211.31,,0
SGP,Singapore,IP.JRN.ARTC.SC,Scientific and technical journal articles,1997,3168.89,,0
SGP,Singapore,IP.JRN.ARTC.SC,Scientific and technical journal articles,1996,2440.02,,0
SVK,Slovak Republic,IP.JRN.ARTC.SC,Scientific and technical journal articles,2022,5390.39,,0
SVK,Slovak Republic,IP.JRN.ARTC.SC,Scientific and technical journal articles,2021,5844.28,,0
SVK,Slovak Republic,IP.JRN.ARTC.SC,Scientific and technical journal articles,2020,5671.55,,0
SVK,Slovak Republic,IP.JRN.ARTC.SC,Scientific and technical journal articles,2019,5845.98,,0
SVK,Slovak Republic,IP.JRN.ARTC.SC,Scientific and technical journal articles,2018,5237.95,,0
SVK,Slovak Republic,IP.JRN.ARTC.SC,Scientific and technical journal articles,2017,5691.88,,0
SVK,Slovak Republic,IP.JRN.ARTC.SC,Scientific and technical journal articles,2016,5485.35,,0
SVK,Slovak Republic,IP.JRN.ARTC.SC,Scientific and technical journal articles,2015,5066.29,,0
SVK,Slovak Republic,IP.JRN.ARTC.SC,Scientific and technical journal articles,2014,4941,,0
SVK,Slovak Republic,IP.JRN.ARTC.SC,Scientific and technical journal articles,2013,4390.13,,0
SVK,Slovak Republic,IP.JRN.ARTC.SC,Scientific and technical journal articles,2012,4189.34,,0
SVK,Slovak Republic,IP.JRN.ARTC.SC,Scientific and technical journal articles,2011,3824.54,,0
SVK,Slovak Republic,IP.JRN.ARTC.SC,Scientific and technical journal articles,2010,3566.62,,0
SVK,Slovak Republic,IP.JRN.ARTC.SC,Scientific and technical journal articles,2009,3119.94,,0
SVK,Slovak Republic,IP.JRN.ARTC.SC,Scientific and technical journal articles,2008,3317.19,,0
SVK,Slovak Republic,IP.JRN.ARTC.SC,Scientific and technical journal articles,2007,2829.29,,0
SVK,Slovak Republic,IP.JRN.ARTC.SC,Scientific and technical journal articles,2006,2594.59,,0
SVK,Slovak Republic,IP.JRN.ARTC.SC,Scientific and technical journal articles,2005,2502.81,,0
SVK,Slovak Republic,IP.JRN.ARTC.SC,Scientific and technical journal articles,2004,2280.44,,0
SVK,Slovak Republic,IP.JRN.ARTC.SC,Scientific and technical journal articles,2003,2145.43,,0
SVK,Slovak Republic,IP.JRN.ARTC.SC,Scientific and technical journal articles,2002,2095.06,,0
SVK,Slovak Republic,IP.JRN.ARTC.SC,Scientific and technical journal articles,2001,2093.67,,0
SVK,Slovak Republic,IP.JRN.ARTC.SC,Scientific and technical journal articles,2000,2108.08,,0
SVK,Slovak Republic,IP.JRN.ARTC.SC,Scientific and technical journal articles,1999,2028.39,,0
SVK,Slovak Republic,IP.JRN.ARTC.SC,Scientific and technical journal articles,1998,2038.94,,0
SVK,Slovak Republic,IP.JRN.ARTC.SC,Scientific and technical journal articles,1997,1811.65,,0
SVK,Slovak Republic,IP.JRN.ARTC.SC,Scientific and technical journal articles,1996,2064.93,,0
SVN,Slovenia,IP.JRN.ARTC.SC,Scientific and technical journal articles,2022,4073.69,,0
SVN,Slovenia,IP.JRN.ARTC.SC,Scientific and technical journal articles,2021,4471.29,,0
SVN,Slovenia,IP.JRN.ARTC.SC,Scientific and technical journal articles,2020,3964.77,,0
SVN,Slovenia,IP.JRN.ARTC.SC,Scientific and technical journal articles,2019,3765.7,,0
SVN,Slovenia,IP.JRN.ARTC.SC,Scientific and technical journal articles,2018,3390.46,,0
SVN,Slovenia,IP.JRN.ARTC.SC,Scientific and technical journal articles,2017,3502.91,,0
SVN,Slovenia,IP.JRN.ARTC.SC,Scientific and technical journal articles,2016,3440.93,,0
SVN,Slovenia,IP.JRN.ARTC.SC,Scientific and technical journal articles,2015,3602.54,,0
SVN,Slovenia,IP.JRN.ARTC.SC,Scientific and technical journal articles,2014,3516.41,,0
SVN,Slovenia,IP.JRN.ARTC.SC,Scientific and technical journal articles,2013,3573.94,,0
SVN,Slovenia,IP.JRN.ARTC.SC,Scientific and technical journal articles,2012,3561.91,,0
SVN,Slovenia,IP.JRN.ARTC.SC,Scientific and technical journal articles,2011,3661.52,,0
SVN,Slovenia,IP.JRN.ARTC.SC,Scientific and technical journal articles,2010,3230.1,,0
SVN,Slovenia,IP.JRN.ARTC.SC,Scientific and technical journal articles,2009,3231.92,,0
SVN,Slovenia,IP.JRN.ARTC.SC,Scientific and technical journal articles,2008,3048.87,,0
SVN,Slovenia,IP.JRN.ARTC.SC,Scientific and technical journal articles,2007,2750.26,,0
SVN,Slovenia,IP.JRN.ARTC.SC,Scientific and technical journal articles,2006,2387.62,,0
SVN,Slovenia,IP.JRN.ARTC.SC,Scientific and technical journal articles,2005,2363.2,,0
SVN,Slovenia,IP.JRN.ARTC.SC,Scientific and technical journal articles,2004,1935.95,,0
SVN,Slovenia,IP.JRN.ARTC.SC,Scientific and technical journal articles,2003,2165.76,,0
SVN,Slovenia,IP.JRN.ARTC.SC,Scientific and technical journal articles,2002,1806.9,,0
SVN,Slovenia,IP.JRN.ARTC.SC,Scientific and technical journal articles,2001,1679.44,,0
SVN,Slovenia,IP.JRN.ARTC.SC,Scientific and technical journal articles,2000,1717.04,,0
SVN,Slovenia,IP.JRN.ARTC.SC,Scientific and technical journal articles,1999,1425.5,,0
SVN,Slovenia,IP.JRN.ARTC.SC,Scientific and technical journal articles,1998,1232.88,,0
SVN,Slovenia,IP.JRN.ARTC.SC,Scientific and technical journal articles,1997,1236.52,,0
SVN,Slovenia,IP.JRN.ARTC.SC,Scientific and technical journal articles,1996,1109.18,,0
SLB,Solomon Islands,IP.JRN.ARTC.SC,Scientific and technical journal articles,2022,11.06,,0
SLB,Solomon Islands,IP.JRN.ARTC.SC,Scientific and technical journal articles,2021,14.22,,0
SLB,Solomon Islands,IP.JRN.ARTC.SC,Scientific and technical journal articles,2020,15.67,,0
SLB,Solomon Islands,IP.JRN.ARTC.SC,Scientific and technical journal articles,2019,13.43,,0
SLB,Solomon Islands,IP.JRN.ARTC.SC,Scientific and technical journal articles,2018,15.31,,0
SLB,Solomon Islands,IP.JRN.ARTC.SC,Scientific and technical journal articles,2017,10.91,,0
SLB,Solomon Islands,IP.JRN.ARTC.SC,Scientific and technical journal articles,2016,14.96,,0
SLB,Solomon Islands,IP.JRN.ARTC.SC,Scientific and technical journal articles,2015,13.72,,0
SLB,Solomon Islands,IP.JRN.ARTC.SC,Scientific and technical journal articles,2014,8.02,,0
SLB,Solomon Islands,IP.JRN.ARTC.SC,Scientific and technical journal articles,2013,4.01,,0
SLB,Solomon Islands,IP.JRN.ARTC.SC,Scientific and technical journal articles,2012,4.37,,0
SLB,Solomon Islands,IP.JRN.ARTC.SC,Scientific and technical journal articles,2011,7.3,,0
SLB,Solomon Islands,IP.JRN.ARTC.SC,Scientific and technical journal articles,2010,9.27,,0
SLB,Solomon Islands,IP.JRN.ARTC.SC,Scientific and technical journal articles,2009,3.78,,0
SLB,Solomon Islands,IP.JRN.ARTC.SC,Scientific and technical journal articles,2008,2.86,,0
SLB,Solomon Islands,IP.JRN.ARTC.SC,Scientific and technical journal articles,2007,4.57,,0
SLB,Solomon Islands,IP.JRN.ARTC.SC,Scientific and technical journal articles,2006,6.59,,0
SLB,Solomon Islands,IP.JRN.ARTC.SC,Scientific and technical journal articles,2005,3.06,,0
SLB,Solomon Islands,IP.JRN.ARTC.SC,Scientific and technical journal articles,2004,2.64,,0
SLB,Solomon Islands,IP.JRN.ARTC.SC,Scientific and technical journal articles,2003,3.86,,0
SLB,Solomon Islands,IP.JRN.ARTC.SC,Scientific and technical journal articles,2002,1.04,,0
SLB,Solomon Islands,IP.JRN.ARTC.SC,Scientific and technical journal articles,2001,2.44,,0
SLB,Solomon Islands,IP.JRN.ARTC.SC,Scientific and technical journal articles,2000,5.31,,0
SLB,Solomon Islands,IP.JRN.ARTC.SC,Scientific and technical journal articles,1999,9.71,,0
SLB,Solomon Islands,IP.JRN.ARTC.SC,Scientific and technical journal articles,1998,8.03,,0
SLB,Solomon Islands,IP.JRN.ARTC.SC,Scientific and technical journal articles,1997,8.89,,0
SLB,Solomon Islands,IP.JRN.ARTC.SC,Scientific and technical journal articles,1996,3.83,,0
SOM,"Somalia, Fed. Rep.",IP.JRN.ARTC.SC,Scientific and technical journal articles,2022,106.49,,0
SOM,"Somalia, Fed. Rep.",IP.JRN.ARTC.SC,Scientific and technical journal articles,2021,54.49,,0
SOM,"Somalia, Fed. Rep.",IP.JRN.ARTC.SC,Scientific and technical journal articles,2020,33.07,,0
SOM,"Somalia, Fed. Rep.",IP.JRN.ARTC.SC,Scientific and technical journal articles,2019,18.86,,0
SOM,"Somalia, Fed. Rep.",IP.JRN.ARTC.SC,Scientific and technical journal articles,2018,10.24,,0
SOM,"Somalia, Fed. Rep.",IP.JRN.ARTC.SC,Scientific and technical journal articles,2017,10.82,,0
SOM,"Somalia, Fed. Rep.",IP.JRN.ARTC.SC,Scientific and technical journal articles,2016,3.51,,0
SOM,"Somalia, Fed. Rep.",IP.JRN.ARTC.SC,Scientific and technical journal articles,2015,5.45,,0
SOM,"Somalia, Fed. Rep.",IP.JRN.ARTC.SC,Scientific and technical journal articles,2014,5.45,,0
SOM,"Somalia, Fed. Rep.",IP.JRN.ARTC.SC,Scientific and technical journal articles,2013,6.31,,0
SOM,"Somalia, Fed. Rep.",IP.JRN.ARTC.SC,Scientific and technical journal articles,2012,1.43,,0
SOM,"Somalia, Fed. Rep.",IP.JRN.ARTC.SC,Scientific and technical journal articles,2011,2.89,,0
SOM,"Somalia, Fed. Rep.",IP.JRN.ARTC.SC,Scientific and technical journal articles,2010,2.74,,0
SOM,"Somalia, Fed. Rep.",IP.JRN.ARTC.SC,Scientific and technical journal articles,2009,2.75,,0
SOM,"Somalia, Fed. Rep.",IP.JRN.ARTC.SC,Scientific and technical journal articles,2008,1.58,,0
SOM,"Somalia, Fed. Rep.",IP.JRN.ARTC.SC,Scientific and technical journal articles,2007,0,,0
SOM,"Somalia, Fed. Rep.",IP.JRN.ARTC.SC,Scientific and technical journal articles,2006,1.53,,0
SOM,"Somalia, Fed. Rep.",IP.JRN.ARTC.SC,Scientific and technical journal articles,2005,0,,0
SOM,"Somalia, Fed. Rep.",IP.JRN.ARTC.SC,Scientific and technical journal articles,2004,1.14,,0
SOM,"Somalia, Fed. Rep.",IP.JRN.ARTC.SC,Scientific and technical journal articles,2003,1.83,,0
SOM,"Somalia, Fed. Rep.",IP.JRN.ARTC.SC,Scientific and technical journal articles,2002,1.71,,0
SOM,"Somalia, Fed. Rep.",IP.JRN.ARTC.SC,Scientific and technical journal articles,2001,0,,0
SOM,"Somalia, Fed. Rep.",IP.JRN.ARTC.SC,Scientific and technical journal articles,2000,0.3,,0
SOM,"Somalia, Fed. Rep.",IP.JRN.ARTC.SC,Scientific and technical journal articles,1999,0.83,,0
SOM,"Somalia, Fed. Rep.",IP.JRN.ARTC.SC,Scientific and technical journal articles,1998,0.48,,0
SOM,"Somalia, Fed. Rep.",IP.JRN.ARTC.SC,Scientific and technical journal articles,1997,1.9,,0
SOM,"Somalia, Fed. Rep.",IP.JRN.ARTC.SC,Scientific and technical journal articles,1996,1.32,,0
ZAF,South Africa,IP.JRN.ARTC.SC,Scientific and technical journal articles,2022,16651.13,,0
ZAF,South Africa,IP.JRN.ARTC.SC,Scientific and technical journal articles,2021,16092.63,,0
ZAF,South Africa,IP.JRN.ARTC.SC,Scientific and technical journal articles,2020,15744.73,,0
ZAF,South Africa,IP.JRN.ARTC.SC,Scientific and technical journal articles,2019,15148.36,,0
ZAF,South Africa,IP.JRN.ARTC.SC,Scientific and technical journal articles,2018,13477.1,,0
ZAF,South Africa,IP.JRN.ARTC.SC,Scientific and technical journal articles,2017,13020.27,,0
ZAF,South Africa,IP.JRN.ARTC.SC,Scientific and technical journal articles,2016,12184.62,,0
ZAF,South Africa,IP.JRN.ARTC.SC,Scientific and technical journal articles,2015,11148.43,,0
ZAF,South Africa,IP.JRN.ARTC.SC,Scientific and technical journal articles,2014,10323.83,,0
ZAF,South Africa,IP.JRN.ARTC.SC,Scientific and technical journal articles,2013,9656.24,,0
ZAF,South Africa,IP.JRN.ARTC.SC,Scientific and technical journal articles,2012,9105.16,,0
ZAF,South Africa,IP.JRN.ARTC.SC,Scientific and technical journal articles,2011,8324.47,,0
ZAF,South Africa,IP.JRN.ARTC.SC,Scientific and technical journal articles,2010,7697.27,,0
ZAF,South Africa,IP.JRN.ARTC.SC,Scientific and technical journal articles,2009,7199.52,,0
ZAF,South Africa,IP.JRN.ARTC.SC,Scientific and technical journal articles,2008,6403.51,,0
ZAF,South Africa,IP.JRN.ARTC.SC,Scientific and technical journal articles,2007,5997.09,,0
ZAF,South Africa,IP.JRN.ARTC.SC,Scientific and technical journal articles,2006,5842.67,,0
ZAF,South Africa,IP.JRN.ARTC.SC,Scientific and technical journal articles,2005,5276.54,,0
ZAF,South Africa,IP.JRN.ARTC.SC,Scientific and technical journal articles,2004,4966.26,,0
ZAF,South Africa,IP.JRN.ARTC.SC,Scientific and technical journal articles,2003,4386.63,,0
ZAF,South Africa,IP.JRN.ARTC.SC,Scientific and technical journal articles,2002,4460.97,,0
ZAF,South Africa,IP.JRN.ARTC.SC,Scientific and technical journal articles,2001,4156.78,,0
ZAF,South Africa,IP.JRN.ARTC.SC,Scientific and technical journal articles,2000,3964.55,,0
ZAF,South Africa,IP.JRN.ARTC.SC,Scientific and technical journal articles,1999,4045.03,,0
ZAF,South Africa,IP.JRN.ARTC.SC,Scientific and technical journal articles,1998,4004.7,,0
ZAF,South Africa,IP.JRN.ARTC.SC,Scientific and technical journal articles,1997,3924.31,,0
ZAF,South Africa,IP.JRN.ARTC.SC,Scientific and technical journal articles,1996,3925.39,,0
SSD,South Sudan,IP.JRN.ARTC.SC,Scientific and technical journal articles,2022,16.38,,0
SSD,South Sudan,IP.JRN.ARTC.SC,Scientific and technical journal articles,2021,13.09,,0
SSD,South Sudan,IP.JRN.ARTC.SC,Scientific and technical journal articles,2020,14.57,,0
SSD,South Sudan,IP.JRN.ARTC.SC,Scientific and technical journal articles,2019,8.67,,0
SSD,South Sudan,IP.JRN.ARTC.SC,Scientific and technical journal articles,2018,9.62,,0
SSD,South Sudan,IP.JRN.ARTC.SC,Scientific and technical journal articles,2017,5.73,,0
SSD,South Sudan,IP.JRN.ARTC.SC,Scientific and technical journal articles,2016,2.11,,0
SSD,South Sudan,IP.JRN.ARTC.SC,Scientific and technical journal articles,2015,5.51,,0
SSD,South Sudan,IP.JRN.ARTC.SC,Scientific and technical journal articles,2014,5.62,,0
SSD,South Sudan,IP.JRN.ARTC.SC,Scientific and technical journal articles,2013,8.96,,0
SSD,South Sudan,IP.JRN.ARTC.SC,Scientific and technical journal articles,2012,2.42,,0
SSD,South Sudan,IP.JRN.ARTC.SC,Scientific and technical journal articles,2011,1.62,,0
SSD,South Sudan,IP.JRN.ARTC.SC,Scientific and technical journal articles,2010,0,,0
SSD,South Sudan,IP.JRN.ARTC.SC,Scientific and technical journal articles,2009,0,,0
SSD,South Sudan,IP.JRN.ARTC.SC,Scientific and technical journal articles,2008,0,,0
SSD,South Sudan,IP.JRN.ARTC.SC,Scientific and technical journal articles,2007,0,,0
SSD,South Sudan,IP.JRN.ARTC.SC,Scientific and technical journal articles,2006,0,,0
SSD,South Sudan,IP.JRN.ARTC.SC,Scientific and technical journal articles,2005,0,,0
SSD,South Sudan,IP.JRN.ARTC.SC,Scientific and technical journal articles,2004,0,,0
SSD,South Sudan,IP.JRN.ARTC.SC,Scientific and technical journal articles,2003,0,,0
SSD,South Sudan,IP.JRN.ARTC.SC,Scientific and technical journal articles,2002,0,,0
SSD,South Sudan,IP.JRN.ARTC.SC,Scientific and technical journal articles,2001,0,,0
SSD,South Sudan,IP.JRN.ARTC.SC,Scientific and technical journal articles,2000,0,,0
SSD,South Sudan,IP.JRN.ARTC.SC,Scientific and technical journal articles,1999,0,,0
SSD,South Sudan,IP.JRN.ARTC.SC,Scientific and technical journal articles,1998,0,,0
SSD,South Sudan,IP.JRN.ARTC.SC,Scientific and technical journal articles,1997,0,,0
SSD,South Sudan,IP.JRN.ARTC.SC,Scientific and technical journal articles,1996,0,,0
ESP,Spain,IP.JRN.ARTC.SC,Scientific and technical journal articles,2022,67099.71,,0
ESP,Spain,IP.JRN.ARTC.SC,Scientific and technical journal articles,2021,70281.94,,0
ESP,Spain,IP.JRN.ARTC.SC,Scientific and technical journal articles,2020,65541.7,,0
ESP,Spain,IP.JRN.ARTC.SC,Scientific and technical journal articles,2019,60307.51,,0
ESP,Spain,IP.JRN.ARTC.SC,Scientific and technical journal articles,2018,57270.34,,0
ESP,Spain,IP.JRN.ARTC.SC,Scientific and technical journal articles,2017,55884.36,,0
ESP,Spain,IP.JRN.ARTC.SC,Scientific and technical journal articles,2016,55591.05,,0
ESP,Spain,IP.JRN.ARTC.SC,Scientific and technical journal articles,2015,55305.66,,0
ESP,Spain,IP.JRN.ARTC.SC,Scientific and technical journal articles,2014,56177.8,,0
ESP,Spain,IP.JRN.ARTC.SC,Scientific and technical journal articles,2013,54727.56,,0
ESP,Spain,IP.JRN.ARTC.SC,Scientific and technical journal articles,2012,54679.57,,0
ESP,Spain,IP.JRN.ARTC.SC,Scientific and technical journal articles,2011,52408.62,,0
ESP,Spain,IP.JRN.ARTC.SC,Scientific and technical journal articles,2010,49344.84,,0
ESP,Spain,IP.JRN.ARTC.SC,Scientific and technical journal articles,2009,47475.55,,0
ESP,Spain,IP.JRN.ARTC.SC,Scientific and technical journal articles,2008,44455.71,,0
ESP,Spain,IP.JRN.ARTC.SC,Scientific and technical journal articles,2007,42535.8,,0
ESP,Spain,IP.JRN.ARTC.SC,Scientific and technical journal articles,2006,39826.15,,0
ESP,Spain,IP.JRN.ARTC.SC,Scientific and technical journal articles,2005,36149.35,,0
ESP,Spain,IP.JRN.ARTC.SC,Scientific and technical journal articles,2004,32067.97,,0
ESP,Spain,IP.JRN.ARTC.SC,Scientific and technical journal articles,2003,29480.2,,0
ESP,Spain,IP.JRN.ARTC.SC,Scientific and technical journal articles,2002,28112.36,,0
ESP,Spain,IP.JRN.ARTC.SC,Scientific and technical journal articles,2001,26457.11,,0
ESP,Spain,IP.JRN.ARTC.SC,Scientific and technical journal articles,2000,25000.67,,0
ESP,Spain,IP.JRN.ARTC.SC,Scientific and technical journal articles,1999,23999.8,,0
ESP,Spain,IP.JRN.ARTC.SC,Scientific and technical journal articles,1998,22924.81,,0
ESP,Spain,IP.JRN.ARTC.SC,Scientific and technical journal articles,1997,22767.13,,0
ESP,Spain,IP.JRN.ARTC.SC,Scientific and technical journal articles,1996,21122.2,,0
LKA,Sri Lanka,IP.JRN.ARTC.SC,Scientific and technical journal articles,2022,2482.89,,0
LKA,Sri Lanka,IP.JRN.ARTC.SC,Scientific and technical journal articles,2021,2392.5,,0
LKA,Sri Lanka,IP.JRN.ARTC.SC,Scientific and technical journal articles,2020,1795.73,,0
LKA,Sri Lanka,IP.JRN.ARTC.SC,Scientific and technical journal articles,2019,1707.05,,0
LKA,Sri Lanka,IP.JRN.ARTC.SC,Scientific and technical journal articles,2018,1458.51,,0
LKA,Sri Lanka,IP.JRN.ARTC.SC,Scientific and technical journal articles,2017,1189.29,,0
LKA,Sri Lanka,IP.JRN.ARTC.SC,Scientific and technical journal articles,2016,1124.15,,0
LKA,Sri Lanka,IP.JRN.ARTC.SC,Scientific and technical journal articles,2015,753.68,,0
LKA,Sri Lanka,IP.JRN.ARTC.SC,Scientific and technical journal articles,2014,705.68,,0
LKA,Sri Lanka,IP.JRN.ARTC.SC,Scientific and technical journal articles,2013,732.88,,0
LKA,Sri Lanka,IP.JRN.ARTC.SC,Scientific and technical journal articles,2012,608.18,,0
LKA,Sri Lanka,IP.JRN.ARTC.SC,Scientific and technical journal articles,2011,570.82,,0
LKA,Sri Lanka,IP.JRN.ARTC.SC,Scientific and technical journal articles,2010,504.44,,0
LKA,Sri Lanka,IP.JRN.ARTC.SC,Scientific and technical journal articles,2009,486.54,,0
LKA,Sri Lanka,IP.JRN.ARTC.SC,Scientific and technical journal articles,2008,512.94,,0
LKA,Sri Lanka,IP.JRN.ARTC.SC,Scientific and technical journal articles,2007,437.51,,0
LKA,Sri Lanka,IP.JRN.ARTC.SC,Scientific and technical journal articles,2006,388.76,,0
LKA,Sri Lanka,IP.JRN.ARTC.SC,Scientific and technical journal articles,2005,335.67,,0
LKA,Sri Lanka,IP.JRN.ARTC.SC,Scientific and technical journal articles,2004,265.29,,0
LKA,Sri Lanka,IP.JRN.ARTC.SC,Scientific and technical journal articles,2003,264.86,,0
LKA,Sri Lanka,IP.JRN.ARTC.SC,Scientific and technical journal articles,2002,245.5,,0
LKA,Sri Lanka,IP.JRN.ARTC.SC,Scientific and technical journal articles,2001,215.68,,0
LKA,Sri Lanka,IP.JRN.ARTC.SC,Scientific and technical journal articles,2000,209.36,,0
LKA,Sri Lanka,IP.JRN.ARTC.SC,Scientific and technical journal articles,1999,208.12,,0
LKA,Sri Lanka,IP.JRN.ARTC.SC,Scientific and technical journal articles,1998,199.01,,0
LKA,Sri Lanka,IP.JRN.ARTC.SC,Scientific and technical journal articles,1997,212.17,,0
LKA,Sri Lanka,IP.JRN.ARTC.SC,Scientific and technical journal articles,1996,167.89,,0
KNA,St. Kitts and Nevis,IP.JRN.ARTC.SC,Scientific and technical journal articles,2022,38.87,,0
KNA,St. Kitts and Nevis,IP.JRN.ARTC.SC,Scientific and technical journal articles,2021,34.45,,0
KNA,St. Kitts and Nevis,IP.JRN.ARTC.SC,Scientific and technical journal articles,2020,35.74,,0
KNA,St. Kitts and Nevis,IP.JRN.ARTC.SC,Scientific and technical journal articles,2019,33.46,,0
KNA,St. Kitts and Nevis,IP.JRN.ARTC.SC,Scientific and technical journal articles,2018,27.26,,0
KNA,St. Kitts and Nevis,IP.JRN.ARTC.SC,Scientific and technical journal articles,2017,28.53,,0
KNA,St. Kitts and Nevis,IP.JRN.ARTC.SC,Scientific and technical journal articles,2016,21.51,,0
KNA,St. Kitts and Nevis,IP.JRN.ARTC.SC,Scientific and technical journal articles,2015,19.3,,0
KNA,St. Kitts and Nevis,IP.JRN.ARTC.SC,Scientific and technical journal articles,2014,15.2,,0
KNA,St. Kitts and Nevis,IP.JRN.ARTC.SC,Scientific and technical journal articles,2013,12.97,,0
KNA,St. Kitts and Nevis,IP.JRN.ARTC.SC,Scientific and technical journal articles,2012,8.85,,0
KNA,St. Kitts and Nevis,IP.JRN.ARTC.SC,Scientific and technical journal articles,2011,4.63,,0
KNA,St. Kitts and Nevis,IP.JRN.ARTC.SC,Scientific and technical journal articles,2010,4.41,,0
KNA,St. Kitts and Nevis,IP.JRN.ARTC.SC,Scientific and technical journal articles,2009,2.82,,0
KNA,St. Kitts and Nevis,IP.JRN.ARTC.SC,Scientific and technical journal articles,2008,4.16,,0
KNA,St. Kitts and Nevis,IP.JRN.ARTC.SC,Scientific and technical journal articles,2007,1.17,,0
KNA,St. Kitts and Nevis,IP.JRN.ARTC.SC,Scientific and technical journal articles,2006,1.94,,0
KNA,St. Kitts and Nevis,IP.JRN.ARTC.SC,Scientific and technical journal articles,2005,1.96,,0
KNA,St. Kitts and Nevis,IP.JRN.ARTC.SC,Scientific and technical journal articles,2004,0.73,,0
KNA,St. Kitts and Nevis,IP.JRN.ARTC.SC,Scientific and technical journal articles,2003,0,,0
KNA,St. Kitts and Nevis,IP.JRN.ARTC.SC,Scientific and technical journal articles,2002,0.34,,0
KNA,St. Kitts and Nevis,IP.JRN.ARTC.SC,Scientific and technical journal articles,2001,1,,0
KNA,St. Kitts and Nevis,IP.JRN.ARTC.SC,Scientific and technical journal articles,2000,1.5,,0
KNA,St. Kitts and Nevis,IP.JRN.ARTC.SC,Scientific and technical journal articles,1999,3.24,,0
KNA,St. Kitts and Nevis,IP.JRN.ARTC.SC,Scientific and technical journal articles,1998,1.46,,0
KNA,St. Kitts and Nevis,IP.JRN.ARTC.SC,Scientific and technical journal articles,1997,1.33,,0
KNA,St. Kitts and Nevis,IP.JRN.ARTC.SC,Scientific and technical journal articles,1996,0.25,,0
LCA,St. Lucia,IP.JRN.ARTC.SC,Scientific and technical journal articles,2022,4.69,,0
LCA,St. Lucia,IP.JRN.ARTC.SC,Scientific and technical journal articles,2021,4.93,,0
LCA,St. Lucia,IP.JRN.ARTC.SC,Scientific and technical journal articles,2020,3.06,,0
LCA,St. Lucia,IP.JRN.ARTC.SC,Scientific and technical journal articles,2019,4.07,,0
LCA,St. Lucia,IP.JRN.ARTC.SC,Scientific and technical journal articles,2018,4.09,,0
LCA,St. Lucia,IP.JRN.ARTC.SC,Scientific and technical journal articles,2017,2.42,,0
LCA,St. Lucia,IP.JRN.ARTC.SC,Scientific and technical journal articles,2016,4.9,,0
LCA,St. Lucia,IP.JRN.ARTC.SC,Scientific and technical journal articles,2015,3.11,,0
LCA,St. Lucia,IP.JRN.ARTC.SC,Scientific and technical journal articles,2014,0.16,,0
LCA,St. Lucia,IP.JRN.ARTC.SC,Scientific and technical journal articles,2013,3.7,,0
LCA,St. Lucia,IP.JRN.ARTC.SC,Scientific and technical journal articles,2012,0.75,,0
LCA,St. Lucia,IP.JRN.ARTC.SC,Scientific and technical journal articles,2011,4.99,,0
LCA,St. Lucia,IP.JRN.ARTC.SC,Scientific and technical journal articles,2010,2.78,,0
LCA,St. Lucia,IP.JRN.ARTC.SC,Scientific and technical journal articles,2009,2,,0
LCA,St. Lucia,IP.JRN.ARTC.SC,Scientific and technical journal articles,2008,2.67,,0
LCA,St. Lucia,IP.JRN.ARTC.SC,Scientific and technical journal articles,2007,2.38,,0
LCA,St. Lucia,IP.JRN.ARTC.SC,Scientific and technical journal articles,2006,2.35,,0
LCA,St. Lucia,IP.JRN.ARTC.SC,Scientific and technical journal articles,2005,2.35,,0
LCA,St. Lucia,IP.JRN.ARTC.SC,Scientific and technical journal articles,2004,1.33,,0
LCA,St. Lucia,IP.JRN.ARTC.SC,Scientific and technical journal articles,2003,0.09,,0
LCA,St. Lucia,IP.JRN.ARTC.SC,Scientific and technical journal articles,2002,2.17,,0
LCA,St. Lucia,IP.JRN.ARTC.SC,Scientific and technical journal articles,2001,2.63,,0
LCA,St. Lucia,IP.JRN.ARTC.SC,Scientific and technical journal articles,2000,2,,0
LCA,St. Lucia,IP.JRN.ARTC.SC,Scientific and technical journal articles,1999,0.25,,0
LCA,St. Lucia,IP.JRN.ARTC.SC,Scientific and technical journal articles,1998,2.39,,0
LCA,St. Lucia,IP.JRN.ARTC.SC,Scientific and technical journal articles,1997,0.96,,0
LCA,St. Lucia,IP.JRN.ARTC.SC,Scientific and technical journal articles,1996,2.53,,0
VCT,St. Vincent and the Grenadines,IP.JRN.ARTC.SC,Scientific and technical journal articles,2022,8.36,,0
VCT,St. Vincent and the Grenadines,IP.JRN.ARTC.SC,Scientific and technical journal articles,2021,9.79,,0
VCT,St. Vincent and the Grenadines,IP.JRN.ARTC.SC,Scientific and technical journal articles,2020,5.24,,0
VCT,St. Vincent and the Grenadines,IP.JRN.ARTC.SC,Scientific and technical journal articles,2019,5.26,,0
VCT,St. Vincent and the Grenadines,IP.JRN.ARTC.SC,Scientific and technical journal articles,2018,1.22,,0
VCT,St. Vincent and the Grenadines,IP.JRN.ARTC.SC,Scientific and technical journal articles,2017,4.25,,0
VCT,St. Vincent and the Grenadines,IP.JRN.ARTC.SC,Scientific and technical journal articles,2016,2.26,,0
VCT,St. Vincent and the Grenadines,IP.JRN.ARTC.SC,Scientific and technical journal articles,2015,0.76,,0
VCT,St. Vincent and the Grenadines,IP.JRN.ARTC.SC,Scientific and technical journal articles,2014,1.51,,0
VCT,St. Vincent and the Grenadines,IP.JRN.ARTC.SC,Scientific and technical journal articles,2013,2.2,,0
VCT,St. Vincent and the Grenadines,IP.JRN.ARTC.SC,Scientific and technical journal articles,2012,0.92,,0
VCT,St. Vincent and the Grenadines,IP.JRN.ARTC.SC,Scientific and technical journal articles,2011,0.05,,0
VCT,St. Vincent and the Grenadines,IP.JRN.ARTC.SC,Scientific and technical journal articles,2010,1.02,,0
VCT,St. Vincent and the Grenadines,IP.JRN.ARTC.SC,Scientific and technical journal articles,2009,1.13,,0
VCT,St. Vincent and the Grenadines,IP.JRN.ARTC.SC,Scientific and technical journal articles,2008,0,,0
VCT,St. Vincent and the Grenadines,IP.JRN.ARTC.SC,Scientific and technical journal articles,2007,1.26,,0
VCT,St. Vincent and the Grenadines,IP.JRN.ARTC.SC,Scientific and technical journal articles,2006,0.7,,0
VCT,St. Vincent and the Grenadines,IP.JRN.ARTC.SC,Scientific and technical journal articles,2005,1,,0
VCT,St. Vincent and the Grenadines,IP.JRN.ARTC.SC,Scientific and technical journal articles,2004,0.13,,0
VCT,St. Vincent and the Grenadines,IP.JRN.ARTC.SC,Scientific and technical journal articles,2003,1.83,,0
VCT,St. Vincent and the Grenadines,IP.JRN.ARTC.SC,Scientific and technical journal articles,2002,0.12,,0
VCT,St. Vincent and the Grenadines,IP.JRN.ARTC.SC,Scientific and technical journal articles,2001,0,,0
VCT,St. Vincent and the Grenadines,IP.JRN.ARTC.SC,Scientific and technical journal articles,2000,0.42,,0
VCT,St. Vincent and the Grenadines,IP.JRN.ARTC.SC,Scientific and technical journal articles,1999,0.5,,0
VCT,St. Vincent and the Grenadines,IP.JRN.ARTC.SC,Scientific and technical journal articles,1998,0.25,,0
VCT,St. Vincent and the Grenadines,IP.JRN.ARTC.SC,Scientific and technical journal articles,1997,0.67,,0
VCT,St. Vincent and the Grenadines,IP.JRN.ARTC.SC,Scientific and technical journal articles,1996,1.4,,0
SDN,Sudan,IP.JRN.ARTC.SC,Scientific and technical journal articles,2022,507.12,,0
SDN,Sudan,IP.JRN.ARTC.SC,Scientific and technical journal articles,2021,547.91,,0
SDN,Sudan,IP.JRN.ARTC.SC,Scientific and technical journal articles,2020,385.69,,0
SDN,Sudan,IP.JRN.ARTC.SC,Scientific and technical journal articles,2019,390.18,,0
SDN,Sudan,IP.JRN.ARTC.SC,Scientific and technical journal articles,2018,400.53,,0
SDN,Sudan,IP.JRN.ARTC.SC,Scientific and technical journal articles,2017,321.71,,0
SDN,Sudan,IP.JRN.ARTC.SC,Scientific and technical journal articles,2016,365.59,,0
SDN,Sudan,IP.JRN.ARTC.SC,Scientific and technical journal articles,2015,251.84,,0
SDN,Sudan,IP.JRN.ARTC.SC,Scientific and technical journal articles,2014,221.77,,0
SDN,Sudan,IP.JRN.ARTC.SC,Scientific and technical journal articles,2013,321.24,,0
SDN,Sudan,IP.JRN.ARTC.SC,Scientific and technical journal articles,2012,243.74,,0
SDN,Sudan,IP.JRN.ARTC.SC,Scientific and technical journal articles,2011,273.02,,0
SDN,Sudan,IP.JRN.ARTC.SC,Scientific and technical journal articles,2010,238.87,,0
SDN,Sudan,IP.JRN.ARTC.SC,Scientific and technical journal articles,2009,191.14,,0
SDN,Sudan,IP.JRN.ARTC.SC,Scientific and technical journal articles,2008,149.7,,0
SDN,Sudan,IP.JRN.ARTC.SC,Scientific and technical journal articles,2007,134.36,,0
SDN,Sudan,IP.JRN.ARTC.SC,Scientific and technical journal articles,2006,102.21,,0
SDN,Sudan,IP.JRN.ARTC.SC,Scientific and technical journal articles,2005,109.65,,0
SDN,Sudan,IP.JRN.ARTC.SC,Scientific and technical journal articles,2004,99.9,,0
SDN,Sudan,IP.JRN.ARTC.SC,Scientific and technical journal articles,2003,85.07,,0
SDN,Sudan,IP.JRN.ARTC.SC,Scientific and technical journal articles,2002,71.94,,0
SDN,Sudan,IP.JRN.ARTC.SC,Scientific and technical journal articles,2001,63.18,,0
SDN,Sudan,IP.JRN.ARTC.SC,Scientific and technical journal articles,2000,69.06,,0
SDN,Sudan,IP.JRN.ARTC.SC,Scientific and technical journal articles,1999,61.99,,0
SDN,Sudan,IP.JRN.ARTC.SC,Scientific and technical journal articles,1998,88.03,,0
SDN,Sudan,IP.JRN.ARTC.SC,Scientific and technical journal articles,1997,71.1,,0
SDN,Sudan,IP.JRN.ARTC.SC,Scientific and technical journal articles,1996,68.87,,0
SUR,Suriname,IP.JRN.ARTC.SC,Scientific and technical journal articles,2022,13.33,,0
SUR,Suriname,IP.JRN.ARTC.SC,Scientific and technical journal articles,2021,24.92,,0
SUR,Suriname,IP.JRN.ARTC.SC,Scientific and technical journal articles,2020,19.85,,0
SUR,Suriname,IP.JRN.ARTC.SC,Scientific and technical journal articles,2019,19.98,,0
SUR,Suriname,IP.JRN.ARTC.SC,Scientific and technical journal articles,2018,17.48,,0
SUR,Suriname,IP.JRN.ARTC.SC,Scientific and technical journal articles,2017,14.67,,0
SUR,Suriname,IP.JRN.ARTC.SC,Scientific and technical journal articles,2016,22.14,,0
SUR,Suriname,IP.JRN.ARTC.SC,Scientific and technical journal articles,2015,13.2,,0
SUR,Suriname,IP.JRN.ARTC.SC,Scientific and technical journal articles,2014,8.45,,0
SUR,Suriname,IP.JRN.ARTC.SC,Scientific and technical journal articles,2013,16.37,,0
SUR,Suriname,IP.JRN.ARTC.SC,Scientific and technical journal articles,2012,9.51,,0
SUR,Suriname,IP.JRN.ARTC.SC,Scientific and technical journal articles,2011,4.21,,0
SUR,Suriname,IP.JRN.ARTC.SC,Scientific and technical journal articles,2010,4.66,,0
SUR,Suriname,IP.JRN.ARTC.SC,Scientific and technical journal articles,2009,5.53,,0
SUR,Suriname,IP.JRN.ARTC.SC,Scientific and technical journal articles,2008,4.37,,0
SUR,Suriname,IP.JRN.ARTC.SC,Scientific and technical journal articles,2007,9.35,,0
SUR,Suriname,IP.JRN.ARTC.SC,Scientific and technical journal articles,2006,5.22,,0
SUR,Suriname,IP.JRN.ARTC.SC,Scientific and technical journal articles,2005,4.82,,0
SUR,Suriname,IP.JRN.ARTC.SC,Scientific and technical journal articles,2004,4.58,,0
SUR,Suriname,IP.JRN.ARTC.SC,Scientific and technical journal articles,2003,3.4,,0
SUR,Suriname,IP.JRN.ARTC.SC,Scientific and technical journal articles,2002,3.47,,0
SUR,Suriname,IP.JRN.ARTC.SC,Scientific and technical journal articles,2001,4.27,,0
SUR,Suriname,IP.JRN.ARTC.SC,Scientific and technical journal articles,2000,2.62,,0
SUR,Suriname,IP.JRN.ARTC.SC,Scientific and technical journal articles,1999,2.85,,0
SUR,Suriname,IP.JRN.ARTC.SC,Scientific and technical journal articles,1998,1.56,,0
SUR,Suriname,IP.JRN.ARTC.SC,Scientific and technical journal articles,1997,1.96,,0
SUR,Suriname,IP.JRN.ARTC.SC,Scientific and technical journal articles,1996,2.29,,0
SWE,Sweden,IP.JRN.ARTC.SC,Scientific and technical journal articles,2022,22353.75,,0
SWE,Sweden,IP.JRN.ARTC.SC,Scientific and technical journal articles,2021,22723.69,,0
SWE,Sweden,IP.JRN.ARTC.SC,Scientific and technical journal articles,2020,21766.86,,0
SWE,Sweden,IP.JRN.ARTC.SC,Scientific and technical journal articles,2019,21466.94,,0
SWE,Sweden,IP.JRN.ARTC.SC,Scientific and technical journal articles,2018,21255.37,,0
SWE,Sweden,IP.JRN.ARTC.SC,Scientific and technical journal articles,2017,21174.66,,0
SWE,Sweden,IP.JRN.ARTC.SC,Scientific and technical journal articles,2016,21161.98,,0
SWE,Sweden,IP.JRN.ARTC.SC,Scientific and technical journal articles,2015,21197.56,,0
SWE,Sweden,IP.JRN.ARTC.SC,Scientific and technical journal articles,2014,21042.01,,0
SWE,Sweden,IP.JRN.ARTC.SC,Scientific and technical journal articles,2013,20023.76,,0
SWE,Sweden,IP.JRN.ARTC.SC,Scientific and technical journal articles,2012,19421.58,,0
SWE,Sweden,IP.JRN.ARTC.SC,Scientific and technical journal articles,2011,18466.61,,0
SWE,Sweden,IP.JRN.ARTC.SC,Scientific and technical journal articles,2010,17935.11,,0
SWE,Sweden,IP.JRN.ARTC.SC,Scientific and technical journal articles,2009,17638.1,,0
SWE,Sweden,IP.JRN.ARTC.SC,Scientific and technical journal articles,2008,16772.64,,0
SWE,Sweden,IP.JRN.ARTC.SC,Scientific and technical journal articles,2007,16896.47,,0
SWE,Sweden,IP.JRN.ARTC.SC,Scientific and technical journal articles,2006,16930.72,,0
SWE,Sweden,IP.JRN.ARTC.SC,Scientific and technical journal articles,2005,16626.71,,0
SWE,Sweden,IP.JRN.ARTC.SC,Scientific and technical journal articles,2004,15467.25,,0
SWE,Sweden,IP.JRN.ARTC.SC,Scientific and technical journal articles,2003,14968.22,,0
SWE,Sweden,IP.JRN.ARTC.SC,Scientific and technical journal articles,2002,14576.2,,0
SWE,Sweden,IP.JRN.ARTC.SC,Scientific and technical journal articles,2001,14742.17,,0
SWE,Sweden,IP.JRN.ARTC.SC,Scientific and technical journal articles,2000,14569.85,,0
SWE,Sweden,IP.JRN.ARTC.SC,Scientific and technical journal articles,1999,14202.82,,0
SWE,Sweden,IP.JRN.ARTC.SC,Scientific and technical journal articles,1998,14004,,0
SWE,Sweden,IP.JRN.ARTC.SC,Scientific and technical journal articles,1997,13803.62,,0
SWE,Sweden,IP.JRN.ARTC.SC,Scientific and technical journal articles,1996,13385.05,,0
CHE,Switzerland,IP.JRN.ARTC.SC,Scientific and technical journal articles,2022,24247.97,,0
CHE,Switzerland,IP.JRN.ARTC.SC,Scientific and technical journal articles,2021,25078.21,,0
CHE,Switzerland,IP.JRN.ARTC.SC,Scientific and technical journal articles,2020,23656.76,,0
CHE,Switzerland,IP.JRN.ARTC.SC,Scientific and technical journal articles,2019,23076.47,,0
CHE,Switzerland,IP.JRN.ARTC.SC,Scientific and technical journal articles,2018,22749.87,,0
CHE,Switzerland,IP.JRN.ARTC.SC,Scientific and technical journal articles,2017,23044.72,,0
CHE,Switzerland,IP.JRN.ARTC.SC,Scientific and technical journal articles,2016,22401.11,,0
CHE,Switzerland,IP.JRN.ARTC.SC,Scientific and technical journal articles,2015,22207.15,,0
CHE,Switzerland,IP.JRN.ARTC.SC,Scientific and technical journal articles,2014,22166.96,,0
CHE,Switzerland,IP.JRN.ARTC.SC,Scientific and technical journal articles,2013,21599.81,,0
CHE,Switzerland,IP.JRN.ARTC.SC,Scientific and technical journal articles,2012,20963.19,,0
CHE,Switzerland,IP.JRN.ARTC.SC,Scientific and technical journal articles,2011,19935.07,,0
CHE,Switzerland,IP.JRN.ARTC.SC,Scientific and technical journal articles,2010,18894.59,,0
CHE,Switzerland,IP.JRN.ARTC.SC,Scientific and technical journal articles,2009,18057.17,,0
CHE,Switzerland,IP.JRN.ARTC.SC,Scientific and technical journal articles,2008,17517.85,,0
CHE,Switzerland,IP.JRN.ARTC.SC,Scientific and technical journal articles,2007,17063.84,,0
CHE,Switzerland,IP.JRN.ARTC.SC,Scientific and technical journal articles,2006,16657.93,,0
CHE,Switzerland,IP.JRN.ARTC.SC,Scientific and technical journal articles,2005,15614.51,,0
CHE,Switzerland,IP.JRN.ARTC.SC,Scientific and technical journal articles,2004,14278.45,,0
CHE,Switzerland,IP.JRN.ARTC.SC,Scientific and technical journal articles,2003,13301.5,,0
CHE,Switzerland,IP.JRN.ARTC.SC,Scientific and technical journal articles,2002,12478.85,,0
CHE,Switzerland,IP.JRN.ARTC.SC,Scientific and technical journal articles,2001,12297.66,,0
CHE,Switzerland,IP.JRN.ARTC.SC,Scientific and technical journal articles,2000,12621.43,,0
CHE,Switzerland,IP.JRN.ARTC.SC,Scientific and technical journal articles,1999,11964.4,,0
CHE,Switzerland,IP.JRN.ARTC.SC,Scientific and technical journal articles,1998,11985.86,,0
CHE,Switzerland,IP.JRN.ARTC.SC,Scientific and technical journal articles,1997,11877.96,,0
CHE,Switzerland,IP.JRN.ARTC.SC,Scientific and technical journal articles,1996,11499.01,,0
SYR,Syrian Arab Republic,IP.JRN.ARTC.SC,Scientific and technical journal articles,2022,584.3,,0
SYR,Syrian Arab Republic,IP.JRN.ARTC.SC,Scientific and technical journal articles,2021,543.34,,0
SYR,Syrian Arab Republic,IP.JRN.ARTC.SC,Scientific and technical journal articles,2020,475.52,,0
SYR,Syrian Arab Republic,IP.JRN.ARTC.SC,Scientific and technical journal articles,2019,345.94,,0
SYR,Syrian Arab Republic,IP.JRN.ARTC.SC,Scientific and technical journal articles,2018,308.59,,0
SYR,Syrian Arab Republic,IP.JRN.ARTC.SC,Scientific and technical journal articles,2017,258.29,,0
SYR,Syrian Arab Republic,IP.JRN.ARTC.SC,Scientific and technical journal articles,2016,277.7,,0
SYR,Syrian Arab Republic,IP.JRN.ARTC.SC,Scientific and technical journal articles,2015,269.4,,0
SYR,Syrian Arab Republic,IP.JRN.ARTC.SC,Scientific and technical journal articles,2014,236.44,,0
SYR,Syrian Arab Republic,IP.JRN.ARTC.SC,Scientific and technical journal articles,2013,247.36,,0
SYR,Syrian Arab Republic,IP.JRN.ARTC.SC,Scientific and technical journal articles,2012,300.7,,0
SYR,Syrian Arab Republic,IP.JRN.ARTC.SC,Scientific and technical journal articles,2011,267.35,,0
SYR,Syrian Arab Republic,IP.JRN.ARTC.SC,Scientific and technical journal articles,2010,232.2,,0
SYR,Syrian Arab Republic,IP.JRN.ARTC.SC,Scientific and technical journal articles,2009,158.98,,0
SYR,Syrian Arab Republic,IP.JRN.ARTC.SC,Scientific and technical journal articles,2008,202.05,,0
SYR,Syrian Arab Republic,IP.JRN.ARTC.SC,Scientific and technical journal articles,2007,154.12,,0
SYR,Syrian Arab Republic,IP.JRN.ARTC.SC,Scientific and technical journal articles,2006,134.43,,0
SYR,Syrian Arab Republic,IP.JRN.ARTC.SC,Scientific and technical journal articles,2005,145.5,,0
SYR,Syrian Arab Republic,IP.JRN.ARTC.SC,Scientific and technical journal articles,2004,135.8,,0
SYR,Syrian Arab Republic,IP.JRN.ARTC.SC,Scientific and technical journal articles,2003,104.24,,0
SYR,Syrian Arab Republic,IP.JRN.ARTC.SC,Scientific and technical journal articles,2002,83.03,,0
SYR,Syrian Arab Republic,IP.JRN.ARTC.SC,Scientific and technical journal articles,2001,94.91,,0
SYR,Syrian Arab Republic,IP.JRN.ARTC.SC,Scientific and technical journal articles,2000,100.09,,0
SYR,Syrian Arab Republic,IP.JRN.ARTC.SC,Scientific and technical journal articles,1999,84.71,,0
SYR,Syrian Arab Republic,IP.JRN.ARTC.SC,Scientific and technical journal articles,1998,70.26,,0
SYR,Syrian Arab Republic,IP.JRN.ARTC.SC,Scientific and technical journal articles,1997,71.69,,0
SYR,Syrian Arab Republic,IP.JRN.ARTC.SC,Scientific and technical journal articles,1996,57.89,,0
TJK,Tajikistan,IP.JRN.ARTC.SC,Scientific and technical journal articles,2022,110.17,,0
TJK,Tajikistan,IP.JRN.ARTC.SC,Scientific and technical journal articles,2021,129.47,,0
TJK,Tajikistan,IP.JRN.ARTC.SC,Scientific and technical journal articles,2020,116.83,,0
TJK,Tajikistan,IP.JRN.ARTC.SC,Scientific and technical journal articles,2019,86.2,,0
TJK,Tajikistan,IP.JRN.ARTC.SC,Scientific and technical journal articles,2018,59.57,,0
TJK,Tajikistan,IP.JRN.ARTC.SC,Scientific and technical journal articles,2017,57.68,,0
TJK,Tajikistan,IP.JRN.ARTC.SC,Scientific and technical journal articles,2016,50.89,,0
TJK,Tajikistan,IP.JRN.ARTC.SC,Scientific and technical journal articles,2015,55.8,,0
TJK,Tajikistan,IP.JRN.ARTC.SC,Scientific and technical journal articles,2014,39.48,,0
TJK,Tajikistan,IP.JRN.ARTC.SC,Scientific and technical journal articles,2013,56.84,,0
TJK,Tajikistan,IP.JRN.ARTC.SC,Scientific and technical journal articles,2012,48.19,,0
TJK,Tajikistan,IP.JRN.ARTC.SC,Scientific and technical journal articles,2011,40.86,,0
TJK,Tajikistan,IP.JRN.ARTC.SC,Scientific and technical journal articles,2010,41.34,,0
TJK,Tajikistan,IP.JRN.ARTC.SC,Scientific and technical journal articles,2009,23.55,,0
TJK,Tajikistan,IP.JRN.ARTC.SC,Scientific and technical journal articles,2008,33.79,,0
TJK,Tajikistan,IP.JRN.ARTC.SC,Scientific and technical journal articles,2007,33.13,,0
TJK,Tajikistan,IP.JRN.ARTC.SC,Scientific and technical journal articles,2006,29.99,,0
TJK,Tajikistan,IP.JRN.ARTC.SC,Scientific and technical journal articles,2005,33.19,,0
TJK,Tajikistan,IP.JRN.ARTC.SC,Scientific and technical journal articles,2004,40.65,,0
TJK,Tajikistan,IP.JRN.ARTC.SC,Scientific and technical journal articles,2003,32.72,,0
TJK,Tajikistan,IP.JRN.ARTC.SC,Scientific and technical journal articles,2002,42.62,,0
TJK,Tajikistan,IP.JRN.ARTC.SC,Scientific and technical journal articles,2001,33.09,,0
TJK,Tajikistan,IP.JRN.ARTC.SC,Scientific and technical journal articles,2000,34.22,,0
TJK,Tajikistan,IP.JRN.ARTC.SC,Scientific and technical journal articles,1999,51.54,,0
TJK,Tajikistan,IP.JRN.ARTC.SC,Scientific and technical journal articles,1998,33.31,,0
TJK,Tajikistan,IP.JRN.ARTC.SC,Scientific and technical journal articles,1997,43.94,,0
TJK,Tajikistan,IP.JRN.ARTC.SC,Scientific and technical journal articles,1996,57.66,,0
TZA,Tanzania,IP.JRN.ARTC.SC,Scientific and technical journal articles,2022,1171.41,,0
TZA,Tanzania,IP.JRN.ARTC.SC,Scientific and technical journal articles,2021,997.15,,0
TZA,Tanzania,IP.JRN.ARTC.SC,Scientific and technical journal articles,2020,889.34,,0
TZA,Tanzania,IP.JRN.ARTC.SC,Scientific and technical journal articles,2019,790.66,,0
TZA,Tanzania,IP.JRN.ARTC.SC,Scientific and technical journal articles,2018,627.21,,0
TZA,Tanzania,IP.JRN.ARTC.SC,Scientific and technical journal articles,2017,616.07,,0
TZA,Tanzania,IP.JRN.ARTC.SC,Scientific and technical journal articles,2016,562.74,,0
TZA,Tanzania,IP.JRN.ARTC.SC,Scientific and technical journal articles,2015,538.35,,0
TZA,Tanzania,IP.JRN.ARTC.SC,Scientific and technical journal articles,2014,530.03,,0
TZA,Tanzania,IP.JRN.ARTC.SC,Scientific and technical journal articles,2013,401.29,,0
TZA,Tanzania,IP.JRN.ARTC.SC,Scientific and technical journal articles,2012,393.1,,0
TZA,Tanzania,IP.JRN.ARTC.SC,Scientific and technical journal articles,2011,401.13,,0
TZA,Tanzania,IP.JRN.ARTC.SC,Scientific and technical journal articles,2010,362.54,,0
TZA,Tanzania,IP.JRN.ARTC.SC,Scientific and technical journal articles,2009,312.61,,0
TZA,Tanzania,IP.JRN.ARTC.SC,Scientific and technical journal articles,2008,298.69,,0
TZA,Tanzania,IP.JRN.ARTC.SC,Scientific and technical journal articles,2007,309.05,,0
TZA,Tanzania,IP.JRN.ARTC.SC,Scientific and technical journal articles,2006,281.75,,0
TZA,Tanzania,IP.JRN.ARTC.SC,Scientific and technical journal articles,2005,218.52,,0
TZA,Tanzania,IP.JRN.ARTC.SC,Scientific and technical journal articles,2004,192.25,,0
TZA,Tanzania,IP.JRN.ARTC.SC,Scientific and technical journal articles,2003,169.1,,0
TZA,Tanzania,IP.JRN.ARTC.SC,Scientific and technical journal articles,2002,152.33,,0
TZA,Tanzania,IP.JRN.ARTC.SC,Scientific and technical journal articles,2001,131.48,,0
TZA,Tanzania,IP.JRN.ARTC.SC,Scientific and technical journal articles,2000,150.68,,0
TZA,Tanzania,IP.JRN.ARTC.SC,Scientific and technical journal articles,1999,138.93,,0
TZA,Tanzania,IP.JRN.ARTC.SC,Scientific and technical journal articles,1998,125.04,,0
TZA,Tanzania,IP.JRN.ARTC.SC,Scientific and technical journal articles,1997,140.72,,0
TZA,Tanzania,IP.JRN.ARTC.SC,Scientific and technical journal articles,1996,126.74,,0
THA,Thailand,IP.JRN.ARTC.SC,Scientific and technical journal articles,2022,18490.53,,0
THA,Thailand,IP.JRN.ARTC.SC,Scientific and technical journal articles,2021,16705.46,,0
THA,Thailand,IP.JRN.ARTC.SC,Scientific and technical journal articles,2020,14020.33,,0
THA,Thailand,IP.JRN.ARTC.SC,Scientific and technical journal articles,2019,13620.48,,0
THA,Thailand,IP.JRN.ARTC.SC,Scientific and technical journal articles,2018,12784.69,,0
THA,Thailand,IP.JRN.ARTC.SC,Scientific and technical journal articles,2017,11108.45,,0
THA,Thailand,IP.JRN.ARTC.SC,Scientific and technical journal articles,2016,9584.81,,0
THA,Thailand,IP.JRN.ARTC.SC,Scientific and technical journal articles,2015,8535.21,,0
THA,Thailand,IP.JRN.ARTC.SC,Scientific and technical journal articles,2014,8203.92,,0
THA,Thailand,IP.JRN.ARTC.SC,Scientific and technical journal articles,2013,7580.72,,0
THA,Thailand,IP.JRN.ARTC.SC,Scientific and technical journal articles,2012,7563.51,,0
THA,Thailand,IP.JRN.ARTC.SC,Scientific and technical journal articles,2011,7243.97,,0
THA,Thailand,IP.JRN.ARTC.SC,Scientific and technical journal articles,2010,6801.56,,0
THA,Thailand,IP.JRN.ARTC.SC,Scientific and technical journal articles,2009,6046.99,,0
THA,Thailand,IP.JRN.ARTC.SC,Scientific and technical journal articles,2008,5490.98,,0
THA,Thailand,IP.JRN.ARTC.SC,Scientific and technical journal articles,2007,4728.42,,0
THA,Thailand,IP.JRN.ARTC.SC,Scientific and technical journal articles,2006,4425.92,,0
THA,Thailand,IP.JRN.ARTC.SC,Scientific and technical journal articles,2005,3666.24,,0
THA,Thailand,IP.JRN.ARTC.SC,Scientific and technical journal articles,2004,2795.66,,0
THA,Thailand,IP.JRN.ARTC.SC,Scientific and technical journal articles,2003,2370.8,,0
THA,Thailand,IP.JRN.ARTC.SC,Scientific and technical journal articles,2002,2144.38,,0
THA,Thailand,IP.JRN.ARTC.SC,Scientific and technical journal articles,2001,1791.16,,0
THA,Thailand,IP.JRN.ARTC.SC,Scientific and technical journal articles,2000,1667.73,,0
THA,Thailand,IP.JRN.ARTC.SC,Scientific and technical journal articles,1999,1306.66,,0
THA,Thailand,IP.JRN.ARTC.SC,Scientific and technical journal articles,1998,1179.17,,0
THA,Thailand,IP.JRN.ARTC.SC,Scientific and technical journal articles,1997,995.07,,0
THA,Thailand,IP.JRN.ARTC.SC,Scientific and technical journal articles,1996,848,,0
TLS,Timor-Leste,IP.JRN.ARTC.SC,Scientific and technical journal articles,2022,13.94,,0
TLS,Timor-Leste,IP.JRN.ARTC.SC,Scientific and technical journal articles,2021,16.86,,0
TLS,Timor-Leste,IP.JRN.ARTC.SC,Scientific and technical journal articles,2020,11.77,,0
TLS,Timor-Leste,IP.JRN.ARTC.SC,Scientific and technical journal articles,2019,14.47,,0
TLS,Timor-Leste,IP.JRN.ARTC.SC,Scientific and technical journal articles,2018,15.79,,0
TLS,Timor-Leste,IP.JRN.ARTC.SC,Scientific and technical journal articles,2017,14.67,,0
TLS,Timor-Leste,IP.JRN.ARTC.SC,Scientific and technical journal articles,2016,8.56,,0
TLS,Timor-Leste,IP.JRN.ARTC.SC,Scientific and technical journal articles,2015,9.32,,0
TLS,Timor-Leste,IP.JRN.ARTC.SC,Scientific and technical journal articles,2014,11.84,,0
TLS,Timor-Leste,IP.JRN.ARTC.SC,Scientific and technical journal articles,2013,6.29,,0
TLS,Timor-Leste,IP.JRN.ARTC.SC,Scientific and technical journal articles,2012,6,,0
TLS,Timor-Leste,IP.JRN.ARTC.SC,Scientific and technical journal articles,2011,3.06,,0
TLS,Timor-Leste,IP.JRN.ARTC.SC,Scientific and technical journal articles,2010,1.1,,0
TLS,Timor-Leste,IP.JRN.ARTC.SC,Scientific and technical journal articles,2009,1.63,,0
TLS,Timor-Leste,IP.JRN.ARTC.SC,Scientific and technical journal articles,2008,1.28,,0
TLS,Timor-Leste,IP.JRN.ARTC.SC,Scientific and technical journal articles,2007,3.29,,0
TLS,Timor-Leste,IP.JRN.ARTC.SC,Scientific and technical journal articles,2006,3.87,,0
TLS,Timor-Leste,IP.JRN.ARTC.SC,Scientific and technical journal articles,2005,2.03,,0
TLS,Timor-Leste,IP.JRN.ARTC.SC,Scientific and technical journal articles,2004,1,,0
TLS,Timor-Leste,IP.JRN.ARTC.SC,Scientific and technical journal articles,2003,1.67,,0
TLS,Timor-Leste,IP.JRN.ARTC.SC,Scientific and technical journal articles,2002,0,,0
TLS,Timor-Leste,IP.JRN.ARTC.SC,Scientific and technical journal articles,2001,0,,0
TLS,Timor-Leste,IP.JRN.ARTC.SC,Scientific and technical journal articles,2000,0,,0
TLS,Timor-Leste,IP.JRN.ARTC.SC,Scientific and technical journal articles,1999,0,,0
TLS,Timor-Leste,IP.JRN.ARTC.SC,Scientific and technical journal articles,1998,0,,0
TLS,Timor-Leste,IP.JRN.ARTC.SC,Scientific and technical journal articles,1997,0,,0
TLS,Timor-Leste,IP.JRN.ARTC.SC,Scientific and technical journal articles,1996,0,,0
TGO,Togo,IP.JRN.ARTC.SC,Scientific and technical journal articles,2022,134.74,,0
TGO,Togo,IP.JRN.ARTC.SC,Scientific and technical journal articles,2021,107.38,,0
TGO,Togo,IP.JRN.ARTC.SC,Scientific and technical journal articles,2020,90.22,,0
TGO,Togo,IP.JRN.ARTC.SC,Scientific and technical journal articles,2019,90.69,,0
TGO,Togo,IP.JRN.ARTC.SC,Scientific and technical journal articles,2018,85.31,,0
TGO,Togo,IP.JRN.ARTC.SC,Scientific and technical journal articles,2017,66.29,,0
TGO,Togo,IP.JRN.ARTC.SC,Scientific and technical journal articles,2016,67.17,,0
TGO,Togo,IP.JRN.ARTC.SC,Scientific and technical journal articles,2015,69.89,,0
TGO,Togo,IP.JRN.ARTC.SC,Scientific and technical journal articles,2014,75.07,,0
TGO,Togo,IP.JRN.ARTC.SC,Scientific and technical journal articles,2013,56.57,,0
TGO,Togo,IP.JRN.ARTC.SC,Scientific and technical journal articles,2012,44.02,,0
TGO,Togo,IP.JRN.ARTC.SC,Scientific and technical journal articles,2011,48.88,,0
TGO,Togo,IP.JRN.ARTC.SC,Scientific and technical journal articles,2010,48.88,,0
TGO,Togo,IP.JRN.ARTC.SC,Scientific and technical journal articles,2009,42.37,,0
TGO,Togo,IP.JRN.ARTC.SC,Scientific and technical journal articles,2008,43.83,,0
TGO,Togo,IP.JRN.ARTC.SC,Scientific and technical journal articles,2007,29.79,,0
TGO,Togo,IP.JRN.ARTC.SC,Scientific and technical journal articles,2006,29.75,,0
TGO,Togo,IP.JRN.ARTC.SC,Scientific and technical journal articles,2005,24.98,,0
TGO,Togo,IP.JRN.ARTC.SC,Scientific and technical journal articles,2004,24.1,,0
TGO,Togo,IP.JRN.ARTC.SC,Scientific and technical journal articles,2003,26,,0
TGO,Togo,IP.JRN.ARTC.SC,Scientific and technical journal articles,2002,20.22,,0
TGO,Togo,IP.JRN.ARTC.SC,Scientific and technical journal articles,2001,26.48,,0
TGO,Togo,IP.JRN.ARTC.SC,Scientific and technical journal articles,2000,30.61,,0
TGO,Togo,IP.JRN.ARTC.SC,Scientific and technical journal articles,1999,41.43,,0
TGO,Togo,IP.JRN.ARTC.SC,Scientific and technical journal articles,1998,39.17,,0
TGO,Togo,IP.JRN.ARTC.SC,Scientific and technical journal articles,1997,21.68,,0
TGO,Togo,IP.JRN.ARTC.SC,Scientific and technical journal articles,1996,22.66,,0
TON,Tonga,IP.JRN.ARTC.SC,Scientific and technical journal articles,2022,4.63,,0
TON,Tonga,IP.JRN.ARTC.SC,Scientific and technical journal articles,2021,3.67,,0
TON,Tonga,IP.JRN.ARTC.SC,Scientific and technical journal articles,2020,9.24,,0
TON,Tonga,IP.JRN.ARTC.SC,Scientific and technical journal articles,2019,4.69,,0
TON,Tonga,IP.JRN.ARTC.SC,Scientific and technical journal articles,2018,5.82,,0
TON,Tonga,IP.JRN.ARTC.SC,Scientific and technical journal articles,2017,7.89,,0
TON,Tonga,IP.JRN.ARTC.SC,Scientific and technical journal articles,2016,3.34,,0
TON,Tonga,IP.JRN.ARTC.SC,Scientific and technical journal articles,2015,2.88,,0
TON,Tonga,IP.JRN.ARTC.SC,Scientific and technical journal articles,2014,0.88,,0
TON,Tonga,IP.JRN.ARTC.SC,Scientific and technical journal articles,2013,1.63,,0
TON,Tonga,IP.JRN.ARTC.SC,Scientific and technical journal articles,2012,1.83,,0
TON,Tonga,IP.JRN.ARTC.SC,Scientific and technical journal articles,2011,1.95,,0
TON,Tonga,IP.JRN.ARTC.SC,Scientific and technical journal articles,2010,1.28,,0
TON,Tonga,IP.JRN.ARTC.SC,Scientific and technical journal articles,2009,2.39,,0
TON,Tonga,IP.JRN.ARTC.SC,Scientific and technical journal articles,2008,0.46,,0
TON,Tonga,IP.JRN.ARTC.SC,Scientific and technical journal articles,2007,1.76,,0
TON,Tonga,IP.JRN.ARTC.SC,Scientific and technical journal articles,2006,4.66,,0
TON,Tonga,IP.JRN.ARTC.SC,Scientific and technical journal articles,2005,0.68,,0
TON,Tonga,IP.JRN.ARTC.SC,Scientific and technical journal articles,2004,3.13,,0
TON,Tonga,IP.JRN.ARTC.SC,Scientific and technical journal articles,2003,1.59,,0
TON,Tonga,IP.JRN.ARTC.SC,Scientific and technical journal articles,2002,1.83,,0
TON,Tonga,IP.JRN.ARTC.SC,Scientific and technical journal articles,2001,0.75,,0
TON,Tonga,IP.JRN.ARTC.SC,Scientific and technical journal articles,2000,2.33,,0
TON,Tonga,IP.JRN.ARTC.SC,Scientific and technical journal articles,1999,1.33,,0
TON,Tonga,IP.JRN.ARTC.SC,Scientific and technical journal articles,1998,1.25,,0
TON,Tonga,IP.JRN.ARTC.SC,Scientific and technical journal articles,1997,1.23,,0
TON,Tonga,IP.JRN.ARTC.SC,Scientific and technical journal articles,1996,0,,0
TTO,Trinidad and Tobago,IP.JRN.ARTC.SC,Scientific and technical journal articles,2022,261.85,,0
TTO,Trinidad and Tobago,IP.JRN.ARTC.SC,Scientific and technical journal articles,2021,264.04,,0
TTO,Trinidad and Tobago,IP.JRN.ARTC.SC,Scientific and technical journal articles,2020,246.75,,0
TTO,Trinidad and Tobago,IP.JRN.ARTC.SC,Scientific and technical journal articles,2019,241.49,,0
TTO,Trinidad and Tobago,IP.JRN.ARTC.SC,Scientific and technical journal articles,2018,233.13,,0
TTO,Trinidad and Tobago,IP.JRN.ARTC.SC,Scientific and technical journal articles,2017,221.4,,0
TTO,Trinidad and Tobago,IP.JRN.ARTC.SC,Scientific and technical journal articles,2016,206.67,,0
TTO,Trinidad and Tobago,IP.JRN.ARTC.SC,Scientific and technical journal articles,2015,151.67,,0
TTO,Trinidad and Tobago,IP.JRN.ARTC.SC,Scientific and technical journal articles,2014,242.35,,0
TTO,Trinidad and Tobago,IP.JRN.ARTC.SC,Scientific and technical journal articles,2013,158.81,,0
TTO,Trinidad and Tobago,IP.JRN.ARTC.SC,Scientific and technical journal articles,2012,205.67,,0
TTO,Trinidad and Tobago,IP.JRN.ARTC.SC,Scientific and technical journal articles,2011,221.34,,0
TTO,Trinidad and Tobago,IP.JRN.ARTC.SC,Scientific and technical journal articles,2010,212.36,,0
TTO,Trinidad and Tobago,IP.JRN.ARTC.SC,Scientific and technical journal articles,2009,208.35,,0
TTO,Trinidad and Tobago,IP.JRN.ARTC.SC,Scientific and technical journal articles,2008,161.74,,0
TTO,Trinidad and Tobago,IP.JRN.ARTC.SC,Scientific and technical journal articles,2007,169.38,,0
TTO,Trinidad and Tobago,IP.JRN.ARTC.SC,Scientific and technical journal articles,2006,130.66,,0
TTO,Trinidad and Tobago,IP.JRN.ARTC.SC,Scientific and technical journal articles,2005,174.55,,0
TTO,Trinidad and Tobago,IP.JRN.ARTC.SC,Scientific and technical journal articles,2004,132.38,,0
TTO,Trinidad and Tobago,IP.JRN.ARTC.SC,Scientific and technical journal articles,2003,120.38,,0
TTO,Trinidad and Tobago,IP.JRN.ARTC.SC,Scientific and technical journal articles,2002,111.99,,0
TTO,Trinidad and Tobago,IP.JRN.ARTC.SC,Scientific and technical journal articles,2001,107.09,,0
TTO,Trinidad and Tobago,IP.JRN.ARTC.SC,Scientific and technical journal articles,2000,88.81,,0
TTO,Trinidad and Tobago,IP.JRN.ARTC.SC,Scientific and technical journal articles,1999,79.34,,0
TTO,Trinidad and Tobago,IP.JRN.ARTC.SC,Scientific and technical journal articles,1998,86.1,,0
TTO,Trinidad and Tobago,IP.JRN.ARTC.SC,Scientific and technical journal articles,1997,76.46,,0
TTO,Trinidad and Tobago,IP.JRN.ARTC.SC,Scientific and technical journal articles,1996,73.03,,0
TUN,Tunisia,IP.JRN.ARTC.SC,Scientific and technical journal articles,2022,5730.03,,0
TUN,Tunisia,IP.JRN.ARTC.SC,Scientific and technical journal articles,2021,5122.21,,0
TUN,Tunisia,IP.JRN.ARTC.SC,Scientific and technical journal articles,2020,4955.74,,0
TUN,Tunisia,IP.JRN.ARTC.SC,Scientific and technical journal articles,2019,5205.26,,0
TUN,Tunisia,IP.JRN.ARTC.SC,Scientific and technical journal articles,2018,5558.13,,0
TUN,Tunisia,IP.JRN.ARTC.SC,Scientific and technical journal articles,2017,5614.15,,0
TUN,Tunisia,IP.JRN.ARTC.SC,Scientific and technical journal articles,2016,5415.09,,0
TUN,Tunisia,IP.JRN.ARTC.SC,Scientific and technical journal articles,2015,4873.17,,0
TUN,Tunisia,IP.JRN.ARTC.SC,Scientific and technical journal articles,2014,4528.82,,0
TUN,Tunisia,IP.JRN.ARTC.SC,Scientific and technical journal articles,2013,4230.52,,0
TUN,Tunisia,IP.JRN.ARTC.SC,Scientific and technical journal articles,2012,3800.66,,0
TUN,Tunisia,IP.JRN.ARTC.SC,Scientific and technical journal articles,2011,3699.17,,0
TUN,Tunisia,IP.JRN.ARTC.SC,Scientific and technical journal articles,2010,3459.9,,0
TUN,Tunisia,IP.JRN.ARTC.SC,Scientific and technical journal articles,2009,3227.47,,0
TUN,Tunisia,IP.JRN.ARTC.SC,Scientific and technical journal articles,2008,2767.78,,0
TUN,Tunisia,IP.JRN.ARTC.SC,Scientific and technical journal articles,2007,2309.4,,0
TUN,Tunisia,IP.JRN.ARTC.SC,Scientific and technical journal articles,2006,1988.14,,0
TUN,Tunisia,IP.JRN.ARTC.SC,Scientific and technical journal articles,2005,1721.41,,0
TUN,Tunisia,IP.JRN.ARTC.SC,Scientific and technical journal articles,2004,1354.71,,0
TUN,Tunisia,IP.JRN.ARTC.SC,Scientific and technical journal articles,2003,1072.75,,0
TUN,Tunisia,IP.JRN.ARTC.SC,Scientific and technical journal articles,2002,981.44,,0
TUN,Tunisia,IP.JRN.ARTC.SC,Scientific and technical journal articles,2001,800.09,,0
TUN,Tunisia,IP.JRN.ARTC.SC,Scientific and technical journal articles,2000,656.7,,0
TUN,Tunisia,IP.JRN.ARTC.SC,Scientific and technical journal articles,1999,602.81,,0
TUN,Tunisia,IP.JRN.ARTC.SC,Scientific and technical journal articles,1998,555.52,,0
TUN,Tunisia,IP.JRN.ARTC.SC,Scientific and technical journal articles,1997,476.27,,0
TUN,Tunisia,IP.JRN.ARTC.SC,Scientific and technical journal articles,1996,382.19,,0
TUR,Turkiye,IP.JRN.ARTC.SC,Scientific and technical journal articles,2022,52657.73,,0
TUR,Turkiye,IP.JRN.ARTC.SC,Scientific and technical journal articles,2021,47600.4,,0
TUR,Turkiye,IP.JRN.ARTC.SC,Scientific and technical journal articles,2020,40923.32,,0
TUR,Turkiye,IP.JRN.ARTC.SC,Scientific and technical journal articles,2019,37976.86,,0
TUR,Turkiye,IP.JRN.ARTC.SC,Scientific and technical journal articles,2018,33902.25,,0
TUR,Turkiye,IP.JRN.ARTC.SC,Scientific and technical journal articles,2017,33087.1,,0
TUR,Turkiye,IP.JRN.ARTC.SC,Scientific and technical journal articles,2016,34932.25,,0
TUR,Turkiye,IP.JRN.ARTC.SC,Scientific and technical journal articles,2015,32539.53,,0
TUR,Turkiye,IP.JRN.ARTC.SC,Scientific and technical journal articles,2014,30611.18,,0
TUR,Turkiye,IP.JRN.ARTC.SC,Scientific and technical journal articles,2013,30007.39,,0
TUR,Turkiye,IP.JRN.ARTC.SC,Scientific and technical journal articles,2012,27961.75,,0
TUR,Turkiye,IP.JRN.ARTC.SC,Scientific and technical journal articles,2011,26838.73,,0
TUR,Turkiye,IP.JRN.ARTC.SC,Scientific and technical journal articles,2010,26145.4,,0
TUR,Turkiye,IP.JRN.ARTC.SC,Scientific and technical journal articles,2009,24758.42,,0
TUR,Turkiye,IP.JRN.ARTC.SC,Scientific and technical journal articles,2008,21787.66,,0
TUR,Turkiye,IP.JRN.ARTC.SC,Scientific and technical journal articles,2007,21483.68,,0
TUR,Turkiye,IP.JRN.ARTC.SC,Scientific and technical journal articles,2006,19421.02,,0
TUR,Turkiye,IP.JRN.ARTC.SC,Scientific and technical journal articles,2005,17647.28,,0
TUR,Turkiye,IP.JRN.ARTC.SC,Scientific and technical journal articles,2004,15871.77,,0
TUR,Turkiye,IP.JRN.ARTC.SC,Scientific and technical journal articles,2003,13376.28,,0
TUR,Turkiye,IP.JRN.ARTC.SC,Scientific and technical journal articles,2002,10971.39,,0
TUR,Turkiye,IP.JRN.ARTC.SC,Scientific and technical journal articles,2001,8591.94,,0
TUR,Turkiye,IP.JRN.ARTC.SC,Scientific and technical journal articles,2000,6815.4,,0
TUR,Turkiye,IP.JRN.ARTC.SC,Scientific and technical journal articles,1999,6742.31,,0
TUR,Turkiye,IP.JRN.ARTC.SC,Scientific and technical journal articles,1998,5770.4,,0
TUR,Turkiye,IP.JRN.ARTC.SC,Scientific and technical journal articles,1997,5389.78,,0
TUR,Turkiye,IP.JRN.ARTC.SC,Scientific and technical journal articles,1996,5040.7,,0
TKM,Turkmenistan,IP.JRN.ARTC.SC,Scientific and technical journal articles,2022,21.92,,0
TKM,Turkmenistan,IP.JRN.ARTC.SC,Scientific and technical journal articles,2021,12.44,,0
TKM,Turkmenistan,IP.JRN.ARTC.SC,Scientific and technical journal articles,2020,5.5,,0
TKM,Turkmenistan,IP.JRN.ARTC.SC,Scientific and technical journal articles,2019,2.72,,0
TKM,Turkmenistan,IP.JRN.ARTC.SC,Scientific and technical journal articles,2018,4.94,,0
TKM,Turkmenistan,IP.JRN.ARTC.SC,Scientific and technical journal articles,2017,7.93,,0
TKM,Turkmenistan,IP.JRN.ARTC.SC,Scientific and technical journal articles,2016,2.98,,0
TKM,Turkmenistan,IP.JRN.ARTC.SC,Scientific and technical journal articles,2015,6.2,,0
TKM,Turkmenistan,IP.JRN.ARTC.SC,Scientific and technical journal articles,2014,18.89,,0
TKM,Turkmenistan,IP.JRN.ARTC.SC,Scientific and technical journal articles,2013,5.85,,0
TKM,Turkmenistan,IP.JRN.ARTC.SC,Scientific and technical journal articles,2012,12.67,,0
TKM,Turkmenistan,IP.JRN.ARTC.SC,Scientific and technical journal articles,2011,12.23,,0
TKM,Turkmenistan,IP.JRN.ARTC.SC,Scientific and technical journal articles,2010,6.88,,0
TKM,Turkmenistan,IP.JRN.ARTC.SC,Scientific and technical journal articles,2009,3.84,,0
TKM,Turkmenistan,IP.JRN.ARTC.SC,Scientific and technical journal articles,2008,1.58,,0
TKM,Turkmenistan,IP.JRN.ARTC.SC,Scientific and technical journal articles,2007,4.87,,0
TKM,Turkmenistan,IP.JRN.ARTC.SC,Scientific and technical journal articles,2006,3.84,,0
TKM,Turkmenistan,IP.JRN.ARTC.SC,Scientific and technical journal articles,2005,3.18,,0
TKM,Turkmenistan,IP.JRN.ARTC.SC,Scientific and technical journal articles,2004,4.5,,0
TKM,Turkmenistan,IP.JRN.ARTC.SC,Scientific and technical journal articles,2003,3.95,,0
TKM,Turkmenistan,IP.JRN.ARTC.SC,Scientific and technical journal articles,2002,5.61,,0
TKM,Turkmenistan,IP.JRN.ARTC.SC,Scientific and technical journal articles,2001,5.6,,0
TKM,Turkmenistan,IP.JRN.ARTC.SC,Scientific and technical journal articles,2000,5.9,,0
TKM,Turkmenistan,IP.JRN.ARTC.SC,Scientific and technical journal articles,1999,1.77,,0
TKM,Turkmenistan,IP.JRN.ARTC.SC,Scientific and technical journal articles,1998,5.67,,0
TKM,Turkmenistan,IP.JRN.ARTC.SC,Scientific and technical journal articles,1997,7.58,,0
TKM,Turkmenistan,IP.JRN.ARTC.SC,Scientific and technical journal articles,1996,10.3,,0
TUV,Tuvalu,IP.JRN.ARTC.SC,Scientific and technical journal articles,2022,0.52,,0
TUV,Tuvalu,IP.JRN.ARTC.SC,Scientific and technical journal articles,2021,0.06,,0
TUV,Tuvalu,IP.JRN.ARTC.SC,Scientific and technical journal articles,2020,0.39,,0
TUV,Tuvalu,IP.JRN.ARTC.SC,Scientific and technical journal articles,2019,0.12,,0
TUV,Tuvalu,IP.JRN.ARTC.SC,Scientific and technical journal articles,2018,0.48,,0
TUV,Tuvalu,IP.JRN.ARTC.SC,Scientific and technical journal articles,2017,0.65,,0
TUV,Tuvalu,IP.JRN.ARTC.SC,Scientific and technical journal articles,2016,0.41,,0
TUV,Tuvalu,IP.JRN.ARTC.SC,Scientific and technical journal articles,2015,1.09,,0
TUV,Tuvalu,IP.JRN.ARTC.SC,Scientific and technical journal articles,2014,1.13,,0
TUV,Tuvalu,IP.JRN.ARTC.SC,Scientific and technical journal articles,2013,0.33,,0
TUV,Tuvalu,IP.JRN.ARTC.SC,Scientific and technical journal articles,2012,0.04,,0
TUV,Tuvalu,IP.JRN.ARTC.SC,Scientific and technical journal articles,2011,0,,0
TUV,Tuvalu,IP.JRN.ARTC.SC,Scientific and technical journal articles,2010,0,,0
TUV,Tuvalu,IP.JRN.ARTC.SC,Scientific and technical journal articles,2009,0.25,,0
TUV,Tuvalu,IP.JRN.ARTC.SC,Scientific and technical journal articles,2008,0.33,,0
TUV,Tuvalu,IP.JRN.ARTC.SC,Scientific and technical journal articles,2007,0.37,,0
TUV,Tuvalu,IP.JRN.ARTC.SC,Scientific and technical journal articles,2006,1.27,,0
TUV,Tuvalu,IP.JRN.ARTC.SC,Scientific and technical journal articles,2005,0,,0
TUV,Tuvalu,IP.JRN.ARTC.SC,Scientific and technical journal articles,2004,0.61,,0
TUV,Tuvalu,IP.JRN.ARTC.SC,Scientific and technical journal articles,2003,0.6,,0
TUV,Tuvalu,IP.JRN.ARTC.SC,Scientific and technical journal articles,2002,0,,0
TUV,Tuvalu,IP.JRN.ARTC.SC,Scientific and technical journal articles,2001,1,,0
TUV,Tuvalu,IP.JRN.ARTC.SC,Scientific and technical journal articles,2000,0,,0
TUV,Tuvalu,IP.JRN.ARTC.SC,Scientific and technical journal articles,1999,0,,0
TUV,Tuvalu,IP.JRN.ARTC.SC,Scientific and technical journal articles,1998,0,,0
TUV,Tuvalu,IP.JRN.ARTC.SC,Scientific and technical journal articles,1997,0,,0
TUV,Tuvalu,IP.JRN.ARTC.SC,Scientific and technical journal articles,1996,0,,0
UGA,Uganda,IP.JRN.ARTC.SC,Scientific and technical journal articles,2022,1244,,0
UGA,Uganda,IP.JRN.ARTC.SC,Scientific and technical journal articles,2021,1207.57,,0
UGA,Uganda,IP.JRN.ARTC.SC,Scientific and technical journal articles,2020,920.53,,0
UGA,Uganda,IP.JRN.ARTC.SC,Scientific and technical journal articles,2019,802.04,,0
UGA,Uganda,IP.JRN.ARTC.SC,Scientific and technical journal articles,2018,685.5,,0
UGA,Uganda,IP.JRN.ARTC.SC,Scientific and technical journal articles,2017,652.78,,0
UGA,Uganda,IP.JRN.ARTC.SC,Scientific and technical journal articles,2016,604.59,,0
UGA,Uganda,IP.JRN.ARTC.SC,Scientific and technical journal articles,2015,609.18,,0
UGA,Uganda,IP.JRN.ARTC.SC,Scientific and technical journal articles,2014,510.01,,0
UGA,Uganda,IP.JRN.ARTC.SC,Scientific and technical journal articles,2013,472.09,,0
UGA,Uganda,IP.JRN.ARTC.SC,Scientific and technical journal articles,2012,451.08,,0
UGA,Uganda,IP.JRN.ARTC.SC,Scientific and technical journal articles,2011,416.4,,0
UGA,Uganda,IP.JRN.ARTC.SC,Scientific and technical journal articles,2010,407.42,,0
UGA,Uganda,IP.JRN.ARTC.SC,Scientific and technical journal articles,2009,310.08,,0
UGA,Uganda,IP.JRN.ARTC.SC,Scientific and technical journal articles,2008,254.51,,0
UGA,Uganda,IP.JRN.ARTC.SC,Scientific and technical journal articles,2007,279.53,,0
UGA,Uganda,IP.JRN.ARTC.SC,Scientific and technical journal articles,2006,208.81,,0
UGA,Uganda,IP.JRN.ARTC.SC,Scientific and technical journal articles,2005,220.28,,0
UGA,Uganda,IP.JRN.ARTC.SC,Scientific and technical journal articles,2004,211.67,,0
UGA,Uganda,IP.JRN.ARTC.SC,Scientific and technical journal articles,2003,138.04,,0
UGA,Uganda,IP.JRN.ARTC.SC,Scientific and technical journal articles,2002,130.89,,0
UGA,Uganda,IP.JRN.ARTC.SC,Scientific and technical journal articles,2001,135.69,,0
UGA,Uganda,IP.JRN.ARTC.SC,Scientific and technical journal articles,2000,130.85,,0
UGA,Uganda,IP.JRN.ARTC.SC,Scientific and technical journal articles,1999,117.57,,0
UGA,Uganda,IP.JRN.ARTC.SC,Scientific and technical journal articles,1998,99.55,,0
UGA,Uganda,IP.JRN.ARTC.SC,Scientific and technical journal articles,1997,74.57,,0
UGA,Uganda,IP.JRN.ARTC.SC,Scientific and technical journal articles,1996,83.4,,0
UKR,Ukraine,IP.JRN.ARTC.SC,Scientific and technical journal articles,2022,13205.56,,0
UKR,Ukraine,IP.JRN.ARTC.SC,Scientific and technical journal articles,2021,15133.9,,0
UKR,Ukraine,IP.JRN.ARTC.SC,Scientific and technical journal articles,2020,14058.8,,0
UKR,Ukraine,IP.JRN.ARTC.SC,Scientific and technical journal articles,2019,13299.64,,0
UKR,Ukraine,IP.JRN.ARTC.SC,Scientific and technical journal articles,2018,10355.29,,0
UKR,Ukraine,IP.JRN.ARTC.SC,Scientific and technical journal articles,2017,9161.78,,0
UKR,Ukraine,IP.JRN.ARTC.SC,Scientific and technical journal articles,2016,7962.38,,0
UKR,Ukraine,IP.JRN.ARTC.SC,Scientific and technical journal articles,2015,7534.41,,0
UKR,Ukraine,IP.JRN.ARTC.SC,Scientific and technical journal articles,2014,7282.92,,0
UKR,Ukraine,IP.JRN.ARTC.SC,Scientific and technical journal articles,2013,7355.95,,0
UKR,Ukraine,IP.JRN.ARTC.SC,Scientific and technical journal articles,2012,6659.32,,0
UKR,Ukraine,IP.JRN.ARTC.SC,Scientific and technical journal articles,2011,6319.59,,0
UKR,Ukraine,IP.JRN.ARTC.SC,Scientific and technical journal articles,2010,6069.02,,0
UKR,Ukraine,IP.JRN.ARTC.SC,Scientific and technical journal articles,2009,5673.58,,0
UKR,Ukraine,IP.JRN.ARTC.SC,Scientific and technical journal articles,2008,5953.06,,0
UKR,Ukraine,IP.JRN.ARTC.SC,Scientific and technical journal articles,2007,5484.41,,0
UKR,Ukraine,IP.JRN.ARTC.SC,Scientific and technical journal articles,2006,5425.57,,0
UKR,Ukraine,IP.JRN.ARTC.SC,Scientific and technical journal articles,2005,6117.24,,0
UKR,Ukraine,IP.JRN.ARTC.SC,Scientific and technical journal articles,2004,5962.46,,0
UKR,Ukraine,IP.JRN.ARTC.SC,Scientific and technical journal articles,2003,5911.63,,0
UKR,Ukraine,IP.JRN.ARTC.SC,Scientific and technical journal articles,2002,6040.03,,0
UKR,Ukraine,IP.JRN.ARTC.SC,Scientific and technical journal articles,2001,6802.16,,0
UKR,Ukraine,IP.JRN.ARTC.SC,Scientific and technical journal articles,2000,5527.45,,0
UKR,Ukraine,IP.JRN.ARTC.SC,Scientific and technical journal articles,1999,5576.98,,0
UKR,Ukraine,IP.JRN.ARTC.SC,Scientific and technical journal articles,1998,6339.12,,0
UKR,Ukraine,IP.JRN.ARTC.SC,Scientific and technical journal articles,1997,6055.68,,0
UKR,Ukraine,IP.JRN.ARTC.SC,Scientific and technical journal articles,1996,5646.64,,0
ARE,United Arab Emirates,IP.JRN.ARTC.SC,Scientific and technical journal articles,2022,6401.84,,0
ARE,United Arab Emirates,IP.JRN.ARTC.SC,Scientific and technical journal articles,2021,5266.62,,0
ARE,United Arab Emirates,IP.JRN.ARTC.SC,Scientific and technical journal articles,2020,4467.88,,0
ARE,United Arab Emirates,IP.JRN.ARTC.SC,Scientific and technical journal articles,2019,4137.79,,0
ARE,United Arab Emirates,IP.JRN.ARTC.SC,Scientific and technical journal articles,2018,3080.82,,0
ARE,United Arab Emirates,IP.JRN.ARTC.SC,Scientific and technical journal articles,2017,2866.45,,0
ARE,United Arab Emirates,IP.JRN.ARTC.SC,Scientific and technical journal articles,2016,2562.72,,0
ARE,United Arab Emirates,IP.JRN.ARTC.SC,Scientific and technical journal articles,2015,2314.25,,0
ARE,United Arab Emirates,IP.JRN.ARTC.SC,Scientific and technical journal articles,2014,1814.55,,0
ARE,United Arab Emirates,IP.JRN.ARTC.SC,Scientific and technical journal articles,2013,1763.04,,0
ARE,United Arab Emirates,IP.JRN.ARTC.SC,Scientific and technical journal articles,2012,1607.36,,0
ARE,United Arab Emirates,IP.JRN.ARTC.SC,Scientific and technical journal articles,2011,1423.22,,0
ARE,United Arab Emirates,IP.JRN.ARTC.SC,Scientific and technical journal articles,2010,1264.69,,0
ARE,United Arab Emirates,IP.JRN.ARTC.SC,Scientific and technical journal articles,2009,1044.34,,0
ARE,United Arab Emirates,IP.JRN.ARTC.SC,Scientific and technical journal articles,2008,906.71,,0
ARE,United Arab Emirates,IP.JRN.ARTC.SC,Scientific and technical journal articles,2007,788.38,,0
ARE,United Arab Emirates,IP.JRN.ARTC.SC,Scientific and technical journal articles,2006,835.69,,0
ARE,United Arab Emirates,IP.JRN.ARTC.SC,Scientific and technical journal articles,2005,718.77,,0
ARE,United Arab Emirates,IP.JRN.ARTC.SC,Scientific and technical journal articles,2004,563.1,,0
ARE,United Arab Emirates,IP.JRN.ARTC.SC,Scientific and technical journal articles,2003,546.62,,0
ARE,United Arab Emirates,IP.JRN.ARTC.SC,Scientific and technical journal articles,2002,393.49,,0
ARE,United Arab Emirates,IP.JRN.ARTC.SC,Scientific and technical journal articles,2001,376.47,,0
ARE,United Arab Emirates,IP.JRN.ARTC.SC,Scientific and technical journal articles,2000,324.89,,0
ARE,United Arab Emirates,IP.JRN.ARTC.SC,Scientific and technical journal articles,1999,247.78,,0
ARE,United Arab Emirates,IP.JRN.ARTC.SC,Scientific and technical journal articles,1998,320.66,,0
ARE,United Arab Emirates,IP.JRN.ARTC.SC,Scientific and technical journal articles,1997,282.44,,0
ARE,United Arab Emirates,IP.JRN.ARTC.SC,Scientific and technical journal articles,1996,294.31,,0
GBR,United Kingdom,IP.JRN.ARTC.SC,Scientific and technical journal articles,2022,105583.93,,0
GBR,United Kingdom,IP.JRN.ARTC.SC,Scientific and technical journal articles,2021,109939.22,,0
GBR,United Kingdom,IP.JRN.ARTC.SC,Scientific and technical journal articles,2020,104648.2,,0
GBR,United Kingdom,IP.JRN.ARTC.SC,Scientific and technical journal articles,2019,103937.96,,0
GBR,United Kingdom,IP.JRN.ARTC.SC,Scientific and technical journal articles,2018,102782.03,,0
GBR,United Kingdom,IP.JRN.ARTC.SC,Scientific and technical journal articles,2017,102026.8,,0
GBR,United Kingdom,IP.JRN.ARTC.SC,Scientific and technical journal articles,2016,101572,,0
GBR,United Kingdom,IP.JRN.ARTC.SC,Scientific and technical journal articles,2015,101175.14,,0
GBR,United Kingdom,IP.JRN.ARTC.SC,Scientific and technical journal articles,2014,99810.65,,0
GBR,United Kingdom,IP.JRN.ARTC.SC,Scientific and technical journal articles,2013,99858.85,,0
GBR,United Kingdom,IP.JRN.ARTC.SC,Scientific and technical journal articles,2012,98685.19,,0
GBR,United Kingdom,IP.JRN.ARTC.SC,Scientific and technical journal articles,2011,96414.12,,0
GBR,United Kingdom,IP.JRN.ARTC.SC,Scientific and technical journal articles,2010,95150.46,,0
GBR,United Kingdom,IP.JRN.ARTC.SC,Scientific and technical journal articles,2009,95006.68,,0
GBR,United Kingdom,IP.JRN.ARTC.SC,Scientific and technical journal articles,2008,92751.47,,0
GBR,United Kingdom,IP.JRN.ARTC.SC,Scientific and technical journal articles,2007,92537.3,,0
GBR,United Kingdom,IP.JRN.ARTC.SC,Scientific and technical journal articles,2006,89912.02,,0
GBR,United Kingdom,IP.JRN.ARTC.SC,Scientific and technical journal articles,2005,86341.25,,0
GBR,United Kingdom,IP.JRN.ARTC.SC,Scientific and technical journal articles,2004,80815.73,,0
GBR,United Kingdom,IP.JRN.ARTC.SC,Scientific and technical journal articles,2003,77151.46,,0
GBR,United Kingdom,IP.JRN.ARTC.SC,Scientific and technical journal articles,2002,75375.88,,0
GBR,United Kingdom,IP.JRN.ARTC.SC,Scientific and technical journal articles,2001,74398.12,,0
GBR,United Kingdom,IP.JRN.ARTC.SC,Scientific and technical journal articles,2000,77969.06,,0
GBR,United Kingdom,IP.JRN.ARTC.SC,Scientific and technical journal articles,1999,73334.16,,0
GBR,United Kingdom,IP.JRN.ARTC.SC,Scientific and technical journal articles,1998,74207.66,,0
GBR,United Kingdom,IP.JRN.ARTC.SC,Scientific and technical journal articles,1997,74151.07,,0
GBR,United Kingdom,IP.JRN.ARTC.SC,Scientific and technical journal articles,1996,72332.42,,0
USA,United States,IP.JRN.ARTC.SC,Scientific and technical journal articles,2022,457335.25,,0
USA,United States,IP.JRN.ARTC.SC,Scientific and technical journal articles,2021,472448.44,,0
USA,United States,IP.JRN.ARTC.SC,Scientific and technical journal articles,2020,457586.9,,0
USA,United States,IP.JRN.ARTC.SC,Scientific and technical journal articles,2019,451480.17,,0
USA,United States,IP.JRN.ARTC.SC,Scientific and technical journal articles,2018,447164.41,,0
USA,United States,IP.JRN.ARTC.SC,Scientific and technical journal articles,2017,440417.99,,0
USA,United States,IP.JRN.ARTC.SC,Scientific and technical journal articles,2016,437546.04,,0
USA,United States,IP.JRN.ARTC.SC,Scientific and technical journal articles,2015,436908.38,,0
USA,United States,IP.JRN.ARTC.SC,Scientific and technical journal articles,2014,434412.33,,0
USA,United States,IP.JRN.ARTC.SC,Scientific and technical journal articles,2013,432033.06,,0
USA,United States,IP.JRN.ARTC.SC,Scientific and technical journal articles,2012,430163.93,,0
USA,United States,IP.JRN.ARTC.SC,Scientific and technical journal articles,2011,426831.73,,0
USA,United States,IP.JRN.ARTC.SC,Scientific and technical journal articles,2010,413704.71,,0
USA,United States,IP.JRN.ARTC.SC,Scientific and technical journal articles,2009,404007.54,,0
USA,United States,IP.JRN.ARTC.SC,Scientific and technical journal articles,2008,399273.41,,0
USA,United States,IP.JRN.ARTC.SC,Scientific and technical journal articles,2007,396306.1,,0
USA,United States,IP.JRN.ARTC.SC,Scientific and technical journal articles,2006,394240.08,,0
USA,United States,IP.JRN.ARTC.SC,Scientific and technical journal articles,2005,390402.56,,0
USA,United States,IP.JRN.ARTC.SC,Scientific and technical journal articles,2004,360328.73,,0
USA,United States,IP.JRN.ARTC.SC,Scientific and technical journal articles,2003,336490.55,,0
USA,United States,IP.JRN.ARTC.SC,Scientific and technical journal articles,2002,320944.51,,0
USA,United States,IP.JRN.ARTC.SC,Scientific and technical journal articles,2001,306733.89,,0
USA,United States,IP.JRN.ARTC.SC,Scientific and technical journal articles,2000,306472.5,,0
USA,United States,IP.JRN.ARTC.SC,Scientific and technical journal articles,1999,296940.93,,0
USA,United States,IP.JRN.ARTC.SC,Scientific and technical journal articles,1998,302600.31,,0
USA,United States,IP.JRN.ARTC.SC,Scientific and technical journal articles,1997,311116.82,,0
USA,United States,IP.JRN.ARTC.SC,Scientific and technical journal articles,1996,313391.54,,0
URY,Uruguay,IP.JRN.ARTC.SC,Scientific and technical journal articles,2022,1057.66,,0
URY,Uruguay,IP.JRN.ARTC.SC,Scientific and technical journal articles,2021,1189.05,,0
URY,Uruguay,IP.JRN.ARTC.SC,Scientific and technical journal articles,2020,980.26,,0
URY,Uruguay,IP.JRN.ARTC.SC,Scientific and technical journal articles,2019,995.1,,0
URY,Uruguay,IP.JRN.ARTC.SC,Scientific and technical journal articles,2018,926.32,,0
URY,Uruguay,IP.JRN.ARTC.SC,Scientific and technical journal articles,2017,802.09,,0
URY,Uruguay,IP.JRN.ARTC.SC,Scientific and technical journal articles,2016,856.64,,0
URY,Uruguay,IP.JRN.ARTC.SC,Scientific and technical journal articles,2015,697.03,,0
URY,Uruguay,IP.JRN.ARTC.SC,Scientific and technical journal articles,2014,740.37,,0
URY,Uruguay,IP.JRN.ARTC.SC,Scientific and technical journal articles,2013,596.79,,0
URY,Uruguay,IP.JRN.ARTC.SC,Scientific and technical journal articles,2012,584.87,,0
URY,Uruguay,IP.JRN.ARTC.SC,Scientific and technical journal articles,2011,577.09,,0
URY,Uruguay,IP.JRN.ARTC.SC,Scientific and technical journal articles,2010,500.67,,0
URY,Uruguay,IP.JRN.ARTC.SC,Scientific and technical journal articles,2009,483.83,,0
URY,Uruguay,IP.JRN.ARTC.SC,Scientific and technical journal articles,2008,441.63,,0
URY,Uruguay,IP.JRN.ARTC.SC,Scientific and technical journal articles,2007,386.57,,0
URY,Uruguay,IP.JRN.ARTC.SC,Scientific and technical journal articles,2006,363.5,,0
URY,Uruguay,IP.JRN.ARTC.SC,Scientific and technical journal articles,2005,353.36,,0
URY,Uruguay,IP.JRN.ARTC.SC,Scientific and technical journal articles,2004,308.34,,0
URY,Uruguay,IP.JRN.ARTC.SC,Scientific and technical journal articles,2003,282.74,,0
URY,Uruguay,IP.JRN.ARTC.SC,Scientific and technical journal articles,2002,274.53,,0
URY,Uruguay,IP.JRN.ARTC.SC,Scientific and technical journal articles,2001,234.78,,0
URY,Uruguay,IP.JRN.ARTC.SC,Scientific and technical journal articles,2000,224.92,,0
URY,Uruguay,IP.JRN.ARTC.SC,Scientific and technical journal articles,1999,202.75,,0
URY,Uruguay,IP.JRN.ARTC.SC,Scientific and technical journal articles,1998,216.66,,0
URY,Uruguay,IP.JRN.ARTC.SC,Scientific and technical journal articles,1997,199.77,,0
URY,Uruguay,IP.JRN.ARTC.SC,Scientific and technical journal articles,1996,166.03,,0
UZB,Uzbekistan,IP.JRN.ARTC.SC,Scientific and technical journal articles,2022,2187.4,,0
UZB,Uzbekistan,IP.JRN.ARTC.SC,Scientific and technical journal articles,2021,2408.47,,0
UZB,Uzbekistan,IP.JRN.ARTC.SC,Scientific and technical journal articles,2020,1259.22,,0
UZB,Uzbekistan,IP.JRN.ARTC.SC,Scientific and technical journal articles,2019,772.6,,0
UZB,Uzbekistan,IP.JRN.ARTC.SC,Scientific and technical journal articles,2018,350.52,,0
UZB,Uzbekistan,IP.JRN.ARTC.SC,Scientific and technical journal articles,2017,340.02,,0
UZB,Uzbekistan,IP.JRN.ARTC.SC,Scientific and technical journal articles,2016,377.68,,0
UZB,Uzbekistan,IP.JRN.ARTC.SC,Scientific and technical journal articles,2015,294.17,,0
UZB,Uzbekistan,IP.JRN.ARTC.SC,Scientific and technical journal articles,2014,334.27,,0
UZB,Uzbekistan,IP.JRN.ARTC.SC,Scientific and technical journal articles,2013,353.35,,0
UZB,Uzbekistan,IP.JRN.ARTC.SC,Scientific and technical journal articles,2012,331.89,,0
UZB,Uzbekistan,IP.JRN.ARTC.SC,Scientific and technical journal articles,2011,380.73,,0
UZB,Uzbekistan,IP.JRN.ARTC.SC,Scientific and technical journal articles,2010,395.01,,0
UZB,Uzbekistan,IP.JRN.ARTC.SC,Scientific and technical journal articles,2009,341.19,,0
UZB,Uzbekistan,IP.JRN.ARTC.SC,Scientific and technical journal articles,2008,306.83,,0
UZB,Uzbekistan,IP.JRN.ARTC.SC,Scientific and technical journal articles,2007,333.09,,0
UZB,Uzbekistan,IP.JRN.ARTC.SC,Scientific and technical journal articles,2006,322.62,,0
UZB,Uzbekistan,IP.JRN.ARTC.SC,Scientific and technical journal articles,2005,349.91,,0
UZB,Uzbekistan,IP.JRN.ARTC.SC,Scientific and technical journal articles,2004,375.91,,0
UZB,Uzbekistan,IP.JRN.ARTC.SC,Scientific and technical journal articles,2003,317.17,,0
UZB,Uzbekistan,IP.JRN.ARTC.SC,Scientific and technical journal articles,2002,372.27,,0
UZB,Uzbekistan,IP.JRN.ARTC.SC,Scientific and technical journal articles,2001,423.13,,0
UZB,Uzbekistan,IP.JRN.ARTC.SC,Scientific and technical journal articles,2000,363.31,,0
UZB,Uzbekistan,IP.JRN.ARTC.SC,Scientific and technical journal articles,1999,348.26,,0
UZB,Uzbekistan,IP.JRN.ARTC.SC,Scientific and technical journal articles,1998,372.05,,0
UZB,Uzbekistan,IP.JRN.ARTC.SC,Scientific and technical journal articles,1997,417.37,,0
UZB,Uzbekistan,IP.JRN.ARTC.SC,Scientific and technical journal articles,1996,380.02,,0
VUT,Vanuatu,IP.JRN.ARTC.SC,Scientific and technical journal articles,2022,14.7,,0
VUT,Vanuatu,IP.JRN.ARTC.SC,Scientific and technical journal articles,2021,17.87,,0
VUT,Vanuatu,IP.JRN.ARTC.SC,Scientific and technical journal articles,2020,11.54,,0
VUT,Vanuatu,IP.JRN.ARTC.SC,Scientific and technical journal articles,2019,10.24,,0
VUT,Vanuatu,IP.JRN.ARTC.SC,Scientific and technical journal articles,2018,8.45,,0
VUT,Vanuatu,IP.JRN.ARTC.SC,Scientific and technical journal articles,2017,10.47,,0
VUT,Vanuatu,IP.JRN.ARTC.SC,Scientific and technical journal articles,2016,13.13,,0
VUT,Vanuatu,IP.JRN.ARTC.SC,Scientific and technical journal articles,2015,10.55,,0
VUT,Vanuatu,IP.JRN.ARTC.SC,Scientific and technical journal articles,2014,8.33,,0
VUT,Vanuatu,IP.JRN.ARTC.SC,Scientific and technical journal articles,2013,7.85,,0
VUT,Vanuatu,IP.JRN.ARTC.SC,Scientific and technical journal articles,2012,6.51,,0
VUT,Vanuatu,IP.JRN.ARTC.SC,Scientific and technical journal articles,2011,7.94,,0
VUT,Vanuatu,IP.JRN.ARTC.SC,Scientific and technical journal articles,2010,7.08,,0
VUT,Vanuatu,IP.JRN.ARTC.SC,Scientific and technical journal articles,2009,5.89,,0
VUT,Vanuatu,IP.JRN.ARTC.SC,Scientific and technical journal articles,2008,4.15,,0
VUT,Vanuatu,IP.JRN.ARTC.SC,Scientific and technical journal articles,2007,2.61,,0
VUT,Vanuatu,IP.JRN.ARTC.SC,Scientific and technical journal articles,2006,5.68,,0
VUT,Vanuatu,IP.JRN.ARTC.SC,Scientific and technical journal articles,2005,13.23,,0
VUT,Vanuatu,IP.JRN.ARTC.SC,Scientific and technical journal articles,2004,10.81,,0
VUT,Vanuatu,IP.JRN.ARTC.SC,Scientific and technical journal articles,2003,6.53,,0
VUT,Vanuatu,IP.JRN.ARTC.SC,Scientific and technical journal articles,2002,5.48,,0
VUT,Vanuatu,IP.JRN.ARTC.SC,Scientific and technical journal articles,2001,3.17,,0
VUT,Vanuatu,IP.JRN.ARTC.SC,Scientific and technical journal articles,2000,3.82,,0
VUT,Vanuatu,IP.JRN.ARTC.SC,Scientific and technical journal articles,1999,6.99,,0
VUT,Vanuatu,IP.JRN.ARTC.SC,Scientific and technical journal articles,1998,1.15,,0
VUT,Vanuatu,IP.JRN.ARTC.SC,Scientific and technical journal articles,1997,3.69,,0
VUT,Vanuatu,IP.JRN.ARTC.SC,Scientific and technical journal articles,1996,1.37,,0
VEN,"Venezuela, RB",IP.JRN.ARTC.SC,Scientific and technical journal articles,2022,512.19,,0
VEN,"Venezuela, RB",IP.JRN.ARTC.SC,Scientific and technical journal articles,2021,672.65,,0
VEN,"Venezuela, RB",IP.JRN.ARTC.SC,Scientific and technical journal articles,2020,716.5,,0
VEN,"Venezuela, RB",IP.JRN.ARTC.SC,Scientific and technical journal articles,2019,755.19,,0
VEN,"Venezuela, RB",IP.JRN.ARTC.SC,Scientific and technical journal articles,2018,707.07,,0
VEN,"Venezuela, RB",IP.JRN.ARTC.SC,Scientific and technical journal articles,2017,882.12,,0
VEN,"Venezuela, RB",IP.JRN.ARTC.SC,Scientific and technical journal articles,2016,867.57,,0
VEN,"Venezuela, RB",IP.JRN.ARTC.SC,Scientific and technical journal articles,2015,978.48,,0
VEN,"Venezuela, RB",IP.JRN.ARTC.SC,Scientific and technical journal articles,2014,1240.06,,0
VEN,"Venezuela, RB",IP.JRN.ARTC.SC,Scientific and technical journal articles,2013,1201.84,,0
VEN,"Venezuela, RB",IP.JRN.ARTC.SC,Scientific and technical journal articles,2012,1322.92,,0
VEN,"Venezuela, RB",IP.JRN.ARTC.SC,Scientific and technical journal articles,2011,1257.42,,0
VEN,"Venezuela, RB",IP.JRN.ARTC.SC,Scientific and technical journal articles,2010,1477.88,,0
VEN,"Venezuela, RB",IP.JRN.ARTC.SC,Scientific and technical journal articles,2009,1630.06,,0
VEN,"Venezuela, RB",IP.JRN.ARTC.SC,Scientific and technical journal articles,2008,1604.42,,0
VEN,"Venezuela, RB",IP.JRN.ARTC.SC,Scientific and technical journal articles,2007,1388.66,,0
VEN,"Venezuela, RB",IP.JRN.ARTC.SC,Scientific and technical journal articles,2006,1384.32,,0
VEN,"Venezuela, RB",IP.JRN.ARTC.SC,Scientific and technical journal articles,2005,1293.94,,0
VEN,"Venezuela, RB",IP.JRN.ARTC.SC,Scientific and technical journal articles,2004,1089.31,,0
VEN,"Venezuela, RB",IP.JRN.ARTC.SC,Scientific and technical journal articles,2003,1159.58,,0
VEN,"Venezuela, RB",IP.JRN.ARTC.SC,Scientific and technical journal articles,2002,1052.92,,0
VEN,"Venezuela, RB",IP.JRN.ARTC.SC,Scientific and technical journal articles,2001,1022.04,,0
VEN,"Venezuela, RB",IP.JRN.ARTC.SC,Scientific and technical journal articles,2000,1039.07,,0
VEN,"Venezuela, RB",IP.JRN.ARTC.SC,Scientific and technical journal articles,1999,930.82,,0
VEN,"Venezuela, RB",IP.JRN.ARTC.SC,Scientific and technical journal articles,1998,887.79,,0
VEN,"Venezuela, RB",IP.JRN.ARTC.SC,Scientific and technical journal articles,1997,923.2,,0
VEN,"Venezuela, RB",IP.JRN.ARTC.SC,Scientific and technical journal articles,1996,764.15,,0
VNM,Viet Nam,IP.JRN.ARTC.SC,Scientific and technical journal articles,2022,10530.19,,0
VNM,Viet Nam,IP.JRN.ARTC.SC,Scientific and technical journal articles,2021,9651.04,,0
VNM,Viet Nam,IP.JRN.ARTC.SC,Scientific and technical journal articles,2020,8265.78,,0
VNM,Viet Nam,IP.JRN.ARTC.SC,Scientific and technical journal articles,2019,6113.19,,0
VNM,Viet Nam,IP.JRN.ARTC.SC,Scientific and technical journal articles,2018,4301.7,,0
VNM,Viet Nam,IP.JRN.ARTC.SC,Scientific and technical journal articles,2017,3279.05,,0
VNM,Viet Nam,IP.JRN.ARTC.SC,Scientific and technical journal articles,2016,3021.1,,0
VNM,Viet Nam,IP.JRN.ARTC.SC,Scientific and technical journal articles,2015,2223.04,,0
VNM,Viet Nam,IP.JRN.ARTC.SC,Scientific and technical journal articles,2014,1943.68,,0
VNM,Viet Nam,IP.JRN.ARTC.SC,Scientific and technical journal articles,2013,1881.36,,0
VNM,Viet Nam,IP.JRN.ARTC.SC,Scientific and technical journal articles,2012,1559.95,,0
VNM,Viet Nam,IP.JRN.ARTC.SC,Scientific and technical journal articles,2011,1220.53,,0
VNM,Viet Nam,IP.JRN.ARTC.SC,Scientific and technical journal articles,2010,1099.63,,0
VNM,Viet Nam,IP.JRN.ARTC.SC,Scientific and technical journal articles,2009,886.15,,0
VNM,Viet Nam,IP.JRN.ARTC.SC,Scientific and technical journal articles,2008,785.39,,0
VNM,Viet Nam,IP.JRN.ARTC.SC,Scientific and technical journal articles,2007,520.22,,0
VNM,Viet Nam,IP.JRN.ARTC.SC,Scientific and technical journal articles,2006,454.15,,0
VNM,Viet Nam,IP.JRN.ARTC.SC,Scientific and technical journal articles,2005,403.83,,0
VNM,Viet Nam,IP.JRN.ARTC.SC,Scientific and technical journal articles,2004,335.7,,0
VNM,Viet Nam,IP.JRN.ARTC.SC,Scientific and technical journal articles,2003,300.38,,0
VNM,Viet Nam,IP.JRN.ARTC.SC,Scientific and technical journal articles,2002,234.14,,0
VNM,Viet Nam,IP.JRN.ARTC.SC,Scientific and technical journal articles,2001,241.05,,0
VNM,Viet Nam,IP.JRN.ARTC.SC,Scientific and technical journal articles,2000,202.08,,0
VNM,Viet Nam,IP.JRN.ARTC.SC,Scientific and technical journal articles,1999,199.92,,0
VNM,Viet Nam,IP.JRN.ARTC.SC,Scientific and technical journal articles,1998,169.51,,0
VNM,Viet Nam,IP.JRN.ARTC.SC,Scientific and technical journal articles,1997,202.34,,0
VNM,Viet Nam,IP.JRN.ARTC.SC,Scientific and technical journal articles,1996,178.4,,0
PSE,West Bank and Gaza,IP.JRN.ARTC.SC,Scientific and technical journal articles,2022,714.58,,0
PSE,West Bank and Gaza,IP.JRN.ARTC.SC,Scientific and technical journal articles,2021,628.83,,0
PSE,West Bank and Gaza,IP.JRN.ARTC.SC,Scientific and technical journal articles,2020,522.14,,0
PSE,West Bank and Gaza,IP.JRN.ARTC.SC,Scientific and technical journal articles,2019,473.38,,0
PSE,West Bank and Gaza,IP.JRN.ARTC.SC,Scientific and technical journal articles,2018,386.58,,0
PSE,West Bank and Gaza,IP.JRN.ARTC.SC,Scientific and technical journal articles,2017,329.48,,0
PSE,West Bank and Gaza,IP.JRN.ARTC.SC,Scientific and technical journal articles,2016,238.85,,0
PSE,West Bank and Gaza,IP.JRN.ARTC.SC,Scientific and technical journal articles,2015,222.35,,0
PSE,West Bank and Gaza,IP.JRN.ARTC.SC,Scientific and technical journal articles,2014,234.3,,0
PSE,West Bank and Gaza,IP.JRN.ARTC.SC,Scientific and technical journal articles,2013,228.74,,0
PSE,West Bank and Gaza,IP.JRN.ARTC.SC,Scientific and technical journal articles,2012,205.83,,0
PSE,West Bank and Gaza,IP.JRN.ARTC.SC,Scientific and technical journal articles,2011,207.28,,0
PSE,West Bank and Gaza,IP.JRN.ARTC.SC,Scientific and technical journal articles,2010,192.44,,0
PSE,West Bank and Gaza,IP.JRN.ARTC.SC,Scientific and technical journal articles,2009,175.66,,0
PSE,West Bank and Gaza,IP.JRN.ARTC.SC,Scientific and technical journal articles,2008,151.21,,0
PSE,West Bank and Gaza,IP.JRN.ARTC.SC,Scientific and technical journal articles,2007,149.43,,0
PSE,West Bank and Gaza,IP.JRN.ARTC.SC,Scientific and technical journal articles,2006,113.98,,0
PSE,West Bank and Gaza,IP.JRN.ARTC.SC,Scientific and technical journal articles,2005,103.39,,0
PSE,West Bank and Gaza,IP.JRN.ARTC.SC,Scientific and technical journal articles,2004,103.89,,0
PSE,West Bank and Gaza,IP.JRN.ARTC.SC,Scientific and technical journal articles,2003,87.74,,0
PSE,West Bank and Gaza,IP.JRN.ARTC.SC,Scientific and technical journal articles,2002,91.18,,0
PSE,West Bank and Gaza,IP.JRN.ARTC.SC,Scientific and technical journal articles,2001,58.81,,0
PSE,West Bank and Gaza,IP.JRN.ARTC.SC,Scientific and technical journal articles,2000,67.68,,0
PSE,West Bank and Gaza,IP.JRN.ARTC.SC,Scientific and technical journal articles,1999,67.99,,0
PSE,West Bank and Gaza,IP.JRN.ARTC.SC,Scientific and technical journal articles,1998,45.6,,0
PSE,West Bank and Gaza,IP.JRN.ARTC.SC,Scientific and technical journal articles,1997,46.25,,0
PSE,West Bank and Gaza,IP.JRN.ARTC.SC,Scientific and technical journal articles,1996,34.81,,0
YEM,"Yemen, Rep.",IP.JRN.ARTC.SC,Scientific and technical journal articles,2022,415.15,,0
YEM,"Yemen, Rep.",IP.JRN.ARTC.SC,Scientific and technical journal articles,2021,432.5,,0
YEM,"Yemen, Rep.",IP.JRN.ARTC.SC,Scientific and technical journal articles,2020,272.75,,0
YEM,"Yemen, Rep.",IP.JRN.ARTC.SC,Scientific and technical journal articles,2019,210.33,,0
YEM,"Yemen, Rep.",IP.JRN.ARTC.SC,Scientific and technical journal articles,2018,140.94,,0
YEM,"Yemen, Rep.",IP.JRN.ARTC.SC,Scientific and technical journal articles,2017,123.63,,0
YEM,"Yemen, Rep.",IP.JRN.ARTC.SC,Scientific and technical journal articles,2016,115.12,,0
YEM,"Yemen, Rep.",IP.JRN.ARTC.SC,Scientific and technical journal articles,2015,105.74,,0
YEM,"Yemen, Rep.",IP.JRN.ARTC.SC,Scientific and technical journal articles,2014,138.17,,0
YEM,"Yemen, Rep.",IP.JRN.ARTC.SC,Scientific and technical journal articles,2013,117.18,,0
YEM,"Yemen, Rep.",IP.JRN.ARTC.SC,Scientific and technical journal articles,2012,104.86,,0
YEM,"Yemen, Rep.",IP.JRN.ARTC.SC,Scientific and technical journal articles,2011,101.93,,0
YEM,"Yemen, Rep.",IP.JRN.ARTC.SC,Scientific and technical journal articles,2010,103.74,,0
YEM,"Yemen, Rep.",IP.JRN.ARTC.SC,Scientific and technical journal articles,2009,82.56,,0
YEM,"Yemen, Rep.",IP.JRN.ARTC.SC,Scientific and technical journal articles,2008,60.29,,0
YEM,"Yemen, Rep.",IP.JRN.ARTC.SC,Scientific and technical journal articles,2007,48.66,,0
YEM,"Yemen, Rep.",IP.JRN.ARTC.SC,Scientific and technical journal articles,2006,54.43,,0
YEM,"Yemen, Rep.",IP.JRN.ARTC.SC,Scientific and technical journal articles,2005,48.82,,0
YEM,"Yemen, Rep.",IP.JRN.ARTC.SC,Scientific and technical journal articles,2004,42.15,,0
YEM,"Yemen, Rep.",IP.JRN.ARTC.SC,Scientific and technical journal articles,2003,32.51,,0
YEM,"Yemen, Rep.",IP.JRN.ARTC.SC,Scientific and technical journal articles,2002,27.13,,0
YEM,"Yemen, Rep.",IP.JRN.ARTC.SC,Scientific and technical journal articles,2001,43.49,,0
YEM,"Yemen, Rep.",IP.JRN.ARTC.SC,Scientific and technical journal articles,2000,22.83,,0
YEM,"Yemen, Rep.",IP.JRN.ARTC.SC,Scientific and technical journal articles,1999,28.91,,0
YEM,"Yemen, Rep.",IP.JRN.ARTC.SC,Scientific and technical journal articles,1998,28.02,,0
YEM,"Yemen, Rep.",IP.JRN.ARTC.SC,Scientific and technical journal articles,1997,31.06,,0
YEM,"Yemen, Rep.",IP.JRN.ARTC.SC,Scientific and technical journal articles,1996,19.72,,0
ZMB,Zambia,IP.JRN.ARTC.SC,Scientific and technical journal articles,2022,344.27,,0
ZMB,Zambia,IP.JRN.ARTC.SC,Scientific and technical journal articles,2021,312.77,,0
ZMB,Zambia,IP.JRN.ARTC.SC,Scientific and technical journal articles,2020,266.64,,0
ZMB,Zambia,IP.JRN.ARTC.SC,Scientific and technical journal articles,2019,209.81,,0
ZMB,Zambia,IP.JRN.ARTC.SC,Scientific and technical journal articles,2018,217.51,,0
ZMB,Zambia,IP.JRN.ARTC.SC,Scientific and technical journal articles,2017,208.05,,0
ZMB,Zambia,IP.JRN.ARTC.SC,Scientific and technical journal articles,2016,179.73,,0
ZMB,Zambia,IP.JRN.ARTC.SC,Scientific and technical journal articles,2015,161.52,,0
ZMB,Zambia,IP.JRN.ARTC.SC,Scientific and technical journal articles,2014,129.56,,0
ZMB,Zambia,IP.JRN.ARTC.SC,Scientific and technical journal articles,2013,120.54,,0
ZMB,Zambia,IP.JRN.ARTC.SC,Scientific and technical journal articles,2012,106.86,,0
ZMB,Zambia,IP.JRN.ARTC.SC,Scientific and technical journal articles,2011,100.59,,0
ZMB,Zambia,IP.JRN.ARTC.SC,Scientific and technical journal articles,2010,87.81,,0
ZMB,Zambia,IP.JRN.ARTC.SC,Scientific and technical journal articles,2009,76.75,,0
ZMB,Zambia,IP.JRN.ARTC.SC,Scientific and technical journal articles,2008,92.91,,0
ZMB,Zambia,IP.JRN.ARTC.SC,Scientific and technical journal articles,2007,69.27,,0
ZMB,Zambia,IP.JRN.ARTC.SC,Scientific and technical journal articles,2006,69.62,,0
ZMB,Zambia,IP.JRN.ARTC.SC,Scientific and technical journal articles,2005,61.04,,0
ZMB,Zambia,IP.JRN.ARTC.SC,Scientific and technical journal articles,2004,42.84,,0
ZMB,Zambia,IP.JRN.ARTC.SC,Scientific and technical journal articles,2003,47.39,,0
ZMB,Zambia,IP.JRN.ARTC.SC,Scientific and technical journal articles,2002,59.67,,0
ZMB,Zambia,IP.JRN.ARTC.SC,Scientific and technical journal articles,2001,52.96,,0
ZMB,Zambia,IP.JRN.ARTC.SC,Scientific and technical journal articles,2000,33.6,,0
ZMB,Zambia,IP.JRN.ARTC.SC,Scientific and technical journal articles,1999,60.22,,0
ZMB,Zambia,IP.JRN.ARTC.SC,Scientific and technical journal articles,1998,56.66,,0
ZMB,Zambia,IP.JRN.ARTC.SC,Scientific and technical journal articles,1997,67.53,,0
ZMB,Zambia,IP.JRN.ARTC.SC,Scientific and technical journal articles,1996,50.89,,0
ZWE,Zimbabwe,IP.JRN.ARTC.SC,Scientific and technical journal articles,2022,563.05,,0
ZWE,Zimbabwe,IP.JRN.ARTC.SC,Scientific and technical journal articles,2021,495.68,,0
ZWE,Zimbabwe,IP.JRN.ARTC.SC,Scientific and technical journal articles,2020,456.49,,0
ZWE,Zimbabwe,IP.JRN.ARTC.SC,Scientific and technical journal articles,2019,426.38,,0
ZWE,Zimbabwe,IP.JRN.ARTC.SC,Scientific and technical journal articles,2018,392.5,,0
ZWE,Zimbabwe,IP.JRN.ARTC.SC,Scientific and technical journal articles,2017,339.94,,0
ZWE,Zimbabwe,IP.JRN.ARTC.SC,Scientific and technical journal articles,2016,323.32,,0
ZWE,Zimbabwe,IP.JRN.ARTC.SC,Scientific and technical journal articles,2015,274.6,,0
ZWE,Zimbabwe,IP.JRN.ARTC.SC,Scientific and technical journal articles,2014,269.85,,0
ZWE,Zimbabwe,IP.JRN.ARTC.SC,Scientific and technical journal articles,2013,220.97,,0
ZWE,Zimbabwe,IP.JRN.ARTC.SC,Scientific and technical journal articles,2012,204.73,,0
ZWE,Zimbabwe,IP.JRN.ARTC.SC,Scientific and technical journal articles,2011,141.74,,0
ZWE,Zimbabwe,IP.JRN.ARTC.SC,Scientific and technical journal articles,2010,147.16,,0
ZWE,Zimbabwe,IP.JRN.ARTC.SC,Scientific and technical journal articles,2009,117.6,,0
ZWE,Zimbabwe,IP.JRN.ARTC.SC,Scientific and technical journal articles,2008,126.24,,0
ZWE,Zimbabwe,IP.JRN.ARTC.SC,Scientific and technical journal articles,2007,185.9,,0
ZWE,Zimbabwe,IP.JRN.ARTC.SC,Scientific and technical journal articles,2006,171.9,,0
ZWE,Zimbabwe,IP.JRN.ARTC.SC,Scientific and technical journal articles,2005,141.25,,0
ZWE,Zimbabwe,IP.JRN.ARTC.SC,Scientific and technical journal articles,2004,140.52,,0
ZWE,Zimbabwe,IP.JRN.ARTC.SC,Scientific and technical journal articles,2003,182.34,,0
ZWE,Zimbabwe,IP.JRN.ARTC.SC,Scientific and technical journal articles,2002,169.7,,0
ZWE,Zimbabwe,IP.JRN.ARTC.SC,Scientific and technical journal articles,2001,209.14,,0
ZWE,Zimbabwe,IP.JRN.ARTC.SC,Scientific and technical journal articles,2000,235.57,,0
ZWE,Zimbabwe,IP.JRN.ARTC.SC,Scientific and technical journal articles,1999,254.14,,0
ZWE,Zimbabwe,IP.JRN.ARTC.SC,Scientific and technical journal articles,1998,206.05,,0
ZWE,Zimbabwe,IP.JRN.ARTC.SC,Scientific and technical journal articles,1997,249.91,,0
ZWE,Zimbabwe,IP.JRN.ARTC.SC,Scientific and technical journal articles,1996,225.67,,0
