country_code,country_name,indicator_code,indicator_name,year,value,unit,decimal
AFE,Africa Eastern and Southern,SL.UEM.TOTL.ZS,"Unemployment, total (% of total labor force) (modeled ILO estimate)",2024,7.57169749274654,,1
AFE,Africa Eastern and Southern,SL.UEM.TOTL.ZS,"Unemployment, total (% of total labor force) (modeled ILO estimate)",2023,7.67654773372157,,1
AFE,Africa Eastern and Southern,SL.UEM.TOTL.ZS,"Unemployment, total (% of total labor force) (modeled ILO estimate)",2022,7.86947018999245,,1
AFE,Africa Eastern and Southern,SL.UEM.TOTL.ZS,"Unemployment, total (% of total labor force) (modeled ILO estimate)",2021,8.40741154700022,,1
AFE,Africa Eastern and Southern,SL.UEM.TOTL.ZS,"Unemployment, total (% of total labor force) (modeled ILO estimate)",2020,7.97430164130982,,1
AFE,Africa Eastern and Southern,SL.UEM.TOTL.ZS,"Unemployment, total (% of total labor force) (modeled ILO estimate)",2019,7.45910636823544,,1
AFE,Africa Eastern and Southern,SL.UEM.TOTL.ZS,"Unemployment, total (% of total labor force) (modeled ILO estimate)",2018,7.24484282680542,,1
AFE,Africa Eastern and Southern,SL.UEM.TOTL.ZS,"Unemployment, total (% of total labor force) (modeled ILO estimate)",2017,7.21491501896869,,1
AFE,Africa Eastern and Southern,SL.UEM.TOTL.ZS,"Unemployment, total (% of total labor force) (modeled ILO estimate)",2016,7.07442880999326,,1
AFE,Africa Eastern and Southern,SL.UEM.TOTL.ZS,"Unemployment, total (% of total labor force) (modeled ILO estimate)",2015,6.9309412585873,,1
AFE,Africa Eastern and Southern,SL.UEM.TOTL.ZS,"Unemployment, total (% of total labor force) (modeled ILO estimate)",2014,6.86242857576034,,1
AFE,Africa Eastern and Southern,SL.UEM.TOTL.ZS,"Unemployment, total (% of total labor force) (modeled ILO estimate)",2013,6.88972223038428,,1
AFE,Africa Eastern and Southern,SL.UEM.TOTL.ZS,"Unemployment, total (% of total labor force) (modeled ILO estimate)",2012,7.10873740350119,,1
AFE,Africa Eastern and Southern,SL.UEM.TOTL.ZS,"Unemployment, total (% of total labor force) (modeled ILO estimate)",2011,7.303350943492,,1
AFE,Africa Eastern and Southern,SL.UEM.TOTL.ZS,"Unemployment, total (% of total labor force) (modeled ILO estimate)",2010,7.33948885318777,,1
AFE,Africa Eastern and Southern,SL.UEM.TOTL.ZS,"Unemployment, total (% of total labor force) (modeled ILO estimate)",2009,7.0293349336202,,1
AFE,Africa Eastern and Southern,SL.UEM.TOTL.ZS,"Unemployment, total (% of total labor force) (modeled ILO estimate)",2008,6.95926232871186,,1
AFE,Africa Eastern and Southern,SL.UEM.TOTL.ZS,"Unemployment, total (% of total labor force) (modeled ILO estimate)",2007,6.98058891496815,,1
AFE,Africa Eastern and Southern,SL.UEM.TOTL.ZS,"Unemployment, total (% of total labor force) (modeled ILO estimate)",2006,7.03560059961336,,1
AFE,Africa Eastern and Southern,SL.UEM.TOTL.ZS,"Unemployment, total (% of total labor force) (modeled ILO estimate)",2005,7.10041371887931,,1
AFE,Africa Eastern and Southern,SL.UEM.TOTL.ZS,"Unemployment, total (% of total labor force) (modeled ILO estimate)",2004,7.27852246959678,,1
AFE,Africa Eastern and Southern,SL.UEM.TOTL.ZS,"Unemployment, total (% of total labor force) (modeled ILO estimate)",2003,7.4720424200925,,1
AFE,Africa Eastern and Southern,SL.UEM.TOTL.ZS,"Unemployment, total (% of total labor force) (modeled ILO estimate)",2002,7.51149338877195,,1
AFE,Africa Eastern and Southern,SL.UEM.TOTL.ZS,"Unemployment, total (% of total labor force) (modeled ILO estimate)",2001,7.55388452430262,,1
AFE,Africa Eastern and Southern,SL.UEM.TOTL.ZS,"Unemployment, total (% of total labor force) (modeled ILO estimate)",2000,7.66876829683374,,1
AFE,Africa Eastern and Southern,SL.UEM.TOTL.ZS,"Unemployment, total (% of total labor force) (modeled ILO estimate)",1999,7.72993010885893,,1
AFE,Africa Eastern and Southern,SL.UEM.TOTL.ZS,"Unemployment, total (% of total labor force) (modeled ILO estimate)",1998,7.68263780767572,,1
AFE,Africa Eastern and Southern,SL.UEM.TOTL.ZS,"Unemployment, total (% of total labor force) (modeled ILO estimate)",1997,7.64190636706094,,1
AFE,Africa Eastern and Southern,SL.UEM.TOTL.ZS,"Unemployment, total (% of total labor force) (modeled ILO estimate)",1996,7.6816226939442,,1
AFE,Africa Eastern and Southern,SL.UEM.TOTL.ZS,"Unemployment, total (% of total labor force) (modeled ILO estimate)",1995,7.77389399169686,,1
AFE,Africa Eastern and Southern,SL.UEM.TOTL.ZS,"Unemployment, total (% of total labor force) (modeled ILO estimate)",1994,8.02210049864685,,1
AFE,Africa Eastern and Southern,SL.UEM.TOTL.ZS,"Unemployment, total (% of total labor force) (modeled ILO estimate)",1993,8.15590989808314,,1
AFE,Africa Eastern and Southern,SL.UEM.TOTL.ZS,"Unemployment, total (% of total labor force) (modeled ILO estimate)",1992,8.15827337351447,,1
AFE,Africa Eastern and Southern,SL.UEM.TOTL.ZS,"Unemployment, total (% of total labor force) (modeled ILO estimate)",1991,8.05080898877577,,1
AFW,Africa Western and Central,SL.UEM.TOTL.ZS,"Unemployment, total (% of total labor force) (modeled ILO estimate)",2024,3.17242064214562,,1
AFW,Africa Western and Central,SL.UEM.TOTL.ZS,"Unemployment, total (% of total labor force) (modeled ILO estimate)",2023,3.20080093275133,,1
AFW,Africa Western and Central,SL.UEM.TOTL.ZS,"Unemployment, total (% of total labor force) (modeled ILO estimate)",2022,3.59335356570127,,1
AFW,Africa Western and Central,SL.UEM.TOTL.ZS,"Unemployment, total (% of total labor force) (modeled ILO estimate)",2021,4.66663403105227,,1
AFW,Africa Western and Central,SL.UEM.TOTL.ZS,"Unemployment, total (% of total labor force) (modeled ILO estimate)",2020,4.79531801163781,,1
AFW,Africa Western and Central,SL.UEM.TOTL.ZS,"Unemployment, total (% of total labor force) (modeled ILO estimate)",2019,4.39076373818366,,1
AFW,Africa Western and Central,SL.UEM.TOTL.ZS,"Unemployment, total (% of total labor force) (modeled ILO estimate)",2018,4.33437713943307,,1
AFW,Africa Western and Central,SL.UEM.TOTL.ZS,"Unemployment, total (% of total labor force) (modeled ILO estimate)",2017,4.28399591922403,,1
AFW,Africa Western and Central,SL.UEM.TOTL.ZS,"Unemployment, total (% of total labor force) (modeled ILO estimate)",2016,4.16758013639496,,1
AFW,Africa Western and Central,SL.UEM.TOTL.ZS,"Unemployment, total (% of total labor force) (modeled ILO estimate)",2015,4.17014290578818,,1
AFW,Africa Western and Central,SL.UEM.TOTL.ZS,"Unemployment, total (% of total labor force) (modeled ILO estimate)",2014,3.88775083913174,,1
AFW,Africa Western and Central,SL.UEM.TOTL.ZS,"Unemployment, total (% of total labor force) (modeled ILO estimate)",2013,3.70779396420408,,1
AFW,Africa Western and Central,SL.UEM.TOTL.ZS,"Unemployment, total (% of total labor force) (modeled ILO estimate)",2012,3.98010182260688,,1
AFW,Africa Western and Central,SL.UEM.TOTL.ZS,"Unemployment, total (% of total labor force) (modeled ILO estimate)",2011,3.96721211893844,,1
AFW,Africa Western and Central,SL.UEM.TOTL.ZS,"Unemployment, total (% of total labor force) (modeled ILO estimate)",2010,3.98952016701337,,1
AFW,Africa Western and Central,SL.UEM.TOTL.ZS,"Unemployment, total (% of total labor force) (modeled ILO estimate)",2009,4.00285567701832,,1
AFW,Africa Western and Central,SL.UEM.TOTL.ZS,"Unemployment, total (% of total labor force) (modeled ILO estimate)",2008,3.96722459921357,,1
AFW,Africa Western and Central,SL.UEM.TOTL.ZS,"Unemployment, total (% of total labor force) (modeled ILO estimate)",2007,3.9480584197936,,1
AFW,Africa Western and Central,SL.UEM.TOTL.ZS,"Unemployment, total (% of total labor force) (modeled ILO estimate)",2006,3.96927941109318,,1
AFW,Africa Western and Central,SL.UEM.TOTL.ZS,"Unemployment, total (% of total labor force) (modeled ILO estimate)",2005,4.09646467682858,,1
AFW,Africa Western and Central,SL.UEM.TOTL.ZS,"Unemployment, total (% of total labor force) (modeled ILO estimate)",2004,4.08689146118398,,1
AFW,Africa Western and Central,SL.UEM.TOTL.ZS,"Unemployment, total (% of total labor force) (modeled ILO estimate)",2003,4.1679789387801,,1
AFW,Africa Western and Central,SL.UEM.TOTL.ZS,"Unemployment, total (% of total labor force) (modeled ILO estimate)",2002,4.27370648574837,,1
AFW,Africa Western and Central,SL.UEM.TOTL.ZS,"Unemployment, total (% of total labor force) (modeled ILO estimate)",2001,4.46519556174692,,1
AFW,Africa Western and Central,SL.UEM.TOTL.ZS,"Unemployment, total (% of total labor force) (modeled ILO estimate)",2000,4.53084348194886,,1
AFW,Africa Western and Central,SL.UEM.TOTL.ZS,"Unemployment, total (% of total labor force) (modeled ILO estimate)",1999,4.48967729134782,,1
AFW,Africa Western and Central,SL.UEM.TOTL.ZS,"Unemployment, total (% of total labor force) (modeled ILO estimate)",1998,4.30420099773995,,1
AFW,Africa Western and Central,SL.UEM.TOTL.ZS,"Unemployment, total (% of total labor force) (modeled ILO estimate)",1997,4.29611784310687,,1
AFW,Africa Western and Central,SL.UEM.TOTL.ZS,"Unemployment, total (% of total labor force) (modeled ILO estimate)",1996,4.32613401613888,,1
AFW,Africa Western and Central,SL.UEM.TOTL.ZS,"Unemployment, total (% of total labor force) (modeled ILO estimate)",1995,4.39276887843604,,1
AFW,Africa Western and Central,SL.UEM.TOTL.ZS,"Unemployment, total (% of total labor force) (modeled ILO estimate)",1994,4.39009720211516,,1
AFW,Africa Western and Central,SL.UEM.TOTL.ZS,"Unemployment, total (% of total labor force) (modeled ILO estimate)",1993,4.36703329539105,,1
AFW,Africa Western and Central,SL.UEM.TOTL.ZS,"Unemployment, total (% of total labor force) (modeled ILO estimate)",1992,4.24671355789136,,1
AFW,Africa Western and Central,SL.UEM.TOTL.ZS,"Unemployment, total (% of total labor force) (modeled ILO estimate)",1991,4.15789313945605,,1
ARB,Arab World,SL.UEM.TOTL.ZS,"Unemployment, total (% of total labor force) (modeled ILO estimate)",2024,9.26592419265216,,1
ARB,Arab World,SL.UEM.TOTL.ZS,"Unemployment, total (% of total labor force) (modeled ILO estimate)",2023,9.31338863204988,,1
ARB,Arab World,SL.UEM.TOTL.ZS,"Unemployment, total (% of total labor force) (modeled ILO estimate)",2022,9.74413095599936,,1
ARB,Arab World,SL.UEM.TOTL.ZS,"Unemployment, total (% of total labor force) (modeled ILO estimate)",2021,10.8627489086684,,1
ARB,Arab World,SL.UEM.TOTL.ZS,"Unemployment, total (% of total labor force) (modeled ILO estimate)",2020,11.2951503646669,,1
ARB,Arab World,SL.UEM.TOTL.ZS,"Unemployment, total (% of total labor force) (modeled ILO estimate)",2019,10.2137182910936,,1
ARB,Arab World,SL.UEM.TOTL.ZS,"Unemployment, total (% of total labor force) (modeled ILO estimate)",2018,10.6546406452031,,1
ARB,Arab World,SL.UEM.TOTL.ZS,"Unemployment, total (% of total labor force) (modeled ILO estimate)",2017,11.1152019032057,,1
ARB,Arab World,SL.UEM.TOTL.ZS,"Unemployment, total (% of total labor force) (modeled ILO estimate)",2016,10.8617161429412,,1
ARB,Arab World,SL.UEM.TOTL.ZS,"Unemployment, total (% of total labor force) (modeled ILO estimate)",2015,11.1524464292006,,1
ARB,Arab World,SL.UEM.TOTL.ZS,"Unemployment, total (% of total labor force) (modeled ILO estimate)",2014,11.0319261608507,,1
ARB,Arab World,SL.UEM.TOTL.ZS,"Unemployment, total (% of total labor force) (modeled ILO estimate)",2013,11.0350018909533,,1
ARB,Arab World,SL.UEM.TOTL.ZS,"Unemployment, total (% of total labor force) (modeled ILO estimate)",2012,11.0650966632009,,1
ARB,Arab World,SL.UEM.TOTL.ZS,"Unemployment, total (% of total labor force) (modeled ILO estimate)",2011,10.6873951414609,,1
ARB,Arab World,SL.UEM.TOTL.ZS,"Unemployment, total (% of total labor force) (modeled ILO estimate)",2010,9.57178825247491,,1
ARB,Arab World,SL.UEM.TOTL.ZS,"Unemployment, total (% of total labor force) (modeled ILO estimate)",2009,9.46079216862091,,1
ARB,Arab World,SL.UEM.TOTL.ZS,"Unemployment, total (% of total labor force) (modeled ILO estimate)",2008,9.87515901443002,,1
ARB,Arab World,SL.UEM.TOTL.ZS,"Unemployment, total (% of total labor force) (modeled ILO estimate)",2007,10.1456780757217,,1
ARB,Arab World,SL.UEM.TOTL.ZS,"Unemployment, total (% of total labor force) (modeled ILO estimate)",2006,10.5176425576734,,1
ARB,Arab World,SL.UEM.TOTL.ZS,"Unemployment, total (% of total labor force) (modeled ILO estimate)",2005,11.2344112966755,,1
ARB,Arab World,SL.UEM.TOTL.ZS,"Unemployment, total (% of total labor force) (modeled ILO estimate)",2004,11.4271164700074,,1
ARB,Arab World,SL.UEM.TOTL.ZS,"Unemployment, total (% of total labor force) (modeled ILO estimate)",2003,12.4496966444039,,1
ARB,Arab World,SL.UEM.TOTL.ZS,"Unemployment, total (% of total labor force) (modeled ILO estimate)",2002,12.5062276655765,,1
ARB,Arab World,SL.UEM.TOTL.ZS,"Unemployment, total (% of total labor force) (modeled ILO estimate)",2001,12.49820212983,,1
ARB,Arab World,SL.UEM.TOTL.ZS,"Unemployment, total (% of total labor force) (modeled ILO estimate)",2000,12.6227231888262,,1
ARB,Arab World,SL.UEM.TOTL.ZS,"Unemployment, total (% of total labor force) (modeled ILO estimate)",1999,12.1410531058538,,1
ARB,Arab World,SL.UEM.TOTL.ZS,"Unemployment, total (% of total labor force) (modeled ILO estimate)",1998,11.9519989476751,,1
ARB,Arab World,SL.UEM.TOTL.ZS,"Unemployment, total (% of total labor force) (modeled ILO estimate)",1997,11.9963600041588,,1
ARB,Arab World,SL.UEM.TOTL.ZS,"Unemployment, total (% of total labor force) (modeled ILO estimate)",1996,12.4585943877988,,1
ARB,Arab World,SL.UEM.TOTL.ZS,"Unemployment, total (% of total labor force) (modeled ILO estimate)",1995,13.5049205239265,,1
ARB,Arab World,SL.UEM.TOTL.ZS,"Unemployment, total (% of total labor force) (modeled ILO estimate)",1994,13.012183394794,,1
ARB,Arab World,SL.UEM.TOTL.ZS,"Unemployment, total (% of total labor force) (modeled ILO estimate)",1993,12.9097459716624,,1
ARB,Arab World,SL.UEM.TOTL.ZS,"Unemployment, total (% of total labor force) (modeled ILO estimate)",1992,12.1536912884058,,1
ARB,Arab World,SL.UEM.TOTL.ZS,"Unemployment, total (% of total labor force) (modeled ILO estimate)",1991,11.9097573121416,,1
CSS,Caribbean small states,SL.UEM.TOTL.ZS,"Unemployment, total (% of total labor force) (modeled ILO estimate)",2024,7.49180699898505,,1
CSS,Caribbean small states,SL.UEM.TOTL.ZS,"Unemployment, total (% of total labor force) (modeled ILO estimate)",2023,7.51281290895946,,1
CSS,Caribbean small states,SL.UEM.TOTL.ZS,"Unemployment, total (% of total labor force) (modeled ILO estimate)",2022,8.29867755889038,,1
CSS,Caribbean small states,SL.UEM.TOTL.ZS,"Unemployment, total (% of total labor force) (modeled ILO estimate)",2021,9.71327125079923,,1
CSS,Caribbean small states,SL.UEM.TOTL.ZS,"Unemployment, total (% of total labor force) (modeled ILO estimate)",2020,9.95181592662355,,1
CSS,Caribbean small states,SL.UEM.TOTL.ZS,"Unemployment, total (% of total labor force) (modeled ILO estimate)",2019,8.21142514691839,,1
CSS,Caribbean small states,SL.UEM.TOTL.ZS,"Unemployment, total (% of total labor force) (modeled ILO estimate)",2018,8.59708625490841,,1
CSS,Caribbean small states,SL.UEM.TOTL.ZS,"Unemployment, total (% of total labor force) (modeled ILO estimate)",2017,8.24674002522057,,1
CSS,Caribbean small states,SL.UEM.TOTL.ZS,"Unemployment, total (% of total labor force) (modeled ILO estimate)",2016,8.52897625860849,,1
CSS,Caribbean small states,SL.UEM.TOTL.ZS,"Unemployment, total (% of total labor force) (modeled ILO estimate)",2015,8.22453564269079,,1
CSS,Caribbean small states,SL.UEM.TOTL.ZS,"Unemployment, total (% of total labor force) (modeled ILO estimate)",2014,8.61294822432626,,1
CSS,Caribbean small states,SL.UEM.TOTL.ZS,"Unemployment, total (% of total labor force) (modeled ILO estimate)",2013,8.87950796126762,,1
CSS,Caribbean small states,SL.UEM.TOTL.ZS,"Unemployment, total (% of total labor force) (modeled ILO estimate)",2012,8.99563754734034,,1
CSS,Caribbean small states,SL.UEM.TOTL.ZS,"Unemployment, total (% of total labor force) (modeled ILO estimate)",2011,8.82531756416261,,1
CSS,Caribbean small states,SL.UEM.TOTL.ZS,"Unemployment, total (% of total labor force) (modeled ILO estimate)",2010,8.80934904598808,,1
CSS,Caribbean small states,SL.UEM.TOTL.ZS,"Unemployment, total (% of total labor force) (modeled ILO estimate)",2009,9.18808540593253,,1
CSS,Caribbean small states,SL.UEM.TOTL.ZS,"Unemployment, total (% of total labor force) (modeled ILO estimate)",2008,7.8711908829552,,1
CSS,Caribbean small states,SL.UEM.TOTL.ZS,"Unemployment, total (% of total labor force) (modeled ILO estimate)",2007,8.1976990614565,,1
CSS,Caribbean small states,SL.UEM.TOTL.ZS,"Unemployment, total (% of total labor force) (modeled ILO estimate)",2006,8.69394120180955,,1
CSS,Caribbean small states,SL.UEM.TOTL.ZS,"Unemployment, total (% of total labor force) (modeled ILO estimate)",2005,9.98480572264988,,1
CSS,Caribbean small states,SL.UEM.TOTL.ZS,"Unemployment, total (% of total labor force) (modeled ILO estimate)",2004,10.2916036767948,,1
CSS,Caribbean small states,SL.UEM.TOTL.ZS,"Unemployment, total (% of total labor force) (modeled ILO estimate)",2003,11.5380632882928,,1
CSS,Caribbean small states,SL.UEM.TOTL.ZS,"Unemployment, total (% of total labor force) (modeled ILO estimate)",2002,11.3083250951395,,1
CSS,Caribbean small states,SL.UEM.TOTL.ZS,"Unemployment, total (% of total labor force) (modeled ILO estimate)",2001,11.1794403357232,,1
CSS,Caribbean small states,SL.UEM.TOTL.ZS,"Unemployment, total (% of total labor force) (modeled ILO estimate)",2000,11.7427630641232,,1
CSS,Caribbean small states,SL.UEM.TOTL.ZS,"Unemployment, total (% of total labor force) (modeled ILO estimate)",1999,12.5019625854356,,1
CSS,Caribbean small states,SL.UEM.TOTL.ZS,"Unemployment, total (% of total labor force) (modeled ILO estimate)",1998,13.0418053985954,,1
CSS,Caribbean small states,SL.UEM.TOTL.ZS,"Unemployment, total (% of total labor force) (modeled ILO estimate)",1997,13.6119469585577,,1
CSS,Caribbean small states,SL.UEM.TOTL.ZS,"Unemployment, total (% of total labor force) (modeled ILO estimate)",1996,14.1980943997497,,1
CSS,Caribbean small states,SL.UEM.TOTL.ZS,"Unemployment, total (% of total labor force) (modeled ILO estimate)",1995,14.6507674227641,,1
CSS,Caribbean small states,SL.UEM.TOTL.ZS,"Unemployment, total (% of total labor force) (modeled ILO estimate)",1994,16.1154342863252,,1
CSS,Caribbean small states,SL.UEM.TOTL.ZS,"Unemployment, total (% of total labor force) (modeled ILO estimate)",1993,16.8394643774493,,1
CSS,Caribbean small states,SL.UEM.TOTL.ZS,"Unemployment, total (% of total labor force) (modeled ILO estimate)",1992,17.043855044918,,1
CSS,Caribbean small states,SL.UEM.TOTL.ZS,"Unemployment, total (% of total labor force) (modeled ILO estimate)",1991,16.3249606471741,,1
CEB,Central Europe and the Baltics,SL.UEM.TOTL.ZS,"Unemployment, total (% of total labor force) (modeled ILO estimate)",2024,4.00056350955849,,1
CEB,Central Europe and the Baltics,SL.UEM.TOTL.ZS,"Unemployment, total (% of total labor force) (modeled ILO estimate)",2023,4.01230416616797,,1
CEB,Central Europe and the Baltics,SL.UEM.TOTL.ZS,"Unemployment, total (% of total labor force) (modeled ILO estimate)",2022,3.96540582731722,,1
CEB,Central Europe and the Baltics,SL.UEM.TOTL.ZS,"Unemployment, total (% of total labor force) (modeled ILO estimate)",2021,4.44508031221282,,1
CEB,Central Europe and the Baltics,SL.UEM.TOTL.ZS,"Unemployment, total (% of total labor force) (modeled ILO estimate)",2020,4.3496421220328,,1
CEB,Central Europe and the Baltics,SL.UEM.TOTL.ZS,"Unemployment, total (% of total labor force) (modeled ILO estimate)",2019,3.76072643211224,,1
CEB,Central Europe and the Baltics,SL.UEM.TOTL.ZS,"Unemployment, total (% of total labor force) (modeled ILO estimate)",2018,4.29483445753775,,1
CEB,Central Europe and the Baltics,SL.UEM.TOTL.ZS,"Unemployment, total (% of total labor force) (modeled ILO estimate)",2017,5.2771900084377,,1
CEB,Central Europe and the Baltics,SL.UEM.TOTL.ZS,"Unemployment, total (% of total labor force) (modeled ILO estimate)",2016,6.47626986745334,,1
CEB,Central Europe and the Baltics,SL.UEM.TOTL.ZS,"Unemployment, total (% of total labor force) (modeled ILO estimate)",2015,7.81260796234007,,1
CEB,Central Europe and the Baltics,SL.UEM.TOTL.ZS,"Unemployment, total (% of total labor force) (modeled ILO estimate)",2014,8.87370489824698,,1
CEB,Central Europe and the Baltics,SL.UEM.TOTL.ZS,"Unemployment, total (% of total labor force) (modeled ILO estimate)",2013,10.076189699493,,1
CEB,Central Europe and the Baltics,SL.UEM.TOTL.ZS,"Unemployment, total (% of total labor force) (modeled ILO estimate)",2012,10.014837051229,,1
CEB,Central Europe and the Baltics,SL.UEM.TOTL.ZS,"Unemployment, total (% of total labor force) (modeled ILO estimate)",2011,9.80960842319458,,1
CEB,Central Europe and the Baltics,SL.UEM.TOTL.ZS,"Unemployment, total (% of total labor force) (modeled ILO estimate)",2010,9.92718738959061,,1
CEB,Central Europe and the Baltics,SL.UEM.TOTL.ZS,"Unemployment, total (% of total labor force) (modeled ILO estimate)",2009,8.51650875155537,,1
CEB,Central Europe and the Baltics,SL.UEM.TOTL.ZS,"Unemployment, total (% of total labor force) (modeled ILO estimate)",2008,6.60116715977237,,1
CEB,Central Europe and the Baltics,SL.UEM.TOTL.ZS,"Unemployment, total (% of total labor force) (modeled ILO estimate)",2007,7.80912922603523,,1
CEB,Central Europe and the Baltics,SL.UEM.TOTL.ZS,"Unemployment, total (% of total labor force) (modeled ILO estimate)",2006,10.1249144944981,,1
CEB,Central Europe and the Baltics,SL.UEM.TOTL.ZS,"Unemployment, total (% of total labor force) (modeled ILO estimate)",2005,12.0311529429654,,1
CEB,Central Europe and the Baltics,SL.UEM.TOTL.ZS,"Unemployment, total (% of total labor force) (modeled ILO estimate)",2004,12.8914606604503,,1
CEB,Central Europe and the Baltics,SL.UEM.TOTL.ZS,"Unemployment, total (% of total labor force) (modeled ILO estimate)",2003,13.2764246828022,,1
CEB,Central Europe and the Baltics,SL.UEM.TOTL.ZS,"Unemployment, total (% of total labor force) (modeled ILO estimate)",2002,13.9609765303477,,1
CEB,Central Europe and the Baltics,SL.UEM.TOTL.ZS,"Unemployment, total (% of total labor force) (modeled ILO estimate)",2001,13.4981128132324,,1
CEB,Central Europe and the Baltics,SL.UEM.TOTL.ZS,"Unemployment, total (% of total labor force) (modeled ILO estimate)",2000,12.1493697321005,,1
CEB,Central Europe and the Baltics,SL.UEM.TOTL.ZS,"Unemployment, total (% of total labor force) (modeled ILO estimate)",1999,10.6183180697798,,1
CEB,Central Europe and the Baltics,SL.UEM.TOTL.ZS,"Unemployment, total (% of total labor force) (modeled ILO estimate)",1998,9.18697418361695,,1
CEB,Central Europe and the Baltics,SL.UEM.TOTL.ZS,"Unemployment, total (% of total labor force) (modeled ILO estimate)",1997,9.39172805883786,,1
CEB,Central Europe and the Baltics,SL.UEM.TOTL.ZS,"Unemployment, total (% of total labor force) (modeled ILO estimate)",1996,10.3630367762026,,1
CEB,Central Europe and the Baltics,SL.UEM.TOTL.ZS,"Unemployment, total (% of total labor force) (modeled ILO estimate)",1995,11.0167295576433,,1
CEB,Central Europe and the Baltics,SL.UEM.TOTL.ZS,"Unemployment, total (% of total labor force) (modeled ILO estimate)",1994,11.5568158799985,,1
CEB,Central Europe and the Baltics,SL.UEM.TOTL.ZS,"Unemployment, total (% of total labor force) (modeled ILO estimate)",1993,11.6885817374484,,1
CEB,Central Europe and the Baltics,SL.UEM.TOTL.ZS,"Unemployment, total (% of total labor force) (modeled ILO estimate)",1992,10.1959798130274,,1
CEB,Central Europe and the Baltics,SL.UEM.TOTL.ZS,"Unemployment, total (% of total labor force) (modeled ILO estimate)",1991,9.5754583965422,,1
EAR,Early-demographic dividend,SL.UEM.TOTL.ZS,"Unemployment, total (% of total labor force) (modeled ILO estimate)",2024,5.14376176238682,,1
EAR,Early-demographic dividend,SL.UEM.TOTL.ZS,"Unemployment, total (% of total labor force) (modeled ILO estimate)",2023,5.11313521249178,,1
EAR,Early-demographic dividend,SL.UEM.TOTL.ZS,"Unemployment, total (% of total labor force) (modeled ILO estimate)",2022,5.64296814018676,,1
EAR,Early-demographic dividend,SL.UEM.TOTL.ZS,"Unemployment, total (% of total labor force) (modeled ILO estimate)",2021,6.74359581980053,,1
EAR,Early-demographic dividend,SL.UEM.TOTL.ZS,"Unemployment, total (% of total labor force) (modeled ILO estimate)",2020,7.36417086549936,,1
EAR,Early-demographic dividend,SL.UEM.TOTL.ZS,"Unemployment, total (% of total labor force) (modeled ILO estimate)",2019,6.30970549335686,,1
EAR,Early-demographic dividend,SL.UEM.TOTL.ZS,"Unemployment, total (% of total labor force) (modeled ILO estimate)",2018,6.77526130131479,,1
EAR,Early-demographic dividend,SL.UEM.TOTL.ZS,"Unemployment, total (% of total labor force) (modeled ILO estimate)",2017,6.71806478492721,,1
EAR,Early-demographic dividend,SL.UEM.TOTL.ZS,"Unemployment, total (% of total labor force) (modeled ILO estimate)",2016,6.73414803284961,,1
EAR,Early-demographic dividend,SL.UEM.TOTL.ZS,"Unemployment, total (% of total labor force) (modeled ILO estimate)",2015,6.79324404164611,,1
EAR,Early-demographic dividend,SL.UEM.TOTL.ZS,"Unemployment, total (% of total labor force) (modeled ILO estimate)",2014,6.61419058154874,,1
EAR,Early-demographic dividend,SL.UEM.TOTL.ZS,"Unemployment, total (% of total labor force) (modeled ILO estimate)",2013,6.67711092742994,,1
EAR,Early-demographic dividend,SL.UEM.TOTL.ZS,"Unemployment, total (% of total labor force) (modeled ILO estimate)",2012,6.70184146782176,,1
EAR,Early-demographic dividend,SL.UEM.TOTL.ZS,"Unemployment, total (% of total labor force) (modeled ILO estimate)",2011,6.60736243902951,,1
EAR,Early-demographic dividend,SL.UEM.TOTL.ZS,"Unemployment, total (% of total labor force) (modeled ILO estimate)",2010,6.69836499671353,,1
EAR,Early-demographic dividend,SL.UEM.TOTL.ZS,"Unemployment, total (% of total labor force) (modeled ILO estimate)",2009,6.88223725605258,,1
EAR,Early-demographic dividend,SL.UEM.TOTL.ZS,"Unemployment, total (% of total labor force) (modeled ILO estimate)",2008,6.76572719306619,,1
EAR,Early-demographic dividend,SL.UEM.TOTL.ZS,"Unemployment, total (% of total labor force) (modeled ILO estimate)",2007,6.8238682430718,,1
EAR,Early-demographic dividend,SL.UEM.TOTL.ZS,"Unemployment, total (% of total labor force) (modeled ILO estimate)",2006,6.88954096317129,,1
EAR,Early-demographic dividend,SL.UEM.TOTL.ZS,"Unemployment, total (% of total labor force) (modeled ILO estimate)",2005,7.11332854467778,,1
EAR,Early-demographic dividend,SL.UEM.TOTL.ZS,"Unemployment, total (% of total labor force) (modeled ILO estimate)",2004,7.18946151700737,,1
EAR,Early-demographic dividend,SL.UEM.TOTL.ZS,"Unemployment, total (% of total labor force) (modeled ILO estimate)",2003,7.29621887458035,,1
EAR,Early-demographic dividend,SL.UEM.TOTL.ZS,"Unemployment, total (% of total labor force) (modeled ILO estimate)",2002,7.39006412287729,,1
EAR,Early-demographic dividend,SL.UEM.TOTL.ZS,"Unemployment, total (% of total labor force) (modeled ILO estimate)",2001,7.1563905809364,,1
EAR,Early-demographic dividend,SL.UEM.TOTL.ZS,"Unemployment, total (% of total labor force) (modeled ILO estimate)",2000,7.07281148454185,,1
EAR,Early-demographic dividend,SL.UEM.TOTL.ZS,"Unemployment, total (% of total labor force) (modeled ILO estimate)",1999,7.06616766110044,,1
EAR,Early-demographic dividend,SL.UEM.TOTL.ZS,"Unemployment, total (% of total labor force) (modeled ILO estimate)",1998,6.86942892859097,,1
EAR,Early-demographic dividend,SL.UEM.TOTL.ZS,"Unemployment, total (% of total labor force) (modeled ILO estimate)",1997,6.76187367957394,,1
EAR,Early-demographic dividend,SL.UEM.TOTL.ZS,"Unemployment, total (% of total labor force) (modeled ILO estimate)",1996,6.88342868446174,,1
EAR,Early-demographic dividend,SL.UEM.TOTL.ZS,"Unemployment, total (% of total labor force) (modeled ILO estimate)",1995,7.03393456293223,,1
EAR,Early-demographic dividend,SL.UEM.TOTL.ZS,"Unemployment, total (% of total labor force) (modeled ILO estimate)",1994,6.75830009709217,,1
EAR,Early-demographic dividend,SL.UEM.TOTL.ZS,"Unemployment, total (% of total labor force) (modeled ILO estimate)",1993,6.52253587521998,,1
EAR,Early-demographic dividend,SL.UEM.TOTL.ZS,"Unemployment, total (% of total labor force) (modeled ILO estimate)",1992,6.34783715467962,,1
EAR,Early-demographic dividend,SL.UEM.TOTL.ZS,"Unemployment, total (% of total labor force) (modeled ILO estimate)",1991,6.27795263088707,,1
EAS,East Asia & Pacific,SL.UEM.TOTL.ZS,"Unemployment, total (% of total labor force) (modeled ILO estimate)",2024,3.80594017324633,,1
EAS,East Asia & Pacific,SL.UEM.TOTL.ZS,"Unemployment, total (% of total labor force) (modeled ILO estimate)",2023,3.86187012642211,,1
EAS,East Asia & Pacific,SL.UEM.TOTL.ZS,"Unemployment, total (% of total labor force) (modeled ILO estimate)",2022,4.10032254258298,,1
EAS,East Asia & Pacific,SL.UEM.TOTL.ZS,"Unemployment, total (% of total labor force) (modeled ILO estimate)",2021,4.06219092494547,,1
EAS,East Asia & Pacific,SL.UEM.TOTL.ZS,"Unemployment, total (% of total labor force) (modeled ILO estimate)",2020,4.29658340250273,,1
EAS,East Asia & Pacific,SL.UEM.TOTL.ZS,"Unemployment, total (% of total labor force) (modeled ILO estimate)",2019,3.82442011949597,,1
EAS,East Asia & Pacific,SL.UEM.TOTL.ZS,"Unemployment, total (% of total labor force) (modeled ILO estimate)",2018,3.75442452697159,,1
EAS,East Asia & Pacific,SL.UEM.TOTL.ZS,"Unemployment, total (% of total labor force) (modeled ILO estimate)",2017,3.87456480348735,,1
EAS,East Asia & Pacific,SL.UEM.TOTL.ZS,"Unemployment, total (% of total labor force) (modeled ILO estimate)",2016,4.00393781457677,,1
EAS,East Asia & Pacific,SL.UEM.TOTL.ZS,"Unemployment, total (% of total labor force) (modeled ILO estimate)",2015,4.08987694775025,,1
EAS,East Asia & Pacific,SL.UEM.TOTL.ZS,"Unemployment, total (% of total labor force) (modeled ILO estimate)",2014,4.02541580416077,,1
EAS,East Asia & Pacific,SL.UEM.TOTL.ZS,"Unemployment, total (% of total labor force) (modeled ILO estimate)",2013,4.05303743028521,,1
EAS,East Asia & Pacific,SL.UEM.TOTL.ZS,"Unemployment, total (% of total labor force) (modeled ILO estimate)",2012,4.0605301268473,,1
EAS,East Asia & Pacific,SL.UEM.TOTL.ZS,"Unemployment, total (% of total labor force) (modeled ILO estimate)",2011,4.13091004622057,,1
EAS,East Asia & Pacific,SL.UEM.TOTL.ZS,"Unemployment, total (% of total labor force) (modeled ILO estimate)",2010,4.22455076502669,,1
EAS,East Asia & Pacific,SL.UEM.TOTL.ZS,"Unemployment, total (% of total labor force) (modeled ILO estimate)",2009,4.47420796985744,,1
EAS,East Asia & Pacific,SL.UEM.TOTL.ZS,"Unemployment, total (% of total labor force) (modeled ILO estimate)",2008,4.38194930101755,,1
EAS,East Asia & Pacific,SL.UEM.TOTL.ZS,"Unemployment, total (% of total labor force) (modeled ILO estimate)",2007,4.30429852915007,,1
EAS,East Asia & Pacific,SL.UEM.TOTL.ZS,"Unemployment, total (% of total labor force) (modeled ILO estimate)",2006,4.351012904116,,1
EAS,East Asia & Pacific,SL.UEM.TOTL.ZS,"Unemployment, total (% of total labor force) (modeled ILO estimate)",2005,4.47463469156014,,1
EAS,East Asia & Pacific,SL.UEM.TOTL.ZS,"Unemployment, total (% of total labor force) (modeled ILO estimate)",2004,4.42980737625595,,1
EAS,East Asia & Pacific,SL.UEM.TOTL.ZS,"Unemployment, total (% of total labor force) (modeled ILO estimate)",2003,4.47961803252938,,1
EAS,East Asia & Pacific,SL.UEM.TOTL.ZS,"Unemployment, total (% of total labor force) (modeled ILO estimate)",2002,4.26557821608325,,1
EAS,East Asia & Pacific,SL.UEM.TOTL.ZS,"Unemployment, total (% of total labor force) (modeled ILO estimate)",2001,3.96606605575514,,1
EAS,East Asia & Pacific,SL.UEM.TOTL.ZS,"Unemployment, total (% of total labor force) (modeled ILO estimate)",2000,3.56333033432491,,1
EAS,East Asia & Pacific,SL.UEM.TOTL.ZS,"Unemployment, total (% of total labor force) (modeled ILO estimate)",1999,3.65945976901506,,1
EAS,East Asia & Pacific,SL.UEM.TOTL.ZS,"Unemployment, total (% of total labor force) (modeled ILO estimate)",1998,3.54773877147608,,1
EAS,East Asia & Pacific,SL.UEM.TOTL.ZS,"Unemployment, total (% of total labor force) (modeled ILO estimate)",1997,3.25632597864276,,1
EAS,East Asia & Pacific,SL.UEM.TOTL.ZS,"Unemployment, total (% of total labor force) (modeled ILO estimate)",1996,3.16713936232141,,1
EAS,East Asia & Pacific,SL.UEM.TOTL.ZS,"Unemployment, total (% of total labor force) (modeled ILO estimate)",1995,3.05225354598453,,1
EAS,East Asia & Pacific,SL.UEM.TOTL.ZS,"Unemployment, total (% of total labor force) (modeled ILO estimate)",1994,2.97684115736109,,1
EAS,East Asia & Pacific,SL.UEM.TOTL.ZS,"Unemployment, total (% of total labor force) (modeled ILO estimate)",1993,2.70801641148741,,1
EAS,East Asia & Pacific,SL.UEM.TOTL.ZS,"Unemployment, total (% of total labor force) (modeled ILO estimate)",1992,2.45298512544046,,1
EAS,East Asia & Pacific,SL.UEM.TOTL.ZS,"Unemployment, total (% of total labor force) (modeled ILO estimate)",1991,2.45960141823165,,1
EAP,East Asia & Pacific (excluding high income),SL.UEM.TOTL.ZS,"Unemployment, total (% of total labor force) (modeled ILO estimate)",2024,3.91370991631764,,1
EAP,East Asia & Pacific (excluding high income),SL.UEM.TOTL.ZS,"Unemployment, total (% of total labor force) (modeled ILO estimate)",2023,3.97712381690091,,1
EAP,East Asia & Pacific (excluding high income),SL.UEM.TOTL.ZS,"Unemployment, total (% of total labor force) (modeled ILO estimate)",2022,4.23491194246921,,1
EAP,East Asia & Pacific (excluding high income),SL.UEM.TOTL.ZS,"Unemployment, total (% of total labor force) (modeled ILO estimate)",2021,4.13328662810016,,1
EAP,East Asia & Pacific (excluding high income),SL.UEM.TOTL.ZS,"Unemployment, total (% of total labor force) (modeled ILO estimate)",2020,4.36943697408605,,1
EAP,East Asia & Pacific (excluding high income),SL.UEM.TOTL.ZS,"Unemployment, total (% of total labor force) (modeled ILO estimate)",2019,3.90432643103478,,1
EAP,East Asia & Pacific (excluding high income),SL.UEM.TOTL.ZS,"Unemployment, total (% of total labor force) (modeled ILO estimate)",2018,3.81235265554938,,1
EAP,East Asia & Pacific (excluding high income),SL.UEM.TOTL.ZS,"Unemployment, total (% of total labor force) (modeled ILO estimate)",2017,3.9216662036523,,1
EAP,East Asia & Pacific (excluding high income),SL.UEM.TOTL.ZS,"Unemployment, total (% of total labor force) (modeled ILO estimate)",2016,4.04312471702124,,1
EAP,East Asia & Pacific (excluding high income),SL.UEM.TOTL.ZS,"Unemployment, total (% of total labor force) (modeled ILO estimate)",2015,4.12458341898818,,1
EAP,East Asia & Pacific (excluding high income),SL.UEM.TOTL.ZS,"Unemployment, total (% of total labor force) (modeled ILO estimate)",2014,4.05030843985024,,1
EAP,East Asia & Pacific (excluding high income),SL.UEM.TOTL.ZS,"Unemployment, total (% of total labor force) (modeled ILO estimate)",2013,4.05506180796151,,1
EAP,East Asia & Pacific (excluding high income),SL.UEM.TOTL.ZS,"Unemployment, total (% of total labor force) (modeled ILO estimate)",2012,4.05276045051969,,1
EAP,East Asia & Pacific (excluding high income),SL.UEM.TOTL.ZS,"Unemployment, total (% of total labor force) (modeled ILO estimate)",2011,4.11479448813573,,1
EAP,East Asia & Pacific (excluding high income),SL.UEM.TOTL.ZS,"Unemployment, total (% of total labor force) (modeled ILO estimate)",2010,4.16370037437203,,1
EAP,East Asia & Pacific (excluding high income),SL.UEM.TOTL.ZS,"Unemployment, total (% of total labor force) (modeled ILO estimate)",2009,4.42509624520043,,1
EAP,East Asia & Pacific (excluding high income),SL.UEM.TOTL.ZS,"Unemployment, total (% of total labor force) (modeled ILO estimate)",2008,4.44442036989862,,1
EAP,East Asia & Pacific (excluding high income),SL.UEM.TOTL.ZS,"Unemployment, total (% of total labor force) (modeled ILO estimate)",2007,4.36462589942474,,1
EAP,East Asia & Pacific (excluding high income),SL.UEM.TOTL.ZS,"Unemployment, total (% of total labor force) (modeled ILO estimate)",2006,4.3836448453094,,1
EAP,East Asia & Pacific (excluding high income),SL.UEM.TOTL.ZS,"Unemployment, total (% of total labor force) (modeled ILO estimate)",2005,4.49019174546575,,1
EAP,East Asia & Pacific (excluding high income),SL.UEM.TOTL.ZS,"Unemployment, total (% of total labor force) (modeled ILO estimate)",2004,4.41127089940087,,1
EAP,East Asia & Pacific (excluding high income),SL.UEM.TOTL.ZS,"Unemployment, total (% of total labor force) (modeled ILO estimate)",2003,4.41684389931735,,1
EAP,East Asia & Pacific (excluding high income),SL.UEM.TOTL.ZS,"Unemployment, total (% of total labor force) (modeled ILO estimate)",2002,4.16950098114092,,1
EAP,East Asia & Pacific (excluding high income),SL.UEM.TOTL.ZS,"Unemployment, total (% of total labor force) (modeled ILO estimate)",2001,3.85578728070638,,1
EAP,East Asia & Pacific (excluding high income),SL.UEM.TOTL.ZS,"Unemployment, total (% of total labor force) (modeled ILO estimate)",2000,3.43334970499077,,1
EAP,East Asia & Pacific (excluding high income),SL.UEM.TOTL.ZS,"Unemployment, total (% of total labor force) (modeled ILO estimate)",1999,3.47870712039455,,1
EAP,East Asia & Pacific (excluding high income),SL.UEM.TOTL.ZS,"Unemployment, total (% of total labor force) (modeled ILO estimate)",1998,3.38360539136196,,1
EAP,East Asia & Pacific (excluding high income),SL.UEM.TOTL.ZS,"Unemployment, total (% of total labor force) (modeled ILO estimate)",1997,3.2129923203788,,1
EAP,East Asia & Pacific (excluding high income),SL.UEM.TOTL.ZS,"Unemployment, total (% of total labor force) (modeled ILO estimate)",1996,3.12119458500169,,1
EAP,East Asia & Pacific (excluding high income),SL.UEM.TOTL.ZS,"Unemployment, total (% of total labor force) (modeled ILO estimate)",1995,3.01646156806726,,1
EAP,East Asia & Pacific (excluding high income),SL.UEM.TOTL.ZS,"Unemployment, total (% of total labor force) (modeled ILO estimate)",1994,2.93314445248656,,1
EAP,East Asia & Pacific (excluding high income),SL.UEM.TOTL.ZS,"Unemployment, total (% of total labor force) (modeled ILO estimate)",1993,2.63468153816686,,1
EAP,East Asia & Pacific (excluding high income),SL.UEM.TOTL.ZS,"Unemployment, total (% of total labor force) (modeled ILO estimate)",1992,2.38330583983105,,1
EAP,East Asia & Pacific (excluding high income),SL.UEM.TOTL.ZS,"Unemployment, total (% of total labor force) (modeled ILO estimate)",1991,2.41390623885303,,1
TEA,East Asia & Pacific (IDA & IBRD countries),SL.UEM.TOTL.ZS,"Unemployment, total (% of total labor force) (modeled ILO estimate)",2024,3.91959262359653,,1
TEA,East Asia & Pacific (IDA & IBRD countries),SL.UEM.TOTL.ZS,"Unemployment, total (% of total labor force) (modeled ILO estimate)",2023,3.98514803684521,,1
TEA,East Asia & Pacific (IDA & IBRD countries),SL.UEM.TOTL.ZS,"Unemployment, total (% of total labor force) (modeled ILO estimate)",2022,4.24711639501186,,1
TEA,East Asia & Pacific (IDA & IBRD countries),SL.UEM.TOTL.ZS,"Unemployment, total (% of total labor force) (modeled ILO estimate)",2021,4.14006542894987,,1
TEA,East Asia & Pacific (IDA & IBRD countries),SL.UEM.TOTL.ZS,"Unemployment, total (% of total labor force) (modeled ILO estimate)",2020,4.38103635885362,,1
TEA,East Asia & Pacific (IDA & IBRD countries),SL.UEM.TOTL.ZS,"Unemployment, total (% of total labor force) (modeled ILO estimate)",2019,3.91155753249546,,1
TEA,East Asia & Pacific (IDA & IBRD countries),SL.UEM.TOTL.ZS,"Unemployment, total (% of total labor force) (modeled ILO estimate)",2018,3.81860609641702,,1
TEA,East Asia & Pacific (IDA & IBRD countries),SL.UEM.TOTL.ZS,"Unemployment, total (% of total labor force) (modeled ILO estimate)",2017,3.92821339454137,,1
TEA,East Asia & Pacific (IDA & IBRD countries),SL.UEM.TOTL.ZS,"Unemployment, total (% of total labor force) (modeled ILO estimate)",2016,4.0503221911626,,1
TEA,East Asia & Pacific (IDA & IBRD countries),SL.UEM.TOTL.ZS,"Unemployment, total (% of total labor force) (modeled ILO estimate)",2015,4.13377205147226,,1
TEA,East Asia & Pacific (IDA & IBRD countries),SL.UEM.TOTL.ZS,"Unemployment, total (% of total labor force) (modeled ILO estimate)",2014,4.05853741844698,,1
TEA,East Asia & Pacific (IDA & IBRD countries),SL.UEM.TOTL.ZS,"Unemployment, total (% of total labor force) (modeled ILO estimate)",2013,4.06245777272466,,1
TEA,East Asia & Pacific (IDA & IBRD countries),SL.UEM.TOTL.ZS,"Unemployment, total (% of total labor force) (modeled ILO estimate)",2012,4.06044851591873,,1
TEA,East Asia & Pacific (IDA & IBRD countries),SL.UEM.TOTL.ZS,"Unemployment, total (% of total labor force) (modeled ILO estimate)",2011,4.12377298395066,,1
TEA,East Asia & Pacific (IDA & IBRD countries),SL.UEM.TOTL.ZS,"Unemployment, total (% of total labor force) (modeled ILO estimate)",2010,4.17487787059342,,1
TEA,East Asia & Pacific (IDA & IBRD countries),SL.UEM.TOTL.ZS,"Unemployment, total (% of total labor force) (modeled ILO estimate)",2009,4.43923742826889,,1
TEA,East Asia & Pacific (IDA & IBRD countries),SL.UEM.TOTL.ZS,"Unemployment, total (% of total labor force) (modeled ILO estimate)",2008,4.45880440548548,,1
TEA,East Asia & Pacific (IDA & IBRD countries),SL.UEM.TOTL.ZS,"Unemployment, total (% of total labor force) (modeled ILO estimate)",2007,4.37680263860099,,1
TEA,East Asia & Pacific (IDA & IBRD countries),SL.UEM.TOTL.ZS,"Unemployment, total (% of total labor force) (modeled ILO estimate)",2006,4.3960838573092,,1
TEA,East Asia & Pacific (IDA & IBRD countries),SL.UEM.TOTL.ZS,"Unemployment, total (% of total labor force) (modeled ILO estimate)",2005,4.50383702137591,,1
TEA,East Asia & Pacific (IDA & IBRD countries),SL.UEM.TOTL.ZS,"Unemployment, total (% of total labor force) (modeled ILO estimate)",2004,4.42310310906886,,1
TEA,East Asia & Pacific (IDA & IBRD countries),SL.UEM.TOTL.ZS,"Unemployment, total (% of total labor force) (modeled ILO estimate)",2003,4.428076738741,,1
TEA,East Asia & Pacific (IDA & IBRD countries),SL.UEM.TOTL.ZS,"Unemployment, total (% of total labor force) (modeled ILO estimate)",2002,4.17741336740834,,1
TEA,East Asia & Pacific (IDA & IBRD countries),SL.UEM.TOTL.ZS,"Unemployment, total (% of total labor force) (modeled ILO estimate)",2001,3.85850449672083,,1
TEA,East Asia & Pacific (IDA & IBRD countries),SL.UEM.TOTL.ZS,"Unemployment, total (% of total labor force) (modeled ILO estimate)",2000,3.43001128152857,,1
TEA,East Asia & Pacific (IDA & IBRD countries),SL.UEM.TOTL.ZS,"Unemployment, total (% of total labor force) (modeled ILO estimate)",1999,3.47579200535286,,1
TEA,East Asia & Pacific (IDA & IBRD countries),SL.UEM.TOTL.ZS,"Unemployment, total (% of total labor force) (modeled ILO estimate)",1998,3.38242232824111,,1
TEA,East Asia & Pacific (IDA & IBRD countries),SL.UEM.TOTL.ZS,"Unemployment, total (% of total labor force) (modeled ILO estimate)",1997,3.21237864407138,,1
TEA,East Asia & Pacific (IDA & IBRD countries),SL.UEM.TOTL.ZS,"Unemployment, total (% of total labor force) (modeled ILO estimate)",1996,3.12070620503968,,1
TEA,East Asia & Pacific (IDA & IBRD countries),SL.UEM.TOTL.ZS,"Unemployment, total (% of total labor force) (modeled ILO estimate)",1995,3.01496053849378,,1
TEA,East Asia & Pacific (IDA & IBRD countries),SL.UEM.TOTL.ZS,"Unemployment, total (% of total labor force) (modeled ILO estimate)",1994,2.93069940629993,,1
TEA,East Asia & Pacific (IDA & IBRD countries),SL.UEM.TOTL.ZS,"Unemployment, total (% of total labor force) (modeled ILO estimate)",1993,2.62936653616559,,1
TEA,East Asia & Pacific (IDA & IBRD countries),SL.UEM.TOTL.ZS,"Unemployment, total (% of total labor force) (modeled ILO estimate)",1992,2.37576826157152,,1
TEA,East Asia & Pacific (IDA & IBRD countries),SL.UEM.TOTL.ZS,"Unemployment, total (% of total labor force) (modeled ILO estimate)",1991,2.4073196083798,,1
EMU,Euro area,SL.UEM.TOTL.ZS,"Unemployment, total (% of total labor force) (modeled ILO estimate)",2024,6.38633268588582,,1
EMU,Euro area,SL.UEM.TOTL.ZS,"Unemployment, total (% of total labor force) (modeled ILO estimate)",2023,6.56284141881272,,1
EMU,Euro area,SL.UEM.TOTL.ZS,"Unemployment, total (% of total labor force) (modeled ILO estimate)",2022,6.77735729230381,,1
EMU,Euro area,SL.UEM.TOTL.ZS,"Unemployment, total (% of total labor force) (modeled ILO estimate)",2021,7.74091996942336,,1
EMU,Euro area,SL.UEM.TOTL.ZS,"Unemployment, total (% of total labor force) (modeled ILO estimate)",2020,7.83444210222942,,1
EMU,Euro area,SL.UEM.TOTL.ZS,"Unemployment, total (% of total labor force) (modeled ILO estimate)",2019,7.50763908569826,,1
EMU,Euro area,SL.UEM.TOTL.ZS,"Unemployment, total (% of total labor force) (modeled ILO estimate)",2018,8.145745207482,,1
EMU,Euro area,SL.UEM.TOTL.ZS,"Unemployment, total (% of total labor force) (modeled ILO estimate)",2017,9.06848085645283,,1
EMU,Euro area,SL.UEM.TOTL.ZS,"Unemployment, total (% of total labor force) (modeled ILO estimate)",2016,10.0320372944587,,1
EMU,Euro area,SL.UEM.TOTL.ZS,"Unemployment, total (% of total labor force) (modeled ILO estimate)",2015,10.881412988039,,1
EMU,Euro area,SL.UEM.TOTL.ZS,"Unemployment, total (% of total labor force) (modeled ILO estimate)",2014,11.6246613617345,,1
EMU,Euro area,SL.UEM.TOTL.ZS,"Unemployment, total (% of total labor force) (modeled ILO estimate)",2013,11.9997144514046,,1
EMU,Euro area,SL.UEM.TOTL.ZS,"Unemployment, total (% of total labor force) (modeled ILO estimate)",2012,11.4157094775581,,1
EMU,Euro area,SL.UEM.TOTL.ZS,"Unemployment, total (% of total labor force) (modeled ILO estimate)",2011,10.2604549448738,,1
EMU,Euro area,SL.UEM.TOTL.ZS,"Unemployment, total (% of total labor force) (modeled ILO estimate)",2010,10.1740194070287,,1
EMU,Euro area,SL.UEM.TOTL.ZS,"Unemployment, total (% of total labor force) (modeled ILO estimate)",2009,9.63334626391305,,1
EMU,Euro area,SL.UEM.TOTL.ZS,"Unemployment, total (% of total labor force) (modeled ILO estimate)",2008,7.54425138527358,,1
EMU,Euro area,SL.UEM.TOTL.ZS,"Unemployment, total (% of total labor force) (modeled ILO estimate)",2007,7.53715996964668,,1
EMU,Euro area,SL.UEM.TOTL.ZS,"Unemployment, total (% of total labor force) (modeled ILO estimate)",2006,8.42956606287314,,1
EMU,Euro area,SL.UEM.TOTL.ZS,"Unemployment, total (% of total labor force) (modeled ILO estimate)",2005,9.15007509419852,,1
EMU,Euro area,SL.UEM.TOTL.ZS,"Unemployment, total (% of total labor force) (modeled ILO estimate)",2004,9.2907687105215,,1
EMU,Euro area,SL.UEM.TOTL.ZS,"Unemployment, total (% of total labor force) (modeled ILO estimate)",2003,9.0218414865169,,1
EMU,Euro area,SL.UEM.TOTL.ZS,"Unemployment, total (% of total labor force) (modeled ILO estimate)",2002,8.68085523881314,,1
EMU,Euro area,SL.UEM.TOTL.ZS,"Unemployment, total (% of total labor force) (modeled ILO estimate)",2001,8.41956121583543,,1
EMU,Euro area,SL.UEM.TOTL.ZS,"Unemployment, total (% of total labor force) (modeled ILO estimate)",2000,9.47321124385057,,1
EMU,Euro area,SL.UEM.TOTL.ZS,"Unemployment, total (% of total labor force) (modeled ILO estimate)",1999,10.4542821601684,,1
EMU,Euro area,SL.UEM.TOTL.ZS,"Unemployment, total (% of total labor force) (modeled ILO estimate)",1998,11.205669738695,,1
EMU,Euro area,SL.UEM.TOTL.ZS,"Unemployment, total (% of total labor force) (modeled ILO estimate)",1997,11.6224406312296,,1
EMU,Euro area,SL.UEM.TOTL.ZS,"Unemployment, total (% of total labor force) (modeled ILO estimate)",1996,11.6258748533766,,1
EMU,Euro area,SL.UEM.TOTL.ZS,"Unemployment, total (% of total labor force) (modeled ILO estimate)",1995,11.4189986140193,,1
EMU,Euro area,SL.UEM.TOTL.ZS,"Unemployment, total (% of total labor force) (modeled ILO estimate)",1994,11.7377677754957,,1
EMU,Euro area,SL.UEM.TOTL.ZS,"Unemployment, total (% of total labor force) (modeled ILO estimate)",1993,10.691650859096,,1
EMU,Euro area,SL.UEM.TOTL.ZS,"Unemployment, total (% of total labor force) (modeled ILO estimate)",1992,8.93072986689998,,1
EMU,Euro area,SL.UEM.TOTL.ZS,"Unemployment, total (% of total labor force) (modeled ILO estimate)",1991,8.31633202176857,,1
ECS,Europe & Central Asia,SL.UEM.TOTL.ZS,"Unemployment, total (% of total labor force) (modeled ILO estimate)",2024,5.37193076650132,,1
ECS,Europe & Central Asia,SL.UEM.TOTL.ZS,"Unemployment, total (% of total labor force) (modeled ILO estimate)",2023,5.5524628481626,,1
ECS,Europe & Central Asia,SL.UEM.TOTL.ZS,"Unemployment, total (% of total labor force) (modeled ILO estimate)",2022,5.8461378752333,,1
ECS,Europe & Central Asia,SL.UEM.TOTL.ZS,"Unemployment, total (% of total labor force) (modeled ILO estimate)",2021,6.90008993267541,,1
ECS,Europe & Central Asia,SL.UEM.TOTL.ZS,"Unemployment, total (% of total labor force) (modeled ILO estimate)",2020,7.09506699474453,,1
ECS,Europe & Central Asia,SL.UEM.TOTL.ZS,"Unemployment, total (% of total labor force) (modeled ILO estimate)",2019,6.62368420554511,,1
ECS,Europe & Central Asia,SL.UEM.TOTL.ZS,"Unemployment, total (% of total labor force) (modeled ILO estimate)",2018,6.87753387966177,,1
ECS,Europe & Central Asia,SL.UEM.TOTL.ZS,"Unemployment, total (% of total labor force) (modeled ILO estimate)",2017,7.48553527599582,,1
ECS,Europe & Central Asia,SL.UEM.TOTL.ZS,"Unemployment, total (% of total labor force) (modeled ILO estimate)",2016,8.07810584353712,,1
ECS,Europe & Central Asia,SL.UEM.TOTL.ZS,"Unemployment, total (% of total labor force) (modeled ILO estimate)",2015,8.55822892785091,,1
ECS,Europe & Central Asia,SL.UEM.TOTL.ZS,"Unemployment, total (% of total labor force) (modeled ILO estimate)",2014,8.94531748737116,,1
ECS,Europe & Central Asia,SL.UEM.TOTL.ZS,"Unemployment, total (% of total labor force) (modeled ILO estimate)",2013,9.26791470889925,,1
ECS,Europe & Central Asia,SL.UEM.TOTL.ZS,"Unemployment, total (% of total labor force) (modeled ILO estimate)",2012,9.0709603493315,,1
ECS,Europe & Central Asia,SL.UEM.TOTL.ZS,"Unemployment, total (% of total labor force) (modeled ILO estimate)",2011,8.85115926133991,,1
ECS,Europe & Central Asia,SL.UEM.TOTL.ZS,"Unemployment, total (% of total labor force) (modeled ILO estimate)",2010,9.11732766770857,,1
ECS,Europe & Central Asia,SL.UEM.TOTL.ZS,"Unemployment, total (% of total labor force) (modeled ILO estimate)",2009,9.05895187341576,,1
ECS,Europe & Central Asia,SL.UEM.TOTL.ZS,"Unemployment, total (% of total labor force) (modeled ILO estimate)",2008,7.16897078667497,,1
ECS,Europe & Central Asia,SL.UEM.TOTL.ZS,"Unemployment, total (% of total labor force) (modeled ILO estimate)",2007,7.24696438985174,,1
ECS,Europe & Central Asia,SL.UEM.TOTL.ZS,"Unemployment, total (% of total labor force) (modeled ILO estimate)",2006,8.17297527475334,,1
ECS,Europe & Central Asia,SL.UEM.TOTL.ZS,"Unemployment, total (% of total labor force) (modeled ILO estimate)",2005,8.7318165816003,,1
ECS,Europe & Central Asia,SL.UEM.TOTL.ZS,"Unemployment, total (% of total labor force) (modeled ILO estimate)",2004,9.05651425282142,,1
ECS,Europe & Central Asia,SL.UEM.TOTL.ZS,"Unemployment, total (% of total labor force) (modeled ILO estimate)",2003,9.11346744115473,,1
ECS,Europe & Central Asia,SL.UEM.TOTL.ZS,"Unemployment, total (% of total labor force) (modeled ILO estimate)",2002,9.07870920871455,,1
ECS,Europe & Central Asia,SL.UEM.TOTL.ZS,"Unemployment, total (% of total labor force) (modeled ILO estimate)",2001,9.0564200675213,,1
ECS,Europe & Central Asia,SL.UEM.TOTL.ZS,"Unemployment, total (% of total labor force) (modeled ILO estimate)",2000,9.68483091902418,,1
ECS,Europe & Central Asia,SL.UEM.TOTL.ZS,"Unemployment, total (% of total labor force) (modeled ILO estimate)",1999,10.5851773676979,,1
ECS,Europe & Central Asia,SL.UEM.TOTL.ZS,"Unemployment, total (% of total labor force) (modeled ILO estimate)",1998,10.6928774380072,,1
ECS,Europe & Central Asia,SL.UEM.TOTL.ZS,"Unemployment, total (% of total labor force) (modeled ILO estimate)",1997,10.5181612217563,,1
ECS,Europe & Central Asia,SL.UEM.TOTL.ZS,"Unemployment, total (% of total labor force) (modeled ILO estimate)",1996,10.2686228030506,,1
ECS,Europe & Central Asia,SL.UEM.TOTL.ZS,"Unemployment, total (% of total labor force) (modeled ILO estimate)",1995,9.9311190228704,,1
ECS,Europe & Central Asia,SL.UEM.TOTL.ZS,"Unemployment, total (% of total labor force) (modeled ILO estimate)",1994,9.65148359317699,,1
ECS,Europe & Central Asia,SL.UEM.TOTL.ZS,"Unemployment, total (% of total labor force) (modeled ILO estimate)",1993,8.65755617021955,,1
ECS,Europe & Central Asia,SL.UEM.TOTL.ZS,"Unemployment, total (% of total labor force) (modeled ILO estimate)",1992,7.50363987800311,,1
ECS,Europe & Central Asia,SL.UEM.TOTL.ZS,"Unemployment, total (% of total labor force) (modeled ILO estimate)",1991,6.89908680494163,,1
ECA,Europe & Central Asia (excluding high income),SL.UEM.TOTL.ZS,"Unemployment, total (% of total labor force) (modeled ILO estimate)",2024,6.90392605245375,,1
ECA,Europe & Central Asia (excluding high income),SL.UEM.TOTL.ZS,"Unemployment, total (% of total labor force) (modeled ILO estimate)",2023,7.17966785115489,,1
ECA,Europe & Central Asia (excluding high income),SL.UEM.TOTL.ZS,"Unemployment, total (% of total labor force) (modeled ILO estimate)",2022,7.71538545377934,,1
ECA,Europe & Central Asia (excluding high income),SL.UEM.TOTL.ZS,"Unemployment, total (% of total labor force) (modeled ILO estimate)",2021,8.95407922243149,,1
ECA,Europe & Central Asia (excluding high income),SL.UEM.TOTL.ZS,"Unemployment, total (% of total labor force) (modeled ILO estimate)",2020,9.26814225066227,,1
ECA,Europe & Central Asia (excluding high income),SL.UEM.TOTL.ZS,"Unemployment, total (% of total labor force) (modeled ILO estimate)",2019,9.11807057814077,,1
ECA,Europe & Central Asia (excluding high income),SL.UEM.TOTL.ZS,"Unemployment, total (% of total labor force) (modeled ILO estimate)",2018,8.61159005290134,,1
ECA,Europe & Central Asia (excluding high income),SL.UEM.TOTL.ZS,"Unemployment, total (% of total labor force) (modeled ILO estimate)",2017,8.94336027365094,,1
ECA,Europe & Central Asia (excluding high income),SL.UEM.TOTL.ZS,"Unemployment, total (% of total labor force) (modeled ILO estimate)",2016,9.03756351375215,,1
ECA,Europe & Central Asia (excluding high income),SL.UEM.TOTL.ZS,"Unemployment, total (% of total labor force) (modeled ILO estimate)",2015,8.9610543144391,,1
ECA,Europe & Central Asia (excluding high income),SL.UEM.TOTL.ZS,"Unemployment, total (% of total labor force) (modeled ILO estimate)",2014,8.96073635337147,,1
ECA,Europe & Central Asia (excluding high income),SL.UEM.TOTL.ZS,"Unemployment, total (% of total labor force) (modeled ILO estimate)",2013,8.56358395138192,,1
ECA,Europe & Central Asia (excluding high income),SL.UEM.TOTL.ZS,"Unemployment, total (% of total labor force) (modeled ILO estimate)",2012,8.60097981057875,,1
ECA,Europe & Central Asia (excluding high income),SL.UEM.TOTL.ZS,"Unemployment, total (% of total labor force) (modeled ILO estimate)",2011,8.88391871872232,,1
ECA,Europe & Central Asia (excluding high income),SL.UEM.TOTL.ZS,"Unemployment, total (% of total labor force) (modeled ILO estimate)",2010,9.54059516043394,,1
ECA,Europe & Central Asia (excluding high income),SL.UEM.TOTL.ZS,"Unemployment, total (% of total labor force) (modeled ILO estimate)",2009,10.1856136243961,,1
ECA,Europe & Central Asia (excluding high income),SL.UEM.TOTL.ZS,"Unemployment, total (% of total labor force) (modeled ILO estimate)",2008,8.58123430648126,,1
ECA,Europe & Central Asia (excluding high income),SL.UEM.TOTL.ZS,"Unemployment, total (% of total labor force) (modeled ILO estimate)",2007,8.61312246579108,,1
ECA,Europe & Central Asia (excluding high income),SL.UEM.TOTL.ZS,"Unemployment, total (% of total labor force) (modeled ILO estimate)",2006,9.15632666629247,,1
ECA,Europe & Central Asia (excluding high income),SL.UEM.TOTL.ZS,"Unemployment, total (% of total labor force) (modeled ILO estimate)",2005,9.62072328847468,,1
ECA,Europe & Central Asia (excluding high income),SL.UEM.TOTL.ZS,"Unemployment, total (% of total labor force) (modeled ILO estimate)",2004,10.1363077374344,,1
ECA,Europe & Central Asia (excluding high income),SL.UEM.TOTL.ZS,"Unemployment, total (% of total labor force) (modeled ILO estimate)",2003,10.290974644155,,1
ECA,Europe & Central Asia (excluding high income),SL.UEM.TOTL.ZS,"Unemployment, total (% of total labor force) (modeled ILO estimate)",2002,10.702874375174,,1
ECA,Europe & Central Asia (excluding high income),SL.UEM.TOTL.ZS,"Unemployment, total (% of total labor force) (modeled ILO estimate)",2001,10.6408534193536,,1
ECA,Europe & Central Asia (excluding high income),SL.UEM.TOTL.ZS,"Unemployment, total (% of total labor force) (modeled ILO estimate)",2000,10.7462183942089,,1
ECA,Europe & Central Asia (excluding high income),SL.UEM.TOTL.ZS,"Unemployment, total (% of total labor force) (modeled ILO estimate)",1999,11.3939211887159,,1
ECA,Europe & Central Asia (excluding high income),SL.UEM.TOTL.ZS,"Unemployment, total (% of total labor force) (modeled ILO estimate)",1998,11.0176037980024,,1
ECA,Europe & Central Asia (excluding high income),SL.UEM.TOTL.ZS,"Unemployment, total (% of total labor force) (modeled ILO estimate)",1997,10.123820205318,,1
ECA,Europe & Central Asia (excluding high income),SL.UEM.TOTL.ZS,"Unemployment, total (% of total labor force) (modeled ILO estimate)",1996,9.94996550467078,,1
ECA,Europe & Central Asia (excluding high income),SL.UEM.TOTL.ZS,"Unemployment, total (% of total labor force) (modeled ILO estimate)",1995,8.5598066611286,,1
ECA,Europe & Central Asia (excluding high income),SL.UEM.TOTL.ZS,"Unemployment, total (% of total labor force) (modeled ILO estimate)",1994,7.15598913122265,,1
ECA,Europe & Central Asia (excluding high income),SL.UEM.TOTL.ZS,"Unemployment, total (% of total labor force) (modeled ILO estimate)",1993,5.93307208181572,,1
ECA,Europe & Central Asia (excluding high income),SL.UEM.TOTL.ZS,"Unemployment, total (% of total labor force) (modeled ILO estimate)",1992,5.26992299704433,,1
ECA,Europe & Central Asia (excluding high income),SL.UEM.TOTL.ZS,"Unemployment, total (% of total labor force) (modeled ILO estimate)",1991,4.47175276094931,,1
TEC,Europe & Central Asia (IDA & IBRD countries),SL.UEM.TOTL.ZS,"Unemployment, total (% of total labor force) (modeled ILO estimate)",2024,4.71442788634565,,1
TEC,Europe & Central Asia (IDA & IBRD countries),SL.UEM.TOTL.ZS,"Unemployment, total (% of total labor force) (modeled ILO estimate)",2023,5.07700038173614,,1
TEC,Europe & Central Asia (IDA & IBRD countries),SL.UEM.TOTL.ZS,"Unemployment, total (% of total labor force) (modeled ILO estimate)",2022,5.62584537984402,,1
TEC,Europe & Central Asia (IDA & IBRD countries),SL.UEM.TOTL.ZS,"Unemployment, total (% of total labor force) (modeled ILO estimate)",2021,6.78803635122713,,1
TEC,Europe & Central Asia (IDA & IBRD countries),SL.UEM.TOTL.ZS,"Unemployment, total (% of total labor force) (modeled ILO estimate)",2020,7.20291679357834,,1
TEC,Europe & Central Asia (IDA & IBRD countries),SL.UEM.TOTL.ZS,"Unemployment, total (% of total labor force) (modeled ILO estimate)",2019,6.70220366105967,,1
TEC,Europe & Central Asia (IDA & IBRD countries),SL.UEM.TOTL.ZS,"Unemployment, total (% of total labor force) (modeled ILO estimate)",2018,6.64992815855912,,1
TEC,Europe & Central Asia (IDA & IBRD countries),SL.UEM.TOTL.ZS,"Unemployment, total (% of total labor force) (modeled ILO estimate)",2017,7.0901495889551,,1
TEC,Europe & Central Asia (IDA & IBRD countries),SL.UEM.TOTL.ZS,"Unemployment, total (% of total labor force) (modeled ILO estimate)",2016,7.43861188713932,,1
TEC,Europe & Central Asia (IDA & IBRD countries),SL.UEM.TOTL.ZS,"Unemployment, total (% of total labor force) (modeled ILO estimate)",2015,7.60801134268431,,1
TEC,Europe & Central Asia (IDA & IBRD countries),SL.UEM.TOTL.ZS,"Unemployment, total (% of total labor force) (modeled ILO estimate)",2014,7.62801272694854,,1
TEC,Europe & Central Asia (IDA & IBRD countries),SL.UEM.TOTL.ZS,"Unemployment, total (% of total labor force) (modeled ILO estimate)",2013,7.69053724382222,,1
TEC,Europe & Central Asia (IDA & IBRD countries),SL.UEM.TOTL.ZS,"Unemployment, total (% of total labor force) (modeled ILO estimate)",2012,7.63560375277807,,1
TEC,Europe & Central Asia (IDA & IBRD countries),SL.UEM.TOTL.ZS,"Unemployment, total (% of total labor force) (modeled ILO estimate)",2011,8.10364260938392,,1
TEC,Europe & Central Asia (IDA & IBRD countries),SL.UEM.TOTL.ZS,"Unemployment, total (% of total labor force) (modeled ILO estimate)",2010,8.67633640799942,,1
TEC,Europe & Central Asia (IDA & IBRD countries),SL.UEM.TOTL.ZS,"Unemployment, total (% of total labor force) (modeled ILO estimate)",2009,9.09793178837198,,1
TEC,Europe & Central Asia (IDA & IBRD countries),SL.UEM.TOTL.ZS,"Unemployment, total (% of total labor force) (modeled ILO estimate)",2008,7.37988688857846,,1
TEC,Europe & Central Asia (IDA & IBRD countries),SL.UEM.TOTL.ZS,"Unemployment, total (% of total labor force) (modeled ILO estimate)",2007,7.59407523011705,,1
TEC,Europe & Central Asia (IDA & IBRD countries),SL.UEM.TOTL.ZS,"Unemployment, total (% of total labor force) (modeled ILO estimate)",2006,8.7030435256555,,1
TEC,Europe & Central Asia (IDA & IBRD countries),SL.UEM.TOTL.ZS,"Unemployment, total (% of total labor force) (modeled ILO estimate)",2005,9.31364245463686,,1
TEC,Europe & Central Asia (IDA & IBRD countries),SL.UEM.TOTL.ZS,"Unemployment, total (% of total labor force) (modeled ILO estimate)",2004,9.96727145258182,,1
TEC,Europe & Central Asia (IDA & IBRD countries),SL.UEM.TOTL.ZS,"Unemployment, total (% of total labor force) (modeled ILO estimate)",2003,10.3043605492778,,1
TEC,Europe & Central Asia (IDA & IBRD countries),SL.UEM.TOTL.ZS,"Unemployment, total (% of total labor force) (modeled ILO estimate)",2002,10.5396612637819,,1
TEC,Europe & Central Asia (IDA & IBRD countries),SL.UEM.TOTL.ZS,"Unemployment, total (% of total labor force) (modeled ILO estimate)",2001,10.7447066639553,,1
TEC,Europe & Central Asia (IDA & IBRD countries),SL.UEM.TOTL.ZS,"Unemployment, total (% of total labor force) (modeled ILO estimate)",2000,11.0183192610913,,1
TEC,Europe & Central Asia (IDA & IBRD countries),SL.UEM.TOTL.ZS,"Unemployment, total (% of total labor force) (modeled ILO estimate)",1999,11.9116471065413,,1
TEC,Europe & Central Asia (IDA & IBRD countries),SL.UEM.TOTL.ZS,"Unemployment, total (% of total labor force) (modeled ILO estimate)",1998,11.4943269237354,,1
TEC,Europe & Central Asia (IDA & IBRD countries),SL.UEM.TOTL.ZS,"Unemployment, total (% of total labor force) (modeled ILO estimate)",1997,10.6542403206707,,1
TEC,Europe & Central Asia (IDA & IBRD countries),SL.UEM.TOTL.ZS,"Unemployment, total (% of total labor force) (modeled ILO estimate)",1996,9.98342568855379,,1
TEC,Europe & Central Asia (IDA & IBRD countries),SL.UEM.TOTL.ZS,"Unemployment, total (% of total labor force) (modeled ILO estimate)",1995,9.38897907204676,,1
TEC,Europe & Central Asia (IDA & IBRD countries),SL.UEM.TOTL.ZS,"Unemployment, total (% of total labor force) (modeled ILO estimate)",1994,8.40165963025011,,1
TEC,Europe & Central Asia (IDA & IBRD countries),SL.UEM.TOTL.ZS,"Unemployment, total (% of total labor force) (modeled ILO estimate)",1993,7.03466450658659,,1
TEC,Europe & Central Asia (IDA & IBRD countries),SL.UEM.TOTL.ZS,"Unemployment, total (% of total labor force) (modeled ILO estimate)",1992,6.36813427704303,,1
TEC,Europe & Central Asia (IDA & IBRD countries),SL.UEM.TOTL.ZS,"Unemployment, total (% of total labor force) (modeled ILO estimate)",1991,5.90955131197024,,1
EUU,European Union,SL.UEM.TOTL.ZS,"Unemployment, total (% of total labor force) (modeled ILO estimate)",2024,5.92300803762815,,1
EUU,European Union,SL.UEM.TOTL.ZS,"Unemployment, total (% of total labor force) (modeled ILO estimate)",2023,6.02643653344515,,1
EUU,European Union,SL.UEM.TOTL.ZS,"Unemployment, total (% of total labor force) (modeled ILO estimate)",2022,6.16136079316676,,1
EUU,European Union,SL.UEM.TOTL.ZS,"Unemployment, total (% of total labor force) (modeled ILO estimate)",2021,7.0265794645481,,1
EUU,European Union,SL.UEM.TOTL.ZS,"Unemployment, total (% of total labor force) (modeled ILO estimate)",2020,7.05471356704802,,1
EUU,European Union,SL.UEM.TOTL.ZS,"Unemployment, total (% of total labor force) (modeled ILO estimate)",2019,6.67705052747452,,1
EUU,European Union,SL.UEM.TOTL.ZS,"Unemployment, total (% of total labor force) (modeled ILO estimate)",2018,7.24425466386935,,1
EUU,European Union,SL.UEM.TOTL.ZS,"Unemployment, total (% of total labor force) (modeled ILO estimate)",2017,8.13208945121752,,1
EUU,European Union,SL.UEM.TOTL.ZS,"Unemployment, total (% of total labor force) (modeled ILO estimate)",2016,9.1056944627421,,1
EUU,European Union,SL.UEM.TOTL.ZS,"Unemployment, total (% of total labor force) (modeled ILO estimate)",2015,10.0165353301996,,1
EUU,European Union,SL.UEM.TOTL.ZS,"Unemployment, total (% of total labor force) (modeled ILO estimate)",2014,10.8255885011473,,1
EUU,European Union,SL.UEM.TOTL.ZS,"Unemployment, total (% of total labor force) (modeled ILO estimate)",2013,11.3511730368596,,1
EUU,European Union,SL.UEM.TOTL.ZS,"Unemployment, total (% of total labor force) (modeled ILO estimate)",2012,10.8758482088061,,1
EUU,European Union,SL.UEM.TOTL.ZS,"Unemployment, total (% of total labor force) (modeled ILO estimate)",2011,9.92888294564936,,1
EUU,European Union,SL.UEM.TOTL.ZS,"Unemployment, total (% of total labor force) (modeled ILO estimate)",2010,9.87327234610775,,1
EUU,European Union,SL.UEM.TOTL.ZS,"Unemployment, total (% of total labor force) (modeled ILO estimate)",2009,9.21120412957521,,1
EUU,European Union,SL.UEM.TOTL.ZS,"Unemployment, total (% of total labor force) (modeled ILO estimate)",2008,7.24163431745465,,1
EUU,European Union,SL.UEM.TOTL.ZS,"Unemployment, total (% of total labor force) (modeled ILO estimate)",2007,7.5031053820411,,1
EUU,European Union,SL.UEM.TOTL.ZS,"Unemployment, total (% of total labor force) (modeled ILO estimate)",2006,8.68896256105534,,1
EUU,European Union,SL.UEM.TOTL.ZS,"Unemployment, total (% of total labor force) (modeled ILO estimate)",2005,9.63100586720302,,1
EUU,European Union,SL.UEM.TOTL.ZS,"Unemployment, total (% of total labor force) (modeled ILO estimate)",2004,9.86057517861666,,1
EUU,European Union,SL.UEM.TOTL.ZS,"Unemployment, total (% of total labor force) (modeled ILO estimate)",2003,9.70782702151942,,1
EUU,European Union,SL.UEM.TOTL.ZS,"Unemployment, total (% of total labor force) (modeled ILO estimate)",2002,9.5656358156472,,1
EUU,European Union,SL.UEM.TOTL.ZS,"Unemployment, total (% of total labor force) (modeled ILO estimate)",2001,9.20662418982847,,1
EUU,European Union,SL.UEM.TOTL.ZS,"Unemployment, total (% of total labor force) (modeled ILO estimate)",2000,9.6992067646065,,1
EUU,European Union,SL.UEM.TOTL.ZS,"Unemployment, total (% of total labor force) (modeled ILO estimate)",1999,10.2140715975986,,1
EUU,European Union,SL.UEM.TOTL.ZS,"Unemployment, total (% of total labor force) (modeled ILO estimate)",1998,10.5276376311465,,1
EUU,European Union,SL.UEM.TOTL.ZS,"Unemployment, total (% of total labor force) (modeled ILO estimate)",1997,10.9465383712559,,1
EUU,European Union,SL.UEM.TOTL.ZS,"Unemployment, total (% of total labor force) (modeled ILO estimate)",1996,11.1438232362614,,1
EUU,European Union,SL.UEM.TOTL.ZS,"Unemployment, total (% of total labor force) (modeled ILO estimate)",1995,11.109236245509,,1
EUU,European Union,SL.UEM.TOTL.ZS,"Unemployment, total (% of total labor force) (modeled ILO estimate)",1994,11.5479115718762,,1
EUU,European Union,SL.UEM.TOTL.ZS,"Unemployment, total (% of total labor force) (modeled ILO estimate)",1993,10.8519435596734,,1
EUU,European Union,SL.UEM.TOTL.ZS,"Unemployment, total (% of total labor force) (modeled ILO estimate)",1992,9.2310495773906,,1
EUU,European Union,SL.UEM.TOTL.ZS,"Unemployment, total (% of total labor force) (modeled ILO estimate)",1991,8.58619358196168,,1
FCS,Fragile and conflict affected situations,SL.UEM.TOTL.ZS,"Unemployment, total (% of total labor force) (modeled ILO estimate)",2024,5.10292528264286,,1
FCS,Fragile and conflict affected situations,SL.UEM.TOTL.ZS,"Unemployment, total (% of total labor force) (modeled ILO estimate)",2023,5.25788625090276,,1
FCS,Fragile and conflict affected situations,SL.UEM.TOTL.ZS,"Unemployment, total (% of total labor force) (modeled ILO estimate)",2022,5.66963973502859,,1
FCS,Fragile and conflict affected situations,SL.UEM.TOTL.ZS,"Unemployment, total (% of total labor force) (modeled ILO estimate)",2021,6.78144462467384,,1
FCS,Fragile and conflict affected situations,SL.UEM.TOTL.ZS,"Unemployment, total (% of total labor force) (modeled ILO estimate)",2020,6.65657957461586,,1
FCS,Fragile and conflict affected situations,SL.UEM.TOTL.ZS,"Unemployment, total (% of total labor force) (modeled ILO estimate)",2019,5.90080932795554,,1
FCS,Fragile and conflict affected situations,SL.UEM.TOTL.ZS,"Unemployment, total (% of total labor force) (modeled ILO estimate)",2018,5.85152506730988,,1
FCS,Fragile and conflict affected situations,SL.UEM.TOTL.ZS,"Unemployment, total (% of total labor force) (modeled ILO estimate)",2017,5.84698350124452,,1
FCS,Fragile and conflict affected situations,SL.UEM.TOTL.ZS,"Unemployment, total (% of total labor force) (modeled ILO estimate)",2016,5.62699513440415,,1
FCS,Fragile and conflict affected situations,SL.UEM.TOTL.ZS,"Unemployment, total (% of total labor force) (modeled ILO estimate)",2015,5.47368968838346,,1
FCS,Fragile and conflict affected situations,SL.UEM.TOTL.ZS,"Unemployment, total (% of total labor force) (modeled ILO estimate)",2014,5.37288631344439,,1
FCS,Fragile and conflict affected situations,SL.UEM.TOTL.ZS,"Unemployment, total (% of total labor force) (modeled ILO estimate)",2013,5.22783229689778,,1
FCS,Fragile and conflict affected situations,SL.UEM.TOTL.ZS,"Unemployment, total (% of total labor force) (modeled ILO estimate)",2012,5.23732928583222,,1
FCS,Fragile and conflict affected situations,SL.UEM.TOTL.ZS,"Unemployment, total (% of total labor force) (modeled ILO estimate)",2011,5.17742478848615,,1
FCS,Fragile and conflict affected situations,SL.UEM.TOTL.ZS,"Unemployment, total (% of total labor force) (modeled ILO estimate)",2010,5.13136973093564,,1
FCS,Fragile and conflict affected situations,SL.UEM.TOTL.ZS,"Unemployment, total (% of total labor force) (modeled ILO estimate)",2009,5.05847183686227,,1
FCS,Fragile and conflict affected situations,SL.UEM.TOTL.ZS,"Unemployment, total (% of total labor force) (modeled ILO estimate)",2008,5.00225362970178,,1
FCS,Fragile and conflict affected situations,SL.UEM.TOTL.ZS,"Unemployment, total (% of total labor force) (modeled ILO estimate)",2007,4.96588170785721,,1
FCS,Fragile and conflict affected situations,SL.UEM.TOTL.ZS,"Unemployment, total (% of total labor force) (modeled ILO estimate)",2006,5.03911118703589,,1
FCS,Fragile and conflict affected situations,SL.UEM.TOTL.ZS,"Unemployment, total (% of total labor force) (modeled ILO estimate)",2005,5.17767975776894,,1
FCS,Fragile and conflict affected situations,SL.UEM.TOTL.ZS,"Unemployment, total (% of total labor force) (modeled ILO estimate)",2004,5.48623094719852,,1
FCS,Fragile and conflict affected situations,SL.UEM.TOTL.ZS,"Unemployment, total (% of total labor force) (modeled ILO estimate)",2003,5.64312921777869,,1
FCS,Fragile and conflict affected situations,SL.UEM.TOTL.ZS,"Unemployment, total (% of total labor force) (modeled ILO estimate)",2002,5.77114189513379,,1
FCS,Fragile and conflict affected situations,SL.UEM.TOTL.ZS,"Unemployment, total (% of total labor force) (modeled ILO estimate)",2001,5.80674802618769,,1
FCS,Fragile and conflict affected situations,SL.UEM.TOTL.ZS,"Unemployment, total (% of total labor force) (modeled ILO estimate)",2000,5.89463669839926,,1
FCS,Fragile and conflict affected situations,SL.UEM.TOTL.ZS,"Unemployment, total (% of total labor force) (modeled ILO estimate)",1999,5.91106797509165,,1
FCS,Fragile and conflict affected situations,SL.UEM.TOTL.ZS,"Unemployment, total (% of total labor force) (modeled ILO estimate)",1998,5.67463210572767,,1
FCS,Fragile and conflict affected situations,SL.UEM.TOTL.ZS,"Unemployment, total (% of total labor force) (modeled ILO estimate)",1997,5.42867756634261,,1
FCS,Fragile and conflict affected situations,SL.UEM.TOTL.ZS,"Unemployment, total (% of total labor force) (modeled ILO estimate)",1996,5.33010913621677,,1
FCS,Fragile and conflict affected situations,SL.UEM.TOTL.ZS,"Unemployment, total (% of total labor force) (modeled ILO estimate)",1995,5.06716615448784,,1
FCS,Fragile and conflict affected situations,SL.UEM.TOTL.ZS,"Unemployment, total (% of total labor force) (modeled ILO estimate)",1994,4.58781916448892,,1
FCS,Fragile and conflict affected situations,SL.UEM.TOTL.ZS,"Unemployment, total (% of total labor force) (modeled ILO estimate)",1993,4.49331082726321,,1
FCS,Fragile and conflict affected situations,SL.UEM.TOTL.ZS,"Unemployment, total (% of total labor force) (modeled ILO estimate)",1992,4.46708088098546,,1
FCS,Fragile and conflict affected situations,SL.UEM.TOTL.ZS,"Unemployment, total (% of total labor force) (modeled ILO estimate)",1991,4.51253711157987,,1
HPC,Heavily indebted poor countries (HIPC),SL.UEM.TOTL.ZS,"Unemployment, total (% of total labor force) (modeled ILO estimate)",2024,4.14848963835004,,1
HPC,Heavily indebted poor countries (HIPC),SL.UEM.TOTL.ZS,"Unemployment, total (% of total labor force) (modeled ILO estimate)",2023,4.19619473713708,,1
HPC,Heavily indebted poor countries (HIPC),SL.UEM.TOTL.ZS,"Unemployment, total (% of total labor force) (modeled ILO estimate)",2022,4.43078249558701,,1
HPC,Heavily indebted poor countries (HIPC),SL.UEM.TOTL.ZS,"Unemployment, total (% of total labor force) (modeled ILO estimate)",2021,4.93435685063582,,1
HPC,Heavily indebted poor countries (HIPC),SL.UEM.TOTL.ZS,"Unemployment, total (% of total labor force) (modeled ILO estimate)",2020,5.01828149435176,,1
HPC,Heavily indebted poor countries (HIPC),SL.UEM.TOTL.ZS,"Unemployment, total (% of total labor force) (modeled ILO estimate)",2019,4.32712993411352,,1
HPC,Heavily indebted poor countries (HIPC),SL.UEM.TOTL.ZS,"Unemployment, total (% of total labor force) (modeled ILO estimate)",2018,4.33305716551729,,1
HPC,Heavily indebted poor countries (HIPC),SL.UEM.TOTL.ZS,"Unemployment, total (% of total labor force) (modeled ILO estimate)",2017,4.3687433547996,,1
HPC,Heavily indebted poor countries (HIPC),SL.UEM.TOTL.ZS,"Unemployment, total (% of total labor force) (modeled ILO estimate)",2016,4.36081253702186,,1
HPC,Heavily indebted poor countries (HIPC),SL.UEM.TOTL.ZS,"Unemployment, total (% of total labor force) (modeled ILO estimate)",2015,4.41918817317726,,1
HPC,Heavily indebted poor countries (HIPC),SL.UEM.TOTL.ZS,"Unemployment, total (% of total labor force) (modeled ILO estimate)",2014,4.28826647868032,,1
HPC,Heavily indebted poor countries (HIPC),SL.UEM.TOTL.ZS,"Unemployment, total (% of total labor force) (modeled ILO estimate)",2013,4.27669196602094,,1
HPC,Heavily indebted poor countries (HIPC),SL.UEM.TOTL.ZS,"Unemployment, total (% of total labor force) (modeled ILO estimate)",2012,4.55871731026607,,1
HPC,Heavily indebted poor countries (HIPC),SL.UEM.TOTL.ZS,"Unemployment, total (% of total labor force) (modeled ILO estimate)",2011,4.74293021322176,,1
HPC,Heavily indebted poor countries (HIPC),SL.UEM.TOTL.ZS,"Unemployment, total (% of total labor force) (modeled ILO estimate)",2010,4.78364031173157,,1
HPC,Heavily indebted poor countries (HIPC),SL.UEM.TOTL.ZS,"Unemployment, total (% of total labor force) (modeled ILO estimate)",2009,4.57265134354586,,1
HPC,Heavily indebted poor countries (HIPC),SL.UEM.TOTL.ZS,"Unemployment, total (% of total labor force) (modeled ILO estimate)",2008,4.52527614628092,,1
HPC,Heavily indebted poor countries (HIPC),SL.UEM.TOTL.ZS,"Unemployment, total (% of total labor force) (modeled ILO estimate)",2007,4.54454519553662,,1
HPC,Heavily indebted poor countries (HIPC),SL.UEM.TOTL.ZS,"Unemployment, total (% of total labor force) (modeled ILO estimate)",2006,4.59618717389945,,1
HPC,Heavily indebted poor countries (HIPC),SL.UEM.TOTL.ZS,"Unemployment, total (% of total labor force) (modeled ILO estimate)",2005,4.68888744539656,,1
HPC,Heavily indebted poor countries (HIPC),SL.UEM.TOTL.ZS,"Unemployment, total (% of total labor force) (modeled ILO estimate)",2004,4.85081989248064,,1
HPC,Heavily indebted poor countries (HIPC),SL.UEM.TOTL.ZS,"Unemployment, total (% of total labor force) (modeled ILO estimate)",2003,4.99109102200802,,1
HPC,Heavily indebted poor countries (HIPC),SL.UEM.TOTL.ZS,"Unemployment, total (% of total labor force) (modeled ILO estimate)",2002,5.03835833800164,,1
HPC,Heavily indebted poor countries (HIPC),SL.UEM.TOTL.ZS,"Unemployment, total (% of total labor force) (modeled ILO estimate)",2001,5.07037722965317,,1
HPC,Heavily indebted poor countries (HIPC),SL.UEM.TOTL.ZS,"Unemployment, total (% of total labor force) (modeled ILO estimate)",2000,5.14077341492919,,1
HPC,Heavily indebted poor countries (HIPC),SL.UEM.TOTL.ZS,"Unemployment, total (% of total labor force) (modeled ILO estimate)",1999,5.09699241426821,,1
HPC,Heavily indebted poor countries (HIPC),SL.UEM.TOTL.ZS,"Unemployment, total (% of total labor force) (modeled ILO estimate)",1998,4.95227177541551,,1
HPC,Heavily indebted poor countries (HIPC),SL.UEM.TOTL.ZS,"Unemployment, total (% of total labor force) (modeled ILO estimate)",1997,4.88640547366322,,1
HPC,Heavily indebted poor countries (HIPC),SL.UEM.TOTL.ZS,"Unemployment, total (% of total labor force) (modeled ILO estimate)",1996,4.95209843066914,,1
HPC,Heavily indebted poor countries (HIPC),SL.UEM.TOTL.ZS,"Unemployment, total (% of total labor force) (modeled ILO estimate)",1995,4.98342281731573,,1
HPC,Heavily indebted poor countries (HIPC),SL.UEM.TOTL.ZS,"Unemployment, total (% of total labor force) (modeled ILO estimate)",1994,5.16730035156024,,1
HPC,Heavily indebted poor countries (HIPC),SL.UEM.TOTL.ZS,"Unemployment, total (% of total labor force) (modeled ILO estimate)",1993,5.22608473462243,,1
HPC,Heavily indebted poor countries (HIPC),SL.UEM.TOTL.ZS,"Unemployment, total (% of total labor force) (modeled ILO estimate)",1992,5.23070943274951,,1
HPC,Heavily indebted poor countries (HIPC),SL.UEM.TOTL.ZS,"Unemployment, total (% of total labor force) (modeled ILO estimate)",1991,5.12070312374583,,1
,High income,SL.UEM.TOTL.ZS,"Unemployment, total (% of total labor force) (modeled ILO estimate)",2024,4.36921338587796,,1
,High income,SL.UEM.TOTL.ZS,"Unemployment, total (% of total labor force) (modeled ILO estimate)",2023,4.33658988894219,,1
,High income,SL.UEM.TOTL.ZS,"Unemployment, total (% of total labor force) (modeled ILO estimate)",2022,4.50967085383543,,1
,High income,SL.UEM.TOTL.ZS,"Unemployment, total (% of total labor force) (modeled ILO estimate)",2021,5.56340455384108,,1
,High income,SL.UEM.TOTL.ZS,"Unemployment, total (% of total labor force) (modeled ILO estimate)",2020,6.46029410330786,,1
,High income,SL.UEM.TOTL.ZS,"Unemployment, total (% of total labor force) (modeled ILO estimate)",2019,4.76095722276823,,1
,High income,SL.UEM.TOTL.ZS,"Unemployment, total (% of total labor force) (modeled ILO estimate)",2018,5.08035509323271,,1
,High income,SL.UEM.TOTL.ZS,"Unemployment, total (% of total labor force) (modeled ILO estimate)",2017,5.57808496057952,,1
,High income,SL.UEM.TOTL.ZS,"Unemployment, total (% of total labor force) (modeled ILO estimate)",2016,6.11023077846658,,1
,High income,SL.UEM.TOTL.ZS,"Unemployment, total (% of total labor force) (modeled ILO estimate)",2015,6.55114105626459,,1
,High income,SL.UEM.TOTL.ZS,"Unemployment, total (% of total labor force) (modeled ILO estimate)",2014,7.03903479205465,,1
,High income,SL.UEM.TOTL.ZS,"Unemployment, total (% of total labor force) (modeled ILO estimate)",2013,7.63564847565889,,1
,High income,SL.UEM.TOTL.ZS,"Unemployment, total (% of total labor force) (modeled ILO estimate)",2012,7.72288058823355,,1
,High income,SL.UEM.TOTL.ZS,"Unemployment, total (% of total labor force) (modeled ILO estimate)",2011,7.81133658494185,,1
,High income,SL.UEM.TOTL.ZS,"Unemployment, total (% of total labor force) (modeled ILO estimate)",2010,8.18131945166259,,1
,High income,SL.UEM.TOTL.ZS,"Unemployment, total (% of total labor force) (modeled ILO estimate)",2009,8.04050429042724,,1
,High income,SL.UEM.TOTL.ZS,"Unemployment, total (% of total labor force) (modeled ILO estimate)",2008,5.93249084408943,,1
,High income,SL.UEM.TOTL.ZS,"Unemployment, total (% of total labor force) (modeled ILO estimate)",2007,5.69663126724595,,1
,High income,SL.UEM.TOTL.ZS,"Unemployment, total (% of total labor force) (modeled ILO estimate)",2006,6.3039356566465,,1
,High income,SL.UEM.TOTL.ZS,"Unemployment, total (% of total labor force) (modeled ILO estimate)",2005,6.78167259931936,,1
,High income,SL.UEM.TOTL.ZS,"Unemployment, total (% of total labor force) (modeled ILO estimate)",2004,7.09580038296239,,1
,High income,SL.UEM.TOTL.ZS,"Unemployment, total (% of total labor force) (modeled ILO estimate)",2003,7.31975182069287,,1
,High income,SL.UEM.TOTL.ZS,"Unemployment, total (% of total labor force) (modeled ILO estimate)",2002,7.19400136875408,,1
,High income,SL.UEM.TOTL.ZS,"Unemployment, total (% of total labor force) (modeled ILO estimate)",2001,6.87071224329616,,1
,High income,SL.UEM.TOTL.ZS,"Unemployment, total (% of total labor force) (modeled ILO estimate)",2000,7.02330313623047,,1
,High income,SL.UEM.TOTL.ZS,"Unemployment, total (% of total labor force) (modeled ILO estimate)",1999,7.69993896665627,,1
,High income,SL.UEM.TOTL.ZS,"Unemployment, total (% of total labor force) (modeled ILO estimate)",1998,7.8136083000035,,1
,High income,SL.UEM.TOTL.ZS,"Unemployment, total (% of total labor force) (modeled ILO estimate)",1997,7.73809408031265,,1
,High income,SL.UEM.TOTL.ZS,"Unemployment, total (% of total labor force) (modeled ILO estimate)",1996,7.73545491106261,,1
,High income,SL.UEM.TOTL.ZS,"Unemployment, total (% of total labor force) (modeled ILO estimate)",1995,7.72020926863037,,1
,High income,SL.UEM.TOTL.ZS,"Unemployment, total (% of total labor force) (modeled ILO estimate)",1994,7.91329164341291,,1
,High income,SL.UEM.TOTL.ZS,"Unemployment, total (% of total labor force) (modeled ILO estimate)",1993,7.65008059126221,,1
,High income,SL.UEM.TOTL.ZS,"Unemployment, total (% of total labor force) (modeled ILO estimate)",1992,7.07155147049588,,1
,High income,SL.UEM.TOTL.ZS,"Unemployment, total (% of total labor force) (modeled ILO estimate)",1991,6.58341693713519,,1
IBD,IBRD only,SL.UEM.TOTL.ZS,"Unemployment, total (% of total labor force) (modeled ILO estimate)",2024,5.02151629934745,,1
IBD,IBRD only,SL.UEM.TOTL.ZS,"Unemployment, total (% of total labor force) (modeled ILO estimate)",2023,5.11483942298028,,1
IBD,IBRD only,SL.UEM.TOTL.ZS,"Unemployment, total (% of total labor force) (modeled ILO estimate)",2022,5.56994264084484,,1
IBD,IBRD only,SL.UEM.TOTL.ZS,"Unemployment, total (% of total labor force) (modeled ILO estimate)",2021,6.31312953704222,,1
IBD,IBRD only,SL.UEM.TOTL.ZS,"Unemployment, total (% of total labor force) (modeled ILO estimate)",2020,6.95128407575739,,1
IBD,IBRD only,SL.UEM.TOTL.ZS,"Unemployment, total (% of total labor force) (modeled ILO estimate)",2019,6.06655916125813,,1
IBD,IBRD only,SL.UEM.TOTL.ZS,"Unemployment, total (% of total labor force) (modeled ILO estimate)",2018,6.28190637378299,,1
IBD,IBRD only,SL.UEM.TOTL.ZS,"Unemployment, total (% of total labor force) (modeled ILO estimate)",2017,6.39131744182123,,1
IBD,IBRD only,SL.UEM.TOTL.ZS,"Unemployment, total (% of total labor force) (modeled ILO estimate)",2016,6.41617806380602,,1
IBD,IBRD only,SL.UEM.TOTL.ZS,"Unemployment, total (% of total labor force) (modeled ILO estimate)",2015,6.30417535482962,,1
IBD,IBRD only,SL.UEM.TOTL.ZS,"Unemployment, total (% of total labor force) (modeled ILO estimate)",2014,6.16790791106399,,1
IBD,IBRD only,SL.UEM.TOTL.ZS,"Unemployment, total (% of total labor force) (modeled ILO estimate)",2013,6.18706162531591,,1
IBD,IBRD only,SL.UEM.TOTL.ZS,"Unemployment, total (% of total labor force) (modeled ILO estimate)",2012,6.18009390756913,,1
IBD,IBRD only,SL.UEM.TOTL.ZS,"Unemployment, total (% of total labor force) (modeled ILO estimate)",2011,6.26592646975981,,1
IBD,IBRD only,SL.UEM.TOTL.ZS,"Unemployment, total (% of total labor force) (modeled ILO estimate)",2010,6.38041154792517,,1
IBD,IBRD only,SL.UEM.TOTL.ZS,"Unemployment, total (% of total labor force) (modeled ILO estimate)",2009,6.61644359608536,,1
IBD,IBRD only,SL.UEM.TOTL.ZS,"Unemployment, total (% of total labor force) (modeled ILO estimate)",2008,6.30181703865489,,1
IBD,IBRD only,SL.UEM.TOTL.ZS,"Unemployment, total (% of total labor force) (modeled ILO estimate)",2007,6.33250535472638,,1
IBD,IBRD only,SL.UEM.TOTL.ZS,"Unemployment, total (% of total labor force) (modeled ILO estimate)",2006,6.51847415278713,,1
IBD,IBRD only,SL.UEM.TOTL.ZS,"Unemployment, total (% of total labor force) (modeled ILO estimate)",2005,6.7433312220245,,1
IBD,IBRD only,SL.UEM.TOTL.ZS,"Unemployment, total (% of total labor force) (modeled ILO estimate)",2004,6.81767500872433,,1
IBD,IBRD only,SL.UEM.TOTL.ZS,"Unemployment, total (% of total labor force) (modeled ILO estimate)",2003,6.97665523180592,,1
IBD,IBRD only,SL.UEM.TOTL.ZS,"Unemployment, total (% of total labor force) (modeled ILO estimate)",2002,6.90119517399481,,1
IBD,IBRD only,SL.UEM.TOTL.ZS,"Unemployment, total (% of total labor force) (modeled ILO estimate)",2001,6.68806846107529,,1
IBD,IBRD only,SL.UEM.TOTL.ZS,"Unemployment, total (% of total labor force) (modeled ILO estimate)",2000,6.5378671665525,,1
IBD,IBRD only,SL.UEM.TOTL.ZS,"Unemployment, total (% of total labor force) (modeled ILO estimate)",1999,6.62456222247388,,1
IBD,IBRD only,SL.UEM.TOTL.ZS,"Unemployment, total (% of total labor force) (modeled ILO estimate)",1998,6.37504928029892,,1
IBD,IBRD only,SL.UEM.TOTL.ZS,"Unemployment, total (% of total labor force) (modeled ILO estimate)",1997,6.14475484858296,,1
IBD,IBRD only,SL.UEM.TOTL.ZS,"Unemployment, total (% of total labor force) (modeled ILO estimate)",1996,6.03438037229409,,1
IBD,IBRD only,SL.UEM.TOTL.ZS,"Unemployment, total (% of total labor force) (modeled ILO estimate)",1995,5.93858823293217,,1
IBD,IBRD only,SL.UEM.TOTL.ZS,"Unemployment, total (% of total labor force) (modeled ILO estimate)",1994,5.61775478445955,,1
IBD,IBRD only,SL.UEM.TOTL.ZS,"Unemployment, total (% of total labor force) (modeled ILO estimate)",1993,5.23619365659646,,1
IBD,IBRD only,SL.UEM.TOTL.ZS,"Unemployment, total (% of total labor force) (modeled ILO estimate)",1992,5.00864134602565,,1
IBD,IBRD only,SL.UEM.TOTL.ZS,"Unemployment, total (% of total labor force) (modeled ILO estimate)",1991,4.94818008732479,,1
IBT,IDA & IBRD total,SL.UEM.TOTL.ZS,"Unemployment, total (% of total labor force) (modeled ILO estimate)",2024,4.87442555532322,,1
IBT,IDA & IBRD total,SL.UEM.TOTL.ZS,"Unemployment, total (% of total labor force) (modeled ILO estimate)",2023,4.95186990095765,,1
IBT,IDA & IBRD total,SL.UEM.TOTL.ZS,"Unemployment, total (% of total labor force) (modeled ILO estimate)",2022,5.38641759178597,,1
IBT,IDA & IBRD total,SL.UEM.TOTL.ZS,"Unemployment, total (% of total labor force) (modeled ILO estimate)",2021,6.14381140509489,,1
IBT,IDA & IBRD total,SL.UEM.TOTL.ZS,"Unemployment, total (% of total labor force) (modeled ILO estimate)",2020,6.61362546144519,,1
IBT,IDA & IBRD total,SL.UEM.TOTL.ZS,"Unemployment, total (% of total labor force) (modeled ILO estimate)",2019,5.76721925998948,,1
IBT,IDA & IBRD total,SL.UEM.TOTL.ZS,"Unemployment, total (% of total labor force) (modeled ILO estimate)",2018,5.91029155867602,,1
IBT,IDA & IBRD total,SL.UEM.TOTL.ZS,"Unemployment, total (% of total labor force) (modeled ILO estimate)",2017,5.97420353977293,,1
IBT,IDA & IBRD total,SL.UEM.TOTL.ZS,"Unemployment, total (% of total labor force) (modeled ILO estimate)",2016,5.95304901797185,,1
IBT,IDA & IBRD total,SL.UEM.TOTL.ZS,"Unemployment, total (% of total labor force) (modeled ILO estimate)",2015,5.89251378910782,,1
IBT,IDA & IBRD total,SL.UEM.TOTL.ZS,"Unemployment, total (% of total labor force) (modeled ILO estimate)",2014,5.72428213427767,,1
IBT,IDA & IBRD total,SL.UEM.TOTL.ZS,"Unemployment, total (% of total labor force) (modeled ILO estimate)",2013,5.76297907281738,,1
IBT,IDA & IBRD total,SL.UEM.TOTL.ZS,"Unemployment, total (% of total labor force) (modeled ILO estimate)",2012,5.80093134299641,,1
IBT,IDA & IBRD total,SL.UEM.TOTL.ZS,"Unemployment, total (% of total labor force) (modeled ILO estimate)",2011,5.80464090146674,,1
IBT,IDA & IBRD total,SL.UEM.TOTL.ZS,"Unemployment, total (% of total labor force) (modeled ILO estimate)",2010,5.89329023432406,,1
IBT,IDA & IBRD total,SL.UEM.TOTL.ZS,"Unemployment, total (% of total labor force) (modeled ILO estimate)",2009,6.10324262948273,,1
IBT,IDA & IBRD total,SL.UEM.TOTL.ZS,"Unemployment, total (% of total labor force) (modeled ILO estimate)",2008,5.84623449176225,,1
IBT,IDA & IBRD total,SL.UEM.TOTL.ZS,"Unemployment, total (% of total labor force) (modeled ILO estimate)",2007,5.86200448265076,,1
IBT,IDA & IBRD total,SL.UEM.TOTL.ZS,"Unemployment, total (% of total labor force) (modeled ILO estimate)",2006,6.01932254782821,,1
IBT,IDA & IBRD total,SL.UEM.TOTL.ZS,"Unemployment, total (% of total labor force) (modeled ILO estimate)",2005,6.23533050464378,,1
IBT,IDA & IBRD total,SL.UEM.TOTL.ZS,"Unemployment, total (% of total labor force) (modeled ILO estimate)",2004,6.31905124067439,,1
IBT,IDA & IBRD total,SL.UEM.TOTL.ZS,"Unemployment, total (% of total labor force) (modeled ILO estimate)",2003,6.47132589686559,,1
IBT,IDA & IBRD total,SL.UEM.TOTL.ZS,"Unemployment, total (% of total labor force) (modeled ILO estimate)",2002,6.41990741313757,,1
IBT,IDA & IBRD total,SL.UEM.TOTL.ZS,"Unemployment, total (% of total labor force) (modeled ILO estimate)",2001,6.25497510538627,,1
IBT,IDA & IBRD total,SL.UEM.TOTL.ZS,"Unemployment, total (% of total labor force) (modeled ILO estimate)",2000,6.13803612006999,,1
IBT,IDA & IBRD total,SL.UEM.TOTL.ZS,"Unemployment, total (% of total labor force) (modeled ILO estimate)",1999,6.21162704876033,,1
IBT,IDA & IBRD total,SL.UEM.TOTL.ZS,"Unemployment, total (% of total labor force) (modeled ILO estimate)",1998,5.99439926601113,,1
IBT,IDA & IBRD total,SL.UEM.TOTL.ZS,"Unemployment, total (% of total labor force) (modeled ILO estimate)",1997,5.79469409397703,,1
IBT,IDA & IBRD total,SL.UEM.TOTL.ZS,"Unemployment, total (% of total labor force) (modeled ILO estimate)",1996,5.71138107997951,,1
IBT,IDA & IBRD total,SL.UEM.TOTL.ZS,"Unemployment, total (% of total labor force) (modeled ILO estimate)",1995,5.63084309726097,,1
IBT,IDA & IBRD total,SL.UEM.TOTL.ZS,"Unemployment, total (% of total labor force) (modeled ILO estimate)",1994,5.379343555189,,1
IBT,IDA & IBRD total,SL.UEM.TOTL.ZS,"Unemployment, total (% of total labor force) (modeled ILO estimate)",1993,5.06306721250455,,1
IBT,IDA & IBRD total,SL.UEM.TOTL.ZS,"Unemployment, total (% of total labor force) (modeled ILO estimate)",1992,4.86117181649703,,1
IBT,IDA & IBRD total,SL.UEM.TOTL.ZS,"Unemployment, total (% of total labor force) (modeled ILO estimate)",1991,4.80291828899014,,1
IDB,IDA blend,SL.UEM.TOTL.ZS,"Unemployment, total (% of total labor force) (modeled ILO estimate)",2024,4.43949809013088,,1
IDB,IDA blend,SL.UEM.TOTL.ZS,"Unemployment, total (% of total labor force) (modeled ILO estimate)",2023,4.36958257524396,,1
IDB,IDA blend,SL.UEM.TOTL.ZS,"Unemployment, total (% of total labor force) (modeled ILO estimate)",2022,4.74456534673109,,1
IDB,IDA blend,SL.UEM.TOTL.ZS,"Unemployment, total (% of total labor force) (modeled ILO estimate)",2021,5.813781237265,,1
IDB,IDA blend,SL.UEM.TOTL.ZS,"Unemployment, total (% of total labor force) (modeled ILO estimate)",2020,5.79415278844651,,1
IDB,IDA blend,SL.UEM.TOTL.ZS,"Unemployment, total (% of total labor force) (modeled ILO estimate)",2019,5.0804070213856,,1
IDB,IDA blend,SL.UEM.TOTL.ZS,"Unemployment, total (% of total labor force) (modeled ILO estimate)",2018,4.76275439835545,,1
IDB,IDA blend,SL.UEM.TOTL.ZS,"Unemployment, total (% of total labor force) (modeled ILO estimate)",2017,4.34851254345894,,1
IDB,IDA blend,SL.UEM.TOTL.ZS,"Unemployment, total (% of total labor force) (modeled ILO estimate)",2016,3.73137542358032,,1
IDB,IDA blend,SL.UEM.TOTL.ZS,"Unemployment, total (% of total labor force) (modeled ILO estimate)",2015,4.00215322009935,,1
IDB,IDA blend,SL.UEM.TOTL.ZS,"Unemployment, total (% of total labor force) (modeled ILO estimate)",2014,3.3801313878636,,1
IDB,IDA blend,SL.UEM.TOTL.ZS,"Unemployment, total (% of total labor force) (modeled ILO estimate)",2013,3.70433029886193,,1
IDB,IDA blend,SL.UEM.TOTL.ZS,"Unemployment, total (% of total labor force) (modeled ILO estimate)",2012,4.08486021677751,,1
IDB,IDA blend,SL.UEM.TOTL.ZS,"Unemployment, total (% of total labor force) (modeled ILO estimate)",2011,3.19533203358853,,1
IDB,IDA blend,SL.UEM.TOTL.ZS,"Unemployment, total (% of total labor force) (modeled ILO estimate)",2010,3.14320402026914,,1
IDB,IDA blend,SL.UEM.TOTL.ZS,"Unemployment, total (% of total labor force) (modeled ILO estimate)",2009,3.09853098089253,,1
IDB,IDA blend,SL.UEM.TOTL.ZS,"Unemployment, total (% of total labor force) (modeled ILO estimate)",2008,3.04378002820466,,1
IDB,IDA blend,SL.UEM.TOTL.ZS,"Unemployment, total (% of total labor force) (modeled ILO estimate)",2007,3.01249783655869,,1
IDB,IDA blend,SL.UEM.TOTL.ZS,"Unemployment, total (% of total labor force) (modeled ILO estimate)",2006,3.13594252329219,,1
IDB,IDA blend,SL.UEM.TOTL.ZS,"Unemployment, total (% of total labor force) (modeled ILO estimate)",2005,3.2286448044491,,1
IDB,IDA blend,SL.UEM.TOTL.ZS,"Unemployment, total (% of total labor force) (modeled ILO estimate)",2004,3.27695586964825,,1
IDB,IDA blend,SL.UEM.TOTL.ZS,"Unemployment, total (% of total labor force) (modeled ILO estimate)",2003,3.42217572676054,,1
IDB,IDA blend,SL.UEM.TOTL.ZS,"Unemployment, total (% of total labor force) (modeled ILO estimate)",2002,3.53946096491474,,1
IDB,IDA blend,SL.UEM.TOTL.ZS,"Unemployment, total (% of total labor force) (modeled ILO estimate)",2001,3.72882194919706,,1
IDB,IDA blend,SL.UEM.TOTL.ZS,"Unemployment, total (% of total labor force) (modeled ILO estimate)",2000,3.82333592364451,,1
IDB,IDA blend,SL.UEM.TOTL.ZS,"Unemployment, total (% of total labor force) (modeled ILO estimate)",1999,3.91434730814139,,1
IDB,IDA blend,SL.UEM.TOTL.ZS,"Unemployment, total (% of total labor force) (modeled ILO estimate)",1998,3.89184762940828,,1
IDB,IDA blend,SL.UEM.TOTL.ZS,"Unemployment, total (% of total labor force) (modeled ILO estimate)",1997,3.77455453239581,,1
IDB,IDA blend,SL.UEM.TOTL.ZS,"Unemployment, total (% of total labor force) (modeled ILO estimate)",1996,3.79689239249562,,1
IDB,IDA blend,SL.UEM.TOTL.ZS,"Unemployment, total (% of total labor force) (modeled ILO estimate)",1995,3.69403538353833,,1
IDB,IDA blend,SL.UEM.TOTL.ZS,"Unemployment, total (% of total labor force) (modeled ILO estimate)",1994,3.65543950397293,,1
IDB,IDA blend,SL.UEM.TOTL.ZS,"Unemployment, total (% of total labor force) (modeled ILO estimate)",1993,3.53024916447056,,1
IDB,IDA blend,SL.UEM.TOTL.ZS,"Unemployment, total (% of total labor force) (modeled ILO estimate)",1992,3.31106342065644,,1
IDB,IDA blend,SL.UEM.TOTL.ZS,"Unemployment, total (% of total labor force) (modeled ILO estimate)",1991,3.23945543564595,,1
IDX,IDA only,SL.UEM.TOTL.ZS,"Unemployment, total (% of total labor force) (modeled ILO estimate)",2024,4.39436259005177,,1
IDX,IDA only,SL.UEM.TOTL.ZS,"Unemployment, total (% of total labor force) (modeled ILO estimate)",2023,4.47309044453303,,1
IDX,IDA only,SL.UEM.TOTL.ZS,"Unemployment, total (% of total labor force) (modeled ILO estimate)",2022,4.84321749828202,,1
IDX,IDA only,SL.UEM.TOTL.ZS,"Unemployment, total (% of total labor force) (modeled ILO estimate)",2021,5.47334095799464,,1
IDX,IDA only,SL.UEM.TOTL.ZS,"Unemployment, total (% of total labor force) (modeled ILO estimate)",2020,5.36669055791166,,1
IDX,IDA only,SL.UEM.TOTL.ZS,"Unemployment, total (% of total labor force) (modeled ILO estimate)",2019,4.58565537355345,,1
IDX,IDA only,SL.UEM.TOTL.ZS,"Unemployment, total (% of total labor force) (modeled ILO estimate)",2018,4.57514391570401,,1
IDX,IDA only,SL.UEM.TOTL.ZS,"Unemployment, total (% of total labor force) (modeled ILO estimate)",2017,4.6296367615898,,1
IDX,IDA only,SL.UEM.TOTL.ZS,"Unemployment, total (% of total labor force) (modeled ILO estimate)",2016,4.65555478300369,,1
IDX,IDA only,SL.UEM.TOTL.ZS,"Unemployment, total (% of total labor force) (modeled ILO estimate)",2015,4.66372876139455,,1
IDX,IDA only,SL.UEM.TOTL.ZS,"Unemployment, total (% of total labor force) (modeled ILO estimate)",2014,4.53740484773331,,1
IDX,IDA only,SL.UEM.TOTL.ZS,"Unemployment, total (% of total labor force) (modeled ILO estimate)",2013,4.50875002517795,,1
IDX,IDA only,SL.UEM.TOTL.ZS,"Unemployment, total (% of total labor force) (modeled ILO estimate)",2012,4.57369221767426,,1
IDX,IDA only,SL.UEM.TOTL.ZS,"Unemployment, total (% of total labor force) (modeled ILO estimate)",2011,4.56857556253715,,1
IDX,IDA only,SL.UEM.TOTL.ZS,"Unemployment, total (% of total labor force) (modeled ILO estimate)",2010,4.54192222128241,,1
IDX,IDA only,SL.UEM.TOTL.ZS,"Unemployment, total (% of total labor force) (modeled ILO estimate)",2009,4.67961700626147,,1
IDX,IDA only,SL.UEM.TOTL.ZS,"Unemployment, total (% of total labor force) (modeled ILO estimate)",2008,4.60368834910733,,1
IDX,IDA only,SL.UEM.TOTL.ZS,"Unemployment, total (% of total labor force) (modeled ILO estimate)",2007,4.50718786849523,,1
IDX,IDA only,SL.UEM.TOTL.ZS,"Unemployment, total (% of total labor force) (modeled ILO estimate)",2006,4.46399684953155,,1
IDX,IDA only,SL.UEM.TOTL.ZS,"Unemployment, total (% of total labor force) (modeled ILO estimate)",2005,4.65145396689018,,1
IDX,IDA only,SL.UEM.TOTL.ZS,"Unemployment, total (% of total labor force) (modeled ILO estimate)",2004,4.7856089666451,,1
IDX,IDA only,SL.UEM.TOTL.ZS,"Unemployment, total (% of total labor force) (modeled ILO estimate)",2003,4.86842549598819,,1
IDX,IDA only,SL.UEM.TOTL.ZS,"Unemployment, total (% of total labor force) (modeled ILO estimate)",2002,4.84896984068503,,1
IDX,IDA only,SL.UEM.TOTL.ZS,"Unemployment, total (% of total labor force) (modeled ILO estimate)",2001,4.77495105971428,,1
IDX,IDA only,SL.UEM.TOTL.ZS,"Unemployment, total (% of total labor force) (modeled ILO estimate)",2000,4.73257287195726,,1
IDX,IDA only,SL.UEM.TOTL.ZS,"Unemployment, total (% of total labor force) (modeled ILO estimate)",1999,4.68037611473745,,1
IDX,IDA only,SL.UEM.TOTL.ZS,"Unemployment, total (% of total labor force) (modeled ILO estimate)",1998,4.55267354368707,,1
IDX,IDA only,SL.UEM.TOTL.ZS,"Unemployment, total (% of total labor force) (modeled ILO estimate)",1997,4.48776059178245,,1
IDX,IDA only,SL.UEM.TOTL.ZS,"Unemployment, total (% of total labor force) (modeled ILO estimate)",1996,4.50426040576814,,1
IDX,IDA only,SL.UEM.TOTL.ZS,"Unemployment, total (% of total labor force) (modeled ILO estimate)",1995,4.50759315235961,,1
IDX,IDA only,SL.UEM.TOTL.ZS,"Unemployment, total (% of total labor force) (modeled ILO estimate)",1994,4.60808408673192,,1
IDX,IDA only,SL.UEM.TOTL.ZS,"Unemployment, total (% of total labor force) (modeled ILO estimate)",1993,4.63092754077228,,1
IDX,IDA only,SL.UEM.TOTL.ZS,"Unemployment, total (% of total labor force) (modeled ILO estimate)",1992,4.6043556340404,,1
IDX,IDA only,SL.UEM.TOTL.ZS,"Unemployment, total (% of total labor force) (modeled ILO estimate)",1991,4.55360453557852,,1
IDA,IDA total,SL.UEM.TOTL.ZS,"Unemployment, total (% of total labor force) (modeled ILO estimate)",2024,4.41110085739661,,1
IDA,IDA total,SL.UEM.TOTL.ZS,"Unemployment, total (% of total labor force) (modeled ILO estimate)",2023,4.43505142118137,,1
IDA,IDA total,SL.UEM.TOTL.ZS,"Unemployment, total (% of total labor force) (modeled ILO estimate)",2022,4.80770011659382,,1
IDA,IDA total,SL.UEM.TOTL.ZS,"Unemployment, total (% of total labor force) (modeled ILO estimate)",2021,5.59578179046383,,1
IDA,IDA total,SL.UEM.TOTL.ZS,"Unemployment, total (% of total labor force) (modeled ILO estimate)",2020,5.51885638627426,,1
IDA,IDA total,SL.UEM.TOTL.ZS,"Unemployment, total (% of total labor force) (modeled ILO estimate)",2019,4.7623812532015,,1
IDA,IDA total,SL.UEM.TOTL.ZS,"Unemployment, total (% of total labor force) (modeled ILO estimate)",2018,4.64209325683969,,1
IDA,IDA total,SL.UEM.TOTL.ZS,"Unemployment, total (% of total labor force) (modeled ILO estimate)",2017,4.52893960230548,,1
IDA,IDA total,SL.UEM.TOTL.ZS,"Unemployment, total (% of total labor force) (modeled ILO estimate)",2016,4.3231511668841,,1
IDA,IDA total,SL.UEM.TOTL.ZS,"Unemployment, total (% of total labor force) (modeled ILO estimate)",2015,4.42584800452486,,1
IDA,IDA total,SL.UEM.TOTL.ZS,"Unemployment, total (% of total labor force) (modeled ILO estimate)",2014,4.12440295798333,,1
IDA,IDA total,SL.UEM.TOTL.ZS,"Unemployment, total (% of total labor force) (modeled ILO estimate)",2013,4.22255892497341,,1
IDA,IDA total,SL.UEM.TOTL.ZS,"Unemployment, total (% of total labor force) (modeled ILO estimate)",2012,4.39956625407496,,1
IDA,IDA total,SL.UEM.TOTL.ZS,"Unemployment, total (% of total labor force) (modeled ILO estimate)",2011,4.08361552252545,,1
IDA,IDA total,SL.UEM.TOTL.ZS,"Unemployment, total (% of total labor force) (modeled ILO estimate)",2010,4.04765745305091,,1
IDA,IDA total,SL.UEM.TOTL.ZS,"Unemployment, total (% of total labor force) (modeled ILO estimate)",2009,4.12260393901142,,1
IDA,IDA total,SL.UEM.TOTL.ZS,"Unemployment, total (% of total labor force) (modeled ILO estimate)",2008,4.05660136215322,,1
IDA,IDA total,SL.UEM.TOTL.ZS,"Unemployment, total (% of total labor force) (modeled ILO estimate)",2007,3.98484462603313,,1
IDA,IDA total,SL.UEM.TOTL.ZS,"Unemployment, total (% of total labor force) (modeled ILO estimate)",2006,4.00149808563909,,1
IDA,IDA total,SL.UEM.TOTL.ZS,"Unemployment, total (% of total labor force) (modeled ILO estimate)",2005,4.15643714559074,,1
IDA,IDA total,SL.UEM.TOTL.ZS,"Unemployment, total (% of total labor force) (modeled ILO estimate)",2004,4.26087719864505,,1
IDA,IDA total,SL.UEM.TOTL.ZS,"Unemployment, total (% of total labor force) (modeled ILO estimate)",2003,4.36667743397795,,1
IDA,IDA total,SL.UEM.TOTL.ZS,"Unemployment, total (% of total labor force) (modeled ILO estimate)",2002,4.39528597726998,,1
IDA,IDA total,SL.UEM.TOTL.ZS,"Unemployment, total (% of total labor force) (modeled ILO estimate)",2001,4.41290639290413,,1
IDA,IDA total,SL.UEM.TOTL.ZS,"Unemployment, total (% of total labor force) (modeled ILO estimate)",2000,4.41870677984127,,1
IDA,IDA total,SL.UEM.TOTL.ZS,"Unemployment, total (% of total labor force) (modeled ILO estimate)",1999,4.4166504871621,,1
IDA,IDA total,SL.UEM.TOTL.ZS,"Unemployment, total (% of total labor force) (modeled ILO estimate)",1998,4.32570851831212,,1
IDA,IDA total,SL.UEM.TOTL.ZS,"Unemployment, total (% of total labor force) (modeled ILO estimate)",1997,4.24264746039582,,1
IDA,IDA total,SL.UEM.TOTL.ZS,"Unemployment, total (% of total labor force) (modeled ILO estimate)",1996,4.26250990852824,,1
IDA,IDA total,SL.UEM.TOTL.ZS,"Unemployment, total (% of total labor force) (modeled ILO estimate)",1995,4.23074966396405,,1
IDA,IDA total,SL.UEM.TOTL.ZS,"Unemployment, total (% of total labor force) (modeled ILO estimate)",1994,4.28328749855898,,1
IDA,IDA total,SL.UEM.TOTL.ZS,"Unemployment, total (% of total labor force) (modeled ILO estimate)",1993,4.25608441507583,,1
IDA,IDA total,SL.UEM.TOTL.ZS,"Unemployment, total (% of total labor force) (modeled ILO estimate)",1992,4.16345585602457,,1
IDA,IDA total,SL.UEM.TOTL.ZS,"Unemployment, total (% of total labor force) (modeled ILO estimate)",1991,4.10693679025095,,1
LTE,Late-demographic dividend,SL.UEM.TOTL.ZS,"Unemployment, total (% of total labor force) (modeled ILO estimate)",2024,4.5972989340493,,1
LTE,Late-demographic dividend,SL.UEM.TOTL.ZS,"Unemployment, total (% of total labor force) (modeled ILO estimate)",2023,4.79546301775753,,1
LTE,Late-demographic dividend,SL.UEM.TOTL.ZS,"Unemployment, total (% of total labor force) (modeled ILO estimate)",2022,5.19342173027057,,1
LTE,Late-demographic dividend,SL.UEM.TOTL.ZS,"Unemployment, total (% of total labor force) (modeled ILO estimate)",2021,5.50538470000202,,1
LTE,Late-demographic dividend,SL.UEM.TOTL.ZS,"Unemployment, total (% of total labor force) (modeled ILO estimate)",2020,5.93153762506637,,1
LTE,Late-demographic dividend,SL.UEM.TOTL.ZS,"Unemployment, total (% of total labor force) (modeled ILO estimate)",2019,5.19591640696366,,1
LTE,Late-demographic dividend,SL.UEM.TOTL.ZS,"Unemployment, total (% of total labor force) (modeled ILO estimate)",2018,5.05006029808032,,1
LTE,Late-demographic dividend,SL.UEM.TOTL.ZS,"Unemployment, total (% of total labor force) (modeled ILO estimate)",2017,5.27038544833334,,1
LTE,Late-demographic dividend,SL.UEM.TOTL.ZS,"Unemployment, total (% of total labor force) (modeled ILO estimate)",2016,5.28065390607939,,1
LTE,Late-demographic dividend,SL.UEM.TOTL.ZS,"Unemployment, total (% of total labor force) (modeled ILO estimate)",2015,5.11139944235291,,1
LTE,Late-demographic dividend,SL.UEM.TOTL.ZS,"Unemployment, total (% of total labor force) (modeled ILO estimate)",2014,4.93887259586478,,1
LTE,Late-demographic dividend,SL.UEM.TOTL.ZS,"Unemployment, total (% of total labor force) (modeled ILO estimate)",2013,5.01097351607565,,1
LTE,Late-demographic dividend,SL.UEM.TOTL.ZS,"Unemployment, total (% of total labor force) (modeled ILO estimate)",2012,5.02938218164513,,1
LTE,Late-demographic dividend,SL.UEM.TOTL.ZS,"Unemployment, total (% of total labor force) (modeled ILO estimate)",2011,5.11922021804217,,1
LTE,Late-demographic dividend,SL.UEM.TOTL.ZS,"Unemployment, total (% of total labor force) (modeled ILO estimate)",2010,5.25181815855478,,1
LTE,Late-demographic dividend,SL.UEM.TOTL.ZS,"Unemployment, total (% of total labor force) (modeled ILO estimate)",2009,5.57785428299668,,1
LTE,Late-demographic dividend,SL.UEM.TOTL.ZS,"Unemployment, total (% of total labor force) (modeled ILO estimate)",2008,5.14867990448764,,1
LTE,Late-demographic dividend,SL.UEM.TOTL.ZS,"Unemployment, total (% of total labor force) (modeled ILO estimate)",2007,5.11709007503548,,1
LTE,Late-demographic dividend,SL.UEM.TOTL.ZS,"Unemployment, total (% of total labor force) (modeled ILO estimate)",2006,5.38097826380605,,1
LTE,Late-demographic dividend,SL.UEM.TOTL.ZS,"Unemployment, total (% of total labor force) (modeled ILO estimate)",2005,5.63125210477498,,1
LTE,Late-demographic dividend,SL.UEM.TOTL.ZS,"Unemployment, total (% of total labor force) (modeled ILO estimate)",2004,5.70845578270121,,1
LTE,Late-demographic dividend,SL.UEM.TOTL.ZS,"Unemployment, total (% of total labor force) (modeled ILO estimate)",2003,5.90243541524635,,1
LTE,Late-demographic dividend,SL.UEM.TOTL.ZS,"Unemployment, total (% of total labor force) (modeled ILO estimate)",2002,5.66563235164984,,1
LTE,Late-demographic dividend,SL.UEM.TOTL.ZS,"Unemployment, total (% of total labor force) (modeled ILO estimate)",2001,5.47907914783063,,1
LTE,Late-demographic dividend,SL.UEM.TOTL.ZS,"Unemployment, total (% of total labor force) (modeled ILO estimate)",2000,5.29485034456226,,1
LTE,Late-demographic dividend,SL.UEM.TOTL.ZS,"Unemployment, total (% of total labor force) (modeled ILO estimate)",1999,5.47073057702751,,1
LTE,Late-demographic dividend,SL.UEM.TOTL.ZS,"Unemployment, total (% of total labor force) (modeled ILO estimate)",1998,5.21710249367688,,1
LTE,Late-demographic dividend,SL.UEM.TOTL.ZS,"Unemployment, total (% of total labor force) (modeled ILO estimate)",1997,4.94668708418151,,1
LTE,Late-demographic dividend,SL.UEM.TOTL.ZS,"Unemployment, total (% of total labor force) (modeled ILO estimate)",1996,4.67637018700231,,1
LTE,Late-demographic dividend,SL.UEM.TOTL.ZS,"Unemployment, total (% of total labor force) (modeled ILO estimate)",1995,4.47531718027036,,1
LTE,Late-demographic dividend,SL.UEM.TOTL.ZS,"Unemployment, total (% of total labor force) (modeled ILO estimate)",1994,4.30063275796876,,1
LTE,Late-demographic dividend,SL.UEM.TOTL.ZS,"Unemployment, total (% of total labor force) (modeled ILO estimate)",1993,3.88855373414191,,1
LTE,Late-demographic dividend,SL.UEM.TOTL.ZS,"Unemployment, total (% of total labor force) (modeled ILO estimate)",1992,3.67499973475162,,1
LTE,Late-demographic dividend,SL.UEM.TOTL.ZS,"Unemployment, total (% of total labor force) (modeled ILO estimate)",1991,3.66023223286086,,1
LCN,Latin America & Caribbean,SL.UEM.TOTL.ZS,"Unemployment, total (% of total labor force) (modeled ILO estimate)",2024,5.86943268920785,,1
LCN,Latin America & Caribbean,SL.UEM.TOTL.ZS,"Unemployment, total (% of total labor force) (modeled ILO estimate)",2023,6.19254754786298,,1
LCN,Latin America & Caribbean,SL.UEM.TOTL.ZS,"Unemployment, total (% of total labor force) (modeled ILO estimate)",2022,6.93153209123054,,1
LCN,Latin America & Caribbean,SL.UEM.TOTL.ZS,"Unemployment, total (% of total labor force) (modeled ILO estimate)",2021,9.14468415154641,,1
LCN,Latin America & Caribbean,SL.UEM.TOTL.ZS,"Unemployment, total (% of total labor force) (modeled ILO estimate)",2020,10.214072797585,,1
LCN,Latin America & Caribbean,SL.UEM.TOTL.ZS,"Unemployment, total (% of total labor force) (modeled ILO estimate)",2019,8.00061467672947,,1
LCN,Latin America & Caribbean,SL.UEM.TOTL.ZS,"Unemployment, total (% of total labor force) (modeled ILO estimate)",2018,7.93331984460849,,1
LCN,Latin America & Caribbean,SL.UEM.TOTL.ZS,"Unemployment, total (% of total labor force) (modeled ILO estimate)",2017,8.02820612705932,,1
LCN,Latin America & Caribbean,SL.UEM.TOTL.ZS,"Unemployment, total (% of total labor force) (modeled ILO estimate)",2016,7.73682468877475,,1
LCN,Latin America & Caribbean,SL.UEM.TOTL.ZS,"Unemployment, total (% of total labor force) (modeled ILO estimate)",2015,6.67695891386519,,1
LCN,Latin America & Caribbean,SL.UEM.TOTL.ZS,"Unemployment, total (% of total labor force) (modeled ILO estimate)",2014,6.18310613899891,,1
LCN,Latin America & Caribbean,SL.UEM.TOTL.ZS,"Unemployment, total (% of total labor force) (modeled ILO estimate)",2013,6.37856594564285,,1
LCN,Latin America & Caribbean,SL.UEM.TOTL.ZS,"Unemployment, total (% of total labor force) (modeled ILO estimate)",2012,6.42118292240463,,1
LCN,Latin America & Caribbean,SL.UEM.TOTL.ZS,"Unemployment, total (% of total labor force) (modeled ILO estimate)",2011,6.71534566285068,,1
LCN,Latin America & Caribbean,SL.UEM.TOTL.ZS,"Unemployment, total (% of total labor force) (modeled ILO estimate)",2010,7.21826756521545,,1
LCN,Latin America & Caribbean,SL.UEM.TOTL.ZS,"Unemployment, total (% of total labor force) (modeled ILO estimate)",2009,7.81478715032184,,1
LCN,Latin America & Caribbean,SL.UEM.TOTL.ZS,"Unemployment, total (% of total labor force) (modeled ILO estimate)",2008,6.83921032197309,,1
LCN,Latin America & Caribbean,SL.UEM.TOTL.ZS,"Unemployment, total (% of total labor force) (modeled ILO estimate)",2007,7.22630490484512,,1
LCN,Latin America & Caribbean,SL.UEM.TOTL.ZS,"Unemployment, total (% of total labor force) (modeled ILO estimate)",2006,7.61413600233204,,1
LCN,Latin America & Caribbean,SL.UEM.TOTL.ZS,"Unemployment, total (% of total labor force) (modeled ILO estimate)",2005,8.23739951394743,,1
LCN,Latin America & Caribbean,SL.UEM.TOTL.ZS,"Unemployment, total (% of total labor force) (modeled ILO estimate)",2004,8.75018243421292,,1
LCN,Latin America & Caribbean,SL.UEM.TOTL.ZS,"Unemployment, total (% of total labor force) (modeled ILO estimate)",2003,9.25661869657505,,1
LCN,Latin America & Caribbean,SL.UEM.TOTL.ZS,"Unemployment, total (% of total labor force) (modeled ILO estimate)",2002,9.38790662648607,,1
LCN,Latin America & Caribbean,SL.UEM.TOTL.ZS,"Unemployment, total (% of total labor force) (modeled ILO estimate)",2001,9.04975653454107,,1
LCN,Latin America & Caribbean,SL.UEM.TOTL.ZS,"Unemployment, total (% of total labor force) (modeled ILO estimate)",2000,9.4445224692252,,1
LCN,Latin America & Caribbean,SL.UEM.TOTL.ZS,"Unemployment, total (% of total labor force) (modeled ILO estimate)",1999,9.42701702915779,,1
LCN,Latin America & Caribbean,SL.UEM.TOTL.ZS,"Unemployment, total (% of total labor force) (modeled ILO estimate)",1998,8.48626182410088,,1
LCN,Latin America & Caribbean,SL.UEM.TOTL.ZS,"Unemployment, total (% of total labor force) (modeled ILO estimate)",1997,8.14011323257484,,1
LCN,Latin America & Caribbean,SL.UEM.TOTL.ZS,"Unemployment, total (% of total labor force) (modeled ILO estimate)",1996,8.29119463249977,,1
LCN,Latin America & Caribbean,SL.UEM.TOTL.ZS,"Unemployment, total (% of total labor force) (modeled ILO estimate)",1995,7.90486804676992,,1
LCN,Latin America & Caribbean,SL.UEM.TOTL.ZS,"Unemployment, total (% of total labor force) (modeled ILO estimate)",1994,6.67780065279213,,1
LCN,Latin America & Caribbean,SL.UEM.TOTL.ZS,"Unemployment, total (% of total labor force) (modeled ILO estimate)",1993,6.07134108681392,,1
LCN,Latin America & Caribbean,SL.UEM.TOTL.ZS,"Unemployment, total (% of total labor force) (modeled ILO estimate)",1992,6.30385369925644,,1
LCN,Latin America & Caribbean,SL.UEM.TOTL.ZS,"Unemployment, total (% of total labor force) (modeled ILO estimate)",1991,6.30995748550306,,1
LAC,Latin America & Caribbean (excluding high income),SL.UEM.TOTL.ZS,"Unemployment, total (% of total labor force) (modeled ILO estimate)",2024,5.74320450887568,,1
LAC,Latin America & Caribbean (excluding high income),SL.UEM.TOTL.ZS,"Unemployment, total (% of total labor force) (modeled ILO estimate)",2023,6.08952489876161,,1
LAC,Latin America & Caribbean (excluding high income),SL.UEM.TOTL.ZS,"Unemployment, total (% of total labor force) (modeled ILO estimate)",2022,6.88224992720831,,1
LAC,Latin America & Caribbean (excluding high income),SL.UEM.TOTL.ZS,"Unemployment, total (% of total labor force) (modeled ILO estimate)",2021,9.16082734268685,,1
LAC,Latin America & Caribbean (excluding high income),SL.UEM.TOTL.ZS,"Unemployment, total (% of total labor force) (modeled ILO estimate)",2020,10.2091587750212,,1
LAC,Latin America & Caribbean (excluding high income),SL.UEM.TOTL.ZS,"Unemployment, total (% of total labor force) (modeled ILO estimate)",2019,8.09033318956351,,1
LAC,Latin America & Caribbean (excluding high income),SL.UEM.TOTL.ZS,"Unemployment, total (% of total labor force) (modeled ILO estimate)",2018,8.06258795479693,,1
LAC,Latin America & Caribbean (excluding high income),SL.UEM.TOTL.ZS,"Unemployment, total (% of total labor force) (modeled ILO estimate)",2017,8.21675278591613,,1
LAC,Latin America & Caribbean (excluding high income),SL.UEM.TOTL.ZS,"Unemployment, total (% of total labor force) (modeled ILO estimate)",2016,7.89037898781748,,1
LAC,Latin America & Caribbean (excluding high income),SL.UEM.TOTL.ZS,"Unemployment, total (% of total labor force) (modeled ILO estimate)",2015,6.67695090020011,,1
LAC,Latin America & Caribbean (excluding high income),SL.UEM.TOTL.ZS,"Unemployment, total (% of total labor force) (modeled ILO estimate)",2014,6.07575691219429,,1
LAC,Latin America & Caribbean (excluding high income),SL.UEM.TOTL.ZS,"Unemployment, total (% of total labor force) (modeled ILO estimate)",2013,6.27391326261169,,1
LAC,Latin America & Caribbean (excluding high income),SL.UEM.TOTL.ZS,"Unemployment, total (% of total labor force) (modeled ILO estimate)",2012,6.34500302860844,,1
LAC,Latin America & Caribbean (excluding high income),SL.UEM.TOTL.ZS,"Unemployment, total (% of total labor force) (modeled ILO estimate)",2011,6.62359532407489,,1
LAC,Latin America & Caribbean (excluding high income),SL.UEM.TOTL.ZS,"Unemployment, total (% of total labor force) (modeled ILO estimate)",2010,7.1381647976514,,1
LAC,Latin America & Caribbean (excluding high income),SL.UEM.TOTL.ZS,"Unemployment, total (% of total labor force) (modeled ILO estimate)",2009,7.76325904485299,,1
LAC,Latin America & Caribbean (excluding high income),SL.UEM.TOTL.ZS,"Unemployment, total (% of total labor force) (modeled ILO estimate)",2008,6.78002884731258,,1
LAC,Latin America & Caribbean (excluding high income),SL.UEM.TOTL.ZS,"Unemployment, total (% of total labor force) (modeled ILO estimate)",2007,7.18066576953914,,1
LAC,Latin America & Caribbean (excluding high income),SL.UEM.TOTL.ZS,"Unemployment, total (% of total labor force) (modeled ILO estimate)",2006,7.49927013814271,,1
LAC,Latin America & Caribbean (excluding high income),SL.UEM.TOTL.ZS,"Unemployment, total (% of total labor force) (modeled ILO estimate)",2005,8.05335882665772,,1
LAC,Latin America & Caribbean (excluding high income),SL.UEM.TOTL.ZS,"Unemployment, total (% of total labor force) (modeled ILO estimate)",2004,8.37144323116109,,1
LAC,Latin America & Caribbean (excluding high income),SL.UEM.TOTL.ZS,"Unemployment, total (% of total labor force) (modeled ILO estimate)",2003,8.82029806556972,,1
LAC,Latin America & Caribbean (excluding high income),SL.UEM.TOTL.ZS,"Unemployment, total (% of total labor force) (modeled ILO estimate)",2002,8.98258667227847,,1
LAC,Latin America & Caribbean (excluding high income),SL.UEM.TOTL.ZS,"Unemployment, total (% of total labor force) (modeled ILO estimate)",2001,8.77343392903867,,1
LAC,Latin America & Caribbean (excluding high income),SL.UEM.TOTL.ZS,"Unemployment, total (% of total labor force) (modeled ILO estimate)",2000,9.19337642576303,,1
LAC,Latin America & Caribbean (excluding high income),SL.UEM.TOTL.ZS,"Unemployment, total (% of total labor force) (modeled ILO estimate)",1999,9.11886164441249,,1
LAC,Latin America & Caribbean (excluding high income),SL.UEM.TOTL.ZS,"Unemployment, total (% of total labor force) (modeled ILO estimate)",1998,8.35774200401712,,1
LAC,Latin America & Caribbean (excluding high income),SL.UEM.TOTL.ZS,"Unemployment, total (% of total labor force) (modeled ILO estimate)",1997,7.94453922455541,,1
LAC,Latin America & Caribbean (excluding high income),SL.UEM.TOTL.ZS,"Unemployment, total (% of total labor force) (modeled ILO estimate)",1996,8.05810647447753,,1
LAC,Latin America & Caribbean (excluding high income),SL.UEM.TOTL.ZS,"Unemployment, total (% of total labor force) (modeled ILO estimate)",1995,7.81147543178074,,1
LAC,Latin America & Caribbean (excluding high income),SL.UEM.TOTL.ZS,"Unemployment, total (% of total labor force) (modeled ILO estimate)",1994,6.48651570394147,,1
LAC,Latin America & Caribbean (excluding high income),SL.UEM.TOTL.ZS,"Unemployment, total (% of total labor force) (modeled ILO estimate)",1993,5.93566914514152,,1
LAC,Latin America & Caribbean (excluding high income),SL.UEM.TOTL.ZS,"Unemployment, total (% of total labor force) (modeled ILO estimate)",1992,6.13845418981951,,1
LAC,Latin America & Caribbean (excluding high income),SL.UEM.TOTL.ZS,"Unemployment, total (% of total labor force) (modeled ILO estimate)",1991,6.02410331623917,,1
TLA,Latin America & the Caribbean (IDA & IBRD countries),SL.UEM.TOTL.ZS,"Unemployment, total (% of total labor force) (modeled ILO estimate)",2024,5.9308852770292,,1
TLA,Latin America & the Caribbean (IDA & IBRD countries),SL.UEM.TOTL.ZS,"Unemployment, total (% of total labor force) (modeled ILO estimate)",2023,6.26268991297245,,1
TLA,Latin America & the Caribbean (IDA & IBRD countries),SL.UEM.TOTL.ZS,"Unemployment, total (% of total labor force) (modeled ILO estimate)",2022,7.01556949606688,,1
TLA,Latin America & the Caribbean (IDA & IBRD countries),SL.UEM.TOTL.ZS,"Unemployment, total (% of total labor force) (modeled ILO estimate)",2021,9.26330031941499,,1
TLA,Latin America & the Caribbean (IDA & IBRD countries),SL.UEM.TOTL.ZS,"Unemployment, total (% of total labor force) (modeled ILO estimate)",2020,10.355452107179,,1
TLA,Latin America & the Caribbean (IDA & IBRD countries),SL.UEM.TOTL.ZS,"Unemployment, total (% of total labor force) (modeled ILO estimate)",2019,8.10633851896146,,1
TLA,Latin America & the Caribbean (IDA & IBRD countries),SL.UEM.TOTL.ZS,"Unemployment, total (% of total labor force) (modeled ILO estimate)",2018,8.03589728630349,,1
TLA,Latin America & the Caribbean (IDA & IBRD countries),SL.UEM.TOTL.ZS,"Unemployment, total (% of total labor force) (modeled ILO estimate)",2017,8.12865999426483,,1
TLA,Latin America & the Caribbean (IDA & IBRD countries),SL.UEM.TOTL.ZS,"Unemployment, total (% of total labor force) (modeled ILO estimate)",2016,7.82039688517988,,1
TLA,Latin America & the Caribbean (IDA & IBRD countries),SL.UEM.TOTL.ZS,"Unemployment, total (% of total labor force) (modeled ILO estimate)",2015,6.7292474127348,,1
TLA,Latin America & the Caribbean (IDA & IBRD countries),SL.UEM.TOTL.ZS,"Unemployment, total (% of total labor force) (modeled ILO estimate)",2014,6.20935559864304,,1
TLA,Latin America & the Caribbean (IDA & IBRD countries),SL.UEM.TOTL.ZS,"Unemployment, total (% of total labor force) (modeled ILO estimate)",2013,6.39401761164224,,1
TLA,Latin America & the Caribbean (IDA & IBRD countries),SL.UEM.TOTL.ZS,"Unemployment, total (% of total labor force) (modeled ILO estimate)",2012,6.43477941830029,,1
TLA,Latin America & the Caribbean (IDA & IBRD countries),SL.UEM.TOTL.ZS,"Unemployment, total (% of total labor force) (modeled ILO estimate)",2011,6.73516198738484,,1
TLA,Latin America & the Caribbean (IDA & IBRD countries),SL.UEM.TOTL.ZS,"Unemployment, total (% of total labor force) (modeled ILO estimate)",2010,7.26042689855492,,1
TLA,Latin America & the Caribbean (IDA & IBRD countries),SL.UEM.TOTL.ZS,"Unemployment, total (% of total labor force) (modeled ILO estimate)",2009,7.89406164784247,,1
TLA,Latin America & the Caribbean (IDA & IBRD countries),SL.UEM.TOTL.ZS,"Unemployment, total (% of total labor force) (modeled ILO estimate)",2008,6.91574463042059,,1
TLA,Latin America & the Caribbean (IDA & IBRD countries),SL.UEM.TOTL.ZS,"Unemployment, total (% of total labor force) (modeled ILO estimate)",2007,7.31214733545694,,1
TLA,Latin America & the Caribbean (IDA & IBRD countries),SL.UEM.TOTL.ZS,"Unemployment, total (% of total labor force) (modeled ILO estimate)",2006,7.7076777430645,,1
TLA,Latin America & the Caribbean (IDA & IBRD countries),SL.UEM.TOTL.ZS,"Unemployment, total (% of total labor force) (modeled ILO estimate)",2005,8.34365571129642,,1
TLA,Latin America & the Caribbean (IDA & IBRD countries),SL.UEM.TOTL.ZS,"Unemployment, total (% of total labor force) (modeled ILO estimate)",2004,8.88029213614675,,1
TLA,Latin America & the Caribbean (IDA & IBRD countries),SL.UEM.TOTL.ZS,"Unemployment, total (% of total labor force) (modeled ILO estimate)",2003,9.38382565258049,,1
TLA,Latin America & the Caribbean (IDA & IBRD countries),SL.UEM.TOTL.ZS,"Unemployment, total (% of total labor force) (modeled ILO estimate)",2002,9.50084872810719,,1
TLA,Latin America & the Caribbean (IDA & IBRD countries),SL.UEM.TOTL.ZS,"Unemployment, total (% of total labor force) (modeled ILO estimate)",2001,9.1432735656305,,1
TLA,Latin America & the Caribbean (IDA & IBRD countries),SL.UEM.TOTL.ZS,"Unemployment, total (% of total labor force) (modeled ILO estimate)",2000,9.52894893986909,,1
TLA,Latin America & the Caribbean (IDA & IBRD countries),SL.UEM.TOTL.ZS,"Unemployment, total (% of total labor force) (modeled ILO estimate)",1999,9.48237924552907,,1
TLA,Latin America & the Caribbean (IDA & IBRD countries),SL.UEM.TOTL.ZS,"Unemployment, total (% of total labor force) (modeled ILO estimate)",1998,8.50383489490465,,1
TLA,Latin America & the Caribbean (IDA & IBRD countries),SL.UEM.TOTL.ZS,"Unemployment, total (% of total labor force) (modeled ILO estimate)",1997,8.12385222071718,,1
TLA,Latin America & the Caribbean (IDA & IBRD countries),SL.UEM.TOTL.ZS,"Unemployment, total (% of total labor force) (modeled ILO estimate)",1996,8.26787405014723,,1
TLA,Latin America & the Caribbean (IDA & IBRD countries),SL.UEM.TOTL.ZS,"Unemployment, total (% of total labor force) (modeled ILO estimate)",1995,7.85357644180886,,1
TLA,Latin America & the Caribbean (IDA & IBRD countries),SL.UEM.TOTL.ZS,"Unemployment, total (% of total labor force) (modeled ILO estimate)",1994,6.56680800344838,,1
TLA,Latin America & the Caribbean (IDA & IBRD countries),SL.UEM.TOTL.ZS,"Unemployment, total (% of total labor force) (modeled ILO estimate)",1993,5.9122489733434,,1
TLA,Latin America & the Caribbean (IDA & IBRD countries),SL.UEM.TOTL.ZS,"Unemployment, total (% of total labor force) (modeled ILO estimate)",1992,6.16195847363912,,1
TLA,Latin America & the Caribbean (IDA & IBRD countries),SL.UEM.TOTL.ZS,"Unemployment, total (% of total labor force) (modeled ILO estimate)",1991,6.18499961502329,,1
LDC,Least developed countries: UN classification,SL.UEM.TOTL.ZS,"Unemployment, total (% of total labor force) (modeled ILO estimate)",2024,4.63004995634959,,1
LDC,Least developed countries: UN classification,SL.UEM.TOTL.ZS,"Unemployment, total (% of total labor force) (modeled ILO estimate)",2023,4.69874423007014,,1
LDC,Least developed countries: UN classification,SL.UEM.TOTL.ZS,"Unemployment, total (% of total labor force) (modeled ILO estimate)",2022,5.05048767454214,,1
LDC,Least developed countries: UN classification,SL.UEM.TOTL.ZS,"Unemployment, total (% of total labor force) (modeled ILO estimate)",2021,5.73427333521409,,1
LDC,Least developed countries: UN classification,SL.UEM.TOTL.ZS,"Unemployment, total (% of total labor force) (modeled ILO estimate)",2020,5.5984272213638,,1
LDC,Least developed countries: UN classification,SL.UEM.TOTL.ZS,"Unemployment, total (% of total labor force) (modeled ILO estimate)",2019,4.87319739899668,,1
LDC,Least developed countries: UN classification,SL.UEM.TOTL.ZS,"Unemployment, total (% of total labor force) (modeled ILO estimate)",2018,4.87642905613966,,1
LDC,Least developed countries: UN classification,SL.UEM.TOTL.ZS,"Unemployment, total (% of total labor force) (modeled ILO estimate)",2017,4.95273324976286,,1
LDC,Least developed countries: UN classification,SL.UEM.TOTL.ZS,"Unemployment, total (% of total labor force) (modeled ILO estimate)",2016,4.8918256789537,,1
LDC,Least developed countries: UN classification,SL.UEM.TOTL.ZS,"Unemployment, total (% of total labor force) (modeled ILO estimate)",2015,4.82634268692319,,1
LDC,Least developed countries: UN classification,SL.UEM.TOTL.ZS,"Unemployment, total (% of total labor force) (modeled ILO estimate)",2014,4.7478845482911,,1
LDC,Least developed countries: UN classification,SL.UEM.TOTL.ZS,"Unemployment, total (% of total labor force) (modeled ILO estimate)",2013,4.78810702335574,,1
LDC,Least developed countries: UN classification,SL.UEM.TOTL.ZS,"Unemployment, total (% of total labor force) (modeled ILO estimate)",2012,4.84447014073901,,1
LDC,Least developed countries: UN classification,SL.UEM.TOTL.ZS,"Unemployment, total (% of total labor force) (modeled ILO estimate)",2011,4.85581288914548,,1
LDC,Least developed countries: UN classification,SL.UEM.TOTL.ZS,"Unemployment, total (% of total labor force) (modeled ILO estimate)",2010,4.75657307667184,,1
LDC,Least developed countries: UN classification,SL.UEM.TOTL.ZS,"Unemployment, total (% of total labor force) (modeled ILO estimate)",2009,4.88165129097702,,1
LDC,Least developed countries: UN classification,SL.UEM.TOTL.ZS,"Unemployment, total (% of total labor force) (modeled ILO estimate)",2008,4.78615582186984,,1
LDC,Least developed countries: UN classification,SL.UEM.TOTL.ZS,"Unemployment, total (% of total labor force) (modeled ILO estimate)",2007,4.72846171671699,,1
LDC,Least developed countries: UN classification,SL.UEM.TOTL.ZS,"Unemployment, total (% of total labor force) (modeled ILO estimate)",2006,4.66743315924375,,1
LDC,Least developed countries: UN classification,SL.UEM.TOTL.ZS,"Unemployment, total (% of total labor force) (modeled ILO estimate)",2005,4.78617235413845,,1
LDC,Least developed countries: UN classification,SL.UEM.TOTL.ZS,"Unemployment, total (% of total labor force) (modeled ILO estimate)",2004,4.8461040020584,,1
LDC,Least developed countries: UN classification,SL.UEM.TOTL.ZS,"Unemployment, total (% of total labor force) (modeled ILO estimate)",2003,4.88891565223902,,1
LDC,Least developed countries: UN classification,SL.UEM.TOTL.ZS,"Unemployment, total (% of total labor force) (modeled ILO estimate)",2002,4.81370443469752,,1
LDC,Least developed countries: UN classification,SL.UEM.TOTL.ZS,"Unemployment, total (% of total labor force) (modeled ILO estimate)",2001,4.72346641947108,,1
LDC,Least developed countries: UN classification,SL.UEM.TOTL.ZS,"Unemployment, total (% of total labor force) (modeled ILO estimate)",2000,4.69028330186409,,1
LDC,Least developed countries: UN classification,SL.UEM.TOTL.ZS,"Unemployment, total (% of total labor force) (modeled ILO estimate)",1999,4.64027270266917,,1
LDC,Least developed countries: UN classification,SL.UEM.TOTL.ZS,"Unemployment, total (% of total labor force) (modeled ILO estimate)",1998,4.54294047396138,,1
LDC,Least developed countries: UN classification,SL.UEM.TOTL.ZS,"Unemployment, total (% of total labor force) (modeled ILO estimate)",1997,4.46140795668622,,1
LDC,Least developed countries: UN classification,SL.UEM.TOTL.ZS,"Unemployment, total (% of total labor force) (modeled ILO estimate)",1996,4.46802538631446,,1
LDC,Least developed countries: UN classification,SL.UEM.TOTL.ZS,"Unemployment, total (% of total labor force) (modeled ILO estimate)",1995,4.49940287771995,,1
LDC,Least developed countries: UN classification,SL.UEM.TOTL.ZS,"Unemployment, total (% of total labor force) (modeled ILO estimate)",1994,4.600990950454,,1
LDC,Least developed countries: UN classification,SL.UEM.TOTL.ZS,"Unemployment, total (% of total labor force) (modeled ILO estimate)",1993,4.62740336480402,,1
LDC,Least developed countries: UN classification,SL.UEM.TOTL.ZS,"Unemployment, total (% of total labor force) (modeled ILO estimate)",1992,4.60753398974361,,1
LDC,Least developed countries: UN classification,SL.UEM.TOTL.ZS,"Unemployment, total (% of total labor force) (modeled ILO estimate)",1991,4.54779576422489,,1
LMY,Low & middle income,SL.UEM.TOTL.ZS,"Unemployment, total (% of total labor force) (modeled ILO estimate)",2024,4.94160293231847,,1
LMY,Low & middle income,SL.UEM.TOTL.ZS,"Unemployment, total (% of total labor force) (modeled ILO estimate)",2023,5.00470630144505,,1
LMY,Low & middle income,SL.UEM.TOTL.ZS,"Unemployment, total (% of total labor force) (modeled ILO estimate)",2022,5.4501372521796,,1
LMY,Low & middle income,SL.UEM.TOTL.ZS,"Unemployment, total (% of total labor force) (modeled ILO estimate)",2021,6.20117690908003,,1
LMY,Low & middle income,SL.UEM.TOTL.ZS,"Unemployment, total (% of total labor force) (modeled ILO estimate)",2020,6.6636269031363,,1
LMY,Low & middle income,SL.UEM.TOTL.ZS,"Unemployment, total (% of total labor force) (modeled ILO estimate)",2019,5.84822511373103,,1
LMY,Low & middle income,SL.UEM.TOTL.ZS,"Unemployment, total (% of total labor force) (modeled ILO estimate)",2018,5.98999541060915,,1
LMY,Low & middle income,SL.UEM.TOTL.ZS,"Unemployment, total (% of total labor force) (modeled ILO estimate)",2017,6.04325903299711,,1
LMY,Low & middle income,SL.UEM.TOTL.ZS,"Unemployment, total (% of total labor force) (modeled ILO estimate)",2016,5.99811641501721,,1
LMY,Low & middle income,SL.UEM.TOTL.ZS,"Unemployment, total (% of total labor force) (modeled ILO estimate)",2015,5.9151653043874,,1
LMY,Low & middle income,SL.UEM.TOTL.ZS,"Unemployment, total (% of total labor force) (modeled ILO estimate)",2014,5.73024977441405,,1
LMY,Low & middle income,SL.UEM.TOTL.ZS,"Unemployment, total (% of total labor force) (modeled ILO estimate)",2013,5.75107708355317,,1
LMY,Low & middle income,SL.UEM.TOTL.ZS,"Unemployment, total (% of total labor force) (modeled ILO estimate)",2012,5.79670311681129,,1
LMY,Low & middle income,SL.UEM.TOTL.ZS,"Unemployment, total (% of total labor force) (modeled ILO estimate)",2011,5.76478083157227,,1
LMY,Low & middle income,SL.UEM.TOTL.ZS,"Unemployment, total (% of total labor force) (modeled ILO estimate)",2010,5.82874130267436,,1
LMY,Low & middle income,SL.UEM.TOTL.ZS,"Unemployment, total (% of total labor force) (modeled ILO estimate)",2009,6.03268599783015,,1
LMY,Low & middle income,SL.UEM.TOTL.ZS,"Unemployment, total (% of total labor force) (modeled ILO estimate)",2008,5.84635579413637,,1
LMY,Low & middle income,SL.UEM.TOTL.ZS,"Unemployment, total (% of total labor force) (modeled ILO estimate)",2007,5.84061607071867,,1
LMY,Low & middle income,SL.UEM.TOTL.ZS,"Unemployment, total (% of total labor force) (modeled ILO estimate)",2006,5.92329736043004,,1
LMY,Low & middle income,SL.UEM.TOTL.ZS,"Unemployment, total (% of total labor force) (modeled ILO estimate)",2005,6.10189134627543,,1
LMY,Low & middle income,SL.UEM.TOTL.ZS,"Unemployment, total (% of total labor force) (modeled ILO estimate)",2004,6.12436721134229,,1
LMY,Low & middle income,SL.UEM.TOTL.ZS,"Unemployment, total (% of total labor force) (modeled ILO estimate)",2003,6.24862006224706,,1
LMY,Low & middle income,SL.UEM.TOTL.ZS,"Unemployment, total (% of total labor force) (modeled ILO estimate)",2002,6.18899642896501,,1
LMY,Low & middle income,SL.UEM.TOTL.ZS,"Unemployment, total (% of total labor force) (modeled ILO estimate)",2001,6.00285447710927,,1
LMY,Low & middle income,SL.UEM.TOTL.ZS,"Unemployment, total (% of total labor force) (modeled ILO estimate)",2000,5.84310963310359,,1
LMY,Low & middle income,SL.UEM.TOTL.ZS,"Unemployment, total (% of total labor force) (modeled ILO estimate)",1999,5.85505753745311,,1
LMY,Low & middle income,SL.UEM.TOTL.ZS,"Unemployment, total (% of total labor force) (modeled ILO estimate)",1998,5.68185852139688,,1
LMY,Low & middle income,SL.UEM.TOTL.ZS,"Unemployment, total (% of total labor force) (modeled ILO estimate)",1997,5.50368537005251,,1
LMY,Low & middle income,SL.UEM.TOTL.ZS,"Unemployment, total (% of total labor force) (modeled ILO estimate)",1996,5.46096569968567,,1
LMY,Low & middle income,SL.UEM.TOTL.ZS,"Unemployment, total (% of total labor force) (modeled ILO estimate)",1995,5.38296480095666,,1
LMY,Low & middle income,SL.UEM.TOTL.ZS,"Unemployment, total (% of total labor force) (modeled ILO estimate)",1994,5.14887709339877,,1
LMY,Low & middle income,SL.UEM.TOTL.ZS,"Unemployment, total (% of total labor force) (modeled ILO estimate)",1993,4.90106925354757,,1
LMY,Low & middle income,SL.UEM.TOTL.ZS,"Unemployment, total (% of total labor force) (modeled ILO estimate)",1992,4.70977041216799,,1
LMY,Low & middle income,SL.UEM.TOTL.ZS,"Unemployment, total (% of total labor force) (modeled ILO estimate)",1991,4.64433287742556,,1
,Low income,SL.UEM.TOTL.ZS,"Unemployment, total (% of total labor force) (modeled ILO estimate)",2024,5.25027271966889,,1
,Low income,SL.UEM.TOTL.ZS,"Unemployment, total (% of total labor force) (modeled ILO estimate)",2023,5.46615429632441,,1
,Low income,SL.UEM.TOTL.ZS,"Unemployment, total (% of total labor force) (modeled ILO estimate)",2022,5.672232196208,,1
,Low income,SL.UEM.TOTL.ZS,"Unemployment, total (% of total labor force) (modeled ILO estimate)",2021,6.24785467368709,,1
,Low income,SL.UEM.TOTL.ZS,"Unemployment, total (% of total labor force) (modeled ILO estimate)",2020,6.20058805376737,,1
,Low income,SL.UEM.TOTL.ZS,"Unemployment, total (% of total labor force) (modeled ILO estimate)",2019,5.63457466701478,,1
,Low income,SL.UEM.TOTL.ZS,"Unemployment, total (% of total labor force) (modeled ILO estimate)",2018,5.64351076657552,,1
,Low income,SL.UEM.TOTL.ZS,"Unemployment, total (% of total labor force) (modeled ILO estimate)",2017,5.7737832478316,,1
,Low income,SL.UEM.TOTL.ZS,"Unemployment, total (% of total labor force) (modeled ILO estimate)",2016,5.67889736815337,,1
,Low income,SL.UEM.TOTL.ZS,"Unemployment, total (% of total labor force) (modeled ILO estimate)",2015,5.57163904609693,,1
,Low income,SL.UEM.TOTL.ZS,"Unemployment, total (% of total labor force) (modeled ILO estimate)",2014,5.44258392070706,,1
,Low income,SL.UEM.TOTL.ZS,"Unemployment, total (% of total labor force) (modeled ILO estimate)",2013,5.48279393151345,,1
,Low income,SL.UEM.TOTL.ZS,"Unemployment, total (% of total labor force) (modeled ILO estimate)",2012,5.71453832728629,,1
,Low income,SL.UEM.TOTL.ZS,"Unemployment, total (% of total labor force) (modeled ILO estimate)",2011,5.5705246218048,,1
,Low income,SL.UEM.TOTL.ZS,"Unemployment, total (% of total labor force) (modeled ILO estimate)",2010,5.51303315496083,,1
,Low income,SL.UEM.TOTL.ZS,"Unemployment, total (% of total labor force) (modeled ILO estimate)",2009,5.31468315669829,,1
,Low income,SL.UEM.TOTL.ZS,"Unemployment, total (% of total labor force) (modeled ILO estimate)",2008,5.45345736405232,,1
,Low income,SL.UEM.TOTL.ZS,"Unemployment, total (% of total labor force) (modeled ILO estimate)",2007,5.29597392001895,,1
,Low income,SL.UEM.TOTL.ZS,"Unemployment, total (% of total labor force) (modeled ILO estimate)",2006,5.24784805048287,,1
,Low income,SL.UEM.TOTL.ZS,"Unemployment, total (% of total labor force) (modeled ILO estimate)",2005,5.21172201002053,,1
,Low income,SL.UEM.TOTL.ZS,"Unemployment, total (% of total labor force) (modeled ILO estimate)",2004,5.3392187143993,,1
,Low income,SL.UEM.TOTL.ZS,"Unemployment, total (% of total labor force) (modeled ILO estimate)",2003,5.47129504433362,,1
,Low income,SL.UEM.TOTL.ZS,"Unemployment, total (% of total labor force) (modeled ILO estimate)",2002,5.53336922354344,,1
,Low income,SL.UEM.TOTL.ZS,"Unemployment, total (% of total labor force) (modeled ILO estimate)",2001,5.55598855497136,,1
,Low income,SL.UEM.TOTL.ZS,"Unemployment, total (% of total labor force) (modeled ILO estimate)",2000,5.48654284201766,,1
,Low income,SL.UEM.TOTL.ZS,"Unemployment, total (% of total labor force) (modeled ILO estimate)",1999,5.35385408088145,,1
,Low income,SL.UEM.TOTL.ZS,"Unemployment, total (% of total labor force) (modeled ILO estimate)",1998,5.26330892444806,,1
,Low income,SL.UEM.TOTL.ZS,"Unemployment, total (% of total labor force) (modeled ILO estimate)",1997,5.17968333181897,,1
,Low income,SL.UEM.TOTL.ZS,"Unemployment, total (% of total labor force) (modeled ILO estimate)",1996,5.16835452443534,,1
,Low income,SL.UEM.TOTL.ZS,"Unemployment, total (% of total labor force) (modeled ILO estimate)",1995,5.15200919763904,,1
,Low income,SL.UEM.TOTL.ZS,"Unemployment, total (% of total labor force) (modeled ILO estimate)",1994,5.25912461379538,,1
,Low income,SL.UEM.TOTL.ZS,"Unemployment, total (% of total labor force) (modeled ILO estimate)",1993,5.25216981531872,,1
,Low income,SL.UEM.TOTL.ZS,"Unemployment, total (% of total labor force) (modeled ILO estimate)",1992,5.21888052375576,,1
,Low income,SL.UEM.TOTL.ZS,"Unemployment, total (% of total labor force) (modeled ILO estimate)",1991,5.15446843011102,,1
,Lower middle income,SL.UEM.TOTL.ZS,"Unemployment, total (% of total labor force) (modeled ILO estimate)",2024,4.28199894492631,,1
,Lower middle income,SL.UEM.TOTL.ZS,"Unemployment, total (% of total labor force) (modeled ILO estimate)",2023,4.25941499700801,,1
,Lower middle income,SL.UEM.TOTL.ZS,"Unemployment, total (% of total labor force) (modeled ILO estimate)",2022,4.77300365505371,,1
,Lower middle income,SL.UEM.TOTL.ZS,"Unemployment, total (% of total labor force) (modeled ILO estimate)",2021,5.9944874865667,,1
,Lower middle income,SL.UEM.TOTL.ZS,"Unemployment, total (% of total labor force) (modeled ILO estimate)",2020,6.63370534258569,,1
,Lower middle income,SL.UEM.TOTL.ZS,"Unemployment, total (% of total labor force) (modeled ILO estimate)",2019,5.61087685860008,,1
,Lower middle income,SL.UEM.TOTL.ZS,"Unemployment, total (% of total labor force) (modeled ILO estimate)",2018,6.10667962887376,,1
,Lower middle income,SL.UEM.TOTL.ZS,"Unemployment, total (% of total labor force) (modeled ILO estimate)",2017,6.12034687934706,,1
,Lower middle income,SL.UEM.TOTL.ZS,"Unemployment, total (% of total labor force) (modeled ILO estimate)",2016,6.03719079502602,,1
,Lower middle income,SL.UEM.TOTL.ZS,"Unemployment, total (% of total labor force) (modeled ILO estimate)",2015,6.14698345534992,,1
,Lower middle income,SL.UEM.TOTL.ZS,"Unemployment, total (% of total labor force) (modeled ILO estimate)",2014,5.99586606234957,,1
,Lower middle income,SL.UEM.TOTL.ZS,"Unemployment, total (% of total labor force) (modeled ILO estimate)",2013,6.06402519158205,,1
,Lower middle income,SL.UEM.TOTL.ZS,"Unemployment, total (% of total labor force) (modeled ILO estimate)",2012,6.08020530585294,,1
,Lower middle income,SL.UEM.TOTL.ZS,"Unemployment, total (% of total labor force) (modeled ILO estimate)",2011,5.89610911858005,,1
,Lower middle income,SL.UEM.TOTL.ZS,"Unemployment, total (% of total labor force) (modeled ILO estimate)",2010,5.80458752508872,,1
,Lower middle income,SL.UEM.TOTL.ZS,"Unemployment, total (% of total labor force) (modeled ILO estimate)",2009,5.93971655647129,,1
,Lower middle income,SL.UEM.TOTL.ZS,"Unemployment, total (% of total labor force) (modeled ILO estimate)",2008,5.88430004621887,,1
,Lower middle income,SL.UEM.TOTL.ZS,"Unemployment, total (% of total labor force) (modeled ILO estimate)",2007,5.85533844238372,,1
,Lower middle income,SL.UEM.TOTL.ZS,"Unemployment, total (% of total labor force) (modeled ILO estimate)",2006,5.95283730781201,,1
,Lower middle income,SL.UEM.TOTL.ZS,"Unemployment, total (% of total labor force) (modeled ILO estimate)",2005,6.06885202300761,,1
,Lower middle income,SL.UEM.TOTL.ZS,"Unemployment, total (% of total labor force) (modeled ILO estimate)",2004,6.09528555436404,,1
,Lower middle income,SL.UEM.TOTL.ZS,"Unemployment, total (% of total labor force) (modeled ILO estimate)",2003,6.17363315398744,,1
,Lower middle income,SL.UEM.TOTL.ZS,"Unemployment, total (% of total labor force) (modeled ILO estimate)",2002,6.17289484307925,,1
,Lower middle income,SL.UEM.TOTL.ZS,"Unemployment, total (% of total labor force) (modeled ILO estimate)",2001,6.16655764233771,,1
,Lower middle income,SL.UEM.TOTL.ZS,"Unemployment, total (% of total labor force) (modeled ILO estimate)",2000,6.14071333292926,,1
,Lower middle income,SL.UEM.TOTL.ZS,"Unemployment, total (% of total labor force) (modeled ILO estimate)",1999,6.12473732089138,,1
,Lower middle income,SL.UEM.TOTL.ZS,"Unemployment, total (% of total labor force) (modeled ILO estimate)",1998,6.08678031959539,,1
,Lower middle income,SL.UEM.TOTL.ZS,"Unemployment, total (% of total labor force) (modeled ILO estimate)",1997,6.09135753529065,,1
,Lower middle income,SL.UEM.TOTL.ZS,"Unemployment, total (% of total labor force) (modeled ILO estimate)",1996,6.04814472592865,,1
,Lower middle income,SL.UEM.TOTL.ZS,"Unemployment, total (% of total labor force) (modeled ILO estimate)",1995,6.13053331635795,,1
,Lower middle income,SL.UEM.TOTL.ZS,"Unemployment, total (% of total labor force) (modeled ILO estimate)",1994,6.15117205700555,,1
,Lower middle income,SL.UEM.TOTL.ZS,"Unemployment, total (% of total labor force) (modeled ILO estimate)",1993,6.17583250949776,,1
,Lower middle income,SL.UEM.TOTL.ZS,"Unemployment, total (% of total labor force) (modeled ILO estimate)",1992,6.05715527654718,,1
,Lower middle income,SL.UEM.TOTL.ZS,"Unemployment, total (% of total labor force) (modeled ILO estimate)",1991,6.04462180062781,,1
MEA,"Middle East, North Africa, Afghanistan & Pakistan",SL.UEM.TOTL.ZS,"Unemployment, total (% of total labor force) (modeled ILO estimate)",2024,7.8404049815873,,1
MEA,"Middle East, North Africa, Afghanistan & Pakistan",SL.UEM.TOTL.ZS,"Unemployment, total (% of total labor force) (modeled ILO estimate)",2023,7.79272191834479,,1
MEA,"Middle East, North Africa, Afghanistan & Pakistan",SL.UEM.TOTL.ZS,"Unemployment, total (% of total labor force) (modeled ILO estimate)",2022,8.23898776216766,,1
MEA,"Middle East, North Africa, Afghanistan & Pakistan",SL.UEM.TOTL.ZS,"Unemployment, total (% of total labor force) (modeled ILO estimate)",2021,9.00366611562493,,1
MEA,"Middle East, North Africa, Afghanistan & Pakistan",SL.UEM.TOTL.ZS,"Unemployment, total (% of total labor force) (modeled ILO estimate)",2020,9.14819309323363,,1
MEA,"Middle East, North Africa, Afghanistan & Pakistan",SL.UEM.TOTL.ZS,"Unemployment, total (% of total labor force) (modeled ILO estimate)",2019,8.33082967841649,,1
MEA,"Middle East, North Africa, Afghanistan & Pakistan",SL.UEM.TOTL.ZS,"Unemployment, total (% of total labor force) (modeled ILO estimate)",2018,8.53535637968998,,1
MEA,"Middle East, North Africa, Afghanistan & Pakistan",SL.UEM.TOTL.ZS,"Unemployment, total (% of total labor force) (modeled ILO estimate)",2017,8.5198428948238,,1
MEA,"Middle East, North Africa, Afghanistan & Pakistan",SL.UEM.TOTL.ZS,"Unemployment, total (% of total labor force) (modeled ILO estimate)",2016,8.0751146709309,,1
MEA,"Middle East, North Africa, Afghanistan & Pakistan",SL.UEM.TOTL.ZS,"Unemployment, total (% of total labor force) (modeled ILO estimate)",2015,8.36498933286657,,1
MEA,"Middle East, North Africa, Afghanistan & Pakistan",SL.UEM.TOTL.ZS,"Unemployment, total (% of total labor force) (modeled ILO estimate)",2014,7.64519859427481,,1
MEA,"Middle East, North Africa, Afghanistan & Pakistan",SL.UEM.TOTL.ZS,"Unemployment, total (% of total labor force) (modeled ILO estimate)",2013,7.92975020058705,,1
MEA,"Middle East, North Africa, Afghanistan & Pakistan",SL.UEM.TOTL.ZS,"Unemployment, total (% of total labor force) (modeled ILO estimate)",2012,8.34766826613965,,1
MEA,"Middle East, North Africa, Afghanistan & Pakistan",SL.UEM.TOTL.ZS,"Unemployment, total (% of total labor force) (modeled ILO estimate)",2011,7.23452105809906,,1
MEA,"Middle East, North Africa, Afghanistan & Pakistan",SL.UEM.TOTL.ZS,"Unemployment, total (% of total labor force) (modeled ILO estimate)",2010,6.85675050559872,,1
MEA,"Middle East, North Africa, Afghanistan & Pakistan",SL.UEM.TOTL.ZS,"Unemployment, total (% of total labor force) (modeled ILO estimate)",2009,6.71404844364157,,1
MEA,"Middle East, North Africa, Afghanistan & Pakistan",SL.UEM.TOTL.ZS,"Unemployment, total (% of total labor force) (modeled ILO estimate)",2008,6.58386551452508,,1
MEA,"Middle East, North Africa, Afghanistan & Pakistan",SL.UEM.TOTL.ZS,"Unemployment, total (% of total labor force) (modeled ILO estimate)",2007,6.82070410411982,,1
MEA,"Middle East, North Africa, Afghanistan & Pakistan",SL.UEM.TOTL.ZS,"Unemployment, total (% of total labor force) (modeled ILO estimate)",2006,7.22108801251314,,1
MEA,"Middle East, North Africa, Afghanistan & Pakistan",SL.UEM.TOTL.ZS,"Unemployment, total (% of total labor force) (modeled ILO estimate)",2005,7.65760282606948,,1
MEA,"Middle East, North Africa, Afghanistan & Pakistan",SL.UEM.TOTL.ZS,"Unemployment, total (% of total labor force) (modeled ILO estimate)",2004,7.54776306570901,,1
MEA,"Middle East, North Africa, Afghanistan & Pakistan",SL.UEM.TOTL.ZS,"Unemployment, total (% of total labor force) (modeled ILO estimate)",2003,8.30300037305323,,1
MEA,"Middle East, North Africa, Afghanistan & Pakistan",SL.UEM.TOTL.ZS,"Unemployment, total (% of total labor force) (modeled ILO estimate)",2002,8.48914200309222,,1
MEA,"Middle East, North Africa, Afghanistan & Pakistan",SL.UEM.TOTL.ZS,"Unemployment, total (% of total labor force) (modeled ILO estimate)",2001,8.42943669202,,1
MEA,"Middle East, North Africa, Afghanistan & Pakistan",SL.UEM.TOTL.ZS,"Unemployment, total (% of total labor force) (modeled ILO estimate)",2000,8.4169385368672,,1
MEA,"Middle East, North Africa, Afghanistan & Pakistan",SL.UEM.TOTL.ZS,"Unemployment, total (% of total labor force) (modeled ILO estimate)",1999,8.10473132845309,,1
MEA,"Middle East, North Africa, Afghanistan & Pakistan",SL.UEM.TOTL.ZS,"Unemployment, total (% of total labor force) (modeled ILO estimate)",1998,7.86215125968509,,1
MEA,"Middle East, North Africa, Afghanistan & Pakistan",SL.UEM.TOTL.ZS,"Unemployment, total (% of total labor force) (modeled ILO estimate)",1997,7.77681950155754,,1
MEA,"Middle East, North Africa, Afghanistan & Pakistan",SL.UEM.TOTL.ZS,"Unemployment, total (% of total labor force) (modeled ILO estimate)",1996,7.96657131190278,,1
MEA,"Middle East, North Africa, Afghanistan & Pakistan",SL.UEM.TOTL.ZS,"Unemployment, total (% of total labor force) (modeled ILO estimate)",1995,8.74623216428901,,1
MEA,"Middle East, North Africa, Afghanistan & Pakistan",SL.UEM.TOTL.ZS,"Unemployment, total (% of total labor force) (modeled ILO estimate)",1994,8.52159746477789,,1
MEA,"Middle East, North Africa, Afghanistan & Pakistan",SL.UEM.TOTL.ZS,"Unemployment, total (% of total labor force) (modeled ILO estimate)",1993,8.52874979745686,,1
MEA,"Middle East, North Africa, Afghanistan & Pakistan",SL.UEM.TOTL.ZS,"Unemployment, total (% of total labor force) (modeled ILO estimate)",1992,8.07196382177059,,1
MEA,"Middle East, North Africa, Afghanistan & Pakistan",SL.UEM.TOTL.ZS,"Unemployment, total (% of total labor force) (modeled ILO estimate)",1991,7.96325856391227,,1
MNA,"Middle East, North Africa, Afghanistan & Pakistan (excluding high income)",SL.UEM.TOTL.ZS,"Unemployment, total (% of total labor force) (modeled ILO estimate)",2024,8.70657329890235,,1
MNA,"Middle East, North Africa, Afghanistan & Pakistan (excluding high income)",SL.UEM.TOTL.ZS,"Unemployment, total (% of total labor force) (modeled ILO estimate)",2023,8.59209919735259,,1
MNA,"Middle East, North Africa, Afghanistan & Pakistan (excluding high income)",SL.UEM.TOTL.ZS,"Unemployment, total (% of total labor force) (modeled ILO estimate)",2022,8.9382675467404,,1
MNA,"Middle East, North Africa, Afghanistan & Pakistan (excluding high income)",SL.UEM.TOTL.ZS,"Unemployment, total (% of total labor force) (modeled ILO estimate)",2021,9.6948074926195,,1
MNA,"Middle East, North Africa, Afghanistan & Pakistan (excluding high income)",SL.UEM.TOTL.ZS,"Unemployment, total (% of total labor force) (modeled ILO estimate)",2020,9.77596723068346,,1
MNA,"Middle East, North Africa, Afghanistan & Pakistan (excluding high income)",SL.UEM.TOTL.ZS,"Unemployment, total (% of total labor force) (modeled ILO estimate)",2019,9.06488013658605,,1
MNA,"Middle East, North Africa, Afghanistan & Pakistan (excluding high income)",SL.UEM.TOTL.ZS,"Unemployment, total (% of total labor force) (modeled ILO estimate)",2018,9.28194998275843,,1
MNA,"Middle East, North Africa, Afghanistan & Pakistan (excluding high income)",SL.UEM.TOTL.ZS,"Unemployment, total (% of total labor force) (modeled ILO estimate)",2017,9.25338345180518,,1
MNA,"Middle East, North Africa, Afghanistan & Pakistan (excluding high income)",SL.UEM.TOTL.ZS,"Unemployment, total (% of total labor force) (modeled ILO estimate)",2016,8.75542082657381,,1
MNA,"Middle East, North Africa, Afghanistan & Pakistan (excluding high income)",SL.UEM.TOTL.ZS,"Unemployment, total (% of total labor force) (modeled ILO estimate)",2015,9.05052035727651,,1
MNA,"Middle East, North Africa, Afghanistan & Pakistan (excluding high income)",SL.UEM.TOTL.ZS,"Unemployment, total (% of total labor force) (modeled ILO estimate)",2014,8.14794947550081,,1
MNA,"Middle East, North Africa, Afghanistan & Pakistan (excluding high income)",SL.UEM.TOTL.ZS,"Unemployment, total (% of total labor force) (modeled ILO estimate)",2013,8.46109583177143,,1
MNA,"Middle East, North Africa, Afghanistan & Pakistan (excluding high income)",SL.UEM.TOTL.ZS,"Unemployment, total (% of total labor force) (modeled ILO estimate)",2012,8.88951819638217,,1
MNA,"Middle East, North Africa, Afghanistan & Pakistan (excluding high income)",SL.UEM.TOTL.ZS,"Unemployment, total (% of total labor force) (modeled ILO estimate)",2011,7.58032093040946,,1
MNA,"Middle East, North Africa, Afghanistan & Pakistan (excluding high income)",SL.UEM.TOTL.ZS,"Unemployment, total (% of total labor force) (modeled ILO estimate)",2010,7.123332390198,,1
MNA,"Middle East, North Africa, Afghanistan & Pakistan (excluding high income)",SL.UEM.TOTL.ZS,"Unemployment, total (% of total labor force) (modeled ILO estimate)",2009,6.94800177686091,,1
MNA,"Middle East, North Africa, Afghanistan & Pakistan (excluding high income)",SL.UEM.TOTL.ZS,"Unemployment, total (% of total labor force) (modeled ILO estimate)",2008,6.84334845869645,,1
MNA,"Middle East, North Africa, Afghanistan & Pakistan (excluding high income)",SL.UEM.TOTL.ZS,"Unemployment, total (% of total labor force) (modeled ILO estimate)",2007,7.0181698985801,,1
MNA,"Middle East, North Africa, Afghanistan & Pakistan (excluding high income)",SL.UEM.TOTL.ZS,"Unemployment, total (% of total labor force) (modeled ILO estimate)",2006,7.39019405991603,,1
MNA,"Middle East, North Africa, Afghanistan & Pakistan (excluding high income)",SL.UEM.TOTL.ZS,"Unemployment, total (% of total labor force) (modeled ILO estimate)",2005,7.84838151626538,,1
MNA,"Middle East, North Africa, Afghanistan & Pakistan (excluding high income)",SL.UEM.TOTL.ZS,"Unemployment, total (% of total labor force) (modeled ILO estimate)",2004,7.69407412818457,,1
MNA,"Middle East, North Africa, Afghanistan & Pakistan (excluding high income)",SL.UEM.TOTL.ZS,"Unemployment, total (% of total labor force) (modeled ILO estimate)",2003,8.52231485976773,,1
MNA,"Middle East, North Africa, Afghanistan & Pakistan (excluding high income)",SL.UEM.TOTL.ZS,"Unemployment, total (% of total labor force) (modeled ILO estimate)",2002,8.74924905373015,,1
MNA,"Middle East, North Africa, Afghanistan & Pakistan (excluding high income)",SL.UEM.TOTL.ZS,"Unemployment, total (% of total labor force) (modeled ILO estimate)",2001,8.72286096614539,,1
MNA,"Middle East, North Africa, Afghanistan & Pakistan (excluding high income)",SL.UEM.TOTL.ZS,"Unemployment, total (% of total labor force) (modeled ILO estimate)",2000,8.71870374230222,,1
MNA,"Middle East, North Africa, Afghanistan & Pakistan (excluding high income)",SL.UEM.TOTL.ZS,"Unemployment, total (% of total labor force) (modeled ILO estimate)",1999,8.37484954351616,,1
MNA,"Middle East, North Africa, Afghanistan & Pakistan (excluding high income)",SL.UEM.TOTL.ZS,"Unemployment, total (% of total labor force) (modeled ILO estimate)",1998,8.10371343099382,,1
MNA,"Middle East, North Africa, Afghanistan & Pakistan (excluding high income)",SL.UEM.TOTL.ZS,"Unemployment, total (% of total labor force) (modeled ILO estimate)",1997,8.00919483294535,,1
MNA,"Middle East, North Africa, Afghanistan & Pakistan (excluding high income)",SL.UEM.TOTL.ZS,"Unemployment, total (% of total labor force) (modeled ILO estimate)",1996,8.22167447864503,,1
MNA,"Middle East, North Africa, Afghanistan & Pakistan (excluding high income)",SL.UEM.TOTL.ZS,"Unemployment, total (% of total labor force) (modeled ILO estimate)",1995,9.04197057012473,,1
MNA,"Middle East, North Africa, Afghanistan & Pakistan (excluding high income)",SL.UEM.TOTL.ZS,"Unemployment, total (% of total labor force) (modeled ILO estimate)",1994,8.75493973614969,,1
MNA,"Middle East, North Africa, Afghanistan & Pakistan (excluding high income)",SL.UEM.TOTL.ZS,"Unemployment, total (% of total labor force) (modeled ILO estimate)",1993,8.6904598679539,,1
MNA,"Middle East, North Africa, Afghanistan & Pakistan (excluding high income)",SL.UEM.TOTL.ZS,"Unemployment, total (% of total labor force) (modeled ILO estimate)",1992,8.15777841491164,,1
MNA,"Middle East, North Africa, Afghanistan & Pakistan (excluding high income)",SL.UEM.TOTL.ZS,"Unemployment, total (% of total labor force) (modeled ILO estimate)",1991,8.04281882929149,,1
TMN,"Middle East, North Africa, Afghanistan & Pakistan (IDA & IBRD)",SL.UEM.TOTL.ZS,"Unemployment, total (% of total labor force) (modeled ILO estimate)",2024,8.70657329890235,,1
TMN,"Middle East, North Africa, Afghanistan & Pakistan (IDA & IBRD)",SL.UEM.TOTL.ZS,"Unemployment, total (% of total labor force) (modeled ILO estimate)",2023,8.59209919735259,,1
TMN,"Middle East, North Africa, Afghanistan & Pakistan (IDA & IBRD)",SL.UEM.TOTL.ZS,"Unemployment, total (% of total labor force) (modeled ILO estimate)",2022,8.83598059809406,,1
TMN,"Middle East, North Africa, Afghanistan & Pakistan (IDA & IBRD)",SL.UEM.TOTL.ZS,"Unemployment, total (% of total labor force) (modeled ILO estimate)",2021,9.58930430798614,,1
TMN,"Middle East, North Africa, Afghanistan & Pakistan (IDA & IBRD)",SL.UEM.TOTL.ZS,"Unemployment, total (% of total labor force) (modeled ILO estimate)",2020,9.67954007701653,,1
TMN,"Middle East, North Africa, Afghanistan & Pakistan (IDA & IBRD)",SL.UEM.TOTL.ZS,"Unemployment, total (% of total labor force) (modeled ILO estimate)",2019,8.96317446023269,,1
TMN,"Middle East, North Africa, Afghanistan & Pakistan (IDA & IBRD)",SL.UEM.TOTL.ZS,"Unemployment, total (% of total labor force) (modeled ILO estimate)",2018,9.17881437869939,,1
TMN,"Middle East, North Africa, Afghanistan & Pakistan (IDA & IBRD)",SL.UEM.TOTL.ZS,"Unemployment, total (% of total labor force) (modeled ILO estimate)",2017,9.15400226751887,,1
TMN,"Middle East, North Africa, Afghanistan & Pakistan (IDA & IBRD)",SL.UEM.TOTL.ZS,"Unemployment, total (% of total labor force) (modeled ILO estimate)",2016,8.66507565229991,,1
TMN,"Middle East, North Africa, Afghanistan & Pakistan (IDA & IBRD)",SL.UEM.TOTL.ZS,"Unemployment, total (% of total labor force) (modeled ILO estimate)",2015,8.96791885955849,,1
TMN,"Middle East, North Africa, Afghanistan & Pakistan (IDA & IBRD)",SL.UEM.TOTL.ZS,"Unemployment, total (% of total labor force) (modeled ILO estimate)",2014,8.07837404021819,,1
TMN,"Middle East, North Africa, Afghanistan & Pakistan (IDA & IBRD)",SL.UEM.TOTL.ZS,"Unemployment, total (% of total labor force) (modeled ILO estimate)",2013,8.39834200288349,,1
TMN,"Middle East, North Africa, Afghanistan & Pakistan (IDA & IBRD)",SL.UEM.TOTL.ZS,"Unemployment, total (% of total labor force) (modeled ILO estimate)",2012,8.83376247941241,,1
TMN,"Middle East, North Africa, Afghanistan & Pakistan (IDA & IBRD)",SL.UEM.TOTL.ZS,"Unemployment, total (% of total labor force) (modeled ILO estimate)",2011,7.52714837608606,,1
TMN,"Middle East, North Africa, Afghanistan & Pakistan (IDA & IBRD)",SL.UEM.TOTL.ZS,"Unemployment, total (% of total labor force) (modeled ILO estimate)",2010,7.05144257493513,,1
TMN,"Middle East, North Africa, Afghanistan & Pakistan (IDA & IBRD)",SL.UEM.TOTL.ZS,"Unemployment, total (% of total labor force) (modeled ILO estimate)",2009,6.88122796682575,,1
TMN,"Middle East, North Africa, Afghanistan & Pakistan (IDA & IBRD)",SL.UEM.TOTL.ZS,"Unemployment, total (% of total labor force) (modeled ILO estimate)",2008,6.76464093439401,,1
TMN,"Middle East, North Africa, Afghanistan & Pakistan (IDA & IBRD)",SL.UEM.TOTL.ZS,"Unemployment, total (% of total labor force) (modeled ILO estimate)",2007,6.96341976204585,,1
TMN,"Middle East, North Africa, Afghanistan & Pakistan (IDA & IBRD)",SL.UEM.TOTL.ZS,"Unemployment, total (% of total labor force) (modeled ILO estimate)",2006,7.33599436897474,,1
TMN,"Middle East, North Africa, Afghanistan & Pakistan (IDA & IBRD)",SL.UEM.TOTL.ZS,"Unemployment, total (% of total labor force) (modeled ILO estimate)",2005,7.79217578193013,,1
TMN,"Middle East, North Africa, Afghanistan & Pakistan (IDA & IBRD)",SL.UEM.TOTL.ZS,"Unemployment, total (% of total labor force) (modeled ILO estimate)",2004,7.62342664414024,,1
TMN,"Middle East, North Africa, Afghanistan & Pakistan (IDA & IBRD)",SL.UEM.TOTL.ZS,"Unemployment, total (% of total labor force) (modeled ILO estimate)",2003,8.45544746199598,,1
TMN,"Middle East, North Africa, Afghanistan & Pakistan (IDA & IBRD)",SL.UEM.TOTL.ZS,"Unemployment, total (% of total labor force) (modeled ILO estimate)",2002,8.66928035849804,,1
TMN,"Middle East, North Africa, Afghanistan & Pakistan (IDA & IBRD)",SL.UEM.TOTL.ZS,"Unemployment, total (% of total labor force) (modeled ILO estimate)",2001,8.66782939884288,,1
TMN,"Middle East, North Africa, Afghanistan & Pakistan (IDA & IBRD)",SL.UEM.TOTL.ZS,"Unemployment, total (% of total labor force) (modeled ILO estimate)",2000,8.70973223936551,,1
TMN,"Middle East, North Africa, Afghanistan & Pakistan (IDA & IBRD)",SL.UEM.TOTL.ZS,"Unemployment, total (% of total labor force) (modeled ILO estimate)",1999,8.36545993025763,,1
TMN,"Middle East, North Africa, Afghanistan & Pakistan (IDA & IBRD)",SL.UEM.TOTL.ZS,"Unemployment, total (% of total labor force) (modeled ILO estimate)",1998,8.09262446768442,,1
TMN,"Middle East, North Africa, Afghanistan & Pakistan (IDA & IBRD)",SL.UEM.TOTL.ZS,"Unemployment, total (% of total labor force) (modeled ILO estimate)",1997,7.99731851319209,,1
TMN,"Middle East, North Africa, Afghanistan & Pakistan (IDA & IBRD)",SL.UEM.TOTL.ZS,"Unemployment, total (% of total labor force) (modeled ILO estimate)",1996,8.20998075616307,,1
TMN,"Middle East, North Africa, Afghanistan & Pakistan (IDA & IBRD)",SL.UEM.TOTL.ZS,"Unemployment, total (% of total labor force) (modeled ILO estimate)",1995,9.03428655097015,,1
TMN,"Middle East, North Africa, Afghanistan & Pakistan (IDA & IBRD)",SL.UEM.TOTL.ZS,"Unemployment, total (% of total labor force) (modeled ILO estimate)",1994,8.74589375449375,,1
TMN,"Middle East, North Africa, Afghanistan & Pakistan (IDA & IBRD)",SL.UEM.TOTL.ZS,"Unemployment, total (% of total labor force) (modeled ILO estimate)",1993,8.68160187265869,,1
TMN,"Middle East, North Africa, Afghanistan & Pakistan (IDA & IBRD)",SL.UEM.TOTL.ZS,"Unemployment, total (% of total labor force) (modeled ILO estimate)",1992,8.14685219721253,,1
TMN,"Middle East, North Africa, Afghanistan & Pakistan (IDA & IBRD)",SL.UEM.TOTL.ZS,"Unemployment, total (% of total labor force) (modeled ILO estimate)",1991,8.03168197869505,,1
MIC,Middle income,SL.UEM.TOTL.ZS,"Unemployment, total (% of total labor force) (modeled ILO estimate)",2024,4.917823771954,,1
MIC,Middle income,SL.UEM.TOTL.ZS,"Unemployment, total (% of total labor force) (modeled ILO estimate)",2023,4.96898586111354,,1
MIC,Middle income,SL.UEM.TOTL.ZS,"Unemployment, total (% of total labor force) (modeled ILO estimate)",2022,5.43225929726468,,1
MIC,Middle income,SL.UEM.TOTL.ZS,"Unemployment, total (% of total labor force) (modeled ILO estimate)",2021,6.1975169341469,,1
MIC,Middle income,SL.UEM.TOTL.ZS,"Unemployment, total (% of total labor force) (modeled ILO estimate)",2020,6.69993931452761,,1
MIC,Middle income,SL.UEM.TOTL.ZS,"Unemployment, total (% of total labor force) (modeled ILO estimate)",2019,5.86438207211019,,1
MIC,Middle income,SL.UEM.TOTL.ZS,"Unemployment, total (% of total labor force) (modeled ILO estimate)",2018,6.01571305676214,,1
MIC,Middle income,SL.UEM.TOTL.ZS,"Unemployment, total (% of total labor force) (modeled ILO estimate)",2017,6.06288569127333,,1
MIC,Middle income,SL.UEM.TOTL.ZS,"Unemployment, total (% of total labor force) (modeled ILO estimate)",2016,6.02106354455132,,1
MIC,Middle income,SL.UEM.TOTL.ZS,"Unemployment, total (% of total labor force) (modeled ILO estimate)",2015,5.9395730547184,,1
MIC,Middle income,SL.UEM.TOTL.ZS,"Unemployment, total (% of total labor force) (modeled ILO estimate)",2014,5.75062867638152,,1
MIC,Middle income,SL.UEM.TOTL.ZS,"Unemployment, total (% of total labor force) (modeled ILO estimate)",2013,5.77006457117913,,1
MIC,Middle income,SL.UEM.TOTL.ZS,"Unemployment, total (% of total labor force) (modeled ILO estimate)",2012,5.80237450251584,,1
MIC,Middle income,SL.UEM.TOTL.ZS,"Unemployment, total (% of total labor force) (modeled ILO estimate)",2011,5.77824724069607,,1
MIC,Middle income,SL.UEM.TOTL.ZS,"Unemployment, total (% of total labor force) (modeled ILO estimate)",2010,5.85017441431265,,1
MIC,Middle income,SL.UEM.TOTL.ZS,"Unemployment, total (% of total labor force) (modeled ILO estimate)",2009,6.08071155164535,,1
MIC,Middle income,SL.UEM.TOTL.ZS,"Unemployment, total (% of total labor force) (modeled ILO estimate)",2008,5.87229754868276,,1
MIC,Middle income,SL.UEM.TOTL.ZS,"Unemployment, total (% of total labor force) (modeled ILO estimate)",2007,5.87608645057118,,1
MIC,Middle income,SL.UEM.TOTL.ZS,"Unemployment, total (% of total labor force) (modeled ILO estimate)",2006,5.96679299894577,,1
MIC,Middle income,SL.UEM.TOTL.ZS,"Unemployment, total (% of total labor force) (modeled ILO estimate)",2005,6.1585311926244,,1
MIC,Middle income,SL.UEM.TOTL.ZS,"Unemployment, total (% of total labor force) (modeled ILO estimate)",2004,6.17385389686565,,1
MIC,Middle income,SL.UEM.TOTL.ZS,"Unemployment, total (% of total labor force) (modeled ILO estimate)",2003,6.29719027444246,,1
MIC,Middle income,SL.UEM.TOTL.ZS,"Unemployment, total (% of total labor force) (modeled ILO estimate)",2002,6.22958469299709,,1
MIC,Middle income,SL.UEM.TOTL.ZS,"Unemployment, total (% of total labor force) (modeled ILO estimate)",2001,6.03024850732525,,1
MIC,Middle income,SL.UEM.TOTL.ZS,"Unemployment, total (% of total labor force) (modeled ILO estimate)",2000,5.86482215984168,,1
MIC,Middle income,SL.UEM.TOTL.ZS,"Unemployment, total (% of total labor force) (modeled ILO estimate)",1999,5.88534588737734,,1
MIC,Middle income,SL.UEM.TOTL.ZS,"Unemployment, total (% of total labor force) (modeled ILO estimate)",1998,5.70694502615219,,1
MIC,Middle income,SL.UEM.TOTL.ZS,"Unemployment, total (% of total labor force) (modeled ILO estimate)",1997,5.52299509996656,,1
MIC,Middle income,SL.UEM.TOTL.ZS,"Unemployment, total (% of total labor force) (modeled ILO estimate)",1996,5.47835305534338,,1
MIC,Middle income,SL.UEM.TOTL.ZS,"Unemployment, total (% of total labor force) (modeled ILO estimate)",1995,5.39659604636452,,1
MIC,Middle income,SL.UEM.TOTL.ZS,"Unemployment, total (% of total labor force) (modeled ILO estimate)",1994,5.14242714622037,,1
MIC,Middle income,SL.UEM.TOTL.ZS,"Unemployment, total (% of total labor force) (modeled ILO estimate)",1993,4.88064691663017,,1
MIC,Middle income,SL.UEM.TOTL.ZS,"Unemployment, total (% of total labor force) (modeled ILO estimate)",1992,4.68043342060315,,1
MIC,Middle income,SL.UEM.TOTL.ZS,"Unemployment, total (% of total labor force) (modeled ILO estimate)",1991,4.61513992758544,,1
NAC,North America,SL.UEM.TOTL.ZS,"Unemployment, total (% of total labor force) (modeled ILO estimate)",2024,4.29037573277215,,1
NAC,North America,SL.UEM.TOTL.ZS,"Unemployment, total (% of total labor force) (modeled ILO estimate)",2023,3.84073751321764,,1
NAC,North America,SL.UEM.TOTL.ZS,"Unemployment, total (% of total labor force) (modeled ILO estimate)",2022,3.83303148633239,,1
NAC,North America,SL.UEM.TOTL.ZS,"Unemployment, total (% of total labor force) (modeled ILO estimate)",2021,5.59210979982087,,1
NAC,North America,SL.UEM.TOTL.ZS,"Unemployment, total (% of total labor force) (modeled ILO estimate)",2020,8.23059990715153,,1
NAC,North America,SL.UEM.TOTL.ZS,"Unemployment, total (% of total labor force) (modeled ILO estimate)",2019,3.890566885067,,1
NAC,North America,SL.UEM.TOTL.ZS,"Unemployment, total (% of total labor force) (modeled ILO estimate)",2018,4.10721129091519,,1
NAC,North America,SL.UEM.TOTL.ZS,"Unemployment, total (% of total labor force) (modeled ILO estimate)",2017,4.57971738602629,,1
NAC,North America,SL.UEM.TOTL.ZS,"Unemployment, total (% of total labor force) (modeled ILO estimate)",2016,5.10340701910414,,1
NAC,North America,SL.UEM.TOTL.ZS,"Unemployment, total (% of total labor force) (modeled ILO estimate)",2015,5.4606408215288,,1
NAC,North America,SL.UEM.TOTL.ZS,"Unemployment, total (% of total labor force) (modeled ILO estimate)",2014,6.26083245211775,,1
NAC,North America,SL.UEM.TOTL.ZS,"Unemployment, total (% of total labor force) (modeled ILO estimate)",2013,7.34976348971497,,1
NAC,North America,SL.UEM.TOTL.ZS,"Unemployment, total (% of total labor force) (modeled ILO estimate)",2012,7.99588953313322,,1
NAC,North America,SL.UEM.TOTL.ZS,"Unemployment, total (% of total labor force) (modeled ILO estimate)",2011,8.80784798616693,,1
NAC,North America,SL.UEM.TOTL.ZS,"Unemployment, total (% of total labor force) (modeled ILO estimate)",2010,9.47758645184374,,1
NAC,North America,SL.UEM.TOTL.ZS,"Unemployment, total (% of total labor force) (modeled ILO estimate)",2009,9.16994852137916,,1
NAC,North America,SL.UEM.TOTL.ZS,"Unemployment, total (% of total labor force) (modeled ILO estimate)",2008,5.83652846325955,,1
NAC,North America,SL.UEM.TOTL.ZS,"Unemployment, total (% of total labor force) (modeled ILO estimate)",2007,4.78243165759455,,1
NAC,North America,SL.UEM.TOTL.ZS,"Unemployment, total (% of total labor force) (modeled ILO estimate)",2006,4.81614136114576,,1
NAC,North America,SL.UEM.TOTL.ZS,"Unemployment, total (% of total labor force) (modeled ILO estimate)",2005,5.25750859640354,,1
NAC,North America,SL.UEM.TOTL.ZS,"Unemployment, total (% of total labor force) (modeled ILO estimate)",2004,5.70124819512877,,1
NAC,North America,SL.UEM.TOTL.ZS,"Unemployment, total (% of total labor force) (modeled ILO estimate)",2003,6.15326151532504,,1
NAC,North America,SL.UEM.TOTL.ZS,"Unemployment, total (% of total labor force) (modeled ILO estimate)",2002,5.97486412366027,,1
NAC,North America,SL.UEM.TOTL.ZS,"Unemployment, total (% of total labor force) (modeled ILO estimate)",2001,4.97961964201139,,1
NAC,North America,SL.UEM.TOTL.ZS,"Unemployment, total (% of total labor force) (modeled ILO estimate)",2000,4.27316817166147,,1
NAC,North America,SL.UEM.TOTL.ZS,"Unemployment, total (% of total labor force) (modeled ILO estimate)",1999,4.55171801715172,,1
NAC,North America,SL.UEM.TOTL.ZS,"Unemployment, total (% of total labor force) (modeled ILO estimate)",1998,4.88226202925985,,1
NAC,North America,SL.UEM.TOTL.ZS,"Unemployment, total (% of total labor force) (modeled ILO estimate)",1997,5.40301547573426,,1
NAC,North America,SL.UEM.TOTL.ZS,"Unemployment, total (% of total labor force) (modeled ILO estimate)",1996,5.86183271562099,,1
NAC,North America,SL.UEM.TOTL.ZS,"Unemployment, total (% of total labor force) (modeled ILO estimate)",1995,6.03024492508477,,1
NAC,North America,SL.UEM.TOTL.ZS,"Unemployment, total (% of total labor force) (modeled ILO estimate)",1994,6.54555954314501,,1
NAC,North America,SL.UEM.TOTL.ZS,"Unemployment, total (% of total labor force) (modeled ILO estimate)",1993,7.34989291267264,,1
NAC,North America,SL.UEM.TOTL.ZS,"Unemployment, total (% of total labor force) (modeled ILO estimate)",1992,7.87315728585848,,1
NAC,North America,SL.UEM.TOTL.ZS,"Unemployment, total (% of total labor force) (modeled ILO estimate)",1991,7.16085104908465,,1
OED,OECD members,SL.UEM.TOTL.ZS,"Unemployment, total (% of total labor force) (modeled ILO estimate)",2024,4.909183925318,,1
OED,OECD members,SL.UEM.TOTL.ZS,"Unemployment, total (% of total labor force) (modeled ILO estimate)",2023,4.82630518293887,,1
OED,OECD members,SL.UEM.TOTL.ZS,"Unemployment, total (% of total labor force) (modeled ILO estimate)",2022,4.99493121590976,,1
OED,OECD members,SL.UEM.TOTL.ZS,"Unemployment, total (% of total labor force) (modeled ILO estimate)",2021,6.19603952385965,,1
OED,OECD members,SL.UEM.TOTL.ZS,"Unemployment, total (% of total labor force) (modeled ILO estimate)",2020,7.15006573828169,,1
OED,OECD members,SL.UEM.TOTL.ZS,"Unemployment, total (% of total labor force) (modeled ILO estimate)",2019,5.38694799203713,,1
OED,OECD members,SL.UEM.TOTL.ZS,"Unemployment, total (% of total labor force) (modeled ILO estimate)",2018,5.47531712204431,,1
OED,OECD members,SL.UEM.TOTL.ZS,"Unemployment, total (% of total labor force) (modeled ILO estimate)",2017,5.91778939975999,,1
OED,OECD members,SL.UEM.TOTL.ZS,"Unemployment, total (% of total labor force) (modeled ILO estimate)",2016,6.43777881290623,,1
OED,OECD members,SL.UEM.TOTL.ZS,"Unemployment, total (% of total labor force) (modeled ILO estimate)",2015,6.86087177315421,,1
OED,OECD members,SL.UEM.TOTL.ZS,"Unemployment, total (% of total labor force) (modeled ILO estimate)",2014,7.41355901404922,,1
OED,OECD members,SL.UEM.TOTL.ZS,"Unemployment, total (% of total labor force) (modeled ILO estimate)",2013,8.0052013501398,,1
OED,OECD members,SL.UEM.TOTL.ZS,"Unemployment, total (% of total labor force) (modeled ILO estimate)",2012,8.1052243905592,,1
OED,OECD members,SL.UEM.TOTL.ZS,"Unemployment, total (% of total labor force) (modeled ILO estimate)",2011,8.12208995143807,,1
OED,OECD members,SL.UEM.TOTL.ZS,"Unemployment, total (% of total labor force) (modeled ILO estimate)",2010,8.5207939102318,,1
OED,OECD members,SL.UEM.TOTL.ZS,"Unemployment, total (% of total labor force) (modeled ILO estimate)",2009,8.38089327283664,,1
OED,OECD members,SL.UEM.TOTL.ZS,"Unemployment, total (% of total labor force) (modeled ILO estimate)",2008,6.20560204861274,,1
OED,OECD members,SL.UEM.TOTL.ZS,"Unemployment, total (% of total labor force) (modeled ILO estimate)",2007,5.88940261869547,,1
OED,OECD members,SL.UEM.TOTL.ZS,"Unemployment, total (% of total labor force) (modeled ILO estimate)",2006,6.34618116260618,,1
OED,OECD members,SL.UEM.TOTL.ZS,"Unemployment, total (% of total labor force) (modeled ILO estimate)",2005,6.8314671013283,,1
OED,OECD members,SL.UEM.TOTL.ZS,"Unemployment, total (% of total labor force) (modeled ILO estimate)",2004,7.17441119702139,,1
OED,OECD members,SL.UEM.TOTL.ZS,"Unemployment, total (% of total labor force) (modeled ILO estimate)",2003,7.27483771000377,,1
OED,OECD members,SL.UEM.TOTL.ZS,"Unemployment, total (% of total labor force) (modeled ILO estimate)",2002,7.13987676171849,,1
OED,OECD members,SL.UEM.TOTL.ZS,"Unemployment, total (% of total labor force) (modeled ILO estimate)",2001,6.61732244402855,,1
OED,OECD members,SL.UEM.TOTL.ZS,"Unemployment, total (% of total labor force) (modeled ILO estimate)",2000,6.71100200632985,,1
OED,OECD members,SL.UEM.TOTL.ZS,"Unemployment, total (% of total labor force) (modeled ILO estimate)",1999,7.16498343192011,,1
OED,OECD members,SL.UEM.TOTL.ZS,"Unemployment, total (% of total labor force) (modeled ILO estimate)",1998,7.2199536786199,,1
OED,OECD members,SL.UEM.TOTL.ZS,"Unemployment, total (% of total labor force) (modeled ILO estimate)",1997,7.2525797614352,,1
OED,OECD members,SL.UEM.TOTL.ZS,"Unemployment, total (% of total labor force) (modeled ILO estimate)",1996,7.54860880642088,,1
OED,OECD members,SL.UEM.TOTL.ZS,"Unemployment, total (% of total labor force) (modeled ILO estimate)",1995,7.60351506136332,,1
OED,OECD members,SL.UEM.TOTL.ZS,"Unemployment, total (% of total labor force) (modeled ILO estimate)",1994,7.8347445928305,,1
OED,OECD members,SL.UEM.TOTL.ZS,"Unemployment, total (% of total labor force) (modeled ILO estimate)",1993,7.76186074581727,,1
OED,OECD members,SL.UEM.TOTL.ZS,"Unemployment, total (% of total labor force) (modeled ILO estimate)",1992,7.26896398956244,,1
OED,OECD members,SL.UEM.TOTL.ZS,"Unemployment, total (% of total labor force) (modeled ILO estimate)",1991,6.78453649835212,,1
OSS,Other small states,SL.UEM.TOTL.ZS,"Unemployment, total (% of total labor force) (modeled ILO estimate)",2024,8.48668976701628,,1
OSS,Other small states,SL.UEM.TOTL.ZS,"Unemployment, total (% of total labor force) (modeled ILO estimate)",2023,8.44487902544127,,1
OSS,Other small states,SL.UEM.TOTL.ZS,"Unemployment, total (% of total labor force) (modeled ILO estimate)",2022,9.01147513544492,,1
OSS,Other small states,SL.UEM.TOTL.ZS,"Unemployment, total (% of total labor force) (modeled ILO estimate)",2021,9.49668399234599,,1
OSS,Other small states,SL.UEM.TOTL.ZS,"Unemployment, total (% of total labor force) (modeled ILO estimate)",2020,9.99575648409841,,1
OSS,Other small states,SL.UEM.TOTL.ZS,"Unemployment, total (% of total labor force) (modeled ILO estimate)",2019,8.37803693303246,,1
OSS,Other small states,SL.UEM.TOTL.ZS,"Unemployment, total (% of total labor force) (modeled ILO estimate)",2018,8.78845724438525,,1
OSS,Other small states,SL.UEM.TOTL.ZS,"Unemployment, total (% of total labor force) (modeled ILO estimate)",2017,9.26010688179757,,1
OSS,Other small states,SL.UEM.TOTL.ZS,"Unemployment, total (% of total labor force) (modeled ILO estimate)",2016,9.69565767751643,,1
OSS,Other small states,SL.UEM.TOTL.ZS,"Unemployment, total (% of total labor force) (modeled ILO estimate)",2015,9.99952511697503,,1
OSS,Other small states,SL.UEM.TOTL.ZS,"Unemployment, total (% of total labor force) (modeled ILO estimate)",2014,10.4617084896957,,1
OSS,Other small states,SL.UEM.TOTL.ZS,"Unemployment, total (% of total labor force) (modeled ILO estimate)",2013,10.7696689681663,,1
OSS,Other small states,SL.UEM.TOTL.ZS,"Unemployment, total (% of total labor force) (modeled ILO estimate)",2012,10.5345766634014,,1
OSS,Other small states,SL.UEM.TOTL.ZS,"Unemployment, total (% of total labor force) (modeled ILO estimate)",2011,10.5303011113759,,1
OSS,Other small states,SL.UEM.TOTL.ZS,"Unemployment, total (% of total labor force) (modeled ILO estimate)",2010,11.1281009935269,,1
OSS,Other small states,SL.UEM.TOTL.ZS,"Unemployment, total (% of total labor force) (modeled ILO estimate)",2009,10.7283220301547,,1
OSS,Other small states,SL.UEM.TOTL.ZS,"Unemployment, total (% of total labor force) (modeled ILO estimate)",2008,8.87238702238271,,1
OSS,Other small states,SL.UEM.TOTL.ZS,"Unemployment, total (% of total labor force) (modeled ILO estimate)",2007,9.04975553505642,,1
OSS,Other small states,SL.UEM.TOTL.ZS,"Unemployment, total (% of total labor force) (modeled ILO estimate)",2006,9.68343911516973,,1
OSS,Other small states,SL.UEM.TOTL.ZS,"Unemployment, total (% of total labor force) (modeled ILO estimate)",2005,10.5021202220473,,1
OSS,Other small states,SL.UEM.TOTL.ZS,"Unemployment, total (% of total labor force) (modeled ILO estimate)",2004,10.6266524019735,,1
OSS,Other small states,SL.UEM.TOTL.ZS,"Unemployment, total (% of total labor force) (modeled ILO estimate)",2003,10.6409211857421,,1
OSS,Other small states,SL.UEM.TOTL.ZS,"Unemployment, total (% of total labor force) (modeled ILO estimate)",2002,10.2407776645491,,1
OSS,Other small states,SL.UEM.TOTL.ZS,"Unemployment, total (% of total labor force) (modeled ILO estimate)",2001,10.9398104204621,,1
OSS,Other small states,SL.UEM.TOTL.ZS,"Unemployment, total (% of total labor force) (modeled ILO estimate)",2000,11.0177711399269,,1
OSS,Other small states,SL.UEM.TOTL.ZS,"Unemployment, total (% of total labor force) (modeled ILO estimate)",1999,10.6854506886027,,1
OSS,Other small states,SL.UEM.TOTL.ZS,"Unemployment, total (% of total labor force) (modeled ILO estimate)",1998,9.95866567854553,,1
OSS,Other small states,SL.UEM.TOTL.ZS,"Unemployment, total (% of total labor force) (modeled ILO estimate)",1997,10.1294672610186,,1
OSS,Other small states,SL.UEM.TOTL.ZS,"Unemployment, total (% of total labor force) (modeled ILO estimate)",1996,9.99515701713923,,1
OSS,Other small states,SL.UEM.TOTL.ZS,"Unemployment, total (% of total labor force) (modeled ILO estimate)",1995,9.94793817545676,,1
OSS,Other small states,SL.UEM.TOTL.ZS,"Unemployment, total (% of total labor force) (modeled ILO estimate)",1994,9.57430196742702,,1
OSS,Other small states,SL.UEM.TOTL.ZS,"Unemployment, total (% of total labor force) (modeled ILO estimate)",1993,9.40750422047572,,1
OSS,Other small states,SL.UEM.TOTL.ZS,"Unemployment, total (% of total labor force) (modeled ILO estimate)",1992,8.54155735284872,,1
OSS,Other small states,SL.UEM.TOTL.ZS,"Unemployment, total (% of total labor force) (modeled ILO estimate)",1991,7.94216805267713,,1
PSS,Pacific island small states,SL.UEM.TOTL.ZS,"Unemployment, total (% of total labor force) (modeled ILO estimate)",2024,3.52751412823486,,1
PSS,Pacific island small states,SL.UEM.TOTL.ZS,"Unemployment, total (% of total labor force) (modeled ILO estimate)",2023,3.52057525691559,,1
PSS,Pacific island small states,SL.UEM.TOTL.ZS,"Unemployment, total (% of total labor force) (modeled ILO estimate)",2022,3.60681620269367,,1
PSS,Pacific island small states,SL.UEM.TOTL.ZS,"Unemployment, total (% of total labor force) (modeled ILO estimate)",2021,3.35468526106548,,1
PSS,Pacific island small states,SL.UEM.TOTL.ZS,"Unemployment, total (% of total labor force) (modeled ILO estimate)",2020,3.30655660526839,,1
PSS,Pacific island small states,SL.UEM.TOTL.ZS,"Unemployment, total (% of total labor force) (modeled ILO estimate)",2019,3.32798136589447,,1
PSS,Pacific island small states,SL.UEM.TOTL.ZS,"Unemployment, total (% of total labor force) (modeled ILO estimate)",2018,3.35231302156857,,1
PSS,Pacific island small states,SL.UEM.TOTL.ZS,"Unemployment, total (% of total labor force) (modeled ILO estimate)",2017,3.40034043733734,,1
PSS,Pacific island small states,SL.UEM.TOTL.ZS,"Unemployment, total (% of total labor force) (modeled ILO estimate)",2016,3.36311039358415,,1
PSS,Pacific island small states,SL.UEM.TOTL.ZS,"Unemployment, total (% of total labor force) (modeled ILO estimate)",2015,3.37020462675283,,1
PSS,Pacific island small states,SL.UEM.TOTL.ZS,"Unemployment, total (% of total labor force) (modeled ILO estimate)",2014,3.39737128470569,,1
PSS,Pacific island small states,SL.UEM.TOTL.ZS,"Unemployment, total (% of total labor force) (modeled ILO estimate)",2013,3.42532155080918,,1
PSS,Pacific island small states,SL.UEM.TOTL.ZS,"Unemployment, total (% of total labor force) (modeled ILO estimate)",2012,3.54707816512722,,1
PSS,Pacific island small states,SL.UEM.TOTL.ZS,"Unemployment, total (% of total labor force) (modeled ILO estimate)",2011,3.44436830760268,,1
PSS,Pacific island small states,SL.UEM.TOTL.ZS,"Unemployment, total (% of total labor force) (modeled ILO estimate)",2010,3.50675202326758,,1
PSS,Pacific island small states,SL.UEM.TOTL.ZS,"Unemployment, total (% of total labor force) (modeled ILO estimate)",2009,3.60850865304197,,1
PSS,Pacific island small states,SL.UEM.TOTL.ZS,"Unemployment, total (% of total labor force) (modeled ILO estimate)",2008,3.66517406587763,,1
PSS,Pacific island small states,SL.UEM.TOTL.ZS,"Unemployment, total (% of total labor force) (modeled ILO estimate)",2007,3.76264674833737,,1
PSS,Pacific island small states,SL.UEM.TOTL.ZS,"Unemployment, total (% of total labor force) (modeled ILO estimate)",2006,3.81456389998427,,1
PSS,Pacific island small states,SL.UEM.TOTL.ZS,"Unemployment, total (% of total labor force) (modeled ILO estimate)",2005,3.8404573462192,,1
PSS,Pacific island small states,SL.UEM.TOTL.ZS,"Unemployment, total (% of total labor force) (modeled ILO estimate)",2004,4.3406725276094,,1
PSS,Pacific island small states,SL.UEM.TOTL.ZS,"Unemployment, total (% of total labor force) (modeled ILO estimate)",2003,4.51420593104194,,1
PSS,Pacific island small states,SL.UEM.TOTL.ZS,"Unemployment, total (% of total labor force) (modeled ILO estimate)",2002,4.61174676237171,,1
PSS,Pacific island small states,SL.UEM.TOTL.ZS,"Unemployment, total (% of total labor force) (modeled ILO estimate)",2001,4.51782547170457,,1
PSS,Pacific island small states,SL.UEM.TOTL.ZS,"Unemployment, total (% of total labor force) (modeled ILO estimate)",2000,4.40485764939109,,1
PSS,Pacific island small states,SL.UEM.TOTL.ZS,"Unemployment, total (% of total labor force) (modeled ILO estimate)",1999,4.30498832186484,,1
PSS,Pacific island small states,SL.UEM.TOTL.ZS,"Unemployment, total (% of total labor force) (modeled ILO estimate)",1998,4.26267963599519,,1
PSS,Pacific island small states,SL.UEM.TOTL.ZS,"Unemployment, total (% of total labor force) (modeled ILO estimate)",1997,4.1590180797063,,1
PSS,Pacific island small states,SL.UEM.TOTL.ZS,"Unemployment, total (% of total labor force) (modeled ILO estimate)",1996,4.01560097752488,,1
PSS,Pacific island small states,SL.UEM.TOTL.ZS,"Unemployment, total (% of total labor force) (modeled ILO estimate)",1995,3.98085442407908,,1
PSS,Pacific island small states,SL.UEM.TOTL.ZS,"Unemployment, total (% of total labor force) (modeled ILO estimate)",1994,3.90359689716017,,1
PSS,Pacific island small states,SL.UEM.TOTL.ZS,"Unemployment, total (% of total labor force) (modeled ILO estimate)",1993,3.93673769020559,,1
PSS,Pacific island small states,SL.UEM.TOTL.ZS,"Unemployment, total (% of total labor force) (modeled ILO estimate)",1992,3.87633861318752,,1
PSS,Pacific island small states,SL.UEM.TOTL.ZS,"Unemployment, total (% of total labor force) (modeled ILO estimate)",1991,3.87708909176688,,1
PST,Post-demographic dividend,SL.UEM.TOTL.ZS,"Unemployment, total (% of total labor force) (modeled ILO estimate)",2024,4.61212469541954,,1
PST,Post-demographic dividend,SL.UEM.TOTL.ZS,"Unemployment, total (% of total labor force) (modeled ILO estimate)",2023,4.469610886267,,1
PST,Post-demographic dividend,SL.UEM.TOTL.ZS,"Unemployment, total (% of total labor force) (modeled ILO estimate)",2022,4.52601118181449,,1
PST,Post-demographic dividend,SL.UEM.TOTL.ZS,"Unemployment, total (% of total labor force) (modeled ILO estimate)",2021,5.80601878307517,,1
PST,Post-demographic dividend,SL.UEM.TOTL.ZS,"Unemployment, total (% of total labor force) (modeled ILO estimate)",2020,6.72547708283435,,1
PST,Post-demographic dividend,SL.UEM.TOTL.ZS,"Unemployment, total (% of total labor force) (modeled ILO estimate)",2019,4.93863446884342,,1
PST,Post-demographic dividend,SL.UEM.TOTL.ZS,"Unemployment, total (% of total labor force) (modeled ILO estimate)",2018,5.29449359834603,,1
PST,Post-demographic dividend,SL.UEM.TOTL.ZS,"Unemployment, total (% of total labor force) (modeled ILO estimate)",2017,5.85021228229905,,1
PST,Post-demographic dividend,SL.UEM.TOTL.ZS,"Unemployment, total (% of total labor force) (modeled ILO estimate)",2016,6.41054450626655,,1
PST,Post-demographic dividend,SL.UEM.TOTL.ZS,"Unemployment, total (% of total labor force) (modeled ILO estimate)",2015,6.88380070613878,,1
PST,Post-demographic dividend,SL.UEM.TOTL.ZS,"Unemployment, total (% of total labor force) (modeled ILO estimate)",2014,7.46206103870454,,1
PST,Post-demographic dividend,SL.UEM.TOTL.ZS,"Unemployment, total (% of total labor force) (modeled ILO estimate)",2013,8.01055114325588,,1
PST,Post-demographic dividend,SL.UEM.TOTL.ZS,"Unemployment, total (% of total labor force) (modeled ILO estimate)",2012,8.11703125262048,,1
PST,Post-demographic dividend,SL.UEM.TOTL.ZS,"Unemployment, total (% of total labor force) (modeled ILO estimate)",2011,8.06019449389029,,1
PST,Post-demographic dividend,SL.UEM.TOTL.ZS,"Unemployment, total (% of total labor force) (modeled ILO estimate)",2010,8.34726962592943,,1
PST,Post-demographic dividend,SL.UEM.TOTL.ZS,"Unemployment, total (% of total labor force) (modeled ILO estimate)",2009,8.07274225977277,,1
PST,Post-demographic dividend,SL.UEM.TOTL.ZS,"Unemployment, total (% of total labor force) (modeled ILO estimate)",2008,5.90228542517582,,1
PST,Post-demographic dividend,SL.UEM.TOTL.ZS,"Unemployment, total (% of total labor force) (modeled ILO estimate)",2007,5.57196004328002,,1
PST,Post-demographic dividend,SL.UEM.TOTL.ZS,"Unemployment, total (% of total labor force) (modeled ILO estimate)",2006,5.994063325313,,1
PST,Post-demographic dividend,SL.UEM.TOTL.ZS,"Unemployment, total (% of total labor force) (modeled ILO estimate)",2005,6.4091008362879,,1
PST,Post-demographic dividend,SL.UEM.TOTL.ZS,"Unemployment, total (% of total labor force) (modeled ILO estimate)",2004,6.67204910657906,,1
PST,Post-demographic dividend,SL.UEM.TOTL.ZS,"Unemployment, total (% of total labor force) (modeled ILO estimate)",2003,6.86199228387437,,1
PST,Post-demographic dividend,SL.UEM.TOTL.ZS,"Unemployment, total (% of total labor force) (modeled ILO estimate)",2002,6.77664467622594,,1
PST,Post-demographic dividend,SL.UEM.TOTL.ZS,"Unemployment, total (% of total labor force) (modeled ILO estimate)",2001,6.38359327702813,,1
PST,Post-demographic dividend,SL.UEM.TOTL.ZS,"Unemployment, total (% of total labor force) (modeled ILO estimate)",2000,6.53699120304108,,1
PST,Post-demographic dividend,SL.UEM.TOTL.ZS,"Unemployment, total (% of total labor force) (modeled ILO estimate)",1999,7.1145514900882,,1
PST,Post-demographic dividend,SL.UEM.TOTL.ZS,"Unemployment, total (% of total labor force) (modeled ILO estimate)",1998,7.39692261448223,,1
PST,Post-demographic dividend,SL.UEM.TOTL.ZS,"Unemployment, total (% of total labor force) (modeled ILO estimate)",1997,7.36478723006136,,1
PST,Post-demographic dividend,SL.UEM.TOTL.ZS,"Unemployment, total (% of total labor force) (modeled ILO estimate)",1996,7.55967472307922,,1
PST,Post-demographic dividend,SL.UEM.TOTL.ZS,"Unemployment, total (% of total labor force) (modeled ILO estimate)",1995,7.38445233898678,,1
PST,Post-demographic dividend,SL.UEM.TOTL.ZS,"Unemployment, total (% of total labor force) (modeled ILO estimate)",1994,7.50942275337142,,1
PST,Post-demographic dividend,SL.UEM.TOTL.ZS,"Unemployment, total (% of total labor force) (modeled ILO estimate)",1993,7.5103906033007,,1
PST,Post-demographic dividend,SL.UEM.TOTL.ZS,"Unemployment, total (% of total labor force) (modeled ILO estimate)",1992,6.91243365569707,,1
PST,Post-demographic dividend,SL.UEM.TOTL.ZS,"Unemployment, total (% of total labor force) (modeled ILO estimate)",1991,6.30420825660087,,1
PRE,Pre-demographic dividend,SL.UEM.TOTL.ZS,"Unemployment, total (% of total labor force) (modeled ILO estimate)",2024,4.53457662666582,,1
PRE,Pre-demographic dividend,SL.UEM.TOTL.ZS,"Unemployment, total (% of total labor force) (modeled ILO estimate)",2023,4.64913795185354,,1
PRE,Pre-demographic dividend,SL.UEM.TOTL.ZS,"Unemployment, total (% of total labor force) (modeled ILO estimate)",2022,4.97198453165573,,1
PRE,Pre-demographic dividend,SL.UEM.TOTL.ZS,"Unemployment, total (% of total labor force) (modeled ILO estimate)",2021,5.76542741642859,,1
PRE,Pre-demographic dividend,SL.UEM.TOTL.ZS,"Unemployment, total (% of total labor force) (modeled ILO estimate)",2020,5.88792360175845,,1
PRE,Pre-demographic dividend,SL.UEM.TOTL.ZS,"Unemployment, total (% of total labor force) (modeled ILO estimate)",2019,5.38697693157414,,1
PRE,Pre-demographic dividend,SL.UEM.TOTL.ZS,"Unemployment, total (% of total labor force) (modeled ILO estimate)",2018,5.32779414618264,,1
PRE,Pre-demographic dividend,SL.UEM.TOTL.ZS,"Unemployment, total (% of total labor force) (modeled ILO estimate)",2017,5.26598804411752,,1
PRE,Pre-demographic dividend,SL.UEM.TOTL.ZS,"Unemployment, total (% of total labor force) (modeled ILO estimate)",2016,5.00711519839577,,1
PRE,Pre-demographic dividend,SL.UEM.TOTL.ZS,"Unemployment, total (% of total labor force) (modeled ILO estimate)",2015,4.92689483295687,,1
PRE,Pre-demographic dividend,SL.UEM.TOTL.ZS,"Unemployment, total (% of total labor force) (modeled ILO estimate)",2014,4.85763710814677,,1
PRE,Pre-demographic dividend,SL.UEM.TOTL.ZS,"Unemployment, total (% of total labor force) (modeled ILO estimate)",2013,4.86771037914176,,1
PRE,Pre-demographic dividend,SL.UEM.TOTL.ZS,"Unemployment, total (% of total labor force) (modeled ILO estimate)",2012,5.06267357362057,,1
PRE,Pre-demographic dividend,SL.UEM.TOTL.ZS,"Unemployment, total (% of total labor force) (modeled ILO estimate)",2011,5.14632432089404,,1
PRE,Pre-demographic dividend,SL.UEM.TOTL.ZS,"Unemployment, total (% of total labor force) (modeled ILO estimate)",2010,5.093264416169,,1
PRE,Pre-demographic dividend,SL.UEM.TOTL.ZS,"Unemployment, total (% of total labor force) (modeled ILO estimate)",2009,4.90006867902661,,1
PRE,Pre-demographic dividend,SL.UEM.TOTL.ZS,"Unemployment, total (% of total labor force) (modeled ILO estimate)",2008,4.86733284827807,,1
PRE,Pre-demographic dividend,SL.UEM.TOTL.ZS,"Unemployment, total (% of total labor force) (modeled ILO estimate)",2007,4.8712810896709,,1
PRE,Pre-demographic dividend,SL.UEM.TOTL.ZS,"Unemployment, total (% of total labor force) (modeled ILO estimate)",2006,4.90961115720825,,1
PRE,Pre-demographic dividend,SL.UEM.TOTL.ZS,"Unemployment, total (% of total labor force) (modeled ILO estimate)",2005,4.93346734324225,,1
PRE,Pre-demographic dividend,SL.UEM.TOTL.ZS,"Unemployment, total (% of total labor force) (modeled ILO estimate)",2004,4.96161227317846,,1
PRE,Pre-demographic dividend,SL.UEM.TOTL.ZS,"Unemployment, total (% of total labor force) (modeled ILO estimate)",2003,5.04526193299681,,1
PRE,Pre-demographic dividend,SL.UEM.TOTL.ZS,"Unemployment, total (% of total labor force) (modeled ILO estimate)",2002,5.07187215308206,,1
PRE,Pre-demographic dividend,SL.UEM.TOTL.ZS,"Unemployment, total (% of total labor force) (modeled ILO estimate)",2001,5.12089443897368,,1
PRE,Pre-demographic dividend,SL.UEM.TOTL.ZS,"Unemployment, total (% of total labor force) (modeled ILO estimate)",2000,5.1332771028085,,1
PRE,Pre-demographic dividend,SL.UEM.TOTL.ZS,"Unemployment, total (% of total labor force) (modeled ILO estimate)",1999,5.10236443756839,,1
PRE,Pre-demographic dividend,SL.UEM.TOTL.ZS,"Unemployment, total (% of total labor force) (modeled ILO estimate)",1998,5.05916301228677,,1
PRE,Pre-demographic dividend,SL.UEM.TOTL.ZS,"Unemployment, total (% of total labor force) (modeled ILO estimate)",1997,5.08008777711002,,1
PRE,Pre-demographic dividend,SL.UEM.TOTL.ZS,"Unemployment, total (% of total labor force) (modeled ILO estimate)",1996,5.18058208461803,,1
PRE,Pre-demographic dividend,SL.UEM.TOTL.ZS,"Unemployment, total (% of total labor force) (modeled ILO estimate)",1995,5.30300529201383,,1
PRE,Pre-demographic dividend,SL.UEM.TOTL.ZS,"Unemployment, total (% of total labor force) (modeled ILO estimate)",1994,5.42250534841091,,1
PRE,Pre-demographic dividend,SL.UEM.TOTL.ZS,"Unemployment, total (% of total labor force) (modeled ILO estimate)",1993,5.45719489861945,,1
PRE,Pre-demographic dividend,SL.UEM.TOTL.ZS,"Unemployment, total (% of total labor force) (modeled ILO estimate)",1992,5.38583561212587,,1
PRE,Pre-demographic dividend,SL.UEM.TOTL.ZS,"Unemployment, total (% of total labor force) (modeled ILO estimate)",1991,5.344915197388,,1
SST,Small states,SL.UEM.TOTL.ZS,"Unemployment, total (% of total labor force) (modeled ILO estimate)",2024,7.68067610421584,,1
SST,Small states,SL.UEM.TOTL.ZS,"Unemployment, total (% of total labor force) (modeled ILO estimate)",2023,7.66141080204045,,1
SST,Small states,SL.UEM.TOTL.ZS,"Unemployment, total (% of total labor force) (modeled ILO estimate)",2022,8.21647080688741,,1
SST,Small states,SL.UEM.TOTL.ZS,"Unemployment, total (% of total labor force) (modeled ILO estimate)",2021,8.82676059647368,,1
SST,Small states,SL.UEM.TOTL.ZS,"Unemployment, total (% of total labor force) (modeled ILO estimate)",2020,9.20499420465331,,1
SST,Small states,SL.UEM.TOTL.ZS,"Unemployment, total (% of total labor force) (modeled ILO estimate)",2019,7.75168865751208,,1
SST,Small states,SL.UEM.TOTL.ZS,"Unemployment, total (% of total labor force) (modeled ILO estimate)",2018,8.10689854999494,,1
SST,Small states,SL.UEM.TOTL.ZS,"Unemployment, total (% of total labor force) (modeled ILO estimate)",2017,8.32778127632623,,1
SST,Small states,SL.UEM.TOTL.ZS,"Unemployment, total (% of total labor force) (modeled ILO estimate)",2016,8.66740053405155,,1
SST,Small states,SL.UEM.TOTL.ZS,"Unemployment, total (% of total labor force) (modeled ILO estimate)",2015,8.78391504425951,,1
SST,Small states,SL.UEM.TOTL.ZS,"Unemployment, total (% of total labor force) (modeled ILO estimate)",2014,9.17019543151895,,1
SST,Small states,SL.UEM.TOTL.ZS,"Unemployment, total (% of total labor force) (modeled ILO estimate)",2013,9.42789036106017,,1
SST,Small states,SL.UEM.TOTL.ZS,"Unemployment, total (% of total labor force) (modeled ILO estimate)",2012,9.31406963085983,,1
SST,Small states,SL.UEM.TOTL.ZS,"Unemployment, total (% of total labor force) (modeled ILO estimate)",2011,9.25275015749216,,1
SST,Small states,SL.UEM.TOTL.ZS,"Unemployment, total (% of total labor force) (modeled ILO estimate)",2010,9.64092506344516,,1
SST,Small states,SL.UEM.TOTL.ZS,"Unemployment, total (% of total labor force) (modeled ILO estimate)",2009,9.49383006346729,,1
SST,Small states,SL.UEM.TOTL.ZS,"Unemployment, total (% of total labor force) (modeled ILO estimate)",2008,8.00243712798649,,1
SST,Small states,SL.UEM.TOTL.ZS,"Unemployment, total (% of total labor force) (modeled ILO estimate)",2007,8.20829015972595,,1
SST,Small states,SL.UEM.TOTL.ZS,"Unemployment, total (% of total labor force) (modeled ILO estimate)",2006,8.74041678886564,,1
SST,Small states,SL.UEM.TOTL.ZS,"Unemployment, total (% of total labor force) (modeled ILO estimate)",2005,9.58922696945574,,1
SST,Small states,SL.UEM.TOTL.ZS,"Unemployment, total (% of total labor force) (modeled ILO estimate)",2004,9.79947038236949,,1
SST,Small states,SL.UEM.TOTL.ZS,"Unemployment, total (% of total labor force) (modeled ILO estimate)",2003,10.1507838382451,,1
SST,Small states,SL.UEM.TOTL.ZS,"Unemployment, total (% of total labor force) (modeled ILO estimate)",2002,9.84688576834024,,1
SST,Small states,SL.UEM.TOTL.ZS,"Unemployment, total (% of total labor force) (modeled ILO estimate)",2001,10.2393243248864,,1
SST,Small states,SL.UEM.TOTL.ZS,"Unemployment, total (% of total labor force) (modeled ILO estimate)",2000,10.4220070497304,,1
SST,Small states,SL.UEM.TOTL.ZS,"Unemployment, total (% of total labor force) (modeled ILO estimate)",1999,10.4073769208229,,1
SST,Small states,SL.UEM.TOTL.ZS,"Unemployment, total (% of total labor force) (modeled ILO estimate)",1998,10.0913118732191,,1
SST,Small states,SL.UEM.TOTL.ZS,"Unemployment, total (% of total labor force) (modeled ILO estimate)",1997,10.3378370859039,,1
SST,Small states,SL.UEM.TOTL.ZS,"Unemployment, total (% of total labor force) (modeled ILO estimate)",1996,10.3911667521844,,1
SST,Small states,SL.UEM.TOTL.ZS,"Unemployment, total (% of total labor force) (modeled ILO estimate)",1995,10.4710896476613,,1
SST,Small states,SL.UEM.TOTL.ZS,"Unemployment, total (% of total labor force) (modeled ILO estimate)",1994,10.5872265992528,,1
SST,Small states,SL.UEM.TOTL.ZS,"Unemployment, total (% of total labor force) (modeled ILO estimate)",1993,10.6575821130902,,1
SST,Small states,SL.UEM.TOTL.ZS,"Unemployment, total (% of total labor force) (modeled ILO estimate)",1992,10.138175676572,,1
SST,Small states,SL.UEM.TOTL.ZS,"Unemployment, total (% of total labor force) (modeled ILO estimate)",1991,9.56063404717749,,1
SAS,South Asia,SL.UEM.TOTL.ZS,"Unemployment, total (% of total labor force) (modeled ILO estimate)",2024,4.19214668978211,,1
SAS,South Asia,SL.UEM.TOTL.ZS,"Unemployment, total (% of total labor force) (modeled ILO estimate)",2023,4.16220090187648,,1
SAS,South Asia,SL.UEM.TOTL.ZS,"Unemployment, total (% of total labor force) (modeled ILO estimate)",2022,4.86631704704624,,1
SAS,South Asia,SL.UEM.TOTL.ZS,"Unemployment, total (% of total labor force) (modeled ILO estimate)",2021,6.33048938390488,,1
SAS,South Asia,SL.UEM.TOTL.ZS,"Unemployment, total (% of total labor force) (modeled ILO estimate)",2020,7.62561175204578,,1
SAS,South Asia,SL.UEM.TOTL.ZS,"Unemployment, total (% of total labor force) (modeled ILO estimate)",2019,6.30644937347767,,1
SAS,South Asia,SL.UEM.TOTL.ZS,"Unemployment, total (% of total labor force) (modeled ILO estimate)",2018,7.28140399591901,,1
SAS,South Asia,SL.UEM.TOTL.ZS,"Unemployment, total (% of total labor force) (modeled ILO estimate)",2017,7.24969569674111,,1
SAS,South Asia,SL.UEM.TOTL.ZS,"Unemployment, total (% of total labor force) (modeled ILO estimate)",2016,7.25080318686175,,1
SAS,South Asia,SL.UEM.TOTL.ZS,"Unemployment, total (% of total labor force) (modeled ILO estimate)",2015,7.27349261228767,,1
SAS,South Asia,SL.UEM.TOTL.ZS,"Unemployment, total (% of total labor force) (modeled ILO estimate)",2014,7.29419854752289,,1
SAS,South Asia,SL.UEM.TOTL.ZS,"Unemployment, total (% of total labor force) (modeled ILO estimate)",2013,7.31372620028363,,1
SAS,South Asia,SL.UEM.TOTL.ZS,"Unemployment, total (% of total labor force) (modeled ILO estimate)",2012,7.23720359721905,,1
SAS,South Asia,SL.UEM.TOTL.ZS,"Unemployment, total (% of total labor force) (modeled ILO estimate)",2011,7.17458097714582,,1
SAS,South Asia,SL.UEM.TOTL.ZS,"Unemployment, total (% of total labor force) (modeled ILO estimate)",2010,7.16328861819797,,1
SAS,South Asia,SL.UEM.TOTL.ZS,"Unemployment, total (% of total labor force) (modeled ILO estimate)",2009,7.3628078548039,,1
SAS,South Asia,SL.UEM.TOTL.ZS,"Unemployment, total (% of total labor force) (modeled ILO estimate)",2008,7.29504082041586,,1
SAS,South Asia,SL.UEM.TOTL.ZS,"Unemployment, total (% of total labor force) (modeled ILO estimate)",2007,7.2019977638481,,1
SAS,South Asia,SL.UEM.TOTL.ZS,"Unemployment, total (% of total labor force) (modeled ILO estimate)",2006,7.16089355787342,,1
SAS,South Asia,SL.UEM.TOTL.ZS,"Unemployment, total (% of total labor force) (modeled ILO estimate)",2005,7.24801932806737,,1
SAS,South Asia,SL.UEM.TOTL.ZS,"Unemployment, total (% of total labor force) (modeled ILO estimate)",2004,7.30632128284372,,1
SAS,South Asia,SL.UEM.TOTL.ZS,"Unemployment, total (% of total labor force) (modeled ILO estimate)",2003,7.33330344756806,,1
SAS,South Asia,SL.UEM.TOTL.ZS,"Unemployment, total (% of total labor force) (modeled ILO estimate)",2002,7.34580672778149,,1
SAS,South Asia,SL.UEM.TOTL.ZS,"Unemployment, total (% of total labor force) (modeled ILO estimate)",2001,7.23245898235974,,1
SAS,South Asia,SL.UEM.TOTL.ZS,"Unemployment, total (% of total labor force) (modeled ILO estimate)",2000,7.17647475389305,,1
SAS,South Asia,SL.UEM.TOTL.ZS,"Unemployment, total (% of total labor force) (modeled ILO estimate)",1999,7.17195172652658,,1
SAS,South Asia,SL.UEM.TOTL.ZS,"Unemployment, total (% of total labor force) (modeled ILO estimate)",1998,7.16874708180548,,1
SAS,South Asia,SL.UEM.TOTL.ZS,"Unemployment, total (% of total labor force) (modeled ILO estimate)",1997,7.15153632180334,,1
SAS,South Asia,SL.UEM.TOTL.ZS,"Unemployment, total (% of total labor force) (modeled ILO estimate)",1996,7.11279594729808,,1
SAS,South Asia,SL.UEM.TOTL.ZS,"Unemployment, total (% of total labor force) (modeled ILO estimate)",1995,7.15013674904188,,1
SAS,South Asia,SL.UEM.TOTL.ZS,"Unemployment, total (% of total labor force) (modeled ILO estimate)",1994,7.18007906379825,,1
SAS,South Asia,SL.UEM.TOTL.ZS,"Unemployment, total (% of total labor force) (modeled ILO estimate)",1993,7.24980061619164,,1
SAS,South Asia,SL.UEM.TOTL.ZS,"Unemployment, total (% of total labor force) (modeled ILO estimate)",1992,7.23871666924301,,1
SAS,South Asia,SL.UEM.TOTL.ZS,"Unemployment, total (% of total labor force) (modeled ILO estimate)",1991,7.24315545951345,,1
TSA,South Asia (IDA & IBRD),SL.UEM.TOTL.ZS,"Unemployment, total (% of total labor force) (modeled ILO estimate)",2024,4.19214668978211,,1
TSA,South Asia (IDA & IBRD),SL.UEM.TOTL.ZS,"Unemployment, total (% of total labor force) (modeled ILO estimate)",2023,4.16220090187648,,1
TSA,South Asia (IDA & IBRD),SL.UEM.TOTL.ZS,"Unemployment, total (% of total labor force) (modeled ILO estimate)",2022,4.86631704704624,,1
TSA,South Asia (IDA & IBRD),SL.UEM.TOTL.ZS,"Unemployment, total (% of total labor force) (modeled ILO estimate)",2021,6.33048938390488,,1
TSA,South Asia (IDA & IBRD),SL.UEM.TOTL.ZS,"Unemployment, total (% of total labor force) (modeled ILO estimate)",2020,7.62561175204578,,1
TSA,South Asia (IDA & IBRD),SL.UEM.TOTL.ZS,"Unemployment, total (% of total labor force) (modeled ILO estimate)",2019,6.30644937347767,,1
TSA,South Asia (IDA & IBRD),SL.UEM.TOTL.ZS,"Unemployment, total (% of total labor force) (modeled ILO estimate)",2018,7.28140399591901,,1
TSA,South Asia (IDA & IBRD),SL.UEM.TOTL.ZS,"Unemployment, total (% of total labor force) (modeled ILO estimate)",2017,7.24969569674111,,1
TSA,South Asia (IDA & IBRD),SL.UEM.TOTL.ZS,"Unemployment, total (% of total labor force) (modeled ILO estimate)",2016,7.25080318686175,,1
TSA,South Asia (IDA & IBRD),SL.UEM.TOTL.ZS,"Unemployment, total (% of total labor force) (modeled ILO estimate)",2015,7.27349261228767,,1
TSA,South Asia (IDA & IBRD),SL.UEM.TOTL.ZS,"Unemployment, total (% of total labor force) (modeled ILO estimate)",2014,7.29419854752289,,1
TSA,South Asia (IDA & IBRD),SL.UEM.TOTL.ZS,"Unemployment, total (% of total labor force) (modeled ILO estimate)",2013,7.31372620028363,,1
TSA,South Asia (IDA & IBRD),SL.UEM.TOTL.ZS,"Unemployment, total (% of total labor force) (modeled ILO estimate)",2012,7.23720359721905,,1
TSA,South Asia (IDA & IBRD),SL.UEM.TOTL.ZS,"Unemployment, total (% of total labor force) (modeled ILO estimate)",2011,7.17458097714582,,1
TSA,South Asia (IDA & IBRD),SL.UEM.TOTL.ZS,"Unemployment, total (% of total labor force) (modeled ILO estimate)",2010,7.16328861819797,,1
TSA,South Asia (IDA & IBRD),SL.UEM.TOTL.ZS,"Unemployment, total (% of total labor force) (modeled ILO estimate)",2009,7.3628078548039,,1
TSA,South Asia (IDA & IBRD),SL.UEM.TOTL.ZS,"Unemployment, total (% of total labor force) (modeled ILO estimate)",2008,7.29504082041586,,1
TSA,South Asia (IDA & IBRD),SL.UEM.TOTL.ZS,"Unemployment, total (% of total labor force) (modeled ILO estimate)",2007,7.2019977638481,,1
TSA,South Asia (IDA & IBRD),SL.UEM.TOTL.ZS,"Unemployment, total (% of total labor force) (modeled ILO estimate)",2006,7.16089355787342,,1
TSA,South Asia (IDA & IBRD),SL.UEM.TOTL.ZS,"Unemployment, total (% of total labor force) (modeled ILO estimate)",2005,7.24801932806737,,1
TSA,South Asia (IDA & IBRD),SL.UEM.TOTL.ZS,"Unemployment, total (% of total labor force) (modeled ILO estimate)",2004,7.30632128284372,,1
TSA,South Asia (IDA & IBRD),SL.UEM.TOTL.ZS,"Unemployment, total (% of total labor force) (modeled ILO estimate)",2003,7.33330344756806,,1
TSA,South Asia (IDA & IBRD),SL.UEM.TOTL.ZS,"Unemployment, total (% of total labor force) (modeled ILO estimate)",2002,7.34580672778149,,1
TSA,South Asia (IDA & IBRD),SL.UEM.TOTL.ZS,"Unemployment, total (% of total labor force) (modeled ILO estimate)",2001,7.23245898235974,,1
TSA,South Asia (IDA & IBRD),SL.UEM.TOTL.ZS,"Unemployment, total (% of total labor force) (modeled ILO estimate)",2000,7.17647475389305,,1
TSA,South Asia (IDA & IBRD),SL.UEM.TOTL.ZS,"Unemployment, total (% of total labor force) (modeled ILO estimate)",1999,7.17195172652658,,1
TSA,South Asia (IDA & IBRD),SL.UEM.TOTL.ZS,"Unemployment, total (% of total labor force) (modeled ILO estimate)",1998,7.16874708180548,,1
TSA,South Asia (IDA & IBRD),SL.UEM.TOTL.ZS,"Unemployment, total (% of total labor force) (modeled ILO estimate)",1997,7.15153632180334,,1
TSA,South Asia (IDA & IBRD),SL.UEM.TOTL.ZS,"Unemployment, total (% of total labor force) (modeled ILO estimate)",1996,7.11279594729808,,1
TSA,South Asia (IDA & IBRD),SL.UEM.TOTL.ZS,"Unemployment, total (% of total labor force) (modeled ILO estimate)",1995,7.15013674904188,,1
TSA,South Asia (IDA & IBRD),SL.UEM.TOTL.ZS,"Unemployment, total (% of total labor force) (modeled ILO estimate)",1994,7.18007906379825,,1
TSA,South Asia (IDA & IBRD),SL.UEM.TOTL.ZS,"Unemployment, total (% of total labor force) (modeled ILO estimate)",1993,7.24980061619164,,1
TSA,South Asia (IDA & IBRD),SL.UEM.TOTL.ZS,"Unemployment, total (% of total labor force) (modeled ILO estimate)",1992,7.23871666924301,,1
TSA,South Asia (IDA & IBRD),SL.UEM.TOTL.ZS,"Unemployment, total (% of total labor force) (modeled ILO estimate)",1991,7.24315545951344,,1
SSF,Sub-Saharan Africa,SL.UEM.TOTL.ZS,"Unemployment, total (% of total labor force) (modeled ILO estimate)",2024,5.66785964521359,,1
SSF,Sub-Saharan Africa,SL.UEM.TOTL.ZS,"Unemployment, total (% of total labor force) (modeled ILO estimate)",2023,5.7582142084837,,1
SSF,Sub-Saharan Africa,SL.UEM.TOTL.ZS,"Unemployment, total (% of total labor force) (modeled ILO estimate)",2022,6.07875092921414,,1
SSF,Sub-Saharan Africa,SL.UEM.TOTL.ZS,"Unemployment, total (% of total labor force) (modeled ILO estimate)",2021,6.84417115636911,,1
SSF,Sub-Saharan Africa,SL.UEM.TOTL.ZS,"Unemployment, total (% of total labor force) (modeled ILO estimate)",2020,6.64963226537121,,1
SSF,Sub-Saharan Africa,SL.UEM.TOTL.ZS,"Unemployment, total (% of total labor force) (modeled ILO estimate)",2019,6.17859261789174,,1
SSF,Sub-Saharan Africa,SL.UEM.TOTL.ZS,"Unemployment, total (% of total labor force) (modeled ILO estimate)",2018,6.03077037529887,,1
SSF,Sub-Saharan Africa,SL.UEM.TOTL.ZS,"Unemployment, total (% of total labor force) (modeled ILO estimate)",2017,5.99278380853675,,1
SSF,Sub-Saharan Africa,SL.UEM.TOTL.ZS,"Unemployment, total (% of total labor force) (modeled ILO estimate)",2016,5.86436518410548,,1
SSF,Sub-Saharan Africa,SL.UEM.TOTL.ZS,"Unemployment, total (% of total labor force) (modeled ILO estimate)",2015,5.78525200580782,,1
SSF,Sub-Saharan Africa,SL.UEM.TOTL.ZS,"Unemployment, total (% of total labor force) (modeled ILO estimate)",2014,5.62776331426723,,1
SSF,Sub-Saharan Africa,SL.UEM.TOTL.ZS,"Unemployment, total (% of total labor force) (modeled ILO estimate)",2013,5.57284215444354,,1
SSF,Sub-Saharan Africa,SL.UEM.TOTL.ZS,"Unemployment, total (% of total labor force) (modeled ILO estimate)",2012,5.80072495990126,,1
SSF,Sub-Saharan Africa,SL.UEM.TOTL.ZS,"Unemployment, total (% of total labor force) (modeled ILO estimate)",2011,5.91357874156347,,1
SSF,Sub-Saharan Africa,SL.UEM.TOTL.ZS,"Unemployment, total (% of total labor force) (modeled ILO estimate)",2010,5.9384663035217,,1
SSF,Sub-Saharan Africa,SL.UEM.TOTL.ZS,"Unemployment, total (% of total labor force) (modeled ILO estimate)",2009,5.7640684373361,,1
SSF,Sub-Saharan Africa,SL.UEM.TOTL.ZS,"Unemployment, total (% of total labor force) (modeled ILO estimate)",2008,5.70991877342324,,1
SSF,Sub-Saharan Africa,SL.UEM.TOTL.ZS,"Unemployment, total (% of total labor force) (modeled ILO estimate)",2007,5.71366247607083,,1
SSF,Sub-Saharan Africa,SL.UEM.TOTL.ZS,"Unemployment, total (% of total labor force) (modeled ILO estimate)",2006,5.75470274955599,,1
SSF,Sub-Saharan Africa,SL.UEM.TOTL.ZS,"Unemployment, total (% of total labor force) (modeled ILO estimate)",2005,5.84542677033048,,1
SSF,Sub-Saharan Africa,SL.UEM.TOTL.ZS,"Unemployment, total (% of total labor force) (modeled ILO estimate)",2004,5.94349195717333,,1
SSF,Sub-Saharan Africa,SL.UEM.TOTL.ZS,"Unemployment, total (% of total labor force) (modeled ILO estimate)",2003,6.08906292747373,,1
SSF,Sub-Saharan Africa,SL.UEM.TOTL.ZS,"Unemployment, total (% of total labor force) (modeled ILO estimate)",2002,6.1544562626131,,1
SSF,Sub-Saharan Africa,SL.UEM.TOTL.ZS,"Unemployment, total (% of total labor force) (modeled ILO estimate)",2001,6.25801553911127,,1
SSF,Sub-Saharan Africa,SL.UEM.TOTL.ZS,"Unemployment, total (% of total labor force) (modeled ILO estimate)",2000,6.35178469623133,,1
SSF,Sub-Saharan Africa,SL.UEM.TOTL.ZS,"Unemployment, total (% of total labor force) (modeled ILO estimate)",1999,6.36947715632251,,1
SSF,Sub-Saharan Africa,SL.UEM.TOTL.ZS,"Unemployment, total (% of total labor force) (modeled ILO estimate)",1998,6.26493513613641,,1
SSF,Sub-Saharan Africa,SL.UEM.TOTL.ZS,"Unemployment, total (% of total labor force) (modeled ILO estimate)",1997,6.23960940520436,,1
SSF,Sub-Saharan Africa,SL.UEM.TOTL.ZS,"Unemployment, total (% of total labor force) (modeled ILO estimate)",1996,6.27896875583569,,1
SSF,Sub-Saharan Africa,SL.UEM.TOTL.ZS,"Unemployment, total (% of total labor force) (modeled ILO estimate)",1995,6.36295420429711,,1
SSF,Sub-Saharan Africa,SL.UEM.TOTL.ZS,"Unemployment, total (% of total labor force) (modeled ILO estimate)",1994,6.50793947568754,,1
SSF,Sub-Saharan Africa,SL.UEM.TOTL.ZS,"Unemployment, total (% of total labor force) (modeled ILO estimate)",1993,6.57864448347074,,1
SSF,Sub-Saharan Africa,SL.UEM.TOTL.ZS,"Unemployment, total (% of total labor force) (modeled ILO estimate)",1992,6.53330879376537,,1
SSF,Sub-Saharan Africa,SL.UEM.TOTL.ZS,"Unemployment, total (% of total labor force) (modeled ILO estimate)",1991,6.43805502816505,,1
SSA,Sub-Saharan Africa (excluding high income),SL.UEM.TOTL.ZS,"Unemployment, total (% of total labor force) (modeled ILO estimate)",2024,5.94641772545801,,1
SSA,Sub-Saharan Africa (excluding high income),SL.UEM.TOTL.ZS,"Unemployment, total (% of total labor force) (modeled ILO estimate)",2023,6.04215756672425,,1
SSA,Sub-Saharan Africa (excluding high income),SL.UEM.TOTL.ZS,"Unemployment, total (% of total labor force) (modeled ILO estimate)",2022,6.39359936161309,,1
SSA,Sub-Saharan Africa (excluding high income),SL.UEM.TOTL.ZS,"Unemployment, total (% of total labor force) (modeled ILO estimate)",2021,7.18509355059853,,1
SSA,Sub-Saharan Africa (excluding high income),SL.UEM.TOTL.ZS,"Unemployment, total (% of total labor force) (modeled ILO estimate)",2020,6.96662786306036,,1
SSA,Sub-Saharan Africa (excluding high income),SL.UEM.TOTL.ZS,"Unemployment, total (% of total labor force) (modeled ILO estimate)",2019,6.57180226215195,,1
SSA,Sub-Saharan Africa (excluding high income),SL.UEM.TOTL.ZS,"Unemployment, total (% of total labor force) (modeled ILO estimate)",2018,6.42638289617654,,1
SSA,Sub-Saharan Africa (excluding high income),SL.UEM.TOTL.ZS,"Unemployment, total (% of total labor force) (modeled ILO estimate)",2017,6.40750708327807,,1
SSA,Sub-Saharan Africa (excluding high income),SL.UEM.TOTL.ZS,"Unemployment, total (% of total labor force) (modeled ILO estimate)",2016,6.28002125710955,,1
SSA,Sub-Saharan Africa (excluding high income),SL.UEM.TOTL.ZS,"Unemployment, total (% of total labor force) (modeled ILO estimate)",2015,6.20980970225917,,1
SSA,Sub-Saharan Africa (excluding high income),SL.UEM.TOTL.ZS,"Unemployment, total (% of total labor force) (modeled ILO estimate)",2014,6.04685802721244,,1
SSA,Sub-Saharan Africa (excluding high income),SL.UEM.TOTL.ZS,"Unemployment, total (% of total labor force) (modeled ILO estimate)",2013,6.00060257679016,,1
SSA,Sub-Saharan Africa (excluding high income),SL.UEM.TOTL.ZS,"Unemployment, total (% of total labor force) (modeled ILO estimate)",2012,6.25627093750895,,1
SSA,Sub-Saharan Africa (excluding high income),SL.UEM.TOTL.ZS,"Unemployment, total (% of total labor force) (modeled ILO estimate)",2011,6.37320573386418,,1
SSA,Sub-Saharan Africa (excluding high income),SL.UEM.TOTL.ZS,"Unemployment, total (% of total labor force) (modeled ILO estimate)",2010,6.39448531562492,,1
SSA,Sub-Saharan Africa (excluding high income),SL.UEM.TOTL.ZS,"Unemployment, total (% of total labor force) (modeled ILO estimate)",2009,6.18870705590335,,1
SSA,Sub-Saharan Africa (excluding high income),SL.UEM.TOTL.ZS,"Unemployment, total (% of total labor force) (modeled ILO estimate)",2008,6.12296934031665,,1
SSA,Sub-Saharan Africa (excluding high income),SL.UEM.TOTL.ZS,"Unemployment, total (% of total labor force) (modeled ILO estimate)",2007,6.12183243649404,,1
SSA,Sub-Saharan Africa (excluding high income),SL.UEM.TOTL.ZS,"Unemployment, total (% of total labor force) (modeled ILO estimate)",2006,6.1642911884134,,1
SSA,Sub-Saharan Africa (excluding high income),SL.UEM.TOTL.ZS,"Unemployment, total (% of total labor force) (modeled ILO estimate)",2005,6.24398512478568,,1
SSA,Sub-Saharan Africa (excluding high income),SL.UEM.TOTL.ZS,"Unemployment, total (% of total labor force) (modeled ILO estimate)",2004,6.31841198764216,,1
SSA,Sub-Saharan Africa (excluding high income),SL.UEM.TOTL.ZS,"Unemployment, total (% of total labor force) (modeled ILO estimate)",2003,6.45196283840583,,1
SSA,Sub-Saharan Africa (excluding high income),SL.UEM.TOTL.ZS,"Unemployment, total (% of total labor force) (modeled ILO estimate)",2002,6.51804018847795,,1
SSA,Sub-Saharan Africa (excluding high income),SL.UEM.TOTL.ZS,"Unemployment, total (% of total labor force) (modeled ILO estimate)",2001,6.62013398054274,,1
SSA,Sub-Saharan Africa (excluding high income),SL.UEM.TOTL.ZS,"Unemployment, total (% of total labor force) (modeled ILO estimate)",2000,6.68468915771202,,1
SSA,Sub-Saharan Africa (excluding high income),SL.UEM.TOTL.ZS,"Unemployment, total (% of total labor force) (modeled ILO estimate)",1999,6.67921055559192,,1
SSA,Sub-Saharan Africa (excluding high income),SL.UEM.TOTL.ZS,"Unemployment, total (% of total labor force) (modeled ILO estimate)",1998,6.5899532501301,,1
SSA,Sub-Saharan Africa (excluding high income),SL.UEM.TOTL.ZS,"Unemployment, total (% of total labor force) (modeled ILO estimate)",1997,6.59151019312812,,1
SSA,Sub-Saharan Africa (excluding high income),SL.UEM.TOTL.ZS,"Unemployment, total (% of total labor force) (modeled ILO estimate)",1996,6.64686445371628,,1
SSA,Sub-Saharan Africa (excluding high income),SL.UEM.TOTL.ZS,"Unemployment, total (% of total labor force) (modeled ILO estimate)",1995,6.75253628250272,,1
SSA,Sub-Saharan Africa (excluding high income),SL.UEM.TOTL.ZS,"Unemployment, total (% of total labor force) (modeled ILO estimate)",1994,6.90238281783516,,1
SSA,Sub-Saharan Africa (excluding high income),SL.UEM.TOTL.ZS,"Unemployment, total (% of total labor force) (modeled ILO estimate)",1993,6.96303245428916,,1
SSA,Sub-Saharan Africa (excluding high income),SL.UEM.TOTL.ZS,"Unemployment, total (% of total labor force) (modeled ILO estimate)",1992,6.8923886430784,,1
SSA,Sub-Saharan Africa (excluding high income),SL.UEM.TOTL.ZS,"Unemployment, total (% of total labor force) (modeled ILO estimate)",1991,6.79669036513229,,1
TSS,Sub-Saharan Africa (IDA & IBRD countries),SL.UEM.TOTL.ZS,"Unemployment, total (% of total labor force) (modeled ILO estimate)",2024,5.66785964521359,,1
TSS,Sub-Saharan Africa (IDA & IBRD countries),SL.UEM.TOTL.ZS,"Unemployment, total (% of total labor force) (modeled ILO estimate)",2023,5.75821420848371,,1
TSS,Sub-Saharan Africa (IDA & IBRD countries),SL.UEM.TOTL.ZS,"Unemployment, total (% of total labor force) (modeled ILO estimate)",2022,6.07875092921414,,1
TSS,Sub-Saharan Africa (IDA & IBRD countries),SL.UEM.TOTL.ZS,"Unemployment, total (% of total labor force) (modeled ILO estimate)",2021,6.84417115636911,,1
TSS,Sub-Saharan Africa (IDA & IBRD countries),SL.UEM.TOTL.ZS,"Unemployment, total (% of total labor force) (modeled ILO estimate)",2020,6.64963226537121,,1
TSS,Sub-Saharan Africa (IDA & IBRD countries),SL.UEM.TOTL.ZS,"Unemployment, total (% of total labor force) (modeled ILO estimate)",2019,6.17859261789174,,1
TSS,Sub-Saharan Africa (IDA & IBRD countries),SL.UEM.TOTL.ZS,"Unemployment, total (% of total labor force) (modeled ILO estimate)",2018,6.03077037529887,,1
TSS,Sub-Saharan Africa (IDA & IBRD countries),SL.UEM.TOTL.ZS,"Unemployment, total (% of total labor force) (modeled ILO estimate)",2017,5.99278380853675,,1
TSS,Sub-Saharan Africa (IDA & IBRD countries),SL.UEM.TOTL.ZS,"Unemployment, total (% of total labor force) (modeled ILO estimate)",2016,5.86436518410548,,1
TSS,Sub-Saharan Africa (IDA & IBRD countries),SL.UEM.TOTL.ZS,"Unemployment, total (% of total labor force) (modeled ILO estimate)",2015,5.78525200580782,,1
TSS,Sub-Saharan Africa (IDA & IBRD countries),SL.UEM.TOTL.ZS,"Unemployment, total (% of total labor force) (modeled ILO estimate)",2014,5.62776331426723,,1
TSS,Sub-Saharan Africa (IDA & IBRD countries),SL.UEM.TOTL.ZS,"Unemployment, total (% of total labor force) (modeled ILO estimate)",2013,5.57284215444354,,1
TSS,Sub-Saharan Africa (IDA & IBRD countries),SL.UEM.TOTL.ZS,"Unemployment, total (% of total labor force) (modeled ILO estimate)",2012,5.80072495990126,,1
TSS,Sub-Saharan Africa (IDA & IBRD countries),SL.UEM.TOTL.ZS,"Unemployment, total (% of total labor force) (modeled ILO estimate)",2011,5.91357874156347,,1
TSS,Sub-Saharan Africa (IDA & IBRD countries),SL.UEM.TOTL.ZS,"Unemployment, total (% of total labor force) (modeled ILO estimate)",2010,5.93846630352171,,1
TSS,Sub-Saharan Africa (IDA & IBRD countries),SL.UEM.TOTL.ZS,"Unemployment, total (% of total labor force) (modeled ILO estimate)",2009,5.7640684373361,,1
TSS,Sub-Saharan Africa (IDA & IBRD countries),SL.UEM.TOTL.ZS,"Unemployment, total (% of total labor force) (modeled ILO estimate)",2008,5.70991877342324,,1
TSS,Sub-Saharan Africa (IDA & IBRD countries),SL.UEM.TOTL.ZS,"Unemployment, total (% of total labor force) (modeled ILO estimate)",2007,5.71366247607083,,1
TSS,Sub-Saharan Africa (IDA & IBRD countries),SL.UEM.TOTL.ZS,"Unemployment, total (% of total labor force) (modeled ILO estimate)",2006,5.75470274955598,,1
TSS,Sub-Saharan Africa (IDA & IBRD countries),SL.UEM.TOTL.ZS,"Unemployment, total (% of total labor force) (modeled ILO estimate)",2005,5.84542677033048,,1
TSS,Sub-Saharan Africa (IDA & IBRD countries),SL.UEM.TOTL.ZS,"Unemployment, total (% of total labor force) (modeled ILO estimate)",2004,5.94349195717333,,1
TSS,Sub-Saharan Africa (IDA & IBRD countries),SL.UEM.TOTL.ZS,"Unemployment, total (% of total labor force) (modeled ILO estimate)",2003,6.08906292747373,,1
TSS,Sub-Saharan Africa (IDA & IBRD countries),SL.UEM.TOTL.ZS,"Unemployment, total (% of total labor force) (modeled ILO estimate)",2002,6.1544562626131,,1
TSS,Sub-Saharan Africa (IDA & IBRD countries),SL.UEM.TOTL.ZS,"Unemployment, total (% of total labor force) (modeled ILO estimate)",2001,6.25801553911127,,1
TSS,Sub-Saharan Africa (IDA & IBRD countries),SL.UEM.TOTL.ZS,"Unemployment, total (% of total labor force) (modeled ILO estimate)",2000,6.35178469623133,,1
TSS,Sub-Saharan Africa (IDA & IBRD countries),SL.UEM.TOTL.ZS,"Unemployment, total (% of total labor force) (modeled ILO estimate)",1999,6.36947715632251,,1
TSS,Sub-Saharan Africa (IDA & IBRD countries),SL.UEM.TOTL.ZS,"Unemployment, total (% of total labor force) (modeled ILO estimate)",1998,6.26493513613641,,1
TSS,Sub-Saharan Africa (IDA & IBRD countries),SL.UEM.TOTL.ZS,"Unemployment, total (% of total labor force) (modeled ILO estimate)",1997,6.23960940520436,,1
TSS,Sub-Saharan Africa (IDA & IBRD countries),SL.UEM.TOTL.ZS,"Unemployment, total (% of total labor force) (modeled ILO estimate)",1996,6.27896875583569,,1
TSS,Sub-Saharan Africa (IDA & IBRD countries),SL.UEM.TOTL.ZS,"Unemployment, total (% of total labor force) (modeled ILO estimate)",1995,6.36295420429711,,1
TSS,Sub-Saharan Africa (IDA & IBRD countries),SL.UEM.TOTL.ZS,"Unemployment, total (% of total labor force) (modeled ILO estimate)",1994,6.50793947568754,,1
TSS,Sub-Saharan Africa (IDA & IBRD countries),SL.UEM.TOTL.ZS,"Unemployment, total (% of total labor force) (modeled ILO estimate)",1993,6.57864448347074,,1
TSS,Sub-Saharan Africa (IDA & IBRD countries),SL.UEM.TOTL.ZS,"Unemployment, total (% of total labor force) (modeled ILO estimate)",1992,6.53330879376537,,1
TSS,Sub-Saharan Africa (IDA & IBRD countries),SL.UEM.TOTL.ZS,"Unemployment, total (% of total labor force) (modeled ILO estimate)",1991,6.43805502816505,,1
,Upper middle income,SL.UEM.TOTL.ZS,"Unemployment, total (% of total labor force) (modeled ILO estimate)",2024,5.50058558675509,,1
,Upper middle income,SL.UEM.TOTL.ZS,"Unemployment, total (% of total labor force) (modeled ILO estimate)",2023,5.60542943795658,,1
,Upper middle income,SL.UEM.TOTL.ZS,"Unemployment, total (% of total labor force) (modeled ILO estimate)",2022,6.0139105551006,,1
,Upper middle income,SL.UEM.TOTL.ZS,"Unemployment, total (% of total labor force) (modeled ILO estimate)",2021,6.36904271221514,,1
,Upper middle income,SL.UEM.TOTL.ZS,"Unemployment, total (% of total labor force) (modeled ILO estimate)",2020,6.75556740419309,,1
,Upper middle income,SL.UEM.TOTL.ZS,"Unemployment, total (% of total labor force) (modeled ILO estimate)",2019,6.07139046762074,,1
,Upper middle income,SL.UEM.TOTL.ZS,"Unemployment, total (% of total labor force) (modeled ILO estimate)",2018,5.94220160006298,,1
,Upper middle income,SL.UEM.TOTL.ZS,"Unemployment, total (% of total labor force) (modeled ILO estimate)",2017,6.01694360799605,,1
,Upper middle income,SL.UEM.TOTL.ZS,"Unemployment, total (% of total labor force) (modeled ILO estimate)",2016,6.00830028413522,,1
,Upper middle income,SL.UEM.TOTL.ZS,"Unemployment, total (% of total labor force) (modeled ILO estimate)",2015,5.77732297766258,,1
,Upper middle income,SL.UEM.TOTL.ZS,"Unemployment, total (% of total labor force) (modeled ILO estimate)",2014,5.56083800221772,,1
,Upper middle income,SL.UEM.TOTL.ZS,"Unemployment, total (% of total labor force) (modeled ILO estimate)",2013,5.5453680696358,,1
,Upper middle income,SL.UEM.TOTL.ZS,"Unemployment, total (% of total labor force) (modeled ILO estimate)",2012,5.59323336401879,,1
,Upper middle income,SL.UEM.TOTL.ZS,"Unemployment, total (% of total labor force) (modeled ILO estimate)",2011,5.69006609140626,,1
,Upper middle income,SL.UEM.TOTL.ZS,"Unemployment, total (% of total labor force) (modeled ILO estimate)",2010,5.88407295714127,,1
,Upper middle income,SL.UEM.TOTL.ZS,"Unemployment, total (% of total labor force) (modeled ILO estimate)",2009,6.18449230113664,,1
,Upper middle income,SL.UEM.TOTL.ZS,"Unemployment, total (% of total labor force) (modeled ILO estimate)",2008,5.86352487156284,,1
,Upper middle income,SL.UEM.TOTL.ZS,"Unemployment, total (% of total labor force) (modeled ILO estimate)",2007,5.89115862866688,,1
,Upper middle income,SL.UEM.TOTL.ZS,"Unemployment, total (% of total labor force) (modeled ILO estimate)",2006,5.97689067501387,,1
,Upper middle income,SL.UEM.TOTL.ZS,"Unemployment, total (% of total labor force) (modeled ILO estimate)",2005,6.2232261928625,,1
,Upper middle income,SL.UEM.TOTL.ZS,"Unemployment, total (% of total labor force) (modeled ILO estimate)",2004,6.2300670099496,,1
,Upper middle income,SL.UEM.TOTL.ZS,"Unemployment, total (% of total labor force) (modeled ILO estimate)",2003,6.384868439041,,1
,Upper middle income,SL.UEM.TOTL.ZS,"Unemployment, total (% of total labor force) (modeled ILO estimate)",2002,6.26950568358199,,1
,Upper middle income,SL.UEM.TOTL.ZS,"Unemployment, total (% of total labor force) (modeled ILO estimate)",2001,5.93494431084754,,1
,Upper middle income,SL.UEM.TOTL.ZS,"Unemployment, total (% of total labor force) (modeled ILO estimate)",2000,5.67377905154935,,1
,Upper middle income,SL.UEM.TOTL.ZS,"Unemployment, total (% of total labor force) (modeled ILO estimate)",1999,5.72194953572873,,1
,Upper middle income,SL.UEM.TOTL.ZS,"Unemployment, total (% of total labor force) (modeled ILO estimate)",1998,5.45186399133888,,1
,Upper middle income,SL.UEM.TOTL.ZS,"Unemployment, total (% of total labor force) (modeled ILO estimate)",1997,5.14660489432285,,1
,Upper middle income,SL.UEM.TOTL.ZS,"Unemployment, total (% of total labor force) (modeled ILO estimate)",1996,5.10610976897462,,1
,Upper middle income,SL.UEM.TOTL.ZS,"Unemployment, total (% of total labor force) (modeled ILO estimate)",1995,4.92531058225282,,1
,Upper middle income,SL.UEM.TOTL.ZS,"Unemployment, total (% of total labor force) (modeled ILO estimate)",1994,4.50343964827748,,1
,Upper middle income,SL.UEM.TOTL.ZS,"Unemployment, total (% of total labor force) (modeled ILO estimate)",1993,4.0697137680512,,1
,Upper middle income,SL.UEM.TOTL.ZS,"Unemployment, total (% of total labor force) (modeled ILO estimate)",1992,3.8314566107424,,1
,Upper middle income,SL.UEM.TOTL.ZS,"Unemployment, total (% of total labor force) (modeled ILO estimate)",1991,3.74412676031833,,1
WLD,World,SL.UEM.TOTL.ZS,"Unemployment, total (% of total labor force) (modeled ILO estimate)",2024,4.80587275250158,,1
WLD,World,SL.UEM.TOTL.ZS,"Unemployment, total (% of total labor force) (modeled ILO estimate)",2023,4.84957114230343,,1
WLD,World,SL.UEM.TOTL.ZS,"Unemployment, total (% of total labor force) (modeled ILO estimate)",2022,5.23426188470581,,1
WLD,World,SL.UEM.TOTL.ZS,"Unemployment, total (% of total labor force) (modeled ILO estimate)",2021,6.0451914548011,,1
WLD,World,SL.UEM.TOTL.ZS,"Unemployment, total (% of total labor force) (modeled ILO estimate)",2020,6.58731449706782,,1
WLD,World,SL.UEM.TOTL.ZS,"Unemployment, total (% of total labor force) (modeled ILO estimate)",2019,5.58822341975783,,1
WLD,World,SL.UEM.TOTL.ZS,"Unemployment, total (% of total labor force) (modeled ILO estimate)",2018,5.75951966875999,,1
WLD,World,SL.UEM.TOTL.ZS,"Unemployment, total (% of total labor force) (modeled ILO estimate)",2017,5.89788808678893,,1
WLD,World,SL.UEM.TOTL.ZS,"Unemployment, total (% of total labor force) (modeled ILO estimate)",2016,5.97068694834666,,1
WLD,World,SL.UEM.TOTL.ZS,"Unemployment, total (% of total labor force) (modeled ILO estimate)",2015,5.99825160171964,,1
WLD,World,SL.UEM.TOTL.ZS,"Unemployment, total (% of total labor force) (modeled ILO estimate)",2014,5.95720582647446,,1
WLD,World,SL.UEM.TOTL.ZS,"Unemployment, total (% of total labor force) (modeled ILO estimate)",2013,6.09906293447201,,1
WLD,World,SL.UEM.TOTL.ZS,"Unemployment, total (% of total labor force) (modeled ILO estimate)",2012,6.15180927283386,,1
WLD,World,SL.UEM.TOTL.ZS,"Unemployment, total (% of total labor force) (modeled ILO estimate)",2011,6.14877677051057,,1
WLD,World,SL.UEM.TOTL.ZS,"Unemployment, total (% of total labor force) (modeled ILO estimate)",2010,6.28092769649237,,1
WLD,World,SL.UEM.TOTL.ZS,"Unemployment, total (% of total labor force) (modeled ILO estimate)",2009,6.40934094809211,,1
WLD,World,SL.UEM.TOTL.ZS,"Unemployment, total (% of total labor force) (modeled ILO estimate)",2008,5.82404352868675,,1
WLD,World,SL.UEM.TOTL.ZS,"Unemployment, total (% of total labor force) (modeled ILO estimate)",2007,5.77480901338889,,1
WLD,World,SL.UEM.TOTL.ZS,"Unemployment, total (% of total labor force) (modeled ILO estimate)",2006,5.97374019654838,,1
WLD,World,SL.UEM.TOTL.ZS,"Unemployment, total (% of total labor force) (modeled ILO estimate)",2005,6.22389912094209,,1
WLD,World,SL.UEM.TOTL.ZS,"Unemployment, total (% of total labor force) (modeled ILO estimate)",2004,6.32969211241359,,1
WLD,World,SL.UEM.TOTL.ZS,"Unemployment, total (% of total labor force) (modeled ILO estimate)",2003,6.48390882464603,,1
WLD,World,SL.UEM.TOTL.ZS,"Unemployment, total (% of total labor force) (modeled ILO estimate)",2002,6.41180854857461,,1
WLD,World,SL.UEM.TOTL.ZS,"Unemployment, total (% of total labor force) (modeled ILO estimate)",2001,6.18980812535966,,1
WLD,World,SL.UEM.TOTL.ZS,"Unemployment, total (% of total labor force) (modeled ILO estimate)",2000,6.11126625149596,,1
WLD,World,SL.UEM.TOTL.ZS,"Unemployment, total (% of total labor force) (modeled ILO estimate)",1999,6.27834886767265,,1
WLD,World,SL.UEM.TOTL.ZS,"Unemployment, total (% of total labor force) (modeled ILO estimate)",1998,6.15906586247165,,1
WLD,World,SL.UEM.TOTL.ZS,"Unemployment, total (% of total labor force) (modeled ILO estimate)",1997,6.01013695494246,,1
WLD,World,SL.UEM.TOTL.ZS,"Unemployment, total (% of total labor force) (modeled ILO estimate)",1996,5.98370073084904,,1
WLD,World,SL.UEM.TOTL.ZS,"Unemployment, total (% of total labor force) (modeled ILO estimate)",1995,5.91942696026279,,1
WLD,World,SL.UEM.TOTL.ZS,"Unemployment, total (% of total labor force) (modeled ILO estimate)",1994,5.78918170693904,,1
WLD,World,SL.UEM.TOTL.ZS,"Unemployment, total (% of total labor force) (modeled ILO estimate)",1993,5.54359975807061,,1
WLD,World,SL.UEM.TOTL.ZS,"Unemployment, total (% of total labor force) (modeled ILO estimate)",1992,5.27548969894175,,1
WLD,World,SL.UEM.TOTL.ZS,"Unemployment, total (% of total labor force) (modeled ILO estimate)",1991,5.11939576855541,,1
AFG,Afghanistan,SL.UEM.TOTL.ZS,"Unemployment, total (% of total labor force) (modeled ILO estimate)",2024,13.687,,1
AFG,Afghanistan,SL.UEM.TOTL.ZS,"Unemployment, total (% of total labor force) (modeled ILO estimate)",2023,14.008,,1
AFG,Afghanistan,SL.UEM.TOTL.ZS,"Unemployment, total (% of total labor force) (modeled ILO estimate)",2022,14.1,,1
AFG,Afghanistan,SL.UEM.TOTL.ZS,"Unemployment, total (% of total labor force) (modeled ILO estimate)",2021,12.006,,1
AFG,Afghanistan,SL.UEM.TOTL.ZS,"Unemployment, total (% of total labor force) (modeled ILO estimate)",2020,11.71,,1
AFG,Afghanistan,SL.UEM.TOTL.ZS,"Unemployment, total (% of total labor force) (modeled ILO estimate)",2019,11.187,,1
AFG,Afghanistan,SL.UEM.TOTL.ZS,"Unemployment, total (% of total labor force) (modeled ILO estimate)",2018,11.192,,1
AFG,Afghanistan,SL.UEM.TOTL.ZS,"Unemployment, total (% of total labor force) (modeled ILO estimate)",2017,11.184,,1
AFG,Afghanistan,SL.UEM.TOTL.ZS,"Unemployment, total (% of total labor force) (modeled ILO estimate)",2016,10.116,,1
AFG,Afghanistan,SL.UEM.TOTL.ZS,"Unemployment, total (% of total labor force) (modeled ILO estimate)",2015,9.032,,1
AFG,Afghanistan,SL.UEM.TOTL.ZS,"Unemployment, total (% of total labor force) (modeled ILO estimate)",2014,7.915,,1
AFG,Afghanistan,SL.UEM.TOTL.ZS,"Unemployment, total (% of total labor force) (modeled ILO estimate)",2013,7.921,,1
AFG,Afghanistan,SL.UEM.TOTL.ZS,"Unemployment, total (% of total labor force) (modeled ILO estimate)",2012,7.875,,1
AFG,Afghanistan,SL.UEM.TOTL.ZS,"Unemployment, total (% of total labor force) (modeled ILO estimate)",2011,7.83,,1
AFG,Afghanistan,SL.UEM.TOTL.ZS,"Unemployment, total (% of total labor force) (modeled ILO estimate)",2010,7.809,,1
AFG,Afghanistan,SL.UEM.TOTL.ZS,"Unemployment, total (% of total labor force) (modeled ILO estimate)",2009,7.808,,1
AFG,Afghanistan,SL.UEM.TOTL.ZS,"Unemployment, total (% of total labor force) (modeled ILO estimate)",2008,7.879,,1
AFG,Afghanistan,SL.UEM.TOTL.ZS,"Unemployment, total (% of total labor force) (modeled ILO estimate)",2007,7.841,,1
AFG,Afghanistan,SL.UEM.TOTL.ZS,"Unemployment, total (% of total labor force) (modeled ILO estimate)",2006,7.897,,1
AFG,Afghanistan,SL.UEM.TOTL.ZS,"Unemployment, total (% of total labor force) (modeled ILO estimate)",2005,7.878,,1
AFG,Afghanistan,SL.UEM.TOTL.ZS,"Unemployment, total (% of total labor force) (modeled ILO estimate)",2004,7.794,,1
AFG,Afghanistan,SL.UEM.TOTL.ZS,"Unemployment, total (% of total labor force) (modeled ILO estimate)",2003,7.844,,1
AFG,Afghanistan,SL.UEM.TOTL.ZS,"Unemployment, total (% of total labor force) (modeled ILO estimate)",2002,7.867,,1
AFG,Afghanistan,SL.UEM.TOTL.ZS,"Unemployment, total (% of total labor force) (modeled ILO estimate)",2001,7.973,,1
AFG,Afghanistan,SL.UEM.TOTL.ZS,"Unemployment, total (% of total labor force) (modeled ILO estimate)",2000,7.897,,1
AFG,Afghanistan,SL.UEM.TOTL.ZS,"Unemployment, total (% of total labor force) (modeled ILO estimate)",1999,7.877,,1
AFG,Afghanistan,SL.UEM.TOTL.ZS,"Unemployment, total (% of total labor force) (modeled ILO estimate)",1998,7.869,,1
AFG,Afghanistan,SL.UEM.TOTL.ZS,"Unemployment, total (% of total labor force) (modeled ILO estimate)",1997,7.863,,1
AFG,Afghanistan,SL.UEM.TOTL.ZS,"Unemployment, total (% of total labor force) (modeled ILO estimate)",1996,7.878,,1
AFG,Afghanistan,SL.UEM.TOTL.ZS,"Unemployment, total (% of total labor force) (modeled ILO estimate)",1995,7.868,,1
AFG,Afghanistan,SL.UEM.TOTL.ZS,"Unemployment, total (% of total labor force) (modeled ILO estimate)",1994,7.883,,1
AFG,Afghanistan,SL.UEM.TOTL.ZS,"Unemployment, total (% of total labor force) (modeled ILO estimate)",1993,7.908,,1
AFG,Afghanistan,SL.UEM.TOTL.ZS,"Unemployment, total (% of total labor force) (modeled ILO estimate)",1992,7.958,,1
AFG,Afghanistan,SL.UEM.TOTL.ZS,"Unemployment, total (% of total labor force) (modeled ILO estimate)",1991,7.972,,1
ALB,Albania,SL.UEM.TOTL.ZS,"Unemployment, total (% of total labor force) (modeled ILO estimate)",2024,10.689,,1
ALB,Albania,SL.UEM.TOTL.ZS,"Unemployment, total (% of total labor force) (modeled ILO estimate)",2023,10.669,,1
ALB,Albania,SL.UEM.TOTL.ZS,"Unemployment, total (% of total labor force) (modeled ILO estimate)",2022,10.785,,1
ALB,Albania,SL.UEM.TOTL.ZS,"Unemployment, total (% of total labor force) (modeled ILO estimate)",2021,11.474,,1
ALB,Albania,SL.UEM.TOTL.ZS,"Unemployment, total (% of total labor force) (modeled ILO estimate)",2020,11.639,,1
ALB,Albania,SL.UEM.TOTL.ZS,"Unemployment, total (% of total labor force) (modeled ILO estimate)",2019,11.466,,1
ALB,Albania,SL.UEM.TOTL.ZS,"Unemployment, total (% of total labor force) (modeled ILO estimate)",2018,12.304,,1
ALB,Albania,SL.UEM.TOTL.ZS,"Unemployment, total (% of total labor force) (modeled ILO estimate)",2017,13.616,,1
ALB,Albania,SL.UEM.TOTL.ZS,"Unemployment, total (% of total labor force) (modeled ILO estimate)",2016,15.418,,1
ALB,Albania,SL.UEM.TOTL.ZS,"Unemployment, total (% of total labor force) (modeled ILO estimate)",2015,17.193,,1
ALB,Albania,SL.UEM.TOTL.ZS,"Unemployment, total (% of total labor force) (modeled ILO estimate)",2014,18.055,,1
ALB,Albania,SL.UEM.TOTL.ZS,"Unemployment, total (% of total labor force) (modeled ILO estimate)",2013,15.866,,1
ALB,Albania,SL.UEM.TOTL.ZS,"Unemployment, total (% of total labor force) (modeled ILO estimate)",2012,13.376,,1
ALB,Albania,SL.UEM.TOTL.ZS,"Unemployment, total (% of total labor force) (modeled ILO estimate)",2011,13.481,,1
ALB,Albania,SL.UEM.TOTL.ZS,"Unemployment, total (% of total labor force) (modeled ILO estimate)",2010,14.086,,1
ALB,Albania,SL.UEM.TOTL.ZS,"Unemployment, total (% of total labor force) (modeled ILO estimate)",2009,13.674,,1
ALB,Albania,SL.UEM.TOTL.ZS,"Unemployment, total (% of total labor force) (modeled ILO estimate)",2008,13.06,,1
ALB,Albania,SL.UEM.TOTL.ZS,"Unemployment, total (% of total labor force) (modeled ILO estimate)",2007,15.966,,1
ALB,Albania,SL.UEM.TOTL.ZS,"Unemployment, total (% of total labor force) (modeled ILO estimate)",2006,15.626,,1
ALB,Albania,SL.UEM.TOTL.ZS,"Unemployment, total (% of total labor force) (modeled ILO estimate)",2005,15.966,,1
ALB,Albania,SL.UEM.TOTL.ZS,"Unemployment, total (% of total labor force) (modeled ILO estimate)",2004,16.306,,1
ALB,Albania,SL.UEM.TOTL.ZS,"Unemployment, total (% of total labor force) (modeled ILO estimate)",2003,16.985,,1
ALB,Albania,SL.UEM.TOTL.ZS,"Unemployment, total (% of total labor force) (modeled ILO estimate)",2002,17.891,,1
ALB,Albania,SL.UEM.TOTL.ZS,"Unemployment, total (% of total labor force) (modeled ILO estimate)",2001,18.57,,1
ALB,Albania,SL.UEM.TOTL.ZS,"Unemployment, total (% of total labor force) (modeled ILO estimate)",2000,19.023,,1
ALB,Albania,SL.UEM.TOTL.ZS,"Unemployment, total (% of total labor force) (modeled ILO estimate)",1999,20.835,,1
ALB,Albania,SL.UEM.TOTL.ZS,"Unemployment, total (% of total labor force) (modeled ILO estimate)",1998,20.042,,1
ALB,Albania,SL.UEM.TOTL.ZS,"Unemployment, total (% of total labor force) (modeled ILO estimate)",1997,16.872,,1
ALB,Albania,SL.UEM.TOTL.ZS,"Unemployment, total (% of total labor force) (modeled ILO estimate)",1996,13.928,,1
ALB,Albania,SL.UEM.TOTL.ZS,"Unemployment, total (% of total labor force) (modeled ILO estimate)",1995,14.607,,1
ALB,Albania,SL.UEM.TOTL.ZS,"Unemployment, total (% of total labor force) (modeled ILO estimate)",1994,20.835,,1
ALB,Albania,SL.UEM.TOTL.ZS,"Unemployment, total (% of total labor force) (modeled ILO estimate)",1993,25.251,,1
ALB,Albania,SL.UEM.TOTL.ZS,"Unemployment, total (% of total labor force) (modeled ILO estimate)",1992,30.007,,1
ALB,Albania,SL.UEM.TOTL.ZS,"Unemployment, total (% of total labor force) (modeled ILO estimate)",1991,10.304,,1
DZA,Algeria,SL.UEM.TOTL.ZS,"Unemployment, total (% of total labor force) (modeled ILO estimate)",2024,11.655,,1
DZA,Algeria,SL.UEM.TOTL.ZS,"Unemployment, total (% of total labor force) (modeled ILO estimate)",2023,11.645,,1
DZA,Algeria,SL.UEM.TOTL.ZS,"Unemployment, total (% of total labor force) (modeled ILO estimate)",2022,12.382,,1
DZA,Algeria,SL.UEM.TOTL.ZS,"Unemployment, total (% of total labor force) (modeled ILO estimate)",2021,13.656,,1
DZA,Algeria,SL.UEM.TOTL.ZS,"Unemployment, total (% of total labor force) (modeled ILO estimate)",2020,14.08,,1
DZA,Algeria,SL.UEM.TOTL.ZS,"Unemployment, total (% of total labor force) (modeled ILO estimate)",2019,12.302,,1
DZA,Algeria,SL.UEM.TOTL.ZS,"Unemployment, total (% of total labor force) (modeled ILO estimate)",2018,12.112,,1
DZA,Algeria,SL.UEM.TOTL.ZS,"Unemployment, total (% of total labor force) (modeled ILO estimate)",2017,12,,1
DZA,Algeria,SL.UEM.TOTL.ZS,"Unemployment, total (% of total labor force) (modeled ILO estimate)",2016,10.202,,1
DZA,Algeria,SL.UEM.TOTL.ZS,"Unemployment, total (% of total labor force) (modeled ILO estimate)",2015,11.206,,1
DZA,Algeria,SL.UEM.TOTL.ZS,"Unemployment, total (% of total labor force) (modeled ILO estimate)",2014,10.207,,1
DZA,Algeria,SL.UEM.TOTL.ZS,"Unemployment, total (% of total labor force) (modeled ILO estimate)",2013,9.82,,1
DZA,Algeria,SL.UEM.TOTL.ZS,"Unemployment, total (% of total labor force) (modeled ILO estimate)",2012,10.97,,1
DZA,Algeria,SL.UEM.TOTL.ZS,"Unemployment, total (% of total labor force) (modeled ILO estimate)",2011,9.96,,1
DZA,Algeria,SL.UEM.TOTL.ZS,"Unemployment, total (% of total labor force) (modeled ILO estimate)",2010,9.96,,1
DZA,Algeria,SL.UEM.TOTL.ZS,"Unemployment, total (% of total labor force) (modeled ILO estimate)",2009,10.16,,1
DZA,Algeria,SL.UEM.TOTL.ZS,"Unemployment, total (% of total labor force) (modeled ILO estimate)",2008,11.33,,1
DZA,Algeria,SL.UEM.TOTL.ZS,"Unemployment, total (% of total labor force) (modeled ILO estimate)",2007,13.79,,1
DZA,Algeria,SL.UEM.TOTL.ZS,"Unemployment, total (% of total labor force) (modeled ILO estimate)",2006,12.27,,1
DZA,Algeria,SL.UEM.TOTL.ZS,"Unemployment, total (% of total labor force) (modeled ILO estimate)",2005,15.27,,1
DZA,Algeria,SL.UEM.TOTL.ZS,"Unemployment, total (% of total labor force) (modeled ILO estimate)",2004,17.65,,1
DZA,Algeria,SL.UEM.TOTL.ZS,"Unemployment, total (% of total labor force) (modeled ILO estimate)",2003,23.72,,1
DZA,Algeria,SL.UEM.TOTL.ZS,"Unemployment, total (% of total labor force) (modeled ILO estimate)",2002,25.9,,1
DZA,Algeria,SL.UEM.TOTL.ZS,"Unemployment, total (% of total labor force) (modeled ILO estimate)",2001,27.3,,1
DZA,Algeria,SL.UEM.TOTL.ZS,"Unemployment, total (% of total labor force) (modeled ILO estimate)",2000,29.77,,1
DZA,Algeria,SL.UEM.TOTL.ZS,"Unemployment, total (% of total labor force) (modeled ILO estimate)",1999,28.575,,1
DZA,Algeria,SL.UEM.TOTL.ZS,"Unemployment, total (% of total labor force) (modeled ILO estimate)",1998,26.85,,1
DZA,Algeria,SL.UEM.TOTL.ZS,"Unemployment, total (% of total labor force) (modeled ILO estimate)",1997,25.43,,1
DZA,Algeria,SL.UEM.TOTL.ZS,"Unemployment, total (% of total labor force) (modeled ILO estimate)",1996,28.268,,1
DZA,Algeria,SL.UEM.TOTL.ZS,"Unemployment, total (% of total labor force) (modeled ILO estimate)",1995,31.84,,1
DZA,Algeria,SL.UEM.TOTL.ZS,"Unemployment, total (% of total labor force) (modeled ILO estimate)",1994,27.74,,1
DZA,Algeria,SL.UEM.TOTL.ZS,"Unemployment, total (% of total labor force) (modeled ILO estimate)",1993,26.23,,1
DZA,Algeria,SL.UEM.TOTL.ZS,"Unemployment, total (% of total labor force) (modeled ILO estimate)",1992,24.38,,1
DZA,Algeria,SL.UEM.TOTL.ZS,"Unemployment, total (% of total labor force) (modeled ILO estimate)",1991,20.6,,1
AGO,Angola,SL.UEM.TOTL.ZS,"Unemployment, total (% of total labor force) (modeled ILO estimate)",2024,14.02,,1
AGO,Angola,SL.UEM.TOTL.ZS,"Unemployment, total (% of total labor force) (modeled ILO estimate)",2023,14.051,,1
AGO,Angola,SL.UEM.TOTL.ZS,"Unemployment, total (% of total labor force) (modeled ILO estimate)",2022,14.124,,1
AGO,Angola,SL.UEM.TOTL.ZS,"Unemployment, total (% of total labor force) (modeled ILO estimate)",2021,15.799,,1
AGO,Angola,SL.UEM.TOTL.ZS,"Unemployment, total (% of total labor force) (modeled ILO estimate)",2020,16.696,,1
AGO,Angola,SL.UEM.TOTL.ZS,"Unemployment, total (% of total labor force) (modeled ILO estimate)",2019,16.497,,1
AGO,Angola,SL.UEM.TOTL.ZS,"Unemployment, total (% of total labor force) (modeled ILO estimate)",2018,16.602,,1
AGO,Angola,SL.UEM.TOTL.ZS,"Unemployment, total (% of total labor force) (modeled ILO estimate)",2017,16.617,,1
AGO,Angola,SL.UEM.TOTL.ZS,"Unemployment, total (% of total labor force) (modeled ILO estimate)",2016,16.572,,1
AGO,Angola,SL.UEM.TOTL.ZS,"Unemployment, total (% of total labor force) (modeled ILO estimate)",2015,16.472,,1
AGO,Angola,SL.UEM.TOTL.ZS,"Unemployment, total (% of total labor force) (modeled ILO estimate)",2014,16.372,,1
AGO,Angola,SL.UEM.TOTL.ZS,"Unemployment, total (% of total labor force) (modeled ILO estimate)",2013,16.464,,1
AGO,Angola,SL.UEM.TOTL.ZS,"Unemployment, total (% of total labor force) (modeled ILO estimate)",2012,16.539,,1
AGO,Angola,SL.UEM.TOTL.ZS,"Unemployment, total (% of total labor force) (modeled ILO estimate)",2011,16.77,,1
AGO,Angola,SL.UEM.TOTL.ZS,"Unemployment, total (% of total labor force) (modeled ILO estimate)",2010,16.595,,1
AGO,Angola,SL.UEM.TOTL.ZS,"Unemployment, total (% of total labor force) (modeled ILO estimate)",2009,16.383,,1
AGO,Angola,SL.UEM.TOTL.ZS,"Unemployment, total (% of total labor force) (modeled ILO estimate)",2008,16.152,,1
AGO,Angola,SL.UEM.TOTL.ZS,"Unemployment, total (% of total labor force) (modeled ILO estimate)",2007,16.066,,1
AGO,Angola,SL.UEM.TOTL.ZS,"Unemployment, total (% of total labor force) (modeled ILO estimate)",2006,16.123,,1
AGO,Angola,SL.UEM.TOTL.ZS,"Unemployment, total (% of total labor force) (modeled ILO estimate)",2005,16.295,,1
AGO,Angola,SL.UEM.TOTL.ZS,"Unemployment, total (% of total labor force) (modeled ILO estimate)",2004,16.313,,1
AGO,Angola,SL.UEM.TOTL.ZS,"Unemployment, total (% of total labor force) (modeled ILO estimate)",2003,16.445,,1
AGO,Angola,SL.UEM.TOTL.ZS,"Unemployment, total (% of total labor force) (modeled ILO estimate)",2002,16.432,,1
AGO,Angola,SL.UEM.TOTL.ZS,"Unemployment, total (% of total labor force) (modeled ILO estimate)",2001,16.668,,1
AGO,Angola,SL.UEM.TOTL.ZS,"Unemployment, total (% of total labor force) (modeled ILO estimate)",2000,16.646,,1
AGO,Angola,SL.UEM.TOTL.ZS,"Unemployment, total (% of total labor force) (modeled ILO estimate)",1999,16.543,,1
AGO,Angola,SL.UEM.TOTL.ZS,"Unemployment, total (% of total labor force) (modeled ILO estimate)",1998,16.29,,1
AGO,Angola,SL.UEM.TOTL.ZS,"Unemployment, total (% of total labor force) (modeled ILO estimate)",1997,16.064,,1
AGO,Angola,SL.UEM.TOTL.ZS,"Unemployment, total (% of total labor force) (modeled ILO estimate)",1996,16.177,,1
AGO,Angola,SL.UEM.TOTL.ZS,"Unemployment, total (% of total labor force) (modeled ILO estimate)",1995,16.978,,1
AGO,Angola,SL.UEM.TOTL.ZS,"Unemployment, total (% of total labor force) (modeled ILO estimate)",1994,17.444,,1
AGO,Angola,SL.UEM.TOTL.ZS,"Unemployment, total (% of total labor force) (modeled ILO estimate)",1993,17.44,,1
AGO,Angola,SL.UEM.TOTL.ZS,"Unemployment, total (% of total labor force) (modeled ILO estimate)",1992,16.959,,1
AGO,Angola,SL.UEM.TOTL.ZS,"Unemployment, total (% of total labor force) (modeled ILO estimate)",1991,16.816,,1
ARG,Argentina,SL.UEM.TOTL.ZS,"Unemployment, total (% of total labor force) (modeled ILO estimate)",2024,7.15,,1
ARG,Argentina,SL.UEM.TOTL.ZS,"Unemployment, total (% of total labor force) (modeled ILO estimate)",2023,6.139,,1
ARG,Argentina,SL.UEM.TOTL.ZS,"Unemployment, total (% of total labor force) (modeled ILO estimate)",2022,6.805,,1
ARG,Argentina,SL.UEM.TOTL.ZS,"Unemployment, total (% of total labor force) (modeled ILO estimate)",2021,8.736,,1
ARG,Argentina,SL.UEM.TOTL.ZS,"Unemployment, total (% of total labor force) (modeled ILO estimate)",2020,11.461,,1
ARG,Argentina,SL.UEM.TOTL.ZS,"Unemployment, total (% of total labor force) (modeled ILO estimate)",2019,9.843,,1
ARG,Argentina,SL.UEM.TOTL.ZS,"Unemployment, total (% of total labor force) (modeled ILO estimate)",2018,9.22,,1
ARG,Argentina,SL.UEM.TOTL.ZS,"Unemployment, total (% of total labor force) (modeled ILO estimate)",2017,8.347,,1
ARG,Argentina,SL.UEM.TOTL.ZS,"Unemployment, total (% of total labor force) (modeled ILO estimate)",2016,8.088,,1
ARG,Argentina,SL.UEM.TOTL.ZS,"Unemployment, total (% of total labor force) (modeled ILO estimate)",2015,7.577,,1
ARG,Argentina,SL.UEM.TOTL.ZS,"Unemployment, total (% of total labor force) (modeled ILO estimate)",2014,7.268,,1
ARG,Argentina,SL.UEM.TOTL.ZS,"Unemployment, total (% of total labor force) (modeled ILO estimate)",2013,7.1,,1
ARG,Argentina,SL.UEM.TOTL.ZS,"Unemployment, total (% of total labor force) (modeled ILO estimate)",2012,7.217,,1
ARG,Argentina,SL.UEM.TOTL.ZS,"Unemployment, total (% of total labor force) (modeled ILO estimate)",2011,7.18,,1
ARG,Argentina,SL.UEM.TOTL.ZS,"Unemployment, total (% of total labor force) (modeled ILO estimate)",2010,7.714,,1
ARG,Argentina,SL.UEM.TOTL.ZS,"Unemployment, total (% of total labor force) (modeled ILO estimate)",2009,8.645,,1
ARG,Argentina,SL.UEM.TOTL.ZS,"Unemployment, total (% of total labor force) (modeled ILO estimate)",2008,7.837,,1
ARG,Argentina,SL.UEM.TOTL.ZS,"Unemployment, total (% of total labor force) (modeled ILO estimate)",2007,8.47,,1
ARG,Argentina,SL.UEM.TOTL.ZS,"Unemployment, total (% of total labor force) (modeled ILO estimate)",2006,10.078,,1
ARG,Argentina,SL.UEM.TOTL.ZS,"Unemployment, total (% of total labor force) (modeled ILO estimate)",2005,11.506,,1
ARG,Argentina,SL.UEM.TOTL.ZS,"Unemployment, total (% of total labor force) (modeled ILO estimate)",2004,13.522,,1
ARG,Argentina,SL.UEM.TOTL.ZS,"Unemployment, total (% of total labor force) (modeled ILO estimate)",2003,15.36,,1
ARG,Argentina,SL.UEM.TOTL.ZS,"Unemployment, total (% of total labor force) (modeled ILO estimate)",2002,19.59,,1
ARG,Argentina,SL.UEM.TOTL.ZS,"Unemployment, total (% of total labor force) (modeled ILO estimate)",2001,17.32,,1
ARG,Argentina,SL.UEM.TOTL.ZS,"Unemployment, total (% of total labor force) (modeled ILO estimate)",2000,15,,1
ARG,Argentina,SL.UEM.TOTL.ZS,"Unemployment, total (% of total labor force) (modeled ILO estimate)",1999,14.05,,1
ARG,Argentina,SL.UEM.TOTL.ZS,"Unemployment, total (% of total labor force) (modeled ILO estimate)",1998,12.65,,1
ARG,Argentina,SL.UEM.TOTL.ZS,"Unemployment, total (% of total labor force) (modeled ILO estimate)",1997,14.82,,1
ARG,Argentina,SL.UEM.TOTL.ZS,"Unemployment, total (% of total labor force) (modeled ILO estimate)",1996,17.11,,1
ARG,Argentina,SL.UEM.TOTL.ZS,"Unemployment, total (% of total labor force) (modeled ILO estimate)",1995,18.8,,1
ARG,Argentina,SL.UEM.TOTL.ZS,"Unemployment, total (% of total labor force) (modeled ILO estimate)",1994,11.76,,1
ARG,Argentina,SL.UEM.TOTL.ZS,"Unemployment, total (% of total labor force) (modeled ILO estimate)",1993,10.1,,1
ARG,Argentina,SL.UEM.TOTL.ZS,"Unemployment, total (% of total labor force) (modeled ILO estimate)",1992,6.36,,1
ARG,Argentina,SL.UEM.TOTL.ZS,"Unemployment, total (% of total labor force) (modeled ILO estimate)",1991,5.44,,1
ARM,Armenia,SL.UEM.TOTL.ZS,"Unemployment, total (% of total labor force) (modeled ILO estimate)",2024,12.405,,1
ARM,Armenia,SL.UEM.TOTL.ZS,"Unemployment, total (% of total labor force) (modeled ILO estimate)",2023,12.405,,1
ARM,Armenia,SL.UEM.TOTL.ZS,"Unemployment, total (% of total labor force) (modeled ILO estimate)",2022,13.451,,1
ARM,Armenia,SL.UEM.TOTL.ZS,"Unemployment, total (% of total labor force) (modeled ILO estimate)",2021,15.469,,1
ARM,Armenia,SL.UEM.TOTL.ZS,"Unemployment, total (% of total labor force) (modeled ILO estimate)",2020,18.175,,1
ARM,Armenia,SL.UEM.TOTL.ZS,"Unemployment, total (% of total labor force) (modeled ILO estimate)",2019,18.304,,1
ARM,Armenia,SL.UEM.TOTL.ZS,"Unemployment, total (% of total labor force) (modeled ILO estimate)",2018,18.966,,1
ARM,Armenia,SL.UEM.TOTL.ZS,"Unemployment, total (% of total labor force) (modeled ILO estimate)",2017,17.704,,1
ARM,Armenia,SL.UEM.TOTL.ZS,"Unemployment, total (% of total labor force) (modeled ILO estimate)",2016,17.617,,1
ARM,Armenia,SL.UEM.TOTL.ZS,"Unemployment, total (% of total labor force) (modeled ILO estimate)",2015,18.261,,1
ARM,Armenia,SL.UEM.TOTL.ZS,"Unemployment, total (% of total labor force) (modeled ILO estimate)",2014,17.498,,1
ARM,Armenia,SL.UEM.TOTL.ZS,"Unemployment, total (% of total labor force) (modeled ILO estimate)",2013,16.576,,1
ARM,Armenia,SL.UEM.TOTL.ZS,"Unemployment, total (% of total labor force) (modeled ILO estimate)",2012,17.511,,1
ARM,Armenia,SL.UEM.TOTL.ZS,"Unemployment, total (% of total labor force) (modeled ILO estimate)",2011,18.884,,1
ARM,Armenia,SL.UEM.TOTL.ZS,"Unemployment, total (% of total labor force) (modeled ILO estimate)",2010,19.523,,1
ARM,Armenia,SL.UEM.TOTL.ZS,"Unemployment, total (% of total labor force) (modeled ILO estimate)",2009,19.295,,1
ARM,Armenia,SL.UEM.TOTL.ZS,"Unemployment, total (% of total labor force) (modeled ILO estimate)",2008,17.1,,1
ARM,Armenia,SL.UEM.TOTL.ZS,"Unemployment, total (% of total labor force) (modeled ILO estimate)",2007,10.394,,1
ARM,Armenia,SL.UEM.TOTL.ZS,"Unemployment, total (% of total labor force) (modeled ILO estimate)",2006,10.497,,1
ARM,Armenia,SL.UEM.TOTL.ZS,"Unemployment, total (% of total labor force) (modeled ILO estimate)",2005,10.584,,1
ARM,Armenia,SL.UEM.TOTL.ZS,"Unemployment, total (% of total labor force) (modeled ILO estimate)",2004,10.676,,1
ARM,Armenia,SL.UEM.TOTL.ZS,"Unemployment, total (% of total labor force) (modeled ILO estimate)",2003,10.769,,1
ARM,Armenia,SL.UEM.TOTL.ZS,"Unemployment, total (% of total labor force) (modeled ILO estimate)",2002,10.888,,1
ARM,Armenia,SL.UEM.TOTL.ZS,"Unemployment, total (% of total labor force) (modeled ILO estimate)",2001,11.012,,1
ARM,Armenia,SL.UEM.TOTL.ZS,"Unemployment, total (% of total labor force) (modeled ILO estimate)",2000,11.107,,1
ARM,Armenia,SL.UEM.TOTL.ZS,"Unemployment, total (% of total labor force) (modeled ILO estimate)",1999,11.2,,1
ARM,Armenia,SL.UEM.TOTL.ZS,"Unemployment, total (% of total labor force) (modeled ILO estimate)",1998,9.4,,1
ARM,Armenia,SL.UEM.TOTL.ZS,"Unemployment, total (% of total labor force) (modeled ILO estimate)",1997,10.8,,1
ARM,Armenia,SL.UEM.TOTL.ZS,"Unemployment, total (% of total labor force) (modeled ILO estimate)",1996,9.3,,1
ARM,Armenia,SL.UEM.TOTL.ZS,"Unemployment, total (% of total labor force) (modeled ILO estimate)",1995,6.7,,1
ARM,Armenia,SL.UEM.TOTL.ZS,"Unemployment, total (% of total labor force) (modeled ILO estimate)",1994,6.6,,1
ARM,Armenia,SL.UEM.TOTL.ZS,"Unemployment, total (% of total labor force) (modeled ILO estimate)",1993,5.3,,1
ARM,Armenia,SL.UEM.TOTL.ZS,"Unemployment, total (% of total labor force) (modeled ILO estimate)",1992,1.8,,1
ARM,Armenia,SL.UEM.TOTL.ZS,"Unemployment, total (% of total labor force) (modeled ILO estimate)",1991,1.774,,1
AUS,Australia,SL.UEM.TOTL.ZS,"Unemployment, total (% of total labor force) (modeled ILO estimate)",2024,3.942,,1
AUS,Australia,SL.UEM.TOTL.ZS,"Unemployment, total (% of total labor force) (modeled ILO estimate)",2023,3.668,,1
AUS,Australia,SL.UEM.TOTL.ZS,"Unemployment, total (% of total labor force) (modeled ILO estimate)",2022,3.728,,1
AUS,Australia,SL.UEM.TOTL.ZS,"Unemployment, total (% of total labor force) (modeled ILO estimate)",2021,5.022,,1
AUS,Australia,SL.UEM.TOTL.ZS,"Unemployment, total (% of total labor force) (modeled ILO estimate)",2020,6.394,,1
AUS,Australia,SL.UEM.TOTL.ZS,"Unemployment, total (% of total labor force) (modeled ILO estimate)",2019,5.143,,1
AUS,Australia,SL.UEM.TOTL.ZS,"Unemployment, total (% of total labor force) (modeled ILO estimate)",2018,5.345,,1
AUS,Australia,SL.UEM.TOTL.ZS,"Unemployment, total (% of total labor force) (modeled ILO estimate)",2017,5.592,,1
AUS,Australia,SL.UEM.TOTL.ZS,"Unemployment, total (% of total labor force) (modeled ILO estimate)",2016,5.711,,1
AUS,Australia,SL.UEM.TOTL.ZS,"Unemployment, total (% of total labor force) (modeled ILO estimate)",2015,6.055,,1
AUS,Australia,SL.UEM.TOTL.ZS,"Unemployment, total (% of total labor force) (modeled ILO estimate)",2014,6.078,,1
AUS,Australia,SL.UEM.TOTL.ZS,"Unemployment, total (% of total labor force) (modeled ILO estimate)",2013,5.663,,1
AUS,Australia,SL.UEM.TOTL.ZS,"Unemployment, total (% of total labor force) (modeled ILO estimate)",2012,5.225,,1
AUS,Australia,SL.UEM.TOTL.ZS,"Unemployment, total (% of total labor force) (modeled ILO estimate)",2011,5.083,,1
AUS,Australia,SL.UEM.TOTL.ZS,"Unemployment, total (% of total labor force) (modeled ILO estimate)",2010,5.214,,1
AUS,Australia,SL.UEM.TOTL.ZS,"Unemployment, total (% of total labor force) (modeled ILO estimate)",2009,5.565,,1
AUS,Australia,SL.UEM.TOTL.ZS,"Unemployment, total (% of total labor force) (modeled ILO estimate)",2008,4.242,,1
AUS,Australia,SL.UEM.TOTL.ZS,"Unemployment, total (% of total labor force) (modeled ILO estimate)",2007,4.381,,1
AUS,Australia,SL.UEM.TOTL.ZS,"Unemployment, total (% of total labor force) (modeled ILO estimate)",2006,4.785,,1
AUS,Australia,SL.UEM.TOTL.ZS,"Unemployment, total (% of total labor force) (modeled ILO estimate)",2005,5.036,,1
AUS,Australia,SL.UEM.TOTL.ZS,"Unemployment, total (% of total labor force) (modeled ILO estimate)",2004,5.399,,1
AUS,Australia,SL.UEM.TOTL.ZS,"Unemployment, total (% of total labor force) (modeled ILO estimate)",2003,5.933,,1
AUS,Australia,SL.UEM.TOTL.ZS,"Unemployment, total (% of total labor force) (modeled ILO estimate)",2002,6.375,,1
AUS,Australia,SL.UEM.TOTL.ZS,"Unemployment, total (% of total labor force) (modeled ILO estimate)",2001,6.747,,1
AUS,Australia,SL.UEM.TOTL.ZS,"Unemployment, total (% of total labor force) (modeled ILO estimate)",2000,6.288,,1
AUS,Australia,SL.UEM.TOTL.ZS,"Unemployment, total (% of total labor force) (modeled ILO estimate)",1999,6.876,,1
AUS,Australia,SL.UEM.TOTL.ZS,"Unemployment, total (% of total labor force) (modeled ILO estimate)",1998,7.684,,1
AUS,Australia,SL.UEM.TOTL.ZS,"Unemployment, total (% of total labor force) (modeled ILO estimate)",1997,8.367,,1
AUS,Australia,SL.UEM.TOTL.ZS,"Unemployment, total (% of total labor force) (modeled ILO estimate)",1996,8.509,,1
AUS,Australia,SL.UEM.TOTL.ZS,"Unemployment, total (% of total labor force) (modeled ILO estimate)",1995,8.473,,1
AUS,Australia,SL.UEM.TOTL.ZS,"Unemployment, total (% of total labor force) (modeled ILO estimate)",1994,9.724,,1
AUS,Australia,SL.UEM.TOTL.ZS,"Unemployment, total (% of total labor force) (modeled ILO estimate)",1993,10.879,,1
AUS,Australia,SL.UEM.TOTL.ZS,"Unemployment, total (% of total labor force) (modeled ILO estimate)",1992,10.733,,1
AUS,Australia,SL.UEM.TOTL.ZS,"Unemployment, total (% of total labor force) (modeled ILO estimate)",1991,9.586,,1
AUT,Austria,SL.UEM.TOTL.ZS,"Unemployment, total (% of total labor force) (modeled ILO estimate)",2024,5.2,,1
AUT,Austria,SL.UEM.TOTL.ZS,"Unemployment, total (% of total labor force) (modeled ILO estimate)",2023,5.264,,1
AUT,Austria,SL.UEM.TOTL.ZS,"Unemployment, total (% of total labor force) (modeled ILO estimate)",2022,4.992,,1
AUT,Austria,SL.UEM.TOTL.ZS,"Unemployment, total (% of total labor force) (modeled ILO estimate)",2021,6.459,,1
AUT,Austria,SL.UEM.TOTL.ZS,"Unemployment, total (% of total labor force) (modeled ILO estimate)",2020,5.201,,1
AUT,Austria,SL.UEM.TOTL.ZS,"Unemployment, total (% of total labor force) (modeled ILO estimate)",2019,4.56,,1
AUT,Austria,SL.UEM.TOTL.ZS,"Unemployment, total (% of total labor force) (modeled ILO estimate)",2018,4.933,,1
AUT,Austria,SL.UEM.TOTL.ZS,"Unemployment, total (% of total labor force) (modeled ILO estimate)",2017,5.561,,1
AUT,Austria,SL.UEM.TOTL.ZS,"Unemployment, total (% of total labor force) (modeled ILO estimate)",2016,6.064,,1
AUT,Austria,SL.UEM.TOTL.ZS,"Unemployment, total (% of total labor force) (modeled ILO estimate)",2015,5.802,,1
AUT,Austria,SL.UEM.TOTL.ZS,"Unemployment, total (% of total labor force) (modeled ILO estimate)",2014,5.674,,1
AUT,Austria,SL.UEM.TOTL.ZS,"Unemployment, total (% of total labor force) (modeled ILO estimate)",2013,5.367,,1
AUT,Austria,SL.UEM.TOTL.ZS,"Unemployment, total (% of total labor force) (modeled ILO estimate)",2012,4.909,,1
AUT,Austria,SL.UEM.TOTL.ZS,"Unemployment, total (% of total labor force) (modeled ILO estimate)",2011,4.637,,1
AUT,Austria,SL.UEM.TOTL.ZS,"Unemployment, total (% of total labor force) (modeled ILO estimate)",2010,4.883,,1
AUT,Austria,SL.UEM.TOTL.ZS,"Unemployment, total (% of total labor force) (modeled ILO estimate)",2009,5.371,,1
AUT,Austria,SL.UEM.TOTL.ZS,"Unemployment, total (% of total labor force) (modeled ILO estimate)",2008,4.198,,1
AUT,Austria,SL.UEM.TOTL.ZS,"Unemployment, total (% of total labor force) (modeled ILO estimate)",2007,4.909,,1
AUT,Austria,SL.UEM.TOTL.ZS,"Unemployment, total (% of total labor force) (modeled ILO estimate)",2006,5.32,,1
AUT,Austria,SL.UEM.TOTL.ZS,"Unemployment, total (% of total labor force) (modeled ILO estimate)",2005,5.682,,1
AUT,Austria,SL.UEM.TOTL.ZS,"Unemployment, total (% of total labor force) (modeled ILO estimate)",2004,5.969,,1
AUT,Austria,SL.UEM.TOTL.ZS,"Unemployment, total (% of total labor force) (modeled ILO estimate)",2003,4.779,,1
AUT,Austria,SL.UEM.TOTL.ZS,"Unemployment, total (% of total labor force) (modeled ILO estimate)",2002,4.852,,1
AUT,Austria,SL.UEM.TOTL.ZS,"Unemployment, total (% of total labor force) (modeled ILO estimate)",2001,4.007,,1
AUT,Austria,SL.UEM.TOTL.ZS,"Unemployment, total (% of total labor force) (modeled ILO estimate)",2000,4.687,,1
AUT,Austria,SL.UEM.TOTL.ZS,"Unemployment, total (% of total labor force) (modeled ILO estimate)",1999,4.699,,1
AUT,Austria,SL.UEM.TOTL.ZS,"Unemployment, total (% of total labor force) (modeled ILO estimate)",1998,5.483,,1
AUT,Austria,SL.UEM.TOTL.ZS,"Unemployment, total (% of total labor force) (modeled ILO estimate)",1997,5.15,,1
AUT,Austria,SL.UEM.TOTL.ZS,"Unemployment, total (% of total labor force) (modeled ILO estimate)",1996,5.282,,1
AUT,Austria,SL.UEM.TOTL.ZS,"Unemployment, total (% of total labor force) (modeled ILO estimate)",1995,4.345,,1
AUT,Austria,SL.UEM.TOTL.ZS,"Unemployment, total (% of total labor force) (modeled ILO estimate)",1994,3.535,,1
AUT,Austria,SL.UEM.TOTL.ZS,"Unemployment, total (% of total labor force) (modeled ILO estimate)",1993,4.25,,1
AUT,Austria,SL.UEM.TOTL.ZS,"Unemployment, total (% of total labor force) (modeled ILO estimate)",1992,3.59,,1
AUT,Austria,SL.UEM.TOTL.ZS,"Unemployment, total (% of total labor force) (modeled ILO estimate)",1991,3.42,,1
AZE,Azerbaijan,SL.UEM.TOTL.ZS,"Unemployment, total (% of total labor force) (modeled ILO estimate)",2024,5.648,,1
AZE,Azerbaijan,SL.UEM.TOTL.ZS,"Unemployment, total (% of total labor force) (modeled ILO estimate)",2023,5.64,,1
AZE,Azerbaijan,SL.UEM.TOTL.ZS,"Unemployment, total (% of total labor force) (modeled ILO estimate)",2022,5.65,,1
AZE,Azerbaijan,SL.UEM.TOTL.ZS,"Unemployment, total (% of total labor force) (modeled ILO estimate)",2021,6.04,,1
AZE,Azerbaijan,SL.UEM.TOTL.ZS,"Unemployment, total (% of total labor force) (modeled ILO estimate)",2020,7.24,,1
AZE,Azerbaijan,SL.UEM.TOTL.ZS,"Unemployment, total (% of total labor force) (modeled ILO estimate)",2019,5,,1
AZE,Azerbaijan,SL.UEM.TOTL.ZS,"Unemployment, total (% of total labor force) (modeled ILO estimate)",2018,4.9,,1
AZE,Azerbaijan,SL.UEM.TOTL.ZS,"Unemployment, total (% of total labor force) (modeled ILO estimate)",2017,5,,1
AZE,Azerbaijan,SL.UEM.TOTL.ZS,"Unemployment, total (% of total labor force) (modeled ILO estimate)",2016,5,,1
AZE,Azerbaijan,SL.UEM.TOTL.ZS,"Unemployment, total (% of total labor force) (modeled ILO estimate)",2015,4.96,,1
AZE,Azerbaijan,SL.UEM.TOTL.ZS,"Unemployment, total (% of total labor force) (modeled ILO estimate)",2014,4.91,,1
AZE,Azerbaijan,SL.UEM.TOTL.ZS,"Unemployment, total (% of total labor force) (modeled ILO estimate)",2013,4.97,,1
AZE,Azerbaijan,SL.UEM.TOTL.ZS,"Unemployment, total (% of total labor force) (modeled ILO estimate)",2012,5.19,,1
AZE,Azerbaijan,SL.UEM.TOTL.ZS,"Unemployment, total (% of total labor force) (modeled ILO estimate)",2011,5.42,,1
AZE,Azerbaijan,SL.UEM.TOTL.ZS,"Unemployment, total (% of total labor force) (modeled ILO estimate)",2010,5.63,,1
AZE,Azerbaijan,SL.UEM.TOTL.ZS,"Unemployment, total (% of total labor force) (modeled ILO estimate)",2009,5.74,,1
AZE,Azerbaijan,SL.UEM.TOTL.ZS,"Unemployment, total (% of total labor force) (modeled ILO estimate)",2008,5.86,,1
AZE,Azerbaijan,SL.UEM.TOTL.ZS,"Unemployment, total (% of total labor force) (modeled ILO estimate)",2007,6.33,,1
AZE,Azerbaijan,SL.UEM.TOTL.ZS,"Unemployment, total (% of total labor force) (modeled ILO estimate)",2006,6.62,,1
AZE,Azerbaijan,SL.UEM.TOTL.ZS,"Unemployment, total (% of total labor force) (modeled ILO estimate)",2005,7.26,,1
AZE,Azerbaijan,SL.UEM.TOTL.ZS,"Unemployment, total (% of total labor force) (modeled ILO estimate)",2004,7.99,,1
AZE,Azerbaijan,SL.UEM.TOTL.ZS,"Unemployment, total (% of total labor force) (modeled ILO estimate)",2003,9.17,,1
AZE,Azerbaijan,SL.UEM.TOTL.ZS,"Unemployment, total (% of total labor force) (modeled ILO estimate)",2002,10.04,,1
AZE,Azerbaijan,SL.UEM.TOTL.ZS,"Unemployment, total (% of total labor force) (modeled ILO estimate)",2001,10.91,,1
AZE,Azerbaijan,SL.UEM.TOTL.ZS,"Unemployment, total (% of total labor force) (modeled ILO estimate)",2000,11.78,,1
AZE,Azerbaijan,SL.UEM.TOTL.ZS,"Unemployment, total (% of total labor force) (modeled ILO estimate)",1999,10.9,,1
AZE,Azerbaijan,SL.UEM.TOTL.ZS,"Unemployment, total (% of total labor force) (modeled ILO estimate)",1998,10,,1
AZE,Azerbaijan,SL.UEM.TOTL.ZS,"Unemployment, total (% of total labor force) (modeled ILO estimate)",1997,9.1,,1
AZE,Azerbaijan,SL.UEM.TOTL.ZS,"Unemployment, total (% of total labor force) (modeled ILO estimate)",1996,8.1,,1
AZE,Azerbaijan,SL.UEM.TOTL.ZS,"Unemployment, total (% of total labor force) (modeled ILO estimate)",1995,7.2,,1
AZE,Azerbaijan,SL.UEM.TOTL.ZS,"Unemployment, total (% of total labor force) (modeled ILO estimate)",1994,6.3,,1
AZE,Azerbaijan,SL.UEM.TOTL.ZS,"Unemployment, total (% of total labor force) (modeled ILO estimate)",1993,4.5,,1
AZE,Azerbaijan,SL.UEM.TOTL.ZS,"Unemployment, total (% of total labor force) (modeled ILO estimate)",1992,1.8,,1
AZE,Azerbaijan,SL.UEM.TOTL.ZS,"Unemployment, total (% of total labor force) (modeled ILO estimate)",1991,0.9,,1
BHS,"Bahamas, The",SL.UEM.TOTL.ZS,"Unemployment, total (% of total labor force) (modeled ILO estimate)",2024,9.049,,1
BHS,"Bahamas, The",SL.UEM.TOTL.ZS,"Unemployment, total (% of total labor force) (modeled ILO estimate)",2023,8.645,,1
BHS,"Bahamas, The",SL.UEM.TOTL.ZS,"Unemployment, total (% of total labor force) (modeled ILO estimate)",2022,9.25,,1
BHS,"Bahamas, The",SL.UEM.TOTL.ZS,"Unemployment, total (% of total labor force) (modeled ILO estimate)",2021,11.078,,1
BHS,"Bahamas, The",SL.UEM.TOTL.ZS,"Unemployment, total (% of total labor force) (modeled ILO estimate)",2020,12.016,,1
BHS,"Bahamas, The",SL.UEM.TOTL.ZS,"Unemployment, total (% of total labor force) (modeled ILO estimate)",2019,9.336,,1
BHS,"Bahamas, The",SL.UEM.TOTL.ZS,"Unemployment, total (% of total labor force) (modeled ILO estimate)",2018,10,,1
BHS,"Bahamas, The",SL.UEM.TOTL.ZS,"Unemployment, total (% of total labor force) (modeled ILO estimate)",2017,9.8,,1
BHS,"Bahamas, The",SL.UEM.TOTL.ZS,"Unemployment, total (% of total labor force) (modeled ILO estimate)",2016,12.7,,1
BHS,"Bahamas, The",SL.UEM.TOTL.ZS,"Unemployment, total (% of total labor force) (modeled ILO estimate)",2015,12,,1
BHS,"Bahamas, The",SL.UEM.TOTL.ZS,"Unemployment, total (% of total labor force) (modeled ILO estimate)",2014,13.8,,1
BHS,"Bahamas, The",SL.UEM.TOTL.ZS,"Unemployment, total (% of total labor force) (modeled ILO estimate)",2013,16.18,,1
BHS,"Bahamas, The",SL.UEM.TOTL.ZS,"Unemployment, total (% of total labor force) (modeled ILO estimate)",2012,14.02,,1
BHS,"Bahamas, The",SL.UEM.TOTL.ZS,"Unemployment, total (% of total labor force) (modeled ILO estimate)",2011,14.52,,1
BHS,"Bahamas, The",SL.UEM.TOTL.ZS,"Unemployment, total (% of total labor force) (modeled ILO estimate)",2010,14.435,,1
BHS,"Bahamas, The",SL.UEM.TOTL.ZS,"Unemployment, total (% of total labor force) (modeled ILO estimate)",2009,14.25,,1
BHS,"Bahamas, The",SL.UEM.TOTL.ZS,"Unemployment, total (% of total labor force) (modeled ILO estimate)",2008,8.18,,1
BHS,"Bahamas, The",SL.UEM.TOTL.ZS,"Unemployment, total (% of total labor force) (modeled ILO estimate)",2007,7.88,,1
BHS,"Bahamas, The",SL.UEM.TOTL.ZS,"Unemployment, total (% of total labor force) (modeled ILO estimate)",2006,7.54,,1
BHS,"Bahamas, The",SL.UEM.TOTL.ZS,"Unemployment, total (% of total labor force) (modeled ILO estimate)",2005,10.2,,1
BHS,"Bahamas, The",SL.UEM.TOTL.ZS,"Unemployment, total (% of total labor force) (modeled ILO estimate)",2004,10.2,,1
BHS,"Bahamas, The",SL.UEM.TOTL.ZS,"Unemployment, total (% of total labor force) (modeled ILO estimate)",2003,10.84,,1
BHS,"Bahamas, The",SL.UEM.TOTL.ZS,"Unemployment, total (% of total labor force) (modeled ILO estimate)",2002,9.05,,1
BHS,"Bahamas, The",SL.UEM.TOTL.ZS,"Unemployment, total (% of total labor force) (modeled ILO estimate)",2001,6.87,,1
BHS,"Bahamas, The",SL.UEM.TOTL.ZS,"Unemployment, total (% of total labor force) (modeled ILO estimate)",2000,7.118,,1
BHS,"Bahamas, The",SL.UEM.TOTL.ZS,"Unemployment, total (% of total labor force) (modeled ILO estimate)",1999,7.45,,1
BHS,"Bahamas, The",SL.UEM.TOTL.ZS,"Unemployment, total (% of total labor force) (modeled ILO estimate)",1998,7.65,,1
BHS,"Bahamas, The",SL.UEM.TOTL.ZS,"Unemployment, total (% of total labor force) (modeled ILO estimate)",1997,9.76,,1
BHS,"Bahamas, The",SL.UEM.TOTL.ZS,"Unemployment, total (% of total labor force) (modeled ILO estimate)",1996,11.46,,1
BHS,"Bahamas, The",SL.UEM.TOTL.ZS,"Unemployment, total (% of total labor force) (modeled ILO estimate)",1995,10.83,,1
BHS,"Bahamas, The",SL.UEM.TOTL.ZS,"Unemployment, total (% of total labor force) (modeled ILO estimate)",1994,13.83,,1
BHS,"Bahamas, The",SL.UEM.TOTL.ZS,"Unemployment, total (% of total labor force) (modeled ILO estimate)",1993,12.72,,1
BHS,"Bahamas, The",SL.UEM.TOTL.ZS,"Unemployment, total (% of total labor force) (modeled ILO estimate)",1992,14.81,,1
BHS,"Bahamas, The",SL.UEM.TOTL.ZS,"Unemployment, total (% of total labor force) (modeled ILO estimate)",1991,12.17,,1
BHR,Bahrain,SL.UEM.TOTL.ZS,"Unemployment, total (% of total labor force) (modeled ILO estimate)",2024,1.084,,1
BHR,Bahrain,SL.UEM.TOTL.ZS,"Unemployment, total (% of total labor force) (modeled ILO estimate)",2023,1.049,,1
BHR,Bahrain,SL.UEM.TOTL.ZS,"Unemployment, total (% of total labor force) (modeled ILO estimate)",2022,1.265,,1
BHR,Bahrain,SL.UEM.TOTL.ZS,"Unemployment, total (% of total labor force) (modeled ILO estimate)",2021,1.548,,1
BHR,Bahrain,SL.UEM.TOTL.ZS,"Unemployment, total (% of total labor force) (modeled ILO estimate)",2020,1.765,,1
BHR,Bahrain,SL.UEM.TOTL.ZS,"Unemployment, total (% of total labor force) (modeled ILO estimate)",2019,1.217,,1
BHR,Bahrain,SL.UEM.TOTL.ZS,"Unemployment, total (% of total labor force) (modeled ILO estimate)",2018,1.188,,1
BHR,Bahrain,SL.UEM.TOTL.ZS,"Unemployment, total (% of total labor force) (modeled ILO estimate)",2017,1.18,,1
BHR,Bahrain,SL.UEM.TOTL.ZS,"Unemployment, total (% of total labor force) (modeled ILO estimate)",2016,1.19,,1
BHR,Bahrain,SL.UEM.TOTL.ZS,"Unemployment, total (% of total labor force) (modeled ILO estimate)",2015,1.164,,1
BHR,Bahrain,SL.UEM.TOTL.ZS,"Unemployment, total (% of total labor force) (modeled ILO estimate)",2014,1.144,,1
BHR,Bahrain,SL.UEM.TOTL.ZS,"Unemployment, total (% of total labor force) (modeled ILO estimate)",2013,1.184,,1
BHR,Bahrain,SL.UEM.TOTL.ZS,"Unemployment, total (% of total labor force) (modeled ILO estimate)",2012,1.2,,1
BHR,Bahrain,SL.UEM.TOTL.ZS,"Unemployment, total (% of total labor force) (modeled ILO estimate)",2011,1.21,,1
BHR,Bahrain,SL.UEM.TOTL.ZS,"Unemployment, total (% of total labor force) (modeled ILO estimate)",2010,1.13,,1
BHR,Bahrain,SL.UEM.TOTL.ZS,"Unemployment, total (% of total labor force) (modeled ILO estimate)",2009,1.07,,1
BHR,Bahrain,SL.UEM.TOTL.ZS,"Unemployment, total (% of total labor force) (modeled ILO estimate)",2008,1.015,,1
BHR,Bahrain,SL.UEM.TOTL.ZS,"Unemployment, total (% of total labor force) (modeled ILO estimate)",2007,1.006,,1
BHR,Bahrain,SL.UEM.TOTL.ZS,"Unemployment, total (% of total labor force) (modeled ILO estimate)",2006,1.021,,1
BHR,Bahrain,SL.UEM.TOTL.ZS,"Unemployment, total (% of total labor force) (modeled ILO estimate)",2005,1.021,,1
BHR,Bahrain,SL.UEM.TOTL.ZS,"Unemployment, total (% of total labor force) (modeled ILO estimate)",2004,1.064,,1
BHR,Bahrain,SL.UEM.TOTL.ZS,"Unemployment, total (% of total labor force) (modeled ILO estimate)",2003,1.126,,1
BHR,Bahrain,SL.UEM.TOTL.ZS,"Unemployment, total (% of total labor force) (modeled ILO estimate)",2002,1.137,,1
BHR,Bahrain,SL.UEM.TOTL.ZS,"Unemployment, total (% of total labor force) (modeled ILO estimate)",2001,1.118,,1
BHR,Bahrain,SL.UEM.TOTL.ZS,"Unemployment, total (% of total labor force) (modeled ILO estimate)",2000,1.081,,1
BHR,Bahrain,SL.UEM.TOTL.ZS,"Unemployment, total (% of total labor force) (modeled ILO estimate)",1999,1.112,,1
BHR,Bahrain,SL.UEM.TOTL.ZS,"Unemployment, total (% of total labor force) (modeled ILO estimate)",1998,1.114,,1
BHR,Bahrain,SL.UEM.TOTL.ZS,"Unemployment, total (% of total labor force) (modeled ILO estimate)",1997,1.125,,1
BHR,Bahrain,SL.UEM.TOTL.ZS,"Unemployment, total (% of total labor force) (modeled ILO estimate)",1996,1.177,,1
BHR,Bahrain,SL.UEM.TOTL.ZS,"Unemployment, total (% of total labor force) (modeled ILO estimate)",1995,1.044,,1
BHR,Bahrain,SL.UEM.TOTL.ZS,"Unemployment, total (% of total labor force) (modeled ILO estimate)",1994,1.007,,1
BHR,Bahrain,SL.UEM.TOTL.ZS,"Unemployment, total (% of total labor force) (modeled ILO estimate)",1993,0.882,,1
BHR,Bahrain,SL.UEM.TOTL.ZS,"Unemployment, total (% of total labor force) (modeled ILO estimate)",1992,0.968,,1
BHR,Bahrain,SL.UEM.TOTL.ZS,"Unemployment, total (% of total labor force) (modeled ILO estimate)",1991,1.047,,1
BGD,Bangladesh,SL.UEM.TOTL.ZS,"Unemployment, total (% of total labor force) (modeled ILO estimate)",2024,3.635,,1
BGD,Bangladesh,SL.UEM.TOTL.ZS,"Unemployment, total (% of total labor force) (modeled ILO estimate)",2023,3.352,,1
BGD,Bangladesh,SL.UEM.TOTL.ZS,"Unemployment, total (% of total labor force) (modeled ILO estimate)",2022,4.593,,1
BGD,Bangladesh,SL.UEM.TOTL.ZS,"Unemployment, total (% of total labor force) (modeled ILO estimate)",2021,5.457,,1
BGD,Bangladesh,SL.UEM.TOTL.ZS,"Unemployment, total (% of total labor force) (modeled ILO estimate)",2020,5.539,,1
BGD,Bangladesh,SL.UEM.TOTL.ZS,"Unemployment, total (% of total labor force) (modeled ILO estimate)",2019,4.504,,1
BGD,Bangladesh,SL.UEM.TOTL.ZS,"Unemployment, total (% of total labor force) (modeled ILO estimate)",2018,4.439,,1
BGD,Bangladesh,SL.UEM.TOTL.ZS,"Unemployment, total (% of total labor force) (modeled ILO estimate)",2017,4.372,,1
BGD,Bangladesh,SL.UEM.TOTL.ZS,"Unemployment, total (% of total labor force) (modeled ILO estimate)",2016,4.35,,1
BGD,Bangladesh,SL.UEM.TOTL.ZS,"Unemployment, total (% of total labor force) (modeled ILO estimate)",2015,4.397,,1
BGD,Bangladesh,SL.UEM.TOTL.ZS,"Unemployment, total (% of total labor force) (modeled ILO estimate)",2014,4.417,,1
BGD,Bangladesh,SL.UEM.TOTL.ZS,"Unemployment, total (% of total labor force) (modeled ILO estimate)",2013,4.426,,1
BGD,Bangladesh,SL.UEM.TOTL.ZS,"Unemployment, total (% of total labor force) (modeled ILO estimate)",2012,4.07,,1
BGD,Bangladesh,SL.UEM.TOTL.ZS,"Unemployment, total (% of total labor force) (modeled ILO estimate)",2011,3.737,,1
BGD,Bangladesh,SL.UEM.TOTL.ZS,"Unemployment, total (% of total labor force) (modeled ILO estimate)",2010,3.379,,1
BGD,Bangladesh,SL.UEM.TOTL.ZS,"Unemployment, total (% of total labor force) (modeled ILO estimate)",2009,5,,1
BGD,Bangladesh,SL.UEM.TOTL.ZS,"Unemployment, total (% of total labor force) (modeled ILO estimate)",2008,4.49,,1
BGD,Bangladesh,SL.UEM.TOTL.ZS,"Unemployment, total (% of total labor force) (modeled ILO estimate)",2007,4.015,,1
BGD,Bangladesh,SL.UEM.TOTL.ZS,"Unemployment, total (% of total labor force) (modeled ILO estimate)",2006,3.591,,1
BGD,Bangladesh,SL.UEM.TOTL.ZS,"Unemployment, total (% of total labor force) (modeled ILO estimate)",2005,4.25,,1
BGD,Bangladesh,SL.UEM.TOTL.ZS,"Unemployment, total (% of total labor force) (modeled ILO estimate)",2004,4.316,,1
BGD,Bangladesh,SL.UEM.TOTL.ZS,"Unemployment, total (% of total labor force) (modeled ILO estimate)",2003,4.32,,1
BGD,Bangladesh,SL.UEM.TOTL.ZS,"Unemployment, total (% of total labor force) (modeled ILO estimate)",2002,3.966,,1
BGD,Bangladesh,SL.UEM.TOTL.ZS,"Unemployment, total (% of total labor force) (modeled ILO estimate)",2001,3.609,,1
BGD,Bangladesh,SL.UEM.TOTL.ZS,"Unemployment, total (% of total labor force) (modeled ILO estimate)",2000,3.27,,1
BGD,Bangladesh,SL.UEM.TOTL.ZS,"Unemployment, total (% of total labor force) (modeled ILO estimate)",1999,3.088,,1
BGD,Bangladesh,SL.UEM.TOTL.ZS,"Unemployment, total (% of total labor force) (modeled ILO estimate)",1998,2.893,,1
BGD,Bangladesh,SL.UEM.TOTL.ZS,"Unemployment, total (% of total labor force) (modeled ILO estimate)",1997,2.698,,1
BGD,Bangladesh,SL.UEM.TOTL.ZS,"Unemployment, total (% of total labor force) (modeled ILO estimate)",1996,2.51,,1
BGD,Bangladesh,SL.UEM.TOTL.ZS,"Unemployment, total (% of total labor force) (modeled ILO estimate)",1995,2.441,,1
BGD,Bangladesh,SL.UEM.TOTL.ZS,"Unemployment, total (% of total labor force) (modeled ILO estimate)",1994,2.37,,1
BGD,Bangladesh,SL.UEM.TOTL.ZS,"Unemployment, total (% of total labor force) (modeled ILO estimate)",1993,2.31,,1
BGD,Bangladesh,SL.UEM.TOTL.ZS,"Unemployment, total (% of total labor force) (modeled ILO estimate)",1992,2.233,,1
BGD,Bangladesh,SL.UEM.TOTL.ZS,"Unemployment, total (% of total labor force) (modeled ILO estimate)",1991,2.2,,1
BRB,Barbados,SL.UEM.TOTL.ZS,"Unemployment, total (% of total labor force) (modeled ILO estimate)",2024,6.448,,1
BRB,Barbados,SL.UEM.TOTL.ZS,"Unemployment, total (% of total labor force) (modeled ILO estimate)",2023,6.54,,1
BRB,Barbados,SL.UEM.TOTL.ZS,"Unemployment, total (% of total labor force) (modeled ILO estimate)",2022,7.261,,1
BRB,Barbados,SL.UEM.TOTL.ZS,"Unemployment, total (% of total labor force) (modeled ILO estimate)",2021,11.015,,1
BRB,Barbados,SL.UEM.TOTL.ZS,"Unemployment, total (% of total labor force) (modeled ILO estimate)",2020,10.586,,1
BRB,Barbados,SL.UEM.TOTL.ZS,"Unemployment, total (% of total labor force) (modeled ILO estimate)",2019,8.41,,1
BRB,Barbados,SL.UEM.TOTL.ZS,"Unemployment, total (% of total labor force) (modeled ILO estimate)",2018,8.321,,1
BRB,Barbados,SL.UEM.TOTL.ZS,"Unemployment, total (% of total labor force) (modeled ILO estimate)",2017,8.62,,1
BRB,Barbados,SL.UEM.TOTL.ZS,"Unemployment, total (% of total labor force) (modeled ILO estimate)",2016,8.247,,1
BRB,Barbados,SL.UEM.TOTL.ZS,"Unemployment, total (% of total labor force) (modeled ILO estimate)",2015,9.803,,1
BRB,Barbados,SL.UEM.TOTL.ZS,"Unemployment, total (% of total labor force) (modeled ILO estimate)",2014,12.17,,1
BRB,Barbados,SL.UEM.TOTL.ZS,"Unemployment, total (% of total labor force) (modeled ILO estimate)",2013,11.55,,1
BRB,Barbados,SL.UEM.TOTL.ZS,"Unemployment, total (% of total labor force) (modeled ILO estimate)",2012,11.59,,1
BRB,Barbados,SL.UEM.TOTL.ZS,"Unemployment, total (% of total labor force) (modeled ILO estimate)",2011,11.19,,1
BRB,Barbados,SL.UEM.TOTL.ZS,"Unemployment, total (% of total labor force) (modeled ILO estimate)",2010,10.69,,1
BRB,Barbados,SL.UEM.TOTL.ZS,"Unemployment, total (% of total labor force) (modeled ILO estimate)",2009,10.02,,1
BRB,Barbados,SL.UEM.TOTL.ZS,"Unemployment, total (% of total labor force) (modeled ILO estimate)",2008,8.12,,1
BRB,Barbados,SL.UEM.TOTL.ZS,"Unemployment, total (% of total labor force) (modeled ILO estimate)",2007,7.41,,1
BRB,Barbados,SL.UEM.TOTL.ZS,"Unemployment, total (% of total labor force) (modeled ILO estimate)",2006,8.73,,1
BRB,Barbados,SL.UEM.TOTL.ZS,"Unemployment, total (% of total labor force) (modeled ILO estimate)",2005,9.08,,1
BRB,Barbados,SL.UEM.TOTL.ZS,"Unemployment, total (% of total labor force) (modeled ILO estimate)",2004,9.57,,1
BRB,Barbados,SL.UEM.TOTL.ZS,"Unemployment, total (% of total labor force) (modeled ILO estimate)",2003,11,,1
BRB,Barbados,SL.UEM.TOTL.ZS,"Unemployment, total (% of total labor force) (modeled ILO estimate)",2002,10.32,,1
BRB,Barbados,SL.UEM.TOTL.ZS,"Unemployment, total (% of total labor force) (modeled ILO estimate)",2001,9.85,,1
BRB,Barbados,SL.UEM.TOTL.ZS,"Unemployment, total (% of total labor force) (modeled ILO estimate)",2000,9.35,,1
BRB,Barbados,SL.UEM.TOTL.ZS,"Unemployment, total (% of total labor force) (modeled ILO estimate)",1999,10.61,,1
BRB,Barbados,SL.UEM.TOTL.ZS,"Unemployment, total (% of total labor force) (modeled ILO estimate)",1998,12.4,,1
BRB,Barbados,SL.UEM.TOTL.ZS,"Unemployment, total (% of total labor force) (modeled ILO estimate)",1997,14.61,,1
BRB,Barbados,SL.UEM.TOTL.ZS,"Unemployment, total (% of total labor force) (modeled ILO estimate)",1996,14.71,,1
BRB,Barbados,SL.UEM.TOTL.ZS,"Unemployment, total (% of total labor force) (modeled ILO estimate)",1995,19.66,,1
BRB,Barbados,SL.UEM.TOTL.ZS,"Unemployment, total (% of total labor force) (modeled ILO estimate)",1994,22.98,,1
BRB,Barbados,SL.UEM.TOTL.ZS,"Unemployment, total (% of total labor force) (modeled ILO estimate)",1993,24.54,,1
BRB,Barbados,SL.UEM.TOTL.ZS,"Unemployment, total (% of total labor force) (modeled ILO estimate)",1992,22.94,,1
BRB,Barbados,SL.UEM.TOTL.ZS,"Unemployment, total (% of total labor force) (modeled ILO estimate)",1991,22.41,,1
BLR,Belarus,SL.UEM.TOTL.ZS,"Unemployment, total (% of total labor force) (modeled ILO estimate)",2024,3.458,,1
BLR,Belarus,SL.UEM.TOTL.ZS,"Unemployment, total (% of total labor force) (modeled ILO estimate)",2023,3.461,,1
BLR,Belarus,SL.UEM.TOTL.ZS,"Unemployment, total (% of total labor force) (modeled ILO estimate)",2022,3.574,,1
BLR,Belarus,SL.UEM.TOTL.ZS,"Unemployment, total (% of total labor force) (modeled ILO estimate)",2021,3.9,,1
BLR,Belarus,SL.UEM.TOTL.ZS,"Unemployment, total (% of total labor force) (modeled ILO estimate)",2020,4.049,,1
BLR,Belarus,SL.UEM.TOTL.ZS,"Unemployment, total (% of total labor force) (modeled ILO estimate)",2019,4.165,,1
BLR,Belarus,SL.UEM.TOTL.ZS,"Unemployment, total (% of total labor force) (modeled ILO estimate)",2018,4.763,,1
BLR,Belarus,SL.UEM.TOTL.ZS,"Unemployment, total (% of total labor force) (modeled ILO estimate)",2017,5.648,,1
BLR,Belarus,SL.UEM.TOTL.ZS,"Unemployment, total (% of total labor force) (modeled ILO estimate)",2016,5.844,,1
BLR,Belarus,SL.UEM.TOTL.ZS,"Unemployment, total (% of total labor force) (modeled ILO estimate)",2015,5.881,,1
BLR,Belarus,SL.UEM.TOTL.ZS,"Unemployment, total (% of total labor force) (modeled ILO estimate)",2014,5.908,,1
BLR,Belarus,SL.UEM.TOTL.ZS,"Unemployment, total (% of total labor force) (modeled ILO estimate)",2013,5.942,,1
BLR,Belarus,SL.UEM.TOTL.ZS,"Unemployment, total (% of total labor force) (modeled ILO estimate)",2012,5.962,,1
BLR,Belarus,SL.UEM.TOTL.ZS,"Unemployment, total (% of total labor force) (modeled ILO estimate)",2011,6.024,,1
BLR,Belarus,SL.UEM.TOTL.ZS,"Unemployment, total (% of total labor force) (modeled ILO estimate)",2010,6.052,,1
BLR,Belarus,SL.UEM.TOTL.ZS,"Unemployment, total (% of total labor force) (modeled ILO estimate)",2009,6.1,,1
BLR,Belarus,SL.UEM.TOTL.ZS,"Unemployment, total (% of total labor force) (modeled ILO estimate)",2008,6.728,,1
BLR,Belarus,SL.UEM.TOTL.ZS,"Unemployment, total (% of total labor force) (modeled ILO estimate)",2007,7.41,,1
BLR,Belarus,SL.UEM.TOTL.ZS,"Unemployment, total (% of total labor force) (modeled ILO estimate)",2006,8.066,,1
BLR,Belarus,SL.UEM.TOTL.ZS,"Unemployment, total (% of total labor force) (modeled ILO estimate)",2005,8.759,,1
BLR,Belarus,SL.UEM.TOTL.ZS,"Unemployment, total (% of total labor force) (modeled ILO estimate)",2004,9.463,,1
BLR,Belarus,SL.UEM.TOTL.ZS,"Unemployment, total (% of total labor force) (modeled ILO estimate)",2003,10.191,,1
BLR,Belarus,SL.UEM.TOTL.ZS,"Unemployment, total (% of total labor force) (modeled ILO estimate)",2002,10.874,,1
BLR,Belarus,SL.UEM.TOTL.ZS,"Unemployment, total (% of total labor force) (modeled ILO estimate)",2001,11.561,,1
BLR,Belarus,SL.UEM.TOTL.ZS,"Unemployment, total (% of total labor force) (modeled ILO estimate)",2000,12.193,,1
BLR,Belarus,SL.UEM.TOTL.ZS,"Unemployment, total (% of total labor force) (modeled ILO estimate)",1999,12.8,,1
BLR,Belarus,SL.UEM.TOTL.ZS,"Unemployment, total (% of total labor force) (modeled ILO estimate)",1998,14,,1
BLR,Belarus,SL.UEM.TOTL.ZS,"Unemployment, total (% of total labor force) (modeled ILO estimate)",1997,17.1,,1
BLR,Belarus,SL.UEM.TOTL.ZS,"Unemployment, total (% of total labor force) (modeled ILO estimate)",1996,24.4,,1
BLR,Belarus,SL.UEM.TOTL.ZS,"Unemployment, total (% of total labor force) (modeled ILO estimate)",1995,17.7,,1
BLR,Belarus,SL.UEM.TOTL.ZS,"Unemployment, total (% of total labor force) (modeled ILO estimate)",1994,12.8,,1
BLR,Belarus,SL.UEM.TOTL.ZS,"Unemployment, total (% of total labor force) (modeled ILO estimate)",1993,8.5,,1
BLR,Belarus,SL.UEM.TOTL.ZS,"Unemployment, total (% of total labor force) (modeled ILO estimate)",1992,3.1,,1
BLR,Belarus,SL.UEM.TOTL.ZS,"Unemployment, total (% of total labor force) (modeled ILO estimate)",1991,0.6,,1
BEL,Belgium,SL.UEM.TOTL.ZS,"Unemployment, total (% of total labor force) (modeled ILO estimate)",2024,5.7,,1
BEL,Belgium,SL.UEM.TOTL.ZS,"Unemployment, total (% of total labor force) (modeled ILO estimate)",2023,5.547,,1
BEL,Belgium,SL.UEM.TOTL.ZS,"Unemployment, total (% of total labor force) (modeled ILO estimate)",2022,5.57,,1
BEL,Belgium,SL.UEM.TOTL.ZS,"Unemployment, total (% of total labor force) (modeled ILO estimate)",2021,6.248,,1
BEL,Belgium,SL.UEM.TOTL.ZS,"Unemployment, total (% of total labor force) (modeled ILO estimate)",2020,5.545,,1
BEL,Belgium,SL.UEM.TOTL.ZS,"Unemployment, total (% of total labor force) (modeled ILO estimate)",2019,5.364,,1
BEL,Belgium,SL.UEM.TOTL.ZS,"Unemployment, total (% of total labor force) (modeled ILO estimate)",2018,5.941,,1
BEL,Belgium,SL.UEM.TOTL.ZS,"Unemployment, total (% of total labor force) (modeled ILO estimate)",2017,7.09,,1
BEL,Belgium,SL.UEM.TOTL.ZS,"Unemployment, total (% of total labor force) (modeled ILO estimate)",2016,7.83,,1
BEL,Belgium,SL.UEM.TOTL.ZS,"Unemployment, total (% of total labor force) (modeled ILO estimate)",2015,8.482,,1
BEL,Belgium,SL.UEM.TOTL.ZS,"Unemployment, total (% of total labor force) (modeled ILO estimate)",2014,8.523,,1
BEL,Belgium,SL.UEM.TOTL.ZS,"Unemployment, total (% of total labor force) (modeled ILO estimate)",2013,8.425,,1
BEL,Belgium,SL.UEM.TOTL.ZS,"Unemployment, total (% of total labor force) (modeled ILO estimate)",2012,7.542,,1
BEL,Belgium,SL.UEM.TOTL.ZS,"Unemployment, total (% of total labor force) (modeled ILO estimate)",2011,7.14,,1
BEL,Belgium,SL.UEM.TOTL.ZS,"Unemployment, total (% of total labor force) (modeled ILO estimate)",2010,8.293,,1
BEL,Belgium,SL.UEM.TOTL.ZS,"Unemployment, total (% of total labor force) (modeled ILO estimate)",2009,7.908,,1
BEL,Belgium,SL.UEM.TOTL.ZS,"Unemployment, total (% of total labor force) (modeled ILO estimate)",2008,6.976,,1
BEL,Belgium,SL.UEM.TOTL.ZS,"Unemployment, total (% of total labor force) (modeled ILO estimate)",2007,7.459,,1
BEL,Belgium,SL.UEM.TOTL.ZS,"Unemployment, total (% of total labor force) (modeled ILO estimate)",2006,8.246,,1
BEL,Belgium,SL.UEM.TOTL.ZS,"Unemployment, total (% of total labor force) (modeled ILO estimate)",2005,8.44,,1
BEL,Belgium,SL.UEM.TOTL.ZS,"Unemployment, total (% of total labor force) (modeled ILO estimate)",2004,7.363,,1
BEL,Belgium,SL.UEM.TOTL.ZS,"Unemployment, total (% of total labor force) (modeled ILO estimate)",2003,7.68,,1
BEL,Belgium,SL.UEM.TOTL.ZS,"Unemployment, total (% of total labor force) (modeled ILO estimate)",2002,6.91,,1
BEL,Belgium,SL.UEM.TOTL.ZS,"Unemployment, total (% of total labor force) (modeled ILO estimate)",2001,6.178,,1
BEL,Belgium,SL.UEM.TOTL.ZS,"Unemployment, total (% of total labor force) (modeled ILO estimate)",2000,6.586,,1
BEL,Belgium,SL.UEM.TOTL.ZS,"Unemployment, total (% of total labor force) (modeled ILO estimate)",1999,8.649,,1
BEL,Belgium,SL.UEM.TOTL.ZS,"Unemployment, total (% of total labor force) (modeled ILO estimate)",1998,9.322,,1
BEL,Belgium,SL.UEM.TOTL.ZS,"Unemployment, total (% of total labor force) (modeled ILO estimate)",1997,8.95,,1
BEL,Belgium,SL.UEM.TOTL.ZS,"Unemployment, total (% of total labor force) (modeled ILO estimate)",1996,9.483,,1
BEL,Belgium,SL.UEM.TOTL.ZS,"Unemployment, total (% of total labor force) (modeled ILO estimate)",1995,9.337,,1
BEL,Belgium,SL.UEM.TOTL.ZS,"Unemployment, total (% of total labor force) (modeled ILO estimate)",1994,9.645,,1
BEL,Belgium,SL.UEM.TOTL.ZS,"Unemployment, total (% of total labor force) (modeled ILO estimate)",1993,8.078,,1
BEL,Belgium,SL.UEM.TOTL.ZS,"Unemployment, total (% of total labor force) (modeled ILO estimate)",1992,6.702,,1
BEL,Belgium,SL.UEM.TOTL.ZS,"Unemployment, total (% of total labor force) (modeled ILO estimate)",1991,6.984,,1
BLZ,Belize,SL.UEM.TOTL.ZS,"Unemployment, total (% of total labor force) (modeled ILO estimate)",2024,8.698,,1
BLZ,Belize,SL.UEM.TOTL.ZS,"Unemployment, total (% of total labor force) (modeled ILO estimate)",2023,8.278,,1
BLZ,Belize,SL.UEM.TOTL.ZS,"Unemployment, total (% of total labor force) (modeled ILO estimate)",2022,8.682,,1
BLZ,Belize,SL.UEM.TOTL.ZS,"Unemployment, total (% of total labor force) (modeled ILO estimate)",2021,10.302,,1
BLZ,Belize,SL.UEM.TOTL.ZS,"Unemployment, total (% of total labor force) (modeled ILO estimate)",2020,10.763,,1
BLZ,Belize,SL.UEM.TOTL.ZS,"Unemployment, total (% of total labor force) (modeled ILO estimate)",2019,9.053,,1
BLZ,Belize,SL.UEM.TOTL.ZS,"Unemployment, total (% of total labor force) (modeled ILO estimate)",2018,9.346,,1
BLZ,Belize,SL.UEM.TOTL.ZS,"Unemployment, total (% of total labor force) (modeled ILO estimate)",2017,6.596,,1
BLZ,Belize,SL.UEM.TOTL.ZS,"Unemployment, total (% of total labor force) (modeled ILO estimate)",2016,7,,1
BLZ,Belize,SL.UEM.TOTL.ZS,"Unemployment, total (% of total labor force) (modeled ILO estimate)",2015,7.578,,1
BLZ,Belize,SL.UEM.TOTL.ZS,"Unemployment, total (% of total labor force) (modeled ILO estimate)",2014,8.244,,1
BLZ,Belize,SL.UEM.TOTL.ZS,"Unemployment, total (% of total labor force) (modeled ILO estimate)",2013,8.349,,1
BLZ,Belize,SL.UEM.TOTL.ZS,"Unemployment, total (% of total labor force) (modeled ILO estimate)",2012,8.378,,1
BLZ,Belize,SL.UEM.TOTL.ZS,"Unemployment, total (% of total labor force) (modeled ILO estimate)",2011,8.424,,1
BLZ,Belize,SL.UEM.TOTL.ZS,"Unemployment, total (% of total labor force) (modeled ILO estimate)",2010,8.412,,1
BLZ,Belize,SL.UEM.TOTL.ZS,"Unemployment, total (% of total labor force) (modeled ILO estimate)",2009,8.323,,1
BLZ,Belize,SL.UEM.TOTL.ZS,"Unemployment, total (% of total labor force) (modeled ILO estimate)",2008,8.18,,1
BLZ,Belize,SL.UEM.TOTL.ZS,"Unemployment, total (% of total labor force) (modeled ILO estimate)",2007,8.51,,1
BLZ,Belize,SL.UEM.TOTL.ZS,"Unemployment, total (% of total labor force) (modeled ILO estimate)",2006,9.39,,1
BLZ,Belize,SL.UEM.TOTL.ZS,"Unemployment, total (% of total labor force) (modeled ILO estimate)",2005,10.91,,1
BLZ,Belize,SL.UEM.TOTL.ZS,"Unemployment, total (% of total labor force) (modeled ILO estimate)",2004,10.586,,1
BLZ,Belize,SL.UEM.TOTL.ZS,"Unemployment, total (% of total labor force) (modeled ILO estimate)",2003,10.342,,1
BLZ,Belize,SL.UEM.TOTL.ZS,"Unemployment, total (% of total labor force) (modeled ILO estimate)",2002,10.04,,1
BLZ,Belize,SL.UEM.TOTL.ZS,"Unemployment, total (% of total labor force) (modeled ILO estimate)",2001,9.07,,1
BLZ,Belize,SL.UEM.TOTL.ZS,"Unemployment, total (% of total labor force) (modeled ILO estimate)",2000,10.841,,1
BLZ,Belize,SL.UEM.TOTL.ZS,"Unemployment, total (% of total labor force) (modeled ILO estimate)",1999,12.84,,1
BLZ,Belize,SL.UEM.TOTL.ZS,"Unemployment, total (% of total labor force) (modeled ILO estimate)",1998,14.31,,1
BLZ,Belize,SL.UEM.TOTL.ZS,"Unemployment, total (% of total labor force) (modeled ILO estimate)",1997,12.68,,1
BLZ,Belize,SL.UEM.TOTL.ZS,"Unemployment, total (% of total labor force) (modeled ILO estimate)",1996,13.82,,1
BLZ,Belize,SL.UEM.TOTL.ZS,"Unemployment, total (% of total labor force) (modeled ILO estimate)",1995,12.48,,1
BLZ,Belize,SL.UEM.TOTL.ZS,"Unemployment, total (% of total labor force) (modeled ILO estimate)",1994,11.1,,1
BLZ,Belize,SL.UEM.TOTL.ZS,"Unemployment, total (% of total labor force) (modeled ILO estimate)",1993,9.78,,1
BLZ,Belize,SL.UEM.TOTL.ZS,"Unemployment, total (% of total labor force) (modeled ILO estimate)",1992,9.654,,1
BLZ,Belize,SL.UEM.TOTL.ZS,"Unemployment, total (% of total labor force) (modeled ILO estimate)",1991,9.647,,1
BEN,Benin,SL.UEM.TOTL.ZS,"Unemployment, total (% of total labor force) (modeled ILO estimate)",2024,1.637,,1
BEN,Benin,SL.UEM.TOTL.ZS,"Unemployment, total (% of total labor force) (modeled ILO estimate)",2023,1.641,,1
BEN,Benin,SL.UEM.TOTL.ZS,"Unemployment, total (% of total labor force) (modeled ILO estimate)",2022,1.685,,1
BEN,Benin,SL.UEM.TOTL.ZS,"Unemployment, total (% of total labor force) (modeled ILO estimate)",2021,1.833,,1
BEN,Benin,SL.UEM.TOTL.ZS,"Unemployment, total (% of total labor force) (modeled ILO estimate)",2020,1.518,,1
BEN,Benin,SL.UEM.TOTL.ZS,"Unemployment, total (% of total labor force) (modeled ILO estimate)",2019,1.214,,1
BEN,Benin,SL.UEM.TOTL.ZS,"Unemployment, total (% of total labor force) (modeled ILO estimate)",2018,1.426,,1
BEN,Benin,SL.UEM.TOTL.ZS,"Unemployment, total (% of total labor force) (modeled ILO estimate)",2017,1.691,,1
BEN,Benin,SL.UEM.TOTL.ZS,"Unemployment, total (% of total labor force) (modeled ILO estimate)",2016,1.834,,1
BEN,Benin,SL.UEM.TOTL.ZS,"Unemployment, total (% of total labor force) (modeled ILO estimate)",2015,1.886,,1
BEN,Benin,SL.UEM.TOTL.ZS,"Unemployment, total (% of total labor force) (modeled ILO estimate)",2014,1.952,,1
BEN,Benin,SL.UEM.TOTL.ZS,"Unemployment, total (% of total labor force) (modeled ILO estimate)",2013,2.198,,1
BEN,Benin,SL.UEM.TOTL.ZS,"Unemployment, total (% of total labor force) (modeled ILO estimate)",2012,2.458,,1
BEN,Benin,SL.UEM.TOTL.ZS,"Unemployment, total (% of total labor force) (modeled ILO estimate)",2011,2.647,,1
BEN,Benin,SL.UEM.TOTL.ZS,"Unemployment, total (% of total labor force) (modeled ILO estimate)",2010,1.04,,1
BEN,Benin,SL.UEM.TOTL.ZS,"Unemployment, total (% of total labor force) (modeled ILO estimate)",2009,0.95,,1
BEN,Benin,SL.UEM.TOTL.ZS,"Unemployment, total (% of total labor force) (modeled ILO estimate)",2008,0.895,,1
BEN,Benin,SL.UEM.TOTL.ZS,"Unemployment, total (% of total labor force) (modeled ILO estimate)",2007,0.902,,1
BEN,Benin,SL.UEM.TOTL.ZS,"Unemployment, total (% of total labor force) (modeled ILO estimate)",2006,0.888,,1
BEN,Benin,SL.UEM.TOTL.ZS,"Unemployment, total (% of total labor force) (modeled ILO estimate)",2005,0.859,,1
BEN,Benin,SL.UEM.TOTL.ZS,"Unemployment, total (% of total labor force) (modeled ILO estimate)",2004,0.79,,1
BEN,Benin,SL.UEM.TOTL.ZS,"Unemployment, total (% of total labor force) (modeled ILO estimate)",2003,0.747,,1
BEN,Benin,SL.UEM.TOTL.ZS,"Unemployment, total (% of total labor force) (modeled ILO estimate)",2002,0.69,,1
BEN,Benin,SL.UEM.TOTL.ZS,"Unemployment, total (% of total labor force) (modeled ILO estimate)",2001,0.766,,1
BEN,Benin,SL.UEM.TOTL.ZS,"Unemployment, total (% of total labor force) (modeled ILO estimate)",2000,0.864,,1
BEN,Benin,SL.UEM.TOTL.ZS,"Unemployment, total (% of total labor force) (modeled ILO estimate)",1999,0.949,,1
BEN,Benin,SL.UEM.TOTL.ZS,"Unemployment, total (% of total labor force) (modeled ILO estimate)",1998,1.048,,1
BEN,Benin,SL.UEM.TOTL.ZS,"Unemployment, total (% of total labor force) (modeled ILO estimate)",1997,1.1,,1
BEN,Benin,SL.UEM.TOTL.ZS,"Unemployment, total (% of total labor force) (modeled ILO estimate)",1996,1.246,,1
BEN,Benin,SL.UEM.TOTL.ZS,"Unemployment, total (% of total labor force) (modeled ILO estimate)",1995,1.305,,1
BEN,Benin,SL.UEM.TOTL.ZS,"Unemployment, total (% of total labor force) (modeled ILO estimate)",1994,1.453,,1
BEN,Benin,SL.UEM.TOTL.ZS,"Unemployment, total (% of total labor force) (modeled ILO estimate)",1993,1.494,,1
BEN,Benin,SL.UEM.TOTL.ZS,"Unemployment, total (% of total labor force) (modeled ILO estimate)",1992,1.51,,1
BEN,Benin,SL.UEM.TOTL.ZS,"Unemployment, total (% of total labor force) (modeled ILO estimate)",1991,1.637,,1
BTN,Bhutan,SL.UEM.TOTL.ZS,"Unemployment, total (% of total labor force) (modeled ILO estimate)",2024,3.282,,1
BTN,Bhutan,SL.UEM.TOTL.ZS,"Unemployment, total (% of total labor force) (modeled ILO estimate)",2023,3.126,,1
BTN,Bhutan,SL.UEM.TOTL.ZS,"Unemployment, total (% of total labor force) (modeled ILO estimate)",2022,5.947,,1
BTN,Bhutan,SL.UEM.TOTL.ZS,"Unemployment, total (% of total labor force) (modeled ILO estimate)",2021,4.803,,1
BTN,Bhutan,SL.UEM.TOTL.ZS,"Unemployment, total (% of total labor force) (modeled ILO estimate)",2020,5.03,,1
BTN,Bhutan,SL.UEM.TOTL.ZS,"Unemployment, total (% of total labor force) (modeled ILO estimate)",2019,2.72,,1
BTN,Bhutan,SL.UEM.TOTL.ZS,"Unemployment, total (% of total labor force) (modeled ILO estimate)",2018,3.35,,1
BTN,Bhutan,SL.UEM.TOTL.ZS,"Unemployment, total (% of total labor force) (modeled ILO estimate)",2017,3.027,,1
BTN,Bhutan,SL.UEM.TOTL.ZS,"Unemployment, total (% of total labor force) (modeled ILO estimate)",2016,2.707,,1
BTN,Bhutan,SL.UEM.TOTL.ZS,"Unemployment, total (% of total labor force) (modeled ILO estimate)",2015,2.45,,1
BTN,Bhutan,SL.UEM.TOTL.ZS,"Unemployment, total (% of total labor force) (modeled ILO estimate)",2014,2.63,,1
BTN,Bhutan,SL.UEM.TOTL.ZS,"Unemployment, total (% of total labor force) (modeled ILO estimate)",2013,2.87,,1
BTN,Bhutan,SL.UEM.TOTL.ZS,"Unemployment, total (% of total labor force) (modeled ILO estimate)",2012,2.05,,1
BTN,Bhutan,SL.UEM.TOTL.ZS,"Unemployment, total (% of total labor force) (modeled ILO estimate)",2011,3.23,,1
BTN,Bhutan,SL.UEM.TOTL.ZS,"Unemployment, total (% of total labor force) (modeled ILO estimate)",2010,3.32,,1
BTN,Bhutan,SL.UEM.TOTL.ZS,"Unemployment, total (% of total labor force) (modeled ILO estimate)",2009,3.96,,1
BTN,Bhutan,SL.UEM.TOTL.ZS,"Unemployment, total (% of total labor force) (modeled ILO estimate)",2008,3.848,,1
BTN,Bhutan,SL.UEM.TOTL.ZS,"Unemployment, total (% of total labor force) (modeled ILO estimate)",2007,3.7,,1
BTN,Bhutan,SL.UEM.TOTL.ZS,"Unemployment, total (% of total labor force) (modeled ILO estimate)",2006,3.13,,1
BTN,Bhutan,SL.UEM.TOTL.ZS,"Unemployment, total (% of total labor force) (modeled ILO estimate)",2005,3.1,,1
BTN,Bhutan,SL.UEM.TOTL.ZS,"Unemployment, total (% of total labor force) (modeled ILO estimate)",2004,2.49,,1
BTN,Bhutan,SL.UEM.TOTL.ZS,"Unemployment, total (% of total labor force) (modeled ILO estimate)",2003,1.8,,1
BTN,Bhutan,SL.UEM.TOTL.ZS,"Unemployment, total (% of total labor force) (modeled ILO estimate)",2002,1.854,,1
BTN,Bhutan,SL.UEM.TOTL.ZS,"Unemployment, total (% of total labor force) (modeled ILO estimate)",2001,1.9,,1
BTN,Bhutan,SL.UEM.TOTL.ZS,"Unemployment, total (% of total labor force) (modeled ILO estimate)",2000,1.655,,1
BTN,Bhutan,SL.UEM.TOTL.ZS,"Unemployment, total (% of total labor force) (modeled ILO estimate)",1999,1.4,,1
BTN,Bhutan,SL.UEM.TOTL.ZS,"Unemployment, total (% of total labor force) (modeled ILO estimate)",1998,1.4,,1
BTN,Bhutan,SL.UEM.TOTL.ZS,"Unemployment, total (% of total labor force) (modeled ILO estimate)",1997,1.393,,1
BTN,Bhutan,SL.UEM.TOTL.ZS,"Unemployment, total (% of total labor force) (modeled ILO estimate)",1996,1.392,,1
BTN,Bhutan,SL.UEM.TOTL.ZS,"Unemployment, total (% of total labor force) (modeled ILO estimate)",1995,1.4,,1
BTN,Bhutan,SL.UEM.TOTL.ZS,"Unemployment, total (% of total labor force) (modeled ILO estimate)",1994,1.405,,1
BTN,Bhutan,SL.UEM.TOTL.ZS,"Unemployment, total (% of total labor force) (modeled ILO estimate)",1993,1.418,,1
BTN,Bhutan,SL.UEM.TOTL.ZS,"Unemployment, total (% of total labor force) (modeled ILO estimate)",1992,1.391,,1
BTN,Bhutan,SL.UEM.TOTL.ZS,"Unemployment, total (% of total labor force) (modeled ILO estimate)",1991,1.381,,1
BOL,Bolivia,SL.UEM.TOTL.ZS,"Unemployment, total (% of total labor force) (modeled ILO estimate)",2024,3.274,,1
BOL,Bolivia,SL.UEM.TOTL.ZS,"Unemployment, total (% of total labor force) (modeled ILO estimate)",2023,3.024,,1
BOL,Bolivia,SL.UEM.TOTL.ZS,"Unemployment, total (% of total labor force) (modeled ILO estimate)",2022,3.552,,1
BOL,Bolivia,SL.UEM.TOTL.ZS,"Unemployment, total (% of total labor force) (modeled ILO estimate)",2021,5.089,,1
BOL,Bolivia,SL.UEM.TOTL.ZS,"Unemployment, total (% of total labor force) (modeled ILO estimate)",2020,7.903,,1
BOL,Bolivia,SL.UEM.TOTL.ZS,"Unemployment, total (% of total labor force) (modeled ILO estimate)",2019,3.682,,1
BOL,Bolivia,SL.UEM.TOTL.ZS,"Unemployment, total (% of total labor force) (modeled ILO estimate)",2018,3.519,,1
BOL,Bolivia,SL.UEM.TOTL.ZS,"Unemployment, total (% of total labor force) (modeled ILO estimate)",2017,3.655,,1
BOL,Bolivia,SL.UEM.TOTL.ZS,"Unemployment, total (% of total labor force) (modeled ILO estimate)",2016,3.498,,1
BOL,Bolivia,SL.UEM.TOTL.ZS,"Unemployment, total (% of total labor force) (modeled ILO estimate)",2015,3.111,,1
BOL,Bolivia,SL.UEM.TOTL.ZS,"Unemployment, total (% of total labor force) (modeled ILO estimate)",2014,2.021,,1
BOL,Bolivia,SL.UEM.TOTL.ZS,"Unemployment, total (% of total labor force) (modeled ILO estimate)",2013,2.437,,1
BOL,Bolivia,SL.UEM.TOTL.ZS,"Unemployment, total (% of total labor force) (modeled ILO estimate)",2012,2.066,,1
BOL,Bolivia,SL.UEM.TOTL.ZS,"Unemployment, total (% of total labor force) (modeled ILO estimate)",2011,2.255,,1
BOL,Bolivia,SL.UEM.TOTL.ZS,"Unemployment, total (% of total labor force) (modeled ILO estimate)",2010,2.609,,1
BOL,Bolivia,SL.UEM.TOTL.ZS,"Unemployment, total (% of total labor force) (modeled ILO estimate)",2009,2.973,,1
BOL,Bolivia,SL.UEM.TOTL.ZS,"Unemployment, total (% of total labor force) (modeled ILO estimate)",2008,2.603,,1
BOL,Bolivia,SL.UEM.TOTL.ZS,"Unemployment, total (% of total labor force) (modeled ILO estimate)",2007,2.614,,1
BOL,Bolivia,SL.UEM.TOTL.ZS,"Unemployment, total (% of total labor force) (modeled ILO estimate)",2006,2.575,,1
BOL,Bolivia,SL.UEM.TOTL.ZS,"Unemployment, total (% of total labor force) (modeled ILO estimate)",2005,2.598,,1
BOL,Bolivia,SL.UEM.TOTL.ZS,"Unemployment, total (% of total labor force) (modeled ILO estimate)",2004,2.615,,1
BOL,Bolivia,SL.UEM.TOTL.ZS,"Unemployment, total (% of total labor force) (modeled ILO estimate)",2003,2.654,,1
BOL,Bolivia,SL.UEM.TOTL.ZS,"Unemployment, total (% of total labor force) (modeled ILO estimate)",2002,2.603,,1
BOL,Bolivia,SL.UEM.TOTL.ZS,"Unemployment, total (% of total labor force) (modeled ILO estimate)",2001,2.623,,1
BOL,Bolivia,SL.UEM.TOTL.ZS,"Unemployment, total (% of total labor force) (modeled ILO estimate)",2000,2.439,,1
BOL,Bolivia,SL.UEM.TOTL.ZS,"Unemployment, total (% of total labor force) (modeled ILO estimate)",1999,2.299,,1
BOL,Bolivia,SL.UEM.TOTL.ZS,"Unemployment, total (% of total labor force) (modeled ILO estimate)",1998,2.121,,1
BOL,Bolivia,SL.UEM.TOTL.ZS,"Unemployment, total (% of total labor force) (modeled ILO estimate)",1997,2.08,,1
BOL,Bolivia,SL.UEM.TOTL.ZS,"Unemployment, total (% of total labor force) (modeled ILO estimate)",1996,2.375,,1
BOL,Bolivia,SL.UEM.TOTL.ZS,"Unemployment, total (% of total labor force) (modeled ILO estimate)",1995,2.664,,1
BOL,Bolivia,SL.UEM.TOTL.ZS,"Unemployment, total (% of total labor force) (modeled ILO estimate)",1994,3.08,,1
BOL,Bolivia,SL.UEM.TOTL.ZS,"Unemployment, total (% of total labor force) (modeled ILO estimate)",1993,3.05,,1
BOL,Bolivia,SL.UEM.TOTL.ZS,"Unemployment, total (% of total labor force) (modeled ILO estimate)",1992,3.03,,1
BOL,Bolivia,SL.UEM.TOTL.ZS,"Unemployment, total (% of total labor force) (modeled ILO estimate)",1991,2.935,,1
BIH,Bosnia and Herzegovina,SL.UEM.TOTL.ZS,"Unemployment, total (% of total labor force) (modeled ILO estimate)",2024,10.69,,1
BIH,Bosnia and Herzegovina,SL.UEM.TOTL.ZS,"Unemployment, total (% of total labor force) (modeled ILO estimate)",2023,10.668,,1
BIH,Bosnia and Herzegovina,SL.UEM.TOTL.ZS,"Unemployment, total (% of total labor force) (modeled ILO estimate)",2022,12.657,,1
BIH,Bosnia and Herzegovina,SL.UEM.TOTL.ZS,"Unemployment, total (% of total labor force) (modeled ILO estimate)",2021,14.897,,1
BIH,Bosnia and Herzegovina,SL.UEM.TOTL.ZS,"Unemployment, total (% of total labor force) (modeled ILO estimate)",2020,15.868,,1
BIH,Bosnia and Herzegovina,SL.UEM.TOTL.ZS,"Unemployment, total (% of total labor force) (modeled ILO estimate)",2019,15.692,,1
BIH,Bosnia and Herzegovina,SL.UEM.TOTL.ZS,"Unemployment, total (% of total labor force) (modeled ILO estimate)",2018,18.4,,1
BIH,Bosnia and Herzegovina,SL.UEM.TOTL.ZS,"Unemployment, total (% of total labor force) (modeled ILO estimate)",2017,20.527,,1
BIH,Bosnia and Herzegovina,SL.UEM.TOTL.ZS,"Unemployment, total (% of total labor force) (modeled ILO estimate)",2016,25.408,,1
BIH,Bosnia and Herzegovina,SL.UEM.TOTL.ZS,"Unemployment, total (% of total labor force) (modeled ILO estimate)",2015,27.695,,1
BIH,Bosnia and Herzegovina,SL.UEM.TOTL.ZS,"Unemployment, total (% of total labor force) (modeled ILO estimate)",2014,27.517,,1
BIH,Bosnia and Herzegovina,SL.UEM.TOTL.ZS,"Unemployment, total (% of total labor force) (modeled ILO estimate)",2013,27.49,,1
BIH,Bosnia and Herzegovina,SL.UEM.TOTL.ZS,"Unemployment, total (% of total labor force) (modeled ILO estimate)",2012,28.01,,1
BIH,Bosnia and Herzegovina,SL.UEM.TOTL.ZS,"Unemployment, total (% of total labor force) (modeled ILO estimate)",2011,27.582,,1
BIH,Bosnia and Herzegovina,SL.UEM.TOTL.ZS,"Unemployment, total (% of total labor force) (modeled ILO estimate)",2010,27.312,,1
BIH,Bosnia and Herzegovina,SL.UEM.TOTL.ZS,"Unemployment, total (% of total labor force) (modeled ILO estimate)",2009,24.068,,1
BIH,Bosnia and Herzegovina,SL.UEM.TOTL.ZS,"Unemployment, total (% of total labor force) (modeled ILO estimate)",2008,23.405,,1
BIH,Bosnia and Herzegovina,SL.UEM.TOTL.ZS,"Unemployment, total (% of total labor force) (modeled ILO estimate)",2007,28.984,,1
BIH,Bosnia and Herzegovina,SL.UEM.TOTL.ZS,"Unemployment, total (% of total labor force) (modeled ILO estimate)",2006,31.11,,1
BIH,Bosnia and Herzegovina,SL.UEM.TOTL.ZS,"Unemployment, total (% of total labor force) (modeled ILO estimate)",2005,30.218,,1
BIH,Bosnia and Herzegovina,SL.UEM.TOTL.ZS,"Unemployment, total (% of total labor force) (modeled ILO estimate)",2004,29.279,,1
BIH,Bosnia and Herzegovina,SL.UEM.TOTL.ZS,"Unemployment, total (% of total labor force) (modeled ILO estimate)",2003,28.424,,1
BIH,Bosnia and Herzegovina,SL.UEM.TOTL.ZS,"Unemployment, total (% of total labor force) (modeled ILO estimate)",2002,27.477,,1
BIH,Bosnia and Herzegovina,SL.UEM.TOTL.ZS,"Unemployment, total (% of total labor force) (modeled ILO estimate)",2001,26.485,,1
BIH,Bosnia and Herzegovina,SL.UEM.TOTL.ZS,"Unemployment, total (% of total labor force) (modeled ILO estimate)",2000,25.446,,1
BIH,Bosnia and Herzegovina,SL.UEM.TOTL.ZS,"Unemployment, total (% of total labor force) (modeled ILO estimate)",1999,24.441,,1
BIH,Bosnia and Herzegovina,SL.UEM.TOTL.ZS,"Unemployment, total (% of total labor force) (modeled ILO estimate)",1998,23.494,,1
BIH,Bosnia and Herzegovina,SL.UEM.TOTL.ZS,"Unemployment, total (% of total labor force) (modeled ILO estimate)",1997,22.586,,1
BIH,Bosnia and Herzegovina,SL.UEM.TOTL.ZS,"Unemployment, total (% of total labor force) (modeled ILO estimate)",1996,21.682,,1
BIH,Bosnia and Herzegovina,SL.UEM.TOTL.ZS,"Unemployment, total (% of total labor force) (modeled ILO estimate)",1995,20.944,,1
BIH,Bosnia and Herzegovina,SL.UEM.TOTL.ZS,"Unemployment, total (% of total labor force) (modeled ILO estimate)",1994,20.17,,1
BIH,Bosnia and Herzegovina,SL.UEM.TOTL.ZS,"Unemployment, total (% of total labor force) (modeled ILO estimate)",1993,19.408,,1
BIH,Bosnia and Herzegovina,SL.UEM.TOTL.ZS,"Unemployment, total (% of total labor force) (modeled ILO estimate)",1992,18.477,,1
BIH,Bosnia and Herzegovina,SL.UEM.TOTL.ZS,"Unemployment, total (% of total labor force) (modeled ILO estimate)",1991,17.55,,1
BWA,Botswana,SL.UEM.TOTL.ZS,"Unemployment, total (% of total labor force) (modeled ILO estimate)",2024,23.81,,1
BWA,Botswana,SL.UEM.TOTL.ZS,"Unemployment, total (% of total labor force) (modeled ILO estimate)",2023,23.381,,1
BWA,Botswana,SL.UEM.TOTL.ZS,"Unemployment, total (% of total labor force) (modeled ILO estimate)",2022,23.615,,1
BWA,Botswana,SL.UEM.TOTL.ZS,"Unemployment, total (% of total labor force) (modeled ILO estimate)",2021,23.106,,1
BWA,Botswana,SL.UEM.TOTL.ZS,"Unemployment, total (% of total labor force) (modeled ILO estimate)",2020,21.017,,1
BWA,Botswana,SL.UEM.TOTL.ZS,"Unemployment, total (% of total labor force) (modeled ILO estimate)",2019,20.094,,1
BWA,Botswana,SL.UEM.TOTL.ZS,"Unemployment, total (% of total labor force) (modeled ILO estimate)",2018,19.665,,1
BWA,Botswana,SL.UEM.TOTL.ZS,"Unemployment, total (% of total labor force) (modeled ILO estimate)",2017,19.671,,1
BWA,Botswana,SL.UEM.TOTL.ZS,"Unemployment, total (% of total labor force) (modeled ILO estimate)",2016,19.328,,1
BWA,Botswana,SL.UEM.TOTL.ZS,"Unemployment, total (% of total labor force) (modeled ILO estimate)",2015,18.915,,1
BWA,Botswana,SL.UEM.TOTL.ZS,"Unemployment, total (% of total labor force) (modeled ILO estimate)",2014,18.484,,1
BWA,Botswana,SL.UEM.TOTL.ZS,"Unemployment, total (% of total labor force) (modeled ILO estimate)",2013,18.167,,1
BWA,Botswana,SL.UEM.TOTL.ZS,"Unemployment, total (% of total labor force) (modeled ILO estimate)",2012,17.916,,1
BWA,Botswana,SL.UEM.TOTL.ZS,"Unemployment, total (% of total labor force) (modeled ILO estimate)",2011,18.049,,1
BWA,Botswana,SL.UEM.TOTL.ZS,"Unemployment, total (% of total labor force) (modeled ILO estimate)",2010,17.86,,1
BWA,Botswana,SL.UEM.TOTL.ZS,"Unemployment, total (% of total labor force) (modeled ILO estimate)",2009,16.169,,1
BWA,Botswana,SL.UEM.TOTL.ZS,"Unemployment, total (% of total labor force) (modeled ILO estimate)",2008,16.293,,1
BWA,Botswana,SL.UEM.TOTL.ZS,"Unemployment, total (% of total labor force) (modeled ILO estimate)",2007,16.976,,1
BWA,Botswana,SL.UEM.TOTL.ZS,"Unemployment, total (% of total labor force) (modeled ILO estimate)",2006,17.782,,1
BWA,Botswana,SL.UEM.TOTL.ZS,"Unemployment, total (% of total labor force) (modeled ILO estimate)",2005,19.852,,1
BWA,Botswana,SL.UEM.TOTL.ZS,"Unemployment, total (% of total labor force) (modeled ILO estimate)",2004,21.755,,1
BWA,Botswana,SL.UEM.TOTL.ZS,"Unemployment, total (% of total labor force) (modeled ILO estimate)",2003,23.8,,1
BWA,Botswana,SL.UEM.TOTL.ZS,"Unemployment, total (% of total labor force) (modeled ILO estimate)",2002,21.277,,1
BWA,Botswana,SL.UEM.TOTL.ZS,"Unemployment, total (% of total labor force) (modeled ILO estimate)",2001,18.54,,1
BWA,Botswana,SL.UEM.TOTL.ZS,"Unemployment, total (% of total labor force) (modeled ILO estimate)",2000,15.88,,1
BWA,Botswana,SL.UEM.TOTL.ZS,"Unemployment, total (% of total labor force) (modeled ILO estimate)",1999,18.224,,1
BWA,Botswana,SL.UEM.TOTL.ZS,"Unemployment, total (% of total labor force) (modeled ILO estimate)",1998,20.86,,1
BWA,Botswana,SL.UEM.TOTL.ZS,"Unemployment, total (% of total labor force) (modeled ILO estimate)",1997,21.031,,1
BWA,Botswana,SL.UEM.TOTL.ZS,"Unemployment, total (% of total labor force) (modeled ILO estimate)",1996,21.593,,1
BWA,Botswana,SL.UEM.TOTL.ZS,"Unemployment, total (% of total labor force) (modeled ILO estimate)",1995,21.394,,1
BWA,Botswana,SL.UEM.TOTL.ZS,"Unemployment, total (% of total labor force) (modeled ILO estimate)",1994,21.2,,1
BWA,Botswana,SL.UEM.TOTL.ZS,"Unemployment, total (% of total labor force) (modeled ILO estimate)",1993,18.761,,1
BWA,Botswana,SL.UEM.TOTL.ZS,"Unemployment, total (% of total labor force) (modeled ILO estimate)",1992,16.33,,1
BWA,Botswana,SL.UEM.TOTL.ZS,"Unemployment, total (% of total labor force) (modeled ILO estimate)",1991,13.82,,1
BRA,Brazil,SL.UEM.TOTL.ZS,"Unemployment, total (% of total labor force) (modeled ILO estimate)",2024,6.801,,1
BRA,Brazil,SL.UEM.TOTL.ZS,"Unemployment, total (% of total labor force) (modeled ILO estimate)",2023,7.947,,1
BRA,Brazil,SL.UEM.TOTL.ZS,"Unemployment, total (% of total labor force) (modeled ILO estimate)",2022,9.231,,1
BRA,Brazil,SL.UEM.TOTL.ZS,"Unemployment, total (% of total labor force) (modeled ILO estimate)",2021,13.158,,1
BRA,Brazil,SL.UEM.TOTL.ZS,"Unemployment, total (% of total labor force) (modeled ILO estimate)",2020,13.697,,1
BRA,Brazil,SL.UEM.TOTL.ZS,"Unemployment, total (% of total labor force) (modeled ILO estimate)",2019,11.936,,1
BRA,Brazil,SL.UEM.TOTL.ZS,"Unemployment, total (% of total labor force) (modeled ILO estimate)",2018,12.329,,1
BRA,Brazil,SL.UEM.TOTL.ZS,"Unemployment, total (% of total labor force) (modeled ILO estimate)",2017,12.792,,1
BRA,Brazil,SL.UEM.TOTL.ZS,"Unemployment, total (% of total labor force) (modeled ILO estimate)",2016,11.58,,1
BRA,Brazil,SL.UEM.TOTL.ZS,"Unemployment, total (% of total labor force) (modeled ILO estimate)",2015,8.538,,1
BRA,Brazil,SL.UEM.TOTL.ZS,"Unemployment, total (% of total labor force) (modeled ILO estimate)",2014,6.755,,1
BRA,Brazil,SL.UEM.TOTL.ZS,"Unemployment, total (% of total labor force) (modeled ILO estimate)",2013,7.071,,1
BRA,Brazil,SL.UEM.TOTL.ZS,"Unemployment, total (% of total labor force) (modeled ILO estimate)",2012,7.251,,1
BRA,Brazil,SL.UEM.TOTL.ZS,"Unemployment, total (% of total labor force) (modeled ILO estimate)",2011,7.578,,1
BRA,Brazil,SL.UEM.TOTL.ZS,"Unemployment, total (% of total labor force) (modeled ILO estimate)",2010,8.42,,1
BRA,Brazil,SL.UEM.TOTL.ZS,"Unemployment, total (% of total labor force) (modeled ILO estimate)",2009,9.419,,1
BRA,Brazil,SL.UEM.TOTL.ZS,"Unemployment, total (% of total labor force) (modeled ILO estimate)",2008,8.268,,1
BRA,Brazil,SL.UEM.TOTL.ZS,"Unemployment, total (% of total labor force) (modeled ILO estimate)",2007,9.28,,1
BRA,Brazil,SL.UEM.TOTL.ZS,"Unemployment, total (% of total labor force) (modeled ILO estimate)",2006,9.692,,1
BRA,Brazil,SL.UEM.TOTL.ZS,"Unemployment, total (% of total labor force) (modeled ILO estimate)",2005,10.551,,1
BRA,Brazil,SL.UEM.TOTL.ZS,"Unemployment, total (% of total labor force) (modeled ILO estimate)",2004,10.072,,1
BRA,Brazil,SL.UEM.TOTL.ZS,"Unemployment, total (% of total labor force) (modeled ILO estimate)",2003,11.168,,1
BRA,Brazil,SL.UEM.TOTL.ZS,"Unemployment, total (% of total labor force) (modeled ILO estimate)",2002,10.641,,1
BRA,Brazil,SL.UEM.TOTL.ZS,"Unemployment, total (% of total labor force) (modeled ILO estimate)",2001,10.649,,1
BRA,Brazil,SL.UEM.TOTL.ZS,"Unemployment, total (% of total labor force) (modeled ILO estimate)",2000,10.889,,1
BRA,Brazil,SL.UEM.TOTL.ZS,"Unemployment, total (% of total labor force) (modeled ILO estimate)",1999,11.125,,1
BRA,Brazil,SL.UEM.TOTL.ZS,"Unemployment, total (% of total labor force) (modeled ILO estimate)",1998,10.15,,1
BRA,Brazil,SL.UEM.TOTL.ZS,"Unemployment, total (% of total labor force) (modeled ILO estimate)",1997,9.003,,1
BRA,Brazil,SL.UEM.TOTL.ZS,"Unemployment, total (% of total labor force) (modeled ILO estimate)",1996,8.035,,1
BRA,Brazil,SL.UEM.TOTL.ZS,"Unemployment, total (% of total labor force) (modeled ILO estimate)",1995,7.092,,1
BRA,Brazil,SL.UEM.TOTL.ZS,"Unemployment, total (% of total labor force) (modeled ILO estimate)",1994,6.579,,1
BRA,Brazil,SL.UEM.TOTL.ZS,"Unemployment, total (% of total labor force) (modeled ILO estimate)",1993,6.03,,1
BRA,Brazil,SL.UEM.TOTL.ZS,"Unemployment, total (% of total labor force) (modeled ILO estimate)",1992,7.086,,1
BRA,Brazil,SL.UEM.TOTL.ZS,"Unemployment, total (% of total labor force) (modeled ILO estimate)",1991,6.887,,1
BRN,Brunei Darussalam,SL.UEM.TOTL.ZS,"Unemployment, total (% of total labor force) (modeled ILO estimate)",2024,5.18,,1
BRN,Brunei Darussalam,SL.UEM.TOTL.ZS,"Unemployment, total (% of total labor force) (modeled ILO estimate)",2023,5.296,,1
BRN,Brunei Darussalam,SL.UEM.TOTL.ZS,"Unemployment, total (% of total labor force) (modeled ILO estimate)",2022,5.191,,1
BRN,Brunei Darussalam,SL.UEM.TOTL.ZS,"Unemployment, total (% of total labor force) (modeled ILO estimate)",2021,4.905,,1
BRN,Brunei Darussalam,SL.UEM.TOTL.ZS,"Unemployment, total (% of total labor force) (modeled ILO estimate)",2020,7.409,,1
BRN,Brunei Darussalam,SL.UEM.TOTL.ZS,"Unemployment, total (% of total labor force) (modeled ILO estimate)",2019,6.6,,1
BRN,Brunei Darussalam,SL.UEM.TOTL.ZS,"Unemployment, total (% of total labor force) (modeled ILO estimate)",2018,8.7,,1
BRN,Brunei Darussalam,SL.UEM.TOTL.ZS,"Unemployment, total (% of total labor force) (modeled ILO estimate)",2017,9.316,,1
BRN,Brunei Darussalam,SL.UEM.TOTL.ZS,"Unemployment, total (% of total labor force) (modeled ILO estimate)",2016,8.537,,1
BRN,Brunei Darussalam,SL.UEM.TOTL.ZS,"Unemployment, total (% of total labor force) (modeled ILO estimate)",2015,7.703,,1
BRN,Brunei Darussalam,SL.UEM.TOTL.ZS,"Unemployment, total (% of total labor force) (modeled ILO estimate)",2014,6.862,,1
BRN,Brunei Darussalam,SL.UEM.TOTL.ZS,"Unemployment, total (% of total labor force) (modeled ILO estimate)",2013,6.709,,1
BRN,Brunei Darussalam,SL.UEM.TOTL.ZS,"Unemployment, total (% of total labor force) (modeled ILO estimate)",2012,6.571,,1
BRN,Brunei Darussalam,SL.UEM.TOTL.ZS,"Unemployment, total (% of total labor force) (modeled ILO estimate)",2011,6.506,,1
BRN,Brunei Darussalam,SL.UEM.TOTL.ZS,"Unemployment, total (% of total labor force) (modeled ILO estimate)",2010,6.487,,1
BRN,Brunei Darussalam,SL.UEM.TOTL.ZS,"Unemployment, total (% of total labor force) (modeled ILO estimate)",2009,6.457,,1
BRN,Brunei Darussalam,SL.UEM.TOTL.ZS,"Unemployment, total (% of total labor force) (modeled ILO estimate)",2008,6.312,,1
BRN,Brunei Darussalam,SL.UEM.TOTL.ZS,"Unemployment, total (% of total labor force) (modeled ILO estimate)",2007,6.187,,1
BRN,Brunei Darussalam,SL.UEM.TOTL.ZS,"Unemployment, total (% of total labor force) (modeled ILO estimate)",2006,6.061,,1
BRN,Brunei Darussalam,SL.UEM.TOTL.ZS,"Unemployment, total (% of total labor force) (modeled ILO estimate)",2005,5.973,,1
BRN,Brunei Darussalam,SL.UEM.TOTL.ZS,"Unemployment, total (% of total labor force) (modeled ILO estimate)",2004,5.847,,1
BRN,Brunei Darussalam,SL.UEM.TOTL.ZS,"Unemployment, total (% of total labor force) (modeled ILO estimate)",2003,5.743,,1
BRN,Brunei Darussalam,SL.UEM.TOTL.ZS,"Unemployment, total (% of total labor force) (modeled ILO estimate)",2002,5.652,,1
BRN,Brunei Darussalam,SL.UEM.TOTL.ZS,"Unemployment, total (% of total labor force) (modeled ILO estimate)",2001,5.558,,1
BRN,Brunei Darussalam,SL.UEM.TOTL.ZS,"Unemployment, total (% of total labor force) (modeled ILO estimate)",2000,5.53,,1
BRN,Brunei Darussalam,SL.UEM.TOTL.ZS,"Unemployment, total (% of total labor force) (modeled ILO estimate)",1999,5.415,,1
BRN,Brunei Darussalam,SL.UEM.TOTL.ZS,"Unemployment, total (% of total labor force) (modeled ILO estimate)",1998,5.356,,1
BRN,Brunei Darussalam,SL.UEM.TOTL.ZS,"Unemployment, total (% of total labor force) (modeled ILO estimate)",1997,5.204,,1
BRN,Brunei Darussalam,SL.UEM.TOTL.ZS,"Unemployment, total (% of total labor force) (modeled ILO estimate)",1996,5.153,,1
BRN,Brunei Darussalam,SL.UEM.TOTL.ZS,"Unemployment, total (% of total labor force) (modeled ILO estimate)",1995,5.066,,1
BRN,Brunei Darussalam,SL.UEM.TOTL.ZS,"Unemployment, total (% of total labor force) (modeled ILO estimate)",1994,5.007,,1
BRN,Brunei Darussalam,SL.UEM.TOTL.ZS,"Unemployment, total (% of total labor force) (modeled ILO estimate)",1993,4.903,,1
BRN,Brunei Darussalam,SL.UEM.TOTL.ZS,"Unemployment, total (% of total labor force) (modeled ILO estimate)",1992,4.791,,1
BRN,Brunei Darussalam,SL.UEM.TOTL.ZS,"Unemployment, total (% of total labor force) (modeled ILO estimate)",1991,4.7,,1
BGR,Bulgaria,SL.UEM.TOTL.ZS,"Unemployment, total (% of total labor force) (modeled ILO estimate)",2024,4.2,,1
BGR,Bulgaria,SL.UEM.TOTL.ZS,"Unemployment, total (% of total labor force) (modeled ILO estimate)",2023,4.319,,1
BGR,Bulgaria,SL.UEM.TOTL.ZS,"Unemployment, total (% of total labor force) (modeled ILO estimate)",2022,4.148,,1
BGR,Bulgaria,SL.UEM.TOTL.ZS,"Unemployment, total (% of total labor force) (modeled ILO estimate)",2021,5.166,,1
BGR,Bulgaria,SL.UEM.TOTL.ZS,"Unemployment, total (% of total labor force) (modeled ILO estimate)",2020,5.037,,1
BGR,Bulgaria,SL.UEM.TOTL.ZS,"Unemployment, total (% of total labor force) (modeled ILO estimate)",2019,4.148,,1
BGR,Bulgaria,SL.UEM.TOTL.ZS,"Unemployment, total (% of total labor force) (modeled ILO estimate)",2018,5.211,,1
BGR,Bulgaria,SL.UEM.TOTL.ZS,"Unemployment, total (% of total labor force) (modeled ILO estimate)",2017,6.164,,1
BGR,Bulgaria,SL.UEM.TOTL.ZS,"Unemployment, total (% of total labor force) (modeled ILO estimate)",2016,7.575,,1
BGR,Bulgaria,SL.UEM.TOTL.ZS,"Unemployment, total (% of total labor force) (modeled ILO estimate)",2015,9.143,,1
BGR,Bulgaria,SL.UEM.TOTL.ZS,"Unemployment, total (% of total labor force) (modeled ILO estimate)",2014,11.424,,1
BGR,Bulgaria,SL.UEM.TOTL.ZS,"Unemployment, total (% of total labor force) (modeled ILO estimate)",2013,12.941,,1
BGR,Bulgaria,SL.UEM.TOTL.ZS,"Unemployment, total (% of total labor force) (modeled ILO estimate)",2012,12.27,,1
BGR,Bulgaria,SL.UEM.TOTL.ZS,"Unemployment, total (% of total labor force) (modeled ILO estimate)",2011,11.26,,1
BGR,Bulgaria,SL.UEM.TOTL.ZS,"Unemployment, total (% of total labor force) (modeled ILO estimate)",2010,10.279,,1
BGR,Bulgaria,SL.UEM.TOTL.ZS,"Unemployment, total (% of total labor force) (modeled ILO estimate)",2009,6.817,,1
BGR,Bulgaria,SL.UEM.TOTL.ZS,"Unemployment, total (% of total labor force) (modeled ILO estimate)",2008,5.609,,1
BGR,Bulgaria,SL.UEM.TOTL.ZS,"Unemployment, total (% of total labor force) (modeled ILO estimate)",2007,6.878,,1
BGR,Bulgaria,SL.UEM.TOTL.ZS,"Unemployment, total (% of total labor force) (modeled ILO estimate)",2006,8.951,,1
BGR,Bulgaria,SL.UEM.TOTL.ZS,"Unemployment, total (% of total labor force) (modeled ILO estimate)",2005,10.083,,1
BGR,Bulgaria,SL.UEM.TOTL.ZS,"Unemployment, total (% of total labor force) (modeled ILO estimate)",2004,12.037,,1
BGR,Bulgaria,SL.UEM.TOTL.ZS,"Unemployment, total (% of total labor force) (modeled ILO estimate)",2003,13.733,,1
BGR,Bulgaria,SL.UEM.TOTL.ZS,"Unemployment, total (% of total labor force) (modeled ILO estimate)",2002,18.11,,1
BGR,Bulgaria,SL.UEM.TOTL.ZS,"Unemployment, total (% of total labor force) (modeled ILO estimate)",2001,19.921,,1
BGR,Bulgaria,SL.UEM.TOTL.ZS,"Unemployment, total (% of total labor force) (modeled ILO estimate)",2000,16.218,,1
BGR,Bulgaria,SL.UEM.TOTL.ZS,"Unemployment, total (% of total labor force) (modeled ILO estimate)",1999,14.1,,1
BGR,Bulgaria,SL.UEM.TOTL.ZS,"Unemployment, total (% of total labor force) (modeled ILO estimate)",1998,12.2,,1
BGR,Bulgaria,SL.UEM.TOTL.ZS,"Unemployment, total (% of total labor force) (modeled ILO estimate)",1997,13.7,,1
BGR,Bulgaria,SL.UEM.TOTL.ZS,"Unemployment, total (% of total labor force) (modeled ILO estimate)",1996,12.5,,1
BGR,Bulgaria,SL.UEM.TOTL.ZS,"Unemployment, total (% of total labor force) (modeled ILO estimate)",1995,11.1,,1
BGR,Bulgaria,SL.UEM.TOTL.ZS,"Unemployment, total (% of total labor force) (modeled ILO estimate)",1994,12.8,,1
BGR,Bulgaria,SL.UEM.TOTL.ZS,"Unemployment, total (% of total labor force) (modeled ILO estimate)",1993,16.4,,1
BGR,Bulgaria,SL.UEM.TOTL.ZS,"Unemployment, total (% of total labor force) (modeled ILO estimate)",1992,15.3,,1
BGR,Bulgaria,SL.UEM.TOTL.ZS,"Unemployment, total (% of total labor force) (modeled ILO estimate)",1991,11.1,,1
BFA,Burkina Faso,SL.UEM.TOTL.ZS,"Unemployment, total (% of total labor force) (modeled ILO estimate)",2024,3.441,,1
BFA,Burkina Faso,SL.UEM.TOTL.ZS,"Unemployment, total (% of total labor force) (modeled ILO estimate)",2023,3.601,,1
BFA,Burkina Faso,SL.UEM.TOTL.ZS,"Unemployment, total (% of total labor force) (modeled ILO estimate)",2022,3.828,,1
BFA,Burkina Faso,SL.UEM.TOTL.ZS,"Unemployment, total (% of total labor force) (modeled ILO estimate)",2021,4.511,,1
BFA,Burkina Faso,SL.UEM.TOTL.ZS,"Unemployment, total (% of total labor force) (modeled ILO estimate)",2020,4.59,,1
BFA,Burkina Faso,SL.UEM.TOTL.ZS,"Unemployment, total (% of total labor force) (modeled ILO estimate)",2019,4.493,,1
BFA,Burkina Faso,SL.UEM.TOTL.ZS,"Unemployment, total (% of total labor force) (modeled ILO estimate)",2018,4.695,,1
BFA,Burkina Faso,SL.UEM.TOTL.ZS,"Unemployment, total (% of total labor force) (modeled ILO estimate)",2017,4.662,,1
BFA,Burkina Faso,SL.UEM.TOTL.ZS,"Unemployment, total (% of total labor force) (modeled ILO estimate)",2016,4.598,,1
BFA,Burkina Faso,SL.UEM.TOTL.ZS,"Unemployment, total (% of total labor force) (modeled ILO estimate)",2015,4.472,,1
BFA,Burkina Faso,SL.UEM.TOTL.ZS,"Unemployment, total (% of total labor force) (modeled ILO estimate)",2014,4.255,,1
BFA,Burkina Faso,SL.UEM.TOTL.ZS,"Unemployment, total (% of total labor force) (modeled ILO estimate)",2013,4.054,,1
BFA,Burkina Faso,SL.UEM.TOTL.ZS,"Unemployment, total (% of total labor force) (modeled ILO estimate)",2012,3.849,,1
BFA,Burkina Faso,SL.UEM.TOTL.ZS,"Unemployment, total (% of total labor force) (modeled ILO estimate)",2011,3.827,,1
BFA,Burkina Faso,SL.UEM.TOTL.ZS,"Unemployment, total (% of total labor force) (modeled ILO estimate)",2010,3.725,,1
BFA,Burkina Faso,SL.UEM.TOTL.ZS,"Unemployment, total (% of total labor force) (modeled ILO estimate)",2009,3.723,,1
BFA,Burkina Faso,SL.UEM.TOTL.ZS,"Unemployment, total (% of total labor force) (modeled ILO estimate)",2008,3.501,,1
BFA,Burkina Faso,SL.UEM.TOTL.ZS,"Unemployment, total (% of total labor force) (modeled ILO estimate)",2007,3.3,,1
BFA,Burkina Faso,SL.UEM.TOTL.ZS,"Unemployment, total (% of total labor force) (modeled ILO estimate)",2006,3.67,,1
BFA,Burkina Faso,SL.UEM.TOTL.ZS,"Unemployment, total (% of total labor force) (modeled ILO estimate)",2005,4,,1
BFA,Burkina Faso,SL.UEM.TOTL.ZS,"Unemployment, total (% of total labor force) (modeled ILO estimate)",2004,3.48,,1
BFA,Burkina Faso,SL.UEM.TOTL.ZS,"Unemployment, total (% of total labor force) (modeled ILO estimate)",2003,2.78,,1
BFA,Burkina Faso,SL.UEM.TOTL.ZS,"Unemployment, total (% of total labor force) (modeled ILO estimate)",2002,2.862,,1
BFA,Burkina Faso,SL.UEM.TOTL.ZS,"Unemployment, total (% of total labor force) (modeled ILO estimate)",2001,2.748,,1
BFA,Burkina Faso,SL.UEM.TOTL.ZS,"Unemployment, total (% of total labor force) (modeled ILO estimate)",2000,2.687,,1
BFA,Burkina Faso,SL.UEM.TOTL.ZS,"Unemployment, total (% of total labor force) (modeled ILO estimate)",1999,2.552,,1
BFA,Burkina Faso,SL.UEM.TOTL.ZS,"Unemployment, total (% of total labor force) (modeled ILO estimate)",1998,2.44,,1
BFA,Burkina Faso,SL.UEM.TOTL.ZS,"Unemployment, total (% of total labor force) (modeled ILO estimate)",1997,2.412,,1
BFA,Burkina Faso,SL.UEM.TOTL.ZS,"Unemployment, total (% of total labor force) (modeled ILO estimate)",1996,2.446,,1
BFA,Burkina Faso,SL.UEM.TOTL.ZS,"Unemployment, total (% of total labor force) (modeled ILO estimate)",1995,2.532,,1
BFA,Burkina Faso,SL.UEM.TOTL.ZS,"Unemployment, total (% of total labor force) (modeled ILO estimate)",1994,2.58,,1
BFA,Burkina Faso,SL.UEM.TOTL.ZS,"Unemployment, total (% of total labor force) (modeled ILO estimate)",1993,2.426,,1
BFA,Burkina Faso,SL.UEM.TOTL.ZS,"Unemployment, total (% of total labor force) (modeled ILO estimate)",1992,2.505,,1
BFA,Burkina Faso,SL.UEM.TOTL.ZS,"Unemployment, total (% of total labor force) (modeled ILO estimate)",1991,2.467,,1
BDI,Burundi,SL.UEM.TOTL.ZS,"Unemployment, total (% of total labor force) (modeled ILO estimate)",2024,0.915,,1
BDI,Burundi,SL.UEM.TOTL.ZS,"Unemployment, total (% of total labor force) (modeled ILO estimate)",2023,0.911,,1
BDI,Burundi,SL.UEM.TOTL.ZS,"Unemployment, total (% of total labor force) (modeled ILO estimate)",2022,0.909,,1
BDI,Burundi,SL.UEM.TOTL.ZS,"Unemployment, total (% of total labor force) (modeled ILO estimate)",2021,1.118,,1
BDI,Burundi,SL.UEM.TOTL.ZS,"Unemployment, total (% of total labor force) (modeled ILO estimate)",2020,1.03,,1
BDI,Burundi,SL.UEM.TOTL.ZS,"Unemployment, total (% of total labor force) (modeled ILO estimate)",2019,1.043,,1
BDI,Burundi,SL.UEM.TOTL.ZS,"Unemployment, total (% of total labor force) (modeled ILO estimate)",2018,1.147,,1
BDI,Burundi,SL.UEM.TOTL.ZS,"Unemployment, total (% of total labor force) (modeled ILO estimate)",2017,1.25,,1
BDI,Burundi,SL.UEM.TOTL.ZS,"Unemployment, total (% of total labor force) (modeled ILO estimate)",2016,1.352,,1
BDI,Burundi,SL.UEM.TOTL.ZS,"Unemployment, total (% of total labor force) (modeled ILO estimate)",2015,1.449,,1
BDI,Burundi,SL.UEM.TOTL.ZS,"Unemployment, total (% of total labor force) (modeled ILO estimate)",2014,1.572,,1
BDI,Burundi,SL.UEM.TOTL.ZS,"Unemployment, total (% of total labor force) (modeled ILO estimate)",2013,1.584,,1
BDI,Burundi,SL.UEM.TOTL.ZS,"Unemployment, total (% of total labor force) (modeled ILO estimate)",2012,1.593,,1
BDI,Burundi,SL.UEM.TOTL.ZS,"Unemployment, total (% of total labor force) (modeled ILO estimate)",2011,1.602,,1
BDI,Burundi,SL.UEM.TOTL.ZS,"Unemployment, total (% of total labor force) (modeled ILO estimate)",2010,1.615,,1
BDI,Burundi,SL.UEM.TOTL.ZS,"Unemployment, total (% of total labor force) (modeled ILO estimate)",2009,1.622,,1
BDI,Burundi,SL.UEM.TOTL.ZS,"Unemployment, total (% of total labor force) (modeled ILO estimate)",2008,1.634,,1
BDI,Burundi,SL.UEM.TOTL.ZS,"Unemployment, total (% of total labor force) (modeled ILO estimate)",2007,2.404,,1
BDI,Burundi,SL.UEM.TOTL.ZS,"Unemployment, total (% of total labor force) (modeled ILO estimate)",2006,3.185,,1
BDI,Burundi,SL.UEM.TOTL.ZS,"Unemployment, total (% of total labor force) (modeled ILO estimate)",2005,3.162,,1
BDI,Burundi,SL.UEM.TOTL.ZS,"Unemployment, total (% of total labor force) (modeled ILO estimate)",2004,3.177,,1
BDI,Burundi,SL.UEM.TOTL.ZS,"Unemployment, total (% of total labor force) (modeled ILO estimate)",2003,3.145,,1
BDI,Burundi,SL.UEM.TOTL.ZS,"Unemployment, total (% of total labor force) (modeled ILO estimate)",2002,3.168,,1
BDI,Burundi,SL.UEM.TOTL.ZS,"Unemployment, total (% of total labor force) (modeled ILO estimate)",2001,3.154,,1
BDI,Burundi,SL.UEM.TOTL.ZS,"Unemployment, total (% of total labor force) (modeled ILO estimate)",2000,3.137,,1
BDI,Burundi,SL.UEM.TOTL.ZS,"Unemployment, total (% of total labor force) (modeled ILO estimate)",1999,3.133,,1
BDI,Burundi,SL.UEM.TOTL.ZS,"Unemployment, total (% of total labor force) (modeled ILO estimate)",1998,3.156,,1
BDI,Burundi,SL.UEM.TOTL.ZS,"Unemployment, total (% of total labor force) (modeled ILO estimate)",1997,3.124,,1
BDI,Burundi,SL.UEM.TOTL.ZS,"Unemployment, total (% of total labor force) (modeled ILO estimate)",1996,3.095,,1
BDI,Burundi,SL.UEM.TOTL.ZS,"Unemployment, total (% of total labor force) (modeled ILO estimate)",1995,3.095,,1
BDI,Burundi,SL.UEM.TOTL.ZS,"Unemployment, total (% of total labor force) (modeled ILO estimate)",1994,3.106,,1
BDI,Burundi,SL.UEM.TOTL.ZS,"Unemployment, total (% of total labor force) (modeled ILO estimate)",1993,3.094,,1
BDI,Burundi,SL.UEM.TOTL.ZS,"Unemployment, total (% of total labor force) (modeled ILO estimate)",1992,3.131,,1
BDI,Burundi,SL.UEM.TOTL.ZS,"Unemployment, total (% of total labor force) (modeled ILO estimate)",1991,3.147,,1
CPV,Cabo Verde,SL.UEM.TOTL.ZS,"Unemployment, total (% of total labor force) (modeled ILO estimate)",2024,11.883,,1
CPV,Cabo Verde,SL.UEM.TOTL.ZS,"Unemployment, total (% of total labor force) (modeled ILO estimate)",2023,11.882,,1
CPV,Cabo Verde,SL.UEM.TOTL.ZS,"Unemployment, total (% of total labor force) (modeled ILO estimate)",2022,12.239,,1
CPV,Cabo Verde,SL.UEM.TOTL.ZS,"Unemployment, total (% of total labor force) (modeled ILO estimate)",2021,13.932,,1
CPV,Cabo Verde,SL.UEM.TOTL.ZS,"Unemployment, total (% of total labor force) (modeled ILO estimate)",2020,14.65,,1
CPV,Cabo Verde,SL.UEM.TOTL.ZS,"Unemployment, total (% of total labor force) (modeled ILO estimate)",2019,12.123,,1
CPV,Cabo Verde,SL.UEM.TOTL.ZS,"Unemployment, total (% of total labor force) (modeled ILO estimate)",2018,12.17,,1
CPV,Cabo Verde,SL.UEM.TOTL.ZS,"Unemployment, total (% of total labor force) (modeled ILO estimate)",2017,12.24,,1
CPV,Cabo Verde,SL.UEM.TOTL.ZS,"Unemployment, total (% of total labor force) (modeled ILO estimate)",2016,12.085,,1
CPV,Cabo Verde,SL.UEM.TOTL.ZS,"Unemployment, total (% of total labor force) (modeled ILO estimate)",2015,11.923,,1
CPV,Cabo Verde,SL.UEM.TOTL.ZS,"Unemployment, total (% of total labor force) (modeled ILO estimate)",2014,11.689,,1
CPV,Cabo Verde,SL.UEM.TOTL.ZS,"Unemployment, total (% of total labor force) (modeled ILO estimate)",2013,11.398,,1
CPV,Cabo Verde,SL.UEM.TOTL.ZS,"Unemployment, total (% of total labor force) (modeled ILO estimate)",2012,11.145,,1
CPV,Cabo Verde,SL.UEM.TOTL.ZS,"Unemployment, total (% of total labor force) (modeled ILO estimate)",2011,10.956,,1
CPV,Cabo Verde,SL.UEM.TOTL.ZS,"Unemployment, total (% of total labor force) (modeled ILO estimate)",2010,10.67,,1
CPV,Cabo Verde,SL.UEM.TOTL.ZS,"Unemployment, total (% of total labor force) (modeled ILO estimate)",2009,13.517,,1
CPV,Cabo Verde,SL.UEM.TOTL.ZS,"Unemployment, total (% of total labor force) (modeled ILO estimate)",2008,13.307,,1
CPV,Cabo Verde,SL.UEM.TOTL.ZS,"Unemployment, total (% of total labor force) (modeled ILO estimate)",2007,13.294,,1
CPV,Cabo Verde,SL.UEM.TOTL.ZS,"Unemployment, total (% of total labor force) (modeled ILO estimate)",2006,13.378,,1
CPV,Cabo Verde,SL.UEM.TOTL.ZS,"Unemployment, total (% of total labor force) (modeled ILO estimate)",2005,13.439,,1
CPV,Cabo Verde,SL.UEM.TOTL.ZS,"Unemployment, total (% of total labor force) (modeled ILO estimate)",2004,13.456,,1
CPV,Cabo Verde,SL.UEM.TOTL.ZS,"Unemployment, total (% of total labor force) (modeled ILO estimate)",2003,13.604,,1
CPV,Cabo Verde,SL.UEM.TOTL.ZS,"Unemployment, total (% of total labor force) (modeled ILO estimate)",2002,13.379,,1
CPV,Cabo Verde,SL.UEM.TOTL.ZS,"Unemployment, total (% of total labor force) (modeled ILO estimate)",2001,13.242,,1
CPV,Cabo Verde,SL.UEM.TOTL.ZS,"Unemployment, total (% of total labor force) (modeled ILO estimate)",2000,13.024,,1
CPV,Cabo Verde,SL.UEM.TOTL.ZS,"Unemployment, total (% of total labor force) (modeled ILO estimate)",1999,13.071,,1
CPV,Cabo Verde,SL.UEM.TOTL.ZS,"Unemployment, total (% of total labor force) (modeled ILO estimate)",1998,13.055,,1
CPV,Cabo Verde,SL.UEM.TOTL.ZS,"Unemployment, total (% of total labor force) (modeled ILO estimate)",1997,13.01,,1
CPV,Cabo Verde,SL.UEM.TOTL.ZS,"Unemployment, total (% of total labor force) (modeled ILO estimate)",1996,12.844,,1
CPV,Cabo Verde,SL.UEM.TOTL.ZS,"Unemployment, total (% of total labor force) (modeled ILO estimate)",1995,12.883,,1
CPV,Cabo Verde,SL.UEM.TOTL.ZS,"Unemployment, total (% of total labor force) (modeled ILO estimate)",1994,12.936,,1
CPV,Cabo Verde,SL.UEM.TOTL.ZS,"Unemployment, total (% of total labor force) (modeled ILO estimate)",1993,13.276,,1
CPV,Cabo Verde,SL.UEM.TOTL.ZS,"Unemployment, total (% of total labor force) (modeled ILO estimate)",1992,13.428,,1
CPV,Cabo Verde,SL.UEM.TOTL.ZS,"Unemployment, total (% of total labor force) (modeled ILO estimate)",1991,13.527,,1
KHM,Cambodia,SL.UEM.TOTL.ZS,"Unemployment, total (% of total labor force) (modeled ILO estimate)",2024,0.254,,1
KHM,Cambodia,SL.UEM.TOTL.ZS,"Unemployment, total (% of total labor force) (modeled ILO estimate)",2023,0.256,,1
KHM,Cambodia,SL.UEM.TOTL.ZS,"Unemployment, total (% of total labor force) (modeled ILO estimate)",2022,0.245,,1
KHM,Cambodia,SL.UEM.TOTL.ZS,"Unemployment, total (% of total labor force) (modeled ILO estimate)",2021,0.396,,1
KHM,Cambodia,SL.UEM.TOTL.ZS,"Unemployment, total (% of total labor force) (modeled ILO estimate)",2020,0.172,,1
KHM,Cambodia,SL.UEM.TOTL.ZS,"Unemployment, total (% of total labor force) (modeled ILO estimate)",2019,0.119,,1
KHM,Cambodia,SL.UEM.TOTL.ZS,"Unemployment, total (% of total labor force) (modeled ILO estimate)",2018,0.129,,1
KHM,Cambodia,SL.UEM.TOTL.ZS,"Unemployment, total (% of total labor force) (modeled ILO estimate)",2017,0.141,,1
KHM,Cambodia,SL.UEM.TOTL.ZS,"Unemployment, total (% of total labor force) (modeled ILO estimate)",2016,0.716,,1
KHM,Cambodia,SL.UEM.TOTL.ZS,"Unemployment, total (% of total labor force) (modeled ILO estimate)",2015,0.393,,1
KHM,Cambodia,SL.UEM.TOTL.ZS,"Unemployment, total (% of total labor force) (modeled ILO estimate)",2014,0.692,,1
KHM,Cambodia,SL.UEM.TOTL.ZS,"Unemployment, total (% of total labor force) (modeled ILO estimate)",2013,0.438,,1
KHM,Cambodia,SL.UEM.TOTL.ZS,"Unemployment, total (% of total labor force) (modeled ILO estimate)",2012,0.505,,1
KHM,Cambodia,SL.UEM.TOTL.ZS,"Unemployment, total (% of total labor force) (modeled ILO estimate)",2011,0.577,,1
KHM,Cambodia,SL.UEM.TOTL.ZS,"Unemployment, total (% of total labor force) (modeled ILO estimate)",2010,0.771,,1
KHM,Cambodia,SL.UEM.TOTL.ZS,"Unemployment, total (% of total labor force) (modeled ILO estimate)",2009,0.579,,1
KHM,Cambodia,SL.UEM.TOTL.ZS,"Unemployment, total (% of total labor force) (modeled ILO estimate)",2008,0.825,,1
KHM,Cambodia,SL.UEM.TOTL.ZS,"Unemployment, total (% of total labor force) (modeled ILO estimate)",2007,1.257,,1
KHM,Cambodia,SL.UEM.TOTL.ZS,"Unemployment, total (% of total labor force) (modeled ILO estimate)",2006,1.16,,1
KHM,Cambodia,SL.UEM.TOTL.ZS,"Unemployment, total (% of total labor force) (modeled ILO estimate)",2005,1.061,,1
KHM,Cambodia,SL.UEM.TOTL.ZS,"Unemployment, total (% of total labor force) (modeled ILO estimate)",2004,1.004,,1
KHM,Cambodia,SL.UEM.TOTL.ZS,"Unemployment, total (% of total labor force) (modeled ILO estimate)",2003,0.909,,1
KHM,Cambodia,SL.UEM.TOTL.ZS,"Unemployment, total (% of total labor force) (modeled ILO estimate)",2002,0.862,,1
KHM,Cambodia,SL.UEM.TOTL.ZS,"Unemployment, total (% of total labor force) (modeled ILO estimate)",2001,0.778,,1
KHM,Cambodia,SL.UEM.TOTL.ZS,"Unemployment, total (% of total labor force) (modeled ILO estimate)",2000,0.745,,1
KHM,Cambodia,SL.UEM.TOTL.ZS,"Unemployment, total (% of total labor force) (modeled ILO estimate)",1999,0.727,,1
KHM,Cambodia,SL.UEM.TOTL.ZS,"Unemployment, total (% of total labor force) (modeled ILO estimate)",1998,0.712,,1
KHM,Cambodia,SL.UEM.TOTL.ZS,"Unemployment, total (% of total labor force) (modeled ILO estimate)",1997,0.638,,1
KHM,Cambodia,SL.UEM.TOTL.ZS,"Unemployment, total (% of total labor force) (modeled ILO estimate)",1996,0.963,,1
KHM,Cambodia,SL.UEM.TOTL.ZS,"Unemployment, total (% of total labor force) (modeled ILO estimate)",1995,0.973,,1
KHM,Cambodia,SL.UEM.TOTL.ZS,"Unemployment, total (% of total labor force) (modeled ILO estimate)",1994,0.996,,1
KHM,Cambodia,SL.UEM.TOTL.ZS,"Unemployment, total (% of total labor force) (modeled ILO estimate)",1993,0.733,,1
KHM,Cambodia,SL.UEM.TOTL.ZS,"Unemployment, total (% of total labor force) (modeled ILO estimate)",1992,0.748,,1
KHM,Cambodia,SL.UEM.TOTL.ZS,"Unemployment, total (% of total labor force) (modeled ILO estimate)",1991,0.768,,1
CMR,Cameroon,SL.UEM.TOTL.ZS,"Unemployment, total (% of total labor force) (modeled ILO estimate)",2024,3.603,,1
CMR,Cameroon,SL.UEM.TOTL.ZS,"Unemployment, total (% of total labor force) (modeled ILO estimate)",2023,3.607,,1
CMR,Cameroon,SL.UEM.TOTL.ZS,"Unemployment, total (% of total labor force) (modeled ILO estimate)",2022,3.646,,1
CMR,Cameroon,SL.UEM.TOTL.ZS,"Unemployment, total (% of total labor force) (modeled ILO estimate)",2021,3.976,,1
CMR,Cameroon,SL.UEM.TOTL.ZS,"Unemployment, total (% of total labor force) (modeled ILO estimate)",2020,3.881,,1
CMR,Cameroon,SL.UEM.TOTL.ZS,"Unemployment, total (% of total labor force) (modeled ILO estimate)",2019,3.632,,1
CMR,Cameroon,SL.UEM.TOTL.ZS,"Unemployment, total (% of total labor force) (modeled ILO estimate)",2018,3.608,,1
CMR,Cameroon,SL.UEM.TOTL.ZS,"Unemployment, total (% of total labor force) (modeled ILO estimate)",2017,3.573,,1
CMR,Cameroon,SL.UEM.TOTL.ZS,"Unemployment, total (% of total labor force) (modeled ILO estimate)",2016,3.529,,1
CMR,Cameroon,SL.UEM.TOTL.ZS,"Unemployment, total (% of total labor force) (modeled ILO estimate)",2015,3.518,,1
CMR,Cameroon,SL.UEM.TOTL.ZS,"Unemployment, total (% of total labor force) (modeled ILO estimate)",2014,3.534,,1
CMR,Cameroon,SL.UEM.TOTL.ZS,"Unemployment, total (% of total labor force) (modeled ILO estimate)",2013,3.686,,1
CMR,Cameroon,SL.UEM.TOTL.ZS,"Unemployment, total (% of total labor force) (modeled ILO estimate)",2012,3.836,,1
CMR,Cameroon,SL.UEM.TOTL.ZS,"Unemployment, total (% of total labor force) (modeled ILO estimate)",2011,3.988,,1
CMR,Cameroon,SL.UEM.TOTL.ZS,"Unemployment, total (% of total labor force) (modeled ILO estimate)",2010,4.11,,1
CMR,Cameroon,SL.UEM.TOTL.ZS,"Unemployment, total (% of total labor force) (modeled ILO estimate)",2009,3.743,,1
CMR,Cameroon,SL.UEM.TOTL.ZS,"Unemployment, total (% of total labor force) (modeled ILO estimate)",2008,3.386,,1
CMR,Cameroon,SL.UEM.TOTL.ZS,"Unemployment, total (% of total labor force) (modeled ILO estimate)",2007,3.063,,1
CMR,Cameroon,SL.UEM.TOTL.ZS,"Unemployment, total (% of total labor force) (modeled ILO estimate)",2006,3.729,,1
CMR,Cameroon,SL.UEM.TOTL.ZS,"Unemployment, total (% of total labor force) (modeled ILO estimate)",2005,4.4,,1
CMR,Cameroon,SL.UEM.TOTL.ZS,"Unemployment, total (% of total labor force) (modeled ILO estimate)",2004,5.087,,1
CMR,Cameroon,SL.UEM.TOTL.ZS,"Unemployment, total (% of total labor force) (modeled ILO estimate)",2003,5.908,,1
CMR,Cameroon,SL.UEM.TOTL.ZS,"Unemployment, total (% of total labor force) (modeled ILO estimate)",2002,6.711,,1
CMR,Cameroon,SL.UEM.TOTL.ZS,"Unemployment, total (% of total labor force) (modeled ILO estimate)",2001,7.46,,1
CMR,Cameroon,SL.UEM.TOTL.ZS,"Unemployment, total (% of total labor force) (modeled ILO estimate)",2000,7.533,,1
CMR,Cameroon,SL.UEM.TOTL.ZS,"Unemployment, total (% of total labor force) (modeled ILO estimate)",1999,7.595,,1
CMR,Cameroon,SL.UEM.TOTL.ZS,"Unemployment, total (% of total labor force) (modeled ILO estimate)",1998,7.695,,1
CMR,Cameroon,SL.UEM.TOTL.ZS,"Unemployment, total (% of total labor force) (modeled ILO estimate)",1997,7.859,,1
CMR,Cameroon,SL.UEM.TOTL.ZS,"Unemployment, total (% of total labor force) (modeled ILO estimate)",1996,8.06,,1
CMR,Cameroon,SL.UEM.TOTL.ZS,"Unemployment, total (% of total labor force) (modeled ILO estimate)",1995,8.598,,1
CMR,Cameroon,SL.UEM.TOTL.ZS,"Unemployment, total (% of total labor force) (modeled ILO estimate)",1994,8.878,,1
CMR,Cameroon,SL.UEM.TOTL.ZS,"Unemployment, total (% of total labor force) (modeled ILO estimate)",1993,9.154,,1
CMR,Cameroon,SL.UEM.TOTL.ZS,"Unemployment, total (% of total labor force) (modeled ILO estimate)",1992,9.055,,1
CMR,Cameroon,SL.UEM.TOTL.ZS,"Unemployment, total (% of total labor force) (modeled ILO estimate)",1991,8.986,,1
CAN,Canada,SL.UEM.TOTL.ZS,"Unemployment, total (% of total labor force) (modeled ILO estimate)",2024,6.351,,1
CAN,Canada,SL.UEM.TOTL.ZS,"Unemployment, total (% of total labor force) (modeled ILO estimate)",2023,5.415,,1
CAN,Canada,SL.UEM.TOTL.ZS,"Unemployment, total (% of total labor force) (modeled ILO estimate)",2022,5.279,,1
CAN,Canada,SL.UEM.TOTL.ZS,"Unemployment, total (% of total labor force) (modeled ILO estimate)",2021,7.527,,1
CAN,Canada,SL.UEM.TOTL.ZS,"Unemployment, total (% of total labor force) (modeled ILO estimate)",2020,9.657,,1
CAN,Canada,SL.UEM.TOTL.ZS,"Unemployment, total (% of total labor force) (modeled ILO estimate)",2019,5.69,,1
CAN,Canada,SL.UEM.TOTL.ZS,"Unemployment, total (% of total labor force) (modeled ILO estimate)",2018,5.837,,1
CAN,Canada,SL.UEM.TOTL.ZS,"Unemployment, total (% of total labor force) (modeled ILO estimate)",2017,6.426,,1
CAN,Canada,SL.UEM.TOTL.ZS,"Unemployment, total (% of total labor force) (modeled ILO estimate)",2016,7.038,,1
CAN,Canada,SL.UEM.TOTL.ZS,"Unemployment, total (% of total labor force) (modeled ILO estimate)",2015,6.945,,1
CAN,Canada,SL.UEM.TOTL.ZS,"Unemployment, total (% of total labor force) (modeled ILO estimate)",2014,7.023,,1
CAN,Canada,SL.UEM.TOTL.ZS,"Unemployment, total (% of total labor force) (modeled ILO estimate)",2013,7.143,,1
CAN,Canada,SL.UEM.TOTL.ZS,"Unemployment, total (% of total labor force) (modeled ILO estimate)",2012,7.392,,1
CAN,Canada,SL.UEM.TOTL.ZS,"Unemployment, total (% of total labor force) (modeled ILO estimate)",2011,7.637,,1
CAN,Canada,SL.UEM.TOTL.ZS,"Unemployment, total (% of total labor force) (modeled ILO estimate)",2010,8.178,,1
CAN,Canada,SL.UEM.TOTL.ZS,"Unemployment, total (% of total labor force) (modeled ILO estimate)",2009,8.46,,1
CAN,Canada,SL.UEM.TOTL.ZS,"Unemployment, total (% of total labor force) (modeled ILO estimate)",2008,6.284,,1
CAN,Canada,SL.UEM.TOTL.ZS,"Unemployment, total (% of total labor force) (modeled ILO estimate)",2007,6.156,,1
CAN,Canada,SL.UEM.TOTL.ZS,"Unemployment, total (% of total labor force) (modeled ILO estimate)",2006,6.484,,1
CAN,Canada,SL.UEM.TOTL.ZS,"Unemployment, total (% of total labor force) (modeled ILO estimate)",2005,6.758,,1
CAN,Canada,SL.UEM.TOTL.ZS,"Unemployment, total (% of total labor force) (modeled ILO estimate)",2004,7.185,,1
CAN,Canada,SL.UEM.TOTL.ZS,"Unemployment, total (% of total labor force) (modeled ILO estimate)",2003,7.574,,1
CAN,Canada,SL.UEM.TOTL.ZS,"Unemployment, total (% of total labor force) (modeled ILO estimate)",2002,7.665,,1
CAN,Canada,SL.UEM.TOTL.ZS,"Unemployment, total (% of total labor force) (modeled ILO estimate)",2001,7.219,,1
CAN,Canada,SL.UEM.TOTL.ZS,"Unemployment, total (% of total labor force) (modeled ILO estimate)",2000,6.829,,1
CAN,Canada,SL.UEM.TOTL.ZS,"Unemployment, total (% of total labor force) (modeled ILO estimate)",1999,7.583,,1
CAN,Canada,SL.UEM.TOTL.ZS,"Unemployment, total (% of total labor force) (modeled ILO estimate)",1998,8.278,,1
CAN,Canada,SL.UEM.TOTL.ZS,"Unemployment, total (% of total labor force) (modeled ILO estimate)",1997,9.1,,1
CAN,Canada,SL.UEM.TOTL.ZS,"Unemployment, total (% of total labor force) (modeled ILO estimate)",1996,9.62,,1
CAN,Canada,SL.UEM.TOTL.ZS,"Unemployment, total (% of total labor force) (modeled ILO estimate)",1995,9.489,,1
CAN,Canada,SL.UEM.TOTL.ZS,"Unemployment, total (% of total labor force) (modeled ILO estimate)",1994,10.395,,1
CAN,Canada,SL.UEM.TOTL.ZS,"Unemployment, total (% of total labor force) (modeled ILO estimate)",1993,11.377,,1
CAN,Canada,SL.UEM.TOTL.ZS,"Unemployment, total (% of total labor force) (modeled ILO estimate)",1992,11.197,,1
CAN,Canada,SL.UEM.TOTL.ZS,"Unemployment, total (% of total labor force) (modeled ILO estimate)",1991,10.316,,1
CAF,Central African Republic,SL.UEM.TOTL.ZS,"Unemployment, total (% of total labor force) (modeled ILO estimate)",2024,6.253,,1
CAF,Central African Republic,SL.UEM.TOTL.ZS,"Unemployment, total (% of total labor force) (modeled ILO estimate)",2023,6.181,,1
CAF,Central African Republic,SL.UEM.TOTL.ZS,"Unemployment, total (% of total labor force) (modeled ILO estimate)",2022,6.287,,1
CAF,Central African Republic,SL.UEM.TOTL.ZS,"Unemployment, total (% of total labor force) (modeled ILO estimate)",2021,6.701,,1
CAF,Central African Republic,SL.UEM.TOTL.ZS,"Unemployment, total (% of total labor force) (modeled ILO estimate)",2020,6.519,,1
CAF,Central African Republic,SL.UEM.TOTL.ZS,"Unemployment, total (% of total labor force) (modeled ILO estimate)",2019,5.916,,1
CAF,Central African Republic,SL.UEM.TOTL.ZS,"Unemployment, total (% of total labor force) (modeled ILO estimate)",2018,5.825,,1
CAF,Central African Republic,SL.UEM.TOTL.ZS,"Unemployment, total (% of total labor force) (modeled ILO estimate)",2017,5.836,,1
CAF,Central African Republic,SL.UEM.TOTL.ZS,"Unemployment, total (% of total labor force) (modeled ILO estimate)",2016,5.793,,1
CAF,Central African Republic,SL.UEM.TOTL.ZS,"Unemployment, total (% of total labor force) (modeled ILO estimate)",2015,5.775,,1
CAF,Central African Republic,SL.UEM.TOTL.ZS,"Unemployment, total (% of total labor force) (modeled ILO estimate)",2014,5.633,,1
CAF,Central African Republic,SL.UEM.TOTL.ZS,"Unemployment, total (% of total labor force) (modeled ILO estimate)",2013,5.566,,1
CAF,Central African Republic,SL.UEM.TOTL.ZS,"Unemployment, total (% of total labor force) (modeled ILO estimate)",2012,5.58,,1
CAF,Central African Republic,SL.UEM.TOTL.ZS,"Unemployment, total (% of total labor force) (modeled ILO estimate)",2011,5.638,,1
CAF,Central African Republic,SL.UEM.TOTL.ZS,"Unemployment, total (% of total labor force) (modeled ILO estimate)",2010,5.658,,1
CAF,Central African Republic,SL.UEM.TOTL.ZS,"Unemployment, total (% of total labor force) (modeled ILO estimate)",2009,5.575,,1
CAF,Central African Republic,SL.UEM.TOTL.ZS,"Unemployment, total (% of total labor force) (modeled ILO estimate)",2008,5.51,,1
CAF,Central African Republic,SL.UEM.TOTL.ZS,"Unemployment, total (% of total labor force) (modeled ILO estimate)",2007,5.562,,1
CAF,Central African Republic,SL.UEM.TOTL.ZS,"Unemployment, total (% of total labor force) (modeled ILO estimate)",2006,5.61,,1
CAF,Central African Republic,SL.UEM.TOTL.ZS,"Unemployment, total (% of total labor force) (modeled ILO estimate)",2005,5.691,,1
CAF,Central African Republic,SL.UEM.TOTL.ZS,"Unemployment, total (% of total labor force) (modeled ILO estimate)",2004,5.729,,1
CAF,Central African Republic,SL.UEM.TOTL.ZS,"Unemployment, total (% of total labor force) (modeled ILO estimate)",2003,5.809,,1
CAF,Central African Republic,SL.UEM.TOTL.ZS,"Unemployment, total (% of total labor force) (modeled ILO estimate)",2002,5.809,,1
CAF,Central African Republic,SL.UEM.TOTL.ZS,"Unemployment, total (% of total labor force) (modeled ILO estimate)",2001,5.77,,1
CAF,Central African Republic,SL.UEM.TOTL.ZS,"Unemployment, total (% of total labor force) (modeled ILO estimate)",2000,5.722,,1
CAF,Central African Republic,SL.UEM.TOTL.ZS,"Unemployment, total (% of total labor force) (modeled ILO estimate)",1999,5.767,,1
CAF,Central African Republic,SL.UEM.TOTL.ZS,"Unemployment, total (% of total labor force) (modeled ILO estimate)",1998,5.773,,1
CAF,Central African Republic,SL.UEM.TOTL.ZS,"Unemployment, total (% of total labor force) (modeled ILO estimate)",1997,5.797,,1
CAF,Central African Republic,SL.UEM.TOTL.ZS,"Unemployment, total (% of total labor force) (modeled ILO estimate)",1996,5.84,,1
CAF,Central African Republic,SL.UEM.TOTL.ZS,"Unemployment, total (% of total labor force) (modeled ILO estimate)",1995,5.871,,1
CAF,Central African Republic,SL.UEM.TOTL.ZS,"Unemployment, total (% of total labor force) (modeled ILO estimate)",1994,5.924,,1
CAF,Central African Republic,SL.UEM.TOTL.ZS,"Unemployment, total (% of total labor force) (modeled ILO estimate)",1993,5.897,,1
CAF,Central African Republic,SL.UEM.TOTL.ZS,"Unemployment, total (% of total labor force) (modeled ILO estimate)",1992,5.825,,1
CAF,Central African Republic,SL.UEM.TOTL.ZS,"Unemployment, total (% of total labor force) (modeled ILO estimate)",1991,5.697,,1
TCD,Chad,SL.UEM.TOTL.ZS,"Unemployment, total (% of total labor force) (modeled ILO estimate)",2024,1.053,,1
TCD,Chad,SL.UEM.TOTL.ZS,"Unemployment, total (% of total labor force) (modeled ILO estimate)",2023,1.059,,1
TCD,Chad,SL.UEM.TOTL.ZS,"Unemployment, total (% of total labor force) (modeled ILO estimate)",2022,1.081,,1
TCD,Chad,SL.UEM.TOTL.ZS,"Unemployment, total (% of total labor force) (modeled ILO estimate)",2021,1.53,,1
TCD,Chad,SL.UEM.TOTL.ZS,"Unemployment, total (% of total labor force) (modeled ILO estimate)",2020,1.695,,1
TCD,Chad,SL.UEM.TOTL.ZS,"Unemployment, total (% of total labor force) (modeled ILO estimate)",2019,1.077,,1
TCD,Chad,SL.UEM.TOTL.ZS,"Unemployment, total (% of total labor force) (modeled ILO estimate)",2018,1.135,,1
TCD,Chad,SL.UEM.TOTL.ZS,"Unemployment, total (% of total labor force) (modeled ILO estimate)",2017,1.132,,1
TCD,Chad,SL.UEM.TOTL.ZS,"Unemployment, total (% of total labor force) (modeled ILO estimate)",2016,1.091,,1
TCD,Chad,SL.UEM.TOTL.ZS,"Unemployment, total (% of total labor force) (modeled ILO estimate)",2015,1.032,,1
TCD,Chad,SL.UEM.TOTL.ZS,"Unemployment, total (% of total labor force) (modeled ILO estimate)",2014,0.984,,1
TCD,Chad,SL.UEM.TOTL.ZS,"Unemployment, total (% of total labor force) (modeled ILO estimate)",2013,0.955,,1
TCD,Chad,SL.UEM.TOTL.ZS,"Unemployment, total (% of total labor force) (modeled ILO estimate)",2012,0.886,,1
TCD,Chad,SL.UEM.TOTL.ZS,"Unemployment, total (% of total labor force) (modeled ILO estimate)",2011,0.92,,1
TCD,Chad,SL.UEM.TOTL.ZS,"Unemployment, total (% of total labor force) (modeled ILO estimate)",2010,0.911,,1
TCD,Chad,SL.UEM.TOTL.ZS,"Unemployment, total (% of total labor force) (modeled ILO estimate)",2009,0.943,,1
TCD,Chad,SL.UEM.TOTL.ZS,"Unemployment, total (% of total labor force) (modeled ILO estimate)",2008,0.922,,1
TCD,Chad,SL.UEM.TOTL.ZS,"Unemployment, total (% of total labor force) (modeled ILO estimate)",2007,0.839,,1
TCD,Chad,SL.UEM.TOTL.ZS,"Unemployment, total (% of total labor force) (modeled ILO estimate)",2006,0.716,,1
TCD,Chad,SL.UEM.TOTL.ZS,"Unemployment, total (% of total labor force) (modeled ILO estimate)",2005,0.663,,1
TCD,Chad,SL.UEM.TOTL.ZS,"Unemployment, total (% of total labor force) (modeled ILO estimate)",2004,0.672,,1
TCD,Chad,SL.UEM.TOTL.ZS,"Unemployment, total (% of total labor force) (modeled ILO estimate)",2003,0.725,,1
TCD,Chad,SL.UEM.TOTL.ZS,"Unemployment, total (% of total labor force) (modeled ILO estimate)",2002,0.769,,1
TCD,Chad,SL.UEM.TOTL.ZS,"Unemployment, total (% of total labor force) (modeled ILO estimate)",2001,0.792,,1
TCD,Chad,SL.UEM.TOTL.ZS,"Unemployment, total (% of total labor force) (modeled ILO estimate)",2000,0.796,,1
TCD,Chad,SL.UEM.TOTL.ZS,"Unemployment, total (% of total labor force) (modeled ILO estimate)",1999,0.753,,1
TCD,Chad,SL.UEM.TOTL.ZS,"Unemployment, total (% of total labor force) (modeled ILO estimate)",1998,0.725,,1
TCD,Chad,SL.UEM.TOTL.ZS,"Unemployment, total (% of total labor force) (modeled ILO estimate)",1997,0.732,,1
TCD,Chad,SL.UEM.TOTL.ZS,"Unemployment, total (% of total labor force) (modeled ILO estimate)",1996,0.7,,1
TCD,Chad,SL.UEM.TOTL.ZS,"Unemployment, total (% of total labor force) (modeled ILO estimate)",1995,0.755,,1
TCD,Chad,SL.UEM.TOTL.ZS,"Unemployment, total (% of total labor force) (modeled ILO estimate)",1994,0.709,,1
TCD,Chad,SL.UEM.TOTL.ZS,"Unemployment, total (% of total labor force) (modeled ILO estimate)",1993,0.7,,1
TCD,Chad,SL.UEM.TOTL.ZS,"Unemployment, total (% of total labor force) (modeled ILO estimate)",1992,0.658,,1
TCD,Chad,SL.UEM.TOTL.ZS,"Unemployment, total (% of total labor force) (modeled ILO estimate)",1991,0.668,,1
CHI,Channel Islands,SL.UEM.TOTL.ZS,"Unemployment, total (% of total labor force) (modeled ILO estimate)",2024,6.031,,1
CHI,Channel Islands,SL.UEM.TOTL.ZS,"Unemployment, total (% of total labor force) (modeled ILO estimate)",2023,5.928,,1
CHI,Channel Islands,SL.UEM.TOTL.ZS,"Unemployment, total (% of total labor force) (modeled ILO estimate)",2022,5.923,,1
CHI,Channel Islands,SL.UEM.TOTL.ZS,"Unemployment, total (% of total labor force) (modeled ILO estimate)",2021,6.643,,1
CHI,Channel Islands,SL.UEM.TOTL.ZS,"Unemployment, total (% of total labor force) (modeled ILO estimate)",2020,6.633,,1
CHI,Channel Islands,SL.UEM.TOTL.ZS,"Unemployment, total (% of total labor force) (modeled ILO estimate)",2019,6.185,,1
CHI,Channel Islands,SL.UEM.TOTL.ZS,"Unemployment, total (% of total labor force) (modeled ILO estimate)",2018,6.344,,1
CHI,Channel Islands,SL.UEM.TOTL.ZS,"Unemployment, total (% of total labor force) (modeled ILO estimate)",2017,6.881,,1
CHI,Channel Islands,SL.UEM.TOTL.ZS,"Unemployment, total (% of total labor force) (modeled ILO estimate)",2016,7.469,,1
CHI,Channel Islands,SL.UEM.TOTL.ZS,"Unemployment, total (% of total labor force) (modeled ILO estimate)",2015,7.928,,1
CHI,Channel Islands,SL.UEM.TOTL.ZS,"Unemployment, total (% of total labor force) (modeled ILO estimate)",2014,8.319,,1
CHI,Channel Islands,SL.UEM.TOTL.ZS,"Unemployment, total (% of total labor force) (modeled ILO estimate)",2013,8.572,,1
CHI,Channel Islands,SL.UEM.TOTL.ZS,"Unemployment, total (% of total labor force) (modeled ILO estimate)",2012,8.028,,1
CHI,Channel Islands,SL.UEM.TOTL.ZS,"Unemployment, total (% of total labor force) (modeled ILO estimate)",2011,7.244,,1
CHI,Channel Islands,SL.UEM.TOTL.ZS,"Unemployment, total (% of total labor force) (modeled ILO estimate)",2010,7.024,,1
CHI,Channel Islands,SL.UEM.TOTL.ZS,"Unemployment, total (% of total labor force) (modeled ILO estimate)",2009,6.674,,1
CHI,Channel Islands,SL.UEM.TOTL.ZS,"Unemployment, total (% of total labor force) (modeled ILO estimate)",2008,5.295,,1
CHI,Channel Islands,SL.UEM.TOTL.ZS,"Unemployment, total (% of total labor force) (modeled ILO estimate)",2007,5.23,,1
CHI,Channel Islands,SL.UEM.TOTL.ZS,"Unemployment, total (% of total labor force) (modeled ILO estimate)",2006,5.571,,1
CHI,Channel Islands,SL.UEM.TOTL.ZS,"Unemployment, total (% of total labor force) (modeled ILO estimate)",2005,5.833,,1
CHI,Channel Islands,SL.UEM.TOTL.ZS,"Unemployment, total (% of total labor force) (modeled ILO estimate)",2004,5.848,,1
CHI,Channel Islands,SL.UEM.TOTL.ZS,"Unemployment, total (% of total labor force) (modeled ILO estimate)",2003,5.644,,1
CHI,Channel Islands,SL.UEM.TOTL.ZS,"Unemployment, total (% of total labor force) (modeled ILO estimate)",2002,5.313,,1
CHI,Channel Islands,SL.UEM.TOTL.ZS,"Unemployment, total (% of total labor force) (modeled ILO estimate)",2001,5.041,,1
CHI,Channel Islands,SL.UEM.TOTL.ZS,"Unemployment, total (% of total labor force) (modeled ILO estimate)",2000,5.351,,1
CHI,Channel Islands,SL.UEM.TOTL.ZS,"Unemployment, total (% of total labor force) (modeled ILO estimate)",1999,5.91,,1
CHI,Channel Islands,SL.UEM.TOTL.ZS,"Unemployment, total (% of total labor force) (modeled ILO estimate)",1998,6.278,,1
CHI,Channel Islands,SL.UEM.TOTL.ZS,"Unemployment, total (% of total labor force) (modeled ILO estimate)",1997,6.685,,1
CHI,Channel Islands,SL.UEM.TOTL.ZS,"Unemployment, total (% of total labor force) (modeled ILO estimate)",1996,6.897,,1
CHI,Channel Islands,SL.UEM.TOTL.ZS,"Unemployment, total (% of total labor force) (modeled ILO estimate)",1995,6.974,,1
CHI,Channel Islands,SL.UEM.TOTL.ZS,"Unemployment, total (% of total labor force) (modeled ILO estimate)",1994,7.235,,1
CHI,Channel Islands,SL.UEM.TOTL.ZS,"Unemployment, total (% of total labor force) (modeled ILO estimate)",1993,7.082,,1
CHI,Channel Islands,SL.UEM.TOTL.ZS,"Unemployment, total (% of total labor force) (modeled ILO estimate)",1992,6.121,,1
CHI,Channel Islands,SL.UEM.TOTL.ZS,"Unemployment, total (% of total labor force) (modeled ILO estimate)",1991,5.679,,1
CHL,Chile,SL.UEM.TOTL.ZS,"Unemployment, total (% of total labor force) (modeled ILO estimate)",2024,8.718,,1
CHL,Chile,SL.UEM.TOTL.ZS,"Unemployment, total (% of total labor force) (modeled ILO estimate)",2023,9.013,,1
CHL,Chile,SL.UEM.TOTL.ZS,"Unemployment, total (% of total labor force) (modeled ILO estimate)",2022,8.249,,1
CHL,Chile,SL.UEM.TOTL.ZS,"Unemployment, total (% of total labor force) (modeled ILO estimate)",2021,9.281,,1
CHL,Chile,SL.UEM.TOTL.ZS,"Unemployment, total (% of total labor force) (modeled ILO estimate)",2020,10.934,,1
CHL,Chile,SL.UEM.TOTL.ZS,"Unemployment, total (% of total labor force) (modeled ILO estimate)",2019,7.493,,1
CHL,Chile,SL.UEM.TOTL.ZS,"Unemployment, total (% of total labor force) (modeled ILO estimate)",2018,7.623,,1
CHL,Chile,SL.UEM.TOTL.ZS,"Unemployment, total (% of total labor force) (modeled ILO estimate)",2017,7.257,,1
CHL,Chile,SL.UEM.TOTL.ZS,"Unemployment, total (% of total labor force) (modeled ILO estimate)",2016,6.926,,1
CHL,Chile,SL.UEM.TOTL.ZS,"Unemployment, total (% of total labor force) (modeled ILO estimate)",2015,6.605,,1
CHL,Chile,SL.UEM.TOTL.ZS,"Unemployment, total (% of total labor force) (modeled ILO estimate)",2014,6.761,,1
CHL,Chile,SL.UEM.TOTL.ZS,"Unemployment, total (% of total labor force) (modeled ILO estimate)",2013,6.361,,1
CHL,Chile,SL.UEM.TOTL.ZS,"Unemployment, total (% of total labor force) (modeled ILO estimate)",2012,6.79,,1
CHL,Chile,SL.UEM.TOTL.ZS,"Unemployment, total (% of total labor force) (modeled ILO estimate)",2011,7.492,,1
CHL,Chile,SL.UEM.TOTL.ZS,"Unemployment, total (% of total labor force) (modeled ILO estimate)",2010,8.547,,1
CHL,Chile,SL.UEM.TOTL.ZS,"Unemployment, total (% of total labor force) (modeled ILO estimate)",2009,11.313,,1
CHL,Chile,SL.UEM.TOTL.ZS,"Unemployment, total (% of total labor force) (modeled ILO estimate)",2008,9.285,,1
CHL,Chile,SL.UEM.TOTL.ZS,"Unemployment, total (% of total labor force) (modeled ILO estimate)",2007,8.427,,1
CHL,Chile,SL.UEM.TOTL.ZS,"Unemployment, total (% of total labor force) (modeled ILO estimate)",2006,9.024,,1
CHL,Chile,SL.UEM.TOTL.ZS,"Unemployment, total (% of total labor force) (modeled ILO estimate)",2005,9.34,,1
CHL,Chile,SL.UEM.TOTL.ZS,"Unemployment, total (% of total labor force) (modeled ILO estimate)",2004,10.162,,1
CHL,Chile,SL.UEM.TOTL.ZS,"Unemployment, total (% of total labor force) (modeled ILO estimate)",2003,9.765,,1
CHL,Chile,SL.UEM.TOTL.ZS,"Unemployment, total (% of total labor force) (modeled ILO estimate)",2002,10.168,,1
CHL,Chile,SL.UEM.TOTL.ZS,"Unemployment, total (% of total labor force) (modeled ILO estimate)",2001,10.39,,1
CHL,Chile,SL.UEM.TOTL.ZS,"Unemployment, total (% of total labor force) (modeled ILO estimate)",2000,10.491,,1
CHL,Chile,SL.UEM.TOTL.ZS,"Unemployment, total (% of total labor force) (modeled ILO estimate)",1999,11.158,,1
CHL,Chile,SL.UEM.TOTL.ZS,"Unemployment, total (% of total labor force) (modeled ILO estimate)",1998,7.307,,1
CHL,Chile,SL.UEM.TOTL.ZS,"Unemployment, total (% of total labor force) (modeled ILO estimate)",1997,7.136,,1
CHL,Chile,SL.UEM.TOTL.ZS,"Unemployment, total (% of total labor force) (modeled ILO estimate)",1996,7.414,,1
CHL,Chile,SL.UEM.TOTL.ZS,"Unemployment, total (% of total labor force) (modeled ILO estimate)",1995,4.7,,1
CHL,Chile,SL.UEM.TOTL.ZS,"Unemployment, total (% of total labor force) (modeled ILO estimate)",1994,5.87,,1
CHL,Chile,SL.UEM.TOTL.ZS,"Unemployment, total (% of total labor force) (modeled ILO estimate)",1993,4.49,,1
CHL,Chile,SL.UEM.TOTL.ZS,"Unemployment, total (% of total labor force) (modeled ILO estimate)",1992,4.35,,1
CHL,Chile,SL.UEM.TOTL.ZS,"Unemployment, total (% of total labor force) (modeled ILO estimate)",1991,5.23,,1
CHN,China,SL.UEM.TOTL.ZS,"Unemployment, total (% of total labor force) (modeled ILO estimate)",2024,4.59,,1
CHN,China,SL.UEM.TOTL.ZS,"Unemployment, total (% of total labor force) (modeled ILO estimate)",2023,4.67,,1
CHN,China,SL.UEM.TOTL.ZS,"Unemployment, total (% of total labor force) (modeled ILO estimate)",2022,4.98,,1
CHN,China,SL.UEM.TOTL.ZS,"Unemployment, total (% of total labor force) (modeled ILO estimate)",2021,4.55,,1
CHN,China,SL.UEM.TOTL.ZS,"Unemployment, total (% of total labor force) (modeled ILO estimate)",2020,5,,1
CHN,China,SL.UEM.TOTL.ZS,"Unemployment, total (% of total labor force) (modeled ILO estimate)",2019,4.56,,1
CHN,China,SL.UEM.TOTL.ZS,"Unemployment, total (% of total labor force) (modeled ILO estimate)",2018,4.31,,1
CHN,China,SL.UEM.TOTL.ZS,"Unemployment, total (% of total labor force) (modeled ILO estimate)",2017,4.47,,1
CHN,China,SL.UEM.TOTL.ZS,"Unemployment, total (% of total labor force) (modeled ILO estimate)",2016,4.56,,1
CHN,China,SL.UEM.TOTL.ZS,"Unemployment, total (% of total labor force) (modeled ILO estimate)",2015,4.65,,1
CHN,China,SL.UEM.TOTL.ZS,"Unemployment, total (% of total labor force) (modeled ILO estimate)",2014,4.63,,1
CHN,China,SL.UEM.TOTL.ZS,"Unemployment, total (% of total labor force) (modeled ILO estimate)",2013,4.6,,1
CHN,China,SL.UEM.TOTL.ZS,"Unemployment, total (% of total labor force) (modeled ILO estimate)",2012,4.58,,1
CHN,China,SL.UEM.TOTL.ZS,"Unemployment, total (% of total labor force) (modeled ILO estimate)",2011,4.55,,1
CHN,China,SL.UEM.TOTL.ZS,"Unemployment, total (% of total labor force) (modeled ILO estimate)",2010,4.53,,1
CHN,China,SL.UEM.TOTL.ZS,"Unemployment, total (% of total labor force) (modeled ILO estimate)",2009,4.72,,1
CHN,China,SL.UEM.TOTL.ZS,"Unemployment, total (% of total labor force) (modeled ILO estimate)",2008,4.59,,1
CHN,China,SL.UEM.TOTL.ZS,"Unemployment, total (% of total labor force) (modeled ILO estimate)",2007,4.35,,1
CHN,China,SL.UEM.TOTL.ZS,"Unemployment, total (% of total labor force) (modeled ILO estimate)",2006,4.43,,1
CHN,China,SL.UEM.TOTL.ZS,"Unemployment, total (% of total labor force) (modeled ILO estimate)",2005,4.52,,1
CHN,China,SL.UEM.TOTL.ZS,"Unemployment, total (% of total labor force) (modeled ILO estimate)",2004,4.49,,1
CHN,China,SL.UEM.TOTL.ZS,"Unemployment, total (% of total labor force) (modeled ILO estimate)",2003,4.58,,1
CHN,China,SL.UEM.TOTL.ZS,"Unemployment, total (% of total labor force) (modeled ILO estimate)",2002,4.24,,1
CHN,China,SL.UEM.TOTL.ZS,"Unemployment, total (% of total labor force) (modeled ILO estimate)",2001,3.8,,1
CHN,China,SL.UEM.TOTL.ZS,"Unemployment, total (% of total labor force) (modeled ILO estimate)",2000,3.26,,1
CHN,China,SL.UEM.TOTL.ZS,"Unemployment, total (% of total labor force) (modeled ILO estimate)",1999,3.25,,1
CHN,China,SL.UEM.TOTL.ZS,"Unemployment, total (% of total labor force) (modeled ILO estimate)",1998,3.24,,1
CHN,China,SL.UEM.TOTL.ZS,"Unemployment, total (% of total labor force) (modeled ILO estimate)",1997,3.23,,1
CHN,China,SL.UEM.TOTL.ZS,"Unemployment, total (% of total labor force) (modeled ILO estimate)",1996,3.12,,1
CHN,China,SL.UEM.TOTL.ZS,"Unemployment, total (% of total labor force) (modeled ILO estimate)",1995,3,,1
CHN,China,SL.UEM.TOTL.ZS,"Unemployment, total (% of total labor force) (modeled ILO estimate)",1994,2.9,,1
CHN,China,SL.UEM.TOTL.ZS,"Unemployment, total (% of total labor force) (modeled ILO estimate)",1993,2.69,,1
CHN,China,SL.UEM.TOTL.ZS,"Unemployment, total (% of total labor force) (modeled ILO estimate)",1992,2.37,,1
CHN,China,SL.UEM.TOTL.ZS,"Unemployment, total (% of total labor force) (modeled ILO estimate)",1991,2.37,,1
COL,Colombia,SL.UEM.TOTL.ZS,"Unemployment, total (% of total labor force) (modeled ILO estimate)",2024,9.619,,1
COL,Colombia,SL.UEM.TOTL.ZS,"Unemployment, total (% of total labor force) (modeled ILO estimate)",2023,9.591,,1
COL,Colombia,SL.UEM.TOTL.ZS,"Unemployment, total (% of total labor force) (modeled ILO estimate)",2022,10.541,,1
COL,Colombia,SL.UEM.TOTL.ZS,"Unemployment, total (% of total labor force) (modeled ILO estimate)",2021,13.898,,1
COL,Colombia,SL.UEM.TOTL.ZS,"Unemployment, total (% of total labor force) (modeled ILO estimate)",2020,15.983,,1
COL,Colombia,SL.UEM.TOTL.ZS,"Unemployment, total (% of total labor force) (modeled ILO estimate)",2019,10.28,,1
COL,Colombia,SL.UEM.TOTL.ZS,"Unemployment, total (% of total labor force) (modeled ILO estimate)",2018,9.36,,1
COL,Colombia,SL.UEM.TOTL.ZS,"Unemployment, total (% of total labor force) (modeled ILO estimate)",2017,9.086,,1
COL,Colombia,SL.UEM.TOTL.ZS,"Unemployment, total (% of total labor force) (modeled ILO estimate)",2016,8.922,,1
COL,Colombia,SL.UEM.TOTL.ZS,"Unemployment, total (% of total labor force) (modeled ILO estimate)",2015,8.572,,1
COL,Colombia,SL.UEM.TOTL.ZS,"Unemployment, total (% of total labor force) (modeled ILO estimate)",2014,8.799,,1
COL,Colombia,SL.UEM.TOTL.ZS,"Unemployment, total (% of total labor force) (modeled ILO estimate)",2013,9.246,,1
COL,Colombia,SL.UEM.TOTL.ZS,"Unemployment, total (% of total labor force) (modeled ILO estimate)",2012,9.959,,1
COL,Colombia,SL.UEM.TOTL.ZS,"Unemployment, total (% of total labor force) (modeled ILO estimate)",2011,10.288,,1
COL,Colombia,SL.UEM.TOTL.ZS,"Unemployment, total (% of total labor force) (modeled ILO estimate)",2010,11.153,,1
COL,Colombia,SL.UEM.TOTL.ZS,"Unemployment, total (% of total labor force) (modeled ILO estimate)",2009,12.066,,1
COL,Colombia,SL.UEM.TOTL.ZS,"Unemployment, total (% of total labor force) (modeled ILO estimate)",2008,11.273,,1
COL,Colombia,SL.UEM.TOTL.ZS,"Unemployment, total (% of total labor force) (modeled ILO estimate)",2007,11.204,,1
COL,Colombia,SL.UEM.TOTL.ZS,"Unemployment, total (% of total labor force) (modeled ILO estimate)",2006,11.088,,1
COL,Colombia,SL.UEM.TOTL.ZS,"Unemployment, total (% of total labor force) (modeled ILO estimate)",2005,11.062,,1
COL,Colombia,SL.UEM.TOTL.ZS,"Unemployment, total (% of total labor force) (modeled ILO estimate)",2004,13.717,,1
COL,Colombia,SL.UEM.TOTL.ZS,"Unemployment, total (% of total labor force) (modeled ILO estimate)",2003,13.221,,1
COL,Colombia,SL.UEM.TOTL.ZS,"Unemployment, total (% of total labor force) (modeled ILO estimate)",2002,14.481,,1
COL,Colombia,SL.UEM.TOTL.ZS,"Unemployment, total (% of total labor force) (modeled ILO estimate)",2001,15.04,,1
COL,Colombia,SL.UEM.TOTL.ZS,"Unemployment, total (% of total labor force) (modeled ILO estimate)",2000,20.52,,1
COL,Colombia,SL.UEM.TOTL.ZS,"Unemployment, total (% of total labor force) (modeled ILO estimate)",1999,20.06,,1
COL,Colombia,SL.UEM.TOTL.ZS,"Unemployment, total (% of total labor force) (modeled ILO estimate)",1998,15,,1
COL,Colombia,SL.UEM.TOTL.ZS,"Unemployment, total (% of total labor force) (modeled ILO estimate)",1997,12.14,,1
COL,Colombia,SL.UEM.TOTL.ZS,"Unemployment, total (% of total labor force) (modeled ILO estimate)",1996,11.81,,1
COL,Colombia,SL.UEM.TOTL.ZS,"Unemployment, total (% of total labor force) (modeled ILO estimate)",1995,8.72,,1
COL,Colombia,SL.UEM.TOTL.ZS,"Unemployment, total (% of total labor force) (modeled ILO estimate)",1994,8.25,,1
COL,Colombia,SL.UEM.TOTL.ZS,"Unemployment, total (% of total labor force) (modeled ILO estimate)",1993,7.8,,1
COL,Colombia,SL.UEM.TOTL.ZS,"Unemployment, total (% of total labor force) (modeled ILO estimate)",1992,9.44,,1
COL,Colombia,SL.UEM.TOTL.ZS,"Unemployment, total (% of total labor force) (modeled ILO estimate)",1991,10.12,,1
COM,Comoros,SL.UEM.TOTL.ZS,"Unemployment, total (% of total labor force) (modeled ILO estimate)",2024,3.815,,1
COM,Comoros,SL.UEM.TOTL.ZS,"Unemployment, total (% of total labor force) (modeled ILO estimate)",2023,3.833,,1
COM,Comoros,SL.UEM.TOTL.ZS,"Unemployment, total (% of total labor force) (modeled ILO estimate)",2022,3.879,,1
COM,Comoros,SL.UEM.TOTL.ZS,"Unemployment, total (% of total labor force) (modeled ILO estimate)",2021,4.394,,1
COM,Comoros,SL.UEM.TOTL.ZS,"Unemployment, total (% of total labor force) (modeled ILO estimate)",2020,4.468,,1
COM,Comoros,SL.UEM.TOTL.ZS,"Unemployment, total (% of total labor force) (modeled ILO estimate)",2019,3.926,,1
COM,Comoros,SL.UEM.TOTL.ZS,"Unemployment, total (% of total labor force) (modeled ILO estimate)",2018,3.975,,1
COM,Comoros,SL.UEM.TOTL.ZS,"Unemployment, total (% of total labor force) (modeled ILO estimate)",2017,4.049,,1
COM,Comoros,SL.UEM.TOTL.ZS,"Unemployment, total (% of total labor force) (modeled ILO estimate)",2016,4.117,,1
COM,Comoros,SL.UEM.TOTL.ZS,"Unemployment, total (% of total labor force) (modeled ILO estimate)",2015,4.031,,1
COM,Comoros,SL.UEM.TOTL.ZS,"Unemployment, total (% of total labor force) (modeled ILO estimate)",2014,3.984,,1
COM,Comoros,SL.UEM.TOTL.ZS,"Unemployment, total (% of total labor force) (modeled ILO estimate)",2013,3.98,,1
COM,Comoros,SL.UEM.TOTL.ZS,"Unemployment, total (% of total labor force) (modeled ILO estimate)",2012,4.091,,1
COM,Comoros,SL.UEM.TOTL.ZS,"Unemployment, total (% of total labor force) (modeled ILO estimate)",2011,4.12,,1
COM,Comoros,SL.UEM.TOTL.ZS,"Unemployment, total (% of total labor force) (modeled ILO estimate)",2010,4.19,,1
COM,Comoros,SL.UEM.TOTL.ZS,"Unemployment, total (% of total labor force) (modeled ILO estimate)",2009,4.303,,1
COM,Comoros,SL.UEM.TOTL.ZS,"Unemployment, total (% of total labor force) (modeled ILO estimate)",2008,4.416,,1
COM,Comoros,SL.UEM.TOTL.ZS,"Unemployment, total (% of total labor force) (modeled ILO estimate)",2007,4.474,,1
COM,Comoros,SL.UEM.TOTL.ZS,"Unemployment, total (% of total labor force) (modeled ILO estimate)",2006,4.482,,1
COM,Comoros,SL.UEM.TOTL.ZS,"Unemployment, total (% of total labor force) (modeled ILO estimate)",2005,4.527,,1
COM,Comoros,SL.UEM.TOTL.ZS,"Unemployment, total (% of total labor force) (modeled ILO estimate)",2004,4.571,,1
COM,Comoros,SL.UEM.TOTL.ZS,"Unemployment, total (% of total labor force) (modeled ILO estimate)",2003,4.559,,1
COM,Comoros,SL.UEM.TOTL.ZS,"Unemployment, total (% of total labor force) (modeled ILO estimate)",2002,4.372,,1
COM,Comoros,SL.UEM.TOTL.ZS,"Unemployment, total (% of total labor force) (modeled ILO estimate)",2001,4.379,,1
COM,Comoros,SL.UEM.TOTL.ZS,"Unemployment, total (% of total labor force) (modeled ILO estimate)",2000,4.4,,1
COM,Comoros,SL.UEM.TOTL.ZS,"Unemployment, total (% of total labor force) (modeled ILO estimate)",1999,4.544,,1
COM,Comoros,SL.UEM.TOTL.ZS,"Unemployment, total (% of total labor force) (modeled ILO estimate)",1998,4.614,,1
COM,Comoros,SL.UEM.TOTL.ZS,"Unemployment, total (% of total labor force) (modeled ILO estimate)",1997,4.561,,1
COM,Comoros,SL.UEM.TOTL.ZS,"Unemployment, total (% of total labor force) (modeled ILO estimate)",1996,4.774,,1
COM,Comoros,SL.UEM.TOTL.ZS,"Unemployment, total (% of total labor force) (modeled ILO estimate)",1995,4.675,,1
COM,Comoros,SL.UEM.TOTL.ZS,"Unemployment, total (% of total labor force) (modeled ILO estimate)",1994,4.566,,1
COM,Comoros,SL.UEM.TOTL.ZS,"Unemployment, total (% of total labor force) (modeled ILO estimate)",1993,4.571,,1
COM,Comoros,SL.UEM.TOTL.ZS,"Unemployment, total (% of total labor force) (modeled ILO estimate)",1992,4.528,,1
COM,Comoros,SL.UEM.TOTL.ZS,"Unemployment, total (% of total labor force) (modeled ILO estimate)",1991,4.795,,1
COD,"Congo, Dem. Rep.",SL.UEM.TOTL.ZS,"Unemployment, total (% of total labor force) (modeled ILO estimate)",2024,4.421,,1
COD,"Congo, Dem. Rep.",SL.UEM.TOTL.ZS,"Unemployment, total (% of total labor force) (modeled ILO estimate)",2023,4.469,,1
COD,"Congo, Dem. Rep.",SL.UEM.TOTL.ZS,"Unemployment, total (% of total labor force) (modeled ILO estimate)",2022,4.54,,1
COD,"Congo, Dem. Rep.",SL.UEM.TOTL.ZS,"Unemployment, total (% of total labor force) (modeled ILO estimate)",2021,5.289,,1
COD,"Congo, Dem. Rep.",SL.UEM.TOTL.ZS,"Unemployment, total (% of total labor force) (modeled ILO estimate)",2020,5.355,,1
COD,"Congo, Dem. Rep.",SL.UEM.TOTL.ZS,"Unemployment, total (% of total labor force) (modeled ILO estimate)",2019,4.605,,1
COD,"Congo, Dem. Rep.",SL.UEM.TOTL.ZS,"Unemployment, total (% of total labor force) (modeled ILO estimate)",2018,4.632,,1
COD,"Congo, Dem. Rep.",SL.UEM.TOTL.ZS,"Unemployment, total (% of total labor force) (modeled ILO estimate)",2017,4.613,,1
COD,"Congo, Dem. Rep.",SL.UEM.TOTL.ZS,"Unemployment, total (% of total labor force) (modeled ILO estimate)",2016,4.528,,1
COD,"Congo, Dem. Rep.",SL.UEM.TOTL.ZS,"Unemployment, total (% of total labor force) (modeled ILO estimate)",2015,4.441,,1
COD,"Congo, Dem. Rep.",SL.UEM.TOTL.ZS,"Unemployment, total (% of total labor force) (modeled ILO estimate)",2014,4.436,,1
COD,"Congo, Dem. Rep.",SL.UEM.TOTL.ZS,"Unemployment, total (% of total labor force) (modeled ILO estimate)",2013,4.469,,1
COD,"Congo, Dem. Rep.",SL.UEM.TOTL.ZS,"Unemployment, total (% of total labor force) (modeled ILO estimate)",2012,4.485,,1
COD,"Congo, Dem. Rep.",SL.UEM.TOTL.ZS,"Unemployment, total (% of total labor force) (modeled ILO estimate)",2011,4.317,,1
COD,"Congo, Dem. Rep.",SL.UEM.TOTL.ZS,"Unemployment, total (% of total labor force) (modeled ILO estimate)",2010,4.098,,1
COD,"Congo, Dem. Rep.",SL.UEM.TOTL.ZS,"Unemployment, total (% of total labor force) (modeled ILO estimate)",2009,3.882,,1
COD,"Congo, Dem. Rep.",SL.UEM.TOTL.ZS,"Unemployment, total (% of total labor force) (modeled ILO estimate)",2008,3.627,,1
COD,"Congo, Dem. Rep.",SL.UEM.TOTL.ZS,"Unemployment, total (% of total labor force) (modeled ILO estimate)",2007,3.404,,1
COD,"Congo, Dem. Rep.",SL.UEM.TOTL.ZS,"Unemployment, total (% of total labor force) (modeled ILO estimate)",2006,3.174,,1
COD,"Congo, Dem. Rep.",SL.UEM.TOTL.ZS,"Unemployment, total (% of total labor force) (modeled ILO estimate)",2005,2.948,,1
COD,"Congo, Dem. Rep.",SL.UEM.TOTL.ZS,"Unemployment, total (% of total labor force) (modeled ILO estimate)",2004,2.976,,1
COD,"Congo, Dem. Rep.",SL.UEM.TOTL.ZS,"Unemployment, total (% of total labor force) (modeled ILO estimate)",2003,3.057,,1
COD,"Congo, Dem. Rep.",SL.UEM.TOTL.ZS,"Unemployment, total (% of total labor force) (modeled ILO estimate)",2002,3.179,,1
COD,"Congo, Dem. Rep.",SL.UEM.TOTL.ZS,"Unemployment, total (% of total labor force) (modeled ILO estimate)",2001,3.251,,1
COD,"Congo, Dem. Rep.",SL.UEM.TOTL.ZS,"Unemployment, total (% of total labor force) (modeled ILO estimate)",2000,3.245,,1
COD,"Congo, Dem. Rep.",SL.UEM.TOTL.ZS,"Unemployment, total (% of total labor force) (modeled ILO estimate)",1999,3.23,,1
COD,"Congo, Dem. Rep.",SL.UEM.TOTL.ZS,"Unemployment, total (% of total labor force) (modeled ILO estimate)",1998,3.195,,1
COD,"Congo, Dem. Rep.",SL.UEM.TOTL.ZS,"Unemployment, total (% of total labor force) (modeled ILO estimate)",1997,3.171,,1
COD,"Congo, Dem. Rep.",SL.UEM.TOTL.ZS,"Unemployment, total (% of total labor force) (modeled ILO estimate)",1996,3.156,,1
COD,"Congo, Dem. Rep.",SL.UEM.TOTL.ZS,"Unemployment, total (% of total labor force) (modeled ILO estimate)",1995,3.285,,1
COD,"Congo, Dem. Rep.",SL.UEM.TOTL.ZS,"Unemployment, total (% of total labor force) (modeled ILO estimate)",1994,3.403,,1
COD,"Congo, Dem. Rep.",SL.UEM.TOTL.ZS,"Unemployment, total (% of total labor force) (modeled ILO estimate)",1993,3.45,,1
COD,"Congo, Dem. Rep.",SL.UEM.TOTL.ZS,"Unemployment, total (% of total labor force) (modeled ILO estimate)",1992,3.372,,1
COD,"Congo, Dem. Rep.",SL.UEM.TOTL.ZS,"Unemployment, total (% of total labor force) (modeled ILO estimate)",1991,3.272,,1
COG,"Congo, Rep.",SL.UEM.TOTL.ZS,"Unemployment, total (% of total labor force) (modeled ILO estimate)",2024,19.895,,1
COG,"Congo, Rep.",SL.UEM.TOTL.ZS,"Unemployment, total (% of total labor force) (modeled ILO estimate)",2023,19.919,,1
COG,"Congo, Rep.",SL.UEM.TOTL.ZS,"Unemployment, total (% of total labor force) (modeled ILO estimate)",2022,20.131,,1
COG,"Congo, Rep.",SL.UEM.TOTL.ZS,"Unemployment, total (% of total labor force) (modeled ILO estimate)",2021,21.998,,1
COG,"Congo, Rep.",SL.UEM.TOTL.ZS,"Unemployment, total (% of total labor force) (modeled ILO estimate)",2020,22.286,,1
COG,"Congo, Rep.",SL.UEM.TOTL.ZS,"Unemployment, total (% of total labor force) (modeled ILO estimate)",2019,20.494,,1
COG,"Congo, Rep.",SL.UEM.TOTL.ZS,"Unemployment, total (% of total labor force) (modeled ILO estimate)",2018,20.84,,1
COG,"Congo, Rep.",SL.UEM.TOTL.ZS,"Unemployment, total (% of total labor force) (modeled ILO estimate)",2017,20.737,,1
COG,"Congo, Rep.",SL.UEM.TOTL.ZS,"Unemployment, total (% of total labor force) (modeled ILO estimate)",2016,20.298,,1
COG,"Congo, Rep.",SL.UEM.TOTL.ZS,"Unemployment, total (% of total labor force) (modeled ILO estimate)",2015,20.02,,1
COG,"Congo, Rep.",SL.UEM.TOTL.ZS,"Unemployment, total (% of total labor force) (modeled ILO estimate)",2014,19.696,,1
COG,"Congo, Rep.",SL.UEM.TOTL.ZS,"Unemployment, total (% of total labor force) (modeled ILO estimate)",2013,19.845,,1
COG,"Congo, Rep.",SL.UEM.TOTL.ZS,"Unemployment, total (% of total labor force) (modeled ILO estimate)",2012,19.491,,1
COG,"Congo, Rep.",SL.UEM.TOTL.ZS,"Unemployment, total (% of total labor force) (modeled ILO estimate)",2011,19.435,,1
COG,"Congo, Rep.",SL.UEM.TOTL.ZS,"Unemployment, total (% of total labor force) (modeled ILO estimate)",2010,19.3,,1
COG,"Congo, Rep.",SL.UEM.TOTL.ZS,"Unemployment, total (% of total labor force) (modeled ILO estimate)",2009,19.844,,1
COG,"Congo, Rep.",SL.UEM.TOTL.ZS,"Unemployment, total (% of total labor force) (modeled ILO estimate)",2008,19.962,,1
COG,"Congo, Rep.",SL.UEM.TOTL.ZS,"Unemployment, total (% of total labor force) (modeled ILO estimate)",2007,19.909,,1
COG,"Congo, Rep.",SL.UEM.TOTL.ZS,"Unemployment, total (% of total labor force) (modeled ILO estimate)",2006,19.563,,1
COG,"Congo, Rep.",SL.UEM.TOTL.ZS,"Unemployment, total (% of total labor force) (modeled ILO estimate)",2005,19.796,,1
COG,"Congo, Rep.",SL.UEM.TOTL.ZS,"Unemployment, total (% of total labor force) (modeled ILO estimate)",2004,19.896,,1
COG,"Congo, Rep.",SL.UEM.TOTL.ZS,"Unemployment, total (% of total labor force) (modeled ILO estimate)",2003,19.877,,1
COG,"Congo, Rep.",SL.UEM.TOTL.ZS,"Unemployment, total (% of total labor force) (modeled ILO estimate)",2002,19.644,,1
COG,"Congo, Rep.",SL.UEM.TOTL.ZS,"Unemployment, total (% of total labor force) (modeled ILO estimate)",2001,19.88,,1
COG,"Congo, Rep.",SL.UEM.TOTL.ZS,"Unemployment, total (% of total labor force) (modeled ILO estimate)",2000,19.872,,1
COG,"Congo, Rep.",SL.UEM.TOTL.ZS,"Unemployment, total (% of total labor force) (modeled ILO estimate)",1999,20.141,,1
COG,"Congo, Rep.",SL.UEM.TOTL.ZS,"Unemployment, total (% of total labor force) (modeled ILO estimate)",1998,19.898,,1
COG,"Congo, Rep.",SL.UEM.TOTL.ZS,"Unemployment, total (% of total labor force) (modeled ILO estimate)",1997,19.886,,1
COG,"Congo, Rep.",SL.UEM.TOTL.ZS,"Unemployment, total (% of total labor force) (modeled ILO estimate)",1996,20.049,,1
COG,"Congo, Rep.",SL.UEM.TOTL.ZS,"Unemployment, total (% of total labor force) (modeled ILO estimate)",1995,20.226,,1
COG,"Congo, Rep.",SL.UEM.TOTL.ZS,"Unemployment, total (% of total labor force) (modeled ILO estimate)",1994,20.269,,1
COG,"Congo, Rep.",SL.UEM.TOTL.ZS,"Unemployment, total (% of total labor force) (modeled ILO estimate)",1993,19.99,,1
COG,"Congo, Rep.",SL.UEM.TOTL.ZS,"Unemployment, total (% of total labor force) (modeled ILO estimate)",1992,19.916,,1
COG,"Congo, Rep.",SL.UEM.TOTL.ZS,"Unemployment, total (% of total labor force) (modeled ILO estimate)",1991,19.911,,1
CRI,Costa Rica,SL.UEM.TOTL.ZS,"Unemployment, total (% of total labor force) (modeled ILO estimate)",2024,6.936,,1
CRI,Costa Rica,SL.UEM.TOTL.ZS,"Unemployment, total (% of total labor force) (modeled ILO estimate)",2023,8.325,,1
CRI,Costa Rica,SL.UEM.TOTL.ZS,"Unemployment, total (% of total labor force) (modeled ILO estimate)",2022,11.325,,1
CRI,Costa Rica,SL.UEM.TOTL.ZS,"Unemployment, total (% of total labor force) (modeled ILO estimate)",2021,15.139,,1
CRI,Costa Rica,SL.UEM.TOTL.ZS,"Unemployment, total (% of total labor force) (modeled ILO estimate)",2020,16.432,,1
CRI,Costa Rica,SL.UEM.TOTL.ZS,"Unemployment, total (% of total labor force) (modeled ILO estimate)",2019,10.807,,1
CRI,Costa Rica,SL.UEM.TOTL.ZS,"Unemployment, total (% of total labor force) (modeled ILO estimate)",2018,9.01,,1
CRI,Costa Rica,SL.UEM.TOTL.ZS,"Unemployment, total (% of total labor force) (modeled ILO estimate)",2017,7.729,,1
CRI,Costa Rica,SL.UEM.TOTL.ZS,"Unemployment, total (% of total labor force) (modeled ILO estimate)",2016,8.085,,1
CRI,Costa Rica,SL.UEM.TOTL.ZS,"Unemployment, total (% of total labor force) (modeled ILO estimate)",2015,8.415,,1
CRI,Costa Rica,SL.UEM.TOTL.ZS,"Unemployment, total (% of total labor force) (modeled ILO estimate)",2014,8.499,,1
CRI,Costa Rica,SL.UEM.TOTL.ZS,"Unemployment, total (% of total labor force) (modeled ILO estimate)",2013,8.218,,1
CRI,Costa Rica,SL.UEM.TOTL.ZS,"Unemployment, total (% of total labor force) (modeled ILO estimate)",2012,9.11,,1
CRI,Costa Rica,SL.UEM.TOTL.ZS,"Unemployment, total (% of total labor force) (modeled ILO estimate)",2011,9.518,,1
CRI,Costa Rica,SL.UEM.TOTL.ZS,"Unemployment, total (% of total labor force) (modeled ILO estimate)",2010,7.171,,1
CRI,Costa Rica,SL.UEM.TOTL.ZS,"Unemployment, total (% of total labor force) (modeled ILO estimate)",2009,7.824,,1
CRI,Costa Rica,SL.UEM.TOTL.ZS,"Unemployment, total (% of total labor force) (modeled ILO estimate)",2008,4.934,,1
CRI,Costa Rica,SL.UEM.TOTL.ZS,"Unemployment, total (% of total labor force) (modeled ILO estimate)",2007,4.557,,1
CRI,Costa Rica,SL.UEM.TOTL.ZS,"Unemployment, total (% of total labor force) (modeled ILO estimate)",2006,5.926,,1
CRI,Costa Rica,SL.UEM.TOTL.ZS,"Unemployment, total (% of total labor force) (modeled ILO estimate)",2005,6.749,,1
CRI,Costa Rica,SL.UEM.TOTL.ZS,"Unemployment, total (% of total labor force) (modeled ILO estimate)",2004,6.445,,1
CRI,Costa Rica,SL.UEM.TOTL.ZS,"Unemployment, total (% of total labor force) (modeled ILO estimate)",2003,6.654,,1
CRI,Costa Rica,SL.UEM.TOTL.ZS,"Unemployment, total (% of total labor force) (modeled ILO estimate)",2002,6.396,,1
CRI,Costa Rica,SL.UEM.TOTL.ZS,"Unemployment, total (% of total labor force) (modeled ILO estimate)",2001,6.051,,1
CRI,Costa Rica,SL.UEM.TOTL.ZS,"Unemployment, total (% of total labor force) (modeled ILO estimate)",2000,5.08,,1
CRI,Costa Rica,SL.UEM.TOTL.ZS,"Unemployment, total (% of total labor force) (modeled ILO estimate)",1999,5.9,,1
CRI,Costa Rica,SL.UEM.TOTL.ZS,"Unemployment, total (% of total labor force) (modeled ILO estimate)",1998,5.33,,1
CRI,Costa Rica,SL.UEM.TOTL.ZS,"Unemployment, total (% of total labor force) (modeled ILO estimate)",1997,5.68,,1
CRI,Costa Rica,SL.UEM.TOTL.ZS,"Unemployment, total (% of total labor force) (modeled ILO estimate)",1996,6.16,,1
CRI,Costa Rica,SL.UEM.TOTL.ZS,"Unemployment, total (% of total labor force) (modeled ILO estimate)",1995,5.18,,1
CRI,Costa Rica,SL.UEM.TOTL.ZS,"Unemployment, total (% of total labor force) (modeled ILO estimate)",1994,4.05,,1
CRI,Costa Rica,SL.UEM.TOTL.ZS,"Unemployment, total (% of total labor force) (modeled ILO estimate)",1993,3.95,,1
CRI,Costa Rica,SL.UEM.TOTL.ZS,"Unemployment, total (% of total labor force) (modeled ILO estimate)",1992,3.93,,1
CRI,Costa Rica,SL.UEM.TOTL.ZS,"Unemployment, total (% of total labor force) (modeled ILO estimate)",1991,5.37,,1
CIV,Cote d'Ivoire,SL.UEM.TOTL.ZS,"Unemployment, total (% of total labor force) (modeled ILO estimate)",2024,2.273,,1
CIV,Cote d'Ivoire,SL.UEM.TOTL.ZS,"Unemployment, total (% of total labor force) (modeled ILO estimate)",2023,2.263,,1
CIV,Cote d'Ivoire,SL.UEM.TOTL.ZS,"Unemployment, total (% of total labor force) (modeled ILO estimate)",2022,2.31,,1
CIV,Cote d'Ivoire,SL.UEM.TOTL.ZS,"Unemployment, total (% of total labor force) (modeled ILO estimate)",2021,2.623,,1
CIV,Cote d'Ivoire,SL.UEM.TOTL.ZS,"Unemployment, total (% of total labor force) (modeled ILO estimate)",2020,2.588,,1
CIV,Cote d'Ivoire,SL.UEM.TOTL.ZS,"Unemployment, total (% of total labor force) (modeled ILO estimate)",2019,2.401,,1
CIV,Cote d'Ivoire,SL.UEM.TOTL.ZS,"Unemployment, total (% of total labor force) (modeled ILO estimate)",2018,2.852,,1
CIV,Cote d'Ivoire,SL.UEM.TOTL.ZS,"Unemployment, total (% of total labor force) (modeled ILO estimate)",2017,3.272,,1
CIV,Cote d'Ivoire,SL.UEM.TOTL.ZS,"Unemployment, total (% of total labor force) (modeled ILO estimate)",2016,1.896,,1
CIV,Cote d'Ivoire,SL.UEM.TOTL.ZS,"Unemployment, total (% of total labor force) (modeled ILO estimate)",2015,2.573,,1
CIV,Cote d'Ivoire,SL.UEM.TOTL.ZS,"Unemployment, total (% of total labor force) (modeled ILO estimate)",2014,3.274,,1
CIV,Cote d'Ivoire,SL.UEM.TOTL.ZS,"Unemployment, total (% of total labor force) (modeled ILO estimate)",2013,4.255,,1
CIV,Cote d'Ivoire,SL.UEM.TOTL.ZS,"Unemployment, total (% of total labor force) (modeled ILO estimate)",2012,7.223,,1
CIV,Cote d'Ivoire,SL.UEM.TOTL.ZS,"Unemployment, total (% of total labor force) (modeled ILO estimate)",2011,7.144,,1
CIV,Cote d'Ivoire,SL.UEM.TOTL.ZS,"Unemployment, total (% of total labor force) (modeled ILO estimate)",2010,6.607,,1
CIV,Cote d'Ivoire,SL.UEM.TOTL.ZS,"Unemployment, total (% of total labor force) (modeled ILO estimate)",2009,6.573,,1
CIV,Cote d'Ivoire,SL.UEM.TOTL.ZS,"Unemployment, total (% of total labor force) (modeled ILO estimate)",2008,6.382,,1
CIV,Cote d'Ivoire,SL.UEM.TOTL.ZS,"Unemployment, total (% of total labor force) (modeled ILO estimate)",2007,6.284,,1
CIV,Cote d'Ivoire,SL.UEM.TOTL.ZS,"Unemployment, total (% of total labor force) (modeled ILO estimate)",2006,6.017,,1
CIV,Cote d'Ivoire,SL.UEM.TOTL.ZS,"Unemployment, total (% of total labor force) (modeled ILO estimate)",2005,6.023,,1
CIV,Cote d'Ivoire,SL.UEM.TOTL.ZS,"Unemployment, total (% of total labor force) (modeled ILO estimate)",2004,5.915,,1
CIV,Cote d'Ivoire,SL.UEM.TOTL.ZS,"Unemployment, total (% of total labor force) (modeled ILO estimate)",2003,5.847,,1
CIV,Cote d'Ivoire,SL.UEM.TOTL.ZS,"Unemployment, total (% of total labor force) (modeled ILO estimate)",2002,5.508,,1
CIV,Cote d'Ivoire,SL.UEM.TOTL.ZS,"Unemployment, total (% of total labor force) (modeled ILO estimate)",2001,5.195,,1
CIV,Cote d'Ivoire,SL.UEM.TOTL.ZS,"Unemployment, total (% of total labor force) (modeled ILO estimate)",2000,4.835,,1
CIV,Cote d'Ivoire,SL.UEM.TOTL.ZS,"Unemployment, total (% of total labor force) (modeled ILO estimate)",1999,4.421,,1
CIV,Cote d'Ivoire,SL.UEM.TOTL.ZS,"Unemployment, total (% of total labor force) (modeled ILO estimate)",1998,4.1,,1
CIV,Cote d'Ivoire,SL.UEM.TOTL.ZS,"Unemployment, total (% of total labor force) (modeled ILO estimate)",1997,3.964,,1
CIV,Cote d'Ivoire,SL.UEM.TOTL.ZS,"Unemployment, total (% of total labor force) (modeled ILO estimate)",1996,4.039,,1
CIV,Cote d'Ivoire,SL.UEM.TOTL.ZS,"Unemployment, total (% of total labor force) (modeled ILO estimate)",1995,4.1,,1
CIV,Cote d'Ivoire,SL.UEM.TOTL.ZS,"Unemployment, total (% of total labor force) (modeled ILO estimate)",1994,5.046,,1
CIV,Cote d'Ivoire,SL.UEM.TOTL.ZS,"Unemployment, total (% of total labor force) (modeled ILO estimate)",1993,5.869,,1
CIV,Cote d'Ivoire,SL.UEM.TOTL.ZS,"Unemployment, total (% of total labor force) (modeled ILO estimate)",1992,6.7,,1
CIV,Cote d'Ivoire,SL.UEM.TOTL.ZS,"Unemployment, total (% of total labor force) (modeled ILO estimate)",1991,6.595,,1
HRV,Croatia,SL.UEM.TOTL.ZS,"Unemployment, total (% of total labor force) (modeled ILO estimate)",2024,5,,1
HRV,Croatia,SL.UEM.TOTL.ZS,"Unemployment, total (% of total labor force) (modeled ILO estimate)",2023,6.121,,1
HRV,Croatia,SL.UEM.TOTL.ZS,"Unemployment, total (% of total labor force) (modeled ILO estimate)",2022,6.811,,1
HRV,Croatia,SL.UEM.TOTL.ZS,"Unemployment, total (% of total labor force) (modeled ILO estimate)",2021,7.483,,1
HRV,Croatia,SL.UEM.TOTL.ZS,"Unemployment, total (% of total labor force) (modeled ILO estimate)",2020,7.389,,1
HRV,Croatia,SL.UEM.TOTL.ZS,"Unemployment, total (% of total labor force) (modeled ILO estimate)",2019,6.551,,1
HRV,Croatia,SL.UEM.TOTL.ZS,"Unemployment, total (% of total labor force) (modeled ILO estimate)",2018,8.322,,1
HRV,Croatia,SL.UEM.TOTL.ZS,"Unemployment, total (% of total labor force) (modeled ILO estimate)",2017,11.078,,1
HRV,Croatia,SL.UEM.TOTL.ZS,"Unemployment, total (% of total labor force) (modeled ILO estimate)",2016,13.015,,1
HRV,Croatia,SL.UEM.TOTL.ZS,"Unemployment, total (% of total labor force) (modeled ILO estimate)",2015,16.15,,1
HRV,Croatia,SL.UEM.TOTL.ZS,"Unemployment, total (% of total labor force) (modeled ILO estimate)",2014,17.209,,1
HRV,Croatia,SL.UEM.TOTL.ZS,"Unemployment, total (% of total labor force) (modeled ILO estimate)",2013,17.231,,1
HRV,Croatia,SL.UEM.TOTL.ZS,"Unemployment, total (% of total labor force) (modeled ILO estimate)",2012,16.046,,1
HRV,Croatia,SL.UEM.TOTL.ZS,"Unemployment, total (% of total labor force) (modeled ILO estimate)",2011,13.678,,1
HRV,Croatia,SL.UEM.TOTL.ZS,"Unemployment, total (% of total labor force) (modeled ILO estimate)",2010,11.62,,1
HRV,Croatia,SL.UEM.TOTL.ZS,"Unemployment, total (% of total labor force) (modeled ILO estimate)",2009,9.202,,1
HRV,Croatia,SL.UEM.TOTL.ZS,"Unemployment, total (% of total labor force) (modeled ILO estimate)",2008,8.53,,1
HRV,Croatia,SL.UEM.TOTL.ZS,"Unemployment, total (% of total labor force) (modeled ILO estimate)",2007,9.909,,1
HRV,Croatia,SL.UEM.TOTL.ZS,"Unemployment, total (% of total labor force) (modeled ILO estimate)",2006,11.13,,1
HRV,Croatia,SL.UEM.TOTL.ZS,"Unemployment, total (% of total labor force) (modeled ILO estimate)",2005,12.598,,1
HRV,Croatia,SL.UEM.TOTL.ZS,"Unemployment, total (% of total labor force) (modeled ILO estimate)",2004,13.664,,1
HRV,Croatia,SL.UEM.TOTL.ZS,"Unemployment, total (% of total labor force) (modeled ILO estimate)",2003,13.924,,1
HRV,Croatia,SL.UEM.TOTL.ZS,"Unemployment, total (% of total labor force) (modeled ILO estimate)",2002,15.053,,1
HRV,Croatia,SL.UEM.TOTL.ZS,"Unemployment, total (% of total labor force) (modeled ILO estimate)",2001,15.822,,1
HRV,Croatia,SL.UEM.TOTL.ZS,"Unemployment, total (% of total labor force) (modeled ILO estimate)",2000,16.064,,1
HRV,Croatia,SL.UEM.TOTL.ZS,"Unemployment, total (% of total labor force) (modeled ILO estimate)",1999,13.559,,1
HRV,Croatia,SL.UEM.TOTL.ZS,"Unemployment, total (% of total labor force) (modeled ILO estimate)",1998,11.392,,1
HRV,Croatia,SL.UEM.TOTL.ZS,"Unemployment, total (% of total labor force) (modeled ILO estimate)",1997,9.71,,1
HRV,Croatia,SL.UEM.TOTL.ZS,"Unemployment, total (% of total labor force) (modeled ILO estimate)",1996,9.68,,1
HRV,Croatia,SL.UEM.TOTL.ZS,"Unemployment, total (% of total labor force) (modeled ILO estimate)",1995,10.007,,1
HRV,Croatia,SL.UEM.TOTL.ZS,"Unemployment, total (% of total labor force) (modeled ILO estimate)",1994,10.364,,1
HRV,Croatia,SL.UEM.TOTL.ZS,"Unemployment, total (% of total labor force) (modeled ILO estimate)",1993,10.779,,1
HRV,Croatia,SL.UEM.TOTL.ZS,"Unemployment, total (% of total labor force) (modeled ILO estimate)",1992,10.974,,1
HRV,Croatia,SL.UEM.TOTL.ZS,"Unemployment, total (% of total labor force) (modeled ILO estimate)",1991,11.14,,1
CUB,Cuba,SL.UEM.TOTL.ZS,"Unemployment, total (% of total labor force) (modeled ILO estimate)",2024,1.755,,1
CUB,Cuba,SL.UEM.TOTL.ZS,"Unemployment, total (% of total labor force) (modeled ILO estimate)",2023,1.73,,1
CUB,Cuba,SL.UEM.TOTL.ZS,"Unemployment, total (% of total labor force) (modeled ILO estimate)",2022,1.829,,1
CUB,Cuba,SL.UEM.TOTL.ZS,"Unemployment, total (% of total labor force) (modeled ILO estimate)",2021,2.11,,1
CUB,Cuba,SL.UEM.TOTL.ZS,"Unemployment, total (% of total labor force) (modeled ILO estimate)",2020,2.233,,1
CUB,Cuba,SL.UEM.TOTL.ZS,"Unemployment, total (% of total labor force) (modeled ILO estimate)",2019,1.705,,1
CUB,Cuba,SL.UEM.TOTL.ZS,"Unemployment, total (% of total labor force) (modeled ILO estimate)",2018,1.7,,1
CUB,Cuba,SL.UEM.TOTL.ZS,"Unemployment, total (% of total labor force) (modeled ILO estimate)",2017,1.7,,1
CUB,Cuba,SL.UEM.TOTL.ZS,"Unemployment, total (% of total labor force) (modeled ILO estimate)",2016,2,,1
CUB,Cuba,SL.UEM.TOTL.ZS,"Unemployment, total (% of total labor force) (modeled ILO estimate)",2015,2.4,,1
CUB,Cuba,SL.UEM.TOTL.ZS,"Unemployment, total (% of total labor force) (modeled ILO estimate)",2014,2.7,,1
CUB,Cuba,SL.UEM.TOTL.ZS,"Unemployment, total (% of total labor force) (modeled ILO estimate)",2013,3.29,,1
CUB,Cuba,SL.UEM.TOTL.ZS,"Unemployment, total (% of total labor force) (modeled ILO estimate)",2012,3.46,,1
CUB,Cuba,SL.UEM.TOTL.ZS,"Unemployment, total (% of total labor force) (modeled ILO estimate)",2011,3.18,,1
CUB,Cuba,SL.UEM.TOTL.ZS,"Unemployment, total (% of total labor force) (modeled ILO estimate)",2010,2.5,,1
CUB,Cuba,SL.UEM.TOTL.ZS,"Unemployment, total (% of total labor force) (modeled ILO estimate)",2009,1.67,,1
CUB,Cuba,SL.UEM.TOTL.ZS,"Unemployment, total (% of total labor force) (modeled ILO estimate)",2008,1.583,,1
CUB,Cuba,SL.UEM.TOTL.ZS,"Unemployment, total (% of total labor force) (modeled ILO estimate)",2007,1.788,,1
CUB,Cuba,SL.UEM.TOTL.ZS,"Unemployment, total (% of total labor force) (modeled ILO estimate)",2006,1.913,,1
CUB,Cuba,SL.UEM.TOTL.ZS,"Unemployment, total (% of total labor force) (modeled ILO estimate)",2005,1.95,,1
CUB,Cuba,SL.UEM.TOTL.ZS,"Unemployment, total (% of total labor force) (modeled ILO estimate)",2004,1.854,,1
CUB,Cuba,SL.UEM.TOTL.ZS,"Unemployment, total (% of total labor force) (modeled ILO estimate)",2003,2.33,,1
CUB,Cuba,SL.UEM.TOTL.ZS,"Unemployment, total (% of total labor force) (modeled ILO estimate)",2002,3.31,,1
CUB,Cuba,SL.UEM.TOTL.ZS,"Unemployment, total (% of total labor force) (modeled ILO estimate)",2001,4.08,,1
CUB,Cuba,SL.UEM.TOTL.ZS,"Unemployment, total (% of total labor force) (modeled ILO estimate)",2000,5.45,,1
CUB,Cuba,SL.UEM.TOTL.ZS,"Unemployment, total (% of total labor force) (modeled ILO estimate)",1999,6.26,,1
CUB,Cuba,SL.UEM.TOTL.ZS,"Unemployment, total (% of total labor force) (modeled ILO estimate)",1998,6.23,,1
CUB,Cuba,SL.UEM.TOTL.ZS,"Unemployment, total (% of total labor force) (modeled ILO estimate)",1997,7.1,,1
CUB,Cuba,SL.UEM.TOTL.ZS,"Unemployment, total (% of total labor force) (modeled ILO estimate)",1996,7.61,,1
CUB,Cuba,SL.UEM.TOTL.ZS,"Unemployment, total (% of total labor force) (modeled ILO estimate)",1995,8.27,,1
CUB,Cuba,SL.UEM.TOTL.ZS,"Unemployment, total (% of total labor force) (modeled ILO estimate)",1994,8.806,,1
CUB,Cuba,SL.UEM.TOTL.ZS,"Unemployment, total (% of total labor force) (modeled ILO estimate)",1993,9.27,,1
CUB,Cuba,SL.UEM.TOTL.ZS,"Unemployment, total (% of total labor force) (modeled ILO estimate)",1992,8.779,,1
CUB,Cuba,SL.UEM.TOTL.ZS,"Unemployment, total (% of total labor force) (modeled ILO estimate)",1991,8.306,,1
CYP,Cyprus,SL.UEM.TOTL.ZS,"Unemployment, total (% of total labor force) (modeled ILO estimate)",2024,4.9,,1
CYP,Cyprus,SL.UEM.TOTL.ZS,"Unemployment, total (% of total labor force) (modeled ILO estimate)",2023,5.835,,1
CYP,Cyprus,SL.UEM.TOTL.ZS,"Unemployment, total (% of total labor force) (modeled ILO estimate)",2022,6.806,,1
CYP,Cyprus,SL.UEM.TOTL.ZS,"Unemployment, total (% of total labor force) (modeled ILO estimate)",2021,7.513,,1
CYP,Cyprus,SL.UEM.TOTL.ZS,"Unemployment, total (% of total labor force) (modeled ILO estimate)",2020,7.755,,1
CYP,Cyprus,SL.UEM.TOTL.ZS,"Unemployment, total (% of total labor force) (modeled ILO estimate)",2019,7.155,,1
CYP,Cyprus,SL.UEM.TOTL.ZS,"Unemployment, total (% of total labor force) (modeled ILO estimate)",2018,8.504,,1
CYP,Cyprus,SL.UEM.TOTL.ZS,"Unemployment, total (% of total labor force) (modeled ILO estimate)",2017,11.155,,1
CYP,Cyprus,SL.UEM.TOTL.ZS,"Unemployment, total (% of total labor force) (modeled ILO estimate)",2016,13.006,,1
CYP,Cyprus,SL.UEM.TOTL.ZS,"Unemployment, total (% of total labor force) (modeled ILO estimate)",2015,15.026,,1
CYP,Cyprus,SL.UEM.TOTL.ZS,"Unemployment, total (% of total labor force) (modeled ILO estimate)",2014,16.277,,1
CYP,Cyprus,SL.UEM.TOTL.ZS,"Unemployment, total (% of total labor force) (modeled ILO estimate)",2013,16.131,,1
CYP,Cyprus,SL.UEM.TOTL.ZS,"Unemployment, total (% of total labor force) (modeled ILO estimate)",2012,12.097,,1
CYP,Cyprus,SL.UEM.TOTL.ZS,"Unemployment, total (% of total labor force) (modeled ILO estimate)",2011,7.942,,1
CYP,Cyprus,SL.UEM.TOTL.ZS,"Unemployment, total (% of total labor force) (modeled ILO estimate)",2010,6.359,,1
CYP,Cyprus,SL.UEM.TOTL.ZS,"Unemployment, total (% of total labor force) (modeled ILO estimate)",2009,5.594,,1
CYP,Cyprus,SL.UEM.TOTL.ZS,"Unemployment, total (% of total labor force) (modeled ILO estimate)",2008,3.756,,1
CYP,Cyprus,SL.UEM.TOTL.ZS,"Unemployment, total (% of total labor force) (modeled ILO estimate)",2007,3.946,,1
CYP,Cyprus,SL.UEM.TOTL.ZS,"Unemployment, total (% of total labor force) (modeled ILO estimate)",2006,4.593,,1
CYP,Cyprus,SL.UEM.TOTL.ZS,"Unemployment, total (% of total labor force) (modeled ILO estimate)",2005,5.481,,1
CYP,Cyprus,SL.UEM.TOTL.ZS,"Unemployment, total (% of total labor force) (modeled ILO estimate)",2004,4.77,,1
CYP,Cyprus,SL.UEM.TOTL.ZS,"Unemployment, total (% of total labor force) (modeled ILO estimate)",2003,4.153,,1
CYP,Cyprus,SL.UEM.TOTL.ZS,"Unemployment, total (% of total labor force) (modeled ILO estimate)",2002,3.336,,1
CYP,Cyprus,SL.UEM.TOTL.ZS,"Unemployment, total (% of total labor force) (modeled ILO estimate)",2001,4.043,,1
CYP,Cyprus,SL.UEM.TOTL.ZS,"Unemployment, total (% of total labor force) (modeled ILO estimate)",2000,4.766,,1
CYP,Cyprus,SL.UEM.TOTL.ZS,"Unemployment, total (% of total labor force) (modeled ILO estimate)",1999,5.532,,1
CYP,Cyprus,SL.UEM.TOTL.ZS,"Unemployment, total (% of total labor force) (modeled ILO estimate)",1998,3.3,,1
CYP,Cyprus,SL.UEM.TOTL.ZS,"Unemployment, total (% of total labor force) (modeled ILO estimate)",1997,3.4,,1
CYP,Cyprus,SL.UEM.TOTL.ZS,"Unemployment, total (% of total labor force) (modeled ILO estimate)",1996,3.1,,1
CYP,Cyprus,SL.UEM.TOTL.ZS,"Unemployment, total (% of total labor force) (modeled ILO estimate)",1995,2.6,,1
CYP,Cyprus,SL.UEM.TOTL.ZS,"Unemployment, total (% of total labor force) (modeled ILO estimate)",1994,2.7,,1
CYP,Cyprus,SL.UEM.TOTL.ZS,"Unemployment, total (% of total labor force) (modeled ILO estimate)",1993,2.7,,1
CYP,Cyprus,SL.UEM.TOTL.ZS,"Unemployment, total (% of total labor force) (modeled ILO estimate)",1992,2.09,,1
CYP,Cyprus,SL.UEM.TOTL.ZS,"Unemployment, total (% of total labor force) (modeled ILO estimate)",1991,3,,1
CZE,Czechia,SL.UEM.TOTL.ZS,"Unemployment, total (% of total labor force) (modeled ILO estimate)",2024,2.6,,1
CZE,Czechia,SL.UEM.TOTL.ZS,"Unemployment, total (% of total labor force) (modeled ILO estimate)",2023,2.579,,1
CZE,Czechia,SL.UEM.TOTL.ZS,"Unemployment, total (% of total labor force) (modeled ILO estimate)",2022,2.224,,1
CZE,Czechia,SL.UEM.TOTL.ZS,"Unemployment, total (% of total labor force) (modeled ILO estimate)",2021,2.803,,1
CZE,Czechia,SL.UEM.TOTL.ZS,"Unemployment, total (% of total labor force) (modeled ILO estimate)",2020,2.55,,1
CZE,Czechia,SL.UEM.TOTL.ZS,"Unemployment, total (% of total labor force) (modeled ILO estimate)",2019,2.015,,1
CZE,Czechia,SL.UEM.TOTL.ZS,"Unemployment, total (% of total labor force) (modeled ILO estimate)",2018,2.246,,1
CZE,Czechia,SL.UEM.TOTL.ZS,"Unemployment, total (% of total labor force) (modeled ILO estimate)",2017,2.893,,1
CZE,Czechia,SL.UEM.TOTL.ZS,"Unemployment, total (% of total labor force) (modeled ILO estimate)",2016,3.952,,1
CZE,Czechia,SL.UEM.TOTL.ZS,"Unemployment, total (% of total labor force) (modeled ILO estimate)",2015,5.048,,1
CZE,Czechia,SL.UEM.TOTL.ZS,"Unemployment, total (% of total labor force) (modeled ILO estimate)",2014,6.108,,1
CZE,Czechia,SL.UEM.TOTL.ZS,"Unemployment, total (% of total labor force) (modeled ILO estimate)",2013,6.953,,1
CZE,Czechia,SL.UEM.TOTL.ZS,"Unemployment, total (% of total labor force) (modeled ILO estimate)",2012,6.979,,1
CZE,Czechia,SL.UEM.TOTL.ZS,"Unemployment, total (% of total labor force) (modeled ILO estimate)",2011,6.712,,1
CZE,Czechia,SL.UEM.TOTL.ZS,"Unemployment, total (% of total labor force) (modeled ILO estimate)",2010,7.281,,1
CZE,Czechia,SL.UEM.TOTL.ZS,"Unemployment, total (% of total labor force) (modeled ILO estimate)",2009,6.662,,1
CZE,Czechia,SL.UEM.TOTL.ZS,"Unemployment, total (% of total labor force) (modeled ILO estimate)",2008,4.392,,1
CZE,Czechia,SL.UEM.TOTL.ZS,"Unemployment, total (% of total labor force) (modeled ILO estimate)",2007,5.316,,1
CZE,Czechia,SL.UEM.TOTL.ZS,"Unemployment, total (% of total labor force) (modeled ILO estimate)",2006,7.141,,1
CZE,Czechia,SL.UEM.TOTL.ZS,"Unemployment, total (% of total labor force) (modeled ILO estimate)",2005,7.927,,1
CZE,Czechia,SL.UEM.TOTL.ZS,"Unemployment, total (% of total labor force) (modeled ILO estimate)",2004,8.298,,1
CZE,Czechia,SL.UEM.TOTL.ZS,"Unemployment, total (% of total labor force) (modeled ILO estimate)",2003,7.777,,1
CZE,Czechia,SL.UEM.TOTL.ZS,"Unemployment, total (% of total labor force) (modeled ILO estimate)",2002,7.28,,1
CZE,Czechia,SL.UEM.TOTL.ZS,"Unemployment, total (% of total labor force) (modeled ILO estimate)",2001,8.128,,1
CZE,Czechia,SL.UEM.TOTL.ZS,"Unemployment, total (% of total labor force) (modeled ILO estimate)",2000,8.764,,1
CZE,Czechia,SL.UEM.TOTL.ZS,"Unemployment, total (% of total labor force) (modeled ILO estimate)",1999,8.702,,1
CZE,Czechia,SL.UEM.TOTL.ZS,"Unemployment, total (% of total labor force) (modeled ILO estimate)",1998,6.455,,1
CZE,Czechia,SL.UEM.TOTL.ZS,"Unemployment, total (% of total labor force) (modeled ILO estimate)",1997,4.674,,1
CZE,Czechia,SL.UEM.TOTL.ZS,"Unemployment, total (% of total labor force) (modeled ILO estimate)",1996,3.852,,1
CZE,Czechia,SL.UEM.TOTL.ZS,"Unemployment, total (% of total labor force) (modeled ILO estimate)",1995,4.082,,1
CZE,Czechia,SL.UEM.TOTL.ZS,"Unemployment, total (% of total labor force) (modeled ILO estimate)",1994,4.284,,1
CZE,Czechia,SL.UEM.TOTL.ZS,"Unemployment, total (% of total labor force) (modeled ILO estimate)",1993,4.349,,1
CZE,Czechia,SL.UEM.TOTL.ZS,"Unemployment, total (% of total labor force) (modeled ILO estimate)",1992,2.6,,1
CZE,Czechia,SL.UEM.TOTL.ZS,"Unemployment, total (% of total labor force) (modeled ILO estimate)",1991,2.27,,1
DNK,Denmark,SL.UEM.TOTL.ZS,"Unemployment, total (% of total labor force) (modeled ILO estimate)",2024,5.358,,1
DNK,Denmark,SL.UEM.TOTL.ZS,"Unemployment, total (% of total labor force) (modeled ILO estimate)",2023,5.094,,1
DNK,Denmark,SL.UEM.TOTL.ZS,"Unemployment, total (% of total labor force) (modeled ILO estimate)",2022,4.434,,1
DNK,Denmark,SL.UEM.TOTL.ZS,"Unemployment, total (% of total labor force) (modeled ILO estimate)",2021,5.065,,1
DNK,Denmark,SL.UEM.TOTL.ZS,"Unemployment, total (% of total labor force) (modeled ILO estimate)",2020,5.644,,1
DNK,Denmark,SL.UEM.TOTL.ZS,"Unemployment, total (% of total labor force) (modeled ILO estimate)",2019,5.018,,1
DNK,Denmark,SL.UEM.TOTL.ZS,"Unemployment, total (% of total labor force) (modeled ILO estimate)",2018,5.131,,1
DNK,Denmark,SL.UEM.TOTL.ZS,"Unemployment, total (% of total labor force) (modeled ILO estimate)",2017,5.833,,1
DNK,Denmark,SL.UEM.TOTL.ZS,"Unemployment, total (% of total labor force) (modeled ILO estimate)",2016,5.989,,1
DNK,Denmark,SL.UEM.TOTL.ZS,"Unemployment, total (% of total labor force) (modeled ILO estimate)",2015,6.278,,1
DNK,Denmark,SL.UEM.TOTL.ZS,"Unemployment, total (% of total labor force) (modeled ILO estimate)",2014,6.925,,1
DNK,Denmark,SL.UEM.TOTL.ZS,"Unemployment, total (% of total labor force) (modeled ILO estimate)",2013,7.384,,1
DNK,Denmark,SL.UEM.TOTL.ZS,"Unemployment, total (% of total labor force) (modeled ILO estimate)",2012,7.798,,1
DNK,Denmark,SL.UEM.TOTL.ZS,"Unemployment, total (% of total labor force) (modeled ILO estimate)",2011,7.769,,1
DNK,Denmark,SL.UEM.TOTL.ZS,"Unemployment, total (% of total labor force) (modeled ILO estimate)",2010,7.746,,1
DNK,Denmark,SL.UEM.TOTL.ZS,"Unemployment, total (% of total labor force) (modeled ILO estimate)",2009,6.409,,1
DNK,Denmark,SL.UEM.TOTL.ZS,"Unemployment, total (% of total labor force) (modeled ILO estimate)",2008,3.683,,1
DNK,Denmark,SL.UEM.TOTL.ZS,"Unemployment, total (% of total labor force) (modeled ILO estimate)",2007,3.801,,1
DNK,Denmark,SL.UEM.TOTL.ZS,"Unemployment, total (% of total labor force) (modeled ILO estimate)",2006,3.897,,1
DNK,Denmark,SL.UEM.TOTL.ZS,"Unemployment, total (% of total labor force) (modeled ILO estimate)",2005,4.83,,1
DNK,Denmark,SL.UEM.TOTL.ZS,"Unemployment, total (% of total labor force) (modeled ILO estimate)",2004,5.204,,1
DNK,Denmark,SL.UEM.TOTL.ZS,"Unemployment, total (% of total labor force) (modeled ILO estimate)",2003,5.398,,1
DNK,Denmark,SL.UEM.TOTL.ZS,"Unemployment, total (% of total labor force) (modeled ILO estimate)",2002,4.274,,1
DNK,Denmark,SL.UEM.TOTL.ZS,"Unemployment, total (% of total labor force) (modeled ILO estimate)",2001,4.164,,1
DNK,Denmark,SL.UEM.TOTL.ZS,"Unemployment, total (% of total labor force) (modeled ILO estimate)",2000,4.476,,1
DNK,Denmark,SL.UEM.TOTL.ZS,"Unemployment, total (% of total labor force) (modeled ILO estimate)",1999,5.141,,1
DNK,Denmark,SL.UEM.TOTL.ZS,"Unemployment, total (% of total labor force) (modeled ILO estimate)",1998,5.039,,1
DNK,Denmark,SL.UEM.TOTL.ZS,"Unemployment, total (% of total labor force) (modeled ILO estimate)",1997,5.4,,1
DNK,Denmark,SL.UEM.TOTL.ZS,"Unemployment, total (% of total labor force) (modeled ILO estimate)",1996,6.844,,1
DNK,Denmark,SL.UEM.TOTL.ZS,"Unemployment, total (% of total labor force) (modeled ILO estimate)",1995,6.992,,1
DNK,Denmark,SL.UEM.TOTL.ZS,"Unemployment, total (% of total labor force) (modeled ILO estimate)",1994,8.036,,1
DNK,Denmark,SL.UEM.TOTL.ZS,"Unemployment, total (% of total labor force) (modeled ILO estimate)",1993,10.719,,1
DNK,Denmark,SL.UEM.TOTL.ZS,"Unemployment, total (% of total labor force) (modeled ILO estimate)",1992,9.027,,1
DNK,Denmark,SL.UEM.TOTL.ZS,"Unemployment, total (% of total labor force) (modeled ILO estimate)",1991,9.099,,1
DJI,Djibouti,SL.UEM.TOTL.ZS,"Unemployment, total (% of total labor force) (modeled ILO estimate)",2024,26.007,,1
DJI,Djibouti,SL.UEM.TOTL.ZS,"Unemployment, total (% of total labor force) (modeled ILO estimate)",2023,26.074,,1
DJI,Djibouti,SL.UEM.TOTL.ZS,"Unemployment, total (% of total labor force) (modeled ILO estimate)",2022,26.272,,1
DJI,Djibouti,SL.UEM.TOTL.ZS,"Unemployment, total (% of total labor force) (modeled ILO estimate)",2021,27.628,,1
DJI,Djibouti,SL.UEM.TOTL.ZS,"Unemployment, total (% of total labor force) (modeled ILO estimate)",2020,27.701,,1
DJI,Djibouti,SL.UEM.TOTL.ZS,"Unemployment, total (% of total labor force) (modeled ILO estimate)",2019,26.257,,1
DJI,Djibouti,SL.UEM.TOTL.ZS,"Unemployment, total (% of total labor force) (modeled ILO estimate)",2018,26.18,,1
DJI,Djibouti,SL.UEM.TOTL.ZS,"Unemployment, total (% of total labor force) (modeled ILO estimate)",2017,26.064,,1
DJI,Djibouti,SL.UEM.TOTL.ZS,"Unemployment, total (% of total labor force) (modeled ILO estimate)",2016,25.982,,1
DJI,Djibouti,SL.UEM.TOTL.ZS,"Unemployment, total (% of total labor force) (modeled ILO estimate)",2015,26.063,,1
DJI,Djibouti,SL.UEM.TOTL.ZS,"Unemployment, total (% of total labor force) (modeled ILO estimate)",2014,26.16,,1
DJI,Djibouti,SL.UEM.TOTL.ZS,"Unemployment, total (% of total labor force) (modeled ILO estimate)",2013,26.149,,1
DJI,Djibouti,SL.UEM.TOTL.ZS,"Unemployment, total (% of total labor force) (modeled ILO estimate)",2012,26.179,,1
DJI,Djibouti,SL.UEM.TOTL.ZS,"Unemployment, total (% of total labor force) (modeled ILO estimate)",2011,26.31,,1
DJI,Djibouti,SL.UEM.TOTL.ZS,"Unemployment, total (% of total labor force) (modeled ILO estimate)",2010,26.368,,1
DJI,Djibouti,SL.UEM.TOTL.ZS,"Unemployment, total (% of total labor force) (modeled ILO estimate)",2009,26.325,,1
DJI,Djibouti,SL.UEM.TOTL.ZS,"Unemployment, total (% of total labor force) (modeled ILO estimate)",2008,26.183,,1
DJI,Djibouti,SL.UEM.TOTL.ZS,"Unemployment, total (% of total labor force) (modeled ILO estimate)",2007,26.292,,1
DJI,Djibouti,SL.UEM.TOTL.ZS,"Unemployment, total (% of total labor force) (modeled ILO estimate)",2006,26.382,,1
DJI,Djibouti,SL.UEM.TOTL.ZS,"Unemployment, total (% of total labor force) (modeled ILO estimate)",2005,26.448,,1
DJI,Djibouti,SL.UEM.TOTL.ZS,"Unemployment, total (% of total labor force) (modeled ILO estimate)",2004,26.441,,1
DJI,Djibouti,SL.UEM.TOTL.ZS,"Unemployment, total (% of total labor force) (modeled ILO estimate)",2003,26.484,,1
DJI,Djibouti,SL.UEM.TOTL.ZS,"Unemployment, total (% of total labor force) (modeled ILO estimate)",2002,26.589,,1
DJI,Djibouti,SL.UEM.TOTL.ZS,"Unemployment, total (% of total labor force) (modeled ILO estimate)",2001,26.597,,1
DJI,Djibouti,SL.UEM.TOTL.ZS,"Unemployment, total (% of total labor force) (modeled ILO estimate)",2000,26.664,,1
DJI,Djibouti,SL.UEM.TOTL.ZS,"Unemployment, total (% of total labor force) (modeled ILO estimate)",1999,26.742,,1
DJI,Djibouti,SL.UEM.TOTL.ZS,"Unemployment, total (% of total labor force) (modeled ILO estimate)",1998,27.027,,1
DJI,Djibouti,SL.UEM.TOTL.ZS,"Unemployment, total (% of total labor force) (modeled ILO estimate)",1997,27.176,,1
DJI,Djibouti,SL.UEM.TOTL.ZS,"Unemployment, total (% of total labor force) (modeled ILO estimate)",1996,27.172,,1
DJI,Djibouti,SL.UEM.TOTL.ZS,"Unemployment, total (% of total labor force) (modeled ILO estimate)",1995,27.303,,1
DJI,Djibouti,SL.UEM.TOTL.ZS,"Unemployment, total (% of total labor force) (modeled ILO estimate)",1994,27.118,,1
DJI,Djibouti,SL.UEM.TOTL.ZS,"Unemployment, total (% of total labor force) (modeled ILO estimate)",1993,27.253,,1
DJI,Djibouti,SL.UEM.TOTL.ZS,"Unemployment, total (% of total labor force) (modeled ILO estimate)",1992,26.457,,1
DJI,Djibouti,SL.UEM.TOTL.ZS,"Unemployment, total (% of total labor force) (modeled ILO estimate)",1991,26.118,,1
DOM,Dominican Republic,SL.UEM.TOTL.ZS,"Unemployment, total (% of total labor force) (modeled ILO estimate)",2024,5.312,,1
DOM,Dominican Republic,SL.UEM.TOTL.ZS,"Unemployment, total (% of total labor force) (modeled ILO estimate)",2023,5.555,,1
DOM,Dominican Republic,SL.UEM.TOTL.ZS,"Unemployment, total (% of total labor force) (modeled ILO estimate)",2022,5.504,,1
DOM,Dominican Republic,SL.UEM.TOTL.ZS,"Unemployment, total (% of total labor force) (modeled ILO estimate)",2021,7.702,,1
DOM,Dominican Republic,SL.UEM.TOTL.ZS,"Unemployment, total (% of total labor force) (modeled ILO estimate)",2020,6.126,,1
DOM,Dominican Republic,SL.UEM.TOTL.ZS,"Unemployment, total (% of total labor force) (modeled ILO estimate)",2019,6.356,,1
DOM,Dominican Republic,SL.UEM.TOTL.ZS,"Unemployment, total (% of total labor force) (modeled ILO estimate)",2018,5.861,,1
DOM,Dominican Republic,SL.UEM.TOTL.ZS,"Unemployment, total (% of total labor force) (modeled ILO estimate)",2017,5.832,,1
DOM,Dominican Republic,SL.UEM.TOTL.ZS,"Unemployment, total (% of total labor force) (modeled ILO estimate)",2016,7.284,,1
DOM,Dominican Republic,SL.UEM.TOTL.ZS,"Unemployment, total (% of total labor force) (modeled ILO estimate)",2015,7.605,,1
DOM,Dominican Republic,SL.UEM.TOTL.ZS,"Unemployment, total (% of total labor force) (modeled ILO estimate)",2014,6.719,,1
DOM,Dominican Republic,SL.UEM.TOTL.ZS,"Unemployment, total (% of total labor force) (modeled ILO estimate)",2013,7.351,,1
DOM,Dominican Republic,SL.UEM.TOTL.ZS,"Unemployment, total (% of total labor force) (modeled ILO estimate)",2012,6.722,,1
DOM,Dominican Republic,SL.UEM.TOTL.ZS,"Unemployment, total (% of total labor force) (modeled ILO estimate)",2011,6.087,,1
DOM,Dominican Republic,SL.UEM.TOTL.ZS,"Unemployment, total (% of total labor force) (modeled ILO estimate)",2010,5.212,,1
DOM,Dominican Republic,SL.UEM.TOTL.ZS,"Unemployment, total (% of total labor force) (modeled ILO estimate)",2009,5.467,,1
DOM,Dominican Republic,SL.UEM.TOTL.ZS,"Unemployment, total (% of total labor force) (modeled ILO estimate)",2008,4.764,,1
DOM,Dominican Republic,SL.UEM.TOTL.ZS,"Unemployment, total (% of total labor force) (modeled ILO estimate)",2007,5.158,,1
DOM,Dominican Republic,SL.UEM.TOTL.ZS,"Unemployment, total (% of total labor force) (modeled ILO estimate)",2006,5.654,,1
DOM,Dominican Republic,SL.UEM.TOTL.ZS,"Unemployment, total (% of total labor force) (modeled ILO estimate)",2005,6.587,,1
DOM,Dominican Republic,SL.UEM.TOTL.ZS,"Unemployment, total (% of total labor force) (modeled ILO estimate)",2004,6.303,,1
DOM,Dominican Republic,SL.UEM.TOTL.ZS,"Unemployment, total (% of total labor force) (modeled ILO estimate)",2003,6.938,,1
DOM,Dominican Republic,SL.UEM.TOTL.ZS,"Unemployment, total (% of total labor force) (modeled ILO estimate)",2002,6.779,,1
DOM,Dominican Republic,SL.UEM.TOTL.ZS,"Unemployment, total (% of total labor force) (modeled ILO estimate)",2001,7.262,,1
DOM,Dominican Republic,SL.UEM.TOTL.ZS,"Unemployment, total (% of total labor force) (modeled ILO estimate)",2000,6.432,,1
DOM,Dominican Republic,SL.UEM.TOTL.ZS,"Unemployment, total (% of total labor force) (modeled ILO estimate)",1999,6.312,,1
DOM,Dominican Republic,SL.UEM.TOTL.ZS,"Unemployment, total (% of total labor force) (modeled ILO estimate)",1998,6.304,,1
DOM,Dominican Republic,SL.UEM.TOTL.ZS,"Unemployment, total (% of total labor force) (modeled ILO estimate)",1997,6.323,,1
DOM,Dominican Republic,SL.UEM.TOTL.ZS,"Unemployment, total (% of total labor force) (modeled ILO estimate)",1996,6.485,,1
DOM,Dominican Republic,SL.UEM.TOTL.ZS,"Unemployment, total (% of total labor force) (modeled ILO estimate)",1995,6.439,,1
DOM,Dominican Republic,SL.UEM.TOTL.ZS,"Unemployment, total (% of total labor force) (modeled ILO estimate)",1994,6.285,,1
DOM,Dominican Republic,SL.UEM.TOTL.ZS,"Unemployment, total (% of total labor force) (modeled ILO estimate)",1993,6.322,,1
DOM,Dominican Republic,SL.UEM.TOTL.ZS,"Unemployment, total (% of total labor force) (modeled ILO estimate)",1992,6.669,,1
DOM,Dominican Republic,SL.UEM.TOTL.ZS,"Unemployment, total (% of total labor force) (modeled ILO estimate)",1991,6.863,,1
ECU,Ecuador,SL.UEM.TOTL.ZS,"Unemployment, total (% of total labor force) (modeled ILO estimate)",2024,3.453,,1
ECU,Ecuador,SL.UEM.TOTL.ZS,"Unemployment, total (% of total labor force) (modeled ILO estimate)",2023,3.51,,1
ECU,Ecuador,SL.UEM.TOTL.ZS,"Unemployment, total (% of total labor force) (modeled ILO estimate)",2022,3.713,,1
ECU,Ecuador,SL.UEM.TOTL.ZS,"Unemployment, total (% of total labor force) (modeled ILO estimate)",2021,4.504,,1
ECU,Ecuador,SL.UEM.TOTL.ZS,"Unemployment, total (% of total labor force) (modeled ILO estimate)",2020,6.116,,1
ECU,Ecuador,SL.UEM.TOTL.ZS,"Unemployment, total (% of total labor force) (modeled ILO estimate)",2019,3.812,,1
ECU,Ecuador,SL.UEM.TOTL.ZS,"Unemployment, total (% of total labor force) (modeled ILO estimate)",2018,3.53,,1
ECU,Ecuador,SL.UEM.TOTL.ZS,"Unemployment, total (% of total labor force) (modeled ILO estimate)",2017,3.836,,1
ECU,Ecuador,SL.UEM.TOTL.ZS,"Unemployment, total (% of total labor force) (modeled ILO estimate)",2016,4.597,,1
ECU,Ecuador,SL.UEM.TOTL.ZS,"Unemployment, total (% of total labor force) (modeled ILO estimate)",2015,3.616,,1
ECU,Ecuador,SL.UEM.TOTL.ZS,"Unemployment, total (% of total labor force) (modeled ILO estimate)",2014,3.48,,1
ECU,Ecuador,SL.UEM.TOTL.ZS,"Unemployment, total (% of total labor force) (modeled ILO estimate)",2013,3.083,,1
ECU,Ecuador,SL.UEM.TOTL.ZS,"Unemployment, total (% of total labor force) (modeled ILO estimate)",2012,3.235,,1
ECU,Ecuador,SL.UEM.TOTL.ZS,"Unemployment, total (% of total labor force) (modeled ILO estimate)",2011,3.458,,1
ECU,Ecuador,SL.UEM.TOTL.ZS,"Unemployment, total (% of total labor force) (modeled ILO estimate)",2010,4.088,,1
ECU,Ecuador,SL.UEM.TOTL.ZS,"Unemployment, total (% of total labor force) (modeled ILO estimate)",2009,4.608,,1
ECU,Ecuador,SL.UEM.TOTL.ZS,"Unemployment, total (% of total labor force) (modeled ILO estimate)",2008,3.917,,1
ECU,Ecuador,SL.UEM.TOTL.ZS,"Unemployment, total (% of total labor force) (modeled ILO estimate)",2007,3.142,,1
ECU,Ecuador,SL.UEM.TOTL.ZS,"Unemployment, total (% of total labor force) (modeled ILO estimate)",2006,3.55,,1
ECU,Ecuador,SL.UEM.TOTL.ZS,"Unemployment, total (% of total labor force) (modeled ILO estimate)",2005,3.779,,1
ECU,Ecuador,SL.UEM.TOTL.ZS,"Unemployment, total (% of total labor force) (modeled ILO estimate)",2004,5.002,,1
ECU,Ecuador,SL.UEM.TOTL.ZS,"Unemployment, total (% of total labor force) (modeled ILO estimate)",2003,5.662,,1
ECU,Ecuador,SL.UEM.TOTL.ZS,"Unemployment, total (% of total labor force) (modeled ILO estimate)",2002,4.825,,1
ECU,Ecuador,SL.UEM.TOTL.ZS,"Unemployment, total (% of total labor force) (modeled ILO estimate)",2001,4.252,,1
ECU,Ecuador,SL.UEM.TOTL.ZS,"Unemployment, total (% of total labor force) (modeled ILO estimate)",2000,4.8,,1
ECU,Ecuador,SL.UEM.TOTL.ZS,"Unemployment, total (% of total labor force) (modeled ILO estimate)",1999,4.656,,1
ECU,Ecuador,SL.UEM.TOTL.ZS,"Unemployment, total (% of total labor force) (modeled ILO estimate)",1998,4.389,,1
ECU,Ecuador,SL.UEM.TOTL.ZS,"Unemployment, total (% of total labor force) (modeled ILO estimate)",1997,4.424,,1
ECU,Ecuador,SL.UEM.TOTL.ZS,"Unemployment, total (% of total labor force) (modeled ILO estimate)",1996,4.422,,1
ECU,Ecuador,SL.UEM.TOTL.ZS,"Unemployment, total (% of total labor force) (modeled ILO estimate)",1995,4.408,,1
ECU,Ecuador,SL.UEM.TOTL.ZS,"Unemployment, total (% of total labor force) (modeled ILO estimate)",1994,4.409,,1
ECU,Ecuador,SL.UEM.TOTL.ZS,"Unemployment, total (% of total labor force) (modeled ILO estimate)",1993,4.403,,1
ECU,Ecuador,SL.UEM.TOTL.ZS,"Unemployment, total (% of total labor force) (modeled ILO estimate)",1992,4.333,,1
ECU,Ecuador,SL.UEM.TOTL.ZS,"Unemployment, total (% of total labor force) (modeled ILO estimate)",1991,4.371,,1
EGY,"Egypt, Arab Rep.",SL.UEM.TOTL.ZS,"Unemployment, total (% of total labor force) (modeled ILO estimate)",2024,6.817,,1
EGY,"Egypt, Arab Rep.",SL.UEM.TOTL.ZS,"Unemployment, total (% of total labor force) (modeled ILO estimate)",2023,6.753,,1
EGY,"Egypt, Arab Rep.",SL.UEM.TOTL.ZS,"Unemployment, total (% of total labor force) (modeled ILO estimate)",2022,6.546,,1
EGY,"Egypt, Arab Rep.",SL.UEM.TOTL.ZS,"Unemployment, total (% of total labor force) (modeled ILO estimate)",2021,7.441,,1
EGY,"Egypt, Arab Rep.",SL.UEM.TOTL.ZS,"Unemployment, total (% of total labor force) (modeled ILO estimate)",2020,7.974,,1
EGY,"Egypt, Arab Rep.",SL.UEM.TOTL.ZS,"Unemployment, total (% of total labor force) (modeled ILO estimate)",2019,7.851,,1
EGY,"Egypt, Arab Rep.",SL.UEM.TOTL.ZS,"Unemployment, total (% of total labor force) (modeled ILO estimate)",2018,9.855,,1
EGY,"Egypt, Arab Rep.",SL.UEM.TOTL.ZS,"Unemployment, total (% of total labor force) (modeled ILO estimate)",2017,11.767,,1
EGY,"Egypt, Arab Rep.",SL.UEM.TOTL.ZS,"Unemployment, total (% of total labor force) (modeled ILO estimate)",2016,12.45,,1
EGY,"Egypt, Arab Rep.",SL.UEM.TOTL.ZS,"Unemployment, total (% of total labor force) (modeled ILO estimate)",2015,13.052,,1
EGY,"Egypt, Arab Rep.",SL.UEM.TOTL.ZS,"Unemployment, total (% of total labor force) (modeled ILO estimate)",2014,13.105,,1
EGY,"Egypt, Arab Rep.",SL.UEM.TOTL.ZS,"Unemployment, total (% of total labor force) (modeled ILO estimate)",2013,13.154,,1
EGY,"Egypt, Arab Rep.",SL.UEM.TOTL.ZS,"Unemployment, total (% of total labor force) (modeled ILO estimate)",2012,12.597,,1
EGY,"Egypt, Arab Rep.",SL.UEM.TOTL.ZS,"Unemployment, total (% of total labor force) (modeled ILO estimate)",2011,11.849,,1
EGY,"Egypt, Arab Rep.",SL.UEM.TOTL.ZS,"Unemployment, total (% of total labor force) (modeled ILO estimate)",2010,8.757,,1
EGY,"Egypt, Arab Rep.",SL.UEM.TOTL.ZS,"Unemployment, total (% of total labor force) (modeled ILO estimate)",2009,9.087,,1
EGY,"Egypt, Arab Rep.",SL.UEM.TOTL.ZS,"Unemployment, total (% of total labor force) (modeled ILO estimate)",2008,8.517,,1
EGY,"Egypt, Arab Rep.",SL.UEM.TOTL.ZS,"Unemployment, total (% of total labor force) (modeled ILO estimate)",2007,8.8,,1
EGY,"Egypt, Arab Rep.",SL.UEM.TOTL.ZS,"Unemployment, total (% of total labor force) (modeled ILO estimate)",2006,10.49,,1
EGY,"Egypt, Arab Rep.",SL.UEM.TOTL.ZS,"Unemployment, total (% of total labor force) (modeled ILO estimate)",2005,11.049,,1
EGY,"Egypt, Arab Rep.",SL.UEM.TOTL.ZS,"Unemployment, total (% of total labor force) (modeled ILO estimate)",2004,10.32,,1
EGY,"Egypt, Arab Rep.",SL.UEM.TOTL.ZS,"Unemployment, total (% of total labor force) (modeled ILO estimate)",2003,10.91,,1
EGY,"Egypt, Arab Rep.",SL.UEM.TOTL.ZS,"Unemployment, total (% of total labor force) (modeled ILO estimate)",2002,10.01,,1
EGY,"Egypt, Arab Rep.",SL.UEM.TOTL.ZS,"Unemployment, total (% of total labor force) (modeled ILO estimate)",2001,9.26,,1
EGY,"Egypt, Arab Rep.",SL.UEM.TOTL.ZS,"Unemployment, total (% of total labor force) (modeled ILO estimate)",2000,8.98,,1
EGY,"Egypt, Arab Rep.",SL.UEM.TOTL.ZS,"Unemployment, total (% of total labor force) (modeled ILO estimate)",1999,7.95,,1
EGY,"Egypt, Arab Rep.",SL.UEM.TOTL.ZS,"Unemployment, total (% of total labor force) (modeled ILO estimate)",1998,8.03,,1
EGY,"Egypt, Arab Rep.",SL.UEM.TOTL.ZS,"Unemployment, total (% of total labor force) (modeled ILO estimate)",1997,8.37,,1
EGY,"Egypt, Arab Rep.",SL.UEM.TOTL.ZS,"Unemployment, total (% of total labor force) (modeled ILO estimate)",1996,9,,1
EGY,"Egypt, Arab Rep.",SL.UEM.TOTL.ZS,"Unemployment, total (% of total labor force) (modeled ILO estimate)",1995,11.04,,1
EGY,"Egypt, Arab Rep.",SL.UEM.TOTL.ZS,"Unemployment, total (% of total labor force) (modeled ILO estimate)",1994,10.93,,1
EGY,"Egypt, Arab Rep.",SL.UEM.TOTL.ZS,"Unemployment, total (% of total labor force) (modeled ILO estimate)",1993,10.92,,1
EGY,"Egypt, Arab Rep.",SL.UEM.TOTL.ZS,"Unemployment, total (% of total labor force) (modeled ILO estimate)",1992,8.92,,1
EGY,"Egypt, Arab Rep.",SL.UEM.TOTL.ZS,"Unemployment, total (% of total labor force) (modeled ILO estimate)",1991,9.38,,1
SLV,El Salvador,SL.UEM.TOTL.ZS,"Unemployment, total (% of total labor force) (modeled ILO estimate)",2024,3.261,,1
SLV,El Salvador,SL.UEM.TOTL.ZS,"Unemployment, total (% of total labor force) (modeled ILO estimate)",2023,2.992,,1
SLV,El Salvador,SL.UEM.TOTL.ZS,"Unemployment, total (% of total labor force) (modeled ILO estimate)",2022,2.999,,1
SLV,El Salvador,SL.UEM.TOTL.ZS,"Unemployment, total (% of total labor force) (modeled ILO estimate)",2021,4.327,,1
SLV,El Salvador,SL.UEM.TOTL.ZS,"Unemployment, total (% of total labor force) (modeled ILO estimate)",2020,5.008,,1
SLV,El Salvador,SL.UEM.TOTL.ZS,"Unemployment, total (% of total labor force) (modeled ILO estimate)",2019,4.17,,1
SLV,El Salvador,SL.UEM.TOTL.ZS,"Unemployment, total (% of total labor force) (modeled ILO estimate)",2018,4.006,,1
SLV,El Salvador,SL.UEM.TOTL.ZS,"Unemployment, total (% of total labor force) (modeled ILO estimate)",2017,4.385,,1
SLV,El Salvador,SL.UEM.TOTL.ZS,"Unemployment, total (% of total labor force) (modeled ILO estimate)",2016,4.418,,1
SLV,El Salvador,SL.UEM.TOTL.ZS,"Unemployment, total (% of total labor force) (modeled ILO estimate)",2015,3.998,,1
SLV,El Salvador,SL.UEM.TOTL.ZS,"Unemployment, total (% of total labor force) (modeled ILO estimate)",2014,4.154,,1
SLV,El Salvador,SL.UEM.TOTL.ZS,"Unemployment, total (% of total labor force) (modeled ILO estimate)",2013,3.693,,1
SLV,El Salvador,SL.UEM.TOTL.ZS,"Unemployment, total (% of total labor force) (modeled ILO estimate)",2012,3.843,,1
SLV,El Salvador,SL.UEM.TOTL.ZS,"Unemployment, total (% of total labor force) (modeled ILO estimate)",2011,4.297,,1
SLV,El Salvador,SL.UEM.TOTL.ZS,"Unemployment, total (% of total labor force) (modeled ILO estimate)",2010,4.893,,1
SLV,El Salvador,SL.UEM.TOTL.ZS,"Unemployment, total (% of total labor force) (modeled ILO estimate)",2009,7.33,,1
SLV,El Salvador,SL.UEM.TOTL.ZS,"Unemployment, total (% of total labor force) (modeled ILO estimate)",2008,5.88,,1
SLV,El Salvador,SL.UEM.TOTL.ZS,"Unemployment, total (% of total labor force) (modeled ILO estimate)",2007,6.41,,1
SLV,El Salvador,SL.UEM.TOTL.ZS,"Unemployment, total (% of total labor force) (modeled ILO estimate)",2006,6.57,,1
SLV,El Salvador,SL.UEM.TOTL.ZS,"Unemployment, total (% of total labor force) (modeled ILO estimate)",2005,7.22,,1
SLV,El Salvador,SL.UEM.TOTL.ZS,"Unemployment, total (% of total labor force) (modeled ILO estimate)",2004,6.8,,1
SLV,El Salvador,SL.UEM.TOTL.ZS,"Unemployment, total (% of total labor force) (modeled ILO estimate)",2003,6.9,,1
SLV,El Salvador,SL.UEM.TOTL.ZS,"Unemployment, total (% of total labor force) (modeled ILO estimate)",2002,6.2,,1
SLV,El Salvador,SL.UEM.TOTL.ZS,"Unemployment, total (% of total labor force) (modeled ILO estimate)",2001,6.96,,1
SLV,El Salvador,SL.UEM.TOTL.ZS,"Unemployment, total (% of total labor force) (modeled ILO estimate)",2000,6.96,,1
SLV,El Salvador,SL.UEM.TOTL.ZS,"Unemployment, total (% of total labor force) (modeled ILO estimate)",1999,7.3,,1
SLV,El Salvador,SL.UEM.TOTL.ZS,"Unemployment, total (% of total labor force) (modeled ILO estimate)",1998,7.1,,1
SLV,El Salvador,SL.UEM.TOTL.ZS,"Unemployment, total (% of total labor force) (modeled ILO estimate)",1997,7.98,,1
SLV,El Salvador,SL.UEM.TOTL.ZS,"Unemployment, total (% of total labor force) (modeled ILO estimate)",1996,7.68,,1
SLV,El Salvador,SL.UEM.TOTL.ZS,"Unemployment, total (% of total labor force) (modeled ILO estimate)",1995,7.65,,1
SLV,El Salvador,SL.UEM.TOTL.ZS,"Unemployment, total (% of total labor force) (modeled ILO estimate)",1994,7.68,,1
SLV,El Salvador,SL.UEM.TOTL.ZS,"Unemployment, total (% of total labor force) (modeled ILO estimate)",1993,9.94,,1
SLV,El Salvador,SL.UEM.TOTL.ZS,"Unemployment, total (% of total labor force) (modeled ILO estimate)",1992,7.88,,1
SLV,El Salvador,SL.UEM.TOTL.ZS,"Unemployment, total (% of total labor force) (modeled ILO estimate)",1991,7.53,,1
GNQ,Equatorial Guinea,SL.UEM.TOTL.ZS,"Unemployment, total (% of total labor force) (modeled ILO estimate)",2024,8.293,,1
GNQ,Equatorial Guinea,SL.UEM.TOTL.ZS,"Unemployment, total (% of total labor force) (modeled ILO estimate)",2023,8.218,,1
GNQ,Equatorial Guinea,SL.UEM.TOTL.ZS,"Unemployment, total (% of total labor force) (modeled ILO estimate)",2022,8.334,,1
GNQ,Equatorial Guinea,SL.UEM.TOTL.ZS,"Unemployment, total (% of total labor force) (modeled ILO estimate)",2021,8.821,,1
GNQ,Equatorial Guinea,SL.UEM.TOTL.ZS,"Unemployment, total (% of total labor force) (modeled ILO estimate)",2020,8.625,,1
GNQ,Equatorial Guinea,SL.UEM.TOTL.ZS,"Unemployment, total (% of total labor force) (modeled ILO estimate)",2019,7.917,,1
GNQ,Equatorial Guinea,SL.UEM.TOTL.ZS,"Unemployment, total (% of total labor force) (modeled ILO estimate)",2018,7.818,,1
GNQ,Equatorial Guinea,SL.UEM.TOTL.ZS,"Unemployment, total (% of total labor force) (modeled ILO estimate)",2017,7.843,,1
GNQ,Equatorial Guinea,SL.UEM.TOTL.ZS,"Unemployment, total (% of total labor force) (modeled ILO estimate)",2016,7.798,,1
GNQ,Equatorial Guinea,SL.UEM.TOTL.ZS,"Unemployment, total (% of total labor force) (modeled ILO estimate)",2015,7.778,,1
GNQ,Equatorial Guinea,SL.UEM.TOTL.ZS,"Unemployment, total (% of total labor force) (modeled ILO estimate)",2014,7.669,,1
GNQ,Equatorial Guinea,SL.UEM.TOTL.ZS,"Unemployment, total (% of total labor force) (modeled ILO estimate)",2013,7.675,,1
GNQ,Equatorial Guinea,SL.UEM.TOTL.ZS,"Unemployment, total (% of total labor force) (modeled ILO estimate)",2012,7.761,,1
GNQ,Equatorial Guinea,SL.UEM.TOTL.ZS,"Unemployment, total (% of total labor force) (modeled ILO estimate)",2011,7.837,,1
GNQ,Equatorial Guinea,SL.UEM.TOTL.ZS,"Unemployment, total (% of total labor force) (modeled ILO estimate)",2010,7.847,,1
GNQ,Equatorial Guinea,SL.UEM.TOTL.ZS,"Unemployment, total (% of total labor force) (modeled ILO estimate)",2009,7.702,,1
GNQ,Equatorial Guinea,SL.UEM.TOTL.ZS,"Unemployment, total (% of total labor force) (modeled ILO estimate)",2008,7.571,,1
GNQ,Equatorial Guinea,SL.UEM.TOTL.ZS,"Unemployment, total (% of total labor force) (modeled ILO estimate)",2007,7.592,,1
GNQ,Equatorial Guinea,SL.UEM.TOTL.ZS,"Unemployment, total (% of total labor force) (modeled ILO estimate)",2006,7.612,,1
GNQ,Equatorial Guinea,SL.UEM.TOTL.ZS,"Unemployment, total (% of total labor force) (modeled ILO estimate)",2005,7.667,,1
GNQ,Equatorial Guinea,SL.UEM.TOTL.ZS,"Unemployment, total (% of total labor force) (modeled ILO estimate)",2004,7.658,,1
GNQ,Equatorial Guinea,SL.UEM.TOTL.ZS,"Unemployment, total (% of total labor force) (modeled ILO estimate)",2003,7.701,,1
GNQ,Equatorial Guinea,SL.UEM.TOTL.ZS,"Unemployment, total (% of total labor force) (modeled ILO estimate)",2002,7.646,,1
GNQ,Equatorial Guinea,SL.UEM.TOTL.ZS,"Unemployment, total (% of total labor force) (modeled ILO estimate)",2001,7.551,,1
GNQ,Equatorial Guinea,SL.UEM.TOTL.ZS,"Unemployment, total (% of total labor force) (modeled ILO estimate)",2000,7.444,,1
GNQ,Equatorial Guinea,SL.UEM.TOTL.ZS,"Unemployment, total (% of total labor force) (modeled ILO estimate)",1999,7.417,,1
GNQ,Equatorial Guinea,SL.UEM.TOTL.ZS,"Unemployment, total (% of total labor force) (modeled ILO estimate)",1998,7.332,,1
GNQ,Equatorial Guinea,SL.UEM.TOTL.ZS,"Unemployment, total (% of total labor force) (modeled ILO estimate)",1997,7.263,,1
GNQ,Equatorial Guinea,SL.UEM.TOTL.ZS,"Unemployment, total (% of total labor force) (modeled ILO estimate)",1996,7.215,,1
GNQ,Equatorial Guinea,SL.UEM.TOTL.ZS,"Unemployment, total (% of total labor force) (modeled ILO estimate)",1995,7.16,,1
GNQ,Equatorial Guinea,SL.UEM.TOTL.ZS,"Unemployment, total (% of total labor force) (modeled ILO estimate)",1994,7.123,,1
GNQ,Equatorial Guinea,SL.UEM.TOTL.ZS,"Unemployment, total (% of total labor force) (modeled ILO estimate)",1993,7.024,,1
GNQ,Equatorial Guinea,SL.UEM.TOTL.ZS,"Unemployment, total (% of total labor force) (modeled ILO estimate)",1992,6.878,,1
GNQ,Equatorial Guinea,SL.UEM.TOTL.ZS,"Unemployment, total (% of total labor force) (modeled ILO estimate)",1991,6.677,,1
ERI,Eritrea,SL.UEM.TOTL.ZS,"Unemployment, total (% of total labor force) (modeled ILO estimate)",2024,5.947,,1
ERI,Eritrea,SL.UEM.TOTL.ZS,"Unemployment, total (% of total labor force) (modeled ILO estimate)",2023,5.909,,1
ERI,Eritrea,SL.UEM.TOTL.ZS,"Unemployment, total (% of total labor force) (modeled ILO estimate)",2022,6.033,,1
ERI,Eritrea,SL.UEM.TOTL.ZS,"Unemployment, total (% of total labor force) (modeled ILO estimate)",2021,6.489,,1
ERI,Eritrea,SL.UEM.TOTL.ZS,"Unemployment, total (% of total labor force) (modeled ILO estimate)",2020,6.375,,1
ERI,Eritrea,SL.UEM.TOTL.ZS,"Unemployment, total (% of total labor force) (modeled ILO estimate)",2019,5.812,,1
ERI,Eritrea,SL.UEM.TOTL.ZS,"Unemployment, total (% of total labor force) (modeled ILO estimate)",2018,5.756,,1
ERI,Eritrea,SL.UEM.TOTL.ZS,"Unemployment, total (% of total labor force) (modeled ILO estimate)",2017,5.804,,1
ERI,Eritrea,SL.UEM.TOTL.ZS,"Unemployment, total (% of total labor force) (modeled ILO estimate)",2016,5.772,,1
ERI,Eritrea,SL.UEM.TOTL.ZS,"Unemployment, total (% of total labor force) (modeled ILO estimate)",2015,5.751,,1
ERI,Eritrea,SL.UEM.TOTL.ZS,"Unemployment, total (% of total labor force) (modeled ILO estimate)",2014,5.637,,1
ERI,Eritrea,SL.UEM.TOTL.ZS,"Unemployment, total (% of total labor force) (modeled ILO estimate)",2013,5.624,,1
ERI,Eritrea,SL.UEM.TOTL.ZS,"Unemployment, total (% of total labor force) (modeled ILO estimate)",2012,5.692,,1
ERI,Eritrea,SL.UEM.TOTL.ZS,"Unemployment, total (% of total labor force) (modeled ILO estimate)",2011,5.801,,1
ERI,Eritrea,SL.UEM.TOTL.ZS,"Unemployment, total (% of total labor force) (modeled ILO estimate)",2010,5.854,,1
ERI,Eritrea,SL.UEM.TOTL.ZS,"Unemployment, total (% of total labor force) (modeled ILO estimate)",2009,5.757,,1
ERI,Eritrea,SL.UEM.TOTL.ZS,"Unemployment, total (% of total labor force) (modeled ILO estimate)",2008,5.683,,1
ERI,Eritrea,SL.UEM.TOTL.ZS,"Unemployment, total (% of total labor force) (modeled ILO estimate)",2007,5.719,,1
ERI,Eritrea,SL.UEM.TOTL.ZS,"Unemployment, total (% of total labor force) (modeled ILO estimate)",2006,5.707,,1
ERI,Eritrea,SL.UEM.TOTL.ZS,"Unemployment, total (% of total labor force) (modeled ILO estimate)",2005,5.721,,1
ERI,Eritrea,SL.UEM.TOTL.ZS,"Unemployment, total (% of total labor force) (modeled ILO estimate)",2004,5.704,,1
ERI,Eritrea,SL.UEM.TOTL.ZS,"Unemployment, total (% of total labor force) (modeled ILO estimate)",2003,5.79,,1
ERI,Eritrea,SL.UEM.TOTL.ZS,"Unemployment, total (% of total labor force) (modeled ILO estimate)",2002,5.794,,1
ERI,Eritrea,SL.UEM.TOTL.ZS,"Unemployment, total (% of total labor force) (modeled ILO estimate)",2001,5.74,,1
ERI,Eritrea,SL.UEM.TOTL.ZS,"Unemployment, total (% of total labor force) (modeled ILO estimate)",2000,5.656,,1
ERI,Eritrea,SL.UEM.TOTL.ZS,"Unemployment, total (% of total labor force) (modeled ILO estimate)",1999,5.604,,1
ERI,Eritrea,SL.UEM.TOTL.ZS,"Unemployment, total (% of total labor force) (modeled ILO estimate)",1998,5.501,,1
ERI,Eritrea,SL.UEM.TOTL.ZS,"Unemployment, total (% of total labor force) (modeled ILO estimate)",1997,5.4,,1
ERI,Eritrea,SL.UEM.TOTL.ZS,"Unemployment, total (% of total labor force) (modeled ILO estimate)",1996,5.31,,1
ERI,Eritrea,SL.UEM.TOTL.ZS,"Unemployment, total (% of total labor force) (modeled ILO estimate)",1995,5.349,,1
ERI,Eritrea,SL.UEM.TOTL.ZS,"Unemployment, total (% of total labor force) (modeled ILO estimate)",1994,5.446,,1
ERI,Eritrea,SL.UEM.TOTL.ZS,"Unemployment, total (% of total labor force) (modeled ILO estimate)",1993,5.387,,1
ERI,Eritrea,SL.UEM.TOTL.ZS,"Unemployment, total (% of total labor force) (modeled ILO estimate)",1992,5.297,,1
ERI,Eritrea,SL.UEM.TOTL.ZS,"Unemployment, total (% of total labor force) (modeled ILO estimate)",1991,5.129,,1
EST,Estonia,SL.UEM.TOTL.ZS,"Unemployment, total (% of total labor force) (modeled ILO estimate)",2024,7.6,,1
EST,Estonia,SL.UEM.TOTL.ZS,"Unemployment, total (% of total labor force) (modeled ILO estimate)",2023,6.378,,1
EST,Estonia,SL.UEM.TOTL.ZS,"Unemployment, total (% of total labor force) (modeled ILO estimate)",2022,5.571,,1
EST,Estonia,SL.UEM.TOTL.ZS,"Unemployment, total (% of total labor force) (modeled ILO estimate)",2021,6.178,,1
EST,Estonia,SL.UEM.TOTL.ZS,"Unemployment, total (% of total labor force) (modeled ILO estimate)",2020,6.956,,1
EST,Estonia,SL.UEM.TOTL.ZS,"Unemployment, total (% of total labor force) (modeled ILO estimate)",2019,4.514,,1
EST,Estonia,SL.UEM.TOTL.ZS,"Unemployment, total (% of total labor force) (modeled ILO estimate)",2018,5.412,,1
EST,Estonia,SL.UEM.TOTL.ZS,"Unemployment, total (% of total labor force) (modeled ILO estimate)",2017,5.807,,1
EST,Estonia,SL.UEM.TOTL.ZS,"Unemployment, total (% of total labor force) (modeled ILO estimate)",2016,6.882,,1
EST,Estonia,SL.UEM.TOTL.ZS,"Unemployment, total (% of total labor force) (modeled ILO estimate)",2015,6.412,,1
EST,Estonia,SL.UEM.TOTL.ZS,"Unemployment, total (% of total labor force) (modeled ILO estimate)",2014,7.352,,1
EST,Estonia,SL.UEM.TOTL.ZS,"Unemployment, total (% of total labor force) (modeled ILO estimate)",2013,8.631,,1
EST,Estonia,SL.UEM.TOTL.ZS,"Unemployment, total (% of total labor force) (modeled ILO estimate)",2012,10.021,,1
EST,Estonia,SL.UEM.TOTL.ZS,"Unemployment, total (% of total labor force) (modeled ILO estimate)",2011,12.328,,1
EST,Estonia,SL.UEM.TOTL.ZS,"Unemployment, total (% of total labor force) (modeled ILO estimate)",2010,16.707,,1
EST,Estonia,SL.UEM.TOTL.ZS,"Unemployment, total (% of total labor force) (modeled ILO estimate)",2009,13.548,,1
EST,Estonia,SL.UEM.TOTL.ZS,"Unemployment, total (% of total labor force) (modeled ILO estimate)",2008,5.455,,1
EST,Estonia,SL.UEM.TOTL.ZS,"Unemployment, total (% of total labor force) (modeled ILO estimate)",2007,4.592,,1
EST,Estonia,SL.UEM.TOTL.ZS,"Unemployment, total (% of total labor force) (modeled ILO estimate)",2006,5.915,,1
EST,Estonia,SL.UEM.TOTL.ZS,"Unemployment, total (% of total labor force) (modeled ILO estimate)",2005,8.033,,1
EST,Estonia,SL.UEM.TOTL.ZS,"Unemployment, total (% of total labor force) (modeled ILO estimate)",2004,10.248,,1
EST,Estonia,SL.UEM.TOTL.ZS,"Unemployment, total (% of total labor force) (modeled ILO estimate)",2003,11.288,,1
EST,Estonia,SL.UEM.TOTL.ZS,"Unemployment, total (% of total labor force) (modeled ILO estimate)",2002,10.026,,1
EST,Estonia,SL.UEM.TOTL.ZS,"Unemployment, total (% of total labor force) (modeled ILO estimate)",2001,13.134,,1
EST,Estonia,SL.UEM.TOTL.ZS,"Unemployment, total (% of total labor force) (modeled ILO estimate)",2000,13.36,,1
EST,Estonia,SL.UEM.TOTL.ZS,"Unemployment, total (% of total labor force) (modeled ILO estimate)",1999,11.573,,1
EST,Estonia,SL.UEM.TOTL.ZS,"Unemployment, total (% of total labor force) (modeled ILO estimate)",1998,9.51,,1
EST,Estonia,SL.UEM.TOTL.ZS,"Unemployment, total (% of total labor force) (modeled ILO estimate)",1997,10.369,,1
EST,Estonia,SL.UEM.TOTL.ZS,"Unemployment, total (% of total labor force) (modeled ILO estimate)",1996,9.915,,1
EST,Estonia,SL.UEM.TOTL.ZS,"Unemployment, total (% of total labor force) (modeled ILO estimate)",1995,9.659,,1
EST,Estonia,SL.UEM.TOTL.ZS,"Unemployment, total (% of total labor force) (modeled ILO estimate)",1994,7.561,,1
EST,Estonia,SL.UEM.TOTL.ZS,"Unemployment, total (% of total labor force) (modeled ILO estimate)",1993,6.544,,1
EST,Estonia,SL.UEM.TOTL.ZS,"Unemployment, total (% of total labor force) (modeled ILO estimate)",1992,3.681,,1
EST,Estonia,SL.UEM.TOTL.ZS,"Unemployment, total (% of total labor force) (modeled ILO estimate)",1991,1.468,,1
SWZ,Eswatini,SL.UEM.TOTL.ZS,"Unemployment, total (% of total labor force) (modeled ILO estimate)",2024,34.643,,1
SWZ,Eswatini,SL.UEM.TOTL.ZS,"Unemployment, total (% of total labor force) (modeled ILO estimate)",2023,34.61,,1
SWZ,Eswatini,SL.UEM.TOTL.ZS,"Unemployment, total (% of total labor force) (modeled ILO estimate)",2022,36.472,,1
SWZ,Eswatini,SL.UEM.TOTL.ZS,"Unemployment, total (% of total labor force) (modeled ILO estimate)",2021,34.153,,1
SWZ,Eswatini,SL.UEM.TOTL.ZS,"Unemployment, total (% of total labor force) (modeled ILO estimate)",2020,32.978,,1
SWZ,Eswatini,SL.UEM.TOTL.ZS,"Unemployment, total (% of total labor force) (modeled ILO estimate)",2019,28.222,,1
SWZ,Eswatini,SL.UEM.TOTL.ZS,"Unemployment, total (% of total labor force) (modeled ILO estimate)",2018,26.471,,1
SWZ,Eswatini,SL.UEM.TOTL.ZS,"Unemployment, total (% of total labor force) (modeled ILO estimate)",2017,24.543,,1
SWZ,Eswatini,SL.UEM.TOTL.ZS,"Unemployment, total (% of total labor force) (modeled ILO estimate)",2016,22.718,,1
SWZ,Eswatini,SL.UEM.TOTL.ZS,"Unemployment, total (% of total labor force) (modeled ILO estimate)",2015,23.431,,1
SWZ,Eswatini,SL.UEM.TOTL.ZS,"Unemployment, total (% of total labor force) (modeled ILO estimate)",2014,23.931,,1
SWZ,Eswatini,SL.UEM.TOTL.ZS,"Unemployment, total (% of total labor force) (modeled ILO estimate)",2013,24.556,,1
SWZ,Eswatini,SL.UEM.TOTL.ZS,"Unemployment, total (% of total labor force) (modeled ILO estimate)",2012,25.226,,1
SWZ,Eswatini,SL.UEM.TOTL.ZS,"Unemployment, total (% of total labor force) (modeled ILO estimate)",2011,26.105,,1
SWZ,Eswatini,SL.UEM.TOTL.ZS,"Unemployment, total (% of total labor force) (modeled ILO estimate)",2010,26.856,,1
SWZ,Eswatini,SL.UEM.TOTL.ZS,"Unemployment, total (% of total labor force) (modeled ILO estimate)",2009,27.488,,1
SWZ,Eswatini,SL.UEM.TOTL.ZS,"Unemployment, total (% of total labor force) (modeled ILO estimate)",2008,27.891,,1
SWZ,Eswatini,SL.UEM.TOTL.ZS,"Unemployment, total (% of total labor force) (modeled ILO estimate)",2007,28.24,,1
SWZ,Eswatini,SL.UEM.TOTL.ZS,"Unemployment, total (% of total labor force) (modeled ILO estimate)",2006,27.693,,1
SWZ,Eswatini,SL.UEM.TOTL.ZS,"Unemployment, total (% of total labor force) (modeled ILO estimate)",2005,27.221,,1
SWZ,Eswatini,SL.UEM.TOTL.ZS,"Unemployment, total (% of total labor force) (modeled ILO estimate)",2004,26.716,,1
SWZ,Eswatini,SL.UEM.TOTL.ZS,"Unemployment, total (% of total labor force) (modeled ILO estimate)",2003,26.259,,1
SWZ,Eswatini,SL.UEM.TOTL.ZS,"Unemployment, total (% of total labor force) (modeled ILO estimate)",2002,25.771,,1
SWZ,Eswatini,SL.UEM.TOTL.ZS,"Unemployment, total (% of total labor force) (modeled ILO estimate)",2001,25.24,,1
SWZ,Eswatini,SL.UEM.TOTL.ZS,"Unemployment, total (% of total labor force) (modeled ILO estimate)",2000,24.547,,1
SWZ,Eswatini,SL.UEM.TOTL.ZS,"Unemployment, total (% of total labor force) (modeled ILO estimate)",1999,23.868,,1
SWZ,Eswatini,SL.UEM.TOTL.ZS,"Unemployment, total (% of total labor force) (modeled ILO estimate)",1998,23.214,,1
SWZ,Eswatini,SL.UEM.TOTL.ZS,"Unemployment, total (% of total labor force) (modeled ILO estimate)",1997,22.5,,1
SWZ,Eswatini,SL.UEM.TOTL.ZS,"Unemployment, total (% of total labor force) (modeled ILO estimate)",1996,22.074,,1
SWZ,Eswatini,SL.UEM.TOTL.ZS,"Unemployment, total (% of total labor force) (modeled ILO estimate)",1995,21.65,,1
SWZ,Eswatini,SL.UEM.TOTL.ZS,"Unemployment, total (% of total labor force) (modeled ILO estimate)",1994,21.726,,1
SWZ,Eswatini,SL.UEM.TOTL.ZS,"Unemployment, total (% of total labor force) (modeled ILO estimate)",1993,21.76,,1
SWZ,Eswatini,SL.UEM.TOTL.ZS,"Unemployment, total (% of total labor force) (modeled ILO estimate)",1992,20.947,,1
SWZ,Eswatini,SL.UEM.TOTL.ZS,"Unemployment, total (% of total labor force) (modeled ILO estimate)",1991,20.521,,1
ETH,Ethiopia,SL.UEM.TOTL.ZS,"Unemployment, total (% of total labor force) (modeled ILO estimate)",2024,3.357,,1
ETH,Ethiopia,SL.UEM.TOTL.ZS,"Unemployment, total (% of total labor force) (modeled ILO estimate)",2023,3.375,,1
ETH,Ethiopia,SL.UEM.TOTL.ZS,"Unemployment, total (% of total labor force) (modeled ILO estimate)",2022,3.386,,1
ETH,Ethiopia,SL.UEM.TOTL.ZS,"Unemployment, total (% of total labor force) (modeled ILO estimate)",2021,3.935,,1
ETH,Ethiopia,SL.UEM.TOTL.ZS,"Unemployment, total (% of total labor force) (modeled ILO estimate)",2020,3.998,,1
ETH,Ethiopia,SL.UEM.TOTL.ZS,"Unemployment, total (% of total labor force) (modeled ILO estimate)",2019,2.928,,1
ETH,Ethiopia,SL.UEM.TOTL.ZS,"Unemployment, total (% of total labor force) (modeled ILO estimate)",2018,2.811,,1
ETH,Ethiopia,SL.UEM.TOTL.ZS,"Unemployment, total (% of total labor force) (modeled ILO estimate)",2017,2.665,,1
ETH,Ethiopia,SL.UEM.TOTL.ZS,"Unemployment, total (% of total labor force) (modeled ILO estimate)",2016,2.556,,1
ETH,Ethiopia,SL.UEM.TOTL.ZS,"Unemployment, total (% of total labor force) (modeled ILO estimate)",2015,2.442,,1
ETH,Ethiopia,SL.UEM.TOTL.ZS,"Unemployment, total (% of total labor force) (modeled ILO estimate)",2014,2.361,,1
ETH,Ethiopia,SL.UEM.TOTL.ZS,"Unemployment, total (% of total labor force) (modeled ILO estimate)",2013,2.251,,1
ETH,Ethiopia,SL.UEM.TOTL.ZS,"Unemployment, total (% of total labor force) (modeled ILO estimate)",2012,2.252,,1
ETH,Ethiopia,SL.UEM.TOTL.ZS,"Unemployment, total (% of total labor force) (modeled ILO estimate)",2011,2.27,,1
ETH,Ethiopia,SL.UEM.TOTL.ZS,"Unemployment, total (% of total labor force) (modeled ILO estimate)",2010,2.295,,1
ETH,Ethiopia,SL.UEM.TOTL.ZS,"Unemployment, total (% of total labor force) (modeled ILO estimate)",2009,2.326,,1
ETH,Ethiopia,SL.UEM.TOTL.ZS,"Unemployment, total (% of total labor force) (modeled ILO estimate)",2008,2.326,,1
ETH,Ethiopia,SL.UEM.TOTL.ZS,"Unemployment, total (% of total labor force) (modeled ILO estimate)",2007,2.337,,1
ETH,Ethiopia,SL.UEM.TOTL.ZS,"Unemployment, total (% of total labor force) (modeled ILO estimate)",2006,2.337,,1
ETH,Ethiopia,SL.UEM.TOTL.ZS,"Unemployment, total (% of total labor force) (modeled ILO estimate)",2005,2.497,,1
ETH,Ethiopia,SL.UEM.TOTL.ZS,"Unemployment, total (% of total labor force) (modeled ILO estimate)",2004,2.776,,1
ETH,Ethiopia,SL.UEM.TOTL.ZS,"Unemployment, total (% of total labor force) (modeled ILO estimate)",2003,3.008,,1
ETH,Ethiopia,SL.UEM.TOTL.ZS,"Unemployment, total (% of total labor force) (modeled ILO estimate)",2002,3.054,,1
ETH,Ethiopia,SL.UEM.TOTL.ZS,"Unemployment, total (% of total labor force) (modeled ILO estimate)",2001,3.16,,1
ETH,Ethiopia,SL.UEM.TOTL.ZS,"Unemployment, total (% of total labor force) (modeled ILO estimate)",2000,3.499,,1
ETH,Ethiopia,SL.UEM.TOTL.ZS,"Unemployment, total (% of total labor force) (modeled ILO estimate)",1999,3.714,,1
ETH,Ethiopia,SL.UEM.TOTL.ZS,"Unemployment, total (% of total labor force) (modeled ILO estimate)",1998,3.481,,1
ETH,Ethiopia,SL.UEM.TOTL.ZS,"Unemployment, total (% of total labor force) (modeled ILO estimate)",1997,3.227,,1
ETH,Ethiopia,SL.UEM.TOTL.ZS,"Unemployment, total (% of total labor force) (modeled ILO estimate)",1996,3.121,,1
ETH,Ethiopia,SL.UEM.TOTL.ZS,"Unemployment, total (% of total labor force) (modeled ILO estimate)",1995,3.005,,1
ETH,Ethiopia,SL.UEM.TOTL.ZS,"Unemployment, total (% of total labor force) (modeled ILO estimate)",1994,3.1,,1
ETH,Ethiopia,SL.UEM.TOTL.ZS,"Unemployment, total (% of total labor force) (modeled ILO estimate)",1993,3.252,,1
ETH,Ethiopia,SL.UEM.TOTL.ZS,"Unemployment, total (% of total labor force) (modeled ILO estimate)",1992,3.416,,1
ETH,Ethiopia,SL.UEM.TOTL.ZS,"Unemployment, total (% of total labor force) (modeled ILO estimate)",1991,3.284,,1
FJI,Fiji,SL.UEM.TOTL.ZS,"Unemployment, total (% of total labor force) (modeled ILO estimate)",2024,5.361,,1
FJI,Fiji,SL.UEM.TOTL.ZS,"Unemployment, total (% of total labor force) (modeled ILO estimate)",2023,5.316,,1
FJI,Fiji,SL.UEM.TOTL.ZS,"Unemployment, total (% of total labor force) (modeled ILO estimate)",2022,5.403,,1
FJI,Fiji,SL.UEM.TOTL.ZS,"Unemployment, total (% of total labor force) (modeled ILO estimate)",2021,5.225,,1
FJI,Fiji,SL.UEM.TOTL.ZS,"Unemployment, total (% of total labor force) (modeled ILO estimate)",2020,5.054,,1
FJI,Fiji,SL.UEM.TOTL.ZS,"Unemployment, total (% of total labor force) (modeled ILO estimate)",2019,4.661,,1
FJI,Fiji,SL.UEM.TOTL.ZS,"Unemployment, total (% of total labor force) (modeled ILO estimate)",2018,4.523,,1
FJI,Fiji,SL.UEM.TOTL.ZS,"Unemployment, total (% of total labor force) (modeled ILO estimate)",2017,4.418,,1
FJI,Fiji,SL.UEM.TOTL.ZS,"Unemployment, total (% of total labor force) (modeled ILO estimate)",2016,4.319,,1
FJI,Fiji,SL.UEM.TOTL.ZS,"Unemployment, total (% of total labor force) (modeled ILO estimate)",2015,4.288,,1
FJI,Fiji,SL.UEM.TOTL.ZS,"Unemployment, total (% of total labor force) (modeled ILO estimate)",2014,4.323,,1
FJI,Fiji,SL.UEM.TOTL.ZS,"Unemployment, total (% of total labor force) (modeled ILO estimate)",2013,4.356,,1
FJI,Fiji,SL.UEM.TOTL.ZS,"Unemployment, total (% of total labor force) (modeled ILO estimate)",2012,4.375,,1
FJI,Fiji,SL.UEM.TOTL.ZS,"Unemployment, total (% of total labor force) (modeled ILO estimate)",2011,4.406,,1
FJI,Fiji,SL.UEM.TOTL.ZS,"Unemployment, total (% of total labor force) (modeled ILO estimate)",2010,4.345,,1
FJI,Fiji,SL.UEM.TOTL.ZS,"Unemployment, total (% of total labor force) (modeled ILO estimate)",2009,4.309,,1
FJI,Fiji,SL.UEM.TOTL.ZS,"Unemployment, total (% of total labor force) (modeled ILO estimate)",2008,4.187,,1
FJI,Fiji,SL.UEM.TOTL.ZS,"Unemployment, total (% of total labor force) (modeled ILO estimate)",2007,4.109,,1
FJI,Fiji,SL.UEM.TOTL.ZS,"Unemployment, total (% of total labor force) (modeled ILO estimate)",2006,3.957,,1
FJI,Fiji,SL.UEM.TOTL.ZS,"Unemployment, total (% of total labor force) (modeled ILO estimate)",2005,3.886,,1
FJI,Fiji,SL.UEM.TOTL.ZS,"Unemployment, total (% of total labor force) (modeled ILO estimate)",2004,4.7,,1
FJI,Fiji,SL.UEM.TOTL.ZS,"Unemployment, total (% of total labor force) (modeled ILO estimate)",2003,4.74,,1
FJI,Fiji,SL.UEM.TOTL.ZS,"Unemployment, total (% of total labor force) (modeled ILO estimate)",2002,4.772,,1
FJI,Fiji,SL.UEM.TOTL.ZS,"Unemployment, total (% of total labor force) (modeled ILO estimate)",2001,4.692,,1
FJI,Fiji,SL.UEM.TOTL.ZS,"Unemployment, total (% of total labor force) (modeled ILO estimate)",2000,4.697,,1
FJI,Fiji,SL.UEM.TOTL.ZS,"Unemployment, total (% of total labor force) (modeled ILO estimate)",1999,4.698,,1
FJI,Fiji,SL.UEM.TOTL.ZS,"Unemployment, total (% of total labor force) (modeled ILO estimate)",1998,4.746,,1
FJI,Fiji,SL.UEM.TOTL.ZS,"Unemployment, total (% of total labor force) (modeled ILO estimate)",1997,4.725,,1
FJI,Fiji,SL.UEM.TOTL.ZS,"Unemployment, total (% of total labor force) (modeled ILO estimate)",1996,4.623,,1
FJI,Fiji,SL.UEM.TOTL.ZS,"Unemployment, total (% of total labor force) (modeled ILO estimate)",1995,4.651,,1
FJI,Fiji,SL.UEM.TOTL.ZS,"Unemployment, total (% of total labor force) (modeled ILO estimate)",1994,4.598,,1
FJI,Fiji,SL.UEM.TOTL.ZS,"Unemployment, total (% of total labor force) (modeled ILO estimate)",1993,4.694,,1
FJI,Fiji,SL.UEM.TOTL.ZS,"Unemployment, total (% of total labor force) (modeled ILO estimate)",1992,4.64,,1
FJI,Fiji,SL.UEM.TOTL.ZS,"Unemployment, total (% of total labor force) (modeled ILO estimate)",1991,4.618,,1
FIN,Finland,SL.UEM.TOTL.ZS,"Unemployment, total (% of total labor force) (modeled ILO estimate)",2024,8.4,,1
FIN,Finland,SL.UEM.TOTL.ZS,"Unemployment, total (% of total labor force) (modeled ILO estimate)",2023,7.149,,1
FIN,Finland,SL.UEM.TOTL.ZS,"Unemployment, total (% of total labor force) (modeled ILO estimate)",2022,6.719,,1
FIN,Finland,SL.UEM.TOTL.ZS,"Unemployment, total (% of total labor force) (modeled ILO estimate)",2021,7.617,,1
FIN,Finland,SL.UEM.TOTL.ZS,"Unemployment, total (% of total labor force) (modeled ILO estimate)",2020,7.759,,1
FIN,Finland,SL.UEM.TOTL.ZS,"Unemployment, total (% of total labor force) (modeled ILO estimate)",2019,6.695,,1
FIN,Finland,SL.UEM.TOTL.ZS,"Unemployment, total (% of total labor force) (modeled ILO estimate)",2018,7.361,,1
FIN,Finland,SL.UEM.TOTL.ZS,"Unemployment, total (% of total labor force) (modeled ILO estimate)",2017,8.64,,1
FIN,Finland,SL.UEM.TOTL.ZS,"Unemployment, total (% of total labor force) (modeled ILO estimate)",2016,8.818,,1
FIN,Finland,SL.UEM.TOTL.ZS,"Unemployment, total (% of total labor force) (modeled ILO estimate)",2015,9.376,,1
FIN,Finland,SL.UEM.TOTL.ZS,"Unemployment, total (% of total labor force) (modeled ILO estimate)",2014,8.663,,1
FIN,Finland,SL.UEM.TOTL.ZS,"Unemployment, total (% of total labor force) (modeled ILO estimate)",2013,8.193,,1
FIN,Finland,SL.UEM.TOTL.ZS,"Unemployment, total (% of total labor force) (modeled ILO estimate)",2012,7.689,,1
FIN,Finland,SL.UEM.TOTL.ZS,"Unemployment, total (% of total labor force) (modeled ILO estimate)",2011,7.781,,1
FIN,Finland,SL.UEM.TOTL.ZS,"Unemployment, total (% of total labor force) (modeled ILO estimate)",2010,8.394,,1
FIN,Finland,SL.UEM.TOTL.ZS,"Unemployment, total (% of total labor force) (modeled ILO estimate)",2009,8.249,,1
FIN,Finland,SL.UEM.TOTL.ZS,"Unemployment, total (% of total labor force) (modeled ILO estimate)",2008,6.369,,1
FIN,Finland,SL.UEM.TOTL.ZS,"Unemployment, total (% of total labor force) (modeled ILO estimate)",2007,6.854,,1
FIN,Finland,SL.UEM.TOTL.ZS,"Unemployment, total (% of total labor force) (modeled ILO estimate)",2006,8.935,,1
FIN,Finland,SL.UEM.TOTL.ZS,"Unemployment, total (% of total labor force) (modeled ILO estimate)",2005,9.602,,1
FIN,Finland,SL.UEM.TOTL.ZS,"Unemployment, total (% of total labor force) (modeled ILO estimate)",2004,10.358,,1
FIN,Finland,SL.UEM.TOTL.ZS,"Unemployment, total (% of total labor force) (modeled ILO estimate)",2003,10.469,,1
FIN,Finland,SL.UEM.TOTL.ZS,"Unemployment, total (% of total labor force) (modeled ILO estimate)",2002,10.423,,1
FIN,Finland,SL.UEM.TOTL.ZS,"Unemployment, total (% of total labor force) (modeled ILO estimate)",2001,10.29,,1
FIN,Finland,SL.UEM.TOTL.ZS,"Unemployment, total (% of total labor force) (modeled ILO estimate)",2000,11.134,,1
FIN,Finland,SL.UEM.TOTL.ZS,"Unemployment, total (% of total labor force) (modeled ILO estimate)",1999,11.693,,1
FIN,Finland,SL.UEM.TOTL.ZS,"Unemployment, total (% of total labor force) (modeled ILO estimate)",1998,13.214,,1
FIN,Finland,SL.UEM.TOTL.ZS,"Unemployment, total (% of total labor force) (modeled ILO estimate)",1997,14.967,,1
FIN,Finland,SL.UEM.TOTL.ZS,"Unemployment, total (% of total labor force) (modeled ILO estimate)",1996,15.572,,1
FIN,Finland,SL.UEM.TOTL.ZS,"Unemployment, total (% of total labor force) (modeled ILO estimate)",1995,17.005,,1
FIN,Finland,SL.UEM.TOTL.ZS,"Unemployment, total (% of total labor force) (modeled ILO estimate)",1994,16.426,,1
FIN,Finland,SL.UEM.TOTL.ZS,"Unemployment, total (% of total labor force) (modeled ILO estimate)",1993,16.201,,1
FIN,Finland,SL.UEM.TOTL.ZS,"Unemployment, total (% of total labor force) (modeled ILO estimate)",1992,11.595,,1
FIN,Finland,SL.UEM.TOTL.ZS,"Unemployment, total (% of total labor force) (modeled ILO estimate)",1991,6.503,,1
FRA,France,SL.UEM.TOTL.ZS,"Unemployment, total (% of total labor force) (modeled ILO estimate)",2024,7.4,,1
FRA,France,SL.UEM.TOTL.ZS,"Unemployment, total (% of total labor force) (modeled ILO estimate)",2023,7.335,,1
FRA,France,SL.UEM.TOTL.ZS,"Unemployment, total (% of total labor force) (modeled ILO estimate)",2022,7.303,,1
FRA,France,SL.UEM.TOTL.ZS,"Unemployment, total (% of total labor force) (modeled ILO estimate)",2021,7.871,,1
FRA,France,SL.UEM.TOTL.ZS,"Unemployment, total (% of total labor force) (modeled ILO estimate)",2020,8.009,,1
FRA,France,SL.UEM.TOTL.ZS,"Unemployment, total (% of total labor force) (modeled ILO estimate)",2019,8.415,,1
FRA,France,SL.UEM.TOTL.ZS,"Unemployment, total (% of total labor force) (modeled ILO estimate)",2018,9.018,,1
FRA,France,SL.UEM.TOTL.ZS,"Unemployment, total (% of total labor force) (modeled ILO estimate)",2017,9.409,,1
FRA,France,SL.UEM.TOTL.ZS,"Unemployment, total (% of total labor force) (modeled ILO estimate)",2016,10.057,,1
FRA,France,SL.UEM.TOTL.ZS,"Unemployment, total (% of total labor force) (modeled ILO estimate)",2015,10.354,,1
FRA,France,SL.UEM.TOTL.ZS,"Unemployment, total (% of total labor force) (modeled ILO estimate)",2014,10.273,,1
FRA,France,SL.UEM.TOTL.ZS,"Unemployment, total (% of total labor force) (modeled ILO estimate)",2013,9.913,,1
FRA,France,SL.UEM.TOTL.ZS,"Unemployment, total (% of total labor force) (modeled ILO estimate)",2012,9.841,,1
FRA,France,SL.UEM.TOTL.ZS,"Unemployment, total (% of total labor force) (modeled ILO estimate)",2011,9.228,,1
FRA,France,SL.UEM.TOTL.ZS,"Unemployment, total (% of total labor force) (modeled ILO estimate)",2010,9.279,,1
FRA,France,SL.UEM.TOTL.ZS,"Unemployment, total (% of total labor force) (modeled ILO estimate)",2009,9.122,,1
FRA,France,SL.UEM.TOTL.ZS,"Unemployment, total (% of total labor force) (modeled ILO estimate)",2008,7.386,,1
FRA,France,SL.UEM.TOTL.ZS,"Unemployment, total (% of total labor force) (modeled ILO estimate)",2007,8.008,,1
FRA,France,SL.UEM.TOTL.ZS,"Unemployment, total (% of total labor force) (modeled ILO estimate)",2006,8.832,,1
FRA,France,SL.UEM.TOTL.ZS,"Unemployment, total (% of total labor force) (modeled ILO estimate)",2005,8.882,,1
FRA,France,SL.UEM.TOTL.ZS,"Unemployment, total (% of total labor force) (modeled ILO estimate)",2004,8.914,,1
FRA,France,SL.UEM.TOTL.ZS,"Unemployment, total (% of total labor force) (modeled ILO estimate)",2003,8.306,,1
FRA,France,SL.UEM.TOTL.ZS,"Unemployment, total (% of total labor force) (modeled ILO estimate)",2002,8.702,,1
FRA,France,SL.UEM.TOTL.ZS,"Unemployment, total (% of total labor force) (modeled ILO estimate)",2001,8.61,,1
FRA,France,SL.UEM.TOTL.ZS,"Unemployment, total (% of total labor force) (modeled ILO estimate)",2000,10.218,,1
FRA,France,SL.UEM.TOTL.ZS,"Unemployment, total (% of total labor force) (modeled ILO estimate)",1999,11.981,,1
FRA,France,SL.UEM.TOTL.ZS,"Unemployment, total (% of total labor force) (modeled ILO estimate)",1998,12.074,,1
FRA,France,SL.UEM.TOTL.ZS,"Unemployment, total (% of total labor force) (modeled ILO estimate)",1997,12.566,,1
FRA,France,SL.UEM.TOTL.ZS,"Unemployment, total (% of total labor force) (modeled ILO estimate)",1996,12.367,,1
FRA,France,SL.UEM.TOTL.ZS,"Unemployment, total (% of total labor force) (modeled ILO estimate)",1995,11.834,,1
FRA,France,SL.UEM.TOTL.ZS,"Unemployment, total (% of total labor force) (modeled ILO estimate)",1994,12.593,,1
FRA,France,SL.UEM.TOTL.ZS,"Unemployment, total (% of total labor force) (modeled ILO estimate)",1993,11.32,,1
FRA,France,SL.UEM.TOTL.ZS,"Unemployment, total (% of total labor force) (modeled ILO estimate)",1992,10.203,,1
FRA,France,SL.UEM.TOTL.ZS,"Unemployment, total (% of total labor force) (modeled ILO estimate)",1991,9.134,,1
PYF,French Polynesia,SL.UEM.TOTL.ZS,"Unemployment, total (% of total labor force) (modeled ILO estimate)",2024,11.613,,1
PYF,French Polynesia,SL.UEM.TOTL.ZS,"Unemployment, total (% of total labor force) (modeled ILO estimate)",2023,11.613,,1
PYF,French Polynesia,SL.UEM.TOTL.ZS,"Unemployment, total (% of total labor force) (modeled ILO estimate)",2022,11.793,,1
PYF,French Polynesia,SL.UEM.TOTL.ZS,"Unemployment, total (% of total labor force) (modeled ILO estimate)",2021,12.558,,1
PYF,French Polynesia,SL.UEM.TOTL.ZS,"Unemployment, total (% of total labor force) (modeled ILO estimate)",2020,12.963,,1
PYF,French Polynesia,SL.UEM.TOTL.ZS,"Unemployment, total (% of total labor force) (modeled ILO estimate)",2019,11.591,,1
PYF,French Polynesia,SL.UEM.TOTL.ZS,"Unemployment, total (% of total labor force) (modeled ILO estimate)",2018,11.599,,1
PYF,French Polynesia,SL.UEM.TOTL.ZS,"Unemployment, total (% of total labor force) (modeled ILO estimate)",2017,11.595,,1
PYF,French Polynesia,SL.UEM.TOTL.ZS,"Unemployment, total (% of total labor force) (modeled ILO estimate)",2016,11.727,,1
PYF,French Polynesia,SL.UEM.TOTL.ZS,"Unemployment, total (% of total labor force) (modeled ILO estimate)",2015,11.794,,1
PYF,French Polynesia,SL.UEM.TOTL.ZS,"Unemployment, total (% of total labor force) (modeled ILO estimate)",2014,11.894,,1
PYF,French Polynesia,SL.UEM.TOTL.ZS,"Unemployment, total (% of total labor force) (modeled ILO estimate)",2013,12.027,,1
PYF,French Polynesia,SL.UEM.TOTL.ZS,"Unemployment, total (% of total labor force) (modeled ILO estimate)",2012,12.134,,1
PYF,French Polynesia,SL.UEM.TOTL.ZS,"Unemployment, total (% of total labor force) (modeled ILO estimate)",2011,12.257,,1
PYF,French Polynesia,SL.UEM.TOTL.ZS,"Unemployment, total (% of total labor force) (modeled ILO estimate)",2010,12.133,,1
PYF,French Polynesia,SL.UEM.TOTL.ZS,"Unemployment, total (% of total labor force) (modeled ILO estimate)",2009,11.963,,1
PYF,French Polynesia,SL.UEM.TOTL.ZS,"Unemployment, total (% of total labor force) (modeled ILO estimate)",2008,11.76,,1
PYF,French Polynesia,SL.UEM.TOTL.ZS,"Unemployment, total (% of total labor force) (modeled ILO estimate)",2007,11.74,,1
PYF,French Polynesia,SL.UEM.TOTL.ZS,"Unemployment, total (% of total labor force) (modeled ILO estimate)",2006,11.768,,1
PYF,French Polynesia,SL.UEM.TOTL.ZS,"Unemployment, total (% of total labor force) (modeled ILO estimate)",2005,11.722,,1
PYF,French Polynesia,SL.UEM.TOTL.ZS,"Unemployment, total (% of total labor force) (modeled ILO estimate)",2004,11.702,,1
PYF,French Polynesia,SL.UEM.TOTL.ZS,"Unemployment, total (% of total labor force) (modeled ILO estimate)",2003,11.751,,1
PYF,French Polynesia,SL.UEM.TOTL.ZS,"Unemployment, total (% of total labor force) (modeled ILO estimate)",2002,11.71,,1
PYF,French Polynesia,SL.UEM.TOTL.ZS,"Unemployment, total (% of total labor force) (modeled ILO estimate)",2001,11.665,,1
PYF,French Polynesia,SL.UEM.TOTL.ZS,"Unemployment, total (% of total labor force) (modeled ILO estimate)",2000,11.583,,1
PYF,French Polynesia,SL.UEM.TOTL.ZS,"Unemployment, total (% of total labor force) (modeled ILO estimate)",1999,11.701,,1
PYF,French Polynesia,SL.UEM.TOTL.ZS,"Unemployment, total (% of total labor force) (modeled ILO estimate)",1998,11.791,,1
PYF,French Polynesia,SL.UEM.TOTL.ZS,"Unemployment, total (% of total labor force) (modeled ILO estimate)",1997,11.866,,1
PYF,French Polynesia,SL.UEM.TOTL.ZS,"Unemployment, total (% of total labor force) (modeled ILO estimate)",1996,11.92,,1
PYF,French Polynesia,SL.UEM.TOTL.ZS,"Unemployment, total (% of total labor force) (modeled ILO estimate)",1995,11.941,,1
PYF,French Polynesia,SL.UEM.TOTL.ZS,"Unemployment, total (% of total labor force) (modeled ILO estimate)",1994,11.98,,1
PYF,French Polynesia,SL.UEM.TOTL.ZS,"Unemployment, total (% of total labor force) (modeled ILO estimate)",1993,11.778,,1
PYF,French Polynesia,SL.UEM.TOTL.ZS,"Unemployment, total (% of total labor force) (modeled ILO estimate)",1992,11.724,,1
PYF,French Polynesia,SL.UEM.TOTL.ZS,"Unemployment, total (% of total labor force) (modeled ILO estimate)",1991,11.591,,1
GAB,Gabon,SL.UEM.TOTL.ZS,"Unemployment, total (% of total labor force) (modeled ILO estimate)",2024,20.091,,1
GAB,Gabon,SL.UEM.TOTL.ZS,"Unemployment, total (% of total labor force) (modeled ILO estimate)",2023,20.161,,1
GAB,Gabon,SL.UEM.TOTL.ZS,"Unemployment, total (% of total labor force) (modeled ILO estimate)",2022,20.319,,1
GAB,Gabon,SL.UEM.TOTL.ZS,"Unemployment, total (% of total labor force) (modeled ILO estimate)",2021,21.223,,1
GAB,Gabon,SL.UEM.TOTL.ZS,"Unemployment, total (% of total labor force) (modeled ILO estimate)",2020,21.279,,1
GAB,Gabon,SL.UEM.TOTL.ZS,"Unemployment, total (% of total labor force) (modeled ILO estimate)",2019,20.371,,1
GAB,Gabon,SL.UEM.TOTL.ZS,"Unemployment, total (% of total labor force) (modeled ILO estimate)",2018,20.459,,1
GAB,Gabon,SL.UEM.TOTL.ZS,"Unemployment, total (% of total labor force) (modeled ILO estimate)",2017,20.307,,1
GAB,Gabon,SL.UEM.TOTL.ZS,"Unemployment, total (% of total labor force) (modeled ILO estimate)",2016,20.117,,1
GAB,Gabon,SL.UEM.TOTL.ZS,"Unemployment, total (% of total labor force) (modeled ILO estimate)",2015,19.943,,1
GAB,Gabon,SL.UEM.TOTL.ZS,"Unemployment, total (% of total labor force) (modeled ILO estimate)",2014,19.873,,1
GAB,Gabon,SL.UEM.TOTL.ZS,"Unemployment, total (% of total labor force) (modeled ILO estimate)",2013,19.736,,1
GAB,Gabon,SL.UEM.TOTL.ZS,"Unemployment, total (% of total labor force) (modeled ILO estimate)",2012,19.661,,1
GAB,Gabon,SL.UEM.TOTL.ZS,"Unemployment, total (% of total labor force) (modeled ILO estimate)",2011,19.895,,1
GAB,Gabon,SL.UEM.TOTL.ZS,"Unemployment, total (% of total labor force) (modeled ILO estimate)",2010,20.39,,1
GAB,Gabon,SL.UEM.TOTL.ZS,"Unemployment, total (% of total labor force) (modeled ILO estimate)",2009,19.76,,1
GAB,Gabon,SL.UEM.TOTL.ZS,"Unemployment, total (% of total labor force) (modeled ILO estimate)",2008,19.212,,1
GAB,Gabon,SL.UEM.TOTL.ZS,"Unemployment, total (% of total labor force) (modeled ILO estimate)",2007,18.257,,1
GAB,Gabon,SL.UEM.TOTL.ZS,"Unemployment, total (% of total labor force) (modeled ILO estimate)",2006,17.805,,1
GAB,Gabon,SL.UEM.TOTL.ZS,"Unemployment, total (% of total labor force) (modeled ILO estimate)",2005,16.91,,1
GAB,Gabon,SL.UEM.TOTL.ZS,"Unemployment, total (% of total labor force) (modeled ILO estimate)",2004,17.108,,1
GAB,Gabon,SL.UEM.TOTL.ZS,"Unemployment, total (% of total labor force) (modeled ILO estimate)",2003,17.126,,1
GAB,Gabon,SL.UEM.TOTL.ZS,"Unemployment, total (% of total labor force) (modeled ILO estimate)",2002,17.376,,1
GAB,Gabon,SL.UEM.TOTL.ZS,"Unemployment, total (% of total labor force) (modeled ILO estimate)",2001,17.827,,1
GAB,Gabon,SL.UEM.TOTL.ZS,"Unemployment, total (% of total labor force) (modeled ILO estimate)",2000,17.848,,1
GAB,Gabon,SL.UEM.TOTL.ZS,"Unemployment, total (% of total labor force) (modeled ILO estimate)",1999,17.599,,1
GAB,Gabon,SL.UEM.TOTL.ZS,"Unemployment, total (% of total labor force) (modeled ILO estimate)",1998,17.152,,1
GAB,Gabon,SL.UEM.TOTL.ZS,"Unemployment, total (% of total labor force) (modeled ILO estimate)",1997,17.166,,1
GAB,Gabon,SL.UEM.TOTL.ZS,"Unemployment, total (% of total labor force) (modeled ILO estimate)",1996,17.325,,1
GAB,Gabon,SL.UEM.TOTL.ZS,"Unemployment, total (% of total labor force) (modeled ILO estimate)",1995,17.388,,1
GAB,Gabon,SL.UEM.TOTL.ZS,"Unemployment, total (% of total labor force) (modeled ILO estimate)",1994,17.804,,1
GAB,Gabon,SL.UEM.TOTL.ZS,"Unemployment, total (% of total labor force) (modeled ILO estimate)",1993,17.78,,1
GAB,Gabon,SL.UEM.TOTL.ZS,"Unemployment, total (% of total labor force) (modeled ILO estimate)",1992,17.716,,1
GAB,Gabon,SL.UEM.TOTL.ZS,"Unemployment, total (% of total labor force) (modeled ILO estimate)",1991,17.224,,1
GMB,"Gambia, The",SL.UEM.TOTL.ZS,"Unemployment, total (% of total labor force) (modeled ILO estimate)",2024,6.48,,1
GMB,"Gambia, The",SL.UEM.TOTL.ZS,"Unemployment, total (% of total labor force) (modeled ILO estimate)",2023,6.479,,1
GMB,"Gambia, The",SL.UEM.TOTL.ZS,"Unemployment, total (% of total labor force) (modeled ILO estimate)",2022,6.067,,1
GMB,"Gambia, The",SL.UEM.TOTL.ZS,"Unemployment, total (% of total labor force) (modeled ILO estimate)",2021,6.213,,1
GMB,"Gambia, The",SL.UEM.TOTL.ZS,"Unemployment, total (% of total labor force) (modeled ILO estimate)",2020,5.84,,1
GMB,"Gambia, The",SL.UEM.TOTL.ZS,"Unemployment, total (% of total labor force) (modeled ILO estimate)",2019,4.481,,1
GMB,"Gambia, The",SL.UEM.TOTL.ZS,"Unemployment, total (% of total labor force) (modeled ILO estimate)",2018,4.055,,1
GMB,"Gambia, The",SL.UEM.TOTL.ZS,"Unemployment, total (% of total labor force) (modeled ILO estimate)",2017,5.097,,1
GMB,"Gambia, The",SL.UEM.TOTL.ZS,"Unemployment, total (% of total labor force) (modeled ILO estimate)",2016,6.244,,1
GMB,"Gambia, The",SL.UEM.TOTL.ZS,"Unemployment, total (% of total labor force) (modeled ILO estimate)",2015,7.226,,1
GMB,"Gambia, The",SL.UEM.TOTL.ZS,"Unemployment, total (% of total labor force) (modeled ILO estimate)",2014,8.191,,1
GMB,"Gambia, The",SL.UEM.TOTL.ZS,"Unemployment, total (% of total labor force) (modeled ILO estimate)",2013,9.454,,1
GMB,"Gambia, The",SL.UEM.TOTL.ZS,"Unemployment, total (% of total labor force) (modeled ILO estimate)",2012,10.346,,1
GMB,"Gambia, The",SL.UEM.TOTL.ZS,"Unemployment, total (% of total labor force) (modeled ILO estimate)",2011,10.276,,1
GMB,"Gambia, The",SL.UEM.TOTL.ZS,"Unemployment, total (% of total labor force) (modeled ILO estimate)",2010,9.673,,1
GMB,"Gambia, The",SL.UEM.TOTL.ZS,"Unemployment, total (% of total labor force) (modeled ILO estimate)",2009,9.778,,1
GMB,"Gambia, The",SL.UEM.TOTL.ZS,"Unemployment, total (% of total labor force) (modeled ILO estimate)",2008,10.065,,1
GMB,"Gambia, The",SL.UEM.TOTL.ZS,"Unemployment, total (% of total labor force) (modeled ILO estimate)",2007,10.425,,1
GMB,"Gambia, The",SL.UEM.TOTL.ZS,"Unemployment, total (% of total labor force) (modeled ILO estimate)",2006,10.241,,1
GMB,"Gambia, The",SL.UEM.TOTL.ZS,"Unemployment, total (% of total labor force) (modeled ILO estimate)",2005,9.92,,1
GMB,"Gambia, The",SL.UEM.TOTL.ZS,"Unemployment, total (% of total labor force) (modeled ILO estimate)",2004,9.948,,1
GMB,"Gambia, The",SL.UEM.TOTL.ZS,"Unemployment, total (% of total labor force) (modeled ILO estimate)",2003,9.991,,1
GMB,"Gambia, The",SL.UEM.TOTL.ZS,"Unemployment, total (% of total labor force) (modeled ILO estimate)",2002,10.039,,1
GMB,"Gambia, The",SL.UEM.TOTL.ZS,"Unemployment, total (% of total labor force) (modeled ILO estimate)",2001,9.64,,1
GMB,"Gambia, The",SL.UEM.TOTL.ZS,"Unemployment, total (% of total labor force) (modeled ILO estimate)",2000,9.722,,1
GMB,"Gambia, The",SL.UEM.TOTL.ZS,"Unemployment, total (% of total labor force) (modeled ILO estimate)",1999,9.737,,1
GMB,"Gambia, The",SL.UEM.TOTL.ZS,"Unemployment, total (% of total labor force) (modeled ILO estimate)",1998,9.898,,1
GMB,"Gambia, The",SL.UEM.TOTL.ZS,"Unemployment, total (% of total labor force) (modeled ILO estimate)",1997,9.999,,1
GMB,"Gambia, The",SL.UEM.TOTL.ZS,"Unemployment, total (% of total labor force) (modeled ILO estimate)",1996,10.192,,1
GMB,"Gambia, The",SL.UEM.TOTL.ZS,"Unemployment, total (% of total labor force) (modeled ILO estimate)",1995,10.153,,1
GMB,"Gambia, The",SL.UEM.TOTL.ZS,"Unemployment, total (% of total labor force) (modeled ILO estimate)",1994,10.044,,1
GMB,"Gambia, The",SL.UEM.TOTL.ZS,"Unemployment, total (% of total labor force) (modeled ILO estimate)",1993,9.917,,1
GMB,"Gambia, The",SL.UEM.TOTL.ZS,"Unemployment, total (% of total labor force) (modeled ILO estimate)",1992,9.888,,1
GMB,"Gambia, The",SL.UEM.TOTL.ZS,"Unemployment, total (% of total labor force) (modeled ILO estimate)",1991,9.778,,1
GEO,Georgia,SL.UEM.TOTL.ZS,"Unemployment, total (% of total labor force) (modeled ILO estimate)",2024,11.557,,1
GEO,Georgia,SL.UEM.TOTL.ZS,"Unemployment, total (% of total labor force) (modeled ILO estimate)",2023,11.549,,1
GEO,Georgia,SL.UEM.TOTL.ZS,"Unemployment, total (% of total labor force) (modeled ILO estimate)",2022,11.621,,1
GEO,Georgia,SL.UEM.TOTL.ZS,"Unemployment, total (% of total labor force) (modeled ILO estimate)",2021,11.785,,1
GEO,Georgia,SL.UEM.TOTL.ZS,"Unemployment, total (% of total labor force) (modeled ILO estimate)",2020,11.734,,1
GEO,Georgia,SL.UEM.TOTL.ZS,"Unemployment, total (% of total labor force) (modeled ILO estimate)",2019,11.565,,1
GEO,Georgia,SL.UEM.TOTL.ZS,"Unemployment, total (% of total labor force) (modeled ILO estimate)",2018,12.667,,1
GEO,Georgia,SL.UEM.TOTL.ZS,"Unemployment, total (% of total labor force) (modeled ILO estimate)",2017,13.939,,1
GEO,Georgia,SL.UEM.TOTL.ZS,"Unemployment, total (% of total labor force) (modeled ILO estimate)",2016,16.604,,1
GEO,Georgia,SL.UEM.TOTL.ZS,"Unemployment, total (% of total labor force) (modeled ILO estimate)",2015,16.506,,1
GEO,Georgia,SL.UEM.TOTL.ZS,"Unemployment, total (% of total labor force) (modeled ILO estimate)",2014,17.439,,1
GEO,Georgia,SL.UEM.TOTL.ZS,"Unemployment, total (% of total labor force) (modeled ILO estimate)",2013,19.416,,1
GEO,Georgia,SL.UEM.TOTL.ZS,"Unemployment, total (% of total labor force) (modeled ILO estimate)",2012,19.653,,1
GEO,Georgia,SL.UEM.TOTL.ZS,"Unemployment, total (% of total labor force) (modeled ILO estimate)",2011,19.632,,1
GEO,Georgia,SL.UEM.TOTL.ZS,"Unemployment, total (% of total labor force) (modeled ILO estimate)",2010,20.203,,1
GEO,Georgia,SL.UEM.TOTL.ZS,"Unemployment, total (% of total labor force) (modeled ILO estimate)",2009,20.71,,1
GEO,Georgia,SL.UEM.TOTL.ZS,"Unemployment, total (% of total labor force) (modeled ILO estimate)",2008,17.87,,1
GEO,Georgia,SL.UEM.TOTL.ZS,"Unemployment, total (% of total labor force) (modeled ILO estimate)",2007,13.28,,1
GEO,Georgia,SL.UEM.TOTL.ZS,"Unemployment, total (% of total labor force) (modeled ILO estimate)",2006,13.57,,1
GEO,Georgia,SL.UEM.TOTL.ZS,"Unemployment, total (% of total labor force) (modeled ILO estimate)",2005,13.81,,1
GEO,Georgia,SL.UEM.TOTL.ZS,"Unemployment, total (% of total labor force) (modeled ILO estimate)",2004,12.62,,1
GEO,Georgia,SL.UEM.TOTL.ZS,"Unemployment, total (% of total labor force) (modeled ILO estimate)",2003,11.51,,1
GEO,Georgia,SL.UEM.TOTL.ZS,"Unemployment, total (% of total labor force) (modeled ILO estimate)",2002,12.59,,1
GEO,Georgia,SL.UEM.TOTL.ZS,"Unemployment, total (% of total labor force) (modeled ILO estimate)",2001,11.16,,1
GEO,Georgia,SL.UEM.TOTL.ZS,"Unemployment, total (% of total labor force) (modeled ILO estimate)",2000,10.82,,1
GEO,Georgia,SL.UEM.TOTL.ZS,"Unemployment, total (% of total labor force) (modeled ILO estimate)",1999,13.8,,1
GEO,Georgia,SL.UEM.TOTL.ZS,"Unemployment, total (% of total labor force) (modeled ILO estimate)",1998,14.53,,1
GEO,Georgia,SL.UEM.TOTL.ZS,"Unemployment, total (% of total labor force) (modeled ILO estimate)",1997,11.5,,1
GEO,Georgia,SL.UEM.TOTL.ZS,"Unemployment, total (% of total labor force) (modeled ILO estimate)",1996,11.5,,1
GEO,Georgia,SL.UEM.TOTL.ZS,"Unemployment, total (% of total labor force) (modeled ILO estimate)",1995,7.6,,1
GEO,Georgia,SL.UEM.TOTL.ZS,"Unemployment, total (% of total labor force) (modeled ILO estimate)",1994,8.4,,1
GEO,Georgia,SL.UEM.TOTL.ZS,"Unemployment, total (% of total labor force) (modeled ILO estimate)",1993,5.4,,1
GEO,Georgia,SL.UEM.TOTL.ZS,"Unemployment, total (% of total labor force) (modeled ILO estimate)",1992,5.4,,1
GEO,Georgia,SL.UEM.TOTL.ZS,"Unemployment, total (% of total labor force) (modeled ILO estimate)",1991,2.7,,1
DEU,Germany,SL.UEM.TOTL.ZS,"Unemployment, total (% of total labor force) (modeled ILO estimate)",2024,3.4,,1
DEU,Germany,SL.UEM.TOTL.ZS,"Unemployment, total (% of total labor force) (modeled ILO estimate)",2023,3.071,,1
DEU,Germany,SL.UEM.TOTL.ZS,"Unemployment, total (% of total labor force) (modeled ILO estimate)",2022,3.137,,1
DEU,Germany,SL.UEM.TOTL.ZS,"Unemployment, total (% of total labor force) (modeled ILO estimate)",2021,3.594,,1
DEU,Germany,SL.UEM.TOTL.ZS,"Unemployment, total (% of total labor force) (modeled ILO estimate)",2020,3.881,,1
DEU,Germany,SL.UEM.TOTL.ZS,"Unemployment, total (% of total labor force) (modeled ILO estimate)",2019,3.163,,1
DEU,Germany,SL.UEM.TOTL.ZS,"Unemployment, total (% of total labor force) (modeled ILO estimate)",2018,3.384,,1
DEU,Germany,SL.UEM.TOTL.ZS,"Unemployment, total (% of total labor force) (modeled ILO estimate)",2017,3.781,,1
DEU,Germany,SL.UEM.TOTL.ZS,"Unemployment, total (% of total labor force) (modeled ILO estimate)",2016,4.104,,1
DEU,Germany,SL.UEM.TOTL.ZS,"Unemployment, total (% of total labor force) (modeled ILO estimate)",2015,4.612,,1
DEU,Germany,SL.UEM.TOTL.ZS,"Unemployment, total (% of total labor force) (modeled ILO estimate)",2014,4.979,,1
DEU,Germany,SL.UEM.TOTL.ZS,"Unemployment, total (% of total labor force) (modeled ILO estimate)",2013,5.316,,1
DEU,Germany,SL.UEM.TOTL.ZS,"Unemployment, total (% of total labor force) (modeled ILO estimate)",2012,5.372,,1
DEU,Germany,SL.UEM.TOTL.ZS,"Unemployment, total (% of total labor force) (modeled ILO estimate)",2011,5.967,,1
DEU,Germany,SL.UEM.TOTL.ZS,"Unemployment, total (% of total labor force) (modeled ILO estimate)",2010,7.043,,1
DEU,Germany,SL.UEM.TOTL.ZS,"Unemployment, total (% of total labor force) (modeled ILO estimate)",2009,7.88,,1
DEU,Germany,SL.UEM.TOTL.ZS,"Unemployment, total (% of total labor force) (modeled ILO estimate)",2008,7.508,,1
DEU,Germany,SL.UEM.TOTL.ZS,"Unemployment, total (% of total labor force) (modeled ILO estimate)",2007,8.732,,1
DEU,Germany,SL.UEM.TOTL.ZS,"Unemployment, total (% of total labor force) (modeled ILO estimate)",2006,10.277,,1
DEU,Germany,SL.UEM.TOTL.ZS,"Unemployment, total (% of total labor force) (modeled ILO estimate)",2005,11.193,,1
DEU,Germany,SL.UEM.TOTL.ZS,"Unemployment, total (% of total labor force) (modeled ILO estimate)",2004,10.727,,1
DEU,Germany,SL.UEM.TOTL.ZS,"Unemployment, total (% of total labor force) (modeled ILO estimate)",2003,9.779,,1
DEU,Germany,SL.UEM.TOTL.ZS,"Unemployment, total (% of total labor force) (modeled ILO estimate)",2002,8.482,,1
DEU,Germany,SL.UEM.TOTL.ZS,"Unemployment, total (% of total labor force) (modeled ILO estimate)",2001,7.773,,1
DEU,Germany,SL.UEM.TOTL.ZS,"Unemployment, total (% of total labor force) (modeled ILO estimate)",2000,7.917,,1
DEU,Germany,SL.UEM.TOTL.ZS,"Unemployment, total (% of total labor force) (modeled ILO estimate)",1999,8.854,,1
DEU,Germany,SL.UEM.TOTL.ZS,"Unemployment, total (% of total labor force) (modeled ILO estimate)",1998,9.787,,1
DEU,Germany,SL.UEM.TOTL.ZS,"Unemployment, total (% of total labor force) (modeled ILO estimate)",1997,9.861,,1
DEU,Germany,SL.UEM.TOTL.ZS,"Unemployment, total (% of total labor force) (modeled ILO estimate)",1996,8.822,,1
DEU,Germany,SL.UEM.TOTL.ZS,"Unemployment, total (% of total labor force) (modeled ILO estimate)",1995,8.158,,1
DEU,Germany,SL.UEM.TOTL.ZS,"Unemployment, total (% of total labor force) (modeled ILO estimate)",1994,8.727,,1
DEU,Germany,SL.UEM.TOTL.ZS,"Unemployment, total (% of total labor force) (modeled ILO estimate)",1993,7.675,,1
DEU,Germany,SL.UEM.TOTL.ZS,"Unemployment, total (% of total labor force) (modeled ILO estimate)",1992,6.323,,1
DEU,Germany,SL.UEM.TOTL.ZS,"Unemployment, total (% of total labor force) (modeled ILO estimate)",1991,5.316,,1
GHA,Ghana,SL.UEM.TOTL.ZS,"Unemployment, total (% of total labor force) (modeled ILO estimate)",2024,2.82,,1
GHA,Ghana,SL.UEM.TOTL.ZS,"Unemployment, total (% of total labor force) (modeled ILO estimate)",2023,2.829,,1
GHA,Ghana,SL.UEM.TOTL.ZS,"Unemployment, total (% of total labor force) (modeled ILO estimate)",2022,2.87,,1
GHA,Ghana,SL.UEM.TOTL.ZS,"Unemployment, total (% of total labor force) (modeled ILO estimate)",2021,3.2,,1
GHA,Ghana,SL.UEM.TOTL.ZS,"Unemployment, total (% of total labor force) (modeled ILO estimate)",2020,3.178,,1
GHA,Ghana,SL.UEM.TOTL.ZS,"Unemployment, total (% of total labor force) (modeled ILO estimate)",2019,3.067,,1
GHA,Ghana,SL.UEM.TOTL.ZS,"Unemployment, total (% of total labor force) (modeled ILO estimate)",2018,3.204,,1
GHA,Ghana,SL.UEM.TOTL.ZS,"Unemployment, total (% of total labor force) (modeled ILO estimate)",2017,3.369,,1
GHA,Ghana,SL.UEM.TOTL.ZS,"Unemployment, total (% of total labor force) (modeled ILO estimate)",2016,5.256,,1
GHA,Ghana,SL.UEM.TOTL.ZS,"Unemployment, total (% of total labor force) (modeled ILO estimate)",2015,6.806,,1
GHA,Ghana,SL.UEM.TOTL.ZS,"Unemployment, total (% of total labor force) (modeled ILO estimate)",2014,4.403,,1
GHA,Ghana,SL.UEM.TOTL.ZS,"Unemployment, total (% of total labor force) (modeled ILO estimate)",2013,2.173,,1
GHA,Ghana,SL.UEM.TOTL.ZS,"Unemployment, total (% of total labor force) (modeled ILO estimate)",2012,3.126,,1
GHA,Ghana,SL.UEM.TOTL.ZS,"Unemployment, total (% of total labor force) (modeled ILO estimate)",2011,4.213,,1
GHA,Ghana,SL.UEM.TOTL.ZS,"Unemployment, total (% of total labor force) (modeled ILO estimate)",2010,5.384,,1
GHA,Ghana,SL.UEM.TOTL.ZS,"Unemployment, total (% of total labor force) (modeled ILO estimate)",2009,5.362,,1
GHA,Ghana,SL.UEM.TOTL.ZS,"Unemployment, total (% of total labor force) (modeled ILO estimate)",2008,5.144,,1
GHA,Ghana,SL.UEM.TOTL.ZS,"Unemployment, total (% of total labor force) (modeled ILO estimate)",2007,5.104,,1
GHA,Ghana,SL.UEM.TOTL.ZS,"Unemployment, total (% of total labor force) (modeled ILO estimate)",2006,4.897,,1
GHA,Ghana,SL.UEM.TOTL.ZS,"Unemployment, total (% of total labor force) (modeled ILO estimate)",2005,5.816,,1
GHA,Ghana,SL.UEM.TOTL.ZS,"Unemployment, total (% of total labor force) (modeled ILO estimate)",2004,6.758,,1
GHA,Ghana,SL.UEM.TOTL.ZS,"Unemployment, total (% of total labor force) (modeled ILO estimate)",2003,7.728,,1
GHA,Ghana,SL.UEM.TOTL.ZS,"Unemployment, total (% of total labor force) (modeled ILO estimate)",2002,8.711,,1
GHA,Ghana,SL.UEM.TOTL.ZS,"Unemployment, total (% of total labor force) (modeled ILO estimate)",2001,9.615,,1
GHA,Ghana,SL.UEM.TOTL.ZS,"Unemployment, total (% of total labor force) (modeled ILO estimate)",2000,10.456,,1
GHA,Ghana,SL.UEM.TOTL.ZS,"Unemployment, total (% of total labor force) (modeled ILO estimate)",1999,10.1,,1
GHA,Ghana,SL.UEM.TOTL.ZS,"Unemployment, total (% of total labor force) (modeled ILO estimate)",1998,8.2,,1
GHA,Ghana,SL.UEM.TOTL.ZS,"Unemployment, total (% of total labor force) (modeled ILO estimate)",1997,7.639,,1
GHA,Ghana,SL.UEM.TOTL.ZS,"Unemployment, total (% of total labor force) (modeled ILO estimate)",1996,7.091,,1
GHA,Ghana,SL.UEM.TOTL.ZS,"Unemployment, total (% of total labor force) (modeled ILO estimate)",1995,6.484,,1
GHA,Ghana,SL.UEM.TOTL.ZS,"Unemployment, total (% of total labor force) (modeled ILO estimate)",1994,5.9,,1
GHA,Ghana,SL.UEM.TOTL.ZS,"Unemployment, total (% of total labor force) (modeled ILO estimate)",1993,5.231,,1
GHA,Ghana,SL.UEM.TOTL.ZS,"Unemployment, total (% of total labor force) (modeled ILO estimate)",1992,4.7,,1
GHA,Ghana,SL.UEM.TOTL.ZS,"Unemployment, total (% of total labor force) (modeled ILO estimate)",1991,3.489,,1
GRC,Greece,SL.UEM.TOTL.ZS,"Unemployment, total (% of total labor force) (modeled ILO estimate)",2024,10.02,,1
GRC,Greece,SL.UEM.TOTL.ZS,"Unemployment, total (% of total labor force) (modeled ILO estimate)",2023,11.023,,1
GRC,Greece,SL.UEM.TOTL.ZS,"Unemployment, total (% of total labor force) (modeled ILO estimate)",2022,12.426,,1
GRC,Greece,SL.UEM.TOTL.ZS,"Unemployment, total (% of total labor force) (modeled ILO estimate)",2021,14.656,,1
GRC,Greece,SL.UEM.TOTL.ZS,"Unemployment, total (% of total labor force) (modeled ILO estimate)",2020,15.899,,1
GRC,Greece,SL.UEM.TOTL.ZS,"Unemployment, total (% of total labor force) (modeled ILO estimate)",2019,17.045,,1
GRC,Greece,SL.UEM.TOTL.ZS,"Unemployment, total (% of total labor force) (modeled ILO estimate)",2018,19.179,,1
GRC,Greece,SL.UEM.TOTL.ZS,"Unemployment, total (% of total labor force) (modeled ILO estimate)",2017,21.413,,1
GRC,Greece,SL.UEM.TOTL.ZS,"Unemployment, total (% of total labor force) (modeled ILO estimate)",2016,23.514,,1
GRC,Greece,SL.UEM.TOTL.ZS,"Unemployment, total (% of total labor force) (modeled ILO estimate)",2015,24.981,,1
GRC,Greece,SL.UEM.TOTL.ZS,"Unemployment, total (% of total labor force) (modeled ILO estimate)",2014,26.708,,1
GRC,Greece,SL.UEM.TOTL.ZS,"Unemployment, total (% of total labor force) (modeled ILO estimate)",2013,27.686,,1
GRC,Greece,SL.UEM.TOTL.ZS,"Unemployment, total (% of total labor force) (modeled ILO estimate)",2012,24.731,,1
GRC,Greece,SL.UEM.TOTL.ZS,"Unemployment, total (% of total labor force) (modeled ILO estimate)",2011,17.973,,1
GRC,Greece,SL.UEM.TOTL.ZS,"Unemployment, total (% of total labor force) (modeled ILO estimate)",2010,12.719,,1
GRC,Greece,SL.UEM.TOTL.ZS,"Unemployment, total (% of total labor force) (modeled ILO estimate)",2009,9.546,,1
GRC,Greece,SL.UEM.TOTL.ZS,"Unemployment, total (% of total labor force) (modeled ILO estimate)",2008,7.664,,1
GRC,Greece,SL.UEM.TOTL.ZS,"Unemployment, total (% of total labor force) (modeled ILO estimate)",2007,8.351,,1
GRC,Greece,SL.UEM.TOTL.ZS,"Unemployment, total (% of total labor force) (modeled ILO estimate)",2006,8.906,,1
GRC,Greece,SL.UEM.TOTL.ZS,"Unemployment, total (% of total labor force) (modeled ILO estimate)",2005,10.074,,1
GRC,Greece,SL.UEM.TOTL.ZS,"Unemployment, total (% of total labor force) (modeled ILO estimate)",2004,10.628,,1
GRC,Greece,SL.UEM.TOTL.ZS,"Unemployment, total (% of total labor force) (modeled ILO estimate)",2003,9.839,,1
GRC,Greece,SL.UEM.TOTL.ZS,"Unemployment, total (% of total labor force) (modeled ILO estimate)",2002,10.346,,1
GRC,Greece,SL.UEM.TOTL.ZS,"Unemployment, total (% of total labor force) (modeled ILO estimate)",2001,10.764,,1
GRC,Greece,SL.UEM.TOTL.ZS,"Unemployment, total (% of total labor force) (modeled ILO estimate)",2000,11.345,,1
GRC,Greece,SL.UEM.TOTL.ZS,"Unemployment, total (% of total labor force) (modeled ILO estimate)",1999,12.138,,1
GRC,Greece,SL.UEM.TOTL.ZS,"Unemployment, total (% of total labor force) (modeled ILO estimate)",1998,12.227,,1
GRC,Greece,SL.UEM.TOTL.ZS,"Unemployment, total (% of total labor force) (modeled ILO estimate)",1997,10.472,,1
GRC,Greece,SL.UEM.TOTL.ZS,"Unemployment, total (% of total labor force) (modeled ILO estimate)",1996,10.402,,1
GRC,Greece,SL.UEM.TOTL.ZS,"Unemployment, total (% of total labor force) (modeled ILO estimate)",1995,10.116,,1
GRC,Greece,SL.UEM.TOTL.ZS,"Unemployment, total (% of total labor force) (modeled ILO estimate)",1994,9.808,,1
GRC,Greece,SL.UEM.TOTL.ZS,"Unemployment, total (% of total labor force) (modeled ILO estimate)",1993,10.177,,1
GRC,Greece,SL.UEM.TOTL.ZS,"Unemployment, total (% of total labor force) (modeled ILO estimate)",1992,8.927,,1
GRC,Greece,SL.UEM.TOTL.ZS,"Unemployment, total (% of total labor force) (modeled ILO estimate)",1991,7.572,,1
GUM,Guam,SL.UEM.TOTL.ZS,"Unemployment, total (% of total labor force) (modeled ILO estimate)",2024,5.252,,1
GUM,Guam,SL.UEM.TOTL.ZS,"Unemployment, total (% of total labor force) (modeled ILO estimate)",2023,5.262,,1
GUM,Guam,SL.UEM.TOTL.ZS,"Unemployment, total (% of total labor force) (modeled ILO estimate)",2022,5.383,,1
GUM,Guam,SL.UEM.TOTL.ZS,"Unemployment, total (% of total labor force) (modeled ILO estimate)",2021,6,,1
GUM,Guam,SL.UEM.TOTL.ZS,"Unemployment, total (% of total labor force) (modeled ILO estimate)",2020,6.241,,1
GUM,Guam,SL.UEM.TOTL.ZS,"Unemployment, total (% of total labor force) (modeled ILO estimate)",2019,5.405,,1
GUM,Guam,SL.UEM.TOTL.ZS,"Unemployment, total (% of total labor force) (modeled ILO estimate)",2018,5.45,,1
GUM,Guam,SL.UEM.TOTL.ZS,"Unemployment, total (% of total labor force) (modeled ILO estimate)",2017,5.418,,1
GUM,Guam,SL.UEM.TOTL.ZS,"Unemployment, total (% of total labor force) (modeled ILO estimate)",2016,5.4,,1
GUM,Guam,SL.UEM.TOTL.ZS,"Unemployment, total (% of total labor force) (modeled ILO estimate)",2015,6.9,,1
GUM,Guam,SL.UEM.TOTL.ZS,"Unemployment, total (% of total labor force) (modeled ILO estimate)",2014,7.6,,1
GUM,Guam,SL.UEM.TOTL.ZS,"Unemployment, total (% of total labor force) (modeled ILO estimate)",2013,11.5,,1
GUM,Guam,SL.UEM.TOTL.ZS,"Unemployment, total (% of total labor force) (modeled ILO estimate)",2012,12.2,,1
GUM,Guam,SL.UEM.TOTL.ZS,"Unemployment, total (% of total labor force) (modeled ILO estimate)",2011,13.3,,1
GUM,Guam,SL.UEM.TOTL.ZS,"Unemployment, total (% of total labor force) (modeled ILO estimate)",2010,8.2,,1
GUM,Guam,SL.UEM.TOTL.ZS,"Unemployment, total (% of total labor force) (modeled ILO estimate)",2009,9.3,,1
GUM,Guam,SL.UEM.TOTL.ZS,"Unemployment, total (% of total labor force) (modeled ILO estimate)",2008,8.892,,1
GUM,Guam,SL.UEM.TOTL.ZS,"Unemployment, total (% of total labor force) (modeled ILO estimate)",2007,8.3,,1
GUM,Guam,SL.UEM.TOTL.ZS,"Unemployment, total (% of total labor force) (modeled ILO estimate)",2006,7.4,,1
GUM,Guam,SL.UEM.TOTL.ZS,"Unemployment, total (% of total labor force) (modeled ILO estimate)",2005,7,,1
GUM,Guam,SL.UEM.TOTL.ZS,"Unemployment, total (% of total labor force) (modeled ILO estimate)",2004,7.7,,1
GUM,Guam,SL.UEM.TOTL.ZS,"Unemployment, total (% of total labor force) (modeled ILO estimate)",2003,9.693,,1
GUM,Guam,SL.UEM.TOTL.ZS,"Unemployment, total (% of total labor force) (modeled ILO estimate)",2002,11.39,,1
GUM,Guam,SL.UEM.TOTL.ZS,"Unemployment, total (% of total labor force) (modeled ILO estimate)",2001,13.213,,1
GUM,Guam,SL.UEM.TOTL.ZS,"Unemployment, total (% of total labor force) (modeled ILO estimate)",2000,15.32,,1
GUM,Guam,SL.UEM.TOTL.ZS,"Unemployment, total (% of total labor force) (modeled ILO estimate)",1999,13.95,,1
GUM,Guam,SL.UEM.TOTL.ZS,"Unemployment, total (% of total labor force) (modeled ILO estimate)",1998,7.74,,1
GUM,Guam,SL.UEM.TOTL.ZS,"Unemployment, total (% of total labor force) (modeled ILO estimate)",1997,9.67,,1
GUM,Guam,SL.UEM.TOTL.ZS,"Unemployment, total (% of total labor force) (modeled ILO estimate)",1996,8.283,,1
GUM,Guam,SL.UEM.TOTL.ZS,"Unemployment, total (% of total labor force) (modeled ILO estimate)",1995,7.9,,1
GUM,Guam,SL.UEM.TOTL.ZS,"Unemployment, total (% of total labor force) (modeled ILO estimate)",1994,7.6,,1
GUM,Guam,SL.UEM.TOTL.ZS,"Unemployment, total (% of total labor force) (modeled ILO estimate)",1993,5.527,,1
GUM,Guam,SL.UEM.TOTL.ZS,"Unemployment, total (% of total labor force) (modeled ILO estimate)",1992,3.837,,1
GUM,Guam,SL.UEM.TOTL.ZS,"Unemployment, total (% of total labor force) (modeled ILO estimate)",1991,3.509,,1
GTM,Guatemala,SL.UEM.TOTL.ZS,"Unemployment, total (% of total labor force) (modeled ILO estimate)",2024,2.613,,1
GTM,Guatemala,SL.UEM.TOTL.ZS,"Unemployment, total (% of total labor force) (modeled ILO estimate)",2023,2.344,,1
GTM,Guatemala,SL.UEM.TOTL.ZS,"Unemployment, total (% of total labor force) (modeled ILO estimate)",2022,3.051,,1
GTM,Guatemala,SL.UEM.TOTL.ZS,"Unemployment, total (% of total labor force) (modeled ILO estimate)",2021,2.174,,1
GTM,Guatemala,SL.UEM.TOTL.ZS,"Unemployment, total (% of total labor force) (modeled ILO estimate)",2020,2.965,,1
GTM,Guatemala,SL.UEM.TOTL.ZS,"Unemployment, total (% of total labor force) (modeled ILO estimate)",2019,2.193,,1
GTM,Guatemala,SL.UEM.TOTL.ZS,"Unemployment, total (% of total labor force) (modeled ILO estimate)",2018,2.283,,1
GTM,Guatemala,SL.UEM.TOTL.ZS,"Unemployment, total (% of total labor force) (modeled ILO estimate)",2017,2.462,,1
GTM,Guatemala,SL.UEM.TOTL.ZS,"Unemployment, total (% of total labor force) (modeled ILO estimate)",2016,2.583,,1
GTM,Guatemala,SL.UEM.TOTL.ZS,"Unemployment, total (% of total labor force) (modeled ILO estimate)",2015,2.506,,1
GTM,Guatemala,SL.UEM.TOTL.ZS,"Unemployment, total (% of total labor force) (modeled ILO estimate)",2014,2.717,,1
GTM,Guatemala,SL.UEM.TOTL.ZS,"Unemployment, total (% of total labor force) (modeled ILO estimate)",2013,3.017,,1
GTM,Guatemala,SL.UEM.TOTL.ZS,"Unemployment, total (% of total labor force) (modeled ILO estimate)",2012,2.765,,1
GTM,Guatemala,SL.UEM.TOTL.ZS,"Unemployment, total (% of total labor force) (modeled ILO estimate)",2011,3.169,,1
GTM,Guatemala,SL.UEM.TOTL.ZS,"Unemployment, total (% of total labor force) (modeled ILO estimate)",2010,3.497,,1
GTM,Guatemala,SL.UEM.TOTL.ZS,"Unemployment, total (% of total labor force) (modeled ILO estimate)",2009,3.22,,1
GTM,Guatemala,SL.UEM.TOTL.ZS,"Unemployment, total (% of total labor force) (modeled ILO estimate)",2008,2.898,,1
GTM,Guatemala,SL.UEM.TOTL.ZS,"Unemployment, total (% of total labor force) (modeled ILO estimate)",2007,2.847,,1
GTM,Guatemala,SL.UEM.TOTL.ZS,"Unemployment, total (% of total labor force) (modeled ILO estimate)",2006,2.96,,1
GTM,Guatemala,SL.UEM.TOTL.ZS,"Unemployment, total (% of total labor force) (modeled ILO estimate)",2005,3.059,,1
GTM,Guatemala,SL.UEM.TOTL.ZS,"Unemployment, total (% of total labor force) (modeled ILO estimate)",2004,2.971,,1
GTM,Guatemala,SL.UEM.TOTL.ZS,"Unemployment, total (% of total labor force) (modeled ILO estimate)",2003,2.807,,1
GTM,Guatemala,SL.UEM.TOTL.ZS,"Unemployment, total (% of total labor force) (modeled ILO estimate)",2002,2.254,,1
GTM,Guatemala,SL.UEM.TOTL.ZS,"Unemployment, total (% of total labor force) (modeled ILO estimate)",2001,2.251,,1
GTM,Guatemala,SL.UEM.TOTL.ZS,"Unemployment, total (% of total labor force) (modeled ILO estimate)",2000,2.143,,1
GTM,Guatemala,SL.UEM.TOTL.ZS,"Unemployment, total (% of total labor force) (modeled ILO estimate)",1999,2.113,,1
GTM,Guatemala,SL.UEM.TOTL.ZS,"Unemployment, total (% of total labor force) (modeled ILO estimate)",1998,2.145,,1
GTM,Guatemala,SL.UEM.TOTL.ZS,"Unemployment, total (% of total labor force) (modeled ILO estimate)",1997,2.145,,1
GTM,Guatemala,SL.UEM.TOTL.ZS,"Unemployment, total (% of total labor force) (modeled ILO estimate)",1996,2.156,,1
GTM,Guatemala,SL.UEM.TOTL.ZS,"Unemployment, total (% of total labor force) (modeled ILO estimate)",1995,2.117,,1
GTM,Guatemala,SL.UEM.TOTL.ZS,"Unemployment, total (% of total labor force) (modeled ILO estimate)",1994,2.12,,1
GTM,Guatemala,SL.UEM.TOTL.ZS,"Unemployment, total (% of total labor force) (modeled ILO estimate)",1993,2.133,,1
GTM,Guatemala,SL.UEM.TOTL.ZS,"Unemployment, total (% of total labor force) (modeled ILO estimate)",1992,2.163,,1
GTM,Guatemala,SL.UEM.TOTL.ZS,"Unemployment, total (% of total labor force) (modeled ILO estimate)",1991,2.197,,1
GIN,Guinea,SL.UEM.TOTL.ZS,"Unemployment, total (% of total labor force) (modeled ILO estimate)",2024,5.132,,1
GIN,Guinea,SL.UEM.TOTL.ZS,"Unemployment, total (% of total labor force) (modeled ILO estimate)",2023,5.141,,1
GIN,Guinea,SL.UEM.TOTL.ZS,"Unemployment, total (% of total labor force) (modeled ILO estimate)",2022,5.174,,1
GIN,Guinea,SL.UEM.TOTL.ZS,"Unemployment, total (% of total labor force) (modeled ILO estimate)",2021,5.815,,1
GIN,Guinea,SL.UEM.TOTL.ZS,"Unemployment, total (% of total labor force) (modeled ILO estimate)",2020,6.007,,1
GIN,Guinea,SL.UEM.TOTL.ZS,"Unemployment, total (% of total labor force) (modeled ILO estimate)",2019,5.018,,1
GIN,Guinea,SL.UEM.TOTL.ZS,"Unemployment, total (% of total labor force) (modeled ILO estimate)",2018,4.835,,1
GIN,Guinea,SL.UEM.TOTL.ZS,"Unemployment, total (% of total labor force) (modeled ILO estimate)",2017,4.86,,1
GIN,Guinea,SL.UEM.TOTL.ZS,"Unemployment, total (% of total labor force) (modeled ILO estimate)",2016,4.997,,1
GIN,Guinea,SL.UEM.TOTL.ZS,"Unemployment, total (% of total labor force) (modeled ILO estimate)",2015,5.15,,1
GIN,Guinea,SL.UEM.TOTL.ZS,"Unemployment, total (% of total labor force) (modeled ILO estimate)",2014,5.044,,1
GIN,Guinea,SL.UEM.TOTL.ZS,"Unemployment, total (% of total labor force) (modeled ILO estimate)",2013,4.944,,1
GIN,Guinea,SL.UEM.TOTL.ZS,"Unemployment, total (% of total labor force) (modeled ILO estimate)",2012,4.874,,1
GIN,Guinea,SL.UEM.TOTL.ZS,"Unemployment, total (% of total labor force) (modeled ILO estimate)",2011,5.024,,1
GIN,Guinea,SL.UEM.TOTL.ZS,"Unemployment, total (% of total labor force) (modeled ILO estimate)",2010,5.018,,1
GIN,Guinea,SL.UEM.TOTL.ZS,"Unemployment, total (% of total labor force) (modeled ILO estimate)",2009,4.914,,1
GIN,Guinea,SL.UEM.TOTL.ZS,"Unemployment, total (% of total labor force) (modeled ILO estimate)",2008,4.803,,1
GIN,Guinea,SL.UEM.TOTL.ZS,"Unemployment, total (% of total labor force) (modeled ILO estimate)",2007,4.787,,1
GIN,Guinea,SL.UEM.TOTL.ZS,"Unemployment, total (% of total labor force) (modeled ILO estimate)",2006,4.863,,1
GIN,Guinea,SL.UEM.TOTL.ZS,"Unemployment, total (% of total labor force) (modeled ILO estimate)",2005,4.814,,1
GIN,Guinea,SL.UEM.TOTL.ZS,"Unemployment, total (% of total labor force) (modeled ILO estimate)",2004,4.709,,1
GIN,Guinea,SL.UEM.TOTL.ZS,"Unemployment, total (% of total labor force) (modeled ILO estimate)",2003,4.628,,1
GIN,Guinea,SL.UEM.TOTL.ZS,"Unemployment, total (% of total labor force) (modeled ILO estimate)",2002,4.549,,1
GIN,Guinea,SL.UEM.TOTL.ZS,"Unemployment, total (% of total labor force) (modeled ILO estimate)",2001,4.584,,1
GIN,Guinea,SL.UEM.TOTL.ZS,"Unemployment, total (% of total labor force) (modeled ILO estimate)",2000,4.586,,1
GIN,Guinea,SL.UEM.TOTL.ZS,"Unemployment, total (% of total labor force) (modeled ILO estimate)",1999,4.517,,1
GIN,Guinea,SL.UEM.TOTL.ZS,"Unemployment, total (% of total labor force) (modeled ILO estimate)",1998,4.501,,1
GIN,Guinea,SL.UEM.TOTL.ZS,"Unemployment, total (% of total labor force) (modeled ILO estimate)",1997,4.477,,1
GIN,Guinea,SL.UEM.TOTL.ZS,"Unemployment, total (% of total labor force) (modeled ILO estimate)",1996,4.509,,1
GIN,Guinea,SL.UEM.TOTL.ZS,"Unemployment, total (% of total labor force) (modeled ILO estimate)",1995,4.494,,1
GIN,Guinea,SL.UEM.TOTL.ZS,"Unemployment, total (% of total labor force) (modeled ILO estimate)",1994,4.527,,1
GIN,Guinea,SL.UEM.TOTL.ZS,"Unemployment, total (% of total labor force) (modeled ILO estimate)",1993,4.561,,1
GIN,Guinea,SL.UEM.TOTL.ZS,"Unemployment, total (% of total labor force) (modeled ILO estimate)",1992,4.58,,1
GIN,Guinea,SL.UEM.TOTL.ZS,"Unemployment, total (% of total labor force) (modeled ILO estimate)",1991,4.56,,1
GNB,Guinea-Bissau,SL.UEM.TOTL.ZS,"Unemployment, total (% of total labor force) (modeled ILO estimate)",2024,2.647,,1
GNB,Guinea-Bissau,SL.UEM.TOTL.ZS,"Unemployment, total (% of total labor force) (modeled ILO estimate)",2023,2.632,,1
GNB,Guinea-Bissau,SL.UEM.TOTL.ZS,"Unemployment, total (% of total labor force) (modeled ILO estimate)",2022,2.666,,1
GNB,Guinea-Bissau,SL.UEM.TOTL.ZS,"Unemployment, total (% of total labor force) (modeled ILO estimate)",2021,3.016,,1
GNB,Guinea-Bissau,SL.UEM.TOTL.ZS,"Unemployment, total (% of total labor force) (modeled ILO estimate)",2020,2.887,,1
GNB,Guinea-Bissau,SL.UEM.TOTL.ZS,"Unemployment, total (% of total labor force) (modeled ILO estimate)",2019,2.413,,1
GNB,Guinea-Bissau,SL.UEM.TOTL.ZS,"Unemployment, total (% of total labor force) (modeled ILO estimate)",2018,3.127,,1
GNB,Guinea-Bissau,SL.UEM.TOTL.ZS,"Unemployment, total (% of total labor force) (modeled ILO estimate)",2017,3.089,,1
GNB,Guinea-Bissau,SL.UEM.TOTL.ZS,"Unemployment, total (% of total labor force) (modeled ILO estimate)",2016,3.139,,1
GNB,Guinea-Bissau,SL.UEM.TOTL.ZS,"Unemployment, total (% of total labor force) (modeled ILO estimate)",2015,3.168,,1
GNB,Guinea-Bissau,SL.UEM.TOTL.ZS,"Unemployment, total (% of total labor force) (modeled ILO estimate)",2014,3.285,,1
GNB,Guinea-Bissau,SL.UEM.TOTL.ZS,"Unemployment, total (% of total labor force) (modeled ILO estimate)",2013,3.173,,1
GNB,Guinea-Bissau,SL.UEM.TOTL.ZS,"Unemployment, total (% of total labor force) (modeled ILO estimate)",2012,3.135,,1
GNB,Guinea-Bissau,SL.UEM.TOTL.ZS,"Unemployment, total (% of total labor force) (modeled ILO estimate)",2011,3.072,,1
GNB,Guinea-Bissau,SL.UEM.TOTL.ZS,"Unemployment, total (% of total labor force) (modeled ILO estimate)",2010,3.121,,1
GNB,Guinea-Bissau,SL.UEM.TOTL.ZS,"Unemployment, total (% of total labor force) (modeled ILO estimate)",2009,3.163,,1
GNB,Guinea-Bissau,SL.UEM.TOTL.ZS,"Unemployment, total (% of total labor force) (modeled ILO estimate)",2008,3.157,,1
GNB,Guinea-Bissau,SL.UEM.TOTL.ZS,"Unemployment, total (% of total labor force) (modeled ILO estimate)",2007,3.125,,1
GNB,Guinea-Bissau,SL.UEM.TOTL.ZS,"Unemployment, total (% of total labor force) (modeled ILO estimate)",2006,3.143,,1
GNB,Guinea-Bissau,SL.UEM.TOTL.ZS,"Unemployment, total (% of total labor force) (modeled ILO estimate)",2005,3.184,,1
GNB,Guinea-Bissau,SL.UEM.TOTL.ZS,"Unemployment, total (% of total labor force) (modeled ILO estimate)",2004,3.226,,1
GNB,Guinea-Bissau,SL.UEM.TOTL.ZS,"Unemployment, total (% of total labor force) (modeled ILO estimate)",2003,3.169,,1
GNB,Guinea-Bissau,SL.UEM.TOTL.ZS,"Unemployment, total (% of total labor force) (modeled ILO estimate)",2002,3.146,,1
GNB,Guinea-Bissau,SL.UEM.TOTL.ZS,"Unemployment, total (% of total labor force) (modeled ILO estimate)",2001,2.958,,1
GNB,Guinea-Bissau,SL.UEM.TOTL.ZS,"Unemployment, total (% of total labor force) (modeled ILO estimate)",2000,3.358,,1
GNB,Guinea-Bissau,SL.UEM.TOTL.ZS,"Unemployment, total (% of total labor force) (modeled ILO estimate)",1999,3.269,,1
GNB,Guinea-Bissau,SL.UEM.TOTL.ZS,"Unemployment, total (% of total labor force) (modeled ILO estimate)",1998,3.349,,1
GNB,Guinea-Bissau,SL.UEM.TOTL.ZS,"Unemployment, total (% of total labor force) (modeled ILO estimate)",1997,2.951,,1
GNB,Guinea-Bissau,SL.UEM.TOTL.ZS,"Unemployment, total (% of total labor force) (modeled ILO estimate)",1996,2.994,,1
GNB,Guinea-Bissau,SL.UEM.TOTL.ZS,"Unemployment, total (% of total labor force) (modeled ILO estimate)",1995,3.126,,1
GNB,Guinea-Bissau,SL.UEM.TOTL.ZS,"Unemployment, total (% of total labor force) (modeled ILO estimate)",1994,3.173,,1
GNB,Guinea-Bissau,SL.UEM.TOTL.ZS,"Unemployment, total (% of total labor force) (modeled ILO estimate)",1993,3.143,,1
GNB,Guinea-Bissau,SL.UEM.TOTL.ZS,"Unemployment, total (% of total labor force) (modeled ILO estimate)",1992,3.083,,1
GNB,Guinea-Bissau,SL.UEM.TOTL.ZS,"Unemployment, total (% of total labor force) (modeled ILO estimate)",1991,3.009,,1
GUY,Guyana,SL.UEM.TOTL.ZS,"Unemployment, total (% of total labor force) (modeled ILO estimate)",2024,11.874,,1
GUY,Guyana,SL.UEM.TOTL.ZS,"Unemployment, total (% of total labor force) (modeled ILO estimate)",2023,11.917,,1
GUY,Guyana,SL.UEM.TOTL.ZS,"Unemployment, total (% of total labor force) (modeled ILO estimate)",2022,11.907,,1
GUY,Guyana,SL.UEM.TOTL.ZS,"Unemployment, total (% of total labor force) (modeled ILO estimate)",2021,14.576,,1
GUY,Guyana,SL.UEM.TOTL.ZS,"Unemployment, total (% of total labor force) (modeled ILO estimate)",2020,15.308,,1
GUY,Guyana,SL.UEM.TOTL.ZS,"Unemployment, total (% of total labor force) (modeled ILO estimate)",2019,13.172,,1
GUY,Guyana,SL.UEM.TOTL.ZS,"Unemployment, total (% of total labor force) (modeled ILO estimate)",2018,13.627,,1
GUY,Guyana,SL.UEM.TOTL.ZS,"Unemployment, total (% of total labor force) (modeled ILO estimate)",2017,13.466,,1
GUY,Guyana,SL.UEM.TOTL.ZS,"Unemployment, total (% of total labor force) (modeled ILO estimate)",2016,13.263,,1
GUY,Guyana,SL.UEM.TOTL.ZS,"Unemployment, total (% of total labor force) (modeled ILO estimate)",2015,13.009,,1
GUY,Guyana,SL.UEM.TOTL.ZS,"Unemployment, total (% of total labor force) (modeled ILO estimate)",2014,12.637,,1
GUY,Guyana,SL.UEM.TOTL.ZS,"Unemployment, total (% of total labor force) (modeled ILO estimate)",2013,12.296,,1
GUY,Guyana,SL.UEM.TOTL.ZS,"Unemployment, total (% of total labor force) (modeled ILO estimate)",2012,12.029,,1
GUY,Guyana,SL.UEM.TOTL.ZS,"Unemployment, total (% of total labor force) (modeled ILO estimate)",2011,11.811,,1
GUY,Guyana,SL.UEM.TOTL.ZS,"Unemployment, total (% of total labor force) (modeled ILO estimate)",2010,11.632,,1
GUY,Guyana,SL.UEM.TOTL.ZS,"Unemployment, total (% of total labor force) (modeled ILO estimate)",2009,11.307,,1
GUY,Guyana,SL.UEM.TOTL.ZS,"Unemployment, total (% of total labor force) (modeled ILO estimate)",2008,11.018,,1
GUY,Guyana,SL.UEM.TOTL.ZS,"Unemployment, total (% of total labor force) (modeled ILO estimate)",2007,10.84,,1
GUY,Guyana,SL.UEM.TOTL.ZS,"Unemployment, total (% of total labor force) (modeled ILO estimate)",2006,10.7,,1
GUY,Guyana,SL.UEM.TOTL.ZS,"Unemployment, total (% of total labor force) (modeled ILO estimate)",2005,11.085,,1
GUY,Guyana,SL.UEM.TOTL.ZS,"Unemployment, total (% of total labor force) (modeled ILO estimate)",2004,11.281,,1
GUY,Guyana,SL.UEM.TOTL.ZS,"Unemployment, total (% of total labor force) (modeled ILO estimate)",2003,11.529,,1
GUY,Guyana,SL.UEM.TOTL.ZS,"Unemployment, total (% of total labor force) (modeled ILO estimate)",2002,11.81,,1
GUY,Guyana,SL.UEM.TOTL.ZS,"Unemployment, total (% of total labor force) (modeled ILO estimate)",2001,11.796,,1
GUY,Guyana,SL.UEM.TOTL.ZS,"Unemployment, total (% of total labor force) (modeled ILO estimate)",2000,11.917,,1
GUY,Guyana,SL.UEM.TOTL.ZS,"Unemployment, total (% of total labor force) (modeled ILO estimate)",1999,11.771,,1
GUY,Guyana,SL.UEM.TOTL.ZS,"Unemployment, total (% of total labor force) (modeled ILO estimate)",1998,11.687,,1
GUY,Guyana,SL.UEM.TOTL.ZS,"Unemployment, total (% of total labor force) (modeled ILO estimate)",1997,11.565,,1
GUY,Guyana,SL.UEM.TOTL.ZS,"Unemployment, total (% of total labor force) (modeled ILO estimate)",1996,11.542,,1
GUY,Guyana,SL.UEM.TOTL.ZS,"Unemployment, total (% of total labor force) (modeled ILO estimate)",1995,11.566,,1
GUY,Guyana,SL.UEM.TOTL.ZS,"Unemployment, total (% of total labor force) (modeled ILO estimate)",1994,11.534,,1
GUY,Guyana,SL.UEM.TOTL.ZS,"Unemployment, total (% of total labor force) (modeled ILO estimate)",1993,11.617,,1
GUY,Guyana,SL.UEM.TOTL.ZS,"Unemployment, total (% of total labor force) (modeled ILO estimate)",1992,11.9,,1
GUY,Guyana,SL.UEM.TOTL.ZS,"Unemployment, total (% of total labor force) (modeled ILO estimate)",1991,12.092,,1
HTI,Haiti,SL.UEM.TOTL.ZS,"Unemployment, total (% of total labor force) (modeled ILO estimate)",2024,14.609,,1
HTI,Haiti,SL.UEM.TOTL.ZS,"Unemployment, total (% of total labor force) (modeled ILO estimate)",2023,14.459,,1
HTI,Haiti,SL.UEM.TOTL.ZS,"Unemployment, total (% of total labor force) (modeled ILO estimate)",2022,14.54,,1
HTI,Haiti,SL.UEM.TOTL.ZS,"Unemployment, total (% of total labor force) (modeled ILO estimate)",2021,15.296,,1
HTI,Haiti,SL.UEM.TOTL.ZS,"Unemployment, total (% of total labor force) (modeled ILO estimate)",2020,15.573,,1
HTI,Haiti,SL.UEM.TOTL.ZS,"Unemployment, total (% of total labor force) (modeled ILO estimate)",2019,14.095,,1
HTI,Haiti,SL.UEM.TOTL.ZS,"Unemployment, total (% of total labor force) (modeled ILO estimate)",2018,13.934,,1
HTI,Haiti,SL.UEM.TOTL.ZS,"Unemployment, total (% of total labor force) (modeled ILO estimate)",2017,13.932,,1
HTI,Haiti,SL.UEM.TOTL.ZS,"Unemployment, total (% of total labor force) (modeled ILO estimate)",2016,13.902,,1
HTI,Haiti,SL.UEM.TOTL.ZS,"Unemployment, total (% of total labor force) (modeled ILO estimate)",2015,13.785,,1
HTI,Haiti,SL.UEM.TOTL.ZS,"Unemployment, total (% of total labor force) (modeled ILO estimate)",2014,13.808,,1
HTI,Haiti,SL.UEM.TOTL.ZS,"Unemployment, total (% of total labor force) (modeled ILO estimate)",2013,13.704,,1
HTI,Haiti,SL.UEM.TOTL.ZS,"Unemployment, total (% of total labor force) (modeled ILO estimate)",2012,14.1,,1
HTI,Haiti,SL.UEM.TOTL.ZS,"Unemployment, total (% of total labor force) (modeled ILO estimate)",2011,14.506,,1
HTI,Haiti,SL.UEM.TOTL.ZS,"Unemployment, total (% of total labor force) (modeled ILO estimate)",2010,15.244,,1
HTI,Haiti,SL.UEM.TOTL.ZS,"Unemployment, total (% of total labor force) (modeled ILO estimate)",2009,15.398,,1
HTI,Haiti,SL.UEM.TOTL.ZS,"Unemployment, total (% of total labor force) (modeled ILO estimate)",2008,16.204,,1
HTI,Haiti,SL.UEM.TOTL.ZS,"Unemployment, total (% of total labor force) (modeled ILO estimate)",2007,16.8,,1
HTI,Haiti,SL.UEM.TOTL.ZS,"Unemployment, total (% of total labor force) (modeled ILO estimate)",2006,15.866,,1
HTI,Haiti,SL.UEM.TOTL.ZS,"Unemployment, total (% of total labor force) (modeled ILO estimate)",2005,14.559,,1
HTI,Haiti,SL.UEM.TOTL.ZS,"Unemployment, total (% of total labor force) (modeled ILO estimate)",2004,13.415,,1
HTI,Haiti,SL.UEM.TOTL.ZS,"Unemployment, total (% of total labor force) (modeled ILO estimate)",2003,12.151,,1
HTI,Haiti,SL.UEM.TOTL.ZS,"Unemployment, total (% of total labor force) (modeled ILO estimate)",2002,11.008,,1
HTI,Haiti,SL.UEM.TOTL.ZS,"Unemployment, total (% of total labor force) (modeled ILO estimate)",2001,9.728,,1
HTI,Haiti,SL.UEM.TOTL.ZS,"Unemployment, total (% of total labor force) (modeled ILO estimate)",2000,8.443,,1
HTI,Haiti,SL.UEM.TOTL.ZS,"Unemployment, total (% of total labor force) (modeled ILO estimate)",1999,7.2,,1
HTI,Haiti,SL.UEM.TOTL.ZS,"Unemployment, total (% of total labor force) (modeled ILO estimate)",1998,7.165,,1
HTI,Haiti,SL.UEM.TOTL.ZS,"Unemployment, total (% of total labor force) (modeled ILO estimate)",1997,7.003,,1
HTI,Haiti,SL.UEM.TOTL.ZS,"Unemployment, total (% of total labor force) (modeled ILO estimate)",1996,7.304,,1
HTI,Haiti,SL.UEM.TOTL.ZS,"Unemployment, total (% of total labor force) (modeled ILO estimate)",1995,7.51,,1
HTI,Haiti,SL.UEM.TOTL.ZS,"Unemployment, total (% of total labor force) (modeled ILO estimate)",1994,7.858,,1
HTI,Haiti,SL.UEM.TOTL.ZS,"Unemployment, total (% of total labor force) (modeled ILO estimate)",1993,7.534,,1
HTI,Haiti,SL.UEM.TOTL.ZS,"Unemployment, total (% of total labor force) (modeled ILO estimate)",1992,7.387,,1
HTI,Haiti,SL.UEM.TOTL.ZS,"Unemployment, total (% of total labor force) (modeled ILO estimate)",1991,7.329,,1
HND,Honduras,SL.UEM.TOTL.ZS,"Unemployment, total (% of total labor force) (modeled ILO estimate)",2024,4.91,,1
HND,Honduras,SL.UEM.TOTL.ZS,"Unemployment, total (% of total labor force) (modeled ILO estimate)",2023,6.07,,1
HND,Honduras,SL.UEM.TOTL.ZS,"Unemployment, total (% of total labor force) (modeled ILO estimate)",2022,8.774,,1
HND,Honduras,SL.UEM.TOTL.ZS,"Unemployment, total (% of total labor force) (modeled ILO estimate)",2021,8.506,,1
HND,Honduras,SL.UEM.TOTL.ZS,"Unemployment, total (% of total labor force) (modeled ILO estimate)",2020,10.982,,1
HND,Honduras,SL.UEM.TOTL.ZS,"Unemployment, total (% of total labor force) (modeled ILO estimate)",2019,5.698,,1
HND,Honduras,SL.UEM.TOTL.ZS,"Unemployment, total (% of total labor force) (modeled ILO estimate)",2018,5.648,,1
HND,Honduras,SL.UEM.TOTL.ZS,"Unemployment, total (% of total labor force) (modeled ILO estimate)",2017,5.528,,1
HND,Honduras,SL.UEM.TOTL.ZS,"Unemployment, total (% of total labor force) (modeled ILO estimate)",2016,6.727,,1
HND,Honduras,SL.UEM.TOTL.ZS,"Unemployment, total (% of total labor force) (modeled ILO estimate)",2015,6.147,,1
HND,Honduras,SL.UEM.TOTL.ZS,"Unemployment, total (% of total labor force) (modeled ILO estimate)",2014,7.078,,1
HND,Honduras,SL.UEM.TOTL.ZS,"Unemployment, total (% of total labor force) (modeled ILO estimate)",2013,5.646,,1
HND,Honduras,SL.UEM.TOTL.ZS,"Unemployment, total (% of total labor force) (modeled ILO estimate)",2012,3.755,,1
HND,Honduras,SL.UEM.TOTL.ZS,"Unemployment, total (% of total labor force) (modeled ILO estimate)",2011,4.474,,1
HND,Honduras,SL.UEM.TOTL.ZS,"Unemployment, total (% of total labor force) (modeled ILO estimate)",2010,4.119,,1
HND,Honduras,SL.UEM.TOTL.ZS,"Unemployment, total (% of total labor force) (modeled ILO estimate)",2009,3.292,,1
HND,Honduras,SL.UEM.TOTL.ZS,"Unemployment, total (% of total labor force) (modeled ILO estimate)",2008,3.156,,1
HND,Honduras,SL.UEM.TOTL.ZS,"Unemployment, total (% of total labor force) (modeled ILO estimate)",2007,3.211,,1
HND,Honduras,SL.UEM.TOTL.ZS,"Unemployment, total (% of total labor force) (modeled ILO estimate)",2006,3.574,,1
HND,Honduras,SL.UEM.TOTL.ZS,"Unemployment, total (% of total labor force) (modeled ILO estimate)",2005,4.909,,1
HND,Honduras,SL.UEM.TOTL.ZS,"Unemployment, total (% of total labor force) (modeled ILO estimate)",2004,5.99,,1
HND,Honduras,SL.UEM.TOTL.ZS,"Unemployment, total (% of total labor force) (modeled ILO estimate)",2003,5.3,,1
HND,Honduras,SL.UEM.TOTL.ZS,"Unemployment, total (% of total labor force) (modeled ILO estimate)",2002,4.02,,1
HND,Honduras,SL.UEM.TOTL.ZS,"Unemployment, total (% of total labor force) (modeled ILO estimate)",2001,4,,1
HND,Honduras,SL.UEM.TOTL.ZS,"Unemployment, total (% of total labor force) (modeled ILO estimate)",2000,3.883,,1
HND,Honduras,SL.UEM.TOTL.ZS,"Unemployment, total (% of total labor force) (modeled ILO estimate)",1999,3.85,,1
HND,Honduras,SL.UEM.TOTL.ZS,"Unemployment, total (% of total labor force) (modeled ILO estimate)",1998,4.02,,1
HND,Honduras,SL.UEM.TOTL.ZS,"Unemployment, total (% of total labor force) (modeled ILO estimate)",1997,3.32,,1
HND,Honduras,SL.UEM.TOTL.ZS,"Unemployment, total (% of total labor force) (modeled ILO estimate)",1996,4.37,,1
HND,Honduras,SL.UEM.TOTL.ZS,"Unemployment, total (% of total labor force) (modeled ILO estimate)",1995,3.24,,1
HND,Honduras,SL.UEM.TOTL.ZS,"Unemployment, total (% of total labor force) (modeled ILO estimate)",1994,3.138,,1
HND,Honduras,SL.UEM.TOTL.ZS,"Unemployment, total (% of total labor force) (modeled ILO estimate)",1993,3.098,,1
HND,Honduras,SL.UEM.TOTL.ZS,"Unemployment, total (% of total labor force) (modeled ILO estimate)",1992,3.06,,1
HND,Honduras,SL.UEM.TOTL.ZS,"Unemployment, total (% of total labor force) (modeled ILO estimate)",1991,4.58,,1
HKG,"Hong Kong SAR, China",SL.UEM.TOTL.ZS,"Unemployment, total (% of total labor force) (modeled ILO estimate)",2024,2.988,,1
HKG,"Hong Kong SAR, China",SL.UEM.TOTL.ZS,"Unemployment, total (% of total labor force) (modeled ILO estimate)",2023,2.949,,1
HKG,"Hong Kong SAR, China",SL.UEM.TOTL.ZS,"Unemployment, total (% of total labor force) (modeled ILO estimate)",2022,4.318,,1
HKG,"Hong Kong SAR, China",SL.UEM.TOTL.ZS,"Unemployment, total (% of total labor force) (modeled ILO estimate)",2021,5.174,,1
HKG,"Hong Kong SAR, China",SL.UEM.TOTL.ZS,"Unemployment, total (% of total labor force) (modeled ILO estimate)",2020,5.808,,1
HKG,"Hong Kong SAR, China",SL.UEM.TOTL.ZS,"Unemployment, total (% of total labor force) (modeled ILO estimate)",2019,2.917,,1
HKG,"Hong Kong SAR, China",SL.UEM.TOTL.ZS,"Unemployment, total (% of total labor force) (modeled ILO estimate)",2018,2.805,,1
HKG,"Hong Kong SAR, China",SL.UEM.TOTL.ZS,"Unemployment, total (% of total labor force) (modeled ILO estimate)",2017,3.124,,1
HKG,"Hong Kong SAR, China",SL.UEM.TOTL.ZS,"Unemployment, total (% of total labor force) (modeled ILO estimate)",2016,3.392,,1
HKG,"Hong Kong SAR, China",SL.UEM.TOTL.ZS,"Unemployment, total (% of total labor force) (modeled ILO estimate)",2015,3.314,,1
HKG,"Hong Kong SAR, China",SL.UEM.TOTL.ZS,"Unemployment, total (% of total labor force) (modeled ILO estimate)",2014,3.296,,1
HKG,"Hong Kong SAR, China",SL.UEM.TOTL.ZS,"Unemployment, total (% of total labor force) (modeled ILO estimate)",2013,3.4,,1
HKG,"Hong Kong SAR, China",SL.UEM.TOTL.ZS,"Unemployment, total (% of total labor force) (modeled ILO estimate)",2012,3.285,,1
HKG,"Hong Kong SAR, China",SL.UEM.TOTL.ZS,"Unemployment, total (% of total labor force) (modeled ILO estimate)",2011,3.422,,1
HKG,"Hong Kong SAR, China",SL.UEM.TOTL.ZS,"Unemployment, total (% of total labor force) (modeled ILO estimate)",2010,4.329,,1
HKG,"Hong Kong SAR, China",SL.UEM.TOTL.ZS,"Unemployment, total (% of total labor force) (modeled ILO estimate)",2009,5.26,,1
HKG,"Hong Kong SAR, China",SL.UEM.TOTL.ZS,"Unemployment, total (% of total labor force) (modeled ILO estimate)",2008,3.56,,1
HKG,"Hong Kong SAR, China",SL.UEM.TOTL.ZS,"Unemployment, total (% of total labor force) (modeled ILO estimate)",2007,4.01,,1
HKG,"Hong Kong SAR, China",SL.UEM.TOTL.ZS,"Unemployment, total (% of total labor force) (modeled ILO estimate)",2006,4.77,,1
HKG,"Hong Kong SAR, China",SL.UEM.TOTL.ZS,"Unemployment, total (% of total labor force) (modeled ILO estimate)",2005,5.58,,1
HKG,"Hong Kong SAR, China",SL.UEM.TOTL.ZS,"Unemployment, total (% of total labor force) (modeled ILO estimate)",2004,6.74,,1
HKG,"Hong Kong SAR, China",SL.UEM.TOTL.ZS,"Unemployment, total (% of total labor force) (modeled ILO estimate)",2003,7.86,,1
HKG,"Hong Kong SAR, China",SL.UEM.TOTL.ZS,"Unemployment, total (% of total labor force) (modeled ILO estimate)",2002,7.28,,1
HKG,"Hong Kong SAR, China",SL.UEM.TOTL.ZS,"Unemployment, total (% of total labor force) (modeled ILO estimate)",2001,5.09,,1
HKG,"Hong Kong SAR, China",SL.UEM.TOTL.ZS,"Unemployment, total (% of total labor force) (modeled ILO estimate)",2000,4.92,,1
HKG,"Hong Kong SAR, China",SL.UEM.TOTL.ZS,"Unemployment, total (% of total labor force) (modeled ILO estimate)",1999,6.25,,1
HKG,"Hong Kong SAR, China",SL.UEM.TOTL.ZS,"Unemployment, total (% of total labor force) (modeled ILO estimate)",1998,4.58,,1
HKG,"Hong Kong SAR, China",SL.UEM.TOTL.ZS,"Unemployment, total (% of total labor force) (modeled ILO estimate)",1997,2.22,,1
HKG,"Hong Kong SAR, China",SL.UEM.TOTL.ZS,"Unemployment, total (% of total labor force) (modeled ILO estimate)",1996,2.83,,1
HKG,"Hong Kong SAR, China",SL.UEM.TOTL.ZS,"Unemployment, total (% of total labor force) (modeled ILO estimate)",1995,3.22,,1
HKG,"Hong Kong SAR, China",SL.UEM.TOTL.ZS,"Unemployment, total (% of total labor force) (modeled ILO estimate)",1994,1.9,,1
HKG,"Hong Kong SAR, China",SL.UEM.TOTL.ZS,"Unemployment, total (% of total labor force) (modeled ILO estimate)",1993,1.96,,1
HKG,"Hong Kong SAR, China",SL.UEM.TOTL.ZS,"Unemployment, total (% of total labor force) (modeled ILO estimate)",1992,1.96,,1
HKG,"Hong Kong SAR, China",SL.UEM.TOTL.ZS,"Unemployment, total (% of total labor force) (modeled ILO estimate)",1991,1.8,,1
HUN,Hungary,SL.UEM.TOTL.ZS,"Unemployment, total (% of total labor force) (modeled ILO estimate)",2024,4.5,,1
HUN,Hungary,SL.UEM.TOTL.ZS,"Unemployment, total (% of total labor force) (modeled ILO estimate)",2023,4.096,,1
HUN,Hungary,SL.UEM.TOTL.ZS,"Unemployment, total (% of total labor force) (modeled ILO estimate)",2022,3.583,,1
HUN,Hungary,SL.UEM.TOTL.ZS,"Unemployment, total (% of total labor force) (modeled ILO estimate)",2021,4.021,,1
HUN,Hungary,SL.UEM.TOTL.ZS,"Unemployment, total (% of total labor force) (modeled ILO estimate)",2020,4.248,,1
HUN,Hungary,SL.UEM.TOTL.ZS,"Unemployment, total (% of total labor force) (modeled ILO estimate)",2019,3.411,,1
HUN,Hungary,SL.UEM.TOTL.ZS,"Unemployment, total (% of total labor force) (modeled ILO estimate)",2018,3.667,,1
HUN,Hungary,SL.UEM.TOTL.ZS,"Unemployment, total (% of total labor force) (modeled ILO estimate)",2017,4.156,,1
HUN,Hungary,SL.UEM.TOTL.ZS,"Unemployment, total (% of total labor force) (modeled ILO estimate)",2016,5.115,,1
HUN,Hungary,SL.UEM.TOTL.ZS,"Unemployment, total (% of total labor force) (modeled ILO estimate)",2015,6.813,,1
HUN,Hungary,SL.UEM.TOTL.ZS,"Unemployment, total (% of total labor force) (modeled ILO estimate)",2014,7.725,,1
HUN,Hungary,SL.UEM.TOTL.ZS,"Unemployment, total (% of total labor force) (modeled ILO estimate)",2013,10.177,,1
HUN,Hungary,SL.UEM.TOTL.ZS,"Unemployment, total (% of total labor force) (modeled ILO estimate)",2012,11.003,,1
HUN,Hungary,SL.UEM.TOTL.ZS,"Unemployment, total (% of total labor force) (modeled ILO estimate)",2011,11.029,,1
HUN,Hungary,SL.UEM.TOTL.ZS,"Unemployment, total (% of total labor force) (modeled ILO estimate)",2010,11.172,,1
HUN,Hungary,SL.UEM.TOTL.ZS,"Unemployment, total (% of total labor force) (modeled ILO estimate)",2009,10.03,,1
HUN,Hungary,SL.UEM.TOTL.ZS,"Unemployment, total (% of total labor force) (modeled ILO estimate)",2008,7.817,,1
HUN,Hungary,SL.UEM.TOTL.ZS,"Unemployment, total (% of total labor force) (modeled ILO estimate)",2007,7.406,,1
HUN,Hungary,SL.UEM.TOTL.ZS,"Unemployment, total (% of total labor force) (modeled ILO estimate)",2006,7.494,,1
HUN,Hungary,SL.UEM.TOTL.ZS,"Unemployment, total (% of total labor force) (modeled ILO estimate)",2005,7.189,,1
HUN,Hungary,SL.UEM.TOTL.ZS,"Unemployment, total (% of total labor force) (modeled ILO estimate)",2004,5.832,,1
HUN,Hungary,SL.UEM.TOTL.ZS,"Unemployment, total (% of total labor force) (modeled ILO estimate)",2003,5.79,,1
HUN,Hungary,SL.UEM.TOTL.ZS,"Unemployment, total (% of total labor force) (modeled ILO estimate)",2002,5.608,,1
HUN,Hungary,SL.UEM.TOTL.ZS,"Unemployment, total (% of total labor force) (modeled ILO estimate)",2001,5.671,,1
HUN,Hungary,SL.UEM.TOTL.ZS,"Unemployment, total (% of total labor force) (modeled ILO estimate)",2000,6.563,,1
HUN,Hungary,SL.UEM.TOTL.ZS,"Unemployment, total (% of total labor force) (modeled ILO estimate)",1999,6.929,,1
HUN,Hungary,SL.UEM.TOTL.ZS,"Unemployment, total (% of total labor force) (modeled ILO estimate)",1998,8.925,,1
HUN,Hungary,SL.UEM.TOTL.ZS,"Unemployment, total (% of total labor force) (modeled ILO estimate)",1997,8.991,,1
HUN,Hungary,SL.UEM.TOTL.ZS,"Unemployment, total (% of total labor force) (modeled ILO estimate)",1996,10.022,,1
HUN,Hungary,SL.UEM.TOTL.ZS,"Unemployment, total (% of total labor force) (modeled ILO estimate)",1995,10.168,,1
HUN,Hungary,SL.UEM.TOTL.ZS,"Unemployment, total (% of total labor force) (modeled ILO estimate)",1994,10.847,,1
HUN,Hungary,SL.UEM.TOTL.ZS,"Unemployment, total (% of total labor force) (modeled ILO estimate)",1993,12.098,,1
HUN,Hungary,SL.UEM.TOTL.ZS,"Unemployment, total (% of total labor force) (modeled ILO estimate)",1992,9.942,,1
HUN,Hungary,SL.UEM.TOTL.ZS,"Unemployment, total (% of total labor force) (modeled ILO estimate)",1991,8.5,,1
ISL,Iceland,SL.UEM.TOTL.ZS,"Unemployment, total (% of total labor force) (modeled ILO estimate)",2024,3.6,,1
ISL,Iceland,SL.UEM.TOTL.ZS,"Unemployment, total (% of total labor force) (modeled ILO estimate)",2023,3.518,,1
ISL,Iceland,SL.UEM.TOTL.ZS,"Unemployment, total (% of total labor force) (modeled ILO estimate)",2022,3.789,,1
ISL,Iceland,SL.UEM.TOTL.ZS,"Unemployment, total (% of total labor force) (modeled ILO estimate)",2021,6.029,,1
ISL,Iceland,SL.UEM.TOTL.ZS,"Unemployment, total (% of total labor force) (modeled ILO estimate)",2020,5.478,,1
ISL,Iceland,SL.UEM.TOTL.ZS,"Unemployment, total (% of total labor force) (modeled ILO estimate)",2019,3.507,,1
ISL,Iceland,SL.UEM.TOTL.ZS,"Unemployment, total (% of total labor force) (modeled ILO estimate)",2018,2.704,,1
ISL,Iceland,SL.UEM.TOTL.ZS,"Unemployment, total (% of total labor force) (modeled ILO estimate)",2017,2.742,,1
ISL,Iceland,SL.UEM.TOTL.ZS,"Unemployment, total (% of total labor force) (modeled ILO estimate)",2016,2.978,,1
ISL,Iceland,SL.UEM.TOTL.ZS,"Unemployment, total (% of total labor force) (modeled ILO estimate)",2015,3.979,,1
ISL,Iceland,SL.UEM.TOTL.ZS,"Unemployment, total (% of total labor force) (modeled ILO estimate)",2014,4.897,,1
ISL,Iceland,SL.UEM.TOTL.ZS,"Unemployment, total (% of total labor force) (modeled ILO estimate)",2013,5.376,,1
ISL,Iceland,SL.UEM.TOTL.ZS,"Unemployment, total (% of total labor force) (modeled ILO estimate)",2012,6,,1
ISL,Iceland,SL.UEM.TOTL.ZS,"Unemployment, total (% of total labor force) (modeled ILO estimate)",2011,7.028,,1
ISL,Iceland,SL.UEM.TOTL.ZS,"Unemployment, total (% of total labor force) (modeled ILO estimate)",2010,7.564,,1
ISL,Iceland,SL.UEM.TOTL.ZS,"Unemployment, total (% of total labor force) (modeled ILO estimate)",2009,7.22,,1
ISL,Iceland,SL.UEM.TOTL.ZS,"Unemployment, total (% of total labor force) (modeled ILO estimate)",2008,2.946,,1
ISL,Iceland,SL.UEM.TOTL.ZS,"Unemployment, total (% of total labor force) (modeled ILO estimate)",2007,2.251,,1
ISL,Iceland,SL.UEM.TOTL.ZS,"Unemployment, total (% of total labor force) (modeled ILO estimate)",2006,2.83,,1
ISL,Iceland,SL.UEM.TOTL.ZS,"Unemployment, total (% of total labor force) (modeled ILO estimate)",2005,2.547,,1
ISL,Iceland,SL.UEM.TOTL.ZS,"Unemployment, total (% of total labor force) (modeled ILO estimate)",2004,4.031,,1
ISL,Iceland,SL.UEM.TOTL.ZS,"Unemployment, total (% of total labor force) (modeled ILO estimate)",2003,3.997,,1
ISL,Iceland,SL.UEM.TOTL.ZS,"Unemployment, total (% of total labor force) (modeled ILO estimate)",2002,2.988,,1
ISL,Iceland,SL.UEM.TOTL.ZS,"Unemployment, total (% of total labor force) (modeled ILO estimate)",2001,1.874,,1
ISL,Iceland,SL.UEM.TOTL.ZS,"Unemployment, total (% of total labor force) (modeled ILO estimate)",2000,1.936,,1
ISL,Iceland,SL.UEM.TOTL.ZS,"Unemployment, total (% of total labor force) (modeled ILO estimate)",1999,2.178,,1
ISL,Iceland,SL.UEM.TOTL.ZS,"Unemployment, total (% of total labor force) (modeled ILO estimate)",1998,3.069,,1
ISL,Iceland,SL.UEM.TOTL.ZS,"Unemployment, total (% of total labor force) (modeled ILO estimate)",1997,3.72,,1
ISL,Iceland,SL.UEM.TOTL.ZS,"Unemployment, total (% of total labor force) (modeled ILO estimate)",1996,3.6,,1
ISL,Iceland,SL.UEM.TOTL.ZS,"Unemployment, total (% of total labor force) (modeled ILO estimate)",1995,5.196,,1
ISL,Iceland,SL.UEM.TOTL.ZS,"Unemployment, total (% of total labor force) (modeled ILO estimate)",1994,5.326,,1
ISL,Iceland,SL.UEM.TOTL.ZS,"Unemployment, total (% of total labor force) (modeled ILO estimate)",1993,5.257,,1
ISL,Iceland,SL.UEM.TOTL.ZS,"Unemployment, total (% of total labor force) (modeled ILO estimate)",1992,4.305,,1
ISL,Iceland,SL.UEM.TOTL.ZS,"Unemployment, total (% of total labor force) (modeled ILO estimate)",1991,2.548,,1
IND,India,SL.UEM.TOTL.ZS,"Unemployment, total (% of total labor force) (modeled ILO estimate)",2024,4.173,,1
IND,India,SL.UEM.TOTL.ZS,"Unemployment, total (% of total labor force) (modeled ILO estimate)",2023,4.172,,1
IND,India,SL.UEM.TOTL.ZS,"Unemployment, total (% of total labor force) (modeled ILO estimate)",2022,4.822,,1
IND,India,SL.UEM.TOTL.ZS,"Unemployment, total (% of total labor force) (modeled ILO estimate)",2021,6.38,,1
IND,India,SL.UEM.TOTL.ZS,"Unemployment, total (% of total labor force) (modeled ILO estimate)",2020,7.859,,1
IND,India,SL.UEM.TOTL.ZS,"Unemployment, total (% of total labor force) (modeled ILO estimate)",2019,6.51,,1
IND,India,SL.UEM.TOTL.ZS,"Unemployment, total (% of total labor force) (modeled ILO estimate)",2018,7.652,,1
IND,India,SL.UEM.TOTL.ZS,"Unemployment, total (% of total labor force) (modeled ILO estimate)",2017,7.626,,1
IND,India,SL.UEM.TOTL.ZS,"Unemployment, total (% of total labor force) (modeled ILO estimate)",2016,7.611,,1
IND,India,SL.UEM.TOTL.ZS,"Unemployment, total (% of total labor force) (modeled ILO estimate)",2015,7.629,,1
IND,India,SL.UEM.TOTL.ZS,"Unemployment, total (% of total labor force) (modeled ILO estimate)",2014,7.656,,1
IND,India,SL.UEM.TOTL.ZS,"Unemployment, total (% of total labor force) (modeled ILO estimate)",2013,7.678,,1
IND,India,SL.UEM.TOTL.ZS,"Unemployment, total (% of total labor force) (modeled ILO estimate)",2012,7.645,,1
IND,India,SL.UEM.TOTL.ZS,"Unemployment, total (% of total labor force) (modeled ILO estimate)",2011,7.609,,1
IND,India,SL.UEM.TOTL.ZS,"Unemployment, total (% of total labor force) (modeled ILO estimate)",2010,7.631,,1
IND,India,SL.UEM.TOTL.ZS,"Unemployment, total (% of total labor force) (modeled ILO estimate)",2009,7.636,,1
IND,India,SL.UEM.TOTL.ZS,"Unemployment, total (% of total labor force) (modeled ILO estimate)",2008,7.629,,1
IND,India,SL.UEM.TOTL.ZS,"Unemployment, total (% of total labor force) (modeled ILO estimate)",2007,7.562,,1
IND,India,SL.UEM.TOTL.ZS,"Unemployment, total (% of total labor force) (modeled ILO estimate)",2006,7.553,,1
IND,India,SL.UEM.TOTL.ZS,"Unemployment, total (% of total labor force) (modeled ILO estimate)",2005,7.551,,1
IND,India,SL.UEM.TOTL.ZS,"Unemployment, total (% of total labor force) (modeled ILO estimate)",2004,7.598,,1
IND,India,SL.UEM.TOTL.ZS,"Unemployment, total (% of total labor force) (modeled ILO estimate)",2003,7.633,,1
IND,India,SL.UEM.TOTL.ZS,"Unemployment, total (% of total labor force) (modeled ILO estimate)",2002,7.681,,1
IND,India,SL.UEM.TOTL.ZS,"Unemployment, total (% of total labor force) (modeled ILO estimate)",2001,7.611,,1
IND,India,SL.UEM.TOTL.ZS,"Unemployment, total (% of total labor force) (modeled ILO estimate)",2000,7.589,,1
IND,India,SL.UEM.TOTL.ZS,"Unemployment, total (% of total labor force) (modeled ILO estimate)",1999,7.583,,1
IND,India,SL.UEM.TOTL.ZS,"Unemployment, total (% of total labor force) (modeled ILO estimate)",1998,7.596,,1
IND,India,SL.UEM.TOTL.ZS,"Unemployment, total (% of total labor force) (modeled ILO estimate)",1997,7.574,,1
IND,India,SL.UEM.TOTL.ZS,"Unemployment, total (% of total labor force) (modeled ILO estimate)",1996,7.537,,1
IND,India,SL.UEM.TOTL.ZS,"Unemployment, total (% of total labor force) (modeled ILO estimate)",1995,7.57,,1
IND,India,SL.UEM.TOTL.ZS,"Unemployment, total (% of total labor force) (modeled ILO estimate)",1994,7.593,,1
IND,India,SL.UEM.TOTL.ZS,"Unemployment, total (% of total labor force) (modeled ILO estimate)",1993,7.662,,1
IND,India,SL.UEM.TOTL.ZS,"Unemployment, total (% of total labor force) (modeled ILO estimate)",1992,7.649,,1
IND,India,SL.UEM.TOTL.ZS,"Unemployment, total (% of total labor force) (modeled ILO estimate)",1991,7.641,,1
IDN,Indonesia,SL.UEM.TOTL.ZS,"Unemployment, total (% of total labor force) (modeled ILO estimate)",2024,3.301,,1
IDN,Indonesia,SL.UEM.TOTL.ZS,"Unemployment, total (% of total labor force) (modeled ILO estimate)",2023,3.308,,1
IDN,Indonesia,SL.UEM.TOTL.ZS,"Unemployment, total (% of total labor force) (modeled ILO estimate)",2022,3.462,,1
IDN,Indonesia,SL.UEM.TOTL.ZS,"Unemployment, total (% of total labor force) (modeled ILO estimate)",2021,3.827,,1
IDN,Indonesia,SL.UEM.TOTL.ZS,"Unemployment, total (% of total labor force) (modeled ILO estimate)",2020,4.255,,1
IDN,Indonesia,SL.UEM.TOTL.ZS,"Unemployment, total (% of total labor force) (modeled ILO estimate)",2019,3.59,,1
IDN,Indonesia,SL.UEM.TOTL.ZS,"Unemployment, total (% of total labor force) (modeled ILO estimate)",2018,4.387,,1
IDN,Indonesia,SL.UEM.TOTL.ZS,"Unemployment, total (% of total labor force) (modeled ILO estimate)",2017,3.783,,1
IDN,Indonesia,SL.UEM.TOTL.ZS,"Unemployment, total (% of total labor force) (modeled ILO estimate)",2016,4.301,,1
IDN,Indonesia,SL.UEM.TOTL.ZS,"Unemployment, total (% of total labor force) (modeled ILO estimate)",2015,4.514,,1
IDN,Indonesia,SL.UEM.TOTL.ZS,"Unemployment, total (% of total labor force) (modeled ILO estimate)",2014,4.049,,1
IDN,Indonesia,SL.UEM.TOTL.ZS,"Unemployment, total (% of total labor force) (modeled ILO estimate)",2013,4.336,,1
IDN,Indonesia,SL.UEM.TOTL.ZS,"Unemployment, total (% of total labor force) (modeled ILO estimate)",2012,4.468,,1
IDN,Indonesia,SL.UEM.TOTL.ZS,"Unemployment, total (% of total labor force) (modeled ILO estimate)",2011,5.153,,1
IDN,Indonesia,SL.UEM.TOTL.ZS,"Unemployment, total (% of total labor force) (modeled ILO estimate)",2010,5.614,,1
IDN,Indonesia,SL.UEM.TOTL.ZS,"Unemployment, total (% of total labor force) (modeled ILO estimate)",2009,6.106,,1
IDN,Indonesia,SL.UEM.TOTL.ZS,"Unemployment, total (% of total labor force) (modeled ILO estimate)",2008,7.208,,1
IDN,Indonesia,SL.UEM.TOTL.ZS,"Unemployment, total (% of total labor force) (modeled ILO estimate)",2007,8.06,,1
IDN,Indonesia,SL.UEM.TOTL.ZS,"Unemployment, total (% of total labor force) (modeled ILO estimate)",2006,7.551,,1
IDN,Indonesia,SL.UEM.TOTL.ZS,"Unemployment, total (% of total labor force) (modeled ILO estimate)",2005,7.945,,1
IDN,Indonesia,SL.UEM.TOTL.ZS,"Unemployment, total (% of total labor force) (modeled ILO estimate)",2004,7.303,,1
IDN,Indonesia,SL.UEM.TOTL.ZS,"Unemployment, total (% of total labor force) (modeled ILO estimate)",2003,6.657,,1
IDN,Indonesia,SL.UEM.TOTL.ZS,"Unemployment, total (% of total labor force) (modeled ILO estimate)",2002,6.604,,1
IDN,Indonesia,SL.UEM.TOTL.ZS,"Unemployment, total (% of total labor force) (modeled ILO estimate)",2001,6.082,,1
IDN,Indonesia,SL.UEM.TOTL.ZS,"Unemployment, total (% of total labor force) (modeled ILO estimate)",2000,6.077,,1
IDN,Indonesia,SL.UEM.TOTL.ZS,"Unemployment, total (% of total labor force) (modeled ILO estimate)",1999,6.358,,1
IDN,Indonesia,SL.UEM.TOTL.ZS,"Unemployment, total (% of total labor force) (modeled ILO estimate)",1998,5.459,,1
IDN,Indonesia,SL.UEM.TOTL.ZS,"Unemployment, total (% of total labor force) (modeled ILO estimate)",1997,4.684,,1
IDN,Indonesia,SL.UEM.TOTL.ZS,"Unemployment, total (% of total labor force) (modeled ILO estimate)",1996,4.861,,1
IDN,Indonesia,SL.UEM.TOTL.ZS,"Unemployment, total (% of total labor force) (modeled ILO estimate)",1995,4.611,,1
IDN,Indonesia,SL.UEM.TOTL.ZS,"Unemployment, total (% of total labor force) (modeled ILO estimate)",1994,4.366,,1
IDN,Indonesia,SL.UEM.TOTL.ZS,"Unemployment, total (% of total labor force) (modeled ILO estimate)",1993,2.782,,1
IDN,Indonesia,SL.UEM.TOTL.ZS,"Unemployment, total (% of total labor force) (modeled ILO estimate)",1992,2.734,,1
IDN,Indonesia,SL.UEM.TOTL.ZS,"Unemployment, total (% of total labor force) (modeled ILO estimate)",1991,2.617,,1
IRN,"Iran, Islamic Rep.",SL.UEM.TOTL.ZS,"Unemployment, total (% of total labor force) (modeled ILO estimate)",2024,8.146,,1
IRN,"Iran, Islamic Rep.",SL.UEM.TOTL.ZS,"Unemployment, total (% of total labor force) (modeled ILO estimate)",2023,8.129,,1
IRN,"Iran, Islamic Rep.",SL.UEM.TOTL.ZS,"Unemployment, total (% of total labor force) (modeled ILO estimate)",2022,9.085,,1
IRN,"Iran, Islamic Rep.",SL.UEM.TOTL.ZS,"Unemployment, total (% of total labor force) (modeled ILO estimate)",2021,9.282,,1
IRN,"Iran, Islamic Rep.",SL.UEM.TOTL.ZS,"Unemployment, total (% of total labor force) (modeled ILO estimate)",2020,9.687,,1
IRN,"Iran, Islamic Rep.",SL.UEM.TOTL.ZS,"Unemployment, total (% of total labor force) (modeled ILO estimate)",2019,10.74,,1
IRN,"Iran, Islamic Rep.",SL.UEM.TOTL.ZS,"Unemployment, total (% of total labor force) (modeled ILO estimate)",2018,12.195,,1
IRN,"Iran, Islamic Rep.",SL.UEM.TOTL.ZS,"Unemployment, total (% of total labor force) (modeled ILO estimate)",2017,12.232,,1
IRN,"Iran, Islamic Rep.",SL.UEM.TOTL.ZS,"Unemployment, total (% of total labor force) (modeled ILO estimate)",2016,12.618,,1
IRN,"Iran, Islamic Rep.",SL.UEM.TOTL.ZS,"Unemployment, total (% of total labor force) (modeled ILO estimate)",2015,11.166,,1
IRN,"Iran, Islamic Rep.",SL.UEM.TOTL.ZS,"Unemployment, total (% of total labor force) (modeled ILO estimate)",2014,10.68,,1
IRN,"Iran, Islamic Rep.",SL.UEM.TOTL.ZS,"Unemployment, total (% of total labor force) (modeled ILO estimate)",2013,10.595,,1
IRN,"Iran, Islamic Rep.",SL.UEM.TOTL.ZS,"Unemployment, total (% of total labor force) (modeled ILO estimate)",2012,12.275,,1
IRN,"Iran, Islamic Rep.",SL.UEM.TOTL.ZS,"Unemployment, total (% of total labor force) (modeled ILO estimate)",2011,12.491,,1
IRN,"Iran, Islamic Rep.",SL.UEM.TOTL.ZS,"Unemployment, total (% of total labor force) (modeled ILO estimate)",2010,13.679,,1
IRN,"Iran, Islamic Rep.",SL.UEM.TOTL.ZS,"Unemployment, total (% of total labor force) (modeled ILO estimate)",2009,12.113,,1
IRN,"Iran, Islamic Rep.",SL.UEM.TOTL.ZS,"Unemployment, total (% of total labor force) (modeled ILO estimate)",2008,10.63,,1
IRN,"Iran, Islamic Rep.",SL.UEM.TOTL.ZS,"Unemployment, total (% of total labor force) (modeled ILO estimate)",2007,10.772,,1
IRN,"Iran, Islamic Rep.",SL.UEM.TOTL.ZS,"Unemployment, total (% of total labor force) (modeled ILO estimate)",2006,11.519,,1
IRN,"Iran, Islamic Rep.",SL.UEM.TOTL.ZS,"Unemployment, total (% of total labor force) (modeled ILO estimate)",2005,11.813,,1
IRN,"Iran, Islamic Rep.",SL.UEM.TOTL.ZS,"Unemployment, total (% of total labor force) (modeled ILO estimate)",2004,10.3,,1
IRN,"Iran, Islamic Rep.",SL.UEM.TOTL.ZS,"Unemployment, total (% of total labor force) (modeled ILO estimate)",2003,11.529,,1
IRN,"Iran, Islamic Rep.",SL.UEM.TOTL.ZS,"Unemployment, total (% of total labor force) (modeled ILO estimate)",2002,12.8,,1
IRN,"Iran, Islamic Rep.",SL.UEM.TOTL.ZS,"Unemployment, total (% of total labor force) (modeled ILO estimate)",2001,12.362,,1
IRN,"Iran, Islamic Rep.",SL.UEM.TOTL.ZS,"Unemployment, total (% of total labor force) (modeled ILO estimate)",2000,11.698,,1
IRN,"Iran, Islamic Rep.",SL.UEM.TOTL.ZS,"Unemployment, total (% of total labor force) (modeled ILO estimate)",1999,11.176,,1
IRN,"Iran, Islamic Rep.",SL.UEM.TOTL.ZS,"Unemployment, total (% of total labor force) (modeled ILO estimate)",1998,10.358,,1
IRN,"Iran, Islamic Rep.",SL.UEM.TOTL.ZS,"Unemployment, total (% of total labor force) (modeled ILO estimate)",1997,9.68,,1
IRN,"Iran, Islamic Rep.",SL.UEM.TOTL.ZS,"Unemployment, total (% of total labor force) (modeled ILO estimate)",1996,9.1,,1
IRN,"Iran, Islamic Rep.",SL.UEM.TOTL.ZS,"Unemployment, total (% of total labor force) (modeled ILO estimate)",1995,9.904,,1
IRN,"Iran, Islamic Rep.",SL.UEM.TOTL.ZS,"Unemployment, total (% of total labor force) (modeled ILO estimate)",1994,10.458,,1
IRN,"Iran, Islamic Rep.",SL.UEM.TOTL.ZS,"Unemployment, total (% of total labor force) (modeled ILO estimate)",1993,10.573,,1
IRN,"Iran, Islamic Rep.",SL.UEM.TOTL.ZS,"Unemployment, total (% of total labor force) (modeled ILO estimate)",1992,10.653,,1
IRN,"Iran, Islamic Rep.",SL.UEM.TOTL.ZS,"Unemployment, total (% of total labor force) (modeled ILO estimate)",1991,11.1,,1
IRQ,Iraq,SL.UEM.TOTL.ZS,"Unemployment, total (% of total labor force) (modeled ILO estimate)",2024,15.293,,1
IRQ,Iraq,SL.UEM.TOTL.ZS,"Unemployment, total (% of total labor force) (modeled ILO estimate)",2023,15.239,,1
IRQ,Iraq,SL.UEM.TOTL.ZS,"Unemployment, total (% of total labor force) (modeled ILO estimate)",2022,15.41,,1
IRQ,Iraq,SL.UEM.TOTL.ZS,"Unemployment, total (% of total labor force) (modeled ILO estimate)",2021,16.173,,1
IRQ,Iraq,SL.UEM.TOTL.ZS,"Unemployment, total (% of total labor force) (modeled ILO estimate)",2020,15.766,,1
IRQ,Iraq,SL.UEM.TOTL.ZS,"Unemployment, total (% of total labor force) (modeled ILO estimate)",2019,14.096,,1
IRQ,Iraq,SL.UEM.TOTL.ZS,"Unemployment, total (% of total labor force) (modeled ILO estimate)",2018,13.458,,1
IRQ,Iraq,SL.UEM.TOTL.ZS,"Unemployment, total (% of total labor force) (modeled ILO estimate)",2017,13.02,,1
IRQ,Iraq,SL.UEM.TOTL.ZS,"Unemployment, total (% of total labor force) (modeled ILO estimate)",2016,10.82,,1
IRQ,Iraq,SL.UEM.TOTL.ZS,"Unemployment, total (% of total labor force) (modeled ILO estimate)",2015,10.865,,1
IRQ,Iraq,SL.UEM.TOTL.ZS,"Unemployment, total (% of total labor force) (modeled ILO estimate)",2014,10.59,,1
IRQ,Iraq,SL.UEM.TOTL.ZS,"Unemployment, total (% of total labor force) (modeled ILO estimate)",2013,9.222,,1
IRQ,Iraq,SL.UEM.TOTL.ZS,"Unemployment, total (% of total labor force) (modeled ILO estimate)",2012,7.965,,1
IRQ,Iraq,SL.UEM.TOTL.ZS,"Unemployment, total (% of total labor force) (modeled ILO estimate)",2011,8.193,,1
IRQ,Iraq,SL.UEM.TOTL.ZS,"Unemployment, total (% of total labor force) (modeled ILO estimate)",2010,8.267,,1
IRQ,Iraq,SL.UEM.TOTL.ZS,"Unemployment, total (% of total labor force) (modeled ILO estimate)",2009,8.415,,1
IRQ,Iraq,SL.UEM.TOTL.ZS,"Unemployment, total (% of total labor force) (modeled ILO estimate)",2008,8.466,,1
IRQ,Iraq,SL.UEM.TOTL.ZS,"Unemployment, total (% of total labor force) (modeled ILO estimate)",2007,8.646,,1
IRQ,Iraq,SL.UEM.TOTL.ZS,"Unemployment, total (% of total labor force) (modeled ILO estimate)",2006,8.411,,1
IRQ,Iraq,SL.UEM.TOTL.ZS,"Unemployment, total (% of total labor force) (modeled ILO estimate)",2005,8.57,,1
IRQ,Iraq,SL.UEM.TOTL.ZS,"Unemployment, total (% of total labor force) (modeled ILO estimate)",2004,8.715,,1
IRQ,Iraq,SL.UEM.TOTL.ZS,"Unemployment, total (% of total labor force) (modeled ILO estimate)",2003,8.959,,1
IRQ,Iraq,SL.UEM.TOTL.ZS,"Unemployment, total (% of total labor force) (modeled ILO estimate)",2002,8.619,,1
IRQ,Iraq,SL.UEM.TOTL.ZS,"Unemployment, total (% of total labor force) (modeled ILO estimate)",2001,8.249,,1
IRQ,Iraq,SL.UEM.TOTL.ZS,"Unemployment, total (% of total labor force) (modeled ILO estimate)",2000,8.038,,1
IRQ,Iraq,SL.UEM.TOTL.ZS,"Unemployment, total (% of total labor force) (modeled ILO estimate)",1999,7.979,,1
IRQ,Iraq,SL.UEM.TOTL.ZS,"Unemployment, total (% of total labor force) (modeled ILO estimate)",1998,8.064,,1
IRQ,Iraq,SL.UEM.TOTL.ZS,"Unemployment, total (% of total labor force) (modeled ILO estimate)",1997,8.269,,1
IRQ,Iraq,SL.UEM.TOTL.ZS,"Unemployment, total (% of total labor force) (modeled ILO estimate)",1996,8.516,,1
IRQ,Iraq,SL.UEM.TOTL.ZS,"Unemployment, total (% of total labor force) (modeled ILO estimate)",1995,8.431,,1
IRQ,Iraq,SL.UEM.TOTL.ZS,"Unemployment, total (% of total labor force) (modeled ILO estimate)",1994,8.221,,1
IRQ,Iraq,SL.UEM.TOTL.ZS,"Unemployment, total (% of total labor force) (modeled ILO estimate)",1993,8.36,,1
IRQ,Iraq,SL.UEM.TOTL.ZS,"Unemployment, total (% of total labor force) (modeled ILO estimate)",1992,8.346,,1
IRQ,Iraq,SL.UEM.TOTL.ZS,"Unemployment, total (% of total labor force) (modeled ILO estimate)",1991,8.639,,1
IRL,Ireland,SL.UEM.TOTL.ZS,"Unemployment, total (% of total labor force) (modeled ILO estimate)",2024,4.3,,1
IRL,Ireland,SL.UEM.TOTL.ZS,"Unemployment, total (% of total labor force) (modeled ILO estimate)",2023,4.243,,1
IRL,Ireland,SL.UEM.TOTL.ZS,"Unemployment, total (% of total labor force) (modeled ILO estimate)",2022,4.465,,1
IRL,Ireland,SL.UEM.TOTL.ZS,"Unemployment, total (% of total labor force) (modeled ILO estimate)",2021,6.357,,1
IRL,Ireland,SL.UEM.TOTL.ZS,"Unemployment, total (% of total labor force) (modeled ILO estimate)",2020,5.623,,1
IRL,Ireland,SL.UEM.TOTL.ZS,"Unemployment, total (% of total labor force) (modeled ILO estimate)",2019,4.95,,1
IRL,Ireland,SL.UEM.TOTL.ZS,"Unemployment, total (% of total labor force) (modeled ILO estimate)",2018,5.741,,1
IRL,Ireland,SL.UEM.TOTL.ZS,"Unemployment, total (% of total labor force) (modeled ILO estimate)",2017,6.713,,1
IRL,Ireland,SL.UEM.TOTL.ZS,"Unemployment, total (% of total labor force) (modeled ILO estimate)",2016,8.374,,1
IRL,Ireland,SL.UEM.TOTL.ZS,"Unemployment, total (% of total labor force) (modeled ILO estimate)",2015,9.908,,1
IRL,Ireland,SL.UEM.TOTL.ZS,"Unemployment, total (% of total labor force) (modeled ILO estimate)",2014,11.858,,1
IRL,Ireland,SL.UEM.TOTL.ZS,"Unemployment, total (% of total labor force) (modeled ILO estimate)",2013,13.735,,1
IRL,Ireland,SL.UEM.TOTL.ZS,"Unemployment, total (% of total labor force) (modeled ILO estimate)",2012,15.451,,1
IRL,Ireland,SL.UEM.TOTL.ZS,"Unemployment, total (% of total labor force) (modeled ILO estimate)",2011,15.354,,1
IRL,Ireland,SL.UEM.TOTL.ZS,"Unemployment, total (% of total labor force) (modeled ILO estimate)",2010,14.534,,1
IRL,Ireland,SL.UEM.TOTL.ZS,"Unemployment, total (% of total labor force) (modeled ILO estimate)",2009,12.609,,1
IRL,Ireland,SL.UEM.TOTL.ZS,"Unemployment, total (% of total labor force) (modeled ILO estimate)",2008,6.774,,1
IRL,Ireland,SL.UEM.TOTL.ZS,"Unemployment, total (% of total labor force) (modeled ILO estimate)",2007,4.98,,1
IRL,Ireland,SL.UEM.TOTL.ZS,"Unemployment, total (% of total labor force) (modeled ILO estimate)",2006,4.355,,1
IRL,Ireland,SL.UEM.TOTL.ZS,"Unemployment, total (% of total labor force) (modeled ILO estimate)",2005,4.237,,1
IRL,Ireland,SL.UEM.TOTL.ZS,"Unemployment, total (% of total labor force) (modeled ILO estimate)",2004,4.491,,1
IRL,Ireland,SL.UEM.TOTL.ZS,"Unemployment, total (% of total labor force) (modeled ILO estimate)",2003,4.478,,1
IRL,Ireland,SL.UEM.TOTL.ZS,"Unemployment, total (% of total labor force) (modeled ILO estimate)",2002,4.216,,1
IRL,Ireland,SL.UEM.TOTL.ZS,"Unemployment, total (% of total labor force) (modeled ILO estimate)",2001,3.684,,1
IRL,Ireland,SL.UEM.TOTL.ZS,"Unemployment, total (% of total labor force) (modeled ILO estimate)",2000,4.318,,1
IRL,Ireland,SL.UEM.TOTL.ZS,"Unemployment, total (% of total labor force) (modeled ILO estimate)",1999,5.804,,1
IRL,Ireland,SL.UEM.TOTL.ZS,"Unemployment, total (% of total labor force) (modeled ILO estimate)",1998,7.699,,1
IRL,Ireland,SL.UEM.TOTL.ZS,"Unemployment, total (% of total labor force) (modeled ILO estimate)",1997,10.191,,1
IRL,Ireland,SL.UEM.TOTL.ZS,"Unemployment, total (% of total labor force) (modeled ILO estimate)",1996,11.692,,1
IRL,Ireland,SL.UEM.TOTL.ZS,"Unemployment, total (% of total labor force) (modeled ILO estimate)",1995,11.97,,1
IRL,Ireland,SL.UEM.TOTL.ZS,"Unemployment, total (% of total labor force) (modeled ILO estimate)",1994,14.544,,1
IRL,Ireland,SL.UEM.TOTL.ZS,"Unemployment, total (% of total labor force) (modeled ILO estimate)",1993,15.571,,1
IRL,Ireland,SL.UEM.TOTL.ZS,"Unemployment, total (% of total labor force) (modeled ILO estimate)",1992,15.021,,1
IRL,Ireland,SL.UEM.TOTL.ZS,"Unemployment, total (% of total labor force) (modeled ILO estimate)",1991,15.771,,1
ISR,Israel,SL.UEM.TOTL.ZS,"Unemployment, total (% of total labor force) (modeled ILO estimate)",2024,3.595,,1
ISR,Israel,SL.UEM.TOTL.ZS,"Unemployment, total (% of total labor force) (modeled ILO estimate)",2023,3.371,,1
ISR,Israel,SL.UEM.TOTL.ZS,"Unemployment, total (% of total labor force) (modeled ILO estimate)",2022,3.695,,1
ISR,Israel,SL.UEM.TOTL.ZS,"Unemployment, total (% of total labor force) (modeled ILO estimate)",2021,4.812,,1
ISR,Israel,SL.UEM.TOTL.ZS,"Unemployment, total (% of total labor force) (modeled ILO estimate)",2020,4.169,,1
ISR,Israel,SL.UEM.TOTL.ZS,"Unemployment, total (% of total labor force) (modeled ILO estimate)",2019,3.731,,1
ISR,Israel,SL.UEM.TOTL.ZS,"Unemployment, total (% of total labor force) (modeled ILO estimate)",2018,3.917,,1
ISR,Israel,SL.UEM.TOTL.ZS,"Unemployment, total (% of total labor force) (modeled ILO estimate)",2017,4.14,,1
ISR,Israel,SL.UEM.TOTL.ZS,"Unemployment, total (% of total labor force) (modeled ILO estimate)",2016,4.723,,1
ISR,Israel,SL.UEM.TOTL.ZS,"Unemployment, total (% of total labor force) (modeled ILO estimate)",2015,5.176,,1
ISR,Israel,SL.UEM.TOTL.ZS,"Unemployment, total (% of total labor force) (modeled ILO estimate)",2014,5.789,,1
ISR,Israel,SL.UEM.TOTL.ZS,"Unemployment, total (% of total labor force) (modeled ILO estimate)",2013,6.137,,1
ISR,Israel,SL.UEM.TOTL.ZS,"Unemployment, total (% of total labor force) (modeled ILO estimate)",2012,6.762,,1
ISR,Israel,SL.UEM.TOTL.ZS,"Unemployment, total (% of total labor force) (modeled ILO estimate)",2011,7.139,,1
ISR,Israel,SL.UEM.TOTL.ZS,"Unemployment, total (% of total labor force) (modeled ILO estimate)",2010,8.48,,1
ISR,Israel,SL.UEM.TOTL.ZS,"Unemployment, total (% of total labor force) (modeled ILO estimate)",2009,9.534,,1
ISR,Israel,SL.UEM.TOTL.ZS,"Unemployment, total (% of total labor force) (modeled ILO estimate)",2008,7.704,,1
ISR,Israel,SL.UEM.TOTL.ZS,"Unemployment, total (% of total labor force) (modeled ILO estimate)",2007,9.379,,1
ISR,Israel,SL.UEM.TOTL.ZS,"Unemployment, total (% of total labor force) (modeled ILO estimate)",2006,10.707,,1
ISR,Israel,SL.UEM.TOTL.ZS,"Unemployment, total (% of total labor force) (modeled ILO estimate)",2005,11.342,,1
ISR,Israel,SL.UEM.TOTL.ZS,"Unemployment, total (% of total labor force) (modeled ILO estimate)",2004,13.029,,1
ISR,Israel,SL.UEM.TOTL.ZS,"Unemployment, total (% of total labor force) (modeled ILO estimate)",2003,13.505,,1
ISR,Israel,SL.UEM.TOTL.ZS,"Unemployment, total (% of total labor force) (modeled ILO estimate)",2002,12.888,,1
ISR,Israel,SL.UEM.TOTL.ZS,"Unemployment, total (% of total labor force) (modeled ILO estimate)",2001,11.812,,1
ISR,Israel,SL.UEM.TOTL.ZS,"Unemployment, total (% of total labor force) (modeled ILO estimate)",2000,11.102,,1
ISR,Israel,SL.UEM.TOTL.ZS,"Unemployment, total (% of total labor force) (modeled ILO estimate)",1999,11.183,,1
ISR,Israel,SL.UEM.TOTL.ZS,"Unemployment, total (% of total labor force) (modeled ILO estimate)",1998,10.749,,1
ISR,Israel,SL.UEM.TOTL.ZS,"Unemployment, total (% of total labor force) (modeled ILO estimate)",1997,9.751,,1
ISR,Israel,SL.UEM.TOTL.ZS,"Unemployment, total (% of total labor force) (modeled ILO estimate)",1996,8.455,,1
ISR,Israel,SL.UEM.TOTL.ZS,"Unemployment, total (% of total labor force) (modeled ILO estimate)",1995,8.782,,1
ISR,Israel,SL.UEM.TOTL.ZS,"Unemployment, total (% of total labor force) (modeled ILO estimate)",1994,9.934,,1
ISR,Israel,SL.UEM.TOTL.ZS,"Unemployment, total (% of total labor force) (modeled ILO estimate)",1993,12.741,,1
ISR,Israel,SL.UEM.TOTL.ZS,"Unemployment, total (% of total labor force) (modeled ILO estimate)",1992,14.08,,1
ISR,Israel,SL.UEM.TOTL.ZS,"Unemployment, total (% of total labor force) (modeled ILO estimate)",1991,13.387,,1
ITA,Italy,SL.UEM.TOTL.ZS,"Unemployment, total (% of total labor force) (modeled ILO estimate)",2024,6.5,,1
ITA,Italy,SL.UEM.TOTL.ZS,"Unemployment, total (% of total labor force) (modeled ILO estimate)",2023,7.627,,1
ITA,Italy,SL.UEM.TOTL.ZS,"Unemployment, total (% of total labor force) (modeled ILO estimate)",2022,8.069,,1
ITA,Italy,SL.UEM.TOTL.ZS,"Unemployment, total (% of total labor force) (modeled ILO estimate)",2021,9.497,,1
ITA,Italy,SL.UEM.TOTL.ZS,"Unemployment, total (% of total labor force) (modeled ILO estimate)",2020,9.192,,1
ITA,Italy,SL.UEM.TOTL.ZS,"Unemployment, total (% of total labor force) (modeled ILO estimate)",2019,9.884,,1
ITA,Italy,SL.UEM.TOTL.ZS,"Unemployment, total (% of total labor force) (modeled ILO estimate)",2018,10.538,,1
ITA,Italy,SL.UEM.TOTL.ZS,"Unemployment, total (% of total labor force) (modeled ILO estimate)",2017,11.211,,1
ITA,Italy,SL.UEM.TOTL.ZS,"Unemployment, total (% of total labor force) (modeled ILO estimate)",2016,11.688,,1
ITA,Italy,SL.UEM.TOTL.ZS,"Unemployment, total (% of total labor force) (modeled ILO estimate)",2015,11.896,,1
ITA,Italy,SL.UEM.TOTL.ZS,"Unemployment, total (% of total labor force) (modeled ILO estimate)",2014,12.683,,1
ITA,Italy,SL.UEM.TOTL.ZS,"Unemployment, total (% of total labor force) (modeled ILO estimate)",2013,12.149,,1
ITA,Italy,SL.UEM.TOTL.ZS,"Unemployment, total (% of total labor force) (modeled ILO estimate)",2012,10.655,,1
ITA,Italy,SL.UEM.TOTL.ZS,"Unemployment, total (% of total labor force) (modeled ILO estimate)",2011,8.359,,1
ITA,Italy,SL.UEM.TOTL.ZS,"Unemployment, total (% of total labor force) (modeled ILO estimate)",2010,8.363,,1
ITA,Italy,SL.UEM.TOTL.ZS,"Unemployment, total (% of total labor force) (modeled ILO estimate)",2009,7.749,,1
ITA,Italy,SL.UEM.TOTL.ZS,"Unemployment, total (% of total labor force) (modeled ILO estimate)",2008,6.723,,1
ITA,Italy,SL.UEM.TOTL.ZS,"Unemployment, total (% of total labor force) (modeled ILO estimate)",2007,6.076,,1
ITA,Italy,SL.UEM.TOTL.ZS,"Unemployment, total (% of total labor force) (modeled ILO estimate)",2006,6.777,,1
ITA,Italy,SL.UEM.TOTL.ZS,"Unemployment, total (% of total labor force) (modeled ILO estimate)",2005,7.73,,1
ITA,Italy,SL.UEM.TOTL.ZS,"Unemployment, total (% of total labor force) (modeled ILO estimate)",2004,7.866,,1
ITA,Italy,SL.UEM.TOTL.ZS,"Unemployment, total (% of total labor force) (modeled ILO estimate)",2003,8.869,,1
ITA,Italy,SL.UEM.TOTL.ZS,"Unemployment, total (% of total labor force) (modeled ILO estimate)",2002,9.211,,1
ITA,Italy,SL.UEM.TOTL.ZS,"Unemployment, total (% of total labor force) (modeled ILO estimate)",2001,9.599,,1
ITA,Italy,SL.UEM.TOTL.ZS,"Unemployment, total (% of total labor force) (modeled ILO estimate)",2000,10.834,,1
ITA,Italy,SL.UEM.TOTL.ZS,"Unemployment, total (% of total labor force) (modeled ILO estimate)",1999,11.681,,1
ITA,Italy,SL.UEM.TOTL.ZS,"Unemployment, total (% of total labor force) (modeled ILO estimate)",1998,12.117,,1
ITA,Italy,SL.UEM.TOTL.ZS,"Unemployment, total (% of total labor force) (modeled ILO estimate)",1997,11.985,,1
ITA,Italy,SL.UEM.TOTL.ZS,"Unemployment, total (% of total labor force) (modeled ILO estimate)",1996,11.864,,1
ITA,Italy,SL.UEM.TOTL.ZS,"Unemployment, total (% of total labor force) (modeled ILO estimate)",1995,11.661,,1
ITA,Italy,SL.UEM.TOTL.ZS,"Unemployment, total (% of total labor force) (modeled ILO estimate)",1994,11.086,,1
ITA,Italy,SL.UEM.TOTL.ZS,"Unemployment, total (% of total labor force) (modeled ILO estimate)",1993,10.212,,1
ITA,Italy,SL.UEM.TOTL.ZS,"Unemployment, total (% of total labor force) (modeled ILO estimate)",1992,9.321,,1
ITA,Italy,SL.UEM.TOTL.ZS,"Unemployment, total (% of total labor force) (modeled ILO estimate)",1991,10.097,,1
JAM,Jamaica,SL.UEM.TOTL.ZS,"Unemployment, total (% of total labor force) (modeled ILO estimate)",2024,3.151,,1
JAM,Jamaica,SL.UEM.TOTL.ZS,"Unemployment, total (% of total labor force) (modeled ILO estimate)",2023,3.022,,1
JAM,Jamaica,SL.UEM.TOTL.ZS,"Unemployment, total (% of total labor force) (modeled ILO estimate)",2022,4.083,,1
JAM,Jamaica,SL.UEM.TOTL.ZS,"Unemployment, total (% of total labor force) (modeled ILO estimate)",2021,5.188,,1
JAM,Jamaica,SL.UEM.TOTL.ZS,"Unemployment, total (% of total labor force) (modeled ILO estimate)",2020,6.501,,1
JAM,Jamaica,SL.UEM.TOTL.ZS,"Unemployment, total (% of total labor force) (modeled ILO estimate)",2019,4.987,,1
JAM,Jamaica,SL.UEM.TOTL.ZS,"Unemployment, total (% of total labor force) (modeled ILO estimate)",2018,5.47,,1
JAM,Jamaica,SL.UEM.TOTL.ZS,"Unemployment, total (% of total labor force) (modeled ILO estimate)",2017,7.399,,1
JAM,Jamaica,SL.UEM.TOTL.ZS,"Unemployment, total (% of total labor force) (modeled ILO estimate)",2016,8.634,,1
JAM,Jamaica,SL.UEM.TOTL.ZS,"Unemployment, total (% of total labor force) (modeled ILO estimate)",2015,8.825,,1
JAM,Jamaica,SL.UEM.TOTL.ZS,"Unemployment, total (% of total labor force) (modeled ILO estimate)",2014,9.046,,1
JAM,Jamaica,SL.UEM.TOTL.ZS,"Unemployment, total (% of total labor force) (modeled ILO estimate)",2013,9.698,,1
JAM,Jamaica,SL.UEM.TOTL.ZS,"Unemployment, total (% of total labor force) (modeled ILO estimate)",2012,8.695,,1
JAM,Jamaica,SL.UEM.TOTL.ZS,"Unemployment, total (% of total labor force) (modeled ILO estimate)",2011,8.034,,1
JAM,Jamaica,SL.UEM.TOTL.ZS,"Unemployment, total (% of total labor force) (modeled ILO estimate)",2010,7.63,,1
JAM,Jamaica,SL.UEM.TOTL.ZS,"Unemployment, total (% of total labor force) (modeled ILO estimate)",2009,7.314,,1
JAM,Jamaica,SL.UEM.TOTL.ZS,"Unemployment, total (% of total labor force) (modeled ILO estimate)",2008,6.666,,1
JAM,Jamaica,SL.UEM.TOTL.ZS,"Unemployment, total (% of total labor force) (modeled ILO estimate)",2007,6.607,,1
JAM,Jamaica,SL.UEM.TOTL.ZS,"Unemployment, total (% of total labor force) (modeled ILO estimate)",2006,6.605,,1
JAM,Jamaica,SL.UEM.TOTL.ZS,"Unemployment, total (% of total labor force) (modeled ILO estimate)",2005,6.577,,1
JAM,Jamaica,SL.UEM.TOTL.ZS,"Unemployment, total (% of total labor force) (modeled ILO estimate)",2004,6.539,,1
JAM,Jamaica,SL.UEM.TOTL.ZS,"Unemployment, total (% of total labor force) (modeled ILO estimate)",2003,6.534,,1
JAM,Jamaica,SL.UEM.TOTL.ZS,"Unemployment, total (% of total labor force) (modeled ILO estimate)",2002,6.616,,1
JAM,Jamaica,SL.UEM.TOTL.ZS,"Unemployment, total (% of total labor force) (modeled ILO estimate)",2001,6.641,,1
JAM,Jamaica,SL.UEM.TOTL.ZS,"Unemployment, total (% of total labor force) (modeled ILO estimate)",2000,6.752,,1
JAM,Jamaica,SL.UEM.TOTL.ZS,"Unemployment, total (% of total labor force) (modeled ILO estimate)",1999,6.813,,1
JAM,Jamaica,SL.UEM.TOTL.ZS,"Unemployment, total (% of total labor force) (modeled ILO estimate)",1998,6.846,,1
JAM,Jamaica,SL.UEM.TOTL.ZS,"Unemployment, total (% of total labor force) (modeled ILO estimate)",1997,6.693,,1
JAM,Jamaica,SL.UEM.TOTL.ZS,"Unemployment, total (% of total labor force) (modeled ILO estimate)",1996,6.611,,1
JAM,Jamaica,SL.UEM.TOTL.ZS,"Unemployment, total (% of total labor force) (modeled ILO estimate)",1995,6.325,,1
JAM,Jamaica,SL.UEM.TOTL.ZS,"Unemployment, total (% of total labor force) (modeled ILO estimate)",1994,6.335,,1
JAM,Jamaica,SL.UEM.TOTL.ZS,"Unemployment, total (% of total labor force) (modeled ILO estimate)",1993,6.235,,1
JAM,Jamaica,SL.UEM.TOTL.ZS,"Unemployment, total (% of total labor force) (modeled ILO estimate)",1992,6.383,,1
JAM,Jamaica,SL.UEM.TOTL.ZS,"Unemployment, total (% of total labor force) (modeled ILO estimate)",1991,6.233,,1
JPN,Japan,SL.UEM.TOTL.ZS,"Unemployment, total (% of total labor force) (modeled ILO estimate)",2024,2.5,,1
JPN,Japan,SL.UEM.TOTL.ZS,"Unemployment, total (% of total labor force) (modeled ILO estimate)",2023,2.6,,1
JPN,Japan,SL.UEM.TOTL.ZS,"Unemployment, total (% of total labor force) (modeled ILO estimate)",2022,2.614,,1
JPN,Japan,SL.UEM.TOTL.ZS,"Unemployment, total (% of total labor force) (modeled ILO estimate)",2021,2.808,,1
JPN,Japan,SL.UEM.TOTL.ZS,"Unemployment, total (% of total labor force) (modeled ILO estimate)",2020,2.809,,1
JPN,Japan,SL.UEM.TOTL.ZS,"Unemployment, total (% of total labor force) (modeled ILO estimate)",2019,2.351,,1
JPN,Japan,SL.UEM.TOTL.ZS,"Unemployment, total (% of total labor force) (modeled ILO estimate)",2018,2.467,,1
JPN,Japan,SL.UEM.TOTL.ZS,"Unemployment, total (% of total labor force) (modeled ILO estimate)",2017,2.822,,1
JPN,Japan,SL.UEM.TOTL.ZS,"Unemployment, total (% of total labor force) (modeled ILO estimate)",2016,3.132,,1
JPN,Japan,SL.UEM.TOTL.ZS,"Unemployment, total (% of total labor force) (modeled ILO estimate)",2015,3.385,,1
JPN,Japan,SL.UEM.TOTL.ZS,"Unemployment, total (% of total labor force) (modeled ILO estimate)",2014,3.589,,1
JPN,Japan,SL.UEM.TOTL.ZS,"Unemployment, total (% of total labor force) (modeled ILO estimate)",2013,4.038,,1
JPN,Japan,SL.UEM.TOTL.ZS,"Unemployment, total (% of total labor force) (modeled ILO estimate)",2012,4.358,,1
JPN,Japan,SL.UEM.TOTL.ZS,"Unemployment, total (% of total labor force) (modeled ILO estimate)",2011,4.55,,1
JPN,Japan,SL.UEM.TOTL.ZS,"Unemployment, total (% of total labor force) (modeled ILO estimate)",2010,5.102,,1
JPN,Japan,SL.UEM.TOTL.ZS,"Unemployment, total (% of total labor force) (modeled ILO estimate)",2009,5.068,,1
JPN,Japan,SL.UEM.TOTL.ZS,"Unemployment, total (% of total labor force) (modeled ILO estimate)",2008,4.002,,1
JPN,Japan,SL.UEM.TOTL.ZS,"Unemployment, total (% of total labor force) (modeled ILO estimate)",2007,3.888,,1
JPN,Japan,SL.UEM.TOTL.ZS,"Unemployment, total (% of total labor force) (modeled ILO estimate)",2006,4.192,,1
JPN,Japan,SL.UEM.TOTL.ZS,"Unemployment, total (% of total labor force) (modeled ILO estimate)",2005,4.446,,1
JPN,Japan,SL.UEM.TOTL.ZS,"Unemployment, total (% of total labor force) (modeled ILO estimate)",2004,4.734,,1
JPN,Japan,SL.UEM.TOTL.ZS,"Unemployment, total (% of total labor force) (modeled ILO estimate)",2003,5.251,,1
JPN,Japan,SL.UEM.TOTL.ZS,"Unemployment, total (% of total labor force) (modeled ILO estimate)",2002,5.386,,1
JPN,Japan,SL.UEM.TOTL.ZS,"Unemployment, total (% of total labor force) (modeled ILO estimate)",2001,5.02,,1
JPN,Japan,SL.UEM.TOTL.ZS,"Unemployment, total (% of total labor force) (modeled ILO estimate)",2000,4.748,,1
JPN,Japan,SL.UEM.TOTL.ZS,"Unemployment, total (% of total labor force) (modeled ILO estimate)",1999,4.677,,1
JPN,Japan,SL.UEM.TOTL.ZS,"Unemployment, total (% of total labor force) (modeled ILO estimate)",1998,4.078,,1
JPN,Japan,SL.UEM.TOTL.ZS,"Unemployment, total (% of total labor force) (modeled ILO estimate)",1997,3.374,,1
JPN,Japan,SL.UEM.TOTL.ZS,"Unemployment, total (% of total labor force) (modeled ILO estimate)",1996,3.383,,1
JPN,Japan,SL.UEM.TOTL.ZS,"Unemployment, total (% of total labor force) (modeled ILO estimate)",1995,3.15,,1
JPN,Japan,SL.UEM.TOTL.ZS,"Unemployment, total (% of total labor force) (modeled ILO estimate)",1994,2.89,,1
JPN,Japan,SL.UEM.TOTL.ZS,"Unemployment, total (% of total labor force) (modeled ILO estimate)",1993,2.539,,1
JPN,Japan,SL.UEM.TOTL.ZS,"Unemployment, total (% of total labor force) (modeled ILO estimate)",1992,2.158,,1
JPN,Japan,SL.UEM.TOTL.ZS,"Unemployment, total (% of total labor force) (modeled ILO estimate)",1991,2.059,,1
JOR,Jordan,SL.UEM.TOTL.ZS,"Unemployment, total (% of total labor force) (modeled ILO estimate)",2024,16.693,,1
JOR,Jordan,SL.UEM.TOTL.ZS,"Unemployment, total (% of total labor force) (modeled ILO estimate)",2023,16.62,,1
JOR,Jordan,SL.UEM.TOTL.ZS,"Unemployment, total (% of total labor force) (modeled ILO estimate)",2022,18.2,,1
JOR,Jordan,SL.UEM.TOTL.ZS,"Unemployment, total (% of total labor force) (modeled ILO estimate)",2021,19.837,,1
JOR,Jordan,SL.UEM.TOTL.ZS,"Unemployment, total (% of total labor force) (modeled ILO estimate)",2020,19.213,,1
JOR,Jordan,SL.UEM.TOTL.ZS,"Unemployment, total (% of total labor force) (modeled ILO estimate)",2019,16.801,,1
JOR,Jordan,SL.UEM.TOTL.ZS,"Unemployment, total (% of total labor force) (modeled ILO estimate)",2018,18.257,,1
JOR,Jordan,SL.UEM.TOTL.ZS,"Unemployment, total (% of total labor force) (modeled ILO estimate)",2017,18.12,,1
JOR,Jordan,SL.UEM.TOTL.ZS,"Unemployment, total (% of total labor force) (modeled ILO estimate)",2016,15.275,,1
JOR,Jordan,SL.UEM.TOTL.ZS,"Unemployment, total (% of total labor force) (modeled ILO estimate)",2015,13.075,,1
JOR,Jordan,SL.UEM.TOTL.ZS,"Unemployment, total (% of total labor force) (modeled ILO estimate)",2014,11.9,,1
JOR,Jordan,SL.UEM.TOTL.ZS,"Unemployment, total (% of total labor force) (modeled ILO estimate)",2013,12.6,,1
JOR,Jordan,SL.UEM.TOTL.ZS,"Unemployment, total (% of total labor force) (modeled ILO estimate)",2012,12.2,,1
JOR,Jordan,SL.UEM.TOTL.ZS,"Unemployment, total (% of total labor force) (modeled ILO estimate)",2011,12.9,,1
JOR,Jordan,SL.UEM.TOTL.ZS,"Unemployment, total (% of total labor force) (modeled ILO estimate)",2010,12.5,,1
JOR,Jordan,SL.UEM.TOTL.ZS,"Unemployment, total (% of total labor force) (modeled ILO estimate)",2009,12.9,,1
JOR,Jordan,SL.UEM.TOTL.ZS,"Unemployment, total (% of total labor force) (modeled ILO estimate)",2008,12.7,,1
JOR,Jordan,SL.UEM.TOTL.ZS,"Unemployment, total (% of total labor force) (modeled ILO estimate)",2007,13.1,,1
JOR,Jordan,SL.UEM.TOTL.ZS,"Unemployment, total (% of total labor force) (modeled ILO estimate)",2006,14,,1
JOR,Jordan,SL.UEM.TOTL.ZS,"Unemployment, total (% of total labor force) (modeled ILO estimate)",2005,14.8,,1
JOR,Jordan,SL.UEM.TOTL.ZS,"Unemployment, total (% of total labor force) (modeled ILO estimate)",2004,14.626,,1
JOR,Jordan,SL.UEM.TOTL.ZS,"Unemployment, total (% of total labor force) (modeled ILO estimate)",2003,14.5,,1
JOR,Jordan,SL.UEM.TOTL.ZS,"Unemployment, total (% of total labor force) (modeled ILO estimate)",2002,15.3,,1
JOR,Jordan,SL.UEM.TOTL.ZS,"Unemployment, total (% of total labor force) (modeled ILO estimate)",2001,14.7,,1
JOR,Jordan,SL.UEM.TOTL.ZS,"Unemployment, total (% of total labor force) (modeled ILO estimate)",2000,13.7,,1
JOR,Jordan,SL.UEM.TOTL.ZS,"Unemployment, total (% of total labor force) (modeled ILO estimate)",1999,13.763,,1
JOR,Jordan,SL.UEM.TOTL.ZS,"Unemployment, total (% of total labor force) (modeled ILO estimate)",1998,13.841,,1
JOR,Jordan,SL.UEM.TOTL.ZS,"Unemployment, total (% of total labor force) (modeled ILO estimate)",1997,13.74,,1
JOR,Jordan,SL.UEM.TOTL.ZS,"Unemployment, total (% of total labor force) (modeled ILO estimate)",1996,13.7,,1
JOR,Jordan,SL.UEM.TOTL.ZS,"Unemployment, total (% of total labor force) (modeled ILO estimate)",1995,14.6,,1
JOR,Jordan,SL.UEM.TOTL.ZS,"Unemployment, total (% of total labor force) (modeled ILO estimate)",1994,16.894,,1
JOR,Jordan,SL.UEM.TOTL.ZS,"Unemployment, total (% of total labor force) (modeled ILO estimate)",1993,19.7,,1
JOR,Jordan,SL.UEM.TOTL.ZS,"Unemployment, total (% of total labor force) (modeled ILO estimate)",1992,19.947,,1
JOR,Jordan,SL.UEM.TOTL.ZS,"Unemployment, total (% of total labor force) (modeled ILO estimate)",1991,21.439,,1
KAZ,Kazakhstan,SL.UEM.TOTL.ZS,"Unemployment, total (% of total labor force) (modeled ILO estimate)",2024,4.833,,1
KAZ,Kazakhstan,SL.UEM.TOTL.ZS,"Unemployment, total (% of total labor force) (modeled ILO estimate)",2023,4.835,,1
KAZ,Kazakhstan,SL.UEM.TOTL.ZS,"Unemployment, total (% of total labor force) (modeled ILO estimate)",2022,4.86,,1
KAZ,Kazakhstan,SL.UEM.TOTL.ZS,"Unemployment, total (% of total labor force) (modeled ILO estimate)",2021,5.568,,1
KAZ,Kazakhstan,SL.UEM.TOTL.ZS,"Unemployment, total (% of total labor force) (modeled ILO estimate)",2020,4.89,,1
KAZ,Kazakhstan,SL.UEM.TOTL.ZS,"Unemployment, total (% of total labor force) (modeled ILO estimate)",2019,4.8,,1
KAZ,Kazakhstan,SL.UEM.TOTL.ZS,"Unemployment, total (% of total labor force) (modeled ILO estimate)",2018,4.85,,1
KAZ,Kazakhstan,SL.UEM.TOTL.ZS,"Unemployment, total (% of total labor force) (modeled ILO estimate)",2017,4.9,,1
KAZ,Kazakhstan,SL.UEM.TOTL.ZS,"Unemployment, total (% of total labor force) (modeled ILO estimate)",2016,4.96,,1
KAZ,Kazakhstan,SL.UEM.TOTL.ZS,"Unemployment, total (% of total labor force) (modeled ILO estimate)",2015,4.93,,1
KAZ,Kazakhstan,SL.UEM.TOTL.ZS,"Unemployment, total (% of total labor force) (modeled ILO estimate)",2014,5.06,,1
KAZ,Kazakhstan,SL.UEM.TOTL.ZS,"Unemployment, total (% of total labor force) (modeled ILO estimate)",2013,5.2,,1
KAZ,Kazakhstan,SL.UEM.TOTL.ZS,"Unemployment, total (% of total labor force) (modeled ILO estimate)",2012,5.29,,1
KAZ,Kazakhstan,SL.UEM.TOTL.ZS,"Unemployment, total (% of total labor force) (modeled ILO estimate)",2011,5.39,,1
KAZ,Kazakhstan,SL.UEM.TOTL.ZS,"Unemployment, total (% of total labor force) (modeled ILO estimate)",2010,5.77,,1
KAZ,Kazakhstan,SL.UEM.TOTL.ZS,"Unemployment, total (% of total labor force) (modeled ILO estimate)",2009,6.55,,1
KAZ,Kazakhstan,SL.UEM.TOTL.ZS,"Unemployment, total (% of total labor force) (modeled ILO estimate)",2008,6.63,,1
KAZ,Kazakhstan,SL.UEM.TOTL.ZS,"Unemployment, total (% of total labor force) (modeled ILO estimate)",2007,7.26,,1
KAZ,Kazakhstan,SL.UEM.TOTL.ZS,"Unemployment, total (% of total labor force) (modeled ILO estimate)",2006,7.79,,1
KAZ,Kazakhstan,SL.UEM.TOTL.ZS,"Unemployment, total (% of total labor force) (modeled ILO estimate)",2005,8.13,,1
KAZ,Kazakhstan,SL.UEM.TOTL.ZS,"Unemployment, total (% of total labor force) (modeled ILO estimate)",2004,8.4,,1
KAZ,Kazakhstan,SL.UEM.TOTL.ZS,"Unemployment, total (% of total labor force) (modeled ILO estimate)",2003,8.78,,1
KAZ,Kazakhstan,SL.UEM.TOTL.ZS,"Unemployment, total (% of total labor force) (modeled ILO estimate)",2002,9.33,,1
KAZ,Kazakhstan,SL.UEM.TOTL.ZS,"Unemployment, total (% of total labor force) (modeled ILO estimate)",2001,10.43,,1
KAZ,Kazakhstan,SL.UEM.TOTL.ZS,"Unemployment, total (% of total labor force) (modeled ILO estimate)",2000,12.75,,1
KAZ,Kazakhstan,SL.UEM.TOTL.ZS,"Unemployment, total (% of total labor force) (modeled ILO estimate)",1999,13.46,,1
KAZ,Kazakhstan,SL.UEM.TOTL.ZS,"Unemployment, total (% of total labor force) (modeled ILO estimate)",1998,13.13,,1
KAZ,Kazakhstan,SL.UEM.TOTL.ZS,"Unemployment, total (% of total labor force) (modeled ILO estimate)",1997,13.01,,1
KAZ,Kazakhstan,SL.UEM.TOTL.ZS,"Unemployment, total (% of total labor force) (modeled ILO estimate)",1996,12.96,,1
KAZ,Kazakhstan,SL.UEM.TOTL.ZS,"Unemployment, total (% of total labor force) (modeled ILO estimate)",1995,10.98,,1
KAZ,Kazakhstan,SL.UEM.TOTL.ZS,"Unemployment, total (% of total labor force) (modeled ILO estimate)",1994,7.54,,1
KAZ,Kazakhstan,SL.UEM.TOTL.ZS,"Unemployment, total (% of total labor force) (modeled ILO estimate)",1993,1.11,,1
KAZ,Kazakhstan,SL.UEM.TOTL.ZS,"Unemployment, total (% of total labor force) (modeled ILO estimate)",1992,1,,1
KAZ,Kazakhstan,SL.UEM.TOTL.ZS,"Unemployment, total (% of total labor force) (modeled ILO estimate)",1991,0.9,,1
KEN,Kenya,SL.UEM.TOTL.ZS,"Unemployment, total (% of total labor force) (modeled ILO estimate)",2024,5.487,,1
KEN,Kenya,SL.UEM.TOTL.ZS,"Unemployment, total (% of total labor force) (modeled ILO estimate)",2023,5.409,,1
KEN,Kenya,SL.UEM.TOTL.ZS,"Unemployment, total (% of total labor force) (modeled ILO estimate)",2022,5.565,,1
KEN,Kenya,SL.UEM.TOTL.ZS,"Unemployment, total (% of total labor force) (modeled ILO estimate)",2021,5.693,,1
KEN,Kenya,SL.UEM.TOTL.ZS,"Unemployment, total (% of total labor force) (modeled ILO estimate)",2020,5.613,,1
KEN,Kenya,SL.UEM.TOTL.ZS,"Unemployment, total (% of total labor force) (modeled ILO estimate)",2019,5.014,,1
KEN,Kenya,SL.UEM.TOTL.ZS,"Unemployment, total (% of total labor force) (modeled ILO estimate)",2018,4.284,,1
KEN,Kenya,SL.UEM.TOTL.ZS,"Unemployment, total (% of total labor force) (modeled ILO estimate)",2017,3.542,,1
KEN,Kenya,SL.UEM.TOTL.ZS,"Unemployment, total (% of total labor force) (modeled ILO estimate)",2016,2.757,,1
KEN,Kenya,SL.UEM.TOTL.ZS,"Unemployment, total (% of total labor force) (modeled ILO estimate)",2015,2.762,,1
KEN,Kenya,SL.UEM.TOTL.ZS,"Unemployment, total (% of total labor force) (modeled ILO estimate)",2014,2.767,,1
KEN,Kenya,SL.UEM.TOTL.ZS,"Unemployment, total (% of total labor force) (modeled ILO estimate)",2013,2.762,,1
KEN,Kenya,SL.UEM.TOTL.ZS,"Unemployment, total (% of total labor force) (modeled ILO estimate)",2012,2.678,,1
KEN,Kenya,SL.UEM.TOTL.ZS,"Unemployment, total (% of total labor force) (modeled ILO estimate)",2011,2.699,,1
KEN,Kenya,SL.UEM.TOTL.ZS,"Unemployment, total (% of total labor force) (modeled ILO estimate)",2010,2.793,,1
KEN,Kenya,SL.UEM.TOTL.ZS,"Unemployment, total (% of total labor force) (modeled ILO estimate)",2009,2.816,,1
KEN,Kenya,SL.UEM.TOTL.ZS,"Unemployment, total (% of total labor force) (modeled ILO estimate)",2008,2.751,,1
KEN,Kenya,SL.UEM.TOTL.ZS,"Unemployment, total (% of total labor force) (modeled ILO estimate)",2007,2.642,,1
KEN,Kenya,SL.UEM.TOTL.ZS,"Unemployment, total (% of total labor force) (modeled ILO estimate)",2006,2.673,,1
KEN,Kenya,SL.UEM.TOTL.ZS,"Unemployment, total (% of total labor force) (modeled ILO estimate)",2005,2.739,,1
KEN,Kenya,SL.UEM.TOTL.ZS,"Unemployment, total (% of total labor force) (modeled ILO estimate)",2004,2.844,,1
KEN,Kenya,SL.UEM.TOTL.ZS,"Unemployment, total (% of total labor force) (modeled ILO estimate)",2003,2.869,,1
KEN,Kenya,SL.UEM.TOTL.ZS,"Unemployment, total (% of total labor force) (modeled ILO estimate)",2002,2.916,,1
KEN,Kenya,SL.UEM.TOTL.ZS,"Unemployment, total (% of total labor force) (modeled ILO estimate)",2001,2.876,,1
KEN,Kenya,SL.UEM.TOTL.ZS,"Unemployment, total (% of total labor force) (modeled ILO estimate)",2000,2.884,,1
KEN,Kenya,SL.UEM.TOTL.ZS,"Unemployment, total (% of total labor force) (modeled ILO estimate)",1999,2.884,,1
KEN,Kenya,SL.UEM.TOTL.ZS,"Unemployment, total (% of total labor force) (modeled ILO estimate)",1998,2.843,,1
KEN,Kenya,SL.UEM.TOTL.ZS,"Unemployment, total (% of total labor force) (modeled ILO estimate)",1997,2.818,,1
KEN,Kenya,SL.UEM.TOTL.ZS,"Unemployment, total (% of total labor force) (modeled ILO estimate)",1996,2.773,,1
KEN,Kenya,SL.UEM.TOTL.ZS,"Unemployment, total (% of total labor force) (modeled ILO estimate)",1995,2.848,,1
KEN,Kenya,SL.UEM.TOTL.ZS,"Unemployment, total (% of total labor force) (modeled ILO estimate)",1994,2.955,,1
KEN,Kenya,SL.UEM.TOTL.ZS,"Unemployment, total (% of total labor force) (modeled ILO estimate)",1993,2.979,,1
KEN,Kenya,SL.UEM.TOTL.ZS,"Unemployment, total (% of total labor force) (modeled ILO estimate)",1992,2.894,,1
KEN,Kenya,SL.UEM.TOTL.ZS,"Unemployment, total (% of total labor force) (modeled ILO estimate)",1991,2.78,,1
PRK,"Korea, Dem. People's Rep.",SL.UEM.TOTL.ZS,"Unemployment, total (% of total labor force) (modeled ILO estimate)",2024,3.539,,1
PRK,"Korea, Dem. People's Rep.",SL.UEM.TOTL.ZS,"Unemployment, total (% of total labor force) (modeled ILO estimate)",2023,3.463,,1
PRK,"Korea, Dem. People's Rep.",SL.UEM.TOTL.ZS,"Unemployment, total (% of total labor force) (modeled ILO estimate)",2022,3.457,,1
PRK,"Korea, Dem. People's Rep.",SL.UEM.TOTL.ZS,"Unemployment, total (% of total labor force) (modeled ILO estimate)",2021,3.692,,1
PRK,"Korea, Dem. People's Rep.",SL.UEM.TOTL.ZS,"Unemployment, total (% of total labor force) (modeled ILO estimate)",2020,3.624,,1
PRK,"Korea, Dem. People's Rep.",SL.UEM.TOTL.ZS,"Unemployment, total (% of total labor force) (modeled ILO estimate)",2019,3.439,,1
PRK,"Korea, Dem. People's Rep.",SL.UEM.TOTL.ZS,"Unemployment, total (% of total labor force) (modeled ILO estimate)",2018,3.409,,1
PRK,"Korea, Dem. People's Rep.",SL.UEM.TOTL.ZS,"Unemployment, total (% of total labor force) (modeled ILO estimate)",2017,3.498,,1
PRK,"Korea, Dem. People's Rep.",SL.UEM.TOTL.ZS,"Unemployment, total (% of total labor force) (modeled ILO estimate)",2016,3.574,,1
PRK,"Korea, Dem. People's Rep.",SL.UEM.TOTL.ZS,"Unemployment, total (% of total labor force) (modeled ILO estimate)",2015,3.523,,1
PRK,"Korea, Dem. People's Rep.",SL.UEM.TOTL.ZS,"Unemployment, total (% of total labor force) (modeled ILO estimate)",2014,3.509,,1
PRK,"Korea, Dem. People's Rep.",SL.UEM.TOTL.ZS,"Unemployment, total (% of total labor force) (modeled ILO estimate)",2013,3.567,,1
PRK,"Korea, Dem. People's Rep.",SL.UEM.TOTL.ZS,"Unemployment, total (% of total labor force) (modeled ILO estimate)",2012,3.542,,1
PRK,"Korea, Dem. People's Rep.",SL.UEM.TOTL.ZS,"Unemployment, total (% of total labor force) (modeled ILO estimate)",2011,3.516,,1
PRK,"Korea, Dem. People's Rep.",SL.UEM.TOTL.ZS,"Unemployment, total (% of total labor force) (modeled ILO estimate)",2010,3.419,,1
PRK,"Korea, Dem. People's Rep.",SL.UEM.TOTL.ZS,"Unemployment, total (% of total labor force) (modeled ILO estimate)",2009,3.48,,1
PRK,"Korea, Dem. People's Rep.",SL.UEM.TOTL.ZS,"Unemployment, total (% of total labor force) (modeled ILO estimate)",2008,3.48,,1
PRK,"Korea, Dem. People's Rep.",SL.UEM.TOTL.ZS,"Unemployment, total (% of total labor force) (modeled ILO estimate)",2007,3.547,,1
PRK,"Korea, Dem. People's Rep.",SL.UEM.TOTL.ZS,"Unemployment, total (% of total labor force) (modeled ILO estimate)",2006,3.55,,1
PRK,"Korea, Dem. People's Rep.",SL.UEM.TOTL.ZS,"Unemployment, total (% of total labor force) (modeled ILO estimate)",2005,3.576,,1
PRK,"Korea, Dem. People's Rep.",SL.UEM.TOTL.ZS,"Unemployment, total (% of total labor force) (modeled ILO estimate)",2004,3.62,,1
PRK,"Korea, Dem. People's Rep.",SL.UEM.TOTL.ZS,"Unemployment, total (% of total labor force) (modeled ILO estimate)",2003,3.668,,1
PRK,"Korea, Dem. People's Rep.",SL.UEM.TOTL.ZS,"Unemployment, total (% of total labor force) (modeled ILO estimate)",2002,3.644,,1
PRK,"Korea, Dem. People's Rep.",SL.UEM.TOTL.ZS,"Unemployment, total (% of total labor force) (modeled ILO estimate)",2001,3.676,,1
PRK,"Korea, Dem. People's Rep.",SL.UEM.TOTL.ZS,"Unemployment, total (% of total labor force) (modeled ILO estimate)",2000,3.653,,1
PRK,"Korea, Dem. People's Rep.",SL.UEM.TOTL.ZS,"Unemployment, total (% of total labor force) (modeled ILO estimate)",1999,3.67,,1
PRK,"Korea, Dem. People's Rep.",SL.UEM.TOTL.ZS,"Unemployment, total (% of total labor force) (modeled ILO estimate)",1998,3.461,,1
PRK,"Korea, Dem. People's Rep.",SL.UEM.TOTL.ZS,"Unemployment, total (% of total labor force) (modeled ILO estimate)",1997,3.253,,1
PRK,"Korea, Dem. People's Rep.",SL.UEM.TOTL.ZS,"Unemployment, total (% of total labor force) (modeled ILO estimate)",1996,3.153,,1
PRK,"Korea, Dem. People's Rep.",SL.UEM.TOTL.ZS,"Unemployment, total (% of total labor force) (modeled ILO estimate)",1995,3.114,,1
PRK,"Korea, Dem. People's Rep.",SL.UEM.TOTL.ZS,"Unemployment, total (% of total labor force) (modeled ILO estimate)",1994,3.092,,1
PRK,"Korea, Dem. People's Rep.",SL.UEM.TOTL.ZS,"Unemployment, total (% of total labor force) (modeled ILO estimate)",1993,2.98,,1
PRK,"Korea, Dem. People's Rep.",SL.UEM.TOTL.ZS,"Unemployment, total (% of total labor force) (modeled ILO estimate)",1992,2.875,,1
PRK,"Korea, Dem. People's Rep.",SL.UEM.TOTL.ZS,"Unemployment, total (% of total labor force) (modeled ILO estimate)",1991,2.845,,1
KOR,"Korea, Rep.",SL.UEM.TOTL.ZS,"Unemployment, total (% of total labor force) (modeled ILO estimate)",2024,2.784,,1
KOR,"Korea, Rep.",SL.UEM.TOTL.ZS,"Unemployment, total (% of total labor force) (modeled ILO estimate)",2023,2.675,,1
KOR,"Korea, Rep.",SL.UEM.TOTL.ZS,"Unemployment, total (% of total labor force) (modeled ILO estimate)",2022,2.857,,1
KOR,"Korea, Rep.",SL.UEM.TOTL.ZS,"Unemployment, total (% of total labor force) (modeled ILO estimate)",2021,3.639,,1
KOR,"Korea, Rep.",SL.UEM.TOTL.ZS,"Unemployment, total (% of total labor force) (modeled ILO estimate)",2020,3.931,,1
KOR,"Korea, Rep.",SL.UEM.TOTL.ZS,"Unemployment, total (% of total labor force) (modeled ILO estimate)",2019,3.746,,1
KOR,"Korea, Rep.",SL.UEM.TOTL.ZS,"Unemployment, total (% of total labor force) (modeled ILO estimate)",2018,3.824,,1
KOR,"Korea, Rep.",SL.UEM.TOTL.ZS,"Unemployment, total (% of total labor force) (modeled ILO estimate)",2017,3.653,,1
KOR,"Korea, Rep.",SL.UEM.TOTL.ZS,"Unemployment, total (% of total labor force) (modeled ILO estimate)",2016,3.65,,1
KOR,"Korea, Rep.",SL.UEM.TOTL.ZS,"Unemployment, total (% of total labor force) (modeled ILO estimate)",2015,3.546,,1
KOR,"Korea, Rep.",SL.UEM.TOTL.ZS,"Unemployment, total (% of total labor force) (modeled ILO estimate)",2014,3.082,,1
KOR,"Korea, Rep.",SL.UEM.TOTL.ZS,"Unemployment, total (% of total labor force) (modeled ILO estimate)",2013,3.067,,1
KOR,"Korea, Rep.",SL.UEM.TOTL.ZS,"Unemployment, total (% of total labor force) (modeled ILO estimate)",2012,2.812,,1
KOR,"Korea, Rep.",SL.UEM.TOTL.ZS,"Unemployment, total (% of total labor force) (modeled ILO estimate)",2011,2.992,,1
KOR,"Korea, Rep.",SL.UEM.TOTL.ZS,"Unemployment, total (% of total labor force) (modeled ILO estimate)",2010,3.324,,1
KOR,"Korea, Rep.",SL.UEM.TOTL.ZS,"Unemployment, total (% of total labor force) (modeled ILO estimate)",2009,3.363,,1
KOR,"Korea, Rep.",SL.UEM.TOTL.ZS,"Unemployment, total (% of total labor force) (modeled ILO estimate)",2008,2.959,,1
KOR,"Korea, Rep.",SL.UEM.TOTL.ZS,"Unemployment, total (% of total labor force) (modeled ILO estimate)",2007,3.013,,1
KOR,"Korea, Rep.",SL.UEM.TOTL.ZS,"Unemployment, total (% of total labor force) (modeled ILO estimate)",2006,3.254,,1
KOR,"Korea, Rep.",SL.UEM.TOTL.ZS,"Unemployment, total (% of total labor force) (modeled ILO estimate)",2005,3.482,,1
KOR,"Korea, Rep.",SL.UEM.TOTL.ZS,"Unemployment, total (% of total labor force) (modeled ILO estimate)",2004,3.42,,1
KOR,"Korea, Rep.",SL.UEM.TOTL.ZS,"Unemployment, total (% of total labor force) (modeled ILO estimate)",2003,3.348,,1
KOR,"Korea, Rep.",SL.UEM.TOTL.ZS,"Unemployment, total (% of total labor force) (modeled ILO estimate)",2002,3.046,,1
KOR,"Korea, Rep.",SL.UEM.TOTL.ZS,"Unemployment, total (% of total labor force) (modeled ILO estimate)",2001,3.699,,1
KOR,"Korea, Rep.",SL.UEM.TOTL.ZS,"Unemployment, total (% of total labor force) (modeled ILO estimate)",2000,4.063,,1
KOR,"Korea, Rep.",SL.UEM.TOTL.ZS,"Unemployment, total (% of total labor force) (modeled ILO estimate)",1999,6.342,,1
KOR,"Korea, Rep.",SL.UEM.TOTL.ZS,"Unemployment, total (% of total labor force) (modeled ILO estimate)",1998,6.963,,1
KOR,"Korea, Rep.",SL.UEM.TOTL.ZS,"Unemployment, total (% of total labor force) (modeled ILO estimate)",1997,2.608,,1
KOR,"Korea, Rep.",SL.UEM.TOTL.ZS,"Unemployment, total (% of total labor force) (modeled ILO estimate)",1996,2.048,,1
KOR,"Korea, Rep.",SL.UEM.TOTL.ZS,"Unemployment, total (% of total labor force) (modeled ILO estimate)",1995,2.063,,1
KOR,"Korea, Rep.",SL.UEM.TOTL.ZS,"Unemployment, total (% of total labor force) (modeled ILO estimate)",1994,2.476,,1
KOR,"Korea, Rep.",SL.UEM.TOTL.ZS,"Unemployment, total (% of total labor force) (modeled ILO estimate)",1993,2.878,,1
KOR,"Korea, Rep.",SL.UEM.TOTL.ZS,"Unemployment, total (% of total labor force) (modeled ILO estimate)",1992,2.513,,1
KOR,"Korea, Rep.",SL.UEM.TOTL.ZS,"Unemployment, total (% of total labor force) (modeled ILO estimate)",1991,2.407,,1
KWT,Kuwait,SL.UEM.TOTL.ZS,"Unemployment, total (% of total labor force) (modeled ILO estimate)",2024,2.151,,1
KWT,Kuwait,SL.UEM.TOTL.ZS,"Unemployment, total (% of total labor force) (modeled ILO estimate)",2023,2.08,,1
KWT,Kuwait,SL.UEM.TOTL.ZS,"Unemployment, total (% of total labor force) (modeled ILO estimate)",2022,2.133,,1
KWT,Kuwait,SL.UEM.TOTL.ZS,"Unemployment, total (% of total labor force) (modeled ILO estimate)",2021,2.97,,1
KWT,Kuwait,SL.UEM.TOTL.ZS,"Unemployment, total (% of total labor force) (modeled ILO estimate)",2020,3.489,,1
KWT,Kuwait,SL.UEM.TOTL.ZS,"Unemployment, total (% of total labor force) (modeled ILO estimate)",2019,2.213,,1
KWT,Kuwait,SL.UEM.TOTL.ZS,"Unemployment, total (% of total labor force) (modeled ILO estimate)",2018,2.202,,1
KWT,Kuwait,SL.UEM.TOTL.ZS,"Unemployment, total (% of total labor force) (modeled ILO estimate)",2017,2.23,,1
KWT,Kuwait,SL.UEM.TOTL.ZS,"Unemployment, total (% of total labor force) (modeled ILO estimate)",2016,2.16,,1
KWT,Kuwait,SL.UEM.TOTL.ZS,"Unemployment, total (% of total labor force) (modeled ILO estimate)",2015,2.2,,1
KWT,Kuwait,SL.UEM.TOTL.ZS,"Unemployment, total (% of total labor force) (modeled ILO estimate)",2014,2.9,,1
KWT,Kuwait,SL.UEM.TOTL.ZS,"Unemployment, total (% of total labor force) (modeled ILO estimate)",2013,2.465,,1
KWT,Kuwait,SL.UEM.TOTL.ZS,"Unemployment, total (% of total labor force) (modeled ILO estimate)",2012,2.227,,1
KWT,Kuwait,SL.UEM.TOTL.ZS,"Unemployment, total (% of total labor force) (modeled ILO estimate)",2011,2.051,,1
KWT,Kuwait,SL.UEM.TOTL.ZS,"Unemployment, total (% of total labor force) (modeled ILO estimate)",2010,1.82,,1
KWT,Kuwait,SL.UEM.TOTL.ZS,"Unemployment, total (% of total labor force) (modeled ILO estimate)",2009,1.64,,1
KWT,Kuwait,SL.UEM.TOTL.ZS,"Unemployment, total (% of total labor force) (modeled ILO estimate)",2008,1.75,,1
KWT,Kuwait,SL.UEM.TOTL.ZS,"Unemployment, total (% of total labor force) (modeled ILO estimate)",2007,1.5,,1
KWT,Kuwait,SL.UEM.TOTL.ZS,"Unemployment, total (% of total labor force) (modeled ILO estimate)",2006,1.3,,1
KWT,Kuwait,SL.UEM.TOTL.ZS,"Unemployment, total (% of total labor force) (modeled ILO estimate)",2005,1.455,,1
KWT,Kuwait,SL.UEM.TOTL.ZS,"Unemployment, total (% of total labor force) (modeled ILO estimate)",2004,1.7,,1
KWT,Kuwait,SL.UEM.TOTL.ZS,"Unemployment, total (% of total labor force) (modeled ILO estimate)",2003,1.3,,1
KWT,Kuwait,SL.UEM.TOTL.ZS,"Unemployment, total (% of total labor force) (modeled ILO estimate)",2002,1.1,,1
KWT,Kuwait,SL.UEM.TOTL.ZS,"Unemployment, total (% of total labor force) (modeled ILO estimate)",2001,0.8,,1
KWT,Kuwait,SL.UEM.TOTL.ZS,"Unemployment, total (% of total labor force) (modeled ILO estimate)",2000,0.8,,1
KWT,Kuwait,SL.UEM.TOTL.ZS,"Unemployment, total (% of total labor force) (modeled ILO estimate)",1999,0.7,,1
KWT,Kuwait,SL.UEM.TOTL.ZS,"Unemployment, total (% of total labor force) (modeled ILO estimate)",1998,0.7,,1
KWT,Kuwait,SL.UEM.TOTL.ZS,"Unemployment, total (% of total labor force) (modeled ILO estimate)",1997,0.7,,1
KWT,Kuwait,SL.UEM.TOTL.ZS,"Unemployment, total (% of total labor force) (modeled ILO estimate)",1996,0.7,,1
KWT,Kuwait,SL.UEM.TOTL.ZS,"Unemployment, total (% of total labor force) (modeled ILO estimate)",1995,0.694,,1
KWT,Kuwait,SL.UEM.TOTL.ZS,"Unemployment, total (% of total labor force) (modeled ILO estimate)",1994,0.7,,1
KWT,Kuwait,SL.UEM.TOTL.ZS,"Unemployment, total (% of total labor force) (modeled ILO estimate)",1993,0.8,,1
KWT,Kuwait,SL.UEM.TOTL.ZS,"Unemployment, total (% of total labor force) (modeled ILO estimate)",1992,0.878,,1
KWT,Kuwait,SL.UEM.TOTL.ZS,"Unemployment, total (% of total labor force) (modeled ILO estimate)",1991,0.884,,1
KGZ,Kyrgyz Republic,SL.UEM.TOTL.ZS,"Unemployment, total (% of total labor force) (modeled ILO estimate)",2024,3.491,,1
KGZ,Kyrgyz Republic,SL.UEM.TOTL.ZS,"Unemployment, total (% of total labor force) (modeled ILO estimate)",2023,3.498,,1
KGZ,Kyrgyz Republic,SL.UEM.TOTL.ZS,"Unemployment, total (% of total labor force) (modeled ILO estimate)",2022,4.767,,1
KGZ,Kyrgyz Republic,SL.UEM.TOTL.ZS,"Unemployment, total (% of total labor force) (modeled ILO estimate)",2021,5.149,,1
KGZ,Kyrgyz Republic,SL.UEM.TOTL.ZS,"Unemployment, total (% of total labor force) (modeled ILO estimate)",2020,5.945,,1
KGZ,Kyrgyz Republic,SL.UEM.TOTL.ZS,"Unemployment, total (% of total labor force) (modeled ILO estimate)",2019,5.45,,1
KGZ,Kyrgyz Republic,SL.UEM.TOTL.ZS,"Unemployment, total (% of total labor force) (modeled ILO estimate)",2018,4.559,,1
KGZ,Kyrgyz Republic,SL.UEM.TOTL.ZS,"Unemployment, total (% of total labor force) (modeled ILO estimate)",2017,4.425,,1
KGZ,Kyrgyz Republic,SL.UEM.TOTL.ZS,"Unemployment, total (% of total labor force) (modeled ILO estimate)",2016,4.294,,1
KGZ,Kyrgyz Republic,SL.UEM.TOTL.ZS,"Unemployment, total (% of total labor force) (modeled ILO estimate)",2015,4.138,,1
KGZ,Kyrgyz Republic,SL.UEM.TOTL.ZS,"Unemployment, total (% of total labor force) (modeled ILO estimate)",2014,4.02,,1
KGZ,Kyrgyz Republic,SL.UEM.TOTL.ZS,"Unemployment, total (% of total labor force) (modeled ILO estimate)",2013,3.881,,1
KGZ,Kyrgyz Republic,SL.UEM.TOTL.ZS,"Unemployment, total (% of total labor force) (modeled ILO estimate)",2012,3.786,,1
KGZ,Kyrgyz Republic,SL.UEM.TOTL.ZS,"Unemployment, total (% of total labor force) (modeled ILO estimate)",2011,3.644,,1
KGZ,Kyrgyz Republic,SL.UEM.TOTL.ZS,"Unemployment, total (% of total labor force) (modeled ILO estimate)",2010,3.503,,1
KGZ,Kyrgyz Republic,SL.UEM.TOTL.ZS,"Unemployment, total (% of total labor force) (modeled ILO estimate)",2009,3.343,,1
KGZ,Kyrgyz Republic,SL.UEM.TOTL.ZS,"Unemployment, total (% of total labor force) (modeled ILO estimate)",2008,3.207,,1
KGZ,Kyrgyz Republic,SL.UEM.TOTL.ZS,"Unemployment, total (% of total labor force) (modeled ILO estimate)",2007,3.094,,1
KGZ,Kyrgyz Republic,SL.UEM.TOTL.ZS,"Unemployment, total (% of total labor force) (modeled ILO estimate)",2006,2.962,,1
KGZ,Kyrgyz Republic,SL.UEM.TOTL.ZS,"Unemployment, total (% of total labor force) (modeled ILO estimate)",2005,2.816,,1
KGZ,Kyrgyz Republic,SL.UEM.TOTL.ZS,"Unemployment, total (% of total labor force) (modeled ILO estimate)",2004,2.68,,1
KGZ,Kyrgyz Republic,SL.UEM.TOTL.ZS,"Unemployment, total (% of total labor force) (modeled ILO estimate)",2003,2.548,,1
KGZ,Kyrgyz Republic,SL.UEM.TOTL.ZS,"Unemployment, total (% of total labor force) (modeled ILO estimate)",2002,2.416,,1
KGZ,Kyrgyz Republic,SL.UEM.TOTL.ZS,"Unemployment, total (% of total labor force) (modeled ILO estimate)",2001,2.273,,1
KGZ,Kyrgyz Republic,SL.UEM.TOTL.ZS,"Unemployment, total (% of total labor force) (modeled ILO estimate)",2000,2.143,,1
KGZ,Kyrgyz Republic,SL.UEM.TOTL.ZS,"Unemployment, total (% of total labor force) (modeled ILO estimate)",1999,2.001,,1
KGZ,Kyrgyz Republic,SL.UEM.TOTL.ZS,"Unemployment, total (% of total labor force) (modeled ILO estimate)",1998,1.861,,1
KGZ,Kyrgyz Republic,SL.UEM.TOTL.ZS,"Unemployment, total (% of total labor force) (modeled ILO estimate)",1997,1.739,,1
KGZ,Kyrgyz Republic,SL.UEM.TOTL.ZS,"Unemployment, total (% of total labor force) (modeled ILO estimate)",1996,1.647,,1
KGZ,Kyrgyz Republic,SL.UEM.TOTL.ZS,"Unemployment, total (% of total labor force) (modeled ILO estimate)",1995,1.539,,1
KGZ,Kyrgyz Republic,SL.UEM.TOTL.ZS,"Unemployment, total (% of total labor force) (modeled ILO estimate)",1994,1.41,,1
KGZ,Kyrgyz Republic,SL.UEM.TOTL.ZS,"Unemployment, total (% of total labor force) (modeled ILO estimate)",1993,1.258,,1
KGZ,Kyrgyz Republic,SL.UEM.TOTL.ZS,"Unemployment, total (% of total labor force) (modeled ILO estimate)",1992,1.1,,1
KGZ,Kyrgyz Republic,SL.UEM.TOTL.ZS,"Unemployment, total (% of total labor force) (modeled ILO estimate)",1991,1,,1
LAO,Lao PDR,SL.UEM.TOTL.ZS,"Unemployment, total (% of total labor force) (modeled ILO estimate)",2024,1.174,,1
LAO,Lao PDR,SL.UEM.TOTL.ZS,"Unemployment, total (% of total labor force) (modeled ILO estimate)",2023,1.186,,1
LAO,Lao PDR,SL.UEM.TOTL.ZS,"Unemployment, total (% of total labor force) (modeled ILO estimate)",2022,1.209,,1
LAO,Lao PDR,SL.UEM.TOTL.ZS,"Unemployment, total (% of total labor force) (modeled ILO estimate)",2021,2.08,,1
LAO,Lao PDR,SL.UEM.TOTL.ZS,"Unemployment, total (% of total labor force) (modeled ILO estimate)",2020,2.349,,1
LAO,Lao PDR,SL.UEM.TOTL.ZS,"Unemployment, total (% of total labor force) (modeled ILO estimate)",2019,2.531,,1
LAO,Lao PDR,SL.UEM.TOTL.ZS,"Unemployment, total (% of total labor force) (modeled ILO estimate)",2018,2.897,,1
LAO,Lao PDR,SL.UEM.TOTL.ZS,"Unemployment, total (% of total labor force) (modeled ILO estimate)",2017,3.268,,1
LAO,Lao PDR,SL.UEM.TOTL.ZS,"Unemployment, total (% of total labor force) (modeled ILO estimate)",2016,2.634,,1
LAO,Lao PDR,SL.UEM.TOTL.ZS,"Unemployment, total (% of total labor force) (modeled ILO estimate)",2015,2.006,,1
LAO,Lao PDR,SL.UEM.TOTL.ZS,"Unemployment, total (% of total labor force) (modeled ILO estimate)",2014,1.733,,1
LAO,Lao PDR,SL.UEM.TOTL.ZS,"Unemployment, total (% of total labor force) (modeled ILO estimate)",2013,1.469,,1
LAO,Lao PDR,SL.UEM.TOTL.ZS,"Unemployment, total (% of total labor force) (modeled ILO estimate)",2012,1.208,,1
LAO,Lao PDR,SL.UEM.TOTL.ZS,"Unemployment, total (% of total labor force) (modeled ILO estimate)",2011,0.96,,1
LAO,Lao PDR,SL.UEM.TOTL.ZS,"Unemployment, total (% of total labor force) (modeled ILO estimate)",2010,0.708,,1
LAO,Lao PDR,SL.UEM.TOTL.ZS,"Unemployment, total (% of total labor force) (modeled ILO estimate)",2009,0.835,,1
LAO,Lao PDR,SL.UEM.TOTL.ZS,"Unemployment, total (% of total labor force) (modeled ILO estimate)",2008,0.944,,1
LAO,Lao PDR,SL.UEM.TOTL.ZS,"Unemployment, total (% of total labor force) (modeled ILO estimate)",2007,1.068,,1
LAO,Lao PDR,SL.UEM.TOTL.ZS,"Unemployment, total (% of total labor force) (modeled ILO estimate)",2006,1.199,,1
LAO,Lao PDR,SL.UEM.TOTL.ZS,"Unemployment, total (% of total labor force) (modeled ILO estimate)",2005,1.35,,1
LAO,Lao PDR,SL.UEM.TOTL.ZS,"Unemployment, total (% of total labor force) (modeled ILO estimate)",2004,1.498,,1
LAO,Lao PDR,SL.UEM.TOTL.ZS,"Unemployment, total (% of total labor force) (modeled ILO estimate)",2003,1.639,,1
LAO,Lao PDR,SL.UEM.TOTL.ZS,"Unemployment, total (% of total labor force) (modeled ILO estimate)",2002,1.775,,1
LAO,Lao PDR,SL.UEM.TOTL.ZS,"Unemployment, total (% of total labor force) (modeled ILO estimate)",2001,1.881,,1
LAO,Lao PDR,SL.UEM.TOTL.ZS,"Unemployment, total (% of total labor force) (modeled ILO estimate)",2000,2.045,,1
LAO,Lao PDR,SL.UEM.TOTL.ZS,"Unemployment, total (% of total labor force) (modeled ILO estimate)",1999,2.154,,1
LAO,Lao PDR,SL.UEM.TOTL.ZS,"Unemployment, total (% of total labor force) (modeled ILO estimate)",1998,2.293,,1
LAO,Lao PDR,SL.UEM.TOTL.ZS,"Unemployment, total (% of total labor force) (modeled ILO estimate)",1997,2.354,,1
LAO,Lao PDR,SL.UEM.TOTL.ZS,"Unemployment, total (% of total labor force) (modeled ILO estimate)",1996,2.45,,1
LAO,Lao PDR,SL.UEM.TOTL.ZS,"Unemployment, total (% of total labor force) (modeled ILO estimate)",1995,2.6,,1
LAO,Lao PDR,SL.UEM.TOTL.ZS,"Unemployment, total (% of total labor force) (modeled ILO estimate)",1994,2.634,,1
LAO,Lao PDR,SL.UEM.TOTL.ZS,"Unemployment, total (% of total labor force) (modeled ILO estimate)",1993,2.732,,1
LAO,Lao PDR,SL.UEM.TOTL.ZS,"Unemployment, total (% of total labor force) (modeled ILO estimate)",1992,2.71,,1
LAO,Lao PDR,SL.UEM.TOTL.ZS,"Unemployment, total (% of total labor force) (modeled ILO estimate)",1991,2.497,,1
LVA,Latvia,SL.UEM.TOTL.ZS,"Unemployment, total (% of total labor force) (modeled ILO estimate)",2024,6.9,,1
LVA,Latvia,SL.UEM.TOTL.ZS,"Unemployment, total (% of total labor force) (modeled ILO estimate)",2023,6.465,,1
LVA,Latvia,SL.UEM.TOTL.ZS,"Unemployment, total (% of total labor force) (modeled ILO estimate)",2022,6.815,,1
LVA,Latvia,SL.UEM.TOTL.ZS,"Unemployment, total (% of total labor force) (modeled ILO estimate)",2021,7.513,,1
LVA,Latvia,SL.UEM.TOTL.ZS,"Unemployment, total (% of total labor force) (modeled ILO estimate)",2020,8.098,,1
LVA,Latvia,SL.UEM.TOTL.ZS,"Unemployment, total (% of total labor force) (modeled ILO estimate)",2019,6.312,,1
LVA,Latvia,SL.UEM.TOTL.ZS,"Unemployment, total (% of total labor force) (modeled ILO estimate)",2018,7.412,,1
LVA,Latvia,SL.UEM.TOTL.ZS,"Unemployment, total (% of total labor force) (modeled ILO estimate)",2017,8.715,,1
LVA,Latvia,SL.UEM.TOTL.ZS,"Unemployment, total (% of total labor force) (modeled ILO estimate)",2016,9.643,,1
LVA,Latvia,SL.UEM.TOTL.ZS,"Unemployment, total (% of total labor force) (modeled ILO estimate)",2015,9.873,,1
LVA,Latvia,SL.UEM.TOTL.ZS,"Unemployment, total (% of total labor force) (modeled ILO estimate)",2014,10.846,,1
LVA,Latvia,SL.UEM.TOTL.ZS,"Unemployment, total (% of total labor force) (modeled ILO estimate)",2013,11.867,,1
LVA,Latvia,SL.UEM.TOTL.ZS,"Unemployment, total (% of total labor force) (modeled ILO estimate)",2012,15.047,,1
LVA,Latvia,SL.UEM.TOTL.ZS,"Unemployment, total (% of total labor force) (modeled ILO estimate)",2011,16.206,,1
LVA,Latvia,SL.UEM.TOTL.ZS,"Unemployment, total (% of total labor force) (modeled ILO estimate)",2010,19.482,,1
LVA,Latvia,SL.UEM.TOTL.ZS,"Unemployment, total (% of total labor force) (modeled ILO estimate)",2009,17.515,,1
LVA,Latvia,SL.UEM.TOTL.ZS,"Unemployment, total (% of total labor force) (modeled ILO estimate)",2008,7.739,,1
LVA,Latvia,SL.UEM.TOTL.ZS,"Unemployment, total (% of total labor force) (modeled ILO estimate)",2007,6.052,,1
LVA,Latvia,SL.UEM.TOTL.ZS,"Unemployment, total (% of total labor force) (modeled ILO estimate)",2006,7.03,,1
LVA,Latvia,SL.UEM.TOTL.ZS,"Unemployment, total (% of total labor force) (modeled ILO estimate)",2005,10.033,,1
LVA,Latvia,SL.UEM.TOTL.ZS,"Unemployment, total (% of total labor force) (modeled ILO estimate)",2004,11.708,,1
LVA,Latvia,SL.UEM.TOTL.ZS,"Unemployment, total (% of total labor force) (modeled ILO estimate)",2003,12.061,,1
LVA,Latvia,SL.UEM.TOTL.ZS,"Unemployment, total (% of total labor force) (modeled ILO estimate)",2002,13.829,,1
LVA,Latvia,SL.UEM.TOTL.ZS,"Unemployment, total (% of total labor force) (modeled ILO estimate)",2001,13.821,,1
LVA,Latvia,SL.UEM.TOTL.ZS,"Unemployment, total (% of total labor force) (modeled ILO estimate)",2000,14.211,,1
LVA,Latvia,SL.UEM.TOTL.ZS,"Unemployment, total (% of total labor force) (modeled ILO estimate)",1999,13.79,,1
LVA,Latvia,SL.UEM.TOTL.ZS,"Unemployment, total (% of total labor force) (modeled ILO estimate)",1998,14.454,,1
LVA,Latvia,SL.UEM.TOTL.ZS,"Unemployment, total (% of total labor force) (modeled ILO estimate)",1997,14.9,,1
LVA,Latvia,SL.UEM.TOTL.ZS,"Unemployment, total (% of total labor force) (modeled ILO estimate)",1996,20.7,,1
LVA,Latvia,SL.UEM.TOTL.ZS,"Unemployment, total (% of total labor force) (modeled ILO estimate)",1995,19,,1
LVA,Latvia,SL.UEM.TOTL.ZS,"Unemployment, total (% of total labor force) (modeled ILO estimate)",1994,18.7,,1
LVA,Latvia,SL.UEM.TOTL.ZS,"Unemployment, total (% of total labor force) (modeled ILO estimate)",1993,16.7,,1
LVA,Latvia,SL.UEM.TOTL.ZS,"Unemployment, total (% of total labor force) (modeled ILO estimate)",1992,6.6,,1
LVA,Latvia,SL.UEM.TOTL.ZS,"Unemployment, total (% of total labor force) (modeled ILO estimate)",1991,2.7,,1
LBN,Lebanon,SL.UEM.TOTL.ZS,"Unemployment, total (% of total labor force) (modeled ILO estimate)",2023,10.985,,1
LBN,Lebanon,SL.UEM.TOTL.ZS,"Unemployment, total (% of total labor force) (modeled ILO estimate)",2022,11.105,,1
LBN,Lebanon,SL.UEM.TOTL.ZS,"Unemployment, total (% of total labor force) (modeled ILO estimate)",2021,12.715,,1
LBN,Lebanon,SL.UEM.TOTL.ZS,"Unemployment, total (% of total labor force) (modeled ILO estimate)",2020,13.252,,1
LBN,Lebanon,SL.UEM.TOTL.ZS,"Unemployment, total (% of total labor force) (modeled ILO estimate)",2019,11.301,,1
LBN,Lebanon,SL.UEM.TOTL.ZS,"Unemployment, total (% of total labor force) (modeled ILO estimate)",2018,10.755,,1
LBN,Lebanon,SL.UEM.TOTL.ZS,"Unemployment, total (% of total labor force) (modeled ILO estimate)",2017,10.258,,1
LBN,Lebanon,SL.UEM.TOTL.ZS,"Unemployment, total (% of total labor force) (modeled ILO estimate)",2016,9.794,,1
LBN,Lebanon,SL.UEM.TOTL.ZS,"Unemployment, total (% of total labor force) (modeled ILO estimate)",2015,9.312,,1
LBN,Lebanon,SL.UEM.TOTL.ZS,"Unemployment, total (% of total labor force) (modeled ILO estimate)",2014,8.84,,1
LBN,Lebanon,SL.UEM.TOTL.ZS,"Unemployment, total (% of total labor force) (modeled ILO estimate)",2013,8.477,,1
LBN,Lebanon,SL.UEM.TOTL.ZS,"Unemployment, total (% of total labor force) (modeled ILO estimate)",2012,7.952,,1
LBN,Lebanon,SL.UEM.TOTL.ZS,"Unemployment, total (% of total labor force) (modeled ILO estimate)",2011,7.352,,1
LBN,Lebanon,SL.UEM.TOTL.ZS,"Unemployment, total (% of total labor force) (modeled ILO estimate)",2010,6.768,,1
LBN,Lebanon,SL.UEM.TOTL.ZS,"Unemployment, total (% of total labor force) (modeled ILO estimate)",2009,6.355,,1
LBN,Lebanon,SL.UEM.TOTL.ZS,"Unemployment, total (% of total labor force) (modeled ILO estimate)",2008,7.666,,1
LBN,Lebanon,SL.UEM.TOTL.ZS,"Unemployment, total (% of total labor force) (modeled ILO estimate)",2007,8.98,,1
LBN,Lebanon,SL.UEM.TOTL.ZS,"Unemployment, total (% of total labor force) (modeled ILO estimate)",2006,8.679,,1
LBN,Lebanon,SL.UEM.TOTL.ZS,"Unemployment, total (% of total labor force) (modeled ILO estimate)",2005,8.249,,1
LBN,Lebanon,SL.UEM.TOTL.ZS,"Unemployment, total (% of total labor force) (modeled ILO estimate)",2004,7.85,,1
LBN,Lebanon,SL.UEM.TOTL.ZS,"Unemployment, total (% of total labor force) (modeled ILO estimate)",2003,8.061,,1
LBN,Lebanon,SL.UEM.TOTL.ZS,"Unemployment, total (% of total labor force) (modeled ILO estimate)",2002,8.248,,1
LBN,Lebanon,SL.UEM.TOTL.ZS,"Unemployment, total (% of total labor force) (modeled ILO estimate)",2001,8.499,,1
LBN,Lebanon,SL.UEM.TOTL.ZS,"Unemployment, total (% of total labor force) (modeled ILO estimate)",2000,8.641,,1
LBN,Lebanon,SL.UEM.TOTL.ZS,"Unemployment, total (% of total labor force) (modeled ILO estimate)",1999,8.787,,1
LBN,Lebanon,SL.UEM.TOTL.ZS,"Unemployment, total (% of total labor force) (modeled ILO estimate)",1998,8.571,,1
LBN,Lebanon,SL.UEM.TOTL.ZS,"Unemployment, total (% of total labor force) (modeled ILO estimate)",1997,8.62,,1
LBN,Lebanon,SL.UEM.TOTL.ZS,"Unemployment, total (% of total labor force) (modeled ILO estimate)",1996,8.413,,1
LBN,Lebanon,SL.UEM.TOTL.ZS,"Unemployment, total (% of total labor force) (modeled ILO estimate)",1995,8.421,,1
LBN,Lebanon,SL.UEM.TOTL.ZS,"Unemployment, total (% of total labor force) (modeled ILO estimate)",1994,8.321,,1
LBN,Lebanon,SL.UEM.TOTL.ZS,"Unemployment, total (% of total labor force) (modeled ILO estimate)",1993,8.226,,1
LBN,Lebanon,SL.UEM.TOTL.ZS,"Unemployment, total (% of total labor force) (modeled ILO estimate)",1992,8.225,,1
LBN,Lebanon,SL.UEM.TOTL.ZS,"Unemployment, total (% of total labor force) (modeled ILO estimate)",1991,8.594,,1
LSO,Lesotho,SL.UEM.TOTL.ZS,"Unemployment, total (% of total labor force) (modeled ILO estimate)",2024,16.34,,1
LSO,Lesotho,SL.UEM.TOTL.ZS,"Unemployment, total (% of total labor force) (modeled ILO estimate)",2023,16.348,,1
LSO,Lesotho,SL.UEM.TOTL.ZS,"Unemployment, total (% of total labor force) (modeled ILO estimate)",2022,16.623,,1
LSO,Lesotho,SL.UEM.TOTL.ZS,"Unemployment, total (% of total labor force) (modeled ILO estimate)",2021,18.214,,1
LSO,Lesotho,SL.UEM.TOTL.ZS,"Unemployment, total (% of total labor force) (modeled ILO estimate)",2020,18.385,,1
LSO,Lesotho,SL.UEM.TOTL.ZS,"Unemployment, total (% of total labor force) (modeled ILO estimate)",2019,16.876,,1
LSO,Lesotho,SL.UEM.TOTL.ZS,"Unemployment, total (% of total labor force) (modeled ILO estimate)",2018,16.614,,1
LSO,Lesotho,SL.UEM.TOTL.ZS,"Unemployment, total (% of total labor force) (modeled ILO estimate)",2017,16.379,,1
LSO,Lesotho,SL.UEM.TOTL.ZS,"Unemployment, total (% of total labor force) (modeled ILO estimate)",2016,16.138,,1
LSO,Lesotho,SL.UEM.TOTL.ZS,"Unemployment, total (% of total labor force) (modeled ILO estimate)",2015,16.223,,1
LSO,Lesotho,SL.UEM.TOTL.ZS,"Unemployment, total (% of total labor force) (modeled ILO estimate)",2014,16.066,,1
LSO,Lesotho,SL.UEM.TOTL.ZS,"Unemployment, total (% of total labor force) (modeled ILO estimate)",2013,15.926,,1
LSO,Lesotho,SL.UEM.TOTL.ZS,"Unemployment, total (% of total labor force) (modeled ILO estimate)",2012,15.761,,1
LSO,Lesotho,SL.UEM.TOTL.ZS,"Unemployment, total (% of total labor force) (modeled ILO estimate)",2011,16.115,,1
LSO,Lesotho,SL.UEM.TOTL.ZS,"Unemployment, total (% of total labor force) (modeled ILO estimate)",2010,16.068,,1
LSO,Lesotho,SL.UEM.TOTL.ZS,"Unemployment, total (% of total labor force) (modeled ILO estimate)",2009,16.115,,1
LSO,Lesotho,SL.UEM.TOTL.ZS,"Unemployment, total (% of total labor force) (modeled ILO estimate)",2008,15.851,,1
LSO,Lesotho,SL.UEM.TOTL.ZS,"Unemployment, total (% of total labor force) (modeled ILO estimate)",2007,15.942,,1
LSO,Lesotho,SL.UEM.TOTL.ZS,"Unemployment, total (% of total labor force) (modeled ILO estimate)",2006,16.054,,1
LSO,Lesotho,SL.UEM.TOTL.ZS,"Unemployment, total (% of total labor force) (modeled ILO estimate)",2005,16.031,,1
LSO,Lesotho,SL.UEM.TOTL.ZS,"Unemployment, total (% of total labor force) (modeled ILO estimate)",2004,16.154,,1
LSO,Lesotho,SL.UEM.TOTL.ZS,"Unemployment, total (% of total labor force) (modeled ILO estimate)",2003,16.056,,1
LSO,Lesotho,SL.UEM.TOTL.ZS,"Unemployment, total (% of total labor force) (modeled ILO estimate)",2002,16.079,,1
LSO,Lesotho,SL.UEM.TOTL.ZS,"Unemployment, total (% of total labor force) (modeled ILO estimate)",2001,16.081,,1
LSO,Lesotho,SL.UEM.TOTL.ZS,"Unemployment, total (% of total labor force) (modeled ILO estimate)",2000,16.169,,1
LSO,Lesotho,SL.UEM.TOTL.ZS,"Unemployment, total (% of total labor force) (modeled ILO estimate)",1999,16.167,,1
LSO,Lesotho,SL.UEM.TOTL.ZS,"Unemployment, total (% of total labor force) (modeled ILO estimate)",1998,15.913,,1
LSO,Lesotho,SL.UEM.TOTL.ZS,"Unemployment, total (% of total labor force) (modeled ILO estimate)",1997,15.822,,1
LSO,Lesotho,SL.UEM.TOTL.ZS,"Unemployment, total (% of total labor force) (modeled ILO estimate)",1996,15.709,,1
LSO,Lesotho,SL.UEM.TOTL.ZS,"Unemployment, total (% of total labor force) (modeled ILO estimate)",1995,15.797,,1
LSO,Lesotho,SL.UEM.TOTL.ZS,"Unemployment, total (% of total labor force) (modeled ILO estimate)",1994,15.62,,1
LSO,Lesotho,SL.UEM.TOTL.ZS,"Unemployment, total (% of total labor force) (modeled ILO estimate)",1993,15.568,,1
LSO,Lesotho,SL.UEM.TOTL.ZS,"Unemployment, total (% of total labor force) (modeled ILO estimate)",1992,15.448,,1
LSO,Lesotho,SL.UEM.TOTL.ZS,"Unemployment, total (% of total labor force) (modeled ILO estimate)",1991,15.495,,1
LBR,Liberia,SL.UEM.TOTL.ZS,"Unemployment, total (% of total labor force) (modeled ILO estimate)",2024,2.914,,1
LBR,Liberia,SL.UEM.TOTL.ZS,"Unemployment, total (% of total labor force) (modeled ILO estimate)",2023,2.905,,1
LBR,Liberia,SL.UEM.TOTL.ZS,"Unemployment, total (% of total labor force) (modeled ILO estimate)",2022,2.956,,1
LBR,Liberia,SL.UEM.TOTL.ZS,"Unemployment, total (% of total labor force) (modeled ILO estimate)",2021,3.844,,1
LBR,Liberia,SL.UEM.TOTL.ZS,"Unemployment, total (% of total labor force) (modeled ILO estimate)",2020,4.102,,1
LBR,Liberia,SL.UEM.TOTL.ZS,"Unemployment, total (% of total labor force) (modeled ILO estimate)",2019,3.071,,1
LBR,Liberia,SL.UEM.TOTL.ZS,"Unemployment, total (% of total labor force) (modeled ILO estimate)",2018,3.058,,1
LBR,Liberia,SL.UEM.TOTL.ZS,"Unemployment, total (% of total labor force) (modeled ILO estimate)",2017,3.067,,1
LBR,Liberia,SL.UEM.TOTL.ZS,"Unemployment, total (% of total labor force) (modeled ILO estimate)",2016,3.081,,1
LBR,Liberia,SL.UEM.TOTL.ZS,"Unemployment, total (% of total labor force) (modeled ILO estimate)",2015,2.557,,1
LBR,Liberia,SL.UEM.TOTL.ZS,"Unemployment, total (% of total labor force) (modeled ILO estimate)",2014,2.079,,1
LBR,Liberia,SL.UEM.TOTL.ZS,"Unemployment, total (% of total labor force) (modeled ILO estimate)",2013,2.08,,1
LBR,Liberia,SL.UEM.TOTL.ZS,"Unemployment, total (% of total labor force) (modeled ILO estimate)",2012,2.146,,1
LBR,Liberia,SL.UEM.TOTL.ZS,"Unemployment, total (% of total labor force) (modeled ILO estimate)",2011,2.211,,1
LBR,Liberia,SL.UEM.TOTL.ZS,"Unemployment, total (% of total labor force) (modeled ILO estimate)",2010,2.266,,1
LBR,Liberia,SL.UEM.TOTL.ZS,"Unemployment, total (% of total labor force) (modeled ILO estimate)",2009,2.241,,1
LBR,Liberia,SL.UEM.TOTL.ZS,"Unemployment, total (% of total labor force) (modeled ILO estimate)",2008,2.221,,1
LBR,Liberia,SL.UEM.TOTL.ZS,"Unemployment, total (% of total labor force) (modeled ILO estimate)",2007,2.232,,1
LBR,Liberia,SL.UEM.TOTL.ZS,"Unemployment, total (% of total labor force) (modeled ILO estimate)",2006,2.28,,1
LBR,Liberia,SL.UEM.TOTL.ZS,"Unemployment, total (% of total labor force) (modeled ILO estimate)",2005,2.413,,1
LBR,Liberia,SL.UEM.TOTL.ZS,"Unemployment, total (% of total labor force) (modeled ILO estimate)",2004,2.424,,1
LBR,Liberia,SL.UEM.TOTL.ZS,"Unemployment, total (% of total labor force) (modeled ILO estimate)",2003,2.42,,1
LBR,Liberia,SL.UEM.TOTL.ZS,"Unemployment, total (% of total labor force) (modeled ILO estimate)",2002,2.222,,1
LBR,Liberia,SL.UEM.TOTL.ZS,"Unemployment, total (% of total labor force) (modeled ILO estimate)",2001,2.104,,1
LBR,Liberia,SL.UEM.TOTL.ZS,"Unemployment, total (% of total labor force) (modeled ILO estimate)",2000,2.018,,1
LBR,Liberia,SL.UEM.TOTL.ZS,"Unemployment, total (% of total labor force) (modeled ILO estimate)",1999,2.006,,1
LBR,Liberia,SL.UEM.TOTL.ZS,"Unemployment, total (% of total labor force) (modeled ILO estimate)",1998,2.061,,1
LBR,Liberia,SL.UEM.TOTL.ZS,"Unemployment, total (% of total labor force) (modeled ILO estimate)",1997,2.195,,1
LBR,Liberia,SL.UEM.TOTL.ZS,"Unemployment, total (% of total labor force) (modeled ILO estimate)",1996,2.397,,1
LBR,Liberia,SL.UEM.TOTL.ZS,"Unemployment, total (% of total labor force) (modeled ILO estimate)",1995,2.588,,1
LBR,Liberia,SL.UEM.TOTL.ZS,"Unemployment, total (% of total labor force) (modeled ILO estimate)",1994,2.652,,1
LBR,Liberia,SL.UEM.TOTL.ZS,"Unemployment, total (% of total labor force) (modeled ILO estimate)",1993,2.706,,1
LBR,Liberia,SL.UEM.TOTL.ZS,"Unemployment, total (% of total labor force) (modeled ILO estimate)",1992,2.724,,1
LBR,Liberia,SL.UEM.TOTL.ZS,"Unemployment, total (% of total labor force) (modeled ILO estimate)",1991,2.735,,1
LBY,Libya,SL.UEM.TOTL.ZS,"Unemployment, total (% of total labor force) (modeled ILO estimate)",2024,19.085,,1
LBY,Libya,SL.UEM.TOTL.ZS,"Unemployment, total (% of total labor force) (modeled ILO estimate)",2023,18.713,,1
LBY,Libya,SL.UEM.TOTL.ZS,"Unemployment, total (% of total labor force) (modeled ILO estimate)",2022,19.238,,1
LBY,Libya,SL.UEM.TOTL.ZS,"Unemployment, total (% of total labor force) (modeled ILO estimate)",2021,19.779,,1
LBY,Libya,SL.UEM.TOTL.ZS,"Unemployment, total (% of total labor force) (modeled ILO estimate)",2020,19.651,,1
LBY,Libya,SL.UEM.TOTL.ZS,"Unemployment, total (% of total labor force) (modeled ILO estimate)",2019,19.087,,1
LBY,Libya,SL.UEM.TOTL.ZS,"Unemployment, total (% of total labor force) (modeled ILO estimate)",2018,18.865,,1
LBY,Libya,SL.UEM.TOTL.ZS,"Unemployment, total (% of total labor force) (modeled ILO estimate)",2017,19.053,,1
LBY,Libya,SL.UEM.TOTL.ZS,"Unemployment, total (% of total labor force) (modeled ILO estimate)",2016,19.559,,1
LBY,Libya,SL.UEM.TOTL.ZS,"Unemployment, total (% of total labor force) (modeled ILO estimate)",2015,19.69,,1
LBY,Libya,SL.UEM.TOTL.ZS,"Unemployment, total (% of total labor force) (modeled ILO estimate)",2014,19.295,,1
LBY,Libya,SL.UEM.TOTL.ZS,"Unemployment, total (% of total labor force) (modeled ILO estimate)",2013,19.311,,1
LBY,Libya,SL.UEM.TOTL.ZS,"Unemployment, total (% of total labor force) (modeled ILO estimate)",2012,19.03,,1
LBY,Libya,SL.UEM.TOTL.ZS,"Unemployment, total (% of total labor force) (modeled ILO estimate)",2011,19.504,,1
LBY,Libya,SL.UEM.TOTL.ZS,"Unemployment, total (% of total labor force) (modeled ILO estimate)",2010,19.321,,1
LBY,Libya,SL.UEM.TOTL.ZS,"Unemployment, total (% of total labor force) (modeled ILO estimate)",2009,19.29,,1
LBY,Libya,SL.UEM.TOTL.ZS,"Unemployment, total (% of total labor force) (modeled ILO estimate)",2008,19.041,,1
LBY,Libya,SL.UEM.TOTL.ZS,"Unemployment, total (% of total labor force) (modeled ILO estimate)",2007,18.771,,1
LBY,Libya,SL.UEM.TOTL.ZS,"Unemployment, total (% of total labor force) (modeled ILO estimate)",2006,18.805,,1
LBY,Libya,SL.UEM.TOTL.ZS,"Unemployment, total (% of total labor force) (modeled ILO estimate)",2005,18.66,,1
LBY,Libya,SL.UEM.TOTL.ZS,"Unemployment, total (% of total labor force) (modeled ILO estimate)",2004,18.938,,1
LBY,Libya,SL.UEM.TOTL.ZS,"Unemployment, total (% of total labor force) (modeled ILO estimate)",2003,19.074,,1
LBY,Libya,SL.UEM.TOTL.ZS,"Unemployment, total (% of total labor force) (modeled ILO estimate)",2002,19.281,,1
LBY,Libya,SL.UEM.TOTL.ZS,"Unemployment, total (% of total labor force) (modeled ILO estimate)",2001,19.239,,1
LBY,Libya,SL.UEM.TOTL.ZS,"Unemployment, total (% of total labor force) (modeled ILO estimate)",2000,19.275,,1
LBY,Libya,SL.UEM.TOTL.ZS,"Unemployment, total (% of total labor force) (modeled ILO estimate)",1999,19.233,,1
LBY,Libya,SL.UEM.TOTL.ZS,"Unemployment, total (% of total labor force) (modeled ILO estimate)",1998,19.192,,1
LBY,Libya,SL.UEM.TOTL.ZS,"Unemployment, total (% of total labor force) (modeled ILO estimate)",1997,19.151,,1
LBY,Libya,SL.UEM.TOTL.ZS,"Unemployment, total (% of total labor force) (modeled ILO estimate)",1996,19.212,,1
LBY,Libya,SL.UEM.TOTL.ZS,"Unemployment, total (% of total labor force) (modeled ILO estimate)",1995,19.331,,1
LBY,Libya,SL.UEM.TOTL.ZS,"Unemployment, total (% of total labor force) (modeled ILO estimate)",1994,19.328,,1
LBY,Libya,SL.UEM.TOTL.ZS,"Unemployment, total (% of total labor force) (modeled ILO estimate)",1993,19.006,,1
LBY,Libya,SL.UEM.TOTL.ZS,"Unemployment, total (% of total labor force) (modeled ILO estimate)",1992,18.828,,1
LBY,Libya,SL.UEM.TOTL.ZS,"Unemployment, total (% of total labor force) (modeled ILO estimate)",1991,18.601,,1
LTU,Lithuania,SL.UEM.TOTL.ZS,"Unemployment, total (% of total labor force) (modeled ILO estimate)",2024,6.851,,1
LTU,Lithuania,SL.UEM.TOTL.ZS,"Unemployment, total (% of total labor force) (modeled ILO estimate)",2023,6.841,,1
LTU,Lithuania,SL.UEM.TOTL.ZS,"Unemployment, total (% of total labor force) (modeled ILO estimate)",2022,5.955,,1
LTU,Lithuania,SL.UEM.TOTL.ZS,"Unemployment, total (% of total labor force) (modeled ILO estimate)",2021,7.112,,1
LTU,Lithuania,SL.UEM.TOTL.ZS,"Unemployment, total (% of total labor force) (modeled ILO estimate)",2020,8.487,,1
LTU,Lithuania,SL.UEM.TOTL.ZS,"Unemployment, total (% of total labor force) (modeled ILO estimate)",2019,6.255,,1
LTU,Lithuania,SL.UEM.TOTL.ZS,"Unemployment, total (% of total labor force) (modeled ILO estimate)",2018,6.147,,1
LTU,Lithuania,SL.UEM.TOTL.ZS,"Unemployment, total (% of total labor force) (modeled ILO estimate)",2017,7.073,,1
LTU,Lithuania,SL.UEM.TOTL.ZS,"Unemployment, total (% of total labor force) (modeled ILO estimate)",2016,7.862,,1
LTU,Lithuania,SL.UEM.TOTL.ZS,"Unemployment, total (% of total labor force) (modeled ILO estimate)",2015,9.12,,1
LTU,Lithuania,SL.UEM.TOTL.ZS,"Unemployment, total (% of total labor force) (modeled ILO estimate)",2014,10.698,,1
LTU,Lithuania,SL.UEM.TOTL.ZS,"Unemployment, total (% of total labor force) (modeled ILO estimate)",2013,11.77,,1
LTU,Lithuania,SL.UEM.TOTL.ZS,"Unemployment, total (% of total labor force) (modeled ILO estimate)",2012,13.365,,1
LTU,Lithuania,SL.UEM.TOTL.ZS,"Unemployment, total (% of total labor force) (modeled ILO estimate)",2011,15.39,,1
LTU,Lithuania,SL.UEM.TOTL.ZS,"Unemployment, total (% of total labor force) (modeled ILO estimate)",2010,17.814,,1
LTU,Lithuania,SL.UEM.TOTL.ZS,"Unemployment, total (% of total labor force) (modeled ILO estimate)",2009,13.785,,1
LTU,Lithuania,SL.UEM.TOTL.ZS,"Unemployment, total (% of total labor force) (modeled ILO estimate)",2008,5.826,,1
LTU,Lithuania,SL.UEM.TOTL.ZS,"Unemployment, total (% of total labor force) (modeled ILO estimate)",2007,4.25,,1
LTU,Lithuania,SL.UEM.TOTL.ZS,"Unemployment, total (% of total labor force) (modeled ILO estimate)",2006,5.78,,1
LTU,Lithuania,SL.UEM.TOTL.ZS,"Unemployment, total (% of total labor force) (modeled ILO estimate)",2005,8.325,,1
LTU,Lithuania,SL.UEM.TOTL.ZS,"Unemployment, total (% of total labor force) (modeled ILO estimate)",2004,10.684,,1
LTU,Lithuania,SL.UEM.TOTL.ZS,"Unemployment, total (% of total labor force) (modeled ILO estimate)",2003,12.874,,1
LTU,Lithuania,SL.UEM.TOTL.ZS,"Unemployment, total (% of total labor force) (modeled ILO estimate)",2002,13.008,,1
LTU,Lithuania,SL.UEM.TOTL.ZS,"Unemployment, total (% of total labor force) (modeled ILO estimate)",2001,16.84,,1
LTU,Lithuania,SL.UEM.TOTL.ZS,"Unemployment, total (% of total labor force) (modeled ILO estimate)",2000,15.931,,1
LTU,Lithuania,SL.UEM.TOTL.ZS,"Unemployment, total (% of total labor force) (modeled ILO estimate)",1999,13.388,,1
LTU,Lithuania,SL.UEM.TOTL.ZS,"Unemployment, total (% of total labor force) (modeled ILO estimate)",1998,13.711,,1
LTU,Lithuania,SL.UEM.TOTL.ZS,"Unemployment, total (% of total labor force) (modeled ILO estimate)",1997,14.13,,1
LTU,Lithuania,SL.UEM.TOTL.ZS,"Unemployment, total (% of total labor force) (modeled ILO estimate)",1996,16.4,,1
LTU,Lithuania,SL.UEM.TOTL.ZS,"Unemployment, total (% of total labor force) (modeled ILO estimate)",1995,17.54,,1
LTU,Lithuania,SL.UEM.TOTL.ZS,"Unemployment, total (% of total labor force) (modeled ILO estimate)",1994,13.8,,1
LTU,Lithuania,SL.UEM.TOTL.ZS,"Unemployment, total (% of total labor force) (modeled ILO estimate)",1993,13.8,,1
LTU,Lithuania,SL.UEM.TOTL.ZS,"Unemployment, total (% of total labor force) (modeled ILO estimate)",1992,1.2,,1
LTU,Lithuania,SL.UEM.TOTL.ZS,"Unemployment, total (% of total labor force) (modeled ILO estimate)",1991,1.1,,1
LUX,Luxembourg,SL.UEM.TOTL.ZS,"Unemployment, total (% of total labor force) (modeled ILO estimate)",2024,6.4,,1
LUX,Luxembourg,SL.UEM.TOTL.ZS,"Unemployment, total (% of total labor force) (modeled ILO estimate)",2023,5.184,,1
LUX,Luxembourg,SL.UEM.TOTL.ZS,"Unemployment, total (% of total labor force) (modeled ILO estimate)",2022,4.588,,1
LUX,Luxembourg,SL.UEM.TOTL.ZS,"Unemployment, total (% of total labor force) (modeled ILO estimate)",2021,5.571,,1
LUX,Luxembourg,SL.UEM.TOTL.ZS,"Unemployment, total (% of total labor force) (modeled ILO estimate)",2020,6.766,,1
LUX,Luxembourg,SL.UEM.TOTL.ZS,"Unemployment, total (% of total labor force) (modeled ILO estimate)",2019,5.592,,1
LUX,Luxembourg,SL.UEM.TOTL.ZS,"Unemployment, total (% of total labor force) (modeled ILO estimate)",2018,5.589,,1
LUX,Luxembourg,SL.UEM.TOTL.ZS,"Unemployment, total (% of total labor force) (modeled ILO estimate)",2017,5.523,,1
LUX,Luxembourg,SL.UEM.TOTL.ZS,"Unemployment, total (% of total labor force) (modeled ILO estimate)",2016,6.669,,1
LUX,Luxembourg,SL.UEM.TOTL.ZS,"Unemployment, total (% of total labor force) (modeled ILO estimate)",2015,6.796,,1
LUX,Luxembourg,SL.UEM.TOTL.ZS,"Unemployment, total (% of total labor force) (modeled ILO estimate)",2014,6.044,,1
LUX,Luxembourg,SL.UEM.TOTL.ZS,"Unemployment, total (% of total labor force) (modeled ILO estimate)",2013,6.045,,1
LUX,Luxembourg,SL.UEM.TOTL.ZS,"Unemployment, total (% of total labor force) (modeled ILO estimate)",2012,5.03,,1
LUX,Luxembourg,SL.UEM.TOTL.ZS,"Unemployment, total (% of total labor force) (modeled ILO estimate)",2011,5.122,,1
LUX,Luxembourg,SL.UEM.TOTL.ZS,"Unemployment, total (% of total labor force) (modeled ILO estimate)",2010,4.423,,1
LUX,Luxembourg,SL.UEM.TOTL.ZS,"Unemployment, total (% of total labor force) (modeled ILO estimate)",2009,5.194,,1
LUX,Luxembourg,SL.UEM.TOTL.ZS,"Unemployment, total (% of total labor force) (modeled ILO estimate)",2008,5.06,,1
LUX,Luxembourg,SL.UEM.TOTL.ZS,"Unemployment, total (% of total labor force) (modeled ILO estimate)",2007,4.065,,1
LUX,Luxembourg,SL.UEM.TOTL.ZS,"Unemployment, total (% of total labor force) (modeled ILO estimate)",2006,4.731,,1
LUX,Luxembourg,SL.UEM.TOTL.ZS,"Unemployment, total (% of total labor force) (modeled ILO estimate)",2005,4.488,,1
LUX,Luxembourg,SL.UEM.TOTL.ZS,"Unemployment, total (% of total labor force) (modeled ILO estimate)",2004,5.113,,1
LUX,Luxembourg,SL.UEM.TOTL.ZS,"Unemployment, total (% of total labor force) (modeled ILO estimate)",2003,3.675,,1
LUX,Luxembourg,SL.UEM.TOTL.ZS,"Unemployment, total (% of total labor force) (modeled ILO estimate)",2002,2.621,,1
LUX,Luxembourg,SL.UEM.TOTL.ZS,"Unemployment, total (% of total labor force) (modeled ILO estimate)",2001,1.805,,1
LUX,Luxembourg,SL.UEM.TOTL.ZS,"Unemployment, total (% of total labor force) (modeled ILO estimate)",2000,2.345,,1
LUX,Luxembourg,SL.UEM.TOTL.ZS,"Unemployment, total (% of total labor force) (modeled ILO estimate)",1999,2.39,,1
LUX,Luxembourg,SL.UEM.TOTL.ZS,"Unemployment, total (% of total labor force) (modeled ILO estimate)",1998,2.763,,1
LUX,Luxembourg,SL.UEM.TOTL.ZS,"Unemployment, total (% of total labor force) (modeled ILO estimate)",1997,2.527,,1
LUX,Luxembourg,SL.UEM.TOTL.ZS,"Unemployment, total (% of total labor force) (modeled ILO estimate)",1996,3.286,,1
LUX,Luxembourg,SL.UEM.TOTL.ZS,"Unemployment, total (% of total labor force) (modeled ILO estimate)",1995,2.918,,1
LUX,Luxembourg,SL.UEM.TOTL.ZS,"Unemployment, total (% of total labor force) (modeled ILO estimate)",1994,3.479,,1
LUX,Luxembourg,SL.UEM.TOTL.ZS,"Unemployment, total (% of total labor force) (modeled ILO estimate)",1993,2.33,,1
LUX,Luxembourg,SL.UEM.TOTL.ZS,"Unemployment, total (% of total labor force) (modeled ILO estimate)",1992,2.029,,1
LUX,Luxembourg,SL.UEM.TOTL.ZS,"Unemployment, total (% of total labor force) (modeled ILO estimate)",1991,1.482,,1
MAC,"Macao SAR, China",SL.UEM.TOTL.ZS,"Unemployment, total (% of total labor force) (modeled ILO estimate)",2024,2.262,,1
MAC,"Macao SAR, China",SL.UEM.TOTL.ZS,"Unemployment, total (% of total labor force) (modeled ILO estimate)",2023,2.206,,1
MAC,"Macao SAR, China",SL.UEM.TOTL.ZS,"Unemployment, total (% of total labor force) (modeled ILO estimate)",2022,2.446,,1
MAC,"Macao SAR, China",SL.UEM.TOTL.ZS,"Unemployment, total (% of total labor force) (modeled ILO estimate)",2021,2.221,,1
MAC,"Macao SAR, China",SL.UEM.TOTL.ZS,"Unemployment, total (% of total labor force) (modeled ILO estimate)",2020,2.542,,1
MAC,"Macao SAR, China",SL.UEM.TOTL.ZS,"Unemployment, total (% of total labor force) (modeled ILO estimate)",2019,1.73,,1
MAC,"Macao SAR, China",SL.UEM.TOTL.ZS,"Unemployment, total (% of total labor force) (modeled ILO estimate)",2018,1.803,,1
MAC,"Macao SAR, China",SL.UEM.TOTL.ZS,"Unemployment, total (% of total labor force) (modeled ILO estimate)",2017,1.981,,1
MAC,"Macao SAR, China",SL.UEM.TOTL.ZS,"Unemployment, total (% of total labor force) (modeled ILO estimate)",2016,1.939,,1
MAC,"Macao SAR, China",SL.UEM.TOTL.ZS,"Unemployment, total (% of total labor force) (modeled ILO estimate)",2015,1.81,,1
MAC,"Macao SAR, China",SL.UEM.TOTL.ZS,"Unemployment, total (% of total labor force) (modeled ILO estimate)",2014,1.67,,1
MAC,"Macao SAR, China",SL.UEM.TOTL.ZS,"Unemployment, total (% of total labor force) (modeled ILO estimate)",2013,1.82,,1
MAC,"Macao SAR, China",SL.UEM.TOTL.ZS,"Unemployment, total (% of total labor force) (modeled ILO estimate)",2012,1.97,,1
MAC,"Macao SAR, China",SL.UEM.TOTL.ZS,"Unemployment, total (% of total labor force) (modeled ILO estimate)",2011,2.56,,1
MAC,"Macao SAR, China",SL.UEM.TOTL.ZS,"Unemployment, total (% of total labor force) (modeled ILO estimate)",2010,2.84,,1
MAC,"Macao SAR, China",SL.UEM.TOTL.ZS,"Unemployment, total (% of total labor force) (modeled ILO estimate)",2009,3.58,,1
MAC,"Macao SAR, China",SL.UEM.TOTL.ZS,"Unemployment, total (% of total labor force) (modeled ILO estimate)",2008,2.999,,1
MAC,"Macao SAR, China",SL.UEM.TOTL.ZS,"Unemployment, total (% of total labor force) (modeled ILO estimate)",2007,3.269,,1
MAC,"Macao SAR, China",SL.UEM.TOTL.ZS,"Unemployment, total (% of total labor force) (modeled ILO estimate)",2006,3.822,,1
MAC,"Macao SAR, China",SL.UEM.TOTL.ZS,"Unemployment, total (% of total labor force) (modeled ILO estimate)",2005,4.158,,1
MAC,"Macao SAR, China",SL.UEM.TOTL.ZS,"Unemployment, total (% of total labor force) (modeled ILO estimate)",2004,4.904,,1
MAC,"Macao SAR, China",SL.UEM.TOTL.ZS,"Unemployment, total (% of total labor force) (modeled ILO estimate)",2003,5.995,,1
MAC,"Macao SAR, China",SL.UEM.TOTL.ZS,"Unemployment, total (% of total labor force) (modeled ILO estimate)",2002,6.278,,1
MAC,"Macao SAR, China",SL.UEM.TOTL.ZS,"Unemployment, total (% of total labor force) (modeled ILO estimate)",2001,6.371,,1
MAC,"Macao SAR, China",SL.UEM.TOTL.ZS,"Unemployment, total (% of total labor force) (modeled ILO estimate)",2000,6.874,,1
MAC,"Macao SAR, China",SL.UEM.TOTL.ZS,"Unemployment, total (% of total labor force) (modeled ILO estimate)",1999,6.34,,1
MAC,"Macao SAR, China",SL.UEM.TOTL.ZS,"Unemployment, total (% of total labor force) (modeled ILO estimate)",1998,4.607,,1
MAC,"Macao SAR, China",SL.UEM.TOTL.ZS,"Unemployment, total (% of total labor force) (modeled ILO estimate)",1997,3.225,,1
MAC,"Macao SAR, China",SL.UEM.TOTL.ZS,"Unemployment, total (% of total labor force) (modeled ILO estimate)",1996,4.261,,1
MAC,"Macao SAR, China",SL.UEM.TOTL.ZS,"Unemployment, total (% of total labor force) (modeled ILO estimate)",1995,3.581,,1
MAC,"Macao SAR, China",SL.UEM.TOTL.ZS,"Unemployment, total (% of total labor force) (modeled ILO estimate)",1994,2.48,,1
MAC,"Macao SAR, China",SL.UEM.TOTL.ZS,"Unemployment, total (% of total labor force) (modeled ILO estimate)",1993,2.057,,1
MAC,"Macao SAR, China",SL.UEM.TOTL.ZS,"Unemployment, total (% of total labor force) (modeled ILO estimate)",1992,2.196,,1
MAC,"Macao SAR, China",SL.UEM.TOTL.ZS,"Unemployment, total (% of total labor force) (modeled ILO estimate)",1991,3.01,,1
MDG,Madagascar,SL.UEM.TOTL.ZS,"Unemployment, total (% of total labor force) (modeled ILO estimate)",2024,3.051,,1
MDG,Madagascar,SL.UEM.TOTL.ZS,"Unemployment, total (% of total labor force) (modeled ILO estimate)",2023,3.044,,1
MDG,Madagascar,SL.UEM.TOTL.ZS,"Unemployment, total (% of total labor force) (modeled ILO estimate)",2022,3.186,,1
MDG,Madagascar,SL.UEM.TOTL.ZS,"Unemployment, total (% of total labor force) (modeled ILO estimate)",2021,3.498,,1
MDG,Madagascar,SL.UEM.TOTL.ZS,"Unemployment, total (% of total labor force) (modeled ILO estimate)",2020,3.292,,1
MDG,Madagascar,SL.UEM.TOTL.ZS,"Unemployment, total (% of total labor force) (modeled ILO estimate)",2019,2.479,,1
MDG,Madagascar,SL.UEM.TOTL.ZS,"Unemployment, total (% of total labor force) (modeled ILO estimate)",2018,2.303,,1
MDG,Madagascar,SL.UEM.TOTL.ZS,"Unemployment, total (% of total labor force) (modeled ILO estimate)",2017,2.123,,1
MDG,Madagascar,SL.UEM.TOTL.ZS,"Unemployment, total (% of total labor force) (modeled ILO estimate)",2016,1.949,,1
MDG,Madagascar,SL.UEM.TOTL.ZS,"Unemployment, total (% of total labor force) (modeled ILO estimate)",2015,1.785,,1
MDG,Madagascar,SL.UEM.TOTL.ZS,"Unemployment, total (% of total labor force) (modeled ILO estimate)",2014,1.385,,1
MDG,Madagascar,SL.UEM.TOTL.ZS,"Unemployment, total (% of total labor force) (modeled ILO estimate)",2013,0.995,,1
MDG,Madagascar,SL.UEM.TOTL.ZS,"Unemployment, total (% of total labor force) (modeled ILO estimate)",2012,0.599,,1
MDG,Madagascar,SL.UEM.TOTL.ZS,"Unemployment, total (% of total labor force) (modeled ILO estimate)",2011,2.516,,1
MDG,Madagascar,SL.UEM.TOTL.ZS,"Unemployment, total (% of total labor force) (modeled ILO estimate)",2010,4.28,,1
MDG,Madagascar,SL.UEM.TOTL.ZS,"Unemployment, total (% of total labor force) (modeled ILO estimate)",2009,3.885,,1
MDG,Madagascar,SL.UEM.TOTL.ZS,"Unemployment, total (% of total labor force) (modeled ILO estimate)",2008,3.431,,1
MDG,Madagascar,SL.UEM.TOTL.ZS,"Unemployment, total (% of total labor force) (modeled ILO estimate)",2007,3.202,,1
MDG,Madagascar,SL.UEM.TOTL.ZS,"Unemployment, total (% of total labor force) (modeled ILO estimate)",2006,2.945,,1
MDG,Madagascar,SL.UEM.TOTL.ZS,"Unemployment, total (% of total labor force) (modeled ILO estimate)",2005,2.62,,1
MDG,Madagascar,SL.UEM.TOTL.ZS,"Unemployment, total (% of total labor force) (modeled ILO estimate)",2004,3.951,,1
MDG,Madagascar,SL.UEM.TOTL.ZS,"Unemployment, total (% of total labor force) (modeled ILO estimate)",2003,5.01,,1
MDG,Madagascar,SL.UEM.TOTL.ZS,"Unemployment, total (% of total labor force) (modeled ILO estimate)",2002,5.515,,1
MDG,Madagascar,SL.UEM.TOTL.ZS,"Unemployment, total (% of total labor force) (modeled ILO estimate)",2001,5.35,,1
MDG,Madagascar,SL.UEM.TOTL.ZS,"Unemployment, total (% of total labor force) (modeled ILO estimate)",2000,5.8,,1
MDG,Madagascar,SL.UEM.TOTL.ZS,"Unemployment, total (% of total labor force) (modeled ILO estimate)",1999,5.822,,1
MDG,Madagascar,SL.UEM.TOTL.ZS,"Unemployment, total (% of total labor force) (modeled ILO estimate)",1998,5.901,,1
MDG,Madagascar,SL.UEM.TOTL.ZS,"Unemployment, total (% of total labor force) (modeled ILO estimate)",1997,5.971,,1
MDG,Madagascar,SL.UEM.TOTL.ZS,"Unemployment, total (% of total labor force) (modeled ILO estimate)",1996,6.092,,1
MDG,Madagascar,SL.UEM.TOTL.ZS,"Unemployment, total (% of total labor force) (modeled ILO estimate)",1995,6.092,,1
MDG,Madagascar,SL.UEM.TOTL.ZS,"Unemployment, total (% of total labor force) (modeled ILO estimate)",1994,6.106,,1
MDG,Madagascar,SL.UEM.TOTL.ZS,"Unemployment, total (% of total labor force) (modeled ILO estimate)",1993,6.317,,1
MDG,Madagascar,SL.UEM.TOTL.ZS,"Unemployment, total (% of total labor force) (modeled ILO estimate)",1992,6.275,,1
MDG,Madagascar,SL.UEM.TOTL.ZS,"Unemployment, total (% of total labor force) (modeled ILO estimate)",1991,6.169,,1
MWI,Malawi,SL.UEM.TOTL.ZS,"Unemployment, total (% of total labor force) (modeled ILO estimate)",2024,5.051,,1
MWI,Malawi,SL.UEM.TOTL.ZS,"Unemployment, total (% of total labor force) (modeled ILO estimate)",2023,5.009,,1
MWI,Malawi,SL.UEM.TOTL.ZS,"Unemployment, total (% of total labor force) (modeled ILO estimate)",2022,5.02,,1
MWI,Malawi,SL.UEM.TOTL.ZS,"Unemployment, total (% of total labor force) (modeled ILO estimate)",2021,5.652,,1
MWI,Malawi,SL.UEM.TOTL.ZS,"Unemployment, total (% of total labor force) (modeled ILO estimate)",2020,5.72,,1
MWI,Malawi,SL.UEM.TOTL.ZS,"Unemployment, total (% of total labor force) (modeled ILO estimate)",2019,4.964,,1
MWI,Malawi,SL.UEM.TOTL.ZS,"Unemployment, total (% of total labor force) (modeled ILO estimate)",2018,5.021,,1
MWI,Malawi,SL.UEM.TOTL.ZS,"Unemployment, total (% of total labor force) (modeled ILO estimate)",2017,5.046,,1
MWI,Malawi,SL.UEM.TOTL.ZS,"Unemployment, total (% of total labor force) (modeled ILO estimate)",2016,5.011,,1
MWI,Malawi,SL.UEM.TOTL.ZS,"Unemployment, total (% of total labor force) (modeled ILO estimate)",2015,4.953,,1
MWI,Malawi,SL.UEM.TOTL.ZS,"Unemployment, total (% of total labor force) (modeled ILO estimate)",2014,4.967,,1
MWI,Malawi,SL.UEM.TOTL.ZS,"Unemployment, total (% of total labor force) (modeled ILO estimate)",2013,4.978,,1
MWI,Malawi,SL.UEM.TOTL.ZS,"Unemployment, total (% of total labor force) (modeled ILO estimate)",2012,4.949,,1
MWI,Malawi,SL.UEM.TOTL.ZS,"Unemployment, total (% of total labor force) (modeled ILO estimate)",2011,4.829,,1
MWI,Malawi,SL.UEM.TOTL.ZS,"Unemployment, total (% of total labor force) (modeled ILO estimate)",2010,4.78,,1
MWI,Malawi,SL.UEM.TOTL.ZS,"Unemployment, total (% of total labor force) (modeled ILO estimate)",2009,4.732,,1
MWI,Malawi,SL.UEM.TOTL.ZS,"Unemployment, total (% of total labor force) (modeled ILO estimate)",2008,4.796,,1
MWI,Malawi,SL.UEM.TOTL.ZS,"Unemployment, total (% of total labor force) (modeled ILO estimate)",2007,4.876,,1
MWI,Malawi,SL.UEM.TOTL.ZS,"Unemployment, total (% of total labor force) (modeled ILO estimate)",2006,4.954,,1
MWI,Malawi,SL.UEM.TOTL.ZS,"Unemployment, total (% of total labor force) (modeled ILO estimate)",2005,4.935,,1
MWI,Malawi,SL.UEM.TOTL.ZS,"Unemployment, total (% of total labor force) (modeled ILO estimate)",2004,4.964,,1
MWI,Malawi,SL.UEM.TOTL.ZS,"Unemployment, total (% of total labor force) (modeled ILO estimate)",2003,5.165,,1
MWI,Malawi,SL.UEM.TOTL.ZS,"Unemployment, total (% of total labor force) (modeled ILO estimate)",2002,5.248,,1
MWI,Malawi,SL.UEM.TOTL.ZS,"Unemployment, total (% of total labor force) (modeled ILO estimate)",2001,5.221,,1
MWI,Malawi,SL.UEM.TOTL.ZS,"Unemployment, total (% of total labor force) (modeled ILO estimate)",2000,5.045,,1
MWI,Malawi,SL.UEM.TOTL.ZS,"Unemployment, total (% of total labor force) (modeled ILO estimate)",1999,5.002,,1
MWI,Malawi,SL.UEM.TOTL.ZS,"Unemployment, total (% of total labor force) (modeled ILO estimate)",1998,4.921,,1
MWI,Malawi,SL.UEM.TOTL.ZS,"Unemployment, total (% of total labor force) (modeled ILO estimate)",1997,4.69,,1
MWI,Malawi,SL.UEM.TOTL.ZS,"Unemployment, total (% of total labor force) (modeled ILO estimate)",1996,4.94,,1
MWI,Malawi,SL.UEM.TOTL.ZS,"Unemployment, total (% of total labor force) (modeled ILO estimate)",1995,4.895,,1
MWI,Malawi,SL.UEM.TOTL.ZS,"Unemployment, total (% of total labor force) (modeled ILO estimate)",1994,5.368,,1
MWI,Malawi,SL.UEM.TOTL.ZS,"Unemployment, total (% of total labor force) (modeled ILO estimate)",1993,4.988,,1
MWI,Malawi,SL.UEM.TOTL.ZS,"Unemployment, total (% of total labor force) (modeled ILO estimate)",1992,5.064,,1
MWI,Malawi,SL.UEM.TOTL.ZS,"Unemployment, total (% of total labor force) (modeled ILO estimate)",1991,4.9,,1
MYS,Malaysia,SL.UEM.TOTL.ZS,"Unemployment, total (% of total labor force) (modeled ILO estimate)",2024,3.846,,1
MYS,Malaysia,SL.UEM.TOTL.ZS,"Unemployment, total (% of total labor force) (modeled ILO estimate)",2023,3.858,,1
MYS,Malaysia,SL.UEM.TOTL.ZS,"Unemployment, total (% of total labor force) (modeled ILO estimate)",2022,3.93,,1
MYS,Malaysia,SL.UEM.TOTL.ZS,"Unemployment, total (% of total labor force) (modeled ILO estimate)",2021,4.64,,1
MYS,Malaysia,SL.UEM.TOTL.ZS,"Unemployment, total (% of total labor force) (modeled ILO estimate)",2020,4.54,,1
MYS,Malaysia,SL.UEM.TOTL.ZS,"Unemployment, total (% of total labor force) (modeled ILO estimate)",2019,3.33,,1
MYS,Malaysia,SL.UEM.TOTL.ZS,"Unemployment, total (% of total labor force) (modeled ILO estimate)",2018,3.3,,1
MYS,Malaysia,SL.UEM.TOTL.ZS,"Unemployment, total (% of total labor force) (modeled ILO estimate)",2017,3.41,,1
MYS,Malaysia,SL.UEM.TOTL.ZS,"Unemployment, total (% of total labor force) (modeled ILO estimate)",2016,3.44,,1
MYS,Malaysia,SL.UEM.TOTL.ZS,"Unemployment, total (% of total labor force) (modeled ILO estimate)",2015,3.1,,1
MYS,Malaysia,SL.UEM.TOTL.ZS,"Unemployment, total (% of total labor force) (modeled ILO estimate)",2014,2.88,,1
MYS,Malaysia,SL.UEM.TOTL.ZS,"Unemployment, total (% of total labor force) (modeled ILO estimate)",2013,3.14,,1
MYS,Malaysia,SL.UEM.TOTL.ZS,"Unemployment, total (% of total labor force) (modeled ILO estimate)",2012,3.04,,1
MYS,Malaysia,SL.UEM.TOTL.ZS,"Unemployment, total (% of total labor force) (modeled ILO estimate)",2011,3.05,,1
MYS,Malaysia,SL.UEM.TOTL.ZS,"Unemployment, total (% of total labor force) (modeled ILO estimate)",2010,3.32,,1
MYS,Malaysia,SL.UEM.TOTL.ZS,"Unemployment, total (% of total labor force) (modeled ILO estimate)",2009,3.62,,1
MYS,Malaysia,SL.UEM.TOTL.ZS,"Unemployment, total (% of total labor force) (modeled ILO estimate)",2008,3.34,,1
MYS,Malaysia,SL.UEM.TOTL.ZS,"Unemployment, total (% of total labor force) (modeled ILO estimate)",2007,3.31,,1
MYS,Malaysia,SL.UEM.TOTL.ZS,"Unemployment, total (% of total labor force) (modeled ILO estimate)",2006,3.32,,1
MYS,Malaysia,SL.UEM.TOTL.ZS,"Unemployment, total (% of total labor force) (modeled ILO estimate)",2005,3.53,,1
MYS,Malaysia,SL.UEM.TOTL.ZS,"Unemployment, total (% of total labor force) (modeled ILO estimate)",2004,3.54,,1
MYS,Malaysia,SL.UEM.TOTL.ZS,"Unemployment, total (% of total labor force) (modeled ILO estimate)",2003,3.61,,1
MYS,Malaysia,SL.UEM.TOTL.ZS,"Unemployment, total (% of total labor force) (modeled ILO estimate)",2002,3.48,,1
MYS,Malaysia,SL.UEM.TOTL.ZS,"Unemployment, total (% of total labor force) (modeled ILO estimate)",2001,3.53,,1
MYS,Malaysia,SL.UEM.TOTL.ZS,"Unemployment, total (% of total labor force) (modeled ILO estimate)",2000,3,,1
MYS,Malaysia,SL.UEM.TOTL.ZS,"Unemployment, total (% of total labor force) (modeled ILO estimate)",1999,3.43,,1
MYS,Malaysia,SL.UEM.TOTL.ZS,"Unemployment, total (% of total labor force) (modeled ILO estimate)",1998,3.2,,1
MYS,Malaysia,SL.UEM.TOTL.ZS,"Unemployment, total (% of total labor force) (modeled ILO estimate)",1997,2.45,,1
MYS,Malaysia,SL.UEM.TOTL.ZS,"Unemployment, total (% of total labor force) (modeled ILO estimate)",1996,2.52,,1
MYS,Malaysia,SL.UEM.TOTL.ZS,"Unemployment, total (% of total labor force) (modeled ILO estimate)",1995,3.15,,1
MYS,Malaysia,SL.UEM.TOTL.ZS,"Unemployment, total (% of total labor force) (modeled ILO estimate)",1994,3.64,,1
MYS,Malaysia,SL.UEM.TOTL.ZS,"Unemployment, total (% of total labor force) (modeled ILO estimate)",1993,4.11,,1
MYS,Malaysia,SL.UEM.TOTL.ZS,"Unemployment, total (% of total labor force) (modeled ILO estimate)",1992,3.71,,1
MYS,Malaysia,SL.UEM.TOTL.ZS,"Unemployment, total (% of total labor force) (modeled ILO estimate)",1991,3.7,,1
MDV,Maldives,SL.UEM.TOTL.ZS,"Unemployment, total (% of total labor force) (modeled ILO estimate)",2024,4.278,,1
MDV,Maldives,SL.UEM.TOTL.ZS,"Unemployment, total (% of total labor force) (modeled ILO estimate)",2023,4.019,,1
MDV,Maldives,SL.UEM.TOTL.ZS,"Unemployment, total (% of total labor force) (modeled ILO estimate)",2022,4.303,,1
MDV,Maldives,SL.UEM.TOTL.ZS,"Unemployment, total (% of total labor force) (modeled ILO estimate)",2021,5.016,,1
MDV,Maldives,SL.UEM.TOTL.ZS,"Unemployment, total (% of total labor force) (modeled ILO estimate)",2020,5.42,,1
MDV,Maldives,SL.UEM.TOTL.ZS,"Unemployment, total (% of total labor force) (modeled ILO estimate)",2019,4.562,,1
MDV,Maldives,SL.UEM.TOTL.ZS,"Unemployment, total (% of total labor force) (modeled ILO estimate)",2018,4.962,,1
MDV,Maldives,SL.UEM.TOTL.ZS,"Unemployment, total (% of total labor force) (modeled ILO estimate)",2017,5.377,,1
MDV,Maldives,SL.UEM.TOTL.ZS,"Unemployment, total (% of total labor force) (modeled ILO estimate)",2016,5.771,,1
MDV,Maldives,SL.UEM.TOTL.ZS,"Unemployment, total (% of total labor force) (modeled ILO estimate)",2015,6.611,,1
MDV,Maldives,SL.UEM.TOTL.ZS,"Unemployment, total (% of total labor force) (modeled ILO estimate)",2014,7.461,,1
MDV,Maldives,SL.UEM.TOTL.ZS,"Unemployment, total (% of total labor force) (modeled ILO estimate)",2013,8.295,,1
MDV,Maldives,SL.UEM.TOTL.ZS,"Unemployment, total (% of total labor force) (modeled ILO estimate)",2012,9.134,,1
MDV,Maldives,SL.UEM.TOTL.ZS,"Unemployment, total (% of total labor force) (modeled ILO estimate)",2011,10.043,,1
MDV,Maldives,SL.UEM.TOTL.ZS,"Unemployment, total (% of total labor force) (modeled ILO estimate)",2010,10.875,,1
MDV,Maldives,SL.UEM.TOTL.ZS,"Unemployment, total (% of total labor force) (modeled ILO estimate)",2009,11.697,,1
MDV,Maldives,SL.UEM.TOTL.ZS,"Unemployment, total (% of total labor force) (modeled ILO estimate)",2008,10.361,,1
MDV,Maldives,SL.UEM.TOTL.ZS,"Unemployment, total (% of total labor force) (modeled ILO estimate)",2007,9.421,,1
MDV,Maldives,SL.UEM.TOTL.ZS,"Unemployment, total (% of total labor force) (modeled ILO estimate)",2006,8.345,,1
MDV,Maldives,SL.UEM.TOTL.ZS,"Unemployment, total (% of total labor force) (modeled ILO estimate)",2005,7.313,,1
MDV,Maldives,SL.UEM.TOTL.ZS,"Unemployment, total (% of total labor force) (modeled ILO estimate)",2004,6.151,,1
MDV,Maldives,SL.UEM.TOTL.ZS,"Unemployment, total (% of total labor force) (modeled ILO estimate)",2003,5.126,,1
MDV,Maldives,SL.UEM.TOTL.ZS,"Unemployment, total (% of total labor force) (modeled ILO estimate)",2002,4.094,,1
MDV,Maldives,SL.UEM.TOTL.ZS,"Unemployment, total (% of total labor force) (modeled ILO estimate)",2001,3.038,,1
MDV,Maldives,SL.UEM.TOTL.ZS,"Unemployment, total (% of total labor force) (modeled ILO estimate)",2000,1.97,,1
MDV,Maldives,SL.UEM.TOTL.ZS,"Unemployment, total (% of total labor force) (modeled ILO estimate)",1999,1.726,,1
MDV,Maldives,SL.UEM.TOTL.ZS,"Unemployment, total (% of total labor force) (modeled ILO estimate)",1998,1.489,,1
MDV,Maldives,SL.UEM.TOTL.ZS,"Unemployment, total (% of total labor force) (modeled ILO estimate)",1997,1.25,,1
MDV,Maldives,SL.UEM.TOTL.ZS,"Unemployment, total (% of total labor force) (modeled ILO estimate)",1996,1.019,,1
MDV,Maldives,SL.UEM.TOTL.ZS,"Unemployment, total (% of total labor force) (modeled ILO estimate)",1995,0.79,,1
MDV,Maldives,SL.UEM.TOTL.ZS,"Unemployment, total (% of total labor force) (modeled ILO estimate)",1994,0.793,,1
MDV,Maldives,SL.UEM.TOTL.ZS,"Unemployment, total (% of total labor force) (modeled ILO estimate)",1993,0.796,,1
MDV,Maldives,SL.UEM.TOTL.ZS,"Unemployment, total (% of total labor force) (modeled ILO estimate)",1992,0.789,,1
MDV,Maldives,SL.UEM.TOTL.ZS,"Unemployment, total (% of total labor force) (modeled ILO estimate)",1991,0.788,,1
MLI,Mali,SL.UEM.TOTL.ZS,"Unemployment, total (% of total labor force) (modeled ILO estimate)",2024,2.924,,1
MLI,Mali,SL.UEM.TOTL.ZS,"Unemployment, total (% of total labor force) (modeled ILO estimate)",2023,2.947,,1
MLI,Mali,SL.UEM.TOTL.ZS,"Unemployment, total (% of total labor force) (modeled ILO estimate)",2022,2.387,,1
MLI,Mali,SL.UEM.TOTL.ZS,"Unemployment, total (% of total labor force) (modeled ILO estimate)",2021,4.006,,1
MLI,Mali,SL.UEM.TOTL.ZS,"Unemployment, total (% of total labor force) (modeled ILO estimate)",2020,3.528,,1
MLI,Mali,SL.UEM.TOTL.ZS,"Unemployment, total (% of total labor force) (modeled ILO estimate)",2019,3.29,,1
MLI,Mali,SL.UEM.TOTL.ZS,"Unemployment, total (% of total labor force) (modeled ILO estimate)",2018,1.62,,1
MLI,Mali,SL.UEM.TOTL.ZS,"Unemployment, total (% of total labor force) (modeled ILO estimate)",2017,1.498,,1
MLI,Mali,SL.UEM.TOTL.ZS,"Unemployment, total (% of total labor force) (modeled ILO estimate)",2016,1.367,,1
MLI,Mali,SL.UEM.TOTL.ZS,"Unemployment, total (% of total labor force) (modeled ILO estimate)",2015,1.404,,1
MLI,Mali,SL.UEM.TOTL.ZS,"Unemployment, total (% of total labor force) (modeled ILO estimate)",2014,1.476,,1
MLI,Mali,SL.UEM.TOTL.ZS,"Unemployment, total (% of total labor force) (modeled ILO estimate)",2013,1.517,,1
MLI,Mali,SL.UEM.TOTL.ZS,"Unemployment, total (% of total labor force) (modeled ILO estimate)",2012,1.462,,1
MLI,Mali,SL.UEM.TOTL.ZS,"Unemployment, total (% of total labor force) (modeled ILO estimate)",2011,1.403,,1
MLI,Mali,SL.UEM.TOTL.ZS,"Unemployment, total (% of total labor force) (modeled ILO estimate)",2010,1.375,,1
MLI,Mali,SL.UEM.TOTL.ZS,"Unemployment, total (% of total labor force) (modeled ILO estimate)",2009,1.406,,1
MLI,Mali,SL.UEM.TOTL.ZS,"Unemployment, total (% of total labor force) (modeled ILO estimate)",2008,1.383,,1
MLI,Mali,SL.UEM.TOTL.ZS,"Unemployment, total (% of total labor force) (modeled ILO estimate)",2007,1.372,,1
MLI,Mali,SL.UEM.TOTL.ZS,"Unemployment, total (% of total labor force) (modeled ILO estimate)",2006,1.395,,1
MLI,Mali,SL.UEM.TOTL.ZS,"Unemployment, total (% of total labor force) (modeled ILO estimate)",2005,1.367,,1
MLI,Mali,SL.UEM.TOTL.ZS,"Unemployment, total (% of total labor force) (modeled ILO estimate)",2004,1.413,,1
MLI,Mali,SL.UEM.TOTL.ZS,"Unemployment, total (% of total labor force) (modeled ILO estimate)",2003,1.272,,1
MLI,Mali,SL.UEM.TOTL.ZS,"Unemployment, total (% of total labor force) (modeled ILO estimate)",2002,1.36,,1
MLI,Mali,SL.UEM.TOTL.ZS,"Unemployment, total (% of total labor force) (modeled ILO estimate)",2001,1.332,,1
MLI,Mali,SL.UEM.TOTL.ZS,"Unemployment, total (% of total labor force) (modeled ILO estimate)",2000,1.412,,1
MLI,Mali,SL.UEM.TOTL.ZS,"Unemployment, total (% of total labor force) (modeled ILO estimate)",1999,1.358,,1
MLI,Mali,SL.UEM.TOTL.ZS,"Unemployment, total (% of total labor force) (modeled ILO estimate)",1998,1.342,,1
MLI,Mali,SL.UEM.TOTL.ZS,"Unemployment, total (% of total labor force) (modeled ILO estimate)",1997,1.411,,1
MLI,Mali,SL.UEM.TOTL.ZS,"Unemployment, total (% of total labor force) (modeled ILO estimate)",1996,1.421,,1
MLI,Mali,SL.UEM.TOTL.ZS,"Unemployment, total (% of total labor force) (modeled ILO estimate)",1995,1.464,,1
MLI,Mali,SL.UEM.TOTL.ZS,"Unemployment, total (% of total labor force) (modeled ILO estimate)",1994,1.512,,1
MLI,Mali,SL.UEM.TOTL.ZS,"Unemployment, total (% of total labor force) (modeled ILO estimate)",1993,1.419,,1
MLI,Mali,SL.UEM.TOTL.ZS,"Unemployment, total (% of total labor force) (modeled ILO estimate)",1992,1.483,,1
MLI,Mali,SL.UEM.TOTL.ZS,"Unemployment, total (% of total labor force) (modeled ILO estimate)",1991,1.399,,1
MLT,Malta,SL.UEM.TOTL.ZS,"Unemployment, total (% of total labor force) (modeled ILO estimate)",2024,3.1,,1
MLT,Malta,SL.UEM.TOTL.ZS,"Unemployment, total (% of total labor force) (modeled ILO estimate)",2023,3.479,,1
MLT,Malta,SL.UEM.TOTL.ZS,"Unemployment, total (% of total labor force) (modeled ILO estimate)",2022,3.471,,1
MLT,Malta,SL.UEM.TOTL.ZS,"Unemployment, total (% of total labor force) (modeled ILO estimate)",2021,3.754,,1
MLT,Malta,SL.UEM.TOTL.ZS,"Unemployment, total (% of total labor force) (modeled ILO estimate)",2020,4.856,,1
MLT,Malta,SL.UEM.TOTL.ZS,"Unemployment, total (% of total labor force) (modeled ILO estimate)",2019,4.08,,1
MLT,Malta,SL.UEM.TOTL.ZS,"Unemployment, total (% of total labor force) (modeled ILO estimate)",2018,3.956,,1
MLT,Malta,SL.UEM.TOTL.ZS,"Unemployment, total (% of total labor force) (modeled ILO estimate)",2017,4.008,,1
MLT,Malta,SL.UEM.TOTL.ZS,"Unemployment, total (% of total labor force) (modeled ILO estimate)",2016,4.694,,1
MLT,Malta,SL.UEM.TOTL.ZS,"Unemployment, total (% of total labor force) (modeled ILO estimate)",2015,5.389,,1
MLT,Malta,SL.UEM.TOTL.ZS,"Unemployment, total (% of total labor force) (modeled ILO estimate)",2014,5.737,,1
MLT,Malta,SL.UEM.TOTL.ZS,"Unemployment, total (% of total labor force) (modeled ILO estimate)",2013,6.115,,1
MLT,Malta,SL.UEM.TOTL.ZS,"Unemployment, total (% of total labor force) (modeled ILO estimate)",2012,6.203,,1
MLT,Malta,SL.UEM.TOTL.ZS,"Unemployment, total (% of total labor force) (modeled ILO estimate)",2011,6.388,,1
MLT,Malta,SL.UEM.TOTL.ZS,"Unemployment, total (% of total labor force) (modeled ILO estimate)",2010,6.861,,1
MLT,Malta,SL.UEM.TOTL.ZS,"Unemployment, total (% of total labor force) (modeled ILO estimate)",2009,6.896,,1
MLT,Malta,SL.UEM.TOTL.ZS,"Unemployment, total (% of total labor force) (modeled ILO estimate)",2008,5.977,,1
MLT,Malta,SL.UEM.TOTL.ZS,"Unemployment, total (% of total labor force) (modeled ILO estimate)",2007,6.472,,1
MLT,Malta,SL.UEM.TOTL.ZS,"Unemployment, total (% of total labor force) (modeled ILO estimate)",2006,6.798,,1
MLT,Malta,SL.UEM.TOTL.ZS,"Unemployment, total (% of total labor force) (modeled ILO estimate)",2005,6.923,,1
MLT,Malta,SL.UEM.TOTL.ZS,"Unemployment, total (% of total labor force) (modeled ILO estimate)",2004,7.317,,1
MLT,Malta,SL.UEM.TOTL.ZS,"Unemployment, total (% of total labor force) (modeled ILO estimate)",2003,7.488,,1
MLT,Malta,SL.UEM.TOTL.ZS,"Unemployment, total (% of total labor force) (modeled ILO estimate)",2002,6.902,,1
MLT,Malta,SL.UEM.TOTL.ZS,"Unemployment, total (% of total labor force) (modeled ILO estimate)",2001,7.107,,1
MLT,Malta,SL.UEM.TOTL.ZS,"Unemployment, total (% of total labor force) (modeled ILO estimate)",2000,6.324,,1
MLT,Malta,SL.UEM.TOTL.ZS,"Unemployment, total (% of total labor force) (modeled ILO estimate)",1999,6.325,,1
MLT,Malta,SL.UEM.TOTL.ZS,"Unemployment, total (% of total labor force) (modeled ILO estimate)",1998,6.326,,1
MLT,Malta,SL.UEM.TOTL.ZS,"Unemployment, total (% of total labor force) (modeled ILO estimate)",1997,6.328,,1
MLT,Malta,SL.UEM.TOTL.ZS,"Unemployment, total (% of total labor force) (modeled ILO estimate)",1996,6.329,,1
MLT,Malta,SL.UEM.TOTL.ZS,"Unemployment, total (% of total labor force) (modeled ILO estimate)",1995,6.33,,1
MLT,Malta,SL.UEM.TOTL.ZS,"Unemployment, total (% of total labor force) (modeled ILO estimate)",1994,6.331,,1
MLT,Malta,SL.UEM.TOTL.ZS,"Unemployment, total (% of total labor force) (modeled ILO estimate)",1993,6.332,,1
MLT,Malta,SL.UEM.TOTL.ZS,"Unemployment, total (% of total labor force) (modeled ILO estimate)",1992,6.333,,1
MLT,Malta,SL.UEM.TOTL.ZS,"Unemployment, total (% of total labor force) (modeled ILO estimate)",1991,6.335,,1
MRT,Mauritania,SL.UEM.TOTL.ZS,"Unemployment, total (% of total labor force) (modeled ILO estimate)",2024,10.257,,1
MRT,Mauritania,SL.UEM.TOTL.ZS,"Unemployment, total (% of total labor force) (modeled ILO estimate)",2023,10.37,,1
MRT,Mauritania,SL.UEM.TOTL.ZS,"Unemployment, total (% of total labor force) (modeled ILO estimate)",2022,10.52,,1
MRT,Mauritania,SL.UEM.TOTL.ZS,"Unemployment, total (% of total labor force) (modeled ILO estimate)",2021,11.131,,1
MRT,Mauritania,SL.UEM.TOTL.ZS,"Unemployment, total (% of total labor force) (modeled ILO estimate)",2020,11.051,,1
MRT,Mauritania,SL.UEM.TOTL.ZS,"Unemployment, total (% of total labor force) (modeled ILO estimate)",2019,10.416,,1
MRT,Mauritania,SL.UEM.TOTL.ZS,"Unemployment, total (% of total labor force) (modeled ILO estimate)",2018,10.411,,1
MRT,Mauritania,SL.UEM.TOTL.ZS,"Unemployment, total (% of total labor force) (modeled ILO estimate)",2017,10.336,,1
MRT,Mauritania,SL.UEM.TOTL.ZS,"Unemployment, total (% of total labor force) (modeled ILO estimate)",2016,10.287,,1
MRT,Mauritania,SL.UEM.TOTL.ZS,"Unemployment, total (% of total labor force) (modeled ILO estimate)",2015,10.104,,1
MRT,Mauritania,SL.UEM.TOTL.ZS,"Unemployment, total (% of total labor force) (modeled ILO estimate)",2014,10.026,,1
MRT,Mauritania,SL.UEM.TOTL.ZS,"Unemployment, total (% of total labor force) (modeled ILO estimate)",2013,9.926,,1
MRT,Mauritania,SL.UEM.TOTL.ZS,"Unemployment, total (% of total labor force) (modeled ILO estimate)",2012,9.864,,1
MRT,Mauritania,SL.UEM.TOTL.ZS,"Unemployment, total (% of total labor force) (modeled ILO estimate)",2011,9.976,,1
MRT,Mauritania,SL.UEM.TOTL.ZS,"Unemployment, total (% of total labor force) (modeled ILO estimate)",2010,10.093,,1
MRT,Mauritania,SL.UEM.TOTL.ZS,"Unemployment, total (% of total labor force) (modeled ILO estimate)",2009,10.214,,1
MRT,Mauritania,SL.UEM.TOTL.ZS,"Unemployment, total (% of total labor force) (modeled ILO estimate)",2008,9.715,,1
MRT,Mauritania,SL.UEM.TOTL.ZS,"Unemployment, total (% of total labor force) (modeled ILO estimate)",2007,9.482,,1
MRT,Mauritania,SL.UEM.TOTL.ZS,"Unemployment, total (% of total labor force) (modeled ILO estimate)",2006,9.313,,1
MRT,Mauritania,SL.UEM.TOTL.ZS,"Unemployment, total (% of total labor force) (modeled ILO estimate)",2005,9.59,,1
MRT,Mauritania,SL.UEM.TOTL.ZS,"Unemployment, total (% of total labor force) (modeled ILO estimate)",2004,9.77,,1
MRT,Mauritania,SL.UEM.TOTL.ZS,"Unemployment, total (% of total labor force) (modeled ILO estimate)",2003,9.911,,1
MRT,Mauritania,SL.UEM.TOTL.ZS,"Unemployment, total (% of total labor force) (modeled ILO estimate)",2002,10.201,,1
MRT,Mauritania,SL.UEM.TOTL.ZS,"Unemployment, total (% of total labor force) (modeled ILO estimate)",2001,10.132,,1
MRT,Mauritania,SL.UEM.TOTL.ZS,"Unemployment, total (% of total labor force) (modeled ILO estimate)",2000,10.03,,1
MRT,Mauritania,SL.UEM.TOTL.ZS,"Unemployment, total (% of total labor force) (modeled ILO estimate)",1999,10.033,,1
MRT,Mauritania,SL.UEM.TOTL.ZS,"Unemployment, total (% of total labor force) (modeled ILO estimate)",1998,9.975,,1
MRT,Mauritania,SL.UEM.TOTL.ZS,"Unemployment, total (% of total labor force) (modeled ILO estimate)",1997,9.788,,1
MRT,Mauritania,SL.UEM.TOTL.ZS,"Unemployment, total (% of total labor force) (modeled ILO estimate)",1996,9.764,,1
MRT,Mauritania,SL.UEM.TOTL.ZS,"Unemployment, total (% of total labor force) (modeled ILO estimate)",1995,9.766,,1
MRT,Mauritania,SL.UEM.TOTL.ZS,"Unemployment, total (% of total labor force) (modeled ILO estimate)",1994,9.979,,1
MRT,Mauritania,SL.UEM.TOTL.ZS,"Unemployment, total (% of total labor force) (modeled ILO estimate)",1993,9.85,,1
MRT,Mauritania,SL.UEM.TOTL.ZS,"Unemployment, total (% of total labor force) (modeled ILO estimate)",1992,10.052,,1
MRT,Mauritania,SL.UEM.TOTL.ZS,"Unemployment, total (% of total labor force) (modeled ILO estimate)",1991,9.971,,1
MUS,Mauritius,SL.UEM.TOTL.ZS,"Unemployment, total (% of total labor force) (modeled ILO estimate)",2024,5.548,,1
MUS,Mauritius,SL.UEM.TOTL.ZS,"Unemployment, total (% of total labor force) (modeled ILO estimate)",2023,5.571,,1
MUS,Mauritius,SL.UEM.TOTL.ZS,"Unemployment, total (% of total labor force) (modeled ILO estimate)",2022,6.322,,1
MUS,Mauritius,SL.UEM.TOTL.ZS,"Unemployment, total (% of total labor force) (modeled ILO estimate)",2021,7.719,,1
MUS,Mauritius,SL.UEM.TOTL.ZS,"Unemployment, total (% of total labor force) (modeled ILO estimate)",2020,8.626,,1
MUS,Mauritius,SL.UEM.TOTL.ZS,"Unemployment, total (% of total labor force) (modeled ILO estimate)",2019,6.331,,1
MUS,Mauritius,SL.UEM.TOTL.ZS,"Unemployment, total (% of total labor force) (modeled ILO estimate)",2018,6.426,,1
MUS,Mauritius,SL.UEM.TOTL.ZS,"Unemployment, total (% of total labor force) (modeled ILO estimate)",2017,6.752,,1
MUS,Mauritius,SL.UEM.TOTL.ZS,"Unemployment, total (% of total labor force) (modeled ILO estimate)",2016,6.814,,1
MUS,Mauritius,SL.UEM.TOTL.ZS,"Unemployment, total (% of total labor force) (modeled ILO estimate)",2015,7.41,,1
MUS,Mauritius,SL.UEM.TOTL.ZS,"Unemployment, total (% of total labor force) (modeled ILO estimate)",2014,7.467,,1
MUS,Mauritius,SL.UEM.TOTL.ZS,"Unemployment, total (% of total labor force) (modeled ILO estimate)",2013,7.322,,1
MUS,Mauritius,SL.UEM.TOTL.ZS,"Unemployment, total (% of total labor force) (modeled ILO estimate)",2012,7.472,,1
MUS,Mauritius,SL.UEM.TOTL.ZS,"Unemployment, total (% of total labor force) (modeled ILO estimate)",2011,7.447,,1
MUS,Mauritius,SL.UEM.TOTL.ZS,"Unemployment, total (% of total labor force) (modeled ILO estimate)",2010,7.654,,1
MUS,Mauritius,SL.UEM.TOTL.ZS,"Unemployment, total (% of total labor force) (modeled ILO estimate)",2009,7.257,,1
MUS,Mauritius,SL.UEM.TOTL.ZS,"Unemployment, total (% of total labor force) (modeled ILO estimate)",2008,7.17,,1
MUS,Mauritius,SL.UEM.TOTL.ZS,"Unemployment, total (% of total labor force) (modeled ILO estimate)",2007,8.475,,1
MUS,Mauritius,SL.UEM.TOTL.ZS,"Unemployment, total (% of total labor force) (modeled ILO estimate)",2006,9.04,,1
MUS,Mauritius,SL.UEM.TOTL.ZS,"Unemployment, total (% of total labor force) (modeled ILO estimate)",2005,9.524,,1
MUS,Mauritius,SL.UEM.TOTL.ZS,"Unemployment, total (% of total labor force) (modeled ILO estimate)",2004,8.337,,1
MUS,Mauritius,SL.UEM.TOTL.ZS,"Unemployment, total (% of total labor force) (modeled ILO estimate)",2003,8.318,,1
MUS,Mauritius,SL.UEM.TOTL.ZS,"Unemployment, total (% of total labor force) (modeled ILO estimate)",2002,8.205,,1
MUS,Mauritius,SL.UEM.TOTL.ZS,"Unemployment, total (% of total labor force) (modeled ILO estimate)",2001,9.14,,1
MUS,Mauritius,SL.UEM.TOTL.ZS,"Unemployment, total (% of total labor force) (modeled ILO estimate)",2000,9.125,,1
MUS,Mauritius,SL.UEM.TOTL.ZS,"Unemployment, total (% of total labor force) (modeled ILO estimate)",1999,9.278,,1
MUS,Mauritius,SL.UEM.TOTL.ZS,"Unemployment, total (% of total labor force) (modeled ILO estimate)",1998,9.253,,1
MUS,Mauritius,SL.UEM.TOTL.ZS,"Unemployment, total (% of total labor force) (modeled ILO estimate)",1997,9.381,,1
MUS,Mauritius,SL.UEM.TOTL.ZS,"Unemployment, total (% of total labor force) (modeled ILO estimate)",1996,9.503,,1
MUS,Mauritius,SL.UEM.TOTL.ZS,"Unemployment, total (% of total labor force) (modeled ILO estimate)",1995,9.59,,1
MUS,Mauritius,SL.UEM.TOTL.ZS,"Unemployment, total (% of total labor force) (modeled ILO estimate)",1994,9.513,,1
MUS,Mauritius,SL.UEM.TOTL.ZS,"Unemployment, total (% of total labor force) (modeled ILO estimate)",1993,9.5,,1
MUS,Mauritius,SL.UEM.TOTL.ZS,"Unemployment, total (% of total labor force) (modeled ILO estimate)",1992,9.428,,1
MUS,Mauritius,SL.UEM.TOTL.ZS,"Unemployment, total (% of total labor force) (modeled ILO estimate)",1991,9.493,,1
MEX,Mexico,SL.UEM.TOTL.ZS,"Unemployment, total (% of total labor force) (modeled ILO estimate)",2024,2.678,,1
MEX,Mexico,SL.UEM.TOTL.ZS,"Unemployment, total (% of total labor force) (modeled ILO estimate)",2023,2.765,,1
MEX,Mexico,SL.UEM.TOTL.ZS,"Unemployment, total (% of total labor force) (modeled ILO estimate)",2022,3.256,,1
MEX,Mexico,SL.UEM.TOTL.ZS,"Unemployment, total (% of total labor force) (modeled ILO estimate)",2021,4.019,,1
MEX,Mexico,SL.UEM.TOTL.ZS,"Unemployment, total (% of total labor force) (modeled ILO estimate)",2020,4.44,,1
MEX,Mexico,SL.UEM.TOTL.ZS,"Unemployment, total (% of total labor force) (modeled ILO estimate)",2019,3.477,,1
MEX,Mexico,SL.UEM.TOTL.ZS,"Unemployment, total (% of total labor force) (modeled ILO estimate)",2018,3.275,,1
MEX,Mexico,SL.UEM.TOTL.ZS,"Unemployment, total (% of total labor force) (modeled ILO estimate)",2017,3.419,,1
MEX,Mexico,SL.UEM.TOTL.ZS,"Unemployment, total (% of total labor force) (modeled ILO estimate)",2016,3.853,,1
MEX,Mexico,SL.UEM.TOTL.ZS,"Unemployment, total (% of total labor force) (modeled ILO estimate)",2015,4.311,,1
MEX,Mexico,SL.UEM.TOTL.ZS,"Unemployment, total (% of total labor force) (modeled ILO estimate)",2014,4.819,,1
MEX,Mexico,SL.UEM.TOTL.ZS,"Unemployment, total (% of total labor force) (modeled ILO estimate)",2013,4.921,,1
MEX,Mexico,SL.UEM.TOTL.ZS,"Unemployment, total (% of total labor force) (modeled ILO estimate)",2012,4.892,,1
MEX,Mexico,SL.UEM.TOTL.ZS,"Unemployment, total (% of total labor force) (modeled ILO estimate)",2011,5.175,,1
MEX,Mexico,SL.UEM.TOTL.ZS,"Unemployment, total (% of total labor force) (modeled ILO estimate)",2010,5.303,,1
MEX,Mexico,SL.UEM.TOTL.ZS,"Unemployment, total (% of total labor force) (modeled ILO estimate)",2009,5.356,,1
MEX,Mexico,SL.UEM.TOTL.ZS,"Unemployment, total (% of total labor force) (modeled ILO estimate)",2008,3.874,,1
MEX,Mexico,SL.UEM.TOTL.ZS,"Unemployment, total (% of total labor force) (modeled ILO estimate)",2007,3.628,,1
MEX,Mexico,SL.UEM.TOTL.ZS,"Unemployment, total (% of total labor force) (modeled ILO estimate)",2006,3.566,,1
MEX,Mexico,SL.UEM.TOTL.ZS,"Unemployment, total (% of total labor force) (modeled ILO estimate)",2005,3.558,,1
MEX,Mexico,SL.UEM.TOTL.ZS,"Unemployment, total (% of total labor force) (modeled ILO estimate)",2004,3.937,,1
MEX,Mexico,SL.UEM.TOTL.ZS,"Unemployment, total (% of total labor force) (modeled ILO estimate)",2003,3.455,,1
MEX,Mexico,SL.UEM.TOTL.ZS,"Unemployment, total (% of total labor force) (modeled ILO estimate)",2002,3.003,,1
MEX,Mexico,SL.UEM.TOTL.ZS,"Unemployment, total (% of total labor force) (modeled ILO estimate)",2001,2.627,,1
MEX,Mexico,SL.UEM.TOTL.ZS,"Unemployment, total (% of total labor force) (modeled ILO estimate)",2000,2.646,,1
MEX,Mexico,SL.UEM.TOTL.ZS,"Unemployment, total (% of total labor force) (modeled ILO estimate)",1999,2.598,,1
MEX,Mexico,SL.UEM.TOTL.ZS,"Unemployment, total (% of total labor force) (modeled ILO estimate)",1998,3.733,,1
MEX,Mexico,SL.UEM.TOTL.ZS,"Unemployment, total (% of total labor force) (modeled ILO estimate)",1997,4.235,,1
MEX,Mexico,SL.UEM.TOTL.ZS,"Unemployment, total (% of total labor force) (modeled ILO estimate)",1996,5.465,,1
MEX,Mexico,SL.UEM.TOTL.ZS,"Unemployment, total (% of total labor force) (modeled ILO estimate)",1995,7.095,,1
MEX,Mexico,SL.UEM.TOTL.ZS,"Unemployment, total (% of total labor force) (modeled ILO estimate)",1994,4.436,,1
MEX,Mexico,SL.UEM.TOTL.ZS,"Unemployment, total (% of total labor force) (modeled ILO estimate)",1993,3.365,,1
MEX,Mexico,SL.UEM.TOTL.ZS,"Unemployment, total (% of total labor force) (modeled ILO estimate)",1992,3.235,,1
MEX,Mexico,SL.UEM.TOTL.ZS,"Unemployment, total (% of total labor force) (modeled ILO estimate)",1991,3.145,,1
MDA,Moldova,SL.UEM.TOTL.ZS,"Unemployment, total (% of total labor force) (modeled ILO estimate)",2024,1.427,,1
MDA,Moldova,SL.UEM.TOTL.ZS,"Unemployment, total (% of total labor force) (modeled ILO estimate)",2023,1.57,,1
MDA,Moldova,SL.UEM.TOTL.ZS,"Unemployment, total (% of total labor force) (modeled ILO estimate)",2022,0.909,,1
MDA,Moldova,SL.UEM.TOTL.ZS,"Unemployment, total (% of total labor force) (modeled ILO estimate)",2021,0.794,,1
MDA,Moldova,SL.UEM.TOTL.ZS,"Unemployment, total (% of total labor force) (modeled ILO estimate)",2020,1.206,,1
MDA,Moldova,SL.UEM.TOTL.ZS,"Unemployment, total (% of total labor force) (modeled ILO estimate)",2019,1.502,,1
MDA,Moldova,SL.UEM.TOTL.ZS,"Unemployment, total (% of total labor force) (modeled ILO estimate)",2018,1.239,,1
MDA,Moldova,SL.UEM.TOTL.ZS,"Unemployment, total (% of total labor force) (modeled ILO estimate)",2017,1.622,,1
MDA,Moldova,SL.UEM.TOTL.ZS,"Unemployment, total (% of total labor force) (modeled ILO estimate)",2016,1.591,,1
MDA,Moldova,SL.UEM.TOTL.ZS,"Unemployment, total (% of total labor force) (modeled ILO estimate)",2015,1.781,,1
MDA,Moldova,SL.UEM.TOTL.ZS,"Unemployment, total (% of total labor force) (modeled ILO estimate)",2014,1.45,,1
MDA,Moldova,SL.UEM.TOTL.ZS,"Unemployment, total (% of total labor force) (modeled ILO estimate)",2013,1.894,,1
MDA,Moldova,SL.UEM.TOTL.ZS,"Unemployment, total (% of total labor force) (modeled ILO estimate)",2012,2.189,,1
MDA,Moldova,SL.UEM.TOTL.ZS,"Unemployment, total (% of total labor force) (modeled ILO estimate)",2011,2.677,,1
MDA,Moldova,SL.UEM.TOTL.ZS,"Unemployment, total (% of total labor force) (modeled ILO estimate)",2010,2.972,,1
MDA,Moldova,SL.UEM.TOTL.ZS,"Unemployment, total (% of total labor force) (modeled ILO estimate)",2009,3.024,,1
MDA,Moldova,SL.UEM.TOTL.ZS,"Unemployment, total (% of total labor force) (modeled ILO estimate)",2008,2.097,,1
MDA,Moldova,SL.UEM.TOTL.ZS,"Unemployment, total (% of total labor force) (modeled ILO estimate)",2007,2.749,,1
MDA,Moldova,SL.UEM.TOTL.ZS,"Unemployment, total (% of total labor force) (modeled ILO estimate)",2006,4.26,,1
MDA,Moldova,SL.UEM.TOTL.ZS,"Unemployment, total (% of total labor force) (modeled ILO estimate)",2005,5.633,,1
MDA,Moldova,SL.UEM.TOTL.ZS,"Unemployment, total (% of total labor force) (modeled ILO estimate)",2004,6.374,,1
MDA,Moldova,SL.UEM.TOTL.ZS,"Unemployment, total (% of total labor force) (modeled ILO estimate)",2003,6.378,,1
MDA,Moldova,SL.UEM.TOTL.ZS,"Unemployment, total (% of total labor force) (modeled ILO estimate)",2002,6.845,,1
MDA,Moldova,SL.UEM.TOTL.ZS,"Unemployment, total (% of total labor force) (modeled ILO estimate)",2001,7.366,,1
MDA,Moldova,SL.UEM.TOTL.ZS,"Unemployment, total (% of total labor force) (modeled ILO estimate)",2000,8.539,,1
MDA,Moldova,SL.UEM.TOTL.ZS,"Unemployment, total (% of total labor force) (modeled ILO estimate)",1999,11.14,,1
MDA,Moldova,SL.UEM.TOTL.ZS,"Unemployment, total (% of total labor force) (modeled ILO estimate)",1998,10,,1
MDA,Moldova,SL.UEM.TOTL.ZS,"Unemployment, total (% of total labor force) (modeled ILO estimate)",1997,7.9,,1
MDA,Moldova,SL.UEM.TOTL.ZS,"Unemployment, total (% of total labor force) (modeled ILO estimate)",1996,7.9,,1
MDA,Moldova,SL.UEM.TOTL.ZS,"Unemployment, total (% of total labor force) (modeled ILO estimate)",1995,5.3,,1
MDA,Moldova,SL.UEM.TOTL.ZS,"Unemployment, total (% of total labor force) (modeled ILO estimate)",1994,5.8,,1
MDA,Moldova,SL.UEM.TOTL.ZS,"Unemployment, total (% of total labor force) (modeled ILO estimate)",1993,3.7,,1
MDA,Moldova,SL.UEM.TOTL.ZS,"Unemployment, total (% of total labor force) (modeled ILO estimate)",1992,3.7,,1
MDA,Moldova,SL.UEM.TOTL.ZS,"Unemployment, total (% of total labor force) (modeled ILO estimate)",1991,1.9,,1
MNG,Mongolia,SL.UEM.TOTL.ZS,"Unemployment, total (% of total labor force) (modeled ILO estimate)",2024,5.158,,1
MNG,Mongolia,SL.UEM.TOTL.ZS,"Unemployment, total (% of total labor force) (modeled ILO estimate)",2023,5.178,,1
MNG,Mongolia,SL.UEM.TOTL.ZS,"Unemployment, total (% of total labor force) (modeled ILO estimate)",2022,5.954,,1
MNG,Mongolia,SL.UEM.TOTL.ZS,"Unemployment, total (% of total labor force) (modeled ILO estimate)",2021,7.871,,1
MNG,Mongolia,SL.UEM.TOTL.ZS,"Unemployment, total (% of total labor force) (modeled ILO estimate)",2020,6.413,,1
MNG,Mongolia,SL.UEM.TOTL.ZS,"Unemployment, total (% of total labor force) (modeled ILO estimate)",2019,9.024,,1
MNG,Mongolia,SL.UEM.TOTL.ZS,"Unemployment, total (% of total labor force) (modeled ILO estimate)",2018,5.377,,1
MNG,Mongolia,SL.UEM.TOTL.ZS,"Unemployment, total (% of total labor force) (modeled ILO estimate)",2017,6.359,,1
MNG,Mongolia,SL.UEM.TOTL.ZS,"Unemployment, total (% of total labor force) (modeled ILO estimate)",2016,7.235,,1
MNG,Mongolia,SL.UEM.TOTL.ZS,"Unemployment, total (% of total labor force) (modeled ILO estimate)",2015,4.861,,1
MNG,Mongolia,SL.UEM.TOTL.ZS,"Unemployment, total (% of total labor force) (modeled ILO estimate)",2014,4.798,,1
MNG,Mongolia,SL.UEM.TOTL.ZS,"Unemployment, total (% of total labor force) (modeled ILO estimate)",2013,4.231,,1
MNG,Mongolia,SL.UEM.TOTL.ZS,"Unemployment, total (% of total labor force) (modeled ILO estimate)",2012,3.905,,1
MNG,Mongolia,SL.UEM.TOTL.ZS,"Unemployment, total (% of total labor force) (modeled ILO estimate)",2011,4.769,,1
MNG,Mongolia,SL.UEM.TOTL.ZS,"Unemployment, total (% of total labor force) (modeled ILO estimate)",2010,6.549,,1
MNG,Mongolia,SL.UEM.TOTL.ZS,"Unemployment, total (% of total labor force) (modeled ILO estimate)",2009,5.86,,1
MNG,Mongolia,SL.UEM.TOTL.ZS,"Unemployment, total (% of total labor force) (modeled ILO estimate)",2008,5.565,,1
MNG,Mongolia,SL.UEM.TOTL.ZS,"Unemployment, total (% of total labor force) (modeled ILO estimate)",2007,7.2,,1
MNG,Mongolia,SL.UEM.TOTL.ZS,"Unemployment, total (% of total labor force) (modeled ILO estimate)",2006,7.193,,1
MNG,Mongolia,SL.UEM.TOTL.ZS,"Unemployment, total (% of total labor force) (modeled ILO estimate)",2005,7.015,,1
MNG,Mongolia,SL.UEM.TOTL.ZS,"Unemployment, total (% of total labor force) (modeled ILO estimate)",2004,6.851,,1
MNG,Mongolia,SL.UEM.TOTL.ZS,"Unemployment, total (% of total labor force) (modeled ILO estimate)",2003,6.768,,1
MNG,Mongolia,SL.UEM.TOTL.ZS,"Unemployment, total (% of total labor force) (modeled ILO estimate)",2002,6.2,,1
MNG,Mongolia,SL.UEM.TOTL.ZS,"Unemployment, total (% of total labor force) (modeled ILO estimate)",2001,6.111,,1
MNG,Mongolia,SL.UEM.TOTL.ZS,"Unemployment, total (% of total labor force) (modeled ILO estimate)",2000,5.992,,1
MNG,Mongolia,SL.UEM.TOTL.ZS,"Unemployment, total (% of total labor force) (modeled ILO estimate)",1999,5.844,,1
MNG,Mongolia,SL.UEM.TOTL.ZS,"Unemployment, total (% of total labor force) (modeled ILO estimate)",1998,5.752,,1
MNG,Mongolia,SL.UEM.TOTL.ZS,"Unemployment, total (% of total labor force) (modeled ILO estimate)",1997,5.608,,1
MNG,Mongolia,SL.UEM.TOTL.ZS,"Unemployment, total (% of total labor force) (modeled ILO estimate)",1996,5.53,,1
MNG,Mongolia,SL.UEM.TOTL.ZS,"Unemployment, total (% of total labor force) (modeled ILO estimate)",1995,5.5,,1
MNG,Mongolia,SL.UEM.TOTL.ZS,"Unemployment, total (% of total labor force) (modeled ILO estimate)",1994,5.709,,1
MNG,Mongolia,SL.UEM.TOTL.ZS,"Unemployment, total (% of total labor force) (modeled ILO estimate)",1993,5.859,,1
MNG,Mongolia,SL.UEM.TOTL.ZS,"Unemployment, total (% of total labor force) (modeled ILO estimate)",1992,5.857,,1
MNG,Mongolia,SL.UEM.TOTL.ZS,"Unemployment, total (% of total labor force) (modeled ILO estimate)",1991,5.665,,1
MNE,Montenegro,SL.UEM.TOTL.ZS,"Unemployment, total (% of total labor force) (modeled ILO estimate)",2024,13.206,,1
MNE,Montenegro,SL.UEM.TOTL.ZS,"Unemployment, total (% of total labor force) (modeled ILO estimate)",2023,13.146,,1
MNE,Montenegro,SL.UEM.TOTL.ZS,"Unemployment, total (% of total labor force) (modeled ILO estimate)",2022,14.851,,1
MNE,Montenegro,SL.UEM.TOTL.ZS,"Unemployment, total (% of total labor force) (modeled ILO estimate)",2021,16.543,,1
MNE,Montenegro,SL.UEM.TOTL.ZS,"Unemployment, total (% of total labor force) (modeled ILO estimate)",2020,17.878,,1
MNE,Montenegro,SL.UEM.TOTL.ZS,"Unemployment, total (% of total labor force) (modeled ILO estimate)",2019,15.128,,1
MNE,Montenegro,SL.UEM.TOTL.ZS,"Unemployment, total (% of total labor force) (modeled ILO estimate)",2018,15.19,,1
MNE,Montenegro,SL.UEM.TOTL.ZS,"Unemployment, total (% of total labor force) (modeled ILO estimate)",2017,16.082,,1
MNE,Montenegro,SL.UEM.TOTL.ZS,"Unemployment, total (% of total labor force) (modeled ILO estimate)",2016,17.732,,1
MNE,Montenegro,SL.UEM.TOTL.ZS,"Unemployment, total (% of total labor force) (modeled ILO estimate)",2015,17.555,,1
MNE,Montenegro,SL.UEM.TOTL.ZS,"Unemployment, total (% of total labor force) (modeled ILO estimate)",2014,18.054,,1
MNE,Montenegro,SL.UEM.TOTL.ZS,"Unemployment, total (% of total labor force) (modeled ILO estimate)",2013,19.585,,1
MNE,Montenegro,SL.UEM.TOTL.ZS,"Unemployment, total (% of total labor force) (modeled ILO estimate)",2012,19.808,,1
MNE,Montenegro,SL.UEM.TOTL.ZS,"Unemployment, total (% of total labor force) (modeled ILO estimate)",2011,19.759,,1
MNE,Montenegro,SL.UEM.TOTL.ZS,"Unemployment, total (% of total labor force) (modeled ILO estimate)",2010,19.649,,1
MNE,Montenegro,SL.UEM.TOTL.ZS,"Unemployment, total (% of total labor force) (modeled ILO estimate)",2009,19.09,,1
MNE,Montenegro,SL.UEM.TOTL.ZS,"Unemployment, total (% of total labor force) (modeled ILO estimate)",2008,17.15,,1
MNE,Montenegro,SL.UEM.TOTL.ZS,"Unemployment, total (% of total labor force) (modeled ILO estimate)",2007,19.4,,1
MNE,Montenegro,SL.UEM.TOTL.ZS,"Unemployment, total (% of total labor force) (modeled ILO estimate)",2006,24.815,,1
MNE,Montenegro,SL.UEM.TOTL.ZS,"Unemployment, total (% of total labor force) (modeled ILO estimate)",2005,30.31,,1
MNE,Montenegro,SL.UEM.TOTL.ZS,"Unemployment, total (% of total labor force) (modeled ILO estimate)",2004,30.342,,1
MNE,Montenegro,SL.UEM.TOTL.ZS,"Unemployment, total (% of total labor force) (modeled ILO estimate)",2003,30.39,,1
MNE,Montenegro,SL.UEM.TOTL.ZS,"Unemployment, total (% of total labor force) (modeled ILO estimate)",2002,30.356,,1
MNE,Montenegro,SL.UEM.TOTL.ZS,"Unemployment, total (% of total labor force) (modeled ILO estimate)",2001,30.542,,1
MNE,Montenegro,SL.UEM.TOTL.ZS,"Unemployment, total (% of total labor force) (modeled ILO estimate)",2000,30.447,,1
MNE,Montenegro,SL.UEM.TOTL.ZS,"Unemployment, total (% of total labor force) (modeled ILO estimate)",1999,30.471,,1
MNE,Montenegro,SL.UEM.TOTL.ZS,"Unemployment, total (% of total labor force) (modeled ILO estimate)",1998,30.21,,1
MNE,Montenegro,SL.UEM.TOTL.ZS,"Unemployment, total (% of total labor force) (modeled ILO estimate)",1997,30.219,,1
MNE,Montenegro,SL.UEM.TOTL.ZS,"Unemployment, total (% of total labor force) (modeled ILO estimate)",1996,30.173,,1
MNE,Montenegro,SL.UEM.TOTL.ZS,"Unemployment, total (% of total labor force) (modeled ILO estimate)",1995,30.196,,1
MNE,Montenegro,SL.UEM.TOTL.ZS,"Unemployment, total (% of total labor force) (modeled ILO estimate)",1994,30.226,,1
MNE,Montenegro,SL.UEM.TOTL.ZS,"Unemployment, total (% of total labor force) (modeled ILO estimate)",1993,30.238,,1
MNE,Montenegro,SL.UEM.TOTL.ZS,"Unemployment, total (% of total labor force) (modeled ILO estimate)",1992,30.181,,1
MNE,Montenegro,SL.UEM.TOTL.ZS,"Unemployment, total (% of total labor force) (modeled ILO estimate)",1991,30.118,,1
MAR,Morocco,SL.UEM.TOTL.ZS,"Unemployment, total (% of total labor force) (modeled ILO estimate)",2024,9.103,,1
MAR,Morocco,SL.UEM.TOTL.ZS,"Unemployment, total (% of total labor force) (modeled ILO estimate)",2023,8.896,,1
MAR,Morocco,SL.UEM.TOTL.ZS,"Unemployment, total (% of total labor force) (modeled ILO estimate)",2022,9.413,,1
MAR,Morocco,SL.UEM.TOTL.ZS,"Unemployment, total (% of total labor force) (modeled ILO estimate)",2021,10.551,,1
MAR,Morocco,SL.UEM.TOTL.ZS,"Unemployment, total (% of total labor force) (modeled ILO estimate)",2020,11.189,,1
MAR,Morocco,SL.UEM.TOTL.ZS,"Unemployment, total (% of total labor force) (modeled ILO estimate)",2019,9.191,,1
MAR,Morocco,SL.UEM.TOTL.ZS,"Unemployment, total (% of total labor force) (modeled ILO estimate)",2018,9.272,,1
MAR,Morocco,SL.UEM.TOTL.ZS,"Unemployment, total (% of total labor force) (modeled ILO estimate)",2017,9.22,,1
MAR,Morocco,SL.UEM.TOTL.ZS,"Unemployment, total (% of total labor force) (modeled ILO estimate)",2016,9.3,,1
MAR,Morocco,SL.UEM.TOTL.ZS,"Unemployment, total (% of total labor force) (modeled ILO estimate)",2015,9.46,,1
MAR,Morocco,SL.UEM.TOTL.ZS,"Unemployment, total (% of total labor force) (modeled ILO estimate)",2014,9.7,,1
MAR,Morocco,SL.UEM.TOTL.ZS,"Unemployment, total (% of total labor force) (modeled ILO estimate)",2013,9.23,,1
MAR,Morocco,SL.UEM.TOTL.ZS,"Unemployment, total (% of total labor force) (modeled ILO estimate)",2012,8.99,,1
MAR,Morocco,SL.UEM.TOTL.ZS,"Unemployment, total (% of total labor force) (modeled ILO estimate)",2011,8.91,,1
MAR,Morocco,SL.UEM.TOTL.ZS,"Unemployment, total (% of total labor force) (modeled ILO estimate)",2010,9.09,,1
MAR,Morocco,SL.UEM.TOTL.ZS,"Unemployment, total (% of total labor force) (modeled ILO estimate)",2009,8.96,,1
MAR,Morocco,SL.UEM.TOTL.ZS,"Unemployment, total (% of total labor force) (modeled ILO estimate)",2008,9.57,,1
MAR,Morocco,SL.UEM.TOTL.ZS,"Unemployment, total (% of total labor force) (modeled ILO estimate)",2007,9.56,,1
MAR,Morocco,SL.UEM.TOTL.ZS,"Unemployment, total (% of total labor force) (modeled ILO estimate)",2006,9.67,,1
MAR,Morocco,SL.UEM.TOTL.ZS,"Unemployment, total (% of total labor force) (modeled ILO estimate)",2005,11.01,,1
MAR,Morocco,SL.UEM.TOTL.ZS,"Unemployment, total (% of total labor force) (modeled ILO estimate)",2004,10.83,,1
MAR,Morocco,SL.UEM.TOTL.ZS,"Unemployment, total (% of total labor force) (modeled ILO estimate)",2003,11.92,,1
MAR,Morocco,SL.UEM.TOTL.ZS,"Unemployment, total (% of total labor force) (modeled ILO estimate)",2002,11.59,,1
MAR,Morocco,SL.UEM.TOTL.ZS,"Unemployment, total (% of total labor force) (modeled ILO estimate)",2001,12.46,,1
MAR,Morocco,SL.UEM.TOTL.ZS,"Unemployment, total (% of total labor force) (modeled ILO estimate)",2000,13.58,,1
MAR,Morocco,SL.UEM.TOTL.ZS,"Unemployment, total (% of total labor force) (modeled ILO estimate)",1999,13.94,,1
MAR,Morocco,SL.UEM.TOTL.ZS,"Unemployment, total (% of total labor force) (modeled ILO estimate)",1998,13.359,,1
MAR,Morocco,SL.UEM.TOTL.ZS,"Unemployment, total (% of total labor force) (modeled ILO estimate)",1997,14.025,,1
MAR,Morocco,SL.UEM.TOTL.ZS,"Unemployment, total (% of total labor force) (modeled ILO estimate)",1996,13.362,,1
MAR,Morocco,SL.UEM.TOTL.ZS,"Unemployment, total (% of total labor force) (modeled ILO estimate)",1995,14.054,,1
MAR,Morocco,SL.UEM.TOTL.ZS,"Unemployment, total (% of total labor force) (modeled ILO estimate)",1994,13.858,,1
MAR,Morocco,SL.UEM.TOTL.ZS,"Unemployment, total (% of total labor force) (modeled ILO estimate)",1993,14.026,,1
MAR,Morocco,SL.UEM.TOTL.ZS,"Unemployment, total (% of total labor force) (modeled ILO estimate)",1992,13.781,,1
MAR,Morocco,SL.UEM.TOTL.ZS,"Unemployment, total (% of total labor force) (modeled ILO estimate)",1991,13.502,,1
MOZ,Mozambique,SL.UEM.TOTL.ZS,"Unemployment, total (% of total labor force) (modeled ILO estimate)",2024,6.668,,1
MOZ,Mozambique,SL.UEM.TOTL.ZS,"Unemployment, total (% of total labor force) (modeled ILO estimate)",2023,6.661,,1
MOZ,Mozambique,SL.UEM.TOTL.ZS,"Unemployment, total (% of total labor force) (modeled ILO estimate)",2022,6.789,,1
MOZ,Mozambique,SL.UEM.TOTL.ZS,"Unemployment, total (% of total labor force) (modeled ILO estimate)",2021,5.413,,1
MOZ,Mozambique,SL.UEM.TOTL.ZS,"Unemployment, total (% of total labor force) (modeled ILO estimate)",2020,5.019,,1
MOZ,Mozambique,SL.UEM.TOTL.ZS,"Unemployment, total (% of total labor force) (modeled ILO estimate)",2019,4.462,,1
MOZ,Mozambique,SL.UEM.TOTL.ZS,"Unemployment, total (% of total labor force) (modeled ILO estimate)",2018,4.21,,1
MOZ,Mozambique,SL.UEM.TOTL.ZS,"Unemployment, total (% of total labor force) (modeled ILO estimate)",2017,3.935,,1
MOZ,Mozambique,SL.UEM.TOTL.ZS,"Unemployment, total (% of total labor force) (modeled ILO estimate)",2016,3.65,,1
MOZ,Mozambique,SL.UEM.TOTL.ZS,"Unemployment, total (% of total labor force) (modeled ILO estimate)",2015,3.426,,1
MOZ,Mozambique,SL.UEM.TOTL.ZS,"Unemployment, total (% of total labor force) (modeled ILO estimate)",2014,3.377,,1
MOZ,Mozambique,SL.UEM.TOTL.ZS,"Unemployment, total (% of total labor force) (modeled ILO estimate)",2013,3.345,,1
MOZ,Mozambique,SL.UEM.TOTL.ZS,"Unemployment, total (% of total labor force) (modeled ILO estimate)",2012,3.304,,1
MOZ,Mozambique,SL.UEM.TOTL.ZS,"Unemployment, total (% of total labor force) (modeled ILO estimate)",2011,3.295,,1
MOZ,Mozambique,SL.UEM.TOTL.ZS,"Unemployment, total (% of total labor force) (modeled ILO estimate)",2010,3.259,,1
MOZ,Mozambique,SL.UEM.TOTL.ZS,"Unemployment, total (% of total labor force) (modeled ILO estimate)",2009,3.207,,1
MOZ,Mozambique,SL.UEM.TOTL.ZS,"Unemployment, total (% of total labor force) (modeled ILO estimate)",2008,3.112,,1
MOZ,Mozambique,SL.UEM.TOTL.ZS,"Unemployment, total (% of total labor force) (modeled ILO estimate)",2007,3.082,,1
MOZ,Mozambique,SL.UEM.TOTL.ZS,"Unemployment, total (% of total labor force) (modeled ILO estimate)",2006,3.037,,1
MOZ,Mozambique,SL.UEM.TOTL.ZS,"Unemployment, total (% of total labor force) (modeled ILO estimate)",2005,3.035,,1
MOZ,Mozambique,SL.UEM.TOTL.ZS,"Unemployment, total (% of total labor force) (modeled ILO estimate)",2004,2.953,,1
MOZ,Mozambique,SL.UEM.TOTL.ZS,"Unemployment, total (% of total labor force) (modeled ILO estimate)",2003,2.857,,1
MOZ,Mozambique,SL.UEM.TOTL.ZS,"Unemployment, total (% of total labor force) (modeled ILO estimate)",2002,2.902,,1
MOZ,Mozambique,SL.UEM.TOTL.ZS,"Unemployment, total (% of total labor force) (modeled ILO estimate)",2001,2.838,,1
MOZ,Mozambique,SL.UEM.TOTL.ZS,"Unemployment, total (% of total labor force) (modeled ILO estimate)",2000,2.832,,1
MOZ,Mozambique,SL.UEM.TOTL.ZS,"Unemployment, total (% of total labor force) (modeled ILO estimate)",1999,2.663,,1
MOZ,Mozambique,SL.UEM.TOTL.ZS,"Unemployment, total (% of total labor force) (modeled ILO estimate)",1998,2.64,,1
MOZ,Mozambique,SL.UEM.TOTL.ZS,"Unemployment, total (% of total labor force) (modeled ILO estimate)",1997,2.7,,1
MOZ,Mozambique,SL.UEM.TOTL.ZS,"Unemployment, total (% of total labor force) (modeled ILO estimate)",1996,2.763,,1
MOZ,Mozambique,SL.UEM.TOTL.ZS,"Unemployment, total (% of total labor force) (modeled ILO estimate)",1995,2.758,,1
MOZ,Mozambique,SL.UEM.TOTL.ZS,"Unemployment, total (% of total labor force) (modeled ILO estimate)",1994,2.879,,1
MOZ,Mozambique,SL.UEM.TOTL.ZS,"Unemployment, total (% of total labor force) (modeled ILO estimate)",1993,2.896,,1
MOZ,Mozambique,SL.UEM.TOTL.ZS,"Unemployment, total (% of total labor force) (modeled ILO estimate)",1992,3.028,,1
MOZ,Mozambique,SL.UEM.TOTL.ZS,"Unemployment, total (% of total labor force) (modeled ILO estimate)",1991,2.838,,1
MMR,Myanmar,SL.UEM.TOTL.ZS,"Unemployment, total (% of total labor force) (modeled ILO estimate)",2024,2.887,,1
MMR,Myanmar,SL.UEM.TOTL.ZS,"Unemployment, total (% of total labor force) (modeled ILO estimate)",2023,2.977,,1
MMR,Myanmar,SL.UEM.TOTL.ZS,"Unemployment, total (% of total labor force) (modeled ILO estimate)",2022,3.063,,1
MMR,Myanmar,SL.UEM.TOTL.ZS,"Unemployment, total (% of total labor force) (modeled ILO estimate)",2021,4.34,,1
MMR,Myanmar,SL.UEM.TOTL.ZS,"Unemployment, total (% of total labor force) (modeled ILO estimate)",2020,1.476,,1
MMR,Myanmar,SL.UEM.TOTL.ZS,"Unemployment, total (% of total labor force) (modeled ILO estimate)",2019,0.407,,1
MMR,Myanmar,SL.UEM.TOTL.ZS,"Unemployment, total (% of total labor force) (modeled ILO estimate)",2018,0.767,,1
MMR,Myanmar,SL.UEM.TOTL.ZS,"Unemployment, total (% of total labor force) (modeled ILO estimate)",2017,1.356,,1
MMR,Myanmar,SL.UEM.TOTL.ZS,"Unemployment, total (% of total labor force) (modeled ILO estimate)",2016,1.058,,1
MMR,Myanmar,SL.UEM.TOTL.ZS,"Unemployment, total (% of total labor force) (modeled ILO estimate)",2015,0.766,,1
MMR,Myanmar,SL.UEM.TOTL.ZS,"Unemployment, total (% of total labor force) (modeled ILO estimate)",2014,0.763,,1
MMR,Myanmar,SL.UEM.TOTL.ZS,"Unemployment, total (% of total labor force) (modeled ILO estimate)",2013,0.775,,1
MMR,Myanmar,SL.UEM.TOTL.ZS,"Unemployment, total (% of total labor force) (modeled ILO estimate)",2012,0.768,,1
MMR,Myanmar,SL.UEM.TOTL.ZS,"Unemployment, total (% of total labor force) (modeled ILO estimate)",2011,0.749,,1
MMR,Myanmar,SL.UEM.TOTL.ZS,"Unemployment, total (% of total labor force) (modeled ILO estimate)",2010,0.725,,1
MMR,Myanmar,SL.UEM.TOTL.ZS,"Unemployment, total (% of total labor force) (modeled ILO estimate)",2009,0.712,,1
MMR,Myanmar,SL.UEM.TOTL.ZS,"Unemployment, total (% of total labor force) (modeled ILO estimate)",2008,0.7,,1
MMR,Myanmar,SL.UEM.TOTL.ZS,"Unemployment, total (% of total labor force) (modeled ILO estimate)",2007,0.684,,1
MMR,Myanmar,SL.UEM.TOTL.ZS,"Unemployment, total (% of total labor force) (modeled ILO estimate)",2006,0.676,,1
MMR,Myanmar,SL.UEM.TOTL.ZS,"Unemployment, total (% of total labor force) (modeled ILO estimate)",2005,0.672,,1
MMR,Myanmar,SL.UEM.TOTL.ZS,"Unemployment, total (% of total labor force) (modeled ILO estimate)",2004,0.677,,1
MMR,Myanmar,SL.UEM.TOTL.ZS,"Unemployment, total (% of total labor force) (modeled ILO estimate)",2003,0.686,,1
MMR,Myanmar,SL.UEM.TOTL.ZS,"Unemployment, total (% of total labor force) (modeled ILO estimate)",2002,0.685,,1
MMR,Myanmar,SL.UEM.TOTL.ZS,"Unemployment, total (% of total labor force) (modeled ILO estimate)",2001,0.689,,1
MMR,Myanmar,SL.UEM.TOTL.ZS,"Unemployment, total (% of total labor force) (modeled ILO estimate)",2000,0.712,,1
MMR,Myanmar,SL.UEM.TOTL.ZS,"Unemployment, total (% of total labor force) (modeled ILO estimate)",1999,0.75,,1
MMR,Myanmar,SL.UEM.TOTL.ZS,"Unemployment, total (% of total labor force) (modeled ILO estimate)",1998,0.772,,1
MMR,Myanmar,SL.UEM.TOTL.ZS,"Unemployment, total (% of total labor force) (modeled ILO estimate)",1997,0.764,,1
MMR,Myanmar,SL.UEM.TOTL.ZS,"Unemployment, total (% of total labor force) (modeled ILO estimate)",1996,0.753,,1
MMR,Myanmar,SL.UEM.TOTL.ZS,"Unemployment, total (% of total labor force) (modeled ILO estimate)",1995,0.754,,1
MMR,Myanmar,SL.UEM.TOTL.ZS,"Unemployment, total (% of total labor force) (modeled ILO estimate)",1994,0.739,,1
MMR,Myanmar,SL.UEM.TOTL.ZS,"Unemployment, total (% of total labor force) (modeled ILO estimate)",1993,0.779,,1
MMR,Myanmar,SL.UEM.TOTL.ZS,"Unemployment, total (% of total labor force) (modeled ILO estimate)",1992,0.796,,1
MMR,Myanmar,SL.UEM.TOTL.ZS,"Unemployment, total (% of total labor force) (modeled ILO estimate)",1991,0.828,,1
NAM,Namibia,SL.UEM.TOTL.ZS,"Unemployment, total (% of total labor force) (modeled ILO estimate)",2024,19.157,,1
NAM,Namibia,SL.UEM.TOTL.ZS,"Unemployment, total (% of total labor force) (modeled ILO estimate)",2023,19.154,,1
NAM,Namibia,SL.UEM.TOTL.ZS,"Unemployment, total (% of total labor force) (modeled ILO estimate)",2022,19.615,,1
NAM,Namibia,SL.UEM.TOTL.ZS,"Unemployment, total (% of total labor force) (modeled ILO estimate)",2021,20.931,,1
NAM,Namibia,SL.UEM.TOTL.ZS,"Unemployment, total (% of total labor force) (modeled ILO estimate)",2020,21.003,,1
NAM,Namibia,SL.UEM.TOTL.ZS,"Unemployment, total (% of total labor force) (modeled ILO estimate)",2019,19.929,,1
NAM,Namibia,SL.UEM.TOTL.ZS,"Unemployment, total (% of total labor force) (modeled ILO estimate)",2018,19.877,,1
NAM,Namibia,SL.UEM.TOTL.ZS,"Unemployment, total (% of total labor force) (modeled ILO estimate)",2017,21.748,,1
NAM,Namibia,SL.UEM.TOTL.ZS,"Unemployment, total (% of total labor force) (modeled ILO estimate)",2016,23.352,,1
NAM,Namibia,SL.UEM.TOTL.ZS,"Unemployment, total (% of total labor force) (modeled ILO estimate)",2015,20.791,,1
NAM,Namibia,SL.UEM.TOTL.ZS,"Unemployment, total (% of total labor force) (modeled ILO estimate)",2014,18.521,,1
NAM,Namibia,SL.UEM.TOTL.ZS,"Unemployment, total (% of total labor force) (modeled ILO estimate)",2013,19.028,,1
NAM,Namibia,SL.UEM.TOTL.ZS,"Unemployment, total (% of total labor force) (modeled ILO estimate)",2012,16.771,,1
NAM,Namibia,SL.UEM.TOTL.ZS,"Unemployment, total (% of total labor force) (modeled ILO estimate)",2011,19.481,,1
NAM,Namibia,SL.UEM.TOTL.ZS,"Unemployment, total (% of total labor force) (modeled ILO estimate)",2010,22.12,,1
NAM,Namibia,SL.UEM.TOTL.ZS,"Unemployment, total (% of total labor force) (modeled ILO estimate)",2009,22.271,,1
NAM,Namibia,SL.UEM.TOTL.ZS,"Unemployment, total (% of total labor force) (modeled ILO estimate)",2008,22.005,,1
NAM,Namibia,SL.UEM.TOTL.ZS,"Unemployment, total (% of total labor force) (modeled ILO estimate)",2007,22.12,,1
NAM,Namibia,SL.UEM.TOTL.ZS,"Unemployment, total (% of total labor force) (modeled ILO estimate)",2006,21.848,,1
NAM,Namibia,SL.UEM.TOTL.ZS,"Unemployment, total (% of total labor force) (modeled ILO estimate)",2005,22.108,,1
NAM,Namibia,SL.UEM.TOTL.ZS,"Unemployment, total (% of total labor force) (modeled ILO estimate)",2004,22.09,,1
NAM,Namibia,SL.UEM.TOTL.ZS,"Unemployment, total (% of total labor force) (modeled ILO estimate)",2003,22.104,,1
NAM,Namibia,SL.UEM.TOTL.ZS,"Unemployment, total (% of total labor force) (modeled ILO estimate)",2002,21.538,,1
NAM,Namibia,SL.UEM.TOTL.ZS,"Unemployment, total (% of total labor force) (modeled ILO estimate)",2001,21.009,,1
NAM,Namibia,SL.UEM.TOTL.ZS,"Unemployment, total (% of total labor force) (modeled ILO estimate)",2000,20.3,,1
NAM,Namibia,SL.UEM.TOTL.ZS,"Unemployment, total (% of total labor force) (modeled ILO estimate)",1999,21.668,,1
NAM,Namibia,SL.UEM.TOTL.ZS,"Unemployment, total (% of total labor force) (modeled ILO estimate)",1998,23.083,,1
NAM,Namibia,SL.UEM.TOTL.ZS,"Unemployment, total (% of total labor force) (modeled ILO estimate)",1997,24.45,,1
NAM,Namibia,SL.UEM.TOTL.ZS,"Unemployment, total (% of total labor force) (modeled ILO estimate)",1996,22.844,,1
NAM,Namibia,SL.UEM.TOTL.ZS,"Unemployment, total (% of total labor force) (modeled ILO estimate)",1995,21.34,,1
NAM,Namibia,SL.UEM.TOTL.ZS,"Unemployment, total (% of total labor force) (modeled ILO estimate)",1994,19.4,,1
NAM,Namibia,SL.UEM.TOTL.ZS,"Unemployment, total (% of total labor force) (modeled ILO estimate)",1993,19.078,,1
NAM,Namibia,SL.UEM.TOTL.ZS,"Unemployment, total (% of total labor force) (modeled ILO estimate)",1992,18.896,,1
NAM,Namibia,SL.UEM.TOTL.ZS,"Unemployment, total (% of total labor force) (modeled ILO estimate)",1991,19.14,,1
NPL,Nepal,SL.UEM.TOTL.ZS,"Unemployment, total (% of total labor force) (modeled ILO estimate)",2024,10.5,,1
NPL,Nepal,SL.UEM.TOTL.ZS,"Unemployment, total (% of total labor force) (modeled ILO estimate)",2023,10.437,,1
NPL,Nepal,SL.UEM.TOTL.ZS,"Unemployment, total (% of total labor force) (modeled ILO estimate)",2022,10.661,,1
NPL,Nepal,SL.UEM.TOTL.ZS,"Unemployment, total (% of total labor force) (modeled ILO estimate)",2021,12.241,,1
NPL,Nepal,SL.UEM.TOTL.ZS,"Unemployment, total (% of total labor force) (modeled ILO estimate)",2020,13.037,,1
NPL,Nepal,SL.UEM.TOTL.ZS,"Unemployment, total (% of total labor force) (modeled ILO estimate)",2019,10.477,,1
NPL,Nepal,SL.UEM.TOTL.ZS,"Unemployment, total (% of total labor force) (modeled ILO estimate)",2018,10.593,,1
NPL,Nepal,SL.UEM.TOTL.ZS,"Unemployment, total (% of total labor force) (modeled ILO estimate)",2017,10.66,,1
NPL,Nepal,SL.UEM.TOTL.ZS,"Unemployment, total (% of total labor force) (modeled ILO estimate)",2016,10.714,,1
NPL,Nepal,SL.UEM.TOTL.ZS,"Unemployment, total (% of total labor force) (modeled ILO estimate)",2015,10.643,,1
NPL,Nepal,SL.UEM.TOTL.ZS,"Unemployment, total (% of total labor force) (modeled ILO estimate)",2014,10.62,,1
NPL,Nepal,SL.UEM.TOTL.ZS,"Unemployment, total (% of total labor force) (modeled ILO estimate)",2013,10.666,,1
NPL,Nepal,SL.UEM.TOTL.ZS,"Unemployment, total (% of total labor force) (modeled ILO estimate)",2012,10.632,,1
NPL,Nepal,SL.UEM.TOTL.ZS,"Unemployment, total (% of total labor force) (modeled ILO estimate)",2011,10.627,,1
NPL,Nepal,SL.UEM.TOTL.ZS,"Unemployment, total (% of total labor force) (modeled ILO estimate)",2010,10.563,,1
NPL,Nepal,SL.UEM.TOTL.ZS,"Unemployment, total (% of total labor force) (modeled ILO estimate)",2009,10.582,,1
NPL,Nepal,SL.UEM.TOTL.ZS,"Unemployment, total (% of total labor force) (modeled ILO estimate)",2008,10.597,,1
NPL,Nepal,SL.UEM.TOTL.ZS,"Unemployment, total (% of total labor force) (modeled ILO estimate)",2007,10.642,,1
NPL,Nepal,SL.UEM.TOTL.ZS,"Unemployment, total (% of total labor force) (modeled ILO estimate)",2006,10.609,,1
NPL,Nepal,SL.UEM.TOTL.ZS,"Unemployment, total (% of total labor force) (modeled ILO estimate)",2005,10.59,,1
NPL,Nepal,SL.UEM.TOTL.ZS,"Unemployment, total (% of total labor force) (modeled ILO estimate)",2004,10.652,,1
NPL,Nepal,SL.UEM.TOTL.ZS,"Unemployment, total (% of total labor force) (modeled ILO estimate)",2003,10.644,,1
NPL,Nepal,SL.UEM.TOTL.ZS,"Unemployment, total (% of total labor force) (modeled ILO estimate)",2002,10.593,,1
NPL,Nepal,SL.UEM.TOTL.ZS,"Unemployment, total (% of total labor force) (modeled ILO estimate)",2001,10.502,,1
NPL,Nepal,SL.UEM.TOTL.ZS,"Unemployment, total (% of total labor force) (modeled ILO estimate)",2000,10.531,,1
NPL,Nepal,SL.UEM.TOTL.ZS,"Unemployment, total (% of total labor force) (modeled ILO estimate)",1999,10.549,,1
NPL,Nepal,SL.UEM.TOTL.ZS,"Unemployment, total (% of total labor force) (modeled ILO estimate)",1998,10.526,,1
NPL,Nepal,SL.UEM.TOTL.ZS,"Unemployment, total (% of total labor force) (modeled ILO estimate)",1997,10.512,,1
NPL,Nepal,SL.UEM.TOTL.ZS,"Unemployment, total (% of total labor force) (modeled ILO estimate)",1996,10.446,,1
NPL,Nepal,SL.UEM.TOTL.ZS,"Unemployment, total (% of total labor force) (modeled ILO estimate)",1995,10.473,,1
NPL,Nepal,SL.UEM.TOTL.ZS,"Unemployment, total (% of total labor force) (modeled ILO estimate)",1994,10.458,,1
NPL,Nepal,SL.UEM.TOTL.ZS,"Unemployment, total (% of total labor force) (modeled ILO estimate)",1993,10.492,,1
NPL,Nepal,SL.UEM.TOTL.ZS,"Unemployment, total (% of total labor force) (modeled ILO estimate)",1992,10.473,,1
NPL,Nepal,SL.UEM.TOTL.ZS,"Unemployment, total (% of total labor force) (modeled ILO estimate)",1991,10.465,,1
NLD,Netherlands,SL.UEM.TOTL.ZS,"Unemployment, total (% of total labor force) (modeled ILO estimate)",2024,3.7,,1
NLD,Netherlands,SL.UEM.TOTL.ZS,"Unemployment, total (% of total labor force) (modeled ILO estimate)",2023,3.535,,1
NLD,Netherlands,SL.UEM.TOTL.ZS,"Unemployment, total (% of total labor force) (modeled ILO estimate)",2022,3.526,,1
NLD,Netherlands,SL.UEM.TOTL.ZS,"Unemployment, total (% of total labor force) (modeled ILO estimate)",2021,4.209,,1
NLD,Netherlands,SL.UEM.TOTL.ZS,"Unemployment, total (% of total labor force) (modeled ILO estimate)",2020,3.82,,1
NLD,Netherlands,SL.UEM.TOTL.ZS,"Unemployment, total (% of total labor force) (modeled ILO estimate)",2019,3.379,,1
NLD,Netherlands,SL.UEM.TOTL.ZS,"Unemployment, total (% of total labor force) (modeled ILO estimate)",2018,3.832,,1
NLD,Netherlands,SL.UEM.TOTL.ZS,"Unemployment, total (% of total labor force) (modeled ILO estimate)",2017,4.837,,1
NLD,Netherlands,SL.UEM.TOTL.ZS,"Unemployment, total (% of total labor force) (modeled ILO estimate)",2016,6.007,,1
NLD,Netherlands,SL.UEM.TOTL.ZS,"Unemployment, total (% of total labor force) (modeled ILO estimate)",2015,6.872,,1
NLD,Netherlands,SL.UEM.TOTL.ZS,"Unemployment, total (% of total labor force) (modeled ILO estimate)",2014,7.419,,1
NLD,Netherlands,SL.UEM.TOTL.ZS,"Unemployment, total (% of total labor force) (modeled ILO estimate)",2013,7.241,,1
NLD,Netherlands,SL.UEM.TOTL.ZS,"Unemployment, total (% of total labor force) (modeled ILO estimate)",2012,5.821,,1
NLD,Netherlands,SL.UEM.TOTL.ZS,"Unemployment, total (% of total labor force) (modeled ILO estimate)",2011,4.977,,1
NLD,Netherlands,SL.UEM.TOTL.ZS,"Unemployment, total (% of total labor force) (modeled ILO estimate)",2010,4.991,,1
NLD,Netherlands,SL.UEM.TOTL.ZS,"Unemployment, total (% of total labor force) (modeled ILO estimate)",2009,4.352,,1
NLD,Netherlands,SL.UEM.TOTL.ZS,"Unemployment, total (% of total labor force) (modeled ILO estimate)",2008,3.658,,1
NLD,Netherlands,SL.UEM.TOTL.ZS,"Unemployment, total (% of total labor force) (modeled ILO estimate)",2007,4.153,,1
NLD,Netherlands,SL.UEM.TOTL.ZS,"Unemployment, total (% of total labor force) (modeled ILO estimate)",2006,5.007,,1
NLD,Netherlands,SL.UEM.TOTL.ZS,"Unemployment, total (% of total labor force) (modeled ILO estimate)",2005,5.872,,1
NLD,Netherlands,SL.UEM.TOTL.ZS,"Unemployment, total (% of total labor force) (modeled ILO estimate)",2004,4.646,,1
NLD,Netherlands,SL.UEM.TOTL.ZS,"Unemployment, total (% of total labor force) (modeled ILO estimate)",2003,3.593,,1
NLD,Netherlands,SL.UEM.TOTL.ZS,"Unemployment, total (% of total labor force) (modeled ILO estimate)",2002,2.554,,1
NLD,Netherlands,SL.UEM.TOTL.ZS,"Unemployment, total (% of total labor force) (modeled ILO estimate)",2001,2.119,,1
NLD,Netherlands,SL.UEM.TOTL.ZS,"Unemployment, total (% of total labor force) (modeled ILO estimate)",2000,2.725,,1
NLD,Netherlands,SL.UEM.TOTL.ZS,"Unemployment, total (% of total labor force) (modeled ILO estimate)",1999,3.622,,1
NLD,Netherlands,SL.UEM.TOTL.ZS,"Unemployment, total (% of total labor force) (modeled ILO estimate)",1998,4.394,,1
NLD,Netherlands,SL.UEM.TOTL.ZS,"Unemployment, total (% of total labor force) (modeled ILO estimate)",1997,5.511,,1
NLD,Netherlands,SL.UEM.TOTL.ZS,"Unemployment, total (% of total labor force) (modeled ILO estimate)",1996,6.421,,1
NLD,Netherlands,SL.UEM.TOTL.ZS,"Unemployment, total (% of total labor force) (modeled ILO estimate)",1995,7.157,,1
NLD,Netherlands,SL.UEM.TOTL.ZS,"Unemployment, total (% of total labor force) (modeled ILO estimate)",1994,7.159,,1
NLD,Netherlands,SL.UEM.TOTL.ZS,"Unemployment, total (% of total labor force) (modeled ILO estimate)",1993,6.287,,1
NLD,Netherlands,SL.UEM.TOTL.ZS,"Unemployment, total (% of total labor force) (modeled ILO estimate)",1992,5.555,,1
NLD,Netherlands,SL.UEM.TOTL.ZS,"Unemployment, total (% of total labor force) (modeled ILO estimate)",1991,7.285,,1
NCL,New Caledonia,SL.UEM.TOTL.ZS,"Unemployment, total (% of total labor force) (modeled ILO estimate)",2024,10.991,,1
NCL,New Caledonia,SL.UEM.TOTL.ZS,"Unemployment, total (% of total labor force) (modeled ILO estimate)",2023,10.922,,1
NCL,New Caledonia,SL.UEM.TOTL.ZS,"Unemployment, total (% of total labor force) (modeled ILO estimate)",2022,10.71,,1
NCL,New Caledonia,SL.UEM.TOTL.ZS,"Unemployment, total (% of total labor force) (modeled ILO estimate)",2021,11.574,,1
NCL,New Caledonia,SL.UEM.TOTL.ZS,"Unemployment, total (% of total labor force) (modeled ILO estimate)",2020,13.558,,1
NCL,New Caledonia,SL.UEM.TOTL.ZS,"Unemployment, total (% of total labor force) (modeled ILO estimate)",2019,10.88,,1
NCL,New Caledonia,SL.UEM.TOTL.ZS,"Unemployment, total (% of total labor force) (modeled ILO estimate)",2018,11.702,,1
NCL,New Caledonia,SL.UEM.TOTL.ZS,"Unemployment, total (% of total labor force) (modeled ILO estimate)",2017,11.676,,1
NCL,New Caledonia,SL.UEM.TOTL.ZS,"Unemployment, total (% of total labor force) (modeled ILO estimate)",2016,12.679,,1
NCL,New Caledonia,SL.UEM.TOTL.ZS,"Unemployment, total (% of total labor force) (modeled ILO estimate)",2015,13.621,,1
NCL,New Caledonia,SL.UEM.TOTL.ZS,"Unemployment, total (% of total labor force) (modeled ILO estimate)",2014,14.59,,1
NCL,New Caledonia,SL.UEM.TOTL.ZS,"Unemployment, total (% of total labor force) (modeled ILO estimate)",2013,14.39,,1
NCL,New Caledonia,SL.UEM.TOTL.ZS,"Unemployment, total (% of total labor force) (modeled ILO estimate)",2012,14.116,,1
NCL,New Caledonia,SL.UEM.TOTL.ZS,"Unemployment, total (% of total labor force) (modeled ILO estimate)",2011,13.988,,1
NCL,New Caledonia,SL.UEM.TOTL.ZS,"Unemployment, total (% of total labor force) (modeled ILO estimate)",2010,13.998,,1
NCL,New Caledonia,SL.UEM.TOTL.ZS,"Unemployment, total (% of total labor force) (modeled ILO estimate)",2009,13.97,,1
NCL,New Caledonia,SL.UEM.TOTL.ZS,"Unemployment, total (% of total labor force) (modeled ILO estimate)",2008,14.36,,1
NCL,New Caledonia,SL.UEM.TOTL.ZS,"Unemployment, total (% of total labor force) (modeled ILO estimate)",2007,14.754,,1
NCL,New Caledonia,SL.UEM.TOTL.ZS,"Unemployment, total (% of total labor force) (modeled ILO estimate)",2006,15.256,,1
NCL,New Caledonia,SL.UEM.TOTL.ZS,"Unemployment, total (% of total labor force) (modeled ILO estimate)",2005,15.778,,1
NCL,New Caledonia,SL.UEM.TOTL.ZS,"Unemployment, total (% of total labor force) (modeled ILO estimate)",2004,16.31,,1
NCL,New Caledonia,SL.UEM.TOTL.ZS,"Unemployment, total (% of total labor force) (modeled ILO estimate)",2003,16.665,,1
NCL,New Caledonia,SL.UEM.TOTL.ZS,"Unemployment, total (% of total labor force) (modeled ILO estimate)",2002,17.045,,1
NCL,New Caledonia,SL.UEM.TOTL.ZS,"Unemployment, total (% of total labor force) (modeled ILO estimate)",2001,17.391,,1
NCL,New Caledonia,SL.UEM.TOTL.ZS,"Unemployment, total (% of total labor force) (modeled ILO estimate)",2000,17.907,,1
NCL,New Caledonia,SL.UEM.TOTL.ZS,"Unemployment, total (% of total labor force) (modeled ILO estimate)",1999,18.205,,1
NCL,New Caledonia,SL.UEM.TOTL.ZS,"Unemployment, total (% of total labor force) (modeled ILO estimate)",1998,18.519,,1
NCL,New Caledonia,SL.UEM.TOTL.ZS,"Unemployment, total (% of total labor force) (modeled ILO estimate)",1997,18.382,,1
NCL,New Caledonia,SL.UEM.TOTL.ZS,"Unemployment, total (% of total labor force) (modeled ILO estimate)",1996,18.64,,1
NCL,New Caledonia,SL.UEM.TOTL.ZS,"Unemployment, total (% of total labor force) (modeled ILO estimate)",1995,18.629,,1
NCL,New Caledonia,SL.UEM.TOTL.ZS,"Unemployment, total (% of total labor force) (modeled ILO estimate)",1994,18.878,,1
NCL,New Caledonia,SL.UEM.TOTL.ZS,"Unemployment, total (% of total labor force) (modeled ILO estimate)",1993,18.762,,1
NCL,New Caledonia,SL.UEM.TOTL.ZS,"Unemployment, total (% of total labor force) (modeled ILO estimate)",1992,18.61,,1
NCL,New Caledonia,SL.UEM.TOTL.ZS,"Unemployment, total (% of total labor force) (modeled ILO estimate)",1991,18.124,,1
NZL,New Zealand,SL.UEM.TOTL.ZS,"Unemployment, total (% of total labor force) (modeled ILO estimate)",2024,4.724,,1
NZL,New Zealand,SL.UEM.TOTL.ZS,"Unemployment, total (% of total labor force) (modeled ILO estimate)",2023,3.734,,1
NZL,New Zealand,SL.UEM.TOTL.ZS,"Unemployment, total (% of total labor force) (modeled ILO estimate)",2022,3.299,,1
NZL,New Zealand,SL.UEM.TOTL.ZS,"Unemployment, total (% of total labor force) (modeled ILO estimate)",2021,3.776,,1
NZL,New Zealand,SL.UEM.TOTL.ZS,"Unemployment, total (% of total labor force) (modeled ILO estimate)",2020,4.595,,1
NZL,New Zealand,SL.UEM.TOTL.ZS,"Unemployment, total (% of total labor force) (modeled ILO estimate)",2019,4.109,,1
NZL,New Zealand,SL.UEM.TOTL.ZS,"Unemployment, total (% of total labor force) (modeled ILO estimate)",2018,4.335,,1
NZL,New Zealand,SL.UEM.TOTL.ZS,"Unemployment, total (% of total labor force) (modeled ILO estimate)",2017,4.736,,1
NZL,New Zealand,SL.UEM.TOTL.ZS,"Unemployment, total (% of total labor force) (modeled ILO estimate)",2016,5.147,,1
NZL,New Zealand,SL.UEM.TOTL.ZS,"Unemployment, total (% of total labor force) (modeled ILO estimate)",2015,5.415,,1
NZL,New Zealand,SL.UEM.TOTL.ZS,"Unemployment, total (% of total labor force) (modeled ILO estimate)",2014,5.428,,1
NZL,New Zealand,SL.UEM.TOTL.ZS,"Unemployment, total (% of total labor force) (modeled ILO estimate)",2013,5.839,,1
NZL,New Zealand,SL.UEM.TOTL.ZS,"Unemployment, total (% of total labor force) (modeled ILO estimate)",2012,6.931,,1
NZL,New Zealand,SL.UEM.TOTL.ZS,"Unemployment, total (% of total labor force) (modeled ILO estimate)",2011,6.491,,1
NZL,New Zealand,SL.UEM.TOTL.ZS,"Unemployment, total (% of total labor force) (modeled ILO estimate)",2010,6.557,,1
NZL,New Zealand,SL.UEM.TOTL.ZS,"Unemployment, total (% of total labor force) (modeled ILO estimate)",2009,6.121,,1
NZL,New Zealand,SL.UEM.TOTL.ZS,"Unemployment, total (% of total labor force) (modeled ILO estimate)",2008,4.167,,1
NZL,New Zealand,SL.UEM.TOTL.ZS,"Unemployment, total (% of total labor force) (modeled ILO estimate)",2007,3.661,,1
NZL,New Zealand,SL.UEM.TOTL.ZS,"Unemployment, total (% of total labor force) (modeled ILO estimate)",2006,3.857,,1
NZL,New Zealand,SL.UEM.TOTL.ZS,"Unemployment, total (% of total labor force) (modeled ILO estimate)",2005,3.807,,1
NZL,New Zealand,SL.UEM.TOTL.ZS,"Unemployment, total (% of total labor force) (modeled ILO estimate)",2004,4.005,,1
NZL,New Zealand,SL.UEM.TOTL.ZS,"Unemployment, total (% of total labor force) (modeled ILO estimate)",2003,4.745,,1
NZL,New Zealand,SL.UEM.TOTL.ZS,"Unemployment, total (% of total labor force) (modeled ILO estimate)",2002,5.282,,1
NZL,New Zealand,SL.UEM.TOTL.ZS,"Unemployment, total (% of total labor force) (modeled ILO estimate)",2001,5.433,,1
NZL,New Zealand,SL.UEM.TOTL.ZS,"Unemployment, total (% of total labor force) (modeled ILO estimate)",2000,6.13,,1
NZL,New Zealand,SL.UEM.TOTL.ZS,"Unemployment, total (% of total labor force) (modeled ILO estimate)",1999,7.023,,1
NZL,New Zealand,SL.UEM.TOTL.ZS,"Unemployment, total (% of total labor force) (modeled ILO estimate)",1998,7.718,,1
NZL,New Zealand,SL.UEM.TOTL.ZS,"Unemployment, total (% of total labor force) (modeled ILO estimate)",1997,6.857,,1
NZL,New Zealand,SL.UEM.TOTL.ZS,"Unemployment, total (% of total labor force) (modeled ILO estimate)",1996,6.29,,1
NZL,New Zealand,SL.UEM.TOTL.ZS,"Unemployment, total (% of total labor force) (modeled ILO estimate)",1995,6.461,,1
NZL,New Zealand,SL.UEM.TOTL.ZS,"Unemployment, total (% of total labor force) (modeled ILO estimate)",1994,8.354,,1
NZL,New Zealand,SL.UEM.TOTL.ZS,"Unemployment, total (% of total labor force) (modeled ILO estimate)",1993,9.804,,1
NZL,New Zealand,SL.UEM.TOTL.ZS,"Unemployment, total (% of total labor force) (modeled ILO estimate)",1992,10.667,,1
NZL,New Zealand,SL.UEM.TOTL.ZS,"Unemployment, total (% of total labor force) (modeled ILO estimate)",1991,10.614,,1
NIC,Nicaragua,SL.UEM.TOTL.ZS,"Unemployment, total (% of total labor force) (modeled ILO estimate)",2024,4.98,,1
NIC,Nicaragua,SL.UEM.TOTL.ZS,"Unemployment, total (% of total labor force) (modeled ILO estimate)",2023,4.698,,1
NIC,Nicaragua,SL.UEM.TOTL.ZS,"Unemployment, total (% of total labor force) (modeled ILO estimate)",2022,4.969,,1
NIC,Nicaragua,SL.UEM.TOTL.ZS,"Unemployment, total (% of total labor force) (modeled ILO estimate)",2021,6.076,,1
NIC,Nicaragua,SL.UEM.TOTL.ZS,"Unemployment, total (% of total labor force) (modeled ILO estimate)",2020,6.18,,1
NIC,Nicaragua,SL.UEM.TOTL.ZS,"Unemployment, total (% of total labor force) (modeled ILO estimate)",2019,5.457,,1
NIC,Nicaragua,SL.UEM.TOTL.ZS,"Unemployment, total (% of total labor force) (modeled ILO estimate)",2018,5.2,,1
NIC,Nicaragua,SL.UEM.TOTL.ZS,"Unemployment, total (% of total labor force) (modeled ILO estimate)",2017,3.3,,1
NIC,Nicaragua,SL.UEM.TOTL.ZS,"Unemployment, total (% of total labor force) (modeled ILO estimate)",2016,3.9,,1
NIC,Nicaragua,SL.UEM.TOTL.ZS,"Unemployment, total (% of total labor force) (modeled ILO estimate)",2015,4.7,,1
NIC,Nicaragua,SL.UEM.TOTL.ZS,"Unemployment, total (% of total labor force) (modeled ILO estimate)",2014,4.52,,1
NIC,Nicaragua,SL.UEM.TOTL.ZS,"Unemployment, total (% of total labor force) (modeled ILO estimate)",2013,5.28,,1
NIC,Nicaragua,SL.UEM.TOTL.ZS,"Unemployment, total (% of total labor force) (modeled ILO estimate)",2012,5.208,,1
NIC,Nicaragua,SL.UEM.TOTL.ZS,"Unemployment, total (% of total labor force) (modeled ILO estimate)",2011,6.613,,1
NIC,Nicaragua,SL.UEM.TOTL.ZS,"Unemployment, total (% of total labor force) (modeled ILO estimate)",2010,7.83,,1
NIC,Nicaragua,SL.UEM.TOTL.ZS,"Unemployment, total (% of total labor force) (modeled ILO estimate)",2009,8.16,,1
NIC,Nicaragua,SL.UEM.TOTL.ZS,"Unemployment, total (% of total labor force) (modeled ILO estimate)",2008,6.2,,1
NIC,Nicaragua,SL.UEM.TOTL.ZS,"Unemployment, total (% of total labor force) (modeled ILO estimate)",2007,4.89,,1
NIC,Nicaragua,SL.UEM.TOTL.ZS,"Unemployment, total (% of total labor force) (modeled ILO estimate)",2006,5.31,,1
NIC,Nicaragua,SL.UEM.TOTL.ZS,"Unemployment, total (% of total labor force) (modeled ILO estimate)",2005,5.37,,1
NIC,Nicaragua,SL.UEM.TOTL.ZS,"Unemployment, total (% of total labor force) (modeled ILO estimate)",2004,6.41,,1
NIC,Nicaragua,SL.UEM.TOTL.ZS,"Unemployment, total (% of total labor force) (modeled ILO estimate)",2003,7.6,,1
NIC,Nicaragua,SL.UEM.TOTL.ZS,"Unemployment, total (% of total labor force) (modeled ILO estimate)",2002,7.517,,1
NIC,Nicaragua,SL.UEM.TOTL.ZS,"Unemployment, total (% of total labor force) (modeled ILO estimate)",2001,7.222,,1
NIC,Nicaragua,SL.UEM.TOTL.ZS,"Unemployment, total (% of total labor force) (modeled ILO estimate)",2000,7.181,,1
NIC,Nicaragua,SL.UEM.TOTL.ZS,"Unemployment, total (% of total labor force) (modeled ILO estimate)",1999,7.18,,1
NIC,Nicaragua,SL.UEM.TOTL.ZS,"Unemployment, total (% of total labor force) (modeled ILO estimate)",1998,7.203,,1
NIC,Nicaragua,SL.UEM.TOTL.ZS,"Unemployment, total (% of total labor force) (modeled ILO estimate)",1997,7.1,,1
NIC,Nicaragua,SL.UEM.TOTL.ZS,"Unemployment, total (% of total labor force) (modeled ILO estimate)",1996,7.12,,1
NIC,Nicaragua,SL.UEM.TOTL.ZS,"Unemployment, total (% of total labor force) (modeled ILO estimate)",1995,7.414,,1
NIC,Nicaragua,SL.UEM.TOTL.ZS,"Unemployment, total (% of total labor force) (modeled ILO estimate)",1994,7.668,,1
NIC,Nicaragua,SL.UEM.TOTL.ZS,"Unemployment, total (% of total labor force) (modeled ILO estimate)",1993,7.833,,1
NIC,Nicaragua,SL.UEM.TOTL.ZS,"Unemployment, total (% of total labor force) (modeled ILO estimate)",1992,7.809,,1
NIC,Nicaragua,SL.UEM.TOTL.ZS,"Unemployment, total (% of total labor force) (modeled ILO estimate)",1991,7.909,,1
NER,Niger,SL.UEM.TOTL.ZS,"Unemployment, total (% of total labor force) (modeled ILO estimate)",2024,0.376,,1
NER,Niger,SL.UEM.TOTL.ZS,"Unemployment, total (% of total labor force) (modeled ILO estimate)",2023,0.407,,1
NER,Niger,SL.UEM.TOTL.ZS,"Unemployment, total (% of total labor force) (modeled ILO estimate)",2022,0.403,,1
NER,Niger,SL.UEM.TOTL.ZS,"Unemployment, total (% of total labor force) (modeled ILO estimate)",2021,0.806,,1
NER,Niger,SL.UEM.TOTL.ZS,"Unemployment, total (% of total labor force) (modeled ILO estimate)",2020,0.591,,1
NER,Niger,SL.UEM.TOTL.ZS,"Unemployment, total (% of total labor force) (modeled ILO estimate)",2019,0.531,,1
NER,Niger,SL.UEM.TOTL.ZS,"Unemployment, total (% of total labor force) (modeled ILO estimate)",2018,0.536,,1
NER,Niger,SL.UEM.TOTL.ZS,"Unemployment, total (% of total labor force) (modeled ILO estimate)",2017,0.556,,1
NER,Niger,SL.UEM.TOTL.ZS,"Unemployment, total (% of total labor force) (modeled ILO estimate)",2016,0.55,,1
NER,Niger,SL.UEM.TOTL.ZS,"Unemployment, total (% of total labor force) (modeled ILO estimate)",2015,0.556,,1
NER,Niger,SL.UEM.TOTL.ZS,"Unemployment, total (% of total labor force) (modeled ILO estimate)",2014,0.524,,1
NER,Niger,SL.UEM.TOTL.ZS,"Unemployment, total (% of total labor force) (modeled ILO estimate)",2013,1.401,,1
NER,Niger,SL.UEM.TOTL.ZS,"Unemployment, total (% of total labor force) (modeled ILO estimate)",2012,2.177,,1
NER,Niger,SL.UEM.TOTL.ZS,"Unemployment, total (% of total labor force) (modeled ILO estimate)",2011,0.316,,1
NER,Niger,SL.UEM.TOTL.ZS,"Unemployment, total (% of total labor force) (modeled ILO estimate)",2010,0.718,,1
NER,Niger,SL.UEM.TOTL.ZS,"Unemployment, total (% of total labor force) (modeled ILO estimate)",2009,1.208,,1
NER,Niger,SL.UEM.TOTL.ZS,"Unemployment, total (% of total labor force) (modeled ILO estimate)",2008,1.584,,1
NER,Niger,SL.UEM.TOTL.ZS,"Unemployment, total (% of total labor force) (modeled ILO estimate)",2007,2.021,,1
NER,Niger,SL.UEM.TOTL.ZS,"Unemployment, total (% of total labor force) (modeled ILO estimate)",2006,2.528,,1
NER,Niger,SL.UEM.TOTL.ZS,"Unemployment, total (% of total labor force) (modeled ILO estimate)",2005,3.1,,1
NER,Niger,SL.UEM.TOTL.ZS,"Unemployment, total (% of total labor force) (modeled ILO estimate)",2004,2.751,,1
NER,Niger,SL.UEM.TOTL.ZS,"Unemployment, total (% of total labor force) (modeled ILO estimate)",2003,2.145,,1
NER,Niger,SL.UEM.TOTL.ZS,"Unemployment, total (% of total labor force) (modeled ILO estimate)",2002,1.808,,1
NER,Niger,SL.UEM.TOTL.ZS,"Unemployment, total (% of total labor force) (modeled ILO estimate)",2001,1.47,,1
NER,Niger,SL.UEM.TOTL.ZS,"Unemployment, total (% of total labor force) (modeled ILO estimate)",2000,1.427,,1
NER,Niger,SL.UEM.TOTL.ZS,"Unemployment, total (% of total labor force) (modeled ILO estimate)",1999,1.385,,1
NER,Niger,SL.UEM.TOTL.ZS,"Unemployment, total (% of total labor force) (modeled ILO estimate)",1998,1.381,,1
NER,Niger,SL.UEM.TOTL.ZS,"Unemployment, total (% of total labor force) (modeled ILO estimate)",1997,1.503,,1
NER,Niger,SL.UEM.TOTL.ZS,"Unemployment, total (% of total labor force) (modeled ILO estimate)",1996,1.498,,1
NER,Niger,SL.UEM.TOTL.ZS,"Unemployment, total (% of total labor force) (modeled ILO estimate)",1995,1.494,,1
NER,Niger,SL.UEM.TOTL.ZS,"Unemployment, total (% of total labor force) (modeled ILO estimate)",1994,1.502,,1
NER,Niger,SL.UEM.TOTL.ZS,"Unemployment, total (% of total labor force) (modeled ILO estimate)",1993,1.541,,1
NER,Niger,SL.UEM.TOTL.ZS,"Unemployment, total (% of total labor force) (modeled ILO estimate)",1992,1.569,,1
NER,Niger,SL.UEM.TOTL.ZS,"Unemployment, total (% of total labor force) (modeled ILO estimate)",1991,1.588,,1
NGA,Nigeria,SL.UEM.TOTL.ZS,"Unemployment, total (% of total labor force) (modeled ILO estimate)",2024,3.045,,1
NGA,Nigeria,SL.UEM.TOTL.ZS,"Unemployment, total (% of total labor force) (modeled ILO estimate)",2023,3.074,,1
NGA,Nigeria,SL.UEM.TOTL.ZS,"Unemployment, total (% of total labor force) (modeled ILO estimate)",2022,3.827,,1
NGA,Nigeria,SL.UEM.TOTL.ZS,"Unemployment, total (% of total labor force) (modeled ILO estimate)",2021,5.404,,1
NGA,Nigeria,SL.UEM.TOTL.ZS,"Unemployment, total (% of total labor force) (modeled ILO estimate)",2020,5.714,,1
NGA,Nigeria,SL.UEM.TOTL.ZS,"Unemployment, total (% of total labor force) (modeled ILO estimate)",2019,5.206,,1
NGA,Nigeria,SL.UEM.TOTL.ZS,"Unemployment, total (% of total labor force) (modeled ILO estimate)",2018,5.069,,1
NGA,Nigeria,SL.UEM.TOTL.ZS,"Unemployment, total (% of total labor force) (modeled ILO estimate)",2017,4.83,,1
NGA,Nigeria,SL.UEM.TOTL.ZS,"Unemployment, total (% of total labor force) (modeled ILO estimate)",2016,4.499,,1
NGA,Nigeria,SL.UEM.TOTL.ZS,"Unemployment, total (% of total labor force) (modeled ILO estimate)",2015,4.134,,1
NGA,Nigeria,SL.UEM.TOTL.ZS,"Unemployment, total (% of total labor force) (modeled ILO estimate)",2014,3.9,,1
NGA,Nigeria,SL.UEM.TOTL.ZS,"Unemployment, total (% of total labor force) (modeled ILO estimate)",2013,3.711,,1
NGA,Nigeria,SL.UEM.TOTL.ZS,"Unemployment, total (% of total labor force) (modeled ILO estimate)",2012,3.761,,1
NGA,Nigeria,SL.UEM.TOTL.ZS,"Unemployment, total (% of total labor force) (modeled ILO estimate)",2011,3.77,,1
NGA,Nigeria,SL.UEM.TOTL.ZS,"Unemployment, total (% of total labor force) (modeled ILO estimate)",2010,3.744,,1
NGA,Nigeria,SL.UEM.TOTL.ZS,"Unemployment, total (% of total labor force) (modeled ILO estimate)",2009,3.763,,1
NGA,Nigeria,SL.UEM.TOTL.ZS,"Unemployment, total (% of total labor force) (modeled ILO estimate)",2008,3.792,,1
NGA,Nigeria,SL.UEM.TOTL.ZS,"Unemployment, total (% of total labor force) (modeled ILO estimate)",2007,3.794,,1
NGA,Nigeria,SL.UEM.TOTL.ZS,"Unemployment, total (% of total labor force) (modeled ILO estimate)",2006,3.749,,1
NGA,Nigeria,SL.UEM.TOTL.ZS,"Unemployment, total (% of total labor force) (modeled ILO estimate)",2005,3.727,,1
NGA,Nigeria,SL.UEM.TOTL.ZS,"Unemployment, total (% of total labor force) (modeled ILO estimate)",2004,3.59,,1
NGA,Nigeria,SL.UEM.TOTL.ZS,"Unemployment, total (% of total labor force) (modeled ILO estimate)",2003,3.637,,1
NGA,Nigeria,SL.UEM.TOTL.ZS,"Unemployment, total (% of total labor force) (modeled ILO estimate)",2002,3.669,,1
NGA,Nigeria,SL.UEM.TOTL.ZS,"Unemployment, total (% of total labor force) (modeled ILO estimate)",2001,3.9,,1
NGA,Nigeria,SL.UEM.TOTL.ZS,"Unemployment, total (% of total labor force) (modeled ILO estimate)",2000,3.953,,1
NGA,Nigeria,SL.UEM.TOTL.ZS,"Unemployment, total (% of total labor force) (modeled ILO estimate)",1999,3.986,,1
NGA,Nigeria,SL.UEM.TOTL.ZS,"Unemployment, total (% of total labor force) (modeled ILO estimate)",1998,3.922,,1
NGA,Nigeria,SL.UEM.TOTL.ZS,"Unemployment, total (% of total labor force) (modeled ILO estimate)",1997,3.964,,1
NGA,Nigeria,SL.UEM.TOTL.ZS,"Unemployment, total (% of total labor force) (modeled ILO estimate)",1996,4.043,,1
NGA,Nigeria,SL.UEM.TOTL.ZS,"Unemployment, total (% of total labor force) (modeled ILO estimate)",1995,4.152,,1
NGA,Nigeria,SL.UEM.TOTL.ZS,"Unemployment, total (% of total labor force) (modeled ILO estimate)",1994,4.064,,1
NGA,Nigeria,SL.UEM.TOTL.ZS,"Unemployment, total (% of total labor force) (modeled ILO estimate)",1993,4.023,,1
NGA,Nigeria,SL.UEM.TOTL.ZS,"Unemployment, total (% of total labor force) (modeled ILO estimate)",1992,3.79,,1
NGA,Nigeria,SL.UEM.TOTL.ZS,"Unemployment, total (% of total labor force) (modeled ILO estimate)",1991,3.831,,1
MKD,North Macedonia,SL.UEM.TOTL.ZS,"Unemployment, total (% of total labor force) (modeled ILO estimate)",2024,12.265,,1
MKD,North Macedonia,SL.UEM.TOTL.ZS,"Unemployment, total (% of total labor force) (modeled ILO estimate)",2023,13.174,,1
MKD,North Macedonia,SL.UEM.TOTL.ZS,"Unemployment, total (% of total labor force) (modeled ILO estimate)",2022,14.476,,1
MKD,North Macedonia,SL.UEM.TOTL.ZS,"Unemployment, total (% of total labor force) (modeled ILO estimate)",2021,15.801,,1
MKD,North Macedonia,SL.UEM.TOTL.ZS,"Unemployment, total (% of total labor force) (modeled ILO estimate)",2020,16.575,,1
MKD,North Macedonia,SL.UEM.TOTL.ZS,"Unemployment, total (% of total labor force) (modeled ILO estimate)",2019,17.414,,1
MKD,North Macedonia,SL.UEM.TOTL.ZS,"Unemployment, total (% of total labor force) (modeled ILO estimate)",2018,21.208,,1
MKD,North Macedonia,SL.UEM.TOTL.ZS,"Unemployment, total (% of total labor force) (modeled ILO estimate)",2017,22.857,,1
MKD,North Macedonia,SL.UEM.TOTL.ZS,"Unemployment, total (% of total labor force) (modeled ILO estimate)",2016,24.312,,1
MKD,North Macedonia,SL.UEM.TOTL.ZS,"Unemployment, total (% of total labor force) (modeled ILO estimate)",2015,26.395,,1
MKD,North Macedonia,SL.UEM.TOTL.ZS,"Unemployment, total (% of total labor force) (modeled ILO estimate)",2014,28.215,,1
MKD,North Macedonia,SL.UEM.TOTL.ZS,"Unemployment, total (% of total labor force) (modeled ILO estimate)",2013,29.017,,1
MKD,North Macedonia,SL.UEM.TOTL.ZS,"Unemployment, total (% of total labor force) (modeled ILO estimate)",2012,31.096,,1
MKD,North Macedonia,SL.UEM.TOTL.ZS,"Unemployment, total (% of total labor force) (modeled ILO estimate)",2011,31.502,,1
MKD,North Macedonia,SL.UEM.TOTL.ZS,"Unemployment, total (% of total labor force) (modeled ILO estimate)",2010,33.135,,1
MKD,North Macedonia,SL.UEM.TOTL.ZS,"Unemployment, total (% of total labor force) (modeled ILO estimate)",2009,32.351,,1
MKD,North Macedonia,SL.UEM.TOTL.ZS,"Unemployment, total (% of total labor force) (modeled ILO estimate)",2008,33.93,,1
MKD,North Macedonia,SL.UEM.TOTL.ZS,"Unemployment, total (% of total labor force) (modeled ILO estimate)",2007,35.231,,1
MKD,North Macedonia,SL.UEM.TOTL.ZS,"Unemployment, total (% of total labor force) (modeled ILO estimate)",2006,36.392,,1
MKD,North Macedonia,SL.UEM.TOTL.ZS,"Unemployment, total (% of total labor force) (modeled ILO estimate)",2005,37.32,,1
MKD,North Macedonia,SL.UEM.TOTL.ZS,"Unemployment, total (% of total labor force) (modeled ILO estimate)",2004,37.161,,1
MKD,North Macedonia,SL.UEM.TOTL.ZS,"Unemployment, total (% of total labor force) (modeled ILO estimate)",2003,36.69,,1
MKD,North Macedonia,SL.UEM.TOTL.ZS,"Unemployment, total (% of total labor force) (modeled ILO estimate)",2002,31.94,,1
MKD,North Macedonia,SL.UEM.TOTL.ZS,"Unemployment, total (% of total labor force) (modeled ILO estimate)",2001,30.52,,1
MKD,North Macedonia,SL.UEM.TOTL.ZS,"Unemployment, total (% of total labor force) (modeled ILO estimate)",2000,32.2,,1
MKD,North Macedonia,SL.UEM.TOTL.ZS,"Unemployment, total (% of total labor force) (modeled ILO estimate)",1999,32.4,,1
MKD,North Macedonia,SL.UEM.TOTL.ZS,"Unemployment, total (% of total labor force) (modeled ILO estimate)",1998,34.5,,1
MKD,North Macedonia,SL.UEM.TOTL.ZS,"Unemployment, total (% of total labor force) (modeled ILO estimate)",1997,36,,1
MKD,North Macedonia,SL.UEM.TOTL.ZS,"Unemployment, total (% of total labor force) (modeled ILO estimate)",1996,38.8,,1
MKD,North Macedonia,SL.UEM.TOTL.ZS,"Unemployment, total (% of total labor force) (modeled ILO estimate)",1995,35.6,,1
MKD,North Macedonia,SL.UEM.TOTL.ZS,"Unemployment, total (% of total labor force) (modeled ILO estimate)",1994,30,,1
MKD,North Macedonia,SL.UEM.TOTL.ZS,"Unemployment, total (% of total labor force) (modeled ILO estimate)",1993,27.7,,1
MKD,North Macedonia,SL.UEM.TOTL.ZS,"Unemployment, total (% of total labor force) (modeled ILO estimate)",1992,26.3,,1
MKD,North Macedonia,SL.UEM.TOTL.ZS,"Unemployment, total (% of total labor force) (modeled ILO estimate)",1991,24.5,,1
NOR,Norway,SL.UEM.TOTL.ZS,"Unemployment, total (% of total labor force) (modeled ILO estimate)",2024,4,,1
NOR,Norway,SL.UEM.TOTL.ZS,"Unemployment, total (% of total labor force) (modeled ILO estimate)",2023,3.574,,1
NOR,Norway,SL.UEM.TOTL.ZS,"Unemployment, total (% of total labor force) (modeled ILO estimate)",2022,3.231,,1
NOR,Norway,SL.UEM.TOTL.ZS,"Unemployment, total (% of total labor force) (modeled ILO estimate)",2021,4.359,,1
NOR,Norway,SL.UEM.TOTL.ZS,"Unemployment, total (% of total labor force) (modeled ILO estimate)",2020,4.424,,1
NOR,Norway,SL.UEM.TOTL.ZS,"Unemployment, total (% of total labor force) (modeled ILO estimate)",2019,3.684,,1
NOR,Norway,SL.UEM.TOTL.ZS,"Unemployment, total (% of total labor force) (modeled ILO estimate)",2018,3.801,,1
NOR,Norway,SL.UEM.TOTL.ZS,"Unemployment, total (% of total labor force) (modeled ILO estimate)",2017,4.164,,1
NOR,Norway,SL.UEM.TOTL.ZS,"Unemployment, total (% of total labor force) (modeled ILO estimate)",2016,4.68,,1
NOR,Norway,SL.UEM.TOTL.ZS,"Unemployment, total (% of total labor force) (modeled ILO estimate)",2015,4.296,,1
NOR,Norway,SL.UEM.TOTL.ZS,"Unemployment, total (% of total labor force) (modeled ILO estimate)",2014,3.486,,1
NOR,Norway,SL.UEM.TOTL.ZS,"Unemployment, total (% of total labor force) (modeled ILO estimate)",2013,3.425,,1
NOR,Norway,SL.UEM.TOTL.ZS,"Unemployment, total (% of total labor force) (modeled ILO estimate)",2012,3.129,,1
NOR,Norway,SL.UEM.TOTL.ZS,"Unemployment, total (% of total labor force) (modeled ILO estimate)",2011,3.196,,1
NOR,Norway,SL.UEM.TOTL.ZS,"Unemployment, total (% of total labor force) (modeled ILO estimate)",2010,3.527,,1
NOR,Norway,SL.UEM.TOTL.ZS,"Unemployment, total (% of total labor force) (modeled ILO estimate)",2009,3.1,,1
NOR,Norway,SL.UEM.TOTL.ZS,"Unemployment, total (% of total labor force) (modeled ILO estimate)",2008,2.521,,1
NOR,Norway,SL.UEM.TOTL.ZS,"Unemployment, total (% of total labor force) (modeled ILO estimate)",2007,2.493,,1
NOR,Norway,SL.UEM.TOTL.ZS,"Unemployment, total (% of total labor force) (modeled ILO estimate)",2006,3.397,,1
NOR,Norway,SL.UEM.TOTL.ZS,"Unemployment, total (% of total labor force) (modeled ILO estimate)",2005,4.381,,1
NOR,Norway,SL.UEM.TOTL.ZS,"Unemployment, total (% of total labor force) (modeled ILO estimate)",2004,4.256,,1
NOR,Norway,SL.UEM.TOTL.ZS,"Unemployment, total (% of total labor force) (modeled ILO estimate)",2003,4.221,,1
NOR,Norway,SL.UEM.TOTL.ZS,"Unemployment, total (% of total labor force) (modeled ILO estimate)",2002,4.022,,1
NOR,Norway,SL.UEM.TOTL.ZS,"Unemployment, total (% of total labor force) (modeled ILO estimate)",2001,3.738,,1
NOR,Norway,SL.UEM.TOTL.ZS,"Unemployment, total (% of total labor force) (modeled ILO estimate)",2000,3.458,,1
NOR,Norway,SL.UEM.TOTL.ZS,"Unemployment, total (% of total labor force) (modeled ILO estimate)",1999,3.247,,1
NOR,Norway,SL.UEM.TOTL.ZS,"Unemployment, total (% of total labor force) (modeled ILO estimate)",1998,3.737,,1
NOR,Norway,SL.UEM.TOTL.ZS,"Unemployment, total (% of total labor force) (modeled ILO estimate)",1997,4.687,,1
NOR,Norway,SL.UEM.TOTL.ZS,"Unemployment, total (% of total labor force) (modeled ILO estimate)",1996,5.036,,1
NOR,Norway,SL.UEM.TOTL.ZS,"Unemployment, total (% of total labor force) (modeled ILO estimate)",1995,6.307,,1
NOR,Norway,SL.UEM.TOTL.ZS,"Unemployment, total (% of total labor force) (modeled ILO estimate)",1994,5.349,,1
NOR,Norway,SL.UEM.TOTL.ZS,"Unemployment, total (% of total labor force) (modeled ILO estimate)",1993,5.965,,1
NOR,Norway,SL.UEM.TOTL.ZS,"Unemployment, total (% of total labor force) (modeled ILO estimate)",1992,5.91,,1
NOR,Norway,SL.UEM.TOTL.ZS,"Unemployment, total (% of total labor force) (modeled ILO estimate)",1991,5.407,,1
OMN,Oman,SL.UEM.TOTL.ZS,"Unemployment, total (% of total labor force) (modeled ILO estimate)",2024,3.203,,1
OMN,Oman,SL.UEM.TOTL.ZS,"Unemployment, total (% of total labor force) (modeled ILO estimate)",2023,3.176,,1
OMN,Oman,SL.UEM.TOTL.ZS,"Unemployment, total (% of total labor force) (modeled ILO estimate)",2022,3.3,,1
OMN,Oman,SL.UEM.TOTL.ZS,"Unemployment, total (% of total labor force) (modeled ILO estimate)",2021,1.9,,1
OMN,Oman,SL.UEM.TOTL.ZS,"Unemployment, total (% of total labor force) (modeled ILO estimate)",2020,2.94,,1
OMN,Oman,SL.UEM.TOTL.ZS,"Unemployment, total (% of total labor force) (modeled ILO estimate)",2019,2.045,,1
OMN,Oman,SL.UEM.TOTL.ZS,"Unemployment, total (% of total labor force) (modeled ILO estimate)",2018,1.8,,1
OMN,Oman,SL.UEM.TOTL.ZS,"Unemployment, total (% of total labor force) (modeled ILO estimate)",2017,2.523,,1
OMN,Oman,SL.UEM.TOTL.ZS,"Unemployment, total (% of total labor force) (modeled ILO estimate)",2016,3.266,,1
OMN,Oman,SL.UEM.TOTL.ZS,"Unemployment, total (% of total labor force) (modeled ILO estimate)",2015,3.403,,1
OMN,Oman,SL.UEM.TOTL.ZS,"Unemployment, total (% of total labor force) (modeled ILO estimate)",2014,3.453,,1
OMN,Oman,SL.UEM.TOTL.ZS,"Unemployment, total (% of total labor force) (modeled ILO estimate)",2013,3.553,,1
OMN,Oman,SL.UEM.TOTL.ZS,"Unemployment, total (% of total labor force) (modeled ILO estimate)",2012,3.753,,1
OMN,Oman,SL.UEM.TOTL.ZS,"Unemployment, total (% of total labor force) (modeled ILO estimate)",2011,3.95,,1
OMN,Oman,SL.UEM.TOTL.ZS,"Unemployment, total (% of total labor force) (modeled ILO estimate)",2010,3.911,,1
OMN,Oman,SL.UEM.TOTL.ZS,"Unemployment, total (% of total labor force) (modeled ILO estimate)",2009,3.977,,1
OMN,Oman,SL.UEM.TOTL.ZS,"Unemployment, total (% of total labor force) (modeled ILO estimate)",2008,4.142,,1
OMN,Oman,SL.UEM.TOTL.ZS,"Unemployment, total (% of total labor force) (modeled ILO estimate)",2007,4.309,,1
OMN,Oman,SL.UEM.TOTL.ZS,"Unemployment, total (% of total labor force) (modeled ILO estimate)",2006,4.387,,1
OMN,Oman,SL.UEM.TOTL.ZS,"Unemployment, total (% of total labor force) (modeled ILO estimate)",2005,4.589,,1
OMN,Oman,SL.UEM.TOTL.ZS,"Unemployment, total (% of total labor force) (modeled ILO estimate)",2004,4.693,,1
OMN,Oman,SL.UEM.TOTL.ZS,"Unemployment, total (% of total labor force) (modeled ILO estimate)",2003,4.599,,1
OMN,Oman,SL.UEM.TOTL.ZS,"Unemployment, total (% of total labor force) (modeled ILO estimate)",2002,4.335,,1
OMN,Oman,SL.UEM.TOTL.ZS,"Unemployment, total (% of total labor force) (modeled ILO estimate)",2001,4.298,,1
OMN,Oman,SL.UEM.TOTL.ZS,"Unemployment, total (% of total labor force) (modeled ILO estimate)",2000,4.433,,1
OMN,Oman,SL.UEM.TOTL.ZS,"Unemployment, total (% of total labor force) (modeled ILO estimate)",1999,4.433,,1
OMN,Oman,SL.UEM.TOTL.ZS,"Unemployment, total (% of total labor force) (modeled ILO estimate)",1998,4.346,,1
OMN,Oman,SL.UEM.TOTL.ZS,"Unemployment, total (% of total labor force) (modeled ILO estimate)",1997,4.196,,1
OMN,Oman,SL.UEM.TOTL.ZS,"Unemployment, total (% of total labor force) (modeled ILO estimate)",1996,4.254,,1
OMN,Oman,SL.UEM.TOTL.ZS,"Unemployment, total (% of total labor force) (modeled ILO estimate)",1995,4.167,,1
OMN,Oman,SL.UEM.TOTL.ZS,"Unemployment, total (% of total labor force) (modeled ILO estimate)",1994,4.073,,1
OMN,Oman,SL.UEM.TOTL.ZS,"Unemployment, total (% of total labor force) (modeled ILO estimate)",1993,4.009,,1
OMN,Oman,SL.UEM.TOTL.ZS,"Unemployment, total (% of total labor force) (modeled ILO estimate)",1992,4.16,,1
OMN,Oman,SL.UEM.TOTL.ZS,"Unemployment, total (% of total labor force) (modeled ILO estimate)",1991,4.056,,1
PAK,Pakistan,SL.UEM.TOTL.ZS,"Unemployment, total (% of total labor force) (modeled ILO estimate)",2024,5.492,,1
PAK,Pakistan,SL.UEM.TOTL.ZS,"Unemployment, total (% of total labor force) (modeled ILO estimate)",2023,5.237,,1
PAK,Pakistan,SL.UEM.TOTL.ZS,"Unemployment, total (% of total labor force) (modeled ILO estimate)",2022,5.291,,1
PAK,Pakistan,SL.UEM.TOTL.ZS,"Unemployment, total (% of total labor force) (modeled ILO estimate)",2021,6.338,,1
PAK,Pakistan,SL.UEM.TOTL.ZS,"Unemployment, total (% of total labor force) (modeled ILO estimate)",2020,5.994,,1
PAK,Pakistan,SL.UEM.TOTL.ZS,"Unemployment, total (% of total labor force) (modeled ILO estimate)",2019,4.83,,1
PAK,Pakistan,SL.UEM.TOTL.ZS,"Unemployment, total (% of total labor force) (modeled ILO estimate)",2018,4.083,,1
PAK,Pakistan,SL.UEM.TOTL.ZS,"Unemployment, total (% of total labor force) (modeled ILO estimate)",2017,3.204,,1
PAK,Pakistan,SL.UEM.TOTL.ZS,"Unemployment, total (% of total labor force) (modeled ILO estimate)",2016,2.285,,1
PAK,Pakistan,SL.UEM.TOTL.ZS,"Unemployment, total (% of total labor force) (modeled ILO estimate)",2015,3.566,,1
PAK,Pakistan,SL.UEM.TOTL.ZS,"Unemployment, total (% of total labor force) (modeled ILO estimate)",2014,1.827,,1
PAK,Pakistan,SL.UEM.TOTL.ZS,"Unemployment, total (% of total labor force) (modeled ILO estimate)",2013,2.954,,1
PAK,Pakistan,SL.UEM.TOTL.ZS,"Unemployment, total (% of total labor force) (modeled ILO estimate)",2012,3.667,,1
PAK,Pakistan,SL.UEM.TOTL.ZS,"Unemployment, total (% of total labor force) (modeled ILO estimate)",2011,0.796,,1
PAK,Pakistan,SL.UEM.TOTL.ZS,"Unemployment, total (% of total labor force) (modeled ILO estimate)",2010,0.653,,1
PAK,Pakistan,SL.UEM.TOTL.ZS,"Unemployment, total (% of total labor force) (modeled ILO estimate)",2009,0.535,,1
PAK,Pakistan,SL.UEM.TOTL.ZS,"Unemployment, total (% of total labor force) (modeled ILO estimate)",2008,0.423,,1
PAK,Pakistan,SL.UEM.TOTL.ZS,"Unemployment, total (% of total labor force) (modeled ILO estimate)",2007,0.398,,1
PAK,Pakistan,SL.UEM.TOTL.ZS,"Unemployment, total (% of total labor force) (modeled ILO estimate)",2006,0.582,,1
PAK,Pakistan,SL.UEM.TOTL.ZS,"Unemployment, total (% of total labor force) (modeled ILO estimate)",2005,0.583,,1
PAK,Pakistan,SL.UEM.TOTL.ZS,"Unemployment, total (% of total labor force) (modeled ILO estimate)",2004,0.598,,1
PAK,Pakistan,SL.UEM.TOTL.ZS,"Unemployment, total (% of total labor force) (modeled ILO estimate)",2003,0.612,,1
PAK,Pakistan,SL.UEM.TOTL.ZS,"Unemployment, total (% of total labor force) (modeled ILO estimate)",2002,0.615,,1
PAK,Pakistan,SL.UEM.TOTL.ZS,"Unemployment, total (% of total labor force) (modeled ILO estimate)",2001,0.611,,1
PAK,Pakistan,SL.UEM.TOTL.ZS,"Unemployment, total (% of total labor force) (modeled ILO estimate)",2000,0.614,,1
PAK,Pakistan,SL.UEM.TOTL.ZS,"Unemployment, total (% of total labor force) (modeled ILO estimate)",1999,0.625,,1
PAK,Pakistan,SL.UEM.TOTL.ZS,"Unemployment, total (% of total labor force) (modeled ILO estimate)",1998,0.62,,1
PAK,Pakistan,SL.UEM.TOTL.ZS,"Unemployment, total (% of total labor force) (modeled ILO estimate)",1997,0.611,,1
PAK,Pakistan,SL.UEM.TOTL.ZS,"Unemployment, total (% of total labor force) (modeled ILO estimate)",1996,0.6,,1
PAK,Pakistan,SL.UEM.TOTL.ZS,"Unemployment, total (% of total labor force) (modeled ILO estimate)",1995,0.611,,1
PAK,Pakistan,SL.UEM.TOTL.ZS,"Unemployment, total (% of total labor force) (modeled ILO estimate)",1994,0.601,,1
PAK,Pakistan,SL.UEM.TOTL.ZS,"Unemployment, total (% of total labor force) (modeled ILO estimate)",1993,0.596,,1
PAK,Pakistan,SL.UEM.TOTL.ZS,"Unemployment, total (% of total labor force) (modeled ILO estimate)",1992,0.587,,1
PAK,Pakistan,SL.UEM.TOTL.ZS,"Unemployment, total (% of total labor force) (modeled ILO estimate)",1991,0.596,,1
PAN,Panama,SL.UEM.TOTL.ZS,"Unemployment, total (% of total labor force) (modeled ILO estimate)",2024,8.451,,1
PAN,Panama,SL.UEM.TOTL.ZS,"Unemployment, total (% of total labor force) (modeled ILO estimate)",2023,6.544,,1
PAN,Panama,SL.UEM.TOTL.ZS,"Unemployment, total (% of total labor force) (modeled ILO estimate)",2022,8.086,,1
PAN,Panama,SL.UEM.TOTL.ZS,"Unemployment, total (% of total labor force) (modeled ILO estimate)",2021,10.177,,1
PAN,Panama,SL.UEM.TOTL.ZS,"Unemployment, total (% of total labor force) (modeled ILO estimate)",2020,14.663,,1
PAN,Panama,SL.UEM.TOTL.ZS,"Unemployment, total (% of total labor force) (modeled ILO estimate)",2019,6.256,,1
PAN,Panama,SL.UEM.TOTL.ZS,"Unemployment, total (% of total labor force) (modeled ILO estimate)",2018,5.161,,1
PAN,Panama,SL.UEM.TOTL.ZS,"Unemployment, total (% of total labor force) (modeled ILO estimate)",2017,5.338,,1
PAN,Panama,SL.UEM.TOTL.ZS,"Unemployment, total (% of total labor force) (modeled ILO estimate)",2016,4.717,,1
PAN,Panama,SL.UEM.TOTL.ZS,"Unemployment, total (% of total labor force) (modeled ILO estimate)",2015,4.335,,1
PAN,Panama,SL.UEM.TOTL.ZS,"Unemployment, total (% of total labor force) (modeled ILO estimate)",2014,4.391,,1
PAN,Panama,SL.UEM.TOTL.ZS,"Unemployment, total (% of total labor force) (modeled ILO estimate)",2013,3.674,,1
PAN,Panama,SL.UEM.TOTL.ZS,"Unemployment, total (% of total labor force) (modeled ILO estimate)",2012,3.691,,1
PAN,Panama,SL.UEM.TOTL.ZS,"Unemployment, total (% of total labor force) (modeled ILO estimate)",2011,4.03,,1
PAN,Panama,SL.UEM.TOTL.ZS,"Unemployment, total (% of total labor force) (modeled ILO estimate)",2010,5.845,,1
PAN,Panama,SL.UEM.TOTL.ZS,"Unemployment, total (% of total labor force) (modeled ILO estimate)",2009,5.857,,1
PAN,Panama,SL.UEM.TOTL.ZS,"Unemployment, total (% of total labor force) (modeled ILO estimate)",2008,5.639,,1
PAN,Panama,SL.UEM.TOTL.ZS,"Unemployment, total (% of total labor force) (modeled ILO estimate)",2007,5.665,,1
PAN,Panama,SL.UEM.TOTL.ZS,"Unemployment, total (% of total labor force) (modeled ILO estimate)",2006,5.792,,1
PAN,Panama,SL.UEM.TOTL.ZS,"Unemployment, total (% of total labor force) (modeled ILO estimate)",2005,5.967,,1
PAN,Panama,SL.UEM.TOTL.ZS,"Unemployment, total (% of total labor force) (modeled ILO estimate)",2004,6.097,,1
PAN,Panama,SL.UEM.TOTL.ZS,"Unemployment, total (% of total labor force) (modeled ILO estimate)",2003,6.303,,1
PAN,Panama,SL.UEM.TOTL.ZS,"Unemployment, total (% of total labor force) (modeled ILO estimate)",2002,6.302,,1
PAN,Panama,SL.UEM.TOTL.ZS,"Unemployment, total (% of total labor force) (modeled ILO estimate)",2001,6.293,,1
PAN,Panama,SL.UEM.TOTL.ZS,"Unemployment, total (% of total labor force) (modeled ILO estimate)",2000,6.188,,1
PAN,Panama,SL.UEM.TOTL.ZS,"Unemployment, total (% of total labor force) (modeled ILO estimate)",1999,6.168,,1
PAN,Panama,SL.UEM.TOTL.ZS,"Unemployment, total (% of total labor force) (modeled ILO estimate)",1998,6.397,,1
PAN,Panama,SL.UEM.TOTL.ZS,"Unemployment, total (% of total labor force) (modeled ILO estimate)",1997,6.588,,1
PAN,Panama,SL.UEM.TOTL.ZS,"Unemployment, total (% of total labor force) (modeled ILO estimate)",1996,6.728,,1
PAN,Panama,SL.UEM.TOTL.ZS,"Unemployment, total (% of total labor force) (modeled ILO estimate)",1995,6.512,,1
PAN,Panama,SL.UEM.TOTL.ZS,"Unemployment, total (% of total labor force) (modeled ILO estimate)",1994,6.428,,1
PAN,Panama,SL.UEM.TOTL.ZS,"Unemployment, total (% of total labor force) (modeled ILO estimate)",1993,6.374,,1
PAN,Panama,SL.UEM.TOTL.ZS,"Unemployment, total (% of total labor force) (modeled ILO estimate)",1992,6.317,,1
PAN,Panama,SL.UEM.TOTL.ZS,"Unemployment, total (% of total labor force) (modeled ILO estimate)",1991,6.443,,1
PNG,Papua New Guinea,SL.UEM.TOTL.ZS,"Unemployment, total (% of total labor force) (modeled ILO estimate)",2024,2.625,,1
PNG,Papua New Guinea,SL.UEM.TOTL.ZS,"Unemployment, total (% of total labor force) (modeled ILO estimate)",2023,2.649,,1
PNG,Papua New Guinea,SL.UEM.TOTL.ZS,"Unemployment, total (% of total labor force) (modeled ILO estimate)",2022,2.689,,1
PNG,Papua New Guinea,SL.UEM.TOTL.ZS,"Unemployment, total (% of total labor force) (modeled ILO estimate)",2021,3.03,,1
PNG,Papua New Guinea,SL.UEM.TOTL.ZS,"Unemployment, total (% of total labor force) (modeled ILO estimate)",2020,2.903,,1
PNG,Papua New Guinea,SL.UEM.TOTL.ZS,"Unemployment, total (% of total labor force) (modeled ILO estimate)",2019,2.651,,1
PNG,Papua New Guinea,SL.UEM.TOTL.ZS,"Unemployment, total (% of total labor force) (modeled ILO estimate)",2018,2.65,,1
PNG,Papua New Guinea,SL.UEM.TOTL.ZS,"Unemployment, total (% of total labor force) (modeled ILO estimate)",2017,2.58,,1
PNG,Papua New Guinea,SL.UEM.TOTL.ZS,"Unemployment, total (% of total labor force) (modeled ILO estimate)",2016,2.478,,1
PNG,Papua New Guinea,SL.UEM.TOTL.ZS,"Unemployment, total (% of total labor force) (modeled ILO estimate)",2015,2.507,,1
PNG,Papua New Guinea,SL.UEM.TOTL.ZS,"Unemployment, total (% of total labor force) (modeled ILO estimate)",2014,2.54,,1
PNG,Papua New Guinea,SL.UEM.TOTL.ZS,"Unemployment, total (% of total labor force) (modeled ILO estimate)",2013,2.698,,1
PNG,Papua New Guinea,SL.UEM.TOTL.ZS,"Unemployment, total (% of total labor force) (modeled ILO estimate)",2012,2.634,,1
PNG,Papua New Guinea,SL.UEM.TOTL.ZS,"Unemployment, total (% of total labor force) (modeled ILO estimate)",2011,2.62,,1
PNG,Papua New Guinea,SL.UEM.TOTL.ZS,"Unemployment, total (% of total labor force) (modeled ILO estimate)",2010,2.002,,1
PNG,Papua New Guinea,SL.UEM.TOTL.ZS,"Unemployment, total (% of total labor force) (modeled ILO estimate)",2009,2.089,,1
PNG,Papua New Guinea,SL.UEM.TOTL.ZS,"Unemployment, total (% of total labor force) (modeled ILO estimate)",2008,2.168,,1
PNG,Papua New Guinea,SL.UEM.TOTL.ZS,"Unemployment, total (% of total labor force) (modeled ILO estimate)",2007,2.169,,1
PNG,Papua New Guinea,SL.UEM.TOTL.ZS,"Unemployment, total (% of total labor force) (modeled ILO estimate)",2006,2.285,,1
PNG,Papua New Guinea,SL.UEM.TOTL.ZS,"Unemployment, total (% of total labor force) (modeled ILO estimate)",2005,2.385,,1
PNG,Papua New Guinea,SL.UEM.TOTL.ZS,"Unemployment, total (% of total labor force) (modeled ILO estimate)",2004,2.526,,1
PNG,Papua New Guinea,SL.UEM.TOTL.ZS,"Unemployment, total (% of total labor force) (modeled ILO estimate)",2003,2.628,,1
PNG,Papua New Guinea,SL.UEM.TOTL.ZS,"Unemployment, total (% of total labor force) (modeled ILO estimate)",2002,2.756,,1
PNG,Papua New Guinea,SL.UEM.TOTL.ZS,"Unemployment, total (% of total labor force) (modeled ILO estimate)",2001,2.801,,1
PNG,Papua New Guinea,SL.UEM.TOTL.ZS,"Unemployment, total (% of total labor force) (modeled ILO estimate)",2000,2.92,,1
PNG,Papua New Guinea,SL.UEM.TOTL.ZS,"Unemployment, total (% of total labor force) (modeled ILO estimate)",1999,2.939,,1
PNG,Papua New Guinea,SL.UEM.TOTL.ZS,"Unemployment, total (% of total labor force) (modeled ILO estimate)",1998,2.86,,1
PNG,Papua New Guinea,SL.UEM.TOTL.ZS,"Unemployment, total (% of total labor force) (modeled ILO estimate)",1997,2.854,,1
PNG,Papua New Guinea,SL.UEM.TOTL.ZS,"Unemployment, total (% of total labor force) (modeled ILO estimate)",1996,2.728,,1
PNG,Papua New Guinea,SL.UEM.TOTL.ZS,"Unemployment, total (% of total labor force) (modeled ILO estimate)",1995,2.603,,1
PNG,Papua New Guinea,SL.UEM.TOTL.ZS,"Unemployment, total (% of total labor force) (modeled ILO estimate)",1994,2.418,,1
PNG,Papua New Guinea,SL.UEM.TOTL.ZS,"Unemployment, total (% of total labor force) (modeled ILO estimate)",1993,2.382,,1
PNG,Papua New Guinea,SL.UEM.TOTL.ZS,"Unemployment, total (% of total labor force) (modeled ILO estimate)",1992,2.608,,1
PNG,Papua New Guinea,SL.UEM.TOTL.ZS,"Unemployment, total (% of total labor force) (modeled ILO estimate)",1991,2.793,,1
PRY,Paraguay,SL.UEM.TOTL.ZS,"Unemployment, total (% of total labor force) (modeled ILO estimate)",2024,5.686,,1
PRY,Paraguay,SL.UEM.TOTL.ZS,"Unemployment, total (% of total labor force) (modeled ILO estimate)",2023,5.794,,1
PRY,Paraguay,SL.UEM.TOTL.ZS,"Unemployment, total (% of total labor force) (modeled ILO estimate)",2022,6.755,,1
PRY,Paraguay,SL.UEM.TOTL.ZS,"Unemployment, total (% of total labor force) (modeled ILO estimate)",2021,7.311,,1
PRY,Paraguay,SL.UEM.TOTL.ZS,"Unemployment, total (% of total labor force) (modeled ILO estimate)",2020,7.548,,1
PRY,Paraguay,SL.UEM.TOTL.ZS,"Unemployment, total (% of total labor force) (modeled ILO estimate)",2019,6.595,,1
PRY,Paraguay,SL.UEM.TOTL.ZS,"Unemployment, total (% of total labor force) (modeled ILO estimate)",2018,6.217,,1
PRY,Paraguay,SL.UEM.TOTL.ZS,"Unemployment, total (% of total labor force) (modeled ILO estimate)",2017,6.138,,1
PRY,Paraguay,SL.UEM.TOTL.ZS,"Unemployment, total (% of total labor force) (modeled ILO estimate)",2016,5.255,,1
PRY,Paraguay,SL.UEM.TOTL.ZS,"Unemployment, total (% of total labor force) (modeled ILO estimate)",2015,4.556,,1
PRY,Paraguay,SL.UEM.TOTL.ZS,"Unemployment, total (% of total labor force) (modeled ILO estimate)",2014,5.034,,1
PRY,Paraguay,SL.UEM.TOTL.ZS,"Unemployment, total (% of total labor force) (modeled ILO estimate)",2013,4.385,,1
PRY,Paraguay,SL.UEM.TOTL.ZS,"Unemployment, total (% of total labor force) (modeled ILO estimate)",2012,4.085,,1
PRY,Paraguay,SL.UEM.TOTL.ZS,"Unemployment, total (% of total labor force) (modeled ILO estimate)",2011,4.67,,1
PRY,Paraguay,SL.UEM.TOTL.ZS,"Unemployment, total (% of total labor force) (modeled ILO estimate)",2010,4.569,,1
PRY,Paraguay,SL.UEM.TOTL.ZS,"Unemployment, total (% of total labor force) (modeled ILO estimate)",2009,5.46,,1
PRY,Paraguay,SL.UEM.TOTL.ZS,"Unemployment, total (% of total labor force) (modeled ILO estimate)",2008,4.415,,1
PRY,Paraguay,SL.UEM.TOTL.ZS,"Unemployment, total (% of total labor force) (modeled ILO estimate)",2007,4.713,,1
PRY,Paraguay,SL.UEM.TOTL.ZS,"Unemployment, total (% of total labor force) (modeled ILO estimate)",2006,5.277,,1
PRY,Paraguay,SL.UEM.TOTL.ZS,"Unemployment, total (% of total labor force) (modeled ILO estimate)",2005,4.825,,1
PRY,Paraguay,SL.UEM.TOTL.ZS,"Unemployment, total (% of total labor force) (modeled ILO estimate)",2004,6.513,,1
PRY,Paraguay,SL.UEM.TOTL.ZS,"Unemployment, total (% of total labor force) (modeled ILO estimate)",2003,6.814,,1
PRY,Paraguay,SL.UEM.TOTL.ZS,"Unemployment, total (% of total labor force) (modeled ILO estimate)",2002,9.393,,1
PRY,Paraguay,SL.UEM.TOTL.ZS,"Unemployment, total (% of total labor force) (modeled ILO estimate)",2001,6.206,,1
PRY,Paraguay,SL.UEM.TOTL.ZS,"Unemployment, total (% of total labor force) (modeled ILO estimate)",2000,7.61,,1
PRY,Paraguay,SL.UEM.TOTL.ZS,"Unemployment, total (% of total labor force) (modeled ILO estimate)",1999,5.343,,1
PRY,Paraguay,SL.UEM.TOTL.ZS,"Unemployment, total (% of total labor force) (modeled ILO estimate)",1998,4.417,,1
PRY,Paraguay,SL.UEM.TOTL.ZS,"Unemployment, total (% of total labor force) (modeled ILO estimate)",1997,5.36,,1
PRY,Paraguay,SL.UEM.TOTL.ZS,"Unemployment, total (% of total labor force) (modeled ILO estimate)",1996,8.15,,1
PRY,Paraguay,SL.UEM.TOTL.ZS,"Unemployment, total (% of total labor force) (modeled ILO estimate)",1995,3.4,,1
PRY,Paraguay,SL.UEM.TOTL.ZS,"Unemployment, total (% of total labor force) (modeled ILO estimate)",1994,4.41,,1
PRY,Paraguay,SL.UEM.TOTL.ZS,"Unemployment, total (% of total labor force) (modeled ILO estimate)",1993,5.06,,1
PRY,Paraguay,SL.UEM.TOTL.ZS,"Unemployment, total (% of total labor force) (modeled ILO estimate)",1992,4.98,,1
PRY,Paraguay,SL.UEM.TOTL.ZS,"Unemployment, total (% of total labor force) (modeled ILO estimate)",1991,5.1,,1
PER,Peru,SL.UEM.TOTL.ZS,"Unemployment, total (% of total labor force) (modeled ILO estimate)",2024,5.199,,1
PER,Peru,SL.UEM.TOTL.ZS,"Unemployment, total (% of total labor force) (modeled ILO estimate)",2023,4.899,,1
PER,Peru,SL.UEM.TOTL.ZS,"Unemployment, total (% of total labor force) (modeled ILO estimate)",2022,4.291,,1
PER,Peru,SL.UEM.TOTL.ZS,"Unemployment, total (% of total labor force) (modeled ILO estimate)",2021,5.097,,1
PER,Peru,SL.UEM.TOTL.ZS,"Unemployment, total (% of total labor force) (modeled ILO estimate)",2020,7.179,,1
PER,Peru,SL.UEM.TOTL.ZS,"Unemployment, total (% of total labor force) (modeled ILO estimate)",2019,3.379,,1
PER,Peru,SL.UEM.TOTL.ZS,"Unemployment, total (% of total labor force) (modeled ILO estimate)",2018,3.492,,1
PER,Peru,SL.UEM.TOTL.ZS,"Unemployment, total (% of total labor force) (modeled ILO estimate)",2017,3.691,,1
PER,Peru,SL.UEM.TOTL.ZS,"Unemployment, total (% of total labor force) (modeled ILO estimate)",2016,3.741,,1
PER,Peru,SL.UEM.TOTL.ZS,"Unemployment, total (% of total labor force) (modeled ILO estimate)",2015,3.272,,1
PER,Peru,SL.UEM.TOTL.ZS,"Unemployment, total (% of total labor force) (modeled ILO estimate)",2014,3.208,,1
PER,Peru,SL.UEM.TOTL.ZS,"Unemployment, total (% of total labor force) (modeled ILO estimate)",2013,3.575,,1
PER,Peru,SL.UEM.TOTL.ZS,"Unemployment, total (% of total labor force) (modeled ILO estimate)",2012,3.238,,1
PER,Peru,SL.UEM.TOTL.ZS,"Unemployment, total (% of total labor force) (modeled ILO estimate)",2011,3.477,,1
PER,Peru,SL.UEM.TOTL.ZS,"Unemployment, total (% of total labor force) (modeled ILO estimate)",2010,3.6,,1
PER,Peru,SL.UEM.TOTL.ZS,"Unemployment, total (% of total labor force) (modeled ILO estimate)",2009,3.96,,1
PER,Peru,SL.UEM.TOTL.ZS,"Unemployment, total (% of total labor force) (modeled ILO estimate)",2008,4.03,,1
PER,Peru,SL.UEM.TOTL.ZS,"Unemployment, total (% of total labor force) (modeled ILO estimate)",2007,4.08,,1
PER,Peru,SL.UEM.TOTL.ZS,"Unemployment, total (% of total labor force) (modeled ILO estimate)",2006,4.17,,1
PER,Peru,SL.UEM.TOTL.ZS,"Unemployment, total (% of total labor force) (modeled ILO estimate)",2005,4.87,,1
PER,Peru,SL.UEM.TOTL.ZS,"Unemployment, total (% of total labor force) (modeled ILO estimate)",2004,4.71,,1
PER,Peru,SL.UEM.TOTL.ZS,"Unemployment, total (% of total labor force) (modeled ILO estimate)",2003,4.15,,1
PER,Peru,SL.UEM.TOTL.ZS,"Unemployment, total (% of total labor force) (modeled ILO estimate)",2002,4.84,,1
PER,Peru,SL.UEM.TOTL.ZS,"Unemployment, total (% of total labor force) (modeled ILO estimate)",2001,5.068,,1
PER,Peru,SL.UEM.TOTL.ZS,"Unemployment, total (% of total labor force) (modeled ILO estimate)",2000,4.959,,1
PER,Peru,SL.UEM.TOTL.ZS,"Unemployment, total (% of total labor force) (modeled ILO estimate)",1999,5.011,,1
PER,Peru,SL.UEM.TOTL.ZS,"Unemployment, total (% of total labor force) (modeled ILO estimate)",1998,5.099,,1
PER,Peru,SL.UEM.TOTL.ZS,"Unemployment, total (% of total labor force) (modeled ILO estimate)",1997,4.762,,1
PER,Peru,SL.UEM.TOTL.ZS,"Unemployment, total (% of total labor force) (modeled ILO estimate)",1996,4.929,,1
PER,Peru,SL.UEM.TOTL.ZS,"Unemployment, total (% of total labor force) (modeled ILO estimate)",1995,4.708,,1
PER,Peru,SL.UEM.TOTL.ZS,"Unemployment, total (% of total labor force) (modeled ILO estimate)",1994,4.491,,1
PER,Peru,SL.UEM.TOTL.ZS,"Unemployment, total (% of total labor force) (modeled ILO estimate)",1993,4.795,,1
PER,Peru,SL.UEM.TOTL.ZS,"Unemployment, total (% of total labor force) (modeled ILO estimate)",1992,5.068,,1
PER,Peru,SL.UEM.TOTL.ZS,"Unemployment, total (% of total labor force) (modeled ILO estimate)",1991,4.926,,1
PHL,Philippines,SL.UEM.TOTL.ZS,"Unemployment, total (% of total labor force) (modeled ILO estimate)",2024,2.202,,1
PHL,Philippines,SL.UEM.TOTL.ZS,"Unemployment, total (% of total labor force) (modeled ILO estimate)",2023,2.2,,1
PHL,Philippines,SL.UEM.TOTL.ZS,"Unemployment, total (% of total labor force) (modeled ILO estimate)",2022,2.598,,1
PHL,Philippines,SL.UEM.TOTL.ZS,"Unemployment, total (% of total labor force) (modeled ILO estimate)",2021,3.398,,1
PHL,Philippines,SL.UEM.TOTL.ZS,"Unemployment, total (% of total labor force) (modeled ILO estimate)",2020,2.522,,1
PHL,Philippines,SL.UEM.TOTL.ZS,"Unemployment, total (% of total labor force) (modeled ILO estimate)",2019,2.237,,1
PHL,Philippines,SL.UEM.TOTL.ZS,"Unemployment, total (% of total labor force) (modeled ILO estimate)",2018,2.338,,1
PHL,Philippines,SL.UEM.TOTL.ZS,"Unemployment, total (% of total labor force) (modeled ILO estimate)",2017,2.552,,1
PHL,Philippines,SL.UEM.TOTL.ZS,"Unemployment, total (% of total labor force) (modeled ILO estimate)",2016,2.695,,1
PHL,Philippines,SL.UEM.TOTL.ZS,"Unemployment, total (% of total labor force) (modeled ILO estimate)",2015,3.068,,1
PHL,Philippines,SL.UEM.TOTL.ZS,"Unemployment, total (% of total labor force) (modeled ILO estimate)",2014,3.6,,1
PHL,Philippines,SL.UEM.TOTL.ZS,"Unemployment, total (% of total labor force) (modeled ILO estimate)",2013,3.497,,1
PHL,Philippines,SL.UEM.TOTL.ZS,"Unemployment, total (% of total labor force) (modeled ILO estimate)",2012,3.504,,1
PHL,Philippines,SL.UEM.TOTL.ZS,"Unemployment, total (% of total labor force) (modeled ILO estimate)",2011,3.592,,1
PHL,Philippines,SL.UEM.TOTL.ZS,"Unemployment, total (% of total labor force) (modeled ILO estimate)",2010,3.605,,1
PHL,Philippines,SL.UEM.TOTL.ZS,"Unemployment, total (% of total labor force) (modeled ILO estimate)",2009,3.858,,1
PHL,Philippines,SL.UEM.TOTL.ZS,"Unemployment, total (% of total labor force) (modeled ILO estimate)",2008,3.72,,1
PHL,Philippines,SL.UEM.TOTL.ZS,"Unemployment, total (% of total labor force) (modeled ILO estimate)",2007,3.434,,1
PHL,Philippines,SL.UEM.TOTL.ZS,"Unemployment, total (% of total labor force) (modeled ILO estimate)",2006,4.052,,1
PHL,Philippines,SL.UEM.TOTL.ZS,"Unemployment, total (% of total labor force) (modeled ILO estimate)",2005,3.795,,1
PHL,Philippines,SL.UEM.TOTL.ZS,"Unemployment, total (% of total labor force) (modeled ILO estimate)",2004,3.554,,1
PHL,Philippines,SL.UEM.TOTL.ZS,"Unemployment, total (% of total labor force) (modeled ILO estimate)",2003,3.527,,1
PHL,Philippines,SL.UEM.TOTL.ZS,"Unemployment, total (% of total labor force) (modeled ILO estimate)",2002,3.616,,1
PHL,Philippines,SL.UEM.TOTL.ZS,"Unemployment, total (% of total labor force) (modeled ILO estimate)",2001,3.698,,1
PHL,Philippines,SL.UEM.TOTL.ZS,"Unemployment, total (% of total labor force) (modeled ILO estimate)",2000,3.77,,1
PHL,Philippines,SL.UEM.TOTL.ZS,"Unemployment, total (% of total labor force) (modeled ILO estimate)",1999,3.751,,1
PHL,Philippines,SL.UEM.TOTL.ZS,"Unemployment, total (% of total labor force) (modeled ILO estimate)",1998,3.697,,1
PHL,Philippines,SL.UEM.TOTL.ZS,"Unemployment, total (% of total labor force) (modeled ILO estimate)",1997,3.592,,1
PHL,Philippines,SL.UEM.TOTL.ZS,"Unemployment, total (% of total labor force) (modeled ILO estimate)",1996,3.607,,1
PHL,Philippines,SL.UEM.TOTL.ZS,"Unemployment, total (% of total labor force) (modeled ILO estimate)",1995,3.68,,1
PHL,Philippines,SL.UEM.TOTL.ZS,"Unemployment, total (% of total labor force) (modeled ILO estimate)",1994,3.767,,1
PHL,Philippines,SL.UEM.TOTL.ZS,"Unemployment, total (% of total labor force) (modeled ILO estimate)",1993,3.869,,1
PHL,Philippines,SL.UEM.TOTL.ZS,"Unemployment, total (% of total labor force) (modeled ILO estimate)",1992,3.849,,1
PHL,Philippines,SL.UEM.TOTL.ZS,"Unemployment, total (% of total labor force) (modeled ILO estimate)",1991,3.727,,1
POL,Poland,SL.UEM.TOTL.ZS,"Unemployment, total (% of total labor force) (modeled ILO estimate)",2024,2.807,,1
POL,Poland,SL.UEM.TOTL.ZS,"Unemployment, total (% of total labor force) (modeled ILO estimate)",2023,2.743,,1
POL,Poland,SL.UEM.TOTL.ZS,"Unemployment, total (% of total labor force) (modeled ILO estimate)",2022,2.811,,1
POL,Poland,SL.UEM.TOTL.ZS,"Unemployment, total (% of total labor force) (modeled ILO estimate)",2021,3.268,,1
POL,Poland,SL.UEM.TOTL.ZS,"Unemployment, total (% of total labor force) (modeled ILO estimate)",2020,3.155,,1
POL,Poland,SL.UEM.TOTL.ZS,"Unemployment, total (% of total labor force) (modeled ILO estimate)",2019,3.267,,1
POL,Poland,SL.UEM.TOTL.ZS,"Unemployment, total (% of total labor force) (modeled ILO estimate)",2018,3.835,,1
POL,Poland,SL.UEM.TOTL.ZS,"Unemployment, total (% of total labor force) (modeled ILO estimate)",2017,4.867,,1
POL,Poland,SL.UEM.TOTL.ZS,"Unemployment, total (% of total labor force) (modeled ILO estimate)",2016,6.141,,1
POL,Poland,SL.UEM.TOTL.ZS,"Unemployment, total (% of total labor force) (modeled ILO estimate)",2015,7.475,,1
POL,Poland,SL.UEM.TOTL.ZS,"Unemployment, total (% of total labor force) (modeled ILO estimate)",2014,8.971,,1
POL,Poland,SL.UEM.TOTL.ZS,"Unemployment, total (% of total labor force) (modeled ILO estimate)",2013,10.293,,1
POL,Poland,SL.UEM.TOTL.ZS,"Unemployment, total (% of total labor force) (modeled ILO estimate)",2012,10.031,,1
POL,Poland,SL.UEM.TOTL.ZS,"Unemployment, total (% of total labor force) (modeled ILO estimate)",2011,9.576,,1
POL,Poland,SL.UEM.TOTL.ZS,"Unemployment, total (% of total labor force) (modeled ILO estimate)",2010,9.578,,1
POL,Poland,SL.UEM.TOTL.ZS,"Unemployment, total (% of total labor force) (modeled ILO estimate)",2009,8.131,,1
POL,Poland,SL.UEM.TOTL.ZS,"Unemployment, total (% of total labor force) (modeled ILO estimate)",2008,7.069,,1
POL,Poland,SL.UEM.TOTL.ZS,"Unemployment, total (% of total labor force) (modeled ILO estimate)",2007,9.551,,1
POL,Poland,SL.UEM.TOTL.ZS,"Unemployment, total (% of total labor force) (modeled ILO estimate)",2006,13.794,,1
POL,Poland,SL.UEM.TOTL.ZS,"Unemployment, total (% of total labor force) (modeled ILO estimate)",2005,17.592,,1
POL,Poland,SL.UEM.TOTL.ZS,"Unemployment, total (% of total labor force) (modeled ILO estimate)",2004,18.822,,1
POL,Poland,SL.UEM.TOTL.ZS,"Unemployment, total (% of total labor force) (modeled ILO estimate)",2003,19.899,,1
POL,Poland,SL.UEM.TOTL.ZS,"Unemployment, total (% of total labor force) (modeled ILO estimate)",2002,20.211,,1
POL,Poland,SL.UEM.TOTL.ZS,"Unemployment, total (% of total labor force) (modeled ILO estimate)",2001,18.435,,1
POL,Poland,SL.UEM.TOTL.ZS,"Unemployment, total (% of total labor force) (modeled ILO estimate)",2000,14.928,,1
POL,Poland,SL.UEM.TOTL.ZS,"Unemployment, total (% of total labor force) (modeled ILO estimate)",1999,12.29,,1
POL,Poland,SL.UEM.TOTL.ZS,"Unemployment, total (% of total labor force) (modeled ILO estimate)",1998,9.935,,1
POL,Poland,SL.UEM.TOTL.ZS,"Unemployment, total (% of total labor force) (modeled ILO estimate)",1997,10.964,,1
POL,Poland,SL.UEM.TOTL.ZS,"Unemployment, total (% of total labor force) (modeled ILO estimate)",1996,12.684,,1
POL,Poland,SL.UEM.TOTL.ZS,"Unemployment, total (% of total labor force) (modeled ILO estimate)",1995,13.695,,1
POL,Poland,SL.UEM.TOTL.ZS,"Unemployment, total (% of total labor force) (modeled ILO estimate)",1994,14.825,,1
POL,Poland,SL.UEM.TOTL.ZS,"Unemployment, total (% of total labor force) (modeled ILO estimate)",1993,14.393,,1
POL,Poland,SL.UEM.TOTL.ZS,"Unemployment, total (% of total labor force) (modeled ILO estimate)",1992,13.645,,1
POL,Poland,SL.UEM.TOTL.ZS,"Unemployment, total (% of total labor force) (modeled ILO estimate)",1991,13.621,,1
PRT,Portugal,SL.UEM.TOTL.ZS,"Unemployment, total (% of total labor force) (modeled ILO estimate)",2024,6.5,,1
PRT,Portugal,SL.UEM.TOTL.ZS,"Unemployment, total (% of total labor force) (modeled ILO estimate)",2023,6.498,,1
PRT,Portugal,SL.UEM.TOTL.ZS,"Unemployment, total (% of total labor force) (modeled ILO estimate)",2022,6.138,,1
PRT,Portugal,SL.UEM.TOTL.ZS,"Unemployment, total (% of total labor force) (modeled ILO estimate)",2021,6.712,,1
PRT,Portugal,SL.UEM.TOTL.ZS,"Unemployment, total (% of total labor force) (modeled ILO estimate)",2020,6.85,,1
PRT,Portugal,SL.UEM.TOTL.ZS,"Unemployment, total (% of total labor force) (modeled ILO estimate)",2019,6.422,,1
PRT,Portugal,SL.UEM.TOTL.ZS,"Unemployment, total (% of total labor force) (modeled ILO estimate)",2018,6.966,,1
PRT,Portugal,SL.UEM.TOTL.ZS,"Unemployment, total (% of total labor force) (modeled ILO estimate)",2017,8.878,,1
PRT,Portugal,SL.UEM.TOTL.ZS,"Unemployment, total (% of total labor force) (modeled ILO estimate)",2016,11.058,,1
PRT,Portugal,SL.UEM.TOTL.ZS,"Unemployment, total (% of total labor force) (modeled ILO estimate)",2015,12.405,,1
PRT,Portugal,SL.UEM.TOTL.ZS,"Unemployment, total (% of total labor force) (modeled ILO estimate)",2014,13.88,,1
PRT,Portugal,SL.UEM.TOTL.ZS,"Unemployment, total (% of total labor force) (modeled ILO estimate)",2013,16.237,,1
PRT,Portugal,SL.UEM.TOTL.ZS,"Unemployment, total (% of total labor force) (modeled ILO estimate)",2012,15.509,,1
PRT,Portugal,SL.UEM.TOTL.ZS,"Unemployment, total (% of total labor force) (modeled ILO estimate)",2011,12.715,,1
PRT,Portugal,SL.UEM.TOTL.ZS,"Unemployment, total (% of total labor force) (modeled ILO estimate)",2010,10.771,,1
PRT,Portugal,SL.UEM.TOTL.ZS,"Unemployment, total (% of total labor force) (modeled ILO estimate)",2009,9.432,,1
PRT,Portugal,SL.UEM.TOTL.ZS,"Unemployment, total (% of total labor force) (modeled ILO estimate)",2008,7.553,,1
PRT,Portugal,SL.UEM.TOTL.ZS,"Unemployment, total (% of total labor force) (modeled ILO estimate)",2007,7.965,,1
PRT,Portugal,SL.UEM.TOTL.ZS,"Unemployment, total (% of total labor force) (modeled ILO estimate)",2006,7.649,,1
PRT,Portugal,SL.UEM.TOTL.ZS,"Unemployment, total (% of total labor force) (modeled ILO estimate)",2005,7.582,,1
PRT,Portugal,SL.UEM.TOTL.ZS,"Unemployment, total (% of total labor force) (modeled ILO estimate)",2004,6.319,,1
PRT,Portugal,SL.UEM.TOTL.ZS,"Unemployment, total (% of total labor force) (modeled ILO estimate)",2003,6.132,,1
PRT,Portugal,SL.UEM.TOTL.ZS,"Unemployment, total (% of total labor force) (modeled ILO estimate)",2002,4.497,,1
PRT,Portugal,SL.UEM.TOTL.ZS,"Unemployment, total (% of total labor force) (modeled ILO estimate)",2001,3.829,,1
PRT,Portugal,SL.UEM.TOTL.ZS,"Unemployment, total (% of total labor force) (modeled ILO estimate)",2000,3.806,,1
PRT,Portugal,SL.UEM.TOTL.ZS,"Unemployment, total (% of total labor force) (modeled ILO estimate)",1999,4.579,,1
PRT,Portugal,SL.UEM.TOTL.ZS,"Unemployment, total (% of total labor force) (modeled ILO estimate)",1998,4.64,,1
PRT,Portugal,SL.UEM.TOTL.ZS,"Unemployment, total (% of total labor force) (modeled ILO estimate)",1997,6.571,,1
PRT,Portugal,SL.UEM.TOTL.ZS,"Unemployment, total (% of total labor force) (modeled ILO estimate)",1996,7.298,,1
PRT,Portugal,SL.UEM.TOTL.ZS,"Unemployment, total (% of total labor force) (modeled ILO estimate)",1995,7.064,,1
PRT,Portugal,SL.UEM.TOTL.ZS,"Unemployment, total (% of total labor force) (modeled ILO estimate)",1994,6.709,,1
PRT,Portugal,SL.UEM.TOTL.ZS,"Unemployment, total (% of total labor force) (modeled ILO estimate)",1993,5.301,,1
PRT,Portugal,SL.UEM.TOTL.ZS,"Unemployment, total (% of total labor force) (modeled ILO estimate)",1992,3.985,,1
PRT,Portugal,SL.UEM.TOTL.ZS,"Unemployment, total (% of total labor force) (modeled ILO estimate)",1991,3.919,,1
PRI,Puerto Rico (US),SL.UEM.TOTL.ZS,"Unemployment, total (% of total labor force) (modeled ILO estimate)",2024,5.639,,1
PRI,Puerto Rico (US),SL.UEM.TOTL.ZS,"Unemployment, total (% of total labor force) (modeled ILO estimate)",2023,5.725,,1
PRI,Puerto Rico (US),SL.UEM.TOTL.ZS,"Unemployment, total (% of total labor force) (modeled ILO estimate)",2022,6,,1
PRI,Puerto Rico (US),SL.UEM.TOTL.ZS,"Unemployment, total (% of total labor force) (modeled ILO estimate)",2021,7.9,,1
PRI,Puerto Rico (US),SL.UEM.TOTL.ZS,"Unemployment, total (% of total labor force) (modeled ILO estimate)",2020,8.89,,1
PRI,Puerto Rico (US),SL.UEM.TOTL.ZS,"Unemployment, total (% of total labor force) (modeled ILO estimate)",2019,8.3,,1
PRI,Puerto Rico (US),SL.UEM.TOTL.ZS,"Unemployment, total (% of total labor force) (modeled ILO estimate)",2018,9.2,,1
PRI,Puerto Rico (US),SL.UEM.TOTL.ZS,"Unemployment, total (% of total labor force) (modeled ILO estimate)",2017,10.8,,1
PRI,Puerto Rico (US),SL.UEM.TOTL.ZS,"Unemployment, total (% of total labor force) (modeled ILO estimate)",2016,11.8,,1
PRI,Puerto Rico (US),SL.UEM.TOTL.ZS,"Unemployment, total (% of total labor force) (modeled ILO estimate)",2015,12,,1
PRI,Puerto Rico (US),SL.UEM.TOTL.ZS,"Unemployment, total (% of total labor force) (modeled ILO estimate)",2014,13.9,,1
PRI,Puerto Rico (US),SL.UEM.TOTL.ZS,"Unemployment, total (% of total labor force) (modeled ILO estimate)",2013,14.3,,1
PRI,Puerto Rico (US),SL.UEM.TOTL.ZS,"Unemployment, total (% of total labor force) (modeled ILO estimate)",2012,14.5,,1
PRI,Puerto Rico (US),SL.UEM.TOTL.ZS,"Unemployment, total (% of total labor force) (modeled ILO estimate)",2011,15.7,,1
PRI,Puerto Rico (US),SL.UEM.TOTL.ZS,"Unemployment, total (% of total labor force) (modeled ILO estimate)",2010,16.1,,1
PRI,Puerto Rico (US),SL.UEM.TOTL.ZS,"Unemployment, total (% of total labor force) (modeled ILO estimate)",2009,15,,1
PRI,Puerto Rico (US),SL.UEM.TOTL.ZS,"Unemployment, total (% of total labor force) (modeled ILO estimate)",2008,11.48,,1
PRI,Puerto Rico (US),SL.UEM.TOTL.ZS,"Unemployment, total (% of total labor force) (modeled ILO estimate)",2007,10.93,,1
PRI,Puerto Rico (US),SL.UEM.TOTL.ZS,"Unemployment, total (% of total labor force) (modeled ILO estimate)",2006,11.01,,1
PRI,Puerto Rico (US),SL.UEM.TOTL.ZS,"Unemployment, total (% of total labor force) (modeled ILO estimate)",2005,11.35,,1
PRI,Puerto Rico (US),SL.UEM.TOTL.ZS,"Unemployment, total (% of total labor force) (modeled ILO estimate)",2004,10.31,,1
PRI,Puerto Rico (US),SL.UEM.TOTL.ZS,"Unemployment, total (% of total labor force) (modeled ILO estimate)",2003,11.78,,1
PRI,Puerto Rico (US),SL.UEM.TOTL.ZS,"Unemployment, total (% of total labor force) (modeled ILO estimate)",2002,11.94,,1
PRI,Puerto Rico (US),SL.UEM.TOTL.ZS,"Unemployment, total (% of total labor force) (modeled ILO estimate)",2001,11.4,,1
PRI,Puerto Rico (US),SL.UEM.TOTL.ZS,"Unemployment, total (% of total labor force) (modeled ILO estimate)",2000,10.08,,1
PRI,Puerto Rico (US),SL.UEM.TOTL.ZS,"Unemployment, total (% of total labor force) (modeled ILO estimate)",1999,11.81,,1
PRI,Puerto Rico (US),SL.UEM.TOTL.ZS,"Unemployment, total (% of total labor force) (modeled ILO estimate)",1998,13.46,,1
PRI,Puerto Rico (US),SL.UEM.TOTL.ZS,"Unemployment, total (% of total labor force) (modeled ILO estimate)",1997,13.8,,1
PRI,Puerto Rico (US),SL.UEM.TOTL.ZS,"Unemployment, total (% of total labor force) (modeled ILO estimate)",1996,13.64,,1
PRI,Puerto Rico (US),SL.UEM.TOTL.ZS,"Unemployment, total (% of total labor force) (modeled ILO estimate)",1995,13.93,,1
PRI,Puerto Rico (US),SL.UEM.TOTL.ZS,"Unemployment, total (% of total labor force) (modeled ILO estimate)",1994,14.6,,1
PRI,Puerto Rico (US),SL.UEM.TOTL.ZS,"Unemployment, total (% of total labor force) (modeled ILO estimate)",1993,16.91,,1
PRI,Puerto Rico (US),SL.UEM.TOTL.ZS,"Unemployment, total (% of total labor force) (modeled ILO estimate)",1992,16.93,,1
PRI,Puerto Rico (US),SL.UEM.TOTL.ZS,"Unemployment, total (% of total labor force) (modeled ILO estimate)",1991,16.18,,1
QAT,Qatar,SL.UEM.TOTL.ZS,"Unemployment, total (% of total labor force) (modeled ILO estimate)",2024,0.13,,1
QAT,Qatar,SL.UEM.TOTL.ZS,"Unemployment, total (% of total labor force) (modeled ILO estimate)",2023,0.13,,1
QAT,Qatar,SL.UEM.TOTL.ZS,"Unemployment, total (% of total labor force) (modeled ILO estimate)",2022,0.13,,1
QAT,Qatar,SL.UEM.TOTL.ZS,"Unemployment, total (% of total labor force) (modeled ILO estimate)",2021,0.14,,1
QAT,Qatar,SL.UEM.TOTL.ZS,"Unemployment, total (% of total labor force) (modeled ILO estimate)",2020,0.14,,1
QAT,Qatar,SL.UEM.TOTL.ZS,"Unemployment, total (% of total labor force) (modeled ILO estimate)",2019,0.1,,1
QAT,Qatar,SL.UEM.TOTL.ZS,"Unemployment, total (% of total labor force) (modeled ILO estimate)",2018,0.11,,1
QAT,Qatar,SL.UEM.TOTL.ZS,"Unemployment, total (% of total labor force) (modeled ILO estimate)",2017,0.14,,1
QAT,Qatar,SL.UEM.TOTL.ZS,"Unemployment, total (% of total labor force) (modeled ILO estimate)",2016,0.15,,1
QAT,Qatar,SL.UEM.TOTL.ZS,"Unemployment, total (% of total labor force) (modeled ILO estimate)",2015,0.17,,1
QAT,Qatar,SL.UEM.TOTL.ZS,"Unemployment, total (% of total labor force) (modeled ILO estimate)",2014,0.2,,1
QAT,Qatar,SL.UEM.TOTL.ZS,"Unemployment, total (% of total labor force) (modeled ILO estimate)",2013,0.28,,1
QAT,Qatar,SL.UEM.TOTL.ZS,"Unemployment, total (% of total labor force) (modeled ILO estimate)",2012,0.48,,1
QAT,Qatar,SL.UEM.TOTL.ZS,"Unemployment, total (% of total labor force) (modeled ILO estimate)",2011,0.56,,1
QAT,Qatar,SL.UEM.TOTL.ZS,"Unemployment, total (% of total labor force) (modeled ILO estimate)",2010,0.45,,1
QAT,Qatar,SL.UEM.TOTL.ZS,"Unemployment, total (% of total labor force) (modeled ILO estimate)",2009,0.31,,1
QAT,Qatar,SL.UEM.TOTL.ZS,"Unemployment, total (% of total labor force) (modeled ILO estimate)",2008,0.31,,1
QAT,Qatar,SL.UEM.TOTL.ZS,"Unemployment, total (% of total labor force) (modeled ILO estimate)",2007,0.52,,1
QAT,Qatar,SL.UEM.TOTL.ZS,"Unemployment, total (% of total labor force) (modeled ILO estimate)",2006,0.87,,1
QAT,Qatar,SL.UEM.TOTL.ZS,"Unemployment, total (% of total labor force) (modeled ILO estimate)",2005,0.87,,1
QAT,Qatar,SL.UEM.TOTL.ZS,"Unemployment, total (% of total labor force) (modeled ILO estimate)",2004,0.87,,1
QAT,Qatar,SL.UEM.TOTL.ZS,"Unemployment, total (% of total labor force) (modeled ILO estimate)",2003,0.87,,1
QAT,Qatar,SL.UEM.TOTL.ZS,"Unemployment, total (% of total labor force) (modeled ILO estimate)",2002,0.87,,1
QAT,Qatar,SL.UEM.TOTL.ZS,"Unemployment, total (% of total labor force) (modeled ILO estimate)",2001,0.87,,1
QAT,Qatar,SL.UEM.TOTL.ZS,"Unemployment, total (% of total labor force) (modeled ILO estimate)",2000,0.87,,1
QAT,Qatar,SL.UEM.TOTL.ZS,"Unemployment, total (% of total labor force) (modeled ILO estimate)",1999,0.87,,1
QAT,Qatar,SL.UEM.TOTL.ZS,"Unemployment, total (% of total labor force) (modeled ILO estimate)",1998,0.87,,1
QAT,Qatar,SL.UEM.TOTL.ZS,"Unemployment, total (% of total labor force) (modeled ILO estimate)",1997,0.87,,1
QAT,Qatar,SL.UEM.TOTL.ZS,"Unemployment, total (% of total labor force) (modeled ILO estimate)",1996,0.87,,1
QAT,Qatar,SL.UEM.TOTL.ZS,"Unemployment, total (% of total labor force) (modeled ILO estimate)",1995,0.87,,1
QAT,Qatar,SL.UEM.TOTL.ZS,"Unemployment, total (% of total labor force) (modeled ILO estimate)",1994,0.87,,1
QAT,Qatar,SL.UEM.TOTL.ZS,"Unemployment, total (% of total labor force) (modeled ILO estimate)",1993,0.87,,1
QAT,Qatar,SL.UEM.TOTL.ZS,"Unemployment, total (% of total labor force) (modeled ILO estimate)",1992,0.87,,1
QAT,Qatar,SL.UEM.TOTL.ZS,"Unemployment, total (% of total labor force) (modeled ILO estimate)",1991,0.87,,1
ROU,Romania,SL.UEM.TOTL.ZS,"Unemployment, total (% of total labor force) (modeled ILO estimate)",2024,5.4,,1
ROU,Romania,SL.UEM.TOTL.ZS,"Unemployment, total (% of total labor force) (modeled ILO estimate)",2023,5.589,,1
ROU,Romania,SL.UEM.TOTL.ZS,"Unemployment, total (% of total labor force) (modeled ILO estimate)",2022,5.614,,1
ROU,Romania,SL.UEM.TOTL.ZS,"Unemployment, total (% of total labor force) (modeled ILO estimate)",2021,5.59,,1
ROU,Romania,SL.UEM.TOTL.ZS,"Unemployment, total (% of total labor force) (modeled ILO estimate)",2020,5.035,,1
ROU,Romania,SL.UEM.TOTL.ZS,"Unemployment, total (% of total labor force) (modeled ILO estimate)",2019,3.912,,1
ROU,Romania,SL.UEM.TOTL.ZS,"Unemployment, total (% of total labor force) (modeled ILO estimate)",2018,4.187,,1
ROU,Romania,SL.UEM.TOTL.ZS,"Unemployment, total (% of total labor force) (modeled ILO estimate)",2017,4.927,,1
ROU,Romania,SL.UEM.TOTL.ZS,"Unemployment, total (% of total labor force) (modeled ILO estimate)",2016,5.901,,1
ROU,Romania,SL.UEM.TOTL.ZS,"Unemployment, total (% of total labor force) (modeled ILO estimate)",2015,6.812,,1
ROU,Romania,SL.UEM.TOTL.ZS,"Unemployment, total (% of total labor force) (modeled ILO estimate)",2014,6.802,,1
ROU,Romania,SL.UEM.TOTL.ZS,"Unemployment, total (% of total labor force) (modeled ILO estimate)",2013,7.096,,1
ROU,Romania,SL.UEM.TOTL.ZS,"Unemployment, total (% of total labor force) (modeled ILO estimate)",2012,6.794,,1
ROU,Romania,SL.UEM.TOTL.ZS,"Unemployment, total (% of total labor force) (modeled ILO estimate)",2011,7.177,,1
ROU,Romania,SL.UEM.TOTL.ZS,"Unemployment, total (% of total labor force) (modeled ILO estimate)",2010,6.959,,1
ROU,Romania,SL.UEM.TOTL.ZS,"Unemployment, total (% of total labor force) (modeled ILO estimate)",2009,6.859,,1
ROU,Romania,SL.UEM.TOTL.ZS,"Unemployment, total (% of total labor force) (modeled ILO estimate)",2008,5.787,,1
ROU,Romania,SL.UEM.TOTL.ZS,"Unemployment, total (% of total labor force) (modeled ILO estimate)",2007,6.413,,1
ROU,Romania,SL.UEM.TOTL.ZS,"Unemployment, total (% of total labor force) (modeled ILO estimate)",2006,7.27,,1
ROU,Romania,SL.UEM.TOTL.ZS,"Unemployment, total (% of total labor force) (modeled ILO estimate)",2005,7.174,,1
ROU,Romania,SL.UEM.TOTL.ZS,"Unemployment, total (% of total labor force) (modeled ILO estimate)",2004,7.719,,1
ROU,Romania,SL.UEM.TOTL.ZS,"Unemployment, total (% of total labor force) (modeled ILO estimate)",2003,6.95,,1
ROU,Romania,SL.UEM.TOTL.ZS,"Unemployment, total (% of total labor force) (modeled ILO estimate)",2002,8.112,,1
ROU,Romania,SL.UEM.TOTL.ZS,"Unemployment, total (% of total labor force) (modeled ILO estimate)",2001,6.561,,1
ROU,Romania,SL.UEM.TOTL.ZS,"Unemployment, total (% of total labor force) (modeled ILO estimate)",2000,6.969,,1
ROU,Romania,SL.UEM.TOTL.ZS,"Unemployment, total (% of total labor force) (modeled ILO estimate)",1999,6.239,,1
ROU,Romania,SL.UEM.TOTL.ZS,"Unemployment, total (% of total labor force) (modeled ILO estimate)",1998,5.63,,1
ROU,Romania,SL.UEM.TOTL.ZS,"Unemployment, total (% of total labor force) (modeled ILO estimate)",1997,5.515,,1
ROU,Romania,SL.UEM.TOTL.ZS,"Unemployment, total (% of total labor force) (modeled ILO estimate)",1996,6.74,,1
ROU,Romania,SL.UEM.TOTL.ZS,"Unemployment, total (% of total labor force) (modeled ILO estimate)",1995,8.01,,1
ROU,Romania,SL.UEM.TOTL.ZS,"Unemployment, total (% of total labor force) (modeled ILO estimate)",1994,8.17,,1
ROU,Romania,SL.UEM.TOTL.ZS,"Unemployment, total (% of total labor force) (modeled ILO estimate)",1993,8.251,,1
ROU,Romania,SL.UEM.TOTL.ZS,"Unemployment, total (% of total labor force) (modeled ILO estimate)",1992,8.26,,1
ROU,Romania,SL.UEM.TOTL.ZS,"Unemployment, total (% of total labor force) (modeled ILO estimate)",1991,8.23,,1
RUS,Russian Federation,SL.UEM.TOTL.ZS,"Unemployment, total (% of total labor force) (modeled ILO estimate)",2024,2.43,,1
RUS,Russian Federation,SL.UEM.TOTL.ZS,"Unemployment, total (% of total labor force) (modeled ILO estimate)",2023,3.076,,1
RUS,Russian Federation,SL.UEM.TOTL.ZS,"Unemployment, total (% of total labor force) (modeled ILO estimate)",2022,3.867,,1
RUS,Russian Federation,SL.UEM.TOTL.ZS,"Unemployment, total (% of total labor force) (modeled ILO estimate)",2021,4.749,,1
RUS,Russian Federation,SL.UEM.TOTL.ZS,"Unemployment, total (% of total labor force) (modeled ILO estimate)",2020,5.62,,1
RUS,Russian Federation,SL.UEM.TOTL.ZS,"Unemployment, total (% of total labor force) (modeled ILO estimate)",2019,4.513,,1
RUS,Russian Federation,SL.UEM.TOTL.ZS,"Unemployment, total (% of total labor force) (modeled ILO estimate)",2018,4.871,,1
RUS,Russian Federation,SL.UEM.TOTL.ZS,"Unemployment, total (% of total labor force) (modeled ILO estimate)",2017,5.238,,1
RUS,Russian Federation,SL.UEM.TOTL.ZS,"Unemployment, total (% of total labor force) (modeled ILO estimate)",2016,5.591,,1
RUS,Russian Federation,SL.UEM.TOTL.ZS,"Unemployment, total (% of total labor force) (modeled ILO estimate)",2015,5.615,,1
RUS,Russian Federation,SL.UEM.TOTL.ZS,"Unemployment, total (% of total labor force) (modeled ILO estimate)",2014,5.212,,1
RUS,Russian Federation,SL.UEM.TOTL.ZS,"Unemployment, total (% of total labor force) (modeled ILO estimate)",2013,5.513,,1
RUS,Russian Federation,SL.UEM.TOTL.ZS,"Unemployment, total (% of total labor force) (modeled ILO estimate)",2012,5.484,,1
RUS,Russian Federation,SL.UEM.TOTL.ZS,"Unemployment, total (% of total labor force) (modeled ILO estimate)",2011,6.571,,1
RUS,Russian Federation,SL.UEM.TOTL.ZS,"Unemployment, total (% of total labor force) (modeled ILO estimate)",2010,7.407,,1
RUS,Russian Federation,SL.UEM.TOTL.ZS,"Unemployment, total (% of total labor force) (modeled ILO estimate)",2009,8.301,,1
RUS,Russian Federation,SL.UEM.TOTL.ZS,"Unemployment, total (% of total labor force) (modeled ILO estimate)",2008,6.205,,1
RUS,Russian Federation,SL.UEM.TOTL.ZS,"Unemployment, total (% of total labor force) (modeled ILO estimate)",2007,6.002,,1
RUS,Russian Federation,SL.UEM.TOTL.ZS,"Unemployment, total (% of total labor force) (modeled ILO estimate)",2006,7.055,,1
RUS,Russian Federation,SL.UEM.TOTL.ZS,"Unemployment, total (% of total labor force) (modeled ILO estimate)",2005,7.124,,1
RUS,Russian Federation,SL.UEM.TOTL.ZS,"Unemployment, total (% of total labor force) (modeled ILO estimate)",2004,7.763,,1
RUS,Russian Federation,SL.UEM.TOTL.ZS,"Unemployment, total (% of total labor force) (modeled ILO estimate)",2003,8.21,,1
RUS,Russian Federation,SL.UEM.TOTL.ZS,"Unemployment, total (% of total labor force) (modeled ILO estimate)",2002,7.875,,1
RUS,Russian Federation,SL.UEM.TOTL.ZS,"Unemployment, total (% of total labor force) (modeled ILO estimate)",2001,8.978,,1
RUS,Russian Federation,SL.UEM.TOTL.ZS,"Unemployment, total (% of total labor force) (modeled ILO estimate)",2000,10.581,,1
RUS,Russian Federation,SL.UEM.TOTL.ZS,"Unemployment, total (% of total labor force) (modeled ILO estimate)",1999,13.036,,1
RUS,Russian Federation,SL.UEM.TOTL.ZS,"Unemployment, total (% of total labor force) (modeled ILO estimate)",1998,13.261,,1
RUS,Russian Federation,SL.UEM.TOTL.ZS,"Unemployment, total (% of total labor force) (modeled ILO estimate)",1997,11.813,,1
RUS,Russian Federation,SL.UEM.TOTL.ZS,"Unemployment, total (% of total labor force) (modeled ILO estimate)",1996,9.665,,1
RUS,Russian Federation,SL.UEM.TOTL.ZS,"Unemployment, total (% of total labor force) (modeled ILO estimate)",1995,9.449,,1
RUS,Russian Federation,SL.UEM.TOTL.ZS,"Unemployment, total (% of total labor force) (modeled ILO estimate)",1994,8.131,,1
RUS,Russian Federation,SL.UEM.TOTL.ZS,"Unemployment, total (% of total labor force) (modeled ILO estimate)",1993,5.883,,1
RUS,Russian Federation,SL.UEM.TOTL.ZS,"Unemployment, total (% of total labor force) (modeled ILO estimate)",1992,5.181,,1
RUS,Russian Federation,SL.UEM.TOTL.ZS,"Unemployment, total (% of total labor force) (modeled ILO estimate)",1991,5.11,,1
RWA,Rwanda,SL.UEM.TOTL.ZS,"Unemployment, total (% of total labor force) (modeled ILO estimate)",2024,11.331,,1
RWA,Rwanda,SL.UEM.TOTL.ZS,"Unemployment, total (% of total labor force) (modeled ILO estimate)",2023,12.352,,1
RWA,Rwanda,SL.UEM.TOTL.ZS,"Unemployment, total (% of total labor force) (modeled ILO estimate)",2022,15.084,,1
RWA,Rwanda,SL.UEM.TOTL.ZS,"Unemployment, total (% of total labor force) (modeled ILO estimate)",2021,15.775,,1
RWA,Rwanda,SL.UEM.TOTL.ZS,"Unemployment, total (% of total labor force) (modeled ILO estimate)",2020,11.829,,1
RWA,Rwanda,SL.UEM.TOTL.ZS,"Unemployment, total (% of total labor force) (modeled ILO estimate)",2019,11.236,,1
RWA,Rwanda,SL.UEM.TOTL.ZS,"Unemployment, total (% of total labor force) (modeled ILO estimate)",2018,10.759,,1
RWA,Rwanda,SL.UEM.TOTL.ZS,"Unemployment, total (% of total labor force) (modeled ILO estimate)",2017,11.875,,1
RWA,Rwanda,SL.UEM.TOTL.ZS,"Unemployment, total (% of total labor force) (modeled ILO estimate)",2016,11.788,,1
RWA,Rwanda,SL.UEM.TOTL.ZS,"Unemployment, total (% of total labor force) (modeled ILO estimate)",2015,11.831,,1
RWA,Rwanda,SL.UEM.TOTL.ZS,"Unemployment, total (% of total labor force) (modeled ILO estimate)",2014,11.837,,1
RWA,Rwanda,SL.UEM.TOTL.ZS,"Unemployment, total (% of total labor force) (modeled ILO estimate)",2013,11.768,,1
RWA,Rwanda,SL.UEM.TOTL.ZS,"Unemployment, total (% of total labor force) (modeled ILO estimate)",2012,11.671,,1
RWA,Rwanda,SL.UEM.TOTL.ZS,"Unemployment, total (% of total labor force) (modeled ILO estimate)",2011,11.756,,1
RWA,Rwanda,SL.UEM.TOTL.ZS,"Unemployment, total (% of total labor force) (modeled ILO estimate)",2010,11.637,,1
RWA,Rwanda,SL.UEM.TOTL.ZS,"Unemployment, total (% of total labor force) (modeled ILO estimate)",2009,11.625,,1
RWA,Rwanda,SL.UEM.TOTL.ZS,"Unemployment, total (% of total labor force) (modeled ILO estimate)",2008,11.517,,1
RWA,Rwanda,SL.UEM.TOTL.ZS,"Unemployment, total (% of total labor force) (modeled ILO estimate)",2007,11.58,,1
RWA,Rwanda,SL.UEM.TOTL.ZS,"Unemployment, total (% of total labor force) (modeled ILO estimate)",2006,11.586,,1
RWA,Rwanda,SL.UEM.TOTL.ZS,"Unemployment, total (% of total labor force) (modeled ILO estimate)",2005,11.842,,1
RWA,Rwanda,SL.UEM.TOTL.ZS,"Unemployment, total (% of total labor force) (modeled ILO estimate)",2004,11.699,,1
RWA,Rwanda,SL.UEM.TOTL.ZS,"Unemployment, total (% of total labor force) (modeled ILO estimate)",2003,11.658,,1
RWA,Rwanda,SL.UEM.TOTL.ZS,"Unemployment, total (% of total labor force) (modeled ILO estimate)",2002,11.432,,1
RWA,Rwanda,SL.UEM.TOTL.ZS,"Unemployment, total (% of total labor force) (modeled ILO estimate)",2001,11.732,,1
RWA,Rwanda,SL.UEM.TOTL.ZS,"Unemployment, total (% of total labor force) (modeled ILO estimate)",2000,11.699,,1
RWA,Rwanda,SL.UEM.TOTL.ZS,"Unemployment, total (% of total labor force) (modeled ILO estimate)",1999,11.569,,1
RWA,Rwanda,SL.UEM.TOTL.ZS,"Unemployment, total (% of total labor force) (modeled ILO estimate)",1998,11.255,,1
RWA,Rwanda,SL.UEM.TOTL.ZS,"Unemployment, total (% of total labor force) (modeled ILO estimate)",1997,11.087,,1
RWA,Rwanda,SL.UEM.TOTL.ZS,"Unemployment, total (% of total labor force) (modeled ILO estimate)",1996,11.507,,1
RWA,Rwanda,SL.UEM.TOTL.ZS,"Unemployment, total (% of total labor force) (modeled ILO estimate)",1995,11.938,,1
RWA,Rwanda,SL.UEM.TOTL.ZS,"Unemployment, total (% of total labor force) (modeled ILO estimate)",1994,12.236,,1
RWA,Rwanda,SL.UEM.TOTL.ZS,"Unemployment, total (% of total labor force) (modeled ILO estimate)",1993,12.155,,1
RWA,Rwanda,SL.UEM.TOTL.ZS,"Unemployment, total (% of total labor force) (modeled ILO estimate)",1992,12.114,,1
RWA,Rwanda,SL.UEM.TOTL.ZS,"Unemployment, total (% of total labor force) (modeled ILO estimate)",1991,12.335,,1
WSM,Samoa,SL.UEM.TOTL.ZS,"Unemployment, total (% of total labor force) (modeled ILO estimate)",2024,4.855,,1
WSM,Samoa,SL.UEM.TOTL.ZS,"Unemployment, total (% of total labor force) (modeled ILO estimate)",2023,4.92,,1
WSM,Samoa,SL.UEM.TOTL.ZS,"Unemployment, total (% of total labor force) (modeled ILO estimate)",2022,5.048,,1
WSM,Samoa,SL.UEM.TOTL.ZS,"Unemployment, total (% of total labor force) (modeled ILO estimate)",2021,6.664,,1
WSM,Samoa,SL.UEM.TOTL.ZS,"Unemployment, total (% of total labor force) (modeled ILO estimate)",2020,7.467,,1
WSM,Samoa,SL.UEM.TOTL.ZS,"Unemployment, total (% of total labor force) (modeled ILO estimate)",2019,7.858,,1
WSM,Samoa,SL.UEM.TOTL.ZS,"Unemployment, total (% of total labor force) (modeled ILO estimate)",2018,8.649,,1
WSM,Samoa,SL.UEM.TOTL.ZS,"Unemployment, total (% of total labor force) (modeled ILO estimate)",2017,9.4,,1
WSM,Samoa,SL.UEM.TOTL.ZS,"Unemployment, total (% of total labor force) (modeled ILO estimate)",2016,9.063,,1
WSM,Samoa,SL.UEM.TOTL.ZS,"Unemployment, total (% of total labor force) (modeled ILO estimate)",2015,8.901,,1
WSM,Samoa,SL.UEM.TOTL.ZS,"Unemployment, total (% of total labor force) (modeled ILO estimate)",2014,8.72,,1
WSM,Samoa,SL.UEM.TOTL.ZS,"Unemployment, total (% of total labor force) (modeled ILO estimate)",2013,8.772,,1
WSM,Samoa,SL.UEM.TOTL.ZS,"Unemployment, total (% of total labor force) (modeled ILO estimate)",2012,8.752,,1
WSM,Samoa,SL.UEM.TOTL.ZS,"Unemployment, total (% of total labor force) (modeled ILO estimate)",2011,5.68,,1
WSM,Samoa,SL.UEM.TOTL.ZS,"Unemployment, total (% of total labor force) (modeled ILO estimate)",2010,5.621,,1
WSM,Samoa,SL.UEM.TOTL.ZS,"Unemployment, total (% of total labor force) (modeled ILO estimate)",2009,5.646,,1
WSM,Samoa,SL.UEM.TOTL.ZS,"Unemployment, total (% of total labor force) (modeled ILO estimate)",2008,5.538,,1
WSM,Samoa,SL.UEM.TOTL.ZS,"Unemployment, total (% of total labor force) (modeled ILO estimate)",2007,5.425,,1
WSM,Samoa,SL.UEM.TOTL.ZS,"Unemployment, total (% of total labor force) (modeled ILO estimate)",2006,5.321,,1
WSM,Samoa,SL.UEM.TOTL.ZS,"Unemployment, total (% of total labor force) (modeled ILO estimate)",2005,5.212,,1
WSM,Samoa,SL.UEM.TOTL.ZS,"Unemployment, total (% of total labor force) (modeled ILO estimate)",2004,5.162,,1
WSM,Samoa,SL.UEM.TOTL.ZS,"Unemployment, total (% of total labor force) (modeled ILO estimate)",2003,5.038,,1
WSM,Samoa,SL.UEM.TOTL.ZS,"Unemployment, total (% of total labor force) (modeled ILO estimate)",2002,4.975,,1
WSM,Samoa,SL.UEM.TOTL.ZS,"Unemployment, total (% of total labor force) (modeled ILO estimate)",2001,4.96,,1
WSM,Samoa,SL.UEM.TOTL.ZS,"Unemployment, total (% of total labor force) (modeled ILO estimate)",2000,4.733,,1
WSM,Samoa,SL.UEM.TOTL.ZS,"Unemployment, total (% of total labor force) (modeled ILO estimate)",1999,4.489,,1
WSM,Samoa,SL.UEM.TOTL.ZS,"Unemployment, total (% of total labor force) (modeled ILO estimate)",1998,4.127,,1
WSM,Samoa,SL.UEM.TOTL.ZS,"Unemployment, total (% of total labor force) (modeled ILO estimate)",1997,3.78,,1
WSM,Samoa,SL.UEM.TOTL.ZS,"Unemployment, total (% of total labor force) (modeled ILO estimate)",1996,3.515,,1
WSM,Samoa,SL.UEM.TOTL.ZS,"Unemployment, total (% of total labor force) (modeled ILO estimate)",1995,3.244,,1
WSM,Samoa,SL.UEM.TOTL.ZS,"Unemployment, total (% of total labor force) (modeled ILO estimate)",1994,2.999,,1
WSM,Samoa,SL.UEM.TOTL.ZS,"Unemployment, total (% of total labor force) (modeled ILO estimate)",1993,2.689,,1
WSM,Samoa,SL.UEM.TOTL.ZS,"Unemployment, total (% of total labor force) (modeled ILO estimate)",1992,2.439,,1
WSM,Samoa,SL.UEM.TOTL.ZS,"Unemployment, total (% of total labor force) (modeled ILO estimate)",1991,2.1,,1
STP,Sao Tome and Principe,SL.UEM.TOTL.ZS,"Unemployment, total (% of total labor force) (modeled ILO estimate)",2024,9.057,,1
STP,Sao Tome and Principe,SL.UEM.TOTL.ZS,"Unemployment, total (% of total labor force) (modeled ILO estimate)",2023,9.032,,1
STP,Sao Tome and Principe,SL.UEM.TOTL.ZS,"Unemployment, total (% of total labor force) (modeled ILO estimate)",2022,8.964,,1
STP,Sao Tome and Principe,SL.UEM.TOTL.ZS,"Unemployment, total (% of total labor force) (modeled ILO estimate)",2021,9.563,,1
STP,Sao Tome and Principe,SL.UEM.TOTL.ZS,"Unemployment, total (% of total labor force) (modeled ILO estimate)",2020,9.679,,1
STP,Sao Tome and Principe,SL.UEM.TOTL.ZS,"Unemployment, total (% of total labor force) (modeled ILO estimate)",2019,8.835,,1
STP,Sao Tome and Principe,SL.UEM.TOTL.ZS,"Unemployment, total (% of total labor force) (modeled ILO estimate)",2018,8.712,,1
STP,Sao Tome and Principe,SL.UEM.TOTL.ZS,"Unemployment, total (% of total labor force) (modeled ILO estimate)",2017,8.808,,1
STP,Sao Tome and Principe,SL.UEM.TOTL.ZS,"Unemployment, total (% of total labor force) (modeled ILO estimate)",2016,9.684,,1
STP,Sao Tome and Principe,SL.UEM.TOTL.ZS,"Unemployment, total (% of total labor force) (modeled ILO estimate)",2015,10.591,,1
STP,Sao Tome and Principe,SL.UEM.TOTL.ZS,"Unemployment, total (% of total labor force) (modeled ILO estimate)",2014,11.428,,1
STP,Sao Tome and Principe,SL.UEM.TOTL.ZS,"Unemployment, total (% of total labor force) (modeled ILO estimate)",2013,12.476,,1
STP,Sao Tome and Principe,SL.UEM.TOTL.ZS,"Unemployment, total (% of total labor force) (modeled ILO estimate)",2012,13.59,,1
STP,Sao Tome and Principe,SL.UEM.TOTL.ZS,"Unemployment, total (% of total labor force) (modeled ILO estimate)",2011,14.229,,1
STP,Sao Tome and Principe,SL.UEM.TOTL.ZS,"Unemployment, total (% of total labor force) (modeled ILO estimate)",2010,14.628,,1
STP,Sao Tome and Principe,SL.UEM.TOTL.ZS,"Unemployment, total (% of total labor force) (modeled ILO estimate)",2009,15.136,,1
STP,Sao Tome and Principe,SL.UEM.TOTL.ZS,"Unemployment, total (% of total labor force) (modeled ILO estimate)",2008,15.421,,1
STP,Sao Tome and Principe,SL.UEM.TOTL.ZS,"Unemployment, total (% of total labor force) (modeled ILO estimate)",2007,16.021,,1
STP,Sao Tome and Principe,SL.UEM.TOTL.ZS,"Unemployment, total (% of total labor force) (modeled ILO estimate)",2006,16.65,,1
STP,Sao Tome and Principe,SL.UEM.TOTL.ZS,"Unemployment, total (% of total labor force) (modeled ILO estimate)",2005,16.47,,1
STP,Sao Tome and Principe,SL.UEM.TOTL.ZS,"Unemployment, total (% of total labor force) (modeled ILO estimate)",2004,16.12,,1
STP,Sao Tome and Principe,SL.UEM.TOTL.ZS,"Unemployment, total (% of total labor force) (modeled ILO estimate)",2003,16.36,,1
STP,Sao Tome and Principe,SL.UEM.TOTL.ZS,"Unemployment, total (% of total labor force) (modeled ILO estimate)",2002,17.63,,1
STP,Sao Tome and Principe,SL.UEM.TOTL.ZS,"Unemployment, total (% of total labor force) (modeled ILO estimate)",2001,15.73,,1
STP,Sao Tome and Principe,SL.UEM.TOTL.ZS,"Unemployment, total (% of total labor force) (modeled ILO estimate)",2000,14.4,,1
STP,Sao Tome and Principe,SL.UEM.TOTL.ZS,"Unemployment, total (% of total labor force) (modeled ILO estimate)",1999,14.352,,1
STP,Sao Tome and Principe,SL.UEM.TOTL.ZS,"Unemployment, total (% of total labor force) (modeled ILO estimate)",1998,14.398,,1
STP,Sao Tome and Principe,SL.UEM.TOTL.ZS,"Unemployment, total (% of total labor force) (modeled ILO estimate)",1997,14.414,,1
STP,Sao Tome and Principe,SL.UEM.TOTL.ZS,"Unemployment, total (% of total labor force) (modeled ILO estimate)",1996,14.33,,1
STP,Sao Tome and Principe,SL.UEM.TOTL.ZS,"Unemployment, total (% of total labor force) (modeled ILO estimate)",1995,14.342,,1
STP,Sao Tome and Principe,SL.UEM.TOTL.ZS,"Unemployment, total (% of total labor force) (modeled ILO estimate)",1994,14.41,,1
STP,Sao Tome and Principe,SL.UEM.TOTL.ZS,"Unemployment, total (% of total labor force) (modeled ILO estimate)",1993,14.46,,1
STP,Sao Tome and Principe,SL.UEM.TOTL.ZS,"Unemployment, total (% of total labor force) (modeled ILO estimate)",1992,14.65,,1
STP,Sao Tome and Principe,SL.UEM.TOTL.ZS,"Unemployment, total (% of total labor force) (modeled ILO estimate)",1991,14.493,,1
SAU,Saudi Arabia,SL.UEM.TOTL.ZS,"Unemployment, total (% of total labor force) (modeled ILO estimate)",2024,3.518,,1
SAU,Saudi Arabia,SL.UEM.TOTL.ZS,"Unemployment, total (% of total labor force) (modeled ILO estimate)",2023,4.008,,1
SAU,Saudi Arabia,SL.UEM.TOTL.ZS,"Unemployment, total (% of total labor force) (modeled ILO estimate)",2022,5.589,,1
SAU,Saudi Arabia,SL.UEM.TOTL.ZS,"Unemployment, total (% of total labor force) (modeled ILO estimate)",2021,6.621,,1
SAU,Saudi Arabia,SL.UEM.TOTL.ZS,"Unemployment, total (% of total labor force) (modeled ILO estimate)",2020,7.66,,1
SAU,Saudi Arabia,SL.UEM.TOTL.ZS,"Unemployment, total (% of total labor force) (modeled ILO estimate)",2019,5.636,,1
SAU,Saudi Arabia,SL.UEM.TOTL.ZS,"Unemployment, total (% of total labor force) (modeled ILO estimate)",2018,6.029,,1
SAU,Saudi Arabia,SL.UEM.TOTL.ZS,"Unemployment, total (% of total labor force) (modeled ILO estimate)",2017,5.89,,1
SAU,Saudi Arabia,SL.UEM.TOTL.ZS,"Unemployment, total (% of total labor force) (modeled ILO estimate)",2016,5.6,,1
SAU,Saudi Arabia,SL.UEM.TOTL.ZS,"Unemployment, total (% of total labor force) (modeled ILO estimate)",2015,5.6,,1
SAU,Saudi Arabia,SL.UEM.TOTL.ZS,"Unemployment, total (% of total labor force) (modeled ILO estimate)",2014,5.877,,1
SAU,Saudi Arabia,SL.UEM.TOTL.ZS,"Unemployment, total (% of total labor force) (modeled ILO estimate)",2013,5.6,,1
SAU,Saudi Arabia,SL.UEM.TOTL.ZS,"Unemployment, total (% of total labor force) (modeled ILO estimate)",2012,5.622,,1
SAU,Saudi Arabia,SL.UEM.TOTL.ZS,"Unemployment, total (% of total labor force) (modeled ILO estimate)",2011,5.77,,1
SAU,Saudi Arabia,SL.UEM.TOTL.ZS,"Unemployment, total (% of total labor force) (modeled ILO estimate)",2010,5.55,,1
SAU,Saudi Arabia,SL.UEM.TOTL.ZS,"Unemployment, total (% of total labor force) (modeled ILO estimate)",2009,5.377,,1
SAU,Saudi Arabia,SL.UEM.TOTL.ZS,"Unemployment, total (% of total labor force) (modeled ILO estimate)",2008,5.085,,1
SAU,Saudi Arabia,SL.UEM.TOTL.ZS,"Unemployment, total (% of total labor force) (modeled ILO estimate)",2007,5.734,,1
SAU,Saudi Arabia,SL.UEM.TOTL.ZS,"Unemployment, total (% of total labor force) (modeled ILO estimate)",2006,6.254,,1
SAU,Saudi Arabia,SL.UEM.TOTL.ZS,"Unemployment, total (% of total labor force) (modeled ILO estimate)",2005,6.051,,1
SAU,Saudi Arabia,SL.UEM.TOTL.ZS,"Unemployment, total (% of total labor force) (modeled ILO estimate)",2004,5.822,,1
SAU,Saudi Arabia,SL.UEM.TOTL.ZS,"Unemployment, total (% of total labor force) (modeled ILO estimate)",2003,5.563,,1
SAU,Saudi Arabia,SL.UEM.TOTL.ZS,"Unemployment, total (% of total labor force) (modeled ILO estimate)",2002,5.265,,1
SAU,Saudi Arabia,SL.UEM.TOTL.ZS,"Unemployment, total (% of total labor force) (modeled ILO estimate)",2001,4.618,,1
SAU,Saudi Arabia,SL.UEM.TOTL.ZS,"Unemployment, total (% of total labor force) (modeled ILO estimate)",2000,4.57,,1
SAU,Saudi Arabia,SL.UEM.TOTL.ZS,"Unemployment, total (% of total labor force) (modeled ILO estimate)",1999,4.346,,1
SAU,Saudi Arabia,SL.UEM.TOTL.ZS,"Unemployment, total (% of total labor force) (modeled ILO estimate)",1998,4.752,,1
SAU,Saudi Arabia,SL.UEM.TOTL.ZS,"Unemployment, total (% of total labor force) (modeled ILO estimate)",1997,5.283,,1
SAU,Saudi Arabia,SL.UEM.TOTL.ZS,"Unemployment, total (% of total labor force) (modeled ILO estimate)",1996,5.804,,1
SAU,Saudi Arabia,SL.UEM.TOTL.ZS,"Unemployment, total (% of total labor force) (modeled ILO estimate)",1995,6.365,,1
SAU,Saudi Arabia,SL.UEM.TOTL.ZS,"Unemployment, total (% of total labor force) (modeled ILO estimate)",1994,6.733,,1
SAU,Saudi Arabia,SL.UEM.TOTL.ZS,"Unemployment, total (% of total labor force) (modeled ILO estimate)",1993,7.002,,1
SAU,Saudi Arabia,SL.UEM.TOTL.ZS,"Unemployment, total (% of total labor force) (modeled ILO estimate)",1992,7.2,,1
SAU,Saudi Arabia,SL.UEM.TOTL.ZS,"Unemployment, total (% of total labor force) (modeled ILO estimate)",1991,7.316,,1
SEN,Senegal,SL.UEM.TOTL.ZS,"Unemployment, total (% of total labor force) (modeled ILO estimate)",2024,2.788,,1
SEN,Senegal,SL.UEM.TOTL.ZS,"Unemployment, total (% of total labor force) (modeled ILO estimate)",2023,2.784,,1
SEN,Senegal,SL.UEM.TOTL.ZS,"Unemployment, total (% of total labor force) (modeled ILO estimate)",2022,2.837,,1
SEN,Senegal,SL.UEM.TOTL.ZS,"Unemployment, total (% of total labor force) (modeled ILO estimate)",2021,3.436,,1
SEN,Senegal,SL.UEM.TOTL.ZS,"Unemployment, total (% of total labor force) (modeled ILO estimate)",2020,3.432,,1
SEN,Senegal,SL.UEM.TOTL.ZS,"Unemployment, total (% of total labor force) (modeled ILO estimate)",2019,2.863,,1
SEN,Senegal,SL.UEM.TOTL.ZS,"Unemployment, total (% of total labor force) (modeled ILO estimate)",2018,3.453,,1
SEN,Senegal,SL.UEM.TOTL.ZS,"Unemployment, total (% of total labor force) (modeled ILO estimate)",2017,4.078,,1
SEN,Senegal,SL.UEM.TOTL.ZS,"Unemployment, total (% of total labor force) (modeled ILO estimate)",2016,4.455,,1
SEN,Senegal,SL.UEM.TOTL.ZS,"Unemployment, total (% of total labor force) (modeled ILO estimate)",2015,6.757,,1
SEN,Senegal,SL.UEM.TOTL.ZS,"Unemployment, total (% of total labor force) (modeled ILO estimate)",2014,5.849,,1
SEN,Senegal,SL.UEM.TOTL.ZS,"Unemployment, total (% of total labor force) (modeled ILO estimate)",2013,5.012,,1
SEN,Senegal,SL.UEM.TOTL.ZS,"Unemployment, total (% of total labor force) (modeled ILO estimate)",2012,3.896,,1
SEN,Senegal,SL.UEM.TOTL.ZS,"Unemployment, total (% of total labor force) (modeled ILO estimate)",2011,2.853,,1
SEN,Senegal,SL.UEM.TOTL.ZS,"Unemployment, total (% of total labor force) (modeled ILO estimate)",2010,2.795,,1
SEN,Senegal,SL.UEM.TOTL.ZS,"Unemployment, total (% of total labor force) (modeled ILO estimate)",2009,2.807,,1
SEN,Senegal,SL.UEM.TOTL.ZS,"Unemployment, total (% of total labor force) (modeled ILO estimate)",2008,2.816,,1
SEN,Senegal,SL.UEM.TOTL.ZS,"Unemployment, total (% of total labor force) (modeled ILO estimate)",2007,2.8,,1
SEN,Senegal,SL.UEM.TOTL.ZS,"Unemployment, total (% of total labor force) (modeled ILO estimate)",2006,2.755,,1
SEN,Senegal,SL.UEM.TOTL.ZS,"Unemployment, total (% of total labor force) (modeled ILO estimate)",2005,2.679,,1
SEN,Senegal,SL.UEM.TOTL.ZS,"Unemployment, total (% of total labor force) (modeled ILO estimate)",2004,2.775,,1
SEN,Senegal,SL.UEM.TOTL.ZS,"Unemployment, total (% of total labor force) (modeled ILO estimate)",2003,2.781,,1
SEN,Senegal,SL.UEM.TOTL.ZS,"Unemployment, total (% of total labor force) (modeled ILO estimate)",2002,2.82,,1
SEN,Senegal,SL.UEM.TOTL.ZS,"Unemployment, total (% of total labor force) (modeled ILO estimate)",2001,2.674,,1
SEN,Senegal,SL.UEM.TOTL.ZS,"Unemployment, total (% of total labor force) (modeled ILO estimate)",2000,2.638,,1
SEN,Senegal,SL.UEM.TOTL.ZS,"Unemployment, total (% of total labor force) (modeled ILO estimate)",1999,2.655,,1
SEN,Senegal,SL.UEM.TOTL.ZS,"Unemployment, total (% of total labor force) (modeled ILO estimate)",1998,2.751,,1
SEN,Senegal,SL.UEM.TOTL.ZS,"Unemployment, total (% of total labor force) (modeled ILO estimate)",1997,2.759,,1
SEN,Senegal,SL.UEM.TOTL.ZS,"Unemployment, total (% of total labor force) (modeled ILO estimate)",1996,2.831,,1
SEN,Senegal,SL.UEM.TOTL.ZS,"Unemployment, total (% of total labor force) (modeled ILO estimate)",1995,2.846,,1
SEN,Senegal,SL.UEM.TOTL.ZS,"Unemployment, total (% of total labor force) (modeled ILO estimate)",1994,2.947,,1
SEN,Senegal,SL.UEM.TOTL.ZS,"Unemployment, total (% of total labor force) (modeled ILO estimate)",1993,2.878,,1
SEN,Senegal,SL.UEM.TOTL.ZS,"Unemployment, total (% of total labor force) (modeled ILO estimate)",1992,2.928,,1
SEN,Senegal,SL.UEM.TOTL.ZS,"Unemployment, total (% of total labor force) (modeled ILO estimate)",1991,2.861,,1
SRB,Serbia,SL.UEM.TOTL.ZS,"Unemployment, total (% of total labor force) (modeled ILO estimate)",2024,7.24,,1
SRB,Serbia,SL.UEM.TOTL.ZS,"Unemployment, total (% of total labor force) (modeled ILO estimate)",2023,8.268,,1
SRB,Serbia,SL.UEM.TOTL.ZS,"Unemployment, total (% of total labor force) (modeled ILO estimate)",2022,8.439,,1
SRB,Serbia,SL.UEM.TOTL.ZS,"Unemployment, total (% of total labor force) (modeled ILO estimate)",2021,9.843,,1
SRB,Serbia,SL.UEM.TOTL.ZS,"Unemployment, total (% of total labor force) (modeled ILO estimate)",2020,9.011,,1
SRB,Serbia,SL.UEM.TOTL.ZS,"Unemployment, total (% of total labor force) (modeled ILO estimate)",2019,10.395,,1
SRB,Serbia,SL.UEM.TOTL.ZS,"Unemployment, total (% of total labor force) (modeled ILO estimate)",2018,12.733,,1
SRB,Serbia,SL.UEM.TOTL.ZS,"Unemployment, total (% of total labor force) (modeled ILO estimate)",2017,13.477,,1
SRB,Serbia,SL.UEM.TOTL.ZS,"Unemployment, total (% of total labor force) (modeled ILO estimate)",2016,15.257,,1
SRB,Serbia,SL.UEM.TOTL.ZS,"Unemployment, total (% of total labor force) (modeled ILO estimate)",2015,17.66,,1
SRB,Serbia,SL.UEM.TOTL.ZS,"Unemployment, total (% of total labor force) (modeled ILO estimate)",2014,19.223,,1
SRB,Serbia,SL.UEM.TOTL.ZS,"Unemployment, total (% of total labor force) (modeled ILO estimate)",2013,22.154,,1
SRB,Serbia,SL.UEM.TOTL.ZS,"Unemployment, total (% of total labor force) (modeled ILO estimate)",2012,24,,1
SRB,Serbia,SL.UEM.TOTL.ZS,"Unemployment, total (% of total labor force) (modeled ILO estimate)",2011,22.959,,1
SRB,Serbia,SL.UEM.TOTL.ZS,"Unemployment, total (% of total labor force) (modeled ILO estimate)",2010,19.204,,1
SRB,Serbia,SL.UEM.TOTL.ZS,"Unemployment, total (% of total labor force) (modeled ILO estimate)",2009,16.116,,1
SRB,Serbia,SL.UEM.TOTL.ZS,"Unemployment, total (% of total labor force) (modeled ILO estimate)",2008,13.67,,1
SRB,Serbia,SL.UEM.TOTL.ZS,"Unemployment, total (% of total labor force) (modeled ILO estimate)",2007,18.06,,1
SRB,Serbia,SL.UEM.TOTL.ZS,"Unemployment, total (% of total labor force) (modeled ILO estimate)",2006,20.85,,1
SRB,Serbia,SL.UEM.TOTL.ZS,"Unemployment, total (% of total labor force) (modeled ILO estimate)",2005,20.85,,1
SRB,Serbia,SL.UEM.TOTL.ZS,"Unemployment, total (% of total labor force) (modeled ILO estimate)",2004,18.5,,1
SRB,Serbia,SL.UEM.TOTL.ZS,"Unemployment, total (% of total labor force) (modeled ILO estimate)",2003,15.2,,1
SRB,Serbia,SL.UEM.TOTL.ZS,"Unemployment, total (% of total labor force) (modeled ILO estimate)",2002,13.8,,1
SRB,Serbia,SL.UEM.TOTL.ZS,"Unemployment, total (% of total labor force) (modeled ILO estimate)",2001,12.8,,1
SRB,Serbia,SL.UEM.TOTL.ZS,"Unemployment, total (% of total labor force) (modeled ILO estimate)",2000,12.6,,1
SRB,Serbia,SL.UEM.TOTL.ZS,"Unemployment, total (% of total labor force) (modeled ILO estimate)",1999,13.7,,1
SRB,Serbia,SL.UEM.TOTL.ZS,"Unemployment, total (% of total labor force) (modeled ILO estimate)",1998,13.7,,1
SRB,Serbia,SL.UEM.TOTL.ZS,"Unemployment, total (% of total labor force) (modeled ILO estimate)",1997,13.8,,1
SRB,Serbia,SL.UEM.TOTL.ZS,"Unemployment, total (% of total labor force) (modeled ILO estimate)",1996,13.2,,1
SRB,Serbia,SL.UEM.TOTL.ZS,"Unemployment, total (% of total labor force) (modeled ILO estimate)",1995,13.4,,1
SRB,Serbia,SL.UEM.TOTL.ZS,"Unemployment, total (% of total labor force) (modeled ILO estimate)",1994,13.405,,1
SRB,Serbia,SL.UEM.TOTL.ZS,"Unemployment, total (% of total labor force) (modeled ILO estimate)",1993,13.416,,1
SRB,Serbia,SL.UEM.TOTL.ZS,"Unemployment, total (% of total labor force) (modeled ILO estimate)",1992,13.397,,1
SRB,Serbia,SL.UEM.TOTL.ZS,"Unemployment, total (% of total labor force) (modeled ILO estimate)",1991,13.371,,1
SLE,Sierra Leone,SL.UEM.TOTL.ZS,"Unemployment, total (% of total labor force) (modeled ILO estimate)",2024,3.103,,1
SLE,Sierra Leone,SL.UEM.TOTL.ZS,"Unemployment, total (% of total labor force) (modeled ILO estimate)",2023,3.092,,1
SLE,Sierra Leone,SL.UEM.TOTL.ZS,"Unemployment, total (% of total labor force) (modeled ILO estimate)",2022,3.137,,1
SLE,Sierra Leone,SL.UEM.TOTL.ZS,"Unemployment, total (% of total labor force) (modeled ILO estimate)",2021,3.551,,1
SLE,Sierra Leone,SL.UEM.TOTL.ZS,"Unemployment, total (% of total labor force) (modeled ILO estimate)",2020,3.509,,1
SLE,Sierra Leone,SL.UEM.TOTL.ZS,"Unemployment, total (% of total labor force) (modeled ILO estimate)",2019,3.204,,1
SLE,Sierra Leone,SL.UEM.TOTL.ZS,"Unemployment, total (% of total labor force) (modeled ILO estimate)",2018,3.192,,1
SLE,Sierra Leone,SL.UEM.TOTL.ZS,"Unemployment, total (% of total labor force) (modeled ILO estimate)",2017,3.656,,1
SLE,Sierra Leone,SL.UEM.TOTL.ZS,"Unemployment, total (% of total labor force) (modeled ILO estimate)",2016,4.182,,1
SLE,Sierra Leone,SL.UEM.TOTL.ZS,"Unemployment, total (% of total labor force) (modeled ILO estimate)",2015,4.483,,1
SLE,Sierra Leone,SL.UEM.TOTL.ZS,"Unemployment, total (% of total labor force) (modeled ILO estimate)",2014,4.678,,1
SLE,Sierra Leone,SL.UEM.TOTL.ZS,"Unemployment, total (% of total labor force) (modeled ILO estimate)",2013,4.376,,1
SLE,Sierra Leone,SL.UEM.TOTL.ZS,"Unemployment, total (% of total labor force) (modeled ILO estimate)",2012,4.378,,1
SLE,Sierra Leone,SL.UEM.TOTL.ZS,"Unemployment, total (% of total labor force) (modeled ILO estimate)",2011,4.388,,1
SLE,Sierra Leone,SL.UEM.TOTL.ZS,"Unemployment, total (% of total labor force) (modeled ILO estimate)",2010,4.34,,1
SLE,Sierra Leone,SL.UEM.TOTL.ZS,"Unemployment, total (% of total labor force) (modeled ILO estimate)",2009,4.268,,1
SLE,Sierra Leone,SL.UEM.TOTL.ZS,"Unemployment, total (% of total labor force) (modeled ILO estimate)",2008,4.132,,1
SLE,Sierra Leone,SL.UEM.TOTL.ZS,"Unemployment, total (% of total labor force) (modeled ILO estimate)",2007,4.022,,1
SLE,Sierra Leone,SL.UEM.TOTL.ZS,"Unemployment, total (% of total labor force) (modeled ILO estimate)",2006,3.89,,1
SLE,Sierra Leone,SL.UEM.TOTL.ZS,"Unemployment, total (% of total labor force) (modeled ILO estimate)",2005,3.734,,1
SLE,Sierra Leone,SL.UEM.TOTL.ZS,"Unemployment, total (% of total labor force) (modeled ILO estimate)",2004,3.42,,1
SLE,Sierra Leone,SL.UEM.TOTL.ZS,"Unemployment, total (% of total labor force) (modeled ILO estimate)",2003,3.879,,1
SLE,Sierra Leone,SL.UEM.TOTL.ZS,"Unemployment, total (% of total labor force) (modeled ILO estimate)",2002,3.909,,1
SLE,Sierra Leone,SL.UEM.TOTL.ZS,"Unemployment, total (% of total labor force) (modeled ILO estimate)",2001,4.235,,1
SLE,Sierra Leone,SL.UEM.TOTL.ZS,"Unemployment, total (% of total labor force) (modeled ILO estimate)",2000,4.137,,1
SLE,Sierra Leone,SL.UEM.TOTL.ZS,"Unemployment, total (% of total labor force) (modeled ILO estimate)",1999,4.288,,1
SLE,Sierra Leone,SL.UEM.TOTL.ZS,"Unemployment, total (% of total labor force) (modeled ILO estimate)",1998,4.242,,1
SLE,Sierra Leone,SL.UEM.TOTL.ZS,"Unemployment, total (% of total labor force) (modeled ILO estimate)",1997,4.363,,1
SLE,Sierra Leone,SL.UEM.TOTL.ZS,"Unemployment, total (% of total labor force) (modeled ILO estimate)",1996,4.313,,1
SLE,Sierra Leone,SL.UEM.TOTL.ZS,"Unemployment, total (% of total labor force) (modeled ILO estimate)",1995,4.317,,1
SLE,Sierra Leone,SL.UEM.TOTL.ZS,"Unemployment, total (% of total labor force) (modeled ILO estimate)",1994,4.457,,1
SLE,Sierra Leone,SL.UEM.TOTL.ZS,"Unemployment, total (% of total labor force) (modeled ILO estimate)",1993,4.401,,1
SLE,Sierra Leone,SL.UEM.TOTL.ZS,"Unemployment, total (% of total labor force) (modeled ILO estimate)",1992,4.376,,1
SLE,Sierra Leone,SL.UEM.TOTL.ZS,"Unemployment, total (% of total labor force) (modeled ILO estimate)",1991,4.135,,1
SGP,Singapore,SL.UEM.TOTL.ZS,"Unemployment, total (% of total labor force) (modeled ILO estimate)",2024,2.737,,1
SGP,Singapore,SL.UEM.TOTL.ZS,"Unemployment, total (% of total labor force) (modeled ILO estimate)",2023,3.444,,1
SGP,Singapore,SL.UEM.TOTL.ZS,"Unemployment, total (% of total labor force) (modeled ILO estimate)",2022,3.591,,1
SGP,Singapore,SL.UEM.TOTL.ZS,"Unemployment, total (% of total labor force) (modeled ILO estimate)",2021,4.64,,1
SGP,Singapore,SL.UEM.TOTL.ZS,"Unemployment, total (% of total labor force) (modeled ILO estimate)",2020,4.1,,1
SGP,Singapore,SL.UEM.TOTL.ZS,"Unemployment, total (% of total labor force) (modeled ILO estimate)",2019,3.1,,1
SGP,Singapore,SL.UEM.TOTL.ZS,"Unemployment, total (% of total labor force) (modeled ILO estimate)",2018,3.613,,1
SGP,Singapore,SL.UEM.TOTL.ZS,"Unemployment, total (% of total labor force) (modeled ILO estimate)",2017,4.2,,1
SGP,Singapore,SL.UEM.TOTL.ZS,"Unemployment, total (% of total labor force) (modeled ILO estimate)",2016,4.08,,1
SGP,Singapore,SL.UEM.TOTL.ZS,"Unemployment, total (% of total labor force) (modeled ILO estimate)",2015,3.79,,1
SGP,Singapore,SL.UEM.TOTL.ZS,"Unemployment, total (% of total labor force) (modeled ILO estimate)",2014,3.74,,1
SGP,Singapore,SL.UEM.TOTL.ZS,"Unemployment, total (% of total labor force) (modeled ILO estimate)",2013,3.86,,1
SGP,Singapore,SL.UEM.TOTL.ZS,"Unemployment, total (% of total labor force) (modeled ILO estimate)",2012,3.72,,1
SGP,Singapore,SL.UEM.TOTL.ZS,"Unemployment, total (% of total labor force) (modeled ILO estimate)",2011,3.89,,1
SGP,Singapore,SL.UEM.TOTL.ZS,"Unemployment, total (% of total labor force) (modeled ILO estimate)",2010,4.12,,1
SGP,Singapore,SL.UEM.TOTL.ZS,"Unemployment, total (% of total labor force) (modeled ILO estimate)",2009,5.86,,1
SGP,Singapore,SL.UEM.TOTL.ZS,"Unemployment, total (% of total labor force) (modeled ILO estimate)",2008,3.96,,1
SGP,Singapore,SL.UEM.TOTL.ZS,"Unemployment, total (% of total labor force) (modeled ILO estimate)",2007,3.9,,1
SGP,Singapore,SL.UEM.TOTL.ZS,"Unemployment, total (% of total labor force) (modeled ILO estimate)",2006,4.48,,1
SGP,Singapore,SL.UEM.TOTL.ZS,"Unemployment, total (% of total labor force) (modeled ILO estimate)",2005,5.59,,1
SGP,Singapore,SL.UEM.TOTL.ZS,"Unemployment, total (% of total labor force) (modeled ILO estimate)",2004,5.84,,1
SGP,Singapore,SL.UEM.TOTL.ZS,"Unemployment, total (% of total labor force) (modeled ILO estimate)",2003,5.93,,1
SGP,Singapore,SL.UEM.TOTL.ZS,"Unemployment, total (% of total labor force) (modeled ILO estimate)",2002,5.65,,1
SGP,Singapore,SL.UEM.TOTL.ZS,"Unemployment, total (% of total labor force) (modeled ILO estimate)",2001,3.76,,1
SGP,Singapore,SL.UEM.TOTL.ZS,"Unemployment, total (% of total labor force) (modeled ILO estimate)",2000,3.7,,1
SGP,Singapore,SL.UEM.TOTL.ZS,"Unemployment, total (% of total labor force) (modeled ILO estimate)",1999,4.85,,1
SGP,Singapore,SL.UEM.TOTL.ZS,"Unemployment, total (% of total labor force) (modeled ILO estimate)",1998,3.41,,1
SGP,Singapore,SL.UEM.TOTL.ZS,"Unemployment, total (% of total labor force) (modeled ILO estimate)",1997,2.5,,1
SGP,Singapore,SL.UEM.TOTL.ZS,"Unemployment, total (% of total labor force) (modeled ILO estimate)",1996,3.57,,1
SGP,Singapore,SL.UEM.TOTL.ZS,"Unemployment, total (% of total labor force) (modeled ILO estimate)",1995,3.3,,1
SGP,Singapore,SL.UEM.TOTL.ZS,"Unemployment, total (% of total labor force) (modeled ILO estimate)",1994,3.03,,1
SGP,Singapore,SL.UEM.TOTL.ZS,"Unemployment, total (% of total labor force) (modeled ILO estimate)",1993,3.07,,1
SGP,Singapore,SL.UEM.TOTL.ZS,"Unemployment, total (% of total labor force) (modeled ILO estimate)",1992,3.09,,1
SGP,Singapore,SL.UEM.TOTL.ZS,"Unemployment, total (% of total labor force) (modeled ILO estimate)",1991,2.18,,1
SVK,Slovak Republic,SL.UEM.TOTL.ZS,"Unemployment, total (% of total labor force) (modeled ILO estimate)",2024,5.3,,1
SVK,Slovak Republic,SL.UEM.TOTL.ZS,"Unemployment, total (% of total labor force) (modeled ILO estimate)",2023,5.843,,1
SVK,Slovak Republic,SL.UEM.TOTL.ZS,"Unemployment, total (% of total labor force) (modeled ILO estimate)",2022,6.143,,1
SVK,Slovak Republic,SL.UEM.TOTL.ZS,"Unemployment, total (% of total labor force) (modeled ILO estimate)",2021,6.894,,1
SVK,Slovak Republic,SL.UEM.TOTL.ZS,"Unemployment, total (% of total labor force) (modeled ILO estimate)",2020,6.719,,1
SVK,Slovak Republic,SL.UEM.TOTL.ZS,"Unemployment, total (% of total labor force) (modeled ILO estimate)",2019,5.761,,1
SVK,Slovak Republic,SL.UEM.TOTL.ZS,"Unemployment, total (% of total labor force) (modeled ILO estimate)",2018,6.544,,1
SVK,Slovak Republic,SL.UEM.TOTL.ZS,"Unemployment, total (% of total labor force) (modeled ILO estimate)",2017,8.142,,1
SVK,Slovak Republic,SL.UEM.TOTL.ZS,"Unemployment, total (% of total labor force) (modeled ILO estimate)",2016,9.679,,1
SVK,Slovak Republic,SL.UEM.TOTL.ZS,"Unemployment, total (% of total labor force) (modeled ILO estimate)",2015,11.492,,1
SVK,Slovak Republic,SL.UEM.TOTL.ZS,"Unemployment, total (% of total labor force) (modeled ILO estimate)",2014,11.536,,1
SVK,Slovak Republic,SL.UEM.TOTL.ZS,"Unemployment, total (% of total labor force) (modeled ILO estimate)",2013,14.226,,1
SVK,Slovak Republic,SL.UEM.TOTL.ZS,"Unemployment, total (% of total labor force) (modeled ILO estimate)",2012,13.966,,1
SVK,Slovak Republic,SL.UEM.TOTL.ZS,"Unemployment, total (% of total labor force) (modeled ILO estimate)",2011,13.634,,1
SVK,Slovak Republic,SL.UEM.TOTL.ZS,"Unemployment, total (% of total labor force) (modeled ILO estimate)",2010,14.387,,1
SVK,Slovak Republic,SL.UEM.TOTL.ZS,"Unemployment, total (% of total labor force) (modeled ILO estimate)",2009,12.023,,1
SVK,Slovak Republic,SL.UEM.TOTL.ZS,"Unemployment, total (% of total labor force) (modeled ILO estimate)",2008,9.514,,1
SVK,Slovak Republic,SL.UEM.TOTL.ZS,"Unemployment, total (% of total labor force) (modeled ILO estimate)",2007,11.16,,1
SVK,Slovak Republic,SL.UEM.TOTL.ZS,"Unemployment, total (% of total labor force) (modeled ILO estimate)",2006,13.395,,1
SVK,Slovak Republic,SL.UEM.TOTL.ZS,"Unemployment, total (% of total labor force) (modeled ILO estimate)",2005,16.276,,1
SVK,Slovak Republic,SL.UEM.TOTL.ZS,"Unemployment, total (% of total labor force) (modeled ILO estimate)",2004,18.206,,1
SVK,Slovak Republic,SL.UEM.TOTL.ZS,"Unemployment, total (% of total labor force) (modeled ILO estimate)",2003,17.549,,1
SVK,Slovak Republic,SL.UEM.TOTL.ZS,"Unemployment, total (% of total labor force) (modeled ILO estimate)",2002,18.541,,1
SVK,Slovak Republic,SL.UEM.TOTL.ZS,"Unemployment, total (% of total labor force) (modeled ILO estimate)",2001,19.148,,1
SVK,Slovak Republic,SL.UEM.TOTL.ZS,"Unemployment, total (% of total labor force) (modeled ILO estimate)",2000,18.546,,1
SVK,Slovak Republic,SL.UEM.TOTL.ZS,"Unemployment, total (% of total labor force) (modeled ILO estimate)",1999,16.099,,1
SVK,Slovak Republic,SL.UEM.TOTL.ZS,"Unemployment, total (% of total labor force) (modeled ILO estimate)",1998,12.421,,1
SVK,Slovak Republic,SL.UEM.TOTL.ZS,"Unemployment, total (% of total labor force) (modeled ILO estimate)",1997,11.894,,1
SVK,Slovak Republic,SL.UEM.TOTL.ZS,"Unemployment, total (% of total labor force) (modeled ILO estimate)",1996,11.341,,1
SVK,Slovak Republic,SL.UEM.TOTL.ZS,"Unemployment, total (% of total labor force) (modeled ILO estimate)",1995,13.109,,1
SVK,Slovak Republic,SL.UEM.TOTL.ZS,"Unemployment, total (% of total labor force) (modeled ILO estimate)",1994,13.654,,1
SVK,Slovak Republic,SL.UEM.TOTL.ZS,"Unemployment, total (% of total labor force) (modeled ILO estimate)",1993,12.2,,1
SVK,Slovak Republic,SL.UEM.TOTL.ZS,"Unemployment, total (% of total labor force) (modeled ILO estimate)",1992,12.185,,1
SVK,Slovak Republic,SL.UEM.TOTL.ZS,"Unemployment, total (% of total labor force) (modeled ILO estimate)",1991,12.1,,1
SVN,Slovenia,SL.UEM.TOTL.ZS,"Unemployment, total (% of total labor force) (modeled ILO estimate)",2024,3.7,,1
SVN,Slovenia,SL.UEM.TOTL.ZS,"Unemployment, total (% of total labor force) (modeled ILO estimate)",2023,3.652,,1
SVN,Slovenia,SL.UEM.TOTL.ZS,"Unemployment, total (% of total labor force) (modeled ILO estimate)",2022,4.011,,1
SVN,Slovenia,SL.UEM.TOTL.ZS,"Unemployment, total (% of total labor force) (modeled ILO estimate)",2021,4.744,,1
SVN,Slovenia,SL.UEM.TOTL.ZS,"Unemployment, total (% of total labor force) (modeled ILO estimate)",2020,4.971,,1
SVN,Slovenia,SL.UEM.TOTL.ZS,"Unemployment, total (% of total labor force) (modeled ILO estimate)",2019,4.446,,1
SVN,Slovenia,SL.UEM.TOTL.ZS,"Unemployment, total (% of total labor force) (modeled ILO estimate)",2018,5.108,,1
SVN,Slovenia,SL.UEM.TOTL.ZS,"Unemployment, total (% of total labor force) (modeled ILO estimate)",2017,6.564,,1
SVN,Slovenia,SL.UEM.TOTL.ZS,"Unemployment, total (% of total labor force) (modeled ILO estimate)",2016,8,,1
SVN,Slovenia,SL.UEM.TOTL.ZS,"Unemployment, total (% of total labor force) (modeled ILO estimate)",2015,8.962,,1
SVN,Slovenia,SL.UEM.TOTL.ZS,"Unemployment, total (% of total labor force) (modeled ILO estimate)",2014,9.668,,1
SVN,Slovenia,SL.UEM.TOTL.ZS,"Unemployment, total (% of total labor force) (modeled ILO estimate)",2013,10.103,,1
SVN,Slovenia,SL.UEM.TOTL.ZS,"Unemployment, total (% of total labor force) (modeled ILO estimate)",2012,8.841,,1
SVN,Slovenia,SL.UEM.TOTL.ZS,"Unemployment, total (% of total labor force) (modeled ILO estimate)",2011,8.166,,1
SVN,Slovenia,SL.UEM.TOTL.ZS,"Unemployment, total (% of total labor force) (modeled ILO estimate)",2010,7.236,,1
SVN,Slovenia,SL.UEM.TOTL.ZS,"Unemployment, total (% of total labor force) (modeled ILO estimate)",2009,5.858,,1
SVN,Slovenia,SL.UEM.TOTL.ZS,"Unemployment, total (% of total labor force) (modeled ILO estimate)",2008,4.371,,1
SVN,Slovenia,SL.UEM.TOTL.ZS,"Unemployment, total (% of total labor force) (modeled ILO estimate)",2007,4.818,,1
SVN,Slovenia,SL.UEM.TOTL.ZS,"Unemployment, total (% of total labor force) (modeled ILO estimate)",2006,5.95,,1
SVN,Slovenia,SL.UEM.TOTL.ZS,"Unemployment, total (% of total labor force) (modeled ILO estimate)",2005,6.506,,1
SVN,Slovenia,SL.UEM.TOTL.ZS,"Unemployment, total (% of total labor force) (modeled ILO estimate)",2004,6.012,,1
SVN,Slovenia,SL.UEM.TOTL.ZS,"Unemployment, total (% of total labor force) (modeled ILO estimate)",2003,6.479,,1
SVN,Slovenia,SL.UEM.TOTL.ZS,"Unemployment, total (% of total labor force) (modeled ILO estimate)",2002,5.922,,1
SVN,Slovenia,SL.UEM.TOTL.ZS,"Unemployment, total (% of total labor force) (modeled ILO estimate)",2001,5.682,,1
SVN,Slovenia,SL.UEM.TOTL.ZS,"Unemployment, total (% of total labor force) (modeled ILO estimate)",2000,6.918,,1
SVN,Slovenia,SL.UEM.TOTL.ZS,"Unemployment, total (% of total labor force) (modeled ILO estimate)",1999,7.324,,1
SVN,Slovenia,SL.UEM.TOTL.ZS,"Unemployment, total (% of total labor force) (modeled ILO estimate)",1998,7.39,,1
SVN,Slovenia,SL.UEM.TOTL.ZS,"Unemployment, total (% of total labor force) (modeled ILO estimate)",1997,6.648,,1
SVN,Slovenia,SL.UEM.TOTL.ZS,"Unemployment, total (% of total labor force) (modeled ILO estimate)",1996,6.879,,1
SVN,Slovenia,SL.UEM.TOTL.ZS,"Unemployment, total (% of total labor force) (modeled ILO estimate)",1995,7.15,,1
SVN,Slovenia,SL.UEM.TOTL.ZS,"Unemployment, total (% of total labor force) (modeled ILO estimate)",1994,8.24,,1
SVN,Slovenia,SL.UEM.TOTL.ZS,"Unemployment, total (% of total labor force) (modeled ILO estimate)",1993,8.51,,1
SVN,Slovenia,SL.UEM.TOTL.ZS,"Unemployment, total (% of total labor force) (modeled ILO estimate)",1992,7.83,,1
SVN,Slovenia,SL.UEM.TOTL.ZS,"Unemployment, total (% of total labor force) (modeled ILO estimate)",1991,7.08,,1
SLB,Solomon Islands,SL.UEM.TOTL.ZS,"Unemployment, total (% of total labor force) (modeled ILO estimate)",2024,1.444,,1
SLB,Solomon Islands,SL.UEM.TOTL.ZS,"Unemployment, total (% of total labor force) (modeled ILO estimate)",2023,1.443,,1
SLB,Solomon Islands,SL.UEM.TOTL.ZS,"Unemployment, total (% of total labor force) (modeled ILO estimate)",2022,1.475,,1
SLB,Solomon Islands,SL.UEM.TOTL.ZS,"Unemployment, total (% of total labor force) (modeled ILO estimate)",2021,0.879,,1
SLB,Solomon Islands,SL.UEM.TOTL.ZS,"Unemployment, total (% of total labor force) (modeled ILO estimate)",2020,0.868,,1
SLB,Solomon Islands,SL.UEM.TOTL.ZS,"Unemployment, total (% of total labor force) (modeled ILO estimate)",2019,0.746,,1
SLB,Solomon Islands,SL.UEM.TOTL.ZS,"Unemployment, total (% of total labor force) (modeled ILO estimate)",2018,0.722,,1
SLB,Solomon Islands,SL.UEM.TOTL.ZS,"Unemployment, total (% of total labor force) (modeled ILO estimate)",2017,0.727,,1
SLB,Solomon Islands,SL.UEM.TOTL.ZS,"Unemployment, total (% of total labor force) (modeled ILO estimate)",2016,0.736,,1
SLB,Solomon Islands,SL.UEM.TOTL.ZS,"Unemployment, total (% of total labor force) (modeled ILO estimate)",2015,0.736,,1
SLB,Solomon Islands,SL.UEM.TOTL.ZS,"Unemployment, total (% of total labor force) (modeled ILO estimate)",2014,0.73,,1
SLB,Solomon Islands,SL.UEM.TOTL.ZS,"Unemployment, total (% of total labor force) (modeled ILO estimate)",2013,0.694,,1
SLB,Solomon Islands,SL.UEM.TOTL.ZS,"Unemployment, total (% of total labor force) (modeled ILO estimate)",2012,0.984,,1
SLB,Solomon Islands,SL.UEM.TOTL.ZS,"Unemployment, total (% of total labor force) (modeled ILO estimate)",2011,1.292,,1
SLB,Solomon Islands,SL.UEM.TOTL.ZS,"Unemployment, total (% of total labor force) (modeled ILO estimate)",2010,1.617,,1
SLB,Solomon Islands,SL.UEM.TOTL.ZS,"Unemployment, total (% of total labor force) (modeled ILO estimate)",2009,2.02,,1
SLB,Solomon Islands,SL.UEM.TOTL.ZS,"Unemployment, total (% of total labor force) (modeled ILO estimate)",2008,1.998,,1
SLB,Solomon Islands,SL.UEM.TOTL.ZS,"Unemployment, total (% of total labor force) (modeled ILO estimate)",2007,1.978,,1
SLB,Solomon Islands,SL.UEM.TOTL.ZS,"Unemployment, total (% of total labor force) (modeled ILO estimate)",2006,1.916,,1
SLB,Solomon Islands,SL.UEM.TOTL.ZS,"Unemployment, total (% of total labor force) (modeled ILO estimate)",2005,1.879,,1
SLB,Solomon Islands,SL.UEM.TOTL.ZS,"Unemployment, total (% of total labor force) (modeled ILO estimate)",2004,2.026,,1
SLB,Solomon Islands,SL.UEM.TOTL.ZS,"Unemployment, total (% of total labor force) (modeled ILO estimate)",2003,2.286,,1
SLB,Solomon Islands,SL.UEM.TOTL.ZS,"Unemployment, total (% of total labor force) (modeled ILO estimate)",2002,2.698,,1
SLB,Solomon Islands,SL.UEM.TOTL.ZS,"Unemployment, total (% of total labor force) (modeled ILO estimate)",2001,2.642,,1
SLB,Solomon Islands,SL.UEM.TOTL.ZS,"Unemployment, total (% of total labor force) (modeled ILO estimate)",2000,2.446,,1
SLB,Solomon Islands,SL.UEM.TOTL.ZS,"Unemployment, total (% of total labor force) (modeled ILO estimate)",1999,2.194,,1
SLB,Solomon Islands,SL.UEM.TOTL.ZS,"Unemployment, total (% of total labor force) (modeled ILO estimate)",1998,2.155,,1
SLB,Solomon Islands,SL.UEM.TOTL.ZS,"Unemployment, total (% of total labor force) (modeled ILO estimate)",1997,2.009,,1
SLB,Solomon Islands,SL.UEM.TOTL.ZS,"Unemployment, total (% of total labor force) (modeled ILO estimate)",1996,1.875,,1
SLB,Solomon Islands,SL.UEM.TOTL.ZS,"Unemployment, total (% of total labor force) (modeled ILO estimate)",1995,1.841,,1
SLB,Solomon Islands,SL.UEM.TOTL.ZS,"Unemployment, total (% of total labor force) (modeled ILO estimate)",1994,1.804,,1
SLB,Solomon Islands,SL.UEM.TOTL.ZS,"Unemployment, total (% of total labor force) (modeled ILO estimate)",1993,1.829,,1
SLB,Solomon Islands,SL.UEM.TOTL.ZS,"Unemployment, total (% of total labor force) (modeled ILO estimate)",1992,1.851,,1
SLB,Solomon Islands,SL.UEM.TOTL.ZS,"Unemployment, total (% of total labor force) (modeled ILO estimate)",1991,1.967,,1
SOM,"Somalia, Fed. Rep.",SL.UEM.TOTL.ZS,"Unemployment, total (% of total labor force) (modeled ILO estimate)",2024,18.949,,1
SOM,"Somalia, Fed. Rep.",SL.UEM.TOTL.ZS,"Unemployment, total (% of total labor force) (modeled ILO estimate)",2023,18.96,,1
SOM,"Somalia, Fed. Rep.",SL.UEM.TOTL.ZS,"Unemployment, total (% of total labor force) (modeled ILO estimate)",2022,19.112,,1
SOM,"Somalia, Fed. Rep.",SL.UEM.TOTL.ZS,"Unemployment, total (% of total labor force) (modeled ILO estimate)",2021,19.662,,1
SOM,"Somalia, Fed. Rep.",SL.UEM.TOTL.ZS,"Unemployment, total (% of total labor force) (modeled ILO estimate)",2020,19.414,,1
SOM,"Somalia, Fed. Rep.",SL.UEM.TOTL.ZS,"Unemployment, total (% of total labor force) (modeled ILO estimate)",2019,18.828,,1
SOM,"Somalia, Fed. Rep.",SL.UEM.TOTL.ZS,"Unemployment, total (% of total labor force) (modeled ILO estimate)",2018,18.7,,1
SOM,"Somalia, Fed. Rep.",SL.UEM.TOTL.ZS,"Unemployment, total (% of total labor force) (modeled ILO estimate)",2017,18.455,,1
SOM,"Somalia, Fed. Rep.",SL.UEM.TOTL.ZS,"Unemployment, total (% of total labor force) (modeled ILO estimate)",2016,18.611,,1
SOM,"Somalia, Fed. Rep.",SL.UEM.TOTL.ZS,"Unemployment, total (% of total labor force) (modeled ILO estimate)",2015,18.495,,1
SOM,"Somalia, Fed. Rep.",SL.UEM.TOTL.ZS,"Unemployment, total (% of total labor force) (modeled ILO estimate)",2014,18.595,,1
SOM,"Somalia, Fed. Rep.",SL.UEM.TOTL.ZS,"Unemployment, total (% of total labor force) (modeled ILO estimate)",2013,18.655,,1
SOM,"Somalia, Fed. Rep.",SL.UEM.TOTL.ZS,"Unemployment, total (% of total labor force) (modeled ILO estimate)",2012,18.771,,1
SOM,"Somalia, Fed. Rep.",SL.UEM.TOTL.ZS,"Unemployment, total (% of total labor force) (modeled ILO estimate)",2011,18.761,,1
SOM,"Somalia, Fed. Rep.",SL.UEM.TOTL.ZS,"Unemployment, total (% of total labor force) (modeled ILO estimate)",2010,18.741,,1
SOM,"Somalia, Fed. Rep.",SL.UEM.TOTL.ZS,"Unemployment, total (% of total labor force) (modeled ILO estimate)",2009,18.724,,1
SOM,"Somalia, Fed. Rep.",SL.UEM.TOTL.ZS,"Unemployment, total (% of total labor force) (modeled ILO estimate)",2008,18.714,,1
SOM,"Somalia, Fed. Rep.",SL.UEM.TOTL.ZS,"Unemployment, total (% of total labor force) (modeled ILO estimate)",2007,18.687,,1
SOM,"Somalia, Fed. Rep.",SL.UEM.TOTL.ZS,"Unemployment, total (% of total labor force) (modeled ILO estimate)",2006,18.705,,1
SOM,"Somalia, Fed. Rep.",SL.UEM.TOTL.ZS,"Unemployment, total (% of total labor force) (modeled ILO estimate)",2005,18.671,,1
SOM,"Somalia, Fed. Rep.",SL.UEM.TOTL.ZS,"Unemployment, total (% of total labor force) (modeled ILO estimate)",2004,18.653,,1
SOM,"Somalia, Fed. Rep.",SL.UEM.TOTL.ZS,"Unemployment, total (% of total labor force) (modeled ILO estimate)",2003,18.648,,1
SOM,"Somalia, Fed. Rep.",SL.UEM.TOTL.ZS,"Unemployment, total (% of total labor force) (modeled ILO estimate)",2002,18.658,,1
SOM,"Somalia, Fed. Rep.",SL.UEM.TOTL.ZS,"Unemployment, total (% of total labor force) (modeled ILO estimate)",2001,18.665,,1
SOM,"Somalia, Fed. Rep.",SL.UEM.TOTL.ZS,"Unemployment, total (% of total labor force) (modeled ILO estimate)",2000,18.678,,1
SOM,"Somalia, Fed. Rep.",SL.UEM.TOTL.ZS,"Unemployment, total (% of total labor force) (modeled ILO estimate)",1999,18.847,,1
SOM,"Somalia, Fed. Rep.",SL.UEM.TOTL.ZS,"Unemployment, total (% of total labor force) (modeled ILO estimate)",1998,18.825,,1
SOM,"Somalia, Fed. Rep.",SL.UEM.TOTL.ZS,"Unemployment, total (% of total labor force) (modeled ILO estimate)",1997,18.899,,1
SOM,"Somalia, Fed. Rep.",SL.UEM.TOTL.ZS,"Unemployment, total (% of total labor force) (modeled ILO estimate)",1996,19.463,,1
SOM,"Somalia, Fed. Rep.",SL.UEM.TOTL.ZS,"Unemployment, total (% of total labor force) (modeled ILO estimate)",1995,19.585,,1
SOM,"Somalia, Fed. Rep.",SL.UEM.TOTL.ZS,"Unemployment, total (% of total labor force) (modeled ILO estimate)",1994,19.971,,1
SOM,"Somalia, Fed. Rep.",SL.UEM.TOTL.ZS,"Unemployment, total (% of total labor force) (modeled ILO estimate)",1993,19.331,,1
SOM,"Somalia, Fed. Rep.",SL.UEM.TOTL.ZS,"Unemployment, total (% of total labor force) (modeled ILO estimate)",1992,19.377,,1
SOM,"Somalia, Fed. Rep.",SL.UEM.TOTL.ZS,"Unemployment, total (% of total labor force) (modeled ILO estimate)",1991,19.003,,1
ZAF,South Africa,SL.UEM.TOTL.ZS,"Unemployment, total (% of total labor force) (modeled ILO estimate)",2024,32.279,,1
ZAF,South Africa,SL.UEM.TOTL.ZS,"Unemployment, total (% of total labor force) (modeled ILO estimate)",2023,32.098,,1
ZAF,South Africa,SL.UEM.TOTL.ZS,"Unemployment, total (% of total labor force) (modeled ILO estimate)",2022,33.268,,1
ZAF,South Africa,SL.UEM.TOTL.ZS,"Unemployment, total (% of total labor force) (modeled ILO estimate)",2021,34.007,,1
ZAF,South Africa,SL.UEM.TOTL.ZS,"Unemployment, total (% of total labor force) (modeled ILO estimate)",2020,29.217,,1
ZAF,South Africa,SL.UEM.TOTL.ZS,"Unemployment, total (% of total labor force) (modeled ILO estimate)",2019,28.468,,1
ZAF,South Africa,SL.UEM.TOTL.ZS,"Unemployment, total (% of total labor force) (modeled ILO estimate)",2018,26.906,,1
ZAF,South Africa,SL.UEM.TOTL.ZS,"Unemployment, total (% of total labor force) (modeled ILO estimate)",2017,27.035,,1
ZAF,South Africa,SL.UEM.TOTL.ZS,"Unemployment, total (% of total labor force) (modeled ILO estimate)",2016,26.536,,1
ZAF,South Africa,SL.UEM.TOTL.ZS,"Unemployment, total (% of total labor force) (modeled ILO estimate)",2015,25.149,,1
ZAF,South Africa,SL.UEM.TOTL.ZS,"Unemployment, total (% of total labor force) (modeled ILO estimate)",2014,24.89,,1
ZAF,South Africa,SL.UEM.TOTL.ZS,"Unemployment, total (% of total labor force) (modeled ILO estimate)",2013,24.561,,1
ZAF,South Africa,SL.UEM.TOTL.ZS,"Unemployment, total (% of total labor force) (modeled ILO estimate)",2012,24.727,,1
ZAF,South Africa,SL.UEM.TOTL.ZS,"Unemployment, total (% of total labor force) (modeled ILO estimate)",2011,24.639,,1
ZAF,South Africa,SL.UEM.TOTL.ZS,"Unemployment, total (% of total labor force) (modeled ILO estimate)",2010,24.683,,1
ZAF,South Africa,SL.UEM.TOTL.ZS,"Unemployment, total (% of total labor force) (modeled ILO estimate)",2009,23.523,,1
ZAF,South Africa,SL.UEM.TOTL.ZS,"Unemployment, total (% of total labor force) (modeled ILO estimate)",2008,22.407,,1
ZAF,South Africa,SL.UEM.TOTL.ZS,"Unemployment, total (% of total labor force) (modeled ILO estimate)",2007,22.26,,1
ZAF,South Africa,SL.UEM.TOTL.ZS,"Unemployment, total (% of total labor force) (modeled ILO estimate)",2006,22.304,,1
ZAF,South Africa,SL.UEM.TOTL.ZS,"Unemployment, total (% of total labor force) (modeled ILO estimate)",2005,22.472,,1
ZAF,South Africa,SL.UEM.TOTL.ZS,"Unemployment, total (% of total labor force) (modeled ILO estimate)",2004,22.567,,1
ZAF,South Africa,SL.UEM.TOTL.ZS,"Unemployment, total (% of total labor force) (modeled ILO estimate)",2003,22.679,,1
ZAF,South Africa,SL.UEM.TOTL.ZS,"Unemployment, total (% of total labor force) (modeled ILO estimate)",2002,22.579,,1
ZAF,South Africa,SL.UEM.TOTL.ZS,"Unemployment, total (% of total labor force) (modeled ILO estimate)",2001,22.652,,1
ZAF,South Africa,SL.UEM.TOTL.ZS,"Unemployment, total (% of total labor force) (modeled ILO estimate)",2000,22.788,,1
ZAF,South Africa,SL.UEM.TOTL.ZS,"Unemployment, total (% of total labor force) (modeled ILO estimate)",1999,22.884,,1
ZAF,South Africa,SL.UEM.TOTL.ZS,"Unemployment, total (% of total labor force) (modeled ILO estimate)",1998,22.739,,1
ZAF,South Africa,SL.UEM.TOTL.ZS,"Unemployment, total (% of total labor force) (modeled ILO estimate)",1997,22.549,,1
ZAF,South Africa,SL.UEM.TOTL.ZS,"Unemployment, total (% of total labor force) (modeled ILO estimate)",1996,22.5,,1
ZAF,South Africa,SL.UEM.TOTL.ZS,"Unemployment, total (% of total labor force) (modeled ILO estimate)",1995,22.705,,1
ZAF,South Africa,SL.UEM.TOTL.ZS,"Unemployment, total (% of total labor force) (modeled ILO estimate)",1994,23.067,,1
ZAF,South Africa,SL.UEM.TOTL.ZS,"Unemployment, total (% of total labor force) (modeled ILO estimate)",1993,23.361,,1
ZAF,South Africa,SL.UEM.TOTL.ZS,"Unemployment, total (% of total labor force) (modeled ILO estimate)",1992,23.463,,1
ZAF,South Africa,SL.UEM.TOTL.ZS,"Unemployment, total (% of total labor force) (modeled ILO estimate)",1991,23.137,,1
SSD,South Sudan,SL.UEM.TOTL.ZS,"Unemployment, total (% of total labor force) (modeled ILO estimate)",2023,12.374,,1
SSD,South Sudan,SL.UEM.TOTL.ZS,"Unemployment, total (% of total labor force) (modeled ILO estimate)",2022,12.475,,1
SSD,South Sudan,SL.UEM.TOTL.ZS,"Unemployment, total (% of total labor force) (modeled ILO estimate)",2021,13.95,,1
SSD,South Sudan,SL.UEM.TOTL.ZS,"Unemployment, total (% of total labor force) (modeled ILO estimate)",2020,14.246,,1
SSD,South Sudan,SL.UEM.TOTL.ZS,"Unemployment, total (% of total labor force) (modeled ILO estimate)",2019,12.656,,1
SSD,South Sudan,SL.UEM.TOTL.ZS,"Unemployment, total (% of total labor force) (modeled ILO estimate)",2018,12.853,,1
SSD,South Sudan,SL.UEM.TOTL.ZS,"Unemployment, total (% of total labor force) (modeled ILO estimate)",2017,12.983,,1
SSD,South Sudan,SL.UEM.TOTL.ZS,"Unemployment, total (% of total labor force) (modeled ILO estimate)",2016,12.854,,1
SSD,South Sudan,SL.UEM.TOTL.ZS,"Unemployment, total (% of total labor force) (modeled ILO estimate)",2015,12.464,,1
SSD,South Sudan,SL.UEM.TOTL.ZS,"Unemployment, total (% of total labor force) (modeled ILO estimate)",2014,12.561,,1
SSD,South Sudan,SL.UEM.TOTL.ZS,"Unemployment, total (% of total labor force) (modeled ILO estimate)",2013,12.665,,1
SSD,South Sudan,SL.UEM.TOTL.ZS,"Unemployment, total (% of total labor force) (modeled ILO estimate)",2012,12.803,,1
SSD,South Sudan,SL.UEM.TOTL.ZS,"Unemployment, total (% of total labor force) (modeled ILO estimate)",2011,12.585,,1
SSD,South Sudan,SL.UEM.TOTL.ZS,"Unemployment, total (% of total labor force) (modeled ILO estimate)",2010,12.473,,1
SSD,South Sudan,SL.UEM.TOTL.ZS,"Unemployment, total (% of total labor force) (modeled ILO estimate)",2009,12.438,,1
SSD,South Sudan,SL.UEM.TOTL.ZS,"Unemployment, total (% of total labor force) (modeled ILO estimate)",2008,12.298,,1
SSD,South Sudan,SL.UEM.TOTL.ZS,"Unemployment, total (% of total labor force) (modeled ILO estimate)",2007,12.266,,1
SSD,South Sudan,SL.UEM.TOTL.ZS,"Unemployment, total (% of total labor force) (modeled ILO estimate)",2006,12.268,,1
SSD,South Sudan,SL.UEM.TOTL.ZS,"Unemployment, total (% of total labor force) (modeled ILO estimate)",2005,12.266,,1
SSD,South Sudan,SL.UEM.TOTL.ZS,"Unemployment, total (% of total labor force) (modeled ILO estimate)",2004,12.256,,1
SSD,South Sudan,SL.UEM.TOTL.ZS,"Unemployment, total (% of total labor force) (modeled ILO estimate)",2003,12.234,,1
SSD,South Sudan,SL.UEM.TOTL.ZS,"Unemployment, total (% of total labor force) (modeled ILO estimate)",2002,12.235,,1
SSD,South Sudan,SL.UEM.TOTL.ZS,"Unemployment, total (% of total labor force) (modeled ILO estimate)",2001,12.278,,1
SSD,South Sudan,SL.UEM.TOTL.ZS,"Unemployment, total (% of total labor force) (modeled ILO estimate)",2000,12.309,,1
SSD,South Sudan,SL.UEM.TOTL.ZS,"Unemployment, total (% of total labor force) (modeled ILO estimate)",1999,12.138,,1
SSD,South Sudan,SL.UEM.TOTL.ZS,"Unemployment, total (% of total labor force) (modeled ILO estimate)",1998,12.095,,1
SSD,South Sudan,SL.UEM.TOTL.ZS,"Unemployment, total (% of total labor force) (modeled ILO estimate)",1997,12.068,,1
SSD,South Sudan,SL.UEM.TOTL.ZS,"Unemployment, total (% of total labor force) (modeled ILO estimate)",1996,12.314,,1
SSD,South Sudan,SL.UEM.TOTL.ZS,"Unemployment, total (% of total labor force) (modeled ILO estimate)",1995,12.334,,1
SSD,South Sudan,SL.UEM.TOTL.ZS,"Unemployment, total (% of total labor force) (modeled ILO estimate)",1994,12.326,,1
SSD,South Sudan,SL.UEM.TOTL.ZS,"Unemployment, total (% of total labor force) (modeled ILO estimate)",1993,12.233,,1
SSD,South Sudan,SL.UEM.TOTL.ZS,"Unemployment, total (% of total labor force) (modeled ILO estimate)",1992,12.374,,1
SSD,South Sudan,SL.UEM.TOTL.ZS,"Unemployment, total (% of total labor force) (modeled ILO estimate)",1991,12.334,,1
ESP,Spain,SL.UEM.TOTL.ZS,"Unemployment, total (% of total labor force) (modeled ILO estimate)",2024,11.4,,1
ESP,Spain,SL.UEM.TOTL.ZS,"Unemployment, total (% of total labor force) (modeled ILO estimate)",2023,12.179,,1
ESP,Spain,SL.UEM.TOTL.ZS,"Unemployment, total (% of total labor force) (modeled ILO estimate)",2022,13.033,,1
ESP,Spain,SL.UEM.TOTL.ZS,"Unemployment, total (% of total labor force) (modeled ILO estimate)",2021,14.914,,1
ESP,Spain,SL.UEM.TOTL.ZS,"Unemployment, total (% of total labor force) (modeled ILO estimate)",2020,15.532,,1
ESP,Spain,SL.UEM.TOTL.ZS,"Unemployment, total (% of total labor force) (modeled ILO estimate)",2019,14.104,,1
ESP,Spain,SL.UEM.TOTL.ZS,"Unemployment, total (% of total labor force) (modeled ILO estimate)",2018,15.255,,1
ESP,Spain,SL.UEM.TOTL.ZS,"Unemployment, total (% of total labor force) (modeled ILO estimate)",2017,17.224,,1
ESP,Spain,SL.UEM.TOTL.ZS,"Unemployment, total (% of total labor force) (modeled ILO estimate)",2016,19.635,,1
ESP,Spain,SL.UEM.TOTL.ZS,"Unemployment, total (% of total labor force) (modeled ILO estimate)",2015,22.057,,1
ESP,Spain,SL.UEM.TOTL.ZS,"Unemployment, total (% of total labor force) (modeled ILO estimate)",2014,24.441,,1
ESP,Spain,SL.UEM.TOTL.ZS,"Unemployment, total (% of total labor force) (modeled ILO estimate)",2013,26.094,,1
ESP,Spain,SL.UEM.TOTL.ZS,"Unemployment, total (% of total labor force) (modeled ILO estimate)",2012,24.789,,1
ESP,Spain,SL.UEM.TOTL.ZS,"Unemployment, total (% of total labor force) (modeled ILO estimate)",2011,21.39,,1
ESP,Spain,SL.UEM.TOTL.ZS,"Unemployment, total (% of total labor force) (modeled ILO estimate)",2010,19.86,,1
ESP,Spain,SL.UEM.TOTL.ZS,"Unemployment, total (% of total labor force) (modeled ILO estimate)",2009,17.857,,1
ESP,Spain,SL.UEM.TOTL.ZS,"Unemployment, total (% of total labor force) (modeled ILO estimate)",2008,11.254,,1
ESP,Spain,SL.UEM.TOTL.ZS,"Unemployment, total (% of total labor force) (modeled ILO estimate)",2007,8.232,,1
ESP,Spain,SL.UEM.TOTL.ZS,"Unemployment, total (% of total labor force) (modeled ILO estimate)",2006,8.452,,1
ESP,Spain,SL.UEM.TOTL.ZS,"Unemployment, total (% of total labor force) (modeled ILO estimate)",2005,9.146,,1
ESP,Spain,SL.UEM.TOTL.ZS,"Unemployment, total (% of total labor force) (modeled ILO estimate)",2004,11.09,,1
ESP,Spain,SL.UEM.TOTL.ZS,"Unemployment, total (% of total labor force) (modeled ILO estimate)",2003,11.283,,1
ESP,Spain,SL.UEM.TOTL.ZS,"Unemployment, total (% of total labor force) (modeled ILO estimate)",2002,11.146,,1
ESP,Spain,SL.UEM.TOTL.ZS,"Unemployment, total (% of total labor force) (modeled ILO estimate)",2001,10.348,,1
ESP,Spain,SL.UEM.TOTL.ZS,"Unemployment, total (% of total labor force) (modeled ILO estimate)",2000,13.785,,1
ESP,Spain,SL.UEM.TOTL.ZS,"Unemployment, total (% of total labor force) (modeled ILO estimate)",1999,15.475,,1
ESP,Spain,SL.UEM.TOTL.ZS,"Unemployment, total (% of total labor force) (modeled ILO estimate)",1998,18.673,,1
ESP,Spain,SL.UEM.TOTL.ZS,"Unemployment, total (% of total labor force) (modeled ILO estimate)",1997,20.698,,1
ESP,Spain,SL.UEM.TOTL.ZS,"Unemployment, total (% of total labor force) (modeled ILO estimate)",1996,22.142,,1
ESP,Spain,SL.UEM.TOTL.ZS,"Unemployment, total (% of total labor force) (modeled ILO estimate)",1995,22.675,,1
ESP,Spain,SL.UEM.TOTL.ZS,"Unemployment, total (% of total labor force) (modeled ILO estimate)",1994,24.209,,1
ESP,Spain,SL.UEM.TOTL.ZS,"Unemployment, total (% of total labor force) (modeled ILO estimate)",1993,22.156,,1
ESP,Spain,SL.UEM.TOTL.ZS,"Unemployment, total (% of total labor force) (modeled ILO estimate)",1992,17.697,,1
ESP,Spain,SL.UEM.TOTL.ZS,"Unemployment, total (% of total labor force) (modeled ILO estimate)",1991,15.929,,1
LKA,Sri Lanka,SL.UEM.TOTL.ZS,"Unemployment, total (% of total labor force) (modeled ILO estimate)",2024,4.239,,1
LKA,Sri Lanka,SL.UEM.TOTL.ZS,"Unemployment, total (% of total labor force) (modeled ILO estimate)",2023,4.528,,1
LKA,Sri Lanka,SL.UEM.TOTL.ZS,"Unemployment, total (% of total labor force) (modeled ILO estimate)",2022,4.528,,1
LKA,Sri Lanka,SL.UEM.TOTL.ZS,"Unemployment, total (% of total labor force) (modeled ILO estimate)",2021,4.981,,1
LKA,Sri Lanka,SL.UEM.TOTL.ZS,"Unemployment, total (% of total labor force) (modeled ILO estimate)",2020,5.364,,1
LKA,Sri Lanka,SL.UEM.TOTL.ZS,"Unemployment, total (% of total labor force) (modeled ILO estimate)",2019,4.67,,1
LKA,Sri Lanka,SL.UEM.TOTL.ZS,"Unemployment, total (% of total labor force) (modeled ILO estimate)",2018,4.318,,1
LKA,Sri Lanka,SL.UEM.TOTL.ZS,"Unemployment, total (% of total labor force) (modeled ILO estimate)",2017,4.046,,1
LKA,Sri Lanka,SL.UEM.TOTL.ZS,"Unemployment, total (% of total labor force) (modeled ILO estimate)",2016,4.242,,1
LKA,Sri Lanka,SL.UEM.TOTL.ZS,"Unemployment, total (% of total labor force) (modeled ILO estimate)",2015,4.519,,1
LKA,Sri Lanka,SL.UEM.TOTL.ZS,"Unemployment, total (% of total labor force) (modeled ILO estimate)",2014,4.157,,1
LKA,Sri Lanka,SL.UEM.TOTL.ZS,"Unemployment, total (% of total labor force) (modeled ILO estimate)",2013,4.186,,1
LKA,Sri Lanka,SL.UEM.TOTL.ZS,"Unemployment, total (% of total labor force) (modeled ILO estimate)",2012,3.88,,1
LKA,Sri Lanka,SL.UEM.TOTL.ZS,"Unemployment, total (% of total labor force) (modeled ILO estimate)",2011,4.118,,1
LKA,Sri Lanka,SL.UEM.TOTL.ZS,"Unemployment, total (% of total labor force) (modeled ILO estimate)",2010,4.784,,1
LKA,Sri Lanka,SL.UEM.TOTL.ZS,"Unemployment, total (% of total labor force) (modeled ILO estimate)",2009,5.85,,1
LKA,Sri Lanka,SL.UEM.TOTL.ZS,"Unemployment, total (% of total labor force) (modeled ILO estimate)",2008,5.22,,1
LKA,Sri Lanka,SL.UEM.TOTL.ZS,"Unemployment, total (% of total labor force) (modeled ILO estimate)",2007,5.97,,1
LKA,Sri Lanka,SL.UEM.TOTL.ZS,"Unemployment, total (% of total labor force) (modeled ILO estimate)",2006,6.5,,1
LKA,Sri Lanka,SL.UEM.TOTL.ZS,"Unemployment, total (% of total labor force) (modeled ILO estimate)",2005,7.67,,1
LKA,Sri Lanka,SL.UEM.TOTL.ZS,"Unemployment, total (% of total labor force) (modeled ILO estimate)",2004,8.38,,1
LKA,Sri Lanka,SL.UEM.TOTL.ZS,"Unemployment, total (% of total labor force) (modeled ILO estimate)",2003,8.22,,1
LKA,Sri Lanka,SL.UEM.TOTL.ZS,"Unemployment, total (% of total labor force) (modeled ILO estimate)",2002,8.76,,1
LKA,Sri Lanka,SL.UEM.TOTL.ZS,"Unemployment, total (% of total labor force) (modeled ILO estimate)",2001,7.9,,1
LKA,Sri Lanka,SL.UEM.TOTL.ZS,"Unemployment, total (% of total labor force) (modeled ILO estimate)",2000,7.74,,1
LKA,Sri Lanka,SL.UEM.TOTL.ZS,"Unemployment, total (% of total labor force) (modeled ILO estimate)",1999,8.88,,1
LKA,Sri Lanka,SL.UEM.TOTL.ZS,"Unemployment, total (% of total labor force) (modeled ILO estimate)",1998,9.17,,1
LKA,Sri Lanka,SL.UEM.TOTL.ZS,"Unemployment, total (% of total labor force) (modeled ILO estimate)",1997,10.6,,1
LKA,Sri Lanka,SL.UEM.TOTL.ZS,"Unemployment, total (% of total labor force) (modeled ILO estimate)",1996,11.35,,1
LKA,Sri Lanka,SL.UEM.TOTL.ZS,"Unemployment, total (% of total labor force) (modeled ILO estimate)",1995,12.27,,1
LKA,Sri Lanka,SL.UEM.TOTL.ZS,"Unemployment, total (% of total labor force) (modeled ILO estimate)",1994,13.03,,1
LKA,Sri Lanka,SL.UEM.TOTL.ZS,"Unemployment, total (% of total labor force) (modeled ILO estimate)",1993,13.82,,1
LKA,Sri Lanka,SL.UEM.TOTL.ZS,"Unemployment, total (% of total labor force) (modeled ILO estimate)",1992,14.22,,1
LKA,Sri Lanka,SL.UEM.TOTL.ZS,"Unemployment, total (% of total labor force) (modeled ILO estimate)",1991,14.661,,1
LCA,St. Lucia,SL.UEM.TOTL.ZS,"Unemployment, total (% of total labor force) (modeled ILO estimate)",2024,10.199,,1
LCA,St. Lucia,SL.UEM.TOTL.ZS,"Unemployment, total (% of total labor force) (modeled ILO estimate)",2023,12.094,,1
LCA,St. Lucia,SL.UEM.TOTL.ZS,"Unemployment, total (% of total labor force) (modeled ILO estimate)",2022,15.934,,1
LCA,St. Lucia,SL.UEM.TOTL.ZS,"Unemployment, total (% of total labor force) (modeled ILO estimate)",2021,20.514,,1
LCA,St. Lucia,SL.UEM.TOTL.ZS,"Unemployment, total (% of total labor force) (modeled ILO estimate)",2020,25.224,,1
LCA,St. Lucia,SL.UEM.TOTL.ZS,"Unemployment, total (% of total labor force) (modeled ILO estimate)",2019,15.613,,1
LCA,St. Lucia,SL.UEM.TOTL.ZS,"Unemployment, total (% of total labor force) (modeled ILO estimate)",2018,19.329,,1
LCA,St. Lucia,SL.UEM.TOTL.ZS,"Unemployment, total (% of total labor force) (modeled ILO estimate)",2017,19.136,,1
LCA,St. Lucia,SL.UEM.TOTL.ZS,"Unemployment, total (% of total labor force) (modeled ILO estimate)",2016,19.932,,1
LCA,St. Lucia,SL.UEM.TOTL.ZS,"Unemployment, total (% of total labor force) (modeled ILO estimate)",2015,20.84,,1
LCA,St. Lucia,SL.UEM.TOTL.ZS,"Unemployment, total (% of total labor force) (modeled ILO estimate)",2014,21.583,,1
LCA,St. Lucia,SL.UEM.TOTL.ZS,"Unemployment, total (% of total labor force) (modeled ILO estimate)",2013,22.21,,1
LCA,St. Lucia,SL.UEM.TOTL.ZS,"Unemployment, total (% of total labor force) (modeled ILO estimate)",2012,19.06,,1
LCA,St. Lucia,SL.UEM.TOTL.ZS,"Unemployment, total (% of total labor force) (modeled ILO estimate)",2011,18.86,,1
LCA,St. Lucia,SL.UEM.TOTL.ZS,"Unemployment, total (% of total labor force) (modeled ILO estimate)",2010,17.118,,1
LCA,St. Lucia,SL.UEM.TOTL.ZS,"Unemployment, total (% of total labor force) (modeled ILO estimate)",2009,15.37,,1
LCA,St. Lucia,SL.UEM.TOTL.ZS,"Unemployment, total (% of total labor force) (modeled ILO estimate)",2008,12.72,,1
LCA,St. Lucia,SL.UEM.TOTL.ZS,"Unemployment, total (% of total labor force) (modeled ILO estimate)",2007,14,,1
LCA,St. Lucia,SL.UEM.TOTL.ZS,"Unemployment, total (% of total labor force) (modeled ILO estimate)",2006,16,,1
LCA,St. Lucia,SL.UEM.TOTL.ZS,"Unemployment, total (% of total labor force) (modeled ILO estimate)",2005,18.7,,1
LCA,St. Lucia,SL.UEM.TOTL.ZS,"Unemployment, total (% of total labor force) (modeled ILO estimate)",2004,20.97,,1
LCA,St. Lucia,SL.UEM.TOTL.ZS,"Unemployment, total (% of total labor force) (modeled ILO estimate)",2003,22.18,,1
LCA,St. Lucia,SL.UEM.TOTL.ZS,"Unemployment, total (% of total labor force) (modeled ILO estimate)",2002,20.39,,1
LCA,St. Lucia,SL.UEM.TOTL.ZS,"Unemployment, total (% of total labor force) (modeled ILO estimate)",2001,18.538,,1
LCA,St. Lucia,SL.UEM.TOTL.ZS,"Unemployment, total (% of total labor force) (modeled ILO estimate)",2000,16.49,,1
LCA,St. Lucia,SL.UEM.TOTL.ZS,"Unemployment, total (% of total labor force) (modeled ILO estimate)",1999,18.09,,1
LCA,St. Lucia,SL.UEM.TOTL.ZS,"Unemployment, total (% of total labor force) (modeled ILO estimate)",1998,21.6,,1
LCA,St. Lucia,SL.UEM.TOTL.ZS,"Unemployment, total (% of total labor force) (modeled ILO estimate)",1997,20.47,,1
LCA,St. Lucia,SL.UEM.TOTL.ZS,"Unemployment, total (% of total labor force) (modeled ILO estimate)",1996,16.33,,1
LCA,St. Lucia,SL.UEM.TOTL.ZS,"Unemployment, total (% of total labor force) (modeled ILO estimate)",1995,15.83,,1
LCA,St. Lucia,SL.UEM.TOTL.ZS,"Unemployment, total (% of total labor force) (modeled ILO estimate)",1994,17,,1
LCA,St. Lucia,SL.UEM.TOTL.ZS,"Unemployment, total (% of total labor force) (modeled ILO estimate)",1993,16.8,,1
LCA,St. Lucia,SL.UEM.TOTL.ZS,"Unemployment, total (% of total labor force) (modeled ILO estimate)",1992,16.549,,1
LCA,St. Lucia,SL.UEM.TOTL.ZS,"Unemployment, total (% of total labor force) (modeled ILO estimate)",1991,16.521,,1
VCT,St. Vincent and the Grenadines,SL.UEM.TOTL.ZS,"Unemployment, total (% of total labor force) (modeled ILO estimate)",2024,18.093,,1
VCT,St. Vincent and the Grenadines,SL.UEM.TOTL.ZS,"Unemployment, total (% of total labor force) (modeled ILO estimate)",2023,18.348,,1
VCT,St. Vincent and the Grenadines,SL.UEM.TOTL.ZS,"Unemployment, total (% of total labor force) (modeled ILO estimate)",2022,19.277,,1
VCT,St. Vincent and the Grenadines,SL.UEM.TOTL.ZS,"Unemployment, total (% of total labor force) (modeled ILO estimate)",2021,20.356,,1
VCT,St. Vincent and the Grenadines,SL.UEM.TOTL.ZS,"Unemployment, total (% of total labor force) (modeled ILO estimate)",2020,20.635,,1
VCT,St. Vincent and the Grenadines,SL.UEM.TOTL.ZS,"Unemployment, total (% of total labor force) (modeled ILO estimate)",2019,19.248,,1
VCT,St. Vincent and the Grenadines,SL.UEM.TOTL.ZS,"Unemployment, total (% of total labor force) (modeled ILO estimate)",2018,19.005,,1
VCT,St. Vincent and the Grenadines,SL.UEM.TOTL.ZS,"Unemployment, total (% of total labor force) (modeled ILO estimate)",2017,19.024,,1
VCT,St. Vincent and the Grenadines,SL.UEM.TOTL.ZS,"Unemployment, total (% of total labor force) (modeled ILO estimate)",2016,19.029,,1
VCT,St. Vincent and the Grenadines,SL.UEM.TOTL.ZS,"Unemployment, total (% of total labor force) (modeled ILO estimate)",2015,19.135,,1
VCT,St. Vincent and the Grenadines,SL.UEM.TOTL.ZS,"Unemployment, total (% of total labor force) (modeled ILO estimate)",2014,19.237,,1
VCT,St. Vincent and the Grenadines,SL.UEM.TOTL.ZS,"Unemployment, total (% of total labor force) (modeled ILO estimate)",2013,19.356,,1
VCT,St. Vincent and the Grenadines,SL.UEM.TOTL.ZS,"Unemployment, total (% of total labor force) (modeled ILO estimate)",2012,19.833,,1
VCT,St. Vincent and the Grenadines,SL.UEM.TOTL.ZS,"Unemployment, total (% of total labor force) (modeled ILO estimate)",2011,20.006,,1
VCT,St. Vincent and the Grenadines,SL.UEM.TOTL.ZS,"Unemployment, total (% of total labor force) (modeled ILO estimate)",2010,19.924,,1
VCT,St. Vincent and the Grenadines,SL.UEM.TOTL.ZS,"Unemployment, total (% of total labor force) (modeled ILO estimate)",2009,19.365,,1
VCT,St. Vincent and the Grenadines,SL.UEM.TOTL.ZS,"Unemployment, total (% of total labor force) (modeled ILO estimate)",2008,18.79,,1
VCT,St. Vincent and the Grenadines,SL.UEM.TOTL.ZS,"Unemployment, total (% of total labor force) (modeled ILO estimate)",2007,18.934,,1
VCT,St. Vincent and the Grenadines,SL.UEM.TOTL.ZS,"Unemployment, total (% of total labor force) (modeled ILO estimate)",2006,19.162,,1
VCT,St. Vincent and the Grenadines,SL.UEM.TOTL.ZS,"Unemployment, total (% of total labor force) (modeled ILO estimate)",2005,19.461,,1
VCT,St. Vincent and the Grenadines,SL.UEM.TOTL.ZS,"Unemployment, total (% of total labor force) (modeled ILO estimate)",2004,19.545,,1
VCT,St. Vincent and the Grenadines,SL.UEM.TOTL.ZS,"Unemployment, total (% of total labor force) (modeled ILO estimate)",2003,19.985,,1
VCT,St. Vincent and the Grenadines,SL.UEM.TOTL.ZS,"Unemployment, total (% of total labor force) (modeled ILO estimate)",2002,20.623,,1
VCT,St. Vincent and the Grenadines,SL.UEM.TOTL.ZS,"Unemployment, total (% of total labor force) (modeled ILO estimate)",2001,21.1,,1
VCT,St. Vincent and the Grenadines,SL.UEM.TOTL.ZS,"Unemployment, total (% of total labor force) (modeled ILO estimate)",2000,20.8,,1
VCT,St. Vincent and the Grenadines,SL.UEM.TOTL.ZS,"Unemployment, total (% of total labor force) (modeled ILO estimate)",1999,20.542,,1
VCT,St. Vincent and the Grenadines,SL.UEM.TOTL.ZS,"Unemployment, total (% of total labor force) (modeled ILO estimate)",1998,20.521,,1
VCT,St. Vincent and the Grenadines,SL.UEM.TOTL.ZS,"Unemployment, total (% of total labor force) (modeled ILO estimate)",1997,20.133,,1
VCT,St. Vincent and the Grenadines,SL.UEM.TOTL.ZS,"Unemployment, total (% of total labor force) (modeled ILO estimate)",1996,20.343,,1
VCT,St. Vincent and the Grenadines,SL.UEM.TOTL.ZS,"Unemployment, total (% of total labor force) (modeled ILO estimate)",1995,20.005,,1
VCT,St. Vincent and the Grenadines,SL.UEM.TOTL.ZS,"Unemployment, total (% of total labor force) (modeled ILO estimate)",1994,19.974,,1
VCT,St. Vincent and the Grenadines,SL.UEM.TOTL.ZS,"Unemployment, total (% of total labor force) (modeled ILO estimate)",1993,19.681,,1
VCT,St. Vincent and the Grenadines,SL.UEM.TOTL.ZS,"Unemployment, total (% of total labor force) (modeled ILO estimate)",1992,19.558,,1
VCT,St. Vincent and the Grenadines,SL.UEM.TOTL.ZS,"Unemployment, total (% of total labor force) (modeled ILO estimate)",1991,19.77,,1
SDN,Sudan,SL.UEM.TOTL.ZS,"Unemployment, total (% of total labor force) (modeled ILO estimate)",2022,7.53,,1
SDN,Sudan,SL.UEM.TOTL.ZS,"Unemployment, total (% of total labor force) (modeled ILO estimate)",2021,11.087,,1
SDN,Sudan,SL.UEM.TOTL.ZS,"Unemployment, total (% of total labor force) (modeled ILO estimate)",2020,11.995,,1
SDN,Sudan,SL.UEM.TOTL.ZS,"Unemployment, total (% of total labor force) (modeled ILO estimate)",2019,11.697,,1
SDN,Sudan,SL.UEM.TOTL.ZS,"Unemployment, total (% of total labor force) (modeled ILO estimate)",2018,12.347,,1
SDN,Sudan,SL.UEM.TOTL.ZS,"Unemployment, total (% of total labor force) (modeled ILO estimate)",2017,13,,1
SDN,Sudan,SL.UEM.TOTL.ZS,"Unemployment, total (% of total labor force) (modeled ILO estimate)",2016,13.656,,1
SDN,Sudan,SL.UEM.TOTL.ZS,"Unemployment, total (% of total labor force) (modeled ILO estimate)",2015,14.39,,1
SDN,Sudan,SL.UEM.TOTL.ZS,"Unemployment, total (% of total labor force) (modeled ILO estimate)",2014,15.41,,1
SDN,Sudan,SL.UEM.TOTL.ZS,"Unemployment, total (% of total labor force) (modeled ILO estimate)",2013,16.273,,1
SDN,Sudan,SL.UEM.TOTL.ZS,"Unemployment, total (% of total labor force) (modeled ILO estimate)",2012,16.973,,1
SDN,Sudan,SL.UEM.TOTL.ZS,"Unemployment, total (% of total labor force) (modeled ILO estimate)",2011,17.44,,1
SDN,Sudan,SL.UEM.TOTL.ZS,"Unemployment, total (% of total labor force) (modeled ILO estimate)",2010,15.168,,1
SDN,Sudan,SL.UEM.TOTL.ZS,"Unemployment, total (% of total labor force) (modeled ILO estimate)",2009,13,,1
SDN,Sudan,SL.UEM.TOTL.ZS,"Unemployment, total (% of total labor force) (modeled ILO estimate)",2008,15.566,,1
SDN,Sudan,SL.UEM.TOTL.ZS,"Unemployment, total (% of total labor force) (modeled ILO estimate)",2007,15.534,,1
SDN,Sudan,SL.UEM.TOTL.ZS,"Unemployment, total (% of total labor force) (modeled ILO estimate)",2006,15.542,,1
SDN,Sudan,SL.UEM.TOTL.ZS,"Unemployment, total (% of total labor force) (modeled ILO estimate)",2005,15.545,,1
SDN,Sudan,SL.UEM.TOTL.ZS,"Unemployment, total (% of total labor force) (modeled ILO estimate)",2004,15.538,,1
SDN,Sudan,SL.UEM.TOTL.ZS,"Unemployment, total (% of total labor force) (modeled ILO estimate)",2003,15.515,,1
SDN,Sudan,SL.UEM.TOTL.ZS,"Unemployment, total (% of total labor force) (modeled ILO estimate)",2002,15.514,,1
SDN,Sudan,SL.UEM.TOTL.ZS,"Unemployment, total (% of total labor force) (modeled ILO estimate)",2001,15.56,,1
SDN,Sudan,SL.UEM.TOTL.ZS,"Unemployment, total (% of total labor force) (modeled ILO estimate)",2000,15.595,,1
SDN,Sudan,SL.UEM.TOTL.ZS,"Unemployment, total (% of total labor force) (modeled ILO estimate)",1999,15.399,,1
SDN,Sudan,SL.UEM.TOTL.ZS,"Unemployment, total (% of total labor force) (modeled ILO estimate)",1998,15.352,,1
SDN,Sudan,SL.UEM.TOTL.ZS,"Unemployment, total (% of total labor force) (modeled ILO estimate)",1997,15.324,,1
SDN,Sudan,SL.UEM.TOTL.ZS,"Unemployment, total (% of total labor force) (modeled ILO estimate)",1996,15.605,,1
SDN,Sudan,SL.UEM.TOTL.ZS,"Unemployment, total (% of total labor force) (modeled ILO estimate)",1995,15.627,,1
SDN,Sudan,SL.UEM.TOTL.ZS,"Unemployment, total (% of total labor force) (modeled ILO estimate)",1994,15.617,,1
SDN,Sudan,SL.UEM.TOTL.ZS,"Unemployment, total (% of total labor force) (modeled ILO estimate)",1993,15.51,,1
SDN,Sudan,SL.UEM.TOTL.ZS,"Unemployment, total (% of total labor force) (modeled ILO estimate)",1992,15.668,,1
SDN,Sudan,SL.UEM.TOTL.ZS,"Unemployment, total (% of total labor force) (modeled ILO estimate)",1991,15.619,,1
SUR,Suriname,SL.UEM.TOTL.ZS,"Unemployment, total (% of total labor force) (modeled ILO estimate)",2024,7.621,,1
SUR,Suriname,SL.UEM.TOTL.ZS,"Unemployment, total (% of total labor force) (modeled ILO estimate)",2023,7.699,,1
SUR,Suriname,SL.UEM.TOTL.ZS,"Unemployment, total (% of total labor force) (modeled ILO estimate)",2022,7.973,,1
SUR,Suriname,SL.UEM.TOTL.ZS,"Unemployment, total (% of total labor force) (modeled ILO estimate)",2021,8.706,,1
SUR,Suriname,SL.UEM.TOTL.ZS,"Unemployment, total (% of total labor force) (modeled ILO estimate)",2020,8.973,,1
SUR,Suriname,SL.UEM.TOTL.ZS,"Unemployment, total (% of total labor force) (modeled ILO estimate)",2019,7.755,,1
SUR,Suriname,SL.UEM.TOTL.ZS,"Unemployment, total (% of total labor force) (modeled ILO estimate)",2018,7.817,,1
SUR,Suriname,SL.UEM.TOTL.ZS,"Unemployment, total (% of total labor force) (modeled ILO estimate)",2017,7.905,,1
SUR,Suriname,SL.UEM.TOTL.ZS,"Unemployment, total (% of total labor force) (modeled ILO estimate)",2016,7.917,,1
SUR,Suriname,SL.UEM.TOTL.ZS,"Unemployment, total (% of total labor force) (modeled ILO estimate)",2015,7.22,,1
SUR,Suriname,SL.UEM.TOTL.ZS,"Unemployment, total (% of total labor force) (modeled ILO estimate)",2014,6.94,,1
SUR,Suriname,SL.UEM.TOTL.ZS,"Unemployment, total (% of total labor force) (modeled ILO estimate)",2013,6.6,,1
SUR,Suriname,SL.UEM.TOTL.ZS,"Unemployment, total (% of total labor force) (modeled ILO estimate)",2012,8.1,,1
SUR,Suriname,SL.UEM.TOTL.ZS,"Unemployment, total (% of total labor force) (modeled ILO estimate)",2011,7.54,,1
SUR,Suriname,SL.UEM.TOTL.ZS,"Unemployment, total (% of total labor force) (modeled ILO estimate)",2010,7.15,,1
SUR,Suriname,SL.UEM.TOTL.ZS,"Unemployment, total (% of total labor force) (modeled ILO estimate)",2009,8.72,,1
SUR,Suriname,SL.UEM.TOTL.ZS,"Unemployment, total (% of total labor force) (modeled ILO estimate)",2008,8.854,,1
SUR,Suriname,SL.UEM.TOTL.ZS,"Unemployment, total (% of total labor force) (modeled ILO estimate)",2007,9.017,,1
SUR,Suriname,SL.UEM.TOTL.ZS,"Unemployment, total (% of total labor force) (modeled ILO estimate)",2006,9.142,,1
SUR,Suriname,SL.UEM.TOTL.ZS,"Unemployment, total (% of total labor force) (modeled ILO estimate)",2005,9.302,,1
SUR,Suriname,SL.UEM.TOTL.ZS,"Unemployment, total (% of total labor force) (modeled ILO estimate)",2004,9.49,,1
SUR,Suriname,SL.UEM.TOTL.ZS,"Unemployment, total (% of total labor force) (modeled ILO estimate)",2003,10.336,,1
SUR,Suriname,SL.UEM.TOTL.ZS,"Unemployment, total (% of total labor force) (modeled ILO estimate)",2002,11.187,,1
SUR,Suriname,SL.UEM.TOTL.ZS,"Unemployment, total (% of total labor force) (modeled ILO estimate)",2001,12.047,,1
SUR,Suriname,SL.UEM.TOTL.ZS,"Unemployment, total (% of total labor force) (modeled ILO estimate)",2000,12.873,,1
SUR,Suriname,SL.UEM.TOTL.ZS,"Unemployment, total (% of total labor force) (modeled ILO estimate)",1999,13.6,,1
SUR,Suriname,SL.UEM.TOTL.ZS,"Unemployment, total (% of total labor force) (modeled ILO estimate)",1998,10.63,,1
SUR,Suriname,SL.UEM.TOTL.ZS,"Unemployment, total (% of total labor force) (modeled ILO estimate)",1997,10.56,,1
SUR,Suriname,SL.UEM.TOTL.ZS,"Unemployment, total (% of total labor force) (modeled ILO estimate)",1996,10.88,,1
SUR,Suriname,SL.UEM.TOTL.ZS,"Unemployment, total (% of total labor force) (modeled ILO estimate)",1995,8.39,,1
SUR,Suriname,SL.UEM.TOTL.ZS,"Unemployment, total (% of total labor force) (modeled ILO estimate)",1994,12.7,,1
SUR,Suriname,SL.UEM.TOTL.ZS,"Unemployment, total (% of total labor force) (modeled ILO estimate)",1993,15.64,,1
SUR,Suriname,SL.UEM.TOTL.ZS,"Unemployment, total (% of total labor force) (modeled ILO estimate)",1992,17.28,,1
SUR,Suriname,SL.UEM.TOTL.ZS,"Unemployment, total (% of total labor force) (modeled ILO estimate)",1991,17.189,,1
SWE,Sweden,SL.UEM.TOTL.ZS,"Unemployment, total (% of total labor force) (modeled ILO estimate)",2024,8.4,,1
SWE,Sweden,SL.UEM.TOTL.ZS,"Unemployment, total (% of total labor force) (modeled ILO estimate)",2023,7.611,,1
SWE,Sweden,SL.UEM.TOTL.ZS,"Unemployment, total (% of total labor force) (modeled ILO estimate)",2022,7.417,,1
SWE,Sweden,SL.UEM.TOTL.ZS,"Unemployment, total (% of total labor force) (modeled ILO estimate)",2021,8.803,,1
SWE,Sweden,SL.UEM.TOTL.ZS,"Unemployment, total (% of total labor force) (modeled ILO estimate)",2020,8.291,,1
SWE,Sweden,SL.UEM.TOTL.ZS,"Unemployment, total (% of total labor force) (modeled ILO estimate)",2019,6.833,,1
SWE,Sweden,SL.UEM.TOTL.ZS,"Unemployment, total (% of total labor force) (modeled ILO estimate)",2018,6.365,,1
SWE,Sweden,SL.UEM.TOTL.ZS,"Unemployment, total (% of total labor force) (modeled ILO estimate)",2017,6.718,,1
SWE,Sweden,SL.UEM.TOTL.ZS,"Unemployment, total (% of total labor force) (modeled ILO estimate)",2016,6.99,,1
SWE,Sweden,SL.UEM.TOTL.ZS,"Unemployment, total (% of total labor force) (modeled ILO estimate)",2015,7.432,,1
SWE,Sweden,SL.UEM.TOTL.ZS,"Unemployment, total (% of total labor force) (modeled ILO estimate)",2014,7.954,,1
SWE,Sweden,SL.UEM.TOTL.ZS,"Unemployment, total (% of total labor force) (modeled ILO estimate)",2013,8.052,,1
SWE,Sweden,SL.UEM.TOTL.ZS,"Unemployment, total (% of total labor force) (modeled ILO estimate)",2012,7.976,,1
SWE,Sweden,SL.UEM.TOTL.ZS,"Unemployment, total (% of total labor force) (modeled ILO estimate)",2011,7.804,,1
SWE,Sweden,SL.UEM.TOTL.ZS,"Unemployment, total (% of total labor force) (modeled ILO estimate)",2010,8.61,,1
SWE,Sweden,SL.UEM.TOTL.ZS,"Unemployment, total (% of total labor force) (modeled ILO estimate)",2009,8.351,,1
SWE,Sweden,SL.UEM.TOTL.ZS,"Unemployment, total (% of total labor force) (modeled ILO estimate)",2008,6.235,,1
SWE,Sweden,SL.UEM.TOTL.ZS,"Unemployment, total (% of total labor force) (modeled ILO estimate)",2007,6.161,,1
SWE,Sweden,SL.UEM.TOTL.ZS,"Unemployment, total (% of total labor force) (modeled ILO estimate)",2006,7.066,,1
SWE,Sweden,SL.UEM.TOTL.ZS,"Unemployment, total (% of total labor force) (modeled ILO estimate)",2005,7.81,,1
SWE,Sweden,SL.UEM.TOTL.ZS,"Unemployment, total (% of total labor force) (modeled ILO estimate)",2004,6.693,,1
SWE,Sweden,SL.UEM.TOTL.ZS,"Unemployment, total (% of total labor force) (modeled ILO estimate)",2003,5.555,,1
SWE,Sweden,SL.UEM.TOTL.ZS,"Unemployment, total (% of total labor force) (modeled ILO estimate)",2002,4.965,,1
SWE,Sweden,SL.UEM.TOTL.ZS,"Unemployment, total (% of total labor force) (modeled ILO estimate)",2001,4.73,,1
SWE,Sweden,SL.UEM.TOTL.ZS,"Unemployment, total (% of total labor force) (modeled ILO estimate)",2000,5.466,,1
SWE,Sweden,SL.UEM.TOTL.ZS,"Unemployment, total (% of total labor force) (modeled ILO estimate)",1999,7.607,,1
SWE,Sweden,SL.UEM.TOTL.ZS,"Unemployment, total (% of total labor force) (modeled ILO estimate)",1998,8.941,,1
SWE,Sweden,SL.UEM.TOTL.ZS,"Unemployment, total (% of total labor force) (modeled ILO estimate)",1997,10.359,,1
SWE,Sweden,SL.UEM.TOTL.ZS,"Unemployment, total (% of total labor force) (modeled ILO estimate)",1996,9.547,,1
SWE,Sweden,SL.UEM.TOTL.ZS,"Unemployment, total (% of total labor force) (modeled ILO estimate)",1995,8.897,,1
SWE,Sweden,SL.UEM.TOTL.ZS,"Unemployment, total (% of total labor force) (modeled ILO estimate)",1994,9.58,,1
SWE,Sweden,SL.UEM.TOTL.ZS,"Unemployment, total (% of total labor force) (modeled ILO estimate)",1993,9.33,,1
SWE,Sweden,SL.UEM.TOTL.ZS,"Unemployment, total (% of total labor force) (modeled ILO estimate)",1992,5.722,,1
SWE,Sweden,SL.UEM.TOTL.ZS,"Unemployment, total (% of total labor force) (modeled ILO estimate)",1991,3.243,,1
CHE,Switzerland,SL.UEM.TOTL.ZS,"Unemployment, total (% of total labor force) (modeled ILO estimate)",2024,4.343,,1
CHE,Switzerland,SL.UEM.TOTL.ZS,"Unemployment, total (% of total labor force) (modeled ILO estimate)",2023,4.043,,1
CHE,Switzerland,SL.UEM.TOTL.ZS,"Unemployment, total (% of total labor force) (modeled ILO estimate)",2022,4.122,,1
CHE,Switzerland,SL.UEM.TOTL.ZS,"Unemployment, total (% of total labor force) (modeled ILO estimate)",2021,5.013,,1
CHE,Switzerland,SL.UEM.TOTL.ZS,"Unemployment, total (% of total labor force) (modeled ILO estimate)",2020,4.817,,1
CHE,Switzerland,SL.UEM.TOTL.ZS,"Unemployment, total (% of total labor force) (modeled ILO estimate)",2019,4.394,,1
CHE,Switzerland,SL.UEM.TOTL.ZS,"Unemployment, total (% of total labor force) (modeled ILO estimate)",2018,4.713,,1
CHE,Switzerland,SL.UEM.TOTL.ZS,"Unemployment, total (% of total labor force) (modeled ILO estimate)",2017,4.797,,1
CHE,Switzerland,SL.UEM.TOTL.ZS,"Unemployment, total (% of total labor force) (modeled ILO estimate)",2016,4.918,,1
CHE,Switzerland,SL.UEM.TOTL.ZS,"Unemployment, total (% of total labor force) (modeled ILO estimate)",2015,4.801,,1
CHE,Switzerland,SL.UEM.TOTL.ZS,"Unemployment, total (% of total labor force) (modeled ILO estimate)",2014,4.826,,1
CHE,Switzerland,SL.UEM.TOTL.ZS,"Unemployment, total (% of total labor force) (modeled ILO estimate)",2013,4.747,,1
CHE,Switzerland,SL.UEM.TOTL.ZS,"Unemployment, total (% of total labor force) (modeled ILO estimate)",2012,4.491,,1
CHE,Switzerland,SL.UEM.TOTL.ZS,"Unemployment, total (% of total labor force) (modeled ILO estimate)",2011,4.409,,1
CHE,Switzerland,SL.UEM.TOTL.ZS,"Unemployment, total (% of total labor force) (modeled ILO estimate)",2010,4.808,,1
CHE,Switzerland,SL.UEM.TOTL.ZS,"Unemployment, total (% of total labor force) (modeled ILO estimate)",2009,4.109,,1
CHE,Switzerland,SL.UEM.TOTL.ZS,"Unemployment, total (% of total labor force) (modeled ILO estimate)",2008,3.35,,1
CHE,Switzerland,SL.UEM.TOTL.ZS,"Unemployment, total (% of total labor force) (modeled ILO estimate)",2007,3.641,,1
CHE,Switzerland,SL.UEM.TOTL.ZS,"Unemployment, total (% of total labor force) (modeled ILO estimate)",2006,3.995,,1
CHE,Switzerland,SL.UEM.TOTL.ZS,"Unemployment, total (% of total labor force) (modeled ILO estimate)",2005,4.437,,1
CHE,Switzerland,SL.UEM.TOTL.ZS,"Unemployment, total (% of total labor force) (modeled ILO estimate)",2004,4.316,,1
CHE,Switzerland,SL.UEM.TOTL.ZS,"Unemployment, total (% of total labor force) (modeled ILO estimate)",2003,4.117,,1
CHE,Switzerland,SL.UEM.TOTL.ZS,"Unemployment, total (% of total labor force) (modeled ILO estimate)",2002,2.924,,1
CHE,Switzerland,SL.UEM.TOTL.ZS,"Unemployment, total (% of total labor force) (modeled ILO estimate)",2001,2.49,,1
CHE,Switzerland,SL.UEM.TOTL.ZS,"Unemployment, total (% of total labor force) (modeled ILO estimate)",2000,2.658,,1
CHE,Switzerland,SL.UEM.TOTL.ZS,"Unemployment, total (% of total labor force) (modeled ILO estimate)",1999,3.053,,1
CHE,Switzerland,SL.UEM.TOTL.ZS,"Unemployment, total (% of total labor force) (modeled ILO estimate)",1998,3.568,,1
CHE,Switzerland,SL.UEM.TOTL.ZS,"Unemployment, total (% of total labor force) (modeled ILO estimate)",1997,4.127,,1
CHE,Switzerland,SL.UEM.TOTL.ZS,"Unemployment, total (% of total labor force) (modeled ILO estimate)",1996,3.684,,1
CHE,Switzerland,SL.UEM.TOTL.ZS,"Unemployment, total (% of total labor force) (modeled ILO estimate)",1995,3.094,,1
CHE,Switzerland,SL.UEM.TOTL.ZS,"Unemployment, total (% of total labor force) (modeled ILO estimate)",1994,3.58,,1
CHE,Switzerland,SL.UEM.TOTL.ZS,"Unemployment, total (% of total labor force) (modeled ILO estimate)",1993,3.551,,1
CHE,Switzerland,SL.UEM.TOTL.ZS,"Unemployment, total (% of total labor force) (modeled ILO estimate)",1992,2.344,,1
CHE,Switzerland,SL.UEM.TOTL.ZS,"Unemployment, total (% of total labor force) (modeled ILO estimate)",1991,1.818,,1
SYR,Syrian Arab Republic,SL.UEM.TOTL.ZS,"Unemployment, total (% of total labor force) (modeled ILO estimate)",2024,13.359,,1
SYR,Syrian Arab Republic,SL.UEM.TOTL.ZS,"Unemployment, total (% of total labor force) (modeled ILO estimate)",2023,13.27,,1
SYR,Syrian Arab Republic,SL.UEM.TOTL.ZS,"Unemployment, total (% of total labor force) (modeled ILO estimate)",2022,13.245,,1
SYR,Syrian Arab Republic,SL.UEM.TOTL.ZS,"Unemployment, total (% of total labor force) (modeled ILO estimate)",2021,14.887,,1
SYR,Syrian Arab Republic,SL.UEM.TOTL.ZS,"Unemployment, total (% of total labor force) (modeled ILO estimate)",2020,15.179,,1
SYR,Syrian Arab Republic,SL.UEM.TOTL.ZS,"Unemployment, total (% of total labor force) (modeled ILO estimate)",2019,13.369,,1
SYR,Syrian Arab Republic,SL.UEM.TOTL.ZS,"Unemployment, total (% of total labor force) (modeled ILO estimate)",2018,13.505,,1
SYR,Syrian Arab Republic,SL.UEM.TOTL.ZS,"Unemployment, total (% of total labor force) (modeled ILO estimate)",2017,13.603,,1
SYR,Syrian Arab Republic,SL.UEM.TOTL.ZS,"Unemployment, total (% of total labor force) (modeled ILO estimate)",2016,13.798,,1
SYR,Syrian Arab Republic,SL.UEM.TOTL.ZS,"Unemployment, total (% of total labor force) (modeled ILO estimate)",2015,14.244,,1
SYR,Syrian Arab Republic,SL.UEM.TOTL.ZS,"Unemployment, total (% of total labor force) (modeled ILO estimate)",2014,14.782,,1
SYR,Syrian Arab Republic,SL.UEM.TOTL.ZS,"Unemployment, total (% of total labor force) (modeled ILO estimate)",2013,14.5,,1
SYR,Syrian Arab Republic,SL.UEM.TOTL.ZS,"Unemployment, total (% of total labor force) (modeled ILO estimate)",2012,13.8,,1
SYR,Syrian Arab Republic,SL.UEM.TOTL.ZS,"Unemployment, total (% of total labor force) (modeled ILO estimate)",2011,8.626,,1
SYR,Syrian Arab Republic,SL.UEM.TOTL.ZS,"Unemployment, total (% of total labor force) (modeled ILO estimate)",2010,8.61,,1
SYR,Syrian Arab Republic,SL.UEM.TOTL.ZS,"Unemployment, total (% of total labor force) (modeled ILO estimate)",2009,8.14,,1
SYR,Syrian Arab Republic,SL.UEM.TOTL.ZS,"Unemployment, total (% of total labor force) (modeled ILO estimate)",2008,10.94,,1
SYR,Syrian Arab Republic,SL.UEM.TOTL.ZS,"Unemployment, total (% of total labor force) (modeled ILO estimate)",2007,8.42,,1
SYR,Syrian Arab Republic,SL.UEM.TOTL.ZS,"Unemployment, total (% of total labor force) (modeled ILO estimate)",2006,8.17,,1
SYR,Syrian Arab Republic,SL.UEM.TOTL.ZS,"Unemployment, total (% of total labor force) (modeled ILO estimate)",2005,8.81,,1
SYR,Syrian Arab Republic,SL.UEM.TOTL.ZS,"Unemployment, total (% of total labor force) (modeled ILO estimate)",2004,9.513,,1
SYR,Syrian Arab Republic,SL.UEM.TOTL.ZS,"Unemployment, total (% of total labor force) (modeled ILO estimate)",2003,10.28,,1
SYR,Syrian Arab Republic,SL.UEM.TOTL.ZS,"Unemployment, total (% of total labor force) (modeled ILO estimate)",2002,10.94,,1
SYR,Syrian Arab Republic,SL.UEM.TOTL.ZS,"Unemployment, total (% of total labor force) (modeled ILO estimate)",2001,11.63,,1
SYR,Syrian Arab Republic,SL.UEM.TOTL.ZS,"Unemployment, total (% of total labor force) (modeled ILO estimate)",2000,9.587,,1
SYR,Syrian Arab Republic,SL.UEM.TOTL.ZS,"Unemployment, total (% of total labor force) (modeled ILO estimate)",1999,7.6,,1
SYR,Syrian Arab Republic,SL.UEM.TOTL.ZS,"Unemployment, total (% of total labor force) (modeled ILO estimate)",1998,7.376,,1
SYR,Syrian Arab Republic,SL.UEM.TOTL.ZS,"Unemployment, total (% of total labor force) (modeled ILO estimate)",1997,7.31,,1
SYR,Syrian Arab Republic,SL.UEM.TOTL.ZS,"Unemployment, total (% of total labor force) (modeled ILO estimate)",1996,7.221,,1
SYR,Syrian Arab Republic,SL.UEM.TOTL.ZS,"Unemployment, total (% of total labor force) (modeled ILO estimate)",1995,7.2,,1
SYR,Syrian Arab Republic,SL.UEM.TOTL.ZS,"Unemployment, total (% of total labor force) (modeled ILO estimate)",1994,7.5,,1
SYR,Syrian Arab Republic,SL.UEM.TOTL.ZS,"Unemployment, total (% of total labor force) (modeled ILO estimate)",1993,7.4,,1
SYR,Syrian Arab Republic,SL.UEM.TOTL.ZS,"Unemployment, total (% of total labor force) (modeled ILO estimate)",1992,6.949,,1
SYR,Syrian Arab Republic,SL.UEM.TOTL.ZS,"Unemployment, total (% of total labor force) (modeled ILO estimate)",1991,6.75,,1
TJK,Tajikistan,SL.UEM.TOTL.ZS,"Unemployment, total (% of total labor force) (modeled ILO estimate)",2024,7.041,,1
TJK,Tajikistan,SL.UEM.TOTL.ZS,"Unemployment, total (% of total labor force) (modeled ILO estimate)",2023,7.037,,1
TJK,Tajikistan,SL.UEM.TOTL.ZS,"Unemployment, total (% of total labor force) (modeled ILO estimate)",2022,7.051,,1
TJK,Tajikistan,SL.UEM.TOTL.ZS,"Unemployment, total (% of total labor force) (modeled ILO estimate)",2021,7.687,,1
TJK,Tajikistan,SL.UEM.TOTL.ZS,"Unemployment, total (% of total labor force) (modeled ILO estimate)",2020,7.576,,1
TJK,Tajikistan,SL.UEM.TOTL.ZS,"Unemployment, total (% of total labor force) (modeled ILO estimate)",2019,7.026,,1
TJK,Tajikistan,SL.UEM.TOTL.ZS,"Unemployment, total (% of total labor force) (modeled ILO estimate)",2018,7.028,,1
TJK,Tajikistan,SL.UEM.TOTL.ZS,"Unemployment, total (% of total labor force) (modeled ILO estimate)",2017,7.035,,1
TJK,Tajikistan,SL.UEM.TOTL.ZS,"Unemployment, total (% of total labor force) (modeled ILO estimate)",2016,7.036,,1
TJK,Tajikistan,SL.UEM.TOTL.ZS,"Unemployment, total (% of total labor force) (modeled ILO estimate)",2015,7.033,,1
TJK,Tajikistan,SL.UEM.TOTL.ZS,"Unemployment, total (% of total labor force) (modeled ILO estimate)",2014,7.024,,1
TJK,Tajikistan,SL.UEM.TOTL.ZS,"Unemployment, total (% of total labor force) (modeled ILO estimate)",2013,7.019,,1
TJK,Tajikistan,SL.UEM.TOTL.ZS,"Unemployment, total (% of total labor force) (modeled ILO estimate)",2012,7.022,,1
TJK,Tajikistan,SL.UEM.TOTL.ZS,"Unemployment, total (% of total labor force) (modeled ILO estimate)",2011,7.04,,1
TJK,Tajikistan,SL.UEM.TOTL.ZS,"Unemployment, total (% of total labor force) (modeled ILO estimate)",2010,7.037,,1
TJK,Tajikistan,SL.UEM.TOTL.ZS,"Unemployment, total (% of total labor force) (modeled ILO estimate)",2009,7.028,,1
TJK,Tajikistan,SL.UEM.TOTL.ZS,"Unemployment, total (% of total labor force) (modeled ILO estimate)",2008,4.942,,1
TJK,Tajikistan,SL.UEM.TOTL.ZS,"Unemployment, total (% of total labor force) (modeled ILO estimate)",2007,2.874,,1
TJK,Tajikistan,SL.UEM.TOTL.ZS,"Unemployment, total (% of total labor force) (modeled ILO estimate)",2006,3.65,,1
TJK,Tajikistan,SL.UEM.TOTL.ZS,"Unemployment, total (% of total labor force) (modeled ILO estimate)",2005,3.45,,1
TJK,Tajikistan,SL.UEM.TOTL.ZS,"Unemployment, total (% of total labor force) (modeled ILO estimate)",2004,3.45,,1
TJK,Tajikistan,SL.UEM.TOTL.ZS,"Unemployment, total (% of total labor force) (modeled ILO estimate)",2003,3.85,,1
TJK,Tajikistan,SL.UEM.TOTL.ZS,"Unemployment, total (% of total labor force) (modeled ILO estimate)",2002,3.95,,1
TJK,Tajikistan,SL.UEM.TOTL.ZS,"Unemployment, total (% of total labor force) (modeled ILO estimate)",2001,3.75,,1
TJK,Tajikistan,SL.UEM.TOTL.ZS,"Unemployment, total (% of total labor force) (modeled ILO estimate)",2000,4.15,,1
TJK,Tajikistan,SL.UEM.TOTL.ZS,"Unemployment, total (% of total labor force) (modeled ILO estimate)",1999,4.45,,1
TJK,Tajikistan,SL.UEM.TOTL.ZS,"Unemployment, total (% of total labor force) (modeled ILO estimate)",1998,4.65,,1
TJK,Tajikistan,SL.UEM.TOTL.ZS,"Unemployment, total (% of total labor force) (modeled ILO estimate)",1997,4.15,,1
TJK,Tajikistan,SL.UEM.TOTL.ZS,"Unemployment, total (% of total labor force) (modeled ILO estimate)",1996,4.05,,1
TJK,Tajikistan,SL.UEM.TOTL.ZS,"Unemployment, total (% of total labor force) (modeled ILO estimate)",1995,3.45,,1
TJK,Tajikistan,SL.UEM.TOTL.ZS,"Unemployment, total (% of total labor force) (modeled ILO estimate)",1994,3.15,,1
TJK,Tajikistan,SL.UEM.TOTL.ZS,"Unemployment, total (% of total labor force) (modeled ILO estimate)",1993,2.65,,1
TJK,Tajikistan,SL.UEM.TOTL.ZS,"Unemployment, total (% of total labor force) (modeled ILO estimate)",1992,1.85,,1
TJK,Tajikistan,SL.UEM.TOTL.ZS,"Unemployment, total (% of total labor force) (modeled ILO estimate)",1991,1.823,,1
TZA,Tanzania,SL.UEM.TOTL.ZS,"Unemployment, total (% of total labor force) (modeled ILO estimate)",2024,1.557,,1
TZA,Tanzania,SL.UEM.TOTL.ZS,"Unemployment, total (% of total labor force) (modeled ILO estimate)",2023,1.565,,1
TZA,Tanzania,SL.UEM.TOTL.ZS,"Unemployment, total (% of total labor force) (modeled ILO estimate)",2022,1.573,,1
TZA,Tanzania,SL.UEM.TOTL.ZS,"Unemployment, total (% of total labor force) (modeled ILO estimate)",2021,1.876,,1
TZA,Tanzania,SL.UEM.TOTL.ZS,"Unemployment, total (% of total labor force) (modeled ILO estimate)",2020,1.792,,1
TZA,Tanzania,SL.UEM.TOTL.ZS,"Unemployment, total (% of total labor force) (modeled ILO estimate)",2019,1.735,,1
TZA,Tanzania,SL.UEM.TOTL.ZS,"Unemployment, total (% of total labor force) (modeled ILO estimate)",2018,1.792,,1
TZA,Tanzania,SL.UEM.TOTL.ZS,"Unemployment, total (% of total labor force) (modeled ILO estimate)",2017,1.854,,1
TZA,Tanzania,SL.UEM.TOTL.ZS,"Unemployment, total (% of total labor force) (modeled ILO estimate)",2016,1.931,,1
TZA,Tanzania,SL.UEM.TOTL.ZS,"Unemployment, total (% of total labor force) (modeled ILO estimate)",2015,2.009,,1
TZA,Tanzania,SL.UEM.TOTL.ZS,"Unemployment, total (% of total labor force) (modeled ILO estimate)",2014,2.125,,1
TZA,Tanzania,SL.UEM.TOTL.ZS,"Unemployment, total (% of total labor force) (modeled ILO estimate)",2013,2.93,,1
TZA,Tanzania,SL.UEM.TOTL.ZS,"Unemployment, total (% of total labor force) (modeled ILO estimate)",2012,3.223,,1
TZA,Tanzania,SL.UEM.TOTL.ZS,"Unemployment, total (% of total labor force) (modeled ILO estimate)",2011,3.47,,1
TZA,Tanzania,SL.UEM.TOTL.ZS,"Unemployment, total (% of total labor force) (modeled ILO estimate)",2010,3.03,,1
TZA,Tanzania,SL.UEM.TOTL.ZS,"Unemployment, total (% of total labor force) (modeled ILO estimate)",2009,2.5,,1
TZA,Tanzania,SL.UEM.TOTL.ZS,"Unemployment, total (% of total labor force) (modeled ILO estimate)",2008,2.775,,1
TZA,Tanzania,SL.UEM.TOTL.ZS,"Unemployment, total (% of total labor force) (modeled ILO estimate)",2007,3.023,,1
TZA,Tanzania,SL.UEM.TOTL.ZS,"Unemployment, total (% of total labor force) (modeled ILO estimate)",2006,3.299,,1
TZA,Tanzania,SL.UEM.TOTL.ZS,"Unemployment, total (% of total labor force) (modeled ILO estimate)",2005,3.193,,1
TZA,Tanzania,SL.UEM.TOTL.ZS,"Unemployment, total (% of total labor force) (modeled ILO estimate)",2004,3.105,,1
TZA,Tanzania,SL.UEM.TOTL.ZS,"Unemployment, total (% of total labor force) (modeled ILO estimate)",2003,3.053,,1
TZA,Tanzania,SL.UEM.TOTL.ZS,"Unemployment, total (% of total labor force) (modeled ILO estimate)",2002,3.023,,1
TZA,Tanzania,SL.UEM.TOTL.ZS,"Unemployment, total (% of total labor force) (modeled ILO estimate)",2001,2.994,,1
TZA,Tanzania,SL.UEM.TOTL.ZS,"Unemployment, total (% of total labor force) (modeled ILO estimate)",2000,3.129,,1
TZA,Tanzania,SL.UEM.TOTL.ZS,"Unemployment, total (% of total labor force) (modeled ILO estimate)",1999,3.219,,1
TZA,Tanzania,SL.UEM.TOTL.ZS,"Unemployment, total (% of total labor force) (modeled ILO estimate)",1998,3.283,,1
TZA,Tanzania,SL.UEM.TOTL.ZS,"Unemployment, total (% of total labor force) (modeled ILO estimate)",1997,3.342,,1
TZA,Tanzania,SL.UEM.TOTL.ZS,"Unemployment, total (% of total labor force) (modeled ILO estimate)",1996,3.475,,1
TZA,Tanzania,SL.UEM.TOTL.ZS,"Unemployment, total (% of total labor force) (modeled ILO estimate)",1995,3.672,,1
TZA,Tanzania,SL.UEM.TOTL.ZS,"Unemployment, total (% of total labor force) (modeled ILO estimate)",1994,3.861,,1
TZA,Tanzania,SL.UEM.TOTL.ZS,"Unemployment, total (% of total labor force) (modeled ILO estimate)",1993,3.892,,1
TZA,Tanzania,SL.UEM.TOTL.ZS,"Unemployment, total (% of total labor force) (modeled ILO estimate)",1992,3.683,,1
TZA,Tanzania,SL.UEM.TOTL.ZS,"Unemployment, total (% of total labor force) (modeled ILO estimate)",1991,3.6,,1
THA,Thailand,SL.UEM.TOTL.ZS,"Unemployment, total (% of total labor force) (modeled ILO estimate)",2024,0.781,,1
THA,Thailand,SL.UEM.TOTL.ZS,"Unemployment, total (% of total labor force) (modeled ILO estimate)",2023,0.733,,1
THA,Thailand,SL.UEM.TOTL.ZS,"Unemployment, total (% of total labor force) (modeled ILO estimate)",2022,0.94,,1
THA,Thailand,SL.UEM.TOTL.ZS,"Unemployment, total (% of total labor force) (modeled ILO estimate)",2021,1.215,,1
THA,Thailand,SL.UEM.TOTL.ZS,"Unemployment, total (% of total labor force) (modeled ILO estimate)",2020,1.099,,1
THA,Thailand,SL.UEM.TOTL.ZS,"Unemployment, total (% of total labor force) (modeled ILO estimate)",2019,0.716,,1
THA,Thailand,SL.UEM.TOTL.ZS,"Unemployment, total (% of total labor force) (modeled ILO estimate)",2018,0.765,,1
THA,Thailand,SL.UEM.TOTL.ZS,"Unemployment, total (% of total labor force) (modeled ILO estimate)",2017,0.83,,1
THA,Thailand,SL.UEM.TOTL.ZS,"Unemployment, total (% of total labor force) (modeled ILO estimate)",2016,0.688,,1
THA,Thailand,SL.UEM.TOTL.ZS,"Unemployment, total (% of total labor force) (modeled ILO estimate)",2015,0.597,,1
THA,Thailand,SL.UEM.TOTL.ZS,"Unemployment, total (% of total labor force) (modeled ILO estimate)",2014,0.576,,1
THA,Thailand,SL.UEM.TOTL.ZS,"Unemployment, total (% of total labor force) (modeled ILO estimate)",2013,0.249,,1
THA,Thailand,SL.UEM.TOTL.ZS,"Unemployment, total (% of total labor force) (modeled ILO estimate)",2012,0.58,,1
THA,Thailand,SL.UEM.TOTL.ZS,"Unemployment, total (% of total labor force) (modeled ILO estimate)",2011,0.66,,1
THA,Thailand,SL.UEM.TOTL.ZS,"Unemployment, total (% of total labor force) (modeled ILO estimate)",2010,0.622,,1
THA,Thailand,SL.UEM.TOTL.ZS,"Unemployment, total (% of total labor force) (modeled ILO estimate)",2009,1.49,,1
THA,Thailand,SL.UEM.TOTL.ZS,"Unemployment, total (% of total labor force) (modeled ILO estimate)",2008,1.18,,1
THA,Thailand,SL.UEM.TOTL.ZS,"Unemployment, total (% of total labor force) (modeled ILO estimate)",2007,1.18,,1
THA,Thailand,SL.UEM.TOTL.ZS,"Unemployment, total (% of total labor force) (modeled ILO estimate)",2006,1.22,,1
THA,Thailand,SL.UEM.TOTL.ZS,"Unemployment, total (% of total labor force) (modeled ILO estimate)",2005,1.35,,1
THA,Thailand,SL.UEM.TOTL.ZS,"Unemployment, total (% of total labor force) (modeled ILO estimate)",2004,1.51,,1
THA,Thailand,SL.UEM.TOTL.ZS,"Unemployment, total (% of total labor force) (modeled ILO estimate)",2003,1.54,,1
THA,Thailand,SL.UEM.TOTL.ZS,"Unemployment, total (% of total labor force) (modeled ILO estimate)",2002,1.82,,1
THA,Thailand,SL.UEM.TOTL.ZS,"Unemployment, total (% of total labor force) (modeled ILO estimate)",2001,2.6,,1
THA,Thailand,SL.UEM.TOTL.ZS,"Unemployment, total (% of total labor force) (modeled ILO estimate)",2000,2.389,,1
THA,Thailand,SL.UEM.TOTL.ZS,"Unemployment, total (% of total labor force) (modeled ILO estimate)",1999,2.968,,1
THA,Thailand,SL.UEM.TOTL.ZS,"Unemployment, total (% of total labor force) (modeled ILO estimate)",1998,3.404,,1
THA,Thailand,SL.UEM.TOTL.ZS,"Unemployment, total (% of total labor force) (modeled ILO estimate)",1997,0.873,,1
THA,Thailand,SL.UEM.TOTL.ZS,"Unemployment, total (% of total labor force) (modeled ILO estimate)",1996,1.071,,1
THA,Thailand,SL.UEM.TOTL.ZS,"Unemployment, total (% of total labor force) (modeled ILO estimate)",1995,1.1,,1
THA,Thailand,SL.UEM.TOTL.ZS,"Unemployment, total (% of total labor force) (modeled ILO estimate)",1994,1.347,,1
THA,Thailand,SL.UEM.TOTL.ZS,"Unemployment, total (% of total labor force) (modeled ILO estimate)",1993,1.49,,1
THA,Thailand,SL.UEM.TOTL.ZS,"Unemployment, total (% of total labor force) (modeled ILO estimate)",1992,1.35,,1
THA,Thailand,SL.UEM.TOTL.ZS,"Unemployment, total (% of total labor force) (modeled ILO estimate)",1991,2.63,,1
TLS,Timor-Leste,SL.UEM.TOTL.ZS,"Unemployment, total (% of total labor force) (modeled ILO estimate)",2024,1.523,,1
TLS,Timor-Leste,SL.UEM.TOTL.ZS,"Unemployment, total (% of total labor force) (modeled ILO estimate)",2023,1.525,,1
TLS,Timor-Leste,SL.UEM.TOTL.ZS,"Unemployment, total (% of total labor force) (modeled ILO estimate)",2022,1.537,,1
TLS,Timor-Leste,SL.UEM.TOTL.ZS,"Unemployment, total (% of total labor force) (modeled ILO estimate)",2021,2.344,,1
TLS,Timor-Leste,SL.UEM.TOTL.ZS,"Unemployment, total (% of total labor force) (modeled ILO estimate)",2020,2.808,,1
TLS,Timor-Leste,SL.UEM.TOTL.ZS,"Unemployment, total (% of total labor force) (modeled ILO estimate)",2019,3.148,,1
TLS,Timor-Leste,SL.UEM.TOTL.ZS,"Unemployment, total (% of total labor force) (modeled ILO estimate)",2018,3.765,,1
TLS,Timor-Leste,SL.UEM.TOTL.ZS,"Unemployment, total (% of total labor force) (modeled ILO estimate)",2017,4.254,,1
TLS,Timor-Leste,SL.UEM.TOTL.ZS,"Unemployment, total (% of total labor force) (modeled ILO estimate)",2016,4.657,,1
TLS,Timor-Leste,SL.UEM.TOTL.ZS,"Unemployment, total (% of total labor force) (modeled ILO estimate)",2015,3.678,,1
TLS,Timor-Leste,SL.UEM.TOTL.ZS,"Unemployment, total (% of total labor force) (modeled ILO estimate)",2014,3.618,,1
TLS,Timor-Leste,SL.UEM.TOTL.ZS,"Unemployment, total (% of total labor force) (modeled ILO estimate)",2013,3.57,,1
TLS,Timor-Leste,SL.UEM.TOTL.ZS,"Unemployment, total (% of total labor force) (modeled ILO estimate)",2012,3.47,,1
TLS,Timor-Leste,SL.UEM.TOTL.ZS,"Unemployment, total (% of total labor force) (modeled ILO estimate)",2011,3.385,,1
TLS,Timor-Leste,SL.UEM.TOTL.ZS,"Unemployment, total (% of total labor force) (modeled ILO estimate)",2010,3.301,,1
TLS,Timor-Leste,SL.UEM.TOTL.ZS,"Unemployment, total (% of total labor force) (modeled ILO estimate)",2009,3.289,,1
TLS,Timor-Leste,SL.UEM.TOTL.ZS,"Unemployment, total (% of total labor force) (modeled ILO estimate)",2008,3.434,,1
TLS,Timor-Leste,SL.UEM.TOTL.ZS,"Unemployment, total (% of total labor force) (modeled ILO estimate)",2007,3.523,,1
TLS,Timor-Leste,SL.UEM.TOTL.ZS,"Unemployment, total (% of total labor force) (modeled ILO estimate)",2006,3.634,,1
TLS,Timor-Leste,SL.UEM.TOTL.ZS,"Unemployment, total (% of total labor force) (modeled ILO estimate)",2005,3.611,,1
TLS,Timor-Leste,SL.UEM.TOTL.ZS,"Unemployment, total (% of total labor force) (modeled ILO estimate)",2004,3.668,,1
TLS,Timor-Leste,SL.UEM.TOTL.ZS,"Unemployment, total (% of total labor force) (modeled ILO estimate)",2003,3.54,,1
TLS,Timor-Leste,SL.UEM.TOTL.ZS,"Unemployment, total (% of total labor force) (modeled ILO estimate)",2002,3.371,,1
TLS,Timor-Leste,SL.UEM.TOTL.ZS,"Unemployment, total (% of total labor force) (modeled ILO estimate)",2001,3.386,,1
TLS,Timor-Leste,SL.UEM.TOTL.ZS,"Unemployment, total (% of total labor force) (modeled ILO estimate)",2000,3.529,,1
TLS,Timor-Leste,SL.UEM.TOTL.ZS,"Unemployment, total (% of total labor force) (modeled ILO estimate)",1999,3.633,,1
TLS,Timor-Leste,SL.UEM.TOTL.ZS,"Unemployment, total (% of total labor force) (modeled ILO estimate)",1998,3.5,,1
TLS,Timor-Leste,SL.UEM.TOTL.ZS,"Unemployment, total (% of total labor force) (modeled ILO estimate)",1997,3.406,,1
TLS,Timor-Leste,SL.UEM.TOTL.ZS,"Unemployment, total (% of total labor force) (modeled ILO estimate)",1996,3.372,,1
TLS,Timor-Leste,SL.UEM.TOTL.ZS,"Unemployment, total (% of total labor force) (modeled ILO estimate)",1995,3.348,,1
TLS,Timor-Leste,SL.UEM.TOTL.ZS,"Unemployment, total (% of total labor force) (modeled ILO estimate)",1994,3.309,,1
TLS,Timor-Leste,SL.UEM.TOTL.ZS,"Unemployment, total (% of total labor force) (modeled ILO estimate)",1993,3.273,,1
TLS,Timor-Leste,SL.UEM.TOTL.ZS,"Unemployment, total (% of total labor force) (modeled ILO estimate)",1992,3.36,,1
TLS,Timor-Leste,SL.UEM.TOTL.ZS,"Unemployment, total (% of total labor force) (modeled ILO estimate)",1991,3.453,,1
TGO,Togo,SL.UEM.TOTL.ZS,"Unemployment, total (% of total labor force) (modeled ILO estimate)",2024,1.948,,1
TGO,Togo,SL.UEM.TOTL.ZS,"Unemployment, total (% of total labor force) (modeled ILO estimate)",2023,1.942,,1
TGO,Togo,SL.UEM.TOTL.ZS,"Unemployment, total (% of total labor force) (modeled ILO estimate)",2022,1.965,,1
TGO,Togo,SL.UEM.TOTL.ZS,"Unemployment, total (% of total labor force) (modeled ILO estimate)",2021,2.344,,1
TGO,Togo,SL.UEM.TOTL.ZS,"Unemployment, total (% of total labor force) (modeled ILO estimate)",2020,2.231,,1
TGO,Togo,SL.UEM.TOTL.ZS,"Unemployment, total (% of total labor force) (modeled ILO estimate)",2019,2.036,,1
TGO,Togo,SL.UEM.TOTL.ZS,"Unemployment, total (% of total labor force) (modeled ILO estimate)",2018,2.9,,1
TGO,Togo,SL.UEM.TOTL.ZS,"Unemployment, total (% of total labor force) (modeled ILO estimate)",2017,3.744,,1
TGO,Togo,SL.UEM.TOTL.ZS,"Unemployment, total (% of total labor force) (modeled ILO estimate)",2016,2.968,,1
TGO,Togo,SL.UEM.TOTL.ZS,"Unemployment, total (% of total labor force) (modeled ILO estimate)",2015,2.204,,1
TGO,Togo,SL.UEM.TOTL.ZS,"Unemployment, total (% of total labor force) (modeled ILO estimate)",2014,2.141,,1
TGO,Togo,SL.UEM.TOTL.ZS,"Unemployment, total (% of total labor force) (modeled ILO estimate)",2013,2.084,,1
TGO,Togo,SL.UEM.TOTL.ZS,"Unemployment, total (% of total labor force) (modeled ILO estimate)",2012,2.029,,1
TGO,Togo,SL.UEM.TOTL.ZS,"Unemployment, total (% of total labor force) (modeled ILO estimate)",2011,1.982,,1
TGO,Togo,SL.UEM.TOTL.ZS,"Unemployment, total (% of total labor force) (modeled ILO estimate)",2010,2.379,,1
TGO,Togo,SL.UEM.TOTL.ZS,"Unemployment, total (% of total labor force) (modeled ILO estimate)",2009,2.847,,1
TGO,Togo,SL.UEM.TOTL.ZS,"Unemployment, total (% of total labor force) (modeled ILO estimate)",2008,3.279,,1
TGO,Togo,SL.UEM.TOTL.ZS,"Unemployment, total (% of total labor force) (modeled ILO estimate)",2007,3.822,,1
TGO,Togo,SL.UEM.TOTL.ZS,"Unemployment, total (% of total labor force) (modeled ILO estimate)",2006,4.229,,1
TGO,Togo,SL.UEM.TOTL.ZS,"Unemployment, total (% of total labor force) (modeled ILO estimate)",2005,4.149,,1
TGO,Togo,SL.UEM.TOTL.ZS,"Unemployment, total (% of total labor force) (modeled ILO estimate)",2004,3.992,,1
TGO,Togo,SL.UEM.TOTL.ZS,"Unemployment, total (% of total labor force) (modeled ILO estimate)",2003,3.957,,1
TGO,Togo,SL.UEM.TOTL.ZS,"Unemployment, total (% of total labor force) (modeled ILO estimate)",2002,4.087,,1
TGO,Togo,SL.UEM.TOTL.ZS,"Unemployment, total (% of total labor force) (modeled ILO estimate)",2001,4.108,,1
TGO,Togo,SL.UEM.TOTL.ZS,"Unemployment, total (% of total labor force) (modeled ILO estimate)",2000,4.162,,1
TGO,Togo,SL.UEM.TOTL.ZS,"Unemployment, total (% of total labor force) (modeled ILO estimate)",1999,3.889,,1
TGO,Togo,SL.UEM.TOTL.ZS,"Unemployment, total (% of total labor force) (modeled ILO estimate)",1998,3.78,,1
TGO,Togo,SL.UEM.TOTL.ZS,"Unemployment, total (% of total labor force) (modeled ILO estimate)",1997,3.618,,1
TGO,Togo,SL.UEM.TOTL.ZS,"Unemployment, total (% of total labor force) (modeled ILO estimate)",1996,3.606,,1
TGO,Togo,SL.UEM.TOTL.ZS,"Unemployment, total (% of total labor force) (modeled ILO estimate)",1995,3.99,,1
TGO,Togo,SL.UEM.TOTL.ZS,"Unemployment, total (% of total labor force) (modeled ILO estimate)",1994,4.201,,1
TGO,Togo,SL.UEM.TOTL.ZS,"Unemployment, total (% of total labor force) (modeled ILO estimate)",1993,4.507,,1
TGO,Togo,SL.UEM.TOTL.ZS,"Unemployment, total (% of total labor force) (modeled ILO estimate)",1992,4.209,,1
TGO,Togo,SL.UEM.TOTL.ZS,"Unemployment, total (% of total labor force) (modeled ILO estimate)",1991,4.057,,1
TON,Tonga,SL.UEM.TOTL.ZS,"Unemployment, total (% of total labor force) (modeled ILO estimate)",2024,1.965,,1
TON,Tonga,SL.UEM.TOTL.ZS,"Unemployment, total (% of total labor force) (modeled ILO estimate)",2023,1.652,,1
TON,Tonga,SL.UEM.TOTL.ZS,"Unemployment, total (% of total labor force) (modeled ILO estimate)",2022,2.002,,1
TON,Tonga,SL.UEM.TOTL.ZS,"Unemployment, total (% of total labor force) (modeled ILO estimate)",2021,2.111,,1
TON,Tonga,SL.UEM.TOTL.ZS,"Unemployment, total (% of total labor force) (modeled ILO estimate)",2020,2.712,,1
TON,Tonga,SL.UEM.TOTL.ZS,"Unemployment, total (% of total labor force) (modeled ILO estimate)",2019,2.165,,1
TON,Tonga,SL.UEM.TOTL.ZS,"Unemployment, total (% of total labor force) (modeled ILO estimate)",2018,2.248,,1
TON,Tonga,SL.UEM.TOTL.ZS,"Unemployment, total (% of total labor force) (modeled ILO estimate)",2017,2.137,,1
TON,Tonga,SL.UEM.TOTL.ZS,"Unemployment, total (% of total labor force) (modeled ILO estimate)",2016,2.048,,1
TON,Tonga,SL.UEM.TOTL.ZS,"Unemployment, total (% of total labor force) (modeled ILO estimate)",2015,2.022,,1
TON,Tonga,SL.UEM.TOTL.ZS,"Unemployment, total (% of total labor force) (modeled ILO estimate)",2014,1.914,,1
TON,Tonga,SL.UEM.TOTL.ZS,"Unemployment, total (% of total labor force) (modeled ILO estimate)",2013,1.75,,1
TON,Tonga,SL.UEM.TOTL.ZS,"Unemployment, total (% of total labor force) (modeled ILO estimate)",2012,1.638,,1
TON,Tonga,SL.UEM.TOTL.ZS,"Unemployment, total (% of total labor force) (modeled ILO estimate)",2011,1.594,,1
TON,Tonga,SL.UEM.TOTL.ZS,"Unemployment, total (% of total labor force) (modeled ILO estimate)",2010,1.501,,1
TON,Tonga,SL.UEM.TOTL.ZS,"Unemployment, total (% of total labor force) (modeled ILO estimate)",2009,1.419,,1
TON,Tonga,SL.UEM.TOTL.ZS,"Unemployment, total (% of total labor force) (modeled ILO estimate)",2008,1.279,,1
TON,Tonga,SL.UEM.TOTL.ZS,"Unemployment, total (% of total labor force) (modeled ILO estimate)",2007,1.21,,1
TON,Tonga,SL.UEM.TOTL.ZS,"Unemployment, total (% of total labor force) (modeled ILO estimate)",2006,1.09,,1
TON,Tonga,SL.UEM.TOTL.ZS,"Unemployment, total (% of total labor force) (modeled ILO estimate)",2005,2.542,,1
TON,Tonga,SL.UEM.TOTL.ZS,"Unemployment, total (% of total labor force) (modeled ILO estimate)",2004,3.878,,1
TON,Tonga,SL.UEM.TOTL.ZS,"Unemployment, total (% of total labor force) (modeled ILO estimate)",2003,5.18,,1
TON,Tonga,SL.UEM.TOTL.ZS,"Unemployment, total (% of total labor force) (modeled ILO estimate)",2002,4.683,,1
TON,Tonga,SL.UEM.TOTL.ZS,"Unemployment, total (% of total labor force) (modeled ILO estimate)",2001,4.368,,1
TON,Tonga,SL.UEM.TOTL.ZS,"Unemployment, total (% of total labor force) (modeled ILO estimate)",2000,3.966,,1
TON,Tonga,SL.UEM.TOTL.ZS,"Unemployment, total (% of total labor force) (modeled ILO estimate)",1999,3.69,,1
TON,Tonga,SL.UEM.TOTL.ZS,"Unemployment, total (% of total labor force) (modeled ILO estimate)",1998,3.348,,1
TON,Tonga,SL.UEM.TOTL.ZS,"Unemployment, total (% of total labor force) (modeled ILO estimate)",1997,2.877,,1
TON,Tonga,SL.UEM.TOTL.ZS,"Unemployment, total (% of total labor force) (modeled ILO estimate)",1996,2.404,,1
TON,Tonga,SL.UEM.TOTL.ZS,"Unemployment, total (% of total labor force) (modeled ILO estimate)",1995,1.987,,1
TON,Tonga,SL.UEM.TOTL.ZS,"Unemployment, total (% of total labor force) (modeled ILO estimate)",1994,1.688,,1
TON,Tonga,SL.UEM.TOTL.ZS,"Unemployment, total (% of total labor force) (modeled ILO estimate)",1993,1.3,,1
TON,Tonga,SL.UEM.TOTL.ZS,"Unemployment, total (% of total labor force) (modeled ILO estimate)",1992,1.349,,1
TON,Tonga,SL.UEM.TOTL.ZS,"Unemployment, total (% of total labor force) (modeled ILO estimate)",1991,1.348,,1
TTO,Trinidad and Tobago,SL.UEM.TOTL.ZS,"Unemployment, total (% of total labor force) (modeled ILO estimate)",2024,3.318,,1
TTO,Trinidad and Tobago,SL.UEM.TOTL.ZS,"Unemployment, total (% of total labor force) (modeled ILO estimate)",2023,3.361,,1
TTO,Trinidad and Tobago,SL.UEM.TOTL.ZS,"Unemployment, total (% of total labor force) (modeled ILO estimate)",2022,4.383,,1
TTO,Trinidad and Tobago,SL.UEM.TOTL.ZS,"Unemployment, total (% of total labor force) (modeled ILO estimate)",2021,4.446,,1
TTO,Trinidad and Tobago,SL.UEM.TOTL.ZS,"Unemployment, total (% of total labor force) (modeled ILO estimate)",2020,4.206,,1
TTO,Trinidad and Tobago,SL.UEM.TOTL.ZS,"Unemployment, total (% of total labor force) (modeled ILO estimate)",2019,3.523,,1
TTO,Trinidad and Tobago,SL.UEM.TOTL.ZS,"Unemployment, total (% of total labor force) (modeled ILO estimate)",2018,3.497,,1
TTO,Trinidad and Tobago,SL.UEM.TOTL.ZS,"Unemployment, total (% of total labor force) (modeled ILO estimate)",2017,3.389,,1
TTO,Trinidad and Tobago,SL.UEM.TOTL.ZS,"Unemployment, total (% of total labor force) (modeled ILO estimate)",2016,3.207,,1
TTO,Trinidad and Tobago,SL.UEM.TOTL.ZS,"Unemployment, total (% of total labor force) (modeled ILO estimate)",2015,2.428,,1
TTO,Trinidad and Tobago,SL.UEM.TOTL.ZS,"Unemployment, total (% of total labor force) (modeled ILO estimate)",2014,2.477,,1
TTO,Trinidad and Tobago,SL.UEM.TOTL.ZS,"Unemployment, total (% of total labor force) (modeled ILO estimate)",2013,2.683,,1
TTO,Trinidad and Tobago,SL.UEM.TOTL.ZS,"Unemployment, total (% of total labor force) (modeled ILO estimate)",2012,3.718,,1
TTO,Trinidad and Tobago,SL.UEM.TOTL.ZS,"Unemployment, total (% of total labor force) (modeled ILO estimate)",2011,3.425,,1
TTO,Trinidad and Tobago,SL.UEM.TOTL.ZS,"Unemployment, total (% of total labor force) (modeled ILO estimate)",2010,4.033,,1
TTO,Trinidad and Tobago,SL.UEM.TOTL.ZS,"Unemployment, total (% of total labor force) (modeled ILO estimate)",2009,5.28,,1
TTO,Trinidad and Tobago,SL.UEM.TOTL.ZS,"Unemployment, total (% of total labor force) (modeled ILO estimate)",2008,4.63,,1
TTO,Trinidad and Tobago,SL.UEM.TOTL.ZS,"Unemployment, total (% of total labor force) (modeled ILO estimate)",2007,5.54,,1
TTO,Trinidad and Tobago,SL.UEM.TOTL.ZS,"Unemployment, total (% of total labor force) (modeled ILO estimate)",2006,6.27,,1
TTO,Trinidad and Tobago,SL.UEM.TOTL.ZS,"Unemployment, total (% of total labor force) (modeled ILO estimate)",2005,7.95,,1
TTO,Trinidad and Tobago,SL.UEM.TOTL.ZS,"Unemployment, total (% of total labor force) (modeled ILO estimate)",2004,8.33,,1
TTO,Trinidad and Tobago,SL.UEM.TOTL.ZS,"Unemployment, total (% of total labor force) (modeled ILO estimate)",2003,10.48,,1
TTO,Trinidad and Tobago,SL.UEM.TOTL.ZS,"Unemployment, total (% of total labor force) (modeled ILO estimate)",2002,10.39,,1
TTO,Trinidad and Tobago,SL.UEM.TOTL.ZS,"Unemployment, total (% of total labor force) (modeled ILO estimate)",2001,10.88,,1
TTO,Trinidad and Tobago,SL.UEM.TOTL.ZS,"Unemployment, total (% of total labor force) (modeled ILO estimate)",2000,12.1,,1
TTO,Trinidad and Tobago,SL.UEM.TOTL.ZS,"Unemployment, total (% of total labor force) (modeled ILO estimate)",1999,13.12,,1
TTO,Trinidad and Tobago,SL.UEM.TOTL.ZS,"Unemployment, total (% of total labor force) (modeled ILO estimate)",1998,14.21,,1
TTO,Trinidad and Tobago,SL.UEM.TOTL.ZS,"Unemployment, total (% of total labor force) (modeled ILO estimate)",1997,15.01,,1
TTO,Trinidad and Tobago,SL.UEM.TOTL.ZS,"Unemployment, total (% of total labor force) (modeled ILO estimate)",1996,16.25,,1
TTO,Trinidad and Tobago,SL.UEM.TOTL.ZS,"Unemployment, total (% of total labor force) (modeled ILO estimate)",1995,17.22,,1
TTO,Trinidad and Tobago,SL.UEM.TOTL.ZS,"Unemployment, total (% of total labor force) (modeled ILO estimate)",1994,18.44,,1
TTO,Trinidad and Tobago,SL.UEM.TOTL.ZS,"Unemployment, total (% of total labor force) (modeled ILO estimate)",1993,19.81,,1
TTO,Trinidad and Tobago,SL.UEM.TOTL.ZS,"Unemployment, total (% of total labor force) (modeled ILO estimate)",1992,19.66,,1
TTO,Trinidad and Tobago,SL.UEM.TOTL.ZS,"Unemployment, total (% of total labor force) (modeled ILO estimate)",1991,18.52,,1
TUN,Tunisia,SL.UEM.TOTL.ZS,"Unemployment, total (% of total labor force) (modeled ILO estimate)",2024,15.341,,1
TUN,Tunisia,SL.UEM.TOTL.ZS,"Unemployment, total (% of total labor force) (modeled ILO estimate)",2023,15.106,,1
TUN,Tunisia,SL.UEM.TOTL.ZS,"Unemployment, total (% of total labor force) (modeled ILO estimate)",2022,15.3,,1
TUN,Tunisia,SL.UEM.TOTL.ZS,"Unemployment, total (% of total labor force) (modeled ILO estimate)",2021,16.632,,1
TUN,Tunisia,SL.UEM.TOTL.ZS,"Unemployment, total (% of total labor force) (modeled ILO estimate)",2020,17.651,,1
TUN,Tunisia,SL.UEM.TOTL.ZS,"Unemployment, total (% of total labor force) (modeled ILO estimate)",2019,17.153,,1
TUN,Tunisia,SL.UEM.TOTL.ZS,"Unemployment, total (% of total labor force) (modeled ILO estimate)",2018,15.459,,1
TUN,Tunisia,SL.UEM.TOTL.ZS,"Unemployment, total (% of total labor force) (modeled ILO estimate)",2017,15.33,,1
TUN,Tunisia,SL.UEM.TOTL.ZS,"Unemployment, total (% of total labor force) (modeled ILO estimate)",2016,15.557,,1
TUN,Tunisia,SL.UEM.TOTL.ZS,"Unemployment, total (% of total labor force) (modeled ILO estimate)",2015,15.159,,1
TUN,Tunisia,SL.UEM.TOTL.ZS,"Unemployment, total (% of total labor force) (modeled ILO estimate)",2014,14.259,,1
TUN,Tunisia,SL.UEM.TOTL.ZS,"Unemployment, total (% of total labor force) (modeled ILO estimate)",2013,15.934,,1
TUN,Tunisia,SL.UEM.TOTL.ZS,"Unemployment, total (% of total labor force) (modeled ILO estimate)",2012,17.63,,1
TUN,Tunisia,SL.UEM.TOTL.ZS,"Unemployment, total (% of total labor force) (modeled ILO estimate)",2011,18.334,,1
TUN,Tunisia,SL.UEM.TOTL.ZS,"Unemployment, total (% of total labor force) (modeled ILO estimate)",2010,13.049,,1
TUN,Tunisia,SL.UEM.TOTL.ZS,"Unemployment, total (% of total labor force) (modeled ILO estimate)",2009,13.29,,1
TUN,Tunisia,SL.UEM.TOTL.ZS,"Unemployment, total (% of total labor force) (modeled ILO estimate)",2008,12.444,,1
TUN,Tunisia,SL.UEM.TOTL.ZS,"Unemployment, total (% of total labor force) (modeled ILO estimate)",2007,12.365,,1
TUN,Tunisia,SL.UEM.TOTL.ZS,"Unemployment, total (% of total labor force) (modeled ILO estimate)",2006,12.51,,1
TUN,Tunisia,SL.UEM.TOTL.ZS,"Unemployment, total (% of total labor force) (modeled ILO estimate)",2005,12.872,,1
TUN,Tunisia,SL.UEM.TOTL.ZS,"Unemployment, total (% of total labor force) (modeled ILO estimate)",2004,14.23,,1
TUN,Tunisia,SL.UEM.TOTL.ZS,"Unemployment, total (% of total labor force) (modeled ILO estimate)",2003,14.51,,1
TUN,Tunisia,SL.UEM.TOTL.ZS,"Unemployment, total (% of total labor force) (modeled ILO estimate)",2002,14.55,,1
TUN,Tunisia,SL.UEM.TOTL.ZS,"Unemployment, total (% of total labor force) (modeled ILO estimate)",2001,14.4,,1
TUN,Tunisia,SL.UEM.TOTL.ZS,"Unemployment, total (% of total labor force) (modeled ILO estimate)",2000,14.94,,1
TUN,Tunisia,SL.UEM.TOTL.ZS,"Unemployment, total (% of total labor force) (modeled ILO estimate)",1999,15.21,,1
TUN,Tunisia,SL.UEM.TOTL.ZS,"Unemployment, total (% of total labor force) (modeled ILO estimate)",1998,15.473,,1
TUN,Tunisia,SL.UEM.TOTL.ZS,"Unemployment, total (% of total labor force) (modeled ILO estimate)",1997,15.94,,1
TUN,Tunisia,SL.UEM.TOTL.ZS,"Unemployment, total (% of total labor force) (modeled ILO estimate)",1996,16.061,,1
TUN,Tunisia,SL.UEM.TOTL.ZS,"Unemployment, total (% of total labor force) (modeled ILO estimate)",1995,16.348,,1
TUN,Tunisia,SL.UEM.TOTL.ZS,"Unemployment, total (% of total labor force) (modeled ILO estimate)",1994,16.006,,1
TUN,Tunisia,SL.UEM.TOTL.ZS,"Unemployment, total (% of total labor force) (modeled ILO estimate)",1993,15.948,,1
TUN,Tunisia,SL.UEM.TOTL.ZS,"Unemployment, total (% of total labor force) (modeled ILO estimate)",1992,15.598,,1
TUN,Tunisia,SL.UEM.TOTL.ZS,"Unemployment, total (% of total labor force) (modeled ILO estimate)",1991,15.935,,1
TUR,Turkiye,SL.UEM.TOTL.ZS,"Unemployment, total (% of total labor force) (modeled ILO estimate)",2024,8.8,,1
TUR,Turkiye,SL.UEM.TOTL.ZS,"Unemployment, total (% of total labor force) (modeled ILO estimate)",2023,9.388,,1
TUR,Turkiye,SL.UEM.TOTL.ZS,"Unemployment, total (% of total labor force) (modeled ILO estimate)",2022,10.465,,1
TUR,Turkiye,SL.UEM.TOTL.ZS,"Unemployment, total (% of total labor force) (modeled ILO estimate)",2021,11.969,,1
TUR,Turkiye,SL.UEM.TOTL.ZS,"Unemployment, total (% of total labor force) (modeled ILO estimate)",2020,13.148,,1
TUR,Turkiye,SL.UEM.TOTL.ZS,"Unemployment, total (% of total labor force) (modeled ILO estimate)",2019,13.73,,1
TUR,Turkiye,SL.UEM.TOTL.ZS,"Unemployment, total (% of total labor force) (modeled ILO estimate)",2018,10.956,,1
TUR,Turkiye,SL.UEM.TOTL.ZS,"Unemployment, total (% of total labor force) (modeled ILO estimate)",2017,10.919,,1
TUR,Turkiye,SL.UEM.TOTL.ZS,"Unemployment, total (% of total labor force) (modeled ILO estimate)",2016,10.899,,1
TUR,Turkiye,SL.UEM.TOTL.ZS,"Unemployment, total (% of total labor force) (modeled ILO estimate)",2015,10.304,,1
TUR,Turkiye,SL.UEM.TOTL.ZS,"Unemployment, total (% of total labor force) (modeled ILO estimate)",2014,9.901,,1
TUR,Turkiye,SL.UEM.TOTL.ZS,"Unemployment, total (% of total labor force) (modeled ILO estimate)",2013,9.713,,1
TUR,Turkiye,SL.UEM.TOTL.ZS,"Unemployment, total (% of total labor force) (modeled ILO estimate)",2012,9.21,,1
TUR,Turkiye,SL.UEM.TOTL.ZS,"Unemployment, total (% of total labor force) (modeled ILO estimate)",2011,9.789,,1
TUR,Turkiye,SL.UEM.TOTL.ZS,"Unemployment, total (% of total labor force) (modeled ILO estimate)",2010,11.879,,1
TUR,Turkiye,SL.UEM.TOTL.ZS,"Unemployment, total (% of total labor force) (modeled ILO estimate)",2009,14.026,,1
TUR,Turkiye,SL.UEM.TOTL.ZS,"Unemployment, total (% of total labor force) (modeled ILO estimate)",2008,10.965,,1
TUR,Turkiye,SL.UEM.TOTL.ZS,"Unemployment, total (% of total labor force) (modeled ILO estimate)",2007,10.285,,1
TUR,Turkiye,SL.UEM.TOTL.ZS,"Unemployment, total (% of total labor force) (modeled ILO estimate)",2006,10.227,,1
TUR,Turkiye,SL.UEM.TOTL.ZS,"Unemployment, total (% of total labor force) (modeled ILO estimate)",2005,10.636,,1
TUR,Turkiye,SL.UEM.TOTL.ZS,"Unemployment, total (% of total labor force) (modeled ILO estimate)",2004,10.838,,1
TUR,Turkiye,SL.UEM.TOTL.ZS,"Unemployment, total (% of total labor force) (modeled ILO estimate)",2003,10.542,,1
TUR,Turkiye,SL.UEM.TOTL.ZS,"Unemployment, total (% of total labor force) (modeled ILO estimate)",2002,10.358,,1
TUR,Turkiye,SL.UEM.TOTL.ZS,"Unemployment, total (% of total labor force) (modeled ILO estimate)",2001,8.381,,1
TUR,Turkiye,SL.UEM.TOTL.ZS,"Unemployment, total (% of total labor force) (modeled ILO estimate)",2000,6.495,,1
TUR,Turkiye,SL.UEM.TOTL.ZS,"Unemployment, total (% of total labor force) (modeled ILO estimate)",1999,7.687,,1
TUR,Turkiye,SL.UEM.TOTL.ZS,"Unemployment, total (% of total labor force) (modeled ILO estimate)",1998,6.888,,1
TUR,Turkiye,SL.UEM.TOTL.ZS,"Unemployment, total (% of total labor force) (modeled ILO estimate)",1997,6.841,,1
TUR,Turkiye,SL.UEM.TOTL.ZS,"Unemployment, total (% of total labor force) (modeled ILO estimate)",1996,6.629,,1
TUR,Turkiye,SL.UEM.TOTL.ZS,"Unemployment, total (% of total labor force) (modeled ILO estimate)",1995,7.644,,1
TUR,Turkiye,SL.UEM.TOTL.ZS,"Unemployment, total (% of total labor force) (modeled ILO estimate)",1994,8.577,,1
TUR,Turkiye,SL.UEM.TOTL.ZS,"Unemployment, total (% of total labor force) (modeled ILO estimate)",1993,8.962,,1
TUR,Turkiye,SL.UEM.TOTL.ZS,"Unemployment, total (% of total labor force) (modeled ILO estimate)",1992,8.509,,1
TUR,Turkiye,SL.UEM.TOTL.ZS,"Unemployment, total (% of total labor force) (modeled ILO estimate)",1991,8.21,,1
TKM,Turkmenistan,SL.UEM.TOTL.ZS,"Unemployment, total (% of total labor force) (modeled ILO estimate)",2024,4.02,,1
TKM,Turkmenistan,SL.UEM.TOTL.ZS,"Unemployment, total (% of total labor force) (modeled ILO estimate)",2023,4.007,,1
TKM,Turkmenistan,SL.UEM.TOTL.ZS,"Unemployment, total (% of total labor force) (modeled ILO estimate)",2022,4.017,,1
TKM,Turkmenistan,SL.UEM.TOTL.ZS,"Unemployment, total (% of total labor force) (modeled ILO estimate)",2021,4.458,,1
TKM,Turkmenistan,SL.UEM.TOTL.ZS,"Unemployment, total (% of total labor force) (modeled ILO estimate)",2020,4.489,,1
TKM,Turkmenistan,SL.UEM.TOTL.ZS,"Unemployment, total (% of total labor force) (modeled ILO estimate)",2019,4.035,,1
TKM,Turkmenistan,SL.UEM.TOTL.ZS,"Unemployment, total (% of total labor force) (modeled ILO estimate)",2018,4.036,,1
TKM,Turkmenistan,SL.UEM.TOTL.ZS,"Unemployment, total (% of total labor force) (modeled ILO estimate)",2017,4.035,,1
TKM,Turkmenistan,SL.UEM.TOTL.ZS,"Unemployment, total (% of total labor force) (modeled ILO estimate)",2016,4.026,,1
TKM,Turkmenistan,SL.UEM.TOTL.ZS,"Unemployment, total (% of total labor force) (modeled ILO estimate)",2015,4.016,,1
TKM,Turkmenistan,SL.UEM.TOTL.ZS,"Unemployment, total (% of total labor force) (modeled ILO estimate)",2014,4.005,,1
TKM,Turkmenistan,SL.UEM.TOTL.ZS,"Unemployment, total (% of total labor force) (modeled ILO estimate)",2013,3.993,,1
TKM,Turkmenistan,SL.UEM.TOTL.ZS,"Unemployment, total (% of total labor force) (modeled ILO estimate)",2012,3.994,,1
TKM,Turkmenistan,SL.UEM.TOTL.ZS,"Unemployment, total (% of total labor force) (modeled ILO estimate)",2011,4.003,,1
TKM,Turkmenistan,SL.UEM.TOTL.ZS,"Unemployment, total (% of total labor force) (modeled ILO estimate)",2010,4,,1
TKM,Turkmenistan,SL.UEM.TOTL.ZS,"Unemployment, total (% of total labor force) (modeled ILO estimate)",2009,4,,1
TKM,Turkmenistan,SL.UEM.TOTL.ZS,"Unemployment, total (% of total labor force) (modeled ILO estimate)",2008,4.852,,1
TKM,Turkmenistan,SL.UEM.TOTL.ZS,"Unemployment, total (% of total labor force) (modeled ILO estimate)",2007,5.719,,1
TKM,Turkmenistan,SL.UEM.TOTL.ZS,"Unemployment, total (% of total labor force) (modeled ILO estimate)",2006,6.601,,1
TKM,Turkmenistan,SL.UEM.TOTL.ZS,"Unemployment, total (% of total labor force) (modeled ILO estimate)",2005,7.495,,1
TKM,Turkmenistan,SL.UEM.TOTL.ZS,"Unemployment, total (% of total labor force) (modeled ILO estimate)",2004,8.419,,1
TKM,Turkmenistan,SL.UEM.TOTL.ZS,"Unemployment, total (% of total labor force) (modeled ILO estimate)",2003,9.289,,1
TKM,Turkmenistan,SL.UEM.TOTL.ZS,"Unemployment, total (% of total labor force) (modeled ILO estimate)",2002,10.141,,1
TKM,Turkmenistan,SL.UEM.TOTL.ZS,"Unemployment, total (% of total labor force) (modeled ILO estimate)",2001,10.898,,1
TKM,Turkmenistan,SL.UEM.TOTL.ZS,"Unemployment, total (% of total labor force) (modeled ILO estimate)",2000,11.73,,1
TKM,Turkmenistan,SL.UEM.TOTL.ZS,"Unemployment, total (% of total labor force) (modeled ILO estimate)",1999,12.7,,1
TKM,Turkmenistan,SL.UEM.TOTL.ZS,"Unemployment, total (% of total labor force) (modeled ILO estimate)",1998,12.2,,1
TKM,Turkmenistan,SL.UEM.TOTL.ZS,"Unemployment, total (% of total labor force) (modeled ILO estimate)",1997,11,,1
TKM,Turkmenistan,SL.UEM.TOTL.ZS,"Unemployment, total (% of total labor force) (modeled ILO estimate)",1996,10.3,,1
TKM,Turkmenistan,SL.UEM.TOTL.ZS,"Unemployment, total (% of total labor force) (modeled ILO estimate)",1995,8.3,,1
TKM,Turkmenistan,SL.UEM.TOTL.ZS,"Unemployment, total (% of total labor force) (modeled ILO estimate)",1994,4.7,,1
TKM,Turkmenistan,SL.UEM.TOTL.ZS,"Unemployment, total (% of total labor force) (modeled ILO estimate)",1993,1.5,,1
TKM,Turkmenistan,SL.UEM.TOTL.ZS,"Unemployment, total (% of total labor force) (modeled ILO estimate)",1992,1.5,,1
TKM,Turkmenistan,SL.UEM.TOTL.ZS,"Unemployment, total (% of total labor force) (modeled ILO estimate)",1991,1.4,,1
UGA,Uganda,SL.UEM.TOTL.ZS,"Unemployment, total (% of total labor force) (modeled ILO estimate)",2024,2.74,,1
UGA,Uganda,SL.UEM.TOTL.ZS,"Unemployment, total (% of total labor force) (modeled ILO estimate)",2023,2.754,,1
UGA,Uganda,SL.UEM.TOTL.ZS,"Unemployment, total (% of total labor force) (modeled ILO estimate)",2022,2.885,,1
UGA,Uganda,SL.UEM.TOTL.ZS,"Unemployment, total (% of total labor force) (modeled ILO estimate)",2021,3.416,,1
UGA,Uganda,SL.UEM.TOTL.ZS,"Unemployment, total (% of total labor force) (modeled ILO estimate)",2020,3.819,,1
UGA,Uganda,SL.UEM.TOTL.ZS,"Unemployment, total (% of total labor force) (modeled ILO estimate)",2019,3.057,,1
UGA,Uganda,SL.UEM.TOTL.ZS,"Unemployment, total (% of total labor force) (modeled ILO estimate)",2018,3.249,,1
UGA,Uganda,SL.UEM.TOTL.ZS,"Unemployment, total (% of total labor force) (modeled ILO estimate)",2017,3.428,,1
UGA,Uganda,SL.UEM.TOTL.ZS,"Unemployment, total (% of total labor force) (modeled ILO estimate)",2016,3.002,,1
UGA,Uganda,SL.UEM.TOTL.ZS,"Unemployment, total (% of total labor force) (modeled ILO estimate)",2015,2.681,,1
UGA,Uganda,SL.UEM.TOTL.ZS,"Unemployment, total (% of total labor force) (modeled ILO estimate)",2014,2.357,,1
UGA,Uganda,SL.UEM.TOTL.ZS,"Unemployment, total (% of total labor force) (modeled ILO estimate)",2013,1.91,,1
UGA,Uganda,SL.UEM.TOTL.ZS,"Unemployment, total (% of total labor force) (modeled ILO estimate)",2012,3.551,,1
UGA,Uganda,SL.UEM.TOTL.ZS,"Unemployment, total (% of total labor force) (modeled ILO estimate)",2011,3.523,,1
UGA,Uganda,SL.UEM.TOTL.ZS,"Unemployment, total (% of total labor force) (modeled ILO estimate)",2010,3.623,,1
UGA,Uganda,SL.UEM.TOTL.ZS,"Unemployment, total (% of total labor force) (modeled ILO estimate)",2009,3.6,,1
UGA,Uganda,SL.UEM.TOTL.ZS,"Unemployment, total (% of total labor force) (modeled ILO estimate)",2008,3.035,,1
UGA,Uganda,SL.UEM.TOTL.ZS,"Unemployment, total (% of total labor force) (modeled ILO estimate)",2007,2.667,,1
UGA,Uganda,SL.UEM.TOTL.ZS,"Unemployment, total (% of total labor force) (modeled ILO estimate)",2006,2.264,,1
UGA,Uganda,SL.UEM.TOTL.ZS,"Unemployment, total (% of total labor force) (modeled ILO estimate)",2005,1.9,,1
UGA,Uganda,SL.UEM.TOTL.ZS,"Unemployment, total (% of total labor force) (modeled ILO estimate)",2004,2.699,,1
UGA,Uganda,SL.UEM.TOTL.ZS,"Unemployment, total (% of total labor force) (modeled ILO estimate)",2003,3.6,,1
UGA,Uganda,SL.UEM.TOTL.ZS,"Unemployment, total (% of total labor force) (modeled ILO estimate)",2002,3.5,,1
UGA,Uganda,SL.UEM.TOTL.ZS,"Unemployment, total (% of total labor force) (modeled ILO estimate)",2001,3.522,,1
UGA,Uganda,SL.UEM.TOTL.ZS,"Unemployment, total (% of total labor force) (modeled ILO estimate)",2000,3.531,,1
UGA,Uganda,SL.UEM.TOTL.ZS,"Unemployment, total (% of total labor force) (modeled ILO estimate)",1999,3.46,,1
UGA,Uganda,SL.UEM.TOTL.ZS,"Unemployment, total (% of total labor force) (modeled ILO estimate)",1998,3.424,,1
UGA,Uganda,SL.UEM.TOTL.ZS,"Unemployment, total (% of total labor force) (modeled ILO estimate)",1997,3.209,,1
UGA,Uganda,SL.UEM.TOTL.ZS,"Unemployment, total (% of total labor force) (modeled ILO estimate)",1996,3.169,,1
UGA,Uganda,SL.UEM.TOTL.ZS,"Unemployment, total (% of total labor force) (modeled ILO estimate)",1995,3.193,,1
UGA,Uganda,SL.UEM.TOTL.ZS,"Unemployment, total (% of total labor force) (modeled ILO estimate)",1994,3.458,,1
UGA,Uganda,SL.UEM.TOTL.ZS,"Unemployment, total (% of total labor force) (modeled ILO estimate)",1993,3.487,,1
UGA,Uganda,SL.UEM.TOTL.ZS,"Unemployment, total (% of total labor force) (modeled ILO estimate)",1992,3.553,,1
UGA,Uganda,SL.UEM.TOTL.ZS,"Unemployment, total (% of total labor force) (modeled ILO estimate)",1991,3.448,,1
UKR,Ukraine,SL.UEM.TOTL.ZS,"Unemployment, total (% of total labor force) (modeled ILO estimate)",2021,9.834,,1
UKR,Ukraine,SL.UEM.TOTL.ZS,"Unemployment, total (% of total labor force) (modeled ILO estimate)",2020,9.475,,1
UKR,Ukraine,SL.UEM.TOTL.ZS,"Unemployment, total (% of total labor force) (modeled ILO estimate)",2019,8.194,,1
UKR,Ukraine,SL.UEM.TOTL.ZS,"Unemployment, total (% of total labor force) (modeled ILO estimate)",2018,8.799,,1
UKR,Ukraine,SL.UEM.TOTL.ZS,"Unemployment, total (% of total labor force) (modeled ILO estimate)",2017,9.5,,1
UKR,Ukraine,SL.UEM.TOTL.ZS,"Unemployment, total (% of total labor force) (modeled ILO estimate)",2016,9.35,,1
UKR,Ukraine,SL.UEM.TOTL.ZS,"Unemployment, total (% of total labor force) (modeled ILO estimate)",2015,9.14,,1
UKR,Ukraine,SL.UEM.TOTL.ZS,"Unemployment, total (% of total labor force) (modeled ILO estimate)",2014,9.27,,1
UKR,Ukraine,SL.UEM.TOTL.ZS,"Unemployment, total (% of total labor force) (modeled ILO estimate)",2013,7.17,,1
UKR,Ukraine,SL.UEM.TOTL.ZS,"Unemployment, total (% of total labor force) (modeled ILO estimate)",2012,7.529,,1
UKR,Ukraine,SL.UEM.TOTL.ZS,"Unemployment, total (% of total labor force) (modeled ILO estimate)",2011,7.851,,1
UKR,Ukraine,SL.UEM.TOTL.ZS,"Unemployment, total (% of total labor force) (modeled ILO estimate)",2010,8.1,,1
UKR,Ukraine,SL.UEM.TOTL.ZS,"Unemployment, total (% of total labor force) (modeled ILO estimate)",2009,8.84,,1
UKR,Ukraine,SL.UEM.TOTL.ZS,"Unemployment, total (% of total labor force) (modeled ILO estimate)",2008,6.363,,1
UKR,Ukraine,SL.UEM.TOTL.ZS,"Unemployment, total (% of total labor force) (modeled ILO estimate)",2007,6.351,,1
UKR,Ukraine,SL.UEM.TOTL.ZS,"Unemployment, total (% of total labor force) (modeled ILO estimate)",2006,6.81,,1
UKR,Ukraine,SL.UEM.TOTL.ZS,"Unemployment, total (% of total labor force) (modeled ILO estimate)",2005,7.18,,1
UKR,Ukraine,SL.UEM.TOTL.ZS,"Unemployment, total (% of total labor force) (modeled ILO estimate)",2004,8.59,,1
UKR,Ukraine,SL.UEM.TOTL.ZS,"Unemployment, total (% of total labor force) (modeled ILO estimate)",2003,9.057,,1
UKR,Ukraine,SL.UEM.TOTL.ZS,"Unemployment, total (% of total labor force) (modeled ILO estimate)",2002,10.136,,1
UKR,Ukraine,SL.UEM.TOTL.ZS,"Unemployment, total (% of total labor force) (modeled ILO estimate)",2001,11.061,,1
UKR,Ukraine,SL.UEM.TOTL.ZS,"Unemployment, total (% of total labor force) (modeled ILO estimate)",2000,11.707,,1
UKR,Ukraine,SL.UEM.TOTL.ZS,"Unemployment, total (% of total labor force) (modeled ILO estimate)",1999,11.864,,1
UKR,Ukraine,SL.UEM.TOTL.ZS,"Unemployment, total (% of total labor force) (modeled ILO estimate)",1998,11.32,,1
UKR,Ukraine,SL.UEM.TOTL.ZS,"Unemployment, total (% of total labor force) (modeled ILO estimate)",1997,8.93,,1
UKR,Ukraine,SL.UEM.TOTL.ZS,"Unemployment, total (% of total labor force) (modeled ILO estimate)",1996,7.65,,1
UKR,Ukraine,SL.UEM.TOTL.ZS,"Unemployment, total (% of total labor force) (modeled ILO estimate)",1995,5.62,,1
UKR,Ukraine,SL.UEM.TOTL.ZS,"Unemployment, total (% of total labor force) (modeled ILO estimate)",1994,2,,1
UKR,Ukraine,SL.UEM.TOTL.ZS,"Unemployment, total (% of total labor force) (modeled ILO estimate)",1993,2,,1
UKR,Ukraine,SL.UEM.TOTL.ZS,"Unemployment, total (% of total labor force) (modeled ILO estimate)",1992,1.9,,1
UKR,Ukraine,SL.UEM.TOTL.ZS,"Unemployment, total (% of total labor force) (modeled ILO estimate)",1991,1.9,,1
ARE,United Arab Emirates,SL.UEM.TOTL.ZS,"Unemployment, total (% of total labor force) (modeled ILO estimate)",2024,2.16,,1
ARE,United Arab Emirates,SL.UEM.TOTL.ZS,"Unemployment, total (% of total labor force) (modeled ILO estimate)",2023,2.151,,1
ARE,United Arab Emirates,SL.UEM.TOTL.ZS,"Unemployment, total (% of total labor force) (modeled ILO estimate)",2022,2.872,,1
ARE,United Arab Emirates,SL.UEM.TOTL.ZS,"Unemployment, total (% of total labor force) (modeled ILO estimate)",2021,3.105,,1
ARE,United Arab Emirates,SL.UEM.TOTL.ZS,"Unemployment, total (% of total labor force) (modeled ILO estimate)",2020,4.294,,1
ARE,United Arab Emirates,SL.UEM.TOTL.ZS,"Unemployment, total (% of total labor force) (modeled ILO estimate)",2019,2.331,,1
ARE,United Arab Emirates,SL.UEM.TOTL.ZS,"Unemployment, total (% of total labor force) (modeled ILO estimate)",2018,2.236,,1
ARE,United Arab Emirates,SL.UEM.TOTL.ZS,"Unemployment, total (% of total labor force) (modeled ILO estimate)",2017,2.462,,1
ARE,United Arab Emirates,SL.UEM.TOTL.ZS,"Unemployment, total (% of total labor force) (modeled ILO estimate)",2016,1.64,,1
ARE,United Arab Emirates,SL.UEM.TOTL.ZS,"Unemployment, total (% of total labor force) (modeled ILO estimate)",2015,1.793,,1
ARE,United Arab Emirates,SL.UEM.TOTL.ZS,"Unemployment, total (% of total labor force) (modeled ILO estimate)",2014,1.999,,1
ARE,United Arab Emirates,SL.UEM.TOTL.ZS,"Unemployment, total (% of total labor force) (modeled ILO estimate)",2013,2.125,,1
ARE,United Arab Emirates,SL.UEM.TOTL.ZS,"Unemployment, total (% of total labor force) (modeled ILO estimate)",2012,2.323,,1
ARE,United Arab Emirates,SL.UEM.TOTL.ZS,"Unemployment, total (% of total labor force) (modeled ILO estimate)",2011,2.587,,1
ARE,United Arab Emirates,SL.UEM.TOTL.ZS,"Unemployment, total (% of total labor force) (modeled ILO estimate)",2010,2.798,,1
ARE,United Arab Emirates,SL.UEM.TOTL.ZS,"Unemployment, total (% of total labor force) (modeled ILO estimate)",2009,2.932,,1
ARE,United Arab Emirates,SL.UEM.TOTL.ZS,"Unemployment, total (% of total labor force) (modeled ILO estimate)",2008,2.818,,1
ARE,United Arab Emirates,SL.UEM.TOTL.ZS,"Unemployment, total (% of total labor force) (modeled ILO estimate)",2007,2.934,,1
ARE,United Arab Emirates,SL.UEM.TOTL.ZS,"Unemployment, total (% of total labor force) (modeled ILO estimate)",2006,2.964,,1
ARE,United Arab Emirates,SL.UEM.TOTL.ZS,"Unemployment, total (% of total labor force) (modeled ILO estimate)",2005,3.12,,1
ARE,United Arab Emirates,SL.UEM.TOTL.ZS,"Unemployment, total (% of total labor force) (modeled ILO estimate)",2004,2.965,,1
ARE,United Arab Emirates,SL.UEM.TOTL.ZS,"Unemployment, total (% of total labor force) (modeled ILO estimate)",2003,2.903,,1
ARE,United Arab Emirates,SL.UEM.TOTL.ZS,"Unemployment, total (% of total labor force) (modeled ILO estimate)",2002,2.659,,1
ARE,United Arab Emirates,SL.UEM.TOTL.ZS,"Unemployment, total (% of total labor force) (modeled ILO estimate)",2001,2.443,,1
ARE,United Arab Emirates,SL.UEM.TOTL.ZS,"Unemployment, total (% of total labor force) (modeled ILO estimate)",2000,2.25,,1
ARE,United Arab Emirates,SL.UEM.TOTL.ZS,"Unemployment, total (% of total labor force) (modeled ILO estimate)",1999,2.195,,1
ARE,United Arab Emirates,SL.UEM.TOTL.ZS,"Unemployment, total (% of total labor force) (modeled ILO estimate)",1998,2.068,,1
ARE,United Arab Emirates,SL.UEM.TOTL.ZS,"Unemployment, total (% of total labor force) (modeled ILO estimate)",1997,1.906,,1
ARE,United Arab Emirates,SL.UEM.TOTL.ZS,"Unemployment, total (% of total labor force) (modeled ILO estimate)",1996,1.836,,1
ARE,United Arab Emirates,SL.UEM.TOTL.ZS,"Unemployment, total (% of total labor force) (modeled ILO estimate)",1995,1.8,,1
ARE,United Arab Emirates,SL.UEM.TOTL.ZS,"Unemployment, total (% of total labor force) (modeled ILO estimate)",1994,1.834,,1
ARE,United Arab Emirates,SL.UEM.TOTL.ZS,"Unemployment, total (% of total labor force) (modeled ILO estimate)",1993,1.901,,1
ARE,United Arab Emirates,SL.UEM.TOTL.ZS,"Unemployment, total (% of total labor force) (modeled ILO estimate)",1992,1.715,,1
ARE,United Arab Emirates,SL.UEM.TOTL.ZS,"Unemployment, total (% of total labor force) (modeled ILO estimate)",1991,1.629,,1
GBR,United Kingdom,SL.UEM.TOTL.ZS,"Unemployment, total (% of total labor force) (modeled ILO estimate)",2024,4.361,,1
GBR,United Kingdom,SL.UEM.TOTL.ZS,"Unemployment, total (% of total labor force) (modeled ILO estimate)",2023,4.025,,1
GBR,United Kingdom,SL.UEM.TOTL.ZS,"Unemployment, total (% of total labor force) (modeled ILO estimate)",2022,3.768,,1
GBR,United Kingdom,SL.UEM.TOTL.ZS,"Unemployment, total (% of total labor force) (modeled ILO estimate)",2021,4.864,,1
GBR,United Kingdom,SL.UEM.TOTL.ZS,"Unemployment, total (% of total labor force) (modeled ILO estimate)",2020,4.472,,1
GBR,United Kingdom,SL.UEM.TOTL.ZS,"Unemployment, total (% of total labor force) (modeled ILO estimate)",2019,3.657,,1
GBR,United Kingdom,SL.UEM.TOTL.ZS,"Unemployment, total (% of total labor force) (modeled ILO estimate)",2018,4.145,,1
GBR,United Kingdom,SL.UEM.TOTL.ZS,"Unemployment, total (% of total labor force) (modeled ILO estimate)",2017,4.501,,1
GBR,United Kingdom,SL.UEM.TOTL.ZS,"Unemployment, total (% of total labor force) (modeled ILO estimate)",2016,4.909,,1
GBR,United Kingdom,SL.UEM.TOTL.ZS,"Unemployment, total (% of total labor force) (modeled ILO estimate)",2015,5.552,,1
GBR,United Kingdom,SL.UEM.TOTL.ZS,"Unemployment, total (% of total labor force) (modeled ILO estimate)",2014,6.398,,1
GBR,United Kingdom,SL.UEM.TOTL.ZS,"Unemployment, total (% of total labor force) (modeled ILO estimate)",2013,7.752,,1
GBR,United Kingdom,SL.UEM.TOTL.ZS,"Unemployment, total (% of total labor force) (modeled ILO estimate)",2012,8.279,,1
GBR,United Kingdom,SL.UEM.TOTL.ZS,"Unemployment, total (% of total labor force) (modeled ILO estimate)",2011,8.195,,1
GBR,United Kingdom,SL.UEM.TOTL.ZS,"Unemployment, total (% of total labor force) (modeled ILO estimate)",2010,7.973,,1
GBR,United Kingdom,SL.UEM.TOTL.ZS,"Unemployment, total (% of total labor force) (modeled ILO estimate)",2009,7.683,,1
GBR,United Kingdom,SL.UEM.TOTL.ZS,"Unemployment, total (% of total labor force) (modeled ILO estimate)",2008,5.748,,1
GBR,United Kingdom,SL.UEM.TOTL.ZS,"Unemployment, total (% of total labor force) (modeled ILO estimate)",2007,5.399,,1
GBR,United Kingdom,SL.UEM.TOTL.ZS,"Unemployment, total (% of total labor force) (modeled ILO estimate)",2006,5.472,,1
GBR,United Kingdom,SL.UEM.TOTL.ZS,"Unemployment, total (% of total labor force) (modeled ILO estimate)",2005,4.884,,1
GBR,United Kingdom,SL.UEM.TOTL.ZS,"Unemployment, total (% of total labor force) (modeled ILO estimate)",2004,4.594,,1
GBR,United Kingdom,SL.UEM.TOTL.ZS,"Unemployment, total (% of total labor force) (modeled ILO estimate)",2003,4.807,,1
GBR,United Kingdom,SL.UEM.TOTL.ZS,"Unemployment, total (% of total labor force) (modeled ILO estimate)",2002,5.037,,1
GBR,United Kingdom,SL.UEM.TOTL.ZS,"Unemployment, total (% of total labor force) (modeled ILO estimate)",2001,4.696,,1
GBR,United Kingdom,SL.UEM.TOTL.ZS,"Unemployment, total (% of total labor force) (modeled ILO estimate)",2000,5.558,,1
GBR,United Kingdom,SL.UEM.TOTL.ZS,"Unemployment, total (% of total labor force) (modeled ILO estimate)",1999,6.042,,1
GBR,United Kingdom,SL.UEM.TOTL.ZS,"Unemployment, total (% of total labor force) (modeled ILO estimate)",1998,6.198,,1
GBR,United Kingdom,SL.UEM.TOTL.ZS,"Unemployment, total (% of total labor force) (modeled ILO estimate)",1997,7.072,,1
GBR,United Kingdom,SL.UEM.TOTL.ZS,"Unemployment, total (% of total labor force) (modeled ILO estimate)",1996,8.189,,1
GBR,United Kingdom,SL.UEM.TOTL.ZS,"Unemployment, total (% of total labor force) (modeled ILO estimate)",1995,8.694,,1
GBR,United Kingdom,SL.UEM.TOTL.ZS,"Unemployment, total (% of total labor force) (modeled ILO estimate)",1994,9.648,,1
GBR,United Kingdom,SL.UEM.TOTL.ZS,"Unemployment, total (% of total labor force) (modeled ILO estimate)",1993,10.346,,1
GBR,United Kingdom,SL.UEM.TOTL.ZS,"Unemployment, total (% of total labor force) (modeled ILO estimate)",1992,9.772,,1
GBR,United Kingdom,SL.UEM.TOTL.ZS,"Unemployment, total (% of total labor force) (modeled ILO estimate)",1991,8.55,,1
USA,United States,SL.UEM.TOTL.ZS,"Unemployment, total (% of total labor force) (modeled ILO estimate)",2024,4.022,,1
USA,United States,SL.UEM.TOTL.ZS,"Unemployment, total (% of total labor force) (modeled ILO estimate)",2023,3.638,,1
USA,United States,SL.UEM.TOTL.ZS,"Unemployment, total (% of total labor force) (modeled ILO estimate)",2022,3.65,,1
USA,United States,SL.UEM.TOTL.ZS,"Unemployment, total (% of total labor force) (modeled ILO estimate)",2021,5.349,,1
USA,United States,SL.UEM.TOTL.ZS,"Unemployment, total (% of total labor force) (modeled ILO estimate)",2020,8.055,,1
USA,United States,SL.UEM.TOTL.ZS,"Unemployment, total (% of total labor force) (modeled ILO estimate)",2019,3.669,,1
USA,United States,SL.UEM.TOTL.ZS,"Unemployment, total (% of total labor force) (modeled ILO estimate)",2018,3.896,,1
USA,United States,SL.UEM.TOTL.ZS,"Unemployment, total (% of total labor force) (modeled ILO estimate)",2017,4.355,,1
USA,United States,SL.UEM.TOTL.ZS,"Unemployment, total (% of total labor force) (modeled ILO estimate)",2016,4.869,,1
USA,United States,SL.UEM.TOTL.ZS,"Unemployment, total (% of total labor force) (modeled ILO estimate)",2015,5.28,,1
USA,United States,SL.UEM.TOTL.ZS,"Unemployment, total (% of total labor force) (modeled ILO estimate)",2014,6.168,,1
USA,United States,SL.UEM.TOTL.ZS,"Unemployment, total (% of total labor force) (modeled ILO estimate)",2013,7.375,,1
USA,United States,SL.UEM.TOTL.ZS,"Unemployment, total (% of total labor force) (modeled ILO estimate)",2012,8.069,,1
USA,United States,SL.UEM.TOTL.ZS,"Unemployment, total (% of total labor force) (modeled ILO estimate)",2011,8.949,,1
USA,United States,SL.UEM.TOTL.ZS,"Unemployment, total (% of total labor force) (modeled ILO estimate)",2010,9.633,,1
USA,United States,SL.UEM.TOTL.ZS,"Unemployment, total (% of total labor force) (modeled ILO estimate)",2009,9.254,,1
USA,United States,SL.UEM.TOTL.ZS,"Unemployment, total (% of total labor force) (modeled ILO estimate)",2008,5.784,,1
USA,United States,SL.UEM.TOTL.ZS,"Unemployment, total (% of total labor force) (modeled ILO estimate)",2007,4.622,,1
USA,United States,SL.UEM.TOTL.ZS,"Unemployment, total (% of total labor force) (modeled ILO estimate)",2006,4.623,,1
USA,United States,SL.UEM.TOTL.ZS,"Unemployment, total (% of total labor force) (modeled ILO estimate)",2005,5.084,,1
USA,United States,SL.UEM.TOTL.ZS,"Unemployment, total (% of total labor force) (modeled ILO estimate)",2004,5.529,,1
USA,United States,SL.UEM.TOTL.ZS,"Unemployment, total (% of total labor force) (modeled ILO estimate)",2003,5.989,,1
USA,United States,SL.UEM.TOTL.ZS,"Unemployment, total (% of total labor force) (modeled ILO estimate)",2002,5.783,,1
USA,United States,SL.UEM.TOTL.ZS,"Unemployment, total (% of total labor force) (modeled ILO estimate)",2001,4.731,,1
USA,United States,SL.UEM.TOTL.ZS,"Unemployment, total (% of total labor force) (modeled ILO estimate)",2000,3.992,,1
USA,United States,SL.UEM.TOTL.ZS,"Unemployment, total (% of total labor force) (modeled ILO estimate)",1999,4.219,,1
USA,United States,SL.UEM.TOTL.ZS,"Unemployment, total (% of total labor force) (modeled ILO estimate)",1998,4.511,,1
USA,United States,SL.UEM.TOTL.ZS,"Unemployment, total (% of total labor force) (modeled ILO estimate)",1997,5,,1
USA,United States,SL.UEM.TOTL.ZS,"Unemployment, total (% of total labor force) (modeled ILO estimate)",1996,5.451,,1
USA,United States,SL.UEM.TOTL.ZS,"Unemployment, total (% of total labor force) (modeled ILO estimate)",1995,5.65,,1
USA,United States,SL.UEM.TOTL.ZS,"Unemployment, total (% of total labor force) (modeled ILO estimate)",1994,6.119,,1
USA,United States,SL.UEM.TOTL.ZS,"Unemployment, total (% of total labor force) (modeled ILO estimate)",1993,6.9,,1
USA,United States,SL.UEM.TOTL.ZS,"Unemployment, total (% of total labor force) (modeled ILO estimate)",1992,7.5,,1
USA,United States,SL.UEM.TOTL.ZS,"Unemployment, total (% of total labor force) (modeled ILO estimate)",1991,6.8,,1
URY,Uruguay,SL.UEM.TOTL.ZS,"Unemployment, total (% of total labor force) (modeled ILO estimate)",2024,8.209,,1
URY,Uruguay,SL.UEM.TOTL.ZS,"Unemployment, total (% of total labor force) (modeled ILO estimate)",2023,8.355,,1
URY,Uruguay,SL.UEM.TOTL.ZS,"Unemployment, total (% of total labor force) (modeled ILO estimate)",2022,7.877,,1
URY,Uruguay,SL.UEM.TOTL.ZS,"Unemployment, total (% of total labor force) (modeled ILO estimate)",2021,9.328,,1
URY,Uruguay,SL.UEM.TOTL.ZS,"Unemployment, total (% of total labor force) (modeled ILO estimate)",2020,10.413,,1
URY,Uruguay,SL.UEM.TOTL.ZS,"Unemployment, total (% of total labor force) (modeled ILO estimate)",2019,8.836,,1
URY,Uruguay,SL.UEM.TOTL.ZS,"Unemployment, total (% of total labor force) (modeled ILO estimate)",2018,8.336,,1
URY,Uruguay,SL.UEM.TOTL.ZS,"Unemployment, total (% of total labor force) (modeled ILO estimate)",2017,7.89,,1
URY,Uruguay,SL.UEM.TOTL.ZS,"Unemployment, total (% of total labor force) (modeled ILO estimate)",2016,7.841,,1
URY,Uruguay,SL.UEM.TOTL.ZS,"Unemployment, total (% of total labor force) (modeled ILO estimate)",2015,7.488,,1
URY,Uruguay,SL.UEM.TOTL.ZS,"Unemployment, total (% of total labor force) (modeled ILO estimate)",2014,6.547,,1
URY,Uruguay,SL.UEM.TOTL.ZS,"Unemployment, total (% of total labor force) (modeled ILO estimate)",2013,6.444,,1
URY,Uruguay,SL.UEM.TOTL.ZS,"Unemployment, total (% of total labor force) (modeled ILO estimate)",2012,6.451,,1
URY,Uruguay,SL.UEM.TOTL.ZS,"Unemployment, total (% of total labor force) (modeled ILO estimate)",2011,6.307,,1
URY,Uruguay,SL.UEM.TOTL.ZS,"Unemployment, total (% of total labor force) (modeled ILO estimate)",2010,7.158,,1
URY,Uruguay,SL.UEM.TOTL.ZS,"Unemployment, total (% of total labor force) (modeled ILO estimate)",2009,7.74,,1
URY,Uruguay,SL.UEM.TOTL.ZS,"Unemployment, total (% of total labor force) (modeled ILO estimate)",2008,8.025,,1
URY,Uruguay,SL.UEM.TOTL.ZS,"Unemployment, total (% of total labor force) (modeled ILO estimate)",2007,9.403,,1
URY,Uruguay,SL.UEM.TOTL.ZS,"Unemployment, total (% of total labor force) (modeled ILO estimate)",2006,10.844,,1
URY,Uruguay,SL.UEM.TOTL.ZS,"Unemployment, total (% of total labor force) (modeled ILO estimate)",2005,12.009,,1
URY,Uruguay,SL.UEM.TOTL.ZS,"Unemployment, total (% of total labor force) (modeled ILO estimate)",2004,12.98,,1
URY,Uruguay,SL.UEM.TOTL.ZS,"Unemployment, total (% of total labor force) (modeled ILO estimate)",2003,16.661,,1
URY,Uruguay,SL.UEM.TOTL.ZS,"Unemployment, total (% of total labor force) (modeled ILO estimate)",2002,16.648,,1
URY,Uruguay,SL.UEM.TOTL.ZS,"Unemployment, total (% of total labor force) (modeled ILO estimate)",2001,15.052,,1
URY,Uruguay,SL.UEM.TOTL.ZS,"Unemployment, total (% of total labor force) (modeled ILO estimate)",2000,12.627,,1
URY,Uruguay,SL.UEM.TOTL.ZS,"Unemployment, total (% of total labor force) (modeled ILO estimate)",1999,10.466,,1
URY,Uruguay,SL.UEM.TOTL.ZS,"Unemployment, total (% of total labor force) (modeled ILO estimate)",1998,9.362,,1
URY,Uruguay,SL.UEM.TOTL.ZS,"Unemployment, total (% of total labor force) (modeled ILO estimate)",1997,11.44,,1
URY,Uruguay,SL.UEM.TOTL.ZS,"Unemployment, total (% of total labor force) (modeled ILO estimate)",1996,11.93,,1
URY,Uruguay,SL.UEM.TOTL.ZS,"Unemployment, total (% of total labor force) (modeled ILO estimate)",1995,10.02,,1
URY,Uruguay,SL.UEM.TOTL.ZS,"Unemployment, total (% of total labor force) (modeled ILO estimate)",1994,9.04,,1
URY,Uruguay,SL.UEM.TOTL.ZS,"Unemployment, total (% of total labor force) (modeled ILO estimate)",1993,8.35,,1
URY,Uruguay,SL.UEM.TOTL.ZS,"Unemployment, total (% of total labor force) (modeled ILO estimate)",1992,8.96,,1
URY,Uruguay,SL.UEM.TOTL.ZS,"Unemployment, total (% of total labor force) (modeled ILO estimate)",1991,8.95,,1
UZB,Uzbekistan,SL.UEM.TOTL.ZS,"Unemployment, total (% of total labor force) (modeled ILO estimate)",2024,4.439,,1
UZB,Uzbekistan,SL.UEM.TOTL.ZS,"Unemployment, total (% of total labor force) (modeled ILO estimate)",2023,4.434,,1
UZB,Uzbekistan,SL.UEM.TOTL.ZS,"Unemployment, total (% of total labor force) (modeled ILO estimate)",2022,4.456,,1
UZB,Uzbekistan,SL.UEM.TOTL.ZS,"Unemployment, total (% of total labor force) (modeled ILO estimate)",2021,5.364,,1
UZB,Uzbekistan,SL.UEM.TOTL.ZS,"Unemployment, total (% of total labor force) (modeled ILO estimate)",2020,5.293,,1
UZB,Uzbekistan,SL.UEM.TOTL.ZS,"Unemployment, total (% of total labor force) (modeled ILO estimate)",2019,4.936,,1
UZB,Uzbekistan,SL.UEM.TOTL.ZS,"Unemployment, total (% of total labor force) (modeled ILO estimate)",2018,5.392,,1
UZB,Uzbekistan,SL.UEM.TOTL.ZS,"Unemployment, total (% of total labor force) (modeled ILO estimate)",2017,5.83,,1
UZB,Uzbekistan,SL.UEM.TOTL.ZS,"Unemployment, total (% of total labor force) (modeled ILO estimate)",2016,5.16,,1
UZB,Uzbekistan,SL.UEM.TOTL.ZS,"Unemployment, total (% of total labor force) (modeled ILO estimate)",2015,5.15,,1
UZB,Uzbekistan,SL.UEM.TOTL.ZS,"Unemployment, total (% of total labor force) (modeled ILO estimate)",2014,5.09,,1
UZB,Uzbekistan,SL.UEM.TOTL.ZS,"Unemployment, total (% of total labor force) (modeled ILO estimate)",2013,4.86,,1
UZB,Uzbekistan,SL.UEM.TOTL.ZS,"Unemployment, total (% of total labor force) (modeled ILO estimate)",2012,4.87,,1
UZB,Uzbekistan,SL.UEM.TOTL.ZS,"Unemployment, total (% of total labor force) (modeled ILO estimate)",2011,4.96,,1
UZB,Uzbekistan,SL.UEM.TOTL.ZS,"Unemployment, total (% of total labor force) (modeled ILO estimate)",2010,5.36,,1
UZB,Uzbekistan,SL.UEM.TOTL.ZS,"Unemployment, total (% of total labor force) (modeled ILO estimate)",2009,5.04,,1
UZB,Uzbekistan,SL.UEM.TOTL.ZS,"Unemployment, total (% of total labor force) (modeled ILO estimate)",2008,4.89,,1
UZB,Uzbekistan,SL.UEM.TOTL.ZS,"Unemployment, total (% of total labor force) (modeled ILO estimate)",2007,4.99,,1
UZB,Uzbekistan,SL.UEM.TOTL.ZS,"Unemployment, total (% of total labor force) (modeled ILO estimate)",2006,6.035,,1
UZB,Uzbekistan,SL.UEM.TOTL.ZS,"Unemployment, total (% of total labor force) (modeled ILO estimate)",2005,7.092,,1
UZB,Uzbekistan,SL.UEM.TOTL.ZS,"Unemployment, total (% of total labor force) (modeled ILO estimate)",2004,8.152,,1
UZB,Uzbekistan,SL.UEM.TOTL.ZS,"Unemployment, total (% of total labor force) (modeled ILO estimate)",2003,9.22,,1
UZB,Uzbekistan,SL.UEM.TOTL.ZS,"Unemployment, total (% of total labor force) (modeled ILO estimate)",2002,10.256,,1
UZB,Uzbekistan,SL.UEM.TOTL.ZS,"Unemployment, total (% of total labor force) (modeled ILO estimate)",2001,11.279,,1
UZB,Uzbekistan,SL.UEM.TOTL.ZS,"Unemployment, total (% of total labor force) (modeled ILO estimate)",2000,12.301,,1
UZB,Uzbekistan,SL.UEM.TOTL.ZS,"Unemployment, total (% of total labor force) (modeled ILO estimate)",1999,13.3,,1
UZB,Uzbekistan,SL.UEM.TOTL.ZS,"Unemployment, total (% of total labor force) (modeled ILO estimate)",1998,13.3,,1
UZB,Uzbekistan,SL.UEM.TOTL.ZS,"Unemployment, total (% of total labor force) (modeled ILO estimate)",1997,10.9,,1
UZB,Uzbekistan,SL.UEM.TOTL.ZS,"Unemployment, total (% of total labor force) (modeled ILO estimate)",1996,10.7,,1
UZB,Uzbekistan,SL.UEM.TOTL.ZS,"Unemployment, total (% of total labor force) (modeled ILO estimate)",1995,7.8,,1
UZB,Uzbekistan,SL.UEM.TOTL.ZS,"Unemployment, total (% of total labor force) (modeled ILO estimate)",1994,7.3,,1
UZB,Uzbekistan,SL.UEM.TOTL.ZS,"Unemployment, total (% of total labor force) (modeled ILO estimate)",1993,4.9,,1
UZB,Uzbekistan,SL.UEM.TOTL.ZS,"Unemployment, total (% of total labor force) (modeled ILO estimate)",1992,2.9,,1
UZB,Uzbekistan,SL.UEM.TOTL.ZS,"Unemployment, total (% of total labor force) (modeled ILO estimate)",1991,1.9,,1
VUT,Vanuatu,SL.UEM.TOTL.ZS,"Unemployment, total (% of total labor force) (modeled ILO estimate)",2024,4.988,,1
VUT,Vanuatu,SL.UEM.TOTL.ZS,"Unemployment, total (% of total labor force) (modeled ILO estimate)",2023,5.011,,1
VUT,Vanuatu,SL.UEM.TOTL.ZS,"Unemployment, total (% of total labor force) (modeled ILO estimate)",2022,5.077,,1
VUT,Vanuatu,SL.UEM.TOTL.ZS,"Unemployment, total (% of total labor force) (modeled ILO estimate)",2021,4.776,,1
VUT,Vanuatu,SL.UEM.TOTL.ZS,"Unemployment, total (% of total labor force) (modeled ILO estimate)",2020,4.046,,1
VUT,Vanuatu,SL.UEM.TOTL.ZS,"Unemployment, total (% of total labor force) (modeled ILO estimate)",2019,5.444,,1
VUT,Vanuatu,SL.UEM.TOTL.ZS,"Unemployment, total (% of total labor force) (modeled ILO estimate)",2018,5.353,,1
VUT,Vanuatu,SL.UEM.TOTL.ZS,"Unemployment, total (% of total labor force) (modeled ILO estimate)",2017,5.247,,1
VUT,Vanuatu,SL.UEM.TOTL.ZS,"Unemployment, total (% of total labor force) (modeled ILO estimate)",2016,5.197,,1
VUT,Vanuatu,SL.UEM.TOTL.ZS,"Unemployment, total (% of total labor force) (modeled ILO estimate)",2015,5.168,,1
VUT,Vanuatu,SL.UEM.TOTL.ZS,"Unemployment, total (% of total labor force) (modeled ILO estimate)",2014,5.137,,1
VUT,Vanuatu,SL.UEM.TOTL.ZS,"Unemployment, total (% of total labor force) (modeled ILO estimate)",2013,5.038,,1
VUT,Vanuatu,SL.UEM.TOTL.ZS,"Unemployment, total (% of total labor force) (modeled ILO estimate)",2012,4.936,,1
VUT,Vanuatu,SL.UEM.TOTL.ZS,"Unemployment, total (% of total labor force) (modeled ILO estimate)",2011,4.811,,1
VUT,Vanuatu,SL.UEM.TOTL.ZS,"Unemployment, total (% of total labor force) (modeled ILO estimate)",2010,4.681,,1
VUT,Vanuatu,SL.UEM.TOTL.ZS,"Unemployment, total (% of total labor force) (modeled ILO estimate)",2009,4.565,,1
VUT,Vanuatu,SL.UEM.TOTL.ZS,"Unemployment, total (% of total labor force) (modeled ILO estimate)",2008,5.663,,1
VUT,Vanuatu,SL.UEM.TOTL.ZS,"Unemployment, total (% of total labor force) (modeled ILO estimate)",2007,6.855,,1
VUT,Vanuatu,SL.UEM.TOTL.ZS,"Unemployment, total (% of total labor force) (modeled ILO estimate)",2006,8.006,,1
VUT,Vanuatu,SL.UEM.TOTL.ZS,"Unemployment, total (% of total labor force) (modeled ILO estimate)",2005,8.121,,1
VUT,Vanuatu,SL.UEM.TOTL.ZS,"Unemployment, total (% of total labor force) (modeled ILO estimate)",2004,8.432,,1
VUT,Vanuatu,SL.UEM.TOTL.ZS,"Unemployment, total (% of total labor force) (modeled ILO estimate)",2003,8.659,,1
VUT,Vanuatu,SL.UEM.TOTL.ZS,"Unemployment, total (% of total labor force) (modeled ILO estimate)",2002,8.598,,1
VUT,Vanuatu,SL.UEM.TOTL.ZS,"Unemployment, total (% of total labor force) (modeled ILO estimate)",2001,8.415,,1
VUT,Vanuatu,SL.UEM.TOTL.ZS,"Unemployment, total (% of total labor force) (modeled ILO estimate)",2000,8.266,,1
VUT,Vanuatu,SL.UEM.TOTL.ZS,"Unemployment, total (% of total labor force) (modeled ILO estimate)",1999,8.29,,1
VUT,Vanuatu,SL.UEM.TOTL.ZS,"Unemployment, total (% of total labor force) (modeled ILO estimate)",1998,8.223,,1
VUT,Vanuatu,SL.UEM.TOTL.ZS,"Unemployment, total (% of total labor force) (modeled ILO estimate)",1997,8.221,,1
VUT,Vanuatu,SL.UEM.TOTL.ZS,"Unemployment, total (% of total labor force) (modeled ILO estimate)",1996,8.091,,1
VUT,Vanuatu,SL.UEM.TOTL.ZS,"Unemployment, total (% of total labor force) (modeled ILO estimate)",1995,8.134,,1
VUT,Vanuatu,SL.UEM.TOTL.ZS,"Unemployment, total (% of total labor force) (modeled ILO estimate)",1994,8.083,,1
VUT,Vanuatu,SL.UEM.TOTL.ZS,"Unemployment, total (% of total labor force) (modeled ILO estimate)",1993,8.262,,1
VUT,Vanuatu,SL.UEM.TOTL.ZS,"Unemployment, total (% of total labor force) (modeled ILO estimate)",1992,7.945,,1
VUT,Vanuatu,SL.UEM.TOTL.ZS,"Unemployment, total (% of total labor force) (modeled ILO estimate)",1991,7.976,,1
VEN,"Venezuela, RB",SL.UEM.TOTL.ZS,"Unemployment, total (% of total labor force) (modeled ILO estimate)",2024,5.321,,1
VEN,"Venezuela, RB",SL.UEM.TOTL.ZS,"Unemployment, total (% of total labor force) (modeled ILO estimate)",2023,5.407,,1
VEN,"Venezuela, RB",SL.UEM.TOTL.ZS,"Unemployment, total (% of total labor force) (modeled ILO estimate)",2022,5.646,,1
VEN,"Venezuela, RB",SL.UEM.TOTL.ZS,"Unemployment, total (% of total labor force) (modeled ILO estimate)",2021,7.027,,1
VEN,"Venezuela, RB",SL.UEM.TOTL.ZS,"Unemployment, total (% of total labor force) (modeled ILO estimate)",2020,7.53,,1
VEN,"Venezuela, RB",SL.UEM.TOTL.ZS,"Unemployment, total (% of total labor force) (modeled ILO estimate)",2019,5.89,,1
VEN,"Venezuela, RB",SL.UEM.TOTL.ZS,"Unemployment, total (% of total labor force) (modeled ILO estimate)",2018,5.468,,1
VEN,"Venezuela, RB",SL.UEM.TOTL.ZS,"Unemployment, total (% of total labor force) (modeled ILO estimate)",2017,5.045,,1
VEN,"Venezuela, RB",SL.UEM.TOTL.ZS,"Unemployment, total (% of total labor force) (modeled ILO estimate)",2016,5.319,,1
VEN,"Venezuela, RB",SL.UEM.TOTL.ZS,"Unemployment, total (% of total labor force) (modeled ILO estimate)",2015,6.139,,1
VEN,"Venezuela, RB",SL.UEM.TOTL.ZS,"Unemployment, total (% of total labor force) (modeled ILO estimate)",2014,6.821,,1
VEN,"Venezuela, RB",SL.UEM.TOTL.ZS,"Unemployment, total (% of total labor force) (modeled ILO estimate)",2013,7.54,,1
VEN,"Venezuela, RB",SL.UEM.TOTL.ZS,"Unemployment, total (% of total labor force) (modeled ILO estimate)",2012,6.601,,1
VEN,"Venezuela, RB",SL.UEM.TOTL.ZS,"Unemployment, total (% of total labor force) (modeled ILO estimate)",2011,6.902,,1
VEN,"Venezuela, RB",SL.UEM.TOTL.ZS,"Unemployment, total (% of total labor force) (modeled ILO estimate)",2010,7.112,,1
VEN,"Venezuela, RB",SL.UEM.TOTL.ZS,"Unemployment, total (% of total labor force) (modeled ILO estimate)",2009,6.097,,1
VEN,"Venezuela, RB",SL.UEM.TOTL.ZS,"Unemployment, total (% of total labor force) (modeled ILO estimate)",2008,6.245,,1
VEN,"Venezuela, RB",SL.UEM.TOTL.ZS,"Unemployment, total (% of total labor force) (modeled ILO estimate)",2007,7.279,,1
VEN,"Venezuela, RB",SL.UEM.TOTL.ZS,"Unemployment, total (% of total labor force) (modeled ILO estimate)",2006,8.606,,1
VEN,"Venezuela, RB",SL.UEM.TOTL.ZS,"Unemployment, total (% of total labor force) (modeled ILO estimate)",2005,10.663,,1
VEN,"Venezuela, RB",SL.UEM.TOTL.ZS,"Unemployment, total (% of total labor force) (modeled ILO estimate)",2004,15.07,,1
VEN,"Venezuela, RB",SL.UEM.TOTL.ZS,"Unemployment, total (% of total labor force) (modeled ILO estimate)",2003,16.78,,1
VEN,"Venezuela, RB",SL.UEM.TOTL.ZS,"Unemployment, total (% of total labor force) (modeled ILO estimate)",2002,16.17,,1
VEN,"Venezuela, RB",SL.UEM.TOTL.ZS,"Unemployment, total (% of total labor force) (modeled ILO estimate)",2001,13.04,,1
VEN,"Venezuela, RB",SL.UEM.TOTL.ZS,"Unemployment, total (% of total labor force) (modeled ILO estimate)",2000,13.99,,1
VEN,"Venezuela, RB",SL.UEM.TOTL.ZS,"Unemployment, total (% of total labor force) (modeled ILO estimate)",1999,14.53,,1
VEN,"Venezuela, RB",SL.UEM.TOTL.ZS,"Unemployment, total (% of total labor force) (modeled ILO estimate)",1998,11.15,,1
VEN,"Venezuela, RB",SL.UEM.TOTL.ZS,"Unemployment, total (% of total labor force) (modeled ILO estimate)",1997,11.16,,1
VEN,"Venezuela, RB",SL.UEM.TOTL.ZS,"Unemployment, total (% of total labor force) (modeled ILO estimate)",1996,11.77,,1
VEN,"Venezuela, RB",SL.UEM.TOTL.ZS,"Unemployment, total (% of total labor force) (modeled ILO estimate)",1995,10.24,,1
VEN,"Venezuela, RB",SL.UEM.TOTL.ZS,"Unemployment, total (% of total labor force) (modeled ILO estimate)",1994,8.56,,1
VEN,"Venezuela, RB",SL.UEM.TOTL.ZS,"Unemployment, total (% of total labor force) (modeled ILO estimate)",1993,6.6,,1
VEN,"Venezuela, RB",SL.UEM.TOTL.ZS,"Unemployment, total (% of total labor force) (modeled ILO estimate)",1992,7.69,,1
VEN,"Venezuela, RB",SL.UEM.TOTL.ZS,"Unemployment, total (% of total labor force) (modeled ILO estimate)",1991,9.45,,1
VNM,Viet Nam,SL.UEM.TOTL.ZS,"Unemployment, total (% of total labor force) (modeled ILO estimate)",2024,1.602,,1
VNM,Viet Nam,SL.UEM.TOTL.ZS,"Unemployment, total (% of total labor force) (modeled ILO estimate)",2023,1.645,,1
VNM,Viet Nam,SL.UEM.TOTL.ZS,"Unemployment, total (% of total labor force) (modeled ILO estimate)",2022,1.57,,1
VNM,Viet Nam,SL.UEM.TOTL.ZS,"Unemployment, total (% of total labor force) (modeled ILO estimate)",2021,2.383,,1
VNM,Viet Nam,SL.UEM.TOTL.ZS,"Unemployment, total (% of total labor force) (modeled ILO estimate)",2020,2.103,,1
VNM,Viet Nam,SL.UEM.TOTL.ZS,"Unemployment, total (% of total labor force) (modeled ILO estimate)",2019,1.681,,1
VNM,Viet Nam,SL.UEM.TOTL.ZS,"Unemployment, total (% of total labor force) (modeled ILO estimate)",2018,1.161,,1
VNM,Viet Nam,SL.UEM.TOTL.ZS,"Unemployment, total (% of total labor force) (modeled ILO estimate)",2017,1.874,,1
VNM,Viet Nam,SL.UEM.TOTL.ZS,"Unemployment, total (% of total labor force) (modeled ILO estimate)",2016,1.848,,1
VNM,Viet Nam,SL.UEM.TOTL.ZS,"Unemployment, total (% of total labor force) (modeled ILO estimate)",2015,1.848,,1
VNM,Viet Nam,SL.UEM.TOTL.ZS,"Unemployment, total (% of total labor force) (modeled ILO estimate)",2014,1.256,,1
VNM,Viet Nam,SL.UEM.TOTL.ZS,"Unemployment, total (% of total labor force) (modeled ILO estimate)",2013,1.316,,1
VNM,Viet Nam,SL.UEM.TOTL.ZS,"Unemployment, total (% of total labor force) (modeled ILO estimate)",2012,1.027,,1
VNM,Viet Nam,SL.UEM.TOTL.ZS,"Unemployment, total (% of total labor force) (modeled ILO estimate)",2011,0.999,,1
VNM,Viet Nam,SL.UEM.TOTL.ZS,"Unemployment, total (% of total labor force) (modeled ILO estimate)",2010,1.114,,1
VNM,Viet Nam,SL.UEM.TOTL.ZS,"Unemployment, total (% of total labor force) (modeled ILO estimate)",2009,1.737,,1
VNM,Viet Nam,SL.UEM.TOTL.ZS,"Unemployment, total (% of total labor force) (modeled ILO estimate)",2008,1.889,,1
VNM,Viet Nam,SL.UEM.TOTL.ZS,"Unemployment, total (% of total labor force) (modeled ILO estimate)",2007,2.026,,1
VNM,Viet Nam,SL.UEM.TOTL.ZS,"Unemployment, total (% of total labor force) (modeled ILO estimate)",2006,2.046,,1
VNM,Viet Nam,SL.UEM.TOTL.ZS,"Unemployment, total (% of total labor force) (modeled ILO estimate)",2005,2.078,,1
VNM,Viet Nam,SL.UEM.TOTL.ZS,"Unemployment, total (% of total labor force) (modeled ILO estimate)",2004,2.14,,1
VNM,Viet Nam,SL.UEM.TOTL.ZS,"Unemployment, total (% of total labor force) (modeled ILO estimate)",2003,2.25,,1
VNM,Viet Nam,SL.UEM.TOTL.ZS,"Unemployment, total (% of total labor force) (modeled ILO estimate)",2002,2.12,,1
VNM,Viet Nam,SL.UEM.TOTL.ZS,"Unemployment, total (% of total labor force) (modeled ILO estimate)",2001,2.76,,1
VNM,Viet Nam,SL.UEM.TOTL.ZS,"Unemployment, total (% of total labor force) (modeled ILO estimate)",2000,2.26,,1
VNM,Viet Nam,SL.UEM.TOTL.ZS,"Unemployment, total (% of total labor force) (modeled ILO estimate)",1999,2.33,,1
VNM,Viet Nam,SL.UEM.TOTL.ZS,"Unemployment, total (% of total labor force) (modeled ILO estimate)",1998,2.29,,1
VNM,Viet Nam,SL.UEM.TOTL.ZS,"Unemployment, total (% of total labor force) (modeled ILO estimate)",1997,2.87,,1
VNM,Viet Nam,SL.UEM.TOTL.ZS,"Unemployment, total (% of total labor force) (modeled ILO estimate)",1996,1.93,,1
VNM,Viet Nam,SL.UEM.TOTL.ZS,"Unemployment, total (% of total labor force) (modeled ILO estimate)",1995,1.955,,1
VNM,Viet Nam,SL.UEM.TOTL.ZS,"Unemployment, total (% of total labor force) (modeled ILO estimate)",1994,1.972,,1
VNM,Viet Nam,SL.UEM.TOTL.ZS,"Unemployment, total (% of total labor force) (modeled ILO estimate)",1993,2.037,,1
VNM,Viet Nam,SL.UEM.TOTL.ZS,"Unemployment, total (% of total labor force) (modeled ILO estimate)",1992,2.109,,1
VNM,Viet Nam,SL.UEM.TOTL.ZS,"Unemployment, total (% of total labor force) (modeled ILO estimate)",1991,2.14,,1
VIR,Virgin Islands (U.S.),SL.UEM.TOTL.ZS,"Unemployment, total (% of total labor force) (modeled ILO estimate)",2024,11.423,,1
VIR,Virgin Islands (U.S.),SL.UEM.TOTL.ZS,"Unemployment, total (% of total labor force) (modeled ILO estimate)",2023,11.358,,1
VIR,Virgin Islands (U.S.),SL.UEM.TOTL.ZS,"Unemployment, total (% of total labor force) (modeled ILO estimate)",2022,12.092,,1
VIR,Virgin Islands (U.S.),SL.UEM.TOTL.ZS,"Unemployment, total (% of total labor force) (modeled ILO estimate)",2021,13.508,,1
VIR,Virgin Islands (U.S.),SL.UEM.TOTL.ZS,"Unemployment, total (% of total labor force) (modeled ILO estimate)",2020,14.366,,1
VIR,Virgin Islands (U.S.),SL.UEM.TOTL.ZS,"Unemployment, total (% of total labor force) (modeled ILO estimate)",2019,11.774,,1
VIR,Virgin Islands (U.S.),SL.UEM.TOTL.ZS,"Unemployment, total (% of total labor force) (modeled ILO estimate)",2018,11.703,,1
VIR,Virgin Islands (U.S.),SL.UEM.TOTL.ZS,"Unemployment, total (% of total labor force) (modeled ILO estimate)",2017,11.445,,1
VIR,Virgin Islands (U.S.),SL.UEM.TOTL.ZS,"Unemployment, total (% of total labor force) (modeled ILO estimate)",2016,11.734,,1
VIR,Virgin Islands (U.S.),SL.UEM.TOTL.ZS,"Unemployment, total (% of total labor force) (modeled ILO estimate)",2015,11.649,,1
VIR,Virgin Islands (U.S.),SL.UEM.TOTL.ZS,"Unemployment, total (% of total labor force) (modeled ILO estimate)",2014,11.871,,1
VIR,Virgin Islands (U.S.),SL.UEM.TOTL.ZS,"Unemployment, total (% of total labor force) (modeled ILO estimate)",2013,11.802,,1
VIR,Virgin Islands (U.S.),SL.UEM.TOTL.ZS,"Unemployment, total (% of total labor force) (modeled ILO estimate)",2012,11.387,,1
VIR,Virgin Islands (U.S.),SL.UEM.TOTL.ZS,"Unemployment, total (% of total labor force) (modeled ILO estimate)",2011,11.337,,1
VIR,Virgin Islands (U.S.),SL.UEM.TOTL.ZS,"Unemployment, total (% of total labor force) (modeled ILO estimate)",2010,11.059,,1
VIR,Virgin Islands (U.S.),SL.UEM.TOTL.ZS,"Unemployment, total (% of total labor force) (modeled ILO estimate)",2009,10.864,,1
VIR,Virgin Islands (U.S.),SL.UEM.TOTL.ZS,"Unemployment, total (% of total labor force) (modeled ILO estimate)",2008,9.605,,1
VIR,Virgin Islands (U.S.),SL.UEM.TOTL.ZS,"Unemployment, total (% of total labor force) (modeled ILO estimate)",2007,9.523,,1
VIR,Virgin Islands (U.S.),SL.UEM.TOTL.ZS,"Unemployment, total (% of total labor force) (modeled ILO estimate)",2006,9.734,,1
VIR,Virgin Islands (U.S.),SL.UEM.TOTL.ZS,"Unemployment, total (% of total labor force) (modeled ILO estimate)",2005,10.228,,1
VIR,Virgin Islands (U.S.),SL.UEM.TOTL.ZS,"Unemployment, total (% of total labor force) (modeled ILO estimate)",2004,10.266,,1
VIR,Virgin Islands (U.S.),SL.UEM.TOTL.ZS,"Unemployment, total (% of total labor force) (modeled ILO estimate)",2003,10.574,,1
VIR,Virgin Islands (U.S.),SL.UEM.TOTL.ZS,"Unemployment, total (% of total labor force) (modeled ILO estimate)",2002,10.227,,1
VIR,Virgin Islands (U.S.),SL.UEM.TOTL.ZS,"Unemployment, total (% of total labor force) (modeled ILO estimate)",2001,9.969,,1
VIR,Virgin Islands (U.S.),SL.UEM.TOTL.ZS,"Unemployment, total (% of total labor force) (modeled ILO estimate)",2000,9.834,,1
VIR,Virgin Islands (U.S.),SL.UEM.TOTL.ZS,"Unemployment, total (% of total labor force) (modeled ILO estimate)",1999,10.172,,1
VIR,Virgin Islands (U.S.),SL.UEM.TOTL.ZS,"Unemployment, total (% of total labor force) (modeled ILO estimate)",1998,10.446,,1
VIR,Virgin Islands (U.S.),SL.UEM.TOTL.ZS,"Unemployment, total (% of total labor force) (modeled ILO estimate)",1997,10.547,,1
VIR,Virgin Islands (U.S.),SL.UEM.TOTL.ZS,"Unemployment, total (% of total labor force) (modeled ILO estimate)",1996,10.647,,1
VIR,Virgin Islands (U.S.),SL.UEM.TOTL.ZS,"Unemployment, total (% of total labor force) (modeled ILO estimate)",1995,10.611,,1
VIR,Virgin Islands (U.S.),SL.UEM.TOTL.ZS,"Unemployment, total (% of total labor force) (modeled ILO estimate)",1994,10.959,,1
VIR,Virgin Islands (U.S.),SL.UEM.TOTL.ZS,"Unemployment, total (% of total labor force) (modeled ILO estimate)",1993,11.187,,1
VIR,Virgin Islands (U.S.),SL.UEM.TOTL.ZS,"Unemployment, total (% of total labor force) (modeled ILO estimate)",1992,11.088,,1
VIR,Virgin Islands (U.S.),SL.UEM.TOTL.ZS,"Unemployment, total (% of total labor force) (modeled ILO estimate)",1991,10.917,,1
PSE,West Bank and Gaza,SL.UEM.TOTL.ZS,"Unemployment, total (% of total labor force) (modeled ILO estimate)",2022,24.42,,1
PSE,West Bank and Gaza,SL.UEM.TOTL.ZS,"Unemployment, total (% of total labor force) (modeled ILO estimate)",2021,26.39,,1
PSE,West Bank and Gaza,SL.UEM.TOTL.ZS,"Unemployment, total (% of total labor force) (modeled ILO estimate)",2020,25.895,,1
PSE,West Bank and Gaza,SL.UEM.TOTL.ZS,"Unemployment, total (% of total labor force) (modeled ILO estimate)",2019,25.34,,1
PSE,West Bank and Gaza,SL.UEM.TOTL.ZS,"Unemployment, total (% of total labor force) (modeled ILO estimate)",2018,26.256,,1
PSE,West Bank and Gaza,SL.UEM.TOTL.ZS,"Unemployment, total (% of total labor force) (modeled ILO estimate)",2017,25.677,,1
PSE,West Bank and Gaza,SL.UEM.TOTL.ZS,"Unemployment, total (% of total labor force) (modeled ILO estimate)",2016,23.939,,1
PSE,West Bank and Gaza,SL.UEM.TOTL.ZS,"Unemployment, total (% of total labor force) (modeled ILO estimate)",2015,23.005,,1
PSE,West Bank and Gaza,SL.UEM.TOTL.ZS,"Unemployment, total (% of total labor force) (modeled ILO estimate)",2014,20.526,,1
PSE,West Bank and Gaza,SL.UEM.TOTL.ZS,"Unemployment, total (% of total labor force) (modeled ILO estimate)",2013,19.894,,1
PSE,West Bank and Gaza,SL.UEM.TOTL.ZS,"Unemployment, total (% of total labor force) (modeled ILO estimate)",2012,19.202,,1
PSE,West Bank and Gaza,SL.UEM.TOTL.ZS,"Unemployment, total (% of total labor force) (modeled ILO estimate)",2011,17.597,,1
PSE,West Bank and Gaza,SL.UEM.TOTL.ZS,"Unemployment, total (% of total labor force) (modeled ILO estimate)",2010,21.416,,1
PSE,West Bank and Gaza,SL.UEM.TOTL.ZS,"Unemployment, total (% of total labor force) (modeled ILO estimate)",2009,20.452,,1
PSE,West Bank and Gaza,SL.UEM.TOTL.ZS,"Unemployment, total (% of total labor force) (modeled ILO estimate)",2008,22.913,,1
PSE,West Bank and Gaza,SL.UEM.TOTL.ZS,"Unemployment, total (% of total labor force) (modeled ILO estimate)",2007,18.282,,1
PSE,West Bank and Gaza,SL.UEM.TOTL.ZS,"Unemployment, total (% of total labor force) (modeled ILO estimate)",2006,19.014,,1
PSE,West Bank and Gaza,SL.UEM.TOTL.ZS,"Unemployment, total (% of total labor force) (modeled ILO estimate)",2005,20.016,,1
PSE,West Bank and Gaza,SL.UEM.TOTL.ZS,"Unemployment, total (% of total labor force) (modeled ILO estimate)",2004,23.215,,1
PSE,West Bank and Gaza,SL.UEM.TOTL.ZS,"Unemployment, total (% of total labor force) (modeled ILO estimate)",2003,23.004,,1
PSE,West Bank and Gaza,SL.UEM.TOTL.ZS,"Unemployment, total (% of total labor force) (modeled ILO estimate)",2002,27.465,,1
PSE,West Bank and Gaza,SL.UEM.TOTL.ZS,"Unemployment, total (% of total labor force) (modeled ILO estimate)",2001,21.493,,1
PSE,West Bank and Gaza,SL.UEM.TOTL.ZS,"Unemployment, total (% of total labor force) (modeled ILO estimate)",2000,10.625,,1
PSE,West Bank and Gaza,SL.UEM.TOTL.ZS,"Unemployment, total (% of total labor force) (modeled ILO estimate)",1999,10.382,,1
PSE,West Bank and Gaza,SL.UEM.TOTL.ZS,"Unemployment, total (% of total labor force) (modeled ILO estimate)",1998,10.451,,1
PSE,West Bank and Gaza,SL.UEM.TOTL.ZS,"Unemployment, total (% of total labor force) (modeled ILO estimate)",1997,10.522,,1
PSE,West Bank and Gaza,SL.UEM.TOTL.ZS,"Unemployment, total (% of total labor force) (modeled ILO estimate)",1996,10.726,,1
PSE,West Bank and Gaza,SL.UEM.TOTL.ZS,"Unemployment, total (% of total labor force) (modeled ILO estimate)",1995,10.714,,1
PSE,West Bank and Gaza,SL.UEM.TOTL.ZS,"Unemployment, total (% of total labor force) (modeled ILO estimate)",1994,10.778,,1
PSE,West Bank and Gaza,SL.UEM.TOTL.ZS,"Unemployment, total (% of total labor force) (modeled ILO estimate)",1993,10.705,,1
PSE,West Bank and Gaza,SL.UEM.TOTL.ZS,"Unemployment, total (% of total labor force) (modeled ILO estimate)",1992,10.692,,1
PSE,West Bank and Gaza,SL.UEM.TOTL.ZS,"Unemployment, total (% of total labor force) (modeled ILO estimate)",1991,10.666,,1
YEM,"Yemen, Rep.",SL.UEM.TOTL.ZS,"Unemployment, total (% of total labor force) (modeled ILO estimate)",2024,16.97,,1
YEM,"Yemen, Rep.",SL.UEM.TOTL.ZS,"Unemployment, total (% of total labor force) (modeled ILO estimate)",2023,16.944,,1
YEM,"Yemen, Rep.",SL.UEM.TOTL.ZS,"Unemployment, total (% of total labor force) (modeled ILO estimate)",2022,17.224,,1
YEM,"Yemen, Rep.",SL.UEM.TOTL.ZS,"Unemployment, total (% of total labor force) (modeled ILO estimate)",2021,18.312,,1
YEM,"Yemen, Rep.",SL.UEM.TOTL.ZS,"Unemployment, total (% of total labor force) (modeled ILO estimate)",2020,17.963,,1
YEM,"Yemen, Rep.",SL.UEM.TOTL.ZS,"Unemployment, total (% of total labor force) (modeled ILO estimate)",2019,17.213,,1
YEM,"Yemen, Rep.",SL.UEM.TOTL.ZS,"Unemployment, total (% of total labor force) (modeled ILO estimate)",2018,17.593,,1
YEM,"Yemen, Rep.",SL.UEM.TOTL.ZS,"Unemployment, total (% of total labor force) (modeled ILO estimate)",2017,18.611,,1
YEM,"Yemen, Rep.",SL.UEM.TOTL.ZS,"Unemployment, total (% of total labor force) (modeled ILO estimate)",2016,18.42,,1
YEM,"Yemen, Rep.",SL.UEM.TOTL.ZS,"Unemployment, total (% of total labor force) (modeled ILO estimate)",2015,17.9,,1
YEM,"Yemen, Rep.",SL.UEM.TOTL.ZS,"Unemployment, total (% of total labor force) (modeled ILO estimate)",2014,13.467,,1
YEM,"Yemen, Rep.",SL.UEM.TOTL.ZS,"Unemployment, total (% of total labor force) (modeled ILO estimate)",2013,13.673,,1
YEM,"Yemen, Rep.",SL.UEM.TOTL.ZS,"Unemployment, total (% of total labor force) (modeled ILO estimate)",2012,13.473,,1
YEM,"Yemen, Rep.",SL.UEM.TOTL.ZS,"Unemployment, total (% of total labor force) (modeled ILO estimate)",2011,13.311,,1
YEM,"Yemen, Rep.",SL.UEM.TOTL.ZS,"Unemployment, total (% of total labor force) (modeled ILO estimate)",2010,12.777,,1
YEM,"Yemen, Rep.",SL.UEM.TOTL.ZS,"Unemployment, total (% of total labor force) (modeled ILO estimate)",2009,12.762,,1
YEM,"Yemen, Rep.",SL.UEM.TOTL.ZS,"Unemployment, total (% of total labor force) (modeled ILO estimate)",2008,12.656,,1
YEM,"Yemen, Rep.",SL.UEM.TOTL.ZS,"Unemployment, total (% of total labor force) (modeled ILO estimate)",2007,12.486,,1
YEM,"Yemen, Rep.",SL.UEM.TOTL.ZS,"Unemployment, total (% of total labor force) (modeled ILO estimate)",2006,12.349,,1
YEM,"Yemen, Rep.",SL.UEM.TOTL.ZS,"Unemployment, total (% of total labor force) (modeled ILO estimate)",2005,12.213,,1
YEM,"Yemen, Rep.",SL.UEM.TOTL.ZS,"Unemployment, total (% of total labor force) (modeled ILO estimate)",2004,12.131,,1
YEM,"Yemen, Rep.",SL.UEM.TOTL.ZS,"Unemployment, total (% of total labor force) (modeled ILO estimate)",2003,12.014,,1
YEM,"Yemen, Rep.",SL.UEM.TOTL.ZS,"Unemployment, total (% of total labor force) (modeled ILO estimate)",2002,11.839,,1
YEM,"Yemen, Rep.",SL.UEM.TOTL.ZS,"Unemployment, total (% of total labor force) (modeled ILO estimate)",2001,11.724,,1
YEM,"Yemen, Rep.",SL.UEM.TOTL.ZS,"Unemployment, total (% of total labor force) (modeled ILO estimate)",2000,11.557,,1
YEM,"Yemen, Rep.",SL.UEM.TOTL.ZS,"Unemployment, total (% of total labor force) (modeled ILO estimate)",1999,11.46,,1
YEM,"Yemen, Rep.",SL.UEM.TOTL.ZS,"Unemployment, total (% of total labor force) (modeled ILO estimate)",1998,10.828,,1
YEM,"Yemen, Rep.",SL.UEM.TOTL.ZS,"Unemployment, total (% of total labor force) (modeled ILO estimate)",1997,10.223,,1
YEM,"Yemen, Rep.",SL.UEM.TOTL.ZS,"Unemployment, total (% of total labor force) (modeled ILO estimate)",1996,9.585,,1
YEM,"Yemen, Rep.",SL.UEM.TOTL.ZS,"Unemployment, total (% of total labor force) (modeled ILO estimate)",1995,8.988,,1
YEM,"Yemen, Rep.",SL.UEM.TOTL.ZS,"Unemployment, total (% of total labor force) (modeled ILO estimate)",1994,8.34,,1
YEM,"Yemen, Rep.",SL.UEM.TOTL.ZS,"Unemployment, total (% of total labor force) (modeled ILO estimate)",1993,8.343,,1
YEM,"Yemen, Rep.",SL.UEM.TOTL.ZS,"Unemployment, total (% of total labor force) (modeled ILO estimate)",1992,8.351,,1
YEM,"Yemen, Rep.",SL.UEM.TOTL.ZS,"Unemployment, total (% of total labor force) (modeled ILO estimate)",1991,8.428,,1
ZMB,Zambia,SL.UEM.TOTL.ZS,"Unemployment, total (% of total labor force) (modeled ILO estimate)",2024,5.898,,1
ZMB,Zambia,SL.UEM.TOTL.ZS,"Unemployment, total (% of total labor force) (modeled ILO estimate)",2023,5.861,,1
ZMB,Zambia,SL.UEM.TOTL.ZS,"Unemployment, total (% of total labor force) (modeled ILO estimate)",2022,5.993,,1
ZMB,Zambia,SL.UEM.TOTL.ZS,"Unemployment, total (% of total labor force) (modeled ILO estimate)",2021,5.197,,1
ZMB,Zambia,SL.UEM.TOTL.ZS,"Unemployment, total (% of total labor force) (modeled ILO estimate)",2020,6.032,,1
ZMB,Zambia,SL.UEM.TOTL.ZS,"Unemployment, total (% of total labor force) (modeled ILO estimate)",2019,5.538,,1
ZMB,Zambia,SL.UEM.TOTL.ZS,"Unemployment, total (% of total labor force) (modeled ILO estimate)",2018,5.032,,1
ZMB,Zambia,SL.UEM.TOTL.ZS,"Unemployment, total (% of total labor force) (modeled ILO estimate)",2017,4.529,,1
ZMB,Zambia,SL.UEM.TOTL.ZS,"Unemployment, total (% of total labor force) (modeled ILO estimate)",2016,5.244,,1
ZMB,Zambia,SL.UEM.TOTL.ZS,"Unemployment, total (% of total labor force) (modeled ILO estimate)",2015,5.951,,1
ZMB,Zambia,SL.UEM.TOTL.ZS,"Unemployment, total (% of total labor force) (modeled ILO estimate)",2014,6.576,,1
ZMB,Zambia,SL.UEM.TOTL.ZS,"Unemployment, total (% of total labor force) (modeled ILO estimate)",2013,7.272,,1
ZMB,Zambia,SL.UEM.TOTL.ZS,"Unemployment, total (% of total labor force) (modeled ILO estimate)",2012,7.85,,1
ZMB,Zambia,SL.UEM.TOTL.ZS,"Unemployment, total (% of total labor force) (modeled ILO estimate)",2011,10.548,,1
ZMB,Zambia,SL.UEM.TOTL.ZS,"Unemployment, total (% of total labor force) (modeled ILO estimate)",2010,13.19,,1
ZMB,Zambia,SL.UEM.TOTL.ZS,"Unemployment, total (% of total labor force) (modeled ILO estimate)",2009,10.583,,1
ZMB,Zambia,SL.UEM.TOTL.ZS,"Unemployment, total (% of total labor force) (modeled ILO estimate)",2008,7.93,,1
ZMB,Zambia,SL.UEM.TOTL.ZS,"Unemployment, total (% of total labor force) (modeled ILO estimate)",2007,10.559,,1
ZMB,Zambia,SL.UEM.TOTL.ZS,"Unemployment, total (% of total labor force) (modeled ILO estimate)",2006,13.229,,1
ZMB,Zambia,SL.UEM.TOTL.ZS,"Unemployment, total (% of total labor force) (modeled ILO estimate)",2005,15.9,,1
ZMB,Zambia,SL.UEM.TOTL.ZS,"Unemployment, total (% of total labor force) (modeled ILO estimate)",2004,15.332,,1
ZMB,Zambia,SL.UEM.TOTL.ZS,"Unemployment, total (% of total labor force) (modeled ILO estimate)",2003,14.704,,1
ZMB,Zambia,SL.UEM.TOTL.ZS,"Unemployment, total (% of total labor force) (modeled ILO estimate)",2002,14.131,,1
ZMB,Zambia,SL.UEM.TOTL.ZS,"Unemployment, total (% of total labor force) (modeled ILO estimate)",2001,13.404,,1
ZMB,Zambia,SL.UEM.TOTL.ZS,"Unemployment, total (% of total labor force) (modeled ILO estimate)",2000,12.93,,1
ZMB,Zambia,SL.UEM.TOTL.ZS,"Unemployment, total (% of total labor force) (modeled ILO estimate)",1999,12.498,,1
ZMB,Zambia,SL.UEM.TOTL.ZS,"Unemployment, total (% of total labor force) (modeled ILO estimate)",1998,12,,1
ZMB,Zambia,SL.UEM.TOTL.ZS,"Unemployment, total (% of total labor force) (modeled ILO estimate)",1997,13.273,,1
ZMB,Zambia,SL.UEM.TOTL.ZS,"Unemployment, total (% of total labor force) (modeled ILO estimate)",1996,15.3,,1
ZMB,Zambia,SL.UEM.TOTL.ZS,"Unemployment, total (% of total labor force) (modeled ILO estimate)",1995,16.834,,1
ZMB,Zambia,SL.UEM.TOTL.ZS,"Unemployment, total (% of total labor force) (modeled ILO estimate)",1994,18.689,,1
ZMB,Zambia,SL.UEM.TOTL.ZS,"Unemployment, total (% of total labor force) (modeled ILO estimate)",1993,19.7,,1
ZMB,Zambia,SL.UEM.TOTL.ZS,"Unemployment, total (% of total labor force) (modeled ILO estimate)",1992,19.568,,1
ZMB,Zambia,SL.UEM.TOTL.ZS,"Unemployment, total (% of total labor force) (modeled ILO estimate)",1991,18.9,,1
ZWE,Zimbabwe,SL.UEM.TOTL.ZS,"Unemployment, total (% of total labor force) (modeled ILO estimate)",2024,9.435,,1
ZWE,Zimbabwe,SL.UEM.TOTL.ZS,"Unemployment, total (% of total labor force) (modeled ILO estimate)",2023,9.348,,1
ZWE,Zimbabwe,SL.UEM.TOTL.ZS,"Unemployment, total (% of total labor force) (modeled ILO estimate)",2022,10.087,,1
ZWE,Zimbabwe,SL.UEM.TOTL.ZS,"Unemployment, total (% of total labor force) (modeled ILO estimate)",2021,9.54,,1
ZWE,Zimbabwe,SL.UEM.TOTL.ZS,"Unemployment, total (% of total labor force) (modeled ILO estimate)",2020,8.617,,1
ZWE,Zimbabwe,SL.UEM.TOTL.ZS,"Unemployment, total (% of total labor force) (modeled ILO estimate)",2019,7.373,,1
ZWE,Zimbabwe,SL.UEM.TOTL.ZS,"Unemployment, total (% of total labor force) (modeled ILO estimate)",2018,6.788,,1
ZWE,Zimbabwe,SL.UEM.TOTL.ZS,"Unemployment, total (% of total labor force) (modeled ILO estimate)",2017,6.35,,1
ZWE,Zimbabwe,SL.UEM.TOTL.ZS,"Unemployment, total (% of total labor force) (modeled ILO estimate)",2016,5.896,,1
ZWE,Zimbabwe,SL.UEM.TOTL.ZS,"Unemployment, total (% of total labor force) (modeled ILO estimate)",2015,5.399,,1
ZWE,Zimbabwe,SL.UEM.TOTL.ZS,"Unemployment, total (% of total labor force) (modeled ILO estimate)",2014,4.774,,1
ZWE,Zimbabwe,SL.UEM.TOTL.ZS,"Unemployment, total (% of total labor force) (modeled ILO estimate)",2013,4.948,,1
ZWE,Zimbabwe,SL.UEM.TOTL.ZS,"Unemployment, total (% of total labor force) (modeled ILO estimate)",2012,5.057,,1
ZWE,Zimbabwe,SL.UEM.TOTL.ZS,"Unemployment, total (% of total labor force) (modeled ILO estimate)",2011,5.368,,1
ZWE,Zimbabwe,SL.UEM.TOTL.ZS,"Unemployment, total (% of total labor force) (modeled ILO estimate)",2010,5.469,,1
ZWE,Zimbabwe,SL.UEM.TOTL.ZS,"Unemployment, total (% of total labor force) (modeled ILO estimate)",2009,5.476,,1
ZWE,Zimbabwe,SL.UEM.TOTL.ZS,"Unemployment, total (% of total labor force) (modeled ILO estimate)",2008,5.401,,1
ZWE,Zimbabwe,SL.UEM.TOTL.ZS,"Unemployment, total (% of total labor force) (modeled ILO estimate)",2007,5.008,,1
ZWE,Zimbabwe,SL.UEM.TOTL.ZS,"Unemployment, total (% of total labor force) (modeled ILO estimate)",2006,4.767,,1
ZWE,Zimbabwe,SL.UEM.TOTL.ZS,"Unemployment, total (% of total labor force) (modeled ILO estimate)",2005,4.632,,1
ZWE,Zimbabwe,SL.UEM.TOTL.ZS,"Unemployment, total (% of total labor force) (modeled ILO estimate)",2004,4.39,,1
ZWE,Zimbabwe,SL.UEM.TOTL.ZS,"Unemployment, total (% of total labor force) (modeled ILO estimate)",2003,4.738,,1
ZWE,Zimbabwe,SL.UEM.TOTL.ZS,"Unemployment, total (% of total labor force) (modeled ILO estimate)",2002,5.005,,1
ZWE,Zimbabwe,SL.UEM.TOTL.ZS,"Unemployment, total (% of total labor force) (modeled ILO estimate)",2001,5.313,,1
ZWE,Zimbabwe,SL.UEM.TOTL.ZS,"Unemployment, total (% of total labor force) (modeled ILO estimate)",2000,5.685,,1
ZWE,Zimbabwe,SL.UEM.TOTL.ZS,"Unemployment, total (% of total labor force) (modeled ILO estimate)",1999,6,,1
ZWE,Zimbabwe,SL.UEM.TOTL.ZS,"Unemployment, total (% of total labor force) (modeled ILO estimate)",1998,6.381,,1
ZWE,Zimbabwe,SL.UEM.TOTL.ZS,"Unemployment, total (% of total labor force) (modeled ILO estimate)",1997,6.93,,1
ZWE,Zimbabwe,SL.UEM.TOTL.ZS,"Unemployment, total (% of total labor force) (modeled ILO estimate)",1996,6.151,,1
ZWE,Zimbabwe,SL.UEM.TOTL.ZS,"Unemployment, total (% of total labor force) (modeled ILO estimate)",1995,5.566,,1
ZWE,Zimbabwe,SL.UEM.TOTL.ZS,"Unemployment, total (% of total labor force) (modeled ILO estimate)",1994,4.96,,1
ZWE,Zimbabwe,SL.UEM.TOTL.ZS,"Unemployment, total (% of total labor force) (modeled ILO estimate)",1993,4.993,,1
ZWE,Zimbabwe,SL.UEM.TOTL.ZS,"Unemployment, total (% of total labor force) (modeled ILO estimate)",1992,4.933,,1
ZWE,Zimbabwe,SL.UEM.TOTL.ZS,"Unemployment, total (% of total labor force) (modeled ILO estimate)",1991,4.793,,1
