"Data Source","Indicateurs du développement dans le monde",

"Last Updated Date","2026-01-28",

"Country Name","Country Code","Indicator Name","Indicator Code","1960","1961","1962","1963","1964","1965","1966","1967","1968","1969","1970","1971","1972","1973","1974","1975","1976","1977","1978","1979","1980","1981","1982","1983","1984","1985","1986","1987","1988","1989","1990","1991","1992","1993","1994","1995","1996","1997","1998","1999","2000","2001","2002","2003","2004","2005","2006","2007","2008","2009","2010","2011","2012","2013","2014","2015","2016","2017","2018","2019","2020","2021","2022","2023","2024",
"Aruba","ABW","Population âgée de 40 à 44 ans, femmes (% de la population féminine)","SP.POP.4044.FE.5Y","4.85381268687447","4.67030049906205","4.53918298199347","4.46779871609029","4.4187198005771","4.37693361058985","4.36006568584738","4.37790707367087","4.43230823024027","4.51169142628739","4.59890907271181","4.67788332887343","4.80679391350774","5.0208997637418","5.2619552799086","5.49893568986648","5.75339399075747","5.99933181666322","6.19248982436135","6.35085892764185","6.44907713108826","6.44767523748416","6.36186921701267","6.29306881740366","6.32541695488433","6.45443387542191","6.69156982106623","7.04486466444197","7.42523524114158","7.72985789335028","7.94453755904312","8.06912184638936","8.17122830914173","8.34431811940462","8.57389227911913","8.75374721361039","8.85701922482537","8.946670964507","9.07203174749666","9.21911434915039","9.37740867394018","9.522438972391","9.63983496821454","9.71063838648882","9.76009398380016","9.68100059073964","9.44014473816464","9.1817911335912","8.93398829676889","8.69657583190096","8.44207952005197","8.22041040500743","8.02713556523045","7.82175364218708","7.62385540836819","7.44818771112937","7.29459897356059","7.18595130359836","7.12904806450176","7.10040331139886","7.03990837811646","6.93362898045737","6.81798210927752","6.68644715011807","6.55161225259355",
"","AFE","Population âgée de 40 à 44 ans, femmes (% de la population féminine)","SP.POP.4044.FE.5Y","4.49278615152742","4.48849047886144","4.48281662422681","4.47589146854122","4.46575867260012","4.45324891401024","4.44264661521001","4.43246346211971","4.42135592842321","4.40974571074518","4.39805184739176","4.3844589685992","4.36430308544022","4.33761375350603","4.305879766407","4.26822255504658","4.22926602423141","4.18950257752909","4.14522647789089","4.10209267365859","4.07328926624995","4.05304456955781","4.03189641699977","4.02435445138105","4.02696292694769","4.03747796715007","4.05589102608531","4.0742894639521","4.08783176168875","4.10253441284406","4.12123619578411","4.13602903612573","4.14541383567498","4.17988583834181","4.20335321031506","4.20262055651366","4.20307641838207","4.20744983428378","4.23202549163429","4.26042348434583","4.28694496042875","4.30921539253802","4.32378449080675","4.3255712744986","4.31597140614051","4.30180050044985","4.28871772975475","4.28169050531648","4.28405669867498","4.295074142914","4.31114858769177","4.33051800414005","4.34746674818871","4.35796220458213","4.3670046364836","4.3798345680055","4.3965837705345","4.41630455829196","4.44643837899797","4.48860275561602","4.53817547405029","4.59443890197348","4.65110817689462","4.70270590810693","4.75033814479164",
"Afghanistan","AFG","Population âgée de 40 à 44 ans, femmes (% de la population féminine)","SP.POP.4044.FE.5Y","4.46940174555851","4.45722658102618","4.44509338713925","4.43306514232669","4.42143071327616","4.41010517059542","4.39859558950858","4.38657469664285","4.37394421467637","4.36050614690865","4.34632924130189","4.33206280902175","4.31824230442206","4.30443019300888","4.2887357103178","4.26951596023046","4.25126883703703","4.23805111261257","4.22401877275061","4.20195166318906","4.17241956621689","4.13751707614813","4.10225253050072","4.08383365988564","4.09274755293003","4.12688680314615","4.17363602393923","4.22176213084785","4.25087735443733","4.23533743816688","4.15723374298108","4.05500911643847","3.9663615418969","3.88898662102687","3.83224426039924","3.80970168041151","3.80227011097479","3.78812187720902","3.77529105557161","3.76517169447566","3.75678522679302","3.74928454009344","3.74553627625883","3.74631048496227","3.7505038807357","3.75767657341006","3.76867810894151","3.78372736835394","3.80090336131174","3.81923277651156","3.83814931708529","3.85661008732643","3.87423352202501","3.89120430845274","3.90856032537611","3.9258662474043","3.94130085694364","3.95458657753773","3.96479506535704","3.97172915245419","3.98040099043977","3.98825454139496","3.99297782284751","4.00024441466463","4.01470484043724",
"","AFW","Population âgée de 40 à 44 ans, femmes (% de la population féminine)","SP.POP.4044.FE.5Y","4.75287058202084","4.74777784897803","4.73449015572598","4.71778449856717","4.69832963577633","4.67849330611311","4.65962375659883","4.64206783201989","4.62559767518547","4.60952423844455","4.59529953048016","4.58437678419804","4.57449825851329","4.56385017505938","4.55126253780347","4.53505947482062","4.51642926412143","4.49599894151508","4.47280546679033","4.44502903735879","4.41630258372395","4.38878102778166","4.35852424083014","4.32467616362589","4.29238492490403","4.26330114626426","4.23181038901038","4.19107136490249","4.13481041183554","4.07263357701392","4.02774314631181","4.00226300398078","3.99012867116865","3.99689467621113","4.01642324947452","4.03046656010486","4.03835420091949","4.04917519893269","4.06262506906326","4.0768776777916","4.0905049000181","4.10696826083054","4.12608056320101","4.14339529722622","4.158845170726","4.1711507376962","4.17667237991089","4.17793399737463","4.18162418077175","4.18972675581365","4.20065812186946","4.21425807122099","4.23317025277687","4.25842242378191","4.29105936351181","4.33242763668111","4.38072931493724","4.4343934480696","4.49284224218402","4.5517884685361","4.60420931820626","4.64831135252519","4.68782302315606","4.72442483244523","4.75173145849946",
"Angola","AGO","Population âgée de 40 à 44 ans, femmes (% de la population féminine)","SP.POP.4044.FE.5Y","4.72884410980599","4.72930014370325","4.73039704846042","4.73513003453631","4.75219986963044","4.78265444496861","4.82675605137728","4.88495513538886","4.94713106395744","4.9981135125434","5.07891280331229","5.18565225829024","5.26541107211712","5.31707822208061","5.34556525914478","5.35152163524825","5.33736680822383","5.30927097397903","5.2621008287907","5.18852061527897","5.09347604755197","4.98394378111889","4.86618204783126","4.75438309323355","4.66062038450282","4.58720753695443","4.52848204382672","4.47291416665817","4.39844862058093","4.29080517373337","4.18246524073117","4.09774197081145","4.04231590851973","4.03441316642971","4.07894222353005","4.14779065789897","4.21844749385455","4.28893581239105","4.35437535047725","4.41195117016254","4.4598606593915","4.49961065495862","4.53067021870592","4.55055629594949","4.55931147305789","4.55853596671828","4.54851721867429","4.53304081110653","4.5181561535592","4.50488782450888","4.48626238999169","4.45614863301924","4.41753396798118","4.37691001326239","4.33866819338485","4.31036270093508","4.29923246250724","4.30199954425727","4.31206220010047","4.32689721897297","4.3454824275135","4.36783722998335","4.39483052900383","4.42576712808597","4.45900523570879",
"Albanie","ALB","Population âgée de 40 à 44 ans, femmes (% de la population féminine)","SP.POP.4044.FE.5Y","4.45593538362309","4.41574559496259","4.40444834650278","4.40421615780676","4.40605767812402","4.40014357279733","4.38515517735555","4.36717226577325","4.35297647729194","4.35980658157029","4.38681964503441","4.41492936366617","4.43802764942714","4.4546811167106","4.46823670829351","4.48286128765708","4.50415083976002","4.53931193737212","4.58934481819183","4.66571190538409","4.76320348325536","4.84924627677247","4.91834302014328","4.94549786973137","4.88078662883783","4.71732889377721","4.53817347623748","4.39699526750467","4.35780723080543","4.49955540735801","4.74717647808859","4.96600648504826","5.12282812290034","5.25037036495902","5.39974664480905","5.61886272449733","5.86977861510978","6.1088909685333","6.33673884163299","6.54427625206458","6.71250596314054","6.87095534452406","7.02740848590488","7.13022952137009","7.15415845249811","7.11563035019704","7.04838797573684","6.98195284004929","6.93877860486674","6.9228816327157","6.91213791645118","6.86745402674604","6.77587219694411","6.6447533922627","6.48153702888167","6.31259038438226","6.16051982193462","6.03149131319466","5.92237592873856","5.83138648328352","5.76258473527573","5.72191577527759","5.71098849050017","5.73806558402252","5.81224769664167",
"Andorre","AND","Population âgée de 40 à 44 ans, femmes (% de la population féminine)","SP.POP.4044.FE.5Y","5.82907075873828","6.03833548515245","6.30271572898322","6.52965660770031","6.65690104166667","6.79678530424799","6.89086476409006","6.84301705756929","6.81129859694666","6.83033404243086","6.77030286786384","6.67434985218219","6.60062907844702","6.47833942972985","6.31011608623549","6.19309967569257","6.11273116533166","6.02097902097902","5.9390474924391","5.87712617415588","5.81965465785547","5.80968868284381","5.82164890633763","5.88282290279627","6.10434826806272","6.27972198512377","6.45753456488904","6.71754706065596","6.99077055162052","7.2060418926813","7.30154893548452","7.18447700401652","7.05980508760407","7.16966459291317","7.25713152414636","7.2919085691537","7.4502629019763","7.66028038903165","7.8685627058729","8.12693251729304","8.40644669082586","8.65943861423695","8.90752103923681","9.08791767626911","9.1647608491294","9.19385097107689","9.24437193268686","9.28867934197715","9.32559862382441","9.38874696242756","9.36225174878832","9.31734075221123","9.42502190013538","9.47690309311829","9.49045725372559","9.64142532731504","9.70739090221138","9.63315366846332","9.48077599502151","9.25211001357864","9.01063325788282","8.89109065783641","8.75179893092105","8.48184902030277","8.14899885155041",
"Le monde arabe","ARB","Population âgée de 40 à 44 ans, femmes (% de la population féminine)","SP.POP.4044.FE.5Y","4.54832290907049","4.55152215015766","4.55293723992236","4.55893241215334","4.56559454851823","4.57241586894086","4.57982319458185","4.58539465577875","4.58796044698996","4.58529517027243","4.57546881351742","4.55905026436082","4.53891089277793","4.51545355415951","4.48296107521716","4.43648040529335","4.38230973992707","4.32246224299232","4.25337294871629","4.17754242461771","4.09860916459189","4.02103142227151","3.9482508392511","3.89307262976921","3.86557778368119","3.86830829035084","3.90228047546018","3.95978656390031","4.02943409117486","4.09958295027639","4.16413006989225","4.24034259466307","4.32450807261187","4.41438469979479","4.5093314755207","4.59830774589791","4.6726878106556","4.72893821989025","4.77135992420157","4.81256406236227","4.85286943241488","4.89487069639253","4.9555722463207","5.03051055495225","5.10096451320597","5.16547407309195","5.22572528999559","5.27231190398918","5.30575927836917","5.33573317057049","5.36441703789159","5.39588193381245","5.43230357057016","5.46738392982128","5.50317315133538","5.54624013202945","5.59443244556659","5.64134048304616","5.69179112577598","5.75418459676142","5.82566599936604","5.89238823072286","5.96788860083083","6.05378729125736","6.12912362207073",
"Émirats arabes unis","ARE","Population âgée de 40 à 44 ans, femmes (% de la population féminine)","SP.POP.4044.FE.5Y","4.19579004865417","4.22693510555121","4.25313257215052","4.28333984250824","4.32656987930733","4.40139062341783","4.51795144716912","4.69175031896199","4.7853111166227","4.67224177627226","4.45799849684916","4.22642163308157","4.02250173247034","3.87500050703974","3.8101929614626","3.85173161613071","3.85374213762397","3.74591920016323","3.60487308920322","3.47134422768647","3.40960506185598","3.44224269546293","3.48790638549811","3.48791258796621","3.47558805845614","3.51631865079726","3.63874126215291","3.8221026076333","4.03012516465972","4.2244267845552","4.38132831352777","4.4909284817673","4.57202031909266","4.66690655905779","4.81789072760345","5.06398799868662","5.39109522934943","5.70343006953359","5.94563629987469","6.1051297977856","6.19173684841664","6.24050274516663","6.32117314115617","6.50267843514642","6.78676866858099","7.13722284395026","7.49088419904333","7.71247100100183","7.80969635085702","7.84117456883011","7.85480333397895","7.90699690665829","7.97880903646323","8.06337137383096","8.13334235628928","8.1811511931353","8.24144014519381","8.26953587029022","8.24742423944554","8.27045829766395","8.33997596913518","8.38409763649399","8.40605588742278","8.71886748212326","9.074138134173",
"Argentine","ARG","Population âgée de 40 à 44 ans, femmes (% de la population féminine)","SP.POP.4044.FE.5Y","6.35765074587042","6.36441490455589","6.38664179170327","6.41915179642159","6.4509952320726","6.4749590178626","6.49616335831372","6.51593288550397","6.52232785211561","6.4996754888413","6.44507696540308","6.35811773685636","6.23973972378061","6.10477835202675","5.97514029721908","5.86650573295785","5.77828348973615","5.70548914713826","5.64730365922379","5.60411855821988","5.57634505420391","5.5658067707931","5.57425425648584","5.60110913835467","5.64197828228621","5.69219903988663","5.74987130798552","5.81479101471585","5.87926823271444","5.92776464850115","5.96452869052313","5.99429029680338","6.00823433375073","6.01045442897875","6.01199796203555","6.00852352238601","5.99669784731184","5.98010724921861","5.95304394490489","5.92746812221383","5.90928976775084","5.8868808770228","5.86627525629256","5.85709811274525","5.84303608277235","5.80762690595667","5.76078747072344","5.71740648897826","5.68569570430901","5.67561863048065","5.69898814942705","5.75845014153626","5.84291730561966","5.93895142671915","6.04121059634746","6.14901289056037","6.26378914120383","6.38751138813796","6.50941387243551","6.61615595194018","6.7095085822888","6.78239120311223","6.82403458798926","6.83426195588228","6.8250316151807",
"Arménie","ARM","Population âgée de 40 à 44 ans, femmes (% de la population féminine)","SP.POP.4044.FE.5Y","3.34274069067942","3.29320703172717","3.41128249865037","3.6754059156583","4.04672791407571","4.46846529476904","4.97122751721718","5.58009547558224","6.17808182405742","6.60712808729456","6.84669390232626","6.87186848326914","6.63553936396376","6.27971059044717","6.04355021244671","5.98409062874259","6.05419844039464","6.23076790670085","6.40021382671963","6.60236200925937","6.73128233219571","6.54439662603034","6.01419065435491","5.21237878459231","4.34482260905566","3.66122638091318","3.33304679949446","3.40080403956465","3.7714022275327","4.30969224304862","4.83800566409612","5.2719465648855","5.62860824562449","5.97512961122868","6.33776279817896","6.70106518093746","7.03466843236948","7.36386375396548","7.67801284180327","7.96205748764172","8.23350847239728","8.48400821863011","8.62121022281032","8.56376787112824","8.33886329502587","7.9713931879711","7.51325498242122","7.03296084051161","6.60478888423973","6.27188088737545","6.05733942711049","5.92597249916037","5.83943175428977","5.80432494625303","5.80355121323461","5.84859720712556","5.93673400590036","6.04544698567177","6.18849053631884","6.38773601776969","6.63289282595375","6.8872779017622","7.10394841931031","7.26476850737","7.42157646473197",
"Samoa américaines","ASM","Population âgée de 40 à 44 ans, femmes (% de la population féminine)","SP.POP.4044.FE.5Y","3.88989872760322","3.94297846527146","4.05524537173083","4.11608497723824","4.16571087764371","4.22291296625222","4.27262165999742","4.3069988731689","4.36103012633625","4.40968401194781","4.42152088046938","4.39332906674698","4.32496482263201","4.25113023187983","4.21574260270037","4.17328112322292","4.11447158972939","4.10181472167471","4.1388295029396","4.18034940233811","4.17947732513451","4.15069847941649","4.09268017013176","4.03447485969534","4.01831269477923","4.07441860465116","4.19069588619762","4.32771966268516","4.47016706443914","4.62602281894664","4.76201107340597","4.87841945288754","4.98539929747344","5.07497831205849","5.17836593785961","5.28384624501244","5.37821628941768","5.47168379926412","5.59257053524901","5.7387838677831","5.89807490880196","6.08592528704652","6.2996788258303","6.504605109607","6.65287769784173","6.76236159699931","6.82373378209652","6.80715777999818","6.73136560983619","6.62893358244496","6.54018144678972","6.44426754540237","6.37754150345085","6.35034160847716","6.31867087404479","6.32458921879504","6.38963968343477","6.45123199244273","6.49254920710814","6.50932929904186","6.44125002541529","6.33603155688869","6.21654399464704","6.04392100172198","5.86927427362604",
"Antigua-et-Barbuda","ATG","Population âgée de 40 à 44 ans, femmes (% de la population féminine)","SP.POP.4044.FE.5Y","4.85772812559172","4.7979797979798","4.70670881629786","4.5921988742345","4.49677408870037","4.44139340336537","4.41351826283419","4.3989761934131","4.392608300515","4.39174613565021","4.38988532784475","4.39204537127951","4.40479509339281","4.41139659868954","4.39839789539025","4.36161541311597","4.29050246188527","4.19405459821164","4.09889298892989","4.00529333921482","3.91878232079811","3.86649910863021","3.85529519837856","3.87764897531744","3.92634635306477","4.04247172478794","4.23456643273463","4.47494481401949","4.73662657546297","5.00114880906793","5.25567303530576","5.45025523974029","5.57692890248705","5.69994967585329","5.86866336132753","6.04081747789171","6.17530154451306","6.33295309669194","6.58145120014698","6.88577308978647","7.17703349282297","7.41554893194238","7.6201454376004","7.80694409048434","7.96357039012844","8.13281658661848","8.3014123563556","8.40815758335073","8.44316309719934","8.43257996120359","8.37684676961445","8.30434208208561","8.19511344565288","7.98811774237105","7.74640337900131","7.5341736575395","7.3684878885044","7.25391328147205","7.19523949210074","7.14546459600121","7.05190074410785","6.93275792647043","6.87281693034724","6.88646935541584","6.92837591705078",
"Australie","AUS","Population âgée de 40 à 44 ans, femmes (% de la population féminine)","SP.POP.4044.FE.5Y","6.41170949656522","6.43267408585913","6.50609049782031","6.5895936556941","6.65586112576066","6.6543262760708","6.57220689222528","6.46063450311441","6.35603037003217","6.24042162637484","6.10072004480669","5.95170761757807","5.78449246365374","5.59830873531995","5.42490181207964","5.29007097714515","5.22460685237858","5.23189769910259","5.27418584751508","5.3254684490467","5.38092208786861","5.45381803196185","5.54398681362799","5.6529196440882","5.80374287256562","5.98393316389974","6.22906365444817","6.5607104095494","6.86074129133019","7.07093634834539","7.23428521501071","7.32691192803613","7.32592876510086","7.31389907383194","7.33768895095499","7.36870493585438","7.40365250458218","7.44600873638348","7.48503243753317","7.52723986569647","7.58193860035687","7.64393816614453","7.69701587042985","7.71352373868585","7.67531330281106","7.57595593989959","7.42386491056005","7.24934821725212","7.10092975555356","7.02109104997163","7.03591989695376","7.12718725261356","7.2055838227815","7.19979290658823","7.1101816970738","6.94591288268588","6.72711852354496","6.52461109114062","6.39075525128286","6.33415988921228","6.3661769045069","6.45928307252665","6.58554330426401","6.73008156050041","6.85705919283334",
"Autriche","AUT","Population âgée de 40 à 44 ans, femmes (% de la population féminine)","SP.POP.4044.FE.5Y","4.95528321339839","5.47511150758252","6.14918456465556","6.82269866956683","7.25819218806256","7.32401049950218","7.1488464856484","6.85963559036961","6.54449265215445","6.24975956163849","5.99748120654917","5.80055441298884","5.65421069012318","5.51610616206349","5.36473674346077","5.20248558391597","5.04845655079938","4.93221485570251","4.90218910399027","5.1928681864948","5.76594341366576","6.31943751319723","6.71138709148269","6.95555608340946","6.93020003043914","6.50177820356954","6.0403949547604","5.94675542819665","6.05438173328422","6.09573966900474","6.23056398978708","6.38838690953504","6.34859103565375","6.24911806506433","6.21900851574111","6.27686177444505","6.44501252697225","6.65965615336264","6.85883589542409","7.07469040627078","7.2944784935049","7.4883323449576","7.67300892102816","7.87822379141381","8.06785053511223","8.19780067512927","8.26590573902496","8.27637872062294","8.24124182878048","8.1709066401079","8.04505506705824","7.87434375918807","7.67543308878275","7.42046458380602","7.14213866619246","6.90094443124572","6.68095896379121","6.48199012450016","6.34462169903797","6.2566989204717","6.22880157852775","6.2981161282051","6.4337276045647","6.56609425342195","6.66733690416579",
"Azerbaïdjan","AZE","Population âgée de 40 à 44 ans, femmes (% de la population féminine)","SP.POP.4044.FE.5Y","4.03721039294529","4.01773741307101","4.0536274519276","4.14669513205984","4.29097905261844","4.47477191520941","4.68275230975052","4.89967370469082","5.10875569952597","5.29482261978103","5.45781668767038","5.60725172907855","5.74925039844977","5.87804503362406","5.98458391810945","6.12743861362105","6.23801515743214","6.25519746467673","6.36333583657353","6.4789170250832","6.41230812602607","6.06335869194959","5.45518338726916","4.61080828335248","3.75101037644172","3.10418129278361","2.74980787316679","2.76829258881995","3.090787304694","3.53887854384224","4.00866294488187","4.41491172864689","4.69802144708441","4.90207787309224","5.07973030260056","5.28622201094832","5.56447067287797","5.90620220957547","6.35752016066542","6.88654175766858","7.4227316275282","7.88947422563943","8.22009385150562","8.45100895941247","8.54721831281742","8.50843524789192","8.40611550226172","8.25424142306402","8.10533781150276","7.98425848446834","7.85736075458621","7.69938247684288","7.53704187381663","7.34050098244821","7.13066377488859","6.97045764225902","6.78266301991905","6.58060020301424","6.42903429191916","6.46230543556484","6.65220984772181","6.85303493132461","7.04223019675827","7.25343628081631","7.46978225920309",
"Burundi","BDI","Population âgée de 40 à 44 ans, femmes (% de la population féminine)","SP.POP.4044.FE.5Y","4.61004244138268","4.56715317217333","4.51976138653554","4.46346567060172","4.41441679230601","4.36540749447943","4.31149897374064","4.25851817248493","4.20502423873641","4.15124785096726","4.10159431017887","4.06229507842521","3.99577097418168","3.93315944878436","3.91313040686009","3.89262822037797","3.87159060078714","3.86120301002917","3.85921465022451","3.84857472235615","3.86615816414753","3.87664406541372","3.85468213605444","3.83577081145244","3.81396830414987","3.78894464506245","3.75642146693182","3.72332433241073","3.68775832161181","3.6229628592782","3.63501870692068","3.74177247452504","3.85187198368245","3.84524346052663","3.92433909095294","4.01840157059646","3.91658294848931","3.81071641611384","3.7356754562603","3.66374911331572","3.57732404618397","3.49125522700585","3.4141704980937","3.34811244669573","3.29407602048142","3.25721707230479","3.23972943051505","3.23664322138082","3.26117130425928","3.33254231942822","3.40353701008487","3.45810528079625","3.52926717887596","3.58992923883912","3.64280435159526","3.70308145635213","3.77756371504924","3.87836304276616","4.02879438174738","4.21759647340037","4.39483083317099","4.58622744371242","4.78485658845936","4.95198835905494","5.08035430357529",
"Belgique","BEL","Population âgée de 40 à 44 ans, femmes (% de la population féminine)","SP.POP.4044.FE.5Y","4.9292409610197","5.35609995757513","5.89830838321445","6.4750984349126","6.89964505396342","6.98919208591992","6.90163417592724","6.8129131125067","6.72834998407623","6.64774049947928","6.60400077298033","6.59296114196914","6.58708687488644","6.54654826391507","6.46153898714101","6.32579627826697","6.14775821579659","5.99411448560076","5.91354183246166","5.88347248646243","5.79598842120573","5.63265221881911","5.46840849142045","5.36943823411507","5.35118417316414","5.43813880839442","5.73026905286611","6.12581607741373","6.42541141625525","6.62139045293562","6.77637865054122","6.83244369808525","6.81143855068788","6.81209658035701","6.8460871375589","6.92245325797083","7.02102811389175","7.11512520752629","7.20342968504237","7.3031456574002","7.37653097204946","7.42971625882485","7.48014310754967","7.51989931900874","7.54913516805367","7.54961737766392","7.50003690414772","7.40290053689879","7.27310697811649","7.1164398070094","6.98479319701469","6.90423277564561","6.84893323882867","6.77826332403435","6.6700639445466","6.52990238700423","6.38626483807447","6.28501565045169","6.24547870085985","6.25930527373359","6.33162690359648","6.41279589178425","6.45327437429415","6.46390086157003","6.44376619768822",
"Bénin","BEN","Population âgée de 40 à 44 ans, femmes (% de la population féminine)","SP.POP.4044.FE.5Y","4.83795251558134","4.78745996515171","4.72899496703111","4.66645491710508","4.60416049782263","4.5445916425269","4.48758996864863","4.43365075449337","4.38459947141528","4.34323719801272","4.3104297164347","4.28739265631509","4.27520080743513","4.27011574114197","4.26536745412855","4.259741498813","4.25333752387664","4.24384451224974","4.23620403987243","4.23842554463539","4.24950206562016","4.26539907748211","4.28762598974169","4.31482862520454","4.33845339615887","4.35021887927534","4.34409199396117","4.28952618858376","4.20029308398559","4.10165619449525","4.00058069177596","3.9155847765881","3.87019392346941","3.88016868437623","3.89140252525196","3.88827619828932","3.89989067785736","3.92478737198192","3.95787423530482","3.99697920851146","4.04091699926679","4.09255526730981","4.14859489649341","4.20142227179116","4.24943751975654","4.29413335367714","4.32477926400251","4.33992055921414","4.35073871585592","4.35881772895944","4.36519535702845","4.37104544216462","4.3769829920875","4.38146731675315","4.38388044166557","4.38583775369896","4.38866864502914","4.39417423950772","4.40458910078863","4.42753050555937","4.46915166878384","4.52598535293795","4.59027464859791","4.65486825774835","4.7140361259717",
"Burkina Faso","BFA","Population âgée de 40 à 44 ans, femmes (% de la population féminine)","SP.POP.4044.FE.5Y","5.10959071565874","5.09023206898118","5.06588674980028","5.03666798603225","5.00199154378199","4.96179188272447","4.91748576930149","4.87020959758855","4.81985285925613","4.76702409909922","4.71337534486805","4.6599151355895","4.60752455714315","4.55749748857242","4.51117567176473","4.46905473376478","4.43413505646345","4.40877402416111","4.38934570080395","4.37055999479415","4.35137620542044","4.33202844360601","4.31381854824732","4.3021808722526","4.30069635080204","4.30634626566958","4.30845952295369","4.28730428706003","4.20182596616645","4.06840145354081","3.94347125566234","3.83866717373925","3.7636171999214","3.75170367739487","3.78607726476775","3.81893538436918","3.84370798784565","3.86411088640772","3.88339822389354","3.90360005479297","3.92184742171069","3.93733651731974","3.95153860514478","3.96222009638794","3.97022538090955","3.97733614081451","3.98144571132893","3.98277427420438","3.9842846164944","3.98453089004872","3.9823946556914","3.98092681945737","3.98321432862692","3.99229134854138","4.01352893785476","4.05011665808905","4.10060267580445","4.16577017344806","4.24645404447187","4.3382848055246","4.43365250515918","4.52539632476521","4.60606976857504","4.67183885108717","4.72898657592907",
"Bangladesh","BGD","Population âgée de 40 à 44 ans, femmes (% de la population féminine)","SP.POP.4044.FE.5Y","4.63434904088173","4.62479028317104","4.61622665000865","4.60827700804275","4.59780896106681","4.58420189862622","4.56732413801149","4.54615485302838","4.5220433090715","4.49528685562062","4.46858508487242","4.45351907210972","4.43431480618736","4.4030248541362","4.37135268777587","4.33570071333351","4.30069760282113","4.27100140116824","4.24543652855832","4.22071423412588","4.19642654392245","4.17611707545673","4.16580869775888","4.16659948775148","4.17589317631496","4.19200676750289","4.21145255249727","4.22860993444956","4.22110401321941","4.1880278253854","4.17935748311538","4.20867758451246","4.25018239501401","4.32388754866043","4.44276197953597","4.56174315303058","4.66216990396972","4.75446474261275","4.83659159926769","4.90794224663576","4.96634925849429","5.02229452983207","5.07842943519721","5.12358888075152","5.15671391500622","5.17903530562135","5.20157661857905","5.23741530562335","5.28945567342491","5.35609216931375","5.43989557105773","5.54319083468243","5.6779370859571","5.8306500622026","5.98094435956335","6.12562229203928","6.25024068369772","6.2462082661895","6.11885413198435","5.98182836678761","5.86170185439041","5.80242246144906","5.93158247810438","6.23779241703975","6.57965485053352",
"Bulgarie","BGR","Population âgée de 40 à 44 ans, femmes (% de la population féminine)","SP.POP.4044.FE.5Y","5.01145921642964","5.40851020674705","6.21583942822301","7.04528031273802","7.60629171949376","7.86354139584558","7.9596263335735","7.95714989233677","7.89207017324179","7.77465103980009","7.60957528390089","7.43806219947244","7.33111737415594","7.30629162512312","7.30446467812117","7.27907795750753","7.20321001841614","7.06956634006631","6.8279404326702","6.53461986402698","6.29114782567617","6.14878379756367","6.05899043108048","6.04402523496192","6.07600029173753","6.15843519136198","6.34299373925798","6.5522398752349","6.74617033870553","7.00354757839958","7.26833408353418","7.34235502542802","7.30086616823431","7.27026878087122","7.16828831500462","7.02840742932147","6.97247043513712","6.9759367549791","6.93648454218196","6.88924258091713","6.82873886821419","6.77209980001249","6.73049398427944","6.68597126028625","6.63914848632833","6.55877505156228","6.42458634383628","6.30064098690662","6.29765850258558","6.4071345863822","6.54104915332464","6.68472812682322","6.80856790060028","6.87699737153648","6.94144122958014","7.04054399575718","7.15575863503227","7.28924637750844","7.3503030631552","7.28046469037805","7.16002399442219","7.04110356431437","6.90690123588436","6.79054891237552","6.71204241173672",
"Bahreïn","BHR","Population âgée de 40 à 44 ans, femmes (% de la population féminine)","SP.POP.4044.FE.5Y","4.34925950107633","4.37238078706574","4.40834438740609","4.44663975194294","4.46416329843535","4.45356950587441","4.4174028156106","4.35845113706208","4.28255856293239","4.22376166652756","4.20942972071717","4.20611084911514","4.19211455755508","4.17714567864773","4.16391743903357","4.14881010529177","4.12737338227087","4.10188463913577","4.07970280310706","4.07003371860293","4.07467166328354","4.06666153748373","4.02583144979012","3.96162988855969","3.88070190191032","3.79237937676792","3.71899331082266","3.6825738644125","3.69598952399119","3.75805270409493","3.87718806923311","4.06080804483125","4.2932136848009","4.56191955869004","4.85459159296264","5.1624373352628","5.4787321862177","5.79536402271291","6.11212839602551","6.41737694876258","6.69139555208483","6.89738085919332","7.02758669738655","7.12128106649936","7.20102063781095","7.27614485591717","7.34296560121369","7.39683862900382","7.43687515946527","7.47096981217006","7.4473877947525","7.37843586657213","7.31952991377638","7.16369942564396","7.07959833113632","7.24302931356205","7.40437415875284","7.44220655905339","7.51367827053808","7.7015955772003","7.64763025883599","7.60676616496952","8.08712629505745","8.50917820346768","8.60391233715671",
"Bahamas","BHS","Population âgée de 40 à 44 ans, femmes (% de la population féminine)","SP.POP.4044.FE.5Y","5.18685269338351","5.03455878211472","4.89320418251536","4.77330661440759","4.68325392623963","4.62087952972692","4.57768137524685","4.55578467616588","4.55242391413738","4.57193702322523","4.62793034891088","4.70370625553182","4.77323274282854","4.83356753244791","4.8856246954176","4.93295780072699","4.98511484182164","5.0516414607156","5.13829172236875","5.25003763626542","5.38535704048572","5.53310140182135","5.67851488217406","5.80315997366689","5.97592172742814","6.17877662444846","6.31466188843876","6.38909928312944","6.41759034243925","6.33122747008913","6.15201479117595","5.97903128963609","5.82678537205777","5.71260688505437","5.65067229990276","5.64788978313078","5.69799831573492","5.78750772878806","5.9071107540111","6.06030607793943","6.24716003525368","6.46457169165771","6.70482711888586","6.95703182284792","7.20791093829561","7.43841998880883","7.62566161759699","7.76275307455643","7.85409001273739","7.89123581251965","7.8820304326522","7.84650450365677","7.78625401846167","7.69755987786603","7.58975475514756","7.4741996498076","7.35784372263355","7.24807656220679","7.15124589625336","7.07063814854798","7.01308095433439","6.98144143140498","6.96831334978328","6.97231120403583","6.98830632469502",
"Bosnie-Herzégovine","BIH","Population âgée de 40 à 44 ans, femmes (% de la population féminine)","SP.POP.4044.FE.5Y","3.6898179327169","3.95532771733427","4.34285987768559","4.73802169344972","5.07157640238915","5.32957936188721","5.53183266705102","5.72382877689921","5.92543399310813","6.11462547893405","6.2709378169283","6.39946355495115","6.50833782566057","6.60442275233668","6.70262216808197","6.80492235322234","6.89426902997448","6.9518578444914","6.96324712816989","6.9111418555896","6.78478705186985","6.59029375946414","6.32453616373037","5.98784962048631","5.62947017631175","5.3293052528173","5.15303589252679","5.142738276751","5.30395357640903","5.57690328109287","5.88771790707456","6.20244392427013","6.52314995043778","6.83746971157732","7.09771377196836","7.2609547327301","7.29341768899451","7.28695725486488","7.27780439677069","7.27088079997736","7.28832945617832","7.32827758212193","7.36837525916242","7.3872795945207","7.36774903218578","7.29310135548054","7.16260202264737","6.99268633953583","6.78689429980525","6.55716307920844","6.33858649378406","6.1723830544155","6.09279413247041","6.12332804233084","6.26586594196216","6.49546435091934","6.77324493484801","7.05717643997514","7.30553293907961","7.50376343412082","7.66315238418816","7.69212234192291","7.56877786160888","7.39434005864443","7.1812167744927",
"Bélarus","BLR","Population âgée de 40 à 44 ans, femmes (% de la population féminine)","SP.POP.4044.FE.5Y","4.41995133229765","4.5559965358716","4.97176785975177","5.54435097089054","6.07569905486289","6.60924384001687","7.14557672054701","7.52513892978642","7.70147506910396","7.83878818039176","7.93862100711855","7.89582182049957","7.80759807715831","7.65640637280802","7.32636407609186","7.03173146318678","6.98493590880154","7.05081851000803","7.13562691329967","7.33602236227078","7.33928995157049","7.0728361607836","6.57833158843816","5.87434775596194","5.18218020146466","4.61939382743742","4.25325877142703","4.26896329095737","4.63255565460614","5.16620837359006","5.73485282978408","6.20489715016158","6.48361078660122","6.62887610588398","6.70744999526824","6.8242452113353","7.02221136740205","7.25112535748522","7.55674174710065","7.84111668388995","8.03299707871506","8.17952146550173","8.23523849460271","8.16989400410873","8.0079550121315","7.77776765815501","7.4964061108826","7.221557321915","6.9871558236223","6.7966336181841","6.68058054281249","6.64903289734756","6.65243826669742","6.65463235826088","6.65937417130735","6.66505818951902","6.64327736290476","6.62097272212467","6.63790652053692","6.69006754514434","6.76369441118108","6.86409379281254","6.98132378284617","7.15550828445061","7.3676614415655",
"Belize","BLZ","Population âgée de 40 à 44 ans, femmes (% de la population féminine)","SP.POP.4044.FE.5Y","4.50272678976071","4.42067358610464","4.33752882894995","4.25182408191236","4.16123435248449","4.06988929748681","3.99137699730763","3.9284367085197","3.88506148077091","3.86782048019004","3.88288243402588","3.93102321019941","3.97134314886896","3.9618138424821","3.90791954745443","3.82947138914017","3.72720243780416","3.61967749126848","3.53452923946782","3.47223213903209","3.41949531040643","3.3611958179046","3.30086256698341","3.23935446237605","3.1678819180718","3.09891034124501","3.06115047029523","3.07773239628095","3.16125340315952","3.29741769175109","3.45802041741785","3.62162688959154","3.73302927450148","3.79279887774718","3.85818242841233","3.93567645833746","4.03201355233966","4.1667248416477","4.33252901608185","4.50840306955103","4.68830716118655","4.8617242459628","5.0041793492832","5.11142790532354","5.1907910341556","5.24584387942936","5.2759768582814","5.29326447345235","5.31623391165738","5.36787412067706","5.47408845981843","5.61487989119447","5.75151395115745","5.86182463918526","5.93510361873376","5.97613610381105","5.99837045834311","6.0197197716658","6.05244586413104","6.10123090426532","6.16625783311346","6.25343609374682","6.36222600340306","6.48958714458657","6.63627410413324",
"Bermudes","BMU","Population âgée de 40 à 44 ans, femmes (% de la population féminine)","SP.POP.4044.FE.5Y","5.68297531881879","5.67350622209556","5.7140868596882","5.7757721438614","5.84176428824991","5.92108122202425","6.00668355292565","6.06573830134237","6.08568546311737","6.09832742017233","6.12774969531078","6.16802832782734","6.21099671240427","6.23908992841032","6.23020063357972","6.19890343603052","6.12256786671327","6.04151008845465","5.99846977811783","5.98506583572419","6.03347311949828","6.12489916896468","6.23058175661848","6.38757172641562","6.61762014567549","6.88903818568082","7.15676377271416","7.31942904160555","7.37260186531437","7.40857946554149","7.42620006625865","7.46761669231967","7.55561654174028","7.6738486674155","7.85814452498015","8.12099237922584","8.43347352960812","8.6877227886927","8.86340452137286","8.97797946491242","9.10343039554065","9.25916976755424","9.32826850026446","9.328078377559","9.33331213330577","9.24347109533469","8.99623905691982","8.67976244860667","8.32365770232529","7.96414492209499","7.75809598127195","7.71197007481297","7.64266674980126","7.52971640720058","7.38033887717654","7.18285624902237","7.02039794769115","6.9007433727617","6.79973984142716","6.79168076792911","6.86007764972028","6.91001336735934","6.97692028107584","7.1005648348653","7.15994790562437",
"Bolivie","BOL","Population âgée de 40 à 44 ans, femmes (% de la population féminine)","SP.POP.4044.FE.5Y","4.49991990373547","4.47446705932937","4.46741891290192","4.47665588225727","4.50053184829104","4.53284520058106","4.57611269595406","4.63316231177153","4.69139132995668","4.73073683701272","4.74550998669817","4.7392173364191","4.71289322045165","4.67302024182936","4.63107777763557","4.59459433434472","4.56160729115938","4.53121024127642","4.50790821608289","4.49817819653783","4.50318763322002","4.52174344041805","4.55644321449237","4.60787756716192","4.67138573052714","4.74217709539734","4.81348482947571","4.86907607671919","4.8776876445408","4.83405178566331","4.77600345527515","4.71779299778568","4.66026905523717","4.6209421489346","4.60847088090976","4.60607528333654","4.60553986548205","4.61792580197567","4.64170114569662","4.67245108229323","4.70859901484497","4.74966493239629","4.80173356601617","4.85957651862465","4.91194325120623","4.95789615595015","4.99895428916612","5.03943297146016","5.08233641775721","5.12775866751976","5.17567435729039","5.22647879747542","5.27682891739473","5.32775191491459","5.38348909188277","5.44265372883203","5.51058838331877","5.58839976850113","5.66557224544995","5.73661179969492","5.80651655465048","5.8712813994583","5.92620102571578","5.97976271472791","6.04170146120513",
"Brésil","BRA","Population âgée de 40 à 44 ans, femmes (% de la population féminine)","SP.POP.4044.FE.5Y","4.40106082999642","4.41110233893104","4.4466945225156","4.50464667876236","4.57726064391602","4.6551239291176","4.73162871707957","4.80321396593384","4.8652701026599","4.91287166832486","4.94306341928478","4.9561504006465","4.95101069114276","4.92476234438441","4.87953493514853","4.82090960971951","4.75752637749078","4.69569736188812","4.64227640171531","4.60432095531043","4.57891839045299","4.56146518843684","4.55158117517416","4.54822929935875","4.55398527407631","4.57468022465119","4.61975138781979","4.69829345948428","4.81160929028514","4.96502794572722","5.14384059796882","5.319858424628","5.4840357232284","5.63307895255065","5.75692497882869","5.8666791060632","5.97789779520891","6.08811328848307","6.19793141784572","6.30764220884866","6.41522364315556","6.51831853917806","6.61608267563832","6.70627756175968","6.78056706118078","6.83092032082407","6.85502739400171","6.85112896730187","6.8223956363648","6.7852654798366","6.75913370830688","6.75455037360813","6.77695556394089","6.82640051293908","6.88888727564942","6.95647876260106","7.03375301540081","7.1205212769529","7.21515983621224","7.32123979118463","7.43772115523204","7.55117097701372","7.64929492528299","7.72362968856135","7.76764400098565",
"Barbade","BRB","Population âgée de 40 à 44 ans, femmes (% de la population féminine)","SP.POP.4044.FE.5Y","5.37853979638","5.23242877980041","5.09424308781696","4.96707974378658","4.87181760301738","4.81060923991894","4.78222623745899","4.79723241132854","4.83920271509527","4.88019491058125","4.91770530587304","4.94689244247662","4.96285895816828","4.9803433261285","5.013516738456","5.05918871583161","5.12120004064755","5.19988118130794","5.26984996381135","5.33863199024922","5.38577722822642","5.38966931366325","5.37692745895128","5.3710342700744","5.375655614514","5.38818253235808","5.41877902917337","5.47074223929822","5.55101795009805","5.66344984916478","5.85392694850161","6.10929475695689","6.36244325554246","6.60698604199629","6.84877349462584","7.10233033117173","7.37523602006677","7.63410697676129","7.82554073116257","7.96966871958247","8.10057509302976","8.19052724729106","8.20575069623668","8.21232953578708","8.21703976520688","8.15158523899234","8.0337657721699","7.89227207662537","7.70925264903454","7.48997611031168","7.31508821718853","7.22993524758176","7.22473056896224","7.25830393327856","7.2803560601885","7.25052260974805","7.13052669872092","6.95080169932849","6.78337728794891","6.64669697414756","6.52884979416148","6.46742444112147","6.4997124021061","6.58018731522778","6.6340461560956",
"Brunéi Darussalam","BRN","Population âgée de 40 à 44 ans, femmes (% de la population féminine)","SP.POP.4044.FE.5Y","4.17942233461999","4.1663762054142","4.16517697533071","4.17100587269038","4.17138970754931","4.16130628401781","4.15184769584815","4.15154036778624","4.16387959866221","4.19394227181766","4.14036482926587","4.0589683795111","4.10759263072853","4.21298737020652","4.2920575913141","4.31520368245915","4.27720180484276","4.20489449452651","4.12577221197622","4.065457043815","4.04149216877678","4.03552197834426","4.01495467078166","3.97238600467533","3.9079124534678","3.84595805334962","3.84262462400573","3.93601486791451","4.12480533619989","4.38730546285694","4.69428349044366","4.99557264017525","5.29228386886448","5.60171482683339","5.91455891425046","6.22991078133918","6.53691172003382","6.82470443771775","7.08462530049124","7.31616858967598","7.51646700116042","7.67119635023916","7.77110370490624","7.82082475513133","7.82983385511823","7.81915021521148","7.8198323857256","7.74210373804694","7.61516517324706","7.57308443311961","7.62093509967483","7.73410450632105","7.84379303046851","7.89887173718417","7.90420046844615","7.87774993388825","7.83460391282049","7.78776925274054","7.75190776457746","7.73708014231442","7.73481190919276","7.7444160514859","7.7569083059143","7.74828478497911","7.71859009360824",
"Bhoutan","BTN","Population âgée de 40 à 44 ans, femmes (% de la population féminine)","SP.POP.4044.FE.5Y","4.53646362880118","4.5506021930613","4.56605058450686","4.58406232393024","4.60325157811678","4.62226897620727","4.64177871137643","4.66054785093428","4.6779496538339","4.69515976999008","4.71111894583756","4.72536481390392","4.7372711212324","4.74674322803078","4.75306261679471","4.75444770451697","4.75268829130596","4.75041682079655","4.74686414174261","4.7377254509018","4.72358156887446","4.70780704694447","4.69175013328191","4.67831633325426","4.67360486311844","4.68004351803773","4.69270686704962","4.70454351915648","4.68480778398832","4.64934166196208","4.61258696187223","4.5615723664894","4.50788447510379","4.47936535297931","4.46613937380072","4.44992743655192","4.44866790979987","4.45304990860553","4.46431002899351","4.48336171091908","4.51010314263538","4.53986311745089","4.57207375716725","4.61135125071078","4.65945310494987","4.71355699431038","4.77486045336309","4.84813969329626","4.93458450874125","5.02824568050806","5.11605742494552","5.18400439322406","5.2276536966096","5.25260906745146","5.27391424407229","5.31966070914187","5.41367500565011","5.60279349982914","5.89241959802215","6.22793721916084","6.55875313202428","6.84578906697354","7.07617913344581","7.25154258322703","7.39327013626359",
"Botswana","BWA","Population âgée de 40 à 44 ans, femmes (% de la population féminine)","SP.POP.4044.FE.5Y","4.05750369474674","4.19409108887791","4.34731528093248","4.4830486677372","4.55900037484247","4.56733171235386","4.50661818540791","4.37467992228716","4.21261164569653","4.08125028778658","4.00345766711012","3.98359298794091","4.02419493008947","4.08933527913698","4.13704226703774","4.15197431124251","4.14318123641693","4.11746668295686","4.07623303605829","4.02361058703035","3.96410642153033","3.89439043384329","3.80940680974634","3.7183077554983","3.6345381164141","3.55957728333159","3.49401817559193","3.43744656597321","3.40174715289327","3.44909251404827","3.57653266884092","3.71900796395241","3.88765951429884","4.08337538863915","4.23252909725722","4.33145083121014","4.43101019287747","4.53822994894203","4.64578141687433","4.74434209505161","4.82827830336262","4.89301457372945","4.92471885693824","4.92982581433446","4.92775604128911","4.92269594093492","4.91628192513729","4.91105402489631","4.90931552286862","4.91175344145703","4.91922078679537","4.93516176427123","4.95699524066901","4.99085863985818","5.04153272023671","5.09212555068563","5.16156029158088","5.18587580277582","5.16324954680003","5.16550138088931","5.16641752663225","5.07278862396523","5.07301351914278","5.1900826446281","5.24473271027742",
"République centrafricaine","CAF","Population âgée de 40 à 44 ans, femmes (% de la population féminine)","SP.POP.4044.FE.5Y","4.84219688478516","4.83133838648882","4.83790342217881","4.85407199319998","4.86552837080845","4.86629673125237","4.85782223154562","4.84054001569719","4.81547981184431","4.78489933145563","4.75025799647109","4.71093625766755","4.66713446547922","4.62014377509359","4.57157043552277","4.52148141784874","4.44749883518997","4.34977762997897","4.25014982021574","4.14723928404407","4.04176589478122","3.93758547302492","3.83981426998386","3.75455290728005","3.68558915658067","3.63313874314988","3.59128066857974","3.54922510511626","3.51128703918205","3.55596458107287","3.71723251088596","3.91879160245298","4.12174165725569","4.33123694284129","4.50115744933276","4.59280992939743","4.64510099874567","4.68941934387973","4.72617472400407","4.75419493736073","4.77167417784165","4.78526195001623","4.7886761730608","4.77163935473496","4.73986384860486","4.69504353410443","4.63712072734112","4.56964313955129","4.49906963941646","4.44526466695736","4.38048063555288","4.27288357705299","4.13234917351097","3.95920196961268","3.74546651378095","3.51071959365677","3.30338929721665","3.13316246997069","3.00488217869356","2.93600163133135","2.92733978413493","2.93129685621508","2.95170692903052","2.98760463097155","3.01259319568908",
"Canada","CAN","Population âgée de 40 à 44 ans, femmes (% de la population féminine)","SP.POP.4044.FE.5Y","6.22010665046402","6.21029475177168","6.23160586044227","6.27763722526484","6.32592291849968","6.34942472130069","6.33636448814002","6.2861533762242","6.19163516952165","6.05684478309155","5.89961953103639","5.76795171090935","5.68565235885407","5.61821209020386","5.53788340871653","5.45016598122895","5.36861126686388","5.2933580352303","5.24794826265483","5.25820220028159","5.31122093664798","5.39511460032301","5.51804863720057","5.68051354246232","5.85796183978044","6.04343790271536","6.28296912464054","6.57522222061455","6.84188827076345","7.06902312847466","7.28359604654805","7.43034561422845","7.48225830796753","7.53966187802496","7.66015619043492","7.80773814172736","7.96051723759084","8.11404223577258","8.23942362730983","8.31983071653121","8.38077432400935","8.43148798245793","8.46383149626821","8.4859070165444","8.48498456381237","8.40560057282224","8.20717972338351","7.91307190583828","7.58038849160309","7.26645897699262","7.03159546111538","6.89654598754293","6.81128649519992","6.72896293245622","6.64781360373856","6.57066771805692","6.50254765261688","6.46043160152897","6.44924173895782","6.464025246006","6.50577391740139","6.5653265898585","6.63025435383311","6.69536764649017","6.74116700559424",
"Europe centrale et les pays baltes","CEB","Population âgée de 40 à 44 ans, femmes (% de la population féminine)","SP.POP.4044.FE.5Y","4.76736678915939","5.11896034488095","5.67494977272977","6.2972426826359","6.75102316143319","7.00481510408075","7.1563271634461","7.18796740949846","7.15805769179136","7.13060470971809","7.09796049414327","7.054373846691","7.01466753226486","6.94306621764879","6.82829934032119","6.69461973985376","6.57423028842872","6.46353293689293","6.35681469311907","6.27931805250652","6.20023552740049","6.09016975986329","5.95114698470812","5.81463287552652","5.69515593491532","5.58434105569584","5.58856465368085","5.76292582776031","6.03458531593901","6.36907472056692","6.74911752701201","7.06993336116479","7.267106033197","7.40453684255038","7.49192511084738","7.55632383402718","7.60632655971007","7.62201957680585","7.58753944326515","7.47934490790663","7.29354555454657","7.07354779699819","6.83950976467606","6.62541881783235","6.45316419951298","6.30464645550169","6.18543498880238","6.18365317232112","6.29276627299991","6.41470789714501","6.53679566672345","6.66706223958234","6.75298331679714","6.78254214729778","6.86159707011227","7.0180176445775","7.18969298376363","7.34468713179448","7.46101152776814","7.50626706905936","7.48496000999574","7.43815506187853","7.36365550805374","7.25504099919994","7.16264941639616",
"Suisse","CHE","Population âgée de 40 à 44 ans, femmes (% de la population féminine)","SP.POP.4044.FE.5Y","5.83700193929583","5.94271043024693","6.0645744495715","6.19679497455729","6.32944130064228","6.37693443721044","6.33664763454636","6.28603745842678","6.24772880777402","6.22072751780183","6.2173364769713","6.21502150743675","6.20234941948246","6.20224249275991","6.20950548393304","6.21514800162639","6.22712667941329","6.22936102965342","6.21815446821004","6.22603245465094","6.24691412418743","6.3014668965902","6.43144612117487","6.62086848533522","6.822178503306","7.00973865738386","7.17510112017188","7.29568891854594","7.36479235703517","7.37851263849261","7.34897775029517","7.2555523517725","7.14172902280047","7.06033012617997","7.00108627834219","6.9823851229321","7.01984150617086","7.0995422055649","7.18560997904266","7.28977320538353","7.41745959181407","7.56825453007453","7.72523549695898","7.89495422032295","8.06730738757958","8.19778458776949","8.27842376414142","8.30255868992245","8.25707276488768","8.1465888107967","7.99370110853692","7.8200437541243","7.62693462049347","7.41470721612275","7.21106459506329","7.03881172633954","6.89394307726942","6.79553094407065","6.74773559237239","6.73677137461126","6.7789177974185","6.84508057187618","6.91189073851615","6.97065699035874","6.99720263350468",
"Îles Anglo-Normandes","CHI","Population âgée de 40 à 44 ans, femmes (% de la population féminine)","SP.POP.4044.FE.5Y","6.10406002384125","6.20167161896818","6.37364904949831","6.52709778321773","6.55382418413205","6.41206664562534","6.20758220630043","6.02718124624063","5.91258606267293","5.86146496815287","5.83198643907439","5.76658860265418","5.65646884227124","5.55393876269395","5.50843918698323","5.52269284966128","5.59756581954989","5.72232925608973","5.85577202242256","5.97696201404248","6.06867772080531","6.02284603948008","5.87427603181443","5.78465104487342","5.78349235065653","5.87461140633559","6.14766519823789","6.56630163948156","6.93624047475941","7.22215386298074","7.45292904708786","7.50291668342922","7.35162501168833","7.18036544894777","7.03478469154202","6.94741740344346","6.96387700268683","7.05452334212422","7.20967434022132","7.41265437564357","7.61102683475441","7.77261803190069","7.88904152195324","8.00856034138229","8.14814814814815","8.2726100994117","8.4029986225633","8.49549811211153","8.46909424340246","8.40912498126031","8.36734313561059","8.23527231621667","7.99587246405297","7.73408102428774","7.44900005469163","7.19390935444241","6.9703993432807","6.78151786574208","6.68697200621152","6.66463713095281","6.73450332740605","6.84029239315378","6.90142260205559","6.92444559658756","6.91932157984714",
"Chili","CHL","Population âgée de 40 à 44 ans, femmes (% de la population féminine)","SP.POP.4044.FE.5Y","4.78809469101724","4.80940789430048","4.84291631118576","4.89517243213953","4.976319513435","5.0789135544726","5.20767744506242","5.3677675731633","5.52641025484655","5.63218320745067","5.66928722908879","5.64230641138375","5.55275971938139","5.42566751109159","5.30174815420669","5.2014260212882","5.11982060394279","5.05632469300718","5.01001524602514","4.97698541465822","4.95489693344884","4.94699607439649","4.95647601671653","4.9845156253676","5.03052531543533","5.09545313335626","5.18490420629269","5.30454920521244","5.45488133815026","5.62304845776743","5.7976546095321","5.9625779322759","6.10099161326538","6.21352850266688","6.30947834434041","6.39634935612142","6.48721871277518","6.58777161862011","6.68736124634346","6.78431425030296","6.87406317492885","6.9483709490056","7.01133227558987","7.06857235365072","7.11692275229627","7.15459710338755","7.18295350424488","7.20102057725894","7.20604247942124","7.19824254115434","7.18042756103363","7.15346453075604","7.11846017807136","7.07660024715962","7.02838293428939","6.97774557070179","6.92942599723957","6.88835530288391","6.85914677083604","6.8472257568505","6.86188813208638","6.89970131747174","6.94754975933305","7.00580254303873","7.08273471663353",
"Chine","CHN","Population âgée de 40 à 44 ans, femmes (% de la population féminine)","SP.POP.4044.FE.5Y","5.17502005106354","5.20508506845635","5.18097874449568","5.11583320013454","5.08310100652814","5.05490945384658","4.98783345265867","4.93458998261656","4.90749184086098","4.84962749016506","4.78882683623623","4.76225090438727","4.75384066425195","4.76210468514825","4.78895135685178","4.8179866111412","4.84525385511564","4.8489251959459","4.79584312889851","4.69800820017446","4.60355655920544","4.54516120114028","4.5037165409109","4.46975586744454","4.4749767606899","4.51139611995465","4.57215933985107","4.68224502218701","4.86852030354593","5.11492146174542","5.43422958894845","5.78757276705217","6.196059849325","6.59907215699838","6.92374921071021","7.17833568085417","7.31323789456123","7.37617290000867","7.34273601009203","7.07860760988798","6.63068519032566","6.17923634078813","6.01482464229639","6.43102779208862","7.17441846452579","7.94768372471075","8.73638827294151","9.15388208290882","9.12886684190279","9.11296203014409","9.19248867761878","9.25955416247611","9.30990944164563","9.22036265912259","8.93567189639085","8.51698946057459","8.02550634932583","7.53252775784867","7.05410999212131","6.70134845363002","6.5372705604395","6.53079797966831","6.69658675813749","6.89157131217271","7.01381272263695",
"Côte d'Ivoire","CIV","Population âgée de 40 à 44 ans, femmes (% de la population féminine)","SP.POP.4044.FE.5Y","4.44153085902271","4.47248729390426","4.50149677032926","4.52864045836374","4.53988831826752","4.53681114647408","4.53408183234814","4.53131922515964","4.5281565242101","4.52462308716071","4.5209855813077","4.51723096018252","4.51257427487906","4.50548166908751","4.49435526279021","4.47866553445916","4.44153874324422","4.37475349372675","4.2864716850162","4.17542456626296","4.04318865126043","3.89594726574732","3.74092269043582","3.58819712306522","3.44679992843139","3.3185811612591","3.20074078904061","3.08786774935299","2.96362411447257","2.8743582869561","2.84978373823983","2.85796850396208","2.89561460352664","2.9691606239798","3.05361569732061","3.12678582796756","3.19947513765153","3.27584970034331","3.35472471164501","3.44568539755334","3.54823058438482","3.64874330914855","3.74186276480006","3.82383657860477","3.89322361434221","3.9466301197196","3.98308918094515","4.00882238439108","4.03606951979866","4.06226516332021","4.07909613131985","4.09223667704978","4.10683693687192","4.12617790039275","4.17155730479419","4.25258239864704","4.35682273091103","4.47746075103546","4.61092129374011","4.75258267806595","4.89403204250847","5.03353587451745","5.17625242679294","5.31840600898757","5.44297884127792",
"Cameroun","CMR","Population âgée de 40 à 44 ans, femmes (% de la population féminine)","SP.POP.4044.FE.5Y","5.04191389504531","5.03399701872154","5.02786582671351","5.02360789043057","5.01346065931833","4.9968491139852","4.97732355075902","4.95483924489134","4.92933532787068","4.900796120856","4.87036880244887","4.83885515491097","4.80636955003906","4.77360849444194","4.74047166423802","4.70568656753686","4.6700220203984","4.63492463218178","4.598423954864","4.55285308804324","4.50236695260712","4.44823701803068","4.37386283378952","4.29323261982703","4.22917516338439","4.17633743956779","4.12467735910349","4.06314382352103","3.97957959825514","3.8844477338781","3.80832480919034","3.75629988424793","3.72665443641797","3.7298467370056","3.75565026052446","3.77895274684592","3.79613877695536","3.81299009214883","3.82835610518468","3.84136785682683","3.8506754446676","3.85828091786151","3.86489765526345","3.86829521835277","3.86853792998815","3.87126355287478","3.88145176701819","3.90411749564604","3.94202200832684","3.99418264736442","4.05467424043394","4.11759262774861","4.17858392534736","4.2337443282933","4.28584602473566","4.33326249762391","4.37570303329567","4.41848354707919","4.46441255845934","4.51570750717289","4.57426710604431","4.64233464615601","4.71976575696246","4.78988978578147","4.84614600610306",
"Congo, République démocratique du","COD","Population âgée de 40 à 44 ans, femmes (% de la population féminine)","SP.POP.4044.FE.5Y","4.63221102160109","4.63322565335211","4.6332250946399","4.63290889379426","4.63394910184572","4.63676462861204","4.6408993284877","4.64693886077114","4.65427308375922","4.66042774961929","4.66464504081202","4.66672750928625","4.66727031998829","4.66787708222429","4.6690671853176","4.67162724337027","4.67544134896651","4.68085968421556","4.69336375280493","4.70716402347039","4.71241816720389","4.71186231779067","4.70899537878159","4.70617388017803","4.70623013627629","4.70652525472874","4.70142036879308","4.68716117579607","4.64877321988652","4.58379402647491","4.50303427999403","4.41819863399073","4.346459453916","4.30327158430037","4.3043822225489","4.31716914319363","4.3093901909699","4.29765706320583","4.30064286379104","4.31074525086582","4.31792750294735","4.32456588050069","4.32841655720155","4.32798435525757","4.32628244436143","4.32372491351142","4.31726664405099","4.30578732115935","4.28859278856","4.26522949792989","4.23575469857579","4.1994934002108","4.15567132823598","4.10643142065012","4.05313981987355","3.9965135724859","3.94455364084238","3.89788452202582","3.8510772562251","3.81618885589576","3.80342609578225","3.80632224441985","3.82150569897474","3.85078946825131","3.88783433145478",
"Congo, République du","COG","Population âgée de 40 à 44 ans, femmes (% de la population féminine)","SP.POP.4044.FE.5Y","4.69387085433025","4.66444571959051","4.63406492159647","4.60272300615996","4.56978360938998","4.53530018121176","4.49955954729122","4.46314535659643","4.4261526965053","4.38861385595523","4.35092744929087","4.31315634202042","4.27563924982227","4.23898807829089","4.20232745447839","4.17994587085356","4.16947912732939","4.15858372323924","4.1514785148792","4.14137120235929","4.11368124881638","4.05553635955237","3.95619326039804","3.82406162072904","3.70541692990341","3.6309433139025","3.59735705522847","3.59848304447042","3.61916324787003","3.64385360305732","3.67037852263076","3.69943321019452","3.72583341218027","3.76300577813302","3.82542285610541","3.90353045581845","3.98651050089311","4.06799912351663","4.15295685774378","4.2328508850712","4.31934388019033","4.40358131665767","4.46868023910801","4.54261227899078","4.63326067513395","4.73320857703593","4.83083581515721","4.91111748909165","4.97293529970301","5.03036648432617","5.06537492088221","5.07305348813356","5.08062305190834","5.08701039925567","5.09358941305998","5.12281672237654","5.17135439294948","5.21962875845527","5.25927202656329","5.27668268164999","5.26970419864745","5.25094913131361","5.21896250049708","5.17753352532324","5.1603699051365",
"Colombie","COL","Population âgée de 40 à 44 ans, femmes (% de la population féminine)","SP.POP.4044.FE.5Y","4.07396936821953","4.04094612781689","4.02566563329902","4.02365358321726","4.02621137482421","4.02925910485562","4.03473921131493","4.04363097133371","4.05404099989586","4.06215951178225","4.06574911757733","4.06615519936396","4.06571829417725","4.06332158985741","4.0551116674013","4.04229055524745","4.0250585203767","4.00444823730282","3.98903701072679","3.9892789462935","4.00865086631434","4.04466007100901","4.09751710061155","4.16770157294187","4.25212767682687","4.34752739102978","4.4496604834358","4.55247737967368","4.64973217382368","4.76127826694821","4.89233865867353","5.02573435175416","5.1673087332597","5.32385997637091","5.47604507093563","5.62040444166383","5.77320907608172","5.929295761682","6.08379000520571","6.23608100689259","6.38500985209046","6.52715176014149","6.65792745491296","6.77274431148254","6.86854001956915","6.94213499579281","6.98842496664421","7.00463098105749","6.9907468199529","6.94979271713746","6.8896739672498","6.81906375837517","6.74444442544398","6.67490361772601","6.62094042025366","6.59060182111389","6.58956750867748","6.61253966342712","6.64579634342919","6.68966862186851","6.75249621372956","6.82909739563568","6.9108939614416","6.99486746515573","7.0662311935624",
"Comores","COM","Population âgée de 40 à 44 ans, femmes (% de la population féminine)","SP.POP.4044.FE.5Y","5.09914731313777","4.97642539286923","4.84401528013582","4.70365011977326","4.557419282574","4.40522154807869","4.26757062146893","4.16493716385089","4.08490205426207","4.01681535256718","3.96125511374925","3.91774236063845","3.88637594489661","3.86470931564132","3.85077444544557","3.84490287398878","3.85535067214114","3.88261382646247","3.92085438576108","3.96688429286704","4.02060211573333","4.05960164208606","4.06704633199252","4.05207763435152","4.01579900216828","3.95712328206806","3.87099338274745","3.75299389631461","3.59772533035303","3.4340282853384","3.34999811048547","3.34701288796055","3.39577362074521","3.51470998181796","3.67445061959121","3.80133558270763","3.88953254675715","3.96803585805413","4.02992933983982","4.04808360806477","4.03566512855287","4.05273208361761","4.11331782118737","4.2030978071702","4.29546017298645","4.36707981255242","4.40989097596217","4.42639796671101","4.41953507186287","4.39371016146234","4.35779084003133","4.32349448280389","4.30300280964645","4.32882420124082","4.41140885967677","4.5298590888389","4.68054095642657","4.82767787126015","4.96400457862803","5.11093715224215","5.24745980400887","5.35681790237305","5.43170364939386","5.47103077905794","5.47835664388419",
"Cabo Verde","CPV","Population âgée de 40 à 44 ans, femmes (% de la population féminine)","SP.POP.4044.FE.5Y","4.3372939616207","4.25863469416584","4.19825022774541","4.1723786277919","4.15589378343659","4.14154155183253","4.12715260312113","4.10862598303","4.07560779637231","4.01919658476077","3.90837710734028","3.75789130266614","3.60465463126531","3.44788087056128","3.28901894666124","3.21479428368001","3.24243483908032","3.30325812997522","3.38353471263812","3.46691308649752","3.45856880154598","3.35960122743578","3.26077683045439","3.16844578303107","3.08796629898564","3.0215870652757","2.97248003890893","2.94396986399313","2.93686104371969","2.95385398831345","3.02108176357306","3.13868758958582","3.27916204631853","3.43477435797656","3.59980273760562","3.76816437160905","3.93644657385892","4.09727193728923","4.2455709633668","4.3754722973639","4.49687689856244","4.63143646479613","4.77281840244803","4.90782043571238","5.03910362616065","5.16482164821648","5.27194084336419","5.35022318638381","5.39637880109821","5.40189743212595","5.35400680325924","5.26771759208096","5.176073704354","5.09827755293728","5.05021985377306","5.05079843040556","5.1079493672888","5.20779983508106","5.32726913189638","5.46509236998608","5.6233602157447","5.81492033842868","6.04843526331558","6.32519029537427","6.627172823687",
"Costa Rica","CRI","Population âgée de 40 à 44 ans, femmes (% de la population féminine)","SP.POP.4044.FE.5Y","4.07806640505219","4.05587201905006","4.05562808075806","4.07402304685724","4.1065221581351","4.14519598947723","4.19079501196414","4.24631003504953","4.30627930159567","4.35941319743527","4.40201580123832","4.43451775351858","4.45479192702603","4.46389726965703","4.47038252616381","4.47979357517136","4.49308297388825","4.51253697736006","4.53538232720599","4.55294578372817","4.56610204950108","4.58058137267845","4.59640399683155","4.61791934056913","4.65433884243093","4.71059423293714","4.78726626513838","4.87958085384683","4.98723891869368","5.10833146460183","5.22883737256009","5.3460868345339","5.46733087088496","5.59003479227907","5.71232842984615","5.84228807580223","5.98046623337902","6.12726651898041","6.28538153937115","6.45076025282222","6.61747177225986","6.77807125045449","6.92138932903261","7.03493971945889","7.11147929228901","7.14782341923024","7.14717946658559","7.11389175133484","7.04086637035529","6.94760453855579","6.85831850799829","6.7703915761099","6.6869455846203","6.62717725100486","6.59164615162129","6.5738865876597","6.58546024725743","6.62863378083714","6.69878789524808","6.79192794391061","6.89683303531972","7.00529160107881","7.11739583029312","7.2297118330602","7.33917698257772",
"Petits états des Caraïbes","CSS","Population âgée de 40 à 44 ans, femmes (% de la population féminine)","SP.POP.4044.FE.5Y","4.59901389160283","4.54642626882136","4.49960601142872","4.45207062277376","4.41500853072586","4.3861826140795","4.36352579436986","4.34498044622761","4.32257158269565","4.295387225154","4.26871676003743","4.24880904885633","4.24093633768492","4.24118423798501","4.240089338852","4.23129173918247","4.21356174994689","4.19413804190574","4.17748975831161","4.16826902272369","4.16353201179513","4.16801938590109","4.19186786512752","4.23110367933618","4.29063585302411","4.37072989170665","4.46458746526748","4.57459024553012","4.70628883557519","4.85197877061699","5.00803744819871","5.16634540983522","5.31366280148711","5.46684749630572","5.64187943761752","5.82494187306895","5.99835016452329","6.16241416356066","6.31721784025856","6.45962091884046","6.60703376021185","6.7677953449341","6.91719349499935","7.03013631906189","7.10075801809943","7.11749758899371","7.1004172805918","7.0424459659473","6.96024469518966","6.86891320152576","6.78446709202611","6.72482818309343","6.70188988502699","6.70324774823458","6.7057481292629","6.69575028331957","6.66956870372761","6.63889284182373","6.61817958288214","6.63353516903866","6.69099379861124","6.77596585200065","6.88196821660225","6.99391544348406","7.09535111112382",
"Cuba","CUB","Population âgée de 40 à 44 ans, femmes (% de la population féminine)","SP.POP.4044.FE.5Y","5.48852239649667","5.41913090596691","5.35980881335168","5.30859179949781","5.26294323968444","5.22235200621882","5.19042696650973","5.16946590453787","5.15549325105318","5.14293716717918","5.13297262819575","5.11444468828016","5.08493043355839","5.06065937003538","5.05083924719443","5.055987861213","5.07575165486401","5.11826725617036","5.1858634946913","5.27165846471152","5.37378137326671","5.50453590429006","5.6406939203077","5.75478220717911","5.85605672844584","5.94944607179399","6.03396773326727","6.10945307600419","6.17668003120443","6.23599131224484","6.28632781319212","6.3314102000179","6.37450169283157","6.40831004512663","6.42563298799549","6.424473381003","6.40733510691046","6.38206314663901","6.37177715083698","6.4263846534792","6.59610596726562","6.90441483971446","7.36729639815746","7.96205468484483","8.57975455373317","9.09304781828276","9.4427934075381","9.58919914877798","9.55038306381174","9.40250566404856","9.23334701171394","9.12449539922238","9.08351310649338","8.99848308134394","8.78786532921679","8.46553652388159","8.02783524080248","7.45926858415746","6.83757243937228","6.29756033351606","5.85399738738002","5.50174139892588","5.34888470977501","5.4219761329126","5.60637134963525",
"Curacao","CUW","Population âgée de 40 à 44 ans, femmes (% de la population féminine)","SP.POP.4044.FE.5Y","5.22457633490219","5.14566192831112","5.03998255306775","4.93670795497642","4.84645150376735","4.77642841262784","4.72865082682858","4.70266723488308","4.69976681566411","4.72218369624801","4.77002594109998","4.84488850350085","4.92657295549468","5.01360626589257","5.11754114574088","5.21374262548506","5.28743143304158","5.33053712282459","5.34324949930433","5.33367336148932","5.32730452904618","5.35524264396545","5.4616633836996","5.6570963445316","5.90948843969797","6.18439995570267","6.43779198426359","6.6407017888736","6.77339523344571","6.84444499023713","6.887001590489","6.93450607767384","7.01664894630423","7.14210937932988","7.30087128468146","7.48600369924401","7.69216370182258","7.91029971246688","8.1355567781551","8.36426011656528","8.57716488310886","8.72421232124634","8.81803406662316","8.87670094264179","8.87457971985459","8.81311057450695","8.70148474584502","8.55397271147405","8.36794650997872","8.14979795354113","7.92868981592649","7.77151177571822","7.61916691338906","7.42847808576434","7.25410865258517","7.0760593325914","6.88021134318501","6.66699563026684","6.41867554785296","6.23130203738071","6.10725155655349","6.02018560052676","5.98892026603707","5.9951249112919","6.01219104446902",
"Îles Caïmans","CYM","Population âgée de 40 à 44 ans, femmes (% de la population féminine)","SP.POP.4044.FE.5Y","5.21102982554868","5.18878339589313","5.17484031611995","5.18887945670628","5.18711018711019","5.16556291390728","5.11386336396324","5.09204857030944","5.14077063514942","5.23980362537765","5.29540881653558","5.31119610570236","5.37873180360227","5.44249512670565","5.46087729697688","5.46968734561366","5.49672894044648","5.54765291607397","5.60776747370387","5.65188696226075","5.58974064063488","5.44337137840211","5.35695565572911","5.31306441902468","5.32820389516711","5.48482332318479","5.73973938480631","6.0095538684637","6.202505647977","6.38886692496244","6.62482038871663","6.92858943426123","7.32971711068388","7.80369545275849","8.23706208321593","8.52689944552675","8.72938336877191","8.88778550148957","9.0395180339181","9.2018731287904","9.38380194692889","9.57827872767218","9.76922543833306","9.98008904002327","10.1732399557685","10.2434204994535","10.2121583027336","10.1852402179297","10.1919781256619","10.2587159744469","10.4159448567625","10.5812114643117","10.6453793749025","10.5778018481535","10.3836613196626","10.1177383878898","9.85326938601073","9.63366044990156","9.5","9.46765850240754","9.4992830177636","9.51083449254994","9.48992195834035","9.44530003850173","9.37112345612427",
"Chypre","CYP","Population âgée de 40 à 44 ans, femmes (% de la population féminine)","SP.POP.4044.FE.5Y","5.83852344794244","5.7497404459386","5.5049737146814","5.23673371585478","5.04274973216164","4.98210884516381","5.06662745544467","5.24726886077855","5.44491232109163","5.59846215082894","5.67740968278833","5.67868926032847","5.6261255780909","5.56997967367525","5.51108314708597","5.43190256987779","5.35855344543376","5.31386041703489","5.31664379922236","5.37762381114606","5.49606185842671","5.66452945806984","5.82810637009369","5.93382663696339","6.01367256325322","6.104114317904","6.20360312352688","6.30697696959254","6.40593857071958","6.49081566141112","6.55623989211365","6.59872250691752","6.61383785852016","6.59742799573308","6.57334556161606","6.57182131882822","6.60548590810393","6.67739513657819","6.77699834780625","6.88816386627593","6.99057815432256","7.06366576842141","7.09710211239175","7.10344155012993","7.10007129787054","7.09622647606309","7.10195028298148","7.12647306496749","7.1740414733017","7.24138718294103","7.31925257447269","7.36623108726482","7.37095532088721","7.36727644220913","7.36882122242043","7.3856424668021","7.43014442967747","7.51160597007237","7.62947085530856","7.77285686952867","7.92811282615262","8.08597325235779","8.24394383127279","8.39334466131435","8.51775171412103",
"République tchèque","CZE","Population âgée de 40 à 44 ans, femmes (% de la population féminine)","SP.POP.4044.FE.5Y","4.48842747540928","5.01151947562049","5.77942654976662","6.58319746578159","7.13128793761508","7.28841394004626","7.22667623009726","7.06401087800346","6.87655740133882","6.70322134512088","6.57531533746968","6.47414574845254","6.35731021320828","6.19572907641894","5.99004709390177","5.75818217029243","5.50752296750212","5.28499306928906","5.14553672146678","5.09702649712073","5.15936210410825","5.32520298372641","5.5414072447663","5.83596848909144","6.17667820022916","6.44814629466193","6.76170966962525","7.18033616076777","7.48748405315443","7.65306627444537","7.8122828085154","7.88421000622697","7.80559230158768","7.70748971979573","7.64906054118451","7.5864400427715","7.47574643654675","7.33494915502702","7.14323725812625","6.8696322906496","6.56982348815906","6.30155490896438","6.09130831345283","6.04628136144379","6.19293839844038","6.37633467070688","6.4966922906788","6.55205101052273","6.51397490892663","6.41687126077501","6.38747932557085","6.46941399209656","6.65647683476118","6.97154143654934","7.3884960073582","7.79917535539086","8.12770185327493","8.34431372211914","8.41049428124838","8.30114207366506","8.04077843242946","7.70180511013374","7.34806709984171","7.03951181067443","6.78895316283495",
"Allemagne","DEU","Population âgée de 40 à 44 ans, femmes (% de la population féminine)","SP.POP.4044.FE.5Y","5.01301200498012","5.54130962779645","6.1873144234288","6.74862712617617","7.03936516762697","6.96256100842698","6.71602730848338","6.48460244968887","6.33786329412436","6.24537718924933","6.14946678252559","6.03296174867842","5.90388065651199","5.76207769492141","5.72734749559863","5.85544861258231","6.07047871775588","6.36089336602681","6.72401562364658","7.06778613465344","7.31145299477705","7.46824527930738","7.43382617514865","7.24245401320394","6.96902823071982","6.46672190627415","5.8933184461911","5.63379142941876","5.58142238999936","5.57774319806192","5.81206459561369","6.16765978897809","6.41124068106634","6.57090029069932","6.67042202120292","6.72264114276385","6.78468944571448","6.87156995303809","6.98318955000633","7.13812971053221","7.32600244039711","7.53582602609592","7.74502403097451","7.95594944720386","8.14140114595254","8.24476094487325","8.32051865611234","8.35650058318747","8.28482402556477","8.1046882965611","7.84680838743592","7.5489472645951","7.21840925726148","6.83009968731347","6.42201793916756","6.08823076015981","5.8416724194229","5.71324542029871","5.71072704746213","5.770768224349","5.88380173417764","6.01235026067584","6.11463605091608","6.19795201382278","6.24670722559808",
"Djibouti","DJI","Population âgée de 40 à 44 ans, femmes (% de la population féminine)","SP.POP.4044.FE.5Y","4.32895948434622","4.33935098017499","4.34893346068131","4.356313468463","4.36146334912809","4.36518378049776","4.36500098755678","4.36647110040605","4.36873345322908","4.36854357631311","4.367217228822","4.36439298684555","4.36235414644025","4.36170094682044","4.36081641888522","4.36036359174273","4.36126904512428","4.36397038789983","4.36886330975995","4.37446487112958","4.37946208483211","4.38541970808195","4.3935886069089","4.40394408695676","4.41970537019909","4.44413228150854","4.476169855117","4.5127008473058","4.554360479415","4.59297636330857","4.59765583487314","4.55197990190214","4.4655293307655","4.35507909361594","4.25531240591376","4.18768484886521","4.1789452875381","4.22751069932853","4.3052848700923","4.38534218905978","4.46586512160937","4.55179868736069","4.64289288037224","4.7312117338357","4.82085899029613","4.91843901837523","5.02544048600221","5.14102768236927","5.26246609522855","5.38751094856275","5.51426977603088","5.64238521631152","5.76895991973049","5.88936862360086","5.99978003184584","6.09716798633889","6.17891656959967","6.24272233073683","6.28831500572844","6.31600060171489","6.32623504704407","6.32070972725189","6.3042750131708","6.28391401611617","6.2572000088224",
"Dominique","DMA","Population âgée de 40 à 44 ans, femmes (% de la population féminine)","SP.POP.4044.FE.5Y","4.64229928147454","4.60117496492067","4.52762814545788","4.41447150055822","4.27941351770175","4.14192486330766","4.01882012305465","3.9140281160535","3.81944444444444","3.7408370122815","3.72463256268847","3.76075079785795","3.80754492956986","3.8392676852662","3.83535512298661","3.79291845493562","3.73491232065589","3.66779597466422","3.60688684933342","3.57348935199474","3.55801967407248","3.54806444636678","3.55779031052524","3.58328438136091","3.60030196966577","3.62746449744933","3.68000443207158","3.73406446584646","3.78535657331505","3.86135689065819","3.95340278564149","4.02432785767066","4.10805126893455","4.22861199858005","4.36925611852104","4.55346985210467","4.76841760339645","4.97907531458443","5.19685265073882","5.43952326803218","5.67686853339122","5.88525780682643","6.05655691275363","6.21155854705814","6.37332366799565","6.53986111312466","6.72504022846871","6.91584991010845","7.06401125600151","7.16659169725902","7.2458506977217","7.27417486971627","7.23841203268494","7.15389679155099","6.98954398177625","6.7208940444193","6.38026066486766","6.03598459894301","5.76809888169512","5.61065373871144","5.60835090428533","5.75071286744398","6.00987143135755","6.36657884832518","6.7319165647137",
"Danemark","DNK","Population âgée de 40 à 44 ans, femmes (% de la population féminine)","SP.POP.4044.FE.5Y","6.55344716367838","6.66662508101137","6.69210780468804","6.66523536814861","6.65356437498372","6.54604651182171","6.34134094835068","6.1859692088427","6.05681418590333","5.91110035769954","5.77896395408394","5.66817056491959","5.57848318096092","5.49831621488426","5.44377040173487","5.42414178439957","5.42810181775617","5.47101519704845","5.54435567823451","5.61779008695243","5.69725075804674","5.80485388997159","5.96687103043417","6.21940109385309","6.56393657724666","6.96825065602157","7.38274749189794","7.71140791303861","7.85747687306947","7.81793579774571","7.65802596926442","7.41436182544802","7.15342518420649","6.99183912432448","6.91397063924823","6.86323740909482","6.85342050839484","6.85742175926298","6.83520220706389","6.81639161270371","6.82480367883242","6.84668765152295","6.8859303109426","6.98917468935778","7.142290869803","7.30132340276018","7.47849712672926","7.60658865520919","7.5691887794002","7.40996226764608","7.20717983835285","6.99436916331989","6.85676137585019","6.80939029320547","6.80468729933151","6.82644230365672","6.76923173106463","6.59800707802815","6.43361877766482","6.28945541768835","6.10956179988828","5.93335927107031","5.81472709863397","5.71164497808858","5.60362011239339",
"République dominicaine","DOM","Population âgée de 40 à 44 ans, femmes (% de la population féminine)","SP.POP.4044.FE.5Y","3.72320725071429","3.73266271796966","3.74442013230448","3.75759086230961","3.77051224323455","3.78274084534872","3.79399117862502","3.8042344610394","3.81537451215216","3.82947056670046","3.84571284741082","3.86349772642031","3.88292301612837","3.90149667076289","3.91488871227252","3.91891015322339","3.92064016622458","3.92590296599309","3.92515434329499","3.90305927737155","3.86150691704972","3.80663396862185","3.74079733946159","3.67894210618774","3.64405500429073","3.65546643331634","3.71218387772183","3.80833642295077","3.93652165542609","4.07326305695789","4.21477355013413","4.3659156707306","4.5187882741609","4.6746718432584","4.84534088152042","5.0187219313872","5.18017813060226","5.33389348160115","5.4768739862849","5.60513141879071","5.71469798306491","5.80609038754644","5.88121853057263","5.94065788640107","5.98548537365089","6.01675062785327","6.04178372263057","6.05934694514342","6.06036247550665","6.05099174782782","6.04385633331855","6.04039022301815","6.04607663645709","6.07220104795026","6.10870542960473","6.14173490227201","6.17063919326716","6.19359411863698","6.20545257439551","6.21661369117805","6.23475198001504","6.25210430499084","6.26621096800179","6.29254521846118","6.33101264826007",
"Algérie","DZA","Population âgée de 40 à 44 ans, femmes (% de la population féminine)","SP.POP.4044.FE.5Y","4.31961124302833","4.22377196430867","4.0940239205533","3.98807342361342","3.93498348045257","3.93664516096711","3.96552436183328","4.00428112988769","4.05169355530509","4.09802286034386","4.13513850884729","4.1627193587612","4.18119427641241","4.19047716272559","4.19133278777945","4.19358992726381","4.19169938774283","4.15554062657487","4.08758172165946","4.00801728357941","3.92187196610329","3.83424126127193","3.75032976704461","3.67639527747297","3.61967882836488","3.58644828353989","3.58316194075993","3.61356761609533","3.6756676526858","3.76351898444204","3.87271720967663","3.99710394301421","4.12666386742923","4.26143987477528","4.39706071721379","4.51894471538392","4.61976290993468","4.69736870500696","4.7733320823962","4.85733511459454","4.94092515058288","5.0324967786536","5.14146903240974","5.27331828489825","5.42702525887768","5.59543281140084","5.76698061465056","5.92977011268079","6.07379279340781","6.19446045714694","6.29293800124846","6.37294910185965","6.4361877473189","6.48683894039662","6.5305032650805","6.57404441746823","6.62726040368587","6.69823775923778","6.79539120785356","6.91882581651699","7.06085276118781","7.20680285849224","7.33936568910431","7.44697835189761","7.52216763059389",
"Asie de l’Est et Pacifique (hors revenu élevé)","EAP","Population âgée de 40 à 44 ans, femmes (% de la population féminine)","SP.POP.4044.FE.5Y","5.04286881315648","5.05462788902777","5.03055356428916","4.98034445430491","4.95638137427078","4.9391177751465","4.89632676996605","4.86449990332559","4.8525566316549","4.81904518158556","4.78328158925811","4.77224360720805","4.77474334749337","4.78920917070921","4.81581643885919","4.84135162211972","4.86345818000509","4.86693728377977","4.82661411356411","4.75009495630464","4.67270726826135","4.61798442544171","4.57227075630367","4.53050559136845","4.51768036533393","4.53036603725936","4.56533221158534","4.63981660568408","4.77291208662653","4.95846551667138","5.20661812956916","5.47871470154551","5.79314834342212","6.11246403713014","6.37936259860776","6.59731805308281","6.7370919499443","6.83311046301016","6.86316268858511","6.7305798604943","6.46667505388851","6.19245464112486","6.10781270732211","6.41966849460119","6.95179671820108","7.49787129978508","8.05632939564717","8.36243370584439","8.36191049026824","8.36177338165467","8.42068897357637","8.46850195075859","8.50272819121856","8.43782480313673","8.23410238479768","7.93944171940387","7.59932493142154","7.26010025445632","6.9391024321521","6.71612696021703","6.62459484553255","6.63939316712665","6.77347874353471","6.92732781266631","7.02787210614142",
"de dividende précoce démographique","EAR","Population âgée de 40 à 44 ans, femmes (% de la population féminine)","SP.POP.4044.FE.5Y","4.78496738062653","4.76252887904484","4.7438578566673","4.729815013634","4.72024656995355","4.71553712021165","4.71432250803505","4.71456219573173","4.71477059603457","4.71413387913501","4.71276220107678","4.71065035080653","4.706650641079","4.69970369185982","4.68911138016007","4.67316506658711","4.65435259287531","4.63524618264423","4.61213635533121","4.57970972409668","4.54059985129174","4.49789227079057","4.45190027280739","4.40830140815191","4.37640791384683","4.36119230328959","4.36151011324254","4.37343624697456","4.38881022353611","4.42729205889251","4.49766845927958","4.58171782679536","4.67471288008284","4.78701293139821","4.89362642429732","4.98047805491028","5.06268128434693","5.140492327897","5.2149228910327","5.28374367013957","5.34757872207773","5.40742227549802","5.46311660603098","5.51342126311932","5.5584058632689","5.59700682122169","5.63022894430511","5.66135485743942","5.69256090522333","5.72224360164399","5.75196273766342","5.78717066498961","5.82815480414055","5.87250820582346","5.9215572210088","5.97338806311051","6.02669134018526","6.0759148023486","6.12151012948899","6.17450216706764","6.24154626761367","6.32081159444564","6.41032831426623","6.50637560279572","6.60094771256382",
"Asie de l’Est et Pacifique","EAS","Population âgée de 40 à 44 ans, femmes (% de la population féminine)","SP.POP.4044.FE.5Y","5.11024899237379","5.13137766173063","5.12669910456588","5.1023622541565","5.09554258525863","5.09106145820523","5.06553286026919","5.04506303680629","5.03990589969445","5.01515081744878","4.98614065964403","4.9805727205617","4.9857378872786","4.99836085309783","5.02136546220758","5.04713433001166","5.06895102833671","5.07014212282745","5.02735341833269","4.95562018881736","4.89175544625685","4.85330742788123","4.82446414165178","4.80202980987041","4.79007064656306","4.77337506845899","4.794248685173","4.88395732648562","5.03292523987362","5.23213360570329","5.49129711396823","5.74573793522308","6.00462046982754","6.25719114387783","6.46605912708194","6.64458447880506","6.76123088980403","6.83877177599192","6.86480807141779","6.75603834244406","6.52891044526179","6.29017090299246","6.22125894649642","6.5018176153338","6.97376037945541","7.45861055784058","7.94803586432537","8.21574989118118","8.22127785483687","8.2279441545896","8.28885692820574","8.35134735813777","8.40222143012114","8.35502140736894","8.18033167684779","7.91406348683997","7.59704827685182","7.27615769014954","6.96893602013413","6.75080305704029","6.6571506052406","6.66295374443426","6.77781176250158","6.91185475986178","6.99338737024926",
"Europe et Asie centrale (hors revenu élevé)","ECA","Population âgée de 40 à 44 ans, femmes (% de la population féminine)","SP.POP.4044.FE.5Y","4.64413053979065","4.7229473587076","4.97088403839978","5.26418698940429","5.5469397556974","5.86076851798457","6.1611290463706","6.40468246548564","6.58324680636817","6.68755287856366","6.7024819331156","6.60687089901357","6.40939943520104","6.14367164568149","5.87365587379162","5.71496595690042","5.72936201881473","5.90717808529907","6.16492259499626","6.3463915427951","6.37248732366918","6.26490943970327","5.94526610490678","5.44457336285569","4.9427902854299","4.52430298565031","4.25953229516049","4.2398912810091","4.40276921712738","4.67413846745083","5.02803862177242","5.36407200071197","5.59139125667845","5.77712373904603","5.91472189673006","5.99912935567293","6.11063439237512","6.23282315066723","6.36659194632787","6.52089378121882","6.66324393346579","6.77456175041426","6.85513902721505","6.90663218296954","6.91697234757089","6.89430944693695","6.83964878450391","6.74744233563822","6.64804874913904","6.54801852858849","6.45446592094167","6.3942058447348","6.38349493444604","6.40117241006094","6.43591524101109","6.48400319558347","6.54614077839868","6.61608307135595","6.69199223041484","6.76673466621431","6.83386459609189","6.90080722138457","6.9533979306277","7.00080428805366","7.0502425143516",
"Europe et Asie centrale","ECS","Population âgée de 40 à 44 ans, femmes (% de la population féminine)","SP.POP.4044.FE.5Y","5.14207047251432","5.34437950727533","5.6935601255797","6.07159924655856","6.38311889739165","6.58250486384053","6.70508469097234","6.80342261948639","6.86794014576375","6.89592667958436","6.87134750763704","6.78028080251872","6.63724493474599","6.4418225850613","6.22930673862921","6.08619654408381","6.0538408847905","6.12925901856835","6.2734674278663","6.42941650165959","6.49824497713317","6.44961688309844","6.23863411204893","5.89856292631827","5.55224096638454","5.25386699128765","5.12012135078889","5.2374807491816","5.50053015078821","5.82544906996127","6.18033515779349","6.44192036881346","6.57665209584122","6.67504953553703","6.74079048596783","6.79585605219607","6.87652637635672","6.95636138006475","7.04373564146839","7.13641606013612","7.21923723252399","7.28713827534119","7.32346489037709","7.338680444339","7.33032768622198","7.27847865093692","7.20174483677888","7.12813310113458","7.05457410838028","6.97056743008767","6.89931531484741","6.86011789821269","6.84040416408859","6.81208381549414","6.78451725730995","6.76857290587381","6.75062168635091","6.73593730917206","6.74018117970388","6.75563736402218","6.78451218313934","6.81054778273908","6.82480551420315","6.84544370539966","6.85607927273935",
"Équateur","ECU","Population âgée de 40 à 44 ans, femmes (% de la population féminine)","SP.POP.4044.FE.5Y","4.2537010450968","4.20184894703468","4.16899792481238","4.15138992496183","4.14044388767807","4.13192484719873","4.12762015435888","4.12811442185645","4.1310795163505","4.13308065756762","4.1324054793667","4.1302929748433","4.12771535758186","4.12433714152282","4.12012383435912","4.11703919645368","4.11447951360459","4.11085509227832","4.11053791860919","4.12123736471503","4.14355631254242","4.17482765074525","4.21674890803809","4.2690684772094","4.32566724563369","4.38257727807216","4.43709434342247","4.49379185200074","4.57615423855754","4.68970483106797","4.80653460856589","4.9149979030925","5.01551249812626","5.0866212338594","5.12216295682102","5.14854804951708","5.17980062417131","5.21344680770426","5.25054636399525","5.2911629303178","5.3349817371513","5.38137084642594","5.42934582313906","5.47904884189995","5.53082703607605","5.58438958578983","5.63836939303687","5.69165921324197","5.74264345347984","5.78993173021818","5.83549536049612","5.88032236620019","5.92533104344205","5.9737178332206","6.02547618160561","6.07864037025153","6.13444118618822","6.19311648466903","6.25182476746998","6.31491401549579","6.3927605349085","6.48450391981118","6.57877706084646","6.6728026459955","6.77092556667754",
"Égypte, République arabe d’","EGY","Population âgée de 40 à 44 ans, femmes (% de la population féminine)","SP.POP.4044.FE.5Y","5.12077146428598","5.12395017007313","5.12894014574692","5.13372835935408","5.13630618699264","5.13738210954481","5.13483240063664","5.1255281670947","5.11181469898831","5.09719107978665","5.07949362340477","5.05983586779081","5.04135934918426","5.01605640517767","4.96999941185406","4.89217630595524","4.79025384934868","4.67303811748569","4.53542486355283","4.37841867315851","4.2218954526665","4.07758103792171","3.95411643053202","3.88005496024548","3.87988036795328","3.95939150141585","4.10857679941783","4.30349556208105","4.49061884028293","4.62330022847549","4.71905755849325","4.79455920827939","4.85032132419402","4.91884042609298","5.02267515231512","5.13262306727564","5.22153753959162","5.29072527947381","5.33929583772076","5.37221262637022","5.39860269122996","5.4230665660247","5.44664236088559","5.47088143745177","5.49264527452961","5.50152516002106","5.49987014799205","5.49409613941328","5.48305014168576","5.47115615556828","5.46589348603593","5.46721726274553","5.47160554917665","5.47632604851191","5.48622272085877","5.51118303564363","5.55510690257725","5.61265131408386","5.68895928608563","5.78491353678352","5.88487634519032","5.98049870700665","6.07450168136294","6.17498029501182","6.27704930315485",
"Zone euro","EMU","Population âgée de 40 à 44 ans, femmes (% de la population féminine)","SP.POP.4044.FE.5Y","5.10504762276725","5.49041858641921","5.97542409036757","6.44841986251609","6.79037584275613","6.85333394684924","6.74587918814822","6.65155548222484","6.57730256079768","6.52191455468732","6.48124733294512","6.4318759528037","6.36697063233225","6.2886119717078","6.22624168513193","6.18936020796522","6.1702813872909","6.17754587267832","6.20595428004395","6.25080104004299","6.28091792573576","6.27034523883218","6.19737271866729","6.10852607176083","6.02086281019342","5.88788048272474","5.82659872397595","5.95302300602456","6.14280638678986","6.31272587552377","6.51238628211519","6.67144752339861","6.71923669058803","6.71851722967131","6.70877973805909","6.72551581790272","6.78094177019294","6.84607969928022","6.92441933917047","7.02718417300755","7.13944644818199","7.24986341741686","7.35576990752776","7.46860592198012","7.57613813805615","7.64327336384625","7.68541606563413","7.70229845555594","7.67158815801447","7.59417118329602","7.49559442792876","7.40102816457174","7.30909601182337","7.19582645791255","7.064646910123","6.9383297209466","6.81219264556973","6.70427887610185","6.63158671762754","6.57716171797143","6.55410891272063","6.54423888301801","6.51785007185206","6.47367934608967","6.40551111746671",
"Érythrée","ERI","Population âgée de 40 à 44 ans, femmes (% de la population féminine)","SP.POP.4044.FE.5Y","4.45986144945497","4.48296319734214","4.50725619512497","4.53132840574553","4.55299244657231","4.57217101339747","4.5918639380386","4.60769852245495","4.61966873327157","4.63654880287492","4.65787437758164","4.68335912657166","4.71672342654561","4.7530436895122","4.78412802230051","4.80659963663794","4.81714265910189","4.8185415728271","4.81572304409938","4.81023208304481","4.80389723108489","4.79645813894409","4.78734033054854","4.79004611267188","4.80745387580224","4.80247295676979","4.77255162631232","4.72803089426937","4.64269403224219","4.54128591660854","4.4304558893731","4.30429093607866","4.17675281251088","4.11788242796121","4.07166006961486","4.09146506115915","4.12386225623075","4.08348154710045","4.06581072547817","4.09107552863678","4.13772513121201","4.21087112726658","4.30097988679244","4.38584194917234","4.44304522383296","4.47061295119942","4.49107284481679","4.51300326848728","4.55135257312238","4.58719249782507","4.61779074344965","4.64226820156688","4.64386573492742","4.63031836120428","4.60802885923013","4.58553847812507","4.57573057267239","4.57042736020959","4.5610482926355","4.539244173223","4.49627819217746","4.42534649384297","4.32832728076766","4.21730337653915","4.11914652119719",
"Espagne","ESP","Population âgée de 40 à 44 ans, femmes (% de la population féminine)","SP.POP.4044.FE.5Y","6.05456022790755","6.17541421415755","6.31774591567276","6.45832508939533","6.59071362811997","6.66807159154766","6.68206707914324","6.68222986599889","6.67405421358653","6.68438556526198","6.71909750678137","6.74827528660933","6.74649118283874","6.75381823014175","6.71897512366657","6.61704484884371","6.52478002393912","6.38970034568686","6.08283007405952","5.70888919435749","5.47630558715285","5.2872540276695","5.11676410615912","5.19677098379649","5.44280037209926","5.62703004311073","5.7594895240397","5.93211164946843","6.07143913555482","6.13832662338283","6.12966009025951","6.11783542938209","6.12882326663986","6.0991906882399","6.0804523722251","6.14305125034759","6.26614918517258","6.4235107395097","6.61768538242176","6.84599818543216","7.08075827666814","7.28605912604249","7.42294607871252","7.52264121707671","7.6516935095053","7.76298707537505","7.84725675340728","7.92683550286054","7.965165434582","7.95093222596361","7.93043037473647","7.92652077094979","7.9281871820881","7.94382530532922","7.98108817167943","8.03914282802224","8.09640171879138","8.12663386078664","8.13154223317548","8.08433643113909","8.00065855402137","7.85224419622877","7.62825306146175","7.38011640225699","7.10842171322908",
"Estonie","EST","Population âgée de 40 à 44 ans, femmes (% de la population féminine)","SP.POP.4044.FE.5Y","5.11084289848445","5.28009044151998","5.74178679169952","6.25028603137192","6.68855807487996","7.1012132361994","7.39315397754491","7.54761444343482","7.62972212175927","7.66740561372395","7.66815588086196","7.63611508926851","7.56367676622344","7.38616003247564","7.12159279481212","6.90163449651333","6.78553640156538","6.78168567237566","6.88478617393278","7.06048950428373","7.14684893004785","7.17007130540852","7.02523040676754","6.60529589567465","6.12588210927059","5.74117098947446","5.46280738385554","5.40034661625269","5.64296740674966","6.05303253534185","6.45277909789899","6.71315236471508","6.84045064920577","6.87234466690754","6.85998234701006","6.90304347322035","6.95150704094064","6.95827508511093","7.0010533831232","7.0505710342914","7.06501773796085","7.08880768169959","7.09770087659929","7.03381935094892","6.91985518368478","6.76043322494664","6.54624861871171","6.34438182517518","6.23769060775025","6.21051849630046","6.24222270653328","6.33886761825785","6.44606872092834","6.49831007491479","6.4994030723022","6.4559829423575","6.39852753430696","6.35944555227028","6.33209839782865","6.31299283391162","6.31106016635021","6.32234181648878","6.35979936901046","6.45489348185876","6.58591302203315",
"Éthiopie","ETH","Population âgée de 40 à 44 ans, femmes (% de la population féminine)","SP.POP.4044.FE.5Y","4.57761238962133","4.57895097598684","4.57958204169627","4.57857589198475","4.57441652045126","4.56723426396321","4.56050543922826","4.55114366626833","4.53775684148383","4.5246817350692","4.5120555567717","4.49961834502404","4.48958938789476","4.48200041447562","4.47659859060791","4.47170073710105","4.46423431032219","4.45819393395828","4.45441959211795","4.44737768537218","4.43654952272736","4.4236199996387","4.41075807837858","4.41226361280835","4.43313843657585","4.45536654252877","4.47275785011909","4.47561980141078","4.44126934444541","4.38048217900869","4.27374943145356","4.12064325158313","3.99065419472454","3.90776527101112","3.85597448571935","3.85609043401893","3.88331531224155","3.89310463408786","3.91230928577977","3.9591555847593","4.0181353229378","4.08360144242225","4.1582143476466","4.22243046317128","4.26258637574645","4.28588257139735","4.30382798987306","4.32251454650335","4.33803279058749","4.34620050075648","4.34899865523677","4.34423392809932","4.32771769903177","4.30410258092188","4.28245656275693","4.27059170841639","4.27146814268997","4.28463150622234","4.30846593733221","4.3359496428945","4.35919537842967","4.37323105568496","4.37430509869249","4.36413343212026","4.35553743107882",
"Union européenne","EUU","Population âgée de 40 à 44 ans, femmes (% de la population féminine)","SP.POP.4044.FE.5Y","5.09647686129837","5.46525768782775","5.94821758095868","6.43519318334231","6.78770192670575","6.88191479869358","6.82266902062051","6.74992933682459","6.68042507049245","6.62616629967512","6.58266829609988","6.53152670500048","6.47101711020834","6.39368328621956","6.32006362825259","6.26215699207896","6.22085817630662","6.20263937484381","6.20203503752222","6.22048196238364","6.22751085208203","6.19677501861201","6.11427779798892","6.02623121564476","5.9486667101259","5.84178996372786","5.81691850685726","5.96941543358417","6.18358317011339","6.38829914235343","6.6194079564867","6.80093311904991","6.86910882818328","6.8919492290857","6.8987359280764","6.92153175801966","6.97150105764287","7.02130599904531","7.06818231796722","7.11539539849474","7.15178726703283","7.17950288661325","7.2030872427808","7.24104832804748","7.28951611166895","7.3155342086911","7.3307394534174","7.35458774906456","7.36447777335733","7.33545343572634","7.28736980029597","7.24245380459239","7.18870404189155","7.10488300627159","7.01953527649685","6.95572757580259","6.89273589647721","6.8379344868888","6.80186747087651","6.76462170480883","6.73713089546904","6.71556934739099","6.67740933035372","6.61814947778521","6.54300693820917",
"Fragile et les situations de conflit touchées","FCS","Population âgée de 40 à 44 ans, femmes (% de la population féminine)","SP.POP.4044.FE.5Y","4.86052832599046","4.87454421215181","4.93829643245154","5.00199157297482","5.05542812098956","5.12663275038274","5.19154887094471","5.23241570790958","5.25153484273889","5.24509960380421","5.20815752147425","5.13646924004646","5.03391606074657","4.9082183237134","4.77668947594477","4.68206487028076","4.65706986524258","4.70210263243751","4.77795492502968","4.84155923345559","4.8578958527271","4.82518163335149","4.72625009182837","4.57913918869085","4.44837949250387","4.34783126297259","4.28518994906812","4.27591796156176","4.28775846036753","4.31373163194375","4.3666271430366","4.42702451054917","4.46403670321515","4.50895219986636","4.55029652292361","4.5686218954993","4.58562752049385","4.5942308372037","4.59903419381709","4.61029986753565","4.61879367678414","4.62070332976097","4.62551560473746","4.63411403244859","4.6365875523011","4.63640890119835","4.63468420356692","4.62622573665458","4.61841469931236","4.61911354106074","4.62955290955592","4.64348616464043","4.65780923758881","4.66938498563026","4.67887910872063","4.69031575769373","4.70804982530583","4.73231681148615","4.76428338751906","4.79903389902909","4.8316810972854","4.8630740771437","4.88448331009654","4.90295370877411","4.92339916982649",
"Finlande","FIN","Population âgée de 40 à 44 ans, femmes (% de la population féminine)","SP.POP.4044.FE.5Y","5.96528582717647","6.07750119814312","6.15975977938783","6.22431283770796","6.38639321360466","6.4700731733205","6.38941899344388","6.31288570969534","6.24190454123608","6.21916925806567","6.2226515847593","6.17105871901228","6.08122209904619","5.93242506291991","5.75020609206918","5.60800359017436","5.51850418133668","5.500757051446","5.58781804323683","5.73643445505976","5.76533056248437","5.88640868393141","5.96024230904758","5.86922543225263","5.87257159090661","6.12461915027778","6.50908850051569","7.01904204224635","7.64582280824518","8.1004139926586","8.33059994764366","8.27032541050949","8.09818481211525","7.91350930179573","7.74206056727199","7.62289598513934","7.55531790114122","7.47842168171509","7.35590753272286","7.23860377029038","7.14156871224703","7.05717966351741","6.99355069193742","6.99240769287221","6.99802832095737","6.95799579140385","6.90190216815102","6.83812820332275","6.74103613893466","6.57796333759923","6.38333313808071","6.18105786968715","5.94990167972279","5.70346275145172","5.56210617113627","5.55472308314243","5.61178582251335","5.72703338950652","5.87870806591004","5.9935240911606","6.04140387989409","6.06456131812319","6.10437737158152","6.18789528402564","6.26981134931371",
"Fidji","FJI","Population âgée de 40 à 44 ans, femmes (% de la population féminine)","SP.POP.4044.FE.5Y","3.93745092572937","3.91567607174861","3.88370906669796","3.84700916870132","3.80772843120333","3.77173769111042","3.74707062710162","3.7398830658718","3.75359439954504","3.78601097048231","3.83483371202316","3.89755387894577","3.96786591362396","4.04414565745031","4.13089314630232","4.22415943724723","4.31466693360073","4.40501548123586","4.49483781283547","4.57506240916268","4.64566421954067","4.71142448364327","4.76591044141662","4.79499479964007","4.80051546097835","4.81151021464747","4.85811757140444","4.93680534866431","5.03737436768943","5.14434618893981","5.20669762059587","5.22371272101069","5.23815147928386","5.25931029203506","5.30297646843847","5.40230625360707","5.53548006501698","5.65566498423183","5.77270857760235","5.89653623417145","6.01297264307691","6.11228475860133","6.21302054002088","6.31595536047815","6.39052898427475","6.4292358529628","6.43980182776026","6.40518732183528","6.3208248032621","6.22122742202158","6.12153723528675","6.0168526179617","5.90447619382764","5.78505692313595","5.67500388040059","5.6278320926719","5.67666874786532","5.80306207825794","5.99453589918582","6.23126356963534","6.45702324298077","6.64368879352085","6.80938346773758","6.95671041240148","7.07924781589146",
"France","FRA","Population âgée de 40 à 44 ans, femmes (% de la population féminine)","SP.POP.4044.FE.5Y","4.22874414043703","4.88433261567127","5.55578228714819","6.12323089408593","6.57331697054133","6.7042675366458","6.5914928549675","6.51204262247877","6.45892705421341","6.41255327775168","6.37876235507389","6.34259583582287","6.30040727196086","6.23737521388826","6.15867214167414","6.04839030270912","5.89876467201477","5.75477409087749","5.63098779669364","5.5251742031804","5.39090411094696","5.21794175364134","5.07904762124592","5.03687756829399","5.04807162973091","5.11132624753288","5.41968064679057","5.90894456400442","6.35652681986638","6.76566089369596","7.16571525461372","7.37133652869994","7.36087380975445","7.3145236140503","7.26456317502439","7.21695374659932","7.18848055531515","7.18074865707518","7.1725509019339","7.16516495410916","7.14675007028119","7.12375636899924","7.08872420817206","7.07190681785304","7.07284239615954","7.05222162120636","7.02469059409613","6.98430927153779","6.91240635264433","6.82224219206307","6.75689100995025","6.73500873149301","6.75048100826609","6.76888394349663","6.72219626120262","6.60211140294155","6.43185466872513","6.25397695181012","6.10491499550054","6.02144612361392","6.04671799169981","6.12307820064743","6.17166182044009","6.1623729422038","6.1110812324747",
"Îles Féroé","FRO","Population âgée de 40 à 44 ans, femmes (% de la population féminine)","SP.POP.4044.FE.5Y","6.25285535893766","6.28388962525605","6.29397734048897","6.28005073596649","6.23797025371829","6.17116857685884","6.10293908441688","6.04661637203018","5.96199921992534","5.83627537511033","5.6785607032679","5.50592426655151","5.326043472463","5.13936133744693","4.93740219092332","4.74457265288211","4.60504459380031","4.51247566802336","4.49098806730241","4.55340212278671","4.68936025463469","4.85688258138754","5.01857416652864","5.25022811820032","5.53086076769922","5.65194471820495","5.68334052360301","5.74684227086798","5.818941566091","6.06413353832638","6.42250181147487","6.73682336974659","6.94836741611118","7.0163738386533","6.90633647577506","6.75321609819426","6.66932065662834","6.64421737111008","6.69616111341537","6.79909375929698","6.83250941085764","6.74870001793079","6.77906023615942","6.78329793523242","6.67316017316017","6.69906879717844","6.89610724413509","7.0443085505847","7.08772832518652","7.12079615648593","6.98103097202872","6.77069954619402","6.59850704767608","6.41855102171546","6.33000362079615","6.2599099384791","6.15651012872134","6.06372045220966","6.00328114556539","5.96737806704067","5.91641391263245","5.96219663970131","6.03804003608237","5.95850999394307","5.83006535947712",
"Micronésie, États fédérés de","FSM","Population âgée de 40 à 44 ans, femmes (% de la population féminine)","SP.POP.4044.FE.5Y","4.38078594369922","4.34574540814001","4.304905129389","4.26799429799366","4.23779543812571","4.20945175043536","4.1793593201265","4.14643327686806","4.11064016369483","4.07805189281157","4.03958830907748","3.99479157972055","3.95091825125955","3.90314877196312","3.85325618613813","3.81155161038805","3.77146032581674","3.7246097926021","3.66593698911025","3.5955086362049","3.52584140877358","3.45991027990143","3.40378034270855","3.36509827278142","3.34432679511659","3.33367074940109","3.32910451025854","3.32219550088322","3.30827693043469","3.37290659486364","3.51569147604985","3.65709791584742","3.89291119959124","4.22006228177786","4.52084085418344","4.73002021532523","4.85828855124253","4.95119369634247","5.01080302484696","5.06925654487788","5.13792734280208","5.18120423180617","5.2164400131634","5.2649396001853","5.27416356877324","5.25890693709055","5.2985391119172","5.35396300468801","5.40013369840936","5.49092386386719","5.51777806599841","5.41325563109939","5.31277411015188","5.27416442495486","5.23568868878067","5.18953481980909","5.15105312651213","5.05598050005002","4.889537042908","4.75859516739026","4.69944374663556","4.71946959435375","4.80185901302019","4.88747683346571","4.91100828013733",
"Gabon","GAB","Population âgée de 40 à 44 ans, femmes (% de la population féminine)","SP.POP.4044.FE.5Y","5.98290274778619","5.93754968064115","5.88813358947835","5.83545139281403","5.78032394708205","5.72255985642615","5.66168620468528","5.59837023195632","5.53326018193025","5.46698439286379","5.40066879835974","5.33448337986133","5.26746707833076","5.19985731585402","5.13166100963095","5.06167369860281","4.99203254108154","4.92601726263872","4.86082328270745","4.78853314471033","4.70900717184981","4.62657777563596","4.54273685874947","4.46372717911209","4.40119851661314","4.359567373266","4.33417078453598","4.31922193705255","4.29724683793947","4.27245406279919","4.27145047849418","4.28195882645991","4.28630626096269","4.29815091559963","4.31336564567922","4.30904487368318","4.29504759867365","4.28781922882235","4.28834184767455","4.29903567677668","4.31898381234931","4.3461705295845","4.37944407340032","4.41457256256783","4.4479931640454","4.48119589436139","4.51647704982346","4.5536709779919","4.59393078301009","4.63886859346015","4.68932454714557","4.74682196592645","4.81416111987282","4.88961472540839","4.96818685413751","5.04925178773617","5.13208196401025","5.21572444507957","5.30232429453822","5.39328328112755","5.48823016947398","5.5860545435545","5.68252852498525","5.77474494856028","5.85287310536299",
"Royaume-Uni","GBR","Population âgée de 40 à 44 ans, femmes (% de la population féminine)","SP.POP.4044.FE.5Y","6.3310637257501","6.49510277801946","6.66381272098028","6.84976962960377","6.91018064635383","6.71571077871719","6.45257016812311","6.25495802417546","6.10110542875305","5.98483436081694","5.89032606758409","5.79867931687537","5.69974164722035","5.59440840443667","5.49287800022137","5.41319658223896","5.37238613324563","5.37926590090194","5.42636668221561","5.48454482027243","5.50526017326903","5.48828021828454","5.50348335919032","5.60543510370095","5.74471710971834","5.89313616071429","6.14556736779763","6.49061117439683","6.74427572680251","6.84826903043091","6.88735538043414","6.82300542073053","6.64274912764772","6.51127956506063","6.48272617657394","6.4976947591953","6.55587860390936","6.63393623345305","6.72192261807816","6.80988711380244","6.89853812203511","7.00273951635507","7.10386675616101","7.18394152395708","7.25494618442977","7.32947727865948","7.37318527555293","7.38385913003509","7.39390613725773","7.39845274571585","7.35460285876272","7.30925913726719","7.24514055996958","7.06850473587771","6.84097366911956","6.63660634568258","6.40485635613755","6.18736134042611","6.08163205438045","6.07490737214578","6.12351133634104","6.21745786395368","6.35186917004074","6.48121493871243","6.55102321638861",
"Géorgie","GEO","Population âgée de 40 à 44 ans, femmes (% de la population féminine)","SP.POP.4044.FE.5Y","4.89788450254579","4.88835089280038","5.041833792542","5.31543519497099","5.66295156692178","6.07178068257304","6.50775528740925","6.89983271005807","7.1994744443979","7.37290419419685","7.43345088598679","7.39589201203273","7.24255051946569","7.00759129263653","6.78195948348598","6.64717910560487","6.65011288437496","6.8014218085303","7.05011376835372","7.29408909939955","7.43573711769306","7.36883162865929","7.01745309878593","6.39847282198094","5.63088150364703","4.91524114869784","4.43787830530279","4.3147090560684","4.5538149223483","4.9608310963947","5.38444499796166","5.75426467587417","6.00506192380003","6.16749988897991","6.28621629368015","6.40456760738978","6.53936560656618","6.68739350035175","6.86608111076067","7.09812432790953","7.38210537104238","7.69444717729858","7.98613695809023","8.19511677659339","8.26826651465751","8.15535079411119","7.8695485591578","7.49104920133937","7.07422900794961","6.66063596777076","6.35801394206802","6.23563817416986","6.24265306916819","6.30293958863149","6.34130806698085","6.34630068086477","6.34661603923461","6.34578564155062","6.34653599410632","6.35345150364329","6.37499405267127","6.42508753836558","6.49429081468017","6.58127918901571","6.69913126294872",
"Ghana","GHA","Population âgée de 40 à 44 ans, femmes (% de la population féminine)","SP.POP.4044.FE.5Y","4.07818609758172","4.08883186771899","4.02374820078891","3.9476477183568","3.87012917104578","3.81452866463502","3.78851534862831","3.79430580743823","3.82727185785414","3.87424727053137","3.94510395854868","4.06140357455685","4.19261180534197","4.31524255445324","4.4371236144895","4.53598230608931","4.60764504028804","4.64529810604113","4.64133434169896","4.60384402589663","4.57685807294919","4.57403116061108","4.53858650946577","4.4438566660369","4.31852498812975","4.19383555018613","4.06083361268142","3.92296338733605","3.82220201151503","3.77363893828048","3.76347943400597","3.77379130051995","3.78883121339865","3.79783674686674","3.8008221669026","3.80053160018155","3.8119299254256","3.85305285361686","3.91968925550389","3.99845188282344","4.07711934678469","4.20987194606916","4.39088385878495","4.55736114684099","4.70720216148611","4.83779177636449","4.90239308373104","4.91418148895061","4.93360261828233","4.96970306992236","5.00682379429311","5.01502349021063","5.01398020101262","5.02558640233575","5.03701933946516","5.05599579732441","5.10022123629427","5.17563126374253","5.27294717282093","5.38617211922188","5.4731189053781","5.52897311195279","5.59205140478191","5.65896285290995","5.70359611404088",
"Gibraltar","GIB","Population âgée de 40 à 44 ans, femmes (% de la population féminine)","SP.POP.4044.FE.5Y","7.58684129834859","7.84451366647655","8.00417155520793","7.90215163934426","7.7271583186509","7.46268656716418","7.08007614727207","6.71891160792426","6.311552290136","5.91918260735961","5.66066236169329","5.49200789895302","5.41258999446188","5.45141685582485","5.50368728884368","5.55595641821199","5.56093363450576","5.48365244054623","5.41029552630645","5.43032786885246","5.4696580142993","5.46828325426111","5.36969356199044","5.14853578602389","4.94351782995149","5.180830215571","5.71654278430105","6.18586605750752","6.77127250064156","7.24809797736129","7.13103033039813","6.83877846317873","6.83149486496767","6.79491040505948","6.69799358544044","6.67776544580096","6.70879564993754","6.7579408543264","6.78871090770404","6.79787272529937","6.95511087074094","7.20947819510965","7.27974828375286","7.23120837297811","7.24904480722473","7.28660414812787","7.34102875658161","7.34290186153385","7.33742976374331","7.37149343278742","7.28860176538314","7.07612675167277","6.89698218019536","6.8331791551033","6.85644694778505","6.82276461913504","6.84232389769153","6.95525433610261","6.9465911042418","6.87485958211638","6.87300363476154","6.88146487698166","6.83496070492975","6.80706838115443","6.77078060139719",
"Guinée","GIN","Population âgée de 40 à 44 ans, femmes (% de la population féminine)","SP.POP.4044.FE.5Y","5.12274146123569","5.12404078167438","5.12493952973142","5.12472969033441","5.12190969103734","5.11567323173174","5.10648931426135","5.09479680013206","5.0801979923699","5.06225684151827","5.04098515512373","5.01630672801834","4.98799765716412","4.95660355333914","4.92295054929063","4.88638263508544","4.84859581502386","4.81160744962323","4.77263544403235","4.72675282251721","4.67246083312238","4.62130492676431","4.57506546550442","4.53006667942589","4.49239490997434","4.45093206095739","4.39947221319644","4.35653602524967","4.32646460456264","4.2926349406348","4.27750011463157","4.28270287522182","4.27767247088365","4.26619632201593","4.26227934475742","4.25892500991988","4.25112606517571","4.24186834824655","4.23672473702503","4.2402862292298","4.24498335777623","4.24629776873522","4.25085901638158","4.26100236123318","4.26775457724414","4.26879385908658","4.26543657180738","4.25906651085808","4.24875956319522","4.23439086597228","4.21683759478232","4.19734467279845","4.1767164131926","4.15607679561919","4.13635800593478","4.11822093216285","4.10318483585641","4.09445373212563","4.09369263706412","4.10181547674172","4.12091312495786","4.15098089337082","4.19512016786133","4.25390970440422","4.32648046197782",
"Gambie","GMB","Population âgée de 40 à 44 ans, femmes (% de la population féminine)","SP.POP.4044.FE.5Y","4.56231905667176","4.67458227652036","4.82664197024647","4.99346165316938","5.13154368411649","5.22902389814589","5.29038485147383","5.31320359830343","5.31086759198591","5.30519743713658","5.30253796526995","5.2999303900734","5.29753577191846","5.29003360240742","5.23028673079679","5.11739905871506","4.9897333521199","4.84693408794399","4.69677510993271","4.55472438583413","4.42756711721327","4.31686758341153","4.22704634705064","4.15260781459038","4.1125536003332","4.09903318883586","4.07488165381932","4.02274293081638","3.91450591674562","3.74276039666496","3.57917560344932","3.46586372823327","3.4028300011237","3.44539538513098","3.58482828987304","3.73377373760482","3.86960479012752","4.01106756435925","4.1563392748643","4.29891354132941","4.43208189129374","4.55247352982075","4.65603526580544","4.73824992845272","4.79829074864037","4.8360119523309","4.8480976758774","4.83503975412274","4.7979982526159","4.73938120093507","4.66234150129724","4.57260539638287","4.47417202835677","4.36951196248161","4.26281171288393","4.15790734424495","4.05885693085604","3.97315723555711","3.91778412528086","3.90259274966593","3.92873604602167","3.99237611476328","4.08645040344478","4.19958725381307","4.32445773781108",
"Guinée-Bissau","GNB","Population âgée de 40 à 44 ans, femmes (% de la population féminine)","SP.POP.4044.FE.5Y","5.26927480354103","5.25509196024362","5.29735251149146","5.34448987545482","5.37892387683176","5.39912345836772","5.40997493603011","5.414783339235","5.42075955063074","5.42946112805394","5.4445556122586","5.4586228373818","5.4628914314637","5.44548919782016","5.25795100137836","4.94067892994607","4.66755759695886","4.46824224519941","4.37134576752584","4.30827611819489","4.23175297824682","4.16242655784203","4.09162227955794","4.02333412845865","3.96513815635837","3.92088876079068","3.89277210394937","3.88538430812167","3.90004598478584","3.9354010721208","3.99138721639619","4.10009620882584","4.24429023182118","4.37442222189614","4.48291135750333","4.56365765843925","4.61547223185567","4.6398741163406","4.63782430863027","4.61074004551357","4.5623544891214","4.49801645493417","4.42294339554215","4.34341672259789","4.26429969155012","4.18942697034153","4.1256678382097","4.08185958494681","4.06763921717182","4.09232482960678","4.15623425751806","4.25128900883578","4.36595293878451","4.48828946674769","4.60965593884963","4.72313708211709","4.81734877596539","4.88238699373714","4.90265912411417","4.89419215980921","4.89224359759833","4.90474477930423","4.93835905615237","5.0056285040478","5.08913703066982",
"Guinée équatoriale","GNQ","Population âgée de 40 à 44 ans, femmes (% de la population féminine)","SP.POP.4044.FE.5Y","5.27778479573533","5.2662149766068","5.2474710982659","5.22415507635304","5.19718883275157","5.17044154655685","5.14294672451082","5.11237713641771","5.08091487094047","5.04244389721498","4.995492309607","4.95281712249081","4.91864544109842","4.88465099531917","4.84177517482633","4.78689320715775","4.7172643179254","4.64349585102176","4.57578145521408","4.51779827811042","4.47082096933729","4.42898928357027","4.39555813484964","4.39649207044103","4.42468922808223","4.45214380704601","4.47625763873679","4.48889719781475","4.49216408133901","4.56460028194503","4.69296879672808","4.80891840116493","4.92611121025635","5.04407316775199","5.10176541137821","5.11002242253171","5.12693845671142","5.14506196219251","5.16297667760957","5.1799265458848","5.19356642436602","5.22033843531232","5.28321347007314","5.37954254749831","5.48228521769516","5.51167727318955","5.44626455572108","5.3343048644764","5.20251530405069","5.07452898727097","4.96790524472691","4.89175266017975","4.84439208163604","4.81815965196039","4.80482159261229","4.7970630256111","4.79035935783443","4.78629841283651","4.78985419581523","4.8060418375091","4.83783009191599","4.88815804157586","4.95838629436166","5.045996663122","5.14921474014199",
"Grèce","GRC","Population âgée de 40 à 44 ans, femmes (% de la population féminine)","SP.POP.4044.FE.5Y","5.97823561000549","5.95249537190327","5.98227199506957","6.0820178184974","6.25513303298021","6.28234330591364","6.2932009305431","6.69841475250728","7.05165800023719","7.33451687493346","7.54368029262328","7.4929539333405","7.48133135474583","7.43934810559858","7.38719032514695","7.34398978176148","7.31018030817869","7.25997505610164","7.17174343882937","7.1352684372959","7.04282604116603","6.73863119563149","6.37289951556305","5.9956967819512","5.71883712767469","5.59216784948771","5.69918545607383","6.02766012197219","6.34143782170151","6.50257045067183","6.46818846407742","6.37027611519471","6.29081718496777","6.25513914003072","6.27517523833194","6.34811864192043","6.4323847530094","6.51061588502084","6.61731601395704","6.75445856299737","6.85522830824347","6.91554879852883","6.96530807831926","6.9962589166344","6.99075686790717","6.98402437931408","7.01791777966714","7.12756143050277","7.28252366582023","7.42825166346554","7.54321196678226","7.60147159886348","7.57494944019146","7.48767276951335","7.41870882590399","7.37928654346939","7.34602883753078","7.31722322143535","7.30540579103895","7.29497934907189","7.27806209955053","7.26158189024193","7.22094951222233","7.11629920065706","6.91406542171076",
"Grenade","GRD","Population âgée de 40 à 44 ans, femmes (% de la population féminine)","SP.POP.4044.FE.5Y","3.54648913862253","3.54934230405092","3.5876993166287","3.63807915776928","3.67617218818359","3.69740420271941","3.71536648644367","3.73189880202078","3.74468169708537","3.74936615727254","3.75506635937376","3.79244684227229","3.84760168803122","3.90088151592976","3.9640875738233","4.01800866492303","4.04271548436308","4.03496362166532","3.98541499037512","3.88148970279936","3.71866497746578","3.58855423574764","3.56126395679778","3.56431328601669","3.56080634500991","3.56287948056751","3.58390715351137","3.63141539898856","3.71297118411494","3.82148369380024","3.94481440559023","4.08633406497795","4.24612180337371","4.42667135407512","4.62675263137453","4.83875641062788","5.06740201965852","5.3201659624099","5.56871474368121","5.78925447730112","5.97549144272703","6.16197348296473","6.33930575297374","6.45365626455519","6.50642007631674","6.49958816506714","6.43012657293627","6.30840261938047","6.1548619007446","5.99133122405311","5.83996862487573","5.70072336833698","5.58693948157959","5.50333169357363","5.44608113150554","5.40786405709037","5.37455849016817","5.34731277841471","5.34789206537475","5.40984318665566","5.55358486974728","5.82252294961858","6.21884561174327","6.70192340658964","7.21959898720318",
"Groenland","GRL","Population âgée de 40 à 44 ans, femmes (% de la population féminine)","SP.POP.4044.FE.5Y","4.28184281842818","4.16615422457262","4.05397354938639","3.96791042622572","3.95328695554997","3.99794561280208","4.11593747545362","4.31212021052096","4.53263397496165","4.72469430576659","4.87391396482305","4.96603041087027","4.98917378917379","4.98953480521234","4.98452770542532","4.96865618929896","4.95073405165793","4.89751178340458","4.82999472851871","4.83853239244653","4.96066433566434","5.1729349281057","5.41999061473487","5.62382749098881","5.74655165228987","5.76709111138583","5.70088694056479","5.58358221002502","5.44997205142538","5.37664132688321","5.42567355889724","5.58184828123478","5.81219455434024","6.07835179064958","6.32960172643018","6.55177051511134","6.77020419902215","6.99086399417747","7.22614739502556","7.51173708920188","7.87978497503491","8.31635276418274","8.7685364281109","9.19770340711642","9.56215778877453","9.86328125","10.0371956717764","10.057536101083","9.92901124145593","9.56441359014507","8.90448328410438","8.05198209838398","7.19156269903713","6.3983759703765","5.72394387475686","5.24562864279767","4.99319367768283","4.9287523150773","5.00831255195345","5.19002397719335","5.41035270140212","5.65286323657091","5.92610772338537","6.18144057396394","6.39916918429003",
"Guatemala","GTM","Population âgée de 40 à 44 ans, femmes (% de la population féminine)","SP.POP.4044.FE.5Y","3.98216285585963","4.02046552836037","4.09154774842185","4.18841406524197","4.29686354262081","4.40131332771945","4.49807068046794","4.58982338734437","4.67039911797045","4.72132702912072","4.72950084554897","4.70036128180533","4.63824079678151","4.53157466042504","4.38830743586783","4.22983307933287","4.05668787412037","3.8715184597289","3.70209049805379","3.57753682623345","3.50216155188642","3.46889675335194","3.47563674159038","3.51213392149191","3.56266333042149","3.61930641127045","3.67913281018481","3.74099647268124","3.81329540216829","3.8897877325473","3.9553954426154","4.01540337715112","4.07536694067503","4.12734932644738","4.17293847241937","4.22458330458639","4.27898667023106","4.32818109496126","4.36789144239697","4.39510097517765","4.41039655947073","4.41638794624294","4.41491246831339","4.41010213073706","4.40659616750482","4.40423024622404","4.40500190896948","4.40937659513777","4.41465109824635","4.42038420837681","4.43124104351052","4.45096056717881","4.48266281951665","4.53034873704214","4.59538047832741","4.67401393979075","4.75995373396149","4.85511169191581","4.96061691396742","5.07490025160429","5.2021474880599","5.34188159473632","5.48216051796231","5.61989171093515","5.74814426126594",
"Guam","GUM","Population âgée de 40 à 44 ans, femmes (% de la population féminine)","SP.POP.4044.FE.5Y","4.45563803464122","4.49589653466191","4.55085081123862","4.59779280428681","4.62915798410126","4.64820739766169","4.6564896562722","4.65567956314301","4.6548210157714","4.65960786400277","4.6890125066147","4.72788138451353","4.75833645560135","4.790825580715","4.79846666817883","4.77568900237739","4.75783262605424","4.73198242643928","4.694413577129","4.70447268655837","4.79296165248159","4.870233001364","4.86674709366089","4.80629030959558","4.74497302599313","4.74426263249974","4.8674573310039","5.10837823386666","5.37575513491744","5.65725237197637","5.97964082023261","6.25995455814972","6.42582742316785","6.51566683551632","6.55422609633102","6.55738844998331","6.56061040361438","6.5774124777088","6.60946807949813","6.66221870991981","6.74514916788097","6.85979862537726","6.98816601622838","7.10757702228609","7.1969886448902","7.24121809057756","7.23568035416718","7.19274955956428","7.13238069894236","7.07126811325878","7.03114416955039","7.01469393782766","6.99856543877256","6.9619745839525","6.88429976766029","6.75147316698371","6.56355294732","6.33645944478763","6.09755333479527","5.87813259153901","5.70770813469162","5.60364888764777","5.55046858196344","5.52445806101877","5.50616627812874",
"Guyana","GUY","Population âgée de 40 à 44 ans, femmes (% de la population féminine)","SP.POP.4044.FE.5Y","4.14751554156547","4.12001077037324","4.1369847848731","4.1662974886047","4.19061410324743","4.19454282060065","4.1735176813859","4.13332048181158","4.083483770486","4.03277296115144","3.98374445027589","3.94867477898999","3.92918491679048","3.91252022846913","3.89501200406478","3.87285090238722","3.84510029919716","3.81352764095938","3.7795724317214","3.74652609176283","3.72047403306831","3.70977155671148","3.71928944917986","3.75024638990787","3.8058330116709","3.88954414902716","4.00236572691867","4.14144677516248","4.30135159991286","4.47100812218709","4.632371286717","4.77320842595533","4.88319690795544","4.97122772665485","5.05871346072844","5.15500217944204","5.26634849171748","5.39394888253943","5.53349740081651","5.67623108368202","5.81349568482257","5.9383709621623","6.04647269474141","6.12528340218763","6.17850558337349","6.22243085750851","6.26008483083764","6.29434363842064","6.32210240274222","6.3399958155339","6.34575222790824","6.33426127394513","6.31443556078141","6.2913143178135","6.2627640517265","6.23805924169389","6.21081379098124","6.17002820722212","6.11231468028207","6.04725860689719","5.96863060137586","5.87962176276168","5.79004714360998","5.69774189895635","5.61578699329196",
"Revenu élevé","HIC","Population âgée de 40 à 44 ans, femmes (% de la population féminine)","SP.POP.4044.FE.5Y","5.55552676565285","5.71018898745441","5.95910564801661","6.21872961426665","6.41875158978046","6.52478819023804","6.5674587085754","6.58875532356979","6.59046353694352","6.56923834641823","6.51640135293702","6.43523778312582","6.33490912501906","6.20380002704951","6.06713396495304","5.97501697203635","5.93823739831666","5.95141725618615","6.00243547780145","6.08344379164412","6.14057960655255","6.15144957989343","6.10171525423915","6.00718996114159","5.88531668252787","5.73869723754068","5.72944143135029","5.92864373307561","6.2041842601726","6.50632478446468","6.8260007318355","7.01927057224071","7.0618589376309","7.07132303154443","7.08166975910494","7.12080560488369","7.18531571171051","7.24092576414207","7.30278496447781","7.37056019680805","7.42086224162092","7.45710491259779","7.47386535513894","7.46764433614236","7.43932849893463","7.37495524235185","7.2701711233429","7.168248750382","7.08477160373144","7.00359849838218","6.95571498693942","6.95861618917355","6.96445007193603","6.93613062838052","6.89615096774718","6.83823333513364","6.76193146579653","6.70010919863089","6.6652104761582","6.64968261374788","6.66566906654303","6.69109985548515","6.71349699018827","6.74208167269907","6.74437851427807",
"Chine, RAS de Hong Kong","HKG","Population âgée de 40 à 44 ans, femmes (% de la population féminine)","SP.POP.4044.FE.5Y","6.12244628957578","6.02974333657483","5.67153577660815","5.15642286192965","5.02514290013009","5.19193445455344","5.32338402633967","5.40531773501801","5.53251652511752","5.807431385173","6.03711437638602","6.12479488247091","6.0562055734868","5.92919218358145","5.76967475855752","5.56204147413154","5.33790661002296","5.12528974683491","4.92710161718896","4.76104957151618","4.62398430236578","4.46176445464399","4.25377467186299","4.06669213780067","3.98469418890557","4.031563229699","4.27900446130292","4.73110968052685","5.2557891113582","5.83183199904462","6.44755012659275","6.95193787765154","7.27744110990698","7.53035127117356","7.75204596497768","8.00050510313623","8.32784789440149","8.66624813816364","9.01099703118761","9.342646249426","9.63732911699821","9.83392638849769","9.95817432383808","10.0998245901853","10.1965822379182","10.1914502617837","10.0490317251134","9.74351442680495","9.33968475594182","8.99938895218647","8.78898105439402","8.68890104252475","8.64880933427988","8.61918183783166","8.58041957512778","8.5173013618836","8.43803363198136","8.36907095157848","8.31346131683528","8.32153286038705","8.45922310703383","8.66670918997719","8.86677810178012","9.00586283199372","9.03986152365699",
"Honduras","HND","Population âgée de 40 à 44 ans, femmes (% de la population féminine)","SP.POP.4044.FE.5Y","3.83603191116312","3.85594668852989","3.93865873323784","4.04616166951312","4.12359850681121","4.15317691339251","4.14155542679574","4.08621075670451","4.00569937499589","3.93191771467571","3.87392653437717","3.82782405338429","3.79550262159829","3.76907787664854","3.73723586673671","3.69412477115102","3.64206494941145","3.5854747398023","3.52605387507646","3.46510912182929","3.40612837712094","3.35169987570981","3.30416568127302","3.27032328161242","3.2587881151968","3.27273657800674","3.30935957717683","3.37312690145136","3.4636880342894","3.59252532976486","3.74629103348823","3.89144560338942","4.01754143456539","4.11721614169071","4.176522444832","4.20658268808181","4.23278329821533","4.25626598092175","4.27729373819334","4.29559386505676","4.31107605448731","4.32660598078595","4.34462976493521","4.367074265741","4.39577792231691","4.43260465064847","4.47704259890365","4.52753181312783","4.58481534515586","4.65059567583106","4.72703013615848","4.81595566254792","4.91451154006538","5.01667520103225","5.1257897818712","5.25111961831556","5.38980853384477","5.535145527873","5.68482817329119","5.83036089707903","5.95732739618767","6.06162011389231","6.1480888543907","6.21991689546808","6.27830251724578",
"Pays pauvres très endettés (PPTE)","HPC","Population âgée de 40 à 44 ans, femmes (% de la population féminine)","SP.POP.4044.FE.5Y","4.5879117011037","4.58244074185471","4.57562169924283","4.56861491510188","4.55706506755055","4.54149168807413","4.52593974905277","4.5098281917239","4.49256173130488","4.47428392970883","4.45556839104544","4.43679134800695","4.41491852904523","4.38907919750009","4.35979863119859","4.32524768795563","4.2892604411525","4.25287497291153","4.21365985378286","4.17297225460124","4.13505272215672","4.10238493419232","4.07273257425515","4.05466300700583","4.04703969369462","4.04692140690953","4.05299604926243","4.05906560174043","4.05471921735098","4.04193989589871","4.03184250328413","4.022808096719","4.01945708422396","4.02930105824178","4.04747638662041","4.06427336574615","4.07301852101979","4.0763124588839","4.084005028667","4.09454583134268","4.10374705759147","4.11375283722697","4.1238603952609","4.12898420888048","4.12959748428683","4.1283820185753","4.12584325471563","4.12571457797065","4.13229628035646","4.14461822784173","4.15924862466396","4.17479684972732","4.18988783908943","4.20271887606306","4.21544964686909","4.23131333692421","4.25156653422798","4.2773527632649","4.31012279596518","4.35016783301085","4.39359872678029","4.43637587007525","4.47734912479684","4.51568186934477","4.55197991622866",
"Croatie","HRV","Population âgée de 40 à 44 ans, femmes (% de la population féminine)","SP.POP.4044.FE.5Y","4.70650821751882","5.16807351165028","5.81731481253274","6.44506319139745","6.91773721418436","7.19672798666563","7.31149074806359","7.34499476637937","7.36215102546945","7.38795960496724","7.43290173612326","7.49529646348402","7.55791518351478","7.59780610688159","7.59384125073636","7.53168286375466","7.42043762800883","7.28224117555141","7.1267236436803","6.96364948285637","6.80412418096569","6.63992925919458","6.46297602394099","6.26087187183409","6.00162352597591","5.70775521627356","5.5416655252043","5.56793601752276","5.73063620710872","6.05870519133746","6.53488531719938","6.87243532560214","7.03305489147363","7.17345822489793","7.25407675732617","7.31122584615359","7.41520528492306","7.47965510746178","7.45876156117782","7.43358839066345","7.38646478276504","7.31361731902974","7.25061723647959","7.18826049659876","7.09082623072494","7.00417356031135","6.95155906973423","6.89147786195884","6.81959756804935","6.73782053231667","6.59235324683709","6.42450350960553","6.32748819381092","6.29018820362735","6.28849046198725","6.33525636326501","6.40375951613531","6.45483180734014","6.50118005015453","6.56","6.62880104983264","6.67022369967495","6.67851386433419","6.6696442048424","6.64708798715405",
"Haïti","HTI","Population âgée de 40 à 44 ans, femmes (% de la population féminine)","SP.POP.4044.FE.5Y","5.04337689828358","4.98162446474932","4.91698111645724","4.8500167004344","4.77998875661889","4.70830505265977","4.63598258822921","4.56299522517886","4.49406787849217","4.43620389185806","4.39291473388099","4.36357669393113","4.34730148722082","4.34396758343849","4.35264452078855","4.36999523472302","4.3981399880144","4.43900215982961","4.48323350433299","4.51603161810413","4.53090545486935","4.52776393547603","4.50850890139426","4.48173696282667","4.45718543965634","4.43742508169937","4.41530240743359","4.4024637914059","4.40663318463724","4.40620007535213","4.40879244514607","4.43054621558041","4.45244964170182","4.46551584958781","4.4872315548497","4.51383643642131","4.53594553354052","4.55460298940755","4.56970202358092","4.58545548497248","4.59842088328627","4.60976561573065","4.62706625949927","4.65105675107261","4.68158583005867","4.71727569026836","4.7536034365269","4.78926510505019","4.82404554648832","4.85609895158247","4.89194573321694","4.93521570977793","4.98620165828906","5.04799382570491","5.11914640943629","5.19869141229642","5.28224455743909","5.36643715821214","5.45073973206048","5.53396871552226","5.61687176737378","5.70093954771684","5.78726322356078","5.87682329101662","5.97191855462763",
"Hongrie","HUN","Population âgée de 40 à 44 ans, femmes (% de la population féminine)","SP.POP.4044.FE.5Y","4.88310366845508","5.50087385006219","6.28175994390923","7.05698166732023","7.45271361510255","7.47768284493107","7.43814044155168","7.31189972112892","7.18462206139382","7.1395042896505","7.09119071356352","6.98607482067478","6.90328702839601","6.83108763625002","6.71579232807805","6.56332461129092","6.41717354201092","6.30460268549739","6.2166634690052","6.16266403637843","6.16535307992932","6.19993343814829","6.25507456752146","6.32357059366461","6.42239616429335","6.45772376829222","6.40513324110099","6.42649523063467","6.54098327379019","6.65927171131659","6.84190886076794","7.11956183037883","7.29130905757854","7.42215157864316","7.662701968001","7.89496630119822","8.0168975447961","8.01516956449135","7.82519525752295","7.44043145068051","6.9979536258183","6.60339014593854","6.28569999560955","6.07030057707375","5.92461578205518","5.81476709182177","5.76673110670435","5.86519342595564","6.07467501290631","6.29186416726801","6.50561659591823","6.73355372195443","6.88140861969479","6.9226850082792","7.07803286496093","7.41165378871603","7.75324958585286","8.02336447729971","8.21547832150299","8.20283032345502","7.94617030072382","7.61919263665602","7.2786284964956","6.92532565997352","6.59493242558146",
"BIRD seulement","IBD","Population âgée de 40 à 44 ans, femmes (% de la population féminine)","SP.POP.4044.FE.5Y","4.94450405829644","4.94742692938733","4.97504375173567","5.00429180503696","5.04695457018794","5.10349697420296","5.1465876345403","5.18110581589281","5.20712099792245","5.20519132422138","5.18133275664097","5.1483104521838","5.10763709257469","5.05779261421513","5.00514468610249","4.96826048439062","4.95954105691096","4.96911616960929","4.97297444333556","4.95797661027671","4.91740282416298","4.85863377390837","4.76500317313636","4.64064407935386","4.53520020894484","4.46949912029085","4.45843694023551","4.51879260924592","4.64332395717079","4.82679166960895","5.05956895741017","5.2885491825236","5.52049373977246","5.75351003551026","5.94161539386002","6.08601900771385","6.19277479752898","6.27350912381751","6.3217919741678","6.29314266603664","6.20104983133891","6.10009599746767","6.07907618435492","6.23191532733821","6.47552248817258","6.71461350897109","6.95271561161393","7.07806782152637","7.06981740072947","7.06426429540193","7.09201658178319","7.12607571869631","7.16172605977652","7.15749132923384","7.098600527774","7.0042172242482","6.89236034755142","6.78268788318992","6.6807789834168","6.62361912593545","6.63115347112688","6.68853052460997","6.7955839075031","6.91293825392773","7.00716783000975",
"BIRD et IDA","IBT","Population âgée de 40 à 44 ans, femmes (% de la population féminine)","SP.POP.4044.FE.5Y","4.88464135768359","4.88583283796419","4.90774378020282","4.93143061630842","4.96593932011156","5.01154812665228","5.04622499343226","5.07386804285287","5.0942069182666","5.09088882445101","5.06885238190787","5.03893878178225","5.00155375519958","4.95538473671252","4.90653996803358","4.86999386638759","4.85638079541353","4.85803737522126","4.85452235631279","4.83465219409171","4.79429360870559","4.7395275048624","4.65612066445301","4.54892778894395","4.45887910312925","4.40295722493035","4.39259650330987","4.44003298108965","4.53736495102733","4.68043399091702","4.86424711065534","5.04651568779473","5.23156125833368","5.4197360516003","5.57502449935344","5.6952763805144","5.78395362869014","5.85117245516962","5.89288861186262","5.87440932305178","5.80616022666759","5.73089907479819","5.71672682811458","5.83480669240385","6.02048901572754","6.20034816020663","6.37735186409293","6.46751194406094","6.45692992604096","6.44952555820764","6.46832453029561","6.49327295287734","6.52118830362972","6.52013943578905","6.47863545294474","6.41163496846311","6.33255149928663","6.25347376936521","6.17923233205106","6.14027462392024","6.15059267520478","6.19897599137431","6.2875436489705","6.38692822703999","6.46928508216788",
"IDA totale","IDA","Population âgée de 40 à 44 ans, femmes (% de la population féminine)","SP.POP.4044.FE.5Y","4.59651254209538","4.59340795824359","4.59068705528324","4.58900201166673","4.58640899319403","4.58242603994558","4.57934646465686","4.57702779155786","4.57327252608867","4.56556123378208","4.55351326183773","4.53909176777514","4.51860372585799","4.49173654820244","4.46299973310622","4.43100940467046","4.3988188513935","4.3690618001692","4.3375717266315","4.30165111096115","4.26711119794511","4.23376695688645","4.19778032703903","4.16629269062986","4.14326272197923","4.13024288915702","4.12509320665038","4.12274320682768","4.11407448501622","4.10082230270135","4.09765168769054","4.10556503799858","4.12078874100244","4.15259731512762","4.20015819906998","4.24742078008899","4.28770356163871","4.32411344283298","4.36069490761576","4.39639136919702","4.42914078066445","4.45950962187112","4.48543354779695","4.50342064450065","4.51470935169824","4.52090022507324","4.52401955882865","4.52888570132464","4.53774940234403","4.55039533779707","4.56735235841784","4.58932464173389","4.61632905378489","4.64357938680552","4.67232683840476","4.70419424429161","4.7383472006604","4.76452254808369","4.78629255981471","4.81636029649923","4.85373448668389","4.89866053893939","4.96010289305851","5.0347528506025","5.10774849903955",
"IDA mélange","IDB","Population âgée de 40 à 44 ans, femmes (% de la population féminine)","SP.POP.4044.FE.5Y","4.4738774214536","4.47924661997606","4.48747795383231","4.49700083812188","4.50547183293558","4.5113910823103","4.5167504224964","4.52319669197471","4.5294688101172","4.53317758362203","4.53364196046706","4.5290853426417","4.51732361687484","4.50042341891718","4.48242057172263","4.46351315821537","4.4447951652064","4.42681466281065","4.4040253467174","4.37340230679308","4.34478460426781","4.31073364513097","4.26415368578932","4.21571561458086","4.17329456701054","4.14211033187483","4.11681133463839","4.08755154928326","4.04605128475331","3.99913474397846","3.96796932165298","3.95784533580291","3.96214761076633","3.99258022815041","4.04651093649311","4.09981102213403","4.14757896598178","4.194175391389","4.23878463468772","4.280687745055","4.32048562337025","4.35652963301688","4.38627898120277","4.40825931088711","4.4233637822356","4.43201845827407","4.43362015802879","4.43163039643602","4.42931577673895","4.42847880474602","4.43128437861985","4.44142001197201","4.46064695323178","4.48797778929325","4.52394974045575","4.56841484972639","4.61844406616339","4.67172211866535","4.72816903901044","4.78704496879604","4.84777484409183","4.91423466756372","4.98604140549877","5.05749780045453","5.12286756187368",
"Indonésie","IDN","Population âgée de 40 à 44 ans, femmes (% de la population féminine)","SP.POP.4044.FE.5Y","4.67853357711889","4.62881472297642","4.59878551976056","4.5911580864233","4.6079695075267","4.65127237824967","4.71580228463764","4.79369281480931","4.87872209525688","4.96127156564504","5.03393271739784","5.09339806137419","5.14005291886955","5.17591052154294","5.20480570788053","5.22889972903965","5.24789347537198","5.26057647361099","5.26325522791473","5.25321351456492","5.22937752091776","5.19160293629762","5.14130084290956","5.0816315853792","5.0164136730318","4.95120206400316","4.89380120213943","4.83550855939288","4.76993084315982","4.68780727001131","4.62109319778745","4.60397208973535","4.63632688470858","4.72222694977299","4.86962046434324","5.04913386823727","5.22120958991139","5.38860137578049","5.55181335363835","5.71115429395522","5.86521700962313","6.01271686700926","6.15223509013914","6.28227903145065","6.4020656797522","6.51309389910276","6.61900435392772","6.7177518861036","6.80594169738795","6.88551610978767","6.95086730324986","6.99395411699979","7.0209062221921","7.04636856979063","7.06183717840504","7.0696794873084","7.08269348818256","7.09617036244269","7.11298152089444","7.142163285892","7.17602493751418","7.20692708898538","7.23529292854387","7.24863560971113","7.24368082892534",
"IDA seulement","IDX","Population âgée de 40 à 44 ans, femmes (% de la population féminine)","SP.POP.4044.FE.5Y","4.65178844050194","4.64492797373343","4.63732490681347","4.63063854751349","4.62309376181028","4.61467147140108","4.60780555002669","4.60153324907392","4.59323706474821","4.58034474297997","4.56260762424392","4.54368583605982","4.51919323750996","4.48772598936425","4.45400690448561","4.41588803774703","4.37730833371047","4.34186272172607","4.30608489848128","4.26744279917378","4.2296293470728","4.19611307421575","4.16503233592985","4.14179684478853","4.12831878254898","4.12430549782067","4.12926125972227","4.14055877507243","4.14871881642338","4.15289740444967","4.16446765552198","4.18212948301266","4.20326291377889","4.23584995040725","4.28015932880876","4.32436611907977","4.36084034073152","4.39202638297288","4.4245135323822","4.45703831783004","4.4862157589011","4.51375227765855","4.53770316119865","4.55361083581322","4.56296426381166","4.56791888715402","4.57189345952079","4.58052463637447","4.59551455090259","4.61553555659416","4.64025173895351","4.66869876539734","4.69990923108143","4.72716097922761","4.75199947547042","4.7770271655893","4.80250355972527","4.81405072707625","4.81723870720835","4.83192217354237","4.85688969585698","4.8904304095407","4.94641900192669","5.02278443568701","5.09981672847982",
"Île de Man","IMN","Population âgée de 40 à 44 ans, femmes (% de la population féminine)","SP.POP.4044.FE.5Y","5.68128107689108","5.76941391592541","5.88882147732443","5.98263288474551","6.01893261776983","5.97282558461965","5.9419335966067","5.89176842976098","5.75690705269662","5.56778207149912","5.38104389530434","5.18175433902953","5.00321458597781","4.88808640770382","4.79294786364585","4.72964396776036","4.69499764779677","4.70872508170567","4.79417478698505","4.88969477183439","4.96096024364391","5.07344113592909","5.21459672403069","5.33145484205843","5.50701378982406","5.76083880672594","6.05035533597425","6.34039123745329","6.58582358885521","6.80602957906712","7.02489179005169","7.10794833100278","6.98745805599868","6.78272294301199","6.59011346764197","6.41257004844028","6.32645079502084","6.39896442202472","6.57898208490541","6.7839523896531","7.00545543863278","7.22652245232725","7.3755081300813","7.50472351681572","7.64058985253687","7.73352517271746","7.74823763886668","7.75138983712084","7.7463768115942","7.66636367985457","7.58711327389621","7.56987120623484","7.52928710190145","7.43601839839604","7.29504126368559","7.09118079605294","6.85129983492275","6.57226886770077","6.31197784772679","6.1971465016299","6.20983243122133","6.24720160245081","6.28282733118214","6.31789560407227","6.30787513678241",
"Inde","IND","Population âgée de 40 à 44 ans, femmes (% de la population féminine)","SP.POP.4044.FE.5Y","5.04088441895759","5.00687363745195","4.96972085649756","4.93175089088145","4.89739203468443","4.87061389127103","4.85063790603615","4.83539185549469","4.82320384866527","4.81437475975647","4.81054333598779","4.80980589238819","4.81167153180732","4.81437539916856","4.81362293487885","4.80703864927917","4.79810126367609","4.79101986621538","4.77956110061094","4.75199032585277","4.70721420257895","4.64880275297128","4.58020913167538","4.51273446484498","4.46169188709368","4.43414047706263","4.4265974950145","4.43323810553565","4.44386392824219","4.50418857578133","4.62309518356955","4.75510865972748","4.89991114609492","5.06360659113842","5.19932252634917","5.29085620746556","5.37111549938534","5.43973078626015","5.49341721511204","5.5318420093469","5.56279447604465","5.59221501892711","5.62142170734449","5.65331665069302","5.68802015137382","5.71862712968278","5.74369233262349","5.76932588098334","5.79842423052794","5.82783674382047","5.86022655340292","5.90290051240079","5.9515918909454","6.00410413190644","6.06618860809296","6.13041206865311","6.19163257372722","6.25060092834349","6.3030561512691","6.35748753521302","6.43210324050768","6.52456589493356","6.62209050951466","6.72534856659611","6.8334289232633",
"Non classifié","INX","Population âgée de 40 à 44 ans, femmes (% de la population féminine)","SP.POP.4044.FE.5Y","","","","","","","","","","","","","","","","","","","","","","","","","","","","","","","","","","","","","","","","","","","","","","","","","","","","","","","","","","","","","","","","","",
"Irlande","IRL","Population âgée de 40 à 44 ans, femmes (% de la population féminine)","SP.POP.4044.FE.5Y","6.07558711452126","6.05606932528415","6.0595972193927","6.06418472895347","5.98814336990681","5.85807787338886","5.74495781617178","5.62755982079007","5.48156922896053","5.35340471525119","5.23286888881955","5.09994849485871","4.98654025075253","4.89441558686926","4.7874698968359","4.69799909286731","4.66836052295503","4.64550805067392","4.6204291507416","4.65057073981792","4.68778682544539","4.68339000262312","4.71895330892147","4.82591148799367","4.94227457922728","5.1110620693719","5.37292017312871","5.63857388139424","5.87004003083162","6.08800637566463","6.23990813252415","6.32066013162776","6.38108268245496","6.43411564398745","6.48957781799895","6.55925699906288","6.64126273551751","6.72359246444008","6.78009157330214","6.82462065729788","6.89249920452962","6.94064164364394","6.9666206008727","7.01724377891692","7.06853116303944","7.08059332616171","7.04933158749172","6.99776003380325","6.94482940569053","6.93354718548498","6.99925152065509","7.10519794688376","7.21333187418839","7.3318205328927","7.43955785497709","7.48906595108549","7.51548397039407","7.56724832723183","7.65288251859619","7.80245018665947","7.98366014111226","8.10986356368266","8.17052776543362","8.15691819015889","7.99343328116059",
"Iran, République islamique d’","IRN","Population âgée de 40 à 44 ans, femmes (% de la population féminine)","SP.POP.4044.FE.5Y","4.36178655676533","4.50095347636035","4.6852265067888","4.87491928276648","5.01331249309861","5.0873841985814","5.09771858250671","5.0405447332803","4.94689659275299","4.86302210206436","4.80502950153399","4.76966411253076","4.75825096864285","4.75839352167864","4.74746145502645","4.71373172596857","4.66346354364637","4.60134865978536","4.52354789507321","4.42191395753776","4.30104686028258","4.18779271924934","4.07538259385155","3.95924461870152","3.86989859978035","3.81760534609148","3.80417773388823","3.82324697526096","3.85678022580877","3.94908151826754","4.10892079935104","4.27670969663221","4.43932603615004","4.59700557402819","4.72369167450914","4.82133793843488","4.92863669423636","5.0501988424408","5.18045388289427","5.31387493091511","5.43220268258885","5.51956412671817","5.57292546892467","5.57959620674996","5.57166572201476","5.60808445605861","5.70240546586123","5.81821562749459","5.93512413388276","6.06598808313368","6.2109578984556","6.35986918985488","6.48463006048781","6.56822820472181","6.62591407802634","6.68508975069814","6.7563021603622","6.87675001443017","7.06803921781614","7.32272281765786","7.64952407884688","8.01903093142591","8.37204711433773","8.70693719932039","9.0549457884294",
"Iraq","IRQ","Population âgée de 40 à 44 ans, femmes (% de la population féminine)","SP.POP.4044.FE.5Y","5.38051281359522","5.25992915167807","5.09130628644923","4.90182328371207","4.73588161092454","4.59760736096644","4.48241079015581","4.38967232826992","4.31611073856315","4.25625983044623","4.20724582411095","4.17087322314956","4.14722911355636","4.13078627451719","4.11358085903155","4.09326007879065","4.07039495089464","4.04410191451765","4.01696053120958","3.99363858552967","3.97217683369644","3.95014375739891","3.92926955127717","3.91155810475775","3.89590080511157","3.88016707075482","3.85932370076541","3.81976937399344","3.80640437402035","3.82167354078634","3.8407380764002","3.89637257674807","4.02082734273951","4.15376228669474","4.2568479590595","4.30418205138908","4.27916029000024","4.1284650944527","3.8713531398591","3.66595675165834","3.55380719027344","3.52658577498907","3.69951895650771","4.02580970561331","4.31308256065009","4.56509677749489","4.78370290229431","4.893409230113","4.92769339626788","4.9708708749579","5.01451719128407","5.05304885692898","5.08705874176952","5.11556156117128","5.13769584001628","5.15641752750363","5.17297759095076","5.18700184934237","5.19803066228779","5.20529462472532","5.21154360251675","5.21941288357022","5.2313463824733","5.2492251312938","5.27546533264922",
"Islande","ISL","Population âgée de 40 à 44 ans, femmes (% de la population féminine)","SP.POP.4044.FE.5Y","5.46360664794439","5.49534948073437","5.50777676120769","5.51842106696737","5.53193082679419","5.51099571104196","5.46652881881623","5.4267076447122","5.37468115447187","5.36978179665856","5.49153246547699","5.5623942522253","5.50745504266236","5.44302833591913","5.35863552262076","5.2086809804576","5.06727465399313","4.95829028866852","4.84350671330249","4.73856355171089","4.65130668835273","4.61314659409115","4.68382964600816","4.88382273563775","5.11654874544141","5.3591661945546","5.58519320487444","5.74596156282308","5.89451746709957","6.0593299458506","6.19567701315178","6.37410195138278","6.52181429136686","6.58951579780033","6.69089483367012","6.83888185068854","6.95645693204897","7.05785423201546","7.17115168169792","7.2757915098323","7.35912247171416","7.35765162051671","7.34529715888136","7.3688174308979","7.38474302013055","7.35637323144563","7.34248712955801","7.28929906435082","7.08919345119809","6.84292527519253","6.61102153087356","6.40140204706423","6.32856374529399","6.392729412129","6.40906250382914","6.43184833662759","6.49281180882777","6.43730272257622","6.34315494899925","6.39365527285968","6.50740451410764","6.55439473336563","6.59969758798114","6.67665984592527","6.68533399320162",
"Israël","ISR","Population âgée de 40 à 44 ans, femmes (% de la population féminine)","SP.POP.4044.FE.5Y","5.72484518786177","5.63825456464477","5.66367312093617","5.77301946109965","5.90975338438287","6.01690919164883","6.05577915480718","6.01177968674233","5.89549837830318","5.73277923616167","5.55358977424968","5.3856988285707","5.25174221276083","5.15356516173176","5.08174214976775","5.0029575554722","4.9419904710369","4.86617586497136","4.76972154848395","4.68646266298858","4.62165329709285","4.5144491750373","4.39119229203559","4.32076261290054","4.32963837349207","4.4514416024869","4.7572160583313","5.21285094257266","5.62693579943238","5.91944662136746","6.18747950371965","6.39868266141769","6.44268445152156","6.43992282513436","6.46358215765927","6.49629137931384","6.45757130075247","6.33910369154609","6.22770999090489","6.15441394593449","6.10491784734595","6.0494970610558","5.98847020035678","5.90930509305154","5.82351913227776","5.74164998592884","5.68343278930306","5.63917151895481","5.61914044584026","5.64862149058023","5.70356795691902","5.79826759893813","5.92444434783865","6.03591824234045","6.11644171395783","6.18458697514331","6.23276530766802","6.24849153515385","6.22514918364609","6.18254297472723","6.12964763844228","6.05182387945281","5.99238839722424","5.98325893673299","5.97465794914828",
"Italie","ITA","Population âgée de 40 à 44 ans, femmes (% de la population féminine)","SP.POP.4044.FE.5Y","5.17130182121794","5.44967972631734","5.95154404830217","6.57122129897349","7.08676892988608","7.23196365714199","7.13749988839889","7.04633362757135","6.94686970481062","6.8639487215971","6.82859673579324","6.8140261572742","6.75016626683719","6.6718525102336","6.60486504498737","6.52083741943296","6.4347966184535","6.39226190862663","6.4168730206896","6.48694438010603","6.55188663266456","6.59680873779775","6.56711919464803","6.43451236408097","6.25348346021702","6.10705163291682","6.06220663278875","6.18946014901636","6.41111071747134","6.61231817132637","6.75332501858547","6.80668765632513","6.73033658927815","6.59106027259057","6.45458580426202","6.42106826284343","6.48656709712332","6.52383175299288","6.57635227867083","6.66544302773558","6.78648159119763","6.90714214784291","7.07387116521893","7.29785801377932","7.5068575099801","7.6749323025847","7.81597631882643","7.91230256567","7.96270753531277","7.96522074445789","7.91999285902706","7.88146265770122","7.85098361225811","7.79298922556437","7.73755654877363","7.68243230801498","7.56707486211779","7.40245914085168","7.21107521004486","6.97976493176848","6.73094230865312","6.51524581590813","6.33929184526497","6.18102319842664","6.03656875079868",
"Jamaïque","JAM","Population âgée de 40 à 44 ans, femmes (% de la population féminine)","SP.POP.4044.FE.5Y","5.697128722027","5.53508905638877","5.37452570002419","5.20658017993132","5.0253774437513","4.83600109381532","4.63536129381631","4.41775982243371","4.20236358576958","4.0203760406227","3.87914753083234","3.800299809129","3.79045247691193","3.8031448387306","3.79177170899104","3.7479144145554","3.67763080929468","3.58333368590336","3.49394744501925","3.45040250480136","3.46451372956615","3.5265401240571","3.62979336379893","3.7509073222327","3.86573307306644","3.96536609846224","4.04452493447226","4.09594663173921","4.11243670904618","4.07250226044483","4.03505098178187","4.05835303603187","4.11051738279505","4.20148931573469","4.37472619593827","4.58566359949785","4.79543745113079","5.04454494736021","5.33258965714884","5.62056429746579","5.90132253399428","6.15652106906883","6.34892975227096","6.48790658633267","6.60487939266194","6.67658536729473","6.6978444356683","6.70863171918879","6.69261402868284","6.63628515324011","6.57597394770632","6.53669918428692","6.51306386959563","6.53440702103681","6.58237509807193","6.61978390330147","6.65434961372451","6.68309963307534","6.69077999226686","6.71470405200926","6.781900653904","6.88675818303063","7.0406915286761","7.23406390326708","7.44438355515345",
"Jordanie","JOR","Population âgée de 40 à 44 ans, femmes (% de la population féminine)","SP.POP.4044.FE.5Y","3.69691623611586","3.7328937085356","3.78151900828605","3.83453902264839","3.87245334110776","3.8860436411972","3.87533011604974","3.83936384398464","3.78608359269328","3.73373555583964","3.69603357438658","3.67526195877097","3.67031474938812","3.67979690999572","3.6998444521547","3.73191658322688","3.77814943468264","3.82964661403381","3.87337852881667","3.89723557549306","3.88662098849664","3.83672166674528","3.75860921109549","3.66683475888464","3.57495818395353","3.49454877251913","3.43429147258416","3.40063947846007","3.39563026850304","3.40876095318025","3.4984748206706","3.61990138471075","3.71756618769248","3.82268807753233","3.93416942471459","4.05006684645725","4.16547519182116","4.28300712098122","4.40731417393399","4.53962953901641","4.67971524703162","4.82776306936503","4.98043472397009","5.1324413397522","5.28100715138967","5.41976376698519","5.53793524542767","5.63152525895651","5.71116760553511","5.76927208849917","5.80569625338841","5.82111957188965","5.81485801598649","5.74798505333412","5.67183219317616","5.65563633434143","5.66163767183368","5.66768806444833","5.68325566736899","5.71105864241222","5.75269126140392","5.80781526548052","5.86990420415384","5.93216626738349","5.99051076673316",
"Japon","JPN","Population âgée de 40 à 44 ans, femmes (% de la population féminine)","SP.POP.4044.FE.5Y","5.77109891515711","5.88115192426177","6.04779730587325","6.26017001961475","6.41220580294141","6.53820919081628","6.70250623197176","6.82031660293016","6.9091737817295","6.97123031785238","7.0086937595887","7.05792352750049","7.11379478750568","7.1472688596865","7.17493701950685","7.21687222899336","7.23834628645098","7.20588374734985","7.09496938001564","7.01723573356243","7.06755379325396","7.18878148009213","7.3349634970309","7.55798482641904","7.61443708670243","7.31839283211946","7.22843688461568","7.52877210978239","7.88956141484819","8.28148741310364","8.72335975704179","8.79273320070813","8.39911417934549","7.86587346785497","7.34233086325855","6.9265194223686","6.59078454876653","6.29742071268152","6.09294259627539","6.00400223965445","5.93941336222307","5.8829446584101","5.88050145455255","5.89636059105467","5.92034857067242","6.00927135481456","6.00102223123039","6.03135115521972","6.21078020645753","6.35971046291919","6.50270700945666","6.81320454708787","7.13029127798662","7.32070751202642","7.5053110011625","7.57203312571868","7.50193145320712","7.33068951657732","7.07895557048485","6.78978780524028","6.52338582741218","6.29328741623153","6.10211165793608","5.9520955004754","5.82800115024133",
"Kazakhstan","KAZ","Population âgée de 40 à 44 ans, femmes (% de la population féminine)","SP.POP.4044.FE.5Y","4.35141359049567","4.29669441222692","4.38303904795463","4.59819975939251","4.92106822691746","5.30005449848327","5.76390402779434","6.28774315946986","6.75891462813182","7.07471803034509","7.18107336329714","7.02376851007784","6.59803174640614","6.07406537851309","5.7166450852809","5.63221017053458","5.71337784338302","5.91781464654187","6.16246736931117","5.81160304146833","5.43674874556966","5.45039656273089","5.19436454900995","4.71218369669746","4.11536346069877","3.55063255227695","3.26172379207233","3.38039473106772","3.85239844118881","4.44752450719075","4.99111984510331","5.4701104223315","5.83205609511375","6.09168108175585","6.29636393021664","6.48652558776259","6.66072322568874","6.82710110850569","7.006003999504","7.19282049095844","7.35479254030093","7.46464497154134","7.50260744533674","7.44048875869952","7.30889509572381","7.14155445952623","6.94516055874434","6.7490804500064","6.58662689127121","6.46975412532792","6.4064667237243","6.39956455808204","6.42152060951408","6.44103473766532","6.44621371128182","6.44176645671704","6.42974920411475","6.41496038145992","6.39624600187215","6.35997538662899","6.31768598508877","6.30316908264954","6.3221476359999","6.37183116114394","6.45399179345325",
"Kenya","KEN","Population âgée de 40 à 44 ans, femmes (% de la population féminine)","SP.POP.4044.FE.5Y","3.57025045563628","3.61078336255255","3.64445363398409","3.66447448249641","3.67130062132555","3.67305577596147","3.67542443436849","3.68431017768953","3.71158983968044","3.76542494955618","3.8384800540176","3.91062798788703","3.97018768771874","4.01585251945744","4.04392167553619","4.05161824328036","4.04070993652615","4.0086110991463","3.94876211287698","3.86528277652322","3.76799688809345","3.6576447953237","3.53356725805575","3.40482453269551","3.28481323717331","3.18328011915191","3.0988317089335","3.03293642752878","2.99937636953947","2.99976225771076","2.98426429732172","2.9557490259572","2.96100640626398","2.99043633260891","3.02878649968014","3.10371304122893","3.21274683335559","3.32396802543264","3.43479014721305","3.54381112902577","3.64747549544037","3.74534370632723","3.83623007863991","3.91934980546286","3.99883658488054","4.07547561356065","4.1467311771079","4.20799364620813","4.26073551937759","4.30933199536123","4.3529469324728","4.39223269540384","4.43021919970656","4.46547825350119","4.49544213328191","4.52084560089965","4.55153935002474","4.58874662368729","4.62601265745464","4.67196226933647","4.73177743345439","4.80021631592879","4.87640812201782","4.9574166880691","5.04425743182234",
"République kirghize","KGZ","Population âgée de 40 à 44 ans, femmes (% de la population féminine)","SP.POP.4044.FE.5Y","4.02234307168633","3.99110295001694","4.11475161109378","4.3582848139421","4.65764895379191","4.96003827995689","5.28943009517041","5.65876142520459","6.00248018489143","6.22764095000388","6.31981183769078","6.27297766806813","6.06406209857966","5.77920495631553","5.57229551698815","5.48043900114269","5.49797512559303","5.65474689489788","5.85684016622291","5.91644123258103","5.81105964981316","5.61845849364173","5.22088585825775","4.56859499242565","3.87108723837748","3.32179364463293","2.95291293487998","2.83011948201069","3.01039976814125","3.45268206234222","3.97861023800607","4.38000138949416","4.63492474929933","4.81921187996956","4.98632788032468","5.09684740331792","5.18037329022462","5.30933975773947","5.49010848644225","5.7259865943205","5.98031501434984","6.20417160477054","6.37285946329308","6.46041377592605","6.455446408129","6.37044515367438","6.24938333280149","6.13000941804556","6.05516064702542","6.00260617610774","5.97594982552345","6.00941582113827","6.07018915404591","6.09255782104055","6.06282927092176","6.01185681515099","5.91905811038619","5.74900488295866","5.55176981828253","5.44541913587054","5.47239543052931","5.63166395821528","5.76797641902558","5.83311068057921","5.93272977507882",
"Cambodge","KHM","Population âgée de 40 à 44 ans, femmes (% de la population féminine)","SP.POP.4044.FE.5Y","4.505707077926","4.49910814719878","4.49263325510787","4.48471808185579","4.47510284559895","4.46525853511568","4.45542342139291","4.44546956193665","4.43502092744995","4.42381775005427","4.38927561330171","4.34185816078439","4.30867977255837","4.28234041261559","4.26668452885066","4.22933017452038","4.16524931728943","4.10855366958309","4.0366108244827","3.99428919980455","3.94828116395987","3.85912963448565","3.78403204642389","3.72484123408714","3.67441433382792","3.62877132204233","3.60357633985027","3.59270043066357","3.60336121808626","3.66990286556936","3.78422325282594","3.91858367867764","4.10209319171464","4.30586924232417","4.49061162180303","4.64151393084669","4.74762977592188","4.8238079716035","4.90424918582057","5.01461288918535","5.14033621459714","5.2585299164368","5.35755944848319","5.43284397899117","5.48779667480885","5.52427682614742","5.55200861120717","5.5858491063826","5.61734810866419","5.63320240817095","5.63619300037224","5.61674707268908","5.54875991873973","5.41935787852432","5.23626094925648","5.0262188064129","4.84776350298872","4.78689197172629","4.91797210054439","5.22077638562429","5.63135994468706","6.09266070759088","6.51636034950629","6.83874377181507","7.04451020466354",
"Kiribati","KIR","Population âgée de 40 à 44 ans, femmes (% de la population féminine)","SP.POP.4044.FE.5Y","4.47561510964316","4.41452851773165","4.37758135637183","4.36442989634479","4.37503566605163","4.40666010803185","4.41208630995772","4.36184779475353","4.28619822775331","4.28578950139525","4.35552042885124","4.40599808142177","4.42607806262166","4.39902171976482","4.33683736054991","4.26730557534158","4.19981739924351","4.13735288316128","4.0884985084521","4.11383534765619","4.19051015611069","4.25491196733861","4.30303125343035","4.32194896307147","4.30083075617003","4.25177652900425","4.20604846320252","4.18831122875058","4.22492443168486","4.31733125117794","4.43924926778655","4.54036955599275","4.60797451391874","4.64505692776706","4.65099182768296","4.64942334604063","4.67542320641093","4.75426232177331","4.89258236113331","5.07866378101977","5.29134344146685","5.49024269012167","5.66389097565363","5.81110788502219","5.90860116688012","5.96760698063591","6.02221484763894","6.06486527833553","6.06832245803571","6.02939559432614","5.93263667757994","5.77556013165074","5.58464827622024","5.39432875498449","5.22171953297464","5.08623185408826","4.99050630332565","4.9383905277945","4.93641655067696","5.00938919580174","5.15328019619865","5.3183390742653","5.4984629549876","5.69253294289897","5.86451179618276",
"Saint-Kitts-et-Nevis","KNA","Population âgée de 40 à 44 ans, femmes (% de la population féminine)","SP.POP.4044.FE.5Y","4.78005767892068","4.67956773058557","4.60577940022517","4.53540015675346","4.4677703918878","4.39508247629834","4.31049029717821","4.22632927980882","4.12266772528781","3.98965644625046","3.86843935020333","3.77326312647893","3.66984290497038","3.54513461579981","3.4239437231317","3.30692161613516","3.19664757892889","3.09792075496659","3.01283614516594","2.9469504305537","2.91793858861555","2.93048562978349","2.9554076463506","2.99821616429584","3.0572514687248","3.10453722193842","3.13041442285179","3.16279289493575","3.19219949458828","3.23038779096358","3.35425179996108","3.62699362528393","4.01891826340044","4.48430493273543","4.9873183682177","5.44351533038203","5.8515809453266","6.23841877702285","6.59643729089429","6.89855331309162","7.14600405322055","7.36027889748339","7.50346380325597","7.52176161337585","7.45538778311599","7.37561392269913","7.29529801887594","7.19106353269723","7.0538195906679","6.89199395770393","6.768005031974","6.75703945441613","6.85545206392865","6.9567748508223","7.02162094866581","7.03840258502838","7.00136470782846","6.93435177539224","6.90088864147131","6.98805109188298","7.15374160866521","7.35172981878089","7.60254378563049","7.85420944558522","8.01187551187551",
"Corée, République de","KOR","Population âgée de 40 à 44 ans, femmes (% de la population féminine)","SP.POP.4044.FE.5Y","4.63532283632882","4.63814412590873","4.6509281867246","4.68658893826026","4.72954341836226","4.73460238138098","4.719468644942","4.71925049070432","4.72546289088254","4.76620074661077","4.8225993489699","4.88415842677902","4.97599354214159","5.05285863051692","5.13167955680043","5.25865560671965","5.38928262648326","5.47512421074928","5.54787441422188","5.61121753411104","5.61295269388918","5.63168661360637","5.68270888229792","5.64248653218406","5.5067715312816","5.35619773863115","5.25974246868279","5.25073357562581","5.32440276868604","5.44588573087715","5.57253291049501","5.67374327863341","5.80103491907604","5.92559179228807","6.11464257368228","6.51403282652153","6.98411463524709","7.35501964459612","7.75565034924065","8.20000853344339","8.49365116117201","8.71418098306686","8.89925772383895","8.96695892109259","8.88415784440658","8.70467430887098","8.54410313093587","8.45220179322154","8.43352897457272","8.47155418537763","8.51758024942242","8.56871252446955","8.62786623426167","8.6315395586991","8.55587276939863","8.37371301093353","8.06368758426252","7.75825054022688","7.50139761480457","7.31946559266858","7.32297953577435","7.44345696851006","7.57136622871678","7.63001372078738","7.50498191293296",
"Koweït","KWT","Population âgée de 40 à 44 ans, femmes (% de la population féminine)","SP.POP.4044.FE.5Y","4.1933117514791","4.1851614700339","4.11923552219483","4.02345639682371","3.95481734672079","3.91673660261666","3.90278342448207","3.91128803402243","3.93170663054378","3.95300217028195","3.97768530210287","4.04293704745006","4.13510708557411","4.21367188050613","4.27790229777818","4.33116870481752","4.33802046519511","4.30326389922996","4.2724774557529","4.26077918649828","4.28278959186369","4.32628234117298","4.38521115179336","4.46670767629851","4.57636106871761","4.69464362311994","4.86454087179055","5.09480153590984","5.32163752231989","5.53790231526027","5.74368988023702","5.99983593372737","6.08440173547225","5.93575462091524","5.61933492500166","5.56167501074209","5.72186760970483","5.91239972697263","6.08147140729227","6.22293118674475","6.33838480295818","6.44021588607458","6.54877654973117","6.68420408097248","6.86421554334545","7.0297188036068","7.15046673891527","7.28836336364917","7.46727967901481","7.69142220882727","7.93657179889816","8.31445932267286","8.87897204887639","9.48034691693782","10.0584561071985","10.6841791822295","10.9757267106417","10.8525237904111","10.7130539047588","10.5659414110657","10.3426246047825","9.91698344623919","9.82930334134212","10.1971871901617","10.4305745336598",
"Amérique latine et Caraïbes (hors revenu élevé)","LAC","Population âgée de 40 à 44 ans, femmes (% de la population féminine)","SP.POP.4044.FE.5Y","4.49549287928458","4.48816898752077","4.50330822311112","4.53495434205097","4.57349752089337","4.61090594454053","4.64463289559573","4.67362672138038","4.6953364665469","4.70637125331363","4.70502615100107","4.69116951834061","4.66429051818209","4.62477190906039","4.57535036944534","4.52076653969712","4.46534736741872","4.41138120532045","4.36507111093035","4.33453711750588","4.32115509239056","4.32951181398694","4.35711921259696","4.39257011398292","4.43327942106115","4.48090752049671","4.53914783283688","4.61272265665543","4.70296391749349","4.81168586231123","4.93116949851432","5.047765964019","5.15766740370973","5.26028678810709","5.35122625224864","5.43507148812686","5.52078215124714","5.60829674790479","5.69784330186469","5.79190668157277","5.88809149115447","5.98133218028989","6.07225177275365","6.16039331255457","6.23842921544144","6.29907128593631","6.34015042668404","6.3627579163721","6.37087215994635","6.3723293837974","6.37868692945577","6.39864241907756","6.432928412398","6.47723883552635","6.52449298562894","6.57085866149343","6.61756566591458","6.66554082642138","6.71453358791526","6.7689658359583","6.83241652329825","6.90021074420145","6.96600373274514","7.02366804151091","7.0701646950563",
"République démocratique populaire lao","LAO","Population âgée de 40 à 44 ans, femmes (% de la population féminine)","SP.POP.4044.FE.5Y","5.11064931481052","5.08019684099018","5.04684185192448","5.01166506745869","4.97641961581228","4.94079392855626","4.90625342164937","4.87460643585526","4.84142472304372","4.79936241885952","4.74780760307826","4.68830512801479","4.62042540975899","4.5504339794821","4.48839845108101","4.43562111537752","4.39165118736228","4.35922763191435","4.33408903480303","4.30743540111034","4.27790481872813","4.24916869821117","4.2224005526572","4.20144454807515","4.19306048036993","4.1994910778073","4.21674748592443","4.23715829031638","4.24288632902465","4.20850560780493","4.17717987908525","4.16667704764871","4.14707408365781","4.13414755578751","4.14859961104199","4.15615848286999","4.14520835448497","4.14240472504305","4.14676727599047","4.16271801954154","4.19057356523365","4.22916795170002","4.27708245666119","4.33048250648272","4.38402060148788","4.43912272125583","4.52564699396029","4.63656482711843","4.73839157597443","4.82859999051622","4.90630328011222","4.97712619284661","5.04641882787674","5.11516706122958","5.19153976412942","5.26705722232085","5.33415973877355","5.40179922359618","5.47264460939136","5.55078569713249","5.63993122555906","5.74253552664414","5.86205649255903","5.99951955379345","6.14972200338638",
"Liban","LBN","Population âgée de 40 à 44 ans, femmes (% de la population féminine)","SP.POP.4044.FE.5Y","3.65989898389418","3.66348288283091","3.80965593931053","4.04663039108271","4.27777455024303","4.46087463737045","4.60935735187966","4.72412678218567","4.8053377895081","4.85892234223951","4.88918871564207","4.89066525731651","4.86174429749824","4.81154925782657","4.75275771640868","4.68972345866121","4.63869968880547","4.59585026328637","4.54319722067733","4.47769063650898","4.3992596750253","4.31221354055165","4.22419314475253","4.14277737547315","4.08121681615896","4.05254145982468","4.05832689730743","4.10085785413411","4.20305129695873","4.35839140978153","4.62862024874341","4.99521363608824","5.3482244442615","5.66080640307308","5.93022953904333","6.09469051163833","6.16653908100985","6.23621409388489","6.30457911735703","6.37403830589767","6.44720466412558","6.52061251504022","6.59127213143505","6.65995780133956","6.71899866270521","6.75874157948091","6.77801210454219","6.77799115107459","6.75806200216919","6.72347660400281","6.68361931220225","6.64251700647061","6.60355869341929","6.57172567230219","6.54346466620121","6.48309180822122","6.39166799108426","6.31069653993531","6.2431938058411","6.17888403270169","6.16438367843158","6.20206658465988","6.23138689010666","6.24412895519249","6.24163509876095",
"Libéria","LBR","Population âgée de 40 à 44 ans, femmes (% de la population féminine)","SP.POP.4044.FE.5Y","4.42722759860188","4.47574469731204","4.53766529387433","4.60323629345819","4.65704407965637","4.69404649610872","4.716631806491","4.72571088049112","4.72480997785051","4.71950892834938","4.7142628849255","4.70798168129881","4.69842445055306","4.68711172039844","4.67725626653524","4.67028350867522","4.66526278174918","4.66192067180172","4.6587677383632","4.65288253911912","4.64214383951882","4.62611233592824","4.60514993179777","4.58423059785725","4.56163290367862","4.53279824338434","4.4952816525915","4.44143021423831","4.35903500763905","4.26977288264216","4.20183514276828","4.1562031941912","4.1614152027361","4.20539500600408","4.26549564306624","4.30818211168558","4.33958577569363","4.37267837740396","4.40059070821908","4.42828369074197","4.45560097411187","4.48170371051905","4.50624762025536","4.53055391581557","4.55072090628218","4.5628574518191","4.56590590967188","4.56100058363412","4.55490770235194","4.54845510694077","4.53570069256027","4.5303226310805","4.52754392515544","4.52364033864712","4.53245733268968","4.5589662482869","4.60513722656782","4.66082175343288","4.72055460767191","4.78538300834416","4.84890668268651","4.90141520402616","4.94092806631804","4.96658778175433","4.98150875930365",
"Libye","LBY","Population âgée de 40 à 44 ans, femmes (% de la population féminine)","SP.POP.4044.FE.5Y","4.35586767786283","4.3378389100583","4.33628391007131","4.34137872249876","4.34974152594968","4.30309394137384","4.20024807948728","4.1035780040276","4.0222174533774","3.96763888337976","3.93701251816729","3.89957655741271","3.85275443485003","3.87763357031037","3.90259377376646","3.86726739223943","3.83478834674575","3.80388556033211","3.76892539281885","3.72328402562987","3.66538261673332","3.59835253484715","3.51287767003229","3.41841540615957","3.36891154424914","3.36697446299157","3.38269682157731","3.41079914995159","3.44408400453769","3.48683413713822","3.542432179986","3.60392849032944","3.6717245824887","3.7531832576499","3.84437518849904","3.94792361977248","4.07395293298889","4.22140604318012","4.38775926464076","4.5701030512217","4.69701596057679","4.77143149437137","4.87744588316392","5.00574115588605","5.13262763889948","5.26624859140621","5.45653056991977","5.67065902348818","5.89758926601399","6.18636953541518","6.47720736005988","6.77015275997501","7.06422770814848","7.26397519618226","7.37602572939961","7.46506639698316","7.58104331747489","7.67228315435424","7.72949033467323","7.79165565164017","7.82489229670144","7.79807546879057","7.73034532696531","7.60074162813999","7.42504210591161",
"Sainte-Lucie","LCA","Population âgée de 40 à 44 ans, femmes (% de la population féminine)","SP.POP.4044.FE.5Y","4.43777490297542","4.3610766215509","4.28349305393238","4.20017513311123","4.09394634486886","3.960983130244","3.91203545190417","3.96226232709205","4.01748225055348","4.09049381669539","4.08020907932551","3.97409397822792","3.85990057694401","3.72556219270829","3.57010303812234","3.386374331178","3.17761665864889","3.07072591587517","3.12248457204186","3.2728297912918","3.34444053281809","3.30356494590866","3.2863625887159","3.28126834997064","3.27763942111228","3.27499316919154","3.27686317881883","3.28700737238266","3.41399512390379","3.6719741548402","3.95135038454659","4.11686023057814","4.16748040063611","4.22997071400091","4.30216802168022","4.38521582493829","4.50238369225711","4.65424065291717","4.8790955385453","5.18819552584603","5.53931662984221","5.84322186263934","6.07912828522586","6.29877539066075","6.49868257669826","6.66730823594512","6.76690381892798","6.86876005963022","7.03923098751419","7.2491996987101","7.35584968811806","7.34578960839519","7.33708703929818","7.31934785612306","7.28488958123339","7.2374755721668","7.18598177994206","7.13141296866714","7.07195472511678","7.02689713369211","7.01953518391783","7.06557322472895","7.15673198780279","7.28231084351964","7.43512398283526",
"Amérique latine et Caraïbes","LCN","Population âgée de 40 à 44 ans, femmes (% de la population féminine)","SP.POP.4044.FE.5Y","4.51749063510386","4.51130568616116","4.52656102748286","4.55766351205356","4.59572053853506","4.63300064174838","4.66753566014137","4.69866279412462","4.72306621331376","4.73605534605733","4.73579064788861","4.7223785611169","4.69521592271968","4.65547120005912","4.60696043992736","4.55462035355618","4.50226779966724","4.45144640501671","4.40762708280591","4.37879352520731","4.36581934746644","4.37289350583057","4.39896420657304","4.43386814562752","4.47484250343071","4.52360700711044","4.58372980285469","4.65911818862908","4.75016263190832","4.85823696636185","4.97636138942543","5.09176376132528","5.20092419265639","5.30401321034525","5.39692724623135","5.48344461604079","5.57217887537742","5.6624882223487","5.75396688430595","5.84864613035443","5.94401145509685","6.03500620935517","6.12236267239923","6.20614933594443","6.28010488229794","6.33734045457819","6.37579305899768","6.39642735108056","6.40276863141271","6.40221462212912","6.40580102792784","6.42142236702662","6.44983793810407","6.48768393108196","6.52886819177205","6.57007970928994","6.61277333432898","6.6581258306151","6.70550469867043","6.75777777363969","6.81753497798486","6.88042591214203","6.94062356541497","6.99279879187372","7.03488543923044",
"Pays les moins avancés: classement de l’ONU","LDC","Population âgée de 40 à 44 ans, femmes (% de la population féminine)","SP.POP.4044.FE.5Y","4.71724722125913","4.70745810034889","4.69490266163346","4.68113638423865","4.6665105935447","4.65167890516682","4.63855165718734","4.62589956374582","4.61181520131873","4.59461398022146","4.57446187979785","4.55405781401599","4.52857240987014","4.4964287944817","4.46078312186501","4.41989380643193","4.37794441647309","4.33809863343689","4.29776672714748","4.25708786062313","4.21910689339007","4.18591946550286","4.15877481651497","4.14519182795784","4.14325018308231","4.14865669983438","4.16042932256364","4.17349826102853","4.17559184544219","4.16779496503341","4.16707493980234","4.1747204881626","4.18910340017688","4.21935823070905","4.26344005411193","4.30534316970071","4.33647742430254","4.36043587384117","4.38413840944087","4.40654822429747","4.42500394866766","4.44177513680586","4.4562096500514","4.46457043319843","4.46796865600261","4.46845166083378","4.46979521733077","4.4770879093081","4.49124959923023","4.51055462678871","4.53419137507124","4.56230435246959","4.59413050903203","4.62432499494181","4.65109061946259","4.67714990262259","4.70177800735315","4.70935011613302","4.70593936584135","4.71315762343424","4.73189918869601","4.76133853478532","4.81752453556021","4.89825391575682","4.98133137963153",
"Faible revenu","LIC","Population âgée de 40 à 44 ans, femmes (% de la population féminine)","SP.POP.4044.FE.5Y","4.5924120261967","4.61044878860246","4.62619921297683","4.63898037418331","4.64550811286163","4.64681647035623","4.6464659272978","4.6423881547214","4.63431879830203","4.62521937534194","4.614784122591","4.60240705294142","4.58632477629044","4.5685648962712","4.54863368780234","4.52290854595615","4.49945329680591","4.48027488942286","4.45745125878888","4.42924224558973","4.40212441852557","4.37659259520263","4.34646210797927","4.31605873262083","4.28911893110485","4.26644166215764","4.25055660983663","4.2372089337555","4.21824754069247","4.19405646711165","4.17617031724963","4.14481986360037","4.0998589636585","4.07862611833092","4.08466678860225","4.09774970182941","4.12069948308468","4.16658862381683","4.2202349090869","4.25376704008575","4.2685108678316","4.27721846742445","4.27280979543441","4.26017212750348","4.25558532366676","4.25761692572582","4.2668224818578","4.2888378744669","4.31180215877483","4.33284078974585","4.35548747683689","4.37480828495418","4.38512065892815","4.37916798956787","4.35927145778291","4.33535611516548","4.311561634465","4.28856522653005","4.28026168010083","4.29586535505368","4.32598676754006","4.36451752069801","4.40747246799596","4.45048462862652","4.4904506380796",
"Liechtenstein","LIE","Population âgée de 40 à 44 ans, femmes (% de la population féminine)","SP.POP.4044.FE.5Y","5.16342965419233","5.57648831951771","6.04239882099535","6.4113931065056","6.63345426977852","6.62255161461091","6.48268006006317","6.31483074432019","6.08421260230747","5.83825861323339","5.52449852022361","5.15487642104294","4.94808126410835","4.99269038231516","5.13701609395389","5.2858730023075","5.37882926419296","5.46567917580372","5.54786150712831","5.5829623390687","5.79074271710344","6.15402603476499","6.47180826547857","6.67423382519864","7.00249822886759","7.2547433446095","7.32786766306319","7.48469771271074","7.63496325607688","7.59082818553031","7.51052232112054","7.50119120549997","7.48023583009514","7.4878828843681","7.48692630006172","7.61179219615249","7.85067944635369","7.94084752081521","7.9250367466928","8.10386473429952","8.3735765814106","8.48617090287197","8.57568325157674","8.71225269003818","8.7645861406577","8.68848264293634","8.62535974267818","8.75672947510094","8.89862432681307","8.8403305418446","8.66239233923117","8.49553656738828","8.33355888164127","8.07058065209218","7.739971155387","7.56505576208179","7.35864489063613","7.00715390057912","6.70776113191843","6.56033859812119","6.47621973071213","6.34819748817816","6.32150524056068","6.35928053583524","6.3956531492236",
"Sri Lanka","LKA","Population âgée de 40 à 44 ans, femmes (% de la population féminine)","SP.POP.4044.FE.5Y","4.51179527663374","4.55567481436861","4.61185858752127","4.67221137501235","4.72355371900826","4.76107075468173","4.78823248417007","4.80478011933021","4.81070071667851","4.80822022681386","4.79936091856064","4.78464162443913","4.76391501014569","4.7420612572228","4.72722742640954","4.72040180663249","4.72177897270632","4.73480402718386","4.75547594292011","4.77645071287212","4.80089532938661","4.8331424371458","4.87441843204982","4.92854020057053","4.99975638699564","5.09411870135358","5.21207324108849","5.34918206341844","5.47832929401026","5.54895253667121","5.56058155310951","5.5509161948116","5.52889908457955","5.5126521847847","5.54082642919433","5.67431688060496","5.86966620269255","6.06190516128372","6.26959728392556","6.47814617568457","6.6640897640778","6.79750012014169","6.864933326877","6.89123337166032","6.89462619553103","6.87667923007757","6.8430533095443","6.80210153859773","6.75961642911565","6.71769726935393","6.67327924759983","6.6193694181682","6.55463741449577","6.48214531043161","6.41591315117488","6.38089269542008","6.39990312102922","6.49050891968097","6.64681642423913","6.83665748315461","7.02083272368238","7.16157485296204","7.22426860777235","7.1992519087852","7.10735610652683",
"Revenu intermédiaire, tranche inférieure","LMC","Population âgée de 40 à 44 ans, femmes (% de la population féminine)","SP.POP.4044.FE.5Y","4.83976506044033","4.81923979412393","4.79975791039133","4.78115225756861","4.76375741845579","4.7491322937268","4.73726528649134","4.72669123235397","4.7165123458106","4.70712780718801","4.69979609955454","4.69467530783175","4.69022886942836","4.68398898603901","4.67335482299722","4.65531656458771","4.63268141618201","4.6090927121495","4.5805252177801","4.54062205961946","4.49228758481254","4.43730482906721","4.376214762896","4.31888681577741","4.27621229445748","4.25447084752525","4.25103780135925","4.26073121491571","4.27482150575029","4.31993153011258","4.40357230248428","4.49673699777062","4.59940515897039","4.7193212386452","4.82777787968305","4.91050374443781","4.98660362818983","5.05698513708168","5.11872970773633","5.17033880936205","5.21523465729708","5.25456270109417","5.28842989769025","5.32053995121856","5.34911734986436","5.36999480989976","5.38949226482222","5.40966078813776","5.42870075271734","5.44583074714455","5.46427953551074","5.49259141821639","5.52990326724864","5.57052581192003","5.61471878595474","5.66292845861407","5.71263969865885","5.75584508576363","5.79397857921176","5.84062421762823","5.90044581893675","5.97152562884915","6.058198443119","6.15928167270877","6.26195898201186",
"Revenu faible et intermédiaire","LMY","Population âgée de 40 à 44 ans, femmes (% de la population féminine)","SP.POP.4044.FE.5Y","4.87155945948731","4.87243610152995","4.87183585022519","4.86550251683267","4.86997844881206","4.87976883599835","4.87811376765307","4.87672353398446","4.87860284801513","4.86588805162907","4.84618190916217","4.82979601375907","4.81185393367619","4.79297066186184","4.77647078381519","4.76302366742108","4.75704857774352","4.7527563591161","4.73350793598665","4.69211495822226","4.64058353919675","4.59127317676268","4.53376294071419","4.47070235765054","4.42626766621827","4.40579147359616","4.41086291599021","4.45069626192359","4.52457946890661","4.6353878858907","4.78995873068566","4.95806629665584","5.13886019648297","5.32618868228448","5.48495650354841","5.60866978391322","5.69928485151187","5.77052211177417","5.81441343391744","5.7939277269031","5.72163133257875","5.64368875958794","5.6349664764617","5.77052985223156","5.98149246775246","6.19015354516723","6.39622252971063","6.50553580928392","6.5031553128064","6.50149767072684","6.52361773387396","6.54845088796843","6.57522434129818","6.57061737098849","6.52152766731856","6.44429539629724","6.35386415934205","6.26328105382685","6.17832066931161","6.13173235215179","6.13787742743071","6.18693973394063","6.28037546320153","6.38388051945182","6.46930721673691",
"Lesotho","LSO","Population âgée de 40 à 44 ans, femmes (% de la population féminine)","SP.POP.4044.FE.5Y","4.6017071261913","4.63274212028612","4.64768134133281","4.65219615221462","4.65211927339198","4.65455284028219","4.74181161704445","4.79128950191449","4.74120106820018","4.7137616043547","4.70444506405647","4.70821250341719","4.71799886552268","4.72482896307195","4.71958479722099","4.69534794414679","4.64552080271856","4.5719199637219","4.48657758960874","4.39737941778547","4.30359937402191","4.20209718375276","4.09401291319522","3.9866722049578","3.89148208822363","3.8225091662488","3.8008860382653","3.81848392905484","3.8875035009634","4.03847054254812","4.14891881702368","4.18490359131754","4.22313867798939","4.23880404017184","4.21091188361305","4.23578125078043","4.3297440625909","4.42741316939425","4.52753200608498","4.60888723885645","4.6663745709642","4.69548795918338","4.69188320892919","4.6572403303892","4.59910678932926","4.52578713348218","4.42161728470401","4.29097582042298","4.15857716433038","4.02862113138215","3.90530837817798","3.79575577605562","3.70917583536401","3.6531684105152","3.64274359453899","3.69222848549355","3.80396191426005","3.97515124476096","4.20120833047312","4.46906868294205","4.75973106186657","5.05773711844185","5.36211277702623","5.6700218006401","5.96910381884475",
"de dividende tardif démographique","LTE","Population âgée de 40 à 44 ans, femmes (% de la population féminine)","SP.POP.4044.FE.5Y","5.00067948329279","5.01961730614696","5.06137609496116","5.10049722985953","5.16323390752824","5.24313880092424","5.29932760189876","5.34695472467084","5.38558701361282","5.38082941532118","5.34394545129538","5.2994116912174","5.24844133307","5.18771884688395","5.12778404043263","5.09132956458426","5.09056160409401","5.10740718212311","5.11080505754088","5.09085213408909","5.04623575345021","4.9860332057265","4.8808884344498","4.73082894964433","4.60153648769195","4.52240914984293","4.51869537023293","4.61912145226723","4.82399466231399","5.10800159496048","5.44660881812974","5.76831886950593","6.09520413517002","6.41137032725134","6.66229268755386","6.8629147160379","6.99732290586328","7.09058746418232","7.12784819627131","7.01936390554129","6.78988184966893","6.545384964506","6.45551611283068","6.70713248208312","7.14674606947977","7.58814766780869","8.03698880317247","8.26956051221717","8.23655699983072","8.20913465427544","8.24877494911835","8.29365930954413","8.33492329372794","8.29130961796754","8.12590798163228","7.88112831852512","7.59371988115149","7.30349691524744","7.0260752990864","6.83632866098101","6.76706956408861","6.78939333996017","6.91827851692785","7.07352130478944","7.1814186246549",
"Lituanie","LTU","Population âgée de 40 à 44 ans, femmes (% de la population féminine)","SP.POP.4044.FE.5Y","4.66341601319198","4.90661664541689","5.31311224226661","5.84204251539639","6.30322331534625","6.66507337004651","6.95511596495581","7.16243269192699","7.32892570282969","7.47672592080445","7.51414143538198","7.47593797874264","7.43316586465214","7.34364410253508","7.19103092893826","7.08332879288501","7.06833031175572","7.04676662884451","6.98400143968291","6.9523465996911","6.87560756015984","6.76447480167618","6.70077657700273","6.60157052806353","6.38469931532984","6.22138366652805","6.05568161559389","5.79909327718743","5.65479736416146","5.79074759568643","5.97563090074736","6.0727686199908","6.19856328039431","6.24287786714144","6.21343574950108","6.21347855066623","6.27520075365563","6.40265870700953","6.65049130021011","6.94796623037915","7.23700582679089","7.51859584419431","7.70742578610685","7.7427648710664","7.64578493566524","7.48144925448066","7.27132730704667","7.08126736537617","6.97035035410295","6.90752745562001","6.89190347182398","6.90862251299571","6.88443604581911","6.79530272317846","6.67493788682442","6.53006753405489","6.33964909107353","6.15237869693611","6.00222070810306","5.86231024612398","5.72324167249637","5.61057275623852","5.54529022632955","5.5683054149535","5.66885320288086",
"Luxembourg","LUX","Population âgée de 40 à 44 ans, femmes (% de la population féminine)","SP.POP.4044.FE.5Y","5.77422118085736","6.004314664552","6.28584835182475","6.65903086391472","6.98128997368572","7.01809937179437","6.96660413866446","7.01945110265892","7.05363338951125","7.06677157033239","7.15322473385031","7.19824974949253","7.12664599982936","6.98195149464185","6.7914176545508","6.59318670690834","6.41791209518974","6.28766864462706","6.2511705168188","6.2953603339977","6.30665007752646","6.28471348155131","6.2924293833574","6.28007488262973","6.21024020765516","6.1503507547265","6.21708953232459","6.37019483385527","6.48460334029228","6.6222987583028","6.81312476741649","6.91368677511865","6.95023582007969","7.02844001950625","7.12391260812864","7.21631116022951","7.37092681814294","7.50420239090217","7.55374552749445","7.60674074821755","7.7147927522635","7.82453518330563","7.89595143399135","7.99873309888382","8.13382059169964","8.21582516570938","8.25583951922775","8.29876460189404","8.30066539172124","8.24219201677824","8.17863757974892","8.0968338207433","7.96419066963824","7.80451526442131","7.64380168562181","7.54146910043613","7.45061261013216","7.40982822257449","7.44937865345978","7.47536356484147","7.50851444822864","7.56136382939235","7.5983780509795","7.63524770633872","7.64476500600554",
"Lettonie","LVA","Population âgée de 40 à 44 ans, femmes (% de la population féminine)","SP.POP.4044.FE.5Y","5.12696225962175","5.31968130830101","5.79116595639879","6.35703950865175","6.84916625709162","7.31789745358052","7.7065023613674","7.91876385598497","7.97987318476508","7.95537177738559","7.81454973659939","7.61004979765703","7.43250690828648","7.25005002079258","7.03565995512141","6.8661723682832","6.84495544653678","6.92087479475803","7.0418748268551","7.26123563318235","7.43158612204071","7.46388106515274","7.34603621746593","7.05682013182262","6.66817656374","6.26269622503414","5.88400368824058","5.64976422794233","5.64296191991173","5.70060591484798","5.70270562785775","6.04418906274477","6.43326212742693","6.4625436504982","6.42556291088015","6.45217167961342","6.55016264754968","6.66317881622407","6.83537360749654","7.01016365189056","7.13211031635562","7.23775508467836","7.30040087138653","7.27501688598951","7.16607992950996","6.97294459722877","6.7584001731973","6.58805944943861","6.4583358098573","6.38137397171065","6.40301781505341","6.48637509426506","6.53273478579701","6.53772853891353","6.52364238744801","6.49177944061133","6.41075419277742","6.30871332537987","6.22264649940083","6.14180802958851","6.06915153888155","6.0373877873138","6.06699363869195","6.17695069869534","6.33942390241279",
"Région administrative spéciale de Macao, Chine","MAC","Population âgée de 40 à 44 ans, femmes (% de la population féminine)","SP.POP.4044.FE.5Y","5.95154054607975","5.9514358299687","6.00274816604242","6.05847052892356","5.17120210655541","4.64879032874326","4.86761899611394","5.07305495809538","5.25971105517726","5.42529542996484","5.46494017270226","5.53147863367352","5.78252955519293","3.89894951395422","1.73233695652174","2.04952528449263","2.42681274665724","2.81055288602648","3.14043798541716","3.38205647247784","3.52128013675832","3.5168823226471","3.39765409294563","3.30170637057393","3.29152489286884","3.39862418784131","3.61034155319086","3.90954472469183","4.31176403680489","4.79852680084807","5.2814087443692","5.73742016514791","6.17350621297013","6.59336763633417","7.04680893152988","7.57925880089338","8.17502365184484","8.81908662935093","9.43875870372684","9.83071784374847","10.0135623374546","10.0865668689284","10.1583359726158","10.3011771900321","10.4103441372188","10.4198451932962","10.2476530229065","9.83139904784888","9.34820828976596","9.00181689959806","8.80701998274164","8.77795590651333","8.7791817370473","8.9146598601709","8.96221803957105","8.71500982473403","8.4189598220455","8.05925214887211","7.54806199563034","7.2420759492258","7.28319621079633","7.41667382527274","7.71510492262707","8.0878376270164","8.40087757110964",
"Saint-Martin (fr)","MAF","Population âgée de 40 à 44 ans, femmes (% de la population féminine)","SP.POP.4044.FE.5Y","4.39383482861744","4.23823332589784","4.15494481713915","4.13518052057095","4.13189497252188","4.15272584136981","4.13754014736444","4.09156452775775","4.12621359223301","4.18909825033647","4.19591836734694","4.19968304278922","4.21733107588118","4.20029895366218","4.18840579710145","4.23324922904402","4.31839718424259","4.42466291399398","4.57317073170732","4.74718753863271","4.9294925876823","5.19190016482223","5.12223515715949","4.7635819318482","4.58681660131686","4.58918850487403","4.69248542193861","4.88348432730972","5.16103996895615","5.51055996899826","5.89002863460075","6.26324713861806","6.64047561102806","6.98767889624875","7.32336956521739","7.68090054261737","8.00751123331768","8.26919215581287","8.46798524974857","8.57682995588869","8.62369337979094","8.67414041460512","8.74273720074225","8.84379898843503","8.94615606104233","9.0671830274457","9.19672445430395","9.27666639886452","9.31972074956695","9.34615582942299","9.26757115168826","9.09206188181588","8.91510980006555","8.68986642563021","8.50150602409639","8.38954893274265","8.30634551158789","8.2633660839607","7.84694011269821","6.73799480403386","6.05387225608841","6.1305932629462","6.15851074234669","6.20821394460363","6.24888221196838",
"Maroc","MAR","Population âgée de 40 à 44 ans, femmes (% de la population féminine)","SP.POP.4044.FE.5Y","3.86833419885922","3.98688471256002","4.11821116160501","4.25746646127032","4.38650933745887","4.51232712475186","4.63503258521971","4.75181291080214","4.84789273838869","4.90805077546728","4.9311282498621","4.91230549689676","4.86075018825372","4.79386193492423","4.72261618544997","4.65462682834391","4.59225844364487","4.54177407558865","4.4975975925378","4.44632639794856","4.38616474861962","4.31729626485675","4.2412972805856","4.1734132805694","4.12412844852009","4.09194545087391","4.07520443126547","4.06788041201997","4.07656543825725","4.16121961431627","4.29474982295112","4.42634184641063","4.57898274560779","4.74264478202916","4.85720383570787","4.93633170288489","5.03614428502282","5.14945014867231","5.27430471009124","5.41159117936988","5.55681854583392","5.70832329785419","5.86312834612086","6.00103302536163","6.10191875586101","6.17435831389111","6.22250984442664","6.23538827223677","6.2251819206022","6.2099645677065","6.19368160689875","6.18307927205408","6.19691544734305","6.24331583276927","6.31278196437653","6.3961114350014","6.48274720526923","6.56148387751734","6.62997828632121","6.68991304517118","6.74322178568984","6.79523764899764","6.84968939726053","6.90738349341667","6.96998503799244",
"Monaco","MCO","Population âgée de 40 à 44 ans, femmes (% de la population féminine)","SP.POP.4044.FE.5Y","6.27627252674075","6.67275292555399","6.93208044840092","6.9774068797069","6.95176409059822","6.78884462151394","6.54298033941216","6.42516457093303","6.4450527962456","6.46814084290007","6.40582900079693","6.26334519572954","6.04285608363609","5.80877754478902","5.65471836137527","5.56864735525505","5.54819773060815","5.54297842235585","5.57383936699111","5.7100211739387","5.96592868473688","6.28904909028493","6.59625212947189","6.82989256727175","6.98046003794814","7.07722707064054","7.14239144608163","7.19403563129357","7.22371450498849","7.21986175407445","7.23388187911016","7.21427232393926","7.12578752987182","7.01245836931047","6.90225886535691","6.92649926864944","7.02121212121212","7.07265601447091","7.12462845648062","7.23891101859894","7.21985985506378","7.09725760527499","7.08864556772161","7.11603736745667","7.16392751790982","7.25911163450796","7.3234392546056","7.43243243243243","7.54145505721104","7.40751897819014","7.12246519704506","6.8140599360912","6.3491616175849","5.83052532729382","5.49423728813559","5.21361139260761","4.95726495726496","4.78630699997399","4.65582363370076","4.59687371452077","4.54533755437161","4.47028292285772","4.50151057401813","4.57322438717788","4.57148649333536",
"Moldova","MDA","Population âgée de 40 à 44 ans, femmes (% de la population féminine)","SP.POP.4044.FE.5Y","5.40065511144504","5.6445854633333","5.93180572671341","6.21005692267669","6.42655318280585","6.56181557418068","6.64308666656468","6.70437903546745","6.75580919580678","6.79976769498813","6.83399077036479","6.83619236983476","6.79419367191614","6.73142196508945","6.67645570338583","6.64240202961141","6.6384410166791","6.66351967415357","6.69649785925323","6.72939983793543","6.7027457989896","6.57383387139073","6.35243468034238","6.01960485777746","5.59371887615679","5.12821411692893","4.69030414212024","4.41433644999011","4.48274651372724","4.98424878166705","5.75263208213338","6.49467208228113","7.04986233809261","7.36185633786069","7.4379945811453","7.38589977676227","7.34944633730835","7.40203398436729","7.5367693545016","7.71486664013824","7.89405976789479","8.01513974050732","8.02403064817383","7.90204395226162","7.64837823464414","7.29886538792286","6.94107052387162","6.63892427623605","6.39229406949848","6.20498812937347","6.08845702134897","6.03075401616334","6.0213210808868","6.05114577324065","6.11863582496702","6.21349258029007","6.29457845404944","6.32956591848882","6.33952178775694","6.37519049998299","6.43182710176663","6.50096587250483","6.60108266936521","6.75393766009557","6.9608798382207",
"Madagascar","MDG","Population âgée de 40 à 44 ans, femmes (% de la population féminine)","SP.POP.4044.FE.5Y","3.52174675129281","3.53747988237388","3.60119803054876","3.69092412241536","3.77421559372486","3.83901844105508","3.88524349537364","3.9084993032816","3.91731902807808","3.92809312609482","3.94371874671797","3.96204385240841","3.98466579299764","4.00319484074294","4.00337770986102","3.98120439812279","3.94161325257142","3.88779807987047","3.82375869320256","3.75500945074802","3.68584192354424","3.61733631095478","3.55078052260629","3.491105843851","3.44410180213162","3.41225390859359","3.39612909660984","3.39457498637676","3.41783616098488","3.53238746169677","3.72559712418763","3.92050834260928","4.10414235834117","4.26473288998218","4.34439278104444","4.34991242026731","4.34355316151886","4.33586468164848","4.32682902474614","4.31729866270449","4.30803452820971","4.29592086644732","4.2785450282376","4.25646206616274","4.23221188612493","4.21180168925235","4.20110002023819","4.2037838359251","4.22160136629849","4.25388965311841","4.29887804752325","4.35553395897396","4.41851714774693","4.48010769010769","4.53634703571078","4.58578628053904","4.62684820903576","4.66087773385777","4.69128791154514","4.71842345978398","4.73935317796158","4.74975719672161","4.75194125280366","4.74925672880024","4.7450898489888",
"Maldives","MDV","Population âgée de 40 à 44 ans, femmes (% de la population féminine)","SP.POP.4044.FE.5Y","4.25023531967273","4.29332019889295","4.33440060162027","4.36819027371778","4.38855272508021","4.4262039586472","4.52199729018889","4.64231866242833","4.71814067825018","4.7526024002677","4.770558438024","4.77265370789962","4.76501359425488","4.7433810024142","4.70839105327875","4.65619556775424","4.58307786633967","4.49911629551078","4.43524582286475","4.38683748472852","4.32091556697419","4.23082013499802","4.11652673415272","3.98625388619552","3.82747141409755","3.65687021190807","3.50887602690588","3.37929493209706","3.26673391852488","3.17310026705511","3.0951072792077","3.04330241710102","3.03129189303605","3.05845184387086","3.13082604706503","3.25857827587195","3.43542317239171","3.66370938312975","3.9441590918724","4.2599800645061","4.5816413664008","4.86561002526114","5.07994303945779","5.22375355544364","5.31501628221103","5.36698319339279","5.41483417112607","5.48982332061525","5.57980691060229","5.67573198288434","5.77760028175746","5.86762229610121","5.93303895475441","5.98293895111639","6.02473117653565","6.06147027871812","6.11130040384519","6.19060005750038","6.30026629548319","6.44633378293841","6.64436219417869","6.90728366828072","7.26935125303153","7.74340943744483","8.2701679407543",
"Moyen-Orient, Afrique du Nord, Afghanistan et Pakistan","MEA","Population âgée de 40 à 44 ans, femmes (% de la population féminine)","SP.POP.4044.FE.5Y","4.53368089982235","4.54724284439105","4.56815643323311","4.59387355228213","4.61600733014591","4.63087804704937","4.63518324977747","4.6276069427615","4.6117833401876","4.59452237179151","4.57769572691918","4.5616089463226","4.54757723938227","4.53310048251635","4.51103693733748","4.47698016390072","4.43490108283823","4.38635596101341","4.33177510860626","4.27183031724763","4.21108527606181","4.15302591693356","4.09641418748112","4.04901445818194","4.02351952519224","4.02615998787183","4.05458922352727","4.09806194003925","4.13791139010574","4.16987383255062","4.20211593009939","4.24663998788852","4.29885506847482","4.36447062376342","4.44473508960412","4.52761744011945","4.60454845330668","4.67002233958406","4.72618360751908","4.781136896311","4.83375801457055","4.8819759895742","4.9309287696096","4.97858860192991","5.02106091957459","5.06313124504553","5.10744283957382","5.14640541106742","5.17604577139477","5.20333941389404","5.23243308728797","5.2638646915909","5.29783816760628","5.33182620342563","5.36678322518143","5.40928854164058","5.45873110916585","5.51302919871875","5.57584861509849","5.6530115184468","5.74585260166932","5.84665658433339","5.95868392799973","6.07633123751416","6.18707408747663",
"Mexique","MEX","Population âgée de 40 à 44 ans, femmes (% de la population féminine)","SP.POP.4044.FE.5Y","3.85306288016104","3.85748585380099","3.89264280334917","3.9459446860851","4.00216669205185","4.04938541928342","4.08227803991888","4.10130625192218","4.10806346850357","4.10296069249432","4.08712129879814","4.06268028247958","4.02720647833216","3.97858510834981","3.91871725589895","3.8532820423702","3.78442836462018","3.7092986028856","3.63939616179432","3.59621033588186","3.58889759059837","3.64530716680441","3.75529026437027","3.86827881627131","3.96770309601842","4.05218323261098","4.12855813511798","4.20672052499501","4.29458385834264","4.39280162325803","4.49158683299235","4.58498180666408","4.67652080148393","4.76838242821591","4.86050113189731","4.95539387121769","5.05799755017243","5.16939025309528","5.29083970460282","5.42596147175414","5.56259388800831","5.68479841477889","5.79474290314242","5.89608795180881","5.98855719701571","6.07395398360813","6.15100803979829","6.22350141921991","6.29688415431356","6.36767819700049","6.43702364624759","6.51145027974872","6.58707872325945","6.6555807362295","6.71380173700057","6.75521015047916","6.77771500069069","6.78957493263543","6.79526559455342","6.79747043030665","6.80506744419302","6.82454514677995","6.84942362489986","6.86669197836924","6.88240102097542",
"Îles Marshall","MHL","Population âgée de 40 à 44 ans, femmes (% de la population féminine)","SP.POP.4044.FE.5Y","4.50885668276973","4.42806922660898","4.35633233337681","4.2522363613456","4.16539796601912","4.12273985511514","4.06926901754587","4.03243601059135","4.02747915464891","4.03493969924066","4.00662251655629","3.87234428908662","3.64161596708539","3.3487151263706","3.12755853938104","3.02395446280338","2.98387712997631","2.97128496988063","2.92224050361256","2.82509347735771","2.71715517529494","2.62963557553379","2.57862022278294","2.56954892763371","2.6175788103458","2.72391505078486","2.86906624934794","3.06206896551724","3.27519895503253","3.46755626556407","3.65501101321586","3.8267083117992","3.96255987990905","4.09707724425887","4.23517795045722","4.36323507565629","4.48949579831933","4.61640927444532","4.71003280311939","4.76278043398308","4.7771215921042","4.76142722477386","4.75497428127118","4.7945205479452","4.86265041165294","4.92369652340434","4.9876835156173","5.07827114305405","5.17207434241613","5.25062015198646","5.29860003544214","5.3046623317588","5.31558146033774","5.35247777395249","5.39409679281062","5.47213459516299","5.60478320715761","5.73891571312036","5.87049577605146","6.03052545729931","6.23619779164666","6.43882128429453","6.6001279590531","6.69802097920575","6.74457976079952",
"Revenu intermédiaire","MIC","Population âgée de 40 à 44 ans, femmes (% de la population féminine)","SP.POP.4044.FE.5Y","4.88831423956996","4.88831000063449","4.88677196741556","4.87925694709989","4.8836036659674","4.89391325865486","4.89217510597058","4.8909633527444","4.8934676709318","4.88054641685868","4.86028880690467","4.84367366694391","4.8256383692751","4.80672009845092","4.79048207945332","4.77785429257044","4.77303500235803","4.76975880807645","4.75087601123253","4.70880589144903","4.65578670140525","4.60492384815439","4.54566786725463","4.48058399043842","4.43508611973499","4.41480218740872","4.42127577885947","4.46462009250519","4.54462781343269","4.66440237287815","4.83046297717545","5.01192809177201","5.20828156347029","5.41066475463024","5.58086328380912","5.71328412299972","5.80990065986349","5.88419115371363","5.92872752683274","5.90576708110238","5.82834815650937","5.74521870404001","5.73770194221443","5.88625318172941","6.11567443231676","6.34269700387867","6.56712047216965","6.68638471333531","6.6847284784204","6.68399918281253","6.70889213045764","6.73698204073397","6.76778373147397","6.76561461639123","6.71615099315893","6.63649357645585","6.54264198956046","6.44863610700433","6.35951128485426","6.31020919191037","6.31730580465626","6.37073627458401","6.4727686046596","6.5863081141358","6.68039080696478",
"Macédoine du Nord","MKD","Population âgée de 40 à 44 ans, femmes (% de la population féminine)","SP.POP.4044.FE.5Y","4.26664022962203","4.47719020073534","4.77309583309349","5.09163385157643","5.39497038084531","5.65435658908823","5.84274989430604","5.96986613191697","6.06571213409214","6.13797536883184","6.18848752694958","6.2376863399693","6.29019314383035","6.33315778854028","6.36110035771428","6.36112208613196","6.31432904204175","6.22590352503064","6.11632119054456","6.00443171098722","5.91907149423121","5.88095690623514","5.88027771295332","5.90012880458582","5.90119600094688","5.89790296026618","5.96605686065601","6.14831509886761","6.48327021903849","6.83896739060853","7.11416517906622","7.22967920259743","7.15933906861439","7.03013853581174","6.98798643500465","7.02587543023931","7.03875119257861","7.03335901579183","6.9955072970592","6.96999405116002","6.98782022365203","7.01276711061923","7.00868905485211","6.99205684634288","6.98740418500805","6.99008055151645","6.99979431154006","7.02625577771346","7.05051631228266","7.03124888318562","6.96952418977641","6.91493792015052","6.88758137557746","6.86720443047337","6.85023396716345","6.86044719269194","6.88305293598642","6.87656171409804","6.8524262844511","6.83140327641441","6.82532120123404","6.8468602098278","6.8852717434715","6.92345503192363","6.9357267988378",
"Mali","MLI","Population âgée de 40 à 44 ans, femmes (% de la population féminine)","SP.POP.4044.FE.5Y","5.35638593826438","5.29121994689891","5.20598551874291","5.10962784395903","5.01761473769309","4.93504579531151","4.86098687012795","4.79646932487631","4.73745026092078","4.67727105136461","4.61384993171761","4.5498930122887","4.48780203648186","4.42715145965952","4.36612205297428","4.30689170995938","4.24893976536609","4.19204291084175","4.14362286718387","4.11350962376509","4.12309627661763","4.17205229404661","4.23734980284118","4.30174750634113","4.34181206970766","4.32473951336002","4.25858722928245","4.18198959708899","4.08860136335076","3.9780387655438","3.90126163456531","3.85451416611328","3.79811649493038","3.74982666000519","3.72283590240256","3.68365527375933","3.62519239528029","3.56750678550984","3.51449376894776","3.46716323513532","3.42623086542945","3.39313822008771","3.36693761618848","3.34684347709868","3.33319141109179","3.32667006649033","3.32953419802432","3.34403001119696","3.37007930401087","3.40587842141679","3.44910461709116","3.49918923475409","3.54920672349771","3.60525480840023","3.67262048086607","3.74501854850369","3.82127204377144","3.89701772405855","3.96850472115012","4.03843444069434","4.10444622495208","4.15829082224499","4.19745584845223","4.22051202348133","4.22749013683207",
"Malte","MLT","Population âgée de 40 à 44 ans, femmes (% de la population féminine)","SP.POP.4044.FE.5Y","4.97025111433236","5.07685927959619","5.20152583436908","5.33633767240266","5.46978715806631","5.59858401346575","5.71079713936857","5.78417215716766","5.80328905755851","5.77318804148301","5.72374659022946","5.69698381274019","5.72210329413063","5.80600677333658","5.92556430506849","6.03620803349546","6.09890157201204","6.09142428845653","6.01027612084992","5.89211523924818","5.79058721567495","5.73685339717025","5.75374608229846","5.85059111463727","6.01634600344126","6.25132136776864","6.61978996731719","7.14420942592252","7.70286050252734","8.09108134808169","8.25405490750181","8.22727550097236","8.02107250973802","7.74009310331338","7.52551845479126","7.39559417967406","7.34905727716765","7.39608430685753","7.47247004555036","7.53378530058815","7.56489003368338","7.53775766222266","7.43983243268345","7.26670245924141","7.02714192203551","6.76347301793199","6.50106024130949","6.25627985161693","6.08529852586845","5.96363103856319","5.87378800637928","5.88418525674805","5.95025233308902","6.02999622601071","6.18004843753241","6.37431137170468","6.54687451658099","6.69283950084666","6.81325227912519","6.94424055588178","7.13110751793033","7.29624032714191","7.45074340112165","7.62066161313788","7.71949899251417",
"Myanmar","MMR","Population âgée de 40 à 44 ans, femmes (% de la population féminine)","SP.POP.4044.FE.5Y","5.40333491789848","5.3752253908028","5.31644191377803","5.24532681264958","5.19353357596981","5.16900960467743","5.16747963310026","5.19088074677453","5.22541463400534","5.24632782902575","5.24482531415752","5.22587964422208","5.19003939240273","5.13881864871041","5.07603521802269","5.00334705709797","4.92214705409045","4.83654214606404","4.74822129447391","4.65704533662477","4.56769131358557","4.48274551507275","4.40278125633594","4.33717830292251","4.29692106474772","4.28474045678466","4.2981422293624","4.3279885964151","4.37578180029337","4.48990447598972","4.66903756925572","4.86294879884989","5.06556515880792","5.26929901264981","5.42315073069913","5.52200418365551","5.60893472181962","5.69294199394494","5.77291796521812","5.84829646937661","5.91905190543452","5.98509161744349","6.04845086444785","6.1131412475352","6.18193335773571","6.25660092969663","6.33205610566357","6.40142053049573","6.46568725069468","6.52365666276952","6.57193076345246","6.61538220492793","6.65683431175854","6.69499297812905","6.72832620016968","6.75589504767518","6.77999797859148","6.80450994311012","6.83437787684758","6.87247257758941","6.91595522303707","6.9616107584638","7.02083874796147","7.10274159249457","7.19632278394301",
"Afrique du Nord et Moyen-Orient (hors revenu élevé)","MNA","Population âgée de 40 à 44 ans, femmes (% de la population féminine)","SP.POP.4044.FE.5Y","4.518378468399","4.53337888791518","4.55424797989187","4.57911590920757","4.59974835886699","4.61329088616646","4.61707453012916","4.60942332816531","4.59494027548341","4.57979940204259","4.56544102425287","4.55173714701525","4.5396760589116","4.526423656582","4.50484352652158","4.47073949494651","4.42825439883928","4.37963838525193","4.32509234596335","4.26456903109377","4.20244133188831","4.14320298743766","4.08519284856629","4.03551209750075","4.00698315002217","4.00572399705539","4.02834488082496","4.06423969533444","4.09717643996399","4.12350010690114","4.15223211809955","4.19260408879904","4.24217708561216","4.30815393303563","4.38981574563928","4.47306844676389","4.5497705063074","4.61539455547901","4.67170246260136","4.72686962155379","4.78175674113497","4.83453933624139","4.88839126320121","4.94074287576063","4.9870726540901","5.032296445654","5.07867361154405","5.11796063459791","5.14617289502845","5.17105022810076","5.1971959163869","5.22403549250554","5.25081428096514","5.27662951409818","5.3024078629633","5.33397680969247","5.37368704444252","5.42280452834822","5.48481482985702","5.56208406907855","5.65447817701715","5.75887945595329","5.8667238697394","5.97238141449596","6.07550326204548",
"Monténégro","MNE","Population âgée de 40 à 44 ans, femmes (% de la population féminine)","SP.POP.4044.FE.5Y","4.18827826797451","4.19186178676972","4.26883940623419","4.44271435029384","4.67159869048461","4.90547982510553","5.13234308479768","5.36437828806459","5.60778231852527","5.83644835139224","6.00172400112529","6.09594425585135","6.15119684361397","6.1900469344973","6.21926924196447","6.25809362935197","6.3337111462822","6.42104171236848","6.49203040788932","6.57197318039694","6.62551167531198","6.57648693764442","6.41689362154558","6.15568176084044","5.80295606398056","5.44625789376977","5.21647371636867","5.17616014907086","5.32588135227431","5.62191386517822","5.96821013321618","6.29683098316777","6.56097773138483","6.73551328728436","6.85078600171312","6.9257443904955","6.98348340307687","7.03652512456254","7.06687808916267","7.06055833886367","7.05058526209827","7.04856817208272","7.04732424765011","7.03131723210201","6.99178351842934","6.91772491369086","6.82378041399346","6.73673710094569","6.61822114610517","6.51386350876179","6.45067903087446","6.41262510795345","6.40761097821522","6.45497826663052","6.52719614131207","6.58871090372059","6.65092093955001","6.70703908458758","6.75940128823619","6.80374680813144","6.8483438256889","6.88813130829487","6.91936009833064","6.93828561518908","6.9269186753991",
"Mongolie","MNG","Population âgée de 40 à 44 ans, femmes (% de la population féminine)","SP.POP.4044.FE.5Y","5.23307498969589","5.04001458998037","4.83295367899805","4.6972546035132","4.6167031505295","4.50795609295282","4.35472401885435","4.1759918953279","4.0202756829477","3.97631757222968","4.04587891163634","4.14726900227193","4.23162019165332","4.26390434207005","4.22682741481649","4.13715877971082","4.03350098912608","3.94890859957313","3.90540372017733","3.8903848010556","3.88839699683418","3.89433175413581","3.89020685985411","3.85917458737483","3.78885242925162","3.68495711503383","3.56918937734927","3.46385681930632","3.38914317987765","3.36744561062586","3.39854077405788","3.46935358070637","3.57804721151928","3.72284979570572","3.90134730251202","4.11115483430081","4.34926044475655","4.61197434063989","4.89591134169156","5.19822819626803","5.53270502360157","5.87684862076308","6.17937024904489","6.41928845330475","6.58701330938949","6.68472283410713","6.73089089131945","6.75058752691173","6.76074932505592","6.76771014494908","6.7702847613728","6.77462305124726","6.77982737116617","6.77582286405335","6.7646537743898","6.74916133932527","6.73020179730264","6.70911034930142","6.68333615600275","6.64939307916336","6.61942644809833","6.60278684643914","6.59989458903142","6.62419926590652","6.6866391733884",
"Mariannes","MNP","Population âgée de 40 à 44 ans, femmes (% de la population féminine)","SP.POP.4044.FE.5Y","3.93953275309208","3.80592032049855","3.713298791019","3.69481265003653","3.74444893015745","3.74059966793632","3.70300396750425","3.6732404897654","3.6003861003861","3.4896734154034","3.28874585135271","3.15645013723696","3.22368421052632","3.38702393496914","3.50175087543772","3.61118842193153","3.77140527317206","3.87148273797645","3.90278863695596","3.92544839471501","3.83925367778974","3.53855158835737","3.26846778764406","3.15094019989836","3.16797548362383","3.31692329178451","3.60986547085202","3.98734925514306","4.41184535234439","4.84687356204305","5.26187813062296","5.67139479905437","6.06782090104251","6.43994211287989","6.76425712579882","6.96765698995519","6.88112484022156","6.69278428800718","6.57755178437734","6.50019252435076","6.58757926962607","6.88467920353982","7.26425282782925","7.69332161687171","8.1874442040279","8.76799899722671","9.41886375095555","10.0333429243606","10.489708011157","10.6723014745234","10.5955850141897","10.388808490111","10.1114401496259","9.75191629391712","9.31291308080909","8.86001540519723","8.43241906567478","8.0325667282189","7.69691780821918","7.44580790515563","7.22255495663361","7.00521067289552","6.80817898404548","6.59170765987351","6.34001626872099",
"Mozambique","MOZ","Population âgée de 40 à 44 ans, femmes (% de la population féminine)","SP.POP.4044.FE.5Y","5.82656066747179","5.78427518652133","5.73590563204992","5.68276304091234","5.62903699473173","5.58017546525662","5.53541713058708","5.49555715113432","5.46242664561839","5.43536714309332","5.41400516178614","5.37581401620835","5.26596490814602","5.0766509252835","4.84248278594715","4.58819664700202","4.36709537232967","4.15851986484841","3.94700724822743","3.79216407627072","3.78249604360584","3.87121690717153","3.964678559879","4.07447841716701","4.19130537661958","4.30854340543207","4.4213181852068","4.53491636411811","4.66517487652853","4.79834605156108","4.92538240508867","5.05308377104517","5.17104365500873","5.26010886188626","5.31886546050259","5.34759309596591","5.33387797374015","5.27316292760075","5.16967567926986","5.03185721408361","4.86758618408452","4.68185308009832","4.48264989255927","4.28086208044371","4.08478091119576","3.90660071659649","3.76373763541535","3.66846523655483","3.62514516156376","3.63174208630039","3.67730160372131","3.74457542398932","3.8178006113605","3.88677873241037","3.94401666128736","3.98381516431653","4.00849062609725","4.02638389800771","4.0532863030598","4.09944672081684","4.16258189347373","4.22572688775756","4.27812086865378","4.31759016065486","4.34412634570529",
"Mauritanie","MRT","Population âgée de 40 à 44 ans, femmes (% de la population féminine)","SP.POP.4044.FE.5Y","4.71920768177948","4.71282327146109","4.70366843410296","4.69243852862397","4.68078653389274","4.66833137700254","4.65455054873771","4.64034150706152","4.62583837105007","4.61065906449078","4.59388286287202","4.57696079672827","4.56165154535715","4.5462699044848","4.52905859654309","4.50910004973044","4.48813973114714","4.46798602344851","4.44613548045869","4.41883303608689","4.40562512994034","4.40601926636104","4.40208241041993","4.40016306966287","4.40728288188998","4.40931891989012","4.40292541882813","4.39645753220713","4.36941186801701","4.26988957173137","4.10020203008139","3.92159094733466","3.77653316076225","3.66960589818102","3.61845149048059","3.62506689786108","3.64502225604873","3.6784157086404","3.72865253353285","3.78869527654855","3.85644337077194","3.92456889177179","3.99197973660049","4.06116647240925","4.13004043432453","4.19698032242737","4.26133961802909","4.32074987978608","4.36096069690781","4.37734169121645","4.37974933442934","4.37415330066398","4.36859039080274","4.37732115653507","4.39611524230869","4.41169239121241","4.42502451700837","4.43702210405028","4.44842395417515","4.460140661731","4.47461354469103","4.49333129245509","4.51785686287044","4.54952605482849","4.58759157137978",
"Maurice","MUS","Population âgée de 40 à 44 ans, femmes (% de la population féminine)","SP.POP.4044.FE.5Y","4.29600525864225","4.31520782323744","4.38253172423149","4.50227993386691","4.65030904350059","4.7997565943954","4.91409705151508","4.96316563833596","4.93500105043632","4.83129085070051","4.67237065637066","4.49764893138768","4.34767522968929","4.25229112038914","4.22548825509218","4.25751936933469","4.32257779359382","4.38800960090109","4.4173346252092","4.39857901235505","4.35045156059127","4.2920785216489","4.25095956527993","4.27978229537112","4.40163344226305","4.57264226704939","4.75992731406626","4.97961631509945","5.22542979798319","5.47120736690735","5.75272028656868","6.08829032156782","6.40574806418951","6.64542811426437","6.79847353540294","6.88793637569703","6.96639495699468","7.06579623877282","7.18680039743144","7.32554120978674","7.46526465165782","7.59328648784954","7.72561924791266","7.87570347063109","8.02579431502203","8.14924576521793","8.20929769350277","8.1680225480001","8.02397212455597","7.8041311783458","7.54599440898319","7.296125290765","7.08077558500229","6.93051152961651","6.86964219157659","6.88827823326751","6.98040635393174","7.13413619389347","7.32451932063152","7.52245500221214","7.69103856388074","7.78396796948041","7.76277387442604","7.60774777730596","7.351699624051",
"Malawi","MWI","Population âgée de 40 à 44 ans, femmes (% de la population féminine)","SP.POP.4044.FE.5Y","4.80966875454991","4.79219063090371","4.72508962996326","4.63543749527301","4.56034892303045","4.51217785846913","4.48850444955674","4.48952538315831","4.50408769819392","4.51641773247173","4.52071588934284","4.52062700528175","4.51644491565033","4.51056295188175","4.50721267037189","4.50631670043355","4.50900752762476","4.51873627411603","4.51909766936142","4.49875679355695","4.46877753416481","4.43536329962286","4.39878648837247","4.36377046693069","4.33731710614637","4.31807661813299","4.29964874079761","4.22990022792914","4.12438395247515","4.03888140973344","3.91970094660849","3.76130841949566","3.61617792879546","3.51783568077914","3.44891916349532","3.42266370897019","3.45443045097465","3.50585220669416","3.57730378309428","3.62962381992959","3.66350898014792","3.70650732027894","3.74586550371247","3.77446139115844","3.78388845344523","3.77130649182929","3.73968068027866","3.69387775802906","3.65456622768501","3.61853790963739","3.56916359985412","3.51135064926958","3.45339909585003","3.40696046658053","3.38527123358933","3.40155788214097","3.4643413210892","3.5753569323603","3.73527863559244","3.9408897551651","4.18196889771597","4.43950830985663","4.69165529801802","4.91441882082849","5.09146107613187",
"Malaisie","MYS","Population âgée de 40 à 44 ans, femmes (% de la population féminine)","SP.POP.4044.FE.5Y","4.53400132804931","4.50910860191936","4.4519310254003","4.37828631337982","4.31624414351548","4.27533754398439","4.2539043516131","4.25546728427904","4.27085522604052","4.2831879150852","4.29128477743735","4.29169801856032","4.27737259959591","4.26456571524346","4.28055459489259","4.3245805050345","4.40496589223866","4.5347269471635","4.67409668481732","4.75925622294846","4.7702712804918","4.72200465671621","4.63621986055636","4.54206253610278","4.46908464846836","4.43240469881408","4.4376764137213","4.49569336297312","4.60576425487739","4.76193895363551","4.95098151126317","5.14484945648006","5.32384229829289","5.48366987910491","5.62026697338821","5.73716052282232","5.84319250193066","5.95116523925694","6.07617053944769","6.2217252692874","6.35846800467486","6.4468580311774","6.48463809123825","6.47787862160611","6.43197972075359","6.37033175661848","6.31248670641645","6.26756035189768","6.24191000863485","6.23506083081288","6.23373452684839","6.2255879141067","6.21401795896803","6.20746204306715","6.2096114769316","6.22149932124163","6.24649868740549","6.29392901525473","6.37206993738342","6.48705963435394","6.64178616106621","6.8361615058084","7.05840725995337","7.28531536628267","7.49085316693073",
"Amérique du Nord","NAC","Population âgée de 40 à 44 ans, femmes (% de la population féminine)","SP.POP.4044.FE.5Y","6.49350002809405","6.50111806191896","6.52633555091688","6.51643631299159","6.48043367192043","6.43806020528496","6.35265957547167","6.23720887494899","6.11628403373321","5.97288385936083","5.81733827441373","5.67554190778225","5.54467362815144","5.41630760585724","5.31513756561568","5.24096785348353","5.17896717001239","5.13437482485887","5.13070721548367","5.15451149443228","5.18830562957181","5.26262074892179","5.41552822158766","5.61931953488068","5.80048244189429","5.93940997730431","6.14796345199427","6.431003324903","6.67273089998501","6.89329905290867","7.12487511221525","7.26420456569809","7.29168318496002","7.33552698797088","7.43635465293276","7.57018311497032","7.7086093920618","7.82550267415666","7.91313550178533","7.96576611530924","7.98245478901263","7.98378354115821","7.96244492388522","7.90075673290425","7.81480512284685","7.68338173030857","7.48246881099118","7.24754936808852","7.01620149740857","6.8166591885086","6.69902131233056","6.64632431859142","6.57914734057253","6.48236155639428","6.36861503275064","6.22834963211864","6.09610440391566","6.04923464234923","6.08012688502303","6.14459714306338","6.24174405515195","6.35286766928874","6.44514381942777","6.51336104347648","6.54743723874586",
"Namibie","NAM","Population âgée de 40 à 44 ans, femmes (% de la population féminine)","SP.POP.4044.FE.5Y","4.89460445903585","4.82531642335417","4.7351684155422","4.63764219582276","4.55620251313931","4.49440983659074","4.45347522485412","4.43839225910734","4.43071227650425","4.40075851196412","4.34093616045553","4.25555616066699","4.14858708847675","4.03411524809657","3.93369016197814","3.85941647478992","3.80394806616603","3.76677486303631","3.73037540216542","3.70893328512569","3.70708315558294","3.70009556686755","3.71681754674731","3.75986761541048","3.80747653561396","3.85625039050915","3.90190129380808","3.93337519415711","3.95049399122254","4.02394609953956","4.08978433614224","4.09694278520701","4.1078963330759","4.12733790043446","4.1358361388414","4.14349894930074","4.16726148618521","4.19692271067449","4.2323161280571","4.27577564483644","4.32948765002919","4.3947154585738","4.47417717207701","4.56893395239618","4.67231014770551","4.77432097501881","4.8691416954634","4.95172504395497","5.01722742469857","5.06247507890903","5.08799584660888","5.09467273683062","5.076631733515","5.04675729164963","5.02669037278359","5.01890474448103","5.0258155928813","5.04709035623527","5.06796852875443","5.07897180650583","5.10314681001026","5.14932962095294","5.20641165746066","5.29916018326033","5.42673485454174",
"Nouvelle-Calédonie","NCL","Population âgée de 40 à 44 ans, femmes (% de la population féminine)","SP.POP.4044.FE.5Y","5.19282725009271","5.15424263404877","5.12756874813859","5.111060334564","5.08694130003501","5.05709624796085","5.02847969035209","5.00218738996361","4.98467528164347","4.95803201185921","4.94071335989631","4.94399912155485","4.94369870302047","4.92885714048116","4.90480723465017","4.89428911227095","4.91387192334418","4.95494526764016","5.00557822937114","5.07060289092567","5.15468870099923","5.25752671424895","5.36932046104886","5.45262949912734","5.48003700804213","5.46998658724962","5.44445902130929","5.42743673003382","5.43385850984932","5.5201184863487","5.62113676221142","5.66528939500823","5.69995091890713","5.73620577820784","5.7794562403706","5.82831561729301","5.88412853933474","5.94073293061003","5.99584993595288","6.05409352670937","6.11601997694967","6.1881833817476","6.27848890312582","6.38956632382568","6.52546747256773","6.69369783040063","6.90033523895898","7.10512836929381","7.26200178830009","7.36636957999078","7.44118911614766","7.52121634081629","7.61128614540062","7.69428290368313","7.7356612025744","7.69905982634813","7.58441083748344","7.44226973626551","7.29269436106271","7.15988537481806","7.0769712357831","7.05842854522233","7.06476926036885","7.06973071582215","7.07346926389118",
"Niger","NER","Population âgée de 40 à 44 ans, femmes (% de la population féminine)","SP.POP.4044.FE.5Y","4.12217701861834","4.10631596040038","4.08666322044374","4.06462834931459","4.04279571260145","4.02375297251669","4.00690434153649","3.99150397318187","3.98003039887612","3.97585389391963","3.9791201965513","3.99046826614867","4.01094517564232","4.03696880953506","4.06312538573645","4.08850118390859","4.11546020823495","4.14429050517338","4.17480833727526","4.20838215770867","4.2449951997732","4.28332808596027","4.32412211119458","4.36845188308044","4.41466166094945","4.45756850746916","4.48782905651241","4.48784469466083","4.41640172282091","4.29458011767726","4.18360979564547","4.09278176154641","4.02700570548042","4.01756774903064","4.04732662845675","4.06800723070619","4.07550056818193","4.07603353270368","4.07324639269735","4.06779744046845","4.06028700565408","4.05166045408336","4.04044644373939","4.02491208510312","4.00373700627665","3.97522584670901","3.94108626362251","3.90392424970333","3.86426649633302","3.8239055587887","3.78579875020569","3.75058570784842","3.71990583718107","3.69408691132269","3.67282497094523","3.65800756795088","3.64954198424569","3.64640277262047","3.65130771165508","3.66429010735944","3.68247931104669","3.70296631928261","3.72135675075967","3.73424428232792","3.74216484025219",
"Nigéria","NGA","Population âgée de 40 à 44 ans, femmes (% de la population féminine)","SP.POP.4044.FE.5Y","4.7208766669558","4.72648888050248","4.72657852469572","4.72234011969034","4.71605149427529","4.70897737123951","4.70081117485418","4.69165927470954","4.68137542789192","4.67033095100646","4.65984992327892","4.64878293160224","4.63652186856473","4.62351509549132","4.60900328841644","4.59238459433328","4.57641085037041","4.5637137714422","4.55157801163636","4.53683723106359","4.52059457336071","4.50257633305798","4.48243516376821","4.46281634695159","4.44878724289952","4.44067102051422","4.43053776377812","4.40791825529968","4.36844313413913","4.31717654329969","4.27415752250947","4.24774098445112","4.23425624423969","4.23627657047233","4.2491930280703","4.25711470771218","4.2563442995796","4.25653689079567","4.25628531714664","4.25238827298989","4.24423588986785","4.23304298726113","4.22127040197064","4.20945798591274","4.19829491507462","4.18737364483464","4.1764506347409","4.16691372346233","4.16084874517116","4.16019623907854","4.16656147802487","4.18363967095619","4.21186596210914","4.2493037225485","4.29743788507868","4.35712350761531","4.42263405537955","4.49129553072902","4.56359032921372","4.62976567565747","4.68147504380524","4.71920238943851","4.74533317569448","4.76198248157751","4.76148022810729",
"Nicaragua","NIC","Population âgée de 40 à 44 ans, femmes (% de la population féminine)","SP.POP.4044.FE.5Y","4.10894275988251","4.13674455764964","4.18050029412353","4.22888227162305","4.26412500699951","4.279825738554","4.27980137464698","4.26520832759531","4.23612153046463","4.19396561222812","4.14179219387409","4.07920144419328","4.00786222099241","3.93305329384251","3.8628233727197","3.80219309526758","3.75020015574512","3.7058189497829","3.66833897335593","3.63514013639323","3.6029927533501","3.57036431933368","3.53796468153234","3.50603666307992","3.47541017536091","3.44887921249494","3.42577407474854","3.41547009273195","3.44123776506958","3.53341457456037","3.67255580995926","3.8181581592878","3.95404020862396","4.06028946719444","4.112095398576","4.12721068089839","4.14972646844757","4.18820142627214","4.23930533988784","4.30056867269584","4.36996246305268","4.44350626687175","4.52012834944121","4.60015097104228","4.68201276443698","4.76459657097828","4.8459435568746","4.92781812937099","5.01282314067982","5.09971513434106","5.18740647138814","5.27740374486108","5.37025842111669","5.46786324224908","5.57049030436539","5.67521946790622","5.78164065272772","5.89091742427969","5.99866889531681","6.10599863124407","6.21894635719411","6.32915795150929","6.43090458190901","6.52688301644798","6.61377242271459",
"Pays-Bas","NLD","Population âgée de 40 à 44 ans, femmes (% de la population féminine)","SP.POP.4044.FE.5Y","5.90088780894523","6.02112720955136","6.10270716291602","6.20955634501995","6.32155540782166","6.29447784400923","6.1650321022324","6.05229742929647","5.94439945925911","5.84072890763841","5.77841406117309","5.74311267680476","5.71679277873139","5.6731065749422","5.60918843075592","5.54328080987652","5.48088284211475","5.4334151352528","5.43191793580582","5.4847438183297","5.55555672346416","5.61657196947967","5.67630354544013","5.77320642753398","5.91441398105218","6.03055378852003","6.35437418341006","6.8738526249556","7.24231518397704","7.46316572415047","7.63761910852444","7.58775978915344","7.35628989399158","7.22484217336502","7.17379804430119","7.18011032399667","7.23374840814844","7.29496278590745","7.35614017908765","7.44445611600229","7.53659024211422","7.62900565533012","7.73125670364463","7.82738211678991","7.9100660588041","7.96690164691691","7.96257243932002","7.89501440501191","7.80266424077802","7.72761191378073","7.67435647007841","7.61415983876174","7.5244912080872","7.35557505970718","7.07297112055947","6.7265426729212","6.39311088479512","6.11562264002342","5.93556934285051","5.84716840859805","5.83532669213034","5.87432663906779","5.90652763886436","5.93026628139362","5.95538084024514",
"Norvège","NOR","Population âgée de 40 à 44 ans, femmes (% de la population féminine)","SP.POP.4044.FE.5Y","7.05789771285334","7.1644201503199","7.15746695676344","7.10424273916432","7.05361364588382","6.85492212864343","6.55932076074669","6.30263356643283","6.03796003306227","5.8003365393571","5.61723814781057","5.45785296616293","5.31239457577672","5.15885737065515","4.99194935375358","4.84562646540873","4.72444032915517","4.65517469947252","4.67057135740436","4.75906273916517","4.86741627009014","4.9579601248268","5.07138748980265","5.2563573850204","5.51989438984277","5.85746423386698","6.30695168233627","6.74791443946265","7.01492302279291","7.12617711087669","7.12233087766539","6.99046471047062","6.82630531982929","6.7669443754901","6.76544651655049","6.78873640193567","6.855081124292","6.91295964341072","6.92185832838698","6.92205713169978","6.909615659922","6.87856979114608","6.85773124807371","6.86648048053657","6.90580215141168","6.97403554909351","7.05573634130133","7.13979486124091","7.21989445032923","7.28589807034411","7.31070746987991","7.30991450582735","7.29669536194412","7.22551113751208","7.11427394152461","6.99618193649621","6.84170337580416","6.65199818722498","6.5020819291886","6.3969333211915","6.33119175274898","6.32134723163646","6.36468488620657","6.41374310918124","6.43113743232044",
"Népal","NPL","Population âgée de 40 à 44 ans, femmes (% de la population féminine)","SP.POP.4044.FE.5Y","5.16171681679982","5.13497282591273","5.10345867936687","5.07320218439118","5.04852561208119","5.03078467312481","5.01711154204755","5.00274309993386","4.98324005495964","4.95566264244478","4.9197551029096","4.87745719818094","4.8333515088255","4.7929968694024","4.75796183004459","4.72821209616078","4.70232652446732","4.67754964104936","4.65087248020996","4.61889908898473","4.61379771493371","4.6460853692349","4.6907156753151","4.74002819207983","4.7859381983704","4.79588937913891","4.77223841261194","4.75742503682995","4.76655170512892","4.77730102729203","4.78023391138734","4.78327824528752","4.77177630734882","4.73567061167247","4.6996089909692","4.67613359816441","4.65178721695427","4.62831354619557","4.60702527287628","4.58720721453035","4.57553016927092","4.57922011214219","4.59154445542318","4.6083822659143","4.63439124129427","4.66579623381849","4.69881435907377","4.73711974354083","4.78508090705555","4.83870383648755","4.8954097810608","4.96224986933606","5.03118763724473","5.08378656661325","5.13248825862455","5.18732150535645","5.2403350960984","5.29459711915712","5.36433180231779","5.50651093720529","5.72085928720564","5.89919114662679","6.03205864500376","6.16927624628439","6.30755272299062",
"Nauru","NRU","Population âgée de 40 à 44 ans, femmes (% de la population féminine)","SP.POP.4044.FE.5Y","3.77190377190377","4.05327156919514","4.43037974683544","4.73372781065089","4.79828121269993","4.78405315614618","4.900718208703","5.13084689882547","5.47550432276657","5.85548172757475","6.03572161773763","6.06796116504855","6.04187437686939","5.66483084185681","5.07358636715724","4.71572542308424","4.49375349617751","4.37119312074525","4.39690026954178","4.40758293838863","4.33749257278669","4.30829486641488","4.40807707535964","4.62413139608339","4.87444608567208","5.03918022905365","5.18684427678887","5.33225843602442","5.35071942446043","5.39532843513543","5.57636733383281","5.75916230366492","5.91264936135146","6.17208256693235","6.39902180558386","6.45522008742503","6.50142218610321","6.67072799268961","6.79995940322744","6.80292861500915","6.89163013558977","6.99386503067485","6.96027101940253","6.84551341350601","6.78366174055829","6.69057377049181","6.49124603255862","6.26279164961113","5.91002044989775","5.38775510204082","4.93337402095412","4.5376278739998","4.31790985241324","4.38972162740899","4.50562011811774","4.57858344234722","4.70858191831115","4.88973246565438","5.04194181688381","5.25618374558304","5.42696826231808","5.56135770234987","5.81937489207391","6.13523253818432","6.45463847203274",
"Nouvelle-Zélande","NZL","Population âgée de 40 à 44 ans, femmes (% de la population féminine)","SP.POP.4044.FE.5Y","6.1291374613882","6.06834855895131","6.04899632412281","6.05250819513218","6.04047737374662","5.98585693839971","5.90101510980228","5.81262987184996","5.7203247509883","5.62739901789616","5.54060588297344","5.44450457036353","5.32642984900368","5.19708959227468","5.06402518713691","4.9273164356819","4.83173220406825","4.82697768936628","4.9043371371831","5.05043271270671","5.22817835432361","5.38216274969052","5.50763291761801","5.60278222599666","5.66915723546863","5.75589023790803","5.91545080072753","6.12977432871471","6.37002033622075","6.60607293963975","6.79201851917903","6.8779236089858","6.86425386799417","6.84622684321068","6.87936758617855","6.95319068767858","7.05750861334586","7.17014174346286","7.28659214658996","7.41487008993586","7.54603373108215","7.68311107065106","7.82069920525216","7.92186141352401","7.95253783220624","7.90237414176118","7.78982210784441","7.64890813986045","7.51746706189862","7.42785352997987","7.39255599834726","7.39494811690526","7.38167427426282","7.30641767513921","7.16406683374814","6.9516142322785","6.68470642957264","6.43201531803477","6.24670058300407","6.13485801953257","6.09687745653103","6.12145079686363","6.18608857790451","6.26700830688157","6.34094536483355",
"Pays membres de l'OCDE","OED","Population âgée de 40 à 44 ans, femmes (% de la population féminine)","SP.POP.4044.FE.5Y","5.5167905088557","5.69445500040406","5.92618875902776","6.15619857967285","6.30830888857","6.32754207760314","6.27059464442343","6.20316755480812","6.13765852003869","6.07387340703553","6.01004147369747","5.94870585962027","5.88516560137296","5.81058756994271","5.74407480666597","5.69668395231316","5.65963951991166","5.63269872286601","5.61893833684164","5.62644628704259","5.64558180868504","5.67262680069404","5.7114489780746","5.77347008861097","5.81413486412542","5.79347601577416","5.85233682239909","6.04934472265498","6.26162072587215","6.45643016523678","6.66206235913777","6.77892976051479","6.76990772998619","6.73710277605593","6.72729548191572","6.75766332533504","6.8146355861659","6.87025928326303","6.93109859264033","7.00056794722726","7.05652102460576","7.10335571355272","7.14523826487899","7.1760395594182","7.1962837778424","7.19651059391119","7.15953729467014","7.11016673559028","7.06304797813282","7.00425659417672","6.95510109204788","6.94589879479492","6.94215858485956","6.90972748703837","6.86687532181625","6.80593492230559","6.72557147476076","6.66133414929984","6.62529934750227","6.60523636576474","6.61235783192858","6.63641085066966","6.65583032502162","6.66179871291517","6.64232617068581",
"Oman","OMN","Population âgée de 40 à 44 ans, femmes (% de la population féminine)","SP.POP.4044.FE.5Y","4.5488617016468","4.51610636747886","4.48163980391126","4.44502500559827","4.40488244484111","4.36121436895516","4.31491822895892","4.26611472117777","4.21633197939997","4.16671161251847","4.1181791860254","4.07237309679858","4.03045859534695","3.99198736936078","3.96402890135743","3.9452582332271","3.9314550680357","3.92710991905653","3.92854990323164","3.93054872079935","3.93272117448752","3.93738012783802","3.94975215416978","3.97727420308627","4.02484085964569","4.05293631100083","4.0519070612377","4.03499382975709","3.96691924843602","3.87838289893738","3.83456669496457","3.8373243925316","3.87378914581114","3.93390726942825","3.95671817275728","3.94071535471382","3.93556666331502","3.9445445245085","3.96443353282054","3.99054929039424","4.02653839321098","4.07703079061452","4.1434045828381","4.22625297660456","4.2977961305238","4.34090792012044","4.37368457554694","4.41118122601714","4.46507281039655","4.54473999035472","4.65711139059319","4.77447322167037","4.87000180701471","4.95553088640843","5.12173102808601","5.39637756394754","5.69446579931366","6.0044183341813","6.34460502748441","6.67091533289109","6.95612241295657","7.18967567135002","7.39346041794288","7.62558175789001","7.82491335159585",
"Autres petits états","OSS","Population âgée de 40 à 44 ans, femmes (% de la population féminine)","SP.POP.4044.FE.5Y","4.83055616046421","4.86515135946498","4.96196366145732","5.08173212386135","5.20116562592241","5.32771699970735","5.43336213842307","5.50683896598899","5.55159489305469","5.56467004943256","5.54675088453786","5.50189587530993","5.43995437132691","5.36233672099005","5.27671146488552","5.21314053091574","5.18786495710303","5.19628660683982","5.22781512616434","5.27074957177533","5.28732996682987","5.27670181427629","5.22194697781043","5.11410628366594","5.00287311995456","4.92632682789629","4.89361206876104","4.92764795382463","5.03622444029867","5.17881378318369","5.31741474396523","5.43277169710739","5.5170274451515","5.56707782338777","5.59746446618119","5.63554098392238","5.68297912475417","5.73978483458388","5.81054392875502","5.89494212445475","5.97066395777977","6.02441823807791","6.06809412827058","6.09553441551683","6.10641478181652","6.08558992752549","6.03762012028871","5.98595983410485","5.94063147655975","5.90555941020934","5.88194176297367","5.87131027367666","5.86953815763983","5.86881264517616","5.87721179390317","5.90568931847736","5.95736122639024","6.02355229231963","6.09910910211335","6.18750495948984","6.28177572063047","6.37367435053962","6.47756187443281","6.58598098865541","6.67797295677039",
"Pakistan","PAK","Population âgée de 40 à 44 ans, femmes (% de la population féminine)","SP.POP.4044.FE.5Y","4.4314346851519","4.42658990466881","4.42207699665955","4.41702655194632","4.40955721365976","4.3983347553529","4.38401581036276","4.36860799236612","4.35427912913016","4.34301068077541","4.33577438529903","4.33260838510373","4.33038831852926","4.32623401109405","4.31972937951695","4.30995877229572","4.29744605592448","4.28379236437822","4.27024159509929","4.26100579722615","4.26392916011736","4.27280461060657","4.28127961341817","4.29242634585176","4.30608122223047","4.32373877470136","4.33998987536855","4.34087041498796","4.30581664291641","4.22467843819538","4.1346567148699","4.06949074818641","4.03175310963321","4.03905037500989","4.10054102875718","4.18515832415044","4.26526256218098","4.33858065326961","4.40517097300862","4.46335220481846","4.51412076878786","4.55707290376318","4.58796356629802","4.60665450107602","4.61665968827622","4.61832915926898","4.61055243546189","4.59906066713865","4.5855489232479","4.56908086179688","4.55379546956112","4.54333032701399","4.54018742766047","4.54473793767353","4.5570113866866","4.57557168137905","4.5979213954228","4.62296529601618","4.65315080926473","4.6932021513481","4.7480990628185","4.82626679499828","4.92365366611334","5.02575253680928","5.12411768366566",
"Panama","PAN","Population âgée de 40 à 44 ans, femmes (% de la population féminine)","SP.POP.4044.FE.5Y","4.33695786895761","4.304372675148","4.2660049695407","4.22392744165615","4.18143995080376","4.1415931677887","4.10599659679906","4.0756717137396","4.05147262018341","4.03364905783052","4.02185433128966","4.01615015049478","4.01773882034562","4.02751678928841","4.04529821162507","4.07057718326518","4.10436295577983","4.14671299513551","4.19483237268884","4.2455100250474","4.29679101268544","4.34719861049506","4.39609061202931","4.44492130308788","4.49611696426348","4.55120356508497","4.60959780605167","4.67001847001584","4.72960186205946","4.8013334704871","4.8857853943672","4.97288904006375","5.06711681466502","5.17083659259316","5.26799560792837","5.35452224247851","5.44192517542948","5.52865593196112","5.6142233851131","5.70499165905018","5.80863519330504","5.92608988346112","6.05352727739781","6.18628651478732","6.31470884360761","6.42782341967153","6.52234245934375","6.59665174550183","6.64875603466289","6.68310715698839","6.70984826104175","6.73057741417959","6.74214486364631","6.74228732181867","6.72939957920661","6.69974087680974","6.652324345932","6.59566971020789","6.53953873715938","6.49580349553039","6.47387862649188","6.47446049808395","6.49539263162034","6.53561767277069","6.58441463810591",
"Pérou","PER","Population âgée de 40 à 44 ans, femmes (% de la population féminine)","SP.POP.4044.FE.5Y","4.23150547819984","4.21317238778398","4.20917384616014","4.2124238608155","4.21513368326719","4.21333713117867","4.20847081060537","4.19721333959399","4.18480176517444","4.18099084509612","4.18583044945588","4.19243019844484","4.20017783852109","4.21602918733703","4.22916042350893","4.22819789502949","4.22093898686277","4.21506883606999","4.21162706303739","4.20644875114414","4.20410763240301","4.2042995792588","4.20395107139134","4.211030834559","4.23542625098061","4.28532706856749","4.36027529729772","4.4561325234445","4.56455636970695","4.67827467495494","4.79030445344755","4.89041605622356","4.97544785781513","5.04888491269211","5.1101356707723","5.15912584349535","5.20378921285841","5.24746157676417","5.29308086525935","5.34144154862718","5.38949133040083","5.43705050510001","5.48403320487398","5.52773796731372","5.56780497213405","5.60568038684904","5.64357695075066","5.68811198476948","5.74950702964061","5.82374899085971","5.90231745657241","5.98921343715088","6.07822074212331","6.15994383475535","6.23674093598321","6.30912030276828","6.36892883834609","6.41094974070748","6.43908941840168","6.46509385985106","6.49601469918209","6.53900235691374","6.59672322408458","6.66225695280954","6.73771743355277",
"Philippines","PHL","Population âgée de 40 à 44 ans, femmes (% de la population féminine)","SP.POP.4044.FE.5Y","4.10661478880624","4.07564191652834","4.04013313037561","4.00222794556977","3.96426220004205","3.92690317694787","3.88859148925264","3.85040202516497","3.81587450237336","3.78462189194742","3.75926429751204","3.74851746792435","3.75875474190389","3.7875717183228","3.82646887863511","3.86062102861059","3.88907461074465","3.91483912312707","3.92907006142932","3.92857434899729","3.9199753878727","3.90481766485936","3.87881775500201","3.84003321109804","3.79801904722323","3.76820253052038","3.75350121195799","3.77258176794109","3.85350792462328","4.00254344509005","4.16729430632435","4.31551821324053","4.46190007537125","4.58883875830276","4.68190820002023","4.78094942262158","4.90712170473031","5.03698848985917","5.16669145043655","5.29572899255828","5.42339749576829","5.54013599024263","5.63829874626544","5.71718316032417","5.77062461028814","5.79405757183448","5.79052557595558","5.76649561255793","5.72466491930771","5.67259020890915","5.62422422399504","5.58271244454378","5.54386025933357","5.50875992123154","5.48213321753114","5.47706764522377","5.49390785119875","5.53542107481701","5.61382160711493","5.71797138179527","5.83513979112883","5.95709156707334","6.0628896474508","6.1375148570567","6.18911909481647",
"Palaos","PLW","Population âgée de 40 à 44 ans, femmes (% de la population féminine)","SP.POP.4044.FE.5Y","4.89623865110246","4.68601583113457","4.55060228559662","4.52902189194617","4.44967166519651","4.33700335088559","4.32341381246491","4.32297907641257","4.31160746979129","4.46988280185337","4.45278969957082","4.14742528535332","3.8432171035887","3.64089775561097","3.51195383347073","3.41499628804751","3.39347790100977","3.53606789250354","3.74769951480676","3.94105263157895","4.1740750148167","4.2952004707069","4.33454425363276","4.44192267163816","4.5624354184882","4.74446868183235","4.95949870090173","4.95198079231693","4.89871086556169","5.0311278413204","5.29190607930765","5.59939091915836","5.94788009721847","6.26399683836122","6.49016835882277","6.67794274259224","6.8754587717152","7.09959824908557","7.34453286177424","7.60964275341272","7.85472488381433","8.0562804947237","8.22909070511023","8.38738289262154","8.47383402671338","8.5363859362224","8.65717583686033","8.77524901229759","8.82187147688839","8.82285714285714","8.71354861151371","8.46520383551974","8.24084019572741","8.13379858019492","7.9930023526573","7.76393759825856","7.6555023923445","7.65776699029126","7.63753651411879","7.59973119921803","7.50978473581213","7.32705939868003","7.13368787823217","6.95625573569899","6.82180036742192",
"Papouasie-Nouvelle-Guinée","PNG","Population âgée de 40 à 44 ans, femmes (% de la population féminine)","SP.POP.4044.FE.5Y","5.24933350489756","5.32518211814222","5.3782389919292","5.4135342064654","5.43042926725348","5.43022963598689","5.41574441428273","5.3869331494394","5.3462785586157","5.29910633854943","5.2494854298066","5.2016369540725","5.17038079409945","5.15320279274115","5.13472435993874","5.11332096418982","5.08655354362972","5.05380735861542","5.01603981617329","4.97493673686685","4.9323768479994","4.87951999002522","4.81786656921265","4.75809014668983","4.70092618116521","4.64659023418778","4.59105366488241","4.52563145443201","4.45395070098404","4.41083529640113","4.41800492290269","4.43929076441505","4.45948268856531","4.48990842994809","4.50504366340279","4.50211691980482","4.50868950759167","4.5373111518003","4.58976868660593","4.66319786411442","4.75017306098664","4.84413927403363","4.94096238381747","5.033267339476","5.12184181312334","5.20690309545338","5.28357327953868","5.34895911034883","5.40400482622417","5.4517565929014","5.49469887298617","5.5396277733137","5.59270324202945","5.652191988796","5.71237022797944","5.77092714491829","5.82696101229908","5.8767281007119","5.91885733561302","5.95639117856284","5.99365643435501","6.02995186359199","6.06695429886947","6.11156516179361","6.16194876704185",
"Pologne","POL","Population âgée de 40 à 44 ans, femmes (% de la population féminine)","SP.POP.4044.FE.5Y","4.61295520120101","4.87665130572329","5.31536121334408","5.8904017202873","6.32944715245812","6.62089576889024","6.85488170474402","6.93756379785937","6.92539482984158","6.9222260094602","6.91223787994592","6.89767475209409","6.87903930755931","6.78818420598079","6.63282655768372","6.46083876677118","6.30661247749527","6.17423333666599","6.05732908102883","5.9621241015864","5.83396667833319","5.64156673426989","5.40915052187109","5.18371347644723","4.98191424496468","4.82623545726416","4.90205841973883","5.26131077141441","5.77678853881917","6.34125782215413","6.89847614469889","7.34662284647758","7.62090822492777","7.81293853137495","7.9510157752936","8.06791896584978","8.13909021011921","8.16551099157929","8.16382925882267","8.09943092604498","7.93498420873052","7.67460209721616","7.35025694080026","7.0093235054432","6.6937344740245","6.42153959014303","6.21703031535104","6.07170706018116","5.95869311098952","5.89409763522502","5.88989002124992","5.93381116994524","6.03898350305744","6.20363268608948","6.41029874431562","6.64439675852177","6.88127568734996","7.09711638697074","7.28646840879196","7.45601442638743","7.61440285366081","7.7695562748552","7.91640243921088","8.0422241192943","8.14532165276258",
"de Pré-dividende démographique","PRE","Population âgée de 40 à 44 ans, femmes (% de la population féminine)","SP.POP.4044.FE.5Y","4.65291426459523","4.64681169732949","4.63678193032547","4.62375112474727","4.60745212660068","4.58891927922328","4.57088003829177","4.55363047602269","4.53710935555654","4.52101235225709","4.50635035410355","4.49146244103422","4.47233044710362","4.44876288455353","4.42053034978707","4.38669862547481","4.351768886391","4.31700163727892","4.27929060397404","4.23960939108717","4.20116492680034","4.16418655177499","4.12821301334704","4.10183819697689","4.08448878997909","4.07507180007383","4.07104524595421","4.06436913691562","4.0495531627358","4.02677424953421","4.00933485665813","4.00300186992782","4.00886419889288","4.0290702514585","4.06190318874022","4.08847100691927","4.09871156819845","4.09979069389186","4.09662808265351","4.09212721401233","4.08722908822276","4.08299795187932","4.08441682726621","4.09042315549519","4.09504162604793","4.09933346800941","4.10315926166055","4.1052313508676","4.110983998183","4.12354704212327","4.139415335062","4.15913747189981","4.18175518099718","4.20402024683208","4.22656584310116","4.25193902641886","4.27983742479974","4.3099607138738","4.34437306093575","4.38267017441062","4.42242888969755","4.46154939318292","4.49965359790813","4.53658724346771","4.56979667100984",
"Puerto Rico (US)","PRI","Population âgée de 40 à 44 ans, femmes (% de la population féminine)","SP.POP.4044.FE.5Y","4.87636163410748","4.94082913331357","4.99644169004147","5.02794762325904","5.02906580049916","5.00114246324307","4.94366844020434","4.86208529568599","4.77580642374419","4.70851944685941","4.68505212874717","4.70736313476165","4.7571989216074","4.82922254429219","4.91414875972197","5.01440040024884","5.13479487876552","5.21435210982099","5.24593118940049","5.31927267445868","5.37901820914665","5.40625180227817","5.50810138179208","5.66073854802336","5.78927582295995","5.91970392616911","6.08626862973601","6.25430055131313","6.39598440048627","6.50524077168464","6.58493195102928","6.63072378499487","6.63945510239667","6.64215227584253","6.63529960705843","6.63165675981584","6.69055780536073","6.76825721605043","6.82713692980049","6.91021603499031","6.9853821583656","6.98118006746797","6.94312944822759","6.92600340860026","6.93641149626733","6.94809375268352","6.9160296125398","6.85009877001878","6.75859466836046","6.6553846248794","6.58199968890673","6.54950005545393","6.53420601117735","6.51826564902026","6.49429917198812","6.46724386849604","6.44690114200947","6.456073545259","6.46980086722605","6.46329649164942","6.45715459883716","6.43390593470877","6.37096268010749","6.2677608186425","6.14061546917627",
"Corée, République démocratique de","PRK","Population âgée de 40 à 44 ans, femmes (% de la population féminine)","SP.POP.4044.FE.5Y","4.6115818180643","4.78397170049857","4.9315155287988","5.0512471767703","5.15359387315129","5.25185639941083","5.34215401023011","5.40976678860997","5.45694511583606","5.51404549857523","5.58137890636023","5.65513379657724","5.74094137488675","5.8655688679696","6.03283696067201","6.22368382835893","6.4481003710942","6.70692444082863","6.96470680547492","7.1724537718325","7.31652085249434","7.38434903923581","7.36513781676689","7.27226736186019","7.13081670580974","6.97469523701078","6.83527676039275","6.70388425251039","6.54722721755663","6.36907585494126","6.21131409610305","5.81728857428684","5.224763842366","4.81592523792704","4.63793665599021","4.59819634424171","4.82633757010955","5.40299816423505","6.03680205877259","6.43699496913005","6.64473964919798","6.80223535840328","6.83833271996048","6.81925050790788","6.93255544175889","7.1412362641259","7.43021459527847","7.84199714913052","8.2037418182961","8.47687528258682","8.73186594305555","8.89230494572933","8.9207300412268","8.78531232155973","8.47937837144582","8.07487052860632","7.60132881768765","7.03998427042423","6.55432108282704","6.26753094185564","6.09035130791986","6.04224029818593","6.11109718720819","6.21194012244429","6.31278399466054",
"Portugal","PRT","Population âgée de 40 à 44 ans, femmes (% de la population féminine)","SP.POP.4044.FE.5Y","5.51773211245269","5.63086713832992","5.73828399789296","5.89644128286312","6.13750038759556","6.26657969545214","6.28936487285757","6.33482671398798","6.36274781384965","6.34990821362449","6.35250308783383","6.36188254591146","6.35355356404479","6.3600375156061","6.33962734810017","6.30375628669797","6.24326600793738","6.17929734754428","6.10489695132928","6.06140549921579","5.9869312739854","5.8475665388049","5.71005801315985","5.63310311767302","5.61479947304066","5.68889509052769","5.82750902612198","5.9658893700898","6.11827688726341","6.25085785603076","6.32491337750116","6.41743680560348","6.51810747884153","6.53557207059794","6.53502547707295","6.5799937724913","6.61746720270031","6.64925151707128","6.71260466794641","6.78507262652661","6.85342601759491","6.94539464095084","7.03939757711142","7.11291031598856","7.20033503073033","7.27187083064402","7.29250933305947","7.28746775472897","7.26407132981394","7.21916933823638","7.19190481903126","7.22173271640185","7.29773148055954","7.39752930233848","7.51695211125284","7.63817476442881","7.72368618557854","7.75642734166471","7.70802770190464","7.56201640403502","7.3841368996146","7.18632832002656","6.96351830812861","6.76630870852661","6.58505747705428",
"Paraguay","PRY","Population âgée de 40 à 44 ans, femmes (% de la population féminine)","SP.POP.4044.FE.5Y","4.01610223722744","3.99598198672885","4.037344217201","4.12167023993033","4.22493479035901","4.32799644425043","4.4255000972212","4.51618987963471","4.58855832772348","4.62176332393724","4.5988689846158","4.5135536848343","4.37191388111902","4.20433532349295","4.05085647005203","3.93989669907465","3.88147416784647","3.86869426876763","3.88516177223244","3.90828387687341","3.93284977094413","3.97796352705372","4.04756876674504","4.12855853327366","4.212247210574","4.28256927179132","4.31839169861429","4.32159093777318","4.32225427842009","4.33468125130348","4.34702163797097","4.36477775751083","4.39746641384597","4.43455111121808","4.47641104874961","4.53961827225185","4.62139311854191","4.71035864731792","4.80532429734253","4.90462406563807","5.0077778977001","5.11728586063798","5.23582999158041","5.36058117639785","5.48106369368135","5.58463583002393","5.65835630765124","5.69092335787821","5.6853659391283","5.65321084081544","5.60624330482759","5.55471490378524","5.50477635452494","5.4632377267573","5.4357514217715","5.42026643089964","5.4179286661612","5.43918793479182","5.48512039258694","5.55756008007334","5.66745297836281","5.82298150639133","6.00700756204043","6.19845017861812","6.38886066922004",
"Cisjordanie et Gaza","PSE","Population âgée de 40 à 44 ans, femmes (% de la population féminine)","SP.POP.4044.FE.5Y","3.60788268303343","3.65665850337607","3.71760177343428","3.77020328709242","3.79339012915554","3.78907216513001","3.76104324301475","3.69998144460415","3.63340023437816","3.59198612670329","3.56880380686834","3.55853601397112","3.57025915804952","3.59287702190881","3.61537519673898","3.64008849251181","3.66896501097684","3.70268932642179","3.72903955129784","3.73652782439701","3.73113452050211","3.71535647375141","3.68626347164676","3.65446084466206","3.62940306742751","3.60811783166162","3.58739286682978","3.56706675995425","3.53477823326953","3.55645925116625","3.59973894950789","3.61834186607502","3.65092872290328","3.69509282033471","3.70273502017572","3.70003825905564","3.72424089130357","3.74656337862629","3.77678439056651","3.81089045212294","3.8468421086389","3.88447576546061","3.9259111225809","3.96951280669817","4.01227831304848","4.05471537138143","4.09526292677572","4.13294270505978","4.16721645086442","4.19663283354884","4.22059410951801","4.24255385963507","4.26765295609494","4.2993868287046","4.3385991800952","4.38356380884062","4.4361990830075","4.49179767507878","4.54823418366324","4.61149741041013","4.67934041521877","4.75156467822302","4.8329646052948","4.92182433588403","5.02109483551449",
"Petits états insulaires du Pacifique","PSS","Population âgée de 40 à 44 ans, femmes (% de la population féminine)","SP.POP.4044.FE.5Y","3.96409378469086","3.96220759414003","3.95629424058758","3.94766770488233","3.93516257004263","3.92438325102743","3.92043818003466","3.92616894873396","3.94099504398896","3.97085523309528","4.00781179556356","4.03861040729412","4.06288823035417","4.07775432288446","4.08528899187642","4.09265230119398","4.10970016837777","4.14141502623584","4.17959474621295","4.16671807506768","4.15237224816561","4.18216984866226","4.20615317462657","4.21985867051728","4.22431605383699","4.23408218366277","4.26304675497041","4.30577265379473","4.36168208741607","4.43300857908719","4.49445740834078","4.53870771418391","4.58803764746635","4.64530127857532","4.71031257761407","4.79179738420217","4.88303966754999","4.96709919333855","5.0479949990486","5.13673103768776","5.23040231236645","5.3125574150015","5.39273312998274","5.47679101419723","5.53629367968767","5.57093515277893","5.59309250667592","5.58910042748255","5.55697697385876","5.52530713001837","5.50262318427584","5.47886361430402","5.45829606619947","5.43740198245931","5.40176739042133","5.36767396808786","5.36258992697489","5.3704773312602","5.3764930080629","5.43999090532349","5.55349835902596","5.65777512351734","5.77380180827585","5.91458122510662","6.02673937489158",
"de Post-dividende démographique","PST","Population âgée de 40 à 44 ans, femmes (% de la population féminine)","SP.POP.4044.FE.5Y","5.66839642057794","5.86256481831619","6.1295147094193","6.39069080263522","6.57053145683145","6.61990862561721","6.58670076397082","6.53773204573347","6.48571087736772","6.42802202239","6.36083371484567","6.28265217177338","6.19243323996259","6.0854328013411","5.98685679810732","5.92525882393715","5.90302920266309","5.91975274843871","5.9630724845037","6.02315990039911","6.07105616518022","6.10116749139142","6.11112859047978","6.11917186391347","6.10470921103195","6.03055517685857","6.05588384825883","6.25793117074901","6.48878745619666","6.70848206746673","6.95421881490303","7.09744316414498","7.08335466843036","7.04238561330389","7.02212418001297","7.03719670027015","7.08974605748216","7.14265477427733","7.20193480294169","7.27581368179383","7.33613256773794","7.3867916814679","7.43373474650517","7.46877055424246","7.48754282769775","7.47851341761079","7.41992347504967","7.33898682415554","7.26163658266628","7.1788279483121","7.11880062458638","7.10679153543727","7.09273031129804","7.03455713273081","6.95611205060774","6.85186374189384","6.72423281536234","6.61884906742273","6.5519088489162","6.50643436775926","6.49645740769026","6.51218931295969","6.52689347658151","6.53530192200319","6.51824768682121",
"Polynésie française","PYF","Population âgée de 40 à 44 ans, femmes (% de la population féminine)","SP.POP.4044.FE.5Y","4.18038021319448","4.0930824863644","4.07961835828261","4.11866129234845","4.19963145640924","4.28979574431794","4.34890067452757","4.36326384468491","4.34005935288073","4.30967311045972","4.31430902033901","4.37143279095829","4.45288753799392","4.52896171274709","4.5919467267109","4.63842220598977","4.66895737466699","4.67523486526054","4.65179232917308","4.61656093075159","4.59114678746295","4.58367970305643","4.59406706202957","4.61538461538462","4.6360767861235","4.65374595631388","4.67427863832351","4.70012772086198","4.73058557293295","4.76873449902399","4.81442248724044","4.86752039103093","4.9663951963895","5.09255934856601","5.24153316139235","5.44479486502633","5.68772217664753","5.89523660224397","6.02392148754877","6.11438477867077","6.20485715742424","6.26871280927028","6.40675960993403","6.6413938318656","6.86215632544136","7.06096180437226","7.20843500015443","7.34815876658902","7.45050141424531","7.47901182559504","7.49412592226762","7.49062276732556","7.44321249731873","7.36097646955142","7.28637628108605","7.24897030642666","7.20037743187859","7.12790743592781","7.08508083274132","7.07432746499332","7.09359713249153","7.1622810670278","7.26766443709279","7.39763218159036","7.5389332050518",
"Qatar","QAT","Population âgée de 40 à 44 ans, femmes (% de la population féminine)","SP.POP.4044.FE.5Y","4.26084990958409","4.31583342031103","4.39099526066351","4.47265875904595","4.56001543805481","4.64384442860372","4.7406110259858","4.84653798675794","4.95532905498931","5.07184931429411","5.04331266882626","4.88675386811745","4.74909989983848","4.63351849342908","4.53745090071787","4.45890503599285","4.39873327842313","4.35308587212936","4.31616635237756","4.29150042316528","4.28026062745773","4.29056947558494","4.34401303567166","4.45247642733885","4.6209202175884","4.86357922533619","5.07868785779501","5.20220459027781","5.30509540784232","5.41904801635309","5.54008148463698","5.65877905348642","5.7906601386254","5.96012939434095","6.18768043483031","6.4960755149088","6.91082774534611","7.25449952636565","7.41710601665273","7.51067957184334","7.57605399589162","7.62795436594178","7.67897518243604","7.73843726147698","7.73892499959477","7.68717319042646","7.48559145369429","7.2112967617921","7.08479897372072","7.07015905915568","7.10171532107139","7.174817955167","7.33234927133199","7.52668265442331","7.61728865566337","7.63116719516239","7.70173747134555","7.91685078776782","8.26970216808776","8.59566667447205","8.7431023049125","8.9416683003518","9.32819851886964","9.75659194547905","9.91989043830958",
"Roumanie","ROU","Population âgée de 40 à 44 ans, femmes (% de la population féminine)","SP.POP.4044.FE.5Y","5.12756327605697","5.33635130719411","5.69867420857296","6.11357460340073","6.51365661890629","6.85186833550657","7.09401775051011","7.21943042819123","7.2701434622802","7.29424065134696","7.31233587424719","7.31796981038832","7.32793027275516","7.31378794326509","7.27206745437768","7.21143185397325","7.18950802296641","7.16129746455461","7.10424365370981","7.07407113878202","6.99222542350955","6.77773552625287","6.45476978503142","6.11433092234203","5.82025737867064","5.55371790029481","5.40288775234443","5.41484731446066","5.53280120616022","5.8039587094484","6.2023256965305","6.54144170995613","6.79800278111984","7.0248024001852","7.10214174587734","7.13070263971774","7.19806139848045","7.23426868532305","7.20927724979244","7.07475775877592","6.81645074622176","6.5101977362373","6.19430948952397","5.91525265589967","5.6946176034632","5.50889514275019","5.38683383776732","5.69855682836191","6.4664738365918","7.20552964983861","7.77546126242151","8.20213273484865","8.23892389510681","7.84160693924681","7.49113312002964","7.37992000105197","7.37995292438576","7.43798075082999","7.50376981427039","7.48742678842264","7.38160556111525","7.25201543825705","7.01546116299672","6.6140276925204","6.27061879957232",
"Fédération de Russie","RUS","Population âgée de 40 à 44 ans, femmes (% de la population féminine)","SP.POP.4044.FE.5Y","5.21030332874932","5.10339129925313","5.28565174377285","5.559637615982","5.91831100520077","6.4750056792397","7.09419043447517","7.65464754746658","8.07615741265842","8.32184066751922","8.33692697491571","8.13689849399626","7.80503720845825","7.3168598220241","6.72849194717764","6.3344305732407","6.27718723873797","6.52800299539669","6.98893430911943","7.54448309816725","7.85679853809825","7.80968725823038","7.26641081206387","6.22541551716348","5.11495224766865","4.24736153371876","3.82562035223513","3.9507758433576","4.50858449843676","5.3509466259406","6.20458657065969","6.74256667844906","7.07952278966499","7.37032677670323","7.54631697379677","7.67265146695429","7.81109158179016","7.92049105403927","8.06104103031783","8.20236267880906","8.33622981746434","8.44681429147544","8.4323588627813","8.30266795732175","8.06553098616486","7.68339758877634","7.24446024996827","6.86681898850594","6.54565117987593","6.28391892409076","6.17006115168951","6.19587986257413","6.29494988294032","6.43765000019744","6.58420460070945","6.70410782639315","6.7978014806256","6.86620065965092","6.93121788900259","7.02204217237974","7.14851532054315","7.2178932223836","7.27212283647682","7.44194572652257","7.61989364581092",
"Rwanda","RWA","Population âgée de 40 à 44 ans, femmes (% de la population féminine)","SP.POP.4044.FE.5Y","3.56017989450954","3.58313518344159","3.65535556983061","3.75953472084773","3.87186836802424","3.97871858990351","4.08159868375023","4.15913230436058","4.20188489217805","4.21710601402507","4.19963694464493","4.15269436214174","4.09715419420597","4.03215505900315","3.93790883891864","3.81850144794486","3.67985094955759","3.52552293004539","3.36458612694696","3.21332570362427","3.08447649174994","2.98205550735328","2.90920225541124","2.87076980598078","2.87123475530291","2.91169144168623","2.98996962794113","3.10076854735828","3.22113170982011","3.37173467054812","3.57124273954844","3.77636866436523","3.95487089373648","4.11067190721768","4.00276819084994","3.74412339959969","3.76402798494211","3.79320518573798","3.86149344173881","3.97265718950757","4.10196746161501","4.2466758331793","4.3649811571623","4.40263973432822","4.37107968956457","4.29884131167925","4.19296667850143","4.07928380634609","3.98741740993063","3.93216078595474","3.92131166201368","3.95610743979975","4.02520733777448","4.10777593949421","4.18258928030327","4.24479033750093","4.3083539113801","4.39905217604238","4.54222956449574","4.74310615538896","4.98092374288855","5.22052653666321","5.41789108131018","5.55431271308534","5.64105454148791",
"Asie du Sud","SAS","Population âgée de 40 à 44 ans, femmes (% de la population féminine)","SP.POP.4044.FE.5Y","4.99202545599042","4.96190437101412","4.92931942362866","4.89623395678601","4.86596777175694","4.84176716930412","4.82294631291972","4.80750624693433","4.79405092293004","4.78286232567048","4.77574601805687","4.77240527353318","4.77061740253866","4.76810692347334","4.76283935848695","4.75249112108877","4.74043726492266","4.730793268052","4.71797379388081","4.69145226063997","4.65094802848635","4.60005663735329","4.54191530129073","4.48627042258265","4.44576905288455","4.42572960458849","4.42289335950087","4.43235711332745","4.44274183485039","4.49165436723973","4.59203898388399","4.70759401246778","4.83509595910942","4.9819057719313","5.1105224287162","5.20340820128462","5.28564456798575","5.35698875202864","5.41475822224396","5.45837078500919","5.49403563115119","5.52760642509653","5.5600248166215","5.59290116842082","5.62670533253736","5.65563032700615","5.67969947553577","5.70576786963486","5.73677286133351","5.76981302523441","5.80731800682828","5.85577716237451","5.91265136449273","5.9739979402061","6.04360720647782","6.11497020438473","6.18236556534429","6.23508061812711","6.27027792593598","6.30798834604652","6.36613548335488","6.44484915170587","6.54582843638352","6.66951996585239","6.80052744338606",
"Arabie saoudite","SAU","Population âgée de 40 à 44 ans, femmes (% de la population féminine)","SP.POP.4044.FE.5Y","4.427313201622","4.43566892317131","4.4460009391141","4.45807173796661","4.47191889803155","4.48726644813984","4.50335220160845","4.51817168251836","4.52963287663338","4.53638590272917","4.53696289593598","4.52963749425748","4.51455393387276","4.49511944158625","4.47422837328242","4.45303037665735","4.43156069162658","4.40989457444924","4.3882987320198","4.36686178539758","4.34897623164976","4.33574740486896","4.32858619055875","4.33430176917751","4.35858088198565","4.40099862279413","4.45156609248379","4.50309608719116","4.54981387717737","4.60658307964625","4.68358239812973","4.768514158378","4.85961145203783","4.96549829387755","5.06911518127191","5.15610287742418","5.2349653118656","5.3060133574916","5.36847713472802","5.42274348312303","5.41260166730356","5.33923773540059","5.2584101162017","5.17360786416835","5.08983306867973","5.01531914318559","4.95858097654664","4.92442992420088","4.91445167947383","4.92823497992281","4.96548616564596","5.02425651660447","5.10377459535771","5.20789113173253","5.34351587075227","5.51932039489647","5.72142920993306","5.90788659365026","6.03211821666547","6.14147673424791","6.31378920083841","6.50376409720096","6.73679752164402","7.0210472417912","7.20706030876876",
"Soudan","SDN","Population âgée de 40 à 44 ans, femmes (% de la population féminine)","SP.POP.4044.FE.5Y","3.92860348264222","4.03064972135666","4.12913068444104","4.22218895207312","4.25828736356893","4.24142826423051","4.22266289783594","4.20197693371001","4.17963129740545","4.15567972152296","4.13043170106137","4.10357518794434","4.07659693781636","4.05560181050157","4.03011368534407","3.98094178728244","3.93309208352645","3.89416092052345","3.82429605543995","3.74806305226782","3.67510885263922","3.61913106941686","3.59145128345892","3.60810767472538","3.63424530350997","3.63638702439921","3.64957960720354","3.67499459363814","3.71286220382017","3.75024650216751","3.80131387958316","3.87372683418894","3.95560220805603","4.05864136256518","4.18031354939729","4.29182701449751","4.36373329752606","4.42675593719103","4.49890459703003","4.55121939543838","4.58135936525053","4.59096693151176","4.58543312869711","4.56110166688803","4.53445574339532","4.51565034282584","4.4937399953313","4.47234091886617","4.4708949053314","4.48725123456595","4.50005762500076","4.52312222779153","4.55382867808965","4.56134375700428","4.54797110895289","4.52775114962742","4.49493390111101","4.4654045933442","4.46186496371818","4.48571386902247","4.52954954594831","4.58603652829908","4.63867486262512","4.6778553648599","4.71000322610904",
"Sénégal","SEN","Population âgée de 40 à 44 ans, femmes (% de la population féminine)","SP.POP.4044.FE.5Y","4.60675453101779","4.59488526857896","4.58142642976814","4.56804532001556","4.55712901861931","4.5488156436683","4.54256440045306","4.53861310677317","4.53568076847426","4.53125185330068","4.52398355186285","4.51383254262522","4.5005902210588","4.4841716169101","4.46356143692258","4.43648531450492","4.40506751518887","4.37156168107097","4.33363387309889","4.28747352763966","4.2326850671026","4.17101723644234","4.10559643695875","4.04435708766979","3.99557393690787","3.96116942345755","3.94502731740055","3.94428649956705","3.94147380290801","3.93035680530084","3.91976880659379","3.9067808789559","3.88775768986823","3.87446223528342","3.87078793378855","3.86934588811749","3.8691313753578","3.87171862567318","3.87703444769316","3.88692812901642","3.90191248841554","3.92225253762757","3.93852103380458","3.95360808926556","3.97358871149292","3.99492827108648","4.019731286616","4.04737242611735","4.07686381838023","4.10889078171296","4.14382884915756","4.18337146398757","4.22790666860128","4.27849362698539","4.33430357620793","4.39150141387167","4.44817593947252","4.50148341648227","4.5495373152387","4.59230746998452","4.63275480667106","4.6759494993092","4.72553310541208","4.79440079745358","4.88852549013486",
"Singapour","SGP","Population âgée de 40 à 44 ans, femmes (% de la population féminine)","SP.POP.4044.FE.5Y","4.49444621755697","4.41315203742053","4.34300028762405","4.28316804315813","4.23579781293141","4.20917586408141","4.21343862284122","4.25574984351902","4.33826064931141","4.45082303678983","4.57016281556817","4.67086910630786","4.73601057106745","4.77052524581632","4.80508249835695","4.86659033155007","4.93712274875452","4.99593275190489","5.10643342254341","5.31166297072094","5.52687313554991","5.6753963144345","5.73227391390726","5.68467309323165","5.52185854031208","5.2983396092901","5.30450768210195","5.70647549275611","6.24459346030664","6.77842510156453","7.32586622087422","7.70414623013537","7.85599149670995","7.96177091270665","8.09672389672247","8.25442556499288","8.43753674885344","8.61007756242943","8.74295655166152","8.83415735807844","8.87332864251813","8.85489856414315","8.80863651494761","8.76471834461408","8.70654376295134","8.61136038946871","8.48120316736341","8.30449160288925","8.08502786574028","7.87954432837587","7.73933003648276","7.66364125249092","7.64304277245789","7.65763968899474","7.65951990378621","7.61121145429977","7.52733329670079","7.42455252745085","7.30806540359988","7.22494269534855","7.18972960070421","7.17556086795244","7.19111782615663","7.27443642292028","7.38226939963965",
"Îles Salomon","SLB","Population âgée de 40 à 44 ans, femmes (% de la population féminine)","SP.POP.4044.FE.5Y","3.93156968089528","3.99730900595863","4.05333063255975","4.09638213079825","4.12947278758457","4.15486947451129","4.17295922422701","4.18541708484146","4.1939197651911","4.19925132500649","4.18712378011267","4.15579827479613","4.11552180680885","4.06729762857575","4.01215573721387","3.9496042984569","3.90279408071105","3.87547837781711","3.85090324826097","3.82884022052501","3.81115887444159","3.79949557018126","3.79232767034458","3.78944087465234","3.78832945757396","3.78590029553411","3.78303510726013","3.77907586834097","3.77457360672087","3.77222151379311","3.77090994246799","3.76977985098643","3.7699650148197","3.77296559587461","3.77812651837124","3.78639908760162","3.79969135559043","3.81689130728846","3.839231707438","3.86912940972272","3.91208801551","3.9771653942379","4.06555082785007","4.1697647246269","4.27323158662361","4.35547340806105","4.40778488538547","4.43763796456619","4.46677316229571","4.52769714442668","4.65724439972889","4.83652486731756","5.01226397424119","5.15452037453647","5.24929332607859","5.29736980267117","5.31396860082184","5.31865650915759","5.32381934395642","5.34166697139578","5.36930380443153","5.39771850257101","5.43208097219038","5.47844637942148","5.54075606061174",
"Sierra Leone","SLE","Population âgée de 40 à 44 ans, femmes (% de la population féminine)","SP.POP.4044.FE.5Y","5.21091372049074","5.20299507764465","5.19367968181748","5.18241285496014","5.16834185986258","5.15177442376142","5.13276779107115","5.11093461431729","5.08733113394656","5.06299608425148","5.03762798347533","5.01222315713289","4.98793295519885","4.96384688106937","4.93759393890849","4.90894430914324","4.88199199269053","4.85892957408962","4.83690913734607","4.81188668282505","4.78420789052369","4.75500905246007","4.72612456457712","4.70449699803468","4.69644341847378","4.69440704163762","4.68114903836502","4.65744213791212","4.58892751711033","4.45340568135252","4.3315407129396","4.25374108543626","4.17882455463176","4.14307378072693","4.17098147781079","4.19639077653391","4.20163245938544","4.21692230244961","4.23697595702802","4.25499616840018","4.27015759929519","4.28648622260977","4.30233288391704","4.32028538519822","4.34120011526781","4.36070521280076","4.37649082865723","4.39181634692753","4.40415536449116","4.4121374993343","4.42112232809889","4.43172229277413","4.4425515518264","4.45808578942209","4.48425517670278","4.51774916898655","4.55305026537535","4.59068952400698","4.63201709708568","4.67200036713611","4.71012858450701","4.75118765833135","4.79614798663815","4.84376841936503","4.89622469905717",
"El Salvador","SLV","Population âgée de 40 à 44 ans, femmes (% de la population féminine)","SP.POP.4044.FE.5Y","4.27407732469408","4.27386738500193","4.27085301289883","4.25825987171361","4.23454212727578","4.2025782059427","4.16776444446192","4.13695633479445","4.12467404933686","4.13987988530111","4.16935076882496","4.19602437114946","4.21572986809101","4.22731242751711","4.23096013503917","4.22552375351934","4.21117769209634","4.18979518026597","4.16509214966742","4.14045745378494","4.11673214366315","4.09978688275443","4.10186541558774","4.13074978924426","4.18147396020823","4.24401944088901","4.30862311972381","4.36633297025994","4.41459196502436","4.46482080675537","4.52465559383046","4.58667205930286","4.64652482944807","4.71133499068945","4.77380062486552","4.82135264572685","4.86366947757766","4.91108106335843","4.96467068531787","5.02293420772164","5.08595629918162","5.15480814193215","5.23147482978006","5.31096640808977","5.38712748837406","5.46001517978599","5.52488362819291","5.60241603754323","5.69667614654736","5.78257043602263","5.85500625373394","5.91868925528521","5.97990635967373","6.03645446195351","6.08832492265351","6.14429488440432","6.20816915234667","6.27784742672966","6.35506127539652","6.4286883868603","6.47427229748481","6.47933180586946","6.43760128774774","6.35151319012969","6.2489565988707",
"Saint-Marin","SMR","Population âgée de 40 à 44 ans, femmes (% de la population féminine)","SP.POP.4044.FE.5Y","6.10245281778128","6.23795451625337","6.50891287973889","6.82403433476395","7.1586892709519","7.36297341801929","7.26036156484334","6.91204423708312","6.61454171898185","6.52666138344843","6.64080071974809","6.71137220128575","6.75185445882289","6.78735448040158","6.68298393104182","6.55381023137338","6.4597846738442","6.49728861217112","6.55136268343816","6.51949756280465","6.45623440244015","6.34783005521836","6.27539503386005","6.27712406603731","6.26388271879165","6.38822803771258","6.69545494198726","6.94751441078317","7.0953055877679","7.20274390243903","7.13301890729997","6.9280454190151","6.83292781832928","6.76010222009264","6.77766433676274","6.90561806441635","7.07448228519126","7.14850069603822","7.24836698337292","7.54447616955853","7.77813887986134","8.01624625908508","8.45723927027312","8.8683106163077","9.07908695800965","9.25325771386132","9.41215653621982","9.47638299970417","9.46094966268811","9.4499023968767","9.46583616459041","9.32684509326845","9.08169470910197","8.91646227095657","8.77859300820026","8.69067384210225","8.72479409258733","8.64361326746648","8.36521152115212","8.09567875269903","7.79660069327966","7.33179177711353","6.90716607692529","6.59824474443829","6.28350470164338",
"République fédérale de Somalie","SOM","Population âgée de 40 à 44 ans, femmes (% de la population féminine)","SP.POP.4044.FE.5Y","4.6360271917698","4.59762866430178","4.55959063416609","4.52135178844902","4.4819246737656","4.44007992301908","4.39765277692645","4.35700538715041","4.31580083453113","4.27013531245413","4.22192288713141","4.1706482849956","4.11221901313834","4.05705875447729","4.02765844179722","4.02487803826078","4.04892945106403","4.10331078057479","4.16121038010177","4.18521521199402","4.17416653458823","4.13201571642706","4.05778412951916","3.97204112854541","3.89949082309003","3.85381892042336","3.83237907095901","3.83439512132535","3.85393617807633","3.89203995043163","3.97748028208489","4.12422992019887","4.28788425965491","4.38736685626686","4.4242768089427","4.40827038434384","4.35674203990534","4.30824254561218","4.26253021419557","4.21832638268925","4.1758824750854","4.1354053457904","4.09668837592668","4.05980827643322","4.0250432956739","3.99257413225609","3.96245904267221","3.93439248902531","3.9084022467205","3.88425273145272","3.86486092860531","3.86881427954236","3.87250406863435","3.85221014780651","3.82781626331754","3.80762109005738","3.79657450790214","3.79854333966451","3.81741925094","3.84774728217241","3.87995876060117","3.91098390621469","3.9459640231126","3.97723514117675","4.00771718511014",
"Serbie","SRB","Population âgée de 40 à 44 ans, femmes (% de la population féminine)","SP.POP.4044.FE.5Y","4.32570507467859","4.81421300691323","5.51658431016957","6.24748690330559","6.87691807117711","7.35374429670594","7.68052653205817","7.91082645845809","8.0923462366587","8.23327647779969","8.33152424844437","8.3859838725819","8.39357726682933","8.35978216511963","8.29035062898719","8.17946107402346","8.02480072888513","7.83129825849895","7.6063566966128","7.3730733250846","7.15113781965866","6.92340330441172","6.66798556118654","6.38779763551523","6.08924003683822","5.82012105469516","5.69253586956681","5.78117500166621","6.07645955900908","6.51690690560482","7.00030127180175","7.43526248502676","7.77021046774326","7.98665143064777","8.10045451469202","8.12475808074497","8.06246370328395","7.93103668070756","7.75353165221185","7.55264994736052","7.34833957037094","7.15018725359123","6.96908502009146","6.82598995383933","6.71541111354292","6.6183945829705","6.53430705979555","6.46488178356834","6.4182508961453","6.39885113339655","6.39095974543781","6.39097159668985","6.42102300730794","6.45774942263855","6.50683873053761","6.59655791054185","6.69613293413944","6.76842724056438","6.82918403568781","6.87490926866742","6.87949577506184","6.86756625291511","6.84848608266208","6.83587077639937","6.8415189478697",
"Afrique subsaharienne (hors revenu élevé)","SSA","Population âgée de 40 à 44 ans, femmes (% de la population féminine)","SP.POP.4044.FE.5Y","4.60686195694395","4.60127428386449","4.59099983060267","4.57851401411499","4.5630280494989","4.54618114361951","4.53099712744023","4.51698606168542","4.50332637785662","4.48952665025216","4.47649194427671","4.46372899449771","4.4469703756308","4.42533968547733","4.3993031213555","4.36778740510959","4.33458061926895","4.30005994769206","4.26114844657003","4.22129736764694","4.19117309644489","4.16686867263482","4.14035089187492","4.1199248862221","4.10501356954546","4.09669108107553","4.09300199985741","4.08653091193848","4.07356438380863","4.06148999551563","4.06453066890327","4.07849585937592","4.09283983511794","4.1274464813917","4.15734101260288","4.16330338415192","4.16436252775743","4.17108204175999","4.19131905105979","4.21149210832394","4.22875198174715","4.24365889809194","4.25359078596077","4.25535418204188","4.25135430395458","4.2447809723823","4.23650285113149","4.2302769455786","4.2317392219857","4.24176418078162","4.2570019145629","4.276468102443","4.29803329927669","4.31899539142744","4.3420693611492","4.37047383911658","4.4031855478015","4.43891616318059","4.48246924113394","4.53378997022383","4.58758641975253","4.64317615394191","4.69845493904264","4.7504317463194","4.7954665550298",
"Soudan du Sud","SSD","Population âgée de 40 à 44 ans, femmes (% de la population féminine)","SP.POP.4044.FE.5Y","4.46347712127007","4.46016051583022","4.46083569114692","4.47128492426312","4.488479006723","4.50869060088573","4.53635052337018","4.56862947685137","4.60229314592939","4.63582660114452","4.66636544898805","4.69139750737819","4.71301063521243","4.72816487222115","4.72942642225439","4.71811611925432","4.69648024258533","4.66491420550616","4.62826557073555","4.59557203705208","4.5706195934555","4.55206946885349","4.54096486034758","4.53622936671778","4.53400664791613","4.53187096570215","4.52471515444271","4.4895863982261","4.48811124654954","4.4374638600408","4.29612851685514","4.18491280155005","4.0898770096565","4.02980950682628","4.02821334316478","4.04026097929128","4.03573150965084","4.03543393861639","4.05347928749565","4.07922234823373","4.10237492588236","4.13008046658908","4.16108541068569","4.19800517366181","4.24559971225369","4.30242970035994","4.37038884880585","4.4541811251992","4.55226759854223","4.6612547481599","4.79251010143585","4.93902903566144","5.0832337960482","5.22184572361665","5.34956392247213","5.47730115732584","5.59750294418965","5.70224012975772","5.77211945074861","5.79849473857129","5.80201635020777","5.78245070676672","5.73371190720922","5.65250998999929","5.53438848569985",
"Afrique subsaharienne","SSF","Population âgée de 40 à 44 ans, femmes (% de la population féminine)","SP.POP.4044.FE.5Y","4.60415662907743","4.59922315208427","4.58998130619849","4.57858284750617","4.56417100507116","4.54824236254343","4.53386012786439","4.52028919894733","4.50665317137826","4.49291990503237","4.47992562457469","4.46719699147038","4.45108223555172","4.43079042063819","4.40671548337258","4.37771083523486","4.34692112265277","4.31497756587402","4.27915520934605","4.24203321833896","4.21314557796956","4.18974424786044","4.16461749215177","4.14609026735697","4.13427346287253","4.12861351208101","4.12678410313814","4.12127897238299","4.10671573416627","4.09052139830703","4.08372730608735","4.08240842169488","4.08318147458606","4.10655419447417","4.12849401862451","4.13377728488569","4.13728948095503","4.14424994412038","4.16432082626959","4.18703379920511","4.20833958159015","4.22819110705996","4.24449294437748","4.25243076612186","4.25282332312409","4.24923869638338","4.24359794651462","4.23987534460928","4.24275314654127","4.2525860938361","4.2665767929268","4.28358719859995","4.3013120449168","4.31777719498647","4.33634153214984","4.36069113140421","4.39018069220634","4.42360826727163","4.4651516911828","4.51403970905912","4.56470889363754","4.61604788636348","4.66581238216699","4.71139800908012","4.75089552419305",
"Petits états","SST","Population âgée de 40 à 44 ans, femmes (% de la population féminine)","SP.POP.4044.FE.5Y","4.67825716729084","4.68255249595121","4.72614768798915","4.78289313103593","4.84181326317385","4.90713144970902","4.96171698889315","4.99884745658392","5.01870790765979","5.02006465977037","5.00466742029281","4.97546300946604","4.93956663333728","4.89597975290503","4.8461038914673","4.80731781230243","4.79027488723942","4.79493868479117","4.81525148054432","4.83920946228826","4.84816269958212","4.84749978314079","4.82432086187322","4.77130476448693","4.72022188480889","4.69629321248824","4.70497232299546","4.76053583382479","4.86935224467135","5.00482173781745","5.13941678676598","5.25789776257629","5.35329709185791","5.42945661943779","5.50010933663278","5.57961193559933","5.66384091504831","5.75036057469305","5.84260355762932","5.94148954088055","6.0369443124565","6.11999504693383","6.1934283666203","6.24833949222749","6.27951364121675","6.27127755000876","6.23875267753653","6.19073419775241","6.13730654399211","6.08816813834211","6.04926776218852","6.02445713021802","6.01445569586939","6.0110058831254","6.01160302680394","6.02199984166525","6.04703987685805","6.0818389015655","6.12490427152561","6.19246499435886","6.28012967698567","6.37139061851089","6.47667901811882","6.58958224185692","6.68576680841563",
"Sao Tomé-et-Principe","STP","Population âgée de 40 à 44 ans, femmes (% de la population féminine)","SP.POP.4044.FE.5Y","4.88808288415361","4.84451934833614","4.8460283882636","4.84044233807267","4.80165723649631","4.72631547096735","4.6165687304806","4.46212833682992","4.25943716094033","4.02187990851222","3.85844748858448","3.81709377086962","3.82119222219383","3.83244428934643","3.83699455676516","3.82544697265509","3.80103832118889","3.7648006804396","3.72191163994692","3.68340879278974","3.66358877117771","3.66760217682148","3.6339483394834","3.55997032555182","3.49846806504832","3.45523212969786","3.43736232118613","3.44498194692747","3.4732469570706","3.51323067723128","3.55908469116016","3.59276698452894","3.6175068701579","3.65712369279551","3.70911433751367","3.75786882104053","3.79418747322796","3.82377151855696","3.85794619645077","3.91369899348066","4.00088356296767","4.10586853344378","4.21100084193499","4.29673107130621","4.34031281533804","4.33811173961481","4.29584234559","4.23336598642648","4.17528401441413","4.14405939762476","4.15867728751904","4.21532219980252","4.27876976820042","4.33476638504534","4.39840500184935","4.47712158018398","4.58697184477425","4.73504462887944","4.89625572075597","5.05333557510882","5.19320462188339","5.306197516687","5.39707389149564","5.46421955107492","5.49686177015579",
"Suriname","SUR","Population âgée de 40 à 44 ans, femmes (% de la population féminine)","SP.POP.4044.FE.5Y","3.93923977033215","3.95110310737603","3.89362537009953","3.7786677620319","3.7447595153996","3.80649771584616","3.9012930316876","3.97804149704061","4.01032766714021","3.99892967937765","3.96368933610294","3.93467992168283","3.98229518502201","4.10492074146745","4.22905548935288","4.3291327680528","4.39544331364912","4.42663518274991","4.43190268777223","4.42727518705948","4.39467579510531","4.33159334899498","4.26087981062756","4.1853103136389","4.11043348832308","4.04048020843355","3.97695381279586","3.9263092338773","3.89685285879058","3.89495179843563","3.92898832684825","4.00475467978391","4.11881739397561","4.2617382331021","4.42738211505457","4.66163764951762","4.95573317711992","5.24612693372616","5.52447953169975","5.78145211180474","6.00852902905347","6.20151809296861","6.347979686465","6.44858180591612","6.56518882635574","6.69723819380183","6.78025411211556","6.80031011186178","6.76281132616271","6.68533739520992","6.59665009121403","6.53589547507942","6.51504548635409","6.50497157454171","6.4736115587819","6.39846371762326","6.27142030533672","6.12733397660522","6.01208747594813","5.94636398563877","5.93758390580284","5.98347675415634","6.0700259153048","6.17796952345829","6.28399552762949",
"République slovaque","SVK","Population âgée de 40 à 44 ans, femmes (% de la population féminine)","SP.POP.4044.FE.5Y","4.19976613264318","4.77218157412134","5.58908977754188","6.42178707122326","6.90177534185378","6.98801992198861","6.93843380859059","6.78286416481107","6.61810144558004","6.49829865547515","6.44320922796595","6.40246733018764","6.35271287237438","6.26087429259362","6.11019749804288","5.94468568557995","5.76140635562345","5.56744096568024","5.42876048991066","5.37136609092167","5.36503622436537","5.39812118928883","5.45278582761041","5.49032074142829","5.5303205104127","5.54767966670524","5.55539055342409","5.68253433148835","5.92067898017489","6.15466802567816","6.44522389114862","6.81984348869475","7.11637543000435","7.30980444437282","7.47820933453737","7.61632176857686","7.68840606038586","7.69318934638784","7.64969645887095","7.54875492325048","7.3943022979223","7.22987401576226","7.06715985174071","6.95296212812646","6.9260913958303","6.91381549107029","6.85293535406395","6.76271846571947","6.6365420206964","6.49965220891188","6.41139545101122","6.39604673134387","6.49667300191645","6.71734783034973","6.98852288084138","7.2593445203974","7.51136232005013","7.71274923346639","7.84217543194614","7.90880579824062","7.90873204429986","7.87271284884341","7.81664960738661","7.7319713581506","7.64231804887464",
"Slovénie","SVN","Population âgée de 40 à 44 ans, femmes (% de la population féminine)","SP.POP.4044.FE.5Y","4.2628328010998","4.73094477368029","5.42416763689384","6.14598364529807","6.67053403701345","6.96381103324765","7.12773035014452","7.19067250865996","7.20373793386732","7.20102949528148","7.2202852614897","7.23212700129849","7.2055872520471","7.15280898996501","7.06896113065215","6.90678077475043","6.70772711397011","6.53159777701847","6.36450352823227","6.24029274242732","6.16939526317461","6.12109382455851","6.12050415001537","6.17556126116046","6.14599221321346","5.91609107827586","5.79315316026977","5.85551382751136","5.90060645932956","6.06819015862755","6.52252654680346","6.98290584183899","7.24358188866262","7.45833400342012","7.62939509106077","7.65273729932312","7.64851666038053","7.69849558549044","7.66491424631561","7.59306012646071","7.53109188948737","7.48625424737979","7.44734216159622","7.44253631592831","7.47926423194794","7.52751783465705","7.55934202778423","7.56614716806329","7.51542035095938","7.39027047630531","7.20874180334818","7.01063920761311","6.86728283456519","6.80728727347701","6.80879916132422","6.8662335442779","6.98049931685505","7.06289168501696","7.10587970198494","7.16542783524719","7.23745255569217","7.24229062337496","7.19136534938249","7.12616246434856","7.01806644585402",
"Suède","SWE","Population âgée de 40 à 44 ans, femmes (% de la population féminine)","SP.POP.4044.FE.5Y","6.95734431373051","7.12376899652494","7.18389905873649","7.17871510976516","7.15464353216629","6.96143617193007","6.64625894230075","6.39676715022234","6.20955872283283","6.0358326695983","5.87388134669281","5.74830832218821","5.65100232925079","5.53480082951433","5.4110772379415","5.31036211898707","5.24630792619746","5.23562655103802","5.28951465675409","5.41239874906606","5.53294325778079","5.6467838907599","5.83517462478537","6.1279059843213","6.48010568733216","6.87538012691462","7.26783873098554","7.54782401355587","7.67217196076786","7.64744838867332","7.49882984665738","7.27201288967226","7.02916115985133","6.81601183750995","6.62598203648964","6.50088577643811","6.46331719760375","6.45921209798438","6.4404374820535","6.42330026088445","6.40611348552098","6.37645788723711","6.3654628052873","6.40787435796347","6.54367412287749","6.73098917824624","6.90744536172263","7.0473406206489","7.10064755672741","7.01375554429049","6.85758139632679","6.73710756035474","6.64490117112976","6.57647984516832","6.56344978930776","6.55016818861626","6.45816710093697","6.32203771628719","6.19177865729756","6.07886273616878","6.02563091969399","6.02631479261031","6.04289724938359","6.08146484369407","6.11686050470671",
"Eswatini","SWZ","Population âgée de 40 à 44 ans, femmes (% de la population féminine)","SP.POP.4044.FE.5Y","4.36754686034298","4.32597753487033","4.28006182877074","4.22976924726795","4.17863132020859","4.12860814674188","4.07847774307432","4.03177840088368","3.98763765639767","3.94206337657686","3.89612652284319","3.84979388580829","3.8021319751009","3.75445710690065","3.70578598916278","3.65419330575404","3.60524392488787","3.55830668811232","3.51248890644478","3.47227511930823","3.44177977868203","3.42261743080961","3.41590875283419","3.42850657268661","3.46412055145157","3.53099040837879","3.62245513220467","3.72330415298904","3.83769028034063","3.97221965424794","4.1167547383687","4.24529562492851","4.34559963731718","4.41642716972211","4.41339903175992","4.36968787370482","4.34589145607939","4.33635116491911","4.3316884768222","4.3277631562852","4.33810687440106","4.35053947461542","4.35245504088929","4.33639580050884","4.29962548156843","4.24851173292734","4.21164163066464","4.23378540941118","4.31317528333216","4.39293534907293","4.42813765182186","4.41581287487493","4.37917972865522","4.30305294024206","4.24735465466981","4.29200793818581","4.40828173736115","4.54195859986881","4.68901693819206","4.8689543187029","5.05572629318325","5.24865565147195","5.47928760479066","5.70376223084167","5.88558408107102",
"Sint Maarten (Dutch part)","SXM","Population âgée de 40 à 44 ans, femmes (% de la population féminine)","SP.POP.4044.FE.5Y","5.5129099790649","5.37669027688345","5.05767524401065","4.81108997010057","4.52160879340495","4.18006430868167","3.93900889453621","3.92961876832845","4.10339840925524","4.35656836461126","4.67144191840548","5.02906976744186","4.99457111834962","4.54316002019182","4.06561218512009","3.68633438761043","3.39069341207616","3.3234930006666","3.53382116723184","3.80065441731689","4.05512434658641","4.31824903874593","4.47217537942664","4.55212922173274","4.7696174253002","5.13398575600758","5.53955135773318","5.96669143681427","6.3600941634873","6.71475508893841","7.05053706638493","7.42518908253864","7.81743673162949","8.21803839398515","8.69054972205065","9.12329615861214","9.41494821311934","9.60919683858674","9.80318297391468","9.95930470992776","10.0190114068441","9.99398143748614","9.96829980226609","10.0312703179665","10.1371369231239","10.2488401518347","10.3285408745247","10.2680533177091","10.0999884406427","9.87224820349036","9.65596911893156","9.64571301643714","9.69972504287698","9.51707954454548","9.24918958485831","9.02118709280254","8.76017233125897","8.49935573396769","8.28047233336587","8.12546604767517","8.01054456503669","7.92316362953222","7.84368263681246","7.80497821176793","7.80948101550213",
"Seychelles","SYC","Population âgée de 40 à 44 ans, femmes (% de la population féminine)","SP.POP.4044.FE.5Y","4.97949482710411","4.96820531588819","4.95269270436303","4.92721164613662","4.89319637254481","4.85596016053456","4.81499733070511","4.77757489415494","4.72912008159743","4.68249246771191","4.66221929906981","4.65804814358484","4.63953676563146","4.61589881612046","4.61546404171471","4.62211748863828","4.60994075049375","4.58680085155796","4.57132862685238","4.52629592350277","4.4473471418797","4.36440221986503","4.25134136888024","4.10629471532496","3.95493661103102","3.79811930649427","3.65244416044614","3.58373040932315","3.61066613742363","3.70712715152024","3.82980490979328","3.93540079995617","4.06134736385333","4.21886539107083","4.32692946003001","4.46734945124028","4.78657433724355","5.22179554240078","5.63282774246334","6.02191366067329","6.42260207764876","6.7655471210823","7.06566420818092","7.36011883709415","7.63677145761049","7.86813492201341","8.05399944898522","8.17882792137581","8.17685293852126","8.11624367754353","8.0234811984272","7.85589710050142","7.7014344656562","7.54732803622718","7.42808381140378","7.41951101428226","7.37925574030087","7.29035140542746","7.27558754826715","7.2975958657879","7.34034339497776","7.41676441396734","7.4062577601192","7.29008631964426","7.18005284354719",
"République arabe syrienne","SYR","Population âgée de 40 à 44 ans, femmes (% de la population féminine)","SP.POP.4044.FE.5Y","3.71373103504741","3.77351666577497","3.82848220352759","3.88529054020593","3.93746601318323","3.98042395853418","4.01824492879619","4.05124118009539","4.07487532158061","4.08316374233189","4.0747804049254","4.06933334905969","4.07411351453503","4.07809551387319","4.06517226501293","4.01740804658743","3.95141107636039","3.88809184563124","3.82874119258646","3.76152569161213","3.68230302728306","3.61278774077425","3.54854080657709","3.47007292527341","3.40849044697418","3.38521846485233","3.38074096884451","3.40384728705384","3.47528429919354","3.54583330139925","3.5976793846846","3.65444327528376","3.6980689762314","3.72547752553216","3.77547837527609","3.85471449426324","3.93578075148238","4.01627599090004","4.0953821831335","4.17420803069816","4.25542880578535","4.34095653939441","4.43081943821896","4.52320561737482","4.61357772574378","4.70096019726623","4.80664361212379","4.92952866966868","5.03206298554993","5.1201853436837","5.21192699078033","5.29929382103435","5.37352010612038","5.4288489158004","5.47113692949682","5.50609522763182","5.53886366335935","5.5756243742296","5.61382228708485","5.64502216049717","5.66244122108925","5.65841113113268","5.6280494844913","5.59014028427054","5.55434074415143",
"Îles Turques-et-Caïques","TCA","Population âgée de 40 à 44 ans, femmes (% de la population féminine)","SP.POP.4044.FE.5Y","4.90737731556711","4.88953866146849","4.91136770206538","4.92900277460421","4.88124488124488","4.85357025337282","4.94541845848495","4.97255945451522","4.96240601503759","5.06371562709591","5.2887844190732","5.48354935194417","5.59713634884478","5.59618441971383","5.42888165038002","5.09910727795431","4.66076696165192","4.29659433826699","4.08220327135468","3.96900910697295","4.0057978653314","4.19890904477991","4.35894313892609","4.40420560747664","4.45316881660124","4.58418725056628","4.73225404732254","4.85097019403881","5.0734441437959","5.37182361733931","5.49233939611146","5.47339792622811","5.52650631485802","5.62843197071385","5.81589049033099","6.07521697203472","6.32753528060387","6.53332497335256","6.72944281173154","6.96966214663296","7.29786296541088","7.67325428194993","7.9483457630512","8.16171945272925","8.37148756620882","8.55484917011563","8.63519941456275","8.63795110593714","8.58870668546412","8.49831171139151","8.42033435687479","8.4909377462569","8.65720489662334","8.80420105026257","8.89490198336164","8.83486592148009","8.68628481345245","8.52945623141662","8.42520065757664","8.45368496941789","8.57233258752006","8.64864864864865","8.65888830624017","8.61478430522437","8.48175873343659",
"Tchad","TCD","Population âgée de 40 à 44 ans, femmes (% de la population féminine)","SP.POP.4044.FE.5Y","4.96357716152829","4.95368744916857","4.94886317847029","4.94389313745282","4.93047256065215","4.9064597799612","4.87147192258587","4.82411480127732","4.76889330396858","4.71295482510107","4.65825730342553","4.60460341112645","4.55002644421259","4.49370148143216","4.43455225054131","4.36954534907398","4.30004423035242","4.22778463402083","4.15314903305612","4.07987953478582","3.96976543138221","3.84992703273725","3.81178684107529","3.78187495956555","3.68794484037857","3.59354451046399","3.54288330198951","3.49806313384112","3.44606000874394","3.43973382323779","3.47605031653375","3.54458929950684","3.6289501315969","3.6754860512656","3.68472075060451","3.69514490498085","3.70244354098039","3.6979399072997","3.70111659558632","3.71318749496842","3.73141815306489","3.75360791566379","3.7828470156615","3.82485765968913","3.87427003278104","3.91264340273849","3.94023232224272","3.9616590002495","3.98037385316132","3.99883826698806","4.01527161553484","4.03315055813114","4.06388704276136","4.10487614043441","4.13754100406645","4.15402503522135","4.15992314911344","4.14737921244839","4.11625608103467","4.07699437081714","4.0367146931654","3.97804374927887","3.90270163532566","3.89306051439181","3.93851290583874",
"Asie de l’Est et Pacifique (BIRD et IDA)","TEA","Population âgée de 40 à 44 ans, femmes (% de la population féminine)","SP.POP.4044.FE.5Y","5.04923292703219","5.05869691822981","5.03204637303845","4.97926882558098","4.9534072831493","4.93441622061723","4.88965834118776","4.85635388076685","4.84353474894179","4.80870027881264","4.77143680467672","4.75918265117296","4.76047031523652","4.77334241937574","4.79794377297008","4.82111554728079","4.84033267122387","4.84017305590852","4.79562662189465","4.71511193585926","4.63463587176068","4.57825323901408","4.53230595687532","4.49141487000247","4.48052286264884","4.49570369843662","4.53324792914315","4.61075355524902","4.74802148829756","4.9387369712386","5.19259968463422","5.47399855092765","5.80107141629571","6.13054102985302","6.40365149688223","6.6251615807443","6.76361812969709","6.85289517705221","6.87455786957345","6.7346231517465","6.46425172023378","6.18415132879011","6.09789988547816","6.41426763346472","6.95207176693428","7.50269975983474","8.06477000980926","8.36942340747038","8.36402173726492","8.36022487063695","8.41653170622465","8.4628632961363","8.49719024930936","8.43323902282064","8.23087449265937","7.93765897972462","7.59928376704154","7.26293381167919","6.94405243759551","6.72188920236782","6.63144753378184","6.64704647942895","6.78196506835371","6.9364924068963","7.03703190803152",
"Europe et Asie centrale (BIRD et IDA)","TEC","Population âgée de 40 à 44 ans, femmes (% de la population féminine)","SP.POP.4044.FE.5Y","4.90570963839786","4.94623969829645","5.2095653618361","5.54386513098054","5.88524868590676","6.29052632247276","6.69685757392844","7.03111263509825","7.26786513661181","7.40233092547883","7.40874083132312","7.28401396379501","7.065481717875","6.75214430362666","6.39290670635365","6.15345561185543","6.11947932079943","6.27293370880573","6.53696182208142","6.80306224905197","6.90409215535908","6.80158552923227","6.4126411251551","5.76185638929352","5.09211515264964","4.55556561114046","4.28120772813966","4.35305447871734","4.68411559379901","5.18084785132297","5.72686920437737","6.13563688594434","6.39774970617194","6.61568818154637","6.75670563163332","6.84961514092893","6.95945545610442","7.05998486261119","7.17003353698673","7.27876601255861","7.3623189919933","7.41352340731175","7.40228023946974","7.33790740604175","7.22223759722189","7.04712089162153","6.84605650314793","6.67358519094651","6.54205934384444","6.43357766481218","6.37459250112942","6.37586798085007","6.41420466800608","6.46670363595061","6.53520647285074","6.61549420271475","6.69978123025817","6.78062051826275","6.86043555575535","6.94117235088959","7.02375730808357","7.08613574701274","7.13211984673611","7.20446798161069","7.27999179221543",
"Togo","TGO","Population âgée de 40 à 44 ans, femmes (% de la population féminine)","SP.POP.4044.FE.5Y","4.55781508283005","4.52688293905948","4.49957644427956","4.4741740902455","4.44781649815195","4.42014398579587","4.39215033922027","4.36439400034651","4.33697491251305","4.30905956385425","4.28060191710686","4.25211933970851","4.22397900351885","4.19602670345272","4.16737361359852","4.13789456014606","4.11047267124413","4.0874260393407","4.06659778159627","4.04439242255752","4.02124618421957","3.9984084499228","3.97731587015401","3.96333230208761","3.96193776768544","3.97310675395318","4.00254372800886","4.04325274572731","4.0784321567738","4.09908256036866","4.12637390868566","4.15756121780845","4.17683776638427","4.19788539725153","4.22723212162396","4.24342687664575","4.24621752050936","4.25511332693763","4.26799023719164","4.28433313199814","4.30424299520882","4.32592933707333","4.35022542206253","4.38047480667209","4.41596890508046","4.45302958951014","4.49289164172178","4.53133127657628","4.56505728320669","4.59863964290244","4.63314380115516","4.67075739403899","4.71390125868368","4.76163207344843","4.80988620212515","4.85598965025066","4.89903857271956","4.93731419641602","4.97043250048938","4.99791622846497","5.01904987667333","5.03346315314887","5.04347054206827","5.05006617370609","5.05363696225502",
"Thaïlande","THA","Population âgée de 40 à 44 ans, femmes (% de la population féminine)","SP.POP.4044.FE.5Y","4.19507768075213","4.17437247202577","4.15338301851413","4.13971228052607","4.14601148534999","4.17368733766664","4.22105469696054","4.28900549375754","4.36767650594188","4.44217451242852","4.50913578178135","4.568000401133","4.61510783275095","4.65636551622416","4.70169009602598","4.74985106994587","4.80605301641125","4.87676760274419","4.94578874230931","4.98574988314492","4.99224681318252","4.97118214120293","4.92871234732542","4.88331459725434","4.85906391381127","4.8699357277487","4.91511002559924","4.9952283311728","5.10047040795215","5.25382318618732","5.47384222483421","5.7248007256484","5.98421433690624","6.25028399291418","6.49648539624081","6.72323839625807","6.96718491028006","7.21946518500757","7.46091930242935","7.70773766040921","7.9168249737817","8.03484187460724","8.11303297836778","8.20818744746339","8.3018673339396","8.36137049116438","8.397196078367","8.42531895904956","8.44806713272356","8.47142661931352","8.48291033604952","8.46083086070811","8.40182055678305","8.30687844422257","8.1762007448926","8.02080547758639","7.86438216033094","7.72760815690201","7.61917452956816","7.5414141716352","7.49269383067664","7.46185517150271","7.43168383672065","7.38324815732925","7.29939538440842",
"Tadjikistan","TJK","Population âgée de 40 à 44 ans, femmes (% de la population féminine)","SP.POP.4044.FE.5Y","4.27072715015286","4.22734706023553","4.30217136868001","4.46578309811807","4.66020034955783","4.84973141236214","5.0451828516809","5.25057362097966","5.43720885266916","5.56947248349939","5.6412270519575","5.6457512322102","5.56993863068833","5.44885636584007","5.34376776429396","5.26418592743978","5.21280390300433","5.21052255479445","5.23655264940549","5.19270460255588","5.05714807112656","4.81297269748499","4.44602994667073","3.99864655343044","3.52607223840656","3.07072946316633","2.70214929733198","2.53391065879255","2.57596362897239","2.80116934031611","3.1141370246964","3.39501374011001","3.60035060356884","3.74711314922752","3.86486653347426","3.96540340142471","4.08420927868654","4.22024640089912","4.38397571770451","4.59569153918202","4.84906055916968","5.10564361604256","5.31039895244796","5.44423365599045","5.50473253696838","5.51134805631295","5.48039694542472","5.42730173260851","5.37460569226618","5.33141832482688","5.30097225107282","5.28314548893195","5.26265185751174","5.22800114652005","5.17600517963685","5.10825675731495","5.04002629065625","4.98824919389008","4.95995748307543","4.95837578098716","4.99695753099292","5.07039936106324","5.16159439144025","5.27482779948858","5.42054515089808",
"Turkménistan","TKM","Population âgée de 40 à 44 ans, femmes (% de la population féminine)","SP.POP.4044.FE.5Y","4.04181491171866","3.91541261667518","3.93145797242397","4.05001688589465","4.20450011549526","4.35513619547607","4.52389665918717","4.72092379197823","4.90154436715264","5.06032370510197","5.18649462889952","5.21609208363512","5.13325712719785","5.00281902983305","4.88742899827074","4.81315984923001","4.82273086513308","4.94006979100782","5.0906750425173","5.12551476153084","5.00491187217697","4.76555638132559","4.41384645772979","3.99541427826993","3.61413890871928","3.27926955535714","3.00065158718939","2.88302872092407","2.98491226384515","3.2626228629984","3.59883873820716","3.9188464998613","4.19267843728962","4.41602578718332","4.61077133542834","4.79646089858053","4.98735974977218","5.19995933293244","5.44109469870225","5.68807638270227","5.9177091109048","6.11762485480772","6.26723986225274","6.35026580849306","6.36573218821783","6.33095596587672","6.2673206818544","6.20131628450776","6.16129320432465","6.16333843881163","6.21218153463128","6.30183672299726","6.41095498119242","6.51210972128904","6.5849088021231","6.62109020547564","6.61732622377364","6.57093910118041","6.48801520782909","6.38415984159842","6.27690440734987","6.18511966722916","6.13190363994546","6.13803804519931","6.21070798439305",
"Amérique latine et Caraïbes (BIRD et IDA)","TLA","Population âgée de 40 à 44 ans, femmes (% de la population féminine)","SP.POP.4044.FE.5Y","4.47945222370239","4.47508045832618","4.49281593611141","4.5270528437516","4.56866741661353","4.60957760701541","4.64759253530086","4.68186458162168","4.70882696338839","4.72351134860248","4.72376179613504","4.71008768034774","4.68215139807409","4.64072437243872","4.58961705607048","4.5339909817569","4.47781408741062","4.42309246715117","4.37553500664466","4.34278793488017","4.32629856436051","4.33024601504744","4.35309414221431","4.38522287670262","4.42417869825622","4.47138692600397","4.53030922142212","4.60530905624781","4.69701020772611","4.80688702273856","4.9276616019353","5.04605441074624","5.15830003244328","5.26440905406018","5.36034561932401","5.44998295364326","5.54165329517636","5.63490766078261","5.72913035154819","5.82496376147074","5.91903331815568","6.00624418071033","6.08671806350299","6.16068706083282","6.22404930674439","6.27262441955942","6.3058428986972","6.32529867788793","6.33403050985089","6.33789588300726","6.34614911735119","6.36521172667227","6.39597873139911","6.43732471525648","6.48448998536393","6.53364665305602","6.58622277266675","6.64351041626625","6.70352381305025","6.7669617494483","6.83606065788024","6.90661031825217","6.97094186518071","7.02334545015693","7.06367605742516",
"Timor-Leste","TLS","Population âgée de 40 à 44 ans, femmes (% de la population féminine)","SP.POP.4044.FE.5Y","4.710433692482","4.74010851259688","4.73017125654243","4.70259810688227","4.69069800802931","4.70167742499468","4.73706311461802","4.80249847396527","4.87334729059394","4.91430858544775","4.92292065988434","4.89453845823737","4.82870202831133","4.76229945554479","4.74378453509208","4.79943305471927","4.92798156956491","5.12094920707883","5.34430976735342","5.54035536438034","5.67718819619009","5.70459912142226","5.63983395723132","5.56185018775368","5.48777244426043","5.41709598330874","5.33585169600116","5.22961135136425","5.08330634523729","4.91363112415715","4.75204981046226","4.68635297069745","4.70993182122124","4.7394896458574","4.77969952669197","4.83494390811615","4.90771943369258","4.99456304334353","5.09051546098079","5.19901665266591","5.31689401308808","5.38501794921506","5.43910920000983","5.47717749218868","5.49507717680656","5.36169317995836","5.09715987732487","4.85006971719844","4.63793261070899","4.47143211349672","4.37774914219206","4.36625196551387","4.38497321274267","4.38962861118911","4.3693678944348","4.33193405677113","4.2951680290044","4.24405504854841","4.15450529277813","4.03740111403934","3.94006638130476","3.93110352401515","4.08237183050066","4.36955217097443","4.70266806813437",
"Afrique du Nord et Moyen-Orient (BIRD et IDA)","TMN","Population âgée de 40 à 44 ans, femmes (% de la population féminine)","SP.POP.4044.FE.5Y","4.518378468399","4.53337888791518","4.55424797989187","4.57911590920757","4.59974835886699","4.61329088616646","4.61707453012916","4.60942332816531","4.59494027548341","4.57979940204259","4.56544102425288","4.55173714701525","4.5396760589116","4.526423656582","4.50484352652158","4.47073949494651","4.42825439883928","4.37963838525193","4.32509234596335","4.26456903109377","4.20244133188831","4.14320298743766","4.08519284856629","4.03551209750075","4.00698315002217","4.00572399705539","4.02834488082496","4.06423969533444","4.09717643996399","4.12350010690114","4.1553102900282","4.19585682321391","4.24558148070277","4.3117456203779","4.3939179068098","4.47777648162312","4.55490349744201","4.62091222547331","4.67739939277908","4.73271815754996","4.78774949578638","4.84065841407717","4.89462458833621","4.94706766993328","4.9934533916455","5.03872543344804","5.08516793023803","5.1244949419587","5.15270780426982","5.17758793352243","5.20378019973051","5.23068419272139","5.25750927712303","5.28332117873977","5.30904545609576","5.34056338213819","5.3802246546126","5.4293143910126","5.49140862041415","5.56881981592142","5.66143338667569","5.76611248405496","5.87419358269821","5.98001935037328","6.08322270587164",
"Tonga","TON","Population âgée de 40 à 44 ans, femmes (% de la population féminine)","SP.POP.4044.FE.5Y","3.93758943821262","3.97813225492399","4.01621653152891","4.05685561740316","4.10403904921252","4.15679198534956","4.21301154249738","4.26644787446797","4.31388815566198","4.35876253067163","4.40055188439474","4.43210991727679","4.4440551273067","4.43992835491871","4.42223469960696","4.38769042467161","4.34977005620848","4.34153855826967","4.3688005334667","4.40984252785328","4.44308875837538","4.46147656822191","4.44641238981794","4.37917168039657","4.29051381368731","4.21644701728456","4.17533752268091","4.20330259489599","4.27900928540951","4.3196566141262","4.31361060319834","4.29491190183059","4.28146279949559","4.28992291860043","4.32461884629744","4.35115967030861","4.33471199435085","4.30487866150832","4.29661397297162","4.30893584143116","4.34983712713924","4.41610764506855","4.47706065318818","4.51356679035251","4.54414476717381","4.60295788498811","4.70449756041995","4.86221215553039","5.07857236730939","5.30434050986734","5.50005121090513","5.57034590874095","5.5774345098548","5.56498983881295","5.49360613810742","5.3825709889495","5.31770604357058","5.2895879031129","5.22491124973352","5.22577138171533","5.2690901426778","5.31144727352401","5.35885080296226","5.44839747668478","5.55742551739823",
"Asie du Sud (BIRD et IDA)","TSA","Population âgée de 40 à 44 ans, femmes (% de la population féminine)","SP.POP.4044.FE.5Y","4.99202545599042","4.96190437101412","4.92931942362866","4.89623395678601","4.86596777175694","4.84176716930412","4.82294631291972","4.80750624693433","4.79405092293004","4.78286232567048","4.77574601805687","4.77240527353318","4.77061740253866","4.76810692347334","4.76283935848695","4.75249112108877","4.74043726492266","4.730793268052","4.71797379388081","4.69145226063997","4.65094802848635","4.60005663735329","4.54191530129073","4.48627042258265","4.44576905288455","4.42572960458849","4.42289335950087","4.43235711332745","4.44274183485039","4.49165436723973","4.59203898388399","4.70759401246778","4.83509595910942","4.9819057719313","5.1105224287162","5.20340820128462","5.28564456798575","5.35698875202864","5.41475822224396","5.45837078500919","5.49403563115119","5.52760642509653","5.5600248166215","5.59290116842082","5.62670533253736","5.65563032700615","5.67969947553577","5.70576786963486","5.73677286133351","5.76981302523441","5.80731800682828","5.85577716237451","5.91265136449273","5.9739979402061","6.04360720647782","6.11497020438473","6.18236556534429","6.23508061812711","6.27027792593598","6.30798834604652","6.36613548335488","6.44484915170587","6.54582843638352","6.66951996585239","6.80052744338606",
"Afrique subsaharienne (BIRD et IDA)","TSS","Population âgée de 40 à 44 ans, femmes (% de la population féminine)","SP.POP.4044.FE.5Y","4.60415662907743","4.59922315208427","4.58998130619849","4.57858284750617","4.56417100507116","4.54824236254343","4.53386012786439","4.52028919894733","4.50665317137826","4.49291990503237","4.47992562457469","4.46719699147038","4.45108223555172","4.43079042063819","4.40671548337258","4.37771083523486","4.34692112265277","4.31497756587403","4.27915520934605","4.24203321833896","4.21314557796956","4.18974424786044","4.16461749215177","4.14609026735697","4.13427346287253","4.12861351208101","4.12678410313814","4.12127897238299","4.10671573416627","4.09052139830703","4.08372730608735","4.08240842169488","4.08318147458606","4.10655419447417","4.12849401862451","4.13377728488569","4.13728948095503","4.14424994412038","4.16432082626959","4.18703379920511","4.20833958159015","4.22819110705996","4.24449294437748","4.25243076612186","4.25282332312409","4.24923869638338","4.24359794651462","4.23987534460928","4.24275314654127","4.2525860938361","4.2665767929268","4.28358719859995","4.3013120449168","4.31777719498647","4.33634153214984","4.36069113140421","4.39018069220634","4.42360826727163","4.4651516911828","4.51403970905912","4.56470889363754","4.61604788636348","4.66581238216699","4.71139800908012","4.75089552419305",
"Trinité-et-Tobago","TTO","Population âgée de 40 à 44 ans, femmes (% de la population féminine)","SP.POP.4044.FE.5Y","4.96972739786492","4.92370818263488","4.88293956197327","4.84832513926931","4.81313647461659","4.77346347926713","4.73379097505166","4.6947595219972","4.65147486038098","4.60155176594197","4.55500351460157","4.51314787620346","4.47072644548024","4.43541586962618","4.40604747507825","4.37619636633854","4.34358690752265","4.31049443420629","4.28102251995749","4.26292673581456","4.26769157044932","4.30570957433143","4.3759857916366","4.47270796587288","4.59887384186412","4.75034726226952","4.91861965204251","5.10791214417199","5.31861248115047","5.548756653576","5.79615956478872","6.0442467925911","6.2808341149975","6.531067421695","6.82033136984275","7.08952108079535","7.28178181804316","7.41942198674772","7.51572258002485","7.56959668549133","7.64494697437608","7.78958406883718","7.95533699670773","8.06506058344881","8.07402143617198","7.98932539452893","7.8240401677543","7.59089808482226","7.33643973491976","7.09728141146529","6.89420067837999","6.75795203265862","6.71257375410136","6.74993949347999","6.82526739891601","6.90446891437834","6.9827358241094","7.07110293911812","7.17606747354045","7.34453581759083","7.59483697974532","7.8760540839439","8.15249410353576","8.39699731127061","8.59530191175033",
"Tunisie","TUN","Population âgée de 40 à 44 ans, femmes (% de la population féminine)","SP.POP.4044.FE.5Y","4.58717420617802","4.53554150461229","4.49591289989614","4.46509684013387","4.43651435274232","4.41082893141764","4.39116401858639","4.37413554633472","4.36137160973472","4.35869184103825","4.36310635628523","4.37423309616527","4.3933352426941","4.40829711144862","4.40209530600487","4.37629978310915","4.32919382605241","4.25596402033633","4.23966331171475","4.29897725616389","4.35480400381485","4.37207618073833","4.33563495556402","4.23825902741317","4.09912766583334","3.98501351063547","3.9249657887132","3.91366487946853","3.95857013005003","4.05361032647579","4.18223815346394","4.34131249962381","4.53732951201473","4.77083029947558","5.02687676199193","5.27387923435161","5.48875116469739","5.67337824850634","5.8353669380204","5.97451156456626","6.09845658345347","6.21855326293328","6.33866530935552","6.45989811728461","6.5873790068094","6.72404658759405","6.85570196730357","6.94761207191899","6.97465289467865","6.92612491630339","6.82900871656995","6.72401863165356","6.66954413351011","6.67372238023988","6.70872157648599","6.79402285696436","6.93054869283497","7.05575859931611","7.1359839343875","7.22115580698394","7.34155310297049","7.4566982925945","7.53026763312279","7.59709785559522","7.66694434216838",
"Turquie","TUR","Population âgée de 40 à 44 ans, femmes (% de la population féminine)","SP.POP.4044.FE.5Y","4.46635337199974","4.45679024523401","4.4474737086378","4.44637021595371","4.45316548076227","4.46949621061436","4.49304350892071","4.52019480382928","4.54954909442608","4.57924973792164","4.60944492871375","4.63995139000627","4.66731564183341","4.6886637158411","4.70455340770706","4.71643358907513","4.71940876691683","4.71458075609832","4.70896997075501","4.70455320872956","4.69266045745374","4.67300197262292","4.65946350093028","4.6548953070562","4.65760213221667","4.66780518397002","4.68543148198377","4.71075991819327","4.74397186686012","4.7855211926307","4.83859459472316","4.90282088478966","4.97527693397356","5.05464327978365","5.13918555143736","5.24422692680111","5.37170933864814","5.50364309420332","5.63125494078476","5.74846514707674","5.85447235870244","5.9528807015183","6.05042208662167","6.15533246577604","6.27011554231124","6.3878710894785","6.49650375183547","6.58144909919737","6.62996081669594","6.59142391568212","6.44594595815165","6.32408839971207","6.31655424241813","6.40197337340689","6.55331824764135","6.74123224045619","6.94903449708381","7.15191718539403","7.33475327861477","7.49188557863943","7.60991668719907","7.67435657580203","7.67858784842461","7.62411759808068","7.53039289958121",
"Tuvalu","TUV","Population âgée de 40 à 44 ans, femmes (% de la population féminine)","SP.POP.4044.FE.5Y","6.25325690463783","6.61726693089781","6.99181446111869","7.35740803239959","7.28187919463087","6.78475935828877","6.23130608175474","5.6172328086164","5.076897635191","4.88486842105263","4.90677134445535","4.89476260401371","4.91107847936042","4.9901832460733","5.05115089514067","5.02589095339628","4.99199534274487","4.96859734822052","4.92948287441236","4.89902280130293","4.87835944465673","4.8981631888042","4.99078057775046","5.10241182886923","5.14661879114303","5.05419415645617","4.89356779268857","4.75811041548093","4.74321596770576","4.92365567603452","5.2372621911218","5.53453680683169","5.85966791644349","6.27192516211332","6.63992399451071","6.90596137699412","7.07798308800501","7.12949490750364","7.25973487986744","7.51522659234025","7.77148739063304","8.10560920484898","8.32136261030166","8.20994587970999","7.88142452448402","7.46089049338147","6.95384003183446","6.56675211989746","6.27684498242874","5.97563333977954","5.75009567546881","5.46675494183297","5.08046407185629","4.74948780033526","4.53400503778338","4.40433888161586","4.3572166400601","4.36305129661177","4.43147013782542","4.52076057431121","4.46173544765094","4.34651676370207","4.26054895534617","4.10887475232037","4.0335420868273",
"Tanzanie","TZA","Population âgée de 40 à 44 ans, femmes (% de la population féminine)","SP.POP.4044.FE.5Y","4.27782362445017","4.2684138858419","4.25597210532012","4.24210165586333","4.22669251585325","4.21062164975233","4.19444757630605","4.17821610616848","4.15831280131906","4.13150117741814","4.09872048573736","4.0605319209974","4.01595078546737","3.96562628738024","3.91003447641136","3.84983345672149","3.78982969275624","3.73429604523885","3.68655202119482","3.64679482537996","3.59285111351878","3.53132460268314","3.49199221492529","3.53929079113534","3.62224631909708","3.75157209953734","3.93450729912143","4.13702521793275","4.31005760585619","4.38619301508689","4.42614661699974","4.45095986318214","4.46489686918912","4.4874649383353","4.53315240948074","4.57167587058434","4.57277677376307","4.54329714836113","4.48803204124521","4.40434085472064","4.30072094727194","4.18129699166672","4.05381533467126","3.93133502056523","3.82575586217492","3.74575229011091","3.69893062825022","3.68785457602852","3.70636376923749","3.74742578526094","3.80994870254171","3.88966488361054","3.97638165473345","4.0653988758621","4.15612567234428","4.24504994260189","4.32432799073604","4.39241293149387","4.44983824772204","4.49268614361559","4.52494954877632","4.55091814443888","4.57104532696156","4.58852233105121","4.6047681039857",
"Ouganda","UGA","Population âgée de 40 à 44 ans, femmes (% de la population féminine)","SP.POP.4044.FE.5Y","4.72109549176324","4.71994261992755","4.71420192877626","4.70428045528625","4.69062457552798","4.6730567502807","4.65082544095112","4.6228362119878","4.58844874552312","4.54743508815596","4.49809353546218","4.43888143492027","4.36672454373011","4.27987417447115","4.18284143480957","4.07578323727558","3.95870817505078","3.83597400253826","3.71083985294399","3.57941568582638","3.4417891325051","3.30746053994723","3.18205386396011","3.06862735465025","2.98548952693984","2.93953734914642","2.92702840679516","2.95685985407188","3.03861027259687","3.16861507806055","3.31449878072463","3.44643011421491","3.55297522267622","3.62312352507319","3.6469452710717","3.62970627090152","3.60774832613283","3.59126746378794","3.57698951977133","3.57022425653033","3.56285965882329","3.55510576473628","3.551152394227","3.55090933718428","3.55044065559983","3.55341851070716","3.56233497777671","3.5771734740891","3.59666191305708","3.61475014564466","3.62855387843359","3.63828012493043","3.63968461586378","3.62894588748764","3.61172608618879","3.59534957846171","3.58381418310058","3.5774554023309","3.57650991549506","3.58735480800601","3.60505121293524","3.62978885563678","3.66714209646038","3.71643600231499","3.78652831185889",
"Ukraine","UKR","Population âgée de 40 à 44 ans, femmes (% de la population féminine)","SP.POP.4044.FE.5Y","5.28555720389018","5.40661375243926","5.82900565332856","6.2772805676307","6.68177686489378","7.19428059134939","7.67211402361123","8.00913967307538","8.22473857486033","8.30686154870891","8.22593655943226","7.94497082260683","7.48434454226424","6.88349402255273","6.24385916773395","5.8487944522894","5.90448589623434","6.4295059759794","7.20493550291995","7.930082214883","8.27854658557222","8.23986941873743","7.71893170310765","6.76987238886926","5.85305345109029","5.09880007721463","4.60177426717668","4.55722789959304","4.75585062179228","5.09552591061578","5.65652065441726","6.22202478861265","6.5234609182924","6.79931874361528","6.97715007782939","6.97692667990871","7.07065053741487","7.18262103990123","7.29383612045979","7.46334527398848","7.59458428651564","7.64039639261829","7.64521051800045","7.64536138014014","7.59485296659543","7.52134641548487","7.40670828656274","7.18998935389951","6.9716235755801","6.82094728405117","6.77971422298288","6.76932043296307","6.75635570661265","6.7178404909767","6.65711419303493","6.59060627324921","6.58147734148991","6.64829988690106","6.78183995145142","6.90307389567415","6.98934155851246","7.11888941396938","7.27297598298324","7.47072114002331","7.62947859831999",
"Revenu intermédiaire, tranche supérieure","UMC","Population âgée de 40 à 44 ans, femmes (% de la population féminine)","SP.POP.4044.FE.5Y","4.92241109481315","4.93774717063024","4.94958545767799","4.95003896308708","4.97009979505175","4.99840146246172","5.00368032994373","5.00903820899261","5.02047077085448","5.00473114491614","4.97498646604737","4.9499315832019","4.92218575210433","4.89436029228838","4.87437458838633","4.86604828829904","4.87464879128247","4.88690281647181","4.87597379030072","4.83326207622441","4.77787410419823","4.73120482102109","4.67430232502406","4.60427846122809","4.55763347876312","4.53950052128721","4.5546975085046","4.62553043314165","4.75903361932008","4.94013591791858","5.17531336712804","5.43168326458337","5.70880107164619","5.98457758315851","6.21199613844222","6.39224329767337","6.51266742989064","6.59692591891713","6.63347011243372","6.55198557838204","6.37256447009562","6.18532429811997","6.14493921740333","6.40436249199402","6.82493521938979","7.25153986236917","7.67850774382596","7.90434665411713","7.89475947300313","7.88816590289742","7.93091206248461","7.969758951903","8.00356518230776","7.96713837009298","7.83179206283444","7.62972706316984","7.3954151528997","7.16511800151422","6.94827924756214","6.80253313548336","6.75781714045477","6.79615089331842","6.91881847183609","7.05058429872793","7.13956586526878",
"Uruguay","URY","Population âgée de 40 à 44 ans, femmes (% de la population féminine)","SP.POP.4044.FE.5Y","5.89656056081748","5.9038696792399","5.98856693053146","6.12785640128122","6.26679105812714","6.37992660689854","6.47652214666239","6.55754748504715","6.61941140705192","6.65964147121791","6.67866399669124","6.67485573396725","6.64499731941889","6.5917625717305","6.52269158014295","6.44321446240969","6.35960892876489","6.27713960565789","6.1945974545292","6.11336634573443","6.03686430558965","5.96516620225796","5.89834914874791","5.84042815714607","5.79494784872953","5.76281430629044","5.74851913421745","5.75571388736647","5.76116810193946","5.7469700024466","5.73048851257099","5.72281699439572","5.72241486839689","5.74922887878682","5.81528062258234","5.89124776122321","5.96701225688586","6.04131245564498","6.10624331071706","6.16111902409716","6.20874513157946","6.24890161824287","6.2824786162687","6.3176815156752","6.34606256423148","6.3621129136648","6.35884881688874","6.32273514920336","6.25476453086476","6.17766238452783","6.10941869201907","6.0530667610801","6.02466511875044","6.0450034767219","6.12660047891201","6.26655595043577","6.43733874707645","6.58353151743037","6.66750363767811","6.66737153430157","6.56699603619723","6.41576092781958","6.28058615483186","6.17493677189546","6.10684177858434",
"États-Unis","USA","Population âgée de 40 à 44 ans, femmes (% de la population féminine)","SP.POP.4044.FE.5Y","6.51998283052713","6.52938929729728","6.5550889117069","6.53986208893915","6.49570792498123","6.44690786593386","6.35435613555272","6.23236321667018","6.10872571033322","5.9643931119624","5.80896120225359","5.66595102045319","5.53004376551251","5.39531251412983","5.2918450053955","5.21894780723946","5.15889448497363","5.11747307261714","5.11819054335692","5.14342820942746","5.17514473762289","5.2483932101854","5.40444350803939","5.61262368028153","5.79415612721588","5.92806018272436","6.13325798496967","6.41525665466502","6.65424640799496","6.87395783331529","7.10735187479042","7.24587978517387","7.27066844513864","7.31301878449291","7.41166732272869","7.54396413432576","7.68077932630413","7.79365839330155","7.87721227376238","7.92687552347561","7.93874910115891","7.93458991764491","7.90727108446585","7.83635386978549","7.74103931629202","7.60386426886159","7.40262532248724","7.17417433648468","6.95386965440469","6.7667952709857","6.66200320496415","6.61835250311114","6.55309032803521","6.45459946313036","6.33713058258314","6.18978501490867","6.0501611391237","6.00251012351524","6.03782719389471","6.1076316980293","6.21096781344479","6.32799891232876","6.42320163998742","6.49132847054235","6.52352269361455",
"Ouzbékistan","UZB","Population âgée de 40 à 44 ans, femmes (% de la population féminine)","SP.POP.4044.FE.5Y","3.71408126124987","3.79338126120898","3.98235956999387","4.23913991954686","4.50796356297101","4.75178389006028","4.98534420501429","5.21591573566998","5.41863034382009","5.56072030115651","5.64062931318673","5.65252643225715","5.58470877145342","5.4750113179275","5.38287276947639","5.31830592526773","5.29189625586178","5.31064626804777","5.32536339624845","5.25940940463608","5.09006036163998","4.83515894020862","4.50983280699552","4.153422332741","3.82539512176802","3.56518218917568","3.37535976934766","3.26841791628514","3.25657925709954","3.35117746811651","3.57856178124769","3.87298920376834","4.15271622029677","4.41415144081298","4.63523018205891","4.77413101919622","4.87429853739113","4.99270487586192","5.12590017184124","5.28577909679725","5.47306618002556","5.6722076319497","5.87125343036218","6.04387517514665","6.16438173666008","6.23010783960731","6.23529343993624","6.18181581907898","6.09188611745164","5.99397976832168","5.91124600571735","5.86595821109897","5.8615337526621","5.88970691408415","5.93588809302238","5.98025791203723","6.0167962319627","6.04473647611904","6.05676633541085","6.0652527188378","6.09003540627165","6.13011047074326","6.18953679988148","6.28928778133765","6.43589765362665",
"Saint-Vincent-et-les Grenadines","VCT","Population âgée de 40 à 44 ans, femmes (% de la population féminine)","SP.POP.4044.FE.5Y","4.14700045965672","4.11043622308117","4.07451792134219","4.03998020355906","4.00893236920459","3.9785455119104","3.94375286231733","3.92227605401505","3.91776174613231","3.91606264889249","3.91697186783113","3.9180632403172","3.90547559573371","3.87968356423174","3.84585320096928","3.8012405478601","3.74775713376165","3.68101100755571","3.57963374293368","3.4546523536775","3.35610363632933","3.30649097120547","3.28360159838667","3.27195704278999","3.27659692495447","3.30142659917165","3.34405852102412","3.40446133328462","3.48891216246983","3.58022111794471","3.67481680330842","3.78773469554113","3.93086169625817","4.10572814569237","4.30611213401206","4.5292143346927","4.77488290662311","5.04226725913081","5.3095345684591","5.55901827412085","5.79716687281624","6.02680790679598","6.24020864084615","6.4365332946046","6.61342173085505","6.75907977030833","6.85373134328358","6.87064469980156","6.79351355363007","6.65472993136377","6.50400405093678","6.37741865489297","6.31718772237772","6.34077493062244","6.40508342997345","6.47357322369118","6.54581002342283","6.61174729298123","6.67659712082161","6.76162200017755","6.83547313361864","6.88958752014645","6.95257831035829","6.99987917354706","7.00695632803086",
"Venezuela","VEN","Population âgée de 40 à 44 ans, femmes (% de la population féminine)","SP.POP.4044.FE.5Y","4.25415540837431","4.25815911965236","4.26468027545471","4.27333933201006","4.28388726863743","4.29595564692517","4.30926633613637","4.3227392120221","4.3355275200505","4.34660341738406","4.35446424466614","4.35936567257909","4.36133104575976","4.359042044362","4.35173082509764","4.33970011188583","4.32457188324083","4.30806604849689","4.29244268026522","4.27970698521835","4.27278523247405","4.27492852803465","4.28743194384468","4.31187718988926","4.35007854136438","4.40133061386186","4.46272663437861","4.53137716004599","4.5995099605","4.67453767723571","4.75927426483289","4.85250517592619","4.96229762670079","5.09147746664375","5.22869484388414","5.3679457413611","5.50716435995408","5.63765131808905","5.76034074673942","5.86474146964595","5.94733782859239","6.01203220038603","6.05767730394187","6.08809871600942","6.11608387859818","6.14498250573784","6.17080356332764","6.19530522157056","6.21703036589845","6.23431048486194","6.24582732100247","6.25061062321562","6.25110379035459","6.25523356234753","6.26843990198282","6.29300895742134","6.33297738156402","6.39165317001212","6.46425303541753","6.53171531443042","6.57327046677023","6.5849502143654","6.56655696997743","6.52296299023804","6.46427725519153",
"Îles Vierges britanniques","VGB","Population âgée de 40 à 44 ans, femmes (% de la population féminine)","SP.POP.4044.FE.5Y","4.42433383609854","4.3040179126757","4.09957889521922","3.91625615763547","3.74083129584352","3.56711003627569","3.4310815623887","3.31485331485331","3.21686078757626","3.17310713163682","3.19041867954911","3.22708767748982","3.26001571091909","3.33236179928107","3.46287033474413","3.62457077451354","3.80681818181818","4.01016661959898","4.14871698820004","4.112655040567","4.05081937028172","4.13429770515225","4.2637324851715","4.46487740225315","4.74782191671329","5.02085586281477","5.29657851486628","5.63227532354855","5.88317593564183","6.03868001081958","6.22468974526453","6.45814866404964","6.77369558505712","7.11657921717629","7.41111372733694","7.67330997645167","7.93970975514092","8.19949743253578","8.52230384328756","8.81910199844277","8.98324814008806","9.07348242811501","9.11376790966885","9.08178167214311","9.00153609831029","8.94621295279912","8.90964467005076","8.85270228053733","8.80939869379176","8.9191532403728","9.12605518904732","9.14252685978512","9.08133635406363","9.12899602295152","9.15378356387307","9.09869111393384","9.3123572697285","9.64247974638957","9.59694480314312","9.67792248303829","9.94104492783086","10.1601215230221","10.3216597346984","10.3687139975208","10.3298924420703",
"Îles Vierges (EU)","VIR","Population âgée de 40 à 44 ans, femmes (% de la population féminine)","SP.POP.4044.FE.5Y","4.6296572502461","4.42915561450044","4.51214512657579","4.56758746823116","4.58836733346537","4.58886321343122","4.589705262351","4.60816976895778","4.6673440917624","4.78591080577934","4.85524917151254","4.85999120363583","4.89551909858534","4.95155240675141","5.01368268552112","5.07100591715976","5.14486251973333","5.2374553439743","5.33507516935492","5.46426389737324","5.69514570826542","5.93760746745271","6.17846069847708","6.5335682887628","6.8750180415099","7.16213371102647","7.44653488925935","7.65586579449545","7.76814067017394","7.84784423865189","7.86913148314501","7.80564468600615","7.7075318141462","7.58731175905159","7.45729810143232","7.34865390152606","7.26565990528103","7.21368280764105","7.20617115762283","7.24512389841124","7.31881313687325","7.40306971583554","7.48106144118244","7.55114133847474","7.58946405901831","7.53941055517478","7.42009132420091","7.29814775084031","7.19873822688616","7.11182911506013","7.04340851949644","6.95516930884881","6.8295330163081","6.69222466222503","6.53336345835216","6.35002828840751","6.16891113103271","6.02338706403021","5.9294754170555","5.88918687093517","5.86134848602098","5.8363863769688","5.81958831636509","5.79867241803187","5.77690362461365",
"Viet Nam","VNM","Population âgée de 40 à 44 ans, femmes (% de la population féminine)","SP.POP.4044.FE.5Y","5.03008698431493","4.99998817667826","5.02061889760477","5.04995941814764","5.05855708551633","5.04030535345886","4.99524651611061","4.91254445956798","4.81586033299477","4.74875842993804","4.71815899695542","4.72381664690544","4.77234670254427","4.82886451540409","4.8395622573236","4.78809512596254","4.67949883185129","4.51692443597446","4.32436066414509","4.13659449638504","3.97644566788219","3.84568054071996","3.74174452728922","3.66526265245306","3.6127823581838","3.58433666425045","3.58371667324149","3.6127340105269","3.68393185237199","3.89041725026133","4.19450369501247","4.42714682210241","4.67922386929935","4.9657636923021","5.16842801715923","5.30757851327609","5.48319351095905","5.69722963396071","5.91624121044737","6.10824954161896","6.27110238002434","6.35158877131537","6.35665883769877","6.39183069233017","6.41266468606687","6.39967941012928","6.52688046965176","6.71593312933747","6.83233262238157","6.87452213739193","6.86121045568125","6.898636046919","6.98839353333545","7.04009056137468","6.99749281028906","6.95065460324219","6.91449633605935","6.84361008222302","6.79765481655559","6.85530169367938","6.9191114471238","6.95025668492689","7.08013884735968","7.30561357880065","7.53967581634593",
"Vanuatu","VUT","Population âgée de 40 à 44 ans, femmes (% de la population féminine)","SP.POP.4044.FE.5Y","3.81558564019667","3.81740436088262","3.82212944953113","3.83154088917486","3.84244349129551","3.85947764090328","3.88469782590541","3.91580876408128","3.87870055017029","3.79219584493906","3.73204908036537","3.70079026031393","3.70044052863436","3.71741284466362","3.74926901391356","3.79756298123645","3.85652447906443","3.919374019407","3.98127822529954","3.36670497263396","2.7374647499828","2.82970281921184","2.92964052468965","3.03554774374058","3.1478954641451","3.26680141485599","3.38888979578511","3.51875296724165","3.67497564081908","3.8541682170658","4.02903391386702","4.20332355816227","4.38867183490821","4.56628303495311","4.73221526583839","4.89383100248582","5.03931953137538","5.1540548688574","5.23328460958129","5.27950668510834","5.30415868073315","5.31277340332458","5.30508636929659","5.28202949314486","5.24929350020186","5.2114877885712","5.15630313276786","5.07123331125272","4.98374323391579","4.91867026659184","4.85121894470153","4.7947367756437","4.78122700344923","4.78364023942288","4.77461691343361","4.74764838076132","4.69366997726457","4.50507637361234","4.10815193618709","3.92392899391862","4.05530297131599","4.23173403928334","4.56440909912469","5.11471461626243","5.49712898615013",
"Monde","WLD","Population âgée de 40 à 44 ans, femmes (% de la population féminine)","SP.POP.4044.FE.5Y","5.08029730515939","5.1284088042175","5.20320392655697","5.27499427052813","5.33475590704559","5.36881023409535","5.37484218434037","5.37461755216957","5.37074864500203","5.34994979392054","5.31539841992512","5.27606638047605","5.23049247773583","5.17634304941101","5.12321677031412","5.08515003555524","5.06768723787983","5.06489187268623","5.06102312954685","5.04839018401605","5.02159028668493","4.98408375049983","4.92470676664209","4.8502061561971","4.78336288043082","4.72894547418922","4.7272300539714","4.800921663733","4.9171272340906","5.06638596056537","5.25114955848848","5.41699902044858","5.55891807888314","5.69957414146734","5.81960449408548","5.92004966005755","6.00115319418985","6.06538182479241","6.1099645790309","6.10609931833023","6.05821635451641","6.00275108230491","5.99705419401651","6.09925955437063","6.25622202494703","6.40466252407075","6.54377096656123","6.60827930803219","6.58902209739584","6.57085253009241","6.57791686872275","6.59690273188967","6.61794988173174","6.60763324714551","6.55992732890238","6.48670481128218","6.39977589297377","6.31556117706352","6.24088219144026","6.20032343542162","6.2074330478128","6.25018804090288","6.3282167383621","6.41540830766539","6.48339303543989",
"Samoa","WSM","Population âgée de 40 à 44 ans, femmes (% de la population féminine)","SP.POP.4044.FE.5Y","3.54675222868394","3.54836130384954","3.54826699453647","3.54254942012593","3.54348220022075","3.55953204705277","3.59563460238084","3.67099046606087","3.78957261200082","3.93004959170737","4.06492724683219","4.16790216314339","4.22346432441681","4.22210345700543","4.1335200811387","4.00245102990391","3.91992998479933","3.89587689598695","3.89854181081981","3.90341413885011","3.90267829630422","3.88239916676542","3.85426188832715","3.83606209995575","3.82797554296861","3.83216256899147","3.83576445164776","3.79656474448487","3.73301617744125","3.7023715022822","3.72034940868823","3.78662789264854","3.86945188883586","3.94385148280815","4.02871215761653","4.12155768097656","4.23900164466897","4.35491029714072","4.45607615165482","4.6074350509545","4.80796602256812","4.93316323074491","5.02419409036941","5.15607348169914","5.21293964634585","5.24350756624595","5.31131517236845","5.33969750240833","5.28722106467737","5.21913182161187","5.19429550312114","5.23328467766495","5.31955248621656","5.42064247318742","5.44098177003768","5.33355516566842","5.18261182072745","5.03711087861979","4.9128413996044","4.88371533706919","4.96097442791789","4.99256526567412","4.97047451176578","4.94142140802394","4.8805503324078",
"Kosovo","XKX","Population âgée de 40 à 44 ans, femmes (% de la population féminine)","SP.POP.4044.FE.5Y","3.93750896681765","3.92800309277424","3.97120994664753","4.03970307416102","4.1320802368033","4.25395866420181","4.39349374036023","4.53992062555679","4.6337716495375","4.65232874913841","4.63873770409947","4.68980823849632","4.80427334411386","4.89754169411602","4.9656644463254","5.00147192923252","5.00510210509077","4.98862456425979","4.95945954020287","4.91967728716453","4.87174937774791","4.81845645182372","4.76292261053815","4.71061396786148","4.67741777555836","4.67077437798158","4.68950326916993","4.73403378590197","4.706114004845","4.5897059778023","4.4622260816264","4.44528037695311","4.54825459476415","4.65345176879991","4.75990705461595","4.87138693005476","4.98043208960535","5.09659017839099","5.18858347459891","5.25819033770986","5.35289599119815","5.47011772309068","5.58399385952565","5.67877150997777","5.74960339607219","5.79868949342824","5.83863529859024","5.89348795002256","5.98374019504068","6.1118126658248","6.27318043230544","6.41904853777194","6.53085002167576","6.62865886419181","6.71825521105195","6.83203680052193","6.94969441891577","7.01651186216185","7.03810912548947","7.02561427714121","6.96526584259079","6.88434812832562","6.81837709896903","6.76871338936352","6.73522868835273",
"Yémen, Rép. du","YEM","Population âgée de 40 à 44 ans, femmes (% de la population féminine)","SP.POP.4044.FE.5Y","4.65194613808795","4.65840279211827","4.66308819520385","4.6665697032887","4.66822581409586","4.66760703848629","4.66479000997698","4.65960157192989","4.65255442468064","4.64317363605209","4.62945828391222","4.61228421886629","4.59357431979599","4.57249108078447","4.54663864707505","4.51399704226517","4.47811766711577","4.44263122246499","4.40453547263438","4.35667211408869","4.30021699433887","4.23573154471523","4.15907104495267","4.07568327081133","3.99656687990741","3.9253341473458","3.86668139544033","3.81909227336873","3.75147721406074","3.64694048692381","3.50819431986271","3.35481785806162","3.21555528512903","3.11377892814723","3.06113057953668","3.05609216211982","3.07980275690338","3.11000743712251","3.14534391505492","3.18537199849797","3.2277503141847","3.27141734530618","3.31606307486376","3.3611145012651","3.40892759674313","3.46454978207715","3.52689053322302","3.59335485679993","3.66175118722419","3.72766580760968","3.79262866969222","3.85843841926989","3.92091170987485","3.97926600319317","4.03789542153288","4.0992409089393","4.16516778096961","4.23758539580279","4.31699525474431","4.4111720414661","4.51800751344895","4.62853038922384","4.74452481235057","4.8657215899186","4.98299973286062",
"Afrique du Sud","ZAF","Population âgée de 40 à 44 ans, femmes (% de la population féminine)","SP.POP.4044.FE.5Y","4.78088079986731","4.73393493027551","4.68711452235611","4.64056196248013","4.59633907578155","4.55514784160694","4.51630026872909","4.4794496486886","4.44525906937659","4.4141463855078","4.38681928453781","4.36377999329475","4.34211756928332","4.31905537597307","4.29626075902465","4.27797114013525","4.26631944843656","4.26225215250986","4.27023026129108","4.29383189764159","4.34983584496639","4.43052378141687","4.50790477258536","4.57337129532242","4.62270046691325","4.66495425263424","4.69989297747953","4.72336244710144","4.75149001877774","4.80842705297487","4.91257719748999","5.03411423590016","5.09537661846459","5.27000966113434","5.28650408177221","5.1036499633595","4.99548875392836","4.99118288695063","5.13949345031773","5.31889904877763","5.5206934110648","5.71737736927722","5.87379303836967","5.97241909404804","6.01358416343707","6.01155363979247","5.98760223224884","5.96204431366366","5.94571825835425","5.94905834310499","5.97092015673136","5.9998353549083","6.011107360357","5.99828382498863","5.99494306880699","6.00844539144169","6.03596258170413","6.05145368815732","6.08941595145467","6.17207090899694","6.29043752531473","6.47899648743429","6.70095412069761","6.92154499734104","7.1280188726969",
"Zambie","ZMB","Population âgée de 40 à 44 ans, femmes (% de la population féminine)","SP.POP.4044.FE.5Y","4.26200601597345","4.2584902419623","4.26260384640689","4.26750174395161","4.26249683741752","4.24532361312967","4.21708593850391","4.17713050017292","4.13035894227078","4.08478804167324","4.03961786614441","3.99457403490281","3.95361211066661","3.91387687874462","3.86993403786067","3.81978836782229","3.76674217979194","3.71326133984063","3.66014035359483","3.60868510641684","3.56075166298196","3.51721646007608","3.47913072756542","3.44683852714981","3.42073907719006","3.40156224762374","3.38713417667533","3.37109940484406","3.33942027739693","3.31228560844222","3.32674576318908","3.36502090903991","3.40652186554427","3.46275839111434","3.51564433150361","3.53453427627465","3.53516987660551","3.539785992401","3.54700123097492","3.5564128167094","3.56988381753081","3.58874126572695","3.60983231794897","3.6323826519395","3.65357524286046","3.67264756304108","3.69443052392534","3.72169139119444","3.75682220543508","3.80073065678614","3.85567316003057","3.92134100088856","3.99615263507452","4.07895282573342","4.16798013972806","4.26284167148497","4.35790201466047","4.44751388109335","4.52840234308112","4.5977976944848","4.65154921353103","4.69403579480618","4.73734809655213","4.78593374276358","4.8395243162499",
"Zimbabwe","ZWE","Population âgée de 40 à 44 ans, femmes (% de la population féminine)","SP.POP.4044.FE.5Y","4.42934903966291","4.34996495310356","4.21170036663513","4.05137223403641","3.9232537388308","3.84393644152539","3.80773227351123","3.81686184584438","3.84793230986264","3.86296428624249","3.83689737017638","3.77714689119592","3.69763931168287","3.60743006777741","3.52315338660673","3.44519041433491","3.36594703406139","3.26083787863716","3.09617387441297","2.95600431101515","3.09321256927769","3.27640696618172","3.32403580540558","3.37089859316698","3.39499412735811","3.41141708277195","3.41991994068906","3.38636583204634","3.31443300068572","3.36051682274108","3.53114323893827","3.70999856677141","3.78449284194449","3.87077136981286","3.96402973485279","3.92256704760302","3.83858957880542","3.73006886979199","3.60315632030322","3.46454413282976","3.32384151742419","3.17898285440621","3.03692215529424","2.90489712211855","2.79125432982536","2.71791721744236","2.69949710634408","2.73765684654752","2.82758332435066","2.96147494106007","3.12649771898732","3.3142999440367","3.51264575805443","3.72531743982132","3.95546301636674","4.21613931131285","4.50428362831735","4.79813398739961","5.0945501070239","5.37713011910736","5.6197966222554","5.85607728569968","6.07320094764761","6.23631991446617","6.37368637255258",
